player_id,player_name,team,pos,GP,version,metric,fo_zone,won_raw,lost_raw,gap_won_minus_lost,won_shifts,lost_shifts,won_total_sec,lost_total_sec,qualifies,dt_won_emit,dt_lost_emit
8479718,Alex Barré-Boulet,COL,C,40,V1,DZI,D,0.29182,0.15479,0.13703,36,31,1100.0,898.0,0,14,15
8479550,Tanner Laczynski,VGK,C,51,V1,DZI,D,0.25428,0.16465,0.08963,53,56,1636.0,1573.0,1,97,104
8481543,Nikita Alexandrov,STL,C,51,V1,DZI,D,0.27253,0.18946,0.08307,28,50,932.0,1404.0,0,89,148
8484149,Gavin Brindley,COL,C,57,V1,DZI,D,0.24069,0.18401,0.05668,60,73,1907.0,2152.0,1,12,14
8480021,Jack Studnicka,FLA,C,89,V1,DZI,D,0.20386,0.14743,0.05643,119,132,3522.0,3717.0,1,146,192
8483432,Luca Del Bel Belluz,CBJ,C,30,V1,DZI,D,0.18313,0.14863,0.0345,36,60,1043.0,1857.0,0,89,124
8482634,Alex Steeves,BOS,C,54,V1,DZI,D,0.20519,0.17265,0.03253,83,73,2622.0,2172.0,1,2,4
8483752,Dominic James,TBL,C,43,V1,DZI,D,0.21806,0.18627,0.0318,48,49,1550.0,1573.0,0,127,135
8480259,Ben Jones,MIN,C,54,V1,DZI,D,0.21295,0.18169,0.03126,67,99,2085.0,2928.0,1,77,76
8471669,Paul Stastny,CAR,C,73,V1,DZI,D,0.19248,0.16895,0.02353,102,96,2525.0,2847.0,1,235,175
8480078,Filip Chytil,VAN,C,152,V1,DZI,D,0.22966,0.20973,0.01994,170,215,6405.0,6580.0,1,519,688
8474613,Derek Stepan,CAR,C,73,V1,DZI,D,0.18796,0.16822,0.01974,93,79,2192.0,2039.0,1,197,160
8476919,Chris Tierney,NJD,C,88,V1,DZI,D,0.20623,0.18821,0.01802,113,89,3564.0,2561.0,1,191,179
8482703,Colton Dach,EDM,C,85,V1,DZI,D,0.17638,0.16166,0.01472,105,130,3362.0,4293.0,1,28,45
8477126,Jayson Megna,BOS,C,56,V1,DZI,D,0.24036,0.22614,0.01421,100,78,3008.0,2578.0,1,132,116
8478051,Max Willman,NJD,C,27,V1,DZI,D,0.2589,0.24573,0.01317,34,32,1039.0,879.0,0,2,7
8479991,Jake Leschyshyn,NYR,C,36,V1,DZI,D,0.21092,0.19836,0.01256,34,42,934.0,1099.0,0,110,113
8483505,Matthew Poitras,BOS,C,69,V1,DZI,D,0.17185,0.15932,0.01253,81,72,2444.0,1996.0,1,160,212
8482153,Brendan Brisson,NYR,C,27,V1,DZI,D,0.25,0.23902,0.01098,34,33,1164.0,979.0,0,4,4
8482148,Hendrix Lapierre,WSH,C,152,V1,DZI,D,0.25376,0.24331,0.01044,101,139,3460.0,4636.0,1,260,402
8477070,Liam O'Brien,UTA,C,196,V1,DZI,D,0.21038,0.20028,0.0101,282,318,8404.0,8713.0,1,16,38
8483676,Stephen Halliday,OTT,C,30,V1,DZI,D,0.21648,0.20963,0.00685,23,19,716.0,353.0,0,23,38
8478146,Matthew Highmore,OTT,C,50,V1,DZI,D,0.18932,0.18267,0.00665,63,45,1854.0,1062.0,0,7,15
8478043,Sam Lafferty,CHI,C,238,V1,DZI,D,0.19347,0.18853,0.00494,344,355,10291.0,10879.0,1,415,450
8481491,Noah Philp,CAR,C,32,V1,DZI,D,0.22307,0.21815,0.00492,44,38,1309.0,1036.0,0,102,102
8483493,Frank Nazar,CHI,C,122,V1,DZI,D,0.19529,0.19309,0.0022,237,245,7650.0,7732.0,1,432,500
8474870,Tyler Johnson,BOS,C,132,V1,DZI,D,0.1934,0.19222,0.00118,265,260,8640.0,7866.0,1,165,197
8470638,Patrice Bergeron,BOS,C,78,V1,DZI,D,0.17575,0.17473,0.00102,231,129,6145.0,3182.0,1,665,398
8482665,Matty Beniers,SEA,C,320,V1,DZI,D,0.2065,0.20592,0.00058,629,676,21361.0,21455.0,1,1724,1996
8478967,Lane Pederson,PHI,C,32,V1,DZI,D,0.22797,0.2286,-0.00063,48,50,1623.0,1811.0,0,82,77
8475760,Nick Bjugstad,NJD,C,281,V1,DZI,D,0.18796,0.18922,-0.00126,583,584,17568.0,16531.0,1,1190,1220
8480011,Klim Kostin,SJS,C,144,V1,DZI,D,0.18974,0.19164,-0.00191,201,230,6430.0,6606.0,1,13,22
8482859,Zack Ostapchuk,SJS,C,121,V1,DZI,D,0.18722,0.1897,-0.00248,161,146,4412.0,4117.0,1,343,346
8482093,Seth Jarvis,CAR,C,307,V1,DZI,D,0.22629,0.22938,-0.00309,529,550,16890.0,16388.0,1,124,178
8482745,Mason McTavish,ANA,C,294,V1,DZI,D,0.21267,0.21636,-0.0037,522,617,17271.0,18834.0,1,1316,1413
8479365,Trent Frederic,EDM,C,292,V1,DZI,D,0.22037,0.2244,-0.00404,518,440,15860.0,12981.0,1,304,361
8477933,Sam Reinhart,FLA,C,307,V1,DZI,D,0.23196,0.23628,-0.00433,661,622,21892.0,18317.0,1,429,507
8476994,Vinnie Hinostroza,FLA,C,143,V1,DZI,D,0.20843,0.21284,-0.00441,228,247,7307.0,7616.0,1,31,43
8478904,Steven Lorentz,TOR,C,269,V1,DZI,D,0.19003,0.19451,-0.00447,402,376,12182.0,11393.0,1,349,378
8480851,Akil Thomas,LAK,C,32,V1,DZI,D,0.19516,0.2,-0.00484,43,49,1404.0,1325.0,0,21,28
8477492,Nathan MacKinnon,COL,C,312,V1,DZI,D,0.2399,0.24489,-0.00499,655,699,20921.0,20246.0,1,2107,2371
8476329,Travis Boyd,MIN,C,101,V1,DZI,D,0.15252,0.15918,-0.00666,179,223,5606.0,6207.0,1,407,514
8479316,Luke Kunin,FLA,C,246,V1,DZI,D,0.19976,0.20768,-0.00792,462,438,13246.0,13285.0,1,491,517
8477380,Jonny Brodzinski,NYR,C,180,V1,DZI,D,0.19673,0.20495,-0.00821,293,260,8758.0,7802.0,1,307,303
8479944,Zachary Aston-Reese,CBJ,C,186,V1,DZI,D,0.18954,0.19827,-0.00874,317,341,9613.0,10062.0,1,13,28
8475793,Ryan Johansen,COL,C,118,V1,DZI,D,0.19673,0.2058,-0.00907,250,180,7696.0,5034.0,1,665,518
8482702,Logan Stankoven,CAR,C,183,V1,DZI,D,0.21202,0.22145,-0.00943,306,297,9782.0,8458.0,1,443,538
8477996,Juho Lammikko,NJD,C,24,V1,DZI,D,0.23865,0.24811,-0.00946,24,32,771.0,927.0,0,53,54
8476867,Brendan Gaunce,CBJ,C,66,V1,DZI,D,0.23532,0.24533,-0.01001,123,117,3918.0,3534.0,1,246,200
8483489,Fraser Minten,BOS,C,107,V1,DZI,D,0.20212,0.21323,-0.0111,157,160,4898.0,4793.0,1,445,459
8484136,Max Sasson,VAN,C,95,V1,DZI,D,0.23038,0.24203,-0.01165,93,97,2765.0,2541.0,1,158,216
8479022,Rodrigo Abols,PHI,C,64,V1,DZI,D,0.19482,0.20904,-0.01422,81,63,2587.0,1880.0,1,216,186
8476468,J.T. Miller,NYR,C,302,V1,DZI,D,0.17506,0.1893,-0.01424,816,581,22329.0,16175.0,1,1731,1264
8481237,Kyle MacLean,NYI,C,172,V1,DZI,D,0.24842,0.26296,-0.01455,218,218,6944.0,5940.0,1,403,450
8478409,Anthony Richard,PHI,C,38,V1,DZI,D,0.18079,0.19536,-0.01456,54,45,1864.0,1464.0,0,1,6
8477987,Ryan Donato,CHI,C,311,V1,DZI,D,0.18121,0.19595,-0.01474,472,574,16257.0,17877.0,1,449,566
8478427,Sebastian Aho,CAR,C,311,V1,DZI,D,0.20959,0.22481,-0.01522,504,533,15406.0,16107.0,1,1676,1586
8482113,Anton Lundell,FLA,C,294,V1,DZI,D,0.21048,0.22634,-0.01586,532,487,16519.0,14425.0,1,1420,1308
8480185,Eetu Luostarinen,FLA,C,317,V1,DZI,D,0.21735,0.23412,-0.01677,572,525,18629.0,16261.0,1,346,411
8476448,William Karlsson,VGK,C,220,V1,DZI,D,0.21331,0.23051,-0.0172,477,346,15222.0,11097.0,1,1299,983
8475754,Brock Nelson,COL,C,324,V1,DZI,D,0.21064,0.22845,-0.01781,658,641,20547.0,19593.0,1,1753,1825
8485402,Michael Misa,SJS,C,44,V1,DZI,D,0.22156,0.23963,-0.01808,73,68,2171.0,2074.0,1,155,176
8477409,Carter Verhaeghe,FLA,C,315,V1,DZI,D,0.22619,0.24436,-0.01818,577,632,19201.0,19385.0,1,89,129
8475714,Calle Jarnkrok,TOR,C,200,V1,DZI,D,0.20492,0.22319,-0.01827,386,337,11863.0,10574.0,1,80,87
8481019,David Gustafsson,WPG,C,121,V1,DZI,D,0.1733,0.19171,-0.01841,186,148,4974.0,4152.0,1,280,251
8478569,Noel Acciari,PIT,C,278,V1,DZI,D,0.20573,0.22539,-0.01966,815,668,25145.0,19668.0,1,936,754
8476460,Mark Scheifele,WPG,C,318,V1,DZI,D,0.21689,0.23719,-0.0203,565,615,20236.0,21396.0,1,1850,2023
8479346,Dillon Dube,CGY,C,125,V1,DZI,D,0.20284,0.22413,-0.02129,193,153,5704.0,4435.0,1,40,47
8480039,Martin Necas,COL,C,316,V1,DZI,D,0.21426,0.2356,-0.02134,551,548,16807.0,16944.0,1,235,330
8483524,Shane Wright,SEA,C,168,V1,DZI,D,0.19171,0.21322,-0.02151,221,228,6781.0,6899.0,1,560,762
8475151,Kyle Palmieri,NYI,C,244,V1,DZI,D,0.20548,0.22753,-0.02205,461,445,14478.0,14341.0,1,31,52
8477021,Alexander Kerfoot,UTA,C,278,V1,DZI,D,0.2061,0.22835,-0.02225,563,484,18098.0,13948.0,1,617,583
8478843,Denis Malgin,COL,C,65,V1,DZI,D,0.19091,0.2132,-0.02229,92,88,2949.0,2636.0,1,4,6
8475745,Charlie Coyle,CBJ,C,329,V1,DZI,D,0.20428,0.22668,-0.02241,931,763,26807.0,21559.0,1,1703,1562
8480806,Isac Lundeström,CBJ,C,254,V1,DZI,D,0.16204,0.18461,-0.02256,498,549,14712.0,16776.0,1,801,831
8479353,Brett Howden,VGK,C,265,V1,DZI,D,0.23523,0.25794,-0.02271,513,435,16167.0,12972.0,1,725,693
8475231,Casey Cizikas,NYI,C,314,V1,DZI,D,0.20977,0.23266,-0.02289,701,584,20060.0,16174.0,1,1340,1072
8479591,Michael Eyssimont,BOS,C,268,V1,DZI,D,0.19682,0.22017,-0.02335,428,402,13728.0,11936.0,1,25,42
8477952,Robby Fabbri,MIN,C,161,V1,DZI,D,0.19958,0.22311,-0.02353,283,321,9420.0,10645.0,1,84,104
8471215,Evgeni Malkin,PIT,C,288,V1,DZI,D,0.19693,0.22055,-0.02363,382,357,12294.0,10841.0,1,1131,1245
8479675,Trevor Moore,LAK,C,280,V1,DZI,D,0.21439,0.23806,-0.02367,609,549,20323.0,17101.0,1,23,68
8481522,Peyton Krebs,BUF,C,317,V1,DZI,D,0.20402,0.22773,-0.02371,573,618,17400.0,18895.0,1,938,1076
8483431,Logan Cooley,UTA,C,210,V1,DZI,D,0.21854,0.24267,-0.02412,329,381,10666.0,11831.0,1,716,1004
8480074,Alexandre Texier,MTL,C,160,V1,DZI,D,0.1978,0.22208,-0.02428,274,278,8448.0,8497.0,1,6,19
8480853,Liam Foudy,NYI,C,78,V1,DZI,D,0.22017,0.24448,-0.02432,117,137,4106.0,4397.0,1,2,5
8484800,Berkly Catton,SEA,C,65,V1,DZI,D,0.19278,0.21752,-0.02474,57,64,1717.0,1678.0,1,60,79
8477887,Patrick Brown,BOS,C,87,V1,DZI,D,0.18346,0.2089,-0.02544,181,186,5053.0,5103.0,1,179,170
8476454,Ryan Nugent-Hopkins,EDM,C,311,V1,DZI,D,0.20765,0.23325,-0.02559,604,608,20067.0,19087.0,1,801,835
8470595,Eric Staal,FLA,C,72,V1,DZI,D,0.18483,0.21076,-0.02593,133,138,4047.0,4014.0,1,278,284
8475170,Brayden Schenn,NYI,C,326,V1,DZI,D,0.21058,0.23663,-0.02605,679,746,21745.0,21422.0,1,1526,1545
8477989,Christian Dvorak,PHI,C,256,V1,DZI,D,0.18129,0.2075,-0.02621,673,502,18892.0,14347.0,1,1440,1175
8474641,Adam Henrique,EDM,C,289,V1,DZI,D,0.19301,0.2193,-0.02629,648,543,19947.0,16147.0,1,1156,921
8483930,Ivan Ivan,COL,C,49,V1,DZI,D,0.18393,0.21055,-0.02662,52,67,1680.0,1952.0,1,62,92
8478542,Evan Rodrigues,FLA,C,300,V1,DZI,D,0.20745,0.23422,-0.02677,564,549,17426.0,16092.0,1,519,542
8476374,Sean Kuraly,BOS,C,297,V1,DZI,D,0.21243,0.23926,-0.02683,682,623,20619.0,19151.0,1,1189,1134
8478519,Anthony Cirelli,TBL,C,288,V1,DZI,D,0.21255,0.2394,-0.02685,729,626,23928.0,19561.0,1,1488,1449
8481528,Dylan Cozens,OTT,C,324,V1,DZI,D,0.19063,0.2179,-0.02726,637,574,19771.0,17600.0,1,1570,1549
8476458,Ryan Strome,CGY,C,294,V1,DZI,D,0.18869,0.21598,-0.0273,537,657,17749.0,20159.0,1,1061,1396
8481533,Trevor Zegras,PHI,C,250,V1,DZI,D,0.20328,0.23129,-0.028,346,430,12726.0,15029.0,1,431,695
8484164,Dalibor Dvorsky,STL,C,72,V1,DZI,D,0.18952,0.21782,-0.0283,88,118,2844.0,3434.0,1,296,343
8482705,Cole Sillinger,CBJ,C,288,V1,DZI,D,0.2057,0.23417,-0.02847,529,578,17015.0,18555.0,1,943,1110
8477935,Sam Bennett,FLA,C,284,V1,DZI,D,0.20918,0.23827,-0.02908,462,561,13830.0,15340.0,1,1472,1713
8482947,Zakhar Bardakov,COL,C,59,V1,DZI,D,0.20119,0.23085,-0.02966,48,61,1511.0,1932.0,0,72,97
8480012,Elias Pettersson,VAN,C,299,V1,DZI,D,0.20536,0.23526,-0.02991,605,609,19196.0,17980.0,1,1498,1721
8482145,Mavrik Bourque,DAL,C,156,V1,DZI,D,0.16679,0.1971,-0.03031,296,257,9653.0,7235.0,1,249,282
8476873,Mark Jankowski,CAR,C,210,V1,DZI,D,0.20237,0.23269,-0.03032,347,302,10031.0,8247.0,1,723,636
8482201,Gage Goncalves,TBL,C,136,V1,DZI,D,0.18453,0.21498,-0.03045,166,203,5495.0,6061.0,1,10,17
8477508,Curtis Lazar,EDM,C,212,V1,DZI,D,0.18831,0.21912,-0.03081,433,312,12474.0,9109.0,1,588,516
8478891,Mason Appleton,DET,C,259,V1,DZI,D,0.20568,0.23653,-0.03084,593,571,19141.0,18721.0,1,22,39
8476479,Phillip Danault,MTL,C,315,V1,DZI,D,0.2189,0.25027,-0.03137,700,621,22567.0,19279.0,1,1867,1596
8475768,Jaden Schwartz,SEA,C,264,V1,DZI,D,0.18452,0.21622,-0.0317,548,593,18020.0,18273.0,1,91,103
8475842,Sam Carrick,BUF,C,282,V1,DZI,D,0.16431,0.1968,-0.03249,597,490,16889.0,14248.0,1,1043,898
8481618,Alex Newhook,MTL,C,261,V1,DZI,D,0.185,0.21768,-0.03268,417,413,13557.0,13024.0,1,684,884
8481147,Reese Johnson,MIN,C,102,V1,DZI,D,0.18853,0.22154,-0.033,117,150,3331.0,4690.0,1,132,105
8476278,Colin Blackwell,DAL,C,230,V1,DZI,D,0.17032,0.20386,-0.03354,379,369,11948.0,10929.0,1,225,232
8483553,Marc Gatcomb,NYI,C,88,V1,DZI,D,0.23048,0.26408,-0.0336,107,96,3510.0,2681.0,1,6,10
8477846,Ryan Carpenter,SJS,C,84,V1,DZI,D,0.17954,0.21315,-0.03361,104,111,3197.0,2904.0,1,256,259
8478512,Austin Czarnik,DET,C,63,V1,DZI,D,0.1436,0.1775,-0.0339,75,85,2103.0,2276.0,1,163,190
8482896,Tyson Kozak,BUF,C,67,V1,DZI,D,0.17481,0.20888,-0.03407,118,144,3501.0,3739.0,1,222,243
8478458,Jack Roslovic,EDM,C,285,V1,DZI,D,0.19244,0.22654,-0.0341,485,432,16062.0,13459.0,1,648,680
8478424,Jansen Harkins,ANA,C,173,V1,DZI,D,0.19967,0.23387,-0.0342,308,277,9661.0,8398.0,1,167,168
8482751,Ryan Winterton,SEA,C,88,V1,DZI,D,0.2197,0.25437,-0.03467,139,142,4670.0,3943.0,1,1,6
8480252,Cole Guttman,CHI,C,41,V1,DZI,D,0.19085,0.22557,-0.03472,53,83,1661.0,2722.0,1,139,130
8482496,Nils Aman,VAN,C,132,V1,DZI,D,0.15961,0.19447,-0.03486,161,182,4937.0,5065.0,1,264,393
8479385,Jordan Kyrou,STL,C,314,V1,DZI,D,0.20943,0.24436,-0.03493,524,554,17624.0,16545.0,1,13,33
8483570,Ben Meyers,SEA,C,121,V1,DZI,D,0.21926,0.2542,-0.03494,183,174,5993.0,5063.0,1,318,288
8478402,Connor McDavid,EDM,C,306,V1,DZI,D,0.23383,0.26879,-0.03495,594,576,20275.0,19402.0,1,1578,1567
8474189,Lars Eller,OTT,C,314,V1,DZI,D,0.19677,0.23203,-0.03526,741,639,21263.0,18308.0,1,1452,1270
8482092,Ridly Greig,OTT,C,247,V1,DZI,D,0.17611,0.21148,-0.03536,598,500,16620.0,13699.0,1,567,581
8477493,Aleksander Barkov,FLA,C,208,V1,DZI,D,0.21446,0.25033,-0.03587,479,423,15658.0,12747.0,1,1190,978
8482133,Thomas Bordeleau,SJS,C,36,V1,DZI,D,0.14842,0.18455,-0.03613,84,75,2466.0,2265.0,1,40,35
8479335,Rasmus Asplund,FLA,C,52,V1,DZI,D,0.16393,0.20121,-0.03727,79,105,2562.0,3479.0,1,26,34
8473533,Jordan Staal,CAR,C,311,V1,DZI,D,0.21653,0.25392,-0.03739,814,634,23101.0,18494.0,1,2356,1772
8478445,Mathew Barzal,NYI,C,249,V1,DZI,D,0.22789,0.26555,-0.03766,398,400,13252.0,12672.0,1,353,551
8477429,Andrew Copp,DET,C,296,V1,DZI,D,0.19152,0.22932,-0.0378,671,610,21021.0,18629.0,1,1631,1464
8477946,Dylan Larkin,DET,C,304,V1,DZI,D,0.17897,0.21708,-0.03811,737,674,23272.0,20882.0,1,1988,1773
8480848,Ty Dellandrea,SJS,C,238,V1,DZI,D,0.18929,0.2277,-0.03841,439,392,13440.0,11647.0,1,531,507
8477406,Mattias Janmark,EDM,C,260,V1,DZI,D,0.1941,0.2325,-0.03841,465,392,15343.0,12572.0,1,148,199
8480835,Jack Drury,COL,C,265,V1,DZI,D,0.20019,0.23885,-0.03867,454,358,12878.0,10475.0,1,1176,859
8481656,Aliaksei Protas,WSH,C,288,V1,DZI,D,0.20019,0.23912,-0.03892,577,590,19741.0,18673.0,1,74,102
8482124,Quinton Byfield,LAK,C,292,V1,DZI,D,0.19693,0.23624,-0.03932,643,631,20510.0,19391.0,1,846,982
8479370,Tyson Jost,NSH,C,221,V1,DZI,D,0.18837,0.22772,-0.03934,315,350,9529.0,10535.0,1,336,456
8482177,Marat Khusnutdinov,BOS,C,168,V1,DZI,D,0.1744,0.21386,-0.03946,252,292,7655.0,9221.0,1,257,307
8478874,Adam Gaudette,SJS,C,149,V1,DZI,D,0.19181,0.2313,-0.03949,199,186,5688.0,5093.0,1,279,298
8482110,Dawson Mercer,NJD,C,328,V1,DZI,D,0.18882,0.22856,-0.03974,722,657,23318.0,20279.0,1,348,491
8476459,Mika Zibanejad,NYR,C,326,V1,DZI,D,0.17962,0.21944,-0.03982,751,673,22124.0,20256.0,1,1853,1725
8479415,Michael McLeod,NJD,C,125,V1,DZI,D,0.20427,0.24413,-0.03986,394,230,10403.0,6599.0,1,796,471
8475166,John Tavares,TOR,C,317,V1,DZI,D,0.19652,0.2364,-0.03988,793,583,24776.0,18215.0,1,2267,1617
8479987,Morgan Geekie,BOS,C,303,V1,DZI,D,0.20491,0.24498,-0.04008,519,524,15851.0,15952.0,1,713,821
8482460,Matt Rempe,NYR,C,85,V1,DZI,D,0.15092,0.19122,-0.0403,104,73,2942.0,2050.0,1,8,18
8480002,Nico Hischier,NJD,C,309,V1,DZI,D,0.18821,0.22869,-0.04047,942,705,28202.0,20294.0,1,2521,2074
8482691,Aatu Räty,VAN,C,113,V1,DZI,D,0.1632,0.20383,-0.04063,247,167,6342.0,4332.0,1,577,407
8478400,Colin White,SJS,C,99,V1,DZI,D,0.19944,0.24016,-0.04072,123,127,3560.0,3531.0,1,123,185
8480901,Karson Kuhlman,WPG,C,47,V1,DZI,D,0.1872,0.22794,-0.04074,64,68,1875.0,1961.0,1,0,5
8480023,Robert Thomas,STL,C,288,V1,DZI,D,0.2055,0.24652,-0.04101,683,643,22209.0,20019.0,1,1950,1741
8482259,Bobby McMann,SEA,C,217,V1,DZI,D,0.18618,0.22758,-0.0414,487,370,16135.0,11372.0,1,15,24
8475744,Evgeny Kuznetsov,CAR,C,144,V1,DZI,D,0.19586,0.23736,-0.04151,206,213,6709.0,6568.0,1,678,794
8477497,Sean Monahan,CBJ,C,240,V1,DZI,D,0.1956,0.23746,-0.04186,590,522,17459.0,14891.0,1,1490,1284
8478438,Tommy Novak,PIT,C,258,V1,DZI,D,0.21242,0.25449,-0.04207,223,302,7005.0,8900.0,1,618,847
8484471,Emmitt Finnie,DET,C,82,V1,DZI,D,0.18748,0.2298,-0.04232,181,159,5542.0,5061.0,1,42,42
8471685,Anze Kopitar,LAK,C,310,V1,DZI,D,0.21034,0.25294,-0.0426,773,602,24940.0,18953.0,1,2240,1747
8474150,Mikael Backlund,CGY,C,321,V1,DZI,D,0.19791,0.24063,-0.04272,918,911,29448.0,26967.0,1,2138,2047
8473548,Phil Kessel,VGK,C,82,V1,DZI,D,0.16646,0.20981,-0.04335,118,120,4055.0,3446.0,1,5,7
8476419,Jean-Gabriel Pageau,NYI,C,305,V1,DZI,D,0.16846,0.2123,-0.04384,881,640,24813.0,17169.0,1,1852,1324
8474564,Steven Stamkos,NSH,C,323,V1,DZI,D,0.21898,0.26324,-0.04426,691,581,21449.0,17592.0,1,1159,988
8480326,Sheldon Dries,DET,C,68,V1,DZI,D,0.12872,0.17303,-0.04431,103,82,2820.0,2017.0,1,201,211
8481523,Kirby Dach,MTL,C,154,V1,DZI,D,0.21107,0.25542,-0.04435,232,240,8187.0,7846.0,1,211,325
8477960,Adrian Kempe,LAK,C,320,V1,DZI,D,0.20612,0.2505,-0.04438,763,612,25126.0,19038.0,1,57,106
8476826,Yanni Gourde,TBL,C,300,V1,DZI,D,0.22697,0.27165,-0.04468,586,633,19434.0,20232.0,1,1426,1514
8476393,Nick Cousins,OTT,C,279,V1,DZI,D,0.1944,0.23927,-0.04487,428,386,13179.0,11159.0,1,99,105
8481422,Jake Lucchini,NSH,C,54,V1,DZI,D,0.22711,0.27208,-0.04497,61,59,1933.0,1687.0,1,44,56
8474053,Logan Couture,SJS,C,88,V1,DZI,D,0.18665,0.2317,-0.04505,208,229,5588.0,6530.0,1,552,564
8476952,Dominic Toninato,CHI,C,33,V1,DZI,D,0.17185,0.21705,-0.04521,39,35,1094.0,1032.0,0,82,81
8475794,Tyler Seguin,DAL,C,191,V1,DZI,D,0.18921,0.23446,-0.04525,417,354,12304.0,10296.0,1,813,654
8477503,Max Domi,TOR,C,314,V1,DZI,D,0.17052,0.21593,-0.04541,585,501,17986.0,14426.0,1,1064,998
8478133,Jake Evans,MTL,C,286,V1,DZI,D,0.19972,0.24515,-0.04543,752,575,22046.0,17059.0,1,1430,1183
8476881,Tomas Hertl,VGK,C,289,V1,DZI,D,0.19283,0.23899,-0.04616,609,558,20241.0,17005.0,1,1875,1487
8480813,Joe Veleno,MTL,C,296,V1,DZI,D,0.19558,0.24179,-0.04621,483,478,15891.0,14678.0,1,844,953
8480008,Adam Ruzicka,UTA,C,86,V1,DZI,D,0.14804,0.19429,-0.04625,105,105,3141.0,2661.0,1,158,178
8478010,Brayden Point,TBL,C,303,V1,DZI,D,0.18863,0.23496,-0.04633,527,557,18269.0,16024.0,1,1157,1291
8475158,Ryan O'Reilly,NSH,C,294,V1,DZI,D,0.18826,0.23465,-0.04639,707,566,20860.0,17622.0,1,1954,1529
8470794,Joe Pavelski,DAL,C,164,V1,DZI,D,0.16771,0.21417,-0.04646,386,310,11806.0,8456.0,1,586,536
8485512,Tim Washe,ANA,C,40,V1,DZI,D,0.18578,0.23233,-0.04654,93,80,2659.0,2518.0,1,196,124
8471699,Andrew Cogliano,COL,C,154,V1,DZI,D,0.17876,0.22532,-0.04656,249,273,7222.0,7749.0,1,36,53
8476913,Devin Shore,MIN,C,123,V1,DZI,D,0.19259,0.23929,-0.0467,141,151,4372.0,4108.0,1,155,155
8470604,Jeff Carter,PIT,C,151,V1,DZI,D,0.17636,0.22308,-0.04672,499,324,13200.0,8629.0,1,584,366
8476905,Chandler Stephenson,SEA,C,313,V1,DZI,D,0.19824,0.24499,-0.04675,847,810,27941.0,24654.0,1,1890,1662
8482768,Fedor Svechkov,NSH,C,121,V1,DZI,D,0.16737,0.21442,-0.04704,117,158,3298.0,4412.0,1,339,502
8484230,Otto Stenberg,STL,C,32,V1,DZI,D,0.19162,0.23878,-0.04715,54,72,1576.0,1960.0,1,4,7
8479393,Noah Gregor,FLA,C,209,V1,DZI,D,0.17767,0.22519,-0.04752,355,315,10615.0,8597.0,1,41,49
8479525,Ross Colton,COL,C,294,V1,DZI,D,0.20818,0.2562,-0.04802,557,552,16476.0,16409.0,1,549,511
8484153,Leo Carlsson,ANA,C,200,V1,DZI,D,0.18123,0.22973,-0.0485,284,393,9507.0,12014.0,1,774,1101
8481532,Alex Turcotte,LAK,C,154,V1,DZI,D,0.19026,0.23906,-0.0488,235,195,7369.0,5643.0,1,320,306
8481556,John Beecher,CGY,C,165,V1,DZI,D,0.16652,0.21538,-0.04886,407,364,11014.0,9156.0,1,529,471
8477450,Jason Dickinson,EDM,C,283,V1,DZI,D,0.17684,0.22585,-0.04901,737,663,22551.0,20186.0,1,1456,1426
8480355,Mark Kastelic,BOS,C,271,V1,DZI,D,0.18617,0.23554,-0.04937,590,447,15572.0,12291.0,1,880,652
8477496,Elias Lindholm,BOS,C,306,V1,DZI,D,0.17642,0.22605,-0.04963,807,598,22243.0,17001.0,1,2111,1633
8476822,Luke Glendening,PHI,C,298,V1,DZI,D,0.16986,0.21969,-0.04983,711,484,17438.0,12281.0,1,1326,962
8478462,Nicolas Roy,COL,C,279,V1,DZI,D,0.21145,0.26146,-0.05,592,538,19314.0,16737.0,1,1214,1259
8480798,Philipp Kurashev,SJS,C,238,V1,DZI,D,0.16602,0.21604,-0.05002,445,487,14691.0,15224.0,1,250,295
8476389,Vincent Trocheck,NYR,C,313,V1,DZI,D,0.1902,0.24028,-0.05008,778,558,21582.0,15873.0,1,2108,1575
8480870,Bo Groulx,TOR,C,60,V1,DZI,D,0.22525,0.27538,-0.05012,96,121,2859.0,3842.0,1,146,186
8478440,Dylan Strome,WSH,C,325,V1,DZI,D,0.18593,0.23612,-0.0502,450,366,14565.0,11278.0,1,1916,1775
8480144,David Kampf,WSH,C,259,V1,DZI,D,0.18797,0.2385,-0.05053,585,494,17779.0,14939.0,1,1198,1008
8480014,Gabriel Vilardi,WPG,C,262,V1,DZI,D,0.20749,0.25805,-0.05056,404,392,14449.0,12955.0,1,138,168
8476392,Adam Lowry,WPG,C,305,V1,DZI,D,0.17841,0.22987,-0.05146,786,784,23115.0,23291.0,1,1908,1698
8483464,Marco Kasper,DET,C,159,V1,DZI,D,0.20711,0.25866,-0.05155,278,328,8609.0,10079.0,1,472,510
8480849,Barrett Hayton,UTA,C,264,V1,DZI,D,0.17255,0.2244,-0.05185,569,555,16778.0,15869.0,1,1356,1283
8479996,Cody Glass,NJD,C,248,V1,DZI,D,0.17692,0.22887,-0.05195,459,409,14080.0,12256.0,1,1037,959
8477951,Nick Schmaltz,UTA,C,305,V1,DZI,D,0.18865,0.2408,-0.05215,600,634,19905.0,20262.0,1,606,754
8477500,Bo Horvat,NYI,C,309,V1,DZI,D,0.18991,0.24212,-0.05221,738,591,21921.0,17863.0,1,2122,1686
8476624,Barclay Goodrow,SJS,C,321,V1,DZI,D,0.18177,0.23446,-0.05269,678,626,19503.0,18033.0,1,599,574
8477919,Frederick Gaudreau,SEA,C,298,V1,DZI,D,0.19553,0.24842,-0.05289,667,633,21470.0,19560.0,1,1192,1279
8478020,Michael Amadio,OTT,C,293,V1,DZI,D,0.19314,0.24606,-0.05293,647,563,21016.0,17914.0,1,149,145
8485414,Ben Kindel,PIT,C,77,V1,DZI,D,0.216,0.2693,-0.05329,82,122,2537.0,3498.0,1,232,326
8482149,Cole Perfetti,WPG,C,271,V1,DZI,D,0.1951,0.24849,-0.0534,353,326,11825.0,10793.0,1,50,104
8478057,Dakota Joshua,TOR,C,254,V1,DZI,D,0.18558,0.23966,-0.05408,507,465,14937.0,12964.0,1,76,77
8480459,Pius Suter,STL,C,290,V1,DZI,D,0.16486,0.21919,-0.05433,529,563,15631.0,16725.0,1,848,981
8478585,Derek Ryan,EDM,C,186,V1,DZI,D,0.19906,0.25346,-0.0544,332,284,8977.0,7433.0,1,465,347
8480845,Rasmus Kupari,WPG,C,153,V1,DZI,D,0.18638,0.24137,-0.05499,214,183,5961.0,5096.0,1,487,441
8482623,Josh Dunne,BUF,C,44,V1,DZI,D,0.20357,0.25931,-0.05575,64,70,2019.0,2121.0,1,89,81
8480289,Morgan Barron,WPG,C,289,V1,DZI,D,0.2017,0.25752,-0.05581,460,433,14457.0,12706.0,1,335,348
8473563,Nicklas Backstrom,WSH,C,47,V1,DZI,D,0.17071,0.2267,-0.05599,70,104,2349.0,2801.0,1,274,259
8479351,Sam Steel,DAL,C,294,V1,DZI,D,0.19452,0.25061,-0.05608,497,451,15998.0,14042.0,1,628,598
8482660,Kent Johnson,CBJ,C,265,V1,DZI,D,0.17787,0.2346,-0.05672,400,424,13521.0,13551.0,1,43,108
8479772,Zack MacEwen,NJD,C,110,V1,DZI,D,0.18176,0.23855,-0.05679,113,126,3279.0,3471.0,1,40,34
8476456,Jonathan Huberdeau,CGY,C,291,V1,DZI,D,0.17236,0.22917,-0.0568,522,532,15305.0,15347.0,1,31,51
8475413,Justin Dowling,NYR,C,56,V1,DZI,D,0.17544,0.23229,-0.05685,57,62,1767.0,1666.0,1,157,171
8474683,Derek Grant,ANA,C,46,V1,DZI,D,0.15194,0.20896,-0.05702,146,142,4436.0,4489.0,1,172,131
8476539,Jonathan Marchessault,NSH,C,298,V1,DZI,D,0.18526,0.24282,-0.05756,557,553,17764.0,17317.0,1,56,119
8480855,Jack McBain,UTA,C,306,V1,DZI,D,0.1904,0.24826,-0.05785,562,563,15756.0,15343.0,1,1076,1134
8476872,Scott Laughton,LAK,C,303,V1,DZI,D,0.18295,0.24084,-0.05789,698,645,20000.0,18552.0,1,1215,1167
8481032,Paul Cotter,NJD,C,289,V1,DZI,D,0.20149,0.25956,-0.05807,462,462,15346.0,14517.0,1,135,131
8479994,Jaret Anderson-Dolan,WPG,C,84,V1,DZI,D,0.21722,0.27557,-0.05835,84,107,2776.0,3226.0,1,40,41
8480068,Ryan Poehling,ANA,C,272,V1,DZI,D,0.20393,0.26231,-0.05838,529,528,15790.0,15802.0,1,1191,1151
8484227,Will Smith,SJS,C,143,V1,DZI,D,0.1852,0.2438,-0.0586,250,267,7905.0,7859.0,1,65,129
8479547,Matthew Phillips,WSH,C,33,V1,DZI,D,0.25239,0.31156,-0.05917,32,32,943.0,995.0,0,1,2
8476925,Colton Sissons,VGK,C,301,V1,DZI,D,0.18497,0.24429,-0.05932,752,582,21901.0,17242.0,1,1342,1052
8481028,Martin Pospisil,CGY,C,166,V1,DZI,D,0.15966,0.21931,-0.05965,240,278,6564.0,7893.0,1,108,146
8475343,Nic Dowd,VGK,C,286,V1,DZI,D,0.20072,0.26051,-0.05979,875,835,28303.0,26202.0,1,1501,1385
8473544,Derick Brassard,OTT,C,62,V1,DZI,D,0.17326,0.23331,-0.06004,123,93,3613.0,2516.0,1,113,116
8476927,Teddy Blueger,VAN,C,247,V1,DZI,D,0.19583,0.25613,-0.0603,551,495,16892.0,14020.0,1,1105,968
8475168,Matt Duchene,DAL,C,290,V1,DZI,D,0.19293,0.25331,-0.06039,580,539,19054.0,17137.0,1,976,832
8476480,Vladislav Namestnikov,WPG,C,293,V1,DZI,D,0.19425,0.25474,-0.06049,357,389,11367.0,11769.0,1,611,866
8478449,Roope Hintz,DAL,C,282,V1,DZI,D,0.1567,0.21748,-0.06078,655,551,19119.0,14907.0,1,1175,949
8481580,Connor McMichael,WSH,C,246,V1,DZI,D,0.19193,0.25316,-0.06122,445,449,14109.0,13616.0,1,523,697
8481481,Blake Lizotte,PIT,C,257,V1,DZI,D,0.19165,0.25296,-0.06132,498,443,15847.0,12986.0,1,849,789
8475763,Kevin Hayes,PIT,C,252,V1,DZI,D,0.18385,0.24555,-0.0617,481,489,14637.0,15040.0,1,906,845
8475752,Tyler Pitlick,MIN,C,127,V1,DZI,D,0.19646,0.25824,-0.06178,143,178,4917.0,5553.0,1,5,18
8478831,Kevin Stenlund,UTA,C,296,V1,DZI,D,0.18122,0.24309,-0.06186,769,521,18872.0,13016.0,1,1368,1038
8473453,Trevor Lewis,LAK,C,224,V1,DZI,D,0.17293,0.2352,-0.06227,272,269,8229.0,7228.0,1,286,362
8478403,Jack Eichel,VGK,C,282,V1,DZI,D,0.21159,0.274,-0.06241,512,571,17118.0,18898.0,1,1562,1770
8480980,Connor Dewar,PIT,C,281,V1,DZI,D,0.20342,0.26658,-0.06316,479,552,15392.0,16569.0,1,427,507
8477401,John Hayden,SEA,C,32,V1,DZI,D,0.24336,0.30664,-0.06328,28,25,904.0,587.0,0,36,37
8478493,Joel Eriksson Ek,MIN,C,271,V1,DZI,D,0.20049,0.2641,-0.0636,569,668,18205.0,21352.0,1,1556,1711
8477964,Ivan Barbashev,VGK,C,316,V1,DZI,D,0.20794,0.27163,-0.06369,554,582,19385.0,18595.0,1,99,172
8475798,Mikael Granlund,ANA,C,289,V1,DZI,D,0.18121,0.245,-0.0638,622,662,20049.0,20110.0,1,1075,1163
8481596,Shane Pinto,OTT,C,265,V1,DZI,D,0.16517,0.22944,-0.06428,688,607,20113.0,16941.0,1,1338,1268
8483450,Ryan Greene,CHI,C,83,V1,DZI,D,0.17554,0.23999,-0.06445,186,183,5167.0,4746.0,1,234,308
8482737,Zachary Bolduc,MTL,C,175,V1,DZI,D,0.21105,0.27584,-0.06479,266,239,8941.0,7363.0,1,21,25
8480829,Jesperi Kotkaniemi,CAR,C,281,V1,DZI,D,0.21706,0.28198,-0.06492,415,387,12955.0,11217.0,1,1098,1027
8476897,Oskar Sundqvist,STL,C,257,V1,DZI,D,0.17351,0.23865,-0.06514,426,514,11757.0,14012.0,1,589,762
8482079,Marco Rossi,VAN,C,232,V1,DZI,D,0.20942,0.2746,-0.06518,365,415,13800.0,14789.0,1,1013,1152
8483397,Marc McLaughlin,NJD,C,24,V1,DZI,D,0.18728,0.2527,-0.06542,38,40,1132.0,1017.0,0,31,47
8475172,Nazem Kadri,COL,C,323,V1,DZI,D,0.17502,0.24053,-0.0655,533,613,15838.0,17682.0,1,1871,2128
8479972,Mason Shaw,MIN,C,79,V1,DZI,D,0.21201,0.27768,-0.06566,88,112,2830.0,3306.0,1,19,12
8478508,Yakov Trenin,MIN,C,311,V1,DZI,D,0.19955,0.26522,-0.06567,626,592,21203.0,19761.0,1,134,177
8484144,Connor Bedard,CHI,C,219,V1,DZI,D,0.15835,0.22453,-0.06618,390,503,13495.0,15922.0,1,691,995
8477934,Leon Draisaitl,EDM,C,297,V1,DZI,D,0.20902,0.27533,-0.06631,742,623,24887.0,20626.0,1,1928,1607
8483512,Matt Savoie,EDM,C,86,V1,DZI,D,0.19088,0.25722,-0.06634,117,122,3730.0,3324.0,1,28,39
8479546,Oskar Steen,BOS,C,37,V1,DZI,D,0.19725,0.26376,-0.06651,57,50,1744.0,1490.0,1,0,3
8476399,Blake Coleman,CGY,C,310,V1,DZI,D,0.19541,0.26214,-0.06673,831,812,26657.0,24266.0,1,84,91
8481726,Adam Edstrom,NYR,C,97,V1,DZI,D,0.14682,0.21358,-0.06676,199,160,5803.0,4860.0,1,7,17
8479514,Rem Pitlick,CHI,C,55,V1,DZI,D,0.16029,0.2271,-0.06681,70,82,2221.0,2642.0,1,26,37
8479992,Michael Rasmussen,DET,C,272,V1,DZI,D,0.16855,0.2357,-0.06715,547,546,17140.0,15579.0,1,412,449
8479999,Casey Mittelstadt,BOS,C,314,V1,DZI,D,0.17171,0.23918,-0.06747,616,629,20604.0,20177.0,1,1127,1341
8480802,Ryan McLeod,BUF,C,298,V1,DZI,D,0.21409,0.28159,-0.0675,567,555,18207.0,17085.0,1,1418,1376
8478401,Pavel Zacha,BOS,C,320,V1,DZI,D,0.18073,0.24925,-0.06852,632,539,20002.0,16947.0,1,1177,1050
8483690,Noah Laba,NYR,C,74,V1,DZI,D,0.20316,0.27175,-0.0686,113,125,3042.0,3356.0,1,295,284
8482740,Wyatt Johnston,DAL,C,328,V1,DZI,D,0.17264,0.24128,-0.06865,737,638,23176.0,19127.0,1,1084,1140
8484142,Denver Barkey,PHI,C,43,V1,DZI,D,0.22289,0.29397,-0.07109,68,71,2001.0,2058.0,1,6,9
8480880,Jakub Lauko,BOS,C,139,V1,DZI,D,0.15968,0.23153,-0.07185,213,231,6676.0,6768.0,1,8,19
8483468,Jiri Kulich,BUF,C,75,V1,DZI,D,0.18606,0.25796,-0.0719,144,161,4418.0,4648.0,1,292,348
8474009,Nick Bonino,NYR,C,107,V1,DZI,D,0.17182,0.24417,-0.07236,239,217,6280.0,5619.0,1,312,310
8482103,Ozzy Wiesblatt,NSH,C,44,V1,DZI,D,0.17909,0.25179,-0.0727,96,77,2937.0,2232.0,1,1,4
8480003,Jesper Boqvist,FLA,C,268,V1,DZI,D,0.17895,0.25216,-0.07321,374,393,11299.0,11683.0,1,214,376
8476461,Sean Couturier,PHI,C,231,V1,DZI,D,0.18884,0.26206,-0.07322,582,478,17205.0,14077.0,1,1498,1244
8475225,Craig Smith,DET,C,198,V1,DZI,D,0.17016,0.24345,-0.07329,284,300,8733.0,8663.0,1,8,21
8481704,Juuso Parssinen,NYR,C,157,V1,DZI,D,0.16188,0.23873,-0.07685,235,227,7030.0,6786.0,1,323,375
8481068,Yegor Sharangovich,CGY,C,307,V1,DZI,D,0.19213,0.27001,-0.07788,488,502,15484.0,15366.0,1,270,403
8480840,Oskar Back,DAL,C,145,V1,DZI,D,0.17841,0.25867,-0.08026,244,200,7662.0,5764.0,1,103,89
8481477,Nico Sturm,MIN,C,249,V1,DZI,D,0.15597,0.23634,-0.08037,570,469,14990.0,12626.0,1,1163,824
8480018,Nick Suzuki,MTL,C,328,V1,DZI,D,0.20207,0.28294,-0.08087,716,678,24155.0,23001.0,1,2015,1970
8483447,Conor Geekie,TBL,C,66,V1,DZI,D,0.20992,0.2911,-0.08118,105,100,3287.0,3157.0,1,99,133
8484166,Adam Fantilli,CBJ,C,213,V1,DZI,D,0.17569,0.25743,-0.08174,304,349,9847.0,11102.0,1,986,1188
8482775,Oliver Kapanen,MTL,C,100,V1,DZI,D,0.18349,0.26572,-0.08223,116,141,3864.0,4230.0,1,272,329
8478078,Rourke Chartier,OTT,C,43,V1,DZI,D,0.17323,0.2555,-0.08227,55,46,1524.0,1182.0,0,138,113
8471675,Sidney Crosby,PIT,C,312,V1,DZI,D,0.17073,0.25324,-0.08251,711,603,19557.0,17059.0,1,2895,2367
8476432,Boone Jenner,CBJ,C,219,V1,DZI,D,0.19828,0.28145,-0.08317,582,481,19518.0,15690.0,1,1164,1005
8483424,Owen Beck,MTL,C,28,V1,DZI,D,0.18395,0.26803,-0.08408,37,25,1196.0,929.0,0,66,51
8471276,David Krejci,BOS,C,70,V1,DZI,D,0.1819,0.26644,-0.08454,110,113,3205.0,3603.0,1,293,336
8477505,Alexander Wennberg,SJS,C,319,V1,DZI,D,0.16451,0.24918,-0.08467,735,740,23002.0,23385.0,1,1638,1780
8479291,Kevin Rooney,UTA,C,121,V1,DZI,D,0.13682,0.22163,-0.08481,143,154,3764.0,4160.0,1,282,325
8476310,Lukas Sedlak,PHI,C,30,V1,DZI,D,0.12038,0.2052,-0.08482,39,41,947.0,1077.0,0,77,82
8484197,Oliver Moore,CHI,C,60,V1,DZI,D,0.14757,0.23307,-0.0855,83,88,2636.0,2643.0,1,98,102
8479968,Vinni Lettieri,BOS,C,73,V1,DZI,D,0.17065,0.25757,-0.08692,107,118,3639.0,3304.0,1,46,48
8477993,Justin Kirkland,CGY,C,50,V1,DZI,D,0.16151,0.24889,-0.08738,81,71,2068.0,1800.0,1,113,117
8479580,Dylan Gambrell,OTT,C,60,V1,DZI,D,0.13765,0.22528,-0.08763,69,81,1976.0,2326.0,1,123,141
8481024,Linus Karlsson,VAN,C,105,V1,DZI,D,0.16884,0.25864,-0.0898,148,153,4377.0,4168.0,1,12,33
8481754,Nikita Nesterenko,ANA,C,61,V1,DZI,D,0.13699,0.22703,-0.09004,100,105,3168.0,3233.0,1,9,16
8481577,Philip Tomasino,PIT,C,142,V1,DZI,D,0.16692,0.25759,-0.09067,189,190,5841.0,5730.0,1,19,31
8479318,Auston Matthews,TOR,C,282,V1,DZI,D,0.19335,0.28405,-0.09071,612,506,19716.0,16166.0,1,2112,1690
8481559,Jack Hughes,NJD,C,263,V1,DZI,D,0.19821,0.29,-0.0918,301,382,10706.0,12124.0,1,607,1069
8484801,Macklin Celebrini,SJS,C,152,V1,DZI,D,0.16289,0.25483,-0.09194,314,329,10774.0,10407.0,1,928,1036
8482074,Connor Zary,CGY,C,191,V1,DZI,D,0.18191,0.27493,-0.09302,282,317,8900.0,9326.0,1,191,254
8480064,Josh Norris,BUF,C,158,V1,DZI,D,0.13771,0.23203,-0.09432,389,344,10159.0,8710.0,1,816,735
8476889,Radek Faksa,DAL,C,283,V1,DZI,D,0.15506,0.25261,-0.09755,560,472,16723.0,13523.0,1,1000,772
8480028,Morgan Frost,CGY,C,314,V1,DZI,D,0.18945,0.29119,-0.10174,422,431,12309.0,12205.0,1,1557,1550
8476960,Andreas Athanasiou,CHI,C,117,V1,DZI,D,0.16069,0.26555,-0.10487,219,211,7499.0,6831.0,1,161,189
8482090,Jack Finley,STL,C,44,V1,DZI,D,0.1446,0.25342,-0.10883,80,84,2054.0,1973.0,1,166,166
8473604,Jonathan Toews,WPG,C,134,V1,DZI,D,0.13027,0.24013,-0.10987,290,183,8498.0,5043.0,1,888,544
8483471,Brad Lambert,WPG,C,30,V1,DZI,D,0.11532,0.22662,-0.1113,20,33,555.0,1037.0,0,9,19
8484829,Justin Hryckowian,DAL,C,86,V1,DZI,D,0.16743,0.28864,-0.12121,128,119,4157.0,3513.0,1,167,121
8475958,Michael Sgarbossa,WSH,C,28,V1,DZI,D,0.20221,0.32551,-0.1233,34,46,1088.0,1619.0,0,63,77
8483573,Ethen Frank,WSH,C,86,V1,DZI,D,0.18817,0.31488,-0.12671,142,138,4448.0,4535.0,1,1,6
8484160,Nate Danielson,DET,C,28,V1,DZI,D,0.1763,0.31102,-0.13472,33,40,1055.0,1270.0,0,53,86
8474040,Sam Gagner,EDM,C,76,V1,DZI,D,0.14877,0.28363,-0.13486,88,95,2729.0,3159.0,1,22,24
8483500,Noah Ostlund,BUF,C,68,V1,DZI,D,0.14519,0.28268,-0.13749,85,105,2693.0,3106.0,1,92,190
8482726,Samuel Helenius,LAK,C,102,V1,DZI,D,0.15449,0.30047,-0.14598,83,103,2861.0,2952.0,1,242,281
8484221,Calum Ritchie,NYI,C,72,V1,DZI,D,0.13261,0.28723,-0.15462,73,92,2202.0,2458.0,1,110,194
8484901,Jacob Quillan,TOR,C,24,V1,DZI,D,0.15243,0.32223,-0.1698,26,35,597.0,1201.0,0,62,86
8477460,Laurent Dauphin,UTA,C,21,V1,DZI,D,0.15291,0.32308,-0.17016,26,29,824.0,1105.0,0,81,71
8484509,Josh Samanski,EDM,C,23,V1,DZI,D,0.13356,0.32699,-0.19343,27,28,876.0,841.0,0,53,55
8479366,Logan Brown,STL,C,30,V1,DZI,D,0.06873,0.26385,-0.19512,11,30,291.0,1065.0,0,55,99
8478477,Mitchell Stephens,SEA,C,51,V1,DZI,D,0.07953,0.27772,-0.19819,58,41,1358.0,929.0,0,145,111
8475278,Byron Froese,VGK,C,25,V1,DZI,D,0.13248,0.331,-0.19852,34,32,1170.0,858.0,0,88,60
8480876,Curtis Douglas,VAN,C,42,V1,DZI,D,0.06667,0.33299,-0.26632,20,33,420.0,970.0,0,6,7
8479348,Kale Clague,BUF,D,36,V1,DZI,D,0.19332,0.08759,0.10573,50,65,1676.0,1918.0,1,0,0
8479578,Casey Fitzgerald,FLA,D,27,V1,DZI,D,0.15186,0.08023,0.07163,23,34,698.0,1022.0,0,0,0
8482641,Matt Kiersted,MIN,D,28,V1,DZI,D,0.17479,0.12609,0.0487,33,40,841.0,1142.0,0,0,0
8478465,Guillaume Brisebois,VAN,D,20,V1,DZI,D,0.13574,0.0932,0.04254,48,52,1304.0,1191.0,0,0,0
8479388,Riley Stillman,EDM,D,59,V1,DZI,D,0.17997,0.14061,0.03936,123,87,3684.0,2731.0,1,0,0
8483506,Sam Rinzel,CHI,D,63,V1,DZI,D,0.20795,0.17511,0.03285,116,131,3621.0,4146.0,1,0,0
8482178,Ian Moore,ANA,D,69,V1,DZI,D,0.21627,0.18839,0.02789,130,139,3773.0,4236.0,1,0,1
8474031,Kevin Shattenkirk,BOS,D,136,V1,DZI,D,0.20034,0.17701,0.02334,281,312,8725.0,9734.0,1,0,0
8478841,Colton White,NJD,D,69,V1,DZI,D,0.18242,0.15943,0.02299,130,134,3651.0,4121.0,1,0,0
8480828,Michael Callahan,BOS,D,22,V1,DZI,D,0.13891,0.11822,0.02069,47,44,1447.0,1345.0,0,0,0
8477462,Robert Hagg,VGK,D,45,V1,DZI,D,0.14969,0.12993,0.01976,71,77,1964.0,1901.0,1,0,0
8481719,Maxwell Crozier,TBL,D,53,V1,DZI,D,0.28086,0.26113,0.01973,82,97,3208.0,2719.0,1,0,0
8482730,Brandt Clarke,LAK,D,184,V1,DZI,D,0.23917,0.22066,0.01851,339,340,10708.0,10641.0,1,0,0
8477932,Aaron Ekblad,FLA,D,250,V1,DZI,D,0.2204,0.20791,0.01249,658,640,20177.0,18306.0,1,0,0
8482192,Isaak Phillips,WPG,D,55,V1,DZI,D,0.19822,0.186,0.01222,90,129,2815.0,4172.0,1,0,0
8476792,Torey Krug,STL,D,140,V1,DZI,D,0.21212,0.20007,0.01205,301,308,8731.0,8297.0,1,0,0
8480196,Jacob Bryson,WPG,D,193,V1,DZI,D,0.18612,0.17512,0.011,320,335,10778.0,9582.0,1,0,0
8482126,Emil Andrae,PHI,D,107,V1,DZI,D,0.21523,0.20807,0.00716,180,170,4925.0,4758.0,1,2,1
8480069,Cale Makar,COL,D,291,V1,DZI,D,0.23443,0.22943,0.005,700,716,22954.0,21131.0,1,0,0
8477488,Brett Pesce,NJD,D,261,V1,DZI,D,0.20753,0.20263,0.00491,699,640,21394.0,19257.0,1,0,0
8482666,Scott Morrow,NYR,D,45,V1,DZI,D,0.22263,0.22118,0.00145,76,76,2192.0,2351.0,1,0,0
8480001,Urho Vaakanainen,NYR,D,176,V1,DZI,D,0.17211,0.1731,-0.00099,376,400,11423.0,12461.0,1,0,0
8479425,Filip Hronek,VAN,D,287,V1,DZI,D,0.20075,0.20319,-0.00244,811,733,26207.0,22024.0,1,0,0
8481708,Zac Jones,NYR,D,93,V1,DZI,D,0.15988,0.16243,-0.00255,129,130,4372.0,3817.0,1,0,0
8478970,Jalen Chatfield,CAR,D,301,V1,DZI,D,0.20525,0.20833,-0.00308,634,590,18485.0,16642.0,1,0,0
8482511,Mason Lohrei,BOS,D,191,V1,DZI,D,0.1994,0.20287,-0.00347,383,340,11640.0,9967.0,1,0,0
8475177,Calvin de Haan,NYR,D,159,V1,DZI,D,0.20758,0.21128,-0.0037,287,298,9047.0,8723.0,1,0,0
8481122,Simon Benoit,TOR,D,293,V1,DZI,D,0.1852,0.18901,-0.00381,706,698,21852.0,20089.0,1,0,0
8482470,Ilya Solovyov,PIT,D,45,V1,DZI,D,0.2152,0.2193,-0.0041,78,76,2263.0,2166.0,1,0,0
8478055,Gustav Forsling,FLA,D,321,V1,DZI,D,0.21472,0.21893,-0.00421,862,841,26565.0,24697.0,1,0,0
8481219,Jonathan Aspirot,BOS,D,61,V1,DZI,D,0.18773,0.19202,-0.00429,166,141,5151.0,4359.0,1,0,0
8482067,Connor Mackey,NYR,D,36,V1,DZI,D,0.1659,0.17082,-0.00492,64,69,1953.0,1967.0,1,0,0
8476525,Colin Miller,WPG,D,202,V1,DZI,D,0.19325,0.19885,-0.0056,389,335,12026.0,9736.0,1,0,0
8480426,Charle-Edouard D'Astous,TBL,D,70,V1,DZI,D,0.18444,0.19035,-0.00591,135,159,3947.0,4292.0,1,0,0
8476854,Hampus Lindholm,BOS,D,237,V1,DZI,D,0.2066,0.21296,-0.00637,771,610,23398.0,17078.0,1,0,0
8476988,Matt Benning,TOR,D,99,V1,DZI,D,0.16529,0.17348,-0.00819,307,275,8978.0,7828.0,1,0,0
8474628,Michael Stone,CGY,D,48,V1,DZI,D,0.12114,0.13014,-0.009,64,69,1783.0,1629.0,1,0,0
8481072,Tim Berni,CBJ,D,59,V1,DZI,D,0.18229,0.1916,-0.00931,141,169,4279.0,5000.0,1,0,0
8480800,Quinn Hughes,MIN,D,302,V1,DZI,D,0.21594,0.22533,-0.00939,749,744,25813.0,24653.0,1,0,0
8482131,Donovan Sebrango,FLA,D,44,V1,DZI,D,0.23473,0.24498,-0.01025,66,70,2096.0,2192.0,1,0,0
8477384,Joshua Brown,EDM,D,129,V1,DZI,D,0.17708,0.18751,-0.01044,265,322,7556.0,8426.0,1,0,0
8481014,Alexander Romanov,NYI,D,236,V1,DZI,D,0.21093,0.22208,-0.01115,644,614,19907.0,18336.0,1,0,0
8479442,Troy Stecher,TOR,D,265,V1,DZI,D,0.1944,0.20569,-0.01129,529,558,16435.0,16510.0,1,0,0
8474618,Marco Scandella,STL,D,85,V1,DZI,D,0.18797,0.2,-0.01203,128,146,3825.0,4320.0,1,0,0
8476874,Olli Määttä,CGY,D,269,V1,DZI,D,0.19208,0.20454,-0.01246,649,571,21226.0,16090.0,1,0,0
8482929,Emil Lilleberg,TBL,D,163,V1,DZI,D,0.18073,0.19329,-0.01256,307,324,9384.0,9121.0,1,0,0
8475462,Radko Gudas,ANA,D,275,V1,DZI,D,0.19546,0.20992,-0.01446,609,706,19958.0,21494.0,1,0,0
8481563,Drew Helleson,ANA,D,119,V1,DZI,D,0.17768,0.19327,-0.01558,256,269,7609.0,7187.0,1,0,0
8476441,Joel Edmundson,LAK,D,268,V1,DZI,D,0.19019,0.20579,-0.0156,623,631,17735.0,18033.0,1,0,0
8478443,Brandon Carlo,TOR,D,289,V1,DZI,D,0.20709,0.22308,-0.01599,890,770,26757.0,21737.0,1,0,0
8476422,Mike Reilly,CAR,D,131,V1,DZI,D,0.19527,0.21169,-0.01642,212,184,5500.0,4979.0,1,0,0
8474027,Justin Braun,PHI,D,51,V1,DZI,D,0.17937,0.19593,-0.01656,93,112,2598.0,2950.0,1,0,0
8479410,Mikhail Sergachev,UTA,D,267,V1,DZI,D,0.20284,0.21941,-0.01657,798,705,24192.0,20587.0,1,0,0
8475197,Tyson Barrie,CGY,D,139,V1,DZI,D,0.18875,0.20562,-0.01687,288,286,8996.0,8433.0,1,0,0
8475718,Justin Holl,STL,D,199,V1,DZI,D,0.16972,0.18746,-0.01774,397,395,12827.0,11976.0,1,0,0
8482142,Jamie Drysdale,PHI,D,190,V1,DZI,D,0.19141,0.20933,-0.01791,427,380,11969.0,11002.0,1,0,0
8484304,Uvis Balinskis,FLA,D,156,V1,DZI,D,0.17876,0.19693,-0.01817,233,255,7015.0,7287.0,1,0,2
8480823,Alexander Alexeyev,WSH,D,79,V1,DZI,D,0.21201,0.23117,-0.01916,190,151,5910.0,4408.0,1,0,0
8474563,Drew Doughty,LAK,D,264,V1,DZI,D,0.21103,0.23028,-0.01925,758,699,27517.0,22542.0,1,0,0
8483495,Simon Nemec,NJD,D,155,V1,DZI,D,0.21301,0.23248,-0.01946,310,311,10511.0,10100.0,1,0,0
8480434,Sean Durzi,UTA,D,238,V1,DZI,D,0.20354,0.22336,-0.01982,551,543,17908.0,15665.0,1,0,0
8476958,Jaccob Slavin,CAR,D,276,V1,DZI,D,0.20505,0.22519,-0.02014,756,650,22385.0,18864.0,1,0,0
8478452,Caleb Jones,PIT,D,111,V1,DZI,D,0.1871,0.20756,-0.02046,208,236,6745.0,7410.0,1,0,0
8476779,Brad Hunt,COL,D,47,V1,DZI,D,0.18555,0.2066,-0.02105,60,50,1703.0,1636.0,1,0,0
8480817,K'Andre Miller,CAR,D,305,V1,DZI,D,0.21051,0.23158,-0.02107,908,745,28208.0,22545.0,1,0,0
8478416,Erik Cernak,TBL,D,276,V1,DZI,D,0.18648,0.20797,-0.02149,811,701,23606.0,18714.0,1,0,0
8483398,Declan Carlile,TBL,D,46,V1,DZI,D,0.22071,0.24263,-0.02191,54,82,1767.0,2102.0,1,0,0
8482684,Luke Hughes,NJD,D,223,V1,DZI,D,0.19449,0.21695,-0.02246,568,513,18957.0,16303.0,1,0,0
8479421,Jacob Moverare,LAK,D,90,V1,DZI,D,0.21111,0.23377,-0.02266,129,119,3960.0,3589.0,1,0,0
8478178,Darren Raddysh,TBL,D,245,V1,DZI,D,0.19297,0.21588,-0.02291,475,514,15142.0,14698.0,1,0,0
8477504,Josh Morrissey,WPG,D,315,V1,DZI,D,0.20409,0.22728,-0.02319,816,808,25386.0,24754.0,1,0,0
8482803,Olen Zellweger,ANA,D,164,V1,DZI,D,0.18734,0.21083,-0.02349,303,348,9955.0,10269.0,1,0,0
8474600,Roman Josi,NSH,D,270,V1,DZI,D,0.2023,0.22691,-0.02461,708,659,22239.0,19466.0,1,0,0
8480222,Sebastian Aho,NYI,D,129,V1,DZI,D,0.17642,0.20104,-0.02462,197,172,5691.0,5024.0,1,0,0
8482087,Kaiden Guhle,MTL,D,208,V1,DZI,D,0.19712,0.22246,-0.02534,643,575,19663.0,17810.0,1,0,0
8475455,Brenden Dillon,NJD,D,323,V1,DZI,D,0.18783,0.21382,-0.02599,721,713,23393.0,21237.0,1,0,0
8484223,Axel Sandin-Pellikka,DET,D,68,V1,DZI,D,0.16561,0.19175,-0.02614,137,131,3943.0,3541.0,1,0,0
8474602,Justin Schultz,SEA,D,143,V1,DZI,D,0.18496,0.21137,-0.02641,245,269,7115.0,7617.0,1,0,0
8474574,Tyler Myers,DAL,D,299,V1,DZI,D,0.19515,0.22158,-0.02643,801,812,24099.0,23707.0,1,0,0
8480727,Zach Whitecloud,CGY,D,272,V1,DZI,D,0.20004,0.22663,-0.02659,616,618,20701.0,19450.0,1,0,0
8480887,Jordan Harris,BOS,D,162,V1,DZI,D,0.21347,0.24009,-0.02662,317,305,10718.0,10171.0,1,0,0
8476906,Shayne Gostisbehere,CAR,D,281,V1,DZI,D,0.20117,0.22796,-0.02679,551,533,16906.0,15424.0,1,0,0
8482095,Tyler Kleven,OTT,D,166,V1,DZI,D,0.1746,0.20159,-0.02698,323,234,9427.0,6434.0,1,0,0
8479984,Cal Foote,NJD,D,54,V1,DZI,D,0.22897,0.25636,-0.02738,106,89,4114.0,2988.0,1,0,0
8480070,Ian Mitchell,BOS,D,63,V1,DZI,D,0.13502,0.16247,-0.02745,102,109,3281.0,2782.0,1,0,0
8479395,Dennis Cholowski,NJD,D,58,V1,DZI,D,0.19137,0.21883,-0.02747,80,68,2409.0,1869.0,1,0,0
8474151,Ryan McDonagh,TBL,D,275,V1,DZI,D,0.20285,0.23035,-0.0275,789,757,23742.0,21776.0,1,0,0
8476869,Brady Skjei,NSH,D,324,V1,DZI,D,0.20096,0.22853,-0.02757,903,833,26149.0,23747.0,1,0,0
8480807,Mattias Samuelsson,BUF,D,236,V1,DZI,D,0.18855,0.21618,-0.02764,672,724,20955.0,22194.0,1,0,0
8482733,Logan Mailloux,STL,D,74,V1,DZI,D,0.19333,0.22115,-0.02782,118,131,3719.0,3934.0,1,0,0
8475208,Brian Dumoulin,LAK,D,323,V1,DZI,D,0.20215,0.23013,-0.02798,769,761,24012.0,22496.0,1,0,0
8476885,Jacob Trouba,ANA,D,308,V1,DZI,D,0.19132,0.21939,-0.02807,917,837,28382.0,24518.0,1,0,0
8481537,Nikita Okhotiuk,CGY,D,62,V1,DZI,D,0.16726,0.19559,-0.02833,140,146,4478.0,4627.0,1,0,0
8476331,Dylan DeMelo,WPG,D,320,V1,DZI,D,0.19558,0.22408,-0.0285,828,799,25371.0,23675.0,1,0,0
8477365,Connor Clifton,PIT,D,280,V1,DZI,D,0.1827,0.21175,-0.02905,558,553,17964.0,16482.0,1,0,0
8480035,Henri Jokiharju,BOS,D,235,V1,DZI,D,0.19429,0.22335,-0.02906,612,663,18730.0,20336.0,1,0,0
8480884,Calen Addison,SJS,D,134,V1,DZI,D,0.17713,0.2063,-0.02917,204,268,5527.0,7518.0,1,0,0
8481568,Alex Vlasic,CHI,D,245,V1,DZI,D,0.17118,0.20055,-0.02936,739,828,24354.0,25201.0,1,0,0
8479338,Markus Niemelainen,EDM,D,23,V1,DZI,D,0.13636,0.16577,-0.0294,34,33,924.0,742.0,0,0,0
8471677,Jack Johnson,CBJ,D,204,V1,DZI,D,0.16985,0.19954,-0.0297,457,430,14519.0,14398.0,1,0,0
8482700,Nolan Allan,CHI,D,43,V1,DZI,D,0.13553,0.16537,-0.02984,65,95,2339.0,3078.0,1,0,0
8482671,Owen Power,BUF,D,315,V1,DZI,D,0.19573,0.22637,-0.03064,752,886,24503.0,27654.0,1,0,0
8475753,Justin Faulk,DET,D,298,V1,DZI,D,0.19462,0.22531,-0.03069,745,813,23456.0,24651.0,1,0,0
8483678,Elias Pettersson,VAN,D,97,V1,DZI,D,0.20249,0.23356,-0.03107,187,166,6025.0,4654.0,1,0,0
8476457,Adam Larsson,SEA,D,326,V1,DZI,D,0.2017,0.23293,-0.03124,882,851,29698.0,26454.0,1,0,0
8484783,Artyom Levshunov,CHI,D,86,V1,DZI,D,0.16078,0.19212,-0.03134,134,177,4192.0,5257.0,1,0,0
8474578,Erik Karlsson,PIT,D,321,V1,DZI,D,0.20076,0.23225,-0.03149,899,831,29319.0,25533.0,1,0,1
8471686,Marc Staal,PHI,D,117,V1,DZI,D,0.17826,0.20995,-0.0317,282,252,7708.0,6973.0,1,0,0
8479985,Cale Fleury,SEA,D,49,V1,DZI,D,0.20283,0.23468,-0.03185,103,83,3042.0,2284.0,1,0,0
8477986,Brandon Montour,SEA,D,290,V1,DZI,D,0.21416,0.2462,-0.03204,800,778,27358.0,25057.0,1,0,0
8480879,Jacob Bernard-Docker,DET,D,194,V1,DZI,D,0.1906,0.22325,-0.03265,396,389,11957.0,10880.0,1,0,0
8479398,Samuel Girard,PIT,D,268,V1,DZI,D,0.20991,0.24258,-0.03267,676,741,21562.0,21886.0,1,0,0
8480157,Calle Rosen,STL,D,55,V1,DZI,D,0.15198,0.18466,-0.03268,91,81,2803.0,2399.0,1,0,0
8481059,Scott Perunovich,NYI,D,89,V1,DZI,D,0.19971,0.23243,-0.03272,107,117,3435.0,3386.0,1,0,0
8480891,Michael Kesselring,BUF,D,190,V1,DZI,D,0.16914,0.20195,-0.03281,378,392,11192.0,10899.0,1,0,0
8479980,Nicolas Hague,NSH,D,285,V1,DZI,D,0.19866,0.23164,-0.03297,722,651,23517.0,19673.0,1,0,0
8476429,Scott Mayfield,NYI,D,269,V1,DZI,D,0.18999,0.22316,-0.03317,625,549,19396.0,15321.0,1,0,0
8484321,Nikolas Matinpalo,OTT,D,95,V1,DZI,D,0.14768,0.18086,-0.03318,180,139,4652.0,3710.0,1,0,0
8481567,Henry Thrun,TOR,D,124,V1,DZI,D,0.18304,0.2167,-0.03366,307,360,9118.0,10189.0,1,0,0
8480796,Martin Fehérváry,WSH,D,295,V1,DZI,D,0.20537,0.23926,-0.03389,851,872,27380.0,25717.0,1,0,0
8478854,Ryan Shea,PIT,D,150,V1,DZI,D,0.17746,0.21139,-0.03393,307,311,9501.0,9731.0,1,0,0
8476879,Cody Ceci,LAK,D,326,V1,DZI,D,0.19889,0.23292,-0.03403,930,827,31053.0,26297.0,1,0,0
8477950,Tony DeAngelo,NYI,D,212,V1,DZI,D,0.20776,0.2419,-0.03414,441,478,14459.0,14018.0,1,0,0
8473507,Jeff Petry,MIN,D,245,V1,DZI,D,0.1848,0.21924,-0.03444,566,570,17808.0,15946.0,1,0,0
8479369,Andrew Peeke,BOS,D,271,V1,DZI,D,0.18227,0.21696,-0.03469,770,722,23141.0,20967.0,1,0,0
8478407,Vince Dunn,SEA,D,282,V1,DZI,D,0.20009,0.23491,-0.03482,756,720,24874.0,22119.0,1,0,0
8482807,Ethan Del Mastro,CHI,D,45,V1,DZI,D,0.14821,0.18331,-0.0351,94,111,3360.0,3584.0,1,0,0
8477034,Jaycob Megna,VGK,D,110,V1,DZI,D,0.14967,0.18489,-0.03522,239,226,7356.0,6739.0,1,0,0
8476473,Connor Murphy,EDM,D,273,V1,DZI,D,0.16431,0.19963,-0.03533,702,750,22592.0,22922.0,1,0,0
8480860,Kevin Bahl,CGY,D,273,V1,DZI,D,0.17252,0.20828,-0.03576,783,734,22362.0,19123.0,1,0,0
8479639,Dylan Coghlan,VGK,D,27,V1,DZI,D,0.16737,0.20316,-0.03579,34,38,944.0,950.0,0,0,0
8479998,Mikey Anderson,LAK,D,307,V1,DZI,D,0.19378,0.22969,-0.03591,885,800,32423.0,25434.0,1,0,0
8478396,Noah Hanifin,VGK,D,313,V1,DZI,D,0.19984,0.23633,-0.03649,824,824,24464.0,23378.0,1,0,0
8474673,TJ Brodie,CHI,D,190,V1,DZI,D,0.1892,0.22576,-0.03656,481,435,14635.0,12460.0,1,0,0
8481167,Brayden Pachal,CGY,D,174,V1,DZI,D,0.17322,0.21008,-0.03686,256,250,7049.0,6688.0,1,0,0
8481006,Tyler Tucker,STL,D,158,V1,DZI,D,0.15297,0.18998,-0.03701,248,232,7701.0,6585.0,1,0,0
8480831,Alec Regula,EDM,D,33,V1,DZI,D,0.18241,0.21983,-0.03743,58,43,2001.0,1210.0,0,0,0
8474716,Jared Spurgeon,MIN,D,240,V1,DZI,D,0.19848,0.23597,-0.03749,591,691,18425.0,19702.0,1,0,0
8478408,Travis Dermott,MIN,D,80,V1,DZI,D,0.1611,0.19863,-0.03754,172,192,5177.0,5558.0,1,0,0
8479372,Joshua Mahura,SEA,D,199,V1,DZI,D,0.15633,0.19389,-0.03756,335,308,10644.0,8541.0,1,0,0
8475188,Brayden McNabb,VGK,D,310,V1,DZI,D,0.2106,0.24822,-0.03762,864,730,28177.0,22492.0,1,0,0
8476923,Damon Severson,CBJ,D,289,V1,DZI,D,0.21401,0.25219,-0.03817,750,753,25737.0,23562.0,1,0,0
8478911,Matt Roy,WSH,D,311,V1,DZI,D,0.22329,0.2616,-0.03831,763,738,26983.0,23188.0,1,0,0
8482858,Ryker Evans,SEA,D,175,V1,DZI,D,0.19871,0.23707,-0.03836,339,333,12692.0,11406.0,1,0,0
8475795,Dylan McIlrath,WSH,D,39,V1,DZI,D,0.13095,0.16963,-0.03867,58,72,1680.0,2140.0,1,0,0
8480036,Miro Heiskanen,DAL,D,277,V1,DZI,D,0.19557,0.23456,-0.03899,827,668,26916.0,20067.0,1,0,0
8482073,Braden Schneider,NYR,D,325,V1,DZI,D,0.17493,0.21445,-0.03952,711,632,22620.0,19720.0,1,0,0
8470613,Brent Burns,COL,D,327,V1,DZI,D,0.18956,0.22911,-0.03955,860,772,24726.0,22116.0,1,0,0
8477498,Darnell Nurse,EDM,D,320,V1,DZI,D,0.20888,0.24899,-0.04011,897,813,30482.0,26182.0,1,0,0
8484806,Sam Dickinson,SJS,D,71,V1,DZI,D,0.22267,0.2628,-0.04013,164,149,5223.0,4551.0,1,0,0
8480990,Declan Chisholm,WSH,D,123,V1,DZI,D,0.18692,0.22715,-0.04023,230,240,7522.0,7572.0,1,0,0
8470600,Ryan Suter,STL,D,246,V1,DZI,D,0.17573,0.21604,-0.04031,658,606,21049.0,17987.0,1,0,0
8475797,Jarred Tinordi,CHI,D,96,V1,DZI,D,0.1689,0.20931,-0.04041,244,235,7904.0,7281.0,1,0,0
8478851,Alexandre Carrier,MTL,D,268,V1,DZI,D,0.19364,0.23421,-0.04058,813,694,23167.0,20208.0,1,0,0
8479982,Conor Timmins,BUF,D,159,V1,DZI,D,0.15816,0.19876,-0.0406,298,303,9187.0,8704.0,1,0,0
8474090,Brendan Smith,CBJ,D,170,V1,DZI,D,0.18141,0.22202,-0.04061,369,289,10832.0,8765.0,1,0,0
8478038,Devon Toews,COL,D,305,V1,DZI,D,0.2053,0.24598,-0.04068,818,832,25412.0,24047.0,1,0,0
8471724,Kris Letang,PIT,D,294,V1,DZI,D,0.19789,0.23864,-0.04075,893,719,27869.0,22276.0,1,0,0
8476462,Dougie Hamilton,NJD,D,243,V1,DZI,D,0.192,0.23278,-0.04078,611,491,18859.0,14275.0,1,0,0
8475324,Nick Jensen,OTT,D,287,V1,DZI,D,0.18076,0.22157,-0.0408,711,743,22239.0,22422.0,1,0,0
8478397,Rasmus Andersson,VGK,D,319,V1,DZI,D,0.17067,0.21175,-0.04107,911,974,25001.0,24912.0,1,0,0
8481812,Nikolai Knyzhov,SJS,D,22,V1,DZI,D,0.20076,0.2419,-0.04114,58,60,1584.0,1790.0,1,0,0
8482100,Alexander Nikishin,CAR,D,81,V1,DZI,D,0.23593,0.27725,-0.04132,129,141,3535.0,3762.0,1,0,0
8483466,Kevin Korchinski,CHI,D,105,V1,DZI,D,0.16325,0.20495,-0.0417,174,207,5513.0,6543.0,1,0,0
8476892,Colton Parayko,STL,D,301,V1,DZI,D,0.20012,0.24183,-0.04172,999,1079,32316.0,32084.0,1,0,0
8480184,Gustav Lindstrom,ANA,D,82,V1,DZI,D,0.16606,0.20792,-0.04187,157,169,4914.0,4872.0,1,0,0
8481607,Albert Johansson,DET,D,143,V1,DZI,D,0.16027,0.20279,-0.04252,301,312,9016.0,9108.0,1,0,0
8478451,Ethan Bear,WSH,D,85,V1,DZI,D,0.13856,0.18107,-0.04252,202,164,6077.0,4501.0,1,0,0
8479976,Juuso Välimäki,UTA,D,189,V1,DZI,D,0.18771,0.2304,-0.04269,398,449,12519.0,13125.0,1,0,0
8478468,Jeremy Lauzon,VGK,D,242,V1,DZI,D,0.18689,0.22966,-0.04277,612,536,18423.0,16150.0,1,0,0
8478415,Jakub Zboril,BOS,D,22,V1,DZI,D,0.25068,0.29366,-0.04299,33,27,1109.0,647.0,0,0,0
8475906,John Klingberg,SJS,D,147,V1,DZI,D,0.20369,0.24678,-0.04309,311,382,9907.0,11646.0,1,0,0
8477969,Marcus Pettersson,VAN,D,309,V1,DZI,D,0.19278,0.23641,-0.04364,1015,919,31669.0,27558.0,1,0,0
8479325,Charlie McAvoy,BOS,D,260,V1,DZI,D,0.16979,0.21345,-0.04365,780,616,23446.0,17311.0,1,0,0
8478399,Jonas Siegenthaler,NJD,D,274,V1,DZI,D,0.18832,0.23202,-0.0437,767,678,24225.0,20373.0,1,0,0
8475218,Mattias Ekholm,EDM,D,303,V1,DZI,D,0.2045,0.2484,-0.0439,754,614,23985.0,19388.0,1,0,0
8480950,Ilya Lyubushkin,DAL,D,275,V1,DZI,D,0.17692,0.22094,-0.04403,619,615,19625.0,17448.0,1,0,0
8483425,Lian Bichsel,DAL,D,88,V1,DZI,D,0.15431,0.19844,-0.04413,170,175,5165.0,4994.0,1,0,0
8483565,Nick Blankenburg,COL,D,168,V1,DZI,D,0.16413,0.20831,-0.04418,385,370,11308.0,9966.0,1,0,0
8480839,Rasmus Dahlin,BUF,D,309,V1,DZI,D,0.18995,0.2344,-0.04445,875,926,27212.0,27709.0,1,0,0
8471709,Marc-Edouard Vlasic,SJS,D,162,V1,DZI,D,0.17312,0.21757,-0.04446,396,433,11553.0,12566.0,1,0,0
8477018,Ben Hutton,VGK,D,138,V1,DZI,D,0.20367,0.24829,-0.04461,204,180,6697.0,5695.0,1,0,0
8478882,Vladislav Gavrikov,NYR,D,313,V1,DZI,D,0.196,0.24108,-0.04508,993,867,32224.0,27020.0,1,0,0
8479402,Jake Bean,CGY,D,166,V1,DZI,D,0.19157,0.23688,-0.04532,286,316,8634.0,9245.0,1,0,0
8481030,Jack St. Ivany,PIT,D,53,V1,DZI,D,0.15414,0.19958,-0.04543,101,117,3101.0,3783.0,1,0,0
8470966,Mark Giordano,TOR,D,124,V1,DZI,D,0.17554,0.2212,-0.04566,289,229,8488.0,6433.0,1,0,0
8475625,Matt Irwin,WSH,D,61,V1,DZI,D,0.22165,0.26747,-0.04582,118,98,3862.0,3163.0,1,0,0
8481599,Victor Soderstrom,BOS,D,41,V1,DZI,D,0.18031,0.22615,-0.04584,60,74,1747.0,2149.0,1,0,0
8483619,Filip Roos,CHI,D,21,V1,DZI,D,0.12685,0.17271,-0.04586,37,35,1151.0,938.0,0,0,0
8482762,Simon Edvinsson,DET,D,175,V1,DZI,D,0.18078,0.22683,-0.04605,527,500,17607.0,15968.0,1,0,0
8476979,Erik Gustafsson,DET,D,208,V1,DZI,D,0.17324,0.22005,-0.04681,356,326,11227.0,9675.0,1,0,0
8476967,Brett Kulak,COL,D,328,V1,DZI,D,0.21591,0.26278,-0.04687,729,677,24997.0,21836.0,1,0,0
8478500,Ivan Provorov,CBJ,D,328,V1,DZI,D,0.20033,0.24743,-0.04711,903,944,29422.0,29600.0,1,0,0
8479983,Mario Ferraro,SJS,D,310,V1,DZI,D,0.19673,0.244,-0.04727,935,922,30850.0,28865.0,1,0,1
8477369,Carson Soucy,NYI,D,269,V1,DZI,D,0.1596,0.20697,-0.04737,604,536,17669.0,14181.0,1,0,0
8481598,Philip Broberg,STL,D,206,V1,DZI,D,0.19945,0.24741,-0.04796,496,550,15252.0,16600.0,1,0,0
8476902,Esa Lindell,DAL,D,326,V1,DZI,D,0.17936,0.22738,-0.04802,1003,883,32533.0,26559.0,1,0,0
8478840,Will Borgen,NYR,D,323,V1,DZI,D,0.16707,0.21513,-0.04806,850,839,25145.0,23102.0,1,0,0
8476853,Morgan Rielly,TOR,D,297,V1,DZI,D,0.17981,0.22789,-0.04808,751,646,22079.0,18557.0,1,0,0
8479345,Jakob Chychrun,WSH,D,284,V1,DZI,D,0.20222,0.25066,-0.04845,689,665,22812.0,20713.0,1,0,0
8480145,Neal Pionk,WPG,D,284,V1,DZI,D,0.17316,0.22191,-0.04875,762,721,23464.0,21324.0,1,0,0
8480865,Noah Dobson,MTL,D,308,V1,DZI,D,0.20471,0.25348,-0.04877,793,733,24186.0,22440.0,1,0,0
8479026,Philippe Myers,TOR,D,91,V1,DZI,D,0.1714,0.22027,-0.04886,180,137,5455.0,3977.0,1,0,0
8478469,Thomas Chabot,OTT,D,256,V1,DZI,D,0.18866,0.23762,-0.04896,662,649,20948.0,19325.0,1,0,0
8475167,Victor Hedman,TBL,D,266,V1,DZI,D,0.19275,0.2419,-0.04915,599,578,18874.0,17230.0,1,0,0
8482516,Matthew Kessel,STL,D,99,V1,DZI,D,0.19049,0.23987,-0.04938,170,157,5108.0,4465.0,1,0,0
8473446,Erik Johnson,COL,D,166,V1,DZI,D,0.16518,0.21507,-0.04989,363,316,10443.0,8918.0,1,0,0
8483485,Denton Mateychuk,CBJ,D,120,V1,DZI,D,0.1926,0.24254,-0.04994,287,281,9434.0,8980.0,1,0,0
8476891,Matt Grzelcyk,CHI,D,289,V1,DZI,D,0.16493,0.21503,-0.0501,677,638,20087.0,18137.0,1,0,0
8477335,Kyle Burroughs,LAK,D,154,V1,DZI,D,0.152,0.20217,-0.05017,327,370,10020.0,10872.0,1,0,0
8477220,Nate Schmidt,UTA,D,295,V1,DZI,D,0.18246,0.23292,-0.05046,557,544,17160.0,16246.0,1,0,0
8476856,Mathew Dumba,PIT,D,229,V1,DZI,D,0.17186,0.22233,-0.05047,524,568,16508.0,17609.0,1,0,0
8477507,Nikita Zadorov,BOS,D,319,V1,DZI,D,0.16694,0.21753,-0.05059,894,753,25943.0,21252.0,1,0,0
8477447,Shea Theodore,VGK,D,240,V1,DZI,D,0.20591,0.25682,-0.05091,725,565,23602.0,17666.0,1,0,0
8475762,Derek Forbort,VAN,D,145,V1,DZI,D,0.18072,0.23167,-0.05096,365,324,9739.0,8840.0,1,0,0
8480246,Nick Perbix,NSH,D,298,V1,DZI,D,0.17269,0.2238,-0.0511,693,611,20325.0,17994.0,1,0,0
8475825,Jani Hakanpää,TOR,D,148,V1,DZI,D,0.17613,0.22742,-0.05129,421,348,13490.0,10074.0,1,0,0
8481161,Jake Christiansen,CBJ,D,144,V1,DZI,D,0.15571,0.20715,-0.05144,210,219,7315.0,7135.0,1,0,0
8475233,David Savard,MTL,D,197,V1,DZI,D,0.19797,0.2495,-0.05153,518,450,16674.0,14569.0,1,0,0
8477851,Jordan Oesterle,NSH,D,112,V1,DZI,D,0.17344,0.2251,-0.05165,220,189,6590.0,5100.0,1,0,0
8478460,Zach Werenski,CBJ,D,239,V1,DZI,D,0.2013,0.25338,-0.05208,736,763,24560.0,24832.0,1,0,0
8481605,Jackson LaCombe,ANA,D,229,V1,DZI,D,0.18835,0.24064,-0.05229,629,682,20738.0,21347.0,1,0,0
8479371,Dante Fabbro,CBJ,D,277,V1,DZI,D,0.18543,0.23785,-0.05242,665,617,21636.0,20496.0,1,0,0
8480192,Johnathan Kovacevic,NJD,D,254,V1,DZI,D,0.18356,0.23603,-0.05246,640,604,21137.0,18947.0,1,0,0
8477506,Ryan Pulock,NYI,D,290,V1,DZI,D,0.1787,0.23169,-0.05299,940,831,26911.0,22988.0,1,0,0
8471274,Alex Goligoski,MIN,D,82,V1,DZI,D,0.1704,0.22399,-0.05359,134,181,4648.0,5478.0,1,0,0
8481609,Vladislav Kolyachonok,BOS,D,55,V1,DZI,D,0.15385,0.20752,-0.05368,78,86,2262.0,2419.0,1,0,0
8483510,Elias Salomonsson,WPG,D,32,V1,DZI,D,0.17264,0.22631,-0.05368,75,81,2485.0,2227.0,1,0,0
8483490,Pavel Mintyukov,ANA,D,203,V1,DZI,D,0.17364,0.22877,-0.05513,431,527,13332.0,15251.0,1,0,0
8480803,Evan Bouchard,EDM,D,326,V1,DZI,D,0.20806,0.26324,-0.05519,742,678,23955.0,21258.0,1,0,0
8477435,Ryan Graves,PIT,D,231,V1,DZI,D,0.19718,0.25243,-0.05525,618,532,20362.0,16234.0,1,0,0
8475764,Cam Fowler,STL,D,312,V1,DZI,D,0.16958,0.2249,-0.05532,825,947,27326.0,29893.0,1,0,0
8476470,Nathan Beaulieu,ANA,D,52,V1,DZI,D,0.15887,0.21448,-0.05561,116,124,3355.0,3357.0,1,0,0
8480871,Adam Boqvist,NYI,D,144,V1,DZI,D,0.13687,0.1926,-0.05573,211,248,7087.0,6672.0,1,0,0
8476467,Jamie Oleksiak,SEA,D,317,V1,DZI,D,0.17765,0.23345,-0.0558,833,910,26788.0,26631.0,1,0,0
8482964,Arber Xhekaj,MTL,D,230,V1,DZI,D,0.18976,0.24573,-0.05597,363,307,11193.0,9197.0,1,0,0
8478136,Jake Middleton,MIN,D,301,V1,DZI,D,0.20095,0.25693,-0.05598,782,923,25056.0,26930.0,1,0,0
8481600,Tobias Bjornfot,FLA,D,47,V1,DZI,D,0.19674,0.25281,-0.05606,65,81,2150.0,2136.0,1,0,0
8475181,Nick Leddy,SJS,D,223,V1,DZI,D,0.18441,0.24054,-0.05613,643,667,21501.0,20288.0,1,0,0
8478450,Parker Wotherspoon,PIT,D,188,V1,DZI,D,0.19569,0.25223,-0.05655,438,459,14278.0,13773.0,1,0,0
8475279,Ben Chiarot,DET,D,316,V1,DZI,D,0.17462,0.23118,-0.05656,937,952,28845.0,27628.0,1,0,0
8479323,Adam Fox,NYR,D,283,V1,DZI,D,0.20117,0.25821,-0.05704,725,635,23279.0,19732.0,1,0,0
8480834,Ty Emberson,EDM,D,177,V1,DZI,D,0.16057,0.21833,-0.05775,393,337,12362.0,10182.0,1,0,0
8474013,Ian Cole,UTA,D,319,V1,DZI,D,0.19821,0.25623,-0.05801,774,696,22612.0,20119.0,1,0,0
8477845,Trevor van Riemsdyk,WSH,D,295,V1,DZI,D,0.17455,0.23255,-0.05801,658,656,20602.0,20146.0,1,0,0
8474590,John Carlson,ANA,D,271,V1,DZI,D,0.18668,0.24514,-0.05845,729,724,22455.0,20723.0,1,0,0
8476931,Jake McCabe,TOR,D,295,V1,DZI,D,0.16577,0.22436,-0.0586,929,773,28745.0,22361.0,1,0,0
8479576,Vincent Desharnais,SJS,D,218,V1,DZI,D,0.19037,0.24904,-0.05867,464,397,14472.0,11962.0,1,0,0
8481524,Bowen Byram,BUF,D,279,V1,DZI,D,0.18814,0.24717,-0.05903,767,815,24487.0,25622.0,1,0,0
8475747,Patrik Nemeth,UTA,D,75,V1,DZI,D,0.14021,0.19928,-0.05907,147,203,4429.0,5861.0,1,0,0
8484798,Zeev Buium,VAN,D,75,V1,DZI,D,0.19894,0.25807,-0.05914,160,148,5263.0,4305.0,1,0,0
8482655,J.J. Moser,TBL,D,295,V1,DZI,D,0.16142,0.22065,-0.05923,745,811,22953.0,23757.0,1,0,0
8481541,Samuel Bolduc,NYI,D,52,V1,DZI,D,0.11606,0.17595,-0.05989,96,77,2895.0,2279.0,1,0,0
8482111,Justin Barron,NSH,D,200,V1,DZI,D,0.19506,0.25502,-0.05996,413,382,12273.0,10811.0,1,0,0
8481606,Jordan Spence,OTT,D,229,V1,DZI,D,0.17771,0.23782,-0.06011,396,329,12436.0,9793.0,1,0,0
8475171,Oliver Ekman-Larsson,TOR,D,289,V1,DZI,D,0.1573,0.21743,-0.06013,765,651,21812.0,18351.0,1,0,0
8475790,Erik Gudbranson,CBJ,D,201,V1,DZI,D,0.17675,0.23717,-0.06041,558,602,17103.0,18274.0,1,0,0
8478859,Niko Mikkola,FLA,D,307,V1,DZI,D,0.18576,0.24639,-0.06063,734,716,21921.0,21304.0,1,0,0
8475179,Dmitry Kulikov,FLA,D,232,V1,DZI,D,0.162,0.22264,-0.06064,526,534,15086.0,15882.0,1,0,0
8474612,Travis Hamonic,DET,D,208,V1,DZI,D,0.1544,0.21515,-0.06075,519,450,14339.0,12303.0,1,0,0
8481806,Louis Crevier,CHI,D,134,V1,DZI,D,0.15912,0.21989,-0.06077,400,397,12192.0,10446.0,1,0,0
8480172,Jan Rutta,SJS,D,180,V1,DZI,D,0.16429,0.2251,-0.0608,475,440,14316.0,12879.0,1,0,0
8477541,Dakota Mermis,TOR,D,64,V1,DZI,D,0.16405,0.22494,-0.06089,87,87,2609.0,2743.0,1,0,0
8475200,Dmitry Orlov,SJS,D,305,V1,DZI,D,0.19177,0.25305,-0.06129,743,687,23174.0,21130.0,1,0,0
8482245,Artem Zub,OTT,D,259,V1,DZI,D,0.18551,0.2474,-0.06188,834,698,25901.0,20162.0,1,0,0
8479458,Nikita Zaitsev,CHI,D,84,V1,DZI,D,0.15424,0.21642,-0.06218,178,168,5446.0,4542.0,1,0,0
8476875,Mike Matheson,MTL,D,288,V1,DZI,D,0.19425,0.25644,-0.06219,942,929,29298.0,29586.0,1,0,0
8481572,Ville Heinola,WPG,D,32,V1,DZI,D,0.17754,0.23983,-0.06228,45,44,1594.0,1376.0,0,0,0
8478013,Jake Walman,EDM,D,243,V1,DZI,D,0.18024,0.24309,-0.06285,639,626,19951.0,18787.0,1,0,0
8483448,Isaiah George,NYI,D,37,V1,DZI,D,0.15776,0.2209,-0.06314,83,66,2339.0,2096.0,1,0,0
8476449,Scott Harrington,ANA,D,45,V1,DZI,D,0.19702,0.26033,-0.06331,132,122,3690.0,3968.0,1,0,0
8481542,Moritz Seider,DET,D,328,V1,DZI,D,0.17699,0.24089,-0.0639,1043,1042,34646.0,32679.0,1,0,0
8481581,Thomas Harley,DAL,D,233,V1,DZI,D,0.18482,0.24893,-0.06411,695,554,23975.0,16856.0,1,0,0
8483460,David Jiricek,PHI,D,85,V1,DZI,D,0.16852,0.23278,-0.06426,161,147,5406.0,4790.0,1,0,0
8481206,John Ludvig,COL,D,41,V1,DZI,D,0.15828,0.22262,-0.06434,82,71,2483.0,1972.0,1,0,0
8480160,Radim Simek,SJS,D,44,V1,DZI,D,0.15154,0.2162,-0.06466,114,122,2897.0,3136.0,1,0,0
8480043,Timothy Liljegren,WSH,D,238,V1,DZI,D,0.17022,0.23491,-0.06469,598,573,17054.0,15742.0,1,0,0
8480084,Nick DeSimone,UTA,D,97,V1,DZI,D,0.16389,0.22893,-0.06504,167,138,4747.0,3643.0,1,0,0
8476312,Josh Manson,COL,D,230,V1,DZI,D,0.1895,0.25473,-0.06523,559,616,16565.0,18243.0,1,0,0
8481527,Kaedan Korczak,VGK,D,154,V1,DZI,D,0.17165,0.2372,-0.06555,304,286,10061.0,9102.0,1,0,0
8477433,Ben Harpur,NYR,D,42,V1,DZI,D,0.18677,0.25272,-0.06595,64,71,1799.0,2204.0,1,0,0
8474567,Zach Bogosian,MIN,D,233,V1,DZI,D,0.16691,0.23335,-0.06644,431,473,13283.0,14292.0,1,1,1
8478454,Noah Juulsen,PHI,D,153,V1,DZI,D,0.15267,0.21958,-0.06691,318,286,8528.0,7036.0,1,0,0
8479387,Keaton Middleton,COL,D,44,V1,DZI,D,0.18683,0.25409,-0.06726,61,56,1868.0,2019.0,1,0,0
8480336,Sean Walker,CAR,D,314,V1,DZI,D,0.20067,0.2681,-0.06743,672,663,19863.0,19679.0,1,0,0
8480049,Dylan Samberg,WPG,D,266,V1,DZI,D,0.18624,0.25419,-0.06795,575,560,18562.0,17141.0,1,0,0
8483620,Marcus Bjork,CBJ,D,33,V1,DZI,D,0.18096,0.24909,-0.06813,89,89,2658.0,2750.0,1,0,0
8481546,Cam York,PHI,D,276,V1,DZI,D,0.17103,0.23918,-0.06815,764,707,21189.0,19299.0,1,0,0
8477938,Haydn Fleury,WPG,D,129,V1,DZI,D,0.15743,0.22566,-0.06822,240,227,7546.0,6953.0,1,0,0
8474568,Luke Schenn,BUF,D,259,V1,DZI,D,0.17736,0.24612,-0.06876,523,514,15663.0,14688.0,1,0,0
8481178,Egor Zamula,CBJ,D,176,V1,DZI,D,0.17301,0.24181,-0.06881,297,275,9387.0,7998.0,1,0,0
8475690,Chris Tanev,TOR,D,226,V1,DZI,D,0.15582,0.22482,-0.06899,719,613,19445.0,16240.0,1,0,0
8477346,MacKenzie Weegar,UTA,D,322,V1,DZI,D,0.18348,0.25287,-0.06939,933,895,26068.0,24242.0,1,0,0
8481743,Marc Del Gaizo,NSH,D,55,V1,DZI,D,0.17902,0.24853,-0.06951,119,107,3346.0,3070.0,1,0,0
8483503,Owen Pickering,PIT,D,29,V1,DZI,D,0.13483,0.20447,-0.06964,55,58,1691.0,1565.0,1,0,0
8476917,Adam Pelech,NYI,D,261,V1,DZI,D,0.18743,0.25714,-0.06971,881,770,24894.0,20969.0,1,0,0
8484258,Sam Malinski,COL,D,180,V1,DZI,D,0.19983,0.26986,-0.07003,399,401,13011.0,11832.0,1,0,0
8482094,Daemon Hunt,MIN,D,45,V1,DZI,D,0.14713,0.21723,-0.0701,57,78,1604.0,2182.0,1,0,0
8482166,Shakir Mukhamadullin,SJS,D,83,V1,DZI,D,0.18726,0.25758,-0.07033,184,235,5869.0,7023.0,1,0,0
8484305,Zach Metsa,BUF,D,43,V1,DZI,D,0.16726,0.23954,-0.07228,49,75,1692.0,2413.0,0,0,0
8481056,Spencer Stastney,EDM,D,117,V1,DZI,D,0.19345,0.26641,-0.07296,245,215,6963.0,5803.0,1,0,0
8482122,Brock Faber,MIN,D,242,V1,DZI,D,0.19445,0.26746,-0.07301,714,826,22648.0,25473.0,1,0,0
8477499,Rasmus Ristolainen,PHI,D,212,V1,DZI,D,0.1562,0.22945,-0.07326,573,552,17382.0,15903.0,1,0,0
8474207,Nick Holden,OTT,D,65,V1,DZI,D,0.13759,0.21095,-0.07335,126,112,3663.0,2887.0,1,0,0
8482165,Yan Kuznetsov,CGY,D,58,V1,DZI,D,0.18068,0.25425,-0.07358,130,143,3581.0,3646.0,1,0,0
8477495,Seth Jones,FLA,D,254,V1,DZI,D,0.16646,0.24122,-0.07476,667,737,21645.0,23601.0,1,0,0
8482624,Daniil Miromanov,CGY,D,83,V1,DZI,D,0.1614,0.23686,-0.07545,249,225,7441.0,5953.0,1,0,0
8482176,Wyatt Kaiser,CHI,D,175,V1,DZI,D,0.15058,0.22606,-0.07549,339,414,10845.0,13390.0,1,0,0
8482105,Jake Sanderson,OTT,D,303,V1,DZI,D,0.16814,0.24405,-0.07591,944,774,27066.0,21778.0,1,0,0
8475857,Kevin Gravel,NSH,D,29,V1,DZI,D,0.12418,0.20141,-0.07723,49,49,1667.0,1564.0,0,0,0
8474565,Alex Pietrangelo,VGK,D,209,V1,DZI,D,0.20164,0.27896,-0.07733,535,579,17125.0,18594.0,1,0,0
8477810,Joel Hanley,CGY,D,189,V1,DZI,D,0.16524,0.24352,-0.07828,417,351,11462.0,9564.0,1,0,0
8477971,Andreas Englund,NSH,D,167,V1,DZI,D,0.16379,0.24236,-0.07857,282,248,7827.0,7295.0,1,0,0
8477948,Travis Sanheim,PHI,D,325,V1,DZI,D,0.16584,0.24459,-0.07875,969,934,28962.0,27221.0,1,0,0
8478507,John Marino,UTA,D,253,V1,DZI,D,0.18028,0.25934,-0.07906,751,600,22759.0,18119.0,1,0,0
8480873,Rasmus Sandin,WSH,D,294,V1,DZI,D,0.16466,0.24403,-0.07937,699,704,23066.0,22145.0,1,0,0
8484240,Tom Willander,VAN,D,69,V1,DZI,D,0.16182,0.24211,-0.08029,132,146,4128.0,4118.0,1,0,0
8476463,Jonas Brodin,MIN,D,234,V1,DZI,D,0.18867,0.2693,-0.08063,634,663,19940.0,20160.0,1,0,0
8475750,Jon Merrill,MIN,D,208,V1,DZI,D,0.1591,0.23995,-0.08085,299,354,9378.0,10569.0,1,0,0
8476372,Nick Seeler,PHI,D,305,V1,DZI,D,0.17048,0.25243,-0.08195,572,593,16700.0,16896.0,1,0,0
8479324,Ryan Lindgren,SEA,D,286,V1,DZI,D,0.16746,0.24964,-0.08219,718,700,22573.0,20353.0,1,0,0
8474145,Robert Bortuzzo,UTA,D,87,V1,DZI,D,0.13893,0.22347,-0.08454,113,134,2800.0,3383.0,1,0,0
8474166,Alec Martinez,CHI,D,176,V1,DZI,D,0.17884,0.26364,-0.0848,425,464,14292.0,14311.0,1,0,0
8482482,Adam Wilsby,NSH,D,80,V1,DZI,D,0.17688,0.26178,-0.0849,206,205,5925.0,5413.0,1,0,0
8482144,Jack Thompson,SJS,D,34,V1,DZI,D,0.17077,0.25583,-0.08506,50,66,1423.0,1931.0,1,0,0
8480058,Pierre-Olivier Joseph,VAN,D,205,V1,DZI,D,0.1741,0.25944,-0.08534,402,340,11620.0,10014.0,1,0,0
8471303,Alexander Edler,LAK,D,64,V1,DZI,D,0.18913,0.27481,-0.08567,102,108,3479.0,3537.0,1,0,0
8479378,Logan Stanley,BUF,D,183,V1,DZI,D,0.15213,0.23813,-0.086,354,327,11812.0,10196.0,1,0,0
8479945,Gavin Bayreuther,CBJ,D,51,V1,DZI,D,0.19174,0.28009,-0.08835,90,111,3051.0,3481.0,1,0,0
8480878,Nils Lundkvist,DAL,D,210,V1,DZI,D,0.16373,0.25596,-0.09223,484,413,14744.0,11240.0,1,0,0
8477244,Chad Ruhwedel,NYR,D,104,V1,DZI,D,0.15645,0.24961,-0.09316,215,166,5989.0,4479.0,1,0,0
8481564,Ryan Johnson,BUF,D,47,V1,DZI,D,0.23634,0.33174,-0.0954,58,75,2306.0,2306.0,1,0,0
8485366,Matthew Schaefer,NYI,D,82,V1,DZI,D,0.15694,0.25827,-0.10134,206,174,6665.0,5227.0,1,0,0
8480073,Erik Brannstrom,VAN,D,178,V1,DZI,D,0.1606,0.26235,-0.10175,303,295,8163.0,8279.0,1,0,0
8478017,Mark Friedman,VAN,D,51,V1,DZI,D,0.09588,0.20164,-0.10576,71,74,1846.0,1706.0,1,0,0
8481593,Jayden Struble,MTL,D,171,V1,DZI,D,0.1681,0.27546,-0.10736,259,229,8352.0,6981.0,1,0,0
8482911,Joel Nystrom,CAR,D,38,V1,DZI,D,0.14517,0.25326,-0.10809,61,63,1481.0,1686.0,1,0,0
8483457,Lane Hutson,MTL,D,166,V1,DZI,D,0.17143,0.28286,-0.11143,323,298,10080.0,9754.0,1,0,0
8475755,Alexander Petrovic,DAL,D,60,V1,DZI,D,0.12668,0.23857,-0.11189,115,132,3568.0,3982.0,1,0,0
8481525,Matthew Robertson,NYR,D,74,V1,DZI,D,0.17846,0.29087,-0.11241,166,135,4875.0,3658.0,1,0,0
8479439,Jacob MacDonald,SJS,D,92,V1,DZI,D,0.15749,0.27017,-0.11268,120,166,3340.0,4834.0,1,1,3
8478502,Dennis Gilbert,OTT,D,94,V1,DZI,D,0.11217,0.22727,-0.1151,129,105,3450.0,2552.0,1,0,0
8482861,Vincent Iorio,NYR,D,36,V1,DZI,D,0.18061,0.30121,-0.1206,57,48,1733.0,1650.0,0,0,0
8484386,Dmitri Simashev,UTA,D,27,V1,DZI,D,0.14286,0.26514,-0.12228,49,58,1442.0,1569.0,0,0,0
8475227,Chris Wideman,MTL,D,46,V1,DZI,D,0.1559,0.27997,-0.12408,80,54,2399.0,1543.0,1,0,0
8477073,Kurtis MacDermid,OTT,D,131,V1,DZI,D,0.15873,0.28371,-0.12498,95,101,2142.0,2633.0,1,2,1
8478430,Oliver Kylington,ANA,D,52,V1,DZI,D,0.12842,0.25344,-0.12502,93,94,2702.0,2470.0,1,0,0
8484768,Zayne Parekh,CGY,D,37,V1,DZI,D,0.16703,0.30039,-0.13336,30,41,916.0,1032.0,0,0,0
8484150,Hunter Brzustewicz,CGY,D,34,V1,DZI,D,0.15477,0.30694,-0.15217,56,46,1751.0,1528.0,0,0,0
8483768,Victor Mancini,VAN,D,55,V1,DZI,D,0.11007,0.26855,-0.15848,84,94,2553.0,2938.0,1,0,0
8478476,Kyle Capobianco,DAL,D,48,V1,DZI,D,0.12151,0.30262,-0.18112,58,65,1539.0,1791.0,1,0,0
8483472,Maveric Lamoureux,UTA,D,20,V1,DZI,D,0.14703,0.33142,-0.18439,46,32,1231.0,1047.0,0,0,0
8478021,William Lagesson,DET,D,47,V1,DZI,D,0.15591,0.36934,-0.21343,59,64,1905.0,2009.0,1,0,0
8480844,Grigori Denisenko,VGK,L,25,V1,DZI,D,0.24554,0.10223,0.1433,37,32,1120.0,851.0,0,0,1
8481077,John Leonard,DET,L,23,V1,DZI,D,0.21702,0.14818,0.06884,30,40,940.0,1073.0,0,0,0
8481133,Cole Reinhardt,FLA,L,76,V1,DZI,D,0.19719,0.17189,0.02531,102,92,3134.0,2746.0,1,8,4
8483455,Isaac Howard,EDM,L,29,V1,DZI,D,0.24071,0.21691,0.0238,32,21,1184.0,627.0,0,0,0
8483445,Cutter Gauthier,ANA,L,158,V1,DZI,D,0.23363,0.21301,0.02063,286,317,8753.0,9211.0,1,64,87
8474709,Matt Martin,NYI,L,170,V1,DZI,D,0.22783,0.20749,0.02034,279,238,8603.0,7022.0,1,23,34
8481725,Elmer Soderblom,PIT,L,106,V1,DZI,D,0.20328,0.18364,0.01964,198,197,6346.0,5647.0,1,7,18
8479533,Joona Koppanen,PIT,L,33,V1,DZI,D,0.19136,0.17498,0.01638,77,76,2592.0,2246.0,1,50,53
8478147,Bokondji Imama,PIT,L,29,V1,DZI,D,0.15007,0.13686,0.01321,22,17,673.0,548.0,0,0,0
8477944,Jakub Vrana,NSH,L,85,V1,DZI,D,0.17919,0.16717,0.01202,104,114,3315.0,3308.0,1,6,27
8482222,Alexander Barabanov,SJS,L,114,V1,DZI,D,0.22712,0.21774,0.00938,237,285,7529.0,8749.0,1,3,5
8473473,Milan Lucic,BOS,L,81,V1,DZI,D,0.20459,0.19691,0.00768,99,113,3050.0,3047.0,1,17,21
8479423,Alex Nylander,TOR,L,42,V1,DZI,D,0.23083,0.22362,0.00721,70,74,2621.0,1990.0,1,11,8
8475791,Taylor Hall,CAR,L,228,V1,DZI,D,0.23476,0.23118,0.00358,350,359,11271.0,9962.0,1,53,67
8477482,Zachary Sanford,CHI,L,45,V1,DZI,D,0.1778,0.17613,0.00167,62,61,2306.0,2061.0,1,43,88
8478067,Oskar Lindblom,SJS,L,74,V1,DZI,D,0.20785,0.20651,0.00134,117,100,3108.0,2736.0,1,8,10
8483395,Arshdeep Bains,VAN,L,49,V1,DZI,D,0.19567,0.19548,0.00019,54,54,1523.0,1504.0,1,4,14
8475184,Chris Kreider,ANA,L,303,V1,DZI,D,0.20107,0.20645,-0.00538,572,564,16944.0,16372.0,1,94,143
8477476,Artturi Lehkonen,COL,L,247,V1,DZI,D,0.21357,0.22071,-0.00714,469,502,14679.0,14485.0,1,9,25
8479536,Axel Jonsson-Fjallby,WPG,L,76,V1,DZI,D,0.21367,0.22152,-0.00785,106,69,3028.0,1896.0,1,1,4
8481592,Jakob Pelletier,TBL,L,91,V1,DZI,D,0.1868,0.19669,-0.00989,131,111,3849.0,3325.0,1,14,28
8481711,Matias Maccelli,TOR,L,272,V1,DZI,D,0.21681,0.22853,-0.01173,481,497,15590.0,14917.0,1,13,18
8483499,Liam Ohgren,VAN,L,96,V1,DZI,D,0.23372,0.24777,-0.01406,149,146,5404.0,4605.0,1,9,13
8475784,Jeff Skinner,SJS,L,257,V1,DZI,D,0.19144,0.20676,-0.01533,368,397,11983.0,11767.0,1,161,198
8475193,Tomas Tatar,NJD,L,226,V1,DZI,D,0.19702,0.21429,-0.01727,415,342,11933.0,9912.0,1,23,38
8483513,Reid Schaefer,NSH,L,46,V1,DZI,D,0.22903,0.2465,-0.01747,77,84,1991.0,2357.0,1,1,7
8481582,Nicholas Robertson,TOR,L,218,V1,DZI,D,0.21988,0.23887,-0.01899,305,266,8832.0,7816.0,1,19,24
8477479,Tyler Bertuzzi,CHI,L,291,V1,DZI,D,0.20404,0.22317,-0.01913,559,559,19447.0,18228.0,1,66,89
8477962,Brendan Lemieux,CAR,L,77,V1,DZI,D,0.188,0.20779,-0.01979,68,68,2117.0,2002.0,1,11,18
8476915,Jujhar Khaira,MIN,L,52,V1,DZI,D,0.20275,0.22331,-0.02057,98,68,3275.0,2136.0,1,125,124
8482077,Dylan Holloway,STL,L,224,V1,DZI,D,0.23302,0.25382,-0.02079,342,337,11870.0,10409.0,1,113,144
8477947,Sonny Milano,WSH,L,147,V1,DZI,D,0.21908,0.24026,-0.02118,166,182,5418.0,5444.0,1,8,4
8476934,Brock McGinn,ANA,L,125,V1,DZI,D,0.17828,0.19952,-0.02124,288,243,8481.0,7478.0,1,5,14
8471214,Alex Ovechkin,WSH,L,299,V1,DZI,D,0.16978,0.19104,-0.02126,248,275,7327.0,7726.0,1,5,9
8478398,Kyle Connor,WPG,L,310,V1,DZI,D,0.223,0.24593,-0.02293,515,570,18740.0,20014.0,1,4,11
8482157,Will Cuylle,NYR,L,249,V1,DZI,D,0.20525,0.22821,-0.02297,448,393,13345.0,11187.0,1,34,52
8478115,Pierre Engvall,NYI,L,212,V1,DZI,D,0.2321,0.25579,-0.02369,340,345,11034.0,10321.0,1,52,75
8475314,Anders Lee,NYI,L,327,V1,DZI,D,0.20777,0.23212,-0.02435,654,563,19940.0,16625.0,1,88,89
8477426,Nick Paul,TBL,L,289,V1,DZI,D,0.19635,0.22165,-0.0253,658,562,20759.0,16576.0,1,1297,1182
8477942,Kevin Fiala,LAK,L,288,V1,DZI,D,0.21881,0.24513,-0.02632,574,528,19830.0,17040.0,1,38,70
8479339,Patrik Laine,MTL,L,130,V1,DZI,D,0.20414,0.23065,-0.02651,173,186,6476.0,6382.0,1,54,92
8476921,Jordan Martinook,CAR,L,320,V1,DZI,D,0.22201,0.2487,-0.02668,797,631,23814.0,18774.0,1,127,130
8479368,Max Jones,EDM,L,168,V1,DZI,D,0.17451,0.20149,-0.02698,261,287,8263.0,8715.0,1,14,21
8476410,Josh Leivo,STL,L,51,V1,DZI,D,0.13834,0.16536,-0.02702,71,77,2277.0,2431.0,1,3,4
8478109,Victor Olofsson,CGY,L,260,V1,DZI,D,0.18601,0.21312,-0.02711,373,420,12709.0,13593.0,1,4,19
8477330,Dominik Kubalik,OTT,L,155,V1,DZI,D,0.16451,0.1922,-0.02769,240,243,7495.0,6592.0,1,24,32
8481535,Nils Hoglander,VAN,L,214,V1,DZI,D,0.19524,0.22296,-0.02772,340,297,10428.0,8840.0,1,1,2
8479314,Matthew Tkachuk,FLA,L,242,V1,DZI,D,0.2161,0.24422,-0.02812,418,463,12878.0,13066.0,1,12,18
8476882,Teuvo Teravainen,CHI,L,301,V1,DZI,D,0.19212,0.22027,-0.02815,512,565,15756.0,17506.0,1,134,159
8479066,Ryan Lomberg,CGY,L,294,V1,DZI,D,0.20372,0.23189,-0.02817,396,392,11717.0,11488.0,1,28,44
8482476,Emil Heineman,NYI,L,148,V1,DZI,D,0.1901,0.21928,-0.02918,254,248,7959.0,8145.0,1,4,16
8478421,A.J. Greer,FLA,L,279,V1,DZI,D,0.2029,0.23231,-0.02941,343,314,10621.0,8760.0,1,27,52
8477402,Pavel Buchnevich,STL,L,299,V1,DZI,D,0.20103,0.23048,-0.02945,609,663,19803.0,20648.0,1,286,514
8479542,Brandon Hagel,TBL,L,316,V1,DZI,D,0.21082,0.24135,-0.03054,662,605,23319.0,19606.0,1,64,116
8477404,Jake Guentzel,TBL,L,306,V1,DZI,D,0.19817,0.22941,-0.03124,590,596,17929.0,17087.0,1,254,283
8475169,Evander Kane,VAN,L,189,V1,DZI,D,0.23521,0.26653,-0.03132,426,380,15484.0,12340.0,1,52,71
8477425,Miles Wood,CBJ,L,241,V1,DZI,D,0.20587,0.23746,-0.03158,490,455,14946.0,13076.0,1,19,47
8478975,Mason Marchment,CBJ,L,279,V1,DZI,D,0.21638,0.24843,-0.03205,546,501,17224.0,14833.0,1,31,41
8484180,Samuel Honzek,CGY,L,23,V1,DZI,D,0.20069,0.23446,-0.03377,63,49,1734.0,1271.0,0,6,5
8477930,Pierre-Edouard Bellemare,SEA,L,113,V1,DZI,D,0.23622,0.27022,-0.034,118,135,3429.0,4315.0,1,381,325
8478233,Andrew Mangiapane,CHI,L,300,V1,DZI,D,0.19445,0.22845,-0.034,561,535,17907.0,16914.0,1,13,25
8476878,Zemgus Girgensons,TBL,L,299,V1,DZI,D,0.19356,0.22832,-0.03475,520,582,16315.0,17997.0,1,266,314
8481732,Andre Lee,LAK,L,26,V1,DZI,D,0.24698,0.28197,-0.03499,18,27,579.0,915.0,0,0,0
8473986,Alex Killorn,ANA,L,308,V1,DZI,D,0.19783,0.23402,-0.03618,576,620,19557.0,19926.0,1,46,86
8477839,Conor Sheary,NYR,L,206,V1,DZI,D,0.21076,0.24754,-0.03678,324,320,10092.0,9546.0,1,27,30
8482109,Alexis Lafrenière,NYR,L,327,V1,DZI,D,0.20239,0.23919,-0.0368,465,423,15811.0,13065.0,1,59,143
8483491,Ivan Miroshnichenko,WSH,L,52,V1,DZI,D,0.17094,0.20868,-0.03775,68,64,2381.0,2027.0,1,0,2
8470610,Zach Parise,COL,L,112,V1,DZI,D,0.17286,0.21074,-0.03789,262,209,7943.0,6107.0,1,17,34
8482062,Cole Smith,VGK,L,283,V1,DZI,D,0.1994,0.23731,-0.03791,628,507,19142.0,15604.0,1,17,30
8476455,Gabriel Landeskog,COL,L,60,V1,DZI,D,0.20761,0.246,-0.03839,129,124,4234.0,3622.0,1,85,65
8479981,Jonah Gadjovich,FLA,L,126,V1,DZI,D,0.19128,0.23034,-0.03906,139,127,3832.0,3777.0,1,4,5
8480220,Noah Cates,PHI,L,301,V1,DZI,D,0.16427,0.20349,-0.03922,595,681,16534.0,18522.0,1,1228,1528
8475235,Nicolas Deslauriers,CAR,L,202,V1,DZI,D,0.22468,0.26404,-0.03935,182,165,5510.0,4738.0,1,10,14
8477955,Jared McCann,SEA,L,293,V1,DZI,D,0.17054,0.20998,-0.03944,533,553,16319.0,15835.0,1,232,257
8477444,Andre Burakovsky,CHI,L,252,V1,DZI,D,0.19518,0.23478,-0.0396,398,420,13290.0,13059.0,1,6,15
8479661,Tanner Jeannot,BOS,L,275,V1,DZI,D,0.21067,0.25047,-0.0398,475,402,15370.0,12169.0,1,45,70
8474102,David Perron,DET,L,266,V1,DZI,D,0.17818,0.21843,-0.04025,499,445,15423.0,12851.0,1,25,37
8474037,James van Riemsdyk,DET,L,275,V1,DZI,D,0.18783,0.22843,-0.0406,409,456,12852.0,12717.0,1,22,33
8479359,Beck Malenstyn,BUF,L,247,V1,DZI,D,0.20917,0.24996,-0.04079,510,555,16733.0,17043.0,1,33,33
8480031,Maxime Comtois,CAR,L,65,V1,DZI,D,0.19007,0.23086,-0.0408,138,168,4751.0,5891.0,1,23,15
8482055,Drew O'Connor,VAN,L,290,V1,DZI,D,0.20399,0.24531,-0.04132,498,483,15231.0,14443.0,1,108,142
8474679,Gustav Nyquist,WPG,L,262,V1,DZI,D,0.18966,0.23133,-0.04167,470,437,14442.0,13081.0,1,36,60
8474884,Mike Hoffman,SJS,L,133,V1,DZI,D,0.18152,0.22339,-0.04188,277,236,8765.0,7677.0,1,24,30
8477573,Nathan Walker,STL,L,219,V1,DZI,D,0.17565,0.21866,-0.043,342,310,10236.0,9069.0,1,228,198
8478550,Artemi Panarin,LAK,L,321,V1,DZI,D,0.20216,0.24529,-0.04313,495,419,16447.0,14016.0,1,6,16
8482089,Jake Neighbours,STL,L,270,V1,DZI,D,0.19686,0.24026,-0.04339,436,492,13644.0,15317.0,1,22,46
8482172,Landon Slaggert,CHI,L,102,V1,DZI,D,0.16777,0.21126,-0.04348,130,175,3910.0,5382.0,1,1,4
8481716,Dmitri Voronkov,CBJ,L,211,V1,DZI,D,0.19627,0.23981,-0.04354,307,384,9981.0,11609.0,1,265,377
8482747,Brennan Othmann,CGY,L,44,V1,DZI,D,0.202,0.24691,-0.04491,45,32,1198.0,972.0,0,0,6
8478046,Danton Heinen,CBJ,L,264,V1,DZI,D,0.2076,0.254,-0.0464,465,410,14605.0,12110.0,1,34,51
8480748,Kiefer Sherwood,SJS,L,249,V1,DZI,D,0.2301,0.27656,-0.04646,465,412,14585.0,12395.0,1,47,55
8478042,Viktor Arvidsson,BOS,L,231,V1,DZI,D,0.19213,0.23901,-0.04688,472,421,15833.0,14012.0,1,42,70
8476438,Brandon Saad,VGK,L,274,V1,DZI,D,0.19536,0.24233,-0.04696,527,554,17777.0,17043.0,1,29,47
8480027,Jason Robertson,DAL,L,328,V1,DZI,D,0.1835,0.23065,-0.04715,761,672,25319.0,20156.0,1,6,13
8474034,Patrick Maroon,CHI,L,199,V1,DZI,D,0.22429,0.27201,-0.04772,271,299,9363.0,9610.0,1,47,66
8481641,Joel Kiviranta,COL,L,255,V1,DZI,D,0.19567,0.24391,-0.04825,440,379,13017.0,11172.0,1,26,22
8478474,Lawson Crouse,UTA,L,319,V1,DZI,D,0.18749,0.23575,-0.04826,628,644,18774.0,18918.0,1,78,138
8473422,Nick Foligno,MIN,L,266,V1,DZI,D,0.18612,0.23444,-0.04833,522,541,16882.0,17019.0,1,543,546
8478498,Jake DeBrusk,VAN,L,306,V1,DZI,D,0.18684,0.23547,-0.04862,666,631,19733.0,19077.0,1,26,42
8475722,Jason Zucker,BUF,L,282,V1,DZI,D,0.19395,0.24276,-0.0488,477,475,14421.0,13977.0,1,46,72
8475786,Zach Hyman,EDM,L,289,V1,DZI,D,0.2161,0.26542,-0.04932,571,535,19431.0,18171.0,1,9,17
8473419,Brad Marchand,FLA,L,278,V1,DZI,D,0.17535,0.22473,-0.04938,666,512,20280.0,14907.0,1,27,55
8483808,Andrei Kuzmenko,LAK,L,271,V1,DZI,D,0.18305,0.23317,-0.05011,373,365,12133.0,11764.0,1,2,0
8482078,Lucas Raymond,DET,L,318,V1,DZI,D,0.17334,0.2236,-0.05026,787,706,24708.0,22084.0,1,8,15
8478864,Kirill Kaprizov,MIN,L,261,V1,DZI,D,0.22988,0.28074,-0.05086,449,539,15930.0,19566.0,1,0,2
8477456,J.T. Compher,DET,L,317,V1,DZI,D,0.18909,0.24128,-0.0522,733,749,23730.0,22737.0,1,1720,1813
8473994,Jamie Benn,DAL,L,304,V1,DZI,D,0.15594,0.2085,-0.05256,653,531,19014.0,14374.0,1,881,591
8477478,William Carrier,CAR,L,208,V1,DZI,D,0.21995,0.27314,-0.05319,404,349,12162.0,9486.0,1,20,31
8477940,Nikolaj Ehlers,CAR,L,278,V1,DZI,D,0.1926,0.24611,-0.0535,427,450,13006.0,14063.0,1,12,34
8477941,Nick Ritchie,CGY,L,74,V1,DZI,D,0.18148,0.2352,-0.05372,100,157,2926.0,4171.0,1,2,7
8478431,Evgeny Svechnikov,SJS,L,59,V1,DZI,D,0.15796,0.2127,-0.05474,117,87,3178.0,2299.0,1,5,4
8482451,Mikael Pyyhtia,CBJ,L,71,V1,DZI,D,0.21135,0.26625,-0.0549,126,133,4211.0,4015.0,1,3,4
8477527,Ross Johnston,ANA,L,189,V1,DZI,D,0.20134,0.25638,-0.05504,239,242,7490.0,7602.0,1,8,11
8477454,Adam Erne,DAL,L,130,V1,DZI,D,0.18368,0.23939,-0.05571,190,188,5858.0,5255.0,1,16,25
8484994,Igor Chernyshov,SJS,L,27,V1,DZI,D,0.24717,0.30373,-0.05655,45,50,1327.0,1610.0,0,0,0
8482132,Brett Berard,NYR,L,48,V1,DZI,D,0.15535,0.212,-0.05664,72,59,2195.0,1934.0,1,3,4
8481065,Angus Crookshank,NJD,L,29,V1,DZI,D,0.22039,0.2784,-0.05801,40,39,1334.0,898.0,0,2,4
8475220,Marcus Foligno,MIN,L,253,V1,DZI,D,0.20468,0.2627,-0.05802,480,517,16587.0,16540.0,1,26,30
8481604,Pavel Dorofeyev,VGK,L,230,V1,DZI,D,0.18831,0.24649,-0.05818,395,354,13276.0,11822.0,1,5,15
8479705,Jeffrey Viel,ANA,L,53,V1,DZI,D,0.172,0.23077,-0.05877,98,83,2593.0,2418.0,1,2,3
8476346,Johnny Gaudreau,CBJ,L,161,V1,DZI,D,0.2039,0.26428,-0.06039,389,352,14061.0,12445.0,1,0,0
8478104,Sammy Blais,MTL,L,145,V1,DZI,D,0.19037,0.2515,-0.06113,162,178,5379.0,5658.0,1,5,14
8475287,Erik Haula,NSH,L,306,V1,DZI,D,0.17207,0.23338,-0.06131,652,601,19085.0,16501.0,1,1582,1377
8477494,Jonathan Drouin,STL,L,244,V1,DZI,D,0.2197,0.28148,-0.06178,371,448,12121.0,13557.0,1,272,310
8479400,Pierre-Luc Dubois,WSH,L,266,V1,DZI,D,0.1833,0.24544,-0.06215,520,547,16645.0,17120.0,1,1434,1515
8477407,Anthony Duclair,NYI,L,199,V1,DZI,D,0.16842,0.23056,-0.06215,393,388,12095.0,11589.0,1,21,32
8476887,Filip Forsberg,NSH,L,295,V1,DZI,D,0.17156,0.23572,-0.06415,560,584,16338.0,17169.0,1,24,39
8478028,Fredrik Olofsson,COL,L,85,V1,DZI,D,0.18352,0.24767,-0.06415,102,110,2997.0,3541.0,1,129,182
8482720,Matthew Knies,TOR,L,240,V1,DZI,D,0.1929,0.25722,-0.06432,501,441,16926.0,14163.0,1,0,6
8475766,Austin Watson,DET,L,121,V1,DZI,D,0.18038,0.24485,-0.06447,181,183,4679.0,4999.0,1,6,10
8479293,Brandon Tanev,UTA,L,282,V1,DZI,D,0.17669,0.24144,-0.06475,491,492,14166.0,13382.0,1,19,58
8478413,Jordan Greenway,BUF,L,203,V1,DZI,D,0.18482,0.25026,-0.06544,399,427,12309.0,13258.0,1,19,69
8480797,Joel Farabee,CGY,L,326,V1,DZI,D,0.19121,0.25666,-0.06545,568,599,17865.0,17821.0,1,64,104
8479407,Jesper Bratt,NJD,L,327,V1,DZI,D,0.19012,0.25572,-0.0656,557,531,17042.0,15290.0,1,9,17
8481043,Cole Koepke,WPG,L,164,V1,DZI,D,0.15053,0.21691,-0.06638,261,262,7673.0,6980.0,1,0,4
8479356,Kieffer Bellows,NSH,L,47,V1,DZI,D,0.20488,0.2713,-0.06642,57,59,1557.0,1843.0,1,4,16
8477998,Warren Foegele,OTT,L,299,V1,DZI,D,0.20369,0.27031,-0.06662,596,539,19039.0,15904.0,1,44,51
8479619,Michael Carcone,UTA,L,214,V1,DZI,D,0.19291,0.26135,-0.06844,333,353,10466.0,9914.0,1,23,28
8481557,Matt Boldy,MIN,L,314,V1,DZI,D,0.20724,0.27579,-0.06855,624,731,21733.0,24968.0,1,145,150
8476858,Phillip Di Giuseppe,VAN,L,101,V1,DZI,D,0.166,0.23499,-0.06899,163,146,5000.0,4064.0,1,5,15
8483515,Juraj Slafkovský,MTL,L,282,V1,DZI,D,0.21728,0.28667,-0.06939,528,512,18446.0,17996.0,1,30,45
8476918,Jimmy Vesey,COL,L,204,V1,DZI,D,0.18032,0.24976,-0.06944,416,379,12977.0,11647.0,1,14,36
8482667,William Eklund,SJS,L,242,V1,DZI,D,0.18887,0.25931,-0.07044,513,567,17430.0,18183.0,1,81,177
8483630,Pavol Regenda,SJS,L,42,V1,DZI,D,0.20773,0.27843,-0.0707,61,78,1733.0,2374.0,1,8,8
8480113,Alex Iafallo,WPG,L,302,V1,DZI,D,0.19546,0.2671,-0.07164,493,441,16883.0,13871.0,1,34,52
8477931,Tomas Nosek,FLA,L,182,V1,DZI,D,0.1753,0.24866,-0.07336,318,243,8973.0,6527.0,1,684,555
8479543,Michael Pezzetta,TOR,L,158,V1,DZI,D,0.21096,0.28529,-0.07432,148,155,4470.0,4676.0,1,15,25
8480801,Brady Tkachuk,OTT,L,295,V1,DZI,D,0.17114,0.2467,-0.07556,600,548,17156.0,14390.0,1,463,470
8480188,Fabian Zetterlund,OTT,L,316,V1,DZI,D,0.1726,0.24855,-0.07595,615,604,19461.0,18511.0,1,48,68
8484145,Zach Benson,BUF,L,211,V1,DZI,D,0.19352,0.27092,-0.07741,355,354,11627.0,11376.0,1,13,24
8482117,Lukas Reichel,BOS,L,187,V1,DZI,D,0.16529,0.24292,-0.07763,226,322,7635.0,9847.0,1,246,364
8475149,Marcus Johansson,MIN,L,305,V1,DZI,D,0.19334,0.27149,-0.07815,580,635,19473.0,20564.0,1,31,54
8479383,Boris Katchouk,TBL,L,120,V1,DZI,D,0.18842,0.2673,-0.07888,184,167,5923.0,5189.0,1,18,36
8476442,Matt Nieto,PIT,L,135,V1,DZI,D,0.16261,0.24149,-0.07888,317,275,10098.0,8046.0,1,9,9
8482116,Tim Stützle,OTT,L,315,V1,DZI,D,0.20572,0.28509,-0.07937,537,531,16469.0,15402.0,1,847,942
8480448,Parker Kelly,COL,L,296,V1,DZI,D,0.19044,0.26998,-0.07954,455,427,13028.0,12090.0,1,322,442
8482241,Radim Zohorna,PIT,L,43,V1,DZI,D,0.20399,0.28517,-0.08118,63,56,2005.0,1578.0,1,23,23
8482742,Zachary L'Heureux,NSH,L,86,V1,DZI,D,0.17196,0.25362,-0.08167,167,170,4315.0,4897.0,1,3,7
8476292,Ondrej Palat,NYI,L,277,V1,DZI,D,0.17476,0.25748,-0.08272,485,436,15547.0,13430.0,1,13,43
8481518,Nolan Foote,FLA,L,29,V1,DZI,D,0.14119,0.22556,-0.08437,40,26,1282.0,900.0,0,1,5
8476871,Tanner Pearson,BUF,L,203,V1,DZI,D,0.1877,0.27218,-0.08448,346,340,11060.0,10210.0,1,13,52
8482408,Jeff Malott,LAK,L,70,V1,DZI,D,0.1728,0.2589,-0.0861,66,92,1985.0,2472.0,1,4,10
8480762,Eric Robinson,CAR,L,268,V1,DZI,D,0.19018,0.27976,-0.08957,458,468,13750.0,14913.0,1,10,42
8478047,Michael Bunting,DAL,L,313,V1,DZI,D,0.17598,0.26571,-0.08974,433,451,13178.0,13428.0,1,18,34
8481789,Tye Kartye,NYR,L,204,V1,DZI,D,0.20378,0.29379,-0.09001,319,286,9952.0,8472.0,1,47,60
8481093,Rafael Harvey-Pinard,PIT,L,81,V1,DZI,D,0.19145,0.28313,-0.09168,119,140,4001.0,4754.0,1,8,25
8477353,Tyler Motte,DET,L,186,V1,DZI,D,0.17322,0.26722,-0.094,257,265,7603.0,8117.0,1,139,169
8478463,Anthony Beauvillier,WSH,L,305,V1,DZI,D,0.18085,0.27841,-0.09757,559,483,17711.0,14949.0,1,75,75
8483597,Milos Kelemen,UTA,L,24,V1,DZI,D,0.14917,0.25835,-0.10918,26,35,724.0,1138.0,0,2,5
8484185,Nick Lardis,CHI,L,41,V1,DZI,D,0.15975,0.27379,-0.11405,44,49,1421.0,1534.0,0,1,1
8481550,Adam Beckman,MIN,L,20,V1,DZI,D,0.25508,0.37075,-0.11567,28,30,984.0,1060.0,0,0,1
8474157,Max Pacioretty,TOR,L,89,V1,DZI,D,0.15519,0.27962,-0.12443,135,139,4066.0,3823.0,1,10,15
8478211,Dryden Hunt,CGY,L,73,V1,DZI,D,0.15705,0.29962,-0.14257,67,97,2254.0,2907.0,1,5,5
8484314,Jiri Smejkal,OTT,L,20,V1,DZI,D,0.20482,0.35873,-0.15391,15,26,415.0,722.0,0,9,15
8484388,Daniil But,UTA,L,29,V1,DZI,D,0.12325,0.288,-0.16475,34,36,1217.0,1000.0,0,6,13
8480468,James Hamblin,EDM,L,41,V1,DZI,D,0.1357,0.30721,-0.17151,45,43,1238.0,1289.0,0,105,92
8480292,Carson Meyer,CBJ,R,28,V1,DZI,D,0.23684,0.15633,0.08051,35,41,1216.0,1177.0,0,0,0
8483756,Jared Wright,LAK,R,22,V1,DZI,D,0.24665,0.18114,0.06551,55,49,1792.0,1336.0,0,0,1
8482749,Joshua Roy,MTL,R,38,V1,DZI,D,0.18689,0.14218,0.04471,54,43,1632.0,1266.0,0,2,4
8481655,Cole Schwindt,FLA,R,76,V1,DZI,D,0.23453,0.19015,0.04439,62,82,1859.0,2314.0,1,191,211
8479644,Matt Luff,STL,R,24,V1,DZI,D,0.20142,0.16038,0.04104,24,32,844.0,742.0,0,0,2
8484860,Matvei Gridin,CGY,R,36,V1,DZI,D,0.22957,0.19048,0.0391,43,37,1285.0,1092.0,0,3,14
8483497,Jani Nyman,SEA,R,39,V1,DZI,D,0.22581,0.19422,0.03158,37,41,1147.0,1385.0,0,3,4
8485493,David Tomasek,EDM,R,22,V1,DZI,D,0.23261,0.20353,0.02908,27,18,963.0,624.0,0,28,34
8475855,Jesper Fast,CAR,R,153,V1,DZI,D,0.23888,0.21475,0.02412,343,257,9867.0,7306.0,1,16,19
8481721,Arseny Gritsyuk,NJD,R,66,V1,DZI,D,0.24234,0.2243,0.01803,119,110,3751.0,3629.0,1,3,8
8480245,Olle Lycksell,OTT,R,52,V1,DZI,D,0.20011,0.18375,0.01637,51,54,1794.0,1981.0,1,4,5
8480833,Vitali Kravtsov,VAN,R,44,V1,DZI,D,0.2181,0.20669,0.01141,48,58,1646.0,2003.0,0,0,3
8482874,Jacob Melanson,SEA,R,37,V1,DZI,D,0.24028,0.23277,0.0075,41,41,1594.0,1306.0,0,1,0
8477473,Justin Bailey,SJS,R,59,V1,DZI,D,0.1634,0.16064,0.00276,100,100,2552.0,2795.0,1,6,10
8478466,Daniel Sprong,NJD,R,172,V1,DZI,D,0.19088,0.18876,0.00212,179,204,5726.0,5944.0,1,8,11
8480789,Oliver Wahlstrom,BOS,R,110,V1,DZI,D,0.20797,0.20642,0.00156,126,108,3587.0,3023.0,1,16,19
8482097,Jack Quinn,BUF,R,258,V1,DZI,D,0.21532,0.21593,-0.00061,410,445,13120.0,13643.0,1,14,32
8477357,Saku Maenalanen,WPG,R,64,V1,DZI,D,0.18657,0.18739,-0.00081,99,76,2964.0,2188.0,1,1,2
8484762,Beckett Sennecke,ANA,R,81,V1,DZI,D,0.26029,0.26409,-0.00379,142,152,4956.0,4597.0,1,0,0
8476453,Nikita Kucherov,TBL,R,317,V1,DZI,D,0.2274,0.2324,-0.005,584,581,20941.0,17780.0,1,0,0
8477953,Kasperi Kapanen,EDM,R,246,V1,DZI,D,0.24305,0.24821,-0.00515,414,443,13750.0,13956.0,1,71,108
8480830,Andrei Svechnikov,CAR,R,274,V1,DZI,D,0.22692,0.23267,-0.00575,493,518,14882.0,14970.0,1,12,16
8483516,Jimmy Snuggerud,STL,R,76,V1,DZI,D,0.26845,0.27534,-0.00689,124,161,4228.0,5179.0,1,2,8
8474573,Josh Bailey,NYI,R,64,V1,DZI,D,0.18297,0.19087,-0.0079,87,85,2760.0,2389.0,1,34,48
8475163,Alex Chiasson,DET,R,20,V1,DZI,D,0.20773,0.21664,-0.00892,21,30,621.0,757.0,0,0,6
8474586,Jordan Eberle,SEA,R,281,V1,DZI,D,0.20774,0.21908,-0.01134,522,577,17830.0,17843.0,1,64,97
8478444,Brock Boeser,VAN,R,304,V1,DZI,D,0.18563,0.19788,-0.01225,642,602,20907.0,17859.0,1,85,142
8484387,Matvei Michkov,PHI,R,161,V1,DZI,D,0.20553,0.21809,-0.01256,229,189,6938.0,5328.0,1,11,18
8471218,Blake Wheeler,NYR,R,126,V1,DZI,D,0.19657,0.20951,-0.01294,223,187,6593.0,5594.0,1,75,60
8475191,Reilly Smith,VGK,R,302,V1,DZI,D,0.19641,0.20977,-0.01336,620,510,19011.0,15436.0,1,26,54
8471887,Patric Hornqvist,FLA,R,22,V1,DZI,D,0.19533,0.20876,-0.01343,19,24,471.0,685.0,0,0,5
8473504,Cal Clutterbuck,NYI,R,131,V1,DZI,D,0.21353,0.2276,-0.01406,274,260,7877.0,6907.0,1,11,22
8480821,Filip Zadina,SJS,R,102,V1,DZI,D,0.22262,0.23736,-0.01474,148,211,5031.0,7398.0,1,13,47
8477511,Anthony Mantha,PIT,R,235,V1,DZI,D,0.2179,0.23344,-0.01554,318,337,10638.0,11018.0,1,23,41
8479344,Jesse Puljujarvi,FLA,R,128,V1,DZI,D,0.22012,0.23587,-0.01575,192,200,5924.0,5876.0,1,1,8
8476469,Joel Armia,LAK,R,256,V1,DZI,D,0.19311,0.20955,-0.01644,453,428,15188.0,13381.0,1,40,67
8473449,Kyle Okposo,FLA,R,142,V1,DZI,D,0.21171,0.22874,-0.01704,245,289,8030.0,9386.0,1,239,248
8482155,Alex Laferriere,LAK,R,239,V1,DZI,D,0.20758,0.2258,-0.01822,468,453,14987.0,13986.0,1,191,264
8479941,Justin Danforth,BUF,R,142,V1,DZI,D,0.21516,0.23392,-0.01876,280,293,9091.0,8691.0,1,421,407
8478414,Timo Meier,NJD,R,304,V1,DZI,D,0.20865,0.22948,-0.02083,746,686,24567.0,21178.0,1,86,135
8482070,Mitchell Chaffee,TBL,R,107,V1,DZI,D,0.18221,0.20406,-0.02185,161,155,4890.0,4734.0,1,9,16
8478432,Christian Fischer,CBJ,R,205,V1,DZI,D,0.17638,0.19995,-0.02357,348,405,10585.0,11568.0,1,93,153
8479336,Carl Grundstrom,PHI,R,211,V1,DZI,D,0.20818,0.23321,-0.02503,255,264,8339.0,8589.0,1,14,31
8478439,Travis Konecny,PHI,R,295,V1,DZI,D,0.2236,0.24927,-0.02567,588,588,18569.0,18209.0,1,95,131
8481517,Brett Leason,WSH,R,190,V1,DZI,D,0.19885,0.22457,-0.02572,309,367,9389.0,11119.0,1,40,72
8482125,Alexander Holtz,VGK,R,183,V1,DZI,D,0.17599,0.20255,-0.02656,233,192,7023.0,5717.0,1,14,36
8481554,Kaapo Kakko,SEA,R,286,V1,DZI,D,0.20341,0.23042,-0.02701,469,453,16017.0,13992.0,1,59,70
8480825,Patrick Giles,SJS,R,20,V1,DZI,D,0.18956,0.21677,-0.02721,23,23,728.0,632.0,0,40,67
8481186,Logan O'Connor,COL,R,231,V1,DZI,D,0.22719,0.25482,-0.02764,484,494,15067.0,15132.0,1,16,31
8482699,Dylan Guenther,UTA,R,227,V1,DZI,D,0.23092,0.25918,-0.02825,334,410,10484.0,12586.0,1,38,65
8475799,Nino Niederreiter,WPG,R,297,V1,DZI,D,0.2061,0.23525,-0.02915,621,582,20723.0,19158.0,1,32,39
8484241,Matthew Wood,NSH,R,76,V1,DZI,D,0.18561,0.21549,-0.02988,81,101,2376.0,3035.0,1,74,117
8481013,Jonatan Berggren,STL,R,204,V1,DZI,D,0.18544,0.21594,-0.0305,323,329,10246.0,9989.0,1,8,17
8482765,Isak Rosen,WPG,R,51,V1,DZI,D,0.22053,0.25178,-0.03125,56,66,1773.0,1684.0,1,2,7
8474149,Evgenii Dadonov,NJD,R,228,V1,DZI,D,0.17383,0.20555,-0.03172,468,350,14681.0,10309.0,1,1,10
8482809,Jackson Blake,CAR,R,162,V1,DZI,D,0.19214,0.22659,-0.03446,213,192,6360.0,5565.0,1,15,24
8479420,Tage Thompson,BUF,R,306,V1,DZI,D,0.20472,0.23934,-0.03462,538,637,16906.0,19052.0,1,1164,1492
8482652,Walker Duehr,WPG,R,94,V1,DZI,D,0.19256,0.22718,-0.03462,93,103,2607.0,2826.0,1,2,16
8481553,Bobby Brink,MIN,R,204,V1,DZI,D,0.17665,0.21142,-0.03477,340,359,11050.0,10562.0,1,35,66
8484210,Gabe Perreault,NYR,R,54,V1,DZI,D,0.16856,0.20423,-0.03566,108,92,3518.0,2698.0,1,5,6
8482659,Josh Doan,BUF,R,144,V1,DZI,D,0.20131,0.23716,-0.03585,255,269,7928.0,7303.0,1,34,57
8479343,Clayton Keller,UTA,R,322,V1,DZI,D,0.18594,0.22234,-0.03641,624,683,20238.0,20990.0,1,57,82
8478366,Frank Vatrano,ANA,R,294,V1,DZI,D,0.18379,0.22024,-0.03645,586,694,19386.0,21286.0,1,30,40
8481601,Simon Holmstrom,NYI,R,279,V1,DZI,D,0.19045,0.22742,-0.03696,557,468,17154.0,13715.0,1,7,23
8479322,Wade Allison,PHI,R,60,V1,DZI,D,0.25357,0.29102,-0.03744,107,117,3569.0,3773.0,1,1,5
8478873,Troy Terry,ANA,R,283,V1,DZI,D,0.1804,0.21832,-0.03793,492,668,16752.0,21427.0,1,22,35
8479414,Nathan Bastian,DAL,R,192,V1,DZI,D,0.18285,0.22084,-0.03799,320,253,9401.0,7503.0,1,28,49
8479379,Givani Smith,COL,R,85,V1,DZI,D,0.19293,0.23096,-0.03803,90,95,2716.0,2758.0,1,2,3
8477979,Nicolas Aube-Kubel,MIN,R,141,V1,DZI,D,0.22025,0.25848,-0.03823,370,343,13035.0,11618.0,1,16,26
8482175,JJ Peterka,UTA,R,317,V1,DZI,D,0.20682,0.24538,-0.03855,533,547,18059.0,17838.0,1,16,37
8484958,Maxim Tsyplakov,NJD,R,126,V1,DZI,D,0.21607,0.25467,-0.0386,190,171,6322.0,5462.0,1,16,19
8482088,Justin Sourdif,WSH,R,82,V1,DZI,D,0.21196,0.2511,-0.03914,181,169,5817.0,5225.0,1,288,346
8481560,Arthur Kaliyev,OTT,R,123,V1,DZI,D,0.19293,0.23252,-0.03959,141,143,4302.0,4434.0,1,0,1
8483733,Nikita Grebenkin,PHI,R,62,V1,DZI,D,0.19617,0.23611,-0.03994,100,84,3084.0,2376.0,1,5,2
8475178,Zack Kassian,UTA,R,51,V1,DZI,D,0.17591,0.21613,-0.04021,73,83,2217.0,2406.0,1,3,5
8478420,Mikko Rantanen,DAL,R,308,V1,DZI,D,0.21077,0.25132,-0.04055,661,693,21597.0,20910.0,1,446,411
8482159,Tyson Foerster,PHI,R,195,V1,DZI,D,0.1806,0.22158,-0.04098,390,445,12082.0,13237.0,1,0,2
8475164,Jakob Silfverberg,ANA,R,162,V1,DZI,D,0.14575,0.187,-0.04126,323,376,9345.0,11032.0,1,24,46
8480893,Kirill Marchenko,CBJ,R,292,V1,DZI,D,0.19455,0.23596,-0.0414,514,587,17404.0,18923.0,1,45,76
8484177,Lenni Hameenaho,NJD,R,33,V1,DZI,D,0.21833,0.26004,-0.04171,76,68,2510.0,2142.0,1,0,5
8477416,Oliver Bjorkstrand,TBL,R,322,V1,DZI,D,0.20576,0.24782,-0.04206,489,524,16937.0,16173.0,1,32,67
8479671,Mathieu Olivier,CBJ,R,263,V1,DZI,D,0.21041,0.2543,-0.04388,553,603,18150.0,19552.0,1,17,47
8476474,Stefan Noesen,NJD,R,275,V1,DZI,D,0.17786,0.22379,-0.04593,432,392,11672.0,10903.0,1,105,121
8481042,Nikolai Kovalenko,SJS,R,58,V1,DZI,D,0.15111,0.19714,-0.04603,94,101,2978.0,2866.0,1,0,4
8479977,Kailer Yamamoto,UTA,R,187,V1,DZI,D,0.21644,0.26252,-0.04608,281,269,9744.0,8708.0,1,52,97
8470621,Corey Perry,TBL,R,288,V1,DZI,D,0.21149,0.25804,-0.04655,330,316,11277.0,9979.0,1,19,30
8477446,Michael McCarron,MIN,R,255,V1,DZI,D,0.20025,0.24692,-0.04667,662,488,18707.0,14102.0,1,1196,1009
8482713,Mackie Samoskevich,FLA,R,156,V1,DZI,D,0.21535,0.26252,-0.04717,203,255,6227.0,7508.0,1,5,9
8476880,Tom Wilson,WSH,R,260,V1,DZI,D,0.19535,0.24257,-0.04722,497,534,17277.0,16956.0,1,18,35
8478099,Kevin Labanc,CBJ,R,152,V1,DZI,D,0.15544,0.20316,-0.04772,272,274,8029.0,7664.0,1,11,17
8476981,Josh Anderson,MTL,R,300,V1,DZI,D,0.2081,0.25634,-0.04825,645,550,21197.0,18214.0,1,73,55
8480025,MacKenzie Entwistle,CHI,R,133,V1,DZI,D,0.1786,0.22694,-0.04834,174,219,5599.0,7112.0,1,245,303
8482475,Egor Chinakhov,PIT,R,185,V1,DZI,D,0.18957,0.23861,-0.04904,265,320,8345.0,9857.0,1,4,18
8477956,David Pastrnak,BOS,R,323,V1,DZI,D,0.20569,0.25493,-0.04924,612,570,19865.0,18958.0,1,18,29
8477949,Alex Tuch,BUF,R,310,V1,DZI,D,0.18906,0.23929,-0.05022,555,682,16931.0,21351.0,1,120,157
8478434,Keegan Kolesar,VGK,R,318,V1,DZI,D,0.21773,0.27101,-0.05328,574,542,17963.0,16173.0,1,30,52
8475780,Chris Wagner,COL,R,42,V1,DZI,D,0.1606,0.21422,-0.05362,46,43,1264.0,1153.0,0,59,65
8471817,Ryan Reaves,SJS,R,207,V1,DZI,D,0.20758,0.26168,-0.0541,219,271,7067.0,7983.0,1,5,14
8475765,Vladimir Tarasenko,MIN,R,300,V1,DZI,D,0.17533,0.22973,-0.0544,596,641,18120.0,18300.0,1,9,12
8475968,Alex Belzile,MTL,R,31,V1,DZI,D,0.21163,0.26611,-0.05448,49,44,1427.0,1319.0,0,91,99
8475848,Brendan Gallagher,MTL,R,273,V1,DZI,D,0.1889,0.24357,-0.05467,511,401,17141.0,12518.0,1,18,30
8480009,Eeli Tolvanen,SEA,R,300,V1,DZI,D,0.20539,0.26021,-0.05482,582,582,18925.0,17559.0,1,19,38
8479337,Alex DeBrincat,DET,R,328,V1,DZI,D,0.19582,0.25069,-0.05487,665,651,21402.0,20256.0,1,51,65
8479390,Taylor Raddysh,NYR,R,299,V1,DZI,D,0.17498,0.23069,-0.05571,601,552,18979.0,17387.0,1,24,51
8477501,Valeri Nichushkin,COL,R,221,V1,DZI,D,0.20623,0.26242,-0.05618,472,463,15206.0,13528.0,1,4,5
8478856,Conor Garland,CBJ,R,315,V1,DZI,D,0.18543,0.24176,-0.05633,671,622,21140.0,18539.0,1,17,34
8484158,Easton Cowan,TOR,R,66,V1,DZI,D,0.2101,0.26684,-0.05674,103,90,3822.0,2702.0,1,0,2
8484186,Ryan Leonard,WSH,R,84,V1,DZI,D,0.19016,0.24692,-0.05677,143,140,4754.0,4305.0,1,5,4
8477903,Garnet Hathaway,PHI,R,299,V1,DZI,D,0.19416,0.25156,-0.0574,614,499,18495.0,15054.0,1,43,36
8478483,Mitch Marner,VGK,R,311,V1,DZI,D,0.19437,0.25255,-0.05818,665,533,22097.0,16856.0,1,156,230
8481617,Vasily Podkolzin,EDM,R,221,V1,DZI,D,0.18572,0.24406,-0.05835,335,322,11216.0,10067.0,1,38,90
8482679,Matt Coronato,CGY,R,191,V1,DZI,D,0.1932,0.25195,-0.05876,405,459,13199.0,13435.0,1,104,165
8479367,William Lockwood,FLA,R,39,V1,DZI,D,0.23909,0.29821,-0.05912,63,36,1765.0,1006.0,0,4,4
8481624,Ilya Mikheyev,CHI,R,281,V1,DZI,D,0.15519,0.21471,-0.05953,564,613,18713.0,19668.0,1,10,27
8482146,Luke Evangelista,NSH,R,252,V1,DZI,D,0.21169,0.27136,-0.05967,362,350,11068.0,11107.0,1,1,7
8477451,Ryan Hartman,MIN,R,278,V1,DZI,D,0.19413,0.25385,-0.05972,555,625,17493.0,19279.0,1,1170,1395
8475913,Mark Stone,VGK,R,226,V1,DZI,D,0.21356,0.27398,-0.06042,446,437,15256.0,13658.0,1,8,21
8480995,Pontus Holmberg,TBL,R,229,V1,DZI,D,0.21857,0.27957,-0.061,352,386,11447.0,11911.0,1,305,366
8478472,Mathieu Joseph,LAK,R,238,V1,DZI,D,0.2009,0.26381,-0.06291,394,414,11732.0,11387.0,1,55,86
8475810,Bryan Rust,PIT,R,286,V1,DZI,D,0.18359,0.24689,-0.0633,593,497,16755.0,14460.0,1,11,15
8480441,Trey Fix-Wolansky,CBJ,R,20,V1,DZI,D,0.16178,0.22535,-0.06357,24,31,853.0,994.0,0,0,0
8473512,Claude Giroux,OTT,R,327,V1,DZI,D,0.1759,0.2404,-0.0645,837,573,23690.0,15495.0,1,1371,967
8484911,Collin Graf,SJS,R,120,V1,DZI,D,0.17275,0.23731,-0.06456,233,266,7392.0,8651.0,1,7,19
8479328,Julien Gauthier,NYI,R,85,V1,DZI,D,0.1912,0.25887,-0.06767,102,112,2772.0,3129.0,1,6,10
8479315,Joey Anderson,CHI,R,111,V1,DZI,D,0.17192,0.24142,-0.0695,202,205,6474.0,6408.0,1,0,2
8476483,Rickard Rakell,PIT,R,293,V1,DZI,D,0.16974,0.23925,-0.06951,524,487,15005.0,14215.0,1,88,155
8477939,William Nylander,TOR,R,311,V1,DZI,D,0.1756,0.24778,-0.07218,687,516,22119.0,16196.0,1,151,177
8483487,Rutger McGroarty,PIT,R,32,V1,DZI,D,0.11309,0.18546,-0.07237,37,34,1123.0,1073.0,0,8,10
8475692,Mats Zuccarello,MIN,R,275,V1,DZI,D,0.20309,0.27645,-0.07336,429,525,15609.0,19139.0,1,87,127
8475726,Tyler Toffoli,SJS,R,319,V1,DZI,D,0.17769,0.25216,-0.07447,575,588,16866.0,17358.0,1,47,63
8481540,Cole Caufield,MTL,R,291,V1,DZI,D,0.2007,0.27869,-0.07799,524,491,18047.0,16732.0,1,17,27
8479520,Brandon Duhaime,WSH,R,295,V1,DZI,D,0.16838,0.24749,-0.07912,596,644,17639.0,18449.0,1,32,59
8480281,Alexey Toropchenko,STL,R,295,V1,DZI,D,0.17199,0.25152,-0.07954,499,506,15571.0,15422.0,1,7,10
8476439,Brett Ritchie,UTA,R,50,V1,DZI,D,0.16687,0.2469,-0.08003,59,65,1630.0,1774.0,1,2,2
8479638,Justin Brazeau,PIT,R,159,V1,DZI,D,0.14509,0.22782,-0.08273,198,219,5810.0,6426.0,1,5,18
8481703,Valtteri Puustinen,PIT,R,65,V1,DZI,D,0.15843,0.24155,-0.08313,78,77,2083.0,2161.0,1,1,3
8474141,Patrick Kane,DET,R,262,V1,DZI,D,0.19264,0.27607,-0.08344,542,500,18096.0,16242.0,1,5,8
8476326,Josh Archibald,PIT,R,62,V1,DZI,D,0.19618,0.28008,-0.08391,89,96,2615.0,2842.0,1,0,1
8477015,Connor Brown,NJD,R,232,V1,DZI,D,0.19631,0.28044,-0.08413,383,359,13621.0,12145.0,1,26,48
8480208,Drake Batherson,OTT,R,325,V1,DZI,D,0.17924,0.26679,-0.08755,573,548,16553.0,15529.0,1,60,83
8478495,Denis Gurianov,PHI,R,84,V1,DZI,D,0.16719,0.25805,-0.09086,147,141,4151.0,4410.0,1,0,0
8485702,Max Shabanov,NYI,R,44,V1,DZI,D,0.17345,0.26521,-0.09176,69,74,2237.0,2285.0,1,0,2
8480205,Emil Bemstrom,PIT,R,125,V1,DZI,D,0.15359,0.24542,-0.09182,168,157,5124.0,5126.0,1,14,20
8480015,Owen Tippett,PHI,R,313,V1,DZI,D,0.19293,0.28548,-0.09256,613,576,18888.0,16719.0,1,48,54
8483525,Danila Yurov,MIN,R,73,V1,DZI,D,0.19864,0.29248,-0.09383,89,132,3539.0,4226.0,1,282,420
8480822,Martin Kaut,SJS,R,36,V1,DZI,D,0.17893,0.27528,-0.09635,55,53,1481.0,1602.0,1,2,3
8482877,Jaroslav Chmelar,NYR,R,28,V1,DZI,D,0.1935,0.29208,-0.09857,26,31,739.0,808.0,0,0,4
8477149,Scott Sabourin,TBL,R,30,V1,DZI,D,0.21963,0.31927,-0.09964,21,40,601.0,1043.0,0,0,4
8471698,T.J. Oshie,WSH,R,110,V1,DZI,D,0.1782,0.27788,-0.09968,186,191,5724.0,6125.0,1,23,32
8477392,Hudson Fasching,NYI,R,137,V1,DZI,D,0.17377,0.27461,-0.10084,230,216,7182.0,6522.0,1,5,17
8483609,Adam Klapka,CGY,R,115,V1,DZI,D,0.17908,0.28171,-0.10263,130,143,4054.0,4572.0,1,18,34
8474715,Cam Atkinson,TBL,R,109,V1,DZI,D,0.13936,0.24343,-0.10407,154,156,4528.0,4868.0,1,8,11
8482118,Sam Colangelo,ANA,R,44,V1,DZI,D,0.16261,0.27088,-0.10826,75,81,2343.0,2407.0,1,5,11
8481058,Jesse Ylonen,MTL,R,96,V1,DZI,D,0.16474,0.28972,-0.12498,135,146,4158.0,4456.0,1,8,5
8484984,Ivan Demidov,MTL,R,84,V1,DZI,D,0.16705,0.29213,-0.12508,78,113,2173.0,3406.0,1,0,1
8483476,Jonathan Lekkerimäki,VAN,R,37,V1,DZI,D,0.11749,0.24719,-0.1297,28,42,766.0,1157.0,0,0,1
8483890,Braeden Bowman,VGK,R,54,V1,DZI,D,0.189,0.32429,-0.13529,79,77,2328.0,2655.0,1,3,9
8483406,Taylor Ward,LAK,R,36,V1,DZI,D,0.18556,0.32529,-0.13973,36,44,1191.0,1534.0,0,5,6
8480007,Jonas Rondbjerg,VGK,R,50,V1,DZI,D,0.14661,0.30741,-0.16079,60,63,1787.0,1877.0,1,2,6
8479942,Dominik Shine,DET,R,27,V1,DZI,D,0.13834,0.32982,-0.19148,25,21,759.0,664.0,0,5,6
8482758,Ville Koivunen,PIT,R,47,V1,DZI,D,0.10564,0.34702,-0.24138,41,56,1382.0,1680.0,0,2,0
8484938,Arttu Hyry,DAL,R,25,V1,DZI,D,0.13837,0.39522,-0.25685,42,31,1178.0,921.0,0,104,63
8479547,Matthew Phillips,WSH,C,33,V2,DZI,D,0.61585,0.05432,0.56153,32,32,164.0,405.0,0,1,2
8481543,Nikita Alexandrov,STL,C,51,V2,DZI,D,0.557,0.0913,0.4657,28,50,307.0,460.0,0,89,148
8482153,Brendan Brisson,NYR,C,27,V2,DZI,D,0.60956,0.16322,0.44634,34,33,251.0,435.0,0,4,4
8479366,Logan Brown,STL,C,30,V2,DZI,D,0.65517,0.21364,0.44154,11,30,29.0,440.0,0,55,99
8483676,Stephen Halliday,OTT,C,30,V2,DZI,D,0.48045,0.05202,0.42842,23,19,179.0,173.0,0,23,38
8483505,Matthew Poitras,BOS,C,69,V2,DZI,D,0.4569,0.05108,0.40582,81,72,580.0,881.0,1,160,212
8483512,Matt Savoie,EDM,C,86,V2,DZI,D,0.53333,0.13041,0.40293,117,122,750.0,1480.0,1,28,39
8480851,Akil Thomas,LAK,C,32,V2,DZI,D,0.42737,0.05023,0.37715,43,49,358.0,438.0,0,21,28
8485414,Ben Kindel,PIT,C,77,V2,DZI,D,0.5438,0.174,0.3698,82,122,605.0,1523.0,1,232,326
8480840,Oskar Back,DAL,C,145,V2,DZI,D,0.48862,0.12721,0.3614,244,200,1230.0,2201.0,1,103,89
8481147,Reese Johnson,MIN,C,102,V2,DZI,D,0.46314,0.10558,0.35755,117,150,529.0,2131.0,1,132,105
8478078,Rourke Chartier,OTT,C,43,V2,DZI,D,0.47863,0.12188,0.35675,55,46,234.0,361.0,0,138,113
8482726,Samuel Helenius,LAK,C,102,V2,DZI,D,0.55132,0.19636,0.35496,83,103,604.0,1044.0,1,242,281
8482177,Marat Khusnutdinov,BOS,C,168,V2,DZI,D,0.46531,0.11566,0.34964,252,292,1470.0,3614.0,1,257,307
8482703,Colton Dach,EDM,C,85,V2,DZI,D,0.43072,0.08641,0.34431,105,130,599.0,1678.0,1,28,45
8481491,Noah Philp,CAR,C,32,V2,DZI,D,0.3764,0.03481,0.34159,44,38,356.0,316.0,0,102,102
8481237,Kyle MacLean,NYI,C,172,V2,DZI,D,0.46333,0.12526,0.33807,218,218,1759.0,1932.0,1,403,450
8477409,Carter Verhaeghe,FLA,C,315,V2,DZI,D,0.52891,0.19508,0.33383,577,632,4999.0,7966.0,1,89,129
8484901,Jacob Quillan,TOR,C,24,V2,DZI,D,0.55556,0.22462,0.33094,26,35,117.0,650.0,0,62,86
8477401,John Hayden,SEA,C,32,V2,DZI,D,0.61572,0.28502,0.3307,28,25,229.0,207.0,0,36,37
8483752,Dominic James,TBL,C,43,V2,DZI,D,0.51044,0.17981,0.33063,48,49,431.0,634.0,0,127,135
8479291,Kevin Rooney,UTA,C,121,V2,DZI,D,0.46273,0.13233,0.33041,143,154,644.0,1587.0,1,282,325
8480845,Rasmus Kupari,WPG,C,153,V2,DZI,D,0.46374,0.13396,0.32978,214,183,1186.0,1911.0,1,487,441
8478146,Matthew Highmore,OTT,C,50,V2,DZI,D,0.37895,0.05263,0.32632,63,45,285.0,342.0,0,7,15
8477935,Sam Bennett,FLA,C,284,V2,DZI,D,0.54053,0.21508,0.32545,462,561,3158.0,5942.0,1,1472,1713
8482145,Mavrik Bourque,DAL,C,156,V2,DZI,D,0.47753,0.15341,0.32412,296,257,1602.0,2979.0,1,249,282
8477492,Nathan MacKinnon,COL,C,312,V2,DZI,D,0.58537,0.26511,0.32026,655,699,5687.0,8702.0,1,2107,2371
8473533,Jordan Staal,CAR,C,311,V2,DZI,D,0.61032,0.29456,0.31577,814,634,5502.0,6722.0,1,2356,1772
8481481,Blake Lizotte,PIT,C,257,V2,DZI,D,0.49832,0.18308,0.31524,498,443,3574.0,4905.0,1,849,789
8476329,Travis Boyd,MIN,C,101,V2,DZI,D,0.38926,0.07507,0.31419,179,223,1043.0,2238.0,1,407,514
8476952,Dominic Toninato,CHI,C,33,V2,DZI,D,0.50254,0.19037,0.31217,39,35,197.0,436.0,0,82,81
8483930,Ivan Ivan,COL,C,49,V2,DZI,D,0.62921,0.31813,0.31109,52,67,445.0,811.0,1,62,92
8480355,Mark Kastelic,BOS,C,271,V2,DZI,D,0.45316,0.14219,0.31097,590,447,3352.0,4072.0,1,880,652
8475744,Evgeny Kuznetsov,CAR,C,144,V2,DZI,D,0.45929,0.14938,0.30991,206,213,1609.0,2430.0,1,678,794
8477933,Sam Reinhart,FLA,C,307,V2,DZI,D,0.52693,0.22042,0.30651,661,622,5365.0,7168.0,1,429,507
8480835,Jack Drury,COL,C,265,V2,DZI,D,0.52026,0.21543,0.30483,454,358,2887.0,4122.0,1,1176,859
8473453,Trevor Lewis,LAK,C,224,V2,DZI,D,0.47039,0.16621,0.30418,272,269,1807.0,2551.0,1,286,362
8476454,Ryan Nugent-Hopkins,EDM,C,311,V2,DZI,D,0.51087,0.20928,0.3016,604,608,5242.0,7631.0,1,801,835
8477497,Sean Monahan,CBJ,C,240,V2,DZI,D,0.48104,0.18056,0.30048,590,522,4615.0,6153.0,1,1490,1284
8477493,Aleksander Barkov,FLA,C,208,V2,DZI,D,0.53083,0.23381,0.29702,479,423,4054.0,5128.0,1,1190,978
8478585,Derek Ryan,EDM,C,186,V2,DZI,D,0.52738,0.23103,0.29635,332,284,1972.0,2610.0,1,465,347
8475754,Brock Nelson,COL,C,324,V2,DZI,D,0.48748,0.19252,0.29496,658,641,5270.0,7620.0,1,1753,1825
8476448,William Karlsson,VGK,C,220,V2,DZI,D,0.51727,0.22353,0.29374,477,346,3880.0,4514.0,1,1299,983
8476374,Sean Kuraly,BOS,C,297,V2,DZI,D,0.4465,0.15419,0.2923,682,623,4822.0,7763.0,1,1189,1134
8480078,Filip Chytil,VAN,C,152,V2,DZI,D,0.45872,0.16878,0.28994,170,215,1526.0,2524.0,1,519,688
8482113,Anton Lundell,FLA,C,294,V2,DZI,D,0.48125,0.19474,0.28651,532,487,3653.0,5972.0,1,1420,1308
8476480,Vladislav Namestnikov,WPG,C,293,V2,DZI,D,0.46401,0.17809,0.28591,357,389,2806.0,4419.0,1,611,866
8479525,Ross Colton,COL,C,294,V2,DZI,D,0.49455,0.20951,0.28505,557,552,3763.0,6606.0,1,549,511
8478569,Noel Acciari,PIT,C,278,V2,DZI,D,0.46097,0.17603,0.28494,815,668,5573.0,6692.0,1,936,754
8479351,Sam Steel,DAL,C,294,V2,DZI,D,0.46385,0.17948,0.28437,497,451,3734.0,5048.0,1,628,598
8476479,Phillip Danault,MTL,C,315,V2,DZI,D,0.53093,0.24672,0.28421,700,621,5771.0,7543.0,1,1867,1596
8473548,Phil Kessel,VGK,C,82,V2,DZI,D,0.45444,0.17059,0.28385,118,120,845.0,1401.0,1,5,7
8481528,Dylan Cozens,OTT,C,324,V2,DZI,D,0.49795,0.21597,0.28198,637,574,4625.0,6575.0,1,1570,1549
8477406,Mattias Janmark,EDM,C,260,V2,DZI,D,0.44877,0.16892,0.27986,465,392,3182.0,4813.0,1,148,199
8478043,Sam Lafferty,CHI,C,238,V2,DZI,D,0.43804,0.1586,0.27945,344,355,2066.0,4338.0,1,415,450
8481523,Kirby Dach,MTL,C,154,V2,DZI,D,0.5037,0.22526,0.27844,232,240,1759.0,2819.0,1,211,325
8478967,Lane Pederson,PHI,C,32,V2,DZI,D,0.40169,0.12355,0.27813,48,50,356.0,518.0,0,82,77
8476456,Jonathan Huberdeau,CGY,C,291,V2,DZI,D,0.49861,0.2205,0.27812,522,532,3249.0,5864.0,1,31,51
8476873,Mark Jankowski,CAR,C,210,V2,DZI,D,0.49953,0.22154,0.27799,347,302,2124.0,2925.0,1,723,636
8479365,Trent Frederic,EDM,C,292,V2,DZI,D,0.42906,0.15166,0.2774,518,440,3214.0,5387.0,1,304,361
8471699,Andrew Cogliano,COL,C,154,V2,DZI,D,0.48663,0.20955,0.27708,249,273,1309.0,2701.0,1,36,53
8480459,Pius Suter,STL,C,290,V2,DZI,D,0.4016,0.1261,0.2755,529,563,3252.0,6035.0,1,848,981
8470638,Patrice Bergeron,BOS,C,78,V2,DZI,D,0.42797,0.15349,0.27448,231,129,944.0,1075.0,1,665,398
8479718,Alex Barré-Boulet,COL,C,40,V2,DZI,D,0.35362,0.0809,0.27272,36,31,345.0,445.0,0,14,15
8480259,Ben Jones,MIN,C,54,V2,DZI,D,0.41803,0.1471,0.27093,67,99,610.0,1312.0,1,77,76
8483573,Ethen Frank,WSH,C,86,V2,DZI,D,0.47909,0.2093,0.26979,142,138,1100.0,1462.0,1,1,6
8476468,J.T. Miller,NYR,C,302,V2,DZI,D,0.41807,0.14833,0.26974,816,581,4626.0,5980.0,1,1731,1264
8479415,Michael McLeod,NJD,C,125,V2,DZI,D,0.44112,0.17221,0.2689,394,230,2437.0,2735.0,1,796,471
8478508,Yakov Trenin,MIN,C,311,V2,DZI,D,0.46743,0.19854,0.26889,626,592,4912.0,8492.0,1,134,177
8480980,Connor Dewar,PIT,C,281,V2,DZI,D,0.45615,0.18891,0.26724,479,552,3911.0,5897.0,1,427,507
8478512,Austin Czarnik,DET,C,63,V2,DZI,D,0.43506,0.16817,0.2669,75,85,308.0,999.0,1,163,190
8479393,Noah Gregor,FLA,C,209,V2,DZI,D,0.41193,0.14524,0.26669,355,315,2129.0,3181.0,1,41,49
8477500,Bo Horvat,NYI,C,309,V2,DZI,D,0.43593,0.16948,0.26645,738,591,5127.0,7228.0,1,2122,1686
8480185,Eetu Luostarinen,FLA,C,317,V2,DZI,D,0.46956,0.20321,0.26636,572,525,4189.0,6609.0,1,346,411
8482092,Ridly Greig,OTT,C,247,V2,DZI,D,0.42457,0.15836,0.26621,598,500,3248.0,5336.0,1,567,581
8482201,Gage Goncalves,TBL,C,136,V2,DZI,D,0.44428,0.1793,0.26498,166,203,1337.0,2309.0,1,10,17
8480289,Morgan Barron,WPG,C,289,V2,DZI,D,0.41968,0.15562,0.26406,460,433,3019.0,4813.0,1,335,348
8481704,Juuso Parssinen,NYR,C,157,V2,DZI,D,0.4147,0.15077,0.26393,235,227,1483.0,2547.0,1,323,375
8480813,Joe Veleno,MTL,C,296,V2,DZI,D,0.41608,0.15351,0.26258,483,478,3420.0,5192.0,1,844,953
8477846,Ryan Carpenter,SJS,C,84,V2,DZI,D,0.48674,0.22543,0.26131,104,111,641.0,936.0,1,256,259
8474053,Logan Couture,SJS,C,88,V2,DZI,D,0.47965,0.21897,0.26068,208,229,909.0,1708.0,1,552,564
8479944,Zachary Aston-Reese,CBJ,C,186,V2,DZI,D,0.41254,0.15198,0.26057,317,341,2041.0,3540.0,1,13,28
8478020,Michael Amadio,OTT,C,293,V2,DZI,D,0.4755,0.21622,0.25928,647,563,4469.0,6956.0,1,149,145
8484230,Otto Stenberg,STL,C,32,V2,DZI,D,0.38483,0.12692,0.25791,54,72,356.0,717.0,1,4,7
8480002,Nico Hischier,NJD,C,309,V2,DZI,D,0.46401,0.20728,0.25673,942,705,6946.0,7608.0,1,2521,2074
8476913,Devin Shore,MIN,C,123,V2,DZI,D,0.4554,0.19882,0.25658,141,151,1065.0,1519.0,1,155,155
8479316,Luke Kunin,FLA,C,246,V2,DZI,D,0.41702,0.1606,0.25642,462,438,3278.0,5274.0,1,491,517
8475151,Kyle Palmieri,NYI,C,244,V2,DZI,D,0.43805,0.18204,0.25601,461,445,3301.0,5867.0,1,31,52
8482768,Fedor Svechkov,NSH,C,121,V2,DZI,D,0.38593,0.13011,0.25582,117,158,938.0,1860.0,1,339,502
8482896,Tyson Kozak,BUF,C,67,V2,DZI,D,0.41096,0.15546,0.2555,118,144,730.0,1428.0,1,222,243
8476458,Ryan Strome,CGY,C,294,V2,DZI,D,0.41894,0.16368,0.25526,537,657,4941.0,8101.0,1,1061,1396
8481556,John Beecher,CGY,C,165,V2,DZI,D,0.39607,0.14308,0.25299,407,364,2237.0,3264.0,1,529,471
8483397,Marc McLaughlin,NJD,C,24,V2,DZI,D,0.47253,0.22018,0.25234,38,40,182.0,327.0,0,31,47
8480144,David Kampf,WSH,C,259,V2,DZI,D,0.4108,0.15896,0.25183,585,494,3520.0,5322.0,1,1198,1008
8475768,Jaden Schwartz,SEA,C,264,V2,DZI,D,0.44867,0.19701,0.25166,548,593,4072.0,6832.0,1,91,103
8481032,Paul Cotter,NJD,C,289,V2,DZI,D,0.42857,0.17787,0.2507,462,462,3885.0,6100.0,1,135,131
8478462,Nicolas Roy,COL,C,279,V2,DZI,D,0.44607,0.19543,0.25064,592,538,4775.0,6606.0,1,1214,1259
8482124,Quinton Byfield,LAK,C,292,V2,DZI,D,0.46206,0.21228,0.24977,643,631,5060.0,7801.0,1,846,982
8475745,Charlie Coyle,CBJ,C,329,V2,DZI,D,0.413,0.16398,0.24902,931,763,6121.0,8446.0,1,1703,1562
8475794,Tyler Seguin,DAL,C,191,V2,DZI,D,0.44479,0.19598,0.2488,417,354,2934.0,3536.0,1,813,654
8478831,Kevin Stenlund,UTA,C,296,V2,DZI,D,0.42702,0.17855,0.24847,769,521,3960.0,4251.0,1,1368,1038
8478402,Connor McDavid,EDM,C,306,V2,DZI,D,0.5167,0.26838,0.24832,594,576,5837.0,8473.0,1,1578,1567
8480829,Jesperi Kotkaniemi,CAR,C,281,V2,DZI,D,0.51948,0.27132,0.24816,415,387,3182.0,4268.0,1,1098,1027
8477919,Frederick Gaudreau,SEA,C,298,V2,DZI,D,0.42029,0.1722,0.24809,667,633,5332.0,6655.0,1,1192,1279
8482691,Aatu Räty,VAN,C,113,V2,DZI,D,0.37057,0.12315,0.24742,247,167,1101.0,1827.0,1,577,407
8483450,Ryan Greene,CHI,C,83,V2,DZI,D,0.41342,0.16627,0.24715,186,183,1311.0,2117.0,1,234,308
8480018,Nick Suzuki,MTL,C,328,V2,DZI,D,0.46281,0.2157,0.24711,716,678,5149.0,9722.0,1,2015,1970
8482093,Seth Jarvis,CAR,C,307,V2,DZI,D,0.519,0.27355,0.24545,529,550,4079.0,6401.0,1,124,178
8478891,Mason Appleton,DET,C,259,V2,DZI,D,0.44494,0.19977,0.24517,593,571,5176.0,7879.0,1,22,39
8478542,Evan Rodrigues,FLA,C,300,V2,DZI,D,0.46001,0.21506,0.24495,564,549,4476.0,6268.0,1,519,542
8481596,Shane Pinto,OTT,C,265,V2,DZI,D,0.43527,0.19123,0.24404,688,607,4055.0,5653.0,1,1338,1268
8479370,Tyson Jost,NSH,C,221,V2,DZI,D,0.41339,0.16943,0.24395,315,350,2286.0,3919.0,1,336,456
8476399,Blake Coleman,CGY,C,310,V2,DZI,D,0.52733,0.28341,0.24391,831,812,5928.0,9255.0,1,84,91
8480028,Morgan Frost,CGY,C,314,V2,DZI,D,0.42372,0.18091,0.24281,422,431,2943.0,4715.0,1,1557,1550
8482751,Ryan Winterton,SEA,C,88,V2,DZI,D,0.4377,0.19664,0.24106,139,142,955.0,1546.0,1,1,6
8484149,Gavin Brindley,COL,C,57,V2,DZI,D,0.49167,0.25093,0.24074,60,73,480.0,538.0,1,12,14
8476459,Mika Zibanejad,NYR,C,326,V2,DZI,D,0.45502,0.21449,0.24053,751,673,5125.0,8266.0,1,1853,1725
8474150,Mikael Backlund,CGY,C,321,V2,DZI,D,0.49823,0.2585,0.23973,918,911,6786.0,10112.0,1,2138,2047
8483524,Shane Wright,SEA,C,168,V2,DZI,D,0.42624,0.18657,0.23967,221,228,1593.0,2680.0,1,560,762
8479346,Dillon Dube,CGY,C,125,V2,DZI,D,0.46649,0.22736,0.23913,193,153,1119.0,1601.0,1,40,47
8485402,Michael Misa,SJS,C,44,V2,DZI,D,0.37817,0.13907,0.23909,73,68,513.0,1208.0,1,155,176
8478424,Jansen Harkins,ANA,C,173,V2,DZI,D,0.39218,0.15312,0.23906,308,277,2328.0,2854.0,1,167,168
8483464,Marco Kasper,DET,C,159,V2,DZI,D,0.47655,0.23789,0.23866,278,328,2132.0,3758.0,1,472,510
8482702,Logan Stankoven,CAR,C,183,V2,DZI,D,0.44761,0.20906,0.23856,306,297,2348.0,3114.0,1,443,538
8478445,Mathew Barzal,NYI,C,249,V2,DZI,D,0.4471,0.2087,0.2384,398,400,3563.0,5750.0,1,353,551
8477070,Liam O'Brien,UTA,C,196,V2,DZI,D,0.39832,0.16091,0.23741,282,318,1667.0,3157.0,1,16,38
8483447,Conor Geekie,TBL,C,66,V2,DZI,D,0.49281,0.25564,0.23717,105,100,974.0,1064.0,1,99,133
8482148,Hendrix Lapierre,WSH,C,152,V2,DZI,D,0.39452,0.15765,0.23687,101,139,730.0,1738.0,1,260,402
8475760,Nick Bjugstad,NJD,C,281,V2,DZI,D,0.41047,0.174,0.23647,583,584,4278.0,6224.0,1,1190,1220
8478477,Mitchell Stephens,SEA,C,51,V2,DZI,D,0.40513,0.1691,0.23603,58,41,195.0,343.0,0,145,111
8478440,Dylan Strome,WSH,C,325,V2,DZI,D,0.45869,0.22315,0.23553,450,366,3425.0,3818.0,1,1916,1775
8480012,Elias Pettersson,VAN,C,299,V2,DZI,D,0.42701,0.19213,0.23488,605,609,5124.0,6126.0,1,1498,1721
8474564,Steven Stamkos,NSH,C,323,V2,DZI,D,0.46855,0.23375,0.23481,691,581,5263.0,7029.0,1,1159,988
8479675,Trevor Moore,LAK,C,280,V2,DZI,D,0.48666,0.25199,0.23467,609,549,5622.0,6667.0,1,23,68
8478409,Anthony Richard,PHI,C,38,V2,DZI,D,0.41491,0.18072,0.23419,54,45,523.0,581.0,0,1,6
8476392,Adam Lowry,WPG,C,305,V2,DZI,D,0.43864,0.20453,0.2341,786,784,4897.0,9397.0,1,1908,1698
8475752,Tyler Pitlick,MIN,C,127,V2,DZI,D,0.36,0.12622,0.23378,143,178,1250.0,2052.0,1,5,18
8478874,Adam Gaudette,SJS,C,149,V2,DZI,D,0.38504,0.15181,0.23323,199,186,1096.0,1963.0,1,279,298
8483500,Noah Ostlund,BUF,C,68,V2,DZI,D,0.43326,0.201,0.23226,85,105,457.0,1398.0,1,92,190
8470604,Jeff Carter,PIT,C,151,V2,DZI,D,0.40083,0.1688,0.23203,499,324,2879.0,2962.0,1,584,366
8473544,Derick Brassard,OTT,C,62,V2,DZI,D,0.44444,0.2128,0.23165,123,93,648.0,672.0,1,113,116
8476867,Brendan Gaunce,CBJ,C,66,V2,DZI,D,0.40594,0.17442,0.23152,123,117,1111.0,1376.0,1,246,200
8480853,Liam Foudy,NYI,C,78,V2,DZI,D,0.37448,0.1434,0.23109,117,137,964.0,1590.0,1,2,5
8481656,Aliaksei Protas,WSH,C,288,V2,DZI,D,0.46197,0.23173,0.23024,577,590,4431.0,6378.0,1,74,102
8475798,Mikael Granlund,ANA,C,289,V2,DZI,D,0.4378,0.20764,0.23016,622,662,5032.0,8144.0,1,1075,1163
8476919,Chris Tierney,NJD,C,88,V2,DZI,D,0.40652,0.17684,0.22968,113,89,797.0,786.0,1,191,179
8476881,Tomas Hertl,VGK,C,289,V2,DZI,D,0.4336,0.20401,0.22959,609,558,5030.0,6431.0,1,1875,1487
8478051,Max Willman,NJD,C,27,V2,DZI,D,0.4467,0.21831,0.22839,34,32,197.0,284.0,0,2,7
8478904,Steven Lorentz,TOR,C,269,V2,DZI,D,0.37719,0.14892,0.22827,402,376,2341.0,4385.0,1,349,378
8482634,Alex Steeves,BOS,C,54,V2,DZI,D,0.40583,0.17833,0.2275,83,73,446.0,729.0,1,2,4
8479987,Morgan Geekie,BOS,C,303,V2,DZI,D,0.41601,0.18857,0.22744,519,524,3560.0,6353.0,1,713,821
8479992,Michael Rasmussen,DET,C,272,V2,DZI,D,0.3641,0.13666,0.22743,547,546,2958.0,5927.0,1,412,449
8478519,Anthony Cirelli,TBL,C,288,V2,DZI,D,0.46907,0.24214,0.22693,729,626,6547.0,7983.0,1,1488,1449
8480023,Robert Thomas,STL,C,288,V2,DZI,D,0.433,0.20686,0.22614,683,643,5358.0,8252.0,1,1950,1741
8482110,Dawson Mercer,NJD,C,328,V2,DZI,D,0.41564,0.19031,0.22532,722,657,5820.0,8113.0,1,348,491
8478010,Brayden Point,TBL,C,303,V2,DZI,D,0.41635,0.19128,0.22507,527,557,4758.0,6007.0,1,1157,1291
8481024,Linus Karlsson,VAN,C,105,V2,DZI,D,0.42694,0.20203,0.22492,148,153,1054.0,1777.0,1,12,33
8480848,Ty Dellandrea,SJS,C,238,V2,DZI,D,0.38464,0.16008,0.22457,439,392,2735.0,4098.0,1,531,507
8474189,Lars Eller,OTT,C,314,V2,DZI,D,0.43423,0.20987,0.22436,741,639,4371.0,6528.0,1,1452,1270
8479591,Michael Eyssimont,BOS,C,268,V2,DZI,D,0.44308,0.21945,0.22362,428,402,3408.0,4329.0,1,25,42
8476278,Colin Blackwell,DAL,C,230,V2,DZI,D,0.35897,0.13613,0.22284,379,369,2301.0,4077.0,1,225,232
8484142,Denver Barkey,PHI,C,43,V2,DZI,D,0.41045,0.18767,0.22278,68,71,402.0,730.0,1,6,9
8480039,Martin Necas,COL,C,316,V2,DZI,D,0.46475,0.24266,0.22208,551,548,4624.0,6680.0,1,235,330
8484153,Leo Carlsson,ANA,C,200,V2,DZI,D,0.45192,0.22999,0.22193,284,393,2319.0,4735.0,1,774,1101
8478427,Sebastian Aho,CAR,C,311,V2,DZI,D,0.48711,0.2664,0.22071,504,533,4149.0,6633.0,1,1676,1586
8477496,Elias Lindholm,BOS,C,306,V2,DZI,D,0.38046,0.16125,0.21921,807,598,4965.0,6152.0,1,2111,1633
8477987,Ryan Donato,CHI,C,311,V2,DZI,D,0.37227,0.15334,0.21892,472,574,4118.0,7506.0,1,449,566
8477429,Andrew Copp,DET,C,296,V2,DZI,D,0.39539,0.17702,0.21837,671,610,4426.0,6971.0,1,1631,1464
8480806,Isac Lundeström,CBJ,C,254,V2,DZI,D,0.34389,0.12555,0.21834,498,549,3158.0,5878.0,1,801,831
8477021,Alexander Kerfoot,UTA,C,278,V2,DZI,D,0.42813,0.21049,0.21763,563,484,4515.0,4822.0,1,617,583
8480014,Gabriel Vilardi,WPG,C,262,V2,DZI,D,0.40745,0.18989,0.21756,404,392,3625.0,5261.0,1,138,168
8478133,Jake Evans,MTL,C,286,V2,DZI,D,0.41835,0.20124,0.2171,752,575,4764.0,5953.0,1,1430,1183
8484221,Calum Ritchie,NYI,C,72,V2,DZI,D,0.46272,0.24623,0.21649,73,92,456.0,995.0,1,110,194
8483690,Noah Laba,NYR,C,74,V2,DZI,D,0.42317,0.20684,0.21633,113,125,397.0,1228.0,1,295,284
8482460,Matt Rempe,NYR,C,85,V2,DZI,D,0.33556,0.11933,0.21623,104,73,599.0,595.0,1,8,18
8476460,Mark Scheifele,WPG,C,318,V2,DZI,D,0.42788,0.21183,0.21605,565,615,6205.0,9314.0,1,1850,2023
8478493,Joel Eriksson Ek,MIN,C,271,V2,DZI,D,0.46717,0.25132,0.21585,569,668,4097.0,9116.0,1,1556,1711
8482623,Josh Dunne,BUF,C,44,V2,DZI,D,0.35714,0.14132,0.21583,64,70,490.0,835.0,1,89,81
8484471,Emmitt Finnie,DET,C,82,V2,DZI,D,0.47556,0.25973,0.21582,181,159,1432.0,2029.0,1,42,42
8476889,Radek Faksa,DAL,C,283,V2,DZI,D,0.43259,0.21718,0.21542,560,472,2841.0,4425.0,1,1000,772
8471215,Evgeni Malkin,PIT,C,288,V2,DZI,D,0.42469,0.20943,0.21525,382,357,2795.0,4092.0,1,1131,1245
8474870,Tyler Johnson,BOS,C,132,V2,DZI,D,0.35797,0.14381,0.21416,265,260,2232.0,3143.0,1,165,197
8475158,Ryan O'Reilly,NSH,C,294,V2,DZI,D,0.46688,0.25282,0.21407,707,566,4892.0,6831.0,1,1954,1529
8481580,Connor McMichael,WSH,C,246,V2,DZI,D,0.43274,0.2202,0.21254,445,449,3360.0,5436.0,1,523,697
8482133,Thomas Bordeleau,SJS,C,36,V2,DZI,D,0.37795,0.1662,0.21176,84,75,508.0,710.0,1,40,35
8481532,Alex Turcotte,LAK,C,154,V2,DZI,D,0.43203,0.22034,0.21169,235,195,1817.0,2006.0,1,320,306
8480798,Philipp Kurashev,SJS,C,238,V2,DZI,D,0.39558,0.18438,0.21121,445,487,3620.0,6080.0,1,250,295
8478400,Colin White,SJS,C,99,V2,DZI,D,0.43062,0.21989,0.21073,123,127,836.0,1096.0,1,123,185
8483431,Logan Cooley,UTA,C,210,V2,DZI,D,0.42809,0.21816,0.20993,329,381,2677.0,4350.0,1,716,1004
8477993,Justin Kirkland,CGY,C,50,V2,DZI,D,0.35737,0.14751,0.20985,81,71,319.0,583.0,1,113,117
8483493,Frank Nazar,CHI,C,122,V2,DZI,D,0.40796,0.19847,0.20948,237,245,1961.0,2489.0,1,432,500
8481533,Trevor Zegras,PHI,C,250,V2,DZI,D,0.41205,0.20299,0.20906,346,430,3502.0,6419.0,1,431,695
8482740,Wyatt Johnston,DAL,C,328,V2,DZI,D,0.41108,0.20332,0.20776,737,638,5145.0,7358.0,1,1084,1140
8477946,Dylan Larkin,DET,C,304,V2,DZI,D,0.41359,0.20656,0.20703,737,674,5491.0,8390.0,1,1988,1773
8484197,Oliver Moore,CHI,C,60,V2,DZI,D,0.30261,0.09587,0.20673,83,88,575.0,824.0,1,98,102
8476905,Chandler Stephenson,SEA,C,313,V2,DZI,D,0.41189,0.2056,0.20629,847,810,7303.0,9329.0,1,1890,1662
8470794,Joe Pavelski,DAL,C,164,V2,DZI,D,0.42061,0.21442,0.20619,386,310,2368.0,3204.0,1,586,536
8474613,Derek Stepan,CAR,C,73,V2,DZI,D,0.36864,0.16253,0.20611,93,79,236.0,726.0,1,197,160
8484829,Justin Hryckowian,DAL,C,86,V2,DZI,D,0.43566,0.22981,0.20585,128,119,847.0,1201.0,1,167,121
8476419,Jean-Gabriel Pageau,NYI,C,305,V2,DZI,D,0.35171,0.14648,0.20522,881,640,5624.0,6540.0,1,1852,1324
8475714,Calle Jarnkrok,TOR,C,200,V2,DZI,D,0.38859,0.18394,0.20465,386,337,2051.0,4458.0,1,80,87
8479335,Rasmus Asplund,FLA,C,52,V2,DZI,D,0.41667,0.21219,0.20447,79,105,564.0,1263.0,1,26,34
8480074,Alexandre Texier,MTL,C,160,V2,DZI,D,0.37642,0.17238,0.20404,274,278,2019.0,3440.0,1,6,19
8479546,Oskar Steen,BOS,C,37,V2,DZI,D,0.38674,0.18313,0.20361,57,50,362.0,415.0,1,0,3
8482947,Zakhar Bardakov,COL,C,59,V2,DZI,D,0.39583,0.19298,0.20285,48,61,384.0,627.0,0,72,97
8476925,Colton Sissons,VGK,C,301,V2,DZI,D,0.4166,0.21395,0.20265,752,582,5144.0,6796.0,1,1342,1052
8476393,Nick Cousins,OTT,C,279,V2,DZI,D,0.45293,0.25045,0.20248,428,386,2751.0,4456.0,1,99,105
8477989,Christian Dvorak,PHI,C,256,V2,DZI,D,0.36284,0.16055,0.20229,673,502,4440.0,5830.0,1,1440,1175
8475842,Sam Carrick,BUF,C,282,V2,DZI,D,0.34848,0.1465,0.20198,597,490,3587.0,5215.0,1,1043,898
8482660,Kent Johnson,CBJ,C,265,V2,DZI,D,0.38002,0.17881,0.20121,400,424,3334.0,5078.0,1,43,108
8482745,Mason McTavish,ANA,C,294,V2,DZI,D,0.40735,0.20724,0.20011,522,617,5278.0,7759.0,1,1316,1413
8478438,Tommy Novak,PIT,C,258,V2,DZI,D,0.44249,0.24262,0.19987,223,302,1652.0,3355.0,1,618,847
8480068,Ryan Poehling,ANA,C,272,V2,DZI,D,0.4104,0.21071,0.19968,529,528,3828.0,6516.0,1,1191,1151
8477380,Jonny Brodzinski,NYR,C,180,V2,DZI,D,0.37946,0.17999,0.19947,293,260,2103.0,2789.0,1,307,303
8480855,Jack McBain,UTA,C,306,V2,DZI,D,0.36896,0.16972,0.19924,562,563,3415.0,5621.0,1,1076,1134
8479353,Brett Howden,VGK,C,265,V2,DZI,D,0.40848,0.20944,0.19903,513,435,3917.0,4851.0,1,725,693
8477960,Adrian Kempe,LAK,C,320,V2,DZI,D,0.44147,0.24269,0.19878,763,612,6313.0,7491.0,1,57,106
8475763,Kevin Hayes,PIT,C,252,V2,DZI,D,0.40735,0.21015,0.19719,481,489,3621.0,5653.0,1,906,845
8481726,Adam Edstrom,NYR,C,97,V2,DZI,D,0.36687,0.16989,0.19698,199,160,984.0,1395.0,1,7,17
8476461,Sean Couturier,PHI,C,231,V2,DZI,D,0.42557,0.22868,0.19689,582,478,4044.0,5440.0,1,1498,1244
8475166,John Tavares,TOR,C,317,V2,DZI,D,0.39883,0.202,0.19683,793,583,6173.0,7688.0,1,2267,1617
8471669,Paul Stastny,CAR,C,73,V2,DZI,D,0.42316,0.22646,0.1967,102,96,475.0,892.0,1,235,175
8477951,Nick Schmaltz,UTA,C,305,V2,DZI,D,0.4237,0.22755,0.19615,600,634,4836.0,7361.0,1,606,754
8477964,Ivan Barbashev,VGK,C,316,V2,DZI,D,0.42726,0.23184,0.19542,554,582,5341.0,7518.0,1,99,172
8480252,Cole Guttman,CHI,C,41,V2,DZI,D,0.39659,0.20196,0.19464,53,83,411.0,1124.0,1,139,130
8483553,Marc Gatcomb,NYI,C,88,V2,DZI,D,0.35501,0.1604,0.19461,107,96,938.0,904.0,1,6,10
8475343,Nic Dowd,VGK,C,286,V2,DZI,D,0.4283,0.23473,0.19356,875,835,6255.0,9236.0,1,1501,1385
8477450,Jason Dickinson,EDM,C,283,V2,DZI,D,0.38768,0.19438,0.1933,737,663,4821.0,6693.0,1,1456,1426
8481477,Nico Sturm,MIN,C,249,V2,DZI,D,0.37864,0.18563,0.19301,570,469,2715.0,4536.0,1,1163,824
8482705,Cole Sillinger,CBJ,C,288,V2,DZI,D,0.39666,0.20464,0.19202,529,578,4437.0,7413.0,1,943,1110
8481522,Peyton Krebs,BUF,C,317,V2,DZI,D,0.40832,0.21785,0.19047,573,618,4183.0,7528.0,1,938,1076
8478057,Dakota Joshua,TOR,C,254,V2,DZI,D,0.35226,0.16242,0.18984,507,465,3117.0,5024.0,1,76,77
8484136,Max Sasson,VAN,C,95,V2,DZI,D,0.32815,0.13832,0.18983,93,97,579.0,882.0,1,158,216
8480849,Barrett Hayton,UTA,C,264,V2,DZI,D,0.37943,0.18999,0.18944,569,555,3413.0,5516.0,1,1356,1283
8479994,Jaret Anderson-Dolan,WPG,C,84,V2,DZI,D,0.46111,0.2721,0.18901,84,107,720.0,1165.0,1,40,41
8481577,Philip Tomasino,PIT,C,142,V2,DZI,D,0.37874,0.19037,0.18837,189,190,1204.0,2264.0,1,19,31
8482079,Marco Rossi,VAN,C,232,V2,DZI,D,0.43047,0.24243,0.18803,365,415,3840.0,6047.0,1,1013,1152
8482859,Zack Ostapchuk,SJS,C,121,V2,DZI,D,0.31402,0.12677,0.18725,161,146,863.0,1696.0,1,343,346
8479991,Jake Leschyshyn,NYR,C,36,V2,DZI,D,0.23529,0.04819,0.1871,34,42,187.0,332.0,0,110,113
8479996,Cody Glass,NJD,C,248,V2,DZI,D,0.40791,0.22127,0.18664,459,409,3491.0,4768.0,1,1037,959
8478449,Roope Hintz,DAL,C,282,V2,DZI,D,0.41993,0.23342,0.1865,655,551,4065.0,5852.0,1,1175,949
8476872,Scott Laughton,LAK,C,303,V2,DZI,D,0.36477,0.1813,0.18348,698,645,4474.0,7154.0,1,1215,1167
8478403,Jack Eichel,VGK,C,282,V2,DZI,D,0.42139,0.24035,0.18104,512,571,5114.0,7851.0,1,1562,1770
8475168,Matt Duchene,DAL,C,290,V2,DZI,D,0.40379,0.2229,0.18089,580,539,5171.0,6837.0,1,976,832
8476927,Teddy Blueger,VAN,C,247,V2,DZI,D,0.40366,0.22368,0.17998,551,495,3337.0,5727.0,1,1105,968
8471685,Anze Kopitar,LAK,C,310,V2,DZI,D,0.42763,0.24779,0.17983,773,602,6349.0,7252.0,1,2240,1747
8480011,Klim Kostin,SJS,C,144,V2,DZI,D,0.32829,0.14877,0.17951,201,230,1255.0,2366.0,1,13,22
8475170,Brayden Schenn,NYI,C,326,V2,DZI,D,0.37012,0.19122,0.17891,679,746,5282.0,8493.0,1,1526,1545
8473604,Jonathan Toews,WPG,C,134,V2,DZI,D,0.29472,0.11698,0.17774,290,183,1554.0,1761.0,1,888,544
8476624,Barclay Goodrow,SJS,C,321,V2,DZI,D,0.32805,0.15095,0.1771,678,626,4731.0,6459.0,1,599,574
8482665,Matty Beniers,SEA,C,320,V2,DZI,D,0.39538,0.21867,0.1767,629,676,5539.0,8643.0,1,1724,1996
8475172,Nazem Kadri,COL,C,323,V2,DZI,D,0.42167,0.24616,0.17551,533,613,3645.0,6707.0,1,1871,2128
8475793,Ryan Johansen,COL,C,118,V2,DZI,D,0.37165,0.19805,0.17359,250,180,1566.0,2055.0,1,665,518
8482149,Cole Perfetti,WPG,C,271,V2,DZI,D,0.35342,0.18017,0.17325,353,326,2722.0,3974.0,1,50,104
8483468,Jiri Kulich,BUF,C,75,V2,DZI,D,0.39707,0.22408,0.17299,144,161,1093.0,1910.0,1,292,348
8479385,Jordan Kyrou,STL,C,314,V2,DZI,D,0.41086,0.23882,0.17204,524,554,4437.0,6532.0,1,13,33
8480064,Josh Norris,BUF,C,158,V2,DZI,D,0.39232,0.22043,0.17189,389,344,1848.0,3407.0,1,816,735
8482259,Bobby McMann,SEA,C,217,V2,DZI,D,0.39441,0.22302,0.1714,487,370,4333.0,4744.0,1,15,24
8474040,Sam Gagner,EDM,C,76,V2,DZI,D,0.40675,0.23673,0.17002,88,95,622.0,1149.0,1,22,24
8481068,Yegor Sharangovich,CGY,C,307,V2,DZI,D,0.40143,0.23152,0.16991,488,502,3627.0,5520.0,1,270,403
8477503,Max Domi,TOR,C,314,V2,DZI,D,0.35975,0.19068,0.16907,585,501,4114.0,5795.0,1,1064,998
8484164,Dalibor Dvorsky,STL,C,72,V2,DZI,D,0.27875,0.11104,0.16771,88,118,574.0,1468.0,1,296,343
8476539,Jonathan Marchessault,NSH,C,298,V2,DZI,D,0.38507,0.21739,0.16768,557,553,4755.0,6762.0,1,56,119
8475231,Casey Cizikas,NYI,C,314,V2,DZI,D,0.31933,0.15191,0.16742,701,584,4641.0,5556.0,1,1340,1072
8478458,Jack Roslovic,EDM,C,285,V2,DZI,D,0.40257,0.23614,0.16644,485,432,3808.0,5861.0,1,648,680
8479999,Casey Mittelstadt,BOS,C,314,V2,DZI,D,0.40108,0.23474,0.16634,616,629,4463.0,7289.0,1,1127,1341
8474641,Adam Henrique,EDM,C,289,V2,DZI,D,0.36248,0.1978,0.16468,648,543,4403.0,5374.0,1,1156,921
8480326,Sheldon Dries,DET,C,68,V2,DZI,D,0.21416,0.04953,0.16463,103,82,565.0,848.0,1,201,211
8477126,Jayson Megna,BOS,C,56,V2,DZI,D,0.35925,0.19622,0.16303,100,78,643.0,688.0,1,132,116
8476994,Vinnie Hinostroza,FLA,C,143,V2,DZI,D,0.36799,0.20651,0.16148,228,247,2087.0,3196.0,1,31,43
8475225,Craig Smith,DET,C,198,V2,DZI,D,0.40387,0.24295,0.16092,284,300,1758.0,2943.0,1,8,21
8476822,Luke Glendening,PHI,C,298,V2,DZI,D,0.31867,0.15916,0.15951,711,484,3342.0,4021.0,1,1326,962
8484166,Adam Fantilli,CBJ,C,213,V2,DZI,D,0.33077,0.17219,0.15858,304,349,2467.0,4797.0,1,986,1188
8471675,Sidney Crosby,PIT,C,312,V2,DZI,D,0.38772,0.22928,0.15844,711,603,4640.0,6865.0,1,2895,2367
8477934,Leon Draisaitl,EDM,C,297,V2,DZI,D,0.46218,0.30388,0.1583,742,623,6597.0,8997.0,1,1928,1607
8483489,Fraser Minten,BOS,C,107,V2,DZI,D,0.32494,0.16835,0.15659,157,160,1231.0,1586.0,1,445,459
8482496,Nils Aman,VAN,C,132,V2,DZI,D,0.26575,0.10926,0.15649,161,182,1016.0,1739.0,1,264,393
8483570,Ben Meyers,SEA,C,121,V2,DZI,D,0.40997,0.25409,0.15588,183,174,1444.0,1712.0,1,318,288
8479580,Dylan Gambrell,OTT,C,60,V2,DZI,D,0.23246,0.07944,0.15303,69,81,499.0,642.0,1,123,141
8477505,Alexander Wennberg,SJS,C,319,V2,DZI,D,0.37479,0.22232,0.15247,735,740,4776.0,8978.0,1,1638,1780
8476389,Vincent Trocheck,NYR,C,313,V2,DZI,D,0.37179,0.22034,0.15145,778,558,5756.0,5900.0,1,2108,1575
8477508,Curtis Lazar,EDM,C,212,V2,DZI,D,0.27972,0.12922,0.1505,433,312,2431.0,3018.0,1,588,516
8484144,Connor Bedard,CHI,C,219,V2,DZI,D,0.33841,0.18797,0.15045,390,503,3608.0,6948.0,1,691,995
8478401,Pavel Zacha,BOS,C,320,V2,DZI,D,0.37804,0.22802,0.15003,632,539,4764.0,6596.0,1,1177,1050
8481754,Nikita Nesterenko,ANA,C,61,V2,DZI,D,0.34146,0.19228,0.14918,100,105,697.0,1347.0,1,9,16
8476432,Boone Jenner,CBJ,C,219,V2,DZI,D,0.41406,0.26559,0.14847,582,481,5603.0,6446.0,1,1164,1005
8482737,Zachary Bolduc,MTL,C,175,V2,DZI,D,0.40946,0.26207,0.14739,266,239,2220.0,2465.0,1,21,25
8484509,Josh Samanski,EDM,C,23,V2,DZI,D,0.3314,0.18552,0.14587,27,28,172.0,221.0,0,53,55
8481422,Jake Lucchini,NSH,C,54,V2,DZI,D,0.33566,0.19106,0.14461,61,59,572.0,738.0,1,44,56
8480901,Karson Kuhlman,WPG,C,47,V2,DZI,D,0.24282,0.09982,0.143,64,68,383.0,541.0,1,0,5
8481618,Alex Newhook,MTL,C,261,V2,DZI,D,0.32666,0.18557,0.14109,417,413,3199.0,5227.0,1,684,884
8477952,Robby Fabbri,MIN,C,161,V2,DZI,D,0.31207,0.17373,0.13834,283,321,2634.0,4576.0,1,84,104
8484227,Will Smith,SJS,C,143,V2,DZI,D,0.35778,0.22001,0.13778,250,267,2236.0,3259.0,1,65,129
8476897,Oskar Sundqvist,STL,C,257,V2,DZI,D,0.28599,0.14838,0.13761,426,514,2605.0,4913.0,1,589,762
8480802,Ryan McLeod,BUF,C,298,V2,DZI,D,0.4611,0.32394,0.13717,567,555,4409.0,6739.0,1,1418,1376
8479318,Auston Matthews,TOR,C,282,V2,DZI,D,0.39722,0.26439,0.13284,612,506,4826.0,6377.0,1,2112,1690
8481559,Jack Hughes,NJD,C,263,V2,DZI,D,0.40642,0.27359,0.13283,301,382,2864.0,5161.0,1,607,1069
8480870,Bo Groulx,TOR,C,60,V2,DZI,D,0.30248,0.17143,0.13105,96,121,605.0,1470.0,1,146,186
8483432,Luca Del Bel Belluz,CBJ,C,30,V2,DZI,D,0.15636,0.02695,0.12942,36,60,275.0,668.0,0,89,124
8476826,Yanni Gourde,TBL,C,300,V2,DZI,D,0.37313,0.24791,0.12521,586,633,4875.0,7551.0,1,1426,1514
8480003,Jesper Boqvist,FLA,C,268,V2,DZI,D,0.35362,0.22935,0.12427,374,393,2268.0,4879.0,1,214,376
8475278,Byron Froese,VGK,C,25,V2,DZI,D,0.21994,0.09936,0.12058,34,32,341.0,312.0,0,88,60
8481028,Martin Pospisil,CGY,C,166,V2,DZI,D,0.37027,0.24983,0.12044,240,278,1426.0,2962.0,1,108,146
8473563,Nicklas Backstrom,WSH,C,47,V2,DZI,D,0.34195,0.2234,0.11854,70,104,503.0,846.0,1,274,259
8483424,Owen Beck,MTL,C,28,V2,DZI,D,0.29724,0.1789,0.11834,37,25,434.0,436.0,0,66,51
8474683,Derek Grant,ANA,C,46,V2,DZI,D,0.35118,0.23521,0.11597,146,142,934.0,1386.0,1,172,131
8482074,Connor Zary,CGY,C,191,V2,DZI,D,0.3886,0.27369,0.11491,282,317,1948.0,3683.0,1,191,254
8482090,Jack Finley,STL,C,44,V2,DZI,D,0.23669,0.12329,0.1134,80,84,338.0,657.0,1,166,166
8481019,David Gustafsson,WPG,C,121,V2,DZI,D,0.33707,0.22389,0.11318,186,148,1160.0,1733.0,1,280,251
8479772,Zack MacEwen,NJD,C,110,V2,DZI,D,0.28835,0.17755,0.11081,113,126,541.0,1256.0,1,40,34
8480008,Adam Ruzicka,UTA,C,86,V2,DZI,D,0.25082,0.14157,0.10925,105,105,610.0,996.0,1,158,178
8480021,Jack Studnicka,FLA,C,89,V2,DZI,D,0.251,0.14343,0.10757,119,132,996.0,1485.0,1,146,192
8475413,Justin Dowling,NYR,C,56,V2,DZI,D,0.29412,0.18911,0.10501,57,62,459.0,661.0,1,157,171
8480880,Jakub Lauko,BOS,C,139,V2,DZI,D,0.23918,0.1369,0.10228,213,231,1409.0,2564.0,1,8,19
8476960,Andreas Athanasiou,CHI,C,117,V2,DZI,D,0.29061,0.19136,0.09925,219,211,1779.0,2754.0,1,161,189
8474009,Nick Bonino,NYR,C,107,V2,DZI,D,0.28173,0.18504,0.09668,239,217,1111.0,1578.0,1,312,310
8485512,Tim Washe,ANA,C,40,V2,DZI,D,0.32334,0.2289,0.09444,93,80,634.0,865.0,1,196,124
8484800,Berkly Catton,SEA,C,65,V2,DZI,D,0.32857,0.24006,0.08851,57,64,350.0,679.0,1,60,79
8479972,Mason Shaw,MIN,C,79,V2,DZI,D,0.33659,0.25111,0.08549,88,112,716.0,1131.0,1,19,12
8484801,Macklin Celebrini,SJS,C,152,V2,DZI,D,0.2955,0.21319,0.08231,314,329,3110.0,4292.0,1,928,1036
8478843,Denis Malgin,COL,C,65,V2,DZI,D,0.3871,0.30566,0.08144,92,88,527.0,831.0,1,4,6
8477887,Patrick Brown,BOS,C,87,V2,DZI,D,0.25949,0.18296,0.07653,181,186,1133.0,1432.0,1,179,170
8471276,David Krejci,BOS,C,70,V2,DZI,D,0.34887,0.28019,0.06868,110,113,665.0,1449.0,1,293,336
8477460,Laurent Dauphin,UTA,C,21,V2,DZI,D,0.34426,0.27778,0.06648,26,29,122.0,288.0,0,81,71
8479022,Rodrigo Abols,PHI,C,64,V2,DZI,D,0.21985,0.1753,0.04454,81,63,655.0,907.0,1,216,186
8470595,Eric Staal,FLA,C,72,V2,DZI,D,0.27293,0.23125,0.04168,133,138,894.0,1427.0,1,278,284
8479968,Vinni Lettieri,BOS,C,73,V2,DZI,D,0.36114,0.32284,0.0383,107,118,1055.0,1112.0,1,46,48
8476310,Lukas Sedlak,PHI,C,30,V2,DZI,D,0.17838,0.1454,0.03298,39,41,185.0,337.0,0,77,82
8479550,Tanner Laczynski,VGK,C,51,V2,DZI,D,0.05641,0.05769,-0.00128,53,56,390.0,520.0,1,97,104
8475958,Michael Sgarbossa,WSH,C,28,V2,DZI,D,0.20155,0.20833,-0.00678,34,46,258.0,696.0,0,63,77
8479514,Rem Pitlick,CHI,C,55,V2,DZI,D,0.21286,0.22847,-0.01561,70,82,451.0,1138.0,1,26,37
8477996,Juho Lammikko,NJD,C,24,V2,DZI,D,0.27528,0.29491,-0.01963,24,32,178.0,373.0,0,53,54
8482103,Ozzy Wiesblatt,NSH,C,44,V2,DZI,D,0.33628,0.3652,-0.02892,96,77,565.0,638.0,1,1,4
8482775,Oliver Kapanen,MTL,C,100,V2,DZI,D,0.25952,0.29274,-0.03322,116,141,1129.0,1749.0,1,272,329
8480876,Curtis Douglas,VAN,C,42,V2,DZI,D,0.0,0.04237,-0.04237,20,33,55.0,354.0,0,6,7
8483471,Brad Lambert,WPG,C,30,V2,DZI,D,0.03279,0.0802,-0.04742,20,33,61.0,586.0,0,9,19
8484160,Nate Danielson,DET,C,28,V2,DZI,D,0.39365,0.48125,-0.0876,33,40,315.0,320.0,0,53,86
8479578,Casey Fitzgerald,FLA,D,27,V2,DZI,D,0.55367,0.0947,0.45898,23,34,177.0,264.0,0,0,0
8483619,Filip Roos,CHI,D,21,V2,DZI,D,0.50345,0.06209,0.44136,37,35,145.0,306.0,0,0,0
8481572,Ville Heinola,WPG,D,32,V2,DZI,D,0.60106,0.19355,0.40752,45,44,188.0,341.0,0,0,0
8477932,Aaron Ekblad,FLA,D,250,V2,DZI,D,0.56712,0.16019,0.40693,658,640,5073.0,7441.0,1,0,0
8479348,Kale Clague,BUF,D,36,V2,DZI,D,0.45033,0.0583,0.39204,50,65,453.0,669.0,1,0,0
8479395,Dennis Cholowski,NJD,D,58,V2,DZI,D,0.51919,0.13517,0.38402,80,68,495.0,836.0,1,0,0
8478055,Gustav Forsling,FLA,D,321,V2,DZI,D,0.55161,0.17231,0.3793,862,841,6530.0,9959.0,1,0,0
8482178,Ian Moore,ANA,D,69,V2,DZI,D,0.49453,0.12627,0.36826,130,139,914.0,1671.0,1,0,1
8471686,Marc Staal,PHI,D,117,V2,DZI,D,0.56011,0.20434,0.35576,282,252,1514.0,2902.0,1,0,0
8479388,Riley Stillman,EDM,D,59,V2,DZI,D,0.4446,0.09016,0.35444,123,87,704.0,1220.0,1,0,0
8479639,Dylan Coghlan,VGK,D,27,V2,DZI,D,0.46632,0.11525,0.35107,34,38,193.0,295.0,0,0,0
8482100,Alexander Nikishin,CAR,D,81,V2,DZI,D,0.55245,0.21486,0.33758,129,141,858.0,1480.0,1,0,0
8480887,Jordan Harris,BOS,D,162,V2,DZI,D,0.49428,0.15699,0.33729,317,305,2359.0,4427.0,1,0,0
8479387,Keaton Middleton,COL,D,44,V2,DZI,D,0.55614,0.22037,0.33577,61,56,383.0,1080.0,1,0,0
8480831,Alec Regula,EDM,D,33,V2,DZI,D,0.47642,0.14315,0.33326,58,43,424.0,482.0,0,0,0
8478476,Kyle Capobianco,DAL,D,48,V2,DZI,D,0.5787,0.24699,0.33172,58,65,216.0,498.0,1,0,0
8480884,Calen Addison,SJS,D,134,V2,DZI,D,0.46225,0.13293,0.32932,204,268,1192.0,2648.0,1,0,0
8481719,Maxwell Crozier,TBL,D,53,V2,DZI,D,0.49498,0.16854,0.32644,82,97,996.0,979.0,1,0,0
8476854,Hampus Lindholm,BOS,D,237,V2,DZI,D,0.46586,0.14091,0.32495,771,610,4437.0,6380.0,1,0,0
8482470,Ilya Solovyov,PIT,D,45,V2,DZI,D,0.51382,0.19057,0.32325,78,76,434.0,976.0,1,0,0
8479984,Cal Foote,NJD,D,54,V2,DZI,D,0.52286,0.206,0.31686,106,89,1050.0,1267.0,1,0,0
8480879,Jacob Bernard-Docker,DET,D,194,V2,DZI,D,0.45077,0.13437,0.31641,396,389,2529.0,3617.0,1,0,0
8478970,Jalen Chatfield,CAR,D,301,V2,DZI,D,0.53571,0.22402,0.31169,634,590,3472.0,5861.0,1,0,0
8474031,Kevin Shattenkirk,BOS,D,136,V2,DZI,D,0.4165,0.10553,0.31097,281,312,2437.0,3601.0,1,0,0
8477488,Brett Pesce,NJD,D,261,V2,DZI,D,0.48701,0.17694,0.31007,699,640,5618.0,7528.0,1,0,0
8480069,Cale Makar,COL,D,291,V2,DZI,D,0.54749,0.2387,0.30879,700,716,6170.0,8404.0,1,0,0
8482641,Matt Kiersted,MIN,D,28,V2,DZI,D,0.39655,0.08791,0.30864,33,40,174.0,455.0,0,0,0
8482192,Isaak Phillips,WPG,D,55,V2,DZI,D,0.46929,0.16127,0.30802,90,129,863.0,1606.0,1,0,0
8482144,Jack Thompson,SJS,D,34,V2,DZI,D,0.51134,0.20455,0.30679,50,66,397.0,880.0,1,0,0
8484305,Zach Metsa,BUF,D,43,V2,DZI,D,0.49377,0.18712,0.30665,49,75,401.0,978.0,0,0,0
8482666,Scott Morrow,NYR,D,45,V2,DZI,D,0.51307,0.20661,0.30646,76,76,306.0,847.0,1,0,0
8484258,Sam Malinski,COL,D,180,V2,DZI,D,0.5144,0.2135,0.3009,399,401,3091.0,4356.0,1,0,0
8480160,Radim Simek,SJS,D,44,V2,DZI,D,0.39958,0.09942,0.30016,114,122,473.0,865.0,1,0,0
8474151,Ryan McDonagh,TBL,D,275,V2,DZI,D,0.48026,0.18054,0.29972,789,757,5370.0,8508.0,1,0,0
8479982,Conor Timmins,BUF,D,159,V2,DZI,D,0.3937,0.09514,0.29856,298,303,1938.0,3069.0,1,0,0
8479369,Andrew Peeke,BOS,D,271,V2,DZI,D,0.45037,0.15353,0.29684,770,722,5098.0,8135.0,1,0,0
8482094,Daemon Hunt,MIN,D,45,V2,DZI,D,0.4186,0.12346,0.29515,57,78,430.0,972.0,1,0,0
8484223,Axel Sandin-Pellikka,DET,D,68,V2,DZI,D,0.44323,0.15332,0.28991,137,131,916.0,1474.0,1,0,0
8477034,Jaycob Megna,VGK,D,110,V2,DZI,D,0.43871,0.15011,0.2886,239,226,1550.0,2245.0,1,0,0
8483495,Simon Nemec,NJD,D,155,V2,DZI,D,0.45305,0.16537,0.28768,310,311,2918.0,4227.0,1,0,0
8478038,Devon Toews,COL,D,305,V2,DZI,D,0.5413,0.25688,0.28442,818,832,6017.0,9234.0,1,0,0
8482087,Kaiden Guhle,MTL,D,208,V2,DZI,D,0.4279,0.14435,0.28355,643,575,4230.0,7475.0,1,0,0
8479398,Samuel Girard,PIT,D,268,V2,DZI,D,0.51047,0.23067,0.2798,676,741,5252.0,8150.0,1,0,0
8483620,Marcus Bjork,CBJ,D,33,V2,DZI,D,0.44966,0.17054,0.27911,89,89,725.0,903.0,1,0,0
8480800,Quinn Hughes,MIN,D,302,V2,DZI,D,0.48609,0.20731,0.27878,749,744,7116.0,10284.0,1,0,0
8482126,Emil Andrae,PHI,D,107,V2,DZI,D,0.4799,0.20272,0.27717,180,170,1144.0,1835.0,1,2,1
8474578,Erik Karlsson,PIT,D,321,V2,DZI,D,0.48472,0.20815,0.27657,899,831,7167.0,9839.0,1,0,1
8480145,Neal Pionk,WPG,D,284,V2,DZI,D,0.42952,0.1579,0.27161,762,721,5597.0,8461.0,1,0,0
8478396,Noah Hanifin,VGK,D,313,V2,DZI,D,0.49335,0.22297,0.27038,824,824,5641.0,8732.0,1,0,0
8480035,Henri Jokiharju,BOS,D,235,V2,DZI,D,0.46211,0.19243,0.26969,612,663,4289.0,7525.0,1,0,0
8474013,Ian Cole,UTA,D,319,V2,DZI,D,0.45054,0.1809,0.26963,774,696,4741.0,7457.0,1,0,0
8480727,Zach Whitecloud,CGY,D,272,V2,DZI,D,0.45117,0.18213,0.26904,616,618,5581.0,7791.0,1,0,0
8481600,Tobias Bjornfot,FLA,D,47,V2,DZI,D,0.39142,0.12245,0.26897,65,81,373.0,882.0,1,0,0
8482165,Yan Kuznetsov,CGY,D,58,V2,DZI,D,0.48878,0.22015,0.26862,130,143,802.0,1558.0,1,0,0
8481607,Albert Johansson,DET,D,143,V2,DZI,D,0.41598,0.14773,0.26824,301,312,1815.0,3310.0,1,0,0
8475455,Brenden Dillon,NJD,D,323,V2,DZI,D,0.44681,0.17863,0.26818,721,713,5678.0,8207.0,1,0,0
8476422,Mike Reilly,CAR,D,131,V2,DZI,D,0.4065,0.1386,0.26791,212,184,1230.0,2179.0,1,0,0
8480184,Gustav Lindstrom,ANA,D,82,V2,DZI,D,0.35683,0.08916,0.26768,157,169,922.0,1817.0,1,0,0
8479442,Troy Stecher,TOR,D,265,V2,DZI,D,0.43146,0.16403,0.26742,529,558,3764.0,6834.0,1,0,0
8474563,Drew Doughty,LAK,D,264,V2,DZI,D,0.48473,0.21752,0.26721,758,699,7893.0,9769.0,1,0,0
8478416,Erik Cernak,TBL,D,276,V2,DZI,D,0.44711,0.18097,0.26613,811,701,4878.0,6465.0,1,0,0
8476958,Jaccob Slavin,CAR,D,276,V2,DZI,D,0.51193,0.24942,0.26251,756,650,5366.0,7277.0,1,0,0
8481006,Tyler Tucker,STL,D,158,V2,DZI,D,0.38015,0.1182,0.26195,248,232,1602.0,2572.0,1,0,0
8474600,Roman Josi,NSH,D,270,V2,DZI,D,0.46867,0.20738,0.26129,708,659,5586.0,7773.0,1,0,0
8476525,Colin Miller,WPG,D,202,V2,DZI,D,0.44672,0.18646,0.26026,389,335,2975.0,3781.0,1,0,0
8480950,Ilya Lyubushkin,DAL,D,275,V2,DZI,D,0.40899,0.14875,0.26024,619,615,4560.0,6622.0,1,0,0
8476331,Dylan DeMelo,WPG,D,320,V2,DZI,D,0.42949,0.16981,0.25969,828,799,6035.0,8757.0,1,0,0
8479371,Dante Fabbro,CBJ,D,277,V2,DZI,D,0.41792,0.15891,0.259,665,617,5403.0,8835.0,1,0,0
8480157,Calle Rosen,STL,D,55,V2,DZI,D,0.41408,0.15657,0.25751,91,81,483.0,792.0,1,0,0
8479985,Cale Fleury,SEA,D,49,V2,DZI,D,0.45592,0.19847,0.25745,103,83,794.0,1043.0,1,0,0
8477851,Jordan Oesterle,NSH,D,112,V2,DZI,D,0.4098,0.15276,0.25704,220,189,1347.0,1977.0,1,0,0
8475797,Jarred Tinordi,CHI,D,96,V2,DZI,D,0.38196,0.12514,0.25682,244,235,2084.0,2733.0,1,0,0
8481014,Alexander Romanov,NYI,D,236,V2,DZI,D,0.39421,0.13779,0.25642,644,614,4939.0,6873.0,1,0,0
8482245,Artem Zub,OTT,D,259,V2,DZI,D,0.45879,0.2025,0.25629,834,698,5739.0,7284.0,1,0,0
8475690,Chris Tanev,TOR,D,226,V2,DZI,D,0.48813,0.23209,0.25604,719,613,3329.0,5416.0,1,0,0
8480834,Ty Emberson,EDM,D,177,V2,DZI,D,0.37351,0.11766,0.25585,393,337,2356.0,3714.0,1,0,0
8474145,Robert Bortuzzo,UTA,D,87,V2,DZI,D,0.41055,0.15501,0.25554,113,134,436.0,1187.0,1,0,0
8475218,Mattias Ekholm,EDM,D,303,V2,DZI,D,0.50105,0.24626,0.25479,754,614,5732.0,8219.0,1,0,0
8482105,Jake Sanderson,OTT,D,303,V2,DZI,D,0.47542,0.22107,0.25435,944,774,5574.0,8079.0,1,0,0
8476312,Josh Manson,COL,D,230,V2,DZI,D,0.48428,0.23027,0.25402,559,616,3913.0,6892.0,1,0,0
8480860,Kevin Bahl,CGY,D,273,V2,DZI,D,0.42037,0.16674,0.25363,783,734,5067.0,7137.0,1,0,0
8482111,Justin Barron,NSH,D,200,V2,DZI,D,0.44327,0.19067,0.25259,413,382,2829.0,3881.0,1,0,0
8480796,Martin Fehérváry,WSH,D,295,V2,DZI,D,0.4352,0.18288,0.25232,851,872,6358.0,8503.0,1,0,0
8474574,Tyler Myers,DAL,D,299,V2,DZI,D,0.41422,0.16198,0.25224,801,812,5415.0,9748.0,1,0,0
8478452,Caleb Jones,PIT,D,111,V2,DZI,D,0.40079,0.14914,0.25165,208,236,1779.0,2910.0,1,0,0
8481527,Kaedan Korczak,VGK,D,154,V2,DZI,D,0.42625,0.17464,0.25161,304,286,2705.0,3533.0,1,0,0
8481598,Philip Broberg,STL,D,206,V2,DZI,D,0.42769,0.17768,0.25001,496,550,3402.0,6782.0,1,0,0
8473446,Erik Johnson,COL,D,166,V2,DZI,D,0.39594,0.14613,0.24982,363,316,2268.0,3189.0,1,0,0
8478454,Noah Juulsen,PHI,D,153,V2,DZI,D,0.33276,0.08465,0.24811,318,286,1755.0,2469.0,1,0,0
8475825,Jani Hakanpää,TOR,D,148,V2,DZI,D,0.44609,0.2,0.24609,421,348,2968.0,4100.0,1,0,0
8480336,Sean Walker,CAR,D,314,V2,DZI,D,0.46905,0.22304,0.24602,672,663,4524.0,7371.0,1,0,0
8481219,Jonathan Aspirot,BOS,D,61,V2,DZI,D,0.37066,0.12471,0.24594,166,141,1036.0,1748.0,1,0,0
8478465,Guillaume Brisebois,VAN,D,20,V2,DZI,D,0.30566,0.06073,0.24493,48,52,265.0,494.0,0,0,0
8475200,Dmitry Orlov,SJS,D,305,V2,DZI,D,0.49244,0.24767,0.24477,743,687,5158.0,8269.0,1,0,0
8483448,Isaiah George,NYI,D,37,V2,DZI,D,0.26809,0.02372,0.24437,83,66,608.0,801.0,1,0,0
8479998,Mikey Anderson,LAK,D,307,V2,DZI,D,0.44965,0.20538,0.24427,885,800,8789.0,10624.0,1,0,0
8479345,Jakob Chychrun,WSH,D,284,V2,DZI,D,0.47893,0.23505,0.24388,689,665,5694.0,8526.0,1,0,0
8482624,Daniil Miromanov,CGY,D,83,V2,DZI,D,0.44945,0.20641,0.24304,249,225,1642.0,1841.0,1,0,0
8477938,Haydn Fleury,WPG,D,129,V2,DZI,D,0.38436,0.14132,0.24304,240,227,1522.0,3071.0,1,0,0
8480084,Nick DeSimone,UTA,D,97,V2,DZI,D,0.42915,0.18703,0.24213,167,138,981.0,1326.0,1,0,0
8478451,Ethan Bear,WSH,D,85,V2,DZI,D,0.3692,0.12836,0.24085,202,164,1143.0,1527.0,1,0,0
8480426,Charle-Edouard D'Astous,TBL,D,70,V2,DZI,D,0.3853,0.1448,0.2405,135,159,898.0,1692.0,1,0,0
8481564,Ryan Johnson,BUF,D,47,V2,DZI,D,0.52511,0.2847,0.24042,58,75,657.0,843.0,1,0,0
8478500,Ivan Provorov,CBJ,D,328,V2,DZI,D,0.43164,0.19125,0.24039,903,944,7995.0,11801.0,1,0,0
8477346,MacKenzie Weegar,UTA,D,322,V2,DZI,D,0.47197,0.23171,0.24026,933,895,5583.0,8131.0,1,0,0
8481568,Alex Vlasic,CHI,D,245,V2,DZI,D,0.35805,0.11807,0.23999,739,828,5960.0,9283.0,1,0,0
8478882,Vladislav Gavrikov,NYR,D,313,V2,DZI,D,0.4463,0.20705,0.23925,993,867,8044.0,10384.0,1,0,0
8476429,Scott Mayfield,NYI,D,269,V2,DZI,D,0.35721,0.11868,0.23853,625,549,4510.0,5814.0,1,0,0
8480001,Urho Vaakanainen,NYR,D,176,V2,DZI,D,0.339,0.10069,0.2383,376,400,2708.0,4330.0,1,0,0
8481122,Simon Benoit,TOR,D,293,V2,DZI,D,0.37664,0.13932,0.23732,706,698,4888.0,7422.0,1,0,0
8482684,Luke Hughes,NJD,D,223,V2,DZI,D,0.43575,0.1986,0.23715,568,513,5432.0,6878.0,1,0,0
8479402,Jake Bean,CGY,D,166,V2,DZI,D,0.38951,0.1535,0.236,286,316,2249.0,3583.0,1,0,0
8478859,Niko Mikkola,FLA,D,307,V2,DZI,D,0.42482,0.18886,0.23596,734,716,4988.0,7810.0,1,0,0
8482095,Tyler Kleven,OTT,D,166,V2,DZI,D,0.40083,0.16636,0.23447,323,234,1926.0,2152.0,1,0,0
8482482,Adam Wilsby,NSH,D,80,V2,DZI,D,0.47829,0.24395,0.23434,206,205,1520.0,1902.0,1,0,0
8474673,TJ Brodie,CHI,D,190,V2,DZI,D,0.39183,0.15814,0.23369,481,435,3037.0,3870.0,1,0,0
8478407,Vince Dunn,SEA,D,282,V2,DZI,D,0.45005,0.21663,0.23342,756,720,5946.0,8780.0,1,0,0
8476923,Damon Severson,CBJ,D,289,V2,DZI,D,0.45318,0.21977,0.23341,750,753,7401.0,10056.0,1,0,0
8474568,Luke Schenn,BUF,D,259,V2,DZI,D,0.41432,0.18127,0.23305,523,514,3659.0,5511.0,1,0,0
8477504,Josh Morrissey,WPG,D,315,V2,DZI,D,0.43286,0.19983,0.23303,816,808,5891.0,9648.0,1,0,0
8483490,Pavel Mintyukov,ANA,D,203,V2,DZI,D,0.40092,0.16798,0.23294,431,527,3487.0,6233.0,1,0,0
8482730,Brandt Clarke,LAK,D,184,V2,DZI,D,0.48255,0.24968,0.23287,339,340,2779.0,3897.0,1,0,0
8471724,Kris Letang,PIT,D,294,V2,DZI,D,0.44794,0.21561,0.23234,893,719,6925.0,8817.0,1,0,0
8478450,Parker Wotherspoon,PIT,D,188,V2,DZI,D,0.44447,0.21265,0.23183,438,459,3710.0,5361.0,1,0,0
8476988,Matt Benning,TOR,D,99,V2,DZI,D,0.36158,0.12983,0.23176,307,275,1593.0,2642.0,1,0,0
8479576,Vincent Desharnais,SJS,D,218,V2,DZI,D,0.41864,0.18694,0.2317,464,397,3294.0,4547.0,1,0,0
8476874,Olli Määttä,CGY,D,269,V2,DZI,D,0.39745,0.16619,0.23127,649,571,4949.0,5578.0,1,0,0
8477971,Andreas Englund,NSH,D,167,V2,DZI,D,0.41581,0.18473,0.23108,282,248,1645.0,2344.0,1,0,0
8478854,Ryan Shea,PIT,D,150,V2,DZI,D,0.39976,0.16893,0.23083,307,311,2504.0,4268.0,1,0,0
8476457,Adam Larsson,SEA,D,326,V2,DZI,D,0.442,0.21117,0.23083,882,851,7224.0,10579.0,1,0,0
8476869,Brady Skjei,NSH,D,324,V2,DZI,D,0.46554,0.2349,0.23064,903,833,6543.0,9106.0,1,0,0
8479323,Adam Fox,NYR,D,283,V2,DZI,D,0.46852,0.23813,0.2304,725,635,6100.0,7643.0,1,0,0
8481178,Egor Zamula,CBJ,D,176,V2,DZI,D,0.39305,0.16276,0.23029,297,275,2361.0,2943.0,1,0,0
8480434,Sean Durzi,UTA,D,238,V2,DZI,D,0.39984,0.16963,0.23021,551,543,4992.0,5683.0,1,0,0
8479980,Nicolas Hague,NSH,D,285,V2,DZI,D,0.39742,0.16765,0.22977,722,651,6366.0,8130.0,1,0,0
8480070,Ian Mitchell,BOS,D,63,V2,DZI,D,0.28243,0.05268,0.22975,102,109,609.0,1006.0,1,0,0
8476875,Mike Matheson,MTL,D,288,V2,DZI,D,0.39098,0.16127,0.22971,942,929,6939.0,11701.0,1,0,0
8476891,Matt Grzelcyk,CHI,D,289,V2,DZI,D,0.39508,0.16553,0.22956,677,638,4394.0,7020.0,1,0,0
8476967,Brett Kulak,COL,D,328,V2,DZI,D,0.47256,0.24354,0.22903,729,677,6524.0,8315.0,1,0,0
8481743,Marc Del Gaizo,NSH,D,55,V2,DZI,D,0.48608,0.2571,0.22898,119,107,790.0,1338.0,1,0,0
8476441,Joel Edmundson,LAK,D,268,V2,DZI,D,0.39147,0.16276,0.22872,623,631,4386.0,6310.0,1,0,0
8480839,Rasmus Dahlin,BUF,D,309,V2,DZI,D,0.47902,0.25033,0.22869,875,926,6244.0,10710.0,1,0,0
8482511,Mason Lohrei,BOS,D,191,V2,DZI,D,0.34467,0.11608,0.22859,383,340,2588.0,3670.0,1,0,0
8479421,Jacob Moverare,LAK,D,90,V2,DZI,D,0.45542,0.22708,0.22834,129,119,931.0,1189.0,1,0,0
8476372,Nick Seeler,PHI,D,305,V2,DZI,D,0.35446,0.12616,0.22831,572,593,3518.0,5834.0,1,0,0
8480036,Miro Heiskanen,DAL,D,277,V2,DZI,D,0.43338,0.20528,0.22811,827,668,6470.0,7541.0,1,0,0
8475208,Brian Dumoulin,LAK,D,323,V2,DZI,D,0.43551,0.20803,0.22749,769,761,5722.0,8273.0,1,0,0
8480196,Jacob Bryson,WPG,D,193,V2,DZI,D,0.41799,0.19148,0.22651,320,335,2579.0,3332.0,1,0,0
8477986,Brandon Montour,SEA,D,290,V2,DZI,D,0.45198,0.22549,0.22648,800,778,7507.0,10120.0,1,0,0
8475795,Dylan McIlrath,WSH,D,39,V2,DZI,D,0.3308,0.10448,0.22632,58,72,263.0,737.0,1,0,0
8480817,K'Andre Miller,CAR,D,305,V2,DZI,D,0.46177,0.23585,0.22592,908,745,7298.0,7967.0,1,0,0
8470613,Brent Burns,COL,D,327,V2,DZI,D,0.46176,0.23662,0.22514,860,772,5975.0,8575.0,1,0,0
8475324,Nick Jensen,OTT,D,287,V2,DZI,D,0.41306,0.18797,0.22509,711,743,5084.0,8214.0,1,0,0
8479325,Charlie McAvoy,BOS,D,260,V2,DZI,D,0.39014,0.16674,0.2234,780,616,5052.0,6675.0,1,0,0
8475750,Jon Merrill,MIN,D,208,V2,DZI,D,0.39811,0.17513,0.22298,299,354,2331.0,4351.0,1,0,0
8475462,Radko Gudas,ANA,D,275,V2,DZI,D,0.38394,0.16163,0.22231,609,706,5605.0,8173.0,1,0,0
8476879,Cody Ceci,LAK,D,326,V2,DZI,D,0.42304,0.20209,0.22095,930,827,7751.0,10990.0,1,0,0
8476892,Colton Parayko,STL,D,301,V2,DZI,D,0.39684,0.17654,0.2203,999,1079,7905.0,12354.0,1,0,0
8481072,Tim Berni,CBJ,D,59,V2,DZI,D,0.46474,0.24457,0.22017,141,169,794.0,1656.0,1,0,0
8483506,Sam Rinzel,CHI,D,63,V2,DZI,D,0.33864,0.11892,0.21972,116,131,1131.0,1850.0,1,0,0
8477969,Marcus Pettersson,VAN,D,309,V2,DZI,D,0.41747,0.19793,0.21954,1015,919,7567.0,11196.0,1,0,0
8481567,Henry Thrun,TOR,D,124,V2,DZI,D,0.35216,0.13269,0.21947,307,360,2479.0,4145.0,1,0,0
8475233,David Savard,MTL,D,197,V2,DZI,D,0.39323,0.17383,0.2194,518,450,3868.0,5747.0,1,0,0
8470966,Mark Giordano,TOR,D,124,V2,DZI,D,0.40527,0.18606,0.21921,289,229,1594.0,2123.0,1,0,0
8483466,Kevin Korchinski,CHI,D,105,V2,DZI,D,0.3864,0.16725,0.21915,174,207,1250.0,2577.0,1,0,0
8477507,Nikita Zadorov,BOS,D,319,V2,DZI,D,0.38919,0.17043,0.21876,894,753,5717.0,7358.0,1,0,0
8482122,Brock Faber,MIN,D,242,V2,DZI,D,0.44919,0.23055,0.21864,714,826,5570.0,9833.0,1,0,0
8480049,Dylan Samberg,WPG,D,266,V2,DZI,D,0.41109,0.19354,0.21755,575,560,4797.0,6722.0,1,0,0
8477845,Trevor van Riemsdyk,WSH,D,295,V2,DZI,D,0.41896,0.20185,0.21711,658,656,4504.0,6604.0,1,0,0
8476902,Esa Lindell,DAL,D,326,V2,DZI,D,0.40384,0.18676,0.21707,1003,883,6775.0,10698.0,1,0,0
8480865,Noah Dobson,MTL,D,308,V2,DZI,D,0.37844,0.16544,0.213,793,733,5964.0,9218.0,1,0,0
8483503,Owen Pickering,PIT,D,29,V2,DZI,D,0.48464,0.27231,0.21233,55,58,293.0,437.0,1,0,0
8473507,Jeff Petry,MIN,D,245,V2,DZI,D,0.37877,0.16688,0.21189,566,570,3976.0,6112.0,1,0,0
8476792,Torey Krug,STL,D,140,V2,DZI,D,0.34713,0.13538,0.21175,301,308,2319.0,2999.0,1,0,0
8475790,Erik Gudbranson,CBJ,D,201,V2,DZI,D,0.35784,0.1464,0.21144,558,602,3876.0,7746.0,1,0,0
8480891,Michael Kesselring,BUF,D,190,V2,DZI,D,0.36113,0.1497,0.21143,378,392,2578.0,3821.0,1,0,0
8476906,Shayne Gostisbehere,CAR,D,281,V2,DZI,D,0.40048,0.18908,0.21139,551,533,3788.0,6209.0,1,0,0
8477462,Robert Hagg,VGK,D,45,V2,DZI,D,0.29275,0.08136,0.21139,71,77,345.0,762.0,1,0,0
8482803,Olen Zellweger,ANA,D,164,V2,DZI,D,0.37864,0.16741,0.21123,303,348,3024.0,4247.0,1,0,0
8474090,Brendan Smith,CBJ,D,170,V2,DZI,D,0.39795,0.18674,0.21121,369,289,2827.0,3529.0,1,0,0
8478851,Alexandre Carrier,MTL,D,268,V2,DZI,D,0.42536,0.21426,0.2111,813,694,4582.0,7631.0,1,0,0
8482142,Jamie Drysdale,PHI,D,190,V2,DZI,D,0.35967,0.14967,0.20999,427,380,2747.0,4149.0,1,0,0
8471709,Marc-Edouard Vlasic,SJS,D,162,V2,DZI,D,0.40735,0.19739,0.20996,396,433,2504.0,4519.0,1,0,0
8479324,Ryan Lindgren,SEA,D,286,V2,DZI,D,0.4094,0.19949,0.20991,718,700,4917.0,7810.0,1,0,0
8481059,Scott Perunovich,NYI,D,89,V2,DZI,D,0.411,0.20137,0.20963,107,117,1000.0,1465.0,1,0,0
8482166,Shakir Mukhamadullin,SJS,D,83,V2,DZI,D,0.3938,0.18426,0.20954,184,235,1290.0,2681.0,1,0,0
8478430,Oliver Kylington,ANA,D,52,V2,DZI,D,0.41736,0.20859,0.20877,93,94,484.0,978.0,1,0,0
8478443,Brandon Carlo,TOR,D,289,V2,DZI,D,0.37046,0.16245,0.20801,890,770,6222.0,8704.0,1,0,0
8478136,Jake Middleton,MIN,D,301,V2,DZI,D,0.41022,0.2028,0.20742,782,923,6226.0,9857.0,1,0,0
8481812,Nikolai Knyzhov,SJS,D,22,V2,DZI,D,0.39672,0.18957,0.20716,58,60,305.0,575.0,1,0,0
8481563,Drew Helleson,ANA,D,119,V2,DZI,D,0.35634,0.14946,0.20688,256,269,1695.0,2683.0,1,0,0
8479410,Mikhail Sergachev,UTA,D,267,V2,DZI,D,0.41133,0.20446,0.20687,798,705,6090.0,7170.0,1,0,0
8474716,Jared Spurgeon,MIN,D,240,V2,DZI,D,0.40616,0.19997,0.20619,591,691,4188.0,7241.0,1,0,0
8476462,Dougie Hamilton,NJD,D,243,V2,DZI,D,0.42319,0.21761,0.20558,611,491,5045.0,5611.0,1,0,0
8478397,Rasmus Andersson,VGK,D,319,V2,DZI,D,0.388,0.18254,0.20546,911,974,5134.0,9198.0,1,0,0
8474618,Marco Scandella,STL,D,85,V2,DZI,D,0.31841,0.11308,0.20533,128,146,1005.0,1636.0,1,0,0
8484783,Artyom Levshunov,CHI,D,86,V2,DZI,D,0.41031,0.2053,0.20501,134,177,892.0,2226.0,1,0,0
8476463,Jonas Brodin,MIN,D,234,V2,DZI,D,0.40841,0.20375,0.20466,634,663,4733.0,8000.0,1,0,0
8476473,Connor Murphy,EDM,D,273,V2,DZI,D,0.34487,0.14027,0.2046,702,750,4941.0,8434.0,1,0,0
8474612,Travis Hamonic,DET,D,208,V2,DZI,D,0.34431,0.14062,0.20369,519,450,2855.0,4786.0,1,0,0
8474166,Alec Martinez,CHI,D,176,V2,DZI,D,0.36784,0.16416,0.20368,425,464,3806.0,5525.0,1,0,0
8482733,Logan Mailloux,STL,D,74,V2,DZI,D,0.36468,0.16176,0.20292,118,131,1042.0,1632.0,1,0,0
8480823,Alexander Alexeyev,WSH,D,79,V2,DZI,D,0.44723,0.24437,0.20287,190,151,1355.0,1420.0,1,0,0
8477950,Tony DeAngelo,NYI,D,212,V2,DZI,D,0.40977,0.2077,0.20207,441,478,4178.0,5922.0,1,0,0
8476853,Morgan Rielly,TOR,D,297,V2,DZI,D,0.383,0.18099,0.20201,751,646,5436.0,7249.0,1,0,0
8474027,Justin Braun,PHI,D,51,V2,DZI,D,0.39939,0.19759,0.20181,93,112,661.0,911.0,1,0,0
8475177,Calvin de Haan,NYR,D,159,V2,DZI,D,0.3913,0.19002,0.20128,287,298,2208.0,2826.0,1,0,0
8480043,Timothy Liljegren,WSH,D,238,V2,DZI,D,0.3613,0.16045,0.20085,598,573,3623.0,5416.0,1,0,0
8484321,Nikolas Matinpalo,OTT,D,95,V2,DZI,D,0.3369,0.13614,0.20076,180,139,840.0,1425.0,1,0,0
8481167,Brayden Pachal,CGY,D,174,V2,DZI,D,0.37965,0.17929,0.20036,256,250,1720.0,2694.0,1,0,0
8474628,Michael Stone,CGY,D,48,V2,DZI,D,0.22335,0.02315,0.2002,64,69,394.0,432.0,1,0,0
8482671,Owen Power,BUF,D,315,V2,DZI,D,0.44023,0.24033,0.1999,752,886,5722.0,11068.0,1,0,0
8478178,Darren Raddysh,TBL,D,245,V2,DZI,D,0.3745,0.17504,0.19946,475,514,4227.0,5656.0,1,0,0
8476931,Jake McCabe,TOR,D,295,V2,DZI,D,0.36187,0.16262,0.19925,929,773,6262.0,8566.0,1,0,0
8477220,Nate Schmidt,UTA,D,295,V2,DZI,D,0.41813,0.2192,0.19893,557,544,3817.0,5616.0,1,0,0
8483565,Nick Blankenburg,COL,D,168,V2,DZI,D,0.36316,0.16496,0.19819,385,370,2470.0,4013.0,1,0,0
8484240,Tom Willander,VAN,D,69,V2,DZI,D,0.31451,0.1169,0.19761,132,146,903.0,1651.0,1,0,0
8481606,Jordan Spence,OTT,D,229,V2,DZI,D,0.44094,0.24361,0.19734,396,329,2921.0,3247.0,1,0,0
8477384,Joshua Brown,EDM,D,129,V2,DZI,D,0.32262,0.12542,0.1972,265,322,1494.0,2679.0,1,0,0
8476449,Scott Harrington,ANA,D,45,V2,DZI,D,0.43226,0.23514,0.19712,132,122,775.0,1514.0,1,0,0
8477810,Joel Hanley,CGY,D,189,V2,DZI,D,0.4448,0.24785,0.19695,417,351,2201.0,3490.0,1,0,0
8481806,Louis Crevier,CHI,D,134,V2,DZI,D,0.31626,0.11941,0.19685,400,397,3007.0,3509.0,1,0,0
8474590,John Carlson,ANA,D,271,V2,DZI,D,0.42165,0.22566,0.19599,729,724,5284.0,7046.0,1,0,0
8483678,Elias Pettersson,VAN,D,97,V2,DZI,D,0.35355,0.15797,0.19558,187,166,1632.0,2013.0,1,0,0
8483425,Lian Bichsel,DAL,D,88,V2,DZI,D,0.34743,0.15229,0.19514,170,175,993.0,1727.0,1,0,0
8477018,Ben Hutton,VGK,D,138,V2,DZI,D,0.34321,0.14827,0.19494,204,180,1620.0,2401.0,1,0,0
8482807,Ethan Del Mastro,CHI,D,45,V2,DZI,D,0.35817,0.16352,0.19465,94,111,832.0,1272.0,1,0,0
8476470,Nathan Beaulieu,ANA,D,52,V2,DZI,D,0.31849,0.12392,0.19457,116,124,898.0,1041.0,1,0,0
8478415,Jakub Zboril,BOS,D,22,V2,DZI,D,0.35842,0.16418,0.19424,33,27,279.0,268.0,0,0,0
8481605,Jackson LaCombe,ANA,D,229,V2,DZI,D,0.39485,0.20063,0.19422,629,682,5131.0,8563.0,1,0,0
8475279,Ben Chiarot,DET,D,316,V2,DZI,D,0.34143,0.14746,0.19397,937,952,6710.0,10125.0,1,0,0
8476917,Adam Pelech,NYI,D,261,V2,DZI,D,0.3918,0.19898,0.19282,881,770,5559.0,7820.0,1,0,0
8477335,Kyle Burroughs,LAK,D,154,V2,DZI,D,0.34125,0.14857,0.19268,327,370,2400.0,4126.0,1,0,0
8475188,Brayden McNabb,VGK,D,310,V2,DZI,D,0.41849,0.22594,0.19255,864,730,7637.0,8688.0,1,0,0
8477506,Ryan Pulock,NYI,D,290,V2,DZI,D,0.35356,0.16151,0.19206,940,831,5784.0,8074.0,1,0,0
8478507,John Marino,UTA,D,253,V2,DZI,D,0.4267,0.23493,0.19177,751,600,5348.0,6870.0,1,0,0
8475167,Victor Hedman,TBL,D,266,V2,DZI,D,0.40715,0.21569,0.19146,599,578,4841.0,6769.0,1,0,0
8478469,Thomas Chabot,OTT,D,256,V2,DZI,D,0.39103,0.19982,0.19122,662,649,5130.0,7687.0,1,0,0
8474565,Alex Pietrangelo,VGK,D,209,V2,DZI,D,0.42787,0.23725,0.19063,535,579,4298.0,7507.0,1,0,0
8478399,Jonas Siegenthaler,NJD,D,274,V2,DZI,D,0.40667,0.21693,0.18974,767,678,6354.0,7311.0,1,0,0
8480828,Michael Callahan,BOS,D,22,V2,DZI,D,0.24576,0.0562,0.18956,47,44,236.0,516.0,0,0,0
8484806,Sam Dickinson,SJS,D,71,V2,DZI,D,0.39298,0.20368,0.1893,164,149,1168.0,2067.0,1,0,0
8480807,Mattias Samuelsson,BUF,D,236,V2,DZI,D,0.42935,0.24258,0.18677,672,724,4968.0,8863.0,1,0,0
8479983,Mario Ferraro,SJS,D,310,V2,DZI,D,0.39252,0.20622,0.18629,935,922,7750.0,10799.0,1,0,1
8480871,Adam Boqvist,NYI,D,144,V2,DZI,D,0.30269,0.11684,0.18585,211,248,1675.0,2465.0,1,0,0
8476885,Jacob Trouba,ANA,D,308,V2,DZI,D,0.3807,0.19513,0.18557,917,837,6903.0,9240.0,1,0,0
8481609,Vladislav Kolyachonok,BOS,D,55,V2,DZI,D,0.34615,0.16122,0.18493,78,86,598.0,980.0,1,0,0
8481537,Nikita Okhotiuk,CGY,D,62,V2,DZI,D,0.29616,0.11146,0.1847,140,146,834.0,1893.0,1,0,0
8476979,Erik Gustafsson,DET,D,208,V2,DZI,D,0.36623,0.18244,0.18379,356,326,2736.0,3930.0,1,0,0
8481161,Jake Christiansen,CBJ,D,144,V2,DZI,D,0.28286,0.0996,0.18325,210,219,1750.0,2781.0,1,0,0
8478841,Colton White,NJD,D,69,V2,DZI,D,0.35178,0.16856,0.18323,130,134,813.0,1323.0,1,0,0
8479976,Juuso Välimäki,UTA,D,189,V2,DZI,D,0.3562,0.17302,0.18318,398,449,2945.0,4907.0,1,0,0
8478468,Jeremy Lauzon,VGK,D,242,V2,DZI,D,0.40227,0.22041,0.18186,612,536,3960.0,6506.0,1,0,0
8474567,Zach Bogosian,MIN,D,233,V2,DZI,D,0.3526,0.17103,0.18157,431,473,3321.0,6373.0,1,1,1
8482067,Connor Mackey,NYR,D,36,V2,DZI,D,0.42227,0.24127,0.181,64,69,431.0,630.0,1,0,0
8479425,Filip Hronek,VAN,D,287,V2,DZI,D,0.35035,0.16957,0.18079,811,733,6913.0,8964.0,1,0,0
8480073,Erik Brannstrom,VAN,D,178,V2,DZI,D,0.37647,0.19577,0.1807,303,295,1275.0,2840.0,1,0,0
8480803,Evan Bouchard,EDM,D,326,V2,DZI,D,0.47424,0.29577,0.17846,742,678,6579.0,8963.0,1,0,0
8475755,Alexander Petrovic,DAL,D,60,V2,DZI,D,0.3252,0.14728,0.17792,115,132,738.0,1453.0,1,0,0
8482858,Ryker Evans,SEA,D,175,V2,DZI,D,0.3824,0.20469,0.1777,339,333,3397.0,5027.0,1,0,0
8480990,Declan Chisholm,WSH,D,123,V2,DZI,D,0.44432,0.26722,0.1771,230,240,1823.0,3106.0,1,0,0
8475753,Justin Faulk,DET,D,298,V2,DZI,D,0.36488,0.18829,0.17659,745,813,5854.0,10261.0,1,0,0
8481524,Bowen Byram,BUF,D,279,V2,DZI,D,0.4185,0.24207,0.17643,767,815,6129.0,10501.0,1,0,0
8475747,Patrik Nemeth,UTA,D,75,V2,DZI,D,0.30435,0.12899,0.17536,147,203,1035.0,2225.0,1,0,0
8481525,Matthew Robertson,NYR,D,74,V2,DZI,D,0.37435,0.19943,0.17492,166,135,959.0,1399.0,1,0,0
8475171,Oliver Ekman-Larsson,TOR,D,289,V2,DZI,D,0.32727,0.15532,0.17195,765,651,4779.0,6889.0,1,0,0
8482762,Simon Edvinsson,DET,D,175,V2,DZI,D,0.36971,0.19818,0.17153,527,500,4325.0,6045.0,1,0,0
8481541,Samuel Bolduc,NYI,D,52,V2,DZI,D,0.27886,0.10759,0.17127,96,77,563.0,948.0,1,0,0
8477498,Darnell Nurse,EDM,D,320,V2,DZI,D,0.41057,0.23933,0.17124,897,813,8118.0,10805.0,1,0,0
8478911,Matt Roy,WSH,D,311,V2,DZI,D,0.42624,0.25549,0.17075,763,738,7219.0,8924.0,1,0,0
8471274,Alex Goligoski,MIN,D,82,V2,DZI,D,0.37599,0.20534,0.17066,134,181,1008.0,2099.0,1,0,0
8476467,Jamie Oleksiak,SEA,D,317,V2,DZI,D,0.38336,0.21429,0.16907,833,910,6803.0,9940.0,1,0,0
8478013,Jake Walman,EDM,D,243,V2,DZI,D,0.35066,0.18289,0.16778,639,626,4597.0,7584.0,1,0,0
8481593,Jayden Struble,MTL,D,171,V2,DZI,D,0.37722,0.20956,0.16765,259,229,2028.0,2844.0,1,0,0
8480873,Rasmus Sandin,WSH,D,294,V2,DZI,D,0.36548,0.19797,0.16751,699,704,5081.0,7870.0,1,0,0
8478840,Will Borgen,NYR,D,323,V2,DZI,D,0.3309,0.16359,0.1673,850,839,5748.0,7592.0,1,0,0
8479372,Joshua Mahura,SEA,D,199,V2,DZI,D,0.34759,0.18126,0.16633,335,308,2221.0,2946.0,1,0,0
8481581,Thomas Harley,DAL,D,233,V2,DZI,D,0.38962,0.22331,0.16631,695,554,6360.0,6323.0,1,0,0
8475181,Nick Leddy,SJS,D,223,V2,DZI,D,0.36281,0.19882,0.16399,643,667,5372.0,7942.0,1,0,0
8484798,Zeev Buium,VAN,D,75,V2,DZI,D,0.30597,0.14212,0.16384,160,148,1559.0,1752.0,1,0,0
8481708,Zac Jones,NYR,D,93,V2,DZI,D,0.27714,0.11494,0.1622,129,130,1133.0,1479.0,1,0,0
8475764,Cam Fowler,STL,D,312,V2,DZI,D,0.33183,0.17104,0.16079,825,947,6217.0,12190.0,1,0,0
8481546,Cam York,PHI,D,276,V2,DZI,D,0.34548,0.18534,0.16013,764,707,4420.0,7122.0,1,0,0
8477447,Shea Theodore,VGK,D,240,V2,DZI,D,0.40158,0.24201,0.15957,725,565,6594.0,6884.0,1,0,0
8482655,J.J. Moser,TBL,D,295,V2,DZI,D,0.34562,0.1863,0.15932,745,811,5509.0,8975.0,1,0,0
8480172,Jan Rutta,SJS,D,180,V2,DZI,D,0.33376,0.17536,0.1584,475,440,3119.0,4910.0,1,0,0
8481542,Moritz Seider,DET,D,328,V2,DZI,D,0.3434,0.1853,0.15811,1043,1042,8506.0,12952.0,1,0,0
8479378,Logan Stanley,BUF,D,183,V2,DZI,D,0.31687,0.16004,0.15683,354,327,2591.0,4149.0,1,0,0
8475197,Tyson Barrie,CGY,D,139,V2,DZI,D,0.33513,0.17942,0.15572,288,286,2411.0,3216.0,1,0,0
8477365,Connor Clifton,PIT,D,280,V2,DZI,D,0.36804,0.21247,0.15557,558,553,4274.0,6048.0,1,0,0
8481056,Spencer Stastney,EDM,D,117,V2,DZI,D,0.41736,0.26186,0.1555,245,215,1682.0,1982.0,1,0,0
8477244,Chad Ruhwedel,NYR,D,104,V2,DZI,D,0.28816,0.13267,0.1555,215,166,1343.0,1598.0,1,0,0
8479458,Nikita Zaitsev,CHI,D,84,V2,DZI,D,0.233,0.07778,0.15522,178,168,1206.0,1800.0,1,0,0
8471677,Jack Johnson,CBJ,D,204,V2,DZI,D,0.29209,0.13775,0.15433,457,430,3386.0,6127.0,1,0,0
8483460,David Jiricek,PHI,D,85,V2,DZI,D,0.26214,0.11094,0.1512,161,147,1297.0,2001.0,1,0,0
8476856,Mathew Dumba,PIT,D,229,V2,DZI,D,0.35407,0.20328,0.1508,524,568,3584.0,6346.0,1,0,0
8477499,Rasmus Ristolainen,PHI,D,212,V2,DZI,D,0.32106,0.17066,0.1504,573,552,3884.0,5795.0,1,0,0
8484304,Uvis Balinskis,FLA,D,156,V2,DZI,D,0.35692,0.20777,0.14914,233,255,1569.0,2599.0,1,0,2
8482964,Arber Xhekaj,MTL,D,230,V2,DZI,D,0.33438,0.18862,0.14576,363,307,2539.0,3287.0,1,0,0
8477433,Ben Harpur,NYR,D,42,V2,DZI,D,0.4729,0.32718,0.14572,64,71,535.0,975.0,1,0,0
8471303,Alexander Edler,LAK,D,64,V2,DZI,D,0.41387,0.26834,0.14553,102,108,865.0,1513.0,1,0,0
8480192,Johnathan Kovacevic,NJD,D,254,V2,DZI,D,0.35631,0.21152,0.14479,640,604,5644.0,7068.0,1,0,0
8479945,Gavin Bayreuther,CBJ,D,51,V2,DZI,D,0.37306,0.2286,0.14446,90,111,839.0,1063.0,1,0,0
8475179,Dmitry Kulikov,FLA,D,232,V2,DZI,D,0.35497,0.21057,0.1444,526,534,2927.0,6112.0,1,0,0
8477495,Seth Jones,FLA,D,254,V2,DZI,D,0.35149,0.20752,0.14397,667,737,4774.0,9580.0,1,0,0
8482516,Matthew Kessel,STL,D,99,V2,DZI,D,0.32252,0.17952,0.143,170,157,1110.0,1504.0,1,0,0
8478408,Travis Dermott,MIN,D,80,V2,DZI,D,0.2934,0.15137,0.14203,172,192,1060.0,1830.0,1,0,0
8477369,Carson Soucy,NYI,D,269,V2,DZI,D,0.31153,0.17016,0.14138,604,536,3624.0,4725.0,1,0,0
8482176,Wyatt Kaiser,CHI,D,175,V2,DZI,D,0.30057,0.16199,0.13858,339,414,2818.0,5204.0,1,0,0
8479439,Jacob MacDonald,SJS,D,92,V2,DZI,D,0.317,0.17864,0.13836,120,166,694.0,1573.0,1,1,3
8480878,Nils Lundkvist,DAL,D,210,V2,DZI,D,0.37445,0.23787,0.13658,484,413,3397.0,4162.0,1,0,0
8480222,Sebastian Aho,NYI,D,129,V2,DZI,D,0.27266,0.13754,0.13512,197,172,1357.0,2232.0,1,0,0
8480246,Nick Perbix,NSH,D,298,V2,DZI,D,0.32995,0.19584,0.13411,693,611,4437.0,6444.0,1,0,0
8477435,Ryan Graves,PIT,D,231,V2,DZI,D,0.37282,0.24227,0.13055,618,532,5166.0,6179.0,1,0,0
8477948,Travis Sanheim,PHI,D,325,V2,DZI,D,0.33703,0.20826,0.12877,969,934,7029.0,10607.0,1,0,0
8475718,Justin Holl,STL,D,199,V2,DZI,D,0.31272,0.18422,0.1285,397,395,2571.0,4587.0,1,0,0
8475906,John Klingberg,SJS,D,147,V2,DZI,D,0.37086,0.24288,0.12798,311,382,2745.0,4599.0,1,0,0
8483457,Lane Hutson,MTL,D,166,V2,DZI,D,0.37692,0.25228,0.12464,323,298,2019.0,3405.0,1,0,0
8485366,Matthew Schaefer,NYI,D,82,V2,DZI,D,0.31269,0.1921,0.12059,206,174,1970.0,1822.0,1,0,0
8479026,Philippe Myers,TOR,D,91,V2,DZI,D,0.27825,0.15879,0.11947,180,137,1283.0,1417.0,1,0,0
8482073,Braden Schneider,NYR,D,325,V2,DZI,D,0.29464,0.17697,0.11767,711,632,5695.0,7973.0,1,0,0
8478460,Zach Werenski,CBJ,D,239,V2,DZI,D,0.35176,0.237,0.11476,736,763,7670.0,11190.0,1,0,0
8480058,Pierre-Olivier Joseph,VAN,D,205,V2,DZI,D,0.35048,0.23654,0.11394,402,340,2722.0,4067.0,1,0,0
8481599,Victor Soderstrom,BOS,D,41,V2,DZI,D,0.18947,0.07786,0.11161,60,74,285.0,899.0,1,0,0
8483398,Declan Carlile,TBL,D,46,V2,DZI,D,0.27224,0.16071,0.11153,54,82,562.0,672.0,1,0,0
8470600,Ryan Suter,STL,D,246,V2,DZI,D,0.35052,0.24113,0.10938,658,606,5024.0,6457.0,1,0,0
8478017,Mark Friedman,VAN,D,51,V2,DZI,D,0.28114,0.17485,0.10629,71,74,281.0,509.0,1,0,0
8474602,Justin Schultz,SEA,D,143,V2,DZI,D,0.36043,0.25449,0.10594,245,269,1476.0,2727.0,1,0,0
8484386,Dmitri Simashev,UTA,D,27,V2,DZI,D,0.34897,0.24756,0.10142,49,58,341.0,614.0,0,0,0
8475625,Matt Irwin,WSH,D,61,V2,DZI,D,0.32889,0.23071,0.09818,118,98,675.0,1309.0,1,0,0
8477541,Dakota Mermis,TOR,D,64,V2,DZI,D,0.32358,0.23005,0.09353,87,87,547.0,965.0,1,0,0
8482131,Donovan Sebrango,FLA,D,44,V2,DZI,D,0.30648,0.21303,0.09345,66,70,571.0,798.0,1,0,0
8483485,Denton Mateychuk,CBJ,D,120,V2,DZI,D,0.26976,0.17667,0.09309,287,281,2784.0,3600.0,1,0,0
8482929,Emil Lilleberg,TBL,D,163,V2,DZI,D,0.27454,0.18429,0.09025,307,324,2262.0,2979.0,1,0,0
8477073,Kurtis MacDermid,OTT,D,131,V2,DZI,D,0.29834,0.21125,0.08709,95,101,362.0,942.0,1,2,1
8475762,Derek Forbort,VAN,D,145,V2,DZI,D,0.2779,0.19395,0.08396,365,324,1756.0,3073.0,1,0,0
8483510,Elias Salomonsson,WPG,D,32,V2,DZI,D,0.30228,0.22659,0.0757,75,81,569.0,865.0,1,0,0
8482911,Joel Nystrom,CAR,D,38,V2,DZI,D,0.41699,0.34333,0.07366,61,63,259.0,600.0,1,0,0
8476779,Brad Hunt,COL,D,47,V2,DZI,D,0.29471,0.22135,0.07336,60,50,397.0,637.0,1,0,0
8484768,Zayne Parekh,CGY,D,37,V2,DZI,D,0.27948,0.2132,0.06628,30,41,229.0,394.0,0,0,0
8482700,Nolan Allan,CHI,D,43,V2,DZI,D,0.17839,0.11728,0.0611,65,95,583.0,1296.0,1,0,0
8481206,John Ludvig,COL,D,41,V2,DZI,D,0.28516,0.2422,0.04296,82,71,519.0,673.0,1,0,0
8481030,Jack St. Ivany,PIT,D,53,V2,DZI,D,0.2052,0.17001,0.03519,101,117,731.0,1647.0,1,0,0
8482861,Vincent Iorio,NYR,D,36,V2,DZI,D,0.22074,0.20027,0.02047,57,48,376.0,734.0,0,0,0
8475857,Kevin Gravel,NSH,D,29,V2,DZI,D,0.2,0.18968,0.01032,49,49,420.0,775.0,0,0,0
8483768,Victor Mancini,VAN,D,55,V2,DZI,D,0.0712,0.07667,-0.00547,84,94,618.0,1200.0,1,0,0
8483472,Maveric Lamoureux,UTA,D,20,V2,DZI,D,0.2233,0.23177,-0.00847,46,32,206.0,384.0,0,0,0
8478502,Dennis Gilbert,OTT,D,94,V2,DZI,D,0.19424,0.21146,-0.01722,129,105,556.0,785.0,1,0,0
8478021,William Lagesson,DET,D,47,V2,DZI,D,0.31227,0.33036,-0.01809,59,64,269.0,784.0,1,0,0
8474207,Nick Holden,OTT,D,65,V2,DZI,D,0.1783,0.20532,-0.02701,126,112,802.0,940.0,1,0,0
8475227,Chris Wideman,MTL,D,46,V2,DZI,D,0.24297,0.29026,-0.04729,80,54,498.0,503.0,1,0,0
8484150,Hunter Brzustewicz,CGY,D,34,V2,DZI,D,0.21662,0.27329,-0.05667,56,46,397.0,644.0,0,0,0
8479338,Markus Niemelainen,EDM,D,23,V2,DZI,D,0.18677,0.25902,-0.07225,34,33,257.0,305.0,0,0,0
8479536,Axel Jonsson-Fjallby,WPG,L,76,V2,DZI,D,0.54264,0.16017,0.38247,106,69,645.0,718.0,1,1,4
8478028,Fredrik Olofsson,COL,L,85,V2,DZI,D,0.60734,0.22983,0.37752,102,110,354.0,1388.0,1,129,182
8481592,Jakob Pelletier,TBL,L,91,V2,DZI,D,0.54223,0.16479,0.37744,131,111,959.0,977.0,1,14,28
8479356,Kieffer Bellows,NSH,L,47,V2,DZI,D,0.5311,0.16667,0.36443,57,59,209.0,822.0,1,4,16
8478067,Oskar Lindblom,SJS,L,74,V2,DZI,D,0.5082,0.1453,0.3629,117,100,366.0,819.0,1,8,10
8481518,Nolan Foote,FLA,L,29,V2,DZI,D,0.53383,0.17508,0.35875,40,26,266.0,297.0,0,1,5
8482222,Alexander Barabanov,SJS,L,114,V2,DZI,D,0.55659,0.20023,0.35636,237,285,1617.0,2622.0,1,3,5
8479314,Matthew Tkachuk,FLA,L,242,V2,DZI,D,0.58476,0.23859,0.34617,418,463,3162.0,4929.0,1,12,18
8479533,Joona Koppanen,PIT,L,33,V2,DZI,D,0.42598,0.08274,0.34324,77,76,662.0,846.0,1,50,53
8482408,Jeff Malott,LAK,L,70,V2,DZI,D,0.43457,0.09498,0.33959,66,92,405.0,916.0,1,4,10
8477947,Sonny Milano,WSH,L,147,V2,DZI,D,0.53956,0.20491,0.33464,166,182,1403.0,1669.0,1,8,4
8477930,Pierre-Edouard Bellemare,SEA,L,113,V2,DZI,D,0.51114,0.17863,0.33252,118,135,718.0,1937.0,1,381,325
8480113,Alex Iafallo,WPG,L,302,V2,DZI,D,0.47727,0.15392,0.32336,493,441,3740.0,5568.0,1,34,52
8476921,Jordan Martinook,CAR,L,320,V2,DZI,D,0.598,0.27695,0.32105,797,631,5709.0,6976.0,1,127,130
8477482,Zachary Sanford,CHI,L,45,V2,DZI,D,0.41501,0.10304,0.31197,62,61,653.0,1019.0,1,43,88
8482476,Emil Heineman,NYI,L,148,V2,DZI,D,0.46721,0.15624,0.31097,254,248,1830.0,3149.0,1,4,16
8477494,Jonathan Drouin,STL,L,244,V2,DZI,D,0.56105,0.25091,0.31014,371,448,2932.0,5775.0,1,272,310
8477940,Nikolaj Ehlers,CAR,L,278,V2,DZI,D,0.51937,0.2119,0.30747,427,450,3304.0,5328.0,1,12,34
8481043,Cole Koepke,WPG,L,164,V2,DZI,D,0.45165,0.14615,0.3055,261,262,1665.0,2340.0,1,0,4
8476858,Phillip Di Giuseppe,VAN,L,101,V2,DZI,D,0.46262,0.15766,0.30496,163,146,1070.0,1554.0,1,5,15
8483513,Reid Schaefer,NSH,L,46,V2,DZI,D,0.37959,0.07541,0.30418,77,84,627.0,862.0,1,1,7
8480448,Parker Kelly,COL,L,296,V2,DZI,D,0.48554,0.18184,0.3037,455,427,2352.0,4174.0,1,322,442
8474037,James van Riemsdyk,DET,L,275,V2,DZI,D,0.43757,0.13388,0.30368,409,456,2875.0,5206.0,1,22,33
8479383,Boris Katchouk,TBL,L,120,V2,DZI,D,0.47749,0.1753,0.30219,184,167,1133.0,1911.0,1,18,36
8482172,Landon Slaggert,CHI,L,102,V2,DZI,D,0.38405,0.08547,0.29858,130,175,815.0,1954.0,1,1,4
8476410,Josh Leivo,STL,L,51,V2,DZI,D,0.41989,0.12201,0.29788,71,77,362.0,877.0,1,3,4
8478233,Andrew Mangiapane,CHI,L,300,V2,DZI,D,0.50079,0.21383,0.28696,561,535,3796.0,6332.0,1,13,25
8477476,Artturi Lehkonen,COL,L,247,V2,DZI,D,0.522,0.23693,0.28507,469,502,3795.0,5453.0,1,9,25
8474102,David Perron,DET,L,266,V2,DZI,D,0.42147,0.144,0.27747,499,445,3018.0,4875.0,1,25,37
8475193,Tomas Tatar,NJD,L,226,V2,DZI,D,0.47834,0.20125,0.27709,415,342,2862.0,3851.0,1,23,38
8479661,Tanner Jeannot,BOS,L,275,V2,DZI,D,0.45655,0.18229,0.27426,475,402,3947.0,4833.0,1,45,70
8483515,Juraj Slafkovský,MTL,L,282,V2,DZI,D,0.48013,0.20734,0.2728,528,512,4153.0,7442.0,1,30,45
8473473,Milan Lucic,BOS,L,81,V2,DZI,D,0.47965,0.20709,0.27255,99,113,565.0,874.0,1,17,21
8475314,Anders Lee,NYI,L,327,V2,DZI,D,0.4387,0.16644,0.27226,654,563,4837.0,7276.0,1,88,89
8481716,Dmitri Voronkov,CBJ,L,211,V2,DZI,D,0.45971,0.18852,0.27119,307,384,2867.0,5209.0,1,265,377
8484185,Nick Lardis,CHI,L,41,V2,DZI,D,0.45977,0.19093,0.26884,44,49,348.0,529.0,0,1,1
8478975,Mason Marchment,CBJ,L,279,V2,DZI,D,0.48306,0.21456,0.2685,546,501,4722.0,5756.0,1,31,41
8477942,Kevin Fiala,LAK,L,288,V2,DZI,D,0.50916,0.24347,0.26569,574,528,5187.0,6658.0,1,38,70
8478864,Kirill Kaprizov,MIN,L,261,V2,DZI,D,0.50675,0.24134,0.26541,449,539,4369.0,8457.0,1,0,2
8477998,Warren Foegele,OTT,L,299,V2,DZI,D,0.53698,0.27173,0.26525,596,539,4989.0,6201.0,1,44,51
8481641,Joel Kiviranta,COL,L,255,V2,DZI,D,0.4559,0.19198,0.26392,440,379,2687.0,3917.0,1,26,22
8477454,Adam Erne,DAL,L,130,V2,DZI,D,0.39172,0.12977,0.26195,190,188,942.0,1626.0,1,16,25
8476915,Jujhar Khaira,MIN,L,52,V2,DZI,D,0.4178,0.15681,0.26099,98,68,663.0,778.0,1,125,124
8483499,Liam Ohgren,VAN,L,96,V2,DZI,D,0.45301,0.19467,0.25834,149,146,1543.0,1726.0,1,9,13
8473986,Alex Killorn,ANA,L,308,V2,DZI,D,0.46869,0.21079,0.25789,576,620,4886.0,7951.0,1,46,86
8475184,Chris Kreider,ANA,L,303,V2,DZI,D,0.46563,0.20902,0.25662,572,564,4132.0,6234.0,1,94,143
8478115,Pierre Engvall,NYI,L,212,V2,DZI,D,0.46537,0.20961,0.25576,340,345,2411.0,3893.0,1,52,75
8475722,Jason Zucker,BUF,L,282,V2,DZI,D,0.47708,0.2227,0.25438,477,475,3316.0,5357.0,1,46,72
8480748,Kiefer Sherwood,SJS,L,249,V2,DZI,D,0.50451,0.25062,0.25389,465,412,3104.0,4808.0,1,47,55
8478474,Lawson Crouse,UTA,L,319,V2,DZI,D,0.42173,0.1679,0.25382,628,644,4612.0,6605.0,1,78,138
8481582,Nicholas Robertson,TOR,L,218,V2,DZI,D,0.40647,0.15351,0.25296,305,266,2010.0,3420.0,1,19,24
8475220,Marcus Foligno,MIN,L,253,V2,DZI,D,0.45607,0.20446,0.25161,480,517,4234.0,6554.0,1,26,30
8476934,Brock McGinn,ANA,L,125,V2,DZI,D,0.3832,0.13599,0.2472,288,243,1464.0,2831.0,1,5,14
8476455,Gabriel Landeskog,COL,L,60,V2,DZI,D,0.47039,0.22518,0.24522,129,124,1216.0,1128.0,1,85,65
8481065,Angus Crookshank,NJD,L,29,V2,DZI,D,0.3244,0.08,0.2444,40,39,336.0,325.0,0,2,4
8475766,Austin Watson,DET,L,121,V2,DZI,D,0.47784,0.23444,0.2434,181,183,925.0,1301.0,1,6,10
8481725,Elmer Soderblom,PIT,L,106,V2,DZI,D,0.39878,0.15579,0.24299,198,197,1472.0,2176.0,1,7,18
8480220,Noah Cates,PHI,L,301,V2,DZI,D,0.39859,0.15595,0.24264,595,681,2988.0,6316.0,1,1228,1528
8478046,Danton Heinen,CBJ,L,264,V2,DZI,D,0.4414,0.2,0.2414,465,410,3464.0,4835.0,1,34,51
8481535,Nils Hoglander,VAN,L,214,V2,DZI,D,0.41825,0.177,0.24126,340,297,2520.0,3243.0,1,1,2
8481732,Andre Lee,LAK,L,26,V2,DZI,D,0.61702,0.37611,0.24092,18,27,141.0,226.0,0,0,0
8483445,Cutter Gauthier,ANA,L,158,V2,DZI,D,0.4444,0.20497,0.23944,286,317,2671.0,3786.0,1,64,87
8478109,Victor Olofsson,CGY,L,260,V2,DZI,D,0.41716,0.1825,0.23466,373,420,3217.0,4926.0,1,4,19
8476346,Johnny Gaudreau,CBJ,L,161,V2,DZI,D,0.46766,0.23324,0.23442,389,352,3772.0,5518.0,1,0,0
8476887,Filip Forsberg,NSH,L,295,V2,DZI,D,0.43209,0.19792,0.23417,560,584,3895.0,6447.0,1,24,39
8476882,Teuvo Teravainen,CHI,L,301,V2,DZI,D,0.43632,0.20215,0.23416,512,565,3800.0,6599.0,1,134,159
8478498,Jake DeBrusk,VAN,L,306,V2,DZI,D,0.40317,0.16937,0.2338,666,631,3790.0,7162.0,1,26,42
8477402,Pavel Buchnevich,STL,L,299,V2,DZI,D,0.43281,0.19905,0.23376,609,663,4889.0,8435.0,1,286,514
8482742,Zachary L'Heureux,NSH,L,86,V2,DZI,D,0.411,0.17777,0.23323,167,170,1000.0,1817.0,1,3,7
8481711,Matias Maccelli,TOR,L,272,V2,DZI,D,0.43551,0.20291,0.2326,481,497,4450.0,5293.0,1,13,18
8477456,J.T. Compher,DET,L,317,V2,DZI,D,0.42601,0.19353,0.23248,733,749,5291.0,8717.0,1,1720,1813
8477426,Nick Paul,TBL,L,289,V2,DZI,D,0.42726,0.19624,0.23102,658,562,5451.0,6069.0,1,1297,1182
8475786,Zach Hyman,EDM,L,289,V2,DZI,D,0.48939,0.26024,0.22915,571,535,5370.0,7985.0,1,9,17
8477425,Miles Wood,CBJ,L,241,V2,DZI,D,0.41742,0.18839,0.22903,490,455,3869.0,5892.0,1,19,47
8481133,Cole Reinhardt,FLA,L,76,V2,DZI,D,0.31402,0.08576,0.22826,102,92,863.0,1131.0,1,8,4
8474679,Gustav Nyquist,WPG,L,262,V2,DZI,D,0.42599,0.19881,0.22718,470,437,3601.0,5719.0,1,36,60
8482451,Mikael Pyyhtia,CBJ,L,71,V2,DZI,D,0.44963,0.22365,0.22598,126,133,1072.0,1556.0,1,3,4
8480797,Joel Farabee,CGY,L,326,V2,DZI,D,0.40819,0.18418,0.22401,568,599,4324.0,7042.0,1,64,104
8474034,Patrick Maroon,CHI,L,199,V2,DZI,D,0.45753,0.23545,0.22209,271,299,2343.0,3504.0,1,47,66
8478421,A.J. Greer,FLA,L,279,V2,DZI,D,0.41663,0.19623,0.2204,343,314,2141.0,3394.0,1,27,52
8475791,Taylor Hall,CAR,L,228,V2,DZI,D,0.42709,0.20803,0.21906,350,359,2606.0,3759.0,1,53,67
8475149,Marcus Johansson,MIN,L,305,V2,DZI,D,0.46273,0.24543,0.2173,580,635,4467.0,8809.0,1,31,54
8478413,Jordan Greenway,BUF,L,203,V2,DZI,D,0.422,0.20594,0.21606,399,427,2891.0,5283.0,1,19,69
8473419,Brad Marchand,FLA,L,278,V2,DZI,D,0.39705,0.18215,0.2149,666,512,4536.0,6061.0,1,27,55
8477839,Conor Sheary,NYR,L,206,V2,DZI,D,0.44655,0.23241,0.21415,324,320,2002.0,3240.0,1,27,30
8473422,Nick Foligno,MIN,L,266,V2,DZI,D,0.38374,0.17042,0.21333,522,541,3888.0,6355.0,1,543,546
8476442,Matt Nieto,PIT,L,135,V2,DZI,D,0.409,0.1963,0.2127,317,275,1934.0,2649.0,1,9,9
8482109,Alexis Lafrenière,NYR,L,327,V2,DZI,D,0.47117,0.25862,0.21254,465,423,4179.0,4667.0,1,59,143
8482089,Jake Neighbours,STL,L,270,V2,DZI,D,0.37546,0.16366,0.2118,436,492,3292.0,6367.0,1,22,46
8482062,Cole Smith,VGK,L,283,V2,DZI,D,0.42695,0.21567,0.21128,628,507,3963.0,5782.0,1,17,30
8484145,Zach Benson,BUF,L,211,V2,DZI,D,0.485,0.275,0.21,355,354,2633.0,4360.0,1,13,24
8476878,Zemgus Girgensons,TBL,L,299,V2,DZI,D,0.44544,0.23552,0.20991,520,582,3473.0,6148.0,1,266,314
8482077,Dylan Holloway,STL,L,224,V2,DZI,D,0.4347,0.22607,0.20863,342,337,3055.0,4450.0,1,113,144
8481093,Rafael Harvey-Pinard,PIT,L,81,V2,DZI,D,0.37618,0.16829,0.20789,119,140,848.0,1949.0,1,8,25
8477404,Jake Guentzel,TBL,L,306,V2,DZI,D,0.41574,0.20795,0.20779,590,596,4789.0,6487.0,1,254,283
8475784,Jeff Skinner,SJS,L,257,V2,DZI,D,0.41957,0.2121,0.20748,368,397,3096.0,4630.0,1,161,198
8473994,Jamie Benn,DAL,L,304,V2,DZI,D,0.36065,0.15455,0.2061,653,531,3893.0,5390.0,1,881,591
8483395,Arshdeep Bains,VAN,L,49,V2,DZI,D,0.33233,0.12679,0.20554,54,54,331.0,489.0,1,4,14
8478398,Kyle Connor,WPG,L,310,V2,DZI,D,0.42515,0.21994,0.20521,515,570,5304.0,8557.0,1,4,11
8479359,Beck Malenstyn,BUF,L,247,V2,DZI,D,0.39202,0.18746,0.20456,510,555,4112.0,6396.0,1,33,33
8478463,Anthony Beauvillier,WSH,L,305,V2,DZI,D,0.41792,0.21416,0.20376,559,483,4520.0,5888.0,1,75,75
8479400,Pierre-Luc Dubois,WSH,L,266,V2,DZI,D,0.42884,0.22523,0.20361,520,547,4209.0,6309.0,1,1434,1515
8480027,Jason Robertson,DAL,L,328,V2,DZI,D,0.4609,0.25758,0.20332,761,672,6112.0,8215.0,1,6,13
8480762,Eric Robinson,CAR,L,268,V2,DZI,D,0.38917,0.18592,0.20326,458,468,3122.0,5524.0,1,10,42
8477479,Tyler Bertuzzi,CHI,L,291,V2,DZI,D,0.43503,0.23208,0.20295,559,559,5464.0,7618.0,1,66,89
8476438,Brandon Saad,VGK,L,274,V2,DZI,D,0.39772,0.19589,0.20183,527,554,4815.0,6805.0,1,29,47
8479542,Brandon Hagel,TBL,L,316,V2,DZI,D,0.4477,0.24788,0.19982,662,605,6147.0,8363.0,1,64,116
8478431,Evgeny Svechnikov,SJS,L,59,V2,DZI,D,0.31818,0.11849,0.19969,117,87,550.0,768.0,1,5,4
8477944,Jakub Vrana,NSH,L,85,V2,DZI,D,0.39851,0.19986,0.19865,104,114,808.0,1436.0,1,6,27
8477527,Ross Johnston,ANA,L,189,V2,DZI,D,0.33955,0.14164,0.19791,239,242,1823.0,2944.0,1,8,11
8477330,Dominik Kubalik,OTT,L,155,V2,DZI,D,0.33736,0.141,0.19635,240,243,1325.0,2468.0,1,24,32
8480188,Fabian Zetterlund,OTT,L,316,V2,DZI,D,0.39078,0.19486,0.19592,615,604,4445.0,7544.0,1,48,68
8478042,Viktor Arvidsson,BOS,L,231,V2,DZI,D,0.4814,0.28615,0.19525,472,421,3978.0,5588.0,1,42,70
8477955,Jared McCann,SEA,L,293,V2,DZI,D,0.38992,0.1955,0.19442,533,553,3929.0,6092.0,1,232,257
8480031,Maxime Comtois,CAR,L,65,V2,DZI,D,0.43815,0.24387,0.19428,138,168,1253.0,2284.0,1,23,15
8482055,Drew O'Connor,VAN,L,290,V2,DZI,D,0.41198,0.21776,0.19422,498,483,3556.0,5901.0,1,108,142
8482720,Matthew Knies,TOR,L,240,V2,DZI,D,0.37422,0.18207,0.19215,501,441,4460.0,5454.0,1,0,6
8479407,Jesper Bratt,NJD,L,327,V2,DZI,D,0.43548,0.24501,0.19048,557,531,4774.0,5910.0,1,9,17
8479293,Brandon Tanev,UTA,L,282,V2,DZI,D,0.40807,0.21848,0.18959,491,492,2850.0,4600.0,1,19,58
8474709,Matt Martin,NYI,L,170,V2,DZI,D,0.3522,0.16341,0.1888,279,238,1837.0,2454.0,1,23,34
8481789,Tye Kartye,NYR,L,204,V2,DZI,D,0.42232,0.23434,0.18798,319,286,1989.0,2953.0,1,47,60
8477573,Nathan Walker,STL,L,219,V2,DZI,D,0.28753,0.09989,0.18765,342,310,2045.0,3484.0,1,228,198
8474884,Mike Hoffman,SJS,L,133,V2,DZI,D,0.37375,0.18641,0.18734,277,236,1897.0,2988.0,1,24,30
8478550,Artemi Panarin,LAK,L,321,V2,DZI,D,0.41267,0.22797,0.1847,495,419,4689.0,5799.0,1,6,16
8477962,Brendan Lemieux,CAR,L,77,V2,DZI,D,0.32921,0.1484,0.1808,68,68,404.0,721.0,1,11,18
8475287,Erik Haula,NSH,L,306,V2,DZI,D,0.3733,0.19327,0.18003,652,601,4479.0,6266.0,1,1582,1377
8482157,Will Cuylle,NYR,L,249,V2,DZI,D,0.38128,0.20191,0.17937,448,393,3302.0,4388.0,1,34,52
8479619,Michael Carcone,UTA,L,214,V2,DZI,D,0.39968,0.22167,0.17801,333,353,2472.0,3212.0,1,23,28
8475169,Evander Kane,VAN,L,189,V2,DZI,D,0.38256,0.20605,0.17651,426,380,4415.0,5649.0,1,52,71
8479066,Ryan Lomberg,CGY,L,294,V2,DZI,D,0.38591,0.21025,0.17566,396,392,2555.0,4528.0,1,28,44
8477407,Anthony Duclair,NYI,L,199,V2,DZI,D,0.36405,0.18863,0.17543,393,388,2615.0,4766.0,1,21,32
8470610,Zach Parise,COL,L,112,V2,DZI,D,0.32435,0.15362,0.17073,262,209,1856.0,2057.0,1,17,34
8482078,Lucas Raymond,DET,L,318,V2,DZI,D,0.38498,0.2156,0.16938,787,706,5725.0,8822.0,1,8,15
8484180,Samuel Honzek,CGY,L,23,V2,DZI,D,0.44,0.27233,0.16767,63,49,400.0,459.0,0,6,5
8476918,Jimmy Vesey,COL,L,204,V2,DZI,D,0.39254,0.22773,0.16481,416,379,3136.0,4053.0,1,14,36
8481557,Matt Boldy,MIN,L,314,V2,DZI,D,0.45144,0.28784,0.1636,624,731,5509.0,10822.0,1,145,150
8482117,Lukas Reichel,BOS,L,187,V2,DZI,D,0.36268,0.19947,0.1632,226,322,1988.0,3790.0,1,246,364
8481604,Pavel Dorofeyev,VGK,L,230,V2,DZI,D,0.38987,0.22769,0.16218,395,354,3455.0,4774.0,1,5,15
8483808,Andrei Kuzmenko,LAK,L,271,V2,DZI,D,0.37275,0.21444,0.15832,373,365,2951.0,4239.0,1,2,0
8482667,William Eklund,SJS,L,242,V2,DZI,D,0.37648,0.22127,0.1552,513,567,4404.0,7362.0,1,81,177
8483491,Ivan Miroshnichenko,WSH,L,52,V2,DZI,D,0.32305,0.16969,0.15336,68,64,486.0,772.0,1,0,2
8479981,Jonah Gadjovich,FLA,L,126,V2,DZI,D,0.36957,0.21671,0.15285,139,127,598.0,1412.0,1,4,5
8482132,Brett Berard,NYR,L,48,V2,DZI,D,0.26679,0.11432,0.15247,72,59,551.0,796.0,1,3,4
8471214,Alex Ovechkin,WSH,L,299,V2,DZI,D,0.33129,0.17922,0.15207,248,275,1630.0,2801.0,1,5,9
8477478,William Carrier,CAR,L,208,V2,DZI,D,0.42957,0.28104,0.14853,404,349,2861.0,3391.0,1,20,31
8480844,Grigori Denisenko,VGK,L,25,V2,DZI,D,0.31953,0.17228,0.14724,37,32,169.0,267.0,0,0,1
8476871,Tanner Pearson,BUF,L,203,V2,DZI,D,0.36655,0.22174,0.14481,346,340,2559.0,4167.0,1,13,52
8477931,Tomas Nosek,FLA,L,182,V2,DZI,D,0.35375,0.21058,0.14317,318,243,1747.0,2156.0,1,684,555
8478211,Dryden Hunt,CGY,L,73,V2,DZI,D,0.506,0.36572,0.14028,67,97,500.0,916.0,1,5,5
8474157,Max Pacioretty,TOR,L,89,V2,DZI,D,0.36782,0.22826,0.13956,135,139,957.0,1288.0,1,10,15
8476292,Ondrej Palat,NYI,L,277,V2,DZI,D,0.36482,0.22532,0.1395,485,436,3991.0,5561.0,1,13,43
8478147,Bokondji Imama,PIT,L,29,V2,DZI,D,0.49112,0.35211,0.13901,22,17,169.0,142.0,0,0,0
8478104,Sammy Blais,MTL,L,145,V2,DZI,D,0.30041,0.16353,0.13689,162,178,1205.0,2336.0,1,5,14
8479339,Patrik Laine,MTL,L,130,V2,DZI,D,0.37196,0.23614,0.13582,173,186,1890.0,2867.0,1,54,92
8479543,Michael Pezzetta,TOR,L,158,V2,DZI,D,0.3012,0.16578,0.13543,148,155,996.0,1315.0,1,15,25
8475235,Nicolas Deslauriers,CAR,L,202,V2,DZI,D,0.35551,0.22114,0.13437,182,165,1443.0,1533.0,1,10,14
8484994,Igor Chernyshov,SJS,L,27,V2,DZI,D,0.336,0.20629,0.12971,45,50,375.0,795.0,0,0,0
8477353,Tyler Motte,DET,L,186,V2,DZI,D,0.37739,0.24822,0.12917,257,265,1362.0,2667.0,1,139,169
8480801,Brady Tkachuk,OTT,L,295,V2,DZI,D,0.38899,0.27039,0.11861,600,548,3761.0,5555.0,1,463,470
8482116,Tim Stützle,OTT,L,315,V2,DZI,D,0.42666,0.30814,0.11852,537,531,4193.0,6325.0,1,847,942
8482747,Brennan Othmann,CGY,L,44,V2,DZI,D,0.27642,0.16307,0.11335,45,32,123.0,417.0,0,0,6
8479368,Max Jones,EDM,L,168,V2,DZI,D,0.27292,0.16289,0.11003,261,287,1396.0,3088.0,1,14,21
8483597,Milos Kelemen,UTA,L,24,V2,DZI,D,0.11,0.0,0.11,26,35,100.0,416.0,0,2,5
8477444,Andre Burakovsky,CHI,L,252,V2,DZI,D,0.35296,0.24605,0.10691,398,420,3312.0,5186.0,1,6,15
8478047,Michael Bunting,DAL,L,313,V2,DZI,D,0.34855,0.24628,0.10227,433,451,3176.0,5518.0,1,18,34
8483630,Pavol Regenda,SJS,L,42,V2,DZI,D,0.43396,0.33465,0.09931,61,78,371.0,759.0,1,8,8
8479705,Jeffrey Viel,ANA,L,53,V2,DZI,D,0.29874,0.21119,0.08755,98,83,713.0,876.0,1,2,3
8479423,Alex Nylander,TOR,L,42,V2,DZI,D,0.19441,0.11659,0.07782,70,74,751.0,669.0,1,11,8
8482241,Radim Zohorna,PIT,L,43,V2,DZI,D,0.43236,0.36212,0.07024,63,56,377.0,660.0,1,23,23
8477941,Nick Ritchie,CGY,L,74,V2,DZI,D,0.28571,0.21708,0.06863,100,157,546.0,1557.0,1,2,7
8480468,James Hamblin,EDM,L,41,V2,DZI,D,0.29642,0.22798,0.06844,45,43,307.0,386.0,0,105,92
8483455,Isaac Howard,EDM,L,29,V2,DZI,D,0.21939,0.19291,0.02647,32,21,392.0,254.0,0,0,0
8481550,Adam Beckman,MIN,L,20,V2,DZI,D,0.32323,0.36901,-0.04578,28,30,198.0,355.0,0,0,1
8481077,John Leonard,DET,L,23,V2,DZI,D,0.09005,0.15282,-0.06277,30,40,211.0,373.0,0,0,0
8484388,Daniil But,UTA,L,29,V2,DZI,D,0.18495,0.29907,-0.11411,34,36,319.0,321.0,0,6,13
8484314,Jiri Smejkal,OTT,L,20,V2,DZI,D,0.15278,0.31447,-0.16169,15,26,72.0,318.0,0,9,15
8475163,Alex Chiasson,DET,R,20,V2,DZI,D,0.72321,0.10185,0.62136,21,30,112.0,216.0,0,0,6
8480441,Trey Fix-Wolansky,CBJ,R,20,V2,DZI,D,0.68182,0.13163,0.55019,24,31,110.0,509.0,0,0,0
8482652,Walker Duehr,WPG,R,94,V2,DZI,D,0.58473,0.07178,0.51295,93,103,537.0,1017.0,1,2,16
8482749,Joshua Roy,MTL,R,38,V2,DZI,D,0.49874,0.07353,0.42521,54,43,397.0,612.0,0,2,4
8474573,Josh Bailey,NYI,R,64,V2,DZI,D,0.51125,0.0899,0.42136,87,85,622.0,990.0,1,34,48
8475855,Jesper Fast,CAR,R,153,V2,DZI,D,0.61878,0.21477,0.40401,343,257,2492.0,2193.0,1,16,19
8485493,David Tomasek,EDM,R,22,V2,DZI,D,0.42342,0.02113,0.4023,27,18,222.0,142.0,0,28,34
8484860,Matvei Gridin,CGY,R,36,V2,DZI,D,0.47619,0.07459,0.4016,43,37,441.0,429.0,0,3,14
8480833,Vitali Kravtsov,VAN,R,44,V2,DZI,D,0.50139,0.1032,0.39818,48,58,361.0,843.0,0,0,3
8482713,Mackie Samoskevich,FLA,R,156,V2,DZI,D,0.5661,0.17475,0.39135,203,255,1528.0,3050.0,1,5,9
8483497,Jani Nyman,SEA,R,39,V2,DZI,D,0.60156,0.21508,0.38648,37,41,256.0,358.0,0,3,4
8471887,Patric Hornqvist,FLA,R,22,V2,DZI,D,0.58333,0.22364,0.35969,19,24,72.0,313.0,0,0,5
8481186,Logan O'Connor,COL,R,231,V2,DZI,D,0.55237,0.20806,0.34431,484,494,3590.0,5585.0,1,16,31
8483516,Jimmy Snuggerud,STL,R,76,V2,DZI,D,0.51397,0.17841,0.33555,124,161,895.0,2483.0,1,2,8
8483406,Taylor Ward,LAK,R,36,V2,DZI,D,0.47843,0.14725,0.33118,36,44,255.0,618.0,0,5,6
8480830,Andrei Svechnikov,CAR,R,274,V2,DZI,D,0.56157,0.23862,0.32295,493,518,4377.0,5976.0,1,12,16
8479367,William Lockwood,FLA,R,39,V2,DZI,D,0.44345,0.12256,0.32089,63,36,336.0,359.0,0,4,4
8471218,Blake Wheeler,NYR,R,126,V2,DZI,D,0.49526,0.17933,0.31593,223,187,1686.0,2080.0,1,75,60
8483756,Jared Wright,LAK,R,22,V2,DZI,D,0.46512,0.15081,0.3143,55,49,387.0,431.0,0,0,1
8481655,Cole Schwindt,FLA,R,76,V2,DZI,D,0.44851,0.13529,0.31323,62,82,437.0,887.0,1,191,211
8481560,Arthur Kaliyev,OTT,R,123,V2,DZI,D,0.47081,0.16455,0.30626,141,143,1062.0,1811.0,1,0,1
8483487,Rutger McGroarty,PIT,R,32,V2,DZI,D,0.47087,0.16761,0.30326,37,34,206.0,352.0,0,8,10
8479941,Justin Danforth,BUF,R,142,V2,DZI,D,0.45482,0.15322,0.3016,280,293,2313.0,3557.0,1,421,407
8479337,Alex DeBrincat,DET,R,328,V2,DZI,D,0.49423,0.19344,0.30079,665,651,5115.0,8659.0,1,51,65
8484958,Maxim Tsyplakov,NJD,R,126,V2,DZI,D,0.53065,0.23273,0.29792,190,171,1664.0,2200.0,1,16,19
8480292,Carson Meyer,CBJ,R,28,V2,DZI,D,0.41193,0.117,0.29493,35,41,352.0,453.0,0,0,0
8475799,Nino Niederreiter,WPG,R,297,V2,DZI,D,0.48192,0.19084,0.29108,621,582,5281.0,8316.0,1,32,39
8484387,Matvei Michkov,PHI,R,161,V2,DZI,D,0.47793,0.18794,0.28999,229,189,1722.0,2139.0,1,11,18
8481553,Bobby Brink,MIN,R,204,V2,DZI,D,0.42362,0.13399,0.28963,340,359,2049.0,4157.0,1,35,66
8482809,Jackson Blake,CAR,R,162,V2,DZI,D,0.48407,0.19547,0.28861,213,192,1444.0,1985.0,1,15,24
8480821,Filip Zadina,SJS,R,102,V2,DZI,D,0.44312,0.16308,0.28004,148,211,1758.0,3207.0,1,13,47
8478466,Daniel Sprong,NJD,R,172,V2,DZI,D,0.4342,0.15945,0.27476,179,204,1345.0,2308.0,1,8,11
8478099,Kevin Labanc,CBJ,R,152,V2,DZI,D,0.42325,0.15142,0.27183,272,274,1746.0,2602.0,1,11,17
8477473,Justin Bailey,SJS,R,59,V2,DZI,D,0.38369,0.11193,0.27176,100,100,417.0,947.0,1,6,10
8479420,Tage Thompson,BUF,R,306,V2,DZI,D,0.48649,0.22061,0.26588,538,637,3959.0,7443.0,1,1164,1492
8476469,Joel Armia,LAK,R,256,V2,DZI,D,0.4303,0.16457,0.26572,453,428,3974.0,4934.0,1,40,67
8481013,Jonatan Berggren,STL,R,204,V2,DZI,D,0.44231,0.17703,0.26528,323,329,2340.0,3700.0,1,8,17
8481517,Brett Leason,WSH,R,190,V2,DZI,D,0.44014,0.17705,0.26309,309,367,1963.0,3869.0,1,40,72
8482659,Josh Doan,BUF,R,144,V2,DZI,D,0.48203,0.21961,0.26242,255,269,2087.0,2855.0,1,34,57
8479336,Carl Grundstrom,PHI,R,211,V2,DZI,D,0.49846,0.2395,0.25896,255,264,2267.0,3261.0,1,14,31
8478432,Christian Fischer,CBJ,R,205,V2,DZI,D,0.36942,0.11097,0.25845,348,405,2060.0,4605.0,1,93,153
8478444,Brock Boeser,VAN,R,304,V2,DZI,D,0.39957,0.14167,0.2579,642,602,5088.0,6974.0,1,85,142
8478873,Troy Terry,ANA,R,283,V2,DZI,D,0.46849,0.21069,0.2578,492,668,4395.0,8572.0,1,22,35
8480893,Kirill Marchenko,CBJ,R,292,V2,DZI,D,0.47186,0.21593,0.25592,514,587,4921.0,7984.0,1,45,76
8474149,Evgenii Dadonov,NJD,R,228,V2,DZI,D,0.436,0.18038,0.25562,468,350,3250.0,4036.0,1,1,10
8476439,Brett Ritchie,UTA,R,50,V2,DZI,D,0.37143,0.12092,0.25051,59,65,245.0,521.0,1,2,2
8477451,Ryan Hartman,MIN,R,278,V2,DZI,D,0.46338,0.21415,0.24923,555,625,4355.0,8130.0,1,1170,1395
8480995,Pontus Holmberg,TBL,R,229,V2,DZI,D,0.44761,0.19918,0.24843,352,386,2739.0,4634.0,1,305,366
8476453,Nikita Kucherov,TBL,R,317,V2,DZI,D,0.46479,0.21659,0.24819,584,581,5921.0,7124.0,1,0,0
8475191,Reilly Smith,VGK,R,302,V2,DZI,D,0.46603,0.2195,0.24653,620,510,4813.0,5927.0,1,26,54
8482097,Jack Quinn,BUF,R,258,V2,DZI,D,0.49089,0.24648,0.24441,410,445,3127.0,5323.0,1,14,32
8481721,Arseny Gritsyuk,NJD,R,66,V2,DZI,D,0.52882,0.28519,0.24364,119,110,902.0,1620.0,1,3,8
8482475,Egor Chinakhov,PIT,R,185,V2,DZI,D,0.43824,0.19585,0.24239,265,320,2113.0,3998.0,1,4,18
8480208,Drake Batherson,OTT,R,325,V2,DZI,D,0.45473,0.21272,0.242,573,548,3523.0,6083.0,1,60,83
8483525,Danila Yurov,MIN,R,73,V2,DZI,D,0.47503,0.23429,0.24074,89,132,901.0,1703.0,1,282,420
8482159,Tyson Foerster,PHI,R,195,V2,DZI,D,0.40092,0.16178,0.23914,390,445,2614.0,4809.0,1,0,2
8477949,Alex Tuch,BUF,R,310,V2,DZI,D,0.47426,0.23963,0.23463,555,682,4040.0,8338.0,1,120,157
8484177,Lenni Hameenaho,NJD,R,33,V2,DZI,D,0.49349,0.25926,0.23423,76,68,845.0,810.0,1,0,5
8477511,Anthony Mantha,PIT,R,235,V2,DZI,D,0.41857,0.18509,0.23348,318,337,2671.0,4171.0,1,23,41
8474586,Jordan Eberle,SEA,R,281,V2,DZI,D,0.43917,0.20666,0.23251,522,577,4488.0,7147.0,1,64,97
8476981,Josh Anderson,MTL,R,300,V2,DZI,D,0.43684,0.20469,0.23215,645,550,4702.0,7377.0,1,73,55
8476483,Rickard Rakell,PIT,R,293,V2,DZI,D,0.43981,0.20892,0.23089,524,487,3306.0,5696.0,1,88,155
8480825,Patrick Giles,SJS,R,20,V2,DZI,D,0.37056,0.14013,0.23043,23,23,197.0,157.0,0,40,67
8479390,Taylor Raddysh,NYR,R,299,V2,DZI,D,0.4227,0.19261,0.2301,601,552,4334.0,6900.0,1,24,51
8481540,Cole Caufield,MTL,R,291,V2,DZI,D,0.42937,0.20017,0.2292,524,491,4106.0,7199.0,1,17,27
8478420,Mikko Rantanen,DAL,R,308,V2,DZI,D,0.47581,0.2474,0.22842,661,693,5664.0,8739.0,1,446,411
8479343,Clayton Keller,UTA,R,322,V2,DZI,D,0.42921,0.2012,0.22801,624,683,4697.0,7813.0,1,57,82
8482679,Matt Coronato,CGY,R,191,V2,DZI,D,0.48,0.25367,0.22633,405,459,3050.0,5105.0,1,104,165
8480009,Eeli Tolvanen,SEA,R,300,V2,DZI,D,0.43234,0.2064,0.22594,582,582,5003.0,6657.0,1,19,38
8482146,Luke Evangelista,NSH,R,252,V2,DZI,D,0.55958,0.33445,0.22512,362,350,2652.0,4168.0,1,1,7
8478414,Timo Meier,NJD,R,304,V2,DZI,D,0.4387,0.21437,0.22433,746,686,6476.0,8075.0,1,86,135
8479520,Brandon Duhaime,WSH,R,295,V2,DZI,D,0.40303,0.17932,0.22371,596,644,3697.0,6374.0,1,32,59
8477953,Kasperi Kapanen,EDM,R,246,V2,DZI,D,0.44262,0.21905,0.22357,414,443,3721.0,5081.0,1,71,108
8481601,Simon Holmstrom,NYI,R,279,V2,DZI,D,0.38975,0.16725,0.2225,557,468,4118.0,5435.0,1,7,23
8477446,Michael McCarron,MIN,R,255,V2,DZI,D,0.45382,0.23162,0.22219,662,488,3735.0,5047.0,1,1196,1009
8475726,Tyler Toffoli,SJS,R,319,V2,DZI,D,0.41902,0.19707,0.22195,575,588,3902.0,6754.0,1,47,63
8478366,Frank Vatrano,ANA,R,294,V2,DZI,D,0.39496,0.1757,0.21926,586,694,5631.0,8748.0,1,30,40
8480281,Alexey Toropchenko,STL,R,295,V2,DZI,D,0.39236,0.17336,0.21901,499,506,3614.0,5457.0,1,7,10
8481042,Nikolai Kovalenko,SJS,R,58,V2,DZI,D,0.41807,0.20068,0.21739,94,101,476.0,1181.0,1,0,4
8477501,Valeri Nichushkin,COL,R,221,V2,DZI,D,0.49663,0.28046,0.21617,472,463,3709.0,5088.0,1,4,5
8480789,Oliver Wahlstrom,BOS,R,110,V2,DZI,D,0.39657,0.18045,0.21612,126,108,991.0,1064.0,1,16,19
8479638,Justin Brazeau,PIT,R,159,V2,DZI,D,0.40912,0.19428,0.21484,198,219,1359.0,2589.0,1,5,18
8476880,Tom Wilson,WSH,R,260,V2,DZI,D,0.44109,0.22733,0.21376,497,534,4235.0,5965.0,1,18,35
8481617,Vasily Podkolzin,EDM,R,221,V2,DZI,D,0.45379,0.2401,0.21369,335,322,2662.0,3915.0,1,38,90
8477903,Garnet Hathaway,PHI,R,299,V2,DZI,D,0.42803,0.21454,0.21349,614,499,3953.0,5640.0,1,43,36
8474141,Patrick Kane,DET,R,262,V2,DZI,D,0.41936,0.20905,0.21031,542,500,4483.0,7046.0,1,5,8
8477979,Nicolas Aube-Kubel,MIN,R,141,V2,DZI,D,0.43748,0.22857,0.20891,370,343,3447.0,4305.0,1,16,26
8478483,Mitch Marner,VGK,R,311,V2,DZI,D,0.43966,0.23229,0.20737,665,533,5320.0,6707.0,1,156,230
8470621,Corey Perry,TBL,R,288,V2,DZI,D,0.3949,0.19314,0.20176,330,316,3178.0,4199.0,1,19,30
8471817,Ryan Reaves,SJS,R,207,V2,DZI,D,0.4165,0.21564,0.20086,219,271,1479.0,2852.0,1,5,14
8484158,Easton Cowan,TOR,R,66,V2,DZI,D,0.35478,0.15517,0.1996,103,90,1026.0,1102.0,1,0,2
8482088,Justin Sourdif,WSH,R,82,V2,DZI,D,0.39212,0.19264,0.19948,181,169,1219.0,1848.0,1,288,346
8478439,Travis Konecny,PHI,R,295,V2,DZI,D,0.45143,0.2534,0.19802,588,588,4982.0,6835.0,1,95,131
8480015,Owen Tippett,PHI,R,313,V2,DZI,D,0.40857,0.21187,0.1967,613,576,4506.0,6622.0,1,48,54
8482175,JJ Peterka,UTA,R,317,V2,DZI,D,0.46408,0.26755,0.19653,533,547,4747.0,7165.0,1,16,37
8475765,Vladimir Tarasenko,MIN,R,300,V2,DZI,D,0.36256,0.16703,0.19553,596,641,4071.0,7268.0,1,9,12
8479942,Dominik Shine,DET,R,27,V2,DZI,D,0.195,0.0,0.195,25,21,200.0,208.0,0,5,6
8475810,Bryan Rust,PIT,R,286,V2,DZI,D,0.38047,0.18612,0.19434,593,497,4024.0,5765.0,1,11,15
8478856,Conor Garland,CBJ,R,315,V2,DZI,D,0.38637,0.19219,0.19418,671,622,5443.0,7550.0,1,17,34
8473512,Claude Giroux,OTT,R,327,V2,DZI,D,0.4129,0.22169,0.19121,837,573,5396.0,5670.0,1,1371,967
8482765,Isak Rosen,WPG,R,51,V2,DZI,D,0.38228,0.19167,0.19061,56,66,395.0,600.0,1,2,7
8471698,T.J. Oshie,WSH,R,110,V2,DZI,D,0.39774,0.20763,0.1901,186,191,1325.0,2254.0,1,23,32
8476474,Stefan Noesen,NJD,R,275,V2,DZI,D,0.40674,0.21675,0.18999,432,392,2493.0,3880.0,1,105,121
8484762,Beckett Sennecke,ANA,R,81,V2,DZI,D,0.42583,0.23596,0.18988,142,152,1773.0,2047.0,1,0,0
8477149,Scott Sabourin,TBL,R,30,V2,DZI,D,0.32558,0.13613,0.18946,21,40,172.0,191.0,0,0,4
8482699,Dylan Guenther,UTA,R,227,V2,DZI,D,0.44698,0.25842,0.18855,334,410,2678.0,4392.0,1,38,65
8475913,Mark Stone,VGK,R,226,V2,DZI,D,0.42172,0.23344,0.18828,446,437,4420.0,5389.0,1,8,21
8482125,Alexander Holtz,VGK,R,183,V2,DZI,D,0.33248,0.14474,0.18774,233,192,1555.0,2356.0,1,14,36
8482758,Ville Koivunen,PIT,R,47,V2,DZI,D,0.40956,0.22185,0.1877,41,56,293.0,604.0,0,2,0
8481554,Kaapo Kakko,SEA,R,286,V2,DZI,D,0.42572,0.24112,0.18459,469,453,3904.0,5126.0,1,59,70
8475848,Brendan Gallagher,MTL,R,273,V2,DZI,D,0.36014,0.17675,0.18339,511,401,4290.0,5273.0,1,18,30
8478472,Mathieu Joseph,LAK,R,238,V2,DZI,D,0.39323,0.21157,0.18167,394,414,2660.0,3942.0,1,55,86
8482070,Mitchell Chaffee,TBL,R,107,V2,DZI,D,0.341,0.15942,0.18158,161,155,1217.0,1932.0,1,9,16
8473504,Cal Clutterbuck,NYI,R,131,V2,DZI,D,0.29521,0.11395,0.18126,274,260,1775.0,2150.0,1,11,22
8484210,Gabe Perreault,NYR,R,54,V2,DZI,D,0.32991,0.15039,0.17952,108,92,973.0,1157.0,1,5,6
8485702,Max Shabanov,NYI,R,44,V2,DZI,D,0.32787,0.14903,0.17884,69,74,732.0,926.0,1,0,2
8477956,David Pastrnak,BOS,R,323,V2,DZI,D,0.43553,0.25755,0.17798,612,570,5095.0,7451.0,1,18,29
8475692,Mats Zuccarello,MIN,R,275,V2,DZI,D,0.39178,0.214,0.17778,429,525,4454.0,8626.0,1,87,127
8482155,Alex Laferriere,LAK,R,239,V2,DZI,D,0.41691,0.23921,0.17771,468,453,3701.0,5514.0,1,191,264
8481058,Jesse Ylonen,MTL,R,96,V2,DZI,D,0.31696,0.14248,0.17448,135,146,855.0,1888.0,1,8,5
8480025,MacKenzie Entwistle,CHI,R,133,V2,DZI,D,0.32797,0.15376,0.17421,174,219,1180.0,2673.0,1,245,303
8479977,Kailer Yamamoto,UTA,R,187,V2,DZI,D,0.41498,0.24248,0.1725,281,269,2670.0,3258.0,1,52,97
8479344,Jesse Puljujarvi,FLA,R,128,V2,DZI,D,0.42843,0.25619,0.17224,192,200,1020.0,2260.0,1,1,8
8477357,Saku Maenalanen,WPG,R,64,V2,DZI,D,0.31455,0.14347,0.17107,99,76,550.0,927.0,1,1,2
8482877,Jaroslav Chmelar,NYR,R,28,V2,DZI,D,0.39091,0.21992,0.17099,26,31,110.0,241.0,0,0,4
8473449,Kyle Okposo,FLA,R,142,V2,DZI,D,0.42555,0.25474,0.17081,245,289,1558.0,3325.0,1,239,248
8475164,Jakob Silfverberg,ANA,R,162,V2,DZI,D,0.29983,0.13151,0.16832,323,376,1811.0,3878.0,1,24,46
8478434,Keegan Kolesar,VGK,R,318,V2,DZI,D,0.36497,0.19734,0.16763,574,542,4362.0,5934.0,1,30,52
8477939,William Nylander,TOR,R,311,V2,DZI,D,0.35549,0.19232,0.16317,687,516,5702.0,6666.0,1,151,177
8477416,Oliver Bjorkstrand,TBL,R,322,V2,DZI,D,0.42164,0.25918,0.16246,489,524,3956.0,6212.0,1,32,67
8479315,Joey Anderson,CHI,R,111,V2,DZI,D,0.39265,0.23073,0.16192,202,205,1197.0,2037.0,1,0,2
8484938,Arttu Hyry,DAL,R,25,V2,DZI,D,0.32418,0.1641,0.16007,42,31,182.0,390.0,0,104,63
8479671,Mathieu Olivier,CBJ,R,263,V2,DZI,D,0.34659,0.18774,0.15885,553,603,4853.0,7798.0,1,17,47
8475178,Zack Kassian,UTA,R,51,V2,DZI,D,0.31278,0.15553,0.15725,73,83,454.0,778.0,1,3,5
8475780,Chris Wagner,COL,R,42,V2,DZI,D,0.44224,0.28512,0.15712,46,43,303.0,484.0,0,59,65
8481703,Valtteri Puustinen,PIT,R,65,V2,DZI,D,0.32809,0.17687,0.15122,78,77,445.0,882.0,1,1,3
8481624,Ilya Mikheyev,CHI,R,281,V2,DZI,D,0.33879,0.18823,0.15057,564,613,4761.0,6779.0,1,10,27
8484241,Matthew Wood,NSH,R,76,V2,DZI,D,0.2717,0.12589,0.14581,81,101,530.0,1128.0,1,74,117
8479379,Givani Smith,COL,R,85,V2,DZI,D,0.46526,0.32121,0.14406,90,95,475.0,962.0,1,2,3
8480245,Olle Lycksell,OTT,R,52,V2,DZI,D,0.3463,0.20513,0.14117,51,54,540.0,741.0,1,4,5
8480007,Jonas Rondbjerg,VGK,R,50,V2,DZI,D,0.42268,0.28423,0.13845,60,63,291.0,672.0,1,2,6
8479322,Wade Allison,PHI,R,60,V2,DZI,D,0.41119,0.27279,0.1384,107,117,1126.0,1481.0,1,1,5
8483609,Adam Klapka,CGY,R,115,V2,DZI,D,0.33742,0.19943,0.13799,130,143,815.0,1755.0,1,18,34
8479644,Matt Luff,STL,R,24,V2,DZI,D,0.24375,0.11218,0.13157,24,32,160.0,312.0,0,0,2
8479414,Nathan Bastian,DAL,R,192,V2,DZI,D,0.32119,0.19806,0.12313,320,253,1977.0,2893.0,1,28,49
8483733,Nikita Grebenkin,PHI,R,62,V2,DZI,D,0.35024,0.22747,0.12276,100,84,848.0,910.0,1,5,2
8477015,Connor Brown,NJD,R,232,V2,DZI,D,0.33974,0.22533,0.1144,383,359,3279.0,4642.0,1,26,48
8482874,Jacob Melanson,SEA,R,37,V2,DZI,D,0.31266,0.20081,0.11185,41,41,387.0,493.0,0,1,0
8484911,Collin Graf,SJS,R,120,V2,DZI,D,0.33354,0.22968,0.10386,233,266,1577.0,3396.0,1,7,19
8483890,Braeden Bowman,VGK,R,54,V2,DZI,D,0.34525,0.25513,0.09012,79,77,811.0,1266.0,1,3,9
8484186,Ryan Leonard,WSH,R,84,V2,DZI,D,0.31854,0.24248,0.07606,143,140,1262.0,1695.0,1,5,4
8479328,Julien Gauthier,NYI,R,85,V2,DZI,D,0.22492,0.15036,0.07456,102,112,329.0,1104.0,1,6,10
8475968,Alex Belzile,MTL,R,31,V2,DZI,D,0.26,0.18736,0.07264,49,44,400.0,459.0,0,91,99
8480822,Martin Kaut,SJS,R,36,V2,DZI,D,0.36275,0.29244,0.07031,55,53,408.0,595.0,1,2,3
8483476,Jonathan Lekkerimäki,VAN,R,37,V2,DZI,D,0.21577,0.14938,0.06639,28,42,241.0,482.0,0,0,1
8474715,Cam Atkinson,TBL,R,109,V2,DZI,D,0.25763,0.20634,0.05129,154,156,1343.0,2176.0,1,8,11
8484984,Ivan Demidov,MTL,R,84,V2,DZI,D,0.37415,0.32398,0.05017,78,113,441.0,1497.0,1,0,1
8477392,Hudson Fasching,NYI,R,137,V2,DZI,D,0.24228,0.20744,0.03485,230,216,1717.0,2420.0,1,5,17
8478495,Denis Gurianov,PHI,R,84,V2,DZI,D,0.22862,0.20576,0.02286,147,141,1181.0,1876.0,1,0,0
8480205,Emil Bemstrom,PIT,R,125,V2,DZI,D,0.28912,0.27069,0.01843,168,157,882.0,2006.0,1,14,20
8482118,Sam Colangelo,ANA,R,44,V2,DZI,D,0.24792,0.24321,0.00471,75,81,601.0,847.0,1,5,11
8476326,Josh Archibald,PIT,R,62,V2,DZI,D,0.29291,0.32552,-0.03261,89,96,536.0,1066.0,1,0,1
8483676,Stephen Halliday,OTT,C,30,V3,DZI,D,0.54104,0.21905,0.322,23,19,268.0,210.0,0,23,38
8482153,Brendan Brisson,NYR,C,27,V3,DZI,D,0.5942,0.32,0.2742,34,33,414.0,625.0,0,4,4
8478512,Austin Czarnik,DET,C,63,V3,DZI,D,0.54115,0.32926,0.21189,75,85,401.0,1227.0,1,163,190
8482703,Colton Dach,EDM,C,85,V3,DZI,D,0.48599,0.28414,0.20185,105,130,928.0,2175.0,1,28,45
8483512,Matt Savoie,EDM,C,86,V3,DZI,D,0.59743,0.41199,0.18544,117,122,934.0,2068.0,1,28,39
8471669,Paul Stastny,CAR,C,73,V3,DZI,D,0.54584,0.36962,0.17622,102,96,709.0,1139.0,1,235,175
8481147,Reese Johnson,MIN,C,102,V3,DZI,D,0.47794,0.30791,0.17003,117,150,680.0,2858.0,1,132,105
8482145,Mavrik Bourque,DAL,C,156,V3,DZI,D,0.52359,0.36101,0.16258,296,257,2395.0,3986.0,1,249,282
8478409,Anthony Richard,PHI,C,38,V3,DZI,D,0.52402,0.36387,0.16015,54,45,666.0,775.0,0,1,6
8483930,Ivan Ivan,COL,C,49,V3,DZI,D,0.58143,0.42709,0.15434,52,67,614.0,1063.0,1,62,92
8485402,Michael Misa,SJS,C,44,V3,DZI,D,0.47951,0.3255,0.15402,73,68,659.0,1404.0,1,155,176
8483505,Matthew Poitras,BOS,C,69,V3,DZI,D,0.43562,0.28194,0.15367,81,72,730.0,1174.0,1,160,212
8483397,Marc McLaughlin,NJD,C,24,V3,DZI,D,0.62249,0.47158,0.15091,38,40,249.0,475.0,0,31,47
8475754,Brock Nelson,COL,C,324,V3,DZI,D,0.52962,0.37904,0.15058,658,641,6837.0,10582.0,1,1753,1825
8480259,Ben Jones,MIN,C,54,V3,DZI,D,0.49084,0.34174,0.1491,67,99,764.0,1665.0,1,77,76
8474613,Derek Stepan,CAR,C,73,V3,DZI,D,0.45055,0.30332,0.14723,93,79,364.0,844.0,1,197,160
8475151,Kyle Palmieri,NYI,C,244,V3,DZI,D,0.51661,0.3723,0.14431,461,445,4605.0,7964.0,1,31,52
8477492,Nathan MacKinnon,COL,C,312,V3,DZI,D,0.5495,0.4073,0.1422,655,699,7061.0,11095.0,1,2107,2371
8484149,Gavin Brindley,COL,C,57,V3,DZI,D,0.50925,0.36754,0.1417,60,73,703.0,838.0,1,12,14
8482859,Zack Ostapchuk,SJS,C,121,V3,DZI,D,0.46661,0.32541,0.14121,161,146,1243.0,2271.0,1,343,346
8476919,Chris Tierney,NJD,C,88,V3,DZI,D,0.51784,0.37666,0.14118,113,89,981.0,1054.0,1,191,179
8483752,Dominic James,TBL,C,43,V3,DZI,D,0.46614,0.32767,0.13847,48,49,502.0,824.0,0,127,135
8485414,Ben Kindel,PIT,C,77,V3,DZI,D,0.58274,0.4447,0.13804,82,122,846.0,2143.0,1,232,326
8478043,Sam Lafferty,CHI,C,238,V3,DZI,D,0.51273,0.37752,0.13522,344,355,2670.0,5666.0,1,415,450
8475760,Nick Bjugstad,NJD,C,281,V3,DZI,D,0.4763,0.34307,0.13323,583,584,5022.0,8284.0,1,1190,1220
8477846,Ryan Carpenter,SJS,C,84,V3,DZI,D,0.51591,0.384,0.13191,104,111,723.0,1250.0,1,256,259
8479346,Dillon Dube,CGY,C,125,V3,DZI,D,0.51898,0.38873,0.13025,193,153,1607.0,2130.0,1,40,47
8481543,Nikita Alexandrov,STL,C,51,V3,DZI,D,0.58307,0.45308,0.12999,28,50,319.0,682.0,0,89,148
8479547,Matthew Phillips,WSH,C,33,V3,DZI,D,0.59664,0.46677,0.12986,32,32,238.0,617.0,0,1,2
8476459,Mika Zibanejad,NYR,C,326,V3,DZI,D,0.51555,0.38736,0.12819,751,673,6816.0,10729.0,1,1853,1725
8484136,Max Sasson,VAN,C,95,V3,DZI,D,0.53807,0.41034,0.12773,93,97,985.0,1277.0,1,158,216
8479718,Alex Barré-Boulet,COL,C,40,V3,DZI,D,0.43262,0.30577,0.12685,36,31,423.0,520.0,0,14,15
8476468,J.T. Miller,NYR,C,302,V3,DZI,D,0.49184,0.36571,0.12613,816,581,6191.0,8225.0,1,1731,1264
8479546,Oskar Steen,BOS,C,37,V3,DZI,D,0.61211,0.48697,0.12514,57,50,446.0,729.0,1,0,3
8484800,Berkly Catton,SEA,C,65,V3,DZI,D,0.53236,0.40727,0.12509,57,64,618.0,825.0,1,60,79
8479365,Trent Frederic,EDM,C,292,V3,DZI,D,0.50376,0.38002,0.12374,518,440,4520.0,7397.0,1,304,361
8474870,Tyler Johnson,BOS,C,132,V3,DZI,D,0.46135,0.33785,0.12351,265,260,2898.0,4209.0,1,165,197
8475744,Evgeny Kuznetsov,CAR,C,144,V3,DZI,D,0.50641,0.38307,0.12334,206,213,2105.0,3284.0,1,678,794
8482177,Marat Khusnutdinov,BOS,C,168,V3,DZI,D,0.49359,0.37093,0.12266,252,292,2107.0,5222.0,1,257,307
8478146,Matthew Highmore,OTT,C,50,V3,DZI,D,0.52473,0.40323,0.1215,63,45,364.0,558.0,0,7,15
8479335,Rasmus Asplund,FLA,C,52,V3,DZI,D,0.498,0.37705,0.12095,79,105,751.0,1708.0,1,26,34
8482691,Aatu Räty,VAN,C,113,V3,DZI,D,0.47902,0.36011,0.11891,247,167,1549.0,2477.0,1,577,407
8475714,Calle Jarnkrok,TOR,C,200,V3,DZI,D,0.50696,0.38817,0.11879,386,337,3016.0,5866.0,1,80,87
8477409,Carter Verhaeghe,FLA,C,315,V3,DZI,D,0.4988,0.38012,0.11868,577,632,6253.0,10665.0,1,89,129
8484471,Emmitt Finnie,DET,C,82,V3,DZI,D,0.50279,0.38422,0.11857,181,159,1792.0,2954.0,1,42,42
8477933,Sam Reinhart,FLA,C,307,V3,DZI,D,0.53062,0.41433,0.11628,661,622,6990.0,9951.0,1,429,507
8476448,William Karlsson,VGK,C,220,V3,DZI,D,0.54058,0.4252,0.11538,477,346,5052.0,6183.0,1,1299,983
8480901,Karson Kuhlman,WPG,C,47,V3,DZI,D,0.55819,0.44355,0.11464,64,68,507.0,744.0,1,0,5
8475768,Jaden Schwartz,SEA,C,264,V3,DZI,D,0.49066,0.37827,0.11239,548,593,5623.0,9406.0,1,91,103
8480252,Cole Guttman,CHI,C,41,V3,DZI,D,0.48833,0.37961,0.10871,53,83,514.0,1599.0,1,139,130
8482148,Hendrix Lapierre,WSH,C,152,V3,DZI,D,0.49899,0.3906,0.10839,101,139,992.0,2596.0,1,260,402
8483431,Logan Cooley,UTA,C,210,V3,DZI,D,0.52355,0.41613,0.10742,329,381,3503.0,6087.0,1,716,1004
8476873,Mark Jankowski,CAR,C,210,V3,DZI,D,0.53713,0.43049,0.10664,347,302,2936.0,4244.0,1,723,636
8479316,Luke Kunin,FLA,C,246,V3,DZI,D,0.49022,0.38576,0.10445,462,438,4139.0,7178.0,1,491,517
8482092,Ridly Greig,OTT,C,247,V3,DZI,D,0.5146,0.41026,0.10434,598,500,4555.0,7566.0,1,567,581
8482665,Matty Beniers,SEA,C,320,V3,DZI,D,0.4709,0.36671,0.10419,629,676,7284.0,10946.0,1,1724,1996
8477070,Liam O'Brien,UTA,C,196,V3,DZI,D,0.4732,0.3704,0.1028,282,318,2407.0,4352.0,1,16,38
8482113,Anton Lundell,FLA,C,294,V3,DZI,D,0.48854,0.3871,0.10145,532,487,4757.0,7905.0,1,1420,1308
8478542,Evan Rodrigues,FLA,C,300,V3,DZI,D,0.49982,0.39986,0.09996,564,549,5476.0,8523.0,1,519,542
8477935,Sam Bennett,FLA,C,284,V3,DZI,D,0.49118,0.39123,0.09995,462,561,4025.0,7842.0,1,1472,1713
8476460,Mark Scheifele,WPG,C,318,V3,DZI,D,0.47721,0.37778,0.09943,565,615,7877.0,12052.0,1,1850,2023
8479550,Tanner Laczynski,VGK,C,51,V3,DZI,D,0.42284,0.32357,0.09926,53,56,648.0,649.0,1,97,104
8484901,Jacob Quillan,TOR,C,24,V3,DZI,D,0.55556,0.45714,0.09841,26,35,117.0,770.0,0,62,86
8476374,Sean Kuraly,BOS,C,297,V3,DZI,D,0.50694,0.41026,0.09669,682,623,6409.0,10959.0,1,1189,1134
8481422,Jake Lucchini,NSH,C,54,V3,DZI,D,0.49007,0.39446,0.09561,61,59,755.0,938.0,1,44,56
8482745,Mason McTavish,ANA,C,294,V3,DZI,D,0.4572,0.36178,0.09542,522,617,6706.0,10053.0,1,1316,1413
8478458,Jack Roslovic,EDM,C,285,V3,DZI,D,0.48427,0.38902,0.09526,485,432,5373.0,7465.0,1,648,680
8475794,Tyler Seguin,DAL,C,191,V3,DZI,D,0.51443,0.41918,0.09525,417,354,3777.0,5308.0,1,813,654
8476454,Ryan Nugent-Hopkins,EDM,C,311,V3,DZI,D,0.50163,0.40689,0.09474,604,608,6437.0,10455.0,1,801,835
8478891,Mason Appleton,DET,C,259,V3,DZI,D,0.47539,0.38093,0.09446,593,571,6380.0,10414.0,1,22,39
8477946,Dylan Larkin,DET,C,304,V3,DZI,D,0.49559,0.40131,0.09428,737,674,7022.0,11607.0,1,1988,1773
8477493,Aleksander Barkov,FLA,C,208,V3,DZI,D,0.52532,0.43147,0.09386,479,423,5075.0,7208.0,1,1190,978
8474053,Logan Couture,SJS,C,88,V3,DZI,D,0.60477,0.5123,0.09247,208,229,1341.0,2805.0,1,552,564
8473548,Phil Kessel,VGK,C,82,V3,DZI,D,0.46037,0.3697,0.09067,118,120,1249.0,1815.0,1,5,7
8482634,Alex Steeves,BOS,C,54,V3,DZI,D,0.45882,0.36857,0.09026,83,73,765.0,1088.0,1,2,4
8479393,Noah Gregor,FLA,C,209,V3,DZI,D,0.50297,0.41314,0.08983,355,315,2861.0,4674.0,1,41,49
8481528,Dylan Cozens,OTT,C,324,V3,DZI,D,0.5138,0.42452,0.08928,637,574,6232.0,8923.0,1,1570,1549
8479987,Morgan Geekie,BOS,C,303,V3,DZI,D,0.50542,0.41744,0.08797,519,524,4800.0,9127.0,1,713,821
8475745,Charlie Coyle,CBJ,C,329,V3,DZI,D,0.48829,0.40044,0.08786,931,763,8200.0,11897.0,1,1703,1562
8478438,Tommy Novak,PIT,C,258,V3,DZI,D,0.53692,0.44974,0.08719,223,302,2302.0,4576.0,1,618,847
8480840,Oskar Back,DAL,C,145,V3,DZI,D,0.57308,0.48664,0.08644,244,200,1731.0,3629.0,1,103,89
8475166,John Tavares,TOR,C,317,V3,DZI,D,0.50049,0.41405,0.08644,793,583,8238.0,10337.0,1,2267,1617
8480289,Morgan Barron,WPG,C,289,V3,DZI,D,0.52349,0.43729,0.0862,460,433,4044.0,7080.0,1,335,348
8478904,Steven Lorentz,TOR,C,269,V3,DZI,D,0.48314,0.39715,0.08599,402,376,3233.0,6043.0,1,349,378
8478427,Sebastian Aho,CAR,C,311,V3,DZI,D,0.48571,0.40051,0.08521,504,533,5180.0,8689.0,1,1676,1586
8480806,Isac Lundeström,CBJ,C,254,V3,DZI,D,0.45505,0.37119,0.08386,498,549,4360.0,8400.0,1,801,831
8479385,Jordan Kyrou,STL,C,314,V3,DZI,D,0.50575,0.42227,0.08348,524,554,5738.0,8819.0,1,13,33
8482751,Ryan Winterton,SEA,C,88,V3,DZI,D,0.51667,0.43359,0.08308,139,142,1320.0,2078.0,1,1,6
8480185,Eetu Luostarinen,FLA,C,317,V3,DZI,D,0.48016,0.39736,0.0828,572,525,5619.0,9095.0,1,346,411
8480078,Filip Chytil,VAN,C,152,V3,DZI,D,0.49245,0.41159,0.08086,170,215,2053.0,3348.0,1,519,688
8482702,Logan Stankoven,CAR,C,183,V3,DZI,D,0.48063,0.40018,0.08045,306,297,3304.0,4423.0,1,443,538
8485512,Tim Washe,ANA,C,40,V3,DZI,D,0.48448,0.40488,0.0796,93,80,902.0,1188.0,1,196,124
8476392,Adam Lowry,WPG,C,305,V3,DZI,D,0.47343,0.39478,0.07865,786,784,6322.0,12174.0,1,1908,1698
8476994,Vinnie Hinostroza,FLA,C,143,V3,DZI,D,0.46183,0.38438,0.07745,228,247,2646.0,4277.0,1,31,43
8483471,Brad Lambert,WPG,C,30,V3,DZI,D,0.38983,0.31259,0.07724,20,33,118.0,723.0,0,9,19
8478402,Connor McDavid,EDM,C,306,V3,DZI,D,0.5101,0.43311,0.07699,594,576,7177.0,10951.0,1,1578,1567
8483424,Owen Beck,MTL,C,28,V3,DZI,D,0.42913,0.35225,0.07688,37,25,508.0,599.0,0,66,51
8479944,Zachary Aston-Reese,CBJ,C,186,V3,DZI,D,0.49305,0.41648,0.07657,317,341,2663.0,5400.0,1,13,28
8482623,Josh Dunne,BUF,C,44,V3,DZI,D,0.47016,0.3937,0.07646,64,70,553.0,1143.0,1,89,81
8478051,Max Willman,NJD,C,27,V3,DZI,D,0.54603,0.47071,0.07532,34,32,315.0,478.0,0,2,7
8482896,Tyson Kozak,BUF,C,67,V3,DZI,D,0.44828,0.37298,0.07529,118,144,986.0,1984.0,1,222,243
8475793,Ryan Johansen,COL,C,118,V3,DZI,D,0.45857,0.38336,0.07521,250,180,2257.0,2632.0,1,665,518
8476458,Ryan Strome,CGY,C,294,V3,DZI,D,0.46706,0.39186,0.0752,537,657,6117.0,10879.0,1,1061,1396
8471215,Evgeni Malkin,PIT,C,288,V3,DZI,D,0.50479,0.43006,0.07473,382,357,3756.0,5848.0,1,1131,1245
8479525,Ross Colton,COL,C,294,V3,DZI,D,0.49444,0.42007,0.07437,557,552,5034.0,9139.0,1,549,511
8482110,Dawson Mercer,NJD,C,328,V3,DZI,D,0.48508,0.41132,0.07377,722,657,7240.0,11276.0,1,348,491
8478020,Michael Amadio,OTT,C,293,V3,DZI,D,0.50829,0.43501,0.07328,647,563,5849.0,10032.0,1,149,145
8477497,Sean Monahan,CBJ,C,240,V3,DZI,D,0.48144,0.40847,0.07297,590,522,5980.0,8620.0,1,1490,1284
8482705,Cole Sillinger,CBJ,C,288,V3,DZI,D,0.5,0.42726,0.07274,529,578,5998.0,10366.0,1,943,1110
8481556,John Beecher,CGY,C,165,V3,DZI,D,0.5332,0.46092,0.07227,407,364,2907.0,4875.0,1,529,471
8478874,Adam Gaudette,SJS,C,149,V3,DZI,D,0.4782,0.4079,0.0703,199,186,1468.0,2785.0,1,279,298
8477987,Ryan Donato,CHI,C,311,V3,DZI,D,0.41583,0.34564,0.07019,472,574,5180.0,9776.0,1,449,566
8481656,Aliaksei Protas,WSH,C,288,V3,DZI,D,0.4988,0.42892,0.06989,577,590,6275.0,9510.0,1,74,102
8480326,Sheldon Dries,DET,C,68,V3,DZI,D,0.33934,0.26962,0.06972,103,82,666.0,1083.0,1,201,211
8475158,Ryan O'Reilly,NSH,C,294,V3,DZI,D,0.48118,0.41309,0.06809,707,566,6216.0,9303.0,1,1954,1529
8480829,Jesperi Kotkaniemi,CAR,C,281,V3,DZI,D,0.48968,0.42193,0.06775,415,387,4215.0,5546.0,1,1098,1027
8480021,Jack Studnicka,FLA,C,89,V3,DZI,D,0.36543,0.29773,0.0677,119,132,1267.0,1891.0,1,146,192
8478424,Jansen Harkins,ANA,C,173,V3,DZI,D,0.49078,0.4243,0.06649,308,277,3038.0,4511.0,1,167,168
8470638,Patrice Bergeron,BOS,C,78,V3,DZI,D,0.457,0.39053,0.06647,231,129,1221.0,1521.0,1,665,398
8481024,Linus Karlsson,VAN,C,105,V3,DZI,D,0.49249,0.42606,0.06643,148,153,1332.0,2387.0,1,12,33
8480851,Akil Thomas,LAK,C,32,V3,DZI,D,0.48387,0.4175,0.06637,43,49,434.0,697.0,0,21,28
8471699,Andrew Cogliano,COL,C,154,V3,DZI,D,0.50389,0.43808,0.06581,249,273,1800.0,3892.0,1,36,53
8476480,Vladislav Namestnikov,WPG,C,293,V3,DZI,D,0.48662,0.42129,0.06532,357,389,3325.0,6143.0,1,611,866
8483464,Marco Kasper,DET,C,159,V3,DZI,D,0.52101,0.45574,0.06527,278,328,2879.0,5536.0,1,472,510
8475763,Kevin Hayes,PIT,C,252,V3,DZI,D,0.49546,0.43032,0.06515,481,489,4410.0,7929.0,1,906,845
8483493,Frank Nazar,CHI,C,122,V3,DZI,D,0.50095,0.43649,0.06446,237,245,2639.0,3519.0,1,432,500
8483450,Ryan Greene,CHI,C,83,V3,DZI,D,0.45246,0.38817,0.0643,186,183,1704.0,2687.0,1,234,308
8478569,Noel Acciari,PIT,C,278,V3,DZI,D,0.50553,0.44146,0.06407,815,668,7592.0,10361.0,1,936,754
8480023,Robert Thomas,STL,C,288,V3,DZI,D,0.48472,0.42075,0.06397,683,643,7165.0,11123.0,1,1950,1741
8482093,Seth Jarvis,CAR,C,307,V3,DZI,D,0.4869,0.42351,0.06339,529,550,5648.0,8576.0,1,124,178
8481533,Trevor Zegras,PHI,C,250,V3,DZI,D,0.466,0.40285,0.06315,346,430,4397.0,8415.0,1,431,695
8479353,Brett Howden,VGK,C,265,V3,DZI,D,0.52762,0.46458,0.06303,513,435,5341.0,7200.0,1,725,693
8480018,Nick Suzuki,MTL,C,328,V3,DZI,D,0.50584,0.44333,0.06251,716,678,7536.0,13773.0,1,2015,1970
8481523,Kirby Dach,MTL,C,154,V3,DZI,D,0.52194,0.46047,0.06147,232,240,2347.0,4174.0,1,211,325
8476867,Brendan Gaunce,CBJ,C,66,V3,DZI,D,0.47661,0.41525,0.06136,123,117,1475.0,2059.0,1,246,200
8480002,Nico Hischier,NJD,C,309,V3,DZI,D,0.49478,0.43364,0.06114,942,705,8719.0,10820.0,1,2521,2074
8479022,Rodrigo Abols,PHI,C,64,V3,DZI,D,0.39099,0.33001,0.06098,81,63,977.0,1103.0,1,216,186
8480014,Gabriel Vilardi,WPG,C,262,V3,DZI,D,0.47269,0.41194,0.06075,404,392,4595.0,7472.0,1,138,168
8480835,Jack Drury,COL,C,265,V3,DZI,D,0.50982,0.44921,0.06061,454,358,3921.0,5759.0,1,1176,859
8476419,Jean-Gabriel Pageau,NYI,C,305,V3,DZI,D,0.43833,0.37863,0.0597,881,640,7540.0,8779.0,1,1852,1324
8473453,Trevor Lewis,LAK,C,224,V3,DZI,D,0.50912,0.45011,0.05901,272,269,2249.0,3808.0,1,286,362
8481237,Kyle MacLean,NYI,C,172,V3,DZI,D,0.54083,0.482,0.05883,218,218,2241.0,3195.0,1,403,450
8481522,Peyton Krebs,BUF,C,317,V3,DZI,D,0.46011,0.40185,0.05826,573,618,5440.0,10056.0,1,938,1076
8480003,Jesper Boqvist,FLA,C,268,V3,DZI,D,0.46973,0.41199,0.05775,374,393,2891.0,6573.0,1,214,376
8480008,Adam Ruzicka,UTA,C,86,V3,DZI,D,0.39628,0.33862,0.05765,105,105,752.0,1323.0,1,158,178
8480039,Martin Necas,COL,C,316,V3,DZI,D,0.46292,0.40575,0.05717,551,548,5839.0,8838.0,1,235,330
8481580,Connor McMichael,WSH,C,246,V3,DZI,D,0.49624,0.43932,0.05693,445,449,4524.0,7712.0,1,523,697
8479591,Michael Eyssimont,BOS,C,268,V3,DZI,D,0.46612,0.41111,0.05501,428,402,4516.0,6159.0,1,25,42
8480459,Pius Suter,STL,C,290,V3,DZI,D,0.45787,0.40351,0.05436,529,563,4189.0,8721.0,1,848,981
8470595,Eric Staal,FLA,C,72,V3,DZI,D,0.4406,0.38628,0.05432,133,138,1128.0,1983.0,1,278,284
8477496,Elias Lindholm,BOS,C,306,V3,DZI,D,0.47061,0.41648,0.05413,807,598,6617.0,8884.0,1,2111,1633
8477021,Alexander Kerfoot,UTA,C,278,V3,DZI,D,0.47015,0.41619,0.05396,563,484,5745.0,6843.0,1,617,583
8476393,Nick Cousins,OTT,C,279,V3,DZI,D,0.48092,0.42697,0.05395,428,386,3774.0,5977.0,1,99,105
8480848,Ty Dellandrea,SJS,C,238,V3,DZI,D,0.48272,0.42964,0.05307,439,392,3992.0,6140.0,1,531,507
8480355,Mark Kastelic,BOS,C,271,V3,DZI,D,0.5294,0.47633,0.05306,590,447,4609.0,6592.0,1,880,652
8479351,Sam Steel,DAL,C,294,V3,DZI,D,0.49341,0.44048,0.05294,497,451,4935.0,7728.0,1,628,598
8481481,Blake Lizotte,PIT,C,257,V3,DZI,D,0.49948,0.44695,0.05253,498,443,4847.0,7361.0,1,849,789
8477126,Jayson Megna,BOS,C,56,V3,DZI,D,0.52765,0.4753,0.05235,100,78,904.0,1073.0,1,132,116
8473563,Nicklas Backstrom,WSH,C,47,V3,DZI,D,0.50657,0.45447,0.0521,70,104,685.0,1186.0,1,274,259
8483570,Ben Meyers,SEA,C,121,V3,DZI,D,0.48809,0.43648,0.0516,183,174,1805.0,2401.0,1,318,288
8476479,Phillip Danault,MTL,C,315,V3,DZI,D,0.51479,0.46354,0.05125,700,621,7302.0,10655.0,1,1867,1596
8478493,Joel Eriksson Ek,MIN,C,271,V3,DZI,D,0.49649,0.44527,0.05122,569,668,5410.0,12480.0,1,1556,1711
8482124,Quinton Byfield,LAK,C,292,V3,DZI,D,0.45468,0.40406,0.05062,643,631,6829.0,10897.0,1,846,982
8479370,Tyson Jost,NSH,C,221,V3,DZI,D,0.45134,0.40088,0.05045,315,350,2692.0,5438.0,1,336,456
8480064,Josh Norris,BUF,C,158,V3,DZI,D,0.50271,0.45359,0.04912,389,344,2399.0,4740.0,1,816,735
8477989,Christian Dvorak,PHI,C,256,V3,DZI,D,0.4328,0.38413,0.04867,673,502,6213.0,7888.0,1,1440,1175
8476881,Tomas Hertl,VGK,C,289,V3,DZI,D,0.48684,0.43819,0.04865,609,558,6571.0,8971.0,1,1875,1487
8482201,Gage Goncalves,TBL,C,136,V3,DZI,D,0.44708,0.39934,0.04774,166,203,1644.0,3343.0,1,10,17
8476927,Teddy Blueger,VAN,C,247,V3,DZI,D,0.47834,0.43232,0.04603,551,495,4710.0,7705.0,1,1105,968
8478508,Yakov Trenin,MIN,C,311,V3,DZI,D,0.46523,0.4196,0.04563,626,592,6298.0,11542.0,1,134,177
8477500,Bo Horvat,NYI,C,309,V3,DZI,D,0.47536,0.43046,0.0449,738,591,6818.0,9815.0,1,2122,1686
8483500,Noah Ostlund,BUF,C,68,V3,DZI,D,0.49705,0.45271,0.04434,85,105,678.0,1935.0,1,92,190
8474564,Steven Stamkos,NSH,C,323,V3,DZI,D,0.49562,0.45137,0.04424,691,581,6957.0,9748.0,1,1159,988
8480074,Alexandre Texier,MTL,C,160,V3,DZI,D,0.44065,0.39656,0.04409,274,278,2780.0,4761.0,1,6,19
8475231,Casey Cizikas,NYI,C,314,V3,DZI,D,0.4818,0.43823,0.04357,701,584,6073.0,8103.0,1,1340,1072
8478519,Anthony Cirelli,TBL,C,288,V3,DZI,D,0.46255,0.41966,0.04289,729,626,8665.0,11028.0,1,1488,1449
8474150,Mikael Backlund,CGY,C,321,V3,DZI,D,0.49807,0.45551,0.04256,918,911,8826.0,13857.0,1,2138,2047
8478400,Colin White,SJS,C,99,V3,DZI,D,0.49352,0.45123,0.04228,123,127,1080.0,1702.0,1,123,185
8476399,Blake Coleman,CGY,C,310,V3,DZI,D,0.52463,0.48288,0.04175,831,812,7674.0,12937.0,1,84,91
8476456,Jonathan Huberdeau,CGY,C,291,V3,DZI,D,0.48859,0.44696,0.04163,522,532,4384.0,8070.0,1,31,51
8477887,Patrick Brown,BOS,C,87,V3,DZI,D,0.53254,0.4915,0.04104,181,186,1521.0,2295.0,1,179,170
8473533,Jordan Staal,CAR,C,311,V3,DZI,D,0.52195,0.48097,0.04098,814,634,7039.0,9248.0,1,2356,1772
8476826,Yanni Gourde,TBL,C,300,V3,DZI,D,0.47485,0.434,0.04086,586,633,6701.0,11113.0,1,1426,1514
8475842,Sam Carrick,BUF,C,282,V3,DZI,D,0.42242,0.38163,0.04079,597,490,4808.0,7143.0,1,1043,898
8481754,Nikita Nesterenko,ANA,C,61,V3,DZI,D,0.41989,0.37948,0.04041,100,105,905.0,1813.0,1,9,16
8477964,Ivan Barbashev,VGK,C,316,V3,DZI,D,0.50538,0.46639,0.03899,554,582,6789.0,10547.0,1,99,172
8480813,Joe Veleno,MTL,C,296,V3,DZI,D,0.47328,0.43464,0.03865,483,478,4735.0,7680.0,1,844,953
8480870,Bo Groulx,TOR,C,60,V3,DZI,D,0.42009,0.38173,0.03836,96,121,876.0,2211.0,1,146,186
8482079,Marco Rossi,VAN,C,232,V3,DZI,D,0.48271,0.44434,0.03836,365,415,4742.0,8759.0,1,1013,1152
8479675,Trevor Moore,LAK,C,280,V3,DZI,D,0.48643,0.44933,0.0371,609,549,7222.0,9296.0,1,23,68
8477951,Nick Schmaltz,UTA,C,305,V3,DZI,D,0.46047,0.42382,0.03665,600,634,6324.0,10528.0,1,606,754
8474189,Lars Eller,OTT,C,314,V3,DZI,D,0.4681,0.43149,0.03661,741,639,6270.0,9502.0,1,1452,1270
8477503,Max Domi,TOR,C,314,V3,DZI,D,0.43586,0.39947,0.03639,585,501,5371.0,7600.0,1,1064,998
8476329,Travis Boyd,MIN,C,101,V3,DZI,D,0.39432,0.35837,0.03595,179,223,1339.0,2969.0,1,407,514
8480853,Liam Foudy,NYI,C,78,V3,DZI,D,0.44972,0.41403,0.03569,117,137,1243.0,2466.0,1,2,5
8478078,Rourke Chartier,OTT,C,43,V3,DZI,D,0.52857,0.49325,0.03532,55,46,350.0,667.0,0,138,113
8477429,Andrew Copp,DET,C,296,V3,DZI,D,0.454,0.41891,0.03509,671,610,6044.0,9570.0,1,1631,1464
8480144,David Kampf,WSH,C,259,V3,DZI,D,0.46829,0.43361,0.03469,585,494,4636.0,7945.0,1,1198,1008
8477934,Leon Draisaitl,EDM,C,297,V3,DZI,D,0.49837,0.46372,0.03466,742,623,8305.0,11755.0,1,1928,1607
8475798,Mikael Granlund,ANA,C,289,V3,DZI,D,0.44995,0.41546,0.03448,622,662,6483.0,11226.0,1,1075,1163
8482740,Wyatt Johnston,DAL,C,328,V3,DZI,D,0.47502,0.44233,0.03268,737,638,6905.0,10899.0,1,1084,1140
8478440,Dylan Strome,WSH,C,325,V3,DZI,D,0.47612,0.44413,0.03199,450,366,4585.0,5638.0,1,1916,1775
8478403,Jack Eichel,VGK,C,282,V3,DZI,D,0.49458,0.46263,0.03195,512,571,6367.0,10944.0,1,1562,1770
8480012,Elias Pettersson,VAN,C,299,V3,DZI,D,0.49244,0.46067,0.03177,605,609,6614.0,9052.0,1,1498,1721
8477919,Frederick Gaudreau,SEA,C,298,V3,DZI,D,0.4735,0.4418,0.0317,667,633,6661.0,9932.0,1,1192,1279
8480068,Ryan Poehling,ANA,C,272,V3,DZI,D,0.4899,0.45861,0.03129,529,528,5199.0,9217.0,1,1191,1151
8483524,Shane Wright,SEA,C,168,V3,DZI,D,0.43243,0.40128,0.03116,221,228,2146.0,3758.0,1,560,762
8478445,Mathew Barzal,NYI,C,249,V3,DZI,D,0.46111,0.43022,0.03089,398,400,4526.0,7610.0,1,353,551
8474641,Adam Henrique,EDM,C,289,V3,DZI,D,0.4886,0.45775,0.03085,648,543,6142.0,7823.0,1,1156,921
8477960,Adrian Kempe,LAK,C,320,V3,DZI,D,0.47328,0.44266,0.03062,763,612,8234.0,10552.0,1,57,106
8478843,Denis Malgin,COL,C,65,V3,DZI,D,0.47299,0.44269,0.0303,92,88,685.0,1204.0,1,4,6
8478462,Nicolas Roy,COL,C,279,V3,DZI,D,0.44693,0.41677,0.03016,592,538,6350.0,9372.0,1,1214,1259
8476905,Chandler Stephenson,SEA,C,313,V3,DZI,D,0.46465,0.43562,0.02902,847,810,9631.0,13429.0,1,1890,1662
8478585,Derek Ryan,EDM,C,186,V3,DZI,D,0.50279,0.47472,0.02807,332,284,2510.0,3718.0,1,465,347
8475170,Brayden Schenn,NYI,C,326,V3,DZI,D,0.43982,0.41267,0.02715,679,746,6564.0,11966.0,1,1526,1545
8481596,Shane Pinto,OTT,C,265,V3,DZI,D,0.49333,0.4662,0.02713,688,607,5319.0,8387.0,1,1338,1268
8482259,Bobby McMann,SEA,C,217,V3,DZI,D,0.43007,0.40304,0.02703,487,370,5620.0,6121.0,1,15,24
8481032,Paul Cotter,NJD,C,289,V3,DZI,D,0.45095,0.42407,0.02687,462,462,5025.0,8765.0,1,135,131
8480880,Jakub Lauko,BOS,C,139,V3,DZI,D,0.44064,0.41452,0.02612,213,231,1811.0,3884.0,1,8,19
8476872,Scott Laughton,LAK,C,303,V3,DZI,D,0.46397,0.43902,0.02495,698,645,5968.0,10168.0,1,1215,1167
8471685,Anze Kopitar,LAK,C,310,V3,DZI,D,0.48541,0.46173,0.02368,773,602,8189.0,10229.0,1,2240,1747
8484230,Otto Stenberg,STL,C,32,V3,DZI,D,0.42023,0.39693,0.02331,54,72,514.0,1106.0,1,4,7
8481019,David Gustafsson,WPG,C,121,V3,DZI,D,0.40613,0.38382,0.02231,186,148,1598.0,2238.0,1,280,251
8480798,Philipp Kurashev,SJS,C,238,V3,DZI,D,0.43535,0.41331,0.02204,445,487,4617.0,8190.0,1,250,295
8477406,Mattias Janmark,EDM,C,260,V3,DZI,D,0.45815,0.43619,0.02195,465,392,4289.0,6896.0,1,148,199
8481577,Philip Tomasino,PIT,C,142,V3,DZI,D,0.48081,0.45946,0.02135,189,190,1589.0,3293.0,1,19,31
8476925,Colton Sissons,VGK,C,301,V3,DZI,D,0.44544,0.42432,0.02113,752,582,6443.0,9335.0,1,1342,1052
8475168,Matt Duchene,DAL,C,290,V3,DZI,D,0.47123,0.45082,0.02041,580,539,6708.0,9842.0,1,976,832
8480980,Connor Dewar,PIT,C,281,V3,DZI,D,0.48343,0.46408,0.01936,479,552,5010.0,9005.0,1,427,507
8478831,Kevin Stenlund,UTA,C,296,V3,DZI,D,0.48205,0.4634,0.01865,769,521,5514.0,6571.0,1,1368,1038
8484153,Leo Carlsson,ANA,C,200,V3,DZI,D,0.45738,0.4398,0.01758,284,393,3050.0,6653.0,1,774,1101
8479991,Jake Leschyshyn,NYR,C,36,V3,DZI,D,0.44643,0.42915,0.01728,34,42,224.0,494.0,0,110,113
8470794,Joe Pavelski,DAL,C,164,V3,DZI,D,0.44431,0.42722,0.01709,386,310,3223.0,4644.0,1,586,536
8479992,Michael Rasmussen,DET,C,272,V3,DZI,D,0.4416,0.42583,0.01577,547,546,4221.0,8649.0,1,412,449
8481491,Noah Philp,CAR,C,32,V3,DZI,D,0.53571,0.52007,0.01564,44,38,476.0,548.0,0,102,102
8482726,Samuel Helenius,LAK,C,102,V3,DZI,D,0.53293,0.51763,0.0153,83,103,835.0,1673.0,1,242,281
8482660,Kent Johnson,CBJ,C,265,V3,DZI,D,0.45196,0.43688,0.01508,400,424,4538.0,7098.0,1,43,108
8482460,Matt Rempe,NYR,C,85,V3,DZI,D,0.44085,0.42699,0.01385,104,73,896.0,815.0,1,8,18
8482768,Fedor Svechkov,NSH,C,121,V3,DZI,D,0.39879,0.3854,0.0134,117,158,1161.0,2561.0,1,339,502
8479415,Michael McLeod,NJD,C,125,V3,DZI,D,0.43711,0.42387,0.01324,394,230,3061.0,3862.0,1,796,471
8480855,Jack McBain,UTA,C,306,V3,DZI,D,0.43582,0.42274,0.01308,562,563,4573.0,8064.0,1,1076,1134
8484227,Will Smith,SJS,C,143,V3,DZI,D,0.43571,0.42287,0.01284,250,267,2823.0,4460.0,1,65,129
8471675,Sidney Crosby,PIT,C,312,V3,DZI,D,0.46042,0.44793,0.01249,711,603,6127.0,9151.0,1,2895,2367
8476461,Sean Couturier,PHI,C,231,V3,DZI,D,0.47965,0.46754,0.01211,582,478,5208.0,7886.0,1,1498,1244
8484144,Connor Bedard,CHI,C,219,V3,DZI,D,0.41285,0.40082,0.01202,390,503,4670.0,9226.0,1,691,995
8480028,Morgan Frost,CGY,C,314,V3,DZI,D,0.50342,0.49332,0.0101,422,431,3943.0,7409.0,1,1557,1550
8475343,Nic Dowd,VGK,C,286,V3,DZI,D,0.47979,0.47077,0.00902,875,835,8314.0,13856.0,1,1501,1385
8475172,Nazem Kadri,COL,C,323,V3,DZI,D,0.44749,0.43858,0.00891,533,613,4523.0,9280.0,1,1871,2128
8478401,Pavel Zacha,BOS,C,320,V3,DZI,D,0.45168,0.44337,0.0083,632,539,6146.0,9245.0,1,1177,1050
8470604,Jeff Carter,PIT,C,151,V3,DZI,D,0.44745,0.44017,0.00728,499,324,3330.0,4362.0,1,584,366
8478449,Roope Hintz,DAL,C,282,V3,DZI,D,0.43517,0.42841,0.00676,655,551,5561.0,8025.0,1,1175,949
8480849,Barrett Hayton,UTA,C,264,V3,DZI,D,0.43258,0.42626,0.00631,569,555,4598.0,7927.0,1,1356,1283
8478133,Jake Evans,MTL,C,286,V3,DZI,D,0.46076,0.45507,0.00569,752,575,6919.0,9258.0,1,1430,1183
8480802,Ryan McLeod,BUF,C,298,V3,DZI,D,0.50268,0.49709,0.00559,567,555,5602.0,9439.0,1,1418,1376
8476539,Jonathan Marchessault,NSH,C,298,V3,DZI,D,0.44307,0.43829,0.00478,557,553,6042.0,9099.0,1,56,119
8477508,Curtis Lazar,EDM,C,212,V3,DZI,D,0.44365,0.43901,0.00463,433,312,3336.0,4501.0,1,588,516
8478967,Lane Pederson,PHI,C,32,V3,DZI,D,0.48401,0.47978,0.00423,48,50,469.0,915.0,0,82,77
8480011,Klim Kostin,SJS,C,144,V3,DZI,D,0.39764,0.39378,0.00386,201,230,1778.0,3248.0,1,13,22
8479291,Kevin Rooney,UTA,C,121,V3,DZI,D,0.4564,0.45299,0.00341,143,154,929.0,2457.0,1,282,325
8484221,Calum Ritchie,NYI,C,72,V3,DZI,D,0.48557,0.48274,0.00283,73,92,589.0,1477.0,1,110,194
8478057,Dakota Joshua,TOR,C,254,V3,DZI,D,0.40794,0.40572,0.00223,507,465,4280.0,6963.0,1,76,77
8483447,Conor Geekie,TBL,C,66,V3,DZI,D,0.4929,0.49231,0.00059,105,100,1268.0,1690.0,1,99,133
8484142,Denver Barkey,PHI,C,43,V3,DZI,D,0.4761,0.4756,0.0005,68,71,502.0,1209.0,1,6,9
8482103,Ozzy Wiesblatt,NSH,C,44,V3,DZI,D,0.5095,0.51024,-0.00074,96,77,842.0,1025.0,1,1,4
8476822,Luke Glendening,PHI,C,298,V3,DZI,D,0.45518,0.45605,-0.00087,711,484,4697.0,6041.0,1,1326,962
8484164,Dalibor Dvorsky,STL,C,72,V3,DZI,D,0.34053,0.34141,-0.00089,88,118,834.0,1939.0,1,296,343
8481028,Martin Pospisil,CGY,C,166,V3,DZI,D,0.42276,0.42377,-0.00101,240,278,1722.0,3988.0,1,108,146
8476278,Colin Blackwell,DAL,C,230,V3,DZI,D,0.44663,0.44773,-0.0011,379,369,3204.0,6189.0,1,225,232
8483553,Marc Gatcomb,NYI,C,88,V3,DZI,D,0.49725,0.49864,-0.00139,107,96,1092.0,1470.0,1,6,10
8471276,David Krejci,BOS,C,70,V3,DZI,D,0.47666,0.4793,-0.00264,110,113,814.0,2005.0,1,293,336
8475752,Tyler Pitlick,MIN,C,127,V3,DZI,D,0.42975,0.43283,-0.00308,143,178,1459.0,3089.0,1,5,18
8477380,Jonny Brodzinski,NYR,C,180,V3,DZI,D,0.44817,0.45168,-0.00351,293,260,2682.0,3932.0,1,307,303
8475413,Justin Dowling,NYR,C,56,V3,DZI,D,0.42762,0.43357,-0.00595,57,62,601.0,971.0,1,157,171
8482074,Connor Zary,CGY,C,191,V3,DZI,D,0.4687,0.47498,-0.00628,282,317,2492.0,5135.0,1,191,254
8476389,Vincent Trocheck,NYR,C,313,V3,DZI,D,0.44104,0.44745,-0.00641,778,558,7505.0,8182.0,1,2108,1575
8481477,Nico Sturm,MIN,C,249,V3,DZI,D,0.43542,0.44241,-0.00699,570,469,3631.0,6720.0,1,1163,824
8477952,Robby Fabbri,MIN,C,161,V3,DZI,D,0.37809,0.3859,-0.00781,283,321,3322.0,5999.0,1,84,104
8479996,Cody Glass,NJD,C,248,V3,DZI,D,0.45644,0.46473,-0.00829,459,409,4522.0,6662.0,1,1037,959
8477505,Alexander Wennberg,SJS,C,319,V3,DZI,D,0.43224,0.44282,-0.01059,735,740,6899.0,12610.0,1,1638,1780
8479999,Casey Mittelstadt,BOS,C,314,V3,DZI,D,0.4402,0.45092,-0.01072,616,629,6304.0,10727.0,1,1127,1341
8478010,Brayden Point,TBL,C,303,V3,DZI,D,0.42534,0.43729,-0.01195,527,557,6108.0,8635.0,1,1157,1291
8481704,Juuso Parssinen,NYR,C,157,V3,DZI,D,0.4328,0.44552,-0.01272,235,227,1927.0,3625.0,1,323,375
8481618,Alex Newhook,MTL,C,261,V3,DZI,D,0.36964,0.38243,-0.01278,417,413,4131.0,7102.0,1,684,884
8476624,Barclay Goodrow,SJS,C,321,V3,DZI,D,0.41663,0.43036,-0.01373,678,626,6435.0,9341.0,1,599,574
8482737,Zachary Bolduc,MTL,C,175,V3,DZI,D,0.47133,0.48514,-0.01381,266,239,3017.0,3937.0,1,21,25
8477450,Jason Dickinson,EDM,C,283,V3,DZI,D,0.43906,0.45362,-0.01456,737,663,6236.0,10328.0,1,1456,1426
8476889,Radek Faksa,DAL,C,283,V3,DZI,D,0.48163,0.49664,-0.015,560,472,4356.0,7138.0,1,1000,772
8483489,Fraser Minten,BOS,C,107,V3,DZI,D,0.41672,0.43241,-0.0157,157,160,1687.0,2530.0,1,445,459
8482133,Thomas Bordeleau,SJS,C,36,V3,DZI,D,0.36652,0.38384,-0.01732,84,75,663.0,990.0,1,40,35
8482149,Cole Perfetti,WPG,C,271,V3,DZI,D,0.43954,0.45785,-0.0183,353,326,3424.0,5978.0,1,50,104
8480845,Rasmus Kupari,WPG,C,153,V3,DZI,D,0.43202,0.45167,-0.01965,214,183,1699.0,2876.0,1,487,441
8483432,Luca Del Bel Belluz,CBJ,C,30,V3,DZI,D,0.34759,0.36854,-0.02095,36,60,374.0,871.0,0,89,124
8482496,Nils Aman,VAN,C,132,V3,DZI,D,0.3295,0.35218,-0.02268,161,182,1217.0,2388.0,1,264,393
8481532,Alex Turcotte,LAK,C,154,V3,DZI,D,0.45451,0.47811,-0.0236,235,195,2462.0,2924.0,1,320,306
8484166,Adam Fantilli,CBJ,C,213,V3,DZI,D,0.39301,0.41684,-0.02383,304,349,3290.0,6674.0,1,986,1188
8476432,Boone Jenner,CBJ,C,219,V3,DZI,D,0.44938,0.47381,-0.02443,582,481,7152.0,8936.0,1,1164,1005
8475225,Craig Smith,DET,C,198,V3,DZI,D,0.46838,0.49298,-0.0246,284,300,2372.0,4418.0,1,8,21
8482947,Zakhar Bardakov,COL,C,59,V3,DZI,D,0.38429,0.4097,-0.02541,48,61,471.0,969.0,0,72,97
8479514,Rem Pitlick,CHI,C,55,V3,DZI,D,0.36016,0.38773,-0.02757,70,82,758.0,1434.0,1,26,37
8481559,Jack Hughes,NJD,C,263,V3,DZI,D,0.4328,0.46132,-0.02853,301,382,3720.0,7123.0,1,607,1069
8483468,Jiri Kulich,BUF,C,75,V3,DZI,D,0.44406,0.47264,-0.02858,144,161,1439.0,2613.0,1,292,348
8483573,Ethen Frank,WSH,C,86,V3,DZI,D,0.52266,0.55226,-0.0296,142,138,1324.0,2593.0,1,1,6
8479968,Vinni Lettieri,BOS,C,73,V3,DZI,D,0.42361,0.45378,-0.03017,107,118,1296.0,1547.0,1,46,48
8476913,Devin Shore,MIN,C,123,V3,DZI,D,0.43741,0.46895,-0.03154,141,151,1422.0,2158.0,1,155,155
8481068,Yegor Sharangovich,CGY,C,307,V3,DZI,D,0.45715,0.48912,-0.03197,488,502,4644.0,8366.0,1,270,403
8476897,Oskar Sundqvist,STL,C,257,V3,DZI,D,0.42737,0.46135,-0.03399,426,514,3435.0,7491.0,1,589,762
8479318,Auston Matthews,TOR,C,282,V3,DZI,D,0.4695,0.50683,-0.03733,612,506,6262.0,9076.0,1,2112,1690
8482090,Jack Finley,STL,C,44,V3,DZI,D,0.40816,0.44639,-0.03823,80,84,490.0,1026.0,1,166,166
8477996,Juho Lammikko,NJD,C,24,V3,DZI,D,0.42056,0.47358,-0.05302,24,32,214.0,511.0,0,53,54
8473604,Jonathan Toews,WPG,C,134,V3,DZI,D,0.37786,0.43589,-0.05803,290,183,2141.0,2480.0,1,888,544
8477993,Justin Kirkland,CGY,C,50,V3,DZI,D,0.44634,0.51566,-0.06932,81,71,587.0,1022.0,1,113,117
8479772,Zack MacEwen,NJD,C,110,V3,DZI,D,0.37037,0.44056,-0.07019,113,126,810.0,1859.0,1,40,34
8483690,Noah Laba,NYR,C,74,V3,DZI,D,0.3884,0.46462,-0.07622,113,125,569.0,1922.0,1,295,284
8474009,Nick Bonino,NYR,C,107,V3,DZI,D,0.47826,0.5553,-0.07704,239,217,1541.0,2622.0,1,312,310
8484801,Macklin Celebrini,SJS,C,152,V3,DZI,D,0.37516,0.45224,-0.07707,314,329,3801.0,6061.0,1,928,1036
8479994,Jaret Anderson-Dolan,WPG,C,84,V3,DZI,D,0.4645,0.542,-0.0775,84,107,986.0,1738.0,1,40,41
8484197,Oliver Moore,CHI,C,60,V3,DZI,D,0.33531,0.4193,-0.08399,83,88,674.0,1264.0,1,98,102
8481726,Adam Edstrom,NYR,C,97,V3,DZI,D,0.417,0.5023,-0.0853,199,160,1518.0,2174.0,1,7,17
8474040,Sam Gagner,EDM,C,76,V3,DZI,D,0.40273,0.4926,-0.08987,88,95,807.0,1689.0,1,22,24
8479972,Mason Shaw,MIN,C,79,V3,DZI,D,0.38225,0.4796,-0.09735,88,112,879.0,1691.0,1,19,12
8484829,Justin Hryckowian,DAL,C,86,V3,DZI,D,0.47451,0.57302,-0.0985,128,119,1079.0,1979.0,1,167,121
8476960,Andreas Athanasiou,CHI,C,117,V3,DZI,D,0.37574,0.47461,-0.09887,219,211,2366.0,3919.0,1,161,189
8479366,Logan Brown,STL,C,30,V3,DZI,D,0.35088,0.45095,-0.10007,11,30,57.0,581.0,0,55,99
8477401,John Hayden,SEA,C,32,V3,DZI,D,0.47368,0.57764,-0.10396,28,25,304.0,322.0,0,36,37
8476952,Dominic Toninato,CHI,C,33,V3,DZI,D,0.34049,0.44993,-0.10943,39,35,326.0,669.0,0,82,81
8474683,Derek Grant,ANA,C,46,V3,DZI,D,0.34709,0.47519,-0.1281,146,142,1187.0,1955.0,1,172,131
8478477,Mitchell Stephens,SEA,C,51,V3,DZI,D,0.39592,0.53442,-0.1385,58,41,245.0,552.0,0,145,111
8484160,Nate Danielson,DET,C,28,V3,DZI,D,0.39487,0.53521,-0.14034,33,40,390.0,568.0,0,53,86
8475278,Byron Froese,VGK,C,25,V3,DZI,D,0.35402,0.49538,-0.14136,34,32,435.0,541.0,0,88,60
8477460,Laurent Dauphin,UTA,C,21,V3,DZI,D,0.44565,0.5957,-0.15005,26,29,184.0,465.0,0,81,71
8475958,Michael Sgarbossa,WSH,C,28,V3,DZI,D,0.36667,0.52083,-0.15417,34,46,300.0,1104.0,0,63,77
8482775,Oliver Kapanen,MTL,C,100,V3,DZI,D,0.3331,0.4959,-0.1628,116,141,1444.0,2319.0,1,272,329
8473544,Derick Brassard,OTT,C,62,V3,DZI,D,0.39957,0.5668,-0.16723,123,93,921.0,1018.0,1,113,116
8479580,Dylan Gambrell,OTT,C,60,V3,DZI,D,0.2756,0.46577,-0.19017,69,81,664.0,964.0,1,123,141
8484509,Josh Samanski,EDM,C,23,V3,DZI,D,0.39231,0.58974,-0.19744,27,28,260.0,429.0,0,53,55
8476310,Lukas Sedlak,PHI,C,30,V3,DZI,D,0.23502,0.46667,-0.23164,39,41,217.0,570.0,0,77,82
8480876,Curtis Douglas,VAN,C,42,V3,DZI,D,0.24658,0.48093,-0.23435,20,33,73.0,603.0,0,6,7
8478465,Guillaume Brisebois,VAN,D,20,V3,DZI,D,0.56986,0.24377,0.32609,48,52,365.0,562.0,0,0,0
8482641,Matt Kiersted,MIN,D,28,V3,DZI,D,0.5625,0.25986,0.30264,33,40,208.0,558.0,0,0,0
8479348,Kale Clague,BUF,D,36,V3,DZI,D,0.47658,0.19101,0.28557,50,65,491.0,801.0,1,0,0
8479388,Riley Stillman,EDM,D,59,V3,DZI,D,0.46875,0.19752,0.27123,123,87,992.0,1453.0,1,0,0
8479395,Dennis Cholowski,NJD,D,58,V3,DZI,D,0.64164,0.39122,0.25042,80,68,706.0,1048.0,1,0,0
8479578,Casey Fitzgerald,FLA,D,27,V3,DZI,D,0.5,0.26006,0.23994,23,34,194.0,323.0,0,0,0
8484223,Axel Sandin-Pellikka,DET,D,68,V3,DZI,D,0.55317,0.31512,0.23806,137,131,1213.0,2031.0,1,0,0
8471686,Marc Staal,PHI,D,117,V3,DZI,D,0.57611,0.35994,0.21618,282,252,2043.0,3784.0,1,0,0
8482178,Ian Moore,ANA,D,69,V3,DZI,D,0.53183,0.31745,0.21437,130,139,1194.0,2120.0,1,0,1
8480828,Michael Callahan,BOS,D,22,V3,DZI,D,0.45714,0.26887,0.18827,47,44,385.0,755.0,0,0,0
8477932,Aaron Ekblad,FLA,D,250,V3,DZI,D,0.5244,0.3492,0.1752,658,640,6270.0,9768.0,1,0,0
8481708,Zac Jones,NYR,D,93,V3,DZI,D,0.46431,0.29493,0.16938,129,130,1555.0,1875.0,1,0,0
8478415,Jakub Zboril,BOS,D,22,V3,DZI,D,0.56364,0.39595,0.16768,33,27,385.0,346.0,0,0,0
8482126,Emil Andrae,PHI,D,107,V3,DZI,D,0.54248,0.38285,0.15963,180,170,1436.0,2484.0,1,2,1
8482511,Mason Lohrei,BOS,D,191,V3,DZI,D,0.53886,0.37962,0.15924,383,340,3667.0,5495.0,1,0,0
8481006,Tyler Tucker,STL,D,158,V3,DZI,D,0.48044,0.32585,0.15458,248,232,2198.0,3342.0,1,0,0
8479387,Keaton Middleton,COL,D,44,V3,DZI,D,0.60345,0.45099,0.15245,61,56,638.0,1459.0,1,0,0
8474031,Kevin Shattenkirk,BOS,D,136,V3,DZI,D,0.49509,0.34356,0.15153,281,312,2854.0,4855.0,1,0,0
8479984,Cal Foote,NJD,D,54,V3,DZI,D,0.59364,0.44311,0.15052,106,89,1383.0,1670.0,1,0,0
8478055,Gustav Forsling,FLA,D,321,V3,DZI,D,0.51089,0.3639,0.14699,862,841,8264.0,13292.0,1,0,0
8481600,Tobias Bjornfot,FLA,D,47,V3,DZI,D,0.51653,0.3708,0.14572,65,81,484.0,1281.0,1,0,0
8483425,Lian Bichsel,DAL,D,88,V3,DZI,D,0.55919,0.41639,0.1428,170,175,1377.0,2709.0,1,0,0
8483495,Simon Nemec,NJD,D,155,V3,DZI,D,0.52527,0.3917,0.13357,310,311,3739.0,5665.0,1,0,0
8481219,Jonathan Aspirot,BOS,D,61,V3,DZI,D,0.45438,0.32246,0.13192,166,141,1633.0,2329.0,1,0,0
8476854,Hampus Lindholm,BOS,D,237,V3,DZI,D,0.50751,0.37634,0.13116,771,610,6126.0,9114.0,1,0,0
8479639,Dylan Coghlan,VGK,D,27,V3,DZI,D,0.61278,0.48556,0.12722,34,38,266.0,381.0,0,0,0
8478854,Ryan Shea,PIT,D,150,V3,DZI,D,0.45327,0.32693,0.12634,307,311,3146.0,5518.0,1,0,0
8476525,Colin Miller,WPG,D,202,V3,DZI,D,0.49386,0.36949,0.12437,389,335,3746.0,5034.0,1,0,0
8484783,Artyom Levshunov,CHI,D,86,V3,DZI,D,0.5,0.37608,0.12392,134,177,1256.0,2776.0,1,0,0
8480887,Jordan Harris,BOS,D,162,V3,DZI,D,0.49957,0.37591,0.12366,317,305,3493.0,5919.0,1,0,0
8478841,Colton White,NJD,D,69,V3,DZI,D,0.48506,0.36215,0.12291,130,134,1138.0,1770.0,1,0,0
8480426,Charle-Edouard D'Astous,TBL,D,70,V3,DZI,D,0.46672,0.34392,0.12281,135,159,1172.0,2268.0,1,0,0
8479442,Troy Stecher,TOR,D,265,V3,DZI,D,0.49393,0.37246,0.12146,529,558,4857.0,8962.0,1,0,0
8480069,Cale Makar,COL,D,291,V3,DZI,D,0.5318,0.4106,0.12121,700,716,7719.0,11286.0,1,0,0
8477488,Brett Pesce,NJD,D,261,V3,DZI,D,0.49341,0.37511,0.11831,699,640,6909.0,10509.0,1,0,0
8481072,Tim Berni,CBJ,D,59,V3,DZI,D,0.55014,0.43186,0.11828,141,169,1047.0,2172.0,1,0,0
8480222,Sebastian Aho,NYI,D,129,V3,DZI,D,0.41166,0.29354,0.11812,197,172,1749.0,2756.0,1,0,0
8480831,Alec Regula,EDM,D,33,V3,DZI,D,0.5501,0.4332,0.1169,58,43,489.0,741.0,0,0,0
8477541,Dakota Mermis,TOR,D,64,V3,DZI,D,0.4692,0.35287,0.11634,87,87,763.0,1553.0,1,0,0
8482142,Jamie Drysdale,PHI,D,190,V3,DZI,D,0.51033,0.39406,0.11627,427,380,3874.0,5890.0,1,0,0
8483506,Sam Rinzel,CHI,D,63,V3,DZI,D,0.41413,0.29839,0.11574,116,131,1444.0,2175.0,1,0,0
8476422,Mike Reilly,CAR,D,131,V3,DZI,D,0.43182,0.31615,0.11567,212,184,1628.0,2812.0,1,0,0
8475455,Brenden Dillon,NJD,D,323,V3,DZI,D,0.49897,0.38406,0.11491,721,713,7313.0,11295.0,1,0,0
8478416,Erik Cernak,TBL,D,276,V3,DZI,D,0.51653,0.40236,0.11417,811,701,6714.0,9499.0,1,0,0
8480800,Quinn Hughes,MIN,D,302,V3,DZI,D,0.4918,0.37892,0.11288,749,744,8904.0,13929.0,1,0,0
8479369,Andrew Peeke,BOS,D,271,V3,DZI,D,0.509,0.39622,0.11278,770,722,7002.0,11688.0,1,0,0
8475218,Mattias Ekholm,EDM,D,303,V3,DZI,D,0.51244,0.39989,0.11256,754,614,7554.0,10648.0,1,0,0
8474151,Ryan McDonagh,TBL,D,275,V3,DZI,D,0.52449,0.41392,0.11057,789,757,7188.0,11942.0,1,0,0
8482087,Kaiden Guhle,MTL,D,208,V3,DZI,D,0.47547,0.36947,0.106,643,575,6055.0,10312.0,1,0,0
8474574,Tyler Myers,DAL,D,299,V3,DZI,D,0.51348,0.40956,0.10392,801,812,7194.0,13495.0,1,0,0
8479425,Filip Hronek,VAN,D,287,V3,DZI,D,0.45291,0.34956,0.10335,811,733,8940.0,11998.0,1,0,0
8482144,Jack Thompson,SJS,D,34,V3,DZI,D,0.50577,0.40278,0.10299,50,66,607.0,1224.0,1,0,0
8482671,Owen Power,BUF,D,315,V3,DZI,D,0.51368,0.41176,0.10193,752,886,7382.0,14851.0,1,0,0
8480035,Henri Jokiharju,BOS,D,235,V3,DZI,D,0.50552,0.40365,0.10187,612,663,5711.0,10519.0,1,0,0
8474602,Justin Schultz,SEA,D,143,V3,DZI,D,0.54375,0.44216,0.10159,245,269,2023.0,3596.0,1,0,0
8480070,Ian Mitchell,BOS,D,63,V3,DZI,D,0.43578,0.33469,0.10109,102,109,872.0,1476.0,1,0,0
8484240,Tom Willander,VAN,D,69,V3,DZI,D,0.50768,0.40696,0.10072,132,146,1172.0,2327.0,1,0,0
8478970,Jalen Chatfield,CAR,D,301,V3,DZI,D,0.50826,0.40807,0.10019,634,590,4964.0,7658.0,1,0,0
8480884,Calen Addison,SJS,D,134,V3,DZI,D,0.47705,0.37687,0.10018,204,268,1438.0,3675.0,1,0,0
8482100,Alexander Nikishin,CAR,D,81,V3,DZI,D,0.54676,0.44737,0.09939,129,141,1112.0,1976.0,1,0,0
8478443,Brandon Carlo,TOR,D,289,V3,DZI,D,0.49919,0.40012,0.09907,890,770,8017.0,11784.0,1,0,0
8482470,Ilya Solovyov,PIT,D,45,V3,DZI,D,0.52692,0.4281,0.09881,78,76,613.0,1224.0,1,0,0
8478407,Vince Dunn,SEA,D,282,V3,DZI,D,0.48633,0.38753,0.0988,756,720,8227.0,11625.0,1,0,0
8476331,Dylan DeMelo,WPG,D,320,V3,DZI,D,0.4856,0.38691,0.09869,828,799,7710.0,11964.0,1,0,0
8480196,Jacob Bryson,WPG,D,193,V3,DZI,D,0.46697,0.36947,0.0975,320,335,3527.0,4455.0,1,0,0
8474013,Ian Cole,UTA,D,319,V3,DZI,D,0.53518,0.43831,0.09686,774,696,6439.0,10707.0,1,0,0
8474578,Erik Karlsson,PIT,D,321,V3,DZI,D,0.51423,0.41925,0.09498,899,831,9239.0,13944.0,1,0,1
8476457,Adam Larsson,SEA,D,326,V3,DZI,D,0.48132,0.38832,0.09301,882,851,10012.0,14138.0,1,0,0
8481609,Vladislav Kolyachonok,BOS,D,55,V3,DZI,D,0.51872,0.42733,0.09139,78,86,748.0,1266.0,1,0,0
8476792,Torey Krug,STL,D,140,V3,DZI,D,0.45144,0.36039,0.09105,301,308,3017.0,4115.0,1,0,0
8477504,Josh Morrissey,WPG,D,315,V3,DZI,D,0.48841,0.39861,0.08981,816,808,7725.0,12777.0,1,0,0
8480145,Neal Pionk,WPG,D,284,V3,DZI,D,0.4881,0.3985,0.0896,762,721,7142.0,11576.0,1,0,0
8481014,Alexander Romanov,NYI,D,236,V3,DZI,D,0.50286,0.41342,0.08943,644,614,6654.0,9893.0,1,0,0
8480807,Mattias Samuelsson,BUF,D,236,V3,DZI,D,0.49129,0.40337,0.08793,672,724,6318.0,11466.0,1,0,0
8471724,Kris Letang,PIT,D,294,V3,DZI,D,0.51326,0.42563,0.08762,893,719,9354.0,12062.0,1,0,0
8481719,Maxwell Crozier,TBL,D,53,V3,DZI,D,0.55892,0.47385,0.08506,82,97,1256.0,1549.0,1,0,0
8474612,Travis Hamonic,DET,D,208,V3,DZI,D,0.48711,0.40289,0.08422,519,450,3841.0,6637.0,1,0,0
8479398,Samuel Girard,PIT,D,268,V3,DZI,D,0.52328,0.43921,0.08407,676,741,7044.0,11450.0,1,0,0
8478038,Devon Toews,COL,D,305,V3,DZI,D,0.51949,0.43551,0.08397,818,832,7698.0,12514.0,1,0,0
8482803,Olen Zellweger,ANA,D,164,V3,DZI,D,0.45255,0.36861,0.08393,303,348,3730.0,5754.0,1,0,0
8480879,Jacob Bernard-Docker,DET,D,194,V3,DZI,D,0.541,0.45866,0.08233,396,389,3671.0,5782.0,1,0,0
8474027,Justin Braun,PHI,D,51,V3,DZI,D,0.53721,0.4555,0.08172,93,112,739.0,1337.0,1,0,0
8477969,Marcus Pettersson,VAN,D,309,V3,DZI,D,0.51088,0.42929,0.08158,1015,919,9654.0,15607.0,1,0,0
8477851,Jordan Oesterle,NSH,D,112,V3,DZI,D,0.52136,0.44004,0.08132,220,189,2060.0,2902.0,1,0,0
8475208,Brian Dumoulin,LAK,D,323,V3,DZI,D,0.51477,0.4337,0.08107,769,761,7615.0,11863.0,1,0,0
8482684,Luke Hughes,NJD,D,223,V3,DZI,D,0.46059,0.37961,0.08098,568,513,6648.0,9428.0,1,0,0
8481167,Brayden Pachal,CGY,D,174,V3,DZI,D,0.45921,0.37882,0.0804,256,250,2084.0,3569.0,1,0,0
8478452,Caleb Jones,PIT,D,111,V3,DZI,D,0.46217,0.38219,0.07997,208,236,2207.0,4066.0,1,0,0
8476885,Jacob Trouba,ANA,D,308,V3,DZI,D,0.49042,0.41112,0.0793,917,837,9502.0,12804.0,1,0,0
8476869,Brady Skjei,NSH,D,324,V3,DZI,D,0.48052,0.40175,0.07876,903,833,8058.0,12428.0,1,0,0
8481598,Philip Broberg,STL,D,206,V3,DZI,D,0.51519,0.43714,0.07805,496,550,4377.0,9418.0,1,0,0
8482165,Yan Kuznetsov,CGY,D,58,V3,DZI,D,0.53098,0.45294,0.07804,130,143,1162.0,2210.0,1,0,0
8478396,Noah Hanifin,VGK,D,313,V3,DZI,D,0.51503,0.437,0.07803,824,824,7318.0,12325.0,1,0,0
8480157,Calle Rosen,STL,D,55,V3,DZI,D,0.52308,0.44511,0.07797,91,81,585.0,1166.0,1,0,0
8476779,Brad Hunt,COL,D,47,V3,DZI,D,0.44246,0.36512,0.07734,60,50,504.0,860.0,1,0,0
8476988,Matt Benning,TOR,D,99,V3,DZI,D,0.44379,0.36658,0.07721,307,275,2366.0,3710.0,1,0,0
8474563,Drew Doughty,LAK,D,264,V3,DZI,D,0.4865,0.41016,0.07634,758,699,10037.0,13073.0,1,0,0
8476958,Jaccob Slavin,CAR,D,276,V3,DZI,D,0.48388,0.4076,0.07628,756,650,7070.0,9502.0,1,0,0
8479421,Jacob Moverare,LAK,D,90,V3,DZI,D,0.54192,0.46703,0.07489,129,119,1312.0,1850.0,1,0,0
8481537,Nikita Okhotiuk,CGY,D,62,V3,DZI,D,0.39784,0.32308,0.07476,140,146,1018.0,2535.0,1,0,0
8480839,Rasmus Dahlin,BUF,D,309,V3,DZI,D,0.50827,0.43387,0.07441,875,926,8399.0,14456.0,1,0,0
8482131,Donovan Sebrango,FLA,D,44,V3,DZI,D,0.50676,0.4325,0.07425,66,70,740.0,1126.0,1,0,0
8483503,Owen Pickering,PIT,D,29,V3,DZI,D,0.55065,0.47673,0.07392,55,58,385.0,623.0,1,0,0
8482192,Isaak Phillips,WPG,D,55,V3,DZI,D,0.44275,0.36888,0.07387,90,129,1118.0,2166.0,1,0,0
8480950,Ilya Lyubushkin,DAL,D,275,V3,DZI,D,0.47376,0.40045,0.07332,619,615,6003.0,9412.0,1,0,0
8483619,Filip Roos,CHI,D,21,V3,DZI,D,0.54044,0.46748,0.07296,37,35,272.0,492.0,0,0,0
8479998,Mikey Anderson,LAK,D,307,V3,DZI,D,0.467,0.39531,0.07169,885,800,11347.0,14361.0,1,0,0
8481743,Marc Del Gaizo,NSH,D,55,V3,DZI,D,0.51619,0.44568,0.07051,119,107,1019.0,1887.0,1,0,0
8476429,Scott Mayfield,NYI,D,269,V3,DZI,D,0.4704,0.40032,0.07008,625,549,6082.0,8016.0,1,0,0
8481568,Alex Vlasic,CHI,D,245,V3,DZI,D,0.43457,0.36624,0.06833,739,828,7435.0,13199.0,1,0,0
8481567,Henry Thrun,TOR,D,124,V3,DZI,D,0.45435,0.38613,0.06821,307,360,3242.0,5366.0,1,0,0
8479980,Nicolas Hague,NSH,D,285,V3,DZI,D,0.46674,0.399,0.06775,722,651,7908.0,11356.0,1,0,0
8477986,Brandon Montour,SEA,D,290,V3,DZI,D,0.48565,0.42113,0.06452,800,778,9513.0,13763.0,1,0,0
8478468,Jeremy Lauzon,VGK,D,242,V3,DZI,D,0.47655,0.41223,0.06433,612,536,5374.0,8653.0,1,0,0
8479402,Jake Bean,CGY,D,166,V3,DZI,D,0.46958,0.4058,0.06378,286,316,2630.0,5244.0,1,0,0
8478451,Ethan Bear,WSH,D,85,V3,DZI,D,0.41601,0.35243,0.06358,202,164,1387.0,2182.0,1,0,0
8482858,Ryker Evans,SEA,D,175,V3,DZI,D,0.48779,0.42453,0.06326,339,333,4422.0,6718.0,1,0,0
8479371,Dante Fabbro,CBJ,D,277,V3,DZI,D,0.48192,0.41868,0.06324,665,617,7273.0,12561.0,1,0,0
8484806,Sam Dickinson,SJS,D,71,V3,DZI,D,0.5,0.43763,0.06237,164,149,1590.0,2822.0,1,0,0
8478851,Alexandre Carrier,MTL,D,268,V3,DZI,D,0.49767,0.4354,0.06227,813,694,6641.0,10487.0,1,0,0
8475762,Derek Forbort,VAN,D,145,V3,DZI,D,0.49411,0.43242,0.06169,365,324,2461.0,4602.0,1,0,0
8481122,Simon Benoit,TOR,D,293,V3,DZI,D,0.46202,0.40047,0.06156,706,698,6517.0,10288.0,1,0,0
8475857,Kevin Gravel,NSH,D,29,V3,DZI,D,0.35201,0.29079,0.06122,49,49,571.0,956.0,0,0,0
8475753,Justin Faulk,DET,D,298,V3,DZI,D,0.4638,0.40412,0.05969,745,813,7570.0,13704.0,1,0,0
8482730,Brandt Clarke,LAK,D,184,V3,DZI,D,0.48728,0.4282,0.05908,339,340,3694.0,5710.0,1,0,0
8476892,Colton Parayko,STL,D,301,V3,DZI,D,0.48608,0.42711,0.05897,999,1079,10198.0,17478.0,1,0,0
8479345,Jakob Chychrun,WSH,D,284,V3,DZI,D,0.50901,0.45041,0.0586,689,665,7440.0,12058.0,1,0,0
8479982,Conor Timmins,BUF,D,159,V3,DZI,D,0.45912,0.40089,0.05824,298,303,2642.0,4737.0,1,0,0
8483565,Nick Blankenburg,COL,D,168,V3,DZI,D,0.44048,0.38258,0.0579,385,370,3192.0,5212.0,1,0,0
8477506,Ryan Pulock,NYI,D,290,V3,DZI,D,0.48125,0.42398,0.05727,940,831,7680.0,12043.0,1,0,0
8482105,Jake Sanderson,OTT,D,303,V3,DZI,D,0.51351,0.45706,0.05645,944,774,7178.0,11587.0,1,0,0
8482094,Daemon Hunt,MIN,D,45,V3,DZI,D,0.41386,0.35856,0.0553,57,78,505.0,1361.0,1,0,0
8481178,Egor Zamula,CBJ,D,176,V3,DZI,D,0.5204,0.46604,0.05436,297,275,3088.0,4609.0,1,0,0
8477950,Tony DeAngelo,NYI,D,212,V3,DZI,D,0.48811,0.4338,0.05431,441,478,5255.0,7787.0,1,0,0
8475167,Victor Hedman,TBL,D,266,V3,DZI,D,0.47652,0.4227,0.05382,599,578,6197.0,9172.0,1,0,0
8475750,Jon Merrill,MIN,D,208,V3,DZI,D,0.47671,0.42301,0.05369,299,354,2855.0,6144.0,1,0,0
8480727,Zach Whitecloud,CGY,D,272,V3,DZI,D,0.47187,0.41839,0.05348,616,618,7038.0,10973.0,1,0,0
8474628,Michael Stone,CGY,D,48,V3,DZI,D,0.37528,0.32231,0.05297,64,69,445.0,605.0,1,0,0
8480834,Ty Emberson,EDM,D,177,V3,DZI,D,0.49023,0.43757,0.05266,393,337,3274.0,5542.0,1,0,0
8480817,K'Andre Miller,CAR,D,305,V3,DZI,D,0.50812,0.45547,0.05265,908,745,9665.0,11195.0,1,0,0
8475188,Brayden McNabb,VGK,D,310,V3,DZI,D,0.48379,0.43184,0.05194,864,730,9775.0,12229.0,1,0,0
8480001,Urho Vaakanainen,NYR,D,176,V3,DZI,D,0.40297,0.3513,0.05167,376,400,3566.0,6029.0,1,0,0
8474600,Roman Josi,NSH,D,270,V3,DZI,D,0.45167,0.40008,0.05159,708,659,7107.0,10423.0,1,0,0
8481563,Drew Helleson,ANA,D,119,V3,DZI,D,0.44419,0.39267,0.05152,256,269,2222.0,3713.0,1,0,0
8482067,Connor Mackey,NYR,D,36,V3,DZI,D,0.46061,0.40948,0.05113,64,69,495.0,823.0,1,0,0
8474090,Brendan Smith,CBJ,D,170,V3,DZI,D,0.45882,0.40875,0.05007,369,289,3363.0,4937.0,1,0,0
8480803,Evan Bouchard,EDM,D,326,V3,DZI,D,0.49643,0.44693,0.0495,742,678,8128.0,11787.0,1,0,0
8473507,Jeff Petry,MIN,D,245,V3,DZI,D,0.45079,0.40149,0.0493,566,570,5304.0,8598.0,1,0,0
8481806,Louis Crevier,CHI,D,134,V3,DZI,D,0.43427,0.3852,0.04907,400,397,3560.0,5244.0,1,0,0
8483678,Elias Pettersson,VAN,D,97,V3,DZI,D,0.45481,0.40576,0.04905,187,166,2047.0,2812.0,1,0,0
8476906,Shayne Gostisbehere,CAR,D,281,V3,DZI,D,0.4323,0.38397,0.04833,551,533,4941.0,8334.0,1,0,0
8475177,Calvin de Haan,NYR,D,159,V3,DZI,D,0.48309,0.43523,0.04786,287,298,3194.0,4184.0,1,0,0
8484305,Zach Metsa,BUF,D,43,V3,DZI,D,0.47596,0.42867,0.04729,49,75,416.0,1388.0,0,0,0
8481527,Kaedan Korczak,VGK,D,154,V3,DZI,D,0.4558,0.40888,0.04692,304,286,3484.0,5136.0,1,0,0
8476902,Esa Lindell,DAL,D,326,V3,DZI,D,0.47978,0.43357,0.04621,1003,883,9298.0,15158.0,1,0,0
8475790,Erik Gudbranson,CBJ,D,201,V3,DZI,D,0.43795,0.3924,0.04555,558,602,4964.0,10525.0,1,0,0
8478013,Jake Walman,EDM,D,243,V3,DZI,D,0.4606,0.41507,0.04552,639,626,6294.0,10362.0,1,0,0
8481605,Jackson LaCombe,ANA,D,229,V3,DZI,D,0.46463,0.4192,0.04543,629,682,6913.0,11980.0,1,0,0
8479323,Adam Fox,NYR,D,283,V3,DZI,D,0.50098,0.45634,0.04464,725,635,7659.0,10720.0,1,0,0
8475690,Chris Tanev,TOR,D,226,V3,DZI,D,0.49225,0.44785,0.04439,719,613,4772.0,7853.0,1,0,0
8474716,Jared Spurgeon,MIN,D,240,V3,DZI,D,0.50436,0.46045,0.04391,591,691,5387.0,10607.0,1,0,0
8480860,Kevin Bahl,CGY,D,273,V3,DZI,D,0.45297,0.40913,0.04383,783,734,6389.0,10009.0,1,0,0
8477845,Trevor van Riemsdyk,WSH,D,295,V3,DZI,D,0.48055,0.43682,0.04373,658,656,5810.0,10075.0,1,0,0
8482166,Shakir Mukhamadullin,SJS,D,83,V3,DZI,D,0.4847,0.44118,0.04352,184,235,1830.0,3953.0,1,0,0
8482666,Scott Morrow,NYR,D,45,V3,DZI,D,0.4479,0.40441,0.04349,76,76,547.0,1224.0,1,0,0
8474565,Alex Pietrangelo,VGK,D,209,V3,DZI,D,0.49912,0.45566,0.04346,535,579,5704.0,10815.0,1,0,0
8476470,Nathan Beaulieu,ANA,D,52,V3,DZI,D,0.42896,0.38557,0.0434,116,124,1098.0,1538.0,1,0,0
8483490,Pavel Mintyukov,ANA,D,203,V3,DZI,D,0.42306,0.38007,0.04299,431,527,4354.0,8530.0,1,0,0
8479976,Juuso Välimäki,UTA,D,189,V3,DZI,D,0.45491,0.4123,0.0426,398,449,3781.0,6990.0,1,0,0
8475197,Tyson Barrie,CGY,D,139,V3,DZI,D,0.42946,0.38705,0.04241,288,286,3062.0,4493.0,1,0,0
8470966,Mark Giordano,TOR,D,124,V3,DZI,D,0.51886,0.47686,0.04199,289,229,2201.0,3198.0,1,0,0
8478859,Niko Mikkola,FLA,D,307,V3,DZI,D,0.47414,0.43276,0.04138,734,716,6420.0,11177.0,1,0,0
8481059,Scott Perunovich,NYI,D,89,V3,DZI,D,0.43193,0.39058,0.04135,107,117,1190.0,1933.0,1,0,0
8474166,Alec Martinez,CHI,D,176,V3,DZI,D,0.45757,0.41652,0.04105,425,464,5020.0,8098.0,1,0,0
8482733,Logan Mailloux,STL,D,74,V3,DZI,D,0.38407,0.34395,0.04012,118,131,1268.0,2198.0,1,0,0
8478397,Rasmus Andersson,VGK,D,319,V3,DZI,D,0.44661,0.40676,0.03985,911,974,6780.0,12553.0,1,0,0
8477462,Robert Hagg,VGK,D,45,V3,DZI,D,0.36742,0.32808,0.03935,71,77,528.0,1015.0,1,0,0
8475462,Radko Gudas,ANA,D,275,V3,DZI,D,0.44836,0.40929,0.03907,609,706,7001.0,11730.0,1,0,0
8476979,Erik Gustafsson,DET,D,208,V3,DZI,D,0.43785,0.3988,0.03905,356,326,3540.0,5178.0,1,0,0
8475825,Jani Hakanpää,TOR,D,148,V3,DZI,D,0.48308,0.44444,0.03864,421,348,3753.0,5859.0,1,0,0
8476879,Cody Ceci,LAK,D,326,V3,DZI,D,0.45781,0.41974,0.03807,930,827,10122.0,14640.0,1,0,0
8477384,Joshua Brown,EDM,D,129,V3,DZI,D,0.44953,0.41154,0.03799,265,322,2011.0,3883.0,1,0,0
8476931,Jake McCabe,TOR,D,295,V3,DZI,D,0.46099,0.42359,0.0374,929,773,7922.0,12139.0,1,0,0
8480796,Martin Fehérváry,WSH,D,295,V3,DZI,D,0.48359,0.4465,0.03709,851,872,8623.0,12589.0,1,0,0
8476856,Mathew Dumba,PIT,D,229,V3,DZI,D,0.43858,0.40189,0.03669,524,568,4811.0,9005.0,1,0,0
8476875,Mike Matheson,MTL,D,288,V3,DZI,D,0.46974,0.43363,0.0361,942,929,9863.0,17162.0,1,0,0
8477220,Nate Schmidt,UTA,D,295,V3,DZI,D,0.48339,0.44761,0.03578,557,544,4967.0,8237.0,1,0,0
8482245,Artem Zub,OTT,D,259,V3,DZI,D,0.50315,0.4674,0.03575,834,698,7471.0,10582.0,1,0,0
8483466,Kevin Korchinski,CHI,D,105,V3,DZI,D,0.42823,0.39266,0.03557,174,207,1651.0,3568.0,1,0,0
8477335,Kyle Burroughs,LAK,D,154,V3,DZI,D,0.41239,0.37691,0.03548,327,370,2939.0,5638.0,1,0,0
8478500,Ivan Provorov,CBJ,D,328,V3,DZI,D,0.46942,0.43403,0.03539,903,944,10138.0,16667.0,1,0,0
8471709,Marc-Edouard Vlasic,SJS,D,162,V3,DZI,D,0.46112,0.42591,0.03521,396,433,3292.0,6546.0,1,0,0
8480891,Michael Kesselring,BUF,D,190,V3,DZI,D,0.41519,0.38007,0.03512,378,392,3384.0,5449.0,1,0,0
8483398,Declan Carlile,TBL,D,46,V3,DZI,D,0.47114,0.43691,0.03423,54,82,641.0,1062.0,1,0,0
8470613,Brent Burns,COL,D,327,V3,DZI,D,0.44806,0.4143,0.03376,860,772,7874.0,11272.0,1,0,0
8478882,Vladislav Gavrikov,NYR,D,313,V3,DZI,D,0.47533,0.44167,0.03366,993,867,10437.0,14683.0,1,0,0
8476923,Damon Severson,CBJ,D,289,V3,DZI,D,0.47542,0.44179,0.03363,750,753,9335.0,13855.0,1,0,0
8481524,Bowen Byram,BUF,D,279,V3,DZI,D,0.47345,0.43989,0.03356,767,815,7967.0,14399.0,1,0,0
8480823,Alexander Alexeyev,WSH,D,79,V3,DZI,D,0.54717,0.51393,0.03324,190,151,1802.0,2189.0,1,0,0
8477507,Nikita Zadorov,BOS,D,319,V3,DZI,D,0.46881,0.43577,0.03304,894,753,7487.0,10735.0,1,0,0
8480036,Miro Heiskanen,DAL,D,277,V3,DZI,D,0.47927,0.44648,0.03279,827,668,8661.0,10950.0,1,0,0
8477447,Shea Theodore,VGK,D,240,V3,DZI,D,0.46867,0.43619,0.03248,725,565,8268.0,9521.0,1,0,0
8474618,Marco Scandella,STL,D,85,V3,DZI,D,0.41137,0.37943,0.03194,128,146,1196.0,2285.0,1,0,0
8484304,Uvis Balinskis,FLA,D,156,V3,DZI,D,0.41705,0.38527,0.03178,233,255,1971.0,3652.0,1,0,2
8479576,Vincent Desharnais,SJS,D,218,V3,DZI,D,0.47871,0.44697,0.03174,464,397,4368.0,6421.0,1,0,0
8480084,Nick DeSimone,UTA,D,97,V3,DZI,D,0.48653,0.45486,0.03167,167,138,1336.0,2016.0,1,0,0
8479372,Joshua Mahura,SEA,D,199,V3,DZI,D,0.41434,0.38313,0.03121,335,308,3152.0,4257.0,1,0,0
8476891,Matt Grzelcyk,CHI,D,289,V3,DZI,D,0.44505,0.41407,0.03098,677,638,5696.0,9450.0,1,0,0
8476449,Scott Harrington,ANA,D,45,V3,DZI,D,0.53915,0.51066,0.02849,132,122,1124.0,1970.0,1,0,0
8479325,Charlie McAvoy,BOS,D,260,V3,DZI,D,0.44154,0.41336,0.02818,780,616,6654.0,9401.0,1,0,0
8477034,Jaycob Megna,VGK,D,110,V3,DZI,D,0.42173,0.39357,0.02817,239,226,1859.0,3171.0,1,0,0
8480865,Noah Dobson,MTL,D,308,V3,DZI,D,0.46817,0.44101,0.02716,793,733,8168.0,12621.0,1,0,0
8475764,Cam Fowler,STL,D,312,V3,DZI,D,0.40357,0.37698,0.02658,825,947,8576.0,16380.0,1,0,0
8484321,Nikolas Matinpalo,OTT,D,95,V3,DZI,D,0.44031,0.41473,0.02558,180,139,1156.0,1941.0,1,0,0
8471274,Alex Goligoski,MIN,D,82,V3,DZI,D,0.41492,0.38952,0.0254,134,181,1193.0,2806.0,1,0,0
8477938,Haydn Fleury,WPG,D,129,V3,DZI,D,0.42344,0.39821,0.02523,240,227,2005.0,4254.0,1,0,0
8479458,Nikita Zaitsev,CHI,D,84,V3,DZI,D,0.40822,0.38313,0.02509,178,168,1509.0,2537.0,1,0,0
8475324,Nick Jensen,OTT,D,287,V3,DZI,D,0.4307,0.40595,0.02476,711,743,6905.0,11807.0,1,0,0
8475179,Dmitry Kulikov,FLA,D,232,V3,DZI,D,0.41287,0.38834,0.02453,526,534,4103.0,7993.0,1,0,0
8480990,Declan Chisholm,WSH,D,123,V3,DZI,D,0.46353,0.43904,0.02448,230,240,2399.0,4216.0,1,0,0
8476874,Olli Määttä,CGY,D,269,V3,DZI,D,0.4402,0.41714,0.02307,649,571,6731.0,7995.0,1,0,0
8476853,Morgan Rielly,TOR,D,297,V3,DZI,D,0.44545,0.42299,0.02247,751,646,7067.0,10102.0,1,0,0
8482624,Daniil Miromanov,CGY,D,83,V3,DZI,D,0.49217,0.47009,0.02208,249,225,2107.0,3076.0,1,0,0
8480049,Dylan Samberg,WPG,D,266,V3,DZI,D,0.47204,0.45013,0.0219,575,560,6008.0,9686.0,1,0,0
8477810,Joel Hanley,CGY,D,189,V3,DZI,D,0.51291,0.49122,0.02169,417,351,2866.0,5299.0,1,0,0
8478460,Zach Werenski,CBJ,D,239,V3,DZI,D,0.44086,0.41957,0.0213,736,763,9833.0,14720.0,1,0,0
8482807,Ethan Del Mastro,CHI,D,45,V3,DZI,D,0.40966,0.38837,0.02129,94,111,1284.0,1599.0,1,0,0
8475181,Nick Leddy,SJS,D,223,V3,DZI,D,0.44593,0.42475,0.02119,643,667,6797.0,10943.0,1,0,0
8476917,Adam Pelech,NYI,D,261,V3,DZI,D,0.46102,0.43984,0.02117,881,770,7388.0,11254.0,1,0,0
8484798,Zeev Buium,VAN,D,75,V3,DZI,D,0.43904,0.41862,0.02041,160,148,1870.0,2556.0,1,0,0
8475795,Dylan McIlrath,WSH,D,39,V3,DZI,D,0.36721,0.34706,0.02015,58,72,433.0,1020.0,1,0,0
8482073,Braden Schneider,NYR,D,325,V3,DZI,D,0.42013,0.4004,0.01973,711,632,7412.0,10587.0,1,0,0
8482095,Tyler Kleven,OTT,D,166,V3,DZI,D,0.47199,0.45262,0.01937,323,234,2553.0,3166.0,1,0,0
8478178,Darren Raddysh,TBL,D,245,V3,DZI,D,0.40911,0.39036,0.01875,475,514,5314.0,7839.0,1,0,0
8479985,Cale Fleury,SEA,D,49,V3,DZI,D,0.46243,0.44372,0.0187,103,83,1038.0,1235.0,1,0,0
8482516,Matthew Kessel,STL,D,99,V3,DZI,D,0.44867,0.43011,0.01856,170,157,1656.0,2225.0,1,0,0
8475233,David Savard,MTL,D,197,V3,DZI,D,0.45101,0.43339,0.01762,518,450,5450.0,8369.0,1,0,0
8479983,Mario Ferraro,SJS,D,310,V3,DZI,D,0.47684,0.45927,0.01757,935,922,10320.0,15333.0,1,0,1
8476372,Nick Seeler,PHI,D,305,V3,DZI,D,0.48565,0.46816,0.01749,572,593,4913.0,9249.0,1,0,0
8482911,Joel Nystrom,CAR,D,38,V3,DZI,D,0.45954,0.44219,0.01734,61,63,346.0,839.0,1,0,0
8477495,Seth Jones,FLA,D,254,V3,DZI,D,0.44425,0.42767,0.01658,667,737,6269.0,13342.0,1,0,0
8482964,Arber Xhekaj,MTL,D,230,V3,DZI,D,0.43469,0.41853,0.01616,363,307,3407.0,5008.0,1,0,0
8479324,Ryan Lindgren,SEA,D,286,V3,DZI,D,0.47051,0.4546,0.0159,718,700,6391.0,10915.0,1,0,0
8482762,Simon Edvinsson,DET,D,175,V3,DZI,D,0.46834,0.45274,0.0156,527,500,5970.0,8654.0,1,0,0
8473446,Erik Johnson,COL,D,166,V3,DZI,D,0.44133,0.42575,0.01558,363,316,2744.0,4862.0,1,0,0
8480336,Sean Walker,CAR,D,314,V3,DZI,D,0.50445,0.48914,0.01531,672,663,6175.0,11097.0,1,0,0
8480434,Sean Durzi,UTA,D,238,V3,DZI,D,0.43789,0.42265,0.01524,551,543,6166.0,7957.0,1,0,0
8482122,Brock Faber,MIN,D,242,V3,DZI,D,0.47829,0.46328,0.01501,714,826,7092.0,14406.0,1,0,0
8475279,Ben Chiarot,DET,D,316,V3,DZI,D,0.43391,0.4191,0.01482,937,952,8776.0,15407.0,1,0,0
8484258,Sam Malinski,COL,D,180,V3,DZI,D,0.50658,0.49204,0.01454,399,401,4408.0,6719.0,1,0,0
8480073,Erik Brannstrom,VAN,D,178,V3,DZI,D,0.51305,0.49876,0.01429,303,295,1992.0,4453.0,1,0,0
8479410,Mikhail Sergachev,UTA,D,267,V3,DZI,D,0.45187,0.43796,0.01391,798,705,7635.0,10300.0,1,0,0
8476312,Josh Manson,COL,D,230,V3,DZI,D,0.47112,0.45721,0.0139,559,616,5020.0,10096.0,1,0,0
8477498,Darnell Nurse,EDM,D,320,V3,DZI,D,0.45949,0.44579,0.0137,897,813,10233.0,14749.0,1,0,0
8479026,Philippe Myers,TOR,D,91,V3,DZI,D,0.43754,0.42414,0.0134,180,137,1705.0,2096.0,1,0,0
8478408,Travis Dermott,MIN,D,80,V3,DZI,D,0.37903,0.36636,0.01267,172,192,1488.0,2705.0,1,0,0
8475625,Matt Irwin,WSH,D,61,V3,DZI,D,0.53776,0.52554,0.01222,118,98,993.0,1703.0,1,0,0
8476441,Joel Edmundson,LAK,D,268,V3,DZI,D,0.43301,0.42145,0.01156,623,631,5598.0,9249.0,1,0,0
8475718,Justin Holl,STL,D,199,V3,DZI,D,0.408,0.39687,0.01112,397,395,3402.0,6332.0,1,0,0
8478136,Jake Middleton,MIN,D,301,V3,DZI,D,0.47215,0.46153,0.01062,782,923,7972.0,14870.0,1,0,0
8481056,Spencer Stastney,EDM,D,117,V3,DZI,D,0.51779,0.5072,0.01059,245,215,2277.0,3056.0,1,0,0
8475171,Oliver Ekman-Larsson,TOR,D,289,V3,DZI,D,0.40555,0.39522,0.01033,765,651,6236.0,9754.0,1,0,0
8478840,Will Borgen,NYR,D,323,V3,DZI,D,0.43097,0.42079,0.01018,850,839,8026.0,11255.0,1,0,0
8470600,Ryan Suter,STL,D,246,V3,DZI,D,0.44136,0.43133,0.01003,658,606,6659.0,9487.0,1,0,0
8475200,Dmitry Orlov,SJS,D,305,V3,DZI,D,0.46828,0.45854,0.00974,743,687,7156.0,11589.0,1,0,0
8478469,Thomas Chabot,OTT,D,256,V3,DZI,D,0.4343,0.42485,0.00945,662,649,6682.0,10672.0,1,0,0
8476467,Jamie Oleksiak,SEA,D,317,V3,DZI,D,0.44195,0.43252,0.00944,833,910,8967.0,13944.0,1,0,0
8481599,Victor Soderstrom,BOS,D,41,V3,DZI,D,0.38313,0.37427,0.00886,60,74,415.0,1205.0,1,0,0
8476473,Connor Murphy,EDM,D,273,V3,DZI,D,0.39438,0.38598,0.00841,702,750,6656.0,11993.0,1,0,0
8478911,Matt Roy,WSH,D,311,V3,DZI,D,0.48854,0.4802,0.00834,763,738,9377.0,12651.0,1,0,0
8477433,Ben Harpur,NYR,D,42,V3,DZI,D,0.52766,0.51943,0.00823,64,71,705.0,1184.0,1,0,0
8474567,Zach Bogosian,MIN,D,233,V3,DZI,D,0.40716,0.3995,0.00765,431,473,3969.0,8428.0,1,1,1
8478450,Parker Wotherspoon,PIT,D,188,V3,DZI,D,0.47897,0.47262,0.00635,438,459,4445.0,7888.0,1,0,0
8481542,Moritz Seider,DET,D,328,V3,DZI,D,0.43703,0.4317,0.00534,1043,1042,11228.0,18381.0,1,0,0
8471677,Jack Johnson,CBJ,D,204,V3,DZI,D,0.37866,0.37444,0.00423,457,430,4471.0,8207.0,1,0,0
8475755,Alexander Petrovic,DAL,D,60,V3,DZI,D,0.45129,0.44734,0.00394,115,132,893.0,2146.0,1,0,0
8482111,Justin Barron,NSH,D,200,V3,DZI,D,0.46329,0.45936,0.00393,413,382,3950.0,5943.0,1,0,0
8483460,David Jiricek,PHI,D,85,V3,DZI,D,0.3687,0.36517,0.00352,161,147,1706.0,2837.0,1,0,0
8475797,Jarred Tinordi,CHI,D,96,V3,DZI,D,0.37147,0.3681,0.00337,244,235,2482.0,3768.0,1,0,0
8478507,John Marino,UTA,D,253,V3,DZI,D,0.45876,0.45561,0.00315,751,600,6729.0,9800.0,1,0,0
8476967,Brett Kulak,COL,D,328,V3,DZI,D,0.48279,0.48077,0.00202,729,677,8397.0,12039.0,1,0,0
8474145,Robert Bortuzzo,UTA,D,87,V3,DZI,D,0.43868,0.43698,0.0017,113,134,636.0,1682.0,1,0,0
8476463,Jonas Brodin,MIN,D,234,V3,DZI,D,0.46514,0.46463,0.00051,634,663,6082.0,11648.0,1,0,0
8477499,Rasmus Ristolainen,PHI,D,212,V3,DZI,D,0.44554,0.4459,-0.00036,573,552,5068.0,8697.0,1,0,0
8476462,Dougie Hamilton,NJD,D,243,V3,DZI,D,0.44241,0.44311,-0.0007,611,491,6268.0,7831.0,1,0,0
8480184,Gustav Lindstrom,ANA,D,82,V3,DZI,D,0.35456,0.35719,-0.00263,157,169,1413.0,2822.0,1,0,0
8474568,Luke Schenn,BUF,D,259,V3,DZI,D,0.47215,0.47563,-0.00348,523,514,4812.0,8063.0,1,0,0
8477369,Carson Soucy,NYI,D,269,V3,DZI,D,0.41431,0.4187,-0.00439,604,536,5018.0,6771.0,1,0,0
8482655,J.J. Moser,TBL,D,295,V3,DZI,D,0.39177,0.39623,-0.00446,745,811,6925.0,12528.0,1,0,0
8483485,Denton Mateychuk,CBJ,D,120,V3,DZI,D,0.41988,0.42603,-0.00614,287,281,3651.0,4833.0,1,0,0
8481546,Cam York,PHI,D,276,V3,DZI,D,0.43601,0.4422,-0.00619,764,707,6009.0,10364.0,1,0,0
8478399,Jonas Siegenthaler,NJD,D,274,V3,DZI,D,0.44791,0.45413,-0.00622,767,678,8178.0,10519.0,1,0,0
8480192,Johnathan Kovacevic,NJD,D,254,V3,DZI,D,0.42202,0.42839,-0.00637,640,604,7322.0,10250.0,1,0,0
8477018,Ben Hutton,VGK,D,138,V3,DZI,D,0.42698,0.43344,-0.00646,204,180,2246.0,3403.0,1,0,0
8481541,Samuel Bolduc,NYI,D,52,V3,DZI,D,0.35162,0.36009,-0.00847,96,77,802.0,1333.0,1,0,0
8479338,Markus Niemelainen,EDM,D,23,V3,DZI,D,0.35385,0.36261,-0.00876,34,33,325.0,353.0,0,0,0
8477346,MacKenzie Weegar,UTA,D,322,V3,DZI,D,0.50068,0.50948,-0.0088,933,895,7316.0,12550.0,1,0,0
8477435,Ryan Graves,PIT,D,231,V3,DZI,D,0.4601,0.47017,-0.01006,618,532,6918.0,9101.0,1,0,0
8474590,John Carlson,ANA,D,271,V3,DZI,D,0.46305,0.47394,-0.01089,729,724,7105.0,10476.0,1,0,0
8481581,Thomas Harley,DAL,D,233,V3,DZI,D,0.44357,0.45572,-0.01216,695,554,8231.0,9497.0,1,0,0
8480172,Jan Rutta,SJS,D,180,V3,DZI,D,0.39977,0.4134,-0.01363,475,440,4260.0,6778.0,1,0,0
8481564,Ryan Johnson,BUF,D,47,V3,DZI,D,0.52542,0.5393,-0.01388,58,75,885.0,1285.0,1,0,0
8483620,Marcus Bjork,CBJ,D,33,V3,DZI,D,0.43438,0.44981,-0.01544,89,89,861.0,1345.0,1,0,0
8477365,Connor Clifton,PIT,D,280,V3,DZI,D,0.45367,0.46918,-0.01552,558,553,5590.0,8632.0,1,0,0
8484386,Dmitri Simashev,UTA,D,27,V3,DZI,D,0.42308,0.43866,-0.01558,49,58,416.0,807.0,0,0,0
8480871,Adam Boqvist,NYI,D,144,V3,DZI,D,0.38583,0.40231,-0.01648,211,248,2089.0,3547.0,1,0,0
8478476,Kyle Capobianco,DAL,D,48,V3,DZI,D,0.56419,0.58182,-0.01763,58,65,296.0,935.0,1,0,0
8480873,Rasmus Sandin,WSH,D,294,V3,DZI,D,0.44073,0.45882,-0.01809,699,704,6664.0,11717.0,1,0,0
8480043,Timothy Liljegren,WSH,D,238,V3,DZI,D,0.45533,0.47529,-0.01995,598,573,4970.0,8153.0,1,0,0
8480160,Radim Simek,SJS,D,44,V3,DZI,D,0.44034,0.46055,-0.02021,114,122,704.0,1407.0,1,0,0
8474673,TJ Brodie,CHI,D,190,V3,DZI,D,0.45975,0.48151,-0.02175,481,435,3963.0,6299.0,1,0,0
8475747,Patrik Nemeth,UTA,D,75,V3,DZI,D,0.34288,0.36578,-0.0229,147,203,1257.0,2846.0,1,0,0
8480246,Nick Perbix,NSH,D,298,V3,DZI,D,0.41607,0.439,-0.02293,693,611,5886.0,9180.0,1,0,0
8483510,Elias Salomonsson,WPG,D,32,V3,DZI,D,0.40483,0.43083,-0.02601,75,81,746.0,1200.0,1,0,0
8481607,Albert Johansson,DET,D,143,V3,DZI,D,0.42437,0.45085,-0.02648,301,312,2552.0,4822.0,1,0,0
8479439,Jacob MacDonald,SJS,D,92,V3,DZI,D,0.4486,0.47638,-0.02778,120,166,856.0,2286.0,1,1,3
8477948,Travis Sanheim,PHI,D,325,V3,DZI,D,0.41036,0.44421,-0.03385,969,934,8841.0,15263.0,1,0,0
8481161,Jake Christiansen,CBJ,D,144,V3,DZI,D,0.36545,0.40102,-0.03556,210,219,2252.0,4137.0,1,0,0
8481606,Jordan Spence,OTT,D,229,V3,DZI,D,0.43256,0.47126,-0.0387,396,329,3581.0,5063.0,1,0,0
8478017,Mark Friedman,VAN,D,51,V3,DZI,D,0.41818,0.45821,-0.04003,71,74,385.0,670.0,1,0,0
8482700,Nolan Allan,CHI,D,43,V3,DZI,D,0.25102,0.29603,-0.04502,65,95,737.0,1689.0,1,0,0
8480058,Pierre-Olivier Joseph,VAN,D,205,V3,DZI,D,0.39673,0.44207,-0.04534,402,340,3365.0,5515.0,1,0,0
8483457,Lane Hutson,MTL,D,166,V3,DZI,D,0.50168,0.54917,-0.04748,323,298,2970.0,5634.0,1,0,0
8477244,Chad Ruhwedel,NYR,D,104,V3,DZI,D,0.38848,0.4361,-0.04762,215,166,1632.0,2504.0,1,0,0
8482176,Wyatt Kaiser,CHI,D,175,V3,DZI,D,0.35607,0.40782,-0.05175,339,414,3519.0,7621.0,1,0,0
8481030,Jack St. Ivany,PIT,D,53,V3,DZI,D,0.31001,0.36327,-0.05326,101,117,929.0,2260.0,1,0,0
8478454,Noah Juulsen,PHI,D,153,V3,DZI,D,0.39501,0.44976,-0.05475,318,286,2405.0,3613.0,1,0,0
8471303,Alexander Edler,LAK,D,64,V3,DZI,D,0.44349,0.49906,-0.05557,102,108,1283.0,2136.0,1,0,0
8480878,Nils Lundkvist,DAL,D,210,V3,DZI,D,0.43982,0.49874,-0.05892,484,413,4395.0,6344.0,1,0,0
8475227,Chris Wideman,MTL,D,46,V3,DZI,D,0.33839,0.39735,-0.05896,80,54,659.0,755.0,1,0,0
8475906,John Klingberg,SJS,D,147,V3,DZI,D,0.40283,0.46182,-0.059,311,382,3396.0,6509.0,1,0,0
8482482,Adam Wilsby,NSH,D,80,V3,DZI,D,0.4156,0.47682,-0.06122,206,205,1872.0,2804.0,1,0,0
8479378,Logan Stanley,BUF,D,183,V3,DZI,D,0.35613,0.42723,-0.0711,354,327,3451.0,5751.0,1,0,0
8481593,Jayden Struble,MTL,D,171,V3,DZI,D,0.37746,0.4494,-0.07195,259,229,2493.0,4190.0,1,0,0
8481812,Nikolai Knyzhov,SJS,D,22,V3,DZI,D,0.41898,0.49406,-0.07508,58,60,432.0,842.0,1,0,0
8477073,Kurtis MacDermid,OTT,D,131,V3,DZI,D,0.46008,0.53604,-0.07597,95,101,526.0,1526.0,1,2,1
8482929,Emil Lilleberg,TBL,D,163,V3,DZI,D,0.36413,0.44515,-0.08102,307,324,3312.0,4403.0,1,0,0
8477971,Andreas Englund,NSH,D,167,V3,DZI,D,0.40847,0.49003,-0.08156,282,248,2196.0,3963.0,1,0,0
8478430,Oliver Kylington,ANA,D,52,V3,DZI,D,0.318,0.40471,-0.08672,93,94,739.0,1443.0,1,0,0
8482861,Vincent Iorio,NYR,D,36,V3,DZI,D,0.40172,0.48972,-0.08799,57,48,580.0,1021.0,0,0,0
8481206,John Ludvig,COL,D,41,V3,DZI,D,0.4164,0.50529,-0.08889,82,71,634.0,1039.0,1,0,0
8478021,William Lagesson,DET,D,47,V3,DZI,D,0.52214,0.61149,-0.08935,59,64,542.0,1305.0,1,0,0
8474207,Nick Holden,OTT,D,65,V3,DZI,D,0.32387,0.41334,-0.08947,126,112,1022.0,1229.0,1,0,0
8481525,Matthew Robertson,NYR,D,74,V3,DZI,D,0.42008,0.5125,-0.09242,166,135,1564.0,2160.0,1,0,0
8485366,Matthew Schaefer,NYI,D,82,V3,DZI,D,0.36099,0.47299,-0.112,206,174,2302.0,2721.0,1,0,0
8483448,Isaiah George,NYI,D,37,V3,DZI,D,0.38896,0.50221,-0.11325,83,66,779.0,1131.0,1,0,0
8479945,Gavin Bayreuther,CBJ,D,51,V3,DZI,D,0.43653,0.5526,-0.11607,90,111,1095.0,1844.0,1,0,0
8481572,Ville Heinola,WPG,D,32,V3,DZI,D,0.45974,0.58833,-0.12859,45,44,385.0,634.0,0,0,0
8478502,Dennis Gilbert,OTT,D,94,V3,DZI,D,0.35434,0.50614,-0.1518,129,105,841.0,1221.0,1,0,0
8484150,Hunter Brzustewicz,CGY,D,34,V3,DZI,D,0.31907,0.4886,-0.16953,56,46,561.0,921.0,0,0,0
8483768,Victor Mancini,VAN,D,55,V3,DZI,D,0.19577,0.36813,-0.17236,84,94,756.0,1619.0,1,0,0
8483472,Maveric Lamoureux,UTA,D,20,V3,DZI,D,0.3695,0.55134,-0.18184,46,32,341.0,633.0,0,0,0
8484768,Zayne Parekh,CGY,D,37,V3,DZI,D,0.38462,0.5786,-0.19398,30,41,273.0,598.0,0,0,0
8480844,Grigori Denisenko,VGK,L,25,V3,DZI,D,0.55024,0.24545,0.30478,37,32,418.0,330.0,0,0,1
8479356,Kieffer Bellows,NSH,L,47,V3,DZI,D,0.66163,0.394,0.26764,57,59,331.0,1066.0,1,4,16
8479536,Axel Jonsson-Fjallby,WPG,L,76,V3,DZI,D,0.60229,0.36905,0.23324,106,69,875.0,1008.0,1,1,4
8476410,Josh Leivo,STL,L,51,V3,DZI,D,0.50725,0.27668,0.23057,71,77,552.0,1059.0,1,3,4
8481133,Cole Reinhardt,FLA,L,76,V3,DZI,D,0.4734,0.26316,0.21025,102,92,940.0,1539.0,1,8,4
8477482,Zachary Sanford,CHI,L,45,V3,DZI,D,0.44619,0.25021,0.19598,62,61,827.0,1163.0,1,43,88
8478028,Fredrik Olofsson,COL,L,85,V3,DZI,D,0.65737,0.4622,0.19517,102,110,502.0,1984.0,1,129,182
8477944,Jakub Vrana,NSH,L,85,V3,DZI,D,0.54297,0.34941,0.19356,104,114,1024.0,1700.0,1,6,27
8477930,Pierre-Edouard Bellemare,SEA,L,113,V3,DZI,D,0.56631,0.40563,0.16067,118,135,837.0,2485.0,1,381,325
8479533,Joona Koppanen,PIT,L,33,V3,DZI,D,0.4479,0.2881,0.15981,77,76,835.0,1260.0,1,50,53
8476858,Phillip Di Giuseppe,VAN,L,101,V3,DZI,D,0.53028,0.37917,0.15111,163,146,1288.0,2189.0,1,5,15
8475184,Chris Kreider,ANA,L,303,V3,DZI,D,0.53921,0.3925,0.14671,572,564,5369.0,8079.0,1,94,143
8473473,Milan Lucic,BOS,L,81,V3,DZI,D,0.57309,0.42652,0.14657,99,113,773.0,1252.0,1,17,21
8483491,Ivan Miroshnichenko,WSH,L,52,V3,DZI,D,0.45733,0.31199,0.14534,68,64,621.0,984.0,1,0,2
8481725,Elmer Soderblom,PIT,L,106,V3,DZI,D,0.48403,0.34031,0.14373,198,197,1973.0,3012.0,1,7,18
8477947,Sonny Milano,WSH,L,147,V3,DZI,D,0.56614,0.42896,0.13718,166,182,1837.0,2548.0,1,8,4
8478147,Bokondji Imama,PIT,L,29,V3,DZI,D,0.51,0.38498,0.12502,22,17,200.0,213.0,0,0,0
8481077,John Leonard,DET,L,23,V3,DZI,D,0.47688,0.35565,0.12123,30,40,346.0,478.0,0,0,0
8483455,Isaac Howard,EDM,L,29,V3,DZI,D,0.52132,0.40166,0.11966,32,21,516.0,361.0,0,0,0
8478975,Mason Marchment,CBJ,L,279,V3,DZI,D,0.55367,0.43472,0.11895,546,501,5906.0,8035.0,1,31,41
8481582,Nicholas Robertson,TOR,L,218,V3,DZI,D,0.51796,0.40404,0.11392,305,266,2840.0,4851.0,1,19,24
8474679,Gustav Nyquist,WPG,L,262,V3,DZI,D,0.49826,0.38509,0.11318,470,437,4608.0,7497.0,1,36,60
8475314,Anders Lee,NYI,L,327,V3,DZI,D,0.4965,0.38502,0.11148,654,563,6578.0,9428.0,1,88,89
8478067,Oskar Lindblom,SJS,L,74,V3,DZI,D,0.54393,0.43265,0.11127,117,100,535.0,1225.0,1,8,10
8482476,Emil Heineman,NYI,L,148,V3,DZI,D,0.51026,0.4003,0.10996,254,248,2387.0,4594.0,1,4,16
8474709,Matt Martin,NYI,L,170,V3,DZI,D,0.50877,0.39943,0.10935,279,238,2565.0,3485.0,1,23,34
8475193,Tomas Tatar,NJD,L,226,V3,DZI,D,0.51046,0.40112,0.10934,415,342,3634.0,5178.0,1,23,38
8477426,Nick Paul,TBL,L,289,V3,DZI,D,0.49948,0.39382,0.10566,658,562,6765.0,8453.0,1,1297,1182
8478046,Danton Heinen,CBJ,L,264,V3,DZI,D,0.52299,0.4175,0.10549,465,410,4480.0,6867.0,1,34,51
8478115,Pierre Engvall,NYI,L,212,V3,DZI,D,0.55046,0.44536,0.1051,340,345,3290.0,5701.0,1,52,75
8482222,Alexander Barabanov,SJS,L,114,V3,DZI,D,0.5693,0.46437,0.10494,237,285,2085.0,3943.0,1,3,5
8477476,Artturi Lehkonen,COL,L,247,V3,DZI,D,0.50417,0.40233,0.10184,469,502,4681.0,7305.0,1,9,25
8477402,Pavel Buchnevich,STL,L,299,V3,DZI,D,0.49189,0.39129,0.1006,609,663,6288.0,11301.0,1,286,514
8476934,Brock McGinn,ANA,L,125,V3,DZI,D,0.48933,0.39476,0.09457,288,243,1968.0,3815.0,1,5,14
8479368,Max Jones,EDM,L,168,V3,DZI,D,0.48309,0.39116,0.09193,261,287,2188.0,4323.0,1,14,21
8479314,Matthew Tkachuk,FLA,L,242,V3,DZI,D,0.50716,0.41801,0.08915,418,463,3981.0,6720.0,1,12,18
8474037,James van Riemsdyk,DET,L,275,V3,DZI,D,0.47052,0.38261,0.08792,409,456,3715.0,7130.0,1,22,33
8476882,Teuvo Teravainen,CHI,L,301,V3,DZI,D,0.48441,0.39742,0.08698,512,565,4971.0,9242.0,1,134,159
8476921,Jordan Martinook,CAR,L,320,V3,DZI,D,0.53446,0.44752,0.08693,797,631,7531.0,9490.0,1,127,130
8482172,Landon Slaggert,CHI,L,102,V3,DZI,D,0.48429,0.39782,0.08647,130,175,1082.0,2843.0,1,1,4
8481716,Dmitri Voronkov,CBJ,L,211,V3,DZI,D,0.48828,0.40303,0.08525,307,384,3498.0,7064.0,1,265,377
8478398,Kyle Connor,WPG,L,310,V3,DZI,D,0.48689,0.40221,0.08468,515,570,6940.0,11484.0,1,4,11
8483445,Cutter Gauthier,ANA,L,158,V3,DZI,D,0.47747,0.39323,0.08424,286,317,3395.0,5315.0,1,64,87
8478864,Kirill Kaprizov,MIN,L,261,V3,DZI,D,0.52076,0.43794,0.08283,449,539,5346.0,11762.0,1,0,2
8478233,Andrew Mangiapane,CHI,L,300,V3,DZI,D,0.51448,0.43177,0.08271,561,535,5145.0,8750.0,1,13,25
8474102,David Perron,DET,L,266,V3,DZI,D,0.48432,0.40366,0.08067,499,445,4051.0,6892.0,1,25,37
8479661,Tanner Jeannot,BOS,L,275,V3,DZI,D,0.48595,0.40679,0.07916,475,402,5124.0,6807.0,1,45,70
8479383,Boris Katchouk,TBL,L,120,V3,DZI,D,0.51769,0.43975,0.07794,184,167,1526.0,2913.0,1,18,36
8482078,Lucas Raymond,DET,L,318,V3,DZI,D,0.48217,0.40523,0.07694,787,706,7402.0,12309.0,1,8,15
8477573,Nathan Walker,STL,L,219,V3,DZI,D,0.47654,0.39961,0.07693,342,310,2898.0,5080.0,1,228,198
8477527,Ross Johnston,ANA,L,189,V3,DZI,D,0.46825,0.39274,0.07552,239,242,2268.0,4461.0,1,8,11
8477425,Miles Wood,CBJ,L,241,V3,DZI,D,0.45072,0.37681,0.07392,490,455,5114.0,7813.0,1,19,47
8478109,Victor Olofsson,CGY,L,260,V3,DZI,D,0.46935,0.39552,0.07383,373,420,3882.0,6556.0,1,4,19
8484994,Igor Chernyshov,SJS,L,27,V3,DZI,D,0.55131,0.47774,0.07357,45,50,497.0,1078.0,0,0,0
8480748,Kiefer Sherwood,SJS,L,249,V3,DZI,D,0.53668,0.46333,0.07335,465,412,4621.0,7090.0,1,47,55
8475784,Jeff Skinner,SJS,L,257,V3,DZI,D,0.45602,0.3847,0.07132,368,397,4013.0,6171.0,1,161,198
8482157,Will Cuylle,NYR,L,249,V3,DZI,D,0.4993,0.43062,0.06868,448,393,4296.0,6003.0,1,34,52
8482062,Cole Smith,VGK,L,283,V3,DZI,D,0.48831,0.42065,0.06766,628,507,5517.0,8059.0,1,17,30
8480220,Noah Cates,PHI,L,301,V3,DZI,D,0.47565,0.40849,0.06716,595,681,4127.0,9256.0,1,1228,1528
8483499,Liam Ohgren,VAN,L,96,V3,DZI,D,0.46457,0.39751,0.06706,149,146,2103.0,2410.0,1,9,13
8478498,Jake DeBrusk,VAN,L,306,V3,DZI,D,0.49081,0.4239,0.06691,666,631,5167.0,10552.0,1,26,42
8481043,Cole Koepke,WPG,L,164,V3,DZI,D,0.50346,0.43657,0.06689,261,262,2167.0,3445.0,1,0,4
8479339,Patrik Laine,MTL,L,130,V3,DZI,D,0.45182,0.38497,0.06685,173,186,2439.0,3647.0,1,54,92
8477942,Kevin Fiala,LAK,L,288,V3,DZI,D,0.50591,0.43998,0.06593,574,528,6770.0,9489.0,1,38,70
8475169,Evander Kane,VAN,L,189,V3,DZI,D,0.44903,0.38466,0.06437,426,380,5699.0,7378.0,1,52,71
8476878,Zemgus Girgensons,TBL,L,299,V3,DZI,D,0.50733,0.44392,0.06341,520,582,4636.0,8916.0,1,266,314
8473986,Alex Killorn,ANA,L,308,V3,DZI,D,0.45658,0.39511,0.06147,576,620,6161.0,11078.0,1,46,86
8482055,Drew O'Connor,VAN,L,290,V3,DZI,D,0.4851,0.42414,0.06096,498,483,4529.0,7988.0,1,108,142
8477955,Jared McCann,SEA,L,293,V3,DZI,D,0.42901,0.36948,0.05953,533,553,5226.0,8125.0,1,232,257
8481592,Jakob Pelletier,TBL,L,91,V3,DZI,D,0.50774,0.44837,0.05937,131,111,1292.0,1501.0,1,14,28
8481518,Nolan Foote,FLA,L,29,V3,DZI,D,0.47297,0.41387,0.0591,40,26,296.0,447.0,0,1,5
8475722,Jason Zucker,BUF,L,282,V3,DZI,D,0.49262,0.43402,0.0586,477,475,4198.0,7373.0,1,46,72
8481535,Nils Hoglander,VAN,L,214,V3,DZI,D,0.4635,0.40507,0.05844,340,297,3247.0,4577.0,1,1,2
8476346,Johnny Gaudreau,CBJ,L,161,V3,DZI,D,0.48792,0.43082,0.05711,389,352,4720.0,7379.0,1,0,0
8482451,Mikael Pyyhtia,CBJ,L,71,V3,DZI,D,0.53388,0.47678,0.0571,126,133,1343.0,2196.0,1,3,4
8481711,Matias Maccelli,TOR,L,272,V3,DZI,D,0.49199,0.43643,0.05556,481,497,5492.0,7763.0,1,13,18
8471214,Alex Ovechkin,WSH,L,299,V3,DZI,D,0.41494,0.35962,0.05532,248,275,2075.0,3690.0,1,5,9
8481641,Joel Kiviranta,COL,L,255,V3,DZI,D,0.50727,0.45344,0.05383,440,379,3990.0,5842.0,1,26,22
8474884,Mike Hoffman,SJS,L,133,V3,DZI,D,0.44047,0.38682,0.05365,277,236,2545.0,3945.0,1,24,30
8483513,Reid Schaefer,NSH,L,46,V3,DZI,D,0.40241,0.34918,0.05322,77,84,748.0,1283.0,1,1,7
8479066,Ryan Lomberg,CGY,L,294,V3,DZI,D,0.48904,0.43691,0.05213,396,392,3466.0,6308.0,1,28,44
8477444,Andre Burakovsky,CHI,L,252,V3,DZI,D,0.46809,0.41609,0.052,398,420,4638.0,6924.0,1,6,15
8477479,Tyler Bertuzzi,CHI,L,291,V3,DZI,D,0.4812,0.42932,0.05189,559,559,6943.0,10130.0,1,66,89
8477494,Jonathan Drouin,STL,L,244,V3,DZI,D,0.52746,0.47623,0.05123,371,448,3915.0,7889.0,1,272,310
8473994,Jamie Benn,DAL,L,304,V3,DZI,D,0.44291,0.39224,0.05067,653,531,5150.0,7860.0,1,881,591
8477456,J.T. Compher,DET,L,317,V3,DZI,D,0.48195,0.43142,0.05053,733,749,7119.0,12387.0,1,1720,1813
8480027,Jason Robertson,DAL,L,328,V3,DZI,D,0.47132,0.42204,0.04928,761,672,8107.0,11217.0,1,6,13
8483515,Juraj Slafkovský,MTL,L,282,V3,DZI,D,0.51701,0.46779,0.04922,528,512,6145.0,11005.0,1,30,45
8480113,Alex Iafallo,WPG,L,302,V3,DZI,D,0.49841,0.44944,0.04896,493,441,5020.0,8090.0,1,34,52
8479542,Brandon Hagel,TBL,L,316,V3,DZI,D,0.46409,0.41599,0.0481,662,605,8104.0,11082.0,1,64,116
8480448,Parker Kelly,COL,L,296,V3,DZI,D,0.51889,0.47124,0.04765,455,427,3467.0,6659.0,1,322,442
8477330,Dominik Kubalik,OTT,L,155,V3,DZI,D,0.4419,0.39451,0.04738,240,243,2005.0,3427.0,1,24,32
8478421,A.J. Greer,FLA,L,279,V3,DZI,D,0.45211,0.40481,0.0473,343,314,2725.0,4911.0,1,27,52
8477839,Conor Sheary,NYR,L,206,V3,DZI,D,0.49663,0.44971,0.04693,324,320,2970.0,4752.0,1,27,30
8478550,Artemi Panarin,LAK,L,321,V3,DZI,D,0.45953,0.41389,0.04564,495,419,5967.0,7647.0,1,6,16
8470610,Zach Parise,COL,L,112,V3,DZI,D,0.42752,0.38215,0.04538,262,209,2311.0,2834.0,1,17,34
8480188,Fabian Zetterlund,OTT,L,316,V3,DZI,D,0.46991,0.42469,0.04522,615,604,5882.0,10311.0,1,48,68
8477404,Jake Guentzel,TBL,L,306,V3,DZI,D,0.44589,0.40129,0.0446,590,596,6071.0,9021.0,1,254,283
8483597,Milos Kelemen,UTA,L,24,V3,DZI,D,0.35838,0.3141,0.04428,26,35,173.0,624.0,0,2,5
8475149,Marcus Johansson,MIN,L,305,V3,DZI,D,0.4867,0.44327,0.04343,580,635,5942.0,12031.0,1,31,54
8475791,Taylor Hall,CAR,L,228,V3,DZI,D,0.46707,0.42428,0.0428,350,359,3432.0,5289.0,1,53,67
8477940,Nikolaj Ehlers,CAR,L,278,V3,DZI,D,0.46213,0.42007,0.04206,427,450,4410.0,7325.0,1,12,34
8475786,Zach Hyman,EDM,L,289,V3,DZI,D,0.47887,0.43767,0.04119,571,535,6743.0,10437.0,1,9,17
8482089,Jake Neighbours,STL,L,270,V3,DZI,D,0.44573,0.4054,0.04033,436,492,4404.0,8774.0,1,22,46
8476871,Tanner Pearson,BUF,L,203,V3,DZI,D,0.47913,0.43936,0.03977,346,340,3546.0,6011.0,1,13,52
8475235,Nicolas Deslauriers,CAR,L,202,V3,DZI,D,0.47436,0.43491,0.03945,182,165,1794.0,2366.0,1,10,14
8479293,Brandon Tanev,UTA,L,282,V3,DZI,D,0.49706,0.45909,0.03797,491,492,4088.0,6735.0,1,19,58
8484180,Samuel Honzek,CGY,L,23,V3,DZI,D,0.57609,0.54025,0.03584,63,49,460.0,646.0,0,6,5
8481557,Matt Boldy,MIN,L,314,V3,DZI,D,0.486,0.45088,0.03512,624,731,7037.0,14403.0,1,145,150
8477407,Anthony Duclair,NYI,L,199,V3,DZI,D,0.46991,0.4349,0.03501,393,388,3473.0,6275.0,1,21,32
8474157,Max Pacioretty,TOR,L,89,V3,DZI,D,0.51282,0.48087,0.03195,135,139,1326.0,2169.0,1,10,15
8475220,Marcus Foligno,MIN,L,253,V3,DZI,D,0.48828,0.45665,0.03163,480,517,5292.0,9447.0,1,26,30
8476915,Jujhar Khaira,MIN,L,52,V3,DZI,D,0.51232,0.48094,0.03137,98,68,812.0,1102.0,1,125,124
8480797,Joel Farabee,CGY,L,326,V3,DZI,D,0.49072,0.46096,0.02976,568,599,5765.0,10476.0,1,64,104
8483395,Arshdeep Bains,VAN,L,49,V3,DZI,D,0.43276,0.40338,0.02938,54,54,409.0,828.0,1,4,14
8477998,Warren Foegele,OTT,L,299,V3,DZI,D,0.52057,0.49143,0.02914,596,539,6149.0,8809.0,1,44,51
8476438,Brandon Saad,VGK,L,274,V3,DZI,D,0.45629,0.42798,0.02831,527,554,5994.0,9601.0,1,29,47
8482077,Dylan Holloway,STL,L,224,V3,DZI,D,0.49007,0.46232,0.02775,342,337,3877.0,6264.0,1,113,144
8479981,Jonah Gadjovich,FLA,L,126,V3,DZI,D,0.44524,0.41782,0.02742,139,127,840.0,1886.0,1,4,5
8473422,Nick Foligno,MIN,L,266,V3,DZI,D,0.43433,0.4092,0.02514,522,541,4759.0,9069.0,1,543,546
8478474,Lawson Crouse,UTA,L,319,V3,DZI,D,0.46166,0.43658,0.02507,628,644,5790.0,9556.0,1,78,138
8479359,Beck Malenstyn,BUF,L,247,V3,DZI,D,0.44519,0.42083,0.02436,510,555,5227.0,9391.0,1,33,33
8476455,Gabriel Landeskog,COL,L,60,V3,DZI,D,0.47979,0.45722,0.02257,129,124,1534.0,1835.0,1,85,65
8477454,Adam Erne,DAL,L,130,V3,DZI,D,0.50614,0.48424,0.02191,190,188,1302.0,2728.0,1,16,25
8476442,Matt Nieto,PIT,L,135,V3,DZI,D,0.4887,0.46687,0.02183,317,275,2566.0,3969.0,1,9,9
8477478,William Carrier,CAR,L,208,V3,DZI,D,0.50069,0.47931,0.02138,404,349,3613.0,4978.0,1,20,31
8484145,Zach Benson,BUF,L,211,V3,DZI,D,0.52539,0.50429,0.02109,355,354,3506.0,6171.0,1,13,24
8478042,Viktor Arvidsson,BOS,L,231,V3,DZI,D,0.48004,0.45905,0.02099,472,421,5060.0,7986.0,1,42,70
8482720,Matthew Knies,TOR,L,240,V3,DZI,D,0.45798,0.43701,0.02097,501,441,5771.0,8025.0,1,0,6
8473419,Brad Marchand,FLA,L,278,V3,DZI,D,0.42624,0.407,0.01924,666,512,5945.0,8376.0,1,27,55
8478413,Jordan Greenway,BUF,L,203,V3,DZI,D,0.46106,0.44594,0.01512,399,427,3839.0,7584.0,1,19,69
8483630,Pavol Regenda,SJS,L,42,V3,DZI,D,0.5188,0.50471,0.01409,61,78,532.0,1062.0,1,8,8
8482747,Brennan Othmann,CGY,L,44,V3,DZI,D,0.47099,0.45785,0.01314,45,32,293.0,605.0,0,0,6
8480801,Brady Tkachuk,OTT,L,295,V3,DZI,D,0.48545,0.47249,0.01297,600,548,4709.0,7905.0,1,463,470
8474034,Patrick Maroon,CHI,L,199,V3,DZI,D,0.49813,0.48812,0.01002,271,299,2949.0,5091.0,1,47,66
8478463,Anthony Beauvillier,WSH,L,305,V3,DZI,D,0.47917,0.47003,0.00914,559,483,5522.0,8359.0,1,75,75
8482109,Alexis Lafrenière,NYR,L,327,V3,DZI,D,0.45782,0.4534,0.00442,465,423,5109.0,6674.0,1,59,143
8483808,Andrei Kuzmenko,LAK,L,271,V3,DZI,D,0.43253,0.42913,0.0034,373,365,3720.0,6145.0,1,2,0
8481789,Tye Kartye,NYR,L,204,V3,DZI,D,0.50129,0.50099,0.00029,319,286,3110.0,4523.0,1,47,60
8478104,Sammy Blais,MTL,L,145,V3,DZI,D,0.39255,0.39679,-0.00424,162,178,1610.0,3173.0,1,5,14
8479400,Pierre-Luc Dubois,WSH,L,266,V3,DZI,D,0.45517,0.46067,-0.0055,520,547,5209.0,9217.0,1,1434,1515
8481732,Andre Lee,LAK,L,26,V3,DZI,D,0.6165,0.62222,-0.00572,18,27,206.0,360.0,0,0,0
8478431,Evgeny Svechnikov,SJS,L,59,V3,DZI,D,0.42936,0.43707,-0.00771,117,87,722.0,1160.0,1,5,4
8479619,Michael Carcone,UTA,L,214,V3,DZI,D,0.44336,0.45135,-0.00799,333,353,3372.0,4830.0,1,23,28
8476918,Jimmy Vesey,COL,L,204,V3,DZI,D,0.46315,0.47126,-0.00811,416,379,4057.0,5880.0,1,14,36
8482408,Jeff Malott,LAK,L,70,V3,DZI,D,0.44408,0.45338,-0.0093,66,92,608.0,1330.0,1,4,10
8479407,Jesper Bratt,NJD,L,327,V3,DZI,D,0.43976,0.45101,-0.01125,557,531,5910.0,8328.0,1,9,17
8481093,Rafael Harvey-Pinard,PIT,L,81,V3,DZI,D,0.42962,0.44301,-0.01339,119,140,1094.0,2860.0,1,8,25
8482667,William Eklund,SJS,L,242,V3,DZI,D,0.44607,0.46161,-0.01554,513,567,5887.0,10379.0,1,81,177
8475287,Erik Haula,NSH,L,306,V3,DZI,D,0.41602,0.43358,-0.01756,652,601,5644.0,9078.0,1,1582,1377
8480762,Eric Robinson,CAR,L,268,V3,DZI,D,0.4435,0.46431,-0.02081,458,468,4018.0,8322.0,1,10,42
8476887,Filip Forsberg,NSH,L,295,V3,DZI,D,0.4153,0.43696,-0.02167,560,584,4929.0,8987.0,1,24,39
8482116,Tim Stützle,OTT,L,315,V3,DZI,D,0.46341,0.4858,-0.02239,537,531,5343.0,8765.0,1,847,942
8481604,Pavel Dorofeyev,VGK,L,230,V3,DZI,D,0.41231,0.43947,-0.02716,395,354,4613.0,6658.0,1,5,15
8480031,Maxime Comtois,CAR,L,65,V3,DZI,D,0.41782,0.44613,-0.02831,138,168,1515.0,2970.0,1,23,15
8482742,Zachary L'Heureux,NSH,L,86,V3,DZI,D,0.44226,0.47174,-0.02947,167,170,1325.0,2813.0,1,3,7
8481065,Angus Crookshank,NJD,L,29,V3,DZI,D,0.4533,0.48708,-0.03377,40,39,439.0,503.0,0,2,4
8482241,Radim Zohorna,PIT,L,43,V3,DZI,D,0.47379,0.51372,-0.03993,63,56,515.0,911.0,1,23,23
8479423,Alex Nylander,TOR,L,42,V3,DZI,D,0.37887,0.42399,-0.04512,70,74,937.0,1092.0,1,11,8
8482132,Brett Berard,NYR,L,48,V3,DZI,D,0.37237,0.41865,-0.04628,72,59,760.0,1137.0,1,3,4
8482117,Lukas Reichel,BOS,L,187,V3,DZI,D,0.41045,0.46269,-0.05224,226,322,2546.0,5615.0,1,246,364
8478211,Dryden Hunt,CGY,L,73,V3,DZI,D,0.5,0.55646,-0.05646,67,97,604.0,1479.0,1,5,5
8476292,Ondrej Palat,NYI,L,277,V3,DZI,D,0.3889,0.45628,-0.06738,485,436,5261.0,7743.0,1,13,43
8478047,Michael Bunting,DAL,L,313,V3,DZI,D,0.41113,0.47895,-0.06782,433,451,4152.0,7980.0,1,18,34
8477353,Tyler Motte,DET,L,186,V3,DZI,D,0.44805,0.52125,-0.0732,257,265,2127.0,4236.0,1,139,169
8479543,Michael Pezzetta,TOR,L,158,V3,DZI,D,0.41204,0.48929,-0.07725,148,155,1478.0,2381.0,1,15,25
8479705,Jeffrey Viel,ANA,L,53,V3,DZI,D,0.3348,0.43745,-0.10266,98,83,911.0,1351.0,1,2,3
8484185,Nick Lardis,CHI,L,41,V3,DZI,D,0.38312,0.51178,-0.12866,44,49,462.0,764.0,0,1,1
8480468,James Hamblin,EDM,L,41,V3,DZI,D,0.44225,0.57615,-0.13389,45,43,355.0,545.0,0,105,92
8477931,Tomas Nosek,FLA,L,182,V3,DZI,D,0.36959,0.5082,-0.1386,318,243,2197.0,3477.0,1,684,555
8477962,Brendan Lemieux,CAR,L,77,V3,DZI,D,0.28961,0.43241,-0.1428,68,68,587.0,1080.0,1,11,18
8475766,Austin Watson,DET,L,121,V3,DZI,D,0.4292,0.57663,-0.14743,181,183,1144.0,2225.0,1,6,10
8477941,Nick Ritchie,CGY,L,74,V3,DZI,D,0.28029,0.44084,-0.16054,100,157,685.0,2155.0,1,2,7
8481550,Adam Beckman,MIN,L,20,V3,DZI,D,0.44809,0.67909,-0.231,28,30,366.0,617.0,0,0,1
8484314,Jiri Smejkal,OTT,L,20,V3,DZI,D,0.37121,0.63424,-0.26303,15,26,132.0,514.0,0,9,15
8484388,Daniil But,UTA,L,29,V3,DZI,D,0.21535,0.55086,-0.33552,34,36,404.0,521.0,0,6,13
8474573,Josh Bailey,NYI,R,64,V3,DZI,D,0.52833,0.25208,0.27625,87,85,706.0,1202.0,1,34,48
8480833,Vitali Kravtsov,VAN,R,44,V3,DZI,D,0.61996,0.35574,0.26422,48,58,471.0,1071.0,0,0,3
8475163,Alex Chiasson,DET,R,20,V3,DZI,D,0.67808,0.41515,0.26293,21,30,146.0,330.0,0,0,6
8483497,Jani Nyman,SEA,R,39,V3,DZI,D,0.70159,0.44204,0.25955,37,41,315.0,647.0,0,3,4
8482749,Joshua Roy,MTL,R,38,V3,DZI,D,0.4918,0.25306,0.23874,54,43,549.0,735.0,0,2,4
8477473,Justin Bailey,SJS,R,59,V3,DZI,D,0.52295,0.29762,0.22534,100,100,501.0,1344.0,1,6,10
8471887,Patric Hornqvist,FLA,R,22,V3,DZI,D,0.56164,0.35714,0.2045,19,24,146.0,406.0,0,0,5
8477357,Saku Maenalanen,WPG,R,64,V3,DZI,D,0.52436,0.32364,0.20072,99,76,698.0,1100.0,1,1,2
8479379,Givani Smith,COL,R,85,V3,DZI,D,0.59821,0.39769,0.20052,90,95,784.0,1300.0,1,2,3
8483516,Jimmy Snuggerud,STL,R,76,V3,DZI,D,0.5805,0.40824,0.17226,124,161,1354.0,3253.0,1,2,8
8482652,Walker Duehr,WPG,R,94,V3,DZI,D,0.57635,0.4146,0.16175,93,103,812.0,1534.0,1,2,16
8481655,Cole Schwindt,FLA,R,76,V3,DZI,D,0.56875,0.40821,0.16054,62,82,640.0,1242.0,1,191,211
8484860,Matvei Gridin,CGY,R,36,V3,DZI,D,0.4731,0.31587,0.15723,43,37,539.0,668.0,0,3,14
8481553,Bobby Brink,MIN,R,204,V3,DZI,D,0.53012,0.39602,0.1341,340,359,2905.0,5934.0,1,35,66
8479644,Matt Luff,STL,R,24,V3,DZI,D,0.44355,0.31105,0.1325,24,32,248.0,344.0,0,0,2
8482088,Justin Sourdif,WSH,R,82,V3,DZI,D,0.51059,0.3796,0.13099,181,169,1841.0,2500.0,1,288,346
8482097,Jack Quinn,BUF,R,258,V3,DZI,D,0.5319,0.40172,0.13018,410,445,4044.0,7097.0,1,14,32
8482713,Mackie Samoskevich,FLA,R,156,V3,DZI,D,0.53166,0.40301,0.12865,203,255,1911.0,4248.0,1,5,9
8481721,Arseny Gritsyuk,NJD,R,66,V3,DZI,D,0.50749,0.38125,0.12623,119,110,1269.0,1899.0,1,3,8
8475855,Jesper Fast,CAR,R,153,V3,DZI,D,0.54672,0.4205,0.12622,343,257,3082.0,3170.0,1,16,19
8480245,Olle Lycksell,OTT,R,52,V3,DZI,D,0.51608,0.39293,0.12316,51,54,684.0,1046.0,1,4,5
8480821,Filip Zadina,SJS,R,102,V3,DZI,D,0.506,0.38486,0.12114,148,211,2000.0,4095.0,1,13,47
8478444,Brock Boeser,VAN,R,304,V3,DZI,D,0.46717,0.34817,0.119,642,602,6351.0,9346.0,1,85,142
8480292,Carson Meyer,CBJ,R,28,V3,DZI,D,0.5105,0.39399,0.11651,35,41,476.0,566.0,0,0,0
8480830,Andrei Svechnikov,CAR,R,274,V3,DZI,D,0.49778,0.3818,0.11598,493,518,5402.0,7648.0,1,12,16
8471218,Blake Wheeler,NYR,R,126,V3,DZI,D,0.49035,0.37496,0.11539,223,187,1968.0,2843.0,1,75,60
8484958,Maxim Tsyplakov,NJD,R,126,V3,DZI,D,0.55662,0.44513,0.11149,190,171,2305.0,3098.0,1,16,19
8479941,Justin Danforth,BUF,R,142,V3,DZI,D,0.52483,0.41751,0.10732,280,293,2900.0,4934.0,1,421,407
8479337,Alex DeBrincat,DET,R,328,V3,DZI,D,0.53459,0.42898,0.10561,665,651,6620.0,11751.0,1,51,65
8475191,Reilly Smith,VGK,R,302,V3,DZI,D,0.51622,0.41233,0.10389,620,510,6381.0,8081.0,1,26,54
8483487,Rutger McGroarty,PIT,R,32,V3,DZI,D,0.45923,0.35771,0.10152,37,34,233.0,506.0,0,8,10
8480789,Oliver Wahlstrom,BOS,R,110,V3,DZI,D,0.55238,0.45226,0.10012,126,108,1365.0,1592.0,1,16,19
8481013,Jonatan Berggren,STL,R,204,V3,DZI,D,0.49327,0.39845,0.09482,323,329,3268.0,4889.0,1,8,17
8477446,Michael McCarron,MIN,R,255,V3,DZI,D,0.54456,0.45036,0.0942,662,488,5364.0,7514.0,1,1196,1009
8482699,Dylan Guenther,UTA,R,227,V3,DZI,D,0.5564,0.46255,0.09385,334,410,3413.0,6529.0,1,38,65
8473504,Cal Clutterbuck,NYI,R,131,V3,DZI,D,0.47921,0.38556,0.09365,274,260,2477.0,3351.0,1,11,22
8478873,Troy Terry,ANA,R,283,V3,DZI,D,0.48138,0.38916,0.09222,492,668,5586.0,11404.0,1,22,35
8484387,Matvei Michkov,PHI,R,161,V3,DZI,D,0.52525,0.43325,0.09199,229,189,2218.0,2959.0,1,11,18
8475799,Nino Niederreiter,WPG,R,297,V3,DZI,D,0.46968,0.37825,0.09143,621,582,6645.0,10776.0,1,32,39
8483756,Jared Wright,LAK,R,22,V3,DZI,D,0.52277,0.43158,0.09119,55,49,505.0,665.0,0,0,1
8479420,Tage Thompson,BUF,R,306,V3,DZI,D,0.5017,0.41343,0.08827,538,637,5284.0,10183.0,1,1164,1492
8477511,Anthony Mantha,PIT,R,235,V3,DZI,D,0.5,0.41185,0.08815,318,337,3670.0,5956.0,1,23,41
8482475,Egor Chinakhov,PIT,R,185,V3,DZI,D,0.5033,0.41534,0.08796,265,320,2728.0,5540.0,1,4,18
8479344,Jesse Puljujarvi,FLA,R,128,V3,DZI,D,0.49967,0.41325,0.08642,192,200,1511.0,3020.0,1,1,8
8482125,Alexander Holtz,VGK,R,183,V3,DZI,D,0.43719,0.35088,0.08631,233,192,2022.0,3058.0,1,14,36
8474586,Jordan Eberle,SEA,R,281,V3,DZI,D,0.4695,0.38371,0.0858,522,577,5853.0,9317.0,1,64,97
8478466,Daniel Sprong,NJD,R,172,V3,DZI,D,0.46295,0.37749,0.08546,179,204,1741.0,3163.0,1,8,11
8484762,Beckett Sennecke,ANA,R,81,V3,DZI,D,0.4771,0.3921,0.085,142,152,2096.0,2683.0,1,0,0
8470621,Corey Perry,TBL,R,288,V3,DZI,D,0.49487,0.41035,0.08452,330,316,4094.0,5834.0,1,19,30
8481517,Brett Leason,WSH,R,190,V3,DZI,D,0.5149,0.43167,0.08323,309,367,2785.0,5766.0,1,40,72
8476453,Nikita Kucherov,TBL,R,317,V3,DZI,D,0.50128,0.41951,0.08177,584,581,7399.0,9778.0,1,0,0
8479343,Clayton Keller,UTA,R,322,V3,DZI,D,0.47045,0.38966,0.08079,624,683,6143.0,10622.0,1,57,82
8481560,Arthur Kaliyev,OTT,R,123,V3,DZI,D,0.49728,0.41995,0.07733,141,143,1285.0,2617.0,1,0,1
8483406,Taylor Ward,LAK,R,36,V3,DZI,D,0.5442,0.46838,0.07582,36,44,362.0,933.0,0,5,6
8480893,Kirill Marchenko,CBJ,R,292,V3,DZI,D,0.47852,0.40464,0.07388,514,587,5820.0,10812.0,1,45,76
8478420,Mikko Rantanen,DAL,R,308,V3,DZI,D,0.49043,0.41932,0.07111,661,693,7106.0,11552.0,1,446,411
8481617,Vasily Podkolzin,EDM,R,221,V3,DZI,D,0.51627,0.448,0.06827,335,322,3535.0,5567.0,1,38,90
8476469,Joel Armia,LAK,R,256,V3,DZI,D,0.4589,0.39094,0.06796,453,428,5134.0,7349.0,1,40,67
8481186,Logan O'Connor,COL,R,231,V3,DZI,D,0.52752,0.45971,0.06781,484,494,5014.0,8414.0,1,16,31
8477953,Kasperi Kapanen,EDM,R,246,V3,DZI,D,0.53588,0.4683,0.06758,414,443,4585.0,7382.0,1,71,108
8476483,Rickard Rakell,PIT,R,293,V3,DZI,D,0.5034,0.43618,0.06722,524,487,4553.0,7545.0,1,88,155
8480995,Pontus Holmberg,TBL,R,229,V3,DZI,D,0.52911,0.46391,0.0652,352,386,3710.0,6734.0,1,305,366
8473449,Kyle Okposo,FLA,R,142,V3,DZI,D,0.48684,0.42317,0.06367,245,289,2280.0,4653.0,1,239,248
8482175,JJ Peterka,UTA,R,317,V3,DZI,D,0.4981,0.4351,0.063,533,547,6312.0,9699.0,1,16,37
8482146,Luke Evangelista,NSH,R,252,V3,DZI,D,0.53741,0.47529,0.06212,362,350,3422.0,6070.0,1,1,7
8485493,David Tomasek,EDM,R,22,V3,DZI,D,0.56575,0.50368,0.06207,27,18,327.0,272.0,0,28,34
8475780,Chris Wagner,COL,R,42,V3,DZI,D,0.49268,0.43214,0.06055,46,43,410.0,641.0,0,59,65
8480441,Trey Fix-Wolansky,CBJ,R,20,V3,DZI,D,0.45353,0.39355,0.05998,24,31,269.0,620.0,0,0,0
8475164,Jakob Silfverberg,ANA,R,162,V3,DZI,D,0.40331,0.34363,0.05968,323,376,2358.0,5244.0,1,24,46
8484210,Gabe Perreault,NYR,R,54,V3,DZI,D,0.4081,0.34904,0.05906,108,92,1284.0,1507.0,1,5,6
8481540,Cole Caufield,MTL,R,291,V3,DZI,D,0.49136,0.4339,0.05746,524,491,5845.0,10205.0,1,17,27
8478366,Frank Vatrano,ANA,R,294,V3,DZI,D,0.44684,0.39055,0.05629,586,694,7054.0,11750.0,1,30,40
8482159,Tyson Foerster,PHI,R,195,V3,DZI,D,0.49702,0.4416,0.05542,390,445,3523.0,7380.0,1,0,2
8478483,Mitch Marner,VGK,R,311,V3,DZI,D,0.50902,0.45452,0.0545,665,533,7373.0,9245.0,1,156,230
8476880,Tom Wilson,WSH,R,260,V3,DZI,D,0.49142,0.43754,0.05388,497,534,5710.0,8813.0,1,18,35
8477949,Alex Tuch,BUF,R,310,V3,DZI,D,0.50096,0.44791,0.05305,555,682,5234.0,11623.0,1,120,157
8477956,David Pastrnak,BOS,R,323,V3,DZI,D,0.49143,0.43973,0.0517,612,570,6475.0,10395.0,1,18,29
8481042,Nikolai Kovalenko,SJS,R,58,V3,DZI,D,0.46228,0.41088,0.05139,94,101,835.0,1470.0,1,0,4
8481601,Simon Holmstrom,NYI,R,279,V3,DZI,D,0.44489,0.39417,0.05072,557,468,5453.0,7276.0,1,7,23
8482659,Josh Doan,BUF,R,144,V3,DZI,D,0.48508,0.43456,0.05052,255,269,2748.0,3912.0,1,34,57
8479390,Taylor Raddysh,NYR,R,299,V3,DZI,D,0.46924,0.41894,0.0503,601,552,6031.0,9333.0,1,24,51
8478856,Conor Garland,CBJ,R,315,V3,DZI,D,0.45867,0.40898,0.04969,671,622,7223.0,10377.0,1,17,34
8476439,Brett Ritchie,UTA,R,50,V3,DZI,D,0.51852,0.46988,0.04864,59,65,351.0,830.0,1,2,2
8475810,Bryan Rust,PIT,R,286,V3,DZI,D,0.47426,0.42591,0.04835,593,497,5381.0,7734.0,1,11,15
8477451,Ryan Hartman,MIN,R,278,V3,DZI,D,0.4871,0.43888,0.04822,555,625,5465.0,11240.0,1,1170,1395
8484177,Lenni Hameenaho,NJD,R,33,V3,DZI,D,0.51016,0.46374,0.04642,76,68,984.0,1117.0,1,0,5
8478432,Christian Fischer,CBJ,R,205,V3,DZI,D,0.42787,0.38258,0.04528,348,405,2634.0,6098.0,1,93,153
8478439,Travis Konecny,PHI,R,295,V3,DZI,D,0.49289,0.44828,0.04462,588,588,6401.0,10092.0,1,95,131
8477416,Oliver Bjorkstrand,TBL,R,322,V3,DZI,D,0.47846,0.43463,0.04383,489,524,5363.0,8628.0,1,32,67
8475913,Mark Stone,VGK,R,226,V3,DZI,D,0.50379,0.46072,0.04307,446,437,5538.0,7994.0,1,8,21
8483525,Danila Yurov,MIN,R,73,V3,DZI,D,0.49597,0.45469,0.04128,89,132,1240.0,2538.0,1,282,420
8480009,Eeli Tolvanen,SEA,R,300,V3,DZI,D,0.47964,0.4386,0.04104,582,582,6361.0,9512.0,1,19,38
8474141,Patrick Kane,DET,R,262,V3,DZI,D,0.50398,0.46313,0.04085,542,500,6149.0,9710.0,1,5,8
8479367,William Lockwood,FLA,R,39,V3,DZI,D,0.54365,0.50347,0.04018,63,36,504.0,576.0,0,4,4
8480208,Drake Batherson,OTT,R,325,V3,DZI,D,0.50458,0.46487,0.03971,573,548,4693.0,8753.0,1,60,83
8478414,Timo Meier,NJD,R,304,V3,DZI,D,0.47687,0.4384,0.03846,746,686,8430.0,11478.0,1,86,135
8479322,Wade Allison,PHI,R,60,V3,DZI,D,0.53323,0.49515,0.03808,107,117,1279.0,1959.0,1,1,5
8482155,Alex Laferriere,LAK,R,239,V3,DZI,D,0.45286,0.41731,0.03556,468,453,5028.0,7673.0,1,191,264
8476981,Josh Anderson,MTL,R,300,V3,DZI,D,0.46841,0.43331,0.03511,645,550,6791.0,10526.0,1,73,55
8482809,Jackson Blake,CAR,R,162,V3,DZI,D,0.46713,0.4329,0.03424,213,192,1993.0,2906.0,1,15,24
8479336,Carl Grundstrom,PHI,R,211,V3,DZI,D,0.49053,0.45714,0.03339,255,264,3009.0,4666.0,1,14,31
8481703,Valtteri Puustinen,PIT,R,65,V3,DZI,D,0.49246,0.46148,0.03098,78,77,597.0,1363.0,1,1,3
8475692,Mats Zuccarello,MIN,R,275,V3,DZI,D,0.45236,0.42225,0.03011,429,525,5562.0,11723.0,1,87,127
8476474,Stefan Noesen,NJD,R,275,V3,DZI,D,0.45032,0.42072,0.0296,432,392,3311.0,5569.0,1,105,121
8479520,Brandon Duhaime,WSH,R,295,V3,DZI,D,0.48424,0.45579,0.02845,596,644,4791.0,9783.0,1,32,59
8482765,Isak Rosen,WPG,R,51,V3,DZI,D,0.50436,0.47645,0.02791,56,66,573.0,913.0,1,2,7
8477501,Valeri Nichushkin,COL,R,221,V3,DZI,D,0.4836,0.45586,0.02774,472,463,4787.0,7103.0,1,4,5
8473512,Claude Giroux,OTT,R,327,V3,DZI,D,0.47659,0.44898,0.02761,837,573,6899.0,8154.0,1,1371,967
8478099,Kevin Labanc,CBJ,R,152,V3,DZI,D,0.43418,0.40749,0.02669,272,274,2370.0,3632.0,1,11,17
8471817,Ryan Reaves,SJS,R,207,V3,DZI,D,0.50094,0.47508,0.02586,219,271,2122.0,4254.0,1,5,14
8477903,Garnet Hathaway,PHI,R,299,V3,DZI,D,0.45112,0.42534,0.02579,614,499,5289.0,7996.0,1,43,36
8474149,Evgenii Dadonov,NJD,R,228,V3,DZI,D,0.42883,0.40444,0.02439,468,350,4454.0,5677.0,1,1,10
8481554,Kaapo Kakko,SEA,R,286,V3,DZI,D,0.46756,0.44894,0.01862,469,453,5195.0,7217.0,1,59,70
8482070,Mitchell Chaffee,TBL,R,107,V3,DZI,D,0.41327,0.39503,0.01824,161,155,1568.0,2534.0,1,9,16
8480281,Alexey Toropchenko,STL,R,295,V3,DZI,D,0.45724,0.4407,0.01654,499,506,4993.0,8171.0,1,7,10
8484158,Easton Cowan,TOR,R,66,V3,DZI,D,0.45973,0.44622,0.01351,103,90,1316.0,1627.0,1,0,2
8475848,Brendan Gallagher,MTL,R,273,V3,DZI,D,0.42411,0.41201,0.0121,511,401,5706.0,7325.0,1,18,30
8477979,Nicolas Aube-Kubel,MIN,R,141,V3,DZI,D,0.45288,0.44108,0.0118,370,343,4361.0,6246.0,1,16,26
8478434,Keegan Kolesar,VGK,R,318,V3,DZI,D,0.47551,0.46379,0.01173,574,542,5554.0,9168.0,1,30,52
8475765,Vladimir Tarasenko,MIN,R,300,V3,DZI,D,0.41782,0.40617,0.01165,596,641,5500.0,10215.0,1,9,12
8484241,Matthew Wood,NSH,R,76,V3,DZI,D,0.33622,0.32692,0.0093,81,101,693.0,1560.0,1,74,117
8479671,Mathieu Olivier,CBJ,R,263,V3,DZI,D,0.4527,0.44363,0.00907,553,603,6406.0,11061.0,1,17,47
8475726,Tyler Toffoli,SJS,R,319,V3,DZI,D,0.44071,0.43252,0.00819,575,588,5203.0,9551.0,1,47,63
8479414,Nathan Bastian,DAL,R,192,V3,DZI,D,0.41947,0.41154,0.00792,320,253,2620.0,4002.0,1,28,49
8478472,Mathieu Joseph,LAK,R,238,V3,DZI,D,0.49233,0.48523,0.0071,394,414,3650.0,5925.0,1,55,86
8482874,Jacob Melanson,SEA,R,37,V3,DZI,D,0.48524,0.48044,0.0048,41,41,542.0,639.0,0,1,0
8471698,T.J. Oshie,WSH,R,110,V3,DZI,D,0.46659,0.46185,0.00475,186,191,1856.0,3237.0,1,23,32
8484911,Collin Graf,SJS,R,120,V3,DZI,D,0.45488,0.45401,0.00087,233,266,2172.0,4621.0,1,7,19
8479977,Kailer Yamamoto,UTA,R,187,V3,DZI,D,0.41751,0.41667,0.00085,281,269,3346.0,4356.0,1,52,97
8485702,Max Shabanov,NYI,R,44,V3,DZI,D,0.42759,0.42771,-0.00011,69,74,877.0,1321.0,1,0,2
8477939,William Nylander,TOR,R,311,V3,DZI,D,0.43294,0.43776,-0.00482,687,516,7202.0,9254.0,1,151,177
8482118,Sam Colangelo,ANA,R,44,V3,DZI,D,0.4443,0.45028,-0.00598,75,81,790.0,1408.0,1,5,11
8480015,Owen Tippett,PHI,R,313,V3,DZI,D,0.48118,0.48801,-0.00682,613,576,5952.0,9838.0,1,48,54
8479315,Joey Anderson,CHI,R,111,V3,DZI,D,0.46529,0.47218,-0.00689,202,205,1599.0,3181.0,1,0,2
8477015,Connor Brown,NJD,R,232,V3,DZI,D,0.43937,0.45253,-0.01316,383,359,4404.0,6773.0,1,26,48
8482679,Matt Coronato,CGY,R,191,V3,DZI,D,0.46379,0.47737,-0.01358,405,459,4239.0,7336.0,1,104,165
8479638,Justin Brazeau,PIT,R,159,V3,DZI,D,0.41845,0.43245,-0.014,198,219,1680.0,3612.0,1,5,18
8483733,Nikita Grebenkin,PHI,R,62,V3,DZI,D,0.41199,0.43928,-0.02729,100,84,1034.0,1334.0,1,5,2
8481624,Ilya Mikheyev,CHI,R,281,V3,DZI,D,0.38779,0.4204,-0.03261,564,613,5944.0,9843.0,1,10,27
8474715,Cam Atkinson,TBL,R,109,V3,DZI,D,0.36835,0.40926,-0.04091,154,156,1561.0,2937.0,1,8,11
8480025,MacKenzie Entwistle,CHI,R,133,V3,DZI,D,0.35371,0.39712,-0.04341,174,219,1456.0,3893.0,1,245,303
8475178,Zack Kassian,UTA,R,51,V3,DZI,D,0.34926,0.39385,-0.04459,73,83,544.0,1074.0,1,3,5
8480825,Patrick Giles,SJS,R,20,V3,DZI,D,0.52574,0.57095,-0.04521,23,23,272.0,296.0,0,40,67
8484186,Ryan Leonard,WSH,R,84,V3,DZI,D,0.41846,0.46393,-0.04547,143,140,1582.0,2412.0,1,5,4
8475968,Alex Belzile,MTL,R,31,V3,DZI,D,0.38742,0.43499,-0.04757,49,44,493.0,623.0,0,91,99
8480205,Emil Bemstrom,PIT,R,125,V3,DZI,D,0.40966,0.4614,-0.05174,168,157,1367.0,2707.0,1,14,20
8483609,Adam Klapka,CGY,R,115,V3,DZI,D,0.45837,0.51724,-0.05887,130,143,1165.0,2610.0,1,18,34
8478495,Denis Gurianov,PHI,R,84,V3,DZI,D,0.37984,0.44413,-0.06429,147,141,1419.0,2488.0,1,0,0
8480822,Martin Kaut,SJS,R,36,V3,DZI,D,0.41794,0.48805,-0.07011,55,53,457.0,795.0,1,2,3
8479328,Julien Gauthier,NYI,R,85,V3,DZI,D,0.39084,0.46468,-0.07384,102,112,655.0,1642.0,1,6,10
8476326,Josh Archibald,PIT,R,62,V3,DZI,D,0.40553,0.48854,-0.08301,89,96,651.0,1396.0,1,0,1
8477392,Hudson Fasching,NYI,R,137,V3,DZI,D,0.39636,0.48666,-0.0903,230,216,2031.0,3672.0,1,5,17
8481058,Jesse Ylonen,MTL,R,96,V3,DZI,D,0.34657,0.45706,-0.11049,135,146,1209.0,2748.0,1,8,5
8482877,Jaroslav Chmelar,NYR,R,28,V3,DZI,D,0.47692,0.58998,-0.11305,26,31,130.0,439.0,0,0,4
8480007,Jonas Rondbjerg,VGK,R,50,V3,DZI,D,0.43434,0.55396,-0.11962,60,63,396.0,1186.0,1,2,6
8484984,Ivan Demidov,MTL,R,84,V3,DZI,D,0.37981,0.51182,-0.13201,78,113,624.0,1946.0,1,0,1
8483890,Braeden Bowman,VGK,R,54,V3,DZI,D,0.36364,0.53448,-0.17085,79,77,858.0,1682.0,1,3,9
8477149,Scott Sabourin,TBL,R,30,V3,DZI,D,0.42574,0.60998,-0.18423,21,40,202.0,441.0,0,0,4
8479942,Dominik Shine,DET,R,27,V3,DZI,D,0.32432,0.52211,-0.19778,25,21,259.0,475.0,0,5,6
8483476,Jonathan Lekkerimäki,VAN,R,37,V3,DZI,D,0.2543,0.48077,-0.22647,28,42,291.0,728.0,0,0,1
8484938,Arttu Hyry,DAL,R,25,V3,DZI,D,0.38542,0.61912,-0.23371,42,31,288.0,638.0,0,104,63
8482758,Ville Koivunen,PIT,R,47,V3,DZI,D,0.28947,0.59581,-0.30633,41,56,380.0,1049.0,0,2,0
8484901,Jacob Quillan,TOR,C,24,V1,NZI,N,0.32647,0.09594,0.23053,32,45,1020.0,1553.0,0,62,86
8478051,Max Willman,NJD,C,27,V1,NZI,N,0.26822,0.08907,0.17916,33,31,1070.0,1235.0,0,2,7
8480870,Bo Groulx,TOR,C,60,V1,NZI,N,0.31112,0.16667,0.14445,88,88,3256.0,2994.0,1,146,186
8477993,Justin Kirkland,CGY,C,50,V1,NZI,N,0.23479,0.09281,0.14198,49,66,1759.0,2004.0,0,113,117
8479550,Tanner Laczynski,VGK,C,51,V1,NZI,N,0.23067,0.10283,0.12784,70,70,2341.0,2509.0,1,97,104
8485512,Tim Washe,ANA,C,40,V1,NZI,N,0.22892,0.1011,0.12782,73,35,2372.0,1088.0,0,196,124
8476867,Brendan Gaunce,CBJ,C,66,V1,NZI,N,0.25775,0.13315,0.1246,112,79,3837.0,2944.0,1,246,200
8483471,Brad Lambert,WPG,C,30,V1,NZI,N,0.22406,0.10008,0.12397,34,38,1272.0,1209.0,0,9,19
8483752,Dominic James,TBL,C,43,V1,NZI,N,0.29946,0.17912,0.12034,59,77,2037.0,3199.0,1,127,135
8475958,Michael Sgarbossa,WSH,C,28,V1,NZI,N,0.30549,0.19379,0.1117,42,42,1676.0,1739.0,0,63,77
8483500,Noah Ostlund,BUF,C,68,V1,NZI,N,0.26209,0.15538,0.10671,98,132,3102.0,4608.0,1,92,190
8477070,Liam O'Brien,UTA,C,196,V1,NZI,N,0.26847,0.16533,0.10314,317,339,10668.0,10821.0,1,16,38
8484142,Denver Barkey,PHI,C,43,V1,NZI,N,0.24467,0.1419,0.10276,83,77,2812.0,2692.0,1,6,9
8480252,Cole Guttman,CHI,C,41,V1,NZI,N,0.20053,0.0998,0.10074,75,57,2633.0,1954.0,1,139,130
8482751,Ryan Winterton,SEA,C,88,V1,NZI,N,0.26728,0.16714,0.10015,135,136,4426.0,4966.0,1,1,6
8481422,Jake Lucchini,NSH,C,54,V1,NZI,N,0.26928,0.1703,0.09898,62,69,2217.0,2660.0,1,44,56
8483930,Ivan Ivan,COL,C,49,V1,NZI,N,0.22388,0.12592,0.09796,48,90,1608.0,3129.0,0,62,92
8484509,Josh Samanski,EDM,C,23,V1,NZI,N,0.22447,0.12748,0.09699,39,33,1136.0,1059.0,0,53,55
8480876,Curtis Douglas,VAN,C,42,V1,NZI,N,0.22144,0.12539,0.09605,56,62,1856.0,1906.0,1,6,7
8479022,Rodrigo Abols,PHI,C,64,V1,NZI,N,0.251,0.1555,0.0955,93,93,3498.0,3119.0,1,216,186
8483512,Matt Savoie,EDM,C,86,V1,NZI,N,0.28079,0.18763,0.09316,155,150,5246.0,5447.0,1,28,39
8479580,Dylan Gambrell,OTT,C,60,V1,NZI,N,0.22797,0.13507,0.0929,94,93,3303.0,3028.0,1,123,141
8478146,Matthew Highmore,OTT,C,50,V1,NZI,N,0.19201,0.09967,0.09234,92,86,2854.0,2739.0,1,7,15
8481491,Noah Philp,CAR,C,32,V1,NZI,N,0.24188,0.15189,0.08999,41,38,1724.0,1376.0,0,102,102
8478078,Rourke Chartier,OTT,C,43,V1,NZI,N,0.24293,0.15322,0.08971,78,51,2334.0,1710.0,1,138,113
8476919,Chris Tierney,NJD,C,88,V1,NZI,N,0.24502,0.15639,0.08863,117,125,4020.0,4105.0,1,191,179
8483431,Logan Cooley,UTA,C,210,V1,NZI,N,0.25243,0.16421,0.08822,302,428,10605.0,14981.0,1,716,1004
8470638,Patrice Bergeron,BOS,C,78,V1,NZI,N,0.21992,0.13187,0.08805,134,100,4056.0,2965.0,1,665,398
8478043,Sam Lafferty,CHI,C,238,V1,NZI,N,0.22274,0.13567,0.08707,393,395,13208.0,12604.0,1,415,450
8482496,Nils Aman,VAN,C,132,V1,NZI,N,0.23181,0.14522,0.0866,158,255,5388.0,7995.0,1,264,393
8484160,Nate Danielson,DET,C,28,V1,NZI,N,0.21171,0.12535,0.08636,42,52,1332.0,1779.0,0,53,86
8481726,Adam Edstrom,NYR,C,97,V1,NZI,N,0.19843,0.11231,0.08613,144,126,4465.0,4185.0,1,7,17
8479546,Oskar Steen,BOS,C,37,V1,NZI,N,0.25258,0.16695,0.08563,59,72,1841.0,2324.0,1,0,3
8482103,Ozzy Wiesblatt,NSH,C,44,V1,NZI,N,0.22406,0.13886,0.0852,68,79,2303.0,2679.0,1,1,4
8477508,Curtis Lazar,EDM,C,212,V1,NZI,N,0.22304,0.13922,0.08381,362,334,11877.0,11004.0,1,588,516
8480326,Sheldon Dries,DET,C,68,V1,NZI,N,0.19921,0.11557,0.08364,86,103,2776.0,3366.0,1,201,211
8483524,Shane Wright,SEA,C,168,V1,NZI,N,0.25092,0.16765,0.08327,218,318,7620.0,11333.0,1,560,762
8479772,Zack MacEwen,NJD,C,110,V1,NZI,N,0.22776,0.14557,0.0822,137,136,4351.0,4273.0,1,40,34
8478400,Colin White,SJS,C,99,V1,NZI,N,0.22212,0.14033,0.0818,139,172,4403.0,5644.0,1,123,185
8478057,Dakota Joshua,TOR,C,254,V1,NZI,N,0.23444,0.15416,0.08028,501,551,16452.0,18040.0,1,76,77
8483505,Matthew Poitras,BOS,C,69,V1,NZI,N,0.23059,0.15071,0.07988,98,123,3851.0,4346.0,1,160,212
8480855,Jack McBain,UTA,C,306,V1,NZI,N,0.25931,0.17964,0.07967,581,602,18989.0,19656.0,1,1076,1134
8474613,Derek Stepan,CAR,C,73,V1,NZI,N,0.26896,0.19004,0.07891,109,78,3640.0,2631.0,1,197,160
8484230,Otto Stenberg,STL,C,32,V1,NZI,N,0.22327,0.1452,0.07807,60,50,2020.0,1832.0,1,4,7
8476392,Adam Lowry,WPG,C,305,V1,NZI,N,0.22978,0.15252,0.07725,800,656,27270.0,22121.0,1,1908,1698
8473544,Derick Brassard,OTT,C,62,V1,NZI,N,0.19158,0.115,0.07658,102,106,3017.0,3226.0,1,113,116
8482259,Bobby McMann,SEA,C,217,V1,NZI,N,0.24157,0.16528,0.07629,406,405,14799.0,14872.0,1,15,24
8480980,Connor Dewar,PIT,C,281,V1,NZI,N,0.23984,0.16395,0.07589,414,383,13905.0,13211.0,1,427,507
8476329,Travis Boyd,MIN,C,101,V1,NZI,N,0.23222,0.15647,0.07575,160,203,5469.0,6864.0,1,407,514
8477935,Sam Bennett,FLA,C,284,V1,NZI,N,0.24742,0.17208,0.07535,585,668,19699.0,22577.0,1,1472,1713
8480901,Karson Kuhlman,WPG,C,47,V1,NZI,N,0.21584,0.14052,0.07532,82,64,2891.0,2078.0,1,0,5
8478542,Evan Rodrigues,FLA,C,300,V1,NZI,N,0.25952,0.18554,0.07398,584,608,20927.0,22152.0,1,519,542
8482201,Gage Goncalves,TBL,C,136,V1,NZI,N,0.23069,0.15719,0.0735,232,256,8453.0,9072.0,1,10,17
8482623,Josh Dunne,BUF,C,44,V1,NZI,N,0.25173,0.17874,0.07298,66,75,2463.0,2484.0,1,89,81
8475842,Sam Carrick,BUF,C,282,V1,NZI,N,0.2085,0.13639,0.07211,428,363,14259.0,12178.0,1,1043,898
8480851,Akil Thomas,LAK,C,32,V1,NZI,N,0.21498,0.14301,0.07197,43,47,1335.0,1846.0,0,21,28
8480840,Oskar Back,DAL,C,145,V1,NZI,N,0.22899,0.15706,0.07193,270,201,9446.0,6609.0,1,103,89
8485402,Michael Misa,SJS,C,44,V1,NZI,N,0.24383,0.17191,0.07193,58,68,2149.0,2577.0,1,155,176
8483553,Marc Gatcomb,NYI,C,88,V1,NZI,N,0.2758,0.20395,0.07185,167,150,5892.0,5271.0,1,6,10
8479944,Zachary Aston-Reese,CBJ,C,186,V1,NZI,N,0.21722,0.14665,0.07056,306,292,10989.0,10194.0,1,13,28
8479365,Trent Frederic,EDM,C,292,V1,NZI,N,0.23215,0.16216,0.06999,568,542,21374.0,19135.0,1,304,361
8484149,Gavin Brindley,COL,C,57,V1,NZI,N,0.25628,0.18681,0.06947,74,77,2669.0,2623.0,1,12,14
8477401,John Hayden,SEA,C,32,V1,NZI,N,0.24268,0.17357,0.06911,47,44,1673.0,1400.0,0,36,37
8476952,Dominic Toninato,CHI,C,33,V1,NZI,N,0.22321,0.15411,0.0691,48,32,1689.0,1155.0,0,82,81
8475231,Casey Cizikas,NYI,C,314,V1,NZI,N,0.25644,0.18861,0.06783,657,534,21736.0,18117.0,1,1340,1072
8478569,Noel Acciari,PIT,C,278,V1,NZI,N,0.23495,0.16718,0.06777,483,369,17276.0,12866.0,1,936,754
8480845,Rasmus Kupari,WPG,C,153,V1,NZI,N,0.24659,0.17894,0.06765,213,195,7709.0,6829.0,1,487,441
8479591,Michael Eyssimont,BOS,C,268,V1,NZI,N,0.23882,0.17208,0.06674,531,499,18005.0,17538.0,1,25,42
8480064,Josh Norris,BUF,C,158,V1,NZI,N,0.20919,0.14311,0.06608,394,352,11965.0,11152.0,1,816,735
8478843,Denis Malgin,COL,C,65,V1,NZI,N,0.23767,0.17208,0.06559,93,97,3223.0,3359.0,1,4,6
8477846,Ryan Carpenter,SJS,C,84,V1,NZI,N,0.22957,0.16516,0.06441,115,106,3916.0,3536.0,1,256,259
8476994,Vinnie Hinostroza,FLA,C,143,V1,NZI,N,0.22105,0.15745,0.0636,217,241,8324.0,8695.0,1,31,43
8484197,Oliver Moore,CHI,C,60,V1,NZI,N,0.20777,0.14492,0.06285,89,100,3013.0,3533.0,1,98,102
8471276,David Krejci,BOS,C,70,V1,NZI,N,0.22258,0.16023,0.06235,79,107,2808.0,4194.0,1,293,336
8477496,Elias Lindholm,BOS,C,306,V1,NZI,N,0.20231,0.14093,0.06138,662,581,22055.0,18903.0,1,2111,1633
8479335,Rasmus Asplund,FLA,C,52,V1,NZI,N,0.22456,0.16338,0.06118,81,73,2761.0,2687.0,1,26,34
8475745,Charlie Coyle,CBJ,C,329,V1,NZI,N,0.22622,0.16516,0.06106,687,630,24114.0,22475.0,1,1703,1562
8477406,Mattias Janmark,EDM,C,260,V1,NZI,N,0.23126,0.17054,0.06072,485,472,17552.0,18207.0,1,148,199
8475760,Nick Bjugstad,NJD,C,281,V1,NZI,N,0.23728,0.17661,0.06066,597,605,20967.0,20089.0,1,1190,1220
8482634,Alex Steeves,BOS,C,54,V1,NZI,N,0.24033,0.17987,0.06046,88,108,3154.0,4253.0,1,2,4
8484221,Calum Ritchie,NYI,C,72,V1,NZI,N,0.20844,0.14824,0.0602,101,143,3579.0,4675.0,1,110,194
8478891,Mason Appleton,DET,C,259,V1,NZI,N,0.229,0.16891,0.06009,608,596,21642.0,21479.0,1,22,39
8478409,Anthony Richard,PHI,C,38,V1,NZI,N,0.17441,0.11525,0.05915,54,64,1852.0,2334.0,1,1,6
8479353,Brett Howden,VGK,C,265,V1,NZI,N,0.24063,0.18203,0.05861,580,528,20953.0,19552.0,1,725,693
8471699,Andrew Cogliano,COL,C,154,V1,NZI,N,0.17823,0.11989,0.05834,209,287,6806.0,8091.0,1,36,53
8473563,Nicklas Backstrom,WSH,C,47,V1,NZI,N,0.20928,0.15205,0.05723,124,81,4482.0,2532.0,1,274,259
8476278,Colin Blackwell,DAL,C,230,V1,NZI,N,0.22768,0.17048,0.0572,391,334,13699.0,11356.0,1,225,232
8470595,Eric Staal,FLA,C,72,V1,NZI,N,0.22105,0.16405,0.05701,132,128,3990.0,4261.0,1,278,284
8480813,Joe Veleno,MTL,C,296,V1,NZI,N,0.21972,0.16286,0.05686,428,487,15793.0,18071.0,1,844,953
8476374,Sean Kuraly,BOS,C,297,V1,NZI,N,0.24753,0.19111,0.05642,524,473,19553.0,17534.0,1,1189,1134
8482896,Tyson Kozak,BUF,C,67,V1,NZI,N,0.23773,0.18159,0.05614,157,138,4993.0,4345.0,1,222,243
8476960,Andreas Athanasiou,CHI,C,117,V1,NZI,N,0.22022,0.16426,0.05596,216,219,7765.0,7616.0,1,161,189
8475225,Craig Smith,DET,C,198,V1,NZI,N,0.234,0.17817,0.05583,347,348,12030.0,12269.0,1,8,21
8479987,Morgan Geekie,BOS,C,303,V1,NZI,N,0.23935,0.18413,0.05523,529,551,19632.0,20448.0,1,713,821
8482460,Matt Rempe,NYR,C,85,V1,NZI,N,0.19296,0.1381,0.05486,99,84,3524.0,2853.0,1,8,18
8480023,Robert Thomas,STL,C,288,V1,NZI,N,0.20844,0.15361,0.05484,644,558,23407.0,19550.0,1,1950,1741
8478904,Steven Lorentz,TOR,C,269,V1,NZI,N,0.21075,0.15624,0.05451,405,395,13699.0,13281.0,1,349,378
8480011,Klim Kostin,SJS,C,144,V1,NZI,N,0.2092,0.15472,0.05448,221,240,7653.0,7950.0,1,13,22
8479718,Alex Barré-Boulet,COL,C,40,V1,NZI,N,0.24135,0.18693,0.05442,58,61,2283.0,2204.0,1,14,15
8478427,Sebastian Aho,CAR,C,311,V1,NZI,N,0.24113,0.18676,0.05437,556,569,21283.0,19983.0,1,1676,1586
8481068,Yegor Sharangovich,CGY,C,307,V1,NZI,N,0.22569,0.17149,0.0542,483,585,17125.0,20648.0,1,270,403
8477409,Carter Verhaeghe,FLA,C,315,V1,NZI,N,0.23579,0.18185,0.05393,644,746,22741.0,26681.0,1,89,129
8482093,Seth Jarvis,CAR,C,307,V1,NZI,N,0.24714,0.19343,0.05371,615,589,23315.0,20809.0,1,124,178
8470604,Jeff Carter,PIT,C,151,V1,NZI,N,0.22778,0.1742,0.05358,235,176,7955.0,5976.0,1,584,366
8484227,Will Smith,SJS,C,143,V1,NZI,N,0.2136,0.16005,0.05355,269,311,9691.0,11609.0,1,65,129
8480829,Jesperi Kotkaniemi,CAR,C,281,V1,NZI,N,0.23951,0.186,0.05351,543,523,19519.0,17914.0,1,1098,1027
8476927,Teddy Blueger,VAN,C,247,V1,NZI,N,0.2255,0.172,0.05351,501,426,16758.0,14221.0,1,1105,968
8477964,Ivan Barbashev,VGK,C,316,V1,NZI,N,0.24442,0.19097,0.05346,610,671,23263.0,24439.0,1,99,172
8481656,Aliaksei Protas,WSH,C,288,V1,NZI,N,0.23016,0.17676,0.0534,553,567,19995.0,20582.0,1,74,102
8482145,Mavrik Bourque,DAL,C,156,V1,NZI,N,0.2182,0.16515,0.05305,302,263,10834.0,9258.0,1,249,282
8482177,Marat Khusnutdinov,BOS,C,168,V1,NZI,N,0.17943,0.12641,0.05303,281,288,9647.0,10316.0,1,257,307
8476461,Sean Couturier,PHI,C,231,V1,NZI,N,0.24149,0.18851,0.05298,528,420,17959.0,14121.0,1,1498,1244
8476393,Nick Cousins,OTT,C,279,V1,NZI,N,0.23682,0.18386,0.05296,481,491,15822.0,16850.0,1,99,105
8478449,Roope Hintz,DAL,C,282,V1,NZI,N,0.1917,0.13897,0.05273,657,622,20913.0,20379.0,1,1175,949
8477493,Aleksander Barkov,FLA,C,208,V1,NZI,N,0.22335,0.17079,0.05256,500,486,16875.0,16301.0,1,1190,978
8475744,Evgeny Kuznetsov,CAR,C,144,V1,NZI,N,0.23462,0.18207,0.05255,240,312,8938.0,10985.0,1,678,794
8475170,Brayden Schenn,NYI,C,326,V1,NZI,N,0.21619,0.16387,0.05231,677,637,25242.0,22920.0,1,1526,1545
8477987,Ryan Donato,CHI,C,311,V1,NZI,N,0.22996,0.17767,0.05228,479,612,17812.0,22665.0,1,449,566
8481596,Shane Pinto,OTT,C,265,V1,NZI,N,0.20189,0.1502,0.05169,607,572,19813.0,18582.0,1,1338,1268
8480028,Morgan Frost,CGY,C,314,V1,NZI,N,0.19941,0.14786,0.05155,603,618,20345.0,20770.0,1,1557,1550
8478445,Mathew Barzal,NYI,C,249,V1,NZI,N,0.24906,0.19784,0.05123,467,502,17851.0,19400.0,1,353,551
8480798,Philipp Kurashev,SJS,C,238,V1,NZI,N,0.2014,0.15023,0.05118,426,479,15675.0,17753.0,1,250,295
8473533,Jordan Staal,CAR,C,311,V1,NZI,N,0.24174,0.19058,0.05117,924,713,31029.0,23282.0,1,2356,1772
8473604,Jonathan Toews,WPG,C,134,V1,NZI,N,0.18578,0.1348,0.05098,303,193,11395.0,6669.0,1,888,544
8482092,Ridly Greig,OTT,C,247,V1,NZI,N,0.22066,0.16975,0.05091,507,509,16573.0,16283.0,1,567,581
8480289,Morgan Barron,WPG,C,289,V1,NZI,N,0.23932,0.18848,0.05084,496,476,17349.0,16628.0,1,335,348
8476826,Yanni Gourde,TBL,C,300,V1,NZI,N,0.25666,0.20619,0.05048,688,695,25660.0,26699.0,1,1426,1514
8480185,Eetu Luostarinen,FLA,C,317,V1,NZI,N,0.23083,0.18048,0.05036,713,684,23827.0,24164.0,1,346,411
8482113,Anton Lundell,FLA,C,294,V1,NZI,N,0.23255,0.18274,0.04981,627,592,20899.0,21315.0,1,1420,1308
8477996,Juho Lammikko,NJD,C,24,V1,NZI,N,0.23202,0.1823,0.04973,46,27,1655.0,949.0,0,53,54
8478585,Derek Ryan,EDM,C,186,V1,NZI,N,0.21723,0.16766,0.04957,305,261,10468.0,8231.0,1,465,347
8484164,Dalibor Dvorsky,STL,C,72,V1,NZI,N,0.19014,0.14068,0.04945,123,123,4197.0,4535.0,1,296,343
8480835,Jack Drury,COL,C,265,V1,NZI,N,0.21873,0.16948,0.04925,537,372,17963.0,12031.0,1,1176,859
8482702,Logan Stankoven,CAR,C,183,V1,NZI,N,0.24348,0.1947,0.04878,353,350,13496.0,12455.0,1,443,538
8477933,Sam Reinhart,FLA,C,307,V1,NZI,N,0.22845,0.17997,0.04848,678,689,23624.0,24926.0,1,429,507
8480039,Martin Necas,COL,C,316,V1,NZI,N,0.23372,0.18559,0.04813,672,684,24315.0,24252.0,1,235,330
8477952,Robby Fabbri,MIN,C,161,V1,NZI,N,0.22114,0.17314,0.048,248,273,9026.0,10835.0,1,84,104
8483489,Fraser Minten,BOS,C,107,V1,NZI,N,0.22611,0.1782,0.04791,223,216,8058.0,7991.0,1,445,459
8478458,Jack Roslovic,EDM,C,285,V1,NZI,N,0.23451,0.18677,0.04774,509,563,18767.0,21529.0,1,648,680
8484801,Macklin Celebrini,SJS,C,152,V1,NZI,N,0.21696,0.16938,0.04758,322,378,12431.0,14488.0,1,928,1036
8481019,David Gustafsson,WPG,C,121,V1,NZI,N,0.22406,0.17676,0.0473,149,158,5213.0,5584.0,1,280,251
8482947,Zakhar Bardakov,COL,C,59,V1,NZI,N,0.23682,0.18968,0.04714,40,71,1423.0,2404.0,0,72,97
8477450,Jason Dickinson,EDM,C,283,V1,NZI,N,0.20862,0.16151,0.04711,603,619,22361.0,21577.0,1,1456,1426
8477503,Max Domi,TOR,C,314,V1,NZI,N,0.20819,0.16148,0.04671,635,572,21298.0,19674.0,1,1064,998
8476822,Luke Glendening,PHI,C,298,V1,NZI,N,0.21341,0.16689,0.04652,526,386,16691.0,12158.0,1,1326,962
8470794,Joe Pavelski,DAL,C,164,V1,NZI,N,0.20866,0.16219,0.04647,381,345,12465.0,11474.0,1,586,536
8483690,Noah Laba,NYR,C,74,V1,NZI,N,0.24274,0.19642,0.04633,125,119,4445.0,4465.0,1,295,284
8479996,Cody Glass,NJD,C,248,V1,NZI,N,0.19876,0.15281,0.04595,472,434,15506.0,14907.0,1,1037,959
8479415,Michael McLeod,NJD,C,125,V1,NZI,N,0.23646,0.19064,0.04582,284,173,9638.0,5938.0,1,796,471
8482074,Connor Zary,CGY,C,191,V1,NZI,N,0.21901,0.17335,0.04566,342,399,11844.0,13983.0,1,191,254
8478424,Jansen Harkins,ANA,C,173,V1,NZI,N,0.21727,0.17166,0.04561,272,216,9541.0,7771.0,1,167,168
8476419,Jean-Gabriel Pageau,NYI,C,305,V1,NZI,N,0.21283,0.1673,0.04553,718,503,23192.0,16473.0,1,1852,1324
8476399,Blake Coleman,CGY,C,310,V1,NZI,N,0.21198,0.16658,0.04539,729,714,24432.0,23994.0,1,84,91
8476448,William Karlsson,VGK,C,220,V1,NZI,N,0.22441,0.17982,0.04459,405,376,15013.0,13636.0,1,1299,983
8480144,David Kampf,WSH,C,259,V1,NZI,N,0.22883,0.1849,0.04393,469,406,16925.0,14440.0,1,1198,1008
8477380,Jonny Brodzinski,NYR,C,180,V1,NZI,N,0.21486,0.171,0.04386,303,275,10202.0,9111.0,1,307,303
8476872,Scott Laughton,LAK,C,303,V1,NZI,N,0.20309,0.15937,0.04372,622,595,20178.0,20142.0,1,1215,1167
8481577,Philip Tomasino,PIT,C,142,V1,NZI,N,0.21393,0.17024,0.04369,218,235,7736.0,8582.0,1,19,31
8476889,Radek Faksa,DAL,C,283,V1,NZI,N,0.22195,0.17846,0.04349,574,442,19094.0,15342.0,1,1000,772
8477934,Leon Draisaitl,EDM,C,297,V1,NZI,N,0.25655,0.21313,0.04342,775,663,29012.0,25234.0,1,1928,1607
8482726,Samuel Helenius,LAK,C,102,V1,NZI,N,0.20116,0.15805,0.04311,129,131,4489.0,4682.0,1,242,281
8481477,Nico Sturm,MIN,C,249,V1,NZI,N,0.19127,0.1484,0.04287,466,334,14665.0,10970.0,1,1163,824
8474189,Lars Eller,OTT,C,314,V1,NZI,N,0.22549,0.18281,0.04269,557,489,18719.0,17308.0,1,1452,1270
8474150,Mikael Backlund,CGY,C,321,V1,NZI,N,0.21571,0.17305,0.04266,747,733,25048.0,24756.0,1,2138,2047
8482691,Aatu Räty,VAN,C,113,V1,NZI,N,0.21567,0.17305,0.04262,166,129,5541.0,4259.0,1,577,407
8479972,Mason Shaw,MIN,C,79,V1,NZI,N,0.25556,0.21314,0.04242,90,83,2966.0,3181.0,1,19,12
8479525,Ross Colton,COL,C,294,V1,NZI,N,0.22277,0.18057,0.04219,583,554,19581.0,18984.0,1,549,511
8483570,Ben Meyers,SEA,C,121,V1,NZI,N,0.22593,0.18378,0.04215,190,162,6626.0,5572.0,1,318,288
8477919,Frederick Gaudreau,SEA,C,298,V1,NZI,N,0.20936,0.16772,0.04164,491,534,17859.0,19628.0,1,1192,1279
8474564,Steven Stamkos,NSH,C,323,V1,NZI,N,0.21469,0.17328,0.04141,696,593,25013.0,21387.0,1,1159,988
8476468,J.T. Miller,NYR,C,302,V1,NZI,N,0.20036,0.15945,0.0409,759,626,24671.0,20633.0,1,1731,1264
8480012,Elias Pettersson,VAN,C,299,V1,NZI,N,0.20875,0.16813,0.04061,507,633,17744.0,22054.0,1,1498,1721
8481481,Blake Lizotte,PIT,C,257,V1,NZI,N,0.21815,0.1777,0.04045,447,360,14852.0,12600.0,1,849,789
8483676,Stephen Halliday,OTT,C,30,V1,NZI,N,0.22549,0.18519,0.04031,23,26,612.0,918.0,0,23,38
8478010,Brayden Point,TBL,C,303,V1,NZI,N,0.2255,0.18528,0.04022,614,590,23126.0,22204.0,1,1157,1291
8480014,Gabriel Vilardi,WPG,C,262,V1,NZI,N,0.22636,0.18624,0.04012,500,496,19716.0,18723.0,1,138,168
8483450,Ryan Greene,CHI,C,83,V1,NZI,N,0.21102,0.17099,0.04003,140,178,5227.0,6714.0,1,234,308
8484144,Connor Bedard,CHI,C,219,V1,NZI,N,0.2091,0.16923,0.03986,428,570,16399.0,21225.0,1,691,995
8478874,Adam Gaudette,SJS,C,149,V1,NZI,N,0.20845,0.16865,0.0398,218,213,7455.0,7151.0,1,279,298
8476456,Jonathan Huberdeau,CGY,C,291,V1,NZI,N,0.18791,0.1483,0.03961,664,726,21526.0,22805.0,1,31,51
8474053,Logan Couture,SJS,C,88,V1,NZI,N,0.16823,0.12867,0.03957,202,227,6271.0,7298.0,1,552,564
8478440,Dylan Strome,WSH,C,325,V1,NZI,N,0.22236,0.18285,0.03952,609,611,22369.0,23085.0,1,1916,1775
8478401,Pavel Zacha,BOS,C,320,V1,NZI,N,0.20035,0.16097,0.03938,513,550,17060.0,19979.0,1,1177,1050
8476432,Boone Jenner,CBJ,C,219,V1,NZI,N,0.21282,0.17351,0.0393,506,467,18382.0,16817.0,1,1164,1005
8479547,Matthew Phillips,WSH,C,33,V1,NZI,N,0.22889,0.19016,0.03873,36,38,1350.0,1483.0,0,1,2
8474870,Tyler Johnson,BOS,C,132,V1,NZI,N,0.16192,0.12321,0.03871,240,233,9091.0,8035.0,1,165,197
8484136,Max Sasson,VAN,C,95,V1,NZI,N,0.20101,0.16245,0.03856,137,170,4756.0,5768.0,1,158,216
8478519,Anthony Cirelli,TBL,C,288,V1,NZI,N,0.22969,0.19117,0.03852,673,631,23436.0,23032.0,1,1488,1449
8479385,Jordan Kyrou,STL,C,314,V1,NZI,N,0.20976,0.17137,0.03838,623,612,23322.0,22372.0,1,13,33
8471215,Evgeni Malkin,PIT,C,288,V1,NZI,N,0.20425,0.16593,0.03832,542,619,18810.0,21340.0,1,1131,1245
8476873,Mark Jankowski,CAR,C,210,V1,NZI,N,0.22673,0.18852,0.03821,371,355,12160.0,12232.0,1,723,636
8478402,Connor McDavid,EDM,C,306,V1,NZI,N,0.24565,0.20744,0.03821,690,739,26692.0,27834.0,1,1578,1567
8480853,Liam Foudy,NYI,C,78,V1,NZI,N,0.20379,0.16587,0.03792,139,121,4588.0,4630.0,1,2,5
8480078,Filip Chytil,VAN,C,152,V1,NZI,N,0.21517,0.17786,0.03731,213,318,7989.0,11869.0,1,519,688
8482149,Cole Perfetti,WPG,C,271,V1,NZI,N,0.22771,0.19044,0.03728,400,457,15199.0,17922.0,1,50,104
8478438,Tommy Novak,PIT,C,258,V1,NZI,N,0.21147,0.17456,0.03691,368,483,13529.0,16390.0,1,618,847
8477126,Jayson Megna,BOS,C,56,V1,NZI,N,0.19913,0.16227,0.03687,68,67,2305.0,2348.0,1,132,116
8475794,Tyler Seguin,DAL,C,191,V1,NZI,N,0.21309,0.17637,0.03672,433,320,15214.0,11334.0,1,813,654
8476913,Devin Shore,MIN,C,123,V1,NZI,N,0.20192,0.16524,0.03668,165,150,5527.0,5144.0,1,155,155
8482745,Mason McTavish,ANA,C,294,V1,NZI,N,0.19264,0.15668,0.03595,595,548,20152.0,18764.0,1,1316,1413
8480459,Pius Suter,STL,C,290,V1,NZI,N,0.21193,0.17611,0.03582,525,550,18652.0,19221.0,1,848,981
8479370,Tyson Jost,NSH,C,221,V1,NZI,N,0.21574,0.18,0.03574,307,372,11375.0,13650.0,1,336,456
8476454,Ryan Nugent-Hopkins,EDM,C,311,V1,NZI,N,0.22386,0.18813,0.03573,605,608,22407.0,22235.0,1,801,835
8478020,Michael Amadio,OTT,C,293,V1,NZI,N,0.22151,0.18583,0.03568,615,549,21385.0,19222.0,1,149,145
8475166,John Tavares,TOR,C,317,V1,NZI,N,0.20301,0.16761,0.03541,785,518,26870.0,18072.0,1,2267,1617
8481528,Dylan Cozens,OTT,C,324,V1,NZI,N,0.19461,0.15923,0.03539,646,675,22275.0,22867.0,1,1570,1549
8481237,Kyle MacLean,NYI,C,172,V1,NZI,N,0.24943,0.21408,0.03535,288,260,9702.0,9599.0,1,403,450
8475168,Matt Duchene,DAL,C,290,V1,NZI,N,0.21121,0.17613,0.03507,631,526,23238.0,18923.0,1,976,832
8476925,Colton Sissons,VGK,C,301,V1,NZI,N,0.21706,0.18211,0.03495,674,569,22809.0,19400.0,1,1342,1052
8480806,Isac Lundeström,CBJ,C,254,V1,NZI,N,0.17513,0.14045,0.03468,433,420,15286.0,14767.0,1,801,831
8474683,Derek Grant,ANA,C,46,V1,NZI,N,0.1627,0.12862,0.03408,89,78,2858.0,2970.0,1,172,131
8482665,Matty Beniers,SEA,C,320,V1,NZI,N,0.21008,0.17605,0.03404,602,758,22291.0,26993.0,1,1724,1996
8476539,Jonathan Marchessault,NSH,C,298,V1,NZI,N,0.22355,0.1897,0.03386,570,546,19973.0,19916.0,1,56,119
8478508,Yakov Trenin,MIN,C,311,V1,NZI,N,0.22706,0.19325,0.03381,546,555,19995.0,20233.0,1,134,177
8480355,Mark Kastelic,BOS,C,271,V1,NZI,N,0.21951,0.18571,0.0338,503,365,15717.0,12509.0,1,880,652
8479991,Jake Leschyshyn,NYR,C,36,V1,NZI,N,0.1892,0.15564,0.03356,61,57,1908.0,1844.0,1,110,113
8479351,Sam Steel,DAL,C,294,V1,NZI,N,0.21117,0.17762,0.03355,571,529,21807.0,19401.0,1,628,598
8480802,Ryan McLeod,BUF,C,298,V1,NZI,N,0.20736,0.17389,0.03347,620,595,21345.0,20387.0,1,1418,1376
8478831,Kevin Stenlund,UTA,C,296,V1,NZI,N,0.22632,0.19338,0.03294,494,412,15942.0,13874.0,1,1368,1038
8479968,Vinni Lettieri,BOS,C,73,V1,NZI,N,0.18752,0.15513,0.03239,98,103,3541.0,3842.0,1,46,48
8480880,Jakub Lauko,BOS,C,139,V1,NZI,N,0.19988,0.16795,0.03193,252,250,8225.0,8449.0,1,8,19
8478403,Jack Eichel,VGK,C,282,V1,NZI,N,0.22974,0.19813,0.03161,515,606,19709.0,21597.0,1,1562,1770
8484829,Justin Hryckowian,DAL,C,86,V1,NZI,N,0.23203,0.20043,0.0316,149,139,5245.0,5079.0,1,167,121
8471685,Anze Kopitar,LAK,C,310,V1,NZI,N,0.21799,0.18651,0.03148,727,598,25726.0,21731.0,1,2240,1747
8477960,Adrian Kempe,LAK,C,320,V1,NZI,N,0.21404,0.18275,0.03129,736,646,25757.0,22763.0,1,57,106
8479318,Auston Matthews,TOR,C,282,V1,NZI,N,0.21084,0.17967,0.03117,783,644,25911.0,22519.0,1,2112,1690
8477951,Nick Schmaltz,UTA,C,305,V1,NZI,N,0.22474,0.19397,0.03077,620,701,21785.0,25684.0,1,606,754
8475172,Nazem Kadri,COL,C,323,V1,NZI,N,0.19233,0.16193,0.0304,679,816,21994.0,26401.0,1,1871,2128
8482124,Quinton Byfield,LAK,C,292,V1,NZI,N,0.20617,0.176,0.03016,632,667,22176.0,23363.0,1,846,982
8480848,Ty Dellandrea,SJS,C,238,V1,NZI,N,0.19793,0.1678,0.03013,433,353,14657.0,13254.0,1,531,507
8481523,Kirby Dach,MTL,C,154,V1,NZI,N,0.20354,0.1737,0.02985,259,344,10219.0,13207.0,1,211,325
8475151,Kyle Palmieri,NYI,C,244,V1,NZI,N,0.21257,0.18275,0.02982,498,480,16931.0,17603.0,1,31,52
8475798,Mikael Granlund,ANA,C,289,V1,NZI,N,0.18925,0.1597,0.02955,595,652,21501.0,23350.0,1,1075,1163
8475752,Tyler Pitlick,MIN,C,127,V1,NZI,N,0.23767,0.20843,0.02924,200,168,6934.0,6002.0,1,5,18
8475754,Brock Nelson,COL,C,324,V1,NZI,N,0.21676,0.18754,0.02921,665,677,22320.0,23904.0,1,1753,1825
8484166,Adam Fantilli,CBJ,C,213,V1,NZI,N,0.21144,0.18226,0.02917,418,481,16317.0,17963.0,1,986,1188
8476310,Lukas Sedlak,PHI,C,30,V1,NZI,N,0.19204,0.16292,0.02911,46,47,1432.0,1559.0,0,77,82
8484471,Emmitt Finnie,DET,C,82,V1,NZI,N,0.20627,0.17732,0.02895,176,166,5740.0,6226.0,1,42,42
8481147,Reese Johnson,MIN,C,102,V1,NZI,N,0.23641,0.20768,0.02873,136,129,4763.0,5003.0,1,132,105
8475793,Ryan Johansen,COL,C,118,V1,NZI,N,0.19116,0.1627,0.02847,217,185,6994.0,6552.0,1,665,518
8476624,Barclay Goodrow,SJS,C,321,V1,NZI,N,0.2189,0.19045,0.02845,591,524,19767.0,18493.0,1,599,574
8476897,Oskar Sundqvist,STL,C,257,V1,NZI,N,0.21251,0.18415,0.02836,392,432,13303.0,14684.0,1,589,762
8483447,Conor Geekie,TBL,C,66,V1,NZI,N,0.20475,0.17684,0.0279,124,140,3751.0,5208.0,1,99,133
8481618,Alex Newhook,MTL,C,261,V1,NZI,N,0.19323,0.16535,0.02788,379,515,13859.0,18875.0,1,684,884
8476459,Mika Zibanejad,NYR,C,326,V1,NZI,N,0.19297,0.16531,0.02766,838,741,29123.0,25769.0,1,1853,1725
8478967,Lane Pederson,PHI,C,32,V1,NZI,N,0.24217,0.2148,0.02737,52,47,1821.0,1797.0,0,82,77
8476460,Mark Scheifele,WPG,C,318,V1,NZI,N,0.22258,0.19534,0.02724,559,641,23326.0,25898.0,1,1850,2023
8480074,Alexandre Texier,MTL,C,160,V1,NZI,N,0.20471,0.17838,0.02633,304,306,10913.0,11128.0,1,6,19
8477989,Christian Dvorak,PHI,C,256,V1,NZI,N,0.18576,0.15969,0.02607,527,491,18621.0,17252.0,1,1440,1175
8482703,Colton Dach,EDM,C,85,V1,NZI,N,0.20687,0.18088,0.02599,130,140,4950.0,4854.0,1,28,45
8480021,Jack Studnicka,FLA,C,89,V1,NZI,N,0.18312,0.1576,0.02552,118,180,3910.0,5939.0,1,146,192
8478512,Austin Czarnik,DET,C,63,V1,NZI,N,0.19245,0.16729,0.02516,70,97,2515.0,3228.0,1,163,190
8477492,Nathan MacKinnon,COL,C,312,V1,NZI,N,0.2013,0.17652,0.02479,814,982,27958.0,33368.0,1,2107,2371
8475158,Ryan O'Reilly,NSH,C,294,V1,NZI,N,0.19257,0.16787,0.0247,760,574,25990.0,19342.0,1,1954,1529
8473453,Trevor Lewis,LAK,C,224,V1,NZI,N,0.19253,0.16811,0.02442,321,320,10684.0,10963.0,1,286,362
8476881,Tomas Hertl,VGK,C,289,V1,NZI,N,0.20534,0.18101,0.02433,635,547,22353.0,19618.0,1,1875,1487
8481533,Trevor Zegras,PHI,C,250,V1,NZI,N,0.19668,0.17249,0.02419,425,525,16123.0,19868.0,1,431,695
8477887,Patrick Brown,BOS,C,87,V1,NZI,N,0.21812,0.19406,0.02406,126,106,3952.0,3772.0,1,179,170
8481532,Alex Turcotte,LAK,C,154,V1,NZI,N,0.1765,0.1528,0.0237,280,245,9190.0,8534.0,1,320,306
8480018,Nick Suzuki,MTL,C,328,V1,NZI,N,0.21645,0.19282,0.02363,795,747,29319.0,28514.0,1,2015,1970
8476905,Chandler Stephenson,SEA,C,313,V1,NZI,N,0.2006,0.17718,0.02342,610,584,21510.0,20634.0,1,1890,1662
8481522,Peyton Krebs,BUF,C,317,V1,NZI,N,0.20567,0.18266,0.023,578,624,21282.0,22681.0,1,938,1076
8485414,Ben Kindel,PIT,C,77,V1,NZI,N,0.2471,0.2244,0.02269,102,156,3873.0,5753.0,1,232,326
8481704,Juuso Parssinen,NYR,C,157,V1,NZI,N,0.20701,0.18436,0.02265,276,290,9386.0,9823.0,1,323,375
8474641,Adam Henrique,EDM,C,289,V1,NZI,N,0.19162,0.16897,0.02265,569,506,20379.0,17577.0,1,1156,921
8483424,Owen Beck,MTL,C,28,V1,NZI,N,0.17131,0.14904,0.02227,39,30,1436.0,1201.0,0,66,51
8477021,Alexander Kerfoot,UTA,C,278,V1,NZI,N,0.22179,0.20069,0.02111,543,507,18711.0,17405.0,1,617,583
8476480,Vladislav Namestnikov,WPG,C,293,V1,NZI,N,0.21938,0.1983,0.02108,446,554,15498.0,20635.0,1,611,866
8479393,Noah Gregor,FLA,C,209,V1,NZI,N,0.20212,0.18319,0.01893,336,363,10944.0,12681.0,1,41,49
8475714,Calle Jarnkrok,TOR,C,200,V1,NZI,N,0.19079,0.17217,0.01862,377,287,11730.0,10141.0,1,80,87
8474009,Nick Bonino,NYR,C,107,V1,NZI,N,0.17648,0.15787,0.01861,161,166,4975.0,5042.0,1,312,310
8479346,Dillon Dube,CGY,C,125,V1,NZI,N,0.17832,0.16002,0.0183,229,228,7537.0,7349.0,1,40,47
8480068,Ryan Poehling,ANA,C,272,V1,NZI,N,0.2168,0.19891,0.01789,536,493,17611.0,16837.0,1,1191,1151
8484153,Leo Carlsson,ANA,C,200,V1,NZI,N,0.19902,0.18173,0.01729,370,471,13054.0,17372.0,1,774,1101
8478493,Joel Eriksson Ek,MIN,C,271,V1,NZI,N,0.22467,0.20739,0.01728,610,687,21369.0,24567.0,1,1556,1711
8477946,Dylan Larkin,DET,C,304,V1,NZI,N,0.20414,0.18689,0.01725,708,665,25130.0,23698.0,1,1988,1773
8479675,Trevor Moore,LAK,C,280,V1,NZI,N,0.20451,0.18759,0.01693,656,602,23128.0,21281.0,1,23,68
8479999,Casey Mittelstadt,BOS,C,314,V1,NZI,N,0.19239,0.17566,0.01673,537,649,20266.0,24081.0,1,1127,1341
8473548,Phil Kessel,VGK,C,82,V1,NZI,N,0.17942,0.16274,0.01668,139,121,5267.0,4203.0,1,5,7
8482110,Dawson Mercer,NJD,C,328,V1,NZI,N,0.18644,0.16976,0.01668,716,676,24791.0,23887.0,1,348,491
8477497,Sean Monahan,CBJ,C,240,V1,NZI,N,0.19782,0.18122,0.0166,545,436,18062.0,15556.0,1,1490,1284
8477500,Bo Horvat,NYI,C,309,V1,NZI,N,0.21449,0.1982,0.01629,704,588,24850.0,21332.0,1,2122,1686
8483464,Marco Kasper,DET,C,159,V1,NZI,N,0.19935,0.18423,0.01512,298,301,10228.0,10514.0,1,472,510
8482660,Kent Johnson,CBJ,C,265,V1,NZI,N,0.18717,0.17209,0.01508,437,487,15911.0,18055.0,1,43,108
8481580,Connor McMichael,WSH,C,246,V1,NZI,N,0.18864,0.17371,0.01494,450,574,16486.0,19792.0,1,523,697
8479992,Michael Rasmussen,DET,C,272,V1,NZI,N,0.18121,0.16762,0.01359,500,561,16467.0,19323.0,1,412,449
8476389,Vincent Trocheck,NYR,C,313,V1,NZI,N,0.21043,0.19711,0.01333,697,539,27025.0,20329.0,1,2108,1575
8482740,Wyatt Johnston,DAL,C,328,V1,NZI,N,0.19478,0.18164,0.01314,693,613,23267.0,21708.0,1,1084,1140
8479316,Luke Kunin,FLA,C,246,V1,NZI,N,0.19086,0.17773,0.01313,415,437,13596.0,15242.0,1,491,517
8478462,Nicolas Roy,COL,C,279,V1,NZI,N,0.22231,0.20934,0.01297,610,609,20642.0,21348.0,1,1214,1259
8482737,Zachary Bolduc,MTL,C,175,V1,NZI,N,0.21365,0.20098,0.01267,303,285,11238.0,10852.0,1,21,25
8482079,Marco Rossi,VAN,C,232,V1,NZI,N,0.20418,0.19162,0.01256,417,424,17039.0,17138.0,1,1013,1152
8484800,Berkly Catton,SEA,C,65,V1,NZI,N,0.22097,0.20929,0.01168,75,102,2833.0,3617.0,1,60,79
8481556,John Beecher,CGY,C,165,V1,NZI,N,0.18405,0.17275,0.0113,294,235,9128.0,7485.0,1,529,471
8471675,Sidney Crosby,PIT,C,312,V1,NZI,N,0.18977,0.17885,0.01092,1021,916,32998.0,29533.0,1,2895,2367
8480849,Barrett Hayton,UTA,C,264,V1,NZI,N,0.20464,0.19431,0.01033,526,495,17289.0,16587.0,1,1356,1283
8476479,Phillip Danault,MTL,C,315,V1,NZI,N,0.20345,0.19318,0.01027,698,624,25048.0,22616.0,1,1867,1596
8477429,Andrew Copp,DET,C,296,V1,NZI,N,0.1887,0.17886,0.00984,653,615,22602.0,22398.0,1,1631,1464
8475343,Nic Dowd,VGK,C,286,V1,NZI,N,0.20968,0.20029,0.00939,571,508,20126.0,17420.0,1,1501,1385
8482859,Zack Ostapchuk,SJS,C,121,V1,NZI,N,0.2217,0.21244,0.00926,202,192,6554.0,6416.0,1,343,346
8475278,Byron Froese,VGK,C,25,V1,NZI,N,0.2077,0.19875,0.00894,49,31,1637.0,1122.0,0,88,60
8477460,Laurent Dauphin,UTA,C,21,V1,NZI,N,0.12894,0.12175,0.00719,29,29,1109.0,1117.0,0,81,71
8480259,Ben Jones,MIN,C,54,V1,NZI,N,0.17884,0.17172,0.00711,71,54,2561.0,1945.0,1,77,76
8478133,Jake Evans,MTL,C,286,V1,NZI,N,0.18469,0.17845,0.00624,606,529,21257.0,19748.0,1,1430,1183
8480003,Jesper Boqvist,FLA,C,268,V1,NZI,N,0.19002,0.18444,0.00558,443,489,14025.0,16721.0,1,214,376
8481559,Jack Hughes,NJD,C,263,V1,NZI,N,0.22214,0.21713,0.00501,421,599,15882.0,23194.0,1,607,1069
8483432,Luca Del Bel Belluz,CBJ,C,30,V1,NZI,N,0.15525,0.15083,0.00442,32,44,1153.0,1505.0,0,89,124
8475768,Jaden Schwartz,SEA,C,264,V1,NZI,N,0.17726,0.17302,0.00424,499,624,17821.0,22124.0,1,91,103
8476458,Ryan Strome,CGY,C,294,V1,NZI,N,0.16686,0.16298,0.00387,538,639,18423.0,22039.0,1,1061,1396
8483468,Jiri Kulich,BUF,C,75,V1,NZI,N,0.17257,0.16872,0.00385,142,159,4798.0,5429.0,1,292,348
8482775,Oliver Kapanen,MTL,C,100,V1,NZI,N,0.19068,0.1869,0.00378,136,170,4762.0,6105.0,1,272,329
8482090,Jack Finley,STL,C,44,V1,NZI,N,0.21493,0.21331,0.00162,65,66,2117.0,2119.0,1,166,166
8480002,Nico Hischier,NJD,C,309,V1,NZI,N,0.176,0.17533,0.00066,879,815,29756.0,27827.0,1,2521,2074
8481028,Martin Pospisil,CGY,C,166,V1,NZI,N,0.19059,0.19078,-0.00019,320,402,10095.0,12706.0,1,108,146
8479366,Logan Brown,STL,C,30,V1,NZI,N,0.18192,0.18248,-0.00056,27,46,885.0,1655.0,0,55,99
8477505,Alexander Wennberg,SJS,C,319,V1,NZI,N,0.17782,0.17848,-0.00066,607,743,21915.0,26513.0,1,1638,1780
8482148,Hendrix Lapierre,WSH,C,152,V1,NZI,N,0.1986,0.2,-0.0014,160,217,5876.0,7900.0,1,260,402
8479514,Rem Pitlick,CHI,C,55,V1,NZI,N,0.2011,0.20283,-0.00173,86,97,3282.0,4028.0,1,26,37
8482705,Cole Sillinger,CBJ,C,288,V1,NZI,N,0.1901,0.19279,-0.0027,588,573,20458.0,21505.0,1,943,1110
8481543,Nikita Alexandrov,STL,C,51,V1,NZI,N,0.20896,0.21409,-0.00514,54,83,1809.0,2952.0,1,89,148
8482768,Fedor Svechkov,NSH,C,121,V1,NZI,N,0.16358,0.16882,-0.00524,151,221,5343.0,7600.0,1,339,502
8483493,Frank Nazar,CHI,C,122,V1,NZI,N,0.20817,0.21855,-0.01038,211,219,7811.0,8108.0,1,432,500
8479291,Kevin Rooney,UTA,C,121,V1,NZI,N,0.17398,0.18464,-0.01065,101,132,3098.0,4322.0,1,282,325
8481024,Linus Karlsson,VAN,C,105,V1,NZI,N,0.19183,0.20292,-0.01109,149,158,5458.0,5347.0,1,12,33
8475413,Justin Dowling,NYR,C,56,V1,NZI,N,0.11892,0.13039,-0.01147,80,91,2590.0,2968.0,1,157,171
8481032,Paul Cotter,NJD,C,289,V1,NZI,N,0.20727,0.21947,-0.0122,491,432,17383.0,15893.0,1,135,131
8482133,Thomas Bordeleau,SJS,C,36,V1,NZI,N,0.18647,0.2,-0.01353,67,56,2542.0,2015.0,1,40,35
8475763,Kevin Hayes,PIT,C,252,V1,NZI,N,0.1745,0.1892,-0.0147,426,381,14413.0,13626.0,1,906,845
8480008,Adam Ruzicka,UTA,C,86,V1,NZI,N,0.14165,0.15663,-0.01498,112,127,3551.0,4233.0,1,158,178
8483573,Ethen Frank,WSH,C,86,V1,NZI,N,0.18472,0.2022,-0.01748,111,153,3849.0,5544.0,1,1,6
8483397,Marc McLaughlin,NJD,C,24,V1,NZI,N,0.10066,0.12475,-0.02409,34,34,1053.0,1018.0,0,31,47
8482153,Brendan Brisson,NYR,C,27,V1,NZI,N,0.17515,0.20277,-0.02762,56,58,1867.0,2022.0,1,4,4
8481754,Nikita Nesterenko,ANA,C,61,V1,NZI,N,0.17029,0.19977,-0.02949,126,94,4927.0,3529.0,1,9,16
8474040,Sam Gagner,EDM,C,76,V1,NZI,N,0.16425,0.19873,-0.03447,88,105,3385.0,3608.0,1,22,24
8471669,Paul Stastny,CAR,C,73,V1,NZI,N,0.21,0.25111,-0.0411,129,103,4538.0,3608.0,1,235,175
8479994,Jaret Anderson-Dolan,WPG,C,84,V1,NZI,N,0.18938,0.25,-0.06062,136,119,5064.0,4332.0,1,40,41
8478477,Mitchell Stephens,SEA,C,51,V1,NZI,N,0.11624,0.18485,-0.06861,50,44,1626.0,1439.0,0,145,111
8483472,Maveric Lamoureux,UTA,D,20,V1,NZI,N,0.28216,0.09409,0.18808,43,38,1368.0,1116.0,0,0,0
8484768,Zayne Parekh,CGY,D,37,V1,NZI,N,0.28764,0.12141,0.16623,68,47,2305.0,1532.0,0,0,0
8481206,John Ludvig,COL,D,41,V1,NZI,N,0.26161,0.1009,0.16071,59,48,1938.0,1556.0,0,0,0
8481812,Nikolai Knyzhov,SJS,D,22,V1,NZI,N,0.22053,0.06143,0.1591,62,44,2163.0,1286.0,0,0,0
8477244,Chad Ruhwedel,NYR,D,104,V1,NZI,N,0.26203,0.14097,0.12105,157,150,5404.0,4703.0,1,0,0
8479458,Nikita Zaitsev,CHI,D,84,V1,NZI,N,0.24724,0.13208,0.11516,170,186,5796.0,6299.0,1,0,0
8479639,Dylan Coghlan,VGK,D,27,V1,NZI,N,0.20553,0.09367,0.11186,56,51,2024.0,1644.0,1,0,0
8483768,Victor Mancini,VAN,D,55,V1,NZI,N,0.22157,0.11265,0.10892,98,83,3764.0,2663.0,1,0,0
8480073,Erik Brannstrom,VAN,D,178,V1,NZI,N,0.24592,0.13925,0.10667,350,363,12142.0,12323.0,1,0,0
8482911,Joel Nystrom,CAR,D,38,V1,NZI,N,0.24947,0.14463,0.10484,91,102,3287.0,2745.0,1,0,0
8484305,Zach Metsa,BUF,D,43,V1,NZI,N,0.28825,0.18853,0.09972,61,82,2477.0,3156.0,1,0,0
8484806,Sam Dickinson,SJS,D,71,V1,NZI,N,0.25642,0.15712,0.0993,171,155,6813.0,5779.0,1,0,0
8480160,Radim Simek,SJS,D,44,V1,NZI,N,0.272,0.17277,0.09923,84,82,2739.0,2703.0,1,0,0
8483510,Elias Salomonsson,WPG,D,32,V1,NZI,N,0.19283,0.09887,0.09397,87,59,3210.0,2033.0,1,0,0
8480871,Adam Boqvist,NYI,D,144,V1,NZI,N,0.23251,0.14628,0.08623,293,286,10262.0,9482.0,1,0,0
8481525,Matthew Robertson,NYR,D,74,V1,NZI,N,0.25543,0.16971,0.08572,164,149,5434.0,4926.0,1,0,0
8479985,Cale Fleury,SEA,D,49,V1,NZI,N,0.26349,0.17823,0.08526,94,97,3207.0,3445.0,1,0,0
8482100,Alexander Nikishin,CAR,D,81,V1,NZI,N,0.26254,0.17822,0.08432,202,212,7176.0,7502.0,1,0,0
8481564,Ryan Johnson,BUF,D,47,V1,NZI,N,0.24111,0.15895,0.08216,81,88,3065.0,3303.0,1,0,0
8478178,Darren Raddysh,TBL,D,245,V1,NZI,N,0.25506,0.17315,0.08191,563,528,20638.0,19497.0,1,0,0
8476853,Morgan Rielly,TOR,D,297,V1,NZI,N,0.21927,0.13789,0.08139,833,678,27149.0,22584.0,1,0,0
8479984,Cal Foote,NJD,D,54,V1,NZI,N,0.24057,0.15933,0.08124,112,88,4240.0,3452.0,1,0,0
8474027,Justin Braun,PHI,D,51,V1,NZI,N,0.20367,0.12316,0.08052,105,110,3157.0,3394.0,1,0,0
8475171,Oliver Ekman-Larsson,TOR,D,289,V1,NZI,N,0.21723,0.13695,0.08028,769,753,26451.0,24797.0,1,0,0
8481178,Egor Zamula,CBJ,D,176,V1,NZI,N,0.22407,0.1444,0.07966,326,317,11751.0,10990.0,1,0,0
8483678,Elias Pettersson,VAN,D,97,V1,NZI,N,0.22213,0.14255,0.07958,175,199,6298.0,6552.0,1,0,0
8479402,Jake Bean,CGY,D,166,V1,NZI,N,0.20449,0.12697,0.07752,310,347,10343.0,12019.0,1,0,0
8478841,Colton White,NJD,D,69,V1,NZI,N,0.21796,0.14111,0.07685,141,132,5322.0,4585.0,1,0,0
8476779,Brad Hunt,COL,D,47,V1,NZI,N,0.20191,0.12521,0.0767,65,81,2303.0,2428.0,1,0,0
8484304,Uvis Balinskis,FLA,D,156,V1,NZI,N,0.24765,0.171,0.07665,340,373,11900.0,12193.0,1,0,2
8475762,Derek Forbort,VAN,D,145,V1,NZI,N,0.2178,0.14176,0.07605,315,321,11042.0,10250.0,1,0,0
8480157,Calle Rosen,STL,D,55,V1,NZI,N,0.21412,0.13863,0.07549,115,110,3797.0,3614.0,1,0,0
8478055,Gustav Forsling,FLA,D,321,V1,NZI,N,0.22686,0.15191,0.07495,917,915,30883.0,32441.0,1,0,0
8483425,Lian Bichsel,DAL,D,88,V1,NZI,N,0.25121,0.17738,0.07383,181,167,6413.0,6410.0,1,0,0
8478415,Jakub Zboril,BOS,D,22,V1,NZI,N,0.18469,0.11103,0.07367,43,38,1359.0,1297.0,0,0,0
8482192,Isaak Phillips,WPG,D,55,V1,NZI,N,0.19537,0.12191,0.07346,102,121,3844.0,4282.0,1,0,0
8481572,Ville Heinola,WPG,D,32,V1,NZI,N,0.22234,0.14892,0.07342,47,54,1970.0,2075.0,0,0,0
8480145,Neal Pionk,WPG,D,284,V1,NZI,N,0.2311,0.15798,0.07312,741,756,25833.0,25946.0,1,0,0
8482094,Daemon Hunt,MIN,D,45,V1,NZI,N,0.2345,0.16144,0.07306,61,84,2081.0,2775.0,1,0,0
8481056,Spencer Stastney,EDM,D,117,V1,NZI,N,0.23445,0.16152,0.07294,269,244,9392.0,8352.0,1,0,0
8477433,Ben Harpur,NYR,D,42,V1,NZI,N,0.23201,0.15962,0.07239,69,79,2612.0,2838.0,1,0,0
8478451,Ethan Bear,WSH,D,85,V1,NZI,N,0.21135,0.13983,0.07153,175,217,5796.0,7402.0,1,0,0
8474612,Travis Hamonic,DET,D,208,V1,NZI,N,0.20062,0.12979,0.07083,473,459,15736.0,14238.0,1,0,0
8479378,Logan Stanley,BUF,D,183,V1,NZI,N,0.21264,0.14203,0.0706,376,372,14306.0,13525.0,1,0,0
8483619,Filip Roos,CHI,D,21,V1,NZI,N,0.20232,0.13206,0.07026,49,32,1725.0,939.0,0,0,0
8477948,Travis Sanheim,PHI,D,325,V1,NZI,N,0.23026,0.1612,0.06906,1066,1091,35534.0,35850.0,1,0,0
8481014,Alexander Romanov,NYI,D,236,V1,NZI,N,0.24959,0.18087,0.06872,653,591,23174.0,21673.0,1,0,0
8475755,Alexander Petrovic,DAL,D,60,V1,NZI,N,0.25536,0.1876,0.06776,126,115,4621.0,4547.0,1,0,0
8477851,Jordan Oesterle,NSH,D,112,V1,NZI,N,0.20872,0.14112,0.06759,248,234,9247.0,8326.0,1,0,0
8474567,Zach Bogosian,MIN,D,233,V1,NZI,N,0.2284,0.16111,0.06729,464,440,17246.0,16361.0,1,1,1
8475797,Jarred Tinordi,CHI,D,96,V1,NZI,N,0.20054,0.13345,0.0671,189,216,6647.0,7756.0,1,0,0
8478452,Caleb Jones,PIT,D,111,V1,NZI,N,0.21319,0.14633,0.06687,252,226,9475.0,7866.0,1,0,0
8479439,Jacob MacDonald,SJS,D,92,V1,NZI,N,0.24496,0.17811,0.06685,118,141,4262.0,4750.0,1,1,3
8479425,Filip Hronek,VAN,D,287,V1,NZI,N,0.22876,0.16212,0.06664,752,804,28082.0,29164.0,1,0,0
8475179,Dmitry Kulikov,FLA,D,232,V1,NZI,N,0.22028,0.15384,0.06644,611,609,20751.0,20287.0,1,0,0
8479388,Riley Stillman,EDM,D,59,V1,NZI,N,0.20693,0.14121,0.06573,111,126,3692.0,4419.0,1,0,0
8478854,Ryan Shea,PIT,D,150,V1,NZI,N,0.22499,0.1594,0.06559,316,327,10876.0,11393.0,1,0,0
8476449,Scott Harrington,ANA,D,45,V1,NZI,N,0.16479,0.09944,0.06536,130,109,4363.0,3731.0,1,0,0
8479372,Joshua Mahura,SEA,D,199,V1,NZI,N,0.22584,0.1609,0.06494,370,437,12398.0,14829.0,1,0,0
8474574,Tyler Myers,DAL,D,299,V1,NZI,N,0.22469,0.15979,0.06491,719,854,24340.0,28557.0,1,0,0
8481609,Vladislav Kolyachonok,BOS,D,55,V1,NZI,N,0.21557,0.15087,0.0647,82,90,2774.0,3029.0,1,0,0
8477018,Ben Hutton,VGK,D,138,V1,NZI,N,0.22575,0.16113,0.06462,273,275,10507.0,10029.0,1,0,0
8477495,Seth Jones,FLA,D,254,V1,NZI,N,0.21749,0.15292,0.06457,664,746,23882.0,26452.0,1,0,0
8478021,William Lagesson,DET,D,47,V1,NZI,N,0.24036,0.17632,0.06404,86,92,2904.0,3142.0,1,0,0
8477950,Tony DeAngelo,NYI,D,212,V1,NZI,N,0.23503,0.17115,0.06388,491,520,17002.0,18691.0,1,0,0
8483460,David Jiricek,PHI,D,85,V1,NZI,N,0.21631,0.15252,0.06378,153,167,5728.0,5927.0,1,0,0
8483503,Owen Pickering,PIT,D,29,V1,NZI,N,0.12754,0.06416,0.06338,73,57,2266.0,1621.0,1,0,0
8475197,Tyson Barrie,CGY,D,139,V1,NZI,N,0.22428,0.16155,0.06272,320,312,11294.0,11507.0,1,0,0
8475825,Jani Hakanpää,TOR,D,148,V1,NZI,N,0.2188,0.15626,0.06254,400,316,13167.0,10828.0,1,0,0
8480891,Michael Kesselring,BUF,D,190,V1,NZI,N,0.2351,0.17258,0.06252,416,466,13288.0,15141.0,1,0,0
8476967,Brett Kulak,COL,D,328,V1,NZI,N,0.22705,0.16533,0.06172,843,774,31403.0,28501.0,1,0,0
8477971,Andreas Englund,NSH,D,167,V1,NZI,N,0.19856,0.13695,0.06161,270,321,9725.0,10851.0,1,0,0
8477499,Rasmus Ristolainen,PHI,D,212,V1,NZI,N,0.21358,0.15231,0.06127,520,483,17174.0,15810.0,1,0,0
8476429,Scott Mayfield,NYI,D,269,V1,NZI,N,0.24167,0.18056,0.06111,658,602,23147.0,21328.0,1,0,0
8477506,Ryan Pulock,NYI,D,290,V1,NZI,N,0.21814,0.15783,0.06031,946,802,32401.0,26154.0,1,0,0
8482142,Jamie Drysdale,PHI,D,190,V1,NZI,N,0.20725,0.14711,0.06014,468,474,17134.0,16117.0,1,0,0
8482511,Mason Lohrei,BOS,D,191,V1,NZI,N,0.21449,0.15462,0.05987,451,436,15455.0,15593.0,1,0,0
8482482,Adam Wilsby,NSH,D,80,V1,NZI,N,0.21154,0.1517,0.05985,196,203,6982.0,6836.0,1,0,0
8481527,Kaedan Korczak,VGK,D,154,V1,NZI,N,0.2305,0.17074,0.05976,351,368,13180.0,13160.0,1,0,0
8477932,Aaron Ekblad,FLA,D,250,V1,NZI,N,0.21701,0.15726,0.05975,682,668,22446.0,22676.0,1,0,0
8480800,Quinn Hughes,MIN,D,302,V1,NZI,N,0.24635,0.18663,0.05972,840,887,32714.0,33859.0,1,0,0
8480058,Pierre-Olivier Joseph,VAN,D,205,V1,NZI,N,0.19778,0.13813,0.05964,422,432,13576.0,14971.0,1,0,0
8480834,Ty Emberson,EDM,D,177,V1,NZI,N,0.21591,0.15632,0.05959,358,333,13209.0,11988.0,1,0,0
8475747,Patrik Nemeth,UTA,D,75,V1,NZI,N,0.2262,0.16669,0.05951,152,185,5588.0,6497.0,1,0,0
8478476,Kyle Capobianco,DAL,D,48,V1,NZI,N,0.2303,0.17091,0.05939,75,65,2627.0,2083.0,1,0,0
8476906,Shayne Gostisbehere,CAR,D,281,V1,NZI,N,0.22186,0.16254,0.05931,687,653,25282.0,22757.0,1,0,0
8477384,Joshua Brown,EDM,D,129,V1,NZI,N,0.19588,0.1375,0.05837,248,265,7617.0,8567.0,1,0,0
8480426,Charle-Edouard D'Astous,TBL,D,70,V1,NZI,N,0.21758,0.15963,0.05795,182,200,6839.0,7361.0,1,0,0
8479410,Mikhail Sergachev,UTA,D,267,V1,NZI,N,0.22964,0.17172,0.05792,806,805,27573.0,27055.0,1,0,0
8475718,Justin Holl,STL,D,199,V1,NZI,N,0.20986,0.15209,0.05776,437,418,15606.0,14787.0,1,0,0
8476874,Olli Määttä,CGY,D,269,V1,NZI,N,0.21359,0.15628,0.05731,647,692,23957.0,24949.0,1,0,0
8483485,Denton Mateychuk,CBJ,D,120,V1,NZI,N,0.23865,0.18149,0.05716,304,287,11716.0,10998.0,1,0,0
8481167,Brayden Pachal,CGY,D,174,V1,NZI,N,0.18835,0.13129,0.05706,271,327,8240.0,10732.0,1,0,0
8479576,Vincent Desharnais,SJS,D,218,V1,NZI,N,0.21891,0.16213,0.05679,452,452,16591.0,16049.0,1,0,0
8476856,Mathew Dumba,PIT,D,229,V1,NZI,N,0.22588,0.16928,0.05659,517,587,18736.0,20634.0,1,0,0
8478469,Thomas Chabot,OTT,D,256,V1,NZI,N,0.22744,0.17102,0.05642,720,641,25321.0,22962.0,1,0,0
8482144,Jack Thompson,SJS,D,34,V1,NZI,N,0.21884,0.16243,0.05641,80,61,2888.0,2321.0,1,0,0
8478430,Oliver Kylington,ANA,D,52,V1,NZI,N,0.20723,0.1509,0.05633,100,118,3431.0,3711.0,1,0,0
8485366,Matthew Schaefer,NYI,D,82,V1,NZI,N,0.24825,0.19217,0.05608,227,213,9148.0,7816.0,1,0,0
8477220,Nate Schmidt,UTA,D,295,V1,NZI,N,0.22976,0.17429,0.05547,636,726,21962.0,24602.0,1,0,0
8482166,Shakir Mukhamadullin,SJS,D,83,V1,NZI,N,0.18859,0.13337,0.05523,200,226,7381.0,8248.0,1,0,0
8482655,J.J. Moser,TBL,D,295,V1,NZI,N,0.23324,0.17876,0.05448,785,816,27684.0,28262.0,1,0,0
8480043,Timothy Liljegren,WSH,D,238,V1,NZI,N,0.20129,0.14688,0.05441,569,587,19549.0,19710.0,1,0,0
8476372,Nick Seeler,PHI,D,305,V1,NZI,N,0.20426,0.15012,0.05413,644,617,20758.0,20543.0,1,0,0
8482245,Artem Zub,OTT,D,259,V1,NZI,N,0.22123,0.16718,0.05405,759,744,25096.0,24560.0,1,0,0
8484240,Tom Willander,VAN,D,69,V1,NZI,N,0.19479,0.14107,0.05372,139,151,5221.0,4558.0,1,0,0
8480084,Nick DeSimone,UTA,D,97,V1,NZI,N,0.20628,0.15278,0.0535,198,184,6433.0,5819.0,1,0,0
8480222,Sebastian Aho,NYI,D,129,V1,NZI,N,0.24718,0.19376,0.05342,272,260,9495.0,9615.0,1,0,0
8481600,Tobias Bjornfot,FLA,D,47,V1,NZI,N,0.23292,0.17956,0.05336,110,98,3572.0,3670.0,1,0,0
8477462,Robert Hagg,VGK,D,45,V1,NZI,N,0.18269,0.12936,0.05332,92,91,2934.0,3007.0,1,0,0
8475857,Kevin Gravel,NSH,D,29,V1,NZI,N,0.172,0.11919,0.0528,64,55,2064.0,1636.0,1,0,0
8476463,Jonas Brodin,MIN,D,234,V1,NZI,N,0.22678,0.17432,0.05246,669,735,23798.0,25682.0,1,0,0
8480246,Nick Perbix,NSH,D,298,V1,NZI,N,0.20373,0.15138,0.05235,758,674,26535.0,23008.0,1,0,0
8478507,John Marino,UTA,D,253,V1,NZI,N,0.22355,0.17149,0.05206,725,731,25144.0,24812.0,1,0,0
8478859,Niko Mikkola,FLA,D,307,V1,NZI,N,0.22996,0.17816,0.0518,842,884,28727.0,30187.0,1,0,0
8477986,Brandon Montour,SEA,D,290,V1,NZI,N,0.2255,0.17392,0.05157,722,813,26936.0,31324.0,1,0,0
8476441,Joel Edmundson,LAK,D,268,V1,NZI,N,0.20107,0.14993,0.05114,665,707,22365.0,24251.0,1,0,0
8482730,Brandt Clarke,LAK,D,184,V1,NZI,N,0.23475,0.18365,0.0511,406,409,14739.0,14729.0,1,0,0
8474673,TJ Brodie,CHI,D,190,V1,NZI,N,0.20582,0.15489,0.05093,520,462,17020.0,15579.0,1,0,0
8476979,Erik Gustafsson,DET,D,208,V1,NZI,N,0.20432,0.1534,0.05093,438,422,16102.0,15196.0,1,0,0
8480860,Kevin Bahl,CGY,D,273,V1,NZI,N,0.20343,0.15258,0.05085,699,767,22627.0,24741.0,1,0,0
8475177,Calvin de Haan,NYR,D,159,V1,NZI,N,0.22331,0.17261,0.05069,373,335,13206.0,11743.0,1,0,0
8480036,Miro Heiskanen,DAL,D,277,V1,NZI,N,0.22357,0.17295,0.05062,909,746,32581.0,26725.0,1,0,0
8476902,Esa Lindell,DAL,D,326,V1,NZI,N,0.21845,0.1679,0.05055,935,816,32845.0,29178.0,1,0,0
8476892,Colton Parayko,STL,D,301,V1,NZI,N,0.21555,0.16502,0.05053,924,931,32563.0,32499.0,1,0,0
8481546,Cam York,PHI,D,276,V1,NZI,N,0.22028,0.16981,0.05047,861,893,28323.0,29244.0,1,0,0
8478408,Travis Dermott,MIN,D,80,V1,NZI,N,0.19435,0.14398,0.05036,147,193,4775.0,5716.0,1,0,0
8481122,Simon Benoit,TOR,D,293,V1,NZI,N,0.2016,0.15151,0.05008,683,656,22664.0,22315.0,1,0,0
8479325,Charlie McAvoy,BOS,D,260,V1,NZI,N,0.2094,0.15942,0.04998,678,638,22946.0,21942.0,1,0,0
8471677,Jack Johnson,CBJ,D,204,V1,NZI,N,0.22594,0.17604,0.0499,403,431,15619.0,15002.0,1,0,0
8478465,Guillaume Brisebois,VAN,D,20,V1,NZI,N,0.15583,0.10605,0.04978,45,50,1354.0,1603.0,0,0,0
8475455,Brenden Dillon,NJD,D,323,V1,NZI,N,0.22089,0.17126,0.04963,729,779,25945.0,27228.0,1,0,0
8480865,Noah Dobson,MTL,D,308,V1,NZI,N,0.22195,0.17244,0.04951,829,744,28407.0,25620.0,1,0,0
8474628,Michael Stone,CGY,D,48,V1,NZI,N,0.17089,0.12148,0.04942,65,80,2130.0,2305.0,1,0,0
8480803,Evan Bouchard,EDM,D,326,V1,NZI,N,0.2492,0.19986,0.04934,793,791,30317.0,28665.0,1,0,0
8478840,Will Borgen,NYR,D,323,V1,NZI,N,0.20252,0.15348,0.04903,807,785,26768.0,26107.0,1,0,0
8474013,Ian Cole,UTA,D,319,V1,NZI,N,0.22545,0.17642,0.04903,752,700,24693.0,23393.0,1,0,0
8478416,Erik Cernak,TBL,D,276,V1,NZI,N,0.21767,0.1687,0.04897,808,772,26288.0,25181.0,1,0,0
8482105,Jake Sanderson,OTT,D,303,V1,NZI,N,0.20731,0.15848,0.04883,871,849,28653.0,27102.0,1,0,0
8476917,Adam Pelech,NYI,D,261,V1,NZI,N,0.21078,0.16195,0.04883,812,707,27128.0,23538.0,1,0,0
8476854,Hampus Lindholm,BOS,D,237,V1,NZI,N,0.22187,0.17356,0.04832,620,577,21102.0,20391.0,1,0,0
8482861,Vincent Iorio,NYR,D,36,V1,NZI,N,0.19583,0.14766,0.04817,72,74,2640.0,2675.0,1,0,0
8481537,Nikita Okhotiuk,CGY,D,62,V1,NZI,N,0.20293,0.15488,0.04804,113,113,4238.0,4087.0,1,0,0
8480172,Jan Rutta,SJS,D,180,V1,NZI,N,0.1895,0.14155,0.04795,451,416,15578.0,14702.0,1,0,0
8481806,Louis Crevier,CHI,D,134,V1,NZI,N,0.20117,0.15344,0.04773,306,366,10568.0,12487.0,1,0,0
8481599,Victor Soderstrom,BOS,D,41,V1,NZI,N,0.20341,0.15601,0.0474,77,106,2694.0,3910.0,1,0,0
8475690,Chris Tanev,TOR,D,226,V1,NZI,N,0.17098,0.12381,0.04717,715,667,21956.0,19344.0,1,0,0
8482067,Connor Mackey,NYR,D,36,V1,NZI,N,0.19242,0.14547,0.04696,61,82,2006.0,3011.0,1,0,0
8476422,Mike Reilly,CAR,D,131,V1,NZI,N,0.24296,0.19618,0.04678,353,304,11294.0,10057.0,1,0,0
8476312,Josh Manson,COL,D,230,V1,NZI,N,0.22399,0.17728,0.04671,589,625,19688.0,20538.0,1,0,0
8477507,Nikita Zadorov,BOS,D,319,V1,NZI,N,0.20126,0.15464,0.04662,794,831,25435.0,27483.0,1,0,0
8476988,Matt Benning,TOR,D,99,V1,NZI,N,0.17224,0.12568,0.04655,221,239,7002.0,7853.0,1,0,0
8477447,Shea Theodore,VGK,D,240,V1,NZI,N,0.23588,0.18937,0.0465,665,656,24301.0,22844.0,1,0,0
8474618,Marco Scandella,STL,D,85,V1,NZI,N,0.18268,0.13628,0.0464,154,170,5299.0,5731.0,1,0,0
8476467,Jamie Oleksiak,SEA,D,317,V1,NZI,N,0.22396,0.1777,0.04626,698,794,25317.0,28070.0,1,0,0
8479980,Nicolas Hague,NSH,D,285,V1,NZI,N,0.2157,0.16954,0.04617,717,702,26680.0,25074.0,1,0,0
8476331,Dylan DeMelo,WPG,D,320,V1,NZI,N,0.2208,0.17496,0.04584,893,925,32061.0,32939.0,1,0,0
8481598,Philip Broberg,STL,D,206,V1,NZI,N,0.22718,0.18141,0.04577,482,479,17013.0,16879.0,1,0,0
8482762,Simon Edvinsson,DET,D,175,V1,NZI,N,0.21653,0.17086,0.04567,490,462,16640.0,15990.0,1,0,0
8481219,Jonathan Aspirot,BOS,D,61,V1,NZI,N,0.19887,0.15331,0.04556,154,146,5305.0,5055.0,1,0,0
8470613,Brent Burns,COL,D,327,V1,NZI,N,0.23236,0.18694,0.04542,864,824,29084.0,26115.0,1,0,0
8480879,Jacob Bernard-Docker,DET,D,194,V1,NZI,N,0.20891,0.16349,0.04542,388,423,13020.0,14319.0,1,0,0
8478970,Jalen Chatfield,CAR,D,301,V1,NZI,N,0.22121,0.17635,0.04485,875,741,30347.0,24791.0,1,0,0
8482176,Wyatt Kaiser,CHI,D,175,V1,NZI,N,0.20438,0.15969,0.0447,385,459,14145.0,15925.0,1,0,0
8479395,Dennis Cholowski,NJD,D,58,V1,NZI,N,0.24026,0.1962,0.04406,90,75,3080.0,2951.0,1,0,0
8475200,Dmitry Orlov,SJS,D,305,V1,NZI,N,0.23706,0.19301,0.04405,839,790,31439.0,29382.0,1,0,0
8478454,Noah Juulsen,PHI,D,153,V1,NZI,N,0.19041,0.14642,0.044,284,291,8471.0,8988.0,1,0,0
8478443,Brandon Carlo,TOR,D,289,V1,NZI,N,0.20189,0.15814,0.04375,753,695,25058.0,23340.0,1,0,0
8475233,David Savard,MTL,D,197,V1,NZI,N,0.21027,0.16677,0.0435,474,501,16902.0,19242.0,1,0,0
8475167,Victor Hedman,TBL,D,266,V1,NZI,N,0.22036,0.17698,0.04338,704,638,25345.0,23014.0,1,0,0
8470600,Ryan Suter,STL,D,246,V1,NZI,N,0.20609,0.16309,0.043,705,580,24989.0,20063.0,1,0,0
8475324,Nick Jensen,OTT,D,287,V1,NZI,N,0.2112,0.16835,0.04286,704,758,24313.0,25786.0,1,0,0
8480070,Ian Mitchell,BOS,D,63,V1,NZI,N,0.20941,0.167,0.04241,120,114,4570.0,3952.0,1,0,0
8483506,Sam Rinzel,CHI,D,63,V1,NZI,N,0.25234,0.21024,0.0421,141,156,5231.0,5603.0,1,0,0
8482126,Emil Andrae,PHI,D,107,V1,NZI,N,0.19169,0.14976,0.04193,206,204,7152.0,7138.0,1,2,1
8478468,Jeremy Lauzon,VGK,D,242,V1,NZI,N,0.217,0.17513,0.04187,637,571,20682.0,19625.0,1,0,0
8473446,Erik Johnson,COL,D,166,V1,NZI,N,0.18846,0.1467,0.04176,319,342,10835.0,11111.0,1,0,0
8471274,Alex Goligoski,MIN,D,82,V1,NZI,N,0.19222,0.15048,0.04174,155,180,5478.0,6127.0,1,0,0
8478407,Vince Dunn,SEA,D,282,V1,NZI,N,0.22566,0.18393,0.04173,735,883,27604.0,32127.0,1,0,0
8476792,Torey Krug,STL,D,140,V1,NZI,N,0.20209,0.16081,0.04128,314,326,10980.0,10957.0,1,0,0
8482733,Logan Mailloux,STL,D,74,V1,NZI,N,0.18662,0.14584,0.04078,180,149,6650.0,5609.0,1,0,0
8483620,Marcus Bjork,CBJ,D,33,V1,NZI,N,0.17691,0.13641,0.0405,90,64,2945.0,2126.0,1,0,0
8476457,Adam Larsson,SEA,D,326,V1,NZI,N,0.22565,0.1853,0.04035,837,999,31176.0,36314.0,1,0,0
8480727,Zach Whitecloud,CGY,D,272,V1,NZI,N,0.22713,0.18685,0.04028,694,657,25558.0,23934.0,1,0,0
8476958,Jaccob Slavin,CAR,D,276,V1,NZI,N,0.24229,0.20217,0.04011,777,732,27356.0,24202.0,1,0,0
8476891,Matt Grzelcyk,CHI,D,289,V1,NZI,N,0.19804,0.15802,0.04002,720,694,24480.0,23484.0,1,0,0
8481606,Jordan Spence,OTT,D,229,V1,NZI,N,0.21303,0.17311,0.03991,494,491,17378.0,18300.0,1,0,0
8471686,Marc Staal,PHI,D,117,V1,NZI,N,0.20949,0.1696,0.03989,290,271,9275.0,8744.0,1,0,0
8480069,Cale Makar,COL,D,291,V1,NZI,N,0.21201,0.17218,0.03983,761,919,27952.0,32478.0,1,0,0
8480828,Michael Callahan,BOS,D,22,V1,NZI,N,0.17599,0.13627,0.03973,37,43,1233.0,1431.0,0,0,0
8480878,Nils Lundkvist,DAL,D,210,V1,NZI,N,0.21389,0.17435,0.03954,519,484,16775.0,16788.0,1,0,0
8482111,Justin Barron,NSH,D,200,V1,NZI,N,0.20723,0.16807,0.03916,460,508,15905.0,17903.0,1,0,0
8471303,Alexander Edler,LAK,D,64,V1,NZI,N,0.26516,0.22616,0.039,106,111,4039.0,3975.0,1,0,0
8477504,Josh Morrissey,WPG,D,315,V1,NZI,N,0.22819,0.18948,0.03871,886,943,32534.0,34330.0,1,0,0
8479345,Jakob Chychrun,WSH,D,284,V1,NZI,N,0.22111,0.18259,0.03852,687,731,25119.0,26398.0,1,0,0
8479026,Philippe Myers,TOR,D,91,V1,NZI,N,0.15505,0.11659,0.03846,173,161,5508.0,5438.0,1,0,0
8480001,Urho Vaakanainen,NYR,D,176,V1,NZI,N,0.1998,0.1615,0.0383,365,366,13163.0,13195.0,1,0,0
8476879,Cody Ceci,LAK,D,326,V1,NZI,N,0.22019,0.18194,0.03824,930,865,32904.0,31807.0,1,0,0
8484258,Sam Malinski,COL,D,180,V1,NZI,N,0.22144,0.18325,0.03819,404,417,14505.0,14903.0,1,0,0
8475188,Brayden McNabb,VGK,D,310,V1,NZI,N,0.2334,0.19536,0.03805,838,837,30771.0,29111.0,1,0,0
8477369,Carson Soucy,NYI,D,269,V1,NZI,N,0.19409,0.15608,0.03801,641,589,21253.0,19368.0,1,0,0
8484798,Zeev Buium,VAN,D,75,V1,NZI,N,0.20789,0.17021,0.03769,154,153,6157.0,5793.0,1,0,0
8479976,Juuso Välimäki,UTA,D,189,V1,NZI,N,0.22106,0.18348,0.03757,450,489,15557.0,17947.0,1,0,0
8479983,Mario Ferraro,SJS,D,310,V1,NZI,N,0.20501,0.16751,0.0375,773,867,27842.0,31299.0,1,0,1
8478460,Zach Werenski,CBJ,D,239,V1,NZI,N,0.23441,0.19712,0.0373,784,765,29111.0,29612.0,1,0,0
8474600,Roman Josi,NSH,D,270,V1,NZI,N,0.21618,0.17904,0.03714,770,736,26580.0,25453.0,1,0,0
8480434,Sean Durzi,UTA,D,238,V1,NZI,N,0.23126,0.19433,0.03692,603,604,22166.0,21710.0,1,0,0
8476869,Brady Skjei,NSH,D,324,V1,NZI,N,0.20978,0.17291,0.03687,964,872,33420.0,29518.0,1,0,0
8479945,Gavin Bayreuther,CBJ,D,51,V1,NZI,N,0.18763,0.15081,0.03682,102,90,3427.0,3269.0,1,0,0
8475218,Mattias Ekholm,EDM,D,303,V1,NZI,N,0.23353,0.19678,0.03675,797,731,29041.0,26324.0,1,0,0
8473507,Jeff Petry,MIN,D,245,V1,NZI,N,0.21145,0.17493,0.03652,608,607,20714.0,21466.0,1,0,0
8479371,Dante Fabbro,CBJ,D,277,V1,NZI,N,0.22058,0.18411,0.03647,707,670,24903.0,24491.0,1,0,0
8475181,Nick Leddy,SJS,D,223,V1,NZI,N,0.20894,0.17273,0.03621,653,643,22705.0,22769.0,1,0,0
8477346,MacKenzie Weegar,UTA,D,322,V1,NZI,N,0.18488,0.14894,0.03594,992,1025,29463.0,30664.0,1,0,0
8480823,Alexander Alexeyev,WSH,D,79,V1,NZI,N,0.20604,0.17015,0.03588,133,154,4936.0,5689.0,1,0,0
8478017,Mark Friedman,VAN,D,51,V1,NZI,N,0.22494,0.18918,0.03576,89,99,2943.0,2939.0,1,0,0
8483565,Nick Blankenburg,COL,D,168,V1,NZI,N,0.18773,0.15202,0.03572,408,378,13711.0,12275.0,1,0,0
8474207,Nick Holden,OTT,D,65,V1,NZI,N,0.19708,0.16145,0.03563,158,140,5277.0,4410.0,1,0,0
8480950,Ilya Lyubushkin,DAL,D,275,V1,NZI,N,0.18886,0.15326,0.0356,673,625,23144.0,21526.0,1,0,0
8477969,Marcus Pettersson,VAN,D,309,V1,NZI,N,0.21241,0.17714,0.03527,904,930,32875.0,31800.0,1,0,0
8480807,Mattias Samuelsson,BUF,D,236,V1,NZI,N,0.19915,0.16417,0.03498,717,732,25830.0,25815.0,1,0,0
8481568,Alex Vlasic,CHI,D,245,V1,NZI,N,0.20196,0.16722,0.03474,669,767,24767.0,27509.0,1,0,0
8476473,Connor Murphy,EDM,D,273,V1,NZI,N,0.19307,0.15846,0.0346,655,733,24458.0,25981.0,1,0,0
8480049,Dylan Samberg,WPG,D,266,V1,NZI,N,0.21577,0.18162,0.03415,604,584,21273.0,20923.0,1,0,0
8479369,Andrew Peeke,BOS,D,271,V1,NZI,N,0.18636,0.15221,0.03414,696,613,23541.0,21877.0,1,0,0
8477488,Brett Pesce,NJD,D,261,V1,NZI,N,0.22272,0.18882,0.03391,750,712,26791.0,25019.0,1,0,0
8475790,Erik Gudbranson,CBJ,D,201,V1,NZI,N,0.18426,0.15055,0.03372,518,560,17947.0,19469.0,1,0,0
8482470,Ilya Solovyov,PIT,D,45,V1,NZI,N,0.23902,0.20537,0.03366,86,99,3234.0,3243.0,1,0,0
8482929,Emil Lilleberg,TBL,D,163,V1,NZI,N,0.18877,0.15544,0.03333,378,361,13588.0,12995.0,1,0,0
8480336,Sean Walker,CAR,D,314,V1,NZI,N,0.22573,0.19276,0.03297,780,724,26997.0,25083.0,1,0,0
8481563,Drew Helleson,ANA,D,119,V1,NZI,N,0.18992,0.15708,0.03284,282,285,9983.0,9740.0,1,0,0
8483398,Declan Carlile,TBL,D,46,V1,NZI,N,0.24274,0.21014,0.0326,99,88,3617.0,3255.0,1,0,0
8479323,Adam Fox,NYR,D,283,V1,NZI,N,0.20562,0.1731,0.03252,827,761,29919.0,26701.0,1,0,0
8481719,Maxwell Crozier,TBL,D,53,V1,NZI,N,0.24702,0.21466,0.03236,117,87,4534.0,3587.0,1,0,0
8476931,Jake McCabe,TOR,D,295,V1,NZI,N,0.18988,0.15754,0.03234,938,793,30503.0,25727.0,1,0,0
8474590,John Carlson,ANA,D,271,V1,NZI,N,0.21528,0.18304,0.03224,724,741,24800.0,24508.0,1,0,0
8479398,Samuel Girard,PIT,D,268,V1,NZI,N,0.20694,0.17522,0.03172,681,827,23330.0,28672.0,1,0,0
8480990,Declan Chisholm,WSH,D,123,V1,NZI,N,0.19267,0.16213,0.03054,239,255,8730.0,9332.0,1,0,0
8471724,Kris Letang,PIT,D,294,V1,NZI,N,0.20872,0.1782,0.03052,946,914,33839.0,32957.0,1,0,0
8477498,Darnell Nurse,EDM,D,320,V1,NZI,N,0.23091,0.20045,0.03045,984,910,36183.0,34746.0,1,0,0
8471709,Marc-Edouard Vlasic,SJS,D,162,V1,NZI,N,0.18855,0.15825,0.03031,363,379,11917.0,12771.0,1,0,0
8474578,Erik Karlsson,PIT,D,321,V1,NZI,N,0.21607,0.18601,0.03006,994,980,35304.0,35240.0,1,0,1
8474090,Brendan Smith,CBJ,D,170,V1,NZI,N,0.22392,0.19392,0.03,332,278,11312.0,10164.0,1,0,0
8483466,Kevin Korchinski,CHI,D,105,V1,NZI,N,0.19696,0.16708,0.02988,194,234,6910.0,8810.0,1,0,0
8480887,Jordan Harris,BOS,D,162,V1,NZI,N,0.21501,0.18519,0.02982,327,349,12767.0,13678.0,1,0,0
8475764,Cam Fowler,STL,D,312,V1,NZI,N,0.17797,0.14822,0.02975,845,809,30505.0,28909.0,1,0,0
8474602,Justin Schultz,SEA,D,143,V1,NZI,N,0.18801,0.15869,0.02932,271,318,9489.0,10303.0,1,0,0
8482807,Ethan Del Mastro,CHI,D,45,V1,NZI,N,0.20238,0.17333,0.02905,83,107,3449.0,4027.0,1,0,0
8477365,Connor Clifton,PIT,D,280,V1,NZI,N,0.19902,0.16998,0.02904,559,645,20008.0,23491.0,1,0,0
8481743,Marc Del Gaizo,NSH,D,55,V1,NZI,N,0.1885,0.15949,0.02902,127,140,4297.0,4922.0,1,0,0
8478882,Vladislav Gavrikov,NYR,D,313,V1,NZI,N,0.20531,0.17639,0.02891,963,821,34972.0,30024.0,1,0,0
8478399,Jonas Siegenthaler,NJD,D,274,V1,NZI,N,0.20399,0.17531,0.02868,785,767,28026.0,28567.0,1,0,0
8479442,Troy Stecher,TOR,D,265,V1,NZI,N,0.21299,0.18458,0.02841,565,540,19785.0,19504.0,1,0,0
8475750,Jon Merrill,MIN,D,208,V1,NZI,N,0.20635,0.17817,0.02818,327,358,12818.0,13790.0,1,0,0
8476923,Damon Severson,CBJ,D,289,V1,NZI,N,0.21735,0.18964,0.02771,792,786,29919.0,28759.0,1,0,0
8484783,Artyom Levshunov,CHI,D,86,V1,NZI,N,0.18103,0.15368,0.02736,157,189,5894.0,7236.0,1,0,0
8482122,Brock Faber,MIN,D,242,V1,NZI,N,0.21019,0.18307,0.02712,783,866,27761.0,30295.0,1,0,0
8475462,Radko Gudas,ANA,D,275,V1,NZI,N,0.2116,0.18455,0.02704,592,659,20572.0,23722.0,1,0,0
8474151,Ryan McDonagh,TBL,D,275,V1,NZI,N,0.20563,0.17864,0.02699,785,756,26285.0,25896.0,1,0,0
8482666,Scott Morrow,NYR,D,45,V1,NZI,N,0.25046,0.22367,0.02678,114,88,4376.0,3295.0,1,0,0
8477845,Trevor van Riemsdyk,WSH,D,295,V1,NZI,N,0.21766,0.19112,0.02654,705,723,25282.0,25078.0,1,0,0
8477938,Haydn Fleury,WPG,D,129,V1,NZI,N,0.17581,0.14957,0.02624,267,230,9078.0,7428.0,1,0,0
8480873,Rasmus Sandin,WSH,D,294,V1,NZI,N,0.20873,0.18291,0.02582,737,711,27303.0,25881.0,1,0,0
8479348,Kale Clague,BUF,D,36,V1,NZI,N,0.1944,0.16867,0.02573,84,72,3143.0,2573.0,1,0,0
8478013,Jake Walman,EDM,D,243,V1,NZI,N,0.20759,0.18211,0.02548,600,604,21181.0,21372.0,1,0,0
8482964,Arber Xhekaj,MTL,D,230,V1,NZI,N,0.20592,0.18097,0.02495,425,452,14894.0,16975.0,1,0,0
8481607,Albert Johansson,DET,D,143,V1,NZI,N,0.18366,0.15897,0.02469,282,288,9741.0,10606.0,1,0,0
8482087,Kaiden Guhle,MTL,D,208,V1,NZI,N,0.20238,0.1778,0.02458,651,601,22557.0,21581.0,1,0,0
8478136,Jake Middleton,MIN,D,301,V1,NZI,N,0.19901,0.1746,0.0244,762,847,27426.0,29209.0,1,0,0
8476462,Dougie Hamilton,NJD,D,243,V1,NZI,N,0.20969,0.1854,0.02429,636,673,21861.0,24666.0,1,0,0
8475795,Dylan McIlrath,WSH,D,39,V1,NZI,N,0.16559,0.14135,0.02425,51,81,1709.0,2554.0,1,0,0
8484321,Nikolas Matinpalo,OTT,D,95,V1,NZI,N,0.185,0.1608,0.0242,251,229,7946.0,7158.0,1,0,0
8483490,Pavel Mintyukov,ANA,D,203,V1,NZI,N,0.18335,0.15924,0.02411,483,459,16466.0,15574.0,1,0,0
8474166,Alec Martinez,CHI,D,176,V1,NZI,N,0.21865,0.19465,0.024,432,444,15440.0,16296.0,1,0,0
8481524,Bowen Byram,BUF,D,279,V1,NZI,N,0.208,0.18417,0.02383,743,813,27360.0,28017.0,1,0,0
8478397,Rasmus Andersson,VGK,D,319,V1,NZI,N,0.18458,0.16089,0.0237,916,992,27451.0,29679.0,1,0,0
8475625,Matt Irwin,WSH,D,61,V1,NZI,N,0.16873,0.14514,0.02358,107,77,3396.0,2749.0,1,0,0
8480884,Calen Addison,SJS,D,134,V1,NZI,N,0.2063,0.18287,0.02343,243,229,8512.0,7984.0,1,0,0
8475753,Justin Faulk,DET,D,298,V1,NZI,N,0.19849,0.17511,0.02337,759,747,27216.0,26663.0,1,0,0
8481542,Moritz Seider,DET,D,328,V1,NZI,N,0.19351,0.17024,0.02328,942,940,32587.0,31844.0,1,0,0
8479324,Ryan Lindgren,SEA,D,286,V1,NZI,N,0.19365,0.1704,0.02324,707,676,24493.0,22705.0,1,0,0
8478038,Devon Toews,COL,D,305,V1,NZI,N,0.19294,0.16972,0.02322,857,1034,29579.0,35759.0,1,0,0
8478396,Noah Hanifin,VGK,D,313,V1,NZI,N,0.20372,0.18068,0.02304,955,950,33089.0,31625.0,1,0,0
8477435,Ryan Graves,PIT,D,231,V1,NZI,N,0.19923,0.17658,0.02265,553,519,19786.0,19000.0,1,0,0
8480839,Rasmus Dahlin,BUF,D,309,V1,NZI,N,0.19061,0.16802,0.02259,960,1103,33786.0,38639.0,1,0,0
8484223,Axel Sandin-Pellikka,DET,D,68,V1,NZI,N,0.20731,0.185,0.02232,140,127,4703.0,4946.0,1,0,0
8482073,Braden Schneider,NYR,D,325,V1,NZI,N,0.19575,0.17382,0.02194,720,676,26661.0,24687.0,1,0,0
8480817,K'Andre Miller,CAR,D,305,V1,NZI,N,0.20849,0.18687,0.02163,909,890,32169.0,31809.0,1,0,0
8478851,Alexandre Carrier,MTL,D,268,V1,NZI,N,0.20379,0.18229,0.0215,795,718,26262.0,24428.0,1,0,0
8483457,Lane Hutson,MTL,D,166,V1,NZI,N,0.20868,0.18721,0.02147,442,433,16964.0,16415.0,1,0,0
8480035,Henri Jokiharju,BOS,D,235,V1,NZI,N,0.1838,0.16239,0.02141,564,661,19429.0,22274.0,1,0,0
8474716,Jared Spurgeon,MIN,D,240,V1,NZI,N,0.20651,0.18524,0.02127,579,626,20459.0,21529.0,1,0,0
8481161,Jake Christiansen,CBJ,D,144,V1,NZI,N,0.16726,0.14641,0.02085,231,236,8914.0,8517.0,1,0,0
8474145,Robert Bortuzzo,UTA,D,87,V1,NZI,N,0.18079,0.15993,0.02085,158,153,4580.0,4258.0,1,0,0
8476885,Jacob Trouba,ANA,D,308,V1,NZI,N,0.20219,0.1822,0.02,944,877,32652.0,30879.0,1,0,0
8474568,Luke Schenn,BUF,D,259,V1,NZI,N,0.16551,0.14568,0.01984,586,609,19382.0,20072.0,1,0,0
8477810,Joel Hanley,CGY,D,189,V1,NZI,N,0.17283,0.153,0.01983,394,410,12087.0,12935.0,1,0,0
8479998,Mikey Anderson,LAK,D,307,V1,NZI,N,0.21764,0.19808,0.01956,960,854,36275.0,32487.0,1,0,0
8480184,Gustav Lindstrom,ANA,D,82,V1,NZI,N,0.19468,0.17518,0.0195,161,201,5907.0,7084.0,1,0,0
8480196,Jacob Bryson,WPG,D,193,V1,NZI,N,0.18744,0.16825,0.01919,376,404,13151.0,14146.0,1,0,0
8479338,Markus Niemelainen,EDM,D,23,V1,NZI,N,0.13378,0.11481,0.01897,43,31,1338.0,932.0,0,0,0
8481581,Thomas Harley,DAL,D,233,V1,NZI,N,0.20677,0.18781,0.01897,651,598,23799.0,22406.0,1,0,0
8483448,Isaiah George,NYI,D,37,V1,NZI,N,0.17291,0.1545,0.01841,83,66,2805.0,2369.0,1,0,0
8482095,Tyler Kleven,OTT,D,166,V1,NZI,N,0.19956,0.18117,0.01838,441,399,14883.0,13142.0,1,0,0
8482858,Ryker Evans,SEA,D,175,V1,NZI,N,0.21472,0.19713,0.01759,374,408,14782.0,16436.0,1,0,0
8477335,Kyle Burroughs,LAK,D,154,V1,NZI,N,0.17892,0.16286,0.01606,311,316,11072.0,10985.0,1,0,0
8478500,Ivan Provorov,CBJ,D,328,V1,NZI,N,0.2015,0.18584,0.01567,939,951,33771.0,35671.0,1,0,0
8480796,Martin Fehérváry,WSH,D,295,V1,NZI,N,0.19151,0.17654,0.01497,786,783,27691.0,26306.0,1,0,0
8481567,Henry Thrun,TOR,D,124,V1,NZI,N,0.1537,0.14001,0.01369,337,280,11464.0,9742.0,1,0,0
8482641,Matt Kiersted,MIN,D,28,V1,NZI,N,0.2212,0.20763,0.01358,45,41,1528.0,1416.0,0,0,0
8482624,Daniil Miromanov,CGY,D,83,V1,NZI,N,0.17948,0.16608,0.01339,216,244,6675.0,7436.0,1,0,0
8475279,Ben Chiarot,DET,D,316,V1,NZI,N,0.18233,0.16936,0.01297,863,917,29913.0,32316.0,1,0,0
8476525,Colin Miller,WPG,D,202,V1,NZI,N,0.18133,0.16836,0.01297,470,410,15910.0,14166.0,1,0,0
8478502,Dennis Gilbert,OTT,D,94,V1,NZI,N,0.17495,0.16202,0.01292,131,144,4127.0,4703.0,1,0,0
8483495,Simon Nemec,NJD,D,155,V1,NZI,N,0.2041,0.19132,0.01278,336,326,12626.0,11891.0,1,0,0
8479578,Casey Fitzgerald,FLA,D,27,V1,NZI,N,0.17391,0.1615,0.01241,39,44,1403.0,1517.0,0,0,0
8478450,Parker Wotherspoon,PIT,D,188,V1,NZI,N,0.20588,0.19362,0.01226,462,485,16845.0,16858.0,1,0,0
8479982,Conor Timmins,BUF,D,159,V1,NZI,N,0.16882,0.15758,0.01124,348,346,11213.0,11302.0,1,0,0
8484386,Dmitri Simashev,UTA,D,27,V1,NZI,N,0.18394,0.17271,0.01122,61,70,2017.0,2426.0,1,0,0
8476875,Mike Matheson,MTL,D,288,V1,NZI,N,0.19514,0.18397,0.01117,845,797,29799.0,29553.0,1,0,0
8481605,Jackson LaCombe,ANA,D,229,V1,NZI,N,0.18896,0.17804,0.01093,578,617,20819.0,21490.0,1,0,0
8475906,John Klingberg,SJS,D,147,V1,NZI,N,0.17798,0.16739,0.01059,318,380,12041.0,13603.0,1,0,0
8482671,Owen Power,BUF,D,315,V1,NZI,N,0.18982,0.17937,0.01044,749,823,27732.0,30021.0,1,0,0
8474563,Drew Doughty,LAK,D,264,V1,NZI,N,0.22554,0.21556,0.00998,856,791,32420.0,30140.0,1,0,0
8477034,Jaycob Megna,VGK,D,110,V1,NZI,N,0.17527,0.16535,0.00992,282,265,9494.0,9126.0,1,0,0
8477073,Kurtis MacDermid,OTT,D,131,V1,NZI,N,0.1741,0.16424,0.00986,129,126,4124.0,3641.0,1,2,1
8474031,Kevin Shattenkirk,BOS,D,136,V1,NZI,N,0.17582,0.16668,0.00914,253,301,9191.0,10949.0,1,0,0
8475227,Chris Wideman,MTL,D,46,V1,NZI,N,0.16095,0.1518,0.00914,92,108,3088.0,3913.0,1,0,0
8478911,Matt Roy,WSH,D,311,V1,NZI,N,0.19495,0.18607,0.00889,834,760,31136.0,28635.0,1,0,0
8482165,Yan Kuznetsov,CGY,D,58,V1,NZI,N,0.17672,0.16997,0.00675,163,190,4906.0,6360.0,1,0,0
8479421,Jacob Moverare,LAK,D,90,V1,NZI,N,0.21373,0.20895,0.00478,161,169,6073.0,6145.0,1,0,0
8481593,Jayden Struble,MTL,D,171,V1,NZI,N,0.19456,0.18997,0.00459,318,342,12058.0,12786.0,1,0,0
8479387,Keaton Middleton,COL,D,44,V1,NZI,N,0.13544,0.13108,0.00436,58,78,1927.0,2609.0,1,0,0
8475208,Brian Dumoulin,LAK,D,323,V1,NZI,N,0.18936,0.18502,0.00434,813,814,28396.0,28970.0,1,0,0
8480192,Johnathan Kovacevic,NJD,D,254,V1,NZI,N,0.17993,0.17697,0.00296,591,604,20842.0,22479.0,1,0,0
8481072,Tim Berni,CBJ,D,59,V1,NZI,N,0.16792,0.16534,0.00258,156,161,5431.0,5794.0,1,0,0
8477541,Dakota Mermis,TOR,D,64,V1,NZI,N,0.20105,0.1987,0.00235,111,96,3815.0,3684.0,1,0,0
8482131,Donovan Sebrango,FLA,D,44,V1,NZI,N,0.22859,0.22691,0.00168,107,105,3749.0,3909.0,1,0,0
8482803,Olen Zellweger,ANA,D,164,V1,NZI,N,0.20099,0.20153,-0.00054,330,356,11080.0,13482.0,1,0,0
8480831,Alec Regula,EDM,D,33,V1,NZI,N,0.22161,0.22323,-0.00162,75,66,2545.0,2419.0,1,0,0
8476470,Nathan Beaulieu,ANA,D,52,V1,NZI,N,0.14205,0.14381,-0.00176,97,100,3534.0,3456.0,1,0,0
8482178,Ian Moore,ANA,D,69,V1,NZI,N,0.21431,0.21631,-0.002,146,110,5254.0,3592.0,1,0,1
8474565,Alex Pietrangelo,VGK,D,209,V1,NZI,N,0.21396,0.21639,-0.00243,542,578,19784.0,20699.0,1,0,0
8482684,Luke Hughes,NJD,D,223,V1,NZI,N,0.18831,0.19245,-0.00414,602,607,21571.0,22234.0,1,0,0
8470966,Mark Giordano,TOR,D,124,V1,NZI,N,0.19811,0.20452,-0.00641,263,272,8773.0,9168.0,1,0,0
8482516,Matthew Kessel,STL,D,99,V1,NZI,N,0.17048,0.17777,-0.00729,192,197,6775.0,6846.0,1,0,0
8481030,Jack St. Ivany,PIT,D,53,V1,NZI,N,0.15192,0.16289,-0.01098,111,94,3706.0,3358.0,1,0,0
8482700,Nolan Allan,CHI,D,43,V1,NZI,N,0.10985,0.12318,-0.01333,64,89,2294.0,3166.0,1,0,0
8481059,Scott Perunovich,NYI,D,89,V1,NZI,N,0.16869,0.18882,-0.02013,162,143,5934.0,5010.0,1,0,0
8481708,Zac Jones,NYR,D,93,V1,NZI,N,0.17595,0.19791,-0.02196,190,177,7326.0,6710.0,1,0,0
8481006,Tyler Tucker,STL,D,158,V1,NZI,N,0.17184,0.19485,-0.02301,340,297,12669.0,10721.0,1,0,0
8481541,Samuel Bolduc,NYI,D,52,V1,NZI,N,0.18161,0.20668,-0.02507,106,108,3469.0,3953.0,1,0,0
8484150,Hunter Brzustewicz,CGY,D,34,V1,NZI,N,0.17434,0.21665,-0.04232,84,70,2782.0,2414.0,1,0,0
8479533,Joona Koppanen,PIT,L,33,V1,NZI,N,0.29214,0.12635,0.16579,46,50,1756.0,1575.0,0,50,53
8481077,John Leonard,DET,L,23,V1,NZI,N,0.2347,0.08844,0.14627,32,24,1095.0,882.0,0,0,0
8476455,Gabriel Landeskog,COL,L,60,V1,NZI,N,0.30515,0.16689,0.13826,127,128,4411.0,4494.0,1,85,65
8479356,Kieffer Bellows,NSH,L,47,V1,NZI,N,0.25745,0.14228,0.11517,62,63,2148.0,2221.0,1,4,16
8475235,Nicolas Deslauriers,CAR,L,202,V1,NZI,N,0.29134,0.18024,0.1111,257,246,9302.0,8683.0,1,10,14
8483597,Milos Kelemen,UTA,L,24,V1,NZI,N,0.31146,0.21015,0.10131,25,39,899.0,1261.0,0,2,5
8478067,Oskar Lindblom,SJS,L,74,V1,NZI,N,0.22142,0.1202,0.10123,83,93,2782.0,2862.0,1,8,10
8475766,Austin Watson,DET,L,121,V1,NZI,N,0.22383,0.12465,0.09918,172,140,5531.0,4292.0,1,6,10
8482241,Radim Zohorna,PIT,L,43,V1,NZI,N,0.23002,0.13287,0.09715,39,56,1239.0,2032.0,0,23,23
8476858,Phillip Di Giuseppe,VAN,L,101,V1,NZI,N,0.21013,0.11579,0.09434,182,161,6239.0,5562.0,1,5,15
8477353,Tyler Motte,DET,L,186,V1,NZI,N,0.2404,0.14795,0.09245,312,300,10807.0,9956.0,1,139,169
8481789,Tye Kartye,NYR,L,204,V1,NZI,N,0.27443,0.1842,0.09023,304,340,10429.0,11580.0,1,47,60
8481732,Andre Lee,LAK,L,26,V1,NZI,N,0.21982,0.13058,0.08924,32,37,1201.0,1210.0,0,0,0
8479423,Alex Nylander,TOR,L,42,V1,NZI,N,0.23753,0.15736,0.08017,69,76,2345.0,2847.0,1,11,8
8478474,Lawson Crouse,UTA,L,319,V1,NZI,N,0.24148,0.16234,0.07914,696,775,23534.0,25410.0,1,78,138
8477930,Pierre-Edouard Bellemare,SEA,L,113,V1,NZI,N,0.26115,0.18301,0.07814,164,124,5874.0,4508.0,1,381,325
8479314,Matthew Tkachuk,FLA,L,242,V1,NZI,N,0.23971,0.1617,0.07801,509,613,17108.0,20674.0,1,12,18
8480748,Kiefer Sherwood,SJS,L,249,V1,NZI,N,0.26885,0.19214,0.07671,514,518,17575.0,17909.0,1,47,55
8479661,Tanner Jeannot,BOS,L,275,V1,NZI,N,0.26971,0.1935,0.07621,544,454,20003.0,17328.0,1,45,70
8481065,Angus Crookshank,NJD,L,29,V1,NZI,N,0.23449,0.15904,0.07545,36,25,1241.0,918.0,0,2,4
8478431,Evgeny Svechnikov,SJS,L,59,V1,NZI,N,0.18542,0.11024,0.07517,96,84,3209.0,2685.0,1,5,4
8482747,Brennan Othmann,CGY,L,44,V1,NZI,N,0.24327,0.16962,0.07365,69,58,2376.0,1863.0,1,0,6
8483499,Liam Ohgren,VAN,L,96,V1,NZI,N,0.24137,0.16835,0.07301,150,170,5821.0,6029.0,1,9,13
8481535,Nils Hoglander,VAN,L,214,V1,NZI,N,0.24865,0.17569,0.07296,317,352,10891.0,11583.0,1,1,2
8481725,Elmer Soderblom,PIT,L,106,V1,NZI,N,0.22926,0.15806,0.0712,145,179,5291.0,6194.0,1,7,18
8475169,Evander Kane,VAN,L,189,V1,NZI,N,0.26248,0.19282,0.06966,425,399,15990.0,14988.0,1,52,71
8480762,Eric Robinson,CAR,L,268,V1,NZI,N,0.2365,0.16938,0.06713,517,486,18689.0,17045.0,1,10,42
8479293,Brandon Tanev,UTA,L,282,V1,NZI,N,0.22362,0.15693,0.06669,476,501,15696.0,15924.0,1,19,58
8480801,Brady Tkachuk,OTT,L,295,V1,NZI,N,0.22133,0.15473,0.0666,746,799,23666.0,25244.0,1,463,470
8481711,Matias Maccelli,TOR,L,272,V1,NZI,N,0.23891,0.17239,0.06652,555,562,20288.0,19827.0,1,13,18
8479619,Michael Carcone,UTA,L,214,V1,NZI,N,0.27261,0.2068,0.06581,378,365,12648.0,12050.0,1,23,28
8483513,Reid Schaefer,NSH,L,46,V1,NZI,N,0.26711,0.20218,0.06493,74,74,2557.0,2572.0,1,1,7
8476410,Josh Leivo,STL,L,51,V1,NZI,N,0.19963,0.13691,0.06272,80,88,2685.0,3265.0,1,3,4
8476882,Teuvo Teravainen,CHI,L,301,V1,NZI,N,0.22748,0.16643,0.06105,572,610,20411.0,20754.0,1,134,159
8478975,Mason Marchment,CBJ,L,279,V1,NZI,N,0.24272,0.18168,0.06104,626,489,22858.0,17850.0,1,31,41
8477955,Jared McCann,SEA,L,293,V1,NZI,N,0.22498,0.164,0.06097,478,579,16246.0,19786.0,1,232,257
8483395,Arshdeep Bains,VAN,L,49,V1,NZI,N,0.25439,0.19461,0.05978,58,79,1993.0,2487.0,1,4,14
8473419,Brad Marchand,FLA,L,278,V1,NZI,N,0.2185,0.15888,0.05962,522,486,17867.0,16459.0,1,27,55
8480797,Joel Farabee,CGY,L,326,V1,NZI,N,0.22187,0.1628,0.05907,637,614,22071.0,21388.0,1,64,104
8477947,Sonny Milano,WSH,L,147,V1,NZI,N,0.20512,0.14621,0.0589,215,222,7937.0,8002.0,1,8,4
8479359,Beck Malenstyn,BUF,L,247,V1,NZI,N,0.23697,0.17893,0.05804,437,423,14960.0,14436.0,1,33,33
8477527,Ross Johnston,ANA,L,189,V1,NZI,N,0.25329,0.19532,0.05797,270,213,9645.0,7219.0,1,8,11
8476915,Jujhar Khaira,MIN,L,52,V1,NZI,N,0.22236,0.16563,0.05672,94,106,3337.0,3701.0,1,125,124
8477940,Nikolaj Ehlers,CAR,L,278,V1,NZI,N,0.25069,0.1941,0.05659,470,551,17085.0,19588.0,1,12,34
8484388,Daniil But,UTA,L,29,V1,NZI,N,0.28682,0.23041,0.05641,47,36,1419.0,1302.0,0,6,13
8480031,Maxime Comtois,CAR,L,65,V1,NZI,N,0.17064,0.11513,0.05551,113,99,4325.0,3266.0,1,23,15
8477839,Conor Sheary,NYR,L,206,V1,NZI,N,0.24639,0.19126,0.05513,415,354,15374.0,12899.0,1,27,30
8483455,Isaac Howard,EDM,L,29,V1,NZI,N,0.24056,0.18696,0.0536,34,35,1430.0,1380.0,0,0,0
8475791,Taylor Hall,CAR,L,228,V1,NZI,N,0.24583,0.19223,0.0536,408,460,14937.0,16501.0,1,53,67
8479383,Boris Katchouk,TBL,L,120,V1,NZI,N,0.24207,0.18853,0.05354,146,190,4920.0,6922.0,1,18,36
8481550,Adam Beckman,MIN,L,20,V1,NZI,N,0.25522,0.20249,0.05273,17,32,670.0,1205.0,0,0,1
8482116,Tim Stützle,OTT,L,315,V1,NZI,N,0.23728,0.18472,0.05256,649,647,23179.0,22753.0,1,847,942
8474157,Max Pacioretty,TOR,L,89,V1,NZI,N,0.18183,0.12984,0.052,175,153,5758.0,5399.0,1,10,15
8476346,Johnny Gaudreau,CBJ,L,161,V1,NZI,N,0.22358,0.17189,0.05169,364,373,13266.0,14178.0,1,0,0
8476921,Jordan Martinook,CAR,L,320,V1,NZI,N,0.24506,0.1934,0.05166,922,748,31274.0,24923.0,1,127,130
8477425,Miles Wood,CBJ,L,241,V1,NZI,N,0.23896,0.18734,0.05162,433,398,15308.0,13361.0,1,19,47
8478498,Jake DeBrusk,VAN,L,306,V1,NZI,N,0.21187,0.16238,0.0495,562,569,19356.0,19147.0,1,26,42
8477494,Jonathan Drouin,STL,L,244,V1,NZI,N,0.20723,0.15856,0.04866,458,568,16687.0,20446.0,1,272,310
8478233,Andrew Mangiapane,CHI,L,300,V1,NZI,N,0.2206,0.1721,0.0485,601,602,20562.0,20749.0,1,13,25
8475220,Marcus Foligno,MIN,L,253,V1,NZI,N,0.23732,0.18995,0.04737,485,525,17247.0,18926.0,1,26,30
8480027,Jason Robertson,DAL,L,328,V1,NZI,N,0.21136,0.16461,0.04675,749,730,25965.0,26723.0,1,6,13
8470610,Zach Parise,COL,L,112,V1,NZI,N,0.19648,0.14981,0.04667,229,194,7100.0,7109.0,1,17,34
8474034,Patrick Maroon,CHI,L,199,V1,NZI,N,0.24405,0.19775,0.0463,318,342,11936.0,13006.0,1,47,66
8475287,Erik Haula,NSH,L,306,V1,NZI,N,0.19841,0.15216,0.04624,643,551,21582.0,19308.0,1,1582,1377
8478104,Sammy Blais,MTL,L,145,V1,NZI,N,0.2758,0.22967,0.04612,184,245,6396.0,9052.0,1,5,14
8480448,Parker Kelly,COL,L,296,V1,NZI,N,0.21122,0.1654,0.04583,507,471,15680.0,14843.0,1,322,442
8478047,Michael Bunting,DAL,L,313,V1,NZI,N,0.21362,0.16865,0.04497,601,564,21566.0,20219.0,1,18,34
8471214,Alex Ovechkin,WSH,L,299,V1,NZI,N,0.22257,0.17825,0.04432,564,635,19684.0,22732.0,1,5,9
8482055,Drew O'Connor,VAN,L,290,V1,NZI,N,0.21439,0.17023,0.04416,513,532,18205.0,18710.0,1,108,142
8483630,Pavol Regenda,SJS,L,42,V1,NZI,N,0.25373,0.20991,0.04382,67,73,2278.0,2663.0,1,8,8
8479400,Pierre-Luc Dubois,WSH,L,266,V1,NZI,N,0.22927,0.18585,0.04343,495,547,17708.0,19462.0,1,1434,1515
8477444,Andre Burakovsky,CHI,L,252,V1,NZI,N,0.22126,0.17806,0.0432,412,507,15841.0,18713.0,1,6,15
8482062,Cole Smith,VGK,L,283,V1,NZI,N,0.23535,0.19235,0.043,617,578,20599.0,19693.0,1,17,30
8474709,Matt Martin,NYI,L,170,V1,NZI,N,0.25596,0.21349,0.04247,261,273,8970.0,9977.0,1,23,34
8482089,Jake Neighbours,STL,L,270,V1,NZI,N,0.21638,0.17412,0.04226,483,501,16568.0,17540.0,1,22,46
8477407,Anthony Duclair,NYI,L,199,V1,NZI,N,0.19489,0.15327,0.04162,422,409,14485.0,13819.0,1,21,32
8482742,Zachary L'Heureux,NSH,L,86,V1,NZI,N,0.18057,0.13936,0.04121,156,170,5239.0,5762.0,1,3,7
8478109,Victor Olofsson,CGY,L,260,V1,NZI,N,0.22578,0.18458,0.0412,404,439,14917.0,16242.0,1,4,19
8482077,Dylan Holloway,STL,L,224,V1,NZI,N,0.21117,0.17181,0.03936,427,370,15509.0,13218.0,1,113,144
8482172,Landon Slaggert,CHI,L,102,V1,NZI,N,0.19786,0.15921,0.03865,153,185,5322.0,6545.0,1,1,4
8479543,Michael Pezzetta,TOR,L,158,V1,NZI,N,0.21344,0.1748,0.03864,182,200,6489.0,7094.0,1,15,25
8482667,William Eklund,SJS,L,242,V1,NZI,N,0.21548,0.17695,0.03853,462,540,16995.0,19746.0,1,81,177
8475722,Jason Zucker,BUF,L,282,V1,NZI,N,0.20823,0.17017,0.03806,464,532,16314.0,18817.0,1,46,72
8482222,Alexander Barabanov,SJS,L,114,V1,NZI,N,0.19226,0.15422,0.03804,255,277,8842.0,9681.0,1,3,5
8477479,Tyler Bertuzzi,CHI,L,291,V1,NZI,N,0.23232,0.19468,0.03763,554,624,20696.0,23438.0,1,66,89
8479542,Brandon Hagel,TBL,L,316,V1,NZI,N,0.23545,0.19813,0.03732,742,684,26477.0,26306.0,1,64,116
8475786,Zach Hyman,EDM,L,289,V1,NZI,N,0.24277,0.20553,0.03724,586,642,23005.0,24142.0,1,9,17
8476871,Tanner Pearson,BUF,L,203,V1,NZI,N,0.20048,0.16439,0.03609,365,381,12086.0,13152.0,1,13,52
8480220,Noah Cates,PHI,L,301,V1,NZI,N,0.19052,0.15447,0.03604,653,713,20140.0,23169.0,1,1228,1528
8476918,Jimmy Vesey,COL,L,204,V1,NZI,N,0.20657,0.1706,0.03596,400,375,13434.0,12831.0,1,14,36
8477931,Tomas Nosek,FLA,L,182,V1,NZI,N,0.20974,0.17381,0.03593,338,290,11047.0,9712.0,1,684,555
8484185,Nick Lardis,CHI,L,41,V1,NZI,N,0.24975,0.21383,0.03592,83,65,2991.0,2502.0,1,1,1
8477962,Brendan Lemieux,CAR,L,77,V1,NZI,N,0.23058,0.19564,0.03495,119,91,4545.0,3072.0,1,11,18
8477573,Nathan Walker,STL,L,219,V1,NZI,N,0.1958,0.16128,0.03452,442,372,15516.0,13027.0,1,228,198
8482451,Mikael Pyyhtia,CBJ,L,71,V1,NZI,N,0.19554,0.16176,0.03377,88,108,3360.0,3771.0,1,3,4
8479066,Ryan Lomberg,CGY,L,294,V1,NZI,N,0.2253,0.19157,0.03373,404,430,13116.0,15702.0,1,28,44
8478421,A.J. Greer,FLA,L,279,V1,NZI,N,0.22355,0.18984,0.03371,422,459,14328.0,15192.0,1,27,52
8477998,Warren Foegele,OTT,L,299,V1,NZI,N,0.21857,0.18496,0.03361,634,609,21540.0,21264.0,1,44,51
8475314,Anders Lee,NYI,L,327,V1,NZI,N,0.22629,0.19367,0.03262,673,623,23240.0,21919.0,1,88,89
8477478,William Carrier,CAR,L,208,V1,NZI,N,0.22652,0.19419,0.03233,535,505,16405.0,16659.0,1,20,31
8481582,Nicholas Robertson,TOR,L,218,V1,NZI,N,0.20674,0.17443,0.03231,355,336,12678.0,11724.0,1,19,24
8480188,Fabian Zetterlund,OTT,L,316,V1,NZI,N,0.20254,0.17039,0.03215,683,645,23467.0,22002.0,1,48,68
8481641,Joel Kiviranta,COL,L,255,V1,NZI,N,0.20847,0.17645,0.03202,446,438,13748.0,14299.0,1,26,22
8473994,Jamie Benn,DAL,L,304,V1,NZI,N,0.18896,0.15713,0.03183,601,536,18427.0,17151.0,1,881,591
8478046,Danton Heinen,CBJ,L,264,V1,NZI,N,0.22378,0.19204,0.03174,426,438,15256.0,15101.0,1,34,51
8482408,Jeff Malott,LAK,L,70,V1,NZI,N,0.22373,0.19322,0.0305,104,101,3178.0,3571.0,1,4,10
8484145,Zach Benson,BUF,L,211,V1,NZI,N,0.22012,0.18967,0.03045,359,427,13152.0,15606.0,1,13,24
8477402,Pavel Buchnevich,STL,L,299,V1,NZI,N,0.20303,0.17264,0.03039,579,647,20539.0,23378.0,1,286,514
8477456,J.T. Compher,DET,L,317,V1,NZI,N,0.19077,0.1609,0.02988,598,649,20637.0,22362.0,1,1720,1813
8477426,Nick Paul,TBL,L,289,V1,NZI,N,0.22049,0.19101,0.02948,642,547,24155.0,19826.0,1,1297,1182
8482157,Will Cuylle,NYR,L,249,V1,NZI,N,0.19443,0.16563,0.0288,494,440,16762.0,15136.0,1,34,52
8478115,Pierre Engvall,NYI,L,212,V1,NZI,N,0.23337,0.20555,0.02782,416,360,14839.0,13043.0,1,52,75
8482117,Lukas Reichel,BOS,L,187,V1,NZI,N,0.18505,0.15794,0.02711,267,335,9792.0,12220.0,1,246,364
8476878,Zemgus Girgensons,TBL,L,299,V1,NZI,N,0.20672,0.17989,0.02683,615,601,21662.0,21274.0,1,266,314
8477330,Dominik Kubalik,OTT,L,155,V1,NZI,N,0.18886,0.16221,0.02664,226,269,7932.0,9506.0,1,24,32
8477476,Artturi Lehkonen,COL,L,247,V1,NZI,N,0.19681,0.17095,0.02586,555,692,18485.0,23849.0,1,9,25
8476934,Brock McGinn,ANA,L,125,V1,NZI,N,0.20121,0.17585,0.02536,194,191,6595.0,6352.0,1,5,14
8477404,Jake Guentzel,TBL,L,306,V1,NZI,N,0.20577,0.1807,0.02507,794,744,27671.0,25971.0,1,254,283
8481716,Dmitri Voronkov,CBJ,L,211,V1,NZI,N,0.18612,0.16113,0.02498,404,471,13857.0,16595.0,1,265,377
8476442,Matt Nieto,PIT,L,135,V1,NZI,N,0.16986,0.14489,0.02497,218,209,7053.0,6688.0,1,9,9
8481592,Jakob Pelletier,TBL,L,91,V1,NZI,N,0.1994,0.17473,0.02467,150,152,5005.0,4939.0,1,14,28
8475193,Tomas Tatar,NJD,L,226,V1,NZI,N,0.17976,0.15633,0.02343,413,491,13607.0,16747.0,1,23,38
8478463,Anthony Beauvillier,WSH,L,305,V1,NZI,N,0.20958,0.18675,0.02283,540,548,19138.0,20171.0,1,75,75
8482132,Brett Berard,NYR,L,48,V1,NZI,N,0.16472,0.14207,0.02266,75,66,2659.0,2534.0,1,3,4
8481604,Pavel Dorofeyev,VGK,L,230,V1,NZI,N,0.2009,0.17833,0.02258,397,393,15251.0,14305.0,1,5,15
8475184,Chris Kreider,ANA,L,303,V1,NZI,N,0.19748,0.17519,0.02229,699,652,24251.0,22216.0,1,94,143
8476887,Filip Forsberg,NSH,L,295,V1,NZI,N,0.20218,0.1803,0.02188,729,654,24310.0,22884.0,1,24,39
8476438,Brandon Saad,VGK,L,274,V1,NZI,N,0.20262,0.18082,0.02179,514,538,19268.0,19848.0,1,29,47
8483808,Andrei Kuzmenko,LAK,L,271,V1,NZI,N,0.21667,0.19492,0.02175,428,511,15503.0,18572.0,1,2,0
8478398,Kyle Connor,WPG,L,310,V1,NZI,N,0.21514,0.19357,0.02158,565,642,23640.0,25872.0,1,4,11
8477454,Adam Erne,DAL,L,130,V1,NZI,N,0.21375,0.19286,0.02089,209,207,7214.0,7451.0,1,16,25
8482078,Lucas Raymond,DET,L,318,V1,NZI,N,0.19696,0.17648,0.02048,733,695,25467.0,24371.0,1,8,15
8483515,Juraj Slafkovský,MTL,L,282,V1,NZI,N,0.22242,0.2022,0.02022,585,538,21770.0,20841.0,1,30,45
8473422,Nick Foligno,MIN,L,266,V1,NZI,N,0.1884,0.16951,0.01889,499,537,18185.0,19167.0,1,543,546
8480113,Alex Iafallo,WPG,L,302,V1,NZI,N,0.21502,0.19702,0.01799,532,548,20003.0,19830.0,1,34,52
8482720,Matthew Knies,TOR,L,240,V1,NZI,N,0.20037,0.1825,0.01787,523,451,18062.0,15759.0,1,0,6
8475149,Marcus Johansson,MIN,L,305,V1,NZI,N,0.21615,0.19916,0.01699,577,659,21305.0,23986.0,1,31,54
8478042,Viktor Arvidsson,BOS,L,231,V1,NZI,N,0.2186,0.20268,0.01593,470,455,16921.0,16519.0,1,42,70
8481557,Matt Boldy,MIN,L,314,V1,NZI,N,0.22229,0.20743,0.01486,694,711,26542.0,27002.0,1,145,150
8473986,Alex Killorn,ANA,L,308,V1,NZI,N,0.19872,0.18402,0.0147,555,658,20028.0,24204.0,1,46,86
8479981,Jonah Gadjovich,FLA,L,126,V1,NZI,N,0.223,0.20835,0.01465,147,170,4740.0,5606.0,1,4,5
8480844,Grigori Denisenko,VGK,L,25,V1,NZI,N,0.2045,0.19033,0.01417,42,44,1423.0,1613.0,0,0,1
8480468,James Hamblin,EDM,L,41,V1,NZI,N,0.17909,0.16501,0.01407,47,41,1731.0,1412.0,0,105,92
8474102,David Perron,DET,L,266,V1,NZI,N,0.18483,0.17076,0.01407,541,512,18049.0,17990.0,1,25,37
8476292,Ondrej Palat,NYI,L,277,V1,NZI,N,0.19331,0.18035,0.01295,553,562,19001.0,19218.0,1,13,43
8478550,Artemi Panarin,LAK,L,321,V1,NZI,N,0.2126,0.19975,0.01285,689,606,27215.0,23885.0,1,6,16
8478028,Fredrik Olofsson,COL,L,85,V1,NZI,N,0.23267,0.21991,0.01276,113,124,3765.0,4138.0,1,129,182
8481043,Cole Koepke,WPG,L,164,V1,NZI,N,0.19105,0.17852,0.01253,255,284,8673.0,9629.0,1,0,4
8482109,Alexis Lafrenière,NYR,L,327,V1,NZI,N,0.19215,0.17969,0.01246,646,637,24861.0,23680.0,1,59,143
8473473,Milan Lucic,BOS,L,81,V1,NZI,N,0.18826,0.17622,0.01204,104,144,3288.0,5022.0,1,17,21
8479407,Jesper Bratt,NJD,L,327,V1,NZI,N,0.18839,0.17659,0.0118,705,766,23191.0,26043.0,1,9,17
8478413,Jordan Greenway,BUF,L,203,V1,NZI,N,0.21317,0.20193,0.01124,368,448,12666.0,15733.0,1,19,69
8478211,Dryden Hunt,CGY,L,73,V1,NZI,N,0.21792,0.20692,0.011,85,94,3047.0,3151.0,1,5,5
8474679,Gustav Nyquist,WPG,L,262,V1,NZI,N,0.19495,0.18418,0.01077,536,430,18287.0,15577.0,1,36,60
8474037,James van Riemsdyk,DET,L,275,V1,NZI,N,0.19515,0.18445,0.0107,427,455,14553.0,15652.0,1,22,33
8477942,Kevin Fiala,LAK,L,288,V1,NZI,N,0.21956,0.20909,0.01048,602,594,22777.0,22560.0,1,38,70
8475784,Jeff Skinner,SJS,L,257,V1,NZI,N,0.20122,0.19137,0.00985,488,502,18149.0,18702.0,1,161,198
8479536,Axel Jonsson-Fjallby,WPG,L,76,V1,NZI,N,0.18526,0.17558,0.00969,111,98,3719.0,3759.0,1,1,4
8481093,Rafael Harvey-Pinard,PIT,L,81,V1,NZI,N,0.20737,0.19853,0.00884,132,149,4967.0,5994.0,1,8,25
8479339,Patrik Laine,MTL,L,130,V1,NZI,N,0.18766,0.17902,0.00865,192,251,7247.0,9636.0,1,54,92
8478864,Kirill Kaprizov,MIN,L,261,V1,NZI,N,0.21702,0.20893,0.00809,641,679,25330.0,27392.0,1,0,2
8479368,Max Jones,EDM,L,168,V1,NZI,N,0.16921,0.1631,0.00611,302,305,10348.0,10699.0,1,14,21
8484994,Igor Chernyshov,SJS,L,27,V1,NZI,N,0.22774,0.22179,0.00595,56,62,2235.0,2313.0,1,0,0
8481133,Cole Reinhardt,FLA,L,76,V1,NZI,N,0.22115,0.21949,0.00165,114,115,4246.0,4114.0,1,8,4
8483445,Cutter Gauthier,ANA,L,158,V1,NZI,N,0.21035,0.20893,0.00141,288,308,10207.0,10994.0,1,64,87
8474884,Mike Hoffman,SJS,L,133,V1,NZI,N,0.16519,0.16411,0.00108,224,263,7803.0,9841.0,1,24,30
8484180,Samuel Honzek,CGY,L,23,V1,NZI,N,0.224,0.22566,-0.00166,39,44,1125.0,1356.0,0,6,5
8477941,Nick Ritchie,CGY,L,74,V1,NZI,N,0.15519,0.15757,-0.00239,121,129,3963.0,4233.0,1,2,7
8477482,Zachary Sanford,CHI,L,45,V1,NZI,N,0.18697,0.19316,-0.00618,53,74,1904.0,2894.0,1,43,88
8482476,Emil Heineman,NYI,L,148,V1,NZI,N,0.17375,0.18426,-0.01051,279,275,10095.0,9883.0,1,4,16
8479705,Jeffrey Viel,ANA,L,53,V1,NZI,N,0.22233,0.23801,-0.01568,117,91,4093.0,3399.0,1,2,3
8483491,Ivan Miroshnichenko,WSH,L,52,V1,NZI,N,0.1758,0.21112,-0.03532,75,75,2645.0,2643.0,1,0,2
8477944,Jakub Vrana,NSH,L,85,V1,NZI,N,0.14845,0.19447,-0.04602,116,133,4264.0,4849.0,1,6,27
8484314,Jiri Smejkal,OTT,L,20,V1,NZI,N,0.179,0.23619,-0.05719,13,23,419.0,923.0,0,9,15
8478147,Bokondji Imama,PIT,L,29,V1,NZI,N,0.10432,0.16287,-0.05855,32,24,1064.0,835.0,0,0,0
8481518,Nolan Foote,FLA,L,29,V1,NZI,N,0.11302,0.17353,-0.06051,28,34,929.0,1141.0,0,1,5
8475780,Chris Wagner,COL,R,42,V1,NZI,N,0.19623,0.06998,0.12624,33,63,1060.0,1729.0,0,59,65
8484938,Arttu Hyry,DAL,R,25,V1,NZI,N,0.28952,0.16602,0.1235,47,23,1613.0,777.0,0,104,63
8484241,Matthew Wood,NSH,R,76,V1,NZI,N,0.2278,0.11081,0.11699,95,117,3446.0,4034.0,1,74,117
8484860,Matvei Gridin,CGY,R,36,V1,NZI,N,0.24286,0.1291,0.11376,74,70,2240.0,2409.0,1,3,14
8483733,Nikita Grebenkin,PHI,R,62,V1,NZI,N,0.25755,0.15643,0.10112,104,120,3708.0,4136.0,1,5,2
8480789,Oliver Wahlstrom,BOS,R,110,V1,NZI,N,0.24553,0.14906,0.09648,149,162,5091.0,5877.0,1,16,19
8473504,Cal Clutterbuck,NYI,R,131,V1,NZI,N,0.26072,0.17029,0.09043,249,243,8162.0,7998.0,1,11,22
8475968,Alex Belzile,MTL,R,31,V1,NZI,N,0.27077,0.18133,0.08944,48,50,1673.0,1853.0,0,91,99
8482679,Matt Coronato,CGY,R,191,V1,NZI,N,0.23531,0.14659,0.08872,367,395,12562.0,13773.0,1,104,165
8482874,Jacob Melanson,SEA,R,37,V1,NZI,N,0.30386,0.2162,0.08766,70,56,2488.0,2086.0,1,1,0
8479379,Givani Smith,COL,R,85,V1,NZI,N,0.23366,0.14719,0.08647,97,87,3351.0,3200.0,1,2,3
8482713,Mackie Samoskevich,FLA,R,156,V1,NZI,N,0.25613,0.17553,0.08059,299,303,10202.0,10488.0,1,5,9
8484177,Lenni Hameenaho,NJD,R,33,V1,NZI,N,0.24508,0.16769,0.07739,53,62,1677.0,2272.0,1,0,5
8482699,Dylan Guenther,UTA,R,227,V1,NZI,N,0.23696,0.16493,0.07204,377,452,12808.0,15225.0,1,38,65
8479644,Matt Luff,STL,R,24,V1,NZI,N,0.20557,0.13472,0.07085,27,30,934.0,1106.0,0,0,2
8471698,T.J. Oshie,WSH,R,110,V1,NZI,N,0.23573,0.16694,0.0688,215,227,7114.0,8045.0,1,23,32
8474573,Josh Bailey,NYI,R,64,V1,NZI,N,0.22469,0.15672,0.06797,109,109,3872.0,3988.0,1,34,48
8480025,MacKenzie Entwistle,CHI,R,133,V1,NZI,N,0.24257,0.17612,0.06645,193,212,6831.0,7955.0,1,245,303
8480833,Vitali Kravtsov,VAN,R,44,V1,NZI,N,0.24541,0.18019,0.06522,64,59,2286.0,2009.0,1,0,3
8479414,Nathan Bastian,DAL,R,192,V1,NZI,N,0.24933,0.18483,0.06449,289,249,9642.0,8505.0,1,28,49
8482159,Tyson Foerster,PHI,R,195,V1,NZI,N,0.22709,0.16326,0.06382,458,456,15003.0,15527.0,1,0,2
8478466,Daniel Sprong,NJD,R,172,V1,NZI,N,0.2273,0.16349,0.06382,214,216,7875.0,8227.0,1,8,11
8483756,Jared Wright,LAK,R,22,V1,NZI,N,0.22809,0.1665,0.06159,45,31,1495.0,997.0,0,0,1
8480830,Andrei Svechnikov,CAR,R,274,V1,NZI,N,0.2393,0.17921,0.0601,531,567,18437.0,19419.0,1,12,16
8479328,Julien Gauthier,NYI,R,85,V1,NZI,N,0.19787,0.13802,0.05985,132,145,4326.0,4434.0,1,6,10
8484210,Gabe Perreault,NYR,R,54,V1,NZI,N,0.20456,0.14474,0.05982,155,119,5480.0,4090.0,1,5,6
8475163,Alex Chiasson,DET,R,20,V1,NZI,N,0.20541,0.14575,0.05966,23,32,813.0,1036.0,0,0,6
8475855,Jesper Fast,CAR,R,153,V1,NZI,N,0.26036,0.2007,0.05965,413,334,14484.0,11086.0,1,16,19
8477979,Nicolas Aube-Kubel,MIN,R,141,V1,NZI,N,0.26137,0.2021,0.05927,245,214,9121.0,7798.0,1,16,26
8474586,Jordan Eberle,SEA,R,281,V1,NZI,N,0.22212,0.16297,0.05915,523,625,19215.0,21372.0,1,64,97
8477357,Saku Maenalanen,WPG,R,64,V1,NZI,N,0.18717,0.12921,0.05796,101,95,3211.0,3150.0,1,1,2
8477956,David Pastrnak,BOS,R,323,V1,NZI,N,0.22499,0.16724,0.05775,558,592,20290.0,22244.0,1,18,29
8477451,Ryan Hartman,MIN,R,278,V1,NZI,N,0.23892,0.18166,0.05726,550,602,20367.0,22344.0,1,1170,1395
8482146,Luke Evangelista,NSH,R,252,V1,NZI,N,0.22056,0.16381,0.05675,456,469,16608.0,17038.0,1,1,7
8479336,Carl Grundstrom,PHI,R,211,V1,NZI,N,0.23291,0.17685,0.05606,353,294,12803.0,10161.0,1,14,31
8478439,Travis Konecny,PHI,R,295,V1,NZI,N,0.2317,0.17584,0.05586,661,657,23423.0,23249.0,1,95,131
8480015,Owen Tippett,PHI,R,313,V1,NZI,N,0.21527,0.1596,0.05568,660,677,22822.0,22463.0,1,48,54
8480208,Drake Batherson,OTT,R,325,V1,NZI,N,0.21164,0.157,0.05464,690,695,23498.0,22911.0,1,60,83
8477939,William Nylander,TOR,R,311,V1,NZI,N,0.21127,0.15666,0.05461,798,612,27198.0,21397.0,1,151,177
8481703,Valtteri Puustinen,PIT,R,65,V1,NZI,N,0.2312,0.17687,0.05434,107,93,3711.0,3268.0,1,1,3
8482659,Josh Doan,BUF,R,144,V1,NZI,N,0.23326,0.17894,0.05432,254,310,8600.0,10445.0,1,34,57
8480995,Pontus Holmberg,TBL,R,229,V1,NZI,N,0.2399,0.1863,0.0536,431,415,14673.0,14391.0,1,305,366
8477392,Hudson Fasching,NYI,R,137,V1,NZI,N,0.24262,0.18931,0.0533,307,240,10292.0,8383.0,1,5,17
8479322,Wade Allison,PHI,R,60,V1,NZI,N,0.23825,0.18671,0.05153,106,137,3723.0,4531.0,1,1,5
8473512,Claude Giroux,OTT,R,327,V1,NZI,N,0.21371,0.16218,0.05153,736,663,23555.0,21686.0,1,1371,967
8471817,Ryan Reaves,SJS,R,207,V1,NZI,N,0.2606,0.20946,0.05114,275,281,9294.0,9978.0,1,5,14
8475799,Nino Niederreiter,WPG,R,297,V1,NZI,N,0.22015,0.16988,0.05027,716,622,24988.0,22375.0,1,32,39
8477473,Justin Bailey,SJS,R,59,V1,NZI,N,0.21315,0.16292,0.05023,87,95,2632.0,2934.0,1,6,10
8484387,Matvei Michkov,PHI,R,161,V1,NZI,N,0.20854,0.15838,0.05015,283,282,9720.0,9881.0,1,11,18
8482125,Alexander Holtz,VGK,R,183,V1,NZI,N,0.19481,0.14526,0.04955,240,247,9091.0,8330.0,1,14,36
8477511,Anthony Mantha,PIT,R,235,V1,NZI,N,0.23678,0.18884,0.04794,349,441,13460.0,16803.0,1,23,41
8477953,Kasperi Kapanen,EDM,R,246,V1,NZI,N,0.2333,0.18754,0.04576,427,446,15465.0,16754.0,1,71,108
8477903,Garnet Hathaway,PHI,R,299,V1,NZI,N,0.2331,0.18743,0.04567,600,495,19481.0,16246.0,1,43,36
8477446,Michael McCarron,MIN,R,255,V1,NZI,N,0.23242,0.1869,0.04552,525,471,16935.0,15934.0,1,1196,1009
8478856,Conor Garland,CBJ,R,315,V1,NZI,N,0.22135,0.1759,0.04545,616,618,20759.0,21114.0,1,17,34
8481553,Bobby Brink,MIN,R,204,V1,NZI,N,0.19977,0.15451,0.04526,374,405,12845.0,13928.0,1,35,66
8476453,Nikita Kucherov,TBL,R,317,V1,NZI,N,0.23995,0.19469,0.04526,651,630,24726.0,25060.0,1,0,0
8483890,Braeden Bowman,VGK,R,54,V1,NZI,N,0.2079,0.16268,0.04522,84,107,3088.0,3725.0,1,3,9
8479367,William Lockwood,FLA,R,39,V1,NZI,N,0.21255,0.16749,0.04506,61,49,1769.0,1624.0,0,4,4
8478444,Brock Boeser,VAN,R,304,V1,NZI,N,0.20617,0.16209,0.04408,606,630,22127.0,22728.0,1,85,142
8478483,Mitch Marner,VGK,R,311,V1,NZI,N,0.21421,0.17025,0.04396,749,643,26031.0,23019.0,1,156,230
8477149,Scott Sabourin,TBL,R,30,V1,NZI,N,0.22117,0.17749,0.04369,46,43,1379.0,1448.0,0,0,4
8479671,Mathieu Olivier,CBJ,R,263,V1,NZI,N,0.22083,0.17725,0.04358,529,511,18969.0,18702.0,1,17,47
8483497,Jani Nyman,SEA,R,39,V1,NZI,N,0.27774,0.23443,0.0433,38,64,1307.0,2521.0,0,3,4
8478434,Keegan Kolesar,VGK,R,318,V1,NZI,N,0.24791,0.20537,0.04254,757,727,25360.0,24906.0,1,30,52
8479337,Alex DeBrincat,DET,R,328,V1,NZI,N,0.21937,0.17711,0.04226,672,666,24347.0,23483.0,1,51,65
8481721,Arseny Gritsyuk,NJD,R,66,V1,NZI,N,0.26736,0.22614,0.04122,123,149,4118.0,5470.0,1,3,8
8478099,Kevin Labanc,CBJ,R,152,V1,NZI,N,0.20823,0.16708,0.04115,247,255,8769.0,8888.0,1,11,17
8477501,Valeri Nichushkin,COL,R,221,V1,NZI,N,0.23019,0.19065,0.03954,450,536,15387.0,18075.0,1,4,5
8482765,Isak Rosen,WPG,R,51,V1,NZI,N,0.19124,0.15223,0.03901,77,76,2693.0,2713.0,1,2,7
8475191,Reilly Smith,VGK,R,302,V1,NZI,N,0.20516,0.16639,0.03877,611,591,21188.0,20614.0,1,26,54
8484911,Collin Graf,SJS,R,120,V1,NZI,N,0.18522,0.14668,0.03854,203,220,7483.0,7840.0,1,7,19
8480009,Eeli Tolvanen,SEA,R,300,V1,NZI,N,0.22554,0.18713,0.03841,541,608,19385.0,22327.0,1,19,38
8482809,Jackson Blake,CAR,R,162,V1,NZI,N,0.23367,0.19529,0.03838,307,302,11940.0,10871.0,1,15,24
8475913,Mark Stone,VGK,R,226,V1,NZI,N,0.22583,0.18789,0.03794,417,498,15326.0,17287.0,1,8,21
8475765,Vladimir Tarasenko,MIN,R,300,V1,NZI,N,0.20443,0.16667,0.03775,634,696,20878.0,23375.0,1,9,12
8473449,Kyle Okposo,FLA,R,142,V1,NZI,N,0.21227,0.17479,0.03748,267,258,10058.0,9354.0,1,239,248
8479941,Justin Danforth,BUF,R,142,V1,NZI,N,0.21739,0.18045,0.03694,278,240,9729.0,9033.0,1,421,407
8481013,Jonatan Berggren,STL,R,204,V1,NZI,N,0.18402,0.14716,0.03686,315,341,11140.0,12408.0,1,8,17
8484958,Maxim Tsyplakov,NJD,R,126,V1,NZI,N,0.2275,0.19156,0.03594,229,191,8321.0,6656.0,1,16,19
8484984,Ivan Demidov,MTL,R,84,V1,NZI,N,0.21772,0.18221,0.0355,120,135,4244.0,5274.0,1,0,1
8477416,Oliver Bjorkstrand,TBL,R,322,V1,NZI,N,0.23869,0.20322,0.03548,578,655,21714.0,25131.0,1,32,67
8471218,Blake Wheeler,NYR,R,126,V1,NZI,N,0.19396,0.15872,0.03524,229,193,8084.0,6628.0,1,75,60
8481617,Vasily Podkolzin,EDM,R,221,V1,NZI,N,0.2277,0.19261,0.03509,450,412,16017.0,15716.0,1,38,90
8481601,Simon Holmstrom,NYI,R,279,V1,NZI,N,0.21366,0.17888,0.03478,548,449,18918.0,15295.0,1,7,23
8479390,Taylor Raddysh,NYR,R,299,V1,NZI,N,0.18742,0.15328,0.03414,547,475,19406.0,16891.0,1,24,51
8476326,Josh Archibald,PIT,R,62,V1,NZI,N,0.24398,0.21017,0.03381,80,72,2615.0,2517.0,1,0,1
8479977,Kailer Yamamoto,UTA,R,187,V1,NZI,N,0.23557,0.20178,0.03379,330,322,11542.0,11879.0,1,52,97
8480893,Kirill Marchenko,CBJ,R,292,V1,NZI,N,0.21171,0.17793,0.03379,666,638,24552.0,24083.0,1,45,76
8483476,Jonathan Lekkerimäki,VAN,R,37,V1,NZI,N,0.22851,0.19553,0.03298,52,57,1733.0,2056.0,1,0,1
8481624,Ilya Mikheyev,CHI,R,281,V1,NZI,N,0.20919,0.17672,0.03247,496,619,17936.0,21995.0,1,10,27
8475164,Jakob Silfverberg,ANA,R,162,V1,NZI,N,0.15819,0.12579,0.0324,297,275,9887.0,8538.0,1,24,46
8474149,Evgenii Dadonov,NJD,R,228,V1,NZI,N,0.20977,0.17747,0.0323,426,432,15002.0,15518.0,1,1,10
8484762,Beckett Sennecke,ANA,R,81,V1,NZI,N,0.2347,0.20243,0.03228,186,195,6685.0,6669.0,1,0,0
8479344,Jesse Puljujarvi,FLA,R,128,V1,NZI,N,0.20076,0.16948,0.03128,232,220,7885.0,7629.0,1,1,8
8476474,Stefan Noesen,NJD,R,275,V1,NZI,N,0.21197,0.18148,0.03048,543,462,18333.0,15208.0,1,105,121
8480007,Jonas Rondbjerg,VGK,R,50,V1,NZI,N,0.19788,0.1675,0.03038,93,75,3300.0,2591.0,1,2,6
8471887,Patric Hornqvist,FLA,R,22,V1,NZI,N,0.21429,0.18471,0.02958,29,24,784.0,850.0,0,0,5
8478495,Denis Gurianov,PHI,R,84,V1,NZI,N,0.18322,0.15369,0.02953,166,177,4994.0,6077.0,1,0,0
8481517,Brett Leason,WSH,R,190,V1,NZI,N,0.18984,0.1608,0.02905,298,276,10398.0,9596.0,1,40,72
8478432,Christian Fischer,CBJ,R,205,V1,NZI,N,0.18649,0.15827,0.02823,341,396,10751.0,12997.0,1,93,153
8483525,Danila Yurov,MIN,R,73,V1,NZI,N,0.23303,0.20492,0.02811,116,163,4317.0,5812.0,1,282,420
8474715,Cam Atkinson,TBL,R,109,V1,NZI,N,0.21217,0.1841,0.02808,170,193,5816.0,6540.0,1,8,11
8477015,Connor Brown,NJD,R,232,V1,NZI,N,0.21678,0.18904,0.02773,417,438,15546.0,16790.0,1,26,48
8482749,Joshua Roy,MTL,R,38,V1,NZI,N,0.23058,0.20301,0.02757,48,72,1609.0,2394.0,0,2,4
8479343,Clayton Keller,UTA,R,322,V1,NZI,N,0.21524,0.18772,0.02751,701,807,24136.0,28430.0,1,57,82
8484158,Easton Cowan,TOR,R,66,V1,NZI,N,0.22732,0.19994,0.02737,138,89,5169.0,3496.0,1,0,2
8470621,Corey Perry,TBL,R,288,V1,NZI,N,0.22974,0.20275,0.02699,421,395,15156.0,14905.0,1,19,30
8476483,Rickard Rakell,PIT,R,293,V1,NZI,N,0.20249,0.17572,0.02678,762,775,25601.0,26133.0,1,88,155
8475726,Tyler Toffoli,SJS,R,319,V1,NZI,N,0.17802,0.15197,0.02605,642,699,21256.0,22959.0,1,47,63
8480821,Filip Zadina,SJS,R,102,V1,NZI,N,0.18854,0.16302,0.02552,144,183,5447.0,6128.0,1,13,47
8476981,Josh Anderson,MTL,R,300,V1,NZI,N,0.20157,0.17767,0.0239,651,628,22697.0,23324.0,1,73,55
8479638,Justin Brazeau,PIT,R,159,V1,NZI,N,0.21082,0.18768,0.02314,247,289,8742.0,10182.0,1,5,18
8481554,Kaapo Kakko,SEA,R,286,V1,NZI,N,0.1855,0.16249,0.02301,508,667,18016.0,23891.0,1,59,70
8475810,Bryan Rust,PIT,R,286,V1,NZI,N,0.18338,0.16094,0.02243,787,742,25243.0,24257.0,1,11,15
8479315,Joey Anderson,CHI,R,111,V1,NZI,N,0.18561,0.16417,0.02144,226,191,7758.0,6810.0,1,0,2
8479942,Dominik Shine,DET,R,27,V1,NZI,N,0.15493,0.13367,0.02126,26,29,710.0,980.0,0,5,6
8474141,Patrick Kane,DET,R,262,V1,NZI,N,0.19844,0.17743,0.02101,544,551,20596.0,20369.0,1,5,8
8483406,Taylor Ward,LAK,R,36,V1,NZI,N,0.21979,0.20149,0.0183,51,48,1688.0,1747.0,0,5,6
8475848,Brendan Gallagher,MTL,R,273,V1,NZI,N,0.19428,0.17628,0.018,551,526,19220.0,18981.0,1,18,30
8478414,Timo Meier,NJD,R,304,V1,NZI,N,0.19992,0.18206,0.01786,758,721,26635.0,25535.0,1,86,135
8483487,Rutger McGroarty,PIT,R,32,V1,NZI,N,0.15749,0.13972,0.01777,53,61,1835.0,2276.0,1,8,10
8478472,Mathieu Joseph,LAK,R,238,V1,NZI,N,0.20336,0.18588,0.01749,488,439,16768.0,14671.0,1,55,86
8481540,Cole Caufield,MTL,R,291,V1,NZI,N,0.21378,0.1964,0.01738,697,656,25652.0,24801.0,1,17,27
8481058,Jesse Ylonen,MTL,R,96,V1,NZI,N,0.18753,0.17051,0.01702,129,155,4522.0,5988.0,1,8,5
8481186,Logan O'Connor,COL,R,231,V1,NZI,N,0.18848,0.17365,0.01483,412,480,14320.0,16061.0,1,16,31
8476880,Tom Wilson,WSH,R,260,V1,NZI,N,0.20776,0.19414,0.01361,514,561,18387.0,20248.0,1,18,35
8484186,Ryan Leonard,WSH,R,84,V1,NZI,N,0.20107,0.19256,0.00851,147,189,5431.0,6720.0,1,5,4
8481560,Arthur Kaliyev,OTT,R,123,V1,NZI,N,0.23295,0.22493,0.00803,171,184,6057.0,7029.0,1,0,1
8476469,Joel Armia,LAK,R,256,V1,NZI,N,0.20027,0.19293,0.00734,505,429,17821.0,15560.0,1,40,67
8478366,Frank Vatrano,ANA,R,294,V1,NZI,N,0.16842,0.16169,0.00673,527,592,18703.0,20205.0,1,30,40
8481042,Nikolai Kovalenko,SJS,R,58,V1,NZI,N,0.14953,0.14302,0.00652,93,96,3210.0,3608.0,1,0,4
8482155,Alex Laferriere,LAK,R,239,V1,NZI,N,0.22102,0.21487,0.00615,475,518,16867.0,19216.0,1,191,264
8482097,Jack Quinn,BUF,R,258,V1,NZI,N,0.18173,0.17561,0.00611,392,433,13955.0,15369.0,1,14,32
8482070,Mitchell Chaffee,TBL,R,107,V1,NZI,N,0.20354,0.19759,0.00596,205,186,7561.0,6797.0,1,9,16
8480441,Trey Fix-Wolansky,CBJ,R,20,V1,NZI,N,0.1758,0.1729,0.0029,25,29,785.0,1070.0,0,0,0
8482475,Egor Chinakhov,PIT,R,185,V1,NZI,N,0.17454,0.17201,0.00254,340,403,12020.0,14453.0,1,4,18
8478420,Mikko Rantanen,DAL,R,308,V1,NZI,N,0.18846,0.18613,0.00233,718,899,24690.0,31075.0,1,446,411
8475692,Mats Zuccarello,MIN,R,275,V1,NZI,N,0.21335,0.21131,0.00204,557,634,22419.0,25882.0,1,87,127
8483609,Adam Klapka,CGY,R,115,V1,NZI,N,0.2077,0.20649,0.00121,145,164,4834.0,5855.0,1,18,34
8479520,Brandon Duhaime,WSH,R,295,V1,NZI,N,0.18618,0.18528,0.0009,489,520,16264.0,17401.0,1,32,59
8480822,Martin Kaut,SJS,R,36,V1,NZI,N,0.20655,0.20747,-0.00092,41,49,1404.0,1552.0,0,2,3
8480281,Alexey Toropchenko,STL,R,295,V1,NZI,N,0.18325,0.18596,-0.00271,594,490,20273.0,17133.0,1,7,10
8483516,Jimmy Snuggerud,STL,R,76,V1,NZI,N,0.17238,0.17568,-0.00331,146,137,5488.0,5157.0,1,2,8
8482175,JJ Peterka,UTA,R,317,V1,NZI,N,0.18517,0.18962,-0.00446,601,659,22045.0,24728.0,1,16,37
8485702,Max Shabanov,NYI,R,44,V1,NZI,N,0.20103,0.20567,-0.00464,70,75,2716.0,2893.0,1,0,2
8477949,Alex Tuch,BUF,R,310,V1,NZI,N,0.17772,0.18389,-0.00617,678,788,23863.0,27761.0,1,120,157
8478873,Troy Terry,ANA,R,283,V1,NZI,N,0.17616,0.18492,-0.00875,555,630,20481.0,23335.0,1,22,35
8482118,Sam Colangelo,ANA,R,44,V1,NZI,N,0.17144,0.18036,-0.00892,74,56,2444.0,1874.0,1,5,11
8480205,Emil Bemstrom,PIT,R,125,V1,NZI,N,0.17592,0.18688,-0.01096,197,163,6895.0,6052.0,1,14,20
8475178,Zack Kassian,UTA,R,51,V1,NZI,N,0.17184,0.18947,-0.01763,64,78,1996.0,2755.0,1,3,5
8481655,Cole Schwindt,FLA,R,76,V1,NZI,N,0.18979,0.20938,-0.01958,116,137,3841.0,4585.0,1,191,211
8479420,Tage Thompson,BUF,R,306,V1,NZI,N,0.17354,0.19583,-0.0223,692,786,24698.0,27886.0,1,1164,1492
8482088,Justin Sourdif,WSH,R,82,V1,NZI,N,0.19688,0.22645,-0.02957,139,167,4871.0,5891.0,1,288,346
8482877,Jaroslav Chmelar,NYR,R,28,V1,NZI,N,0.2134,0.24331,-0.02991,46,34,1701.0,1159.0,0,0,4
8480245,Olle Lycksell,OTT,R,52,V1,NZI,N,0.18594,0.21632,-0.03038,71,70,2603.0,2635.0,1,4,5
8480825,Patrick Giles,SJS,R,20,V1,NZI,N,0.10119,0.1374,-0.03621,15,35,504.0,1310.0,0,40,67
8482652,Walker Duehr,WPG,R,94,V1,NZI,N,0.16037,0.19863,-0.03825,92,133,2781.0,4516.0,1,2,16
8485493,David Tomasek,EDM,R,22,V1,NZI,N,0.18245,0.22085,-0.03839,28,37,1003.0,1372.0,0,28,34
8480292,Carson Meyer,CBJ,R,28,V1,NZI,N,0.19129,0.2317,-0.04041,39,27,1286.0,1243.0,0,0,0
8482758,Ville Koivunen,PIT,R,47,V1,NZI,N,0.13805,0.17856,-0.04051,61,85,2260.0,2817.0,1,2,0
8476439,Brett Ritchie,UTA,R,50,V1,NZI,N,0.14309,0.19032,-0.04724,64,82,1859.0,2811.0,1,2,2
8483471,Brad Lambert,WPG,C,30,V2,NZI,N,0.55254,0.11173,0.44081,34,38,295.0,179.0,0,9,19
8475278,Byron Froese,VGK,C,25,V2,NZI,N,0.47949,0.09901,0.38048,49,31,390.0,101.0,0,88,60
8480901,Karson Kuhlman,WPG,C,47,V2,NZI,N,0.61765,0.24675,0.37089,82,64,544.0,462.0,1,0,5
8479546,Oskar Steen,BOS,C,37,V2,NZI,N,0.66333,0.29587,0.36746,59,72,300.0,436.0,1,0,3
8480021,Jack Studnicka,FLA,C,89,V2,NZI,N,0.59225,0.23214,0.36011,118,180,645.0,1008.0,1,146,192
8479972,Mason Shaw,MIN,C,79,V2,NZI,N,0.721,0.36264,0.35837,90,83,638.0,728.0,1,19,12
8483930,Ivan Ivan,COL,C,49,V2,NZI,N,0.79227,0.44046,0.35181,48,90,207.0,613.0,0,62,92
8477993,Justin Kirkland,CGY,C,50,V2,NZI,N,0.46859,0.11905,0.34954,49,66,382.0,378.0,0,113,117
8483676,Stephen Halliday,OTT,C,30,V2,NZI,N,0.67284,0.32524,0.3476,23,26,162.0,206.0,0,23,38
8482623,Josh Dunne,BUF,C,44,V2,NZI,N,0.69484,0.3487,0.34614,66,75,426.0,499.0,1,89,81
8484160,Nate Danielson,DET,C,28,V2,NZI,N,0.52597,0.18059,0.34538,42,52,154.0,371.0,0,53,86
8477887,Patrick Brown,BOS,C,87,V2,NZI,N,0.58815,0.24338,0.34477,126,106,675.0,604.0,1,179,170
8485414,Ben Kindel,PIT,C,77,V2,NZI,N,0.69471,0.36057,0.33415,102,156,832.0,1273.0,1,232,326
8480326,Sheldon Dries,DET,C,68,V2,NZI,N,0.70449,0.37182,0.33267,86,103,423.0,511.0,1,201,211
8478078,Rourke Chartier,OTT,C,43,V2,NZI,N,0.60674,0.2765,0.33024,78,51,267.0,217.0,1,138,113
8482775,Oliver Kapanen,MTL,C,100,V2,NZI,N,0.60517,0.27557,0.3296,136,170,813.0,1408.0,1,272,329
8484509,Josh Samanski,EDM,C,23,V2,NZI,N,0.61871,0.28916,0.32955,39,33,139.0,83.0,0,53,55
8479550,Tanner Laczynski,VGK,C,51,V2,NZI,N,0.58961,0.26406,0.32555,70,70,385.0,409.0,1,97,104
8482103,Ozzy Wiesblatt,NSH,C,44,V2,NZI,N,0.52292,0.2,0.32292,68,79,480.0,475.0,1,1,4
8478146,Matthew Highmore,OTT,C,50,V2,NZI,N,0.47742,0.15534,0.32208,92,86,465.0,515.0,1,7,15
8482496,Nils Aman,VAN,C,132,V2,NZI,N,0.57478,0.25762,0.31716,158,255,896.0,1444.0,1,264,393
8484901,Jacob Quillan,TOR,C,24,V2,NZI,N,0.33702,0.02143,0.31559,32,45,181.0,280.0,0,62,86
8476329,Travis Boyd,MIN,C,101,V2,NZI,N,0.62767,0.31245,0.31522,160,203,1171.0,1229.0,1,407,514
8478409,Anthony Richard,PHI,C,38,V2,NZI,N,0.41485,0.10515,0.3097,54,64,458.0,466.0,1,1,6
8481532,Alex Turcotte,LAK,C,154,V2,NZI,N,0.6358,0.33808,0.29771,280,245,1760.0,1754.0,1,320,306
8483752,Dominic James,TBL,C,43,V2,NZI,N,0.62825,0.33333,0.29492,59,77,269.0,867.0,1,127,135
8474613,Derek Stepan,CAR,C,73,V2,NZI,N,0.81745,0.52344,0.29401,109,78,871.0,640.0,1,197,160
8484142,Denver Barkey,PHI,C,43,V2,NZI,N,0.59217,0.30426,0.2879,83,77,434.0,516.0,1,6,9
8479996,Cody Glass,NJD,C,248,V2,NZI,N,0.57652,0.29766,0.27886,472,434,2947.0,3121.0,1,1037,959
8479718,Alex Barré-Boulet,COL,C,40,V2,NZI,N,0.62198,0.34661,0.27537,58,61,373.0,251.0,1,14,15
8480880,Jakub Lauko,BOS,C,139,V2,NZI,N,0.53639,0.26136,0.27502,252,250,1223.0,1496.0,1,8,19
8476913,Devin Shore,MIN,C,123,V2,NZI,N,0.55838,0.2847,0.27368,165,150,1336.0,1131.0,1,155,155
8476392,Adam Lowry,WPG,C,305,V2,NZI,N,0.6128,0.34271,0.2701,800,656,5811.0,4161.0,1,1908,1698
8484164,Dalibor Dvorsky,STL,C,72,V2,NZI,N,0.62088,0.35868,0.2622,123,123,728.0,881.0,1,296,343
8480851,Akil Thomas,LAK,C,32,V2,NZI,N,0.62187,0.36031,0.26156,43,47,320.0,383.0,0,21,28
8480876,Curtis Douglas,VAN,C,42,V2,NZI,N,0.51456,0.25338,0.26118,56,62,309.0,296.0,1,6,7
8482201,Gage Goncalves,TBL,C,136,V2,NZI,N,0.62458,0.36711,0.25747,232,256,1782.0,2092.0,1,10,17
8479580,Dylan Gambrell,OTT,C,60,V2,NZI,N,0.59016,0.33551,0.25465,94,93,427.0,459.0,1,123,141
8482634,Alex Steeves,BOS,C,54,V2,NZI,N,0.48558,0.23143,0.25415,88,108,832.0,821.0,1,2,4
8473563,Nicklas Backstrom,WSH,C,47,V2,NZI,N,0.6039,0.3516,0.2523,124,81,924.0,438.0,1,274,259
8475745,Charlie Coyle,CBJ,C,329,V2,NZI,N,0.58405,0.33235,0.2517,687,630,5467.0,4390.0,1,1703,1562
8471276,David Krejci,BOS,C,70,V2,NZI,N,0.48084,0.23486,0.24598,79,107,522.0,958.0,1,293,336
8479316,Luke Kunin,FLA,C,246,V2,NZI,N,0.50073,0.2615,0.23923,415,437,2730.0,3174.0,1,491,517
8480259,Ben Jones,MIN,C,54,V2,NZI,N,0.52566,0.28664,0.23902,71,54,565.0,307.0,1,77,76
8480355,Mark Kastelic,BOS,C,271,V2,NZI,N,0.53692,0.2988,0.23812,503,365,2749.0,2500.0,1,880,652
8477406,Mattias Janmark,EDM,C,260,V2,NZI,N,0.59764,0.35962,0.23802,485,472,3815.0,4413.0,1,148,199
8481477,Nico Sturm,MIN,C,249,V2,NZI,N,0.57737,0.34383,0.23354,466,334,2740.0,1969.0,1,1163,824
8483553,Marc Gatcomb,NYI,C,88,V2,NZI,N,0.5503,0.3175,0.2328,167,150,994.0,1137.0,1,6,10
8477450,Jason Dickinson,EDM,C,283,V2,NZI,N,0.58681,0.36271,0.2241,603,619,5034.0,4436.0,1,1456,1426
8481596,Shane Pinto,OTT,C,265,V2,NZI,N,0.56575,0.34274,0.22301,607,572,4076.0,3933.0,1,1338,1268
8480980,Connor Dewar,PIT,C,281,V2,NZI,N,0.57638,0.35368,0.2227,414,383,2887.0,2703.0,1,427,507
8476374,Sean Kuraly,BOS,C,297,V2,NZI,N,0.54822,0.32582,0.2224,524,473,4562.0,4260.0,1,1189,1134
8478057,Dakota Joshua,TOR,C,254,V2,NZI,N,0.5231,0.3015,0.2216,501,551,2965.0,2670.0,1,76,77
8484197,Oliver Moore,CHI,C,60,V2,NZI,N,0.49359,0.2726,0.22099,89,100,624.0,730.0,1,98,102
8484230,Otto Stenberg,STL,C,32,V2,NZI,N,0.80547,0.58503,0.22044,60,50,329.0,294.0,1,4,7
8475225,Craig Smith,DET,C,198,V2,NZI,N,0.62632,0.40648,0.21983,347,348,2470.0,2406.0,1,8,21
8474870,Tyler Johnson,BOS,C,132,V2,NZI,N,0.47599,0.25625,0.21974,240,233,1916.0,1639.0,1,165,197
8470595,Eric Staal,FLA,C,72,V2,NZI,N,0.57461,0.35531,0.2193,132,128,898.0,895.0,1,278,284
8480252,Cole Guttman,CHI,C,41,V2,NZI,N,0.53918,0.32203,0.21715,75,57,536.0,354.0,1,139,130
8483505,Matthew Poitras,BOS,C,69,V2,NZI,N,0.53049,0.31407,0.21642,98,123,869.0,1194.0,1,160,212
8482726,Samuel Helenius,LAK,C,102,V2,NZI,N,0.57191,0.35622,0.21569,129,131,890.0,1005.0,1,242,281
8481019,David Gustafsson,WPG,C,121,V2,NZI,N,0.64455,0.42953,0.21502,149,158,1055.0,1043.0,1,280,251
8482145,Mavrik Bourque,DAL,C,156,V2,NZI,N,0.6188,0.40415,0.21466,302,263,2319.0,1930.0,1,249,282
8481556,John Beecher,CGY,C,165,V2,NZI,N,0.47115,0.25688,0.21427,294,235,1369.0,1417.0,1,529,471
8479944,Zachary Aston-Reese,CBJ,C,186,V2,NZI,N,0.54959,0.3355,0.21409,306,292,2309.0,2307.0,1,13,28
8481422,Jake Lucchini,NSH,C,54,V2,NZI,N,0.59767,0.38608,0.2116,62,69,430.0,632.0,1,44,56
8477409,Carter Verhaeghe,FLA,C,315,V2,NZI,N,0.63433,0.42363,0.2107,644,746,5494.0,6298.0,1,89,129
8476960,Andreas Athanasiou,CHI,C,117,V2,NZI,N,0.51658,0.30952,0.20706,216,219,1990.0,1386.0,1,161,189
8481577,Philip Tomasino,PIT,C,142,V2,NZI,N,0.56086,0.35386,0.207,218,235,1446.0,2241.0,1,19,31
8482460,Matt Rempe,NYR,C,85,V2,NZI,N,0.47402,0.26778,0.20624,99,84,789.0,661.0,1,8,18
8477508,Curtis Lazar,EDM,C,212,V2,NZI,N,0.46903,0.2628,0.20623,362,334,2034.0,1895.0,1,588,516
8474053,Logan Couture,SJS,C,88,V2,NZI,N,0.51727,0.31138,0.20589,202,227,1245.0,1397.0,1,552,564
8477933,Sam Reinhart,FLA,C,307,V2,NZI,N,0.63015,0.42495,0.2052,678,689,5578.0,5563.0,1,429,507
8479365,Trent Frederic,EDM,C,292,V2,NZI,N,0.53556,0.33143,0.20413,568,542,4457.0,4037.0,1,304,361
8478891,Mason Appleton,DET,C,259,V2,NZI,N,0.55143,0.34745,0.20399,608,596,5230.0,4723.0,1,22,39
8475231,Casey Cizikas,NYI,C,314,V2,NZI,N,0.56097,0.35846,0.20251,657,534,3961.0,3568.0,1,1340,1072
8473604,Jonathan Toews,WPG,C,134,V2,NZI,N,0.43014,0.233,0.19713,303,193,2283.0,1515.0,1,888,544
8480064,Josh Norris,BUF,C,158,V2,NZI,N,0.63505,0.4381,0.19695,394,352,2351.0,2415.0,1,816,735
8482751,Ryan Winterton,SEA,C,88,V2,NZI,N,0.53311,0.3363,0.19681,135,136,906.0,898.0,1,1,6
8478542,Evan Rodrigues,FLA,C,300,V2,NZI,N,0.62148,0.42682,0.19466,584,608,5112.0,4810.0,1,519,542
8484149,Gavin Brindley,COL,C,57,V2,NZI,N,0.64109,0.44769,0.1934,74,77,404.0,650.0,1,12,14
8484227,Will Smith,SJS,C,143,V2,NZI,N,0.55613,0.36281,0.19332,269,311,2307.0,2872.0,1,65,129
8479514,Rem Pitlick,CHI,C,55,V2,NZI,N,0.49586,0.30264,0.19321,86,97,724.0,1097.0,1,26,37
8481491,Noah Philp,CAR,C,32,V2,NZI,N,0.46557,0.27517,0.19041,41,38,305.0,298.0,0,102,102
8479318,Auston Matthews,TOR,C,282,V2,NZI,N,0.52175,0.33373,0.18802,783,644,5863.0,5097.0,1,2112,1690
8481068,Yegor Sharangovich,CGY,C,307,V2,NZI,N,0.5789,0.39185,0.18705,483,585,3346.0,4295.0,1,270,403
8474189,Lars Eller,OTT,C,314,V2,NZI,N,0.59974,0.41388,0.18586,557,489,3880.0,3559.0,1,1452,1270
8482177,Marat Khusnutdinov,BOS,C,168,V2,NZI,N,0.49644,0.31194,0.1845,281,288,2109.0,2119.0,1,257,307
8484801,Macklin Celebrini,SJS,C,152,V2,NZI,N,0.56936,0.38497,0.1844,322,378,2905.0,3725.0,1,928,1036
8480870,Bo Groulx,TOR,C,60,V2,NZI,N,0.43161,0.24836,0.18325,88,88,753.0,608.0,1,146,186
8476461,Sean Couturier,PHI,C,231,V2,NZI,N,0.59227,0.41054,0.18173,528,420,4086.0,3359.0,1,1498,1244
8480848,Ty Dellandrea,SJS,C,238,V2,NZI,N,0.49187,0.3108,0.18107,433,353,2830.0,3018.0,1,531,507
8480813,Joe Veleno,MTL,C,296,V2,NZI,N,0.49632,0.31553,0.18079,428,487,3129.0,3895.0,1,844,953
8476925,Colton Sissons,VGK,C,301,V2,NZI,N,0.54011,0.35958,0.18053,674,569,4351.0,3874.0,1,1342,1052
8477952,Robby Fabbri,MIN,C,161,V2,NZI,N,0.41155,0.23177,0.17978,248,273,2216.0,2921.0,1,84,104
8484221,Calum Ritchie,NYI,C,72,V2,NZI,N,0.45668,0.27789,0.17879,101,143,681.0,986.0,1,110,194
8477493,Aleksander Barkov,FLA,C,208,V2,NZI,N,0.6402,0.4621,0.1781,500,486,3841.0,3285.0,1,1190,978
8479353,Brett Howden,VGK,C,265,V2,NZI,N,0.55012,0.37214,0.17798,580,528,4310.0,4235.0,1,725,693
8476448,William Karlsson,VGK,C,220,V2,NZI,N,0.55959,0.38206,0.17753,405,376,3608.0,3044.0,1,1299,983
8473453,Trevor Lewis,LAK,C,224,V2,NZI,N,0.61285,0.43535,0.1775,321,320,1697.0,2003.0,1,286,362
8481656,Aliaksei Protas,WSH,C,288,V2,NZI,N,0.56234,0.38515,0.17719,553,567,4949.0,4754.0,1,74,102
8477989,Christian Dvorak,PHI,C,256,V2,NZI,N,0.52013,0.34413,0.176,527,491,4024.0,3551.0,1,1440,1175
8480806,Isac Lundeström,CBJ,C,254,V2,NZI,N,0.48975,0.31552,0.17423,433,420,2585.0,2900.0,1,801,831
8477503,Max Domi,TOR,C,314,V2,NZI,N,0.50508,0.33098,0.17411,635,572,4526.0,5091.0,1,1064,998
8474564,Steven Stamkos,NSH,C,323,V2,NZI,N,0.54063,0.369,0.17164,696,593,5316.0,4767.0,1,1159,988
8479591,Michael Eyssimont,BOS,C,268,V2,NZI,N,0.58534,0.4138,0.17154,531,499,3820.0,3347.0,1,25,42
8477070,Liam O'Brien,UTA,C,196,V2,NZI,N,0.47784,0.30662,0.17122,317,339,1963.0,1859.0,1,16,38
8480289,Morgan Barron,WPG,C,289,V2,NZI,N,0.56863,0.40052,0.16811,496,476,3322.0,3448.0,1,335,348
8482074,Connor Zary,CGY,C,191,V2,NZI,N,0.54579,0.37846,0.16733,342,399,2741.0,3324.0,1,191,254
8478874,Adam Gaudette,SJS,C,149,V2,NZI,N,0.46291,0.29704,0.16588,218,213,1510.0,1350.0,1,279,298
8480014,Gabriel Vilardi,WPG,C,262,V2,NZI,N,0.54718,0.38186,0.16532,500,496,4165.0,4664.0,1,138,168
8476310,Lukas Sedlak,PHI,C,30,V2,NZI,N,0.55046,0.38621,0.16425,46,47,109.0,290.0,0,77,82
8476468,J.T. Miller,NYR,C,302,V2,NZI,N,0.50156,0.33784,0.16372,759,626,5112.0,4215.0,1,1731,1264
8478020,Michael Amadio,OTT,C,293,V2,NZI,N,0.56184,0.39826,0.16358,615,549,4576.0,4492.0,1,149,145
8482092,Ridly Greig,OTT,C,247,V2,NZI,N,0.56715,0.40372,0.16343,507,509,3537.0,3443.0,1,567,581
8477919,Frederick Gaudreau,SEA,C,298,V2,NZI,N,0.51836,0.35496,0.1634,491,534,4030.0,4285.0,1,1192,1279
8481147,Reese Johnson,MIN,C,102,V2,NZI,N,0.58452,0.4215,0.16302,136,129,840.0,1051.0,1,132,105
8471699,Andrew Cogliano,COL,C,154,V2,NZI,N,0.49328,0.33261,0.16067,209,287,967.0,1386.0,1,36,53
8480855,Jack McBain,UTA,C,306,V2,NZI,N,0.56699,0.40699,0.16001,581,602,3866.0,3865.0,1,1076,1134
8478445,Mathew Barzal,NYI,C,249,V2,NZI,N,0.57364,0.41409,0.15955,467,502,5174.0,5267.0,1,353,551
8475798,Mikael Granlund,ANA,C,289,V2,NZI,N,0.4805,0.32156,0.15893,595,652,5230.0,5268.0,1,1075,1163
8478831,Kevin Stenlund,UTA,C,296,V2,NZI,N,0.52963,0.37112,0.15851,494,412,3476.0,2805.0,1,1368,1038
8483489,Fraser Minten,BOS,C,107,V2,NZI,N,0.5108,0.35288,0.15792,223,216,1944.0,1893.0,1,445,459
8476952,Dominic Toninato,CHI,C,33,V2,NZI,N,0.61491,0.45714,0.15776,48,32,322.0,210.0,0,82,81
8477935,Sam Bennett,FLA,C,284,V2,NZI,N,0.58112,0.42441,0.15671,585,668,4980.0,5292.0,1,1472,1713
8475714,Calle Jarnkrok,TOR,C,200,V2,NZI,N,0.44296,0.28687,0.15609,377,287,2402.0,2095.0,1,80,87
8473548,Phil Kessel,VGK,C,82,V2,NZI,N,0.46604,0.31016,0.15588,139,121,1384.0,935.0,1,5,7
8477496,Elias Lindholm,BOS,C,306,V2,NZI,N,0.49337,0.33908,0.15429,662,581,4978.0,3424.0,1,2111,1633
8477987,Ryan Donato,CHI,C,311,V2,NZI,N,0.5409,0.38729,0.15361,479,612,4328.0,5208.0,1,449,566
8480023,Robert Thomas,STL,C,288,V2,NZI,N,0.5257,0.3764,0.1493,644,558,5720.0,4389.0,1,1950,1741
8484166,Adam Fantilli,CBJ,C,213,V2,NZI,N,0.50549,0.357,0.14849,418,481,4095.0,4577.0,1,986,1188
8477934,Leon Draisaitl,EDM,C,297,V2,NZI,N,0.59883,0.45071,0.14812,775,663,7356.0,6949.0,1,1928,1607
8478508,Yakov Trenin,MIN,C,311,V2,NZI,N,0.52512,0.37703,0.1481,546,555,4717.0,4814.0,1,134,177
8471215,Evgeni Malkin,PIT,C,288,V2,NZI,N,0.52031,0.37287,0.14744,542,619,4086.0,4637.0,1,1131,1245
8481543,Nikita Alexandrov,STL,C,51,V2,NZI,N,0.49169,0.3456,0.14609,54,83,301.0,489.0,1,89,148
8476994,Vinnie Hinostroza,FLA,C,143,V2,NZI,N,0.46495,0.31897,0.14598,217,241,2368.0,1624.0,1,31,43
8478400,Colin White,SJS,C,99,V2,NZI,N,0.53458,0.38861,0.14597,139,172,911.0,790.0,1,123,185
8476459,Mika Zibanejad,NYR,C,326,V2,NZI,N,0.49686,0.35137,0.14549,838,741,6370.0,6116.0,1,1853,1725
8477951,Nick Schmaltz,UTA,C,305,V2,NZI,N,0.62007,0.47472,0.14535,620,701,5043.0,5557.0,1,606,754
8483573,Ethen Frank,WSH,C,86,V2,NZI,N,0.55976,0.41497,0.14479,111,153,820.0,1029.0,1,1,6
8474040,Sam Gagner,EDM,C,76,V2,NZI,N,0.52577,0.38129,0.14449,88,105,776.0,855.0,1,22,24
8479525,Ross Colton,COL,C,294,V2,NZI,N,0.5438,0.40036,0.14344,583,554,3950.0,3934.0,1,549,511
8475151,Kyle Palmieri,NYI,C,244,V2,NZI,N,0.49304,0.34962,0.14343,498,480,3953.0,5220.0,1,31,52
8480039,Martin Necas,COL,C,316,V2,NZI,N,0.59578,0.45247,0.14332,672,684,5836.0,5954.0,1,235,330
8479992,Michael Rasmussen,DET,C,272,V2,NZI,N,0.49791,0.35475,0.14316,500,561,3348.0,3766.0,1,412,449
8477380,Jonny Brodzinski,NYR,C,180,V2,NZI,N,0.50311,0.36009,0.14302,303,275,2411.0,2180.0,1,307,303
8478519,Anthony Cirelli,TBL,C,288,V2,NZI,N,0.57922,0.43647,0.14275,673,631,5207.0,5242.0,1,1488,1449
8478449,Roope Hintz,DAL,C,282,V2,NZI,N,0.50543,0.36271,0.14272,657,622,4420.0,3744.0,1,1175,949
8478904,Steven Lorentz,TOR,C,269,V2,NZI,N,0.4592,0.31674,0.14246,405,395,2598.0,2671.0,1,349,378
8483512,Matt Savoie,EDM,C,86,V2,NZI,N,0.56037,0.41898,0.14139,155,150,1292.0,1475.0,1,28,39
8482705,Cole Sillinger,CBJ,C,288,V2,NZI,N,0.49237,0.35123,0.14114,588,573,4781.0,5589.0,1,943,1110
8476456,Jonathan Huberdeau,CGY,C,291,V2,NZI,N,0.55726,0.41626,0.141,664,726,4174.0,4478.0,1,31,51
8476873,Mark Jankowski,CAR,C,210,V2,NZI,N,0.61542,0.47448,0.14094,371,355,2218.0,2449.0,1,723,636
8480144,David Kampf,WSH,C,259,V2,NZI,N,0.48823,0.34752,0.14071,469,406,3527.0,3007.0,1,1198,1008
8476822,Luke Glendening,PHI,C,298,V2,NZI,N,0.50398,0.36359,0.14039,526,386,3393.0,2016.0,1,1326,962
8483447,Conor Geekie,TBL,C,66,V2,NZI,N,0.58598,0.44604,0.13994,124,140,756.0,1251.0,1,99,133
8478462,Nicolas Roy,COL,C,279,V2,NZI,N,0.53323,0.39345,0.13978,610,609,3837.0,4580.0,1,1214,1259
8471669,Paul Stastny,CAR,C,73,V2,NZI,N,0.69214,0.5531,0.13904,129,103,916.0,951.0,1,235,175
8477401,John Hayden,SEA,C,32,V2,NZI,N,0.4375,0.29955,0.13795,47,44,432.0,444.0,0,36,37
8480028,Morgan Frost,CGY,C,314,V2,NZI,N,0.51558,0.37858,0.137,603,618,4141.0,4192.0,1,1557,1550
8477126,Jayson Megna,BOS,C,56,V2,NZI,N,0.43762,0.30083,0.13679,68,67,505.0,482.0,1,132,116
8476419,Jean-Gabriel Pageau,NYI,C,305,V2,NZI,N,0.45358,0.31883,0.13475,718,503,4912.0,3563.0,1,1852,1324
8482896,Tyson Kozak,BUF,C,67,V2,NZI,N,0.52015,0.38559,0.13455,157,138,819.0,944.0,1,222,243
8477429,Andrew Copp,DET,C,296,V2,NZI,N,0.48396,0.35005,0.13391,653,615,4986.0,5105.0,1,1631,1464
8475158,Ryan O'Reilly,NSH,C,294,V2,NZI,N,0.50271,0.36974,0.13297,760,574,5542.0,5082.0,1,1954,1529
8475168,Matt Duchene,DAL,C,290,V2,NZI,N,0.51848,0.38558,0.13289,631,526,5385.0,4453.0,1,976,832
8475744,Evgeny Kuznetsov,CAR,C,144,V2,NZI,N,0.5143,0.38164,0.13265,240,312,2168.0,2408.0,1,678,794
8480185,Eetu Luostarinen,FLA,C,317,V2,NZI,N,0.57817,0.44584,0.13233,713,684,4388.0,5253.0,1,346,411
8481704,Juuso Parssinen,NYR,C,157,V2,NZI,N,0.51351,0.38187,0.13165,276,290,1628.0,2184.0,1,323,375
8476826,Yanni Gourde,TBL,C,300,V2,NZI,N,0.56789,0.43642,0.13147,688,695,5818.0,6386.0,1,1426,1514
8476889,Radek Faksa,DAL,C,283,V2,NZI,N,0.57951,0.44822,0.13129,574,442,3553.0,2704.0,1,1000,772
8479351,Sam Steel,DAL,C,294,V2,NZI,N,0.52853,0.39929,0.12924,571,529,4732.0,4225.0,1,628,598
8483450,Ryan Greene,CHI,C,83,V2,NZI,N,0.52204,0.39298,0.12906,140,178,1157.0,1682.0,1,234,308
8476454,Ryan Nugent-Hopkins,EDM,C,311,V2,NZI,N,0.54844,0.41994,0.1285,605,608,4872.0,4834.0,1,801,835
8478043,Sam Lafferty,CHI,C,238,V2,NZI,N,0.47529,0.34772,0.12757,393,395,2813.0,2433.0,1,415,450
8477964,Ivan Barbashev,VGK,C,316,V2,NZI,N,0.52325,0.3957,0.12755,610,671,5634.0,5863.0,1,99,172
8482859,Zack Ostapchuk,SJS,C,121,V2,NZI,N,0.46842,0.34114,0.12728,202,192,1029.0,1196.0,1,343,346
8475166,John Tavares,TOR,C,317,V2,NZI,N,0.47188,0.34522,0.12667,785,518,6224.0,4180.0,1,2267,1617
8479415,Michael McLeod,NJD,C,125,V2,NZI,N,0.55169,0.42665,0.12504,284,173,1896.0,1261.0,1,796,471
8482703,Colton Dach,EDM,C,85,V2,NZI,N,0.46861,0.34413,0.12448,130,140,892.0,1081.0,1,28,45
8476867,Brendan Gaunce,CBJ,C,66,V2,NZI,N,0.59276,0.46875,0.12401,112,79,911.0,736.0,1,246,200
8478401,Pavel Zacha,BOS,C,320,V2,NZI,N,0.48767,0.36384,0.12383,513,550,3406.0,4469.0,1,1177,1050
8483431,Logan Cooley,UTA,C,210,V2,NZI,N,0.54612,0.42236,0.12376,302,428,2461.0,3175.0,1,716,1004
8482768,Fedor Svechkov,NSH,C,121,V2,NZI,N,0.55984,0.4365,0.12334,151,221,1245.0,1441.0,1,339,502
8482113,Anton Lundell,FLA,C,294,V2,NZI,N,0.55995,0.43755,0.1224,627,592,4270.0,4708.0,1,1420,1308
8478493,Joel Eriksson Ek,MIN,C,271,V2,NZI,N,0.56378,0.44242,0.12136,610,687,5158.0,6270.0,1,1556,1711
8480835,Jack Drury,COL,C,265,V2,NZI,N,0.67086,0.54952,0.12134,537,372,3813.0,2282.0,1,1176,859
8482259,Bobby McMann,SEA,C,217,V2,NZI,N,0.5136,0.3925,0.1211,406,405,3933.0,3600.0,1,15,24
8475794,Tyler Seguin,DAL,C,191,V2,NZI,N,0.46257,0.34168,0.12089,433,320,3139.0,2877.0,1,813,654
8480802,Ryan McLeod,BUF,C,298,V2,NZI,N,0.55246,0.43169,0.12078,620,595,4708.0,4721.0,1,1418,1376
8474641,Adam Henrique,EDM,C,289,V2,NZI,N,0.48187,0.36121,0.12065,569,506,4246.0,3527.0,1,1156,921
8480849,Barrett Hayton,UTA,C,264,V2,NZI,N,0.60883,0.48975,0.11908,526,495,3533.0,3512.0,1,1356,1283
8475172,Nazem Kadri,COL,C,323,V2,NZI,N,0.51494,0.39617,0.11877,679,816,4886.0,5745.0,1,1871,2128
8476539,Jonathan Marchessault,NSH,C,298,V2,NZI,N,0.5168,0.39866,0.11814,570,546,4762.0,4781.0,1,56,119
8478569,Noel Acciari,PIT,C,278,V2,NZI,N,0.45595,0.33786,0.11809,483,369,3825.0,2874.0,1,936,754
8481580,Connor McMichael,WSH,C,246,V2,NZI,N,0.44918,0.33132,0.11786,450,574,3680.0,4476.0,1,523,697
8473533,Jordan Staal,CAR,C,311,V2,NZI,N,0.64694,0.53008,0.11686,924,713,6979.0,4837.0,1,2356,1772
8480012,Elias Pettersson,VAN,C,299,V2,NZI,N,0.51808,0.40206,0.11602,507,633,3650.0,4472.0,1,1498,1721
8471685,Anze Kopitar,LAK,C,310,V2,NZI,N,0.57057,0.45489,0.11568,727,598,5838.0,4711.0,1,2240,1747
8480798,Philipp Kurashev,SJS,C,238,V2,NZI,N,0.39846,0.28284,0.11563,426,479,3644.0,4469.0,1,250,295
8479366,Logan Brown,STL,C,30,V2,NZI,N,0.33333,0.21798,0.11536,27,46,177.0,445.0,0,55,99
8475763,Kevin Hayes,PIT,C,252,V2,NZI,N,0.4967,0.3819,0.1148,426,381,2726.0,2828.0,1,906,845
8479393,Noah Gregor,FLA,C,209,V2,NZI,N,0.46092,0.34615,0.11476,336,363,2098.0,2912.0,1,41,49
8480074,Alexandre Texier,MTL,C,160,V2,NZI,N,0.50118,0.38663,0.11455,304,306,2546.0,2946.0,1,6,19
8479675,Trevor Moore,LAK,C,280,V2,NZI,N,0.58501,0.47073,0.11428,656,602,5164.0,5313.0,1,23,68
8477492,Nathan MacKinnon,COL,C,312,V2,NZI,N,0.56924,0.45655,0.11269,814,982,6059.0,7572.0,1,2107,2371
8484153,Leo Carlsson,ANA,C,200,V2,NZI,N,0.55258,0.43994,0.11264,370,471,2872.0,3871.0,1,774,1101
8481032,Paul Cotter,NJD,C,289,V2,NZI,N,0.43979,0.32751,0.11229,491,432,3704.0,3948.0,1,135,131
8480068,Ryan Poehling,ANA,C,272,V2,NZI,N,0.56816,0.45684,0.11132,536,493,3191.0,3649.0,1,1191,1151
8476480,Vladislav Namestnikov,WPG,C,293,V2,NZI,N,0.55655,0.4467,0.10985,446,554,3254.0,5028.0,1,611,866
8482124,Quinton Byfield,LAK,C,292,V2,NZI,N,0.57383,0.46454,0.10929,632,667,5059.0,5048.0,1,846,982
8476479,Phillip Danault,MTL,C,315,V2,NZI,N,0.5769,0.46857,0.10833,698,624,4857.0,5839.0,1,1867,1596
8482737,Zachary Bolduc,MTL,C,175,V2,NZI,N,0.5389,0.43192,0.10698,303,285,2108.0,2306.0,1,21,25
8479772,Zack MacEwen,NJD,C,110,V2,NZI,N,0.46543,0.35857,0.10686,137,136,752.0,753.0,1,40,34
8478403,Jack Eichel,VGK,C,282,V2,NZI,N,0.54346,0.43704,0.10642,515,606,5051.0,5313.0,1,1562,1770
8479968,Vinni Lettieri,BOS,C,73,V2,NZI,N,0.46936,0.36364,0.10572,98,103,767.0,913.0,1,46,48
8479999,Casey Mittelstadt,BOS,C,314,V2,NZI,N,0.50465,0.40051,0.10414,537,649,4518.0,5468.0,1,1127,1341
8477021,Alexander Kerfoot,UTA,C,278,V2,NZI,N,0.53308,0.4299,0.10317,543,507,4172.0,3859.0,1,617,583
8481528,Dylan Cozens,OTT,C,324,V2,NZI,N,0.49628,0.39454,0.10174,646,675,4699.0,5092.0,1,1570,1549
8479335,Rasmus Asplund,FLA,C,52,V2,NZI,N,0.38697,0.28652,0.10045,81,73,491.0,534.0,1,26,34
8477846,Ryan Carpenter,SJS,C,84,V2,NZI,N,0.45813,0.35814,0.09999,115,106,812.0,645.0,1,256,259
8476872,Scott Laughton,LAK,C,303,V2,NZI,N,0.50976,0.41184,0.09792,622,595,3943.0,4560.0,1,1215,1167
8476624,Barclay Goodrow,SJS,C,321,V2,NZI,N,0.4641,0.3662,0.09789,591,524,3788.0,3965.0,1,599,574
8477946,Dylan Larkin,DET,C,304,V2,NZI,N,0.5264,0.42907,0.09733,708,665,5549.0,5456.0,1,1988,1773
8475754,Brock Nelson,COL,C,324,V2,NZI,N,0.49059,0.39409,0.09649,665,677,4939.0,5656.0,1,1753,1825
8482702,Logan Stankoven,CAR,C,183,V2,NZI,N,0.62224,0.52599,0.09625,353,350,3579.0,3213.0,1,443,538
8483500,Noah Ostlund,BUF,C,68,V2,NZI,N,0.54082,0.44521,0.09561,98,132,588.0,584.0,1,92,190
8474683,Derek Grant,ANA,C,46,V2,NZI,N,0.34551,0.25044,0.09506,89,78,712.0,563.0,1,172,131
8482740,Wyatt Johnston,DAL,C,328,V2,NZI,N,0.46597,0.37137,0.0946,693,613,5275.0,5275.0,1,1084,1140
8478440,Dylan Strome,WSH,C,325,V2,NZI,N,0.47422,0.38124,0.09298,609,611,5042.0,5831.0,1,1916,1775
8475343,Nic Dowd,VGK,C,286,V2,NZI,N,0.524,0.43181,0.09219,571,508,4145.0,3527.0,1,1501,1385
8484144,Connor Bedard,CHI,C,219,V2,NZI,N,0.43234,0.34032,0.09202,428,570,4212.0,5201.0,1,691,995
8482153,Brendan Brisson,NYR,C,27,V2,NZI,N,0.39714,0.30622,0.09092,56,58,350.0,418.0,1,4,4
8480011,Klim Kostin,SJS,C,144,V2,NZI,N,0.46118,0.37029,0.09089,221,240,1739.0,1461.0,1,13,22
8481533,Trevor Zegras,PHI,C,250,V2,NZI,N,0.44061,0.34991,0.09069,425,525,3763.0,4604.0,1,431,695
8478402,Connor McDavid,EDM,C,306,V2,NZI,N,0.58614,0.49605,0.09009,690,739,7029.0,7096.0,1,1578,1567
8477960,Adrian Kempe,LAK,C,320,V2,NZI,N,0.56942,0.48028,0.08914,736,646,5474.0,4741.0,1,57,106
8485402,Michael Misa,SJS,C,44,V2,NZI,N,0.3752,0.28868,0.08652,58,68,621.0,530.0,1,155,176
8482149,Cole Perfetti,WPG,C,271,V2,NZI,N,0.47115,0.38506,0.08608,400,457,3795.0,4820.0,1,50,104
8477500,Bo Horvat,NYI,C,309,V2,NZI,N,0.51514,0.43007,0.08507,704,588,5911.0,5334.0,1,2122,1686
8471675,Sidney Crosby,PIT,C,312,V2,NZI,N,0.53016,0.44607,0.08409,1021,916,6879.0,6203.0,1,2895,2367
8482110,Dawson Mercer,NJD,C,328,V2,NZI,N,0.50482,0.42086,0.08396,716,676,5186.0,5282.0,1,348,491
8481618,Alex Newhook,MTL,C,261,V2,NZI,N,0.4709,0.38722,0.08368,379,515,3179.0,4194.0,1,684,884
8478424,Jansen Harkins,ANA,C,173,V2,NZI,N,0.4668,0.38348,0.08333,272,216,1943.0,1622.0,1,167,168
8478438,Tommy Novak,PIT,C,258,V2,NZI,N,0.5027,0.4194,0.08329,368,483,2968.0,3257.0,1,618,847
8473544,Derick Brassard,OTT,C,62,V2,NZI,N,0.3774,0.29461,0.08279,102,106,469.0,594.0,1,113,116
8476458,Ryan Strome,CGY,C,294,V2,NZI,N,0.40329,0.32055,0.08273,538,639,3893.0,4982.0,1,1061,1396
8478010,Brayden Point,TBL,C,303,V2,NZI,N,0.54899,0.46633,0.08266,614,590,5348.0,5747.0,1,1157,1291
8484829,Justin Hryckowian,DAL,C,86,V2,NZI,N,0.50588,0.42376,0.08212,149,139,1020.0,1010.0,1,167,121
8478585,Derek Ryan,EDM,C,186,V2,NZI,N,0.44313,0.36131,0.08182,305,261,2031.0,1370.0,1,465,347
8479370,Tyson Jost,NSH,C,221,V2,NZI,N,0.52364,0.44482,0.07881,307,372,2496.0,2927.0,1,336,456
8484800,Berkly Catton,SEA,C,65,V2,NZI,N,0.43319,0.35531,0.07788,75,102,681.0,622.0,1,60,79
8476432,Boone Jenner,CBJ,C,219,V2,NZI,N,0.48071,0.40304,0.07766,506,467,4535.0,3811.0,1,1164,1005
8481754,Nikita Nesterenko,ANA,C,61,V2,NZI,N,0.39493,0.3173,0.07764,126,94,1066.0,769.0,1,9,16
8480829,Jesperi Kotkaniemi,CAR,C,281,V2,NZI,N,0.57643,0.50144,0.07499,543,523,4769.0,3825.0,1,1098,1027
8482660,Kent Johnson,CBJ,C,265,V2,NZI,N,0.45504,0.38332,0.07172,437,487,3659.0,4521.0,1,43,108
8478133,Jake Evans,MTL,C,286,V2,NZI,N,0.42044,0.34982,0.07063,606,529,4236.0,4085.0,1,1430,1183
8480853,Liam Foudy,NYI,C,78,V2,NZI,N,0.42665,0.35616,0.07049,139,121,1043.0,1168.0,1,2,5
8480078,Filip Chytil,VAN,C,152,V2,NZI,N,0.48998,0.42007,0.06991,213,318,2196.0,2959.0,1,519,688
8483690,Noah Laba,NYR,C,74,V2,NZI,N,0.41595,0.34642,0.06953,125,119,1053.0,993.0,1,295,284
8481559,Jack Hughes,NJD,C,263,V2,NZI,N,0.55113,0.48449,0.06664,421,599,4244.0,6287.0,1,607,1069
8482090,Jack Finley,STL,C,44,V2,NZI,N,0.34444,0.27791,0.06653,65,66,270.0,421.0,1,166,166
8482093,Seth Jarvis,CAR,C,307,V2,NZI,N,0.58382,0.51742,0.0664,615,589,6168.0,4851.0,1,124,178
8474150,Mikael Backlund,CGY,C,321,V2,NZI,N,0.54307,0.47818,0.06488,747,733,5143.0,5088.0,1,2138,2047
8476399,Blake Coleman,CGY,C,310,V2,NZI,N,0.55031,0.48582,0.06448,729,714,5357.0,4726.0,1,84,91
8475958,Michael Sgarbossa,WSH,C,28,V2,NZI,N,0.50992,0.44551,0.06441,42,42,504.0,312.0,0,63,77
8476393,Nick Cousins,OTT,C,279,V2,NZI,N,0.52849,0.46502,0.06347,481,491,3527.0,3445.0,1,99,105
8483424,Owen Beck,MTL,C,28,V2,NZI,N,0.4497,0.38679,0.06291,39,30,338.0,212.0,0,66,51
8476881,Tomas Hertl,VGK,C,289,V2,NZI,N,0.50644,0.44366,0.06278,635,547,4968.0,4269.0,1,1875,1487
8481481,Blake Lizotte,PIT,C,257,V2,NZI,N,0.58906,0.52646,0.0626,447,360,2779.0,2589.0,1,849,789
8476460,Mark Scheifele,WPG,C,318,V2,NZI,N,0.48366,0.42189,0.06177,559,641,5845.0,6606.0,1,1850,2023
8480002,Nico Hischier,NJD,C,309,V2,NZI,N,0.52156,0.46001,0.06155,879,815,6262.0,6252.0,1,2521,2074
8477460,Laurent Dauphin,UTA,C,21,V2,NZI,N,0.12632,0.06504,0.06128,29,29,95.0,246.0,0,81,71
8483524,Shane Wright,SEA,C,168,V2,NZI,N,0.42824,0.36725,0.06099,218,318,1735.0,2339.0,1,560,762
8480018,Nick Suzuki,MTL,C,328,V2,NZI,N,0.50424,0.44353,0.06071,795,747,7185.0,6827.0,1,2015,1970
8478843,Denis Malgin,COL,C,65,V2,NZI,N,0.6193,0.56115,0.05815,93,97,570.0,834.0,1,4,6
8482745,Mason McTavish,ANA,C,294,V2,NZI,N,0.41429,0.35629,0.058,595,548,4842.0,3935.0,1,1316,1413
8480003,Jesper Boqvist,FLA,C,268,V2,NZI,N,0.46755,0.41191,0.05564,443,489,2573.0,3275.0,1,214,376
8479385,Jordan Kyrou,STL,C,314,V2,NZI,N,0.47867,0.42333,0.05534,623,612,5860.0,5263.0,1,13,33
8475413,Justin Dowling,NYR,C,56,V2,NZI,N,0.48443,0.42908,0.05534,80,91,578.0,557.0,1,157,171
8478427,Sebastian Aho,CAR,C,311,V2,NZI,N,0.54336,0.48939,0.05397,556,569,5823.0,4712.0,1,1676,1586
8476389,Vincent Trocheck,NYR,C,313,V2,NZI,N,0.50602,0.45319,0.05284,697,539,6806.0,5693.0,1,2108,1575
8476278,Colin Blackwell,DAL,C,230,V2,NZI,N,0.45448,0.40191,0.05257,391,334,2713.0,2518.0,1,225,232
8479987,Morgan Geekie,BOS,C,303,V2,NZI,N,0.47683,0.42427,0.05256,529,551,4920.0,4450.0,1,713,821
8485512,Tim Washe,ANA,C,40,V2,NZI,N,0.55122,0.5,0.05122,73,35,410.0,114.0,0,196,124
8475752,Tyler Pitlick,MIN,C,127,V2,NZI,N,0.48268,0.43167,0.05102,200,168,1357.0,1200.0,1,5,18
8476905,Chandler Stephenson,SEA,C,313,V2,NZI,N,0.44082,0.39545,0.04538,610,584,5644.0,4347.0,1,1890,1662
8480840,Oskar Back,DAL,C,145,V2,NZI,N,0.51119,0.46598,0.04521,270,201,1608.0,1073.0,1,103,89
8482133,Thomas Bordeleau,SJS,C,36,V2,NZI,N,0.37128,0.32627,0.04501,67,56,571.0,472.0,1,40,35
8484136,Max Sasson,VAN,C,95,V2,NZI,N,0.42909,0.3843,0.04478,137,170,832.0,1236.0,1,158,216
8475842,Sam Carrick,BUF,C,282,V2,NZI,N,0.35726,0.313,0.04426,428,363,3079.0,2623.0,1,1043,898
8476927,Teddy Blueger,VAN,C,247,V2,NZI,N,0.50656,0.46262,0.04394,501,426,3200.0,2421.0,1,1105,968
8481523,Kirby Dach,MTL,C,154,V2,NZI,N,0.43796,0.39551,0.04245,259,344,2555.0,3163.0,1,211,325
8475760,Nick Bjugstad,NJD,C,281,V2,NZI,N,0.50473,0.46372,0.041,597,605,5076.0,3942.0,1,1190,1220
8481237,Kyle MacLean,NYI,C,172,V2,NZI,N,0.4542,0.41383,0.04037,288,260,1845.0,2054.0,1,403,450
8478967,Lane Pederson,PHI,C,32,V2,NZI,N,0.38739,0.34823,0.03916,52,47,444.0,537.0,0,82,77
8478458,Jack Roslovic,EDM,C,285,V2,NZI,N,0.49847,0.46112,0.03734,509,563,4897.0,6135.0,1,648,680
8481726,Adam Edstrom,NYR,C,97,V2,NZI,N,0.37129,0.33434,0.03696,144,126,843.0,664.0,1,7,17
8479022,Rodrigo Abols,PHI,C,64,V2,NZI,N,0.45253,0.42021,0.03232,93,93,632.0,376.0,1,216,186
8481522,Peyton Krebs,BUF,C,317,V2,NZI,N,0.43979,0.40812,0.03167,578,624,4368.0,4827.0,1,938,1076
8470794,Joe Pavelski,DAL,C,164,V2,NZI,N,0.49537,0.4658,0.02957,381,345,2697.0,2076.0,1,586,536
8476897,Oskar Sundqvist,STL,C,257,V2,NZI,N,0.48171,0.45273,0.02898,392,432,2624.0,2951.0,1,589,762
8475170,Brayden Schenn,NYI,C,326,V2,NZI,N,0.43216,0.40326,0.02889,677,637,5660.0,5210.0,1,1526,1545
8483464,Marco Kasper,DET,C,159,V2,NZI,N,0.43676,0.40847,0.02829,298,301,2024.0,2502.0,1,472,510
8477497,Sean Monahan,CBJ,C,240,V2,NZI,N,0.47529,0.44757,0.02772,545,436,4391.0,3843.0,1,1490,1284
8482079,Marco Rossi,VAN,C,232,V2,NZI,N,0.44951,0.42367,0.02584,417,424,4060.0,4487.0,1,1013,1152
8482691,Aatu Räty,VAN,C,113,V2,NZI,N,0.4088,0.39136,0.01744,166,129,1250.0,718.0,1,577,407
8480459,Pius Suter,STL,C,290,V2,NZI,N,0.4306,0.41493,0.01568,525,550,3588.0,3926.0,1,848,981
8483397,Marc McLaughlin,NJD,C,24,V2,NZI,N,0.41071,0.39831,0.01241,34,34,112.0,118.0,0,31,47
8479991,Jake Leschyshyn,NYR,C,36,V2,NZI,N,0.42778,0.41555,0.01223,61,57,360.0,373.0,1,110,113
8484471,Emmitt Finnie,DET,C,82,V2,NZI,N,0.36344,0.35281,0.01063,176,166,930.0,1369.0,1,42,42
8480008,Adam Ruzicka,UTA,C,86,V2,NZI,N,0.43019,0.42132,0.00888,112,127,616.0,788.0,1,158,178
8479547,Matthew Phillips,WSH,C,33,V2,NZI,N,0.39631,0.38835,0.00796,36,38,217.0,412.0,0,1,2
8477505,Alexander Wennberg,SJS,C,319,V2,NZI,N,0.40971,0.40221,0.00749,607,743,4657.0,5512.0,1,1638,1780
8478051,Max Willman,NJD,C,27,V2,NZI,N,0.2236,0.21711,0.0065,33,31,161.0,152.0,0,2,7
8470604,Jeff Carter,PIT,C,151,V2,NZI,N,0.40773,0.40874,-0.00101,235,176,1837.0,1441.0,1,584,366
8481024,Linus Karlsson,VAN,C,105,V2,NZI,N,0.54463,0.54664,-0.002,149,158,773.0,847.0,1,12,33
8481028,Martin Pospisil,CGY,C,166,V2,NZI,N,0.45527,0.4585,-0.00323,320,402,1889.0,3012.0,1,108,146
8476919,Chris Tierney,NJD,C,88,V2,NZI,N,0.4158,0.42051,-0.00471,117,125,962.0,585.0,1,191,179
8475793,Ryan Johansen,COL,C,118,V2,NZI,N,0.4495,0.45552,-0.00602,217,185,1010.0,1023.0,1,665,518
8482665,Matty Beniers,SEA,C,320,V2,NZI,N,0.396,0.4053,-0.0093,602,758,4899.0,5702.0,1,1724,1996
8477996,Juho Lammikko,NJD,C,24,V2,NZI,N,0.35817,0.37405,-0.01587,46,27,416.0,262.0,0,53,54
8480845,Rasmus Kupari,WPG,C,153,V2,NZI,N,0.375,0.39479,-0.01979,213,195,1360.0,1497.0,1,487,441
8482148,Hendrix Lapierre,WSH,C,152,V2,NZI,N,0.39818,0.42209,-0.02391,160,217,1321.0,1720.0,1,260,402
8479346,Dillon Dube,CGY,C,125,V2,NZI,N,0.35146,0.3785,-0.02704,229,228,1508.0,1358.0,1,40,47
8482947,Zakhar Bardakov,COL,C,59,V2,NZI,N,0.56721,0.59957,-0.03235,40,71,305.0,462.0,0,72,97
8483570,Ben Meyers,SEA,C,121,V2,NZI,N,0.46642,0.49955,-0.03313,190,162,1340.0,1103.0,1,318,288
8478512,Austin Czarnik,DET,C,63,V2,NZI,N,0.30784,0.34279,-0.03495,70,97,536.0,811.0,1,163,190
8474009,Nick Bonino,NYR,C,107,V2,NZI,N,0.30854,0.34564,-0.0371,161,166,726.0,975.0,1,312,310
8483468,Jiri Kulich,BUF,C,75,V2,NZI,N,0.50186,0.53936,-0.0375,142,159,805.0,1194.0,1,292,348
8470638,Patrice Bergeron,BOS,C,78,V2,NZI,N,0.55909,0.59673,-0.03764,134,100,880.0,367.0,1,665,398
8483493,Frank Nazar,CHI,C,122,V2,NZI,N,0.42596,0.4678,-0.04184,211,219,1749.0,1941.0,1,432,500
8483432,Luca Del Bel Belluz,CBJ,C,30,V2,NZI,N,0.36842,0.41048,-0.04206,32,44,190.0,229.0,0,89,124
8475768,Jaden Schwartz,SEA,C,264,V2,NZI,N,0.36007,0.40924,-0.04917,499,624,3752.0,4545.0,1,91,103
8479291,Kevin Rooney,UTA,C,121,V2,NZI,N,0.41038,0.46835,-0.05798,101,132,636.0,711.0,1,282,325
8479994,Jaret Anderson-Dolan,WPG,C,84,V2,NZI,N,0.38355,0.5345,-0.15095,136,119,936.0,1087.0,1,40,41
8478477,Mitchell Stephens,SEA,C,51,V2,NZI,N,0.21194,0.49488,-0.28294,50,44,335.0,293.0,0,145,111
8478415,Jakub Zboril,BOS,D,22,V2,NZI,N,0.82353,0.13004,0.69348,43,38,136.0,223.0,0,0,0
8482144,Jack Thompson,SJS,D,34,V2,NZI,N,0.81224,0.2865,0.52575,80,61,735.0,548.0,1,0,0
8479387,Keaton Middleton,COL,D,44,V2,NZI,N,0.85259,0.34737,0.50522,58,78,251.0,665.0,1,0,0
8483619,Filip Roos,CHI,D,21,V2,NZI,N,0.61822,0.11864,0.49958,49,32,461.0,118.0,0,0,0
8479639,Dylan Coghlan,VGK,D,27,V2,NZI,N,0.5221,0.10561,0.41649,56,51,362.0,303.0,1,0,0
8483472,Maveric Lamoureux,UTA,D,20,V2,NZI,N,0.66458,0.24852,0.41606,43,38,319.0,169.0,0,0,0
8481206,John Ludvig,COL,D,41,V2,NZI,N,0.69192,0.28729,0.40463,59,48,396.0,362.0,0,0,0
8483510,Elias Salomonsson,WPG,D,32,V2,NZI,N,0.55867,0.1617,0.39696,87,59,750.0,235.0,1,0,0
8476779,Brad Hunt,COL,D,47,V2,NZI,N,0.65402,0.26336,0.39066,65,81,448.0,262.0,1,0,0
8475857,Kevin Gravel,NSH,D,29,V2,NZI,N,0.589,0.2179,0.3711,64,55,309.0,257.0,1,0,0
8478451,Ethan Bear,WSH,D,85,V2,NZI,N,0.71109,0.34011,0.37097,175,217,983.0,1229.0,1,0,0
8477073,Kurtis MacDermid,OTT,D,131,V2,NZI,N,0.52352,0.15571,0.36781,129,126,659.0,578.0,1,2,1
8484305,Zach Metsa,BUF,D,43,V2,NZI,N,0.55994,0.1953,0.36464,61,82,684.0,681.0,1,0,0
8477244,Chad Ruhwedel,NYR,D,104,V2,NZI,N,0.67163,0.31196,0.35967,157,150,1075.0,920.0,1,0,0
8484386,Dmitri Simashev,UTA,D,27,V2,NZI,N,0.7129,0.37071,0.34219,61,70,411.0,437.0,1,0,0
8480160,Radim Simek,SJS,D,44,V2,NZI,N,0.6254,0.28976,0.33564,84,82,630.0,742.0,1,0,0
8479388,Riley Stillman,EDM,D,59,V2,NZI,N,0.62214,0.29781,0.32433,111,126,524.0,957.0,1,0,0
8481812,Nikolai Knyzhov,SJS,D,22,V2,NZI,N,0.47636,0.15205,0.32432,62,44,550.0,171.0,0,0,0
8480834,Ty Emberson,EDM,D,177,V2,NZI,N,0.53308,0.22569,0.30738,358,333,2887.0,2592.0,1,0,0
8475797,Jarred Tinordi,CHI,D,96,V2,NZI,N,0.53061,0.22455,0.30606,189,216,1764.0,1670.0,1,0,0
8479458,Nikita Zaitsev,CHI,D,84,V2,NZI,N,0.55257,0.252,0.30057,170,186,1189.0,1250.0,1,0,0
8485366,Matthew Schaefer,NYI,D,82,V2,NZI,N,0.57033,0.27797,0.29236,227,213,2339.0,1993.0,1,0,0
8480157,Calle Rosen,STL,D,55,V2,NZI,N,0.56748,0.27653,0.29095,115,110,615.0,622.0,1,0,0
8479984,Cal Foote,NJD,D,54,V2,NZI,N,0.54562,0.26209,0.28353,112,88,1118.0,786.0,1,0,0
8480073,Erik Brannstrom,VAN,D,178,V2,NZI,N,0.56407,0.28571,0.27836,350,363,2700.0,2051.0,1,0,0
8476449,Scott Harrington,ANA,D,45,V2,NZI,N,0.44186,0.16648,0.27538,130,109,903.0,883.0,1,0,0
8477433,Ben Harpur,NYR,D,42,V2,NZI,N,0.477,0.21342,0.26358,69,79,761.0,745.0,1,0,0
8475762,Derek Forbort,VAN,D,145,V2,NZI,N,0.53262,0.27145,0.26117,315,321,1778.0,1783.0,1,0,0
8476853,Morgan Rielly,TOR,D,297,V2,NZI,N,0.5321,0.27196,0.26013,833,678,5826.0,4644.0,1,0,0
8475795,Dylan McIlrath,WSH,D,39,V2,NZI,N,0.40701,0.14727,0.25974,51,81,371.0,421.0,1,0,0
8483448,Isaiah George,NYI,D,37,V2,NZI,N,0.43799,0.18097,0.25702,83,66,637.0,641.0,1,0,0
8480043,Timothy Liljegren,WSH,D,238,V2,NZI,N,0.49427,0.24097,0.2533,569,587,4186.0,4262.0,1,0,0
8478465,Guillaume Brisebois,VAN,D,20,V2,NZI,N,0.40884,0.15625,0.25259,45,50,181.0,224.0,0,0,0
8471686,Marc Staal,PHI,D,117,V2,NZI,N,0.60314,0.35158,0.25156,290,271,1784.0,1772.0,1,0,0
8476967,Brett Kulak,COL,D,328,V2,NZI,N,0.56653,0.31514,0.25139,843,774,7057.0,6689.0,1,0,0
8476906,Shayne Gostisbehere,CAR,D,281,V2,NZI,N,0.63341,0.3838,0.24961,687,653,5693.0,5112.0,1,0,0
8484240,Tom Willander,VAN,D,69,V2,NZI,N,0.48412,0.24182,0.2423,139,151,913.0,703.0,1,0,0
8477541,Dakota Mermis,TOR,D,64,V2,NZI,N,0.49205,0.25182,0.24023,111,96,1006.0,826.0,1,0,0
8474574,Tyler Myers,DAL,D,299,V2,NZI,N,0.5633,0.3233,0.24,719,854,4818.0,5815.0,1,0,0
8481606,Jordan Spence,OTT,D,229,V2,NZI,N,0.67396,0.43479,0.23917,494,491,3702.0,4087.0,1,0,0
8474673,TJ Brodie,CHI,D,190,V2,NZI,N,0.50345,0.27116,0.23229,520,462,3768.0,3367.0,1,0,0
8480222,Sebastian Aho,NYI,D,129,V2,NZI,N,0.59883,0.36884,0.22999,272,260,2059.0,2497.0,1,0,0
8479348,Kale Clague,BUF,D,36,V2,NZI,N,0.59843,0.3732,0.22523,84,72,635.0,485.0,1,0,0
8484258,Sam Malinski,COL,D,180,V2,NZI,N,0.59804,0.37833,0.2197,404,417,2851.0,3415.0,1,0,0
8475177,Calvin de Haan,NYR,D,159,V2,NZI,N,0.54756,0.32804,0.21952,373,335,2502.0,2329.0,1,0,0
8471709,Marc-Edouard Vlasic,SJS,D,162,V2,NZI,N,0.50712,0.2882,0.21892,363,379,2106.0,2526.0,1,0,0
8474567,Zach Bogosian,MIN,D,233,V2,NZI,N,0.5554,0.34008,0.21532,464,440,4269.0,3655.0,1,1,1
8481609,Vladislav Kolyachonok,BOS,D,55,V2,NZI,N,0.49601,0.28185,0.21417,82,90,627.0,628.0,1,0,0
8481056,Spencer Stastney,EDM,D,117,V2,NZI,N,0.52377,0.31077,0.213,269,244,2230.0,1699.0,1,0,0
8476463,Jonas Brodin,MIN,D,234,V2,NZI,N,0.61151,0.4034,0.2081,669,735,5076.0,5704.0,1,0,0
8482470,Ilya Solovyov,PIT,D,45,V2,NZI,N,0.62999,0.4219,0.20809,86,99,727.0,685.0,1,0,0
8478178,Darren Raddysh,TBL,D,245,V2,NZI,N,0.62949,0.42162,0.20787,563,528,4734.0,4561.0,1,0,0
8474612,Travis Hamonic,DET,D,208,V2,NZI,N,0.46162,0.25461,0.20702,473,459,3557.0,2549.0,1,0,0
8481219,Jonathan Aspirot,BOS,D,61,V2,NZI,N,0.43719,0.23314,0.20404,154,146,1194.0,875.0,1,0,0
8475179,Dmitry Kulikov,FLA,D,232,V2,NZI,N,0.52679,0.32535,0.20144,611,609,4647.0,3925.0,1,0,0
8482094,Daemon Hunt,MIN,D,45,V2,NZI,N,0.38407,0.18447,0.1996,61,84,565.0,412.0,1,0,0
8478408,Travis Dermott,MIN,D,80,V2,NZI,N,0.46105,0.26173,0.19933,147,193,950.0,1066.0,1,0,0
8480084,Nick DeSimone,UTA,D,97,V2,NZI,N,0.52363,0.32619,0.19744,198,184,1312.0,886.0,1,0,0
8477365,Connor Clifton,PIT,D,280,V2,NZI,N,0.54682,0.34941,0.19741,559,645,4197.0,5183.0,1,0,0
8477495,Seth Jones,FLA,D,254,V2,NZI,N,0.5104,0.31336,0.19704,664,746,5913.0,5958.0,1,0,0
8477932,Aaron Ekblad,FLA,D,250,V2,NZI,N,0.58992,0.39437,0.19555,682,668,5160.0,4942.0,1,0,0
8477507,Nikita Zadorov,BOS,D,319,V2,NZI,N,0.55077,0.35693,0.19384,794,831,5870.0,5581.0,1,0,0
8475171,Oliver Ekman-Larsson,TOR,D,289,V2,NZI,N,0.49681,0.30387,0.19294,769,753,5638.0,4887.0,1,0,0
8479395,Dennis Cholowski,NJD,D,58,V2,NZI,N,0.46827,0.27599,0.19227,90,75,709.0,779.0,1,0,0
8480879,Jacob Bernard-Docker,DET,D,194,V2,NZI,N,0.54124,0.34912,0.19212,388,423,2546.0,3294.0,1,0,0
8481537,Nikita Okhotiuk,CGY,D,62,V2,NZI,N,0.50892,0.31792,0.191,113,113,1065.0,692.0,1,0,0
8478055,Gustav Forsling,FLA,D,321,V2,NZI,N,0.56847,0.37887,0.1896,917,915,7339.0,7137.0,1,0,0
8477506,Ryan Pulock,NYI,D,290,V2,NZI,N,0.47126,0.28235,0.18891,946,802,7830.0,5911.0,1,0,0
8478443,Brandon Carlo,TOR,D,289,V2,NZI,N,0.49285,0.3048,0.18805,753,695,5385.0,5046.0,1,0,0
8480172,Jan Rutta,SJS,D,180,V2,NZI,N,0.44481,0.25692,0.18789,451,416,3370.0,3036.0,1,0,0
8481599,Victor Soderstrom,BOS,D,41,V2,NZI,N,0.48256,0.29489,0.18767,77,106,516.0,841.0,1,0,0
8475825,Jani Hakanpää,TOR,D,148,V2,NZI,N,0.42573,0.23822,0.18751,400,316,2410.0,2313.0,1,0,0
8478859,Niko Mikkola,FLA,D,307,V2,NZI,N,0.55776,0.37103,0.18672,842,884,6155.0,6083.0,1,0,0
8477384,Joshua Brown,EDM,D,129,V2,NZI,N,0.47625,0.28959,0.18666,248,265,1558.0,1585.0,1,0,0
8477971,Andreas Englund,NSH,D,167,V2,NZI,N,0.57961,0.39307,0.18655,270,321,1972.0,2020.0,1,0,0
8480828,Michael Callahan,BOS,D,22,V2,NZI,N,0.36822,0.18251,0.18571,37,43,258.0,263.0,0,0,0
8478851,Alexandre Carrier,MTL,D,268,V2,NZI,N,0.56881,0.38419,0.18462,795,718,4905.0,5388.0,1,0,0
8483768,Victor Mancini,VAN,D,55,V2,NZI,N,0.38531,0.20175,0.18355,98,83,776.0,684.0,1,0,0
8474207,Nick Holden,OTT,D,65,V2,NZI,N,0.51344,0.32996,0.18347,158,140,1042.0,791.0,1,0,0
8476473,Connor Murphy,EDM,D,273,V2,NZI,N,0.50305,0.32333,0.17971,655,733,5411.0,5734.0,1,0,0
8474027,Justin Braun,PHI,D,51,V2,NZI,N,0.55521,0.3757,0.17951,105,110,643.0,716.0,1,0,0
8480990,Declan Chisholm,WSH,D,123,V2,NZI,N,0.52623,0.34679,0.17943,239,255,2345.0,2105.0,1,0,0
8479576,Vincent Desharnais,SJS,D,218,V2,NZI,N,0.47035,0.29137,0.17898,452,452,3491.0,3789.0,1,0,0
8482700,Nolan Allan,CHI,D,43,V2,NZI,N,0.37479,0.19651,0.17829,64,89,603.0,687.0,1,0,0
8482176,Wyatt Kaiser,CHI,D,175,V2,NZI,N,0.50552,0.32835,0.17717,385,459,2898.0,3411.0,1,0,0
8478468,Jeremy Lauzon,VGK,D,242,V2,NZI,N,0.53275,0.35625,0.1765,637,571,4259.0,4494.0,1,0,0
8483460,David Jiricek,PHI,D,85,V2,NZI,N,0.531,0.35678,0.17423,153,167,1403.0,1180.0,1,0,0
8479402,Jake Bean,CGY,D,166,V2,NZI,N,0.48518,0.31202,0.17316,310,347,1855.0,2721.0,1,0,0
8484783,Artyom Levshunov,CHI,D,86,V2,NZI,N,0.42654,0.25382,0.17273,157,189,1198.0,2226.0,1,0,0
8480871,Adam Boqvist,NYI,D,144,V2,NZI,N,0.51798,0.3454,0.17258,293,286,2531.0,2348.0,1,0,0
8484304,Uvis Balinskis,FLA,D,156,V2,NZI,N,0.56518,0.39276,0.17242,340,373,2378.0,2597.0,1,0,2
8474090,Brendan Smith,CBJ,D,170,V2,NZI,N,0.54502,0.37342,0.1716,332,278,2499.0,2370.0,1,0,0
8478452,Caleb Jones,PIT,D,111,V2,NZI,N,0.52109,0.3499,0.17119,252,226,2157.0,1489.0,1,0,0
8480058,Pierre-Olivier Joseph,VAN,D,205,V2,NZI,N,0.52666,0.35624,0.17042,422,432,2757.0,3391.0,1,0,0
8478507,John Marino,UTA,D,253,V2,NZI,N,0.59062,0.42024,0.17038,725,731,5374.0,5009.0,1,0,0
8482245,Artem Zub,OTT,D,259,V2,NZI,N,0.614,0.44371,0.17029,759,744,5241.0,4841.0,1,0,0
8475750,Jon Merrill,MIN,D,208,V2,NZI,N,0.48973,0.31956,0.17017,327,358,3312.0,3195.0,1,0,0
8482511,Mason Lohrei,BOS,D,191,V2,NZI,N,0.45691,0.28727,0.16964,451,436,3156.0,3676.0,1,0,0
8480049,Dylan Samberg,WPG,D,266,V2,NZI,N,0.51979,0.35033,0.16946,604,584,4446.0,4333.0,1,0,0
8482126,Emil Andrae,PHI,D,107,V2,NZI,N,0.57467,0.40648,0.16819,206,204,1453.0,1203.0,1,2,1
8481527,Kaedan Korczak,VGK,D,154,V2,NZI,N,0.55462,0.38658,0.16804,351,368,2975.0,2504.0,1,0,0
8479325,Charlie McAvoy,BOS,D,260,V2,NZI,N,0.52205,0.35498,0.16707,678,638,5193.0,4527.0,1,0,0
8477950,Tony DeAngelo,NYI,D,212,V2,NZI,N,0.54688,0.37991,0.16697,491,520,3904.0,4280.0,1,0,0
8477938,Haydn Fleury,WPG,D,129,V2,NZI,N,0.49246,0.32622,0.16624,267,230,1724.0,1453.0,1,0,0
8480036,Miro Heiskanen,DAL,D,277,V2,NZI,N,0.54586,0.38121,0.16465,909,746,7425.0,6120.0,1,0,0
8476902,Esa Lindell,DAL,D,326,V2,NZI,N,0.47824,0.31362,0.16461,935,816,7168.0,6782.0,1,0,0
8484321,Nikolas Matinpalo,OTT,D,95,V2,NZI,N,0.47078,0.30643,0.16435,251,229,1574.0,1214.0,1,0,0
8482142,Jamie Drysdale,PHI,D,190,V2,NZI,N,0.49058,0.32636,0.16422,468,474,3822.0,3300.0,1,0,0
8478021,William Lagesson,DET,D,47,V2,NZI,N,0.44986,0.28571,0.16414,86,92,698.0,840.0,1,0,0
8475790,Erik Gudbranson,CBJ,D,201,V2,NZI,N,0.45677,0.29325,0.16352,518,560,3678.0,4590.0,1,0,0
8476429,Scott Mayfield,NYI,D,269,V2,NZI,N,0.49383,0.33053,0.1633,658,602,4943.0,4278.0,1,0,0
8481178,Egor Zamula,CBJ,D,176,V2,NZI,N,0.49195,0.33061,0.16134,326,317,2547.0,2202.0,1,0,0
8483565,Nick Blankenburg,COL,D,168,V2,NZI,N,0.51582,0.35465,0.16117,408,378,3350.0,2611.0,1,0,0
8481564,Ryan Johnson,BUF,D,47,V2,NZI,N,0.51247,0.35147,0.161,81,88,882.0,882.0,1,0,0
8477498,Darnell Nurse,EDM,D,320,V2,NZI,N,0.56948,0.40882,0.16065,984,910,9003.0,8544.0,1,0,0
8476874,Olli Määttä,CGY,D,269,V2,NZI,N,0.46292,0.3055,0.15742,647,692,5286.0,5293.0,1,0,0
8480145,Neal Pionk,WPG,D,284,V2,NZI,N,0.52517,0.36777,0.1574,741,756,5682.0,5256.0,1,0,0
8478840,Will Borgen,NYR,D,323,V2,NZI,N,0.50411,0.34688,0.15723,807,785,5473.0,5486.0,1,0,0
8479410,Mikhail Sergachev,UTA,D,267,V2,NZI,N,0.57099,0.4139,0.15709,806,805,5902.0,5180.0,1,0,0
8482166,Shakir Mukhamadullin,SJS,D,83,V2,NZI,N,0.48113,0.32503,0.1561,200,226,1457.0,1846.0,1,0,0
8476422,Mike Reilly,CAR,D,131,V2,NZI,N,0.56243,0.40643,0.15601,353,304,1922.0,2116.0,1,0,0
8478454,Noah Juulsen,PHI,D,153,V2,NZI,N,0.48674,0.33169,0.15506,284,291,1471.0,1417.0,1,0,0
8475747,Patrik Nemeth,UTA,D,75,V2,NZI,N,0.42257,0.2678,0.15477,152,185,1285.0,1475.0,1,0,0
8481167,Brayden Pachal,CGY,D,174,V2,NZI,N,0.44548,0.29101,0.15448,271,327,1605.0,1890.0,1,0,0
8481546,Cam York,PHI,D,276,V2,NZI,N,0.55223,0.39872,0.15351,861,893,5983.0,5643.0,1,0,0
8478500,Ivan Provorov,CBJ,D,328,V2,NZI,N,0.52466,0.37129,0.15337,939,951,7786.0,8939.0,1,0,0
8481014,Alexander Romanov,NYI,D,236,V2,NZI,N,0.52257,0.36964,0.15293,653,591,6292.0,5040.0,1,0,0
8479976,Juuso Välimäki,UTA,D,189,V2,NZI,N,0.60062,0.4479,0.15272,450,489,3210.0,4146.0,1,0,0
8482482,Adam Wilsby,NSH,D,80,V2,NZI,N,0.51102,0.35911,0.15191,196,203,1497.0,1345.0,1,0,0
8476856,Mathew Dumba,PIT,D,229,V2,NZI,N,0.54455,0.39283,0.15172,517,587,4220.0,4964.0,1,0,0
8476879,Cody Ceci,LAK,D,326,V2,NZI,N,0.52561,0.37451,0.1511,930,865,7791.0,7375.0,1,0,0
8484806,Sam Dickinson,SJS,D,71,V2,NZI,N,0.51717,0.36612,0.15105,171,155,1864.0,1098.0,1,0,0
8475755,Alexander Petrovic,DAL,D,60,V2,NZI,N,0.48904,0.33905,0.14999,126,115,1049.0,991.0,1,0,0
8478841,Colton White,NJD,D,69,V2,NZI,N,0.35044,0.20114,0.1493,141,132,1130.0,1054.0,1,0,0
8473507,Jeff Petry,MIN,D,245,V2,NZI,N,0.53019,0.38218,0.14801,608,607,4621.0,5296.0,1,0,0
8478013,Jake Walman,EDM,D,243,V2,NZI,N,0.52372,0.37616,0.14756,600,604,4722.0,4857.0,1,0,0
8477369,Carson Soucy,NYI,D,269,V2,NZI,N,0.44399,0.29655,0.14744,641,589,4660.0,3915.0,1,0,0
8480800,Quinn Hughes,MIN,D,302,V2,NZI,N,0.58422,0.43735,0.14687,840,887,8199.0,8236.0,1,0,0
8479378,Logan Stanley,BUF,D,183,V2,NZI,N,0.46135,0.31556,0.14579,376,372,3221.0,3150.0,1,0,0
8479578,Casey Fitzgerald,FLA,D,27,V2,NZI,N,0.42708,0.28135,0.14574,39,44,192.0,327.0,0,0,0
8477851,Jordan Oesterle,NSH,D,112,V2,NZI,N,0.47788,0.33391,0.14397,248,234,2283.0,1737.0,1,0,0
8480796,Martin Fehérváry,WSH,D,295,V2,NZI,N,0.54142,0.39841,0.14301,786,783,5275.0,5424.0,1,0,0
8478469,Thomas Chabot,OTT,D,256,V2,NZI,N,0.51066,0.36834,0.14233,720,641,5626.0,5161.0,1,0,0
8476331,Dylan DeMelo,WPG,D,320,V2,NZI,N,0.53311,0.39099,0.14212,893,925,7188.0,7261.0,1,0,0
8482105,Jake Sanderson,OTT,D,303,V2,NZI,N,0.54385,0.40213,0.14172,871,849,6329.0,5456.0,1,0,0
8477948,Travis Sanheim,PHI,D,325,V2,NZI,N,0.52478,0.38378,0.141,1066,1091,7769.0,6720.0,1,0,0
8482192,Isaak Phillips,WPG,D,55,V2,NZI,N,0.4531,0.31273,0.14038,102,121,693.0,825.0,1,0,0
8478397,Rasmus Andersson,VGK,D,319,V2,NZI,N,0.53009,0.38978,0.14031,916,992,4952.0,5811.0,1,0,0
8482122,Brock Faber,MIN,D,242,V2,NZI,N,0.52612,0.38606,0.14006,783,866,5934.0,7706.0,1,0,0
8480891,Michael Kesselring,BUF,D,190,V2,NZI,N,0.56513,0.42532,0.13981,416,466,3040.0,3341.0,1,0,0
8476462,Dougie Hamilton,NJD,D,243,V2,NZI,N,0.54708,0.40807,0.13901,636,673,5745.0,6369.0,1,0,0
8476931,Jake McCabe,TOR,D,295,V2,NZI,N,0.46689,0.32902,0.13787,938,793,6644.0,5644.0,1,0,0
8480069,Cale Makar,COL,D,291,V2,NZI,N,0.55181,0.41454,0.13727,761,919,6312.0,7992.0,1,0,0
8479398,Samuel Girard,PIT,D,268,V2,NZI,N,0.57618,0.439,0.13718,681,827,4627.0,6410.0,1,0,0
8479439,Jacob MacDonald,SJS,D,92,V2,NZI,N,0.53724,0.40118,0.13606,118,141,1074.0,1017.0,1,1,3
8479372,Joshua Mahura,SEA,D,199,V2,NZI,N,0.56592,0.43006,0.13586,370,437,2412.0,2781.0,1,0,0
8475200,Dmitry Orlov,SJS,D,305,V2,NZI,N,0.57575,0.44128,0.13447,839,790,7498.0,6991.0,1,0,0
8475718,Justin Holl,STL,D,199,V2,NZI,N,0.48997,0.35706,0.13291,437,418,3390.0,3372.0,1,0,0
8477447,Shea Theodore,VGK,D,240,V2,NZI,N,0.55701,0.42431,0.1327,665,656,5569.0,4829.0,1,0,0
8474031,Kevin Shattenkirk,BOS,D,136,V2,NZI,N,0.388,0.25539,0.13261,253,301,1750.0,2459.0,1,0,0
8482624,Daniil Miromanov,CGY,D,83,V2,NZI,N,0.52761,0.39544,0.13217,216,244,1304.0,1755.0,1,0,0
8480336,Sean Walker,CAR,D,314,V2,NZI,N,0.60358,0.47153,0.13205,780,724,5928.0,5707.0,1,0,0
8481525,Matthew Robertson,NYR,D,74,V2,NZI,N,0.53511,0.40314,0.13197,164,149,1310.0,955.0,1,0,0
8476441,Joel Edmundson,LAK,D,268,V2,NZI,N,0.48092,0.34896,0.13196,665,707,4901.0,5502.0,1,0,0
8480865,Noah Dobson,MTL,D,308,V2,NZI,N,0.46877,0.33727,0.1315,829,744,6692.0,5764.0,1,0,0
8477504,Josh Morrissey,WPG,D,315,V2,NZI,N,0.5447,0.41372,0.13098,886,943,7136.0,7812.0,1,0,0
8474600,Roman Josi,NSH,D,270,V2,NZI,N,0.5449,0.41395,0.13095,770,736,5423.0,5863.0,1,0,0
8475324,Nick Jensen,OTT,D,287,V2,NZI,N,0.46782,0.33689,0.13093,704,758,5034.0,5717.0,1,0,0
8477499,Rasmus Ristolainen,PHI,D,212,V2,NZI,N,0.55052,0.41976,0.13076,520,483,3553.0,3128.0,1,0,0
8476923,Damon Severson,CBJ,D,289,V2,NZI,N,0.57098,0.44043,0.13055,792,786,7263.0,6698.0,1,0,0
8479421,Jacob Moverare,LAK,D,90,V2,NZI,N,0.52812,0.39808,0.13004,161,169,1547.0,1354.0,1,0,0
8483485,Denton Mateychuk,CBJ,D,120,V2,NZI,N,0.53798,0.40828,0.12971,304,287,3212.0,2513.0,1,0,0
8476467,Jamie Oleksiak,SEA,D,317,V2,NZI,N,0.49836,0.36913,0.12923,698,794,5488.0,6350.0,1,0,0
8480727,Zach Whitecloud,CGY,D,272,V2,NZI,N,0.51241,0.38452,0.12789,694,657,5560.0,5503.0,1,0,0
8477018,Ben Hutton,VGK,D,138,V2,NZI,N,0.42446,0.29669,0.12777,273,275,2747.0,2056.0,1,0,0
8478854,Ryan Shea,PIT,D,150,V2,NZI,N,0.51003,0.38332,0.12671,316,327,2343.0,2314.0,1,0,0
8479983,Mario Ferraro,SJS,D,310,V2,NZI,N,0.45029,0.32382,0.12647,773,867,6729.0,6905.0,1,0,1
8476372,Nick Seeler,PHI,D,305,V2,NZI,N,0.51977,0.39339,0.12638,644,617,4198.0,4057.0,1,0,0
8482095,Tyler Kleven,OTT,D,166,V2,NZI,N,0.53861,0.41274,0.12587,441,399,3121.0,2481.0,1,0,0
8477986,Brandon Montour,SEA,D,290,V2,NZI,N,0.49944,0.37454,0.1249,722,813,6285.0,7935.0,1,0,0
8482730,Brandt Clarke,LAK,D,184,V2,NZI,N,0.56487,0.44019,0.12469,406,409,3661.0,3628.0,1,0,0
8483503,Owen Pickering,PIT,D,29,V2,NZI,N,0.3828,0.25893,0.12387,73,57,465.0,224.0,1,0,0
8475197,Tyson Barrie,CGY,D,139,V2,NZI,N,0.43995,0.3164,0.12355,320,312,2598.0,2835.0,1,0,0
8478460,Zach Werenski,CBJ,D,239,V2,NZI,N,0.52037,0.39703,0.12334,784,765,8027.0,7546.0,1,0,0
8477220,Nate Schmidt,UTA,D,295,V2,NZI,N,0.51907,0.3958,0.12327,636,726,4799.0,5470.0,1,0,0
8475188,Brayden McNabb,VGK,D,310,V2,NZI,N,0.55541,0.43238,0.12303,838,837,6813.0,6226.0,1,0,0
8479369,Andrew Peeke,BOS,D,271,V2,NZI,N,0.44931,0.32739,0.12191,696,613,5119.0,4826.0,1,0,0
8477435,Ryan Graves,PIT,D,231,V2,NZI,N,0.51005,0.38856,0.12148,553,519,4329.0,4110.0,1,0,0
8479345,Jakob Chychrun,WSH,D,284,V2,NZI,N,0.52783,0.4077,0.12013,687,731,6485.0,6311.0,1,0,0
8476988,Matt Benning,TOR,D,99,V2,NZI,N,0.45607,0.33612,0.11995,221,239,1195.0,1797.0,1,0,0
8482911,Joel Nystrom,CAR,D,38,V2,NZI,N,0.63984,0.52008,0.11976,91,102,733.0,498.0,1,0,0
8474013,Ian Cole,UTA,D,319,V2,NZI,N,0.54965,0.43139,0.11826,752,700,5136.0,4664.0,1,0,0
8480873,Rasmus Sandin,WSH,D,294,V2,NZI,N,0.51808,0.4,0.11808,737,711,6470.0,5965.0,1,0,0
8475279,Ben Chiarot,DET,D,316,V2,NZI,N,0.45357,0.33706,0.11651,863,917,7011.0,7334.0,1,0,0
8481006,Tyler Tucker,STL,D,158,V2,NZI,N,0.47933,0.3631,0.11623,340,297,2395.0,2374.0,1,0,0
8480246,Nick Perbix,NSH,D,298,V2,NZI,N,0.47639,0.361,0.11538,758,674,5527.0,4698.0,1,0,0
8478038,Devon Toews,COL,D,305,V2,NZI,N,0.53557,0.42149,0.11408,857,1034,5525.0,8209.0,1,0,0
8480860,Kevin Bahl,CGY,D,273,V2,NZI,N,0.50766,0.3939,0.11376,699,767,4503.0,5151.0,1,0,0
8470600,Ryan Suter,STL,D,246,V2,NZI,N,0.51294,0.3993,0.11364,705,580,5794.0,4568.0,1,0,0
8476854,Hampus Lindholm,BOS,D,237,V2,NZI,N,0.52921,0.41614,0.11308,620,577,4142.0,3929.0,1,0,0
8482111,Justin Barron,NSH,D,200,V2,NZI,N,0.55514,0.4421,0.11305,460,508,3246.0,3696.0,1,0,0
8475218,Mattias Ekholm,EDM,D,303,V2,NZI,N,0.55345,0.44104,0.11242,797,731,6604.0,6063.0,1,0,0
8478970,Jalen Chatfield,CAR,D,301,V2,NZI,N,0.60905,0.4968,0.11225,875,741,7226.0,5783.0,1,0,0
8482671,Owen Power,BUF,D,315,V2,NZI,N,0.52734,0.41522,0.11212,749,823,6089.0,6859.0,1,0,0
8478399,Jonas Siegenthaler,NJD,D,274,V2,NZI,N,0.51748,0.40547,0.11202,785,767,7378.0,7098.0,1,0,0
8474590,John Carlson,ANA,D,271,V2,NZI,N,0.53989,0.42789,0.11201,724,741,5690.0,5235.0,1,0,0
8475167,Victor Hedman,TBL,D,266,V2,NZI,N,0.51517,0.40331,0.11186,704,638,5901.0,5564.0,1,0,0
8481122,Simon Benoit,TOR,D,293,V2,NZI,N,0.42317,0.31137,0.1118,683,656,4946.0,4750.0,1,0,0
8470613,Brent Burns,COL,D,327,V2,NZI,N,0.6289,0.5171,0.11179,864,824,6707.0,5759.0,1,0,0
8476885,Jacob Trouba,ANA,D,308,V2,NZI,N,0.48032,0.36887,0.11145,944,877,7291.0,7298.0,1,0,0
8477346,MacKenzie Weegar,UTA,D,322,V2,NZI,N,0.55015,0.4417,0.10844,992,1025,5713.0,5961.0,1,0,0
8480001,Urho Vaakanainen,NYR,D,176,V2,NZI,N,0.46513,0.35709,0.10804,365,366,2739.0,2904.0,1,0,0
8476891,Matt Grzelcyk,CHI,D,289,V2,NZI,N,0.47421,0.3662,0.10801,720,694,5913.0,5172.0,1,0,0
8474578,Erik Karlsson,PIT,D,321,V2,NZI,N,0.55355,0.44624,0.10731,994,980,8516.0,8352.0,1,0,1
8480426,Charle-Edouard D'Astous,TBL,D,70,V2,NZI,N,0.51061,0.40518,0.10543,182,200,1508.0,1545.0,1,0,0
8482964,Arber Xhekaj,MTL,D,230,V2,NZI,N,0.45512,0.34994,0.10518,425,452,3331.0,3532.0,1,0,0
8481806,Louis Crevier,CHI,D,134,V2,NZI,N,0.45693,0.35183,0.1051,306,366,2287.0,2271.0,1,0,0
8478416,Erik Cernak,TBL,D,276,V2,NZI,N,0.53394,0.429,0.10495,808,772,5126.0,4697.0,1,0,0
8471677,Jack Johnson,CBJ,D,204,V2,NZI,N,0.45853,0.35393,0.1046,403,431,3810.0,3269.0,1,0,0
8483466,Kevin Korchinski,CHI,D,105,V2,NZI,N,0.45748,0.35302,0.10446,194,234,1364.0,2235.0,1,0,0
8479998,Mikey Anderson,LAK,D,307,V2,NZI,N,0.59486,0.49075,0.10411,960,854,8360.0,7729.0,1,0,0
8477969,Marcus Pettersson,VAN,D,309,V2,NZI,N,0.49637,0.39253,0.10384,904,930,8123.0,6960.0,1,0,0
8481072,Tim Berni,CBJ,D,59,V2,NZI,N,0.44524,0.34227,0.10297,156,161,1260.0,1268.0,1,0,0
8477845,Trevor van Riemsdyk,WSH,D,295,V2,NZI,N,0.53102,0.42865,0.10237,705,723,5868.0,5452.0,1,0,0
8476917,Adam Pelech,NYI,D,261,V2,NZI,N,0.47345,0.37125,0.10219,812,707,5724.0,5134.0,1,0,0
8475455,Brenden Dillon,NJD,D,323,V2,NZI,N,0.50408,0.40355,0.10053,729,779,5886.0,6138.0,1,0,0
8475690,Chris Tanev,TOR,D,226,V2,NZI,N,0.46721,0.36808,0.09913,715,667,4285.0,2964.0,1,0,0
8482073,Braden Schneider,NYR,D,325,V2,NZI,N,0.44,0.34094,0.09906,720,676,6550.0,6394.0,1,0,0
8476312,Josh Manson,COL,D,230,V2,NZI,N,0.56702,0.46802,0.099,589,625,3723.0,4284.0,1,0,0
8479425,Filip Hronek,VAN,D,287,V2,NZI,N,0.47398,0.37544,0.09854,752,804,6648.0,6571.0,1,0,0
8476979,Erik Gustafsson,DET,D,208,V2,NZI,N,0.4909,0.39258,0.09832,438,422,3793.0,2993.0,1,0,0
8480823,Alexander Alexeyev,WSH,D,79,V2,NZI,N,0.41821,0.32003,0.09818,133,154,1186.0,1203.0,1,0,0
8480070,Ian Mitchell,BOS,D,63,V2,NZI,N,0.44612,0.348,0.09812,120,114,993.0,750.0,1,0,0
8475462,Radko Gudas,ANA,D,275,V2,NZI,N,0.47591,0.37829,0.09762,592,659,4545.0,5168.0,1,0,0
8471724,Kris Letang,PIT,D,294,V2,NZI,N,0.47551,0.37812,0.09739,946,914,8433.0,8246.0,1,0,0
8476875,Mike Matheson,MTL,D,288,V2,NZI,N,0.46687,0.37118,0.0957,845,797,6732.0,7196.0,1,0,0
8482762,Simon Edvinsson,DET,D,175,V2,NZI,N,0.52446,0.431,0.09346,490,462,3495.0,3703.0,1,0,0
8480817,K'Andre Miller,CAR,D,305,V2,NZI,N,0.47904,0.38563,0.09341,909,890,7705.0,7935.0,1,0,0
8483490,Pavel Mintyukov,ANA,D,203,V2,NZI,N,0.42005,0.32739,0.09266,483,459,3252.0,3647.0,1,0,0
8478882,Vladislav Gavrikov,NYR,D,313,V2,NZI,N,0.52846,0.43726,0.0912,963,821,8010.0,7053.0,1,0,0
8477488,Brett Pesce,NJD,D,261,V2,NZI,N,0.58191,0.49081,0.0911,750,712,5915.0,6037.0,1,0,0
8480803,Evan Bouchard,EDM,D,326,V2,NZI,N,0.56642,0.47627,0.09016,793,791,7422.0,6868.0,1,0,0
8481568,Alex Vlasic,CHI,D,245,V2,NZI,N,0.44822,0.3581,0.09012,669,767,5832.0,6057.0,1,0,0
8474151,Ryan McDonagh,TBL,D,275,V2,NZI,N,0.49447,0.4048,0.08967,785,756,5339.0,5662.0,1,0,0
8475233,David Savard,MTL,D,197,V2,NZI,N,0.41269,0.32412,0.08858,474,501,4427.0,4341.0,1,0,0
8477335,Kyle Burroughs,LAK,D,154,V2,NZI,N,0.43565,0.34722,0.08844,311,316,2704.0,1993.0,1,0,0
8478396,Noah Hanifin,VGK,D,313,V2,NZI,N,0.51672,0.43045,0.08627,955,950,7356.0,6758.0,1,0,0
8480035,Henri Jokiharju,BOS,D,235,V2,NZI,N,0.49492,0.40943,0.08549,564,661,4136.0,4411.0,1,0,0
8479371,Dante Fabbro,CBJ,D,277,V2,NZI,N,0.4801,0.3947,0.0854,707,670,5401.0,5850.0,1,0,0
8480887,Jordan Harris,BOS,D,162,V2,NZI,N,0.49028,0.40562,0.08466,327,349,3088.0,3131.0,1,0,0
8478136,Jake Middleton,MIN,D,301,V2,NZI,N,0.45422,0.37071,0.0835,762,847,6400.0,6679.0,1,0,0
8482655,J.J. Moser,TBL,D,295,V2,NZI,N,0.54559,0.46227,0.08333,785,816,5911.0,6122.0,1,0,0
8474618,Marco Scandella,STL,D,85,V2,NZI,N,0.41954,0.33824,0.0813,154,170,1044.0,1020.0,1,0,0
8474166,Alec Martinez,CHI,D,176,V2,NZI,N,0.47714,0.39629,0.08085,432,444,3762.0,3558.0,1,0,0
8478476,Kyle Capobianco,DAL,D,48,V2,NZI,N,0.52801,0.44737,0.08065,75,65,589.0,342.0,1,0,0
8474602,Justin Schultz,SEA,D,143,V2,NZI,N,0.39939,0.32013,0.07926,271,318,1963.0,1893.0,1,0,0
8479980,Nicolas Hague,NSH,D,285,V2,NZI,N,0.44746,0.36876,0.0787,717,702,6709.0,5909.0,1,0,0
8482929,Emil Lilleberg,TBL,D,163,V2,NZI,N,0.51468,0.43798,0.07669,378,361,2930.0,2717.0,1,0,0
8478017,Mark Friedman,VAN,D,51,V2,NZI,N,0.58123,0.50503,0.0762,89,99,554.0,497.0,1,0,0
8483457,Lane Hutson,MTL,D,166,V2,NZI,N,0.51766,0.44353,0.07413,442,433,4076.0,4259.0,1,0,0
8481567,Henry Thrun,TOR,D,124,V2,NZI,N,0.40554,0.33156,0.07398,337,280,2890.0,2063.0,1,0,0
8482087,Kaiden Guhle,MTL,D,208,V2,NZI,N,0.51057,0.43699,0.07358,651,601,5061.0,4801.0,1,0,0
8481593,Jayden Struble,MTL,D,171,V2,NZI,N,0.48355,0.41268,0.07087,318,342,2918.0,2966.0,1,0,0
8478450,Parker Wotherspoon,PIT,D,188,V2,NZI,N,0.45481,0.38395,0.07085,462,485,3806.0,3727.0,1,0,0
8482803,Olen Zellweger,ANA,D,164,V2,NZI,N,0.45637,0.38618,0.07019,330,356,2785.0,3040.0,1,0,0
8481563,Drew Helleson,ANA,D,119,V2,NZI,N,0.41361,0.34361,0.07,282,285,2292.0,2075.0,1,0,0
8481542,Moritz Seider,DET,D,328,V2,NZI,N,0.4651,0.39594,0.06916,942,940,7478.0,6900.0,1,0,0
8474716,Jared Spurgeon,MIN,D,240,V2,NZI,N,0.5454,0.47727,0.06813,579,626,4945.0,4444.0,1,0,0
8480950,Ilya Lyubushkin,DAL,D,275,V2,NZI,N,0.45302,0.38602,0.067,673,625,4885.0,4606.0,1,0,0
8481581,Thomas Harley,DAL,D,233,V2,NZI,N,0.47779,0.41084,0.06695,651,598,6371.0,4761.0,1,0,0
8480878,Nils Lundkvist,DAL,D,210,V2,NZI,N,0.47162,0.40508,0.06654,519,484,3876.0,3229.0,1,0,0
8482807,Ethan Del Mastro,CHI,D,45,V2,NZI,N,0.45154,0.38525,0.06629,83,107,846.0,976.0,1,0,0
8479982,Conor Timmins,BUF,D,159,V2,NZI,N,0.50088,0.43551,0.06537,348,346,2260.0,2202.0,1,0,0
8470966,Mark Giordano,TOR,D,124,V2,NZI,N,0.54282,0.4778,0.06502,263,272,1728.0,2072.0,1,0,0
8474145,Robert Bortuzzo,UTA,D,87,V2,NZI,N,0.44874,0.38501,0.06372,158,153,751.0,774.0,1,0,0
8480196,Jacob Bryson,WPG,D,193,V2,NZI,N,0.41911,0.35626,0.06286,376,404,2689.0,2981.0,1,0,0
8481743,Marc Del Gaizo,NSH,D,55,V2,NZI,N,0.48746,0.42468,0.06278,127,140,837.0,1248.0,1,0,0
8476892,Colton Parayko,STL,D,301,V2,NZI,N,0.44513,0.38255,0.06258,924,931,7481.0,7254.0,1,0,0
8479442,Troy Stecher,TOR,D,265,V2,NZI,N,0.45381,0.39185,0.06196,565,540,4438.0,4124.0,1,0,0
8474563,Drew Doughty,LAK,D,264,V2,NZI,N,0.59036,0.52855,0.06182,856,791,7348.0,7006.0,1,0,0
8484223,Axel Sandin-Pellikka,DET,D,68,V2,NZI,N,0.41682,0.35624,0.06058,140,127,1058.0,873.0,1,0,0
8474568,Luke Schenn,BUF,D,259,V2,NZI,N,0.38753,0.327,0.06053,586,609,3383.0,4156.0,1,0,0
8483425,Lian Bichsel,DAL,D,88,V2,NZI,N,0.53036,0.4705,0.05985,181,167,1120.0,1407.0,1,0,0
8476869,Brady Skjei,NSH,D,324,V2,NZI,N,0.51146,0.45214,0.05932,964,872,7635.0,6571.0,1,0,0
8480807,Mattias Samuelsson,BUF,D,236,V2,NZI,N,0.45421,0.39574,0.05847,717,732,5722.0,5779.0,1,0,0
8475764,Cam Fowler,STL,D,312,V2,NZI,N,0.42813,0.37028,0.05786,845,809,6484.0,6217.0,1,0,0
8482131,Donovan Sebrango,FLA,D,44,V2,NZI,N,0.45455,0.39718,0.05737,107,105,869.0,1133.0,1,0,0
8474565,Alex Pietrangelo,VGK,D,209,V2,NZI,N,0.49296,0.43816,0.0548,542,578,4830.0,4617.0,1,0,0
8478430,Oliver Kylington,ANA,D,52,V2,NZI,N,0.43373,0.3796,0.05414,100,118,830.0,843.0,1,0,0
8476958,Jaccob Slavin,CAR,D,276,V2,NZI,N,0.62259,0.56884,0.05376,777,732,7162.0,5455.0,1,0,0
8482641,Matt Kiersted,MIN,D,28,V2,NZI,N,0.50896,0.45578,0.05318,45,41,279.0,441.0,0,0,0
8481524,Bowen Byram,BUF,D,279,V2,NZI,N,0.50403,0.45118,0.05285,743,813,6073.0,6330.0,1,0,0
8481719,Maxwell Crozier,TBL,D,53,V2,NZI,N,0.53713,0.48505,0.05208,117,87,983.0,903.0,1,0,0
8482666,Scott Morrow,NYR,D,45,V2,NZI,N,0.52922,0.47755,0.05167,114,88,1215.0,913.0,1,0,0
8478911,Matt Roy,WSH,D,311,V2,NZI,N,0.50544,0.45475,0.05068,834,760,6715.0,6641.0,1,0,0
8482684,Luke Hughes,NJD,D,223,V2,NZI,N,0.51261,0.46247,0.05014,602,607,4758.0,5596.0,1,0,0
8483506,Sam Rinzel,CHI,D,63,V2,NZI,N,0.55789,0.51135,0.04655,141,156,1330.0,1410.0,1,0,0
8479323,Adam Fox,NYR,D,283,V2,NZI,N,0.50972,0.46458,0.04514,827,761,7047.0,5816.0,1,0,0
8481059,Scott Perunovich,NYI,D,89,V2,NZI,N,0.42671,0.3824,0.04431,162,143,1303.0,1250.0,1,0,0
8475227,Chris Wideman,MTL,D,46,V2,NZI,N,0.29448,0.25059,0.04389,92,108,652.0,850.0,1,0,0
8477810,Joel Hanley,CGY,D,189,V2,NZI,N,0.48847,0.44478,0.04369,394,410,2168.0,2327.0,1,0,0
8480192,Johnathan Kovacevic,NJD,D,254,V2,NZI,N,0.49823,0.45726,0.04096,591,604,4231.0,4914.0,1,0,0
8482858,Ryker Evans,SEA,D,175,V2,NZI,N,0.43343,0.39314,0.0403,374,408,3613.0,4197.0,1,0,0
8475906,John Klingberg,SJS,D,147,V2,NZI,N,0.34255,0.30271,0.03984,318,380,2966.0,2917.0,1,0,0
8481598,Philip Broberg,STL,D,206,V2,NZI,N,0.47896,0.43914,0.03982,482,479,3683.0,3393.0,1,0,0
8475181,Nick Leddy,SJS,D,223,V2,NZI,N,0.40234,0.36367,0.03867,653,643,5550.0,5175.0,1,0,0
8483678,Elias Pettersson,VAN,D,97,V2,NZI,N,0.44869,0.41073,0.03796,175,199,1335.0,1025.0,1,0,0
8476792,Torey Krug,STL,D,140,V2,NZI,N,0.43244,0.39488,0.03756,314,326,2398.0,2345.0,1,0,0
8473446,Erik Johnson,COL,D,166,V2,NZI,N,0.45447,0.41718,0.03728,319,342,2262.0,2107.0,1,0,0
8471303,Alexander Edler,LAK,D,64,V2,NZI,N,0.54936,0.51299,0.03637,106,111,1023.0,1039.0,1,0,0
8480839,Rasmus Dahlin,BUF,D,309,V2,NZI,N,0.47175,0.43667,0.03507,960,1103,7061.0,8464.0,1,0,0
8479985,Cale Fleury,SEA,D,49,V2,NZI,N,0.5365,0.50322,0.03328,94,97,822.0,622.0,1,0,0
8477034,Jaycob Megna,VGK,D,110,V2,NZI,N,0.43423,0.4011,0.03312,282,265,1794.0,1997.0,1,0,0
8480884,Calen Addison,SJS,D,134,V2,NZI,N,0.50699,0.47508,0.03191,243,229,2004.0,1625.0,1,0,0
8479338,Markus Niemelainen,EDM,D,23,V2,NZI,N,0.36977,0.34,0.02977,43,31,311.0,250.0,0,0,0
8480434,Sean Durzi,UTA,D,238,V2,NZI,N,0.53104,0.50369,0.02735,603,604,5316.0,4874.0,1,0,0
8479324,Ryan Lindgren,SEA,D,286,V2,NZI,N,0.45821,0.43323,0.02497,707,676,4941.0,4965.0,1,0,0
8475753,Justin Faulk,DET,D,298,V2,NZI,N,0.45584,0.43199,0.02385,759,747,5684.0,5977.0,1,0,0
8480184,Gustav Lindstrom,ANA,D,82,V2,NZI,N,0.38171,0.35872,0.02299,161,201,1137.0,1589.0,1,0,0
8482861,Vincent Iorio,NYR,D,36,V2,NZI,N,0.32,0.29724,0.02276,72,74,550.0,434.0,1,0,0
8481708,Zac Jones,NYR,D,93,V2,NZI,N,0.4361,0.41347,0.02264,190,177,1745.0,1901.0,1,0,0
8479026,Philippe Myers,TOR,D,91,V2,NZI,N,0.32521,0.30442,0.02079,173,161,1190.0,1176.0,1,0,0
8476525,Colin Miller,WPG,D,202,V2,NZI,N,0.44542,0.43009,0.01533,470,410,3060.0,2818.0,1,0,0
8471274,Alex Goligoski,MIN,D,82,V2,NZI,N,0.37477,0.3604,0.01437,155,180,1094.0,1207.0,1,0,0
8476457,Adam Larsson,SEA,D,326,V2,NZI,N,0.42794,0.41371,0.01423,837,999,7959.0,8124.0,1,0,0
8482100,Alexander Nikishin,CAR,D,81,V2,NZI,N,0.51369,0.50135,0.01234,202,212,1534.0,1480.0,1,0,0
8481607,Albert Johansson,DET,D,143,V2,NZI,N,0.42783,0.4196,0.00823,282,288,1926.0,2102.0,1,0,0
8481600,Tobias Bjornfot,FLA,D,47,V2,NZI,N,0.44648,0.43935,0.00713,110,98,766.0,676.0,1,0,0
8481572,Ville Heinola,WPG,D,32,V2,NZI,N,0.45706,0.45043,0.00663,47,54,361.0,575.0,0,0,0
8481161,Jake Christiansen,CBJ,D,144,V2,NZI,N,0.39381,0.3896,0.00421,231,236,2034.0,2038.0,1,0,0
8479945,Gavin Bayreuther,CBJ,D,51,V2,NZI,N,0.30171,0.30531,-0.0036,102,90,643.0,1035.0,1,0,0
8475208,Brian Dumoulin,LAK,D,323,V2,NZI,N,0.42113,0.42494,-0.0038,813,814,5877.0,6641.0,1,0,0
8478407,Vince Dunn,SEA,D,282,V2,NZI,N,0.4135,0.42124,-0.00774,735,883,7069.0,7129.0,1,0,0
8481605,Jackson LaCombe,ANA,D,229,V2,NZI,N,0.47662,0.49098,-0.01436,578,617,4255.0,4544.0,1,0,0
8482165,Yan Kuznetsov,CGY,D,58,V2,NZI,N,0.42494,0.44061,-0.01567,163,190,866.0,1566.0,1,0,0
8481030,Jack St. Ivany,PIT,D,53,V2,NZI,N,0.44637,0.46422,-0.01785,111,94,578.0,545.0,1,0,0
8484768,Zayne Parekh,CGY,D,37,V2,NZI,N,0.36842,0.3877,-0.01928,68,47,380.0,374.0,0,0,0
8483620,Marcus Bjork,CBJ,D,33,V2,NZI,N,0.22468,0.24548,-0.02079,90,64,632.0,387.0,1,0,0
8482516,Matthew Kessel,STL,D,99,V2,NZI,N,0.37727,0.40476,-0.02749,192,197,1267.0,1428.0,1,0,0
8474628,Michael Stone,CGY,D,48,V2,NZI,N,0.41256,0.44207,-0.02952,65,80,446.0,328.0,1,0,0
8482733,Logan Mailloux,STL,D,74,V2,NZI,N,0.42428,0.46097,-0.03668,180,149,1433.0,1076.0,1,0,0
8484798,Zeev Buium,VAN,D,75,V2,NZI,N,0.34761,0.39402,-0.04641,154,153,1588.0,1538.0,1,0,0
8483495,Simon Nemec,NJD,D,155,V2,NZI,N,0.44403,0.49679,-0.05276,336,326,3216.0,3112.0,1,0,0
8484150,Hunter Brzustewicz,CGY,D,34,V2,NZI,N,0.43284,0.49153,-0.05869,84,70,670.0,531.0,1,0,0
8477462,Robert Hagg,VGK,D,45,V2,NZI,N,0.43607,0.50104,-0.06497,92,91,438.0,479.0,1,0,0
8481541,Samuel Bolduc,NYI,D,52,V2,NZI,N,0.37821,0.44584,-0.06764,106,108,780.0,1034.0,1,0,0
8483398,Declan Carlile,TBL,D,46,V2,NZI,N,0.3887,0.4639,-0.0752,99,88,584.0,651.0,1,0,0
8480831,Alec Regula,EDM,D,33,V2,NZI,N,0.44231,0.52019,-0.07788,75,66,364.0,644.0,1,0,0
8482067,Connor Mackey,NYR,D,36,V2,NZI,N,0.39431,0.48099,-0.08668,61,82,246.0,605.0,1,0,0
8482178,Ian Moore,ANA,D,69,V2,NZI,N,0.41542,0.50613,-0.09071,146,110,999.0,816.0,1,0,1
8478502,Dennis Gilbert,OTT,D,94,V2,NZI,N,0.32828,0.44604,-0.11777,131,144,725.0,695.0,1,0,0
8476470,Nathan Beaulieu,ANA,D,52,V2,NZI,N,0.14339,0.26809,-0.1247,97,100,802.0,608.0,1,0,0
8475625,Matt Irwin,WSH,D,61,V2,NZI,N,0.32034,0.48728,-0.16694,107,77,590.0,511.0,1,0,0
8481077,John Leonard,DET,L,23,V2,NZI,N,0.725,0.08021,0.64479,32,24,200.0,187.0,0,0,0
8481732,Andre Lee,LAK,L,26,V2,NZI,N,0.70079,0.30151,0.39928,32,37,254.0,199.0,0,0,0
8482132,Brett Berard,NYR,L,48,V2,NZI,N,0.62435,0.24338,0.38097,75,66,764.0,604.0,1,3,4
8483597,Milos Kelemen,UTA,L,24,V2,NZI,N,0.75397,0.40922,0.34475,25,39,126.0,347.0,0,2,5
8482241,Radim Zohorna,PIT,L,43,V2,NZI,N,0.64189,0.31749,0.3244,39,56,296.0,526.0,0,23,23
8476455,Gabriel Landeskog,COL,L,60,V2,NZI,N,0.67105,0.34886,0.32219,127,128,836.0,1095.0,1,85,65
8478028,Fredrik Olofsson,COL,L,85,V2,NZI,N,0.61204,0.31149,0.30055,113,124,714.0,870.0,1,129,182
8479533,Joona Koppanen,PIT,L,33,V2,NZI,N,0.6781,0.38754,0.29056,46,50,379.0,289.0,0,50,53
8479661,Tanner Jeannot,BOS,L,275,V2,NZI,N,0.5857,0.31616,0.26953,544,454,4516.0,3669.0,1,45,70
8480468,James Hamblin,EDM,L,41,V2,NZI,N,0.53438,0.27807,0.2563,47,41,320.0,187.0,0,105,92
8482222,Alexander Barabanov,SJS,L,114,V2,NZI,N,0.5476,0.29694,0.25066,255,277,2080.0,1896.0,1,3,5
8479383,Boris Katchouk,TBL,L,120,V2,NZI,N,0.6242,0.38035,0.24384,146,190,1091.0,1354.0,1,18,36
8483455,Isaac Howard,EDM,L,29,V2,NZI,N,0.37374,0.15031,0.22342,34,35,396.0,479.0,0,0,0
8480220,Noah Cates,PHI,L,301,V2,NZI,N,0.61737,0.39626,0.22111,653,713,2867.0,4010.0,1,1228,1528
8477930,Pierre-Edouard Bellemare,SEA,L,113,V2,NZI,N,0.57585,0.35677,0.21908,164,124,1325.0,768.0,1,381,325
8477353,Tyler Motte,DET,L,186,V2,NZI,N,0.5565,0.34125,0.21525,312,300,2009.0,1685.0,1,139,169
8476858,Phillip Di Giuseppe,VAN,L,101,V2,NZI,N,0.37335,0.15934,0.21402,182,161,1291.0,1023.0,1,5,15
8475169,Evander Kane,VAN,L,189,V2,NZI,N,0.59842,0.38585,0.21256,425,399,4039.0,3916.0,1,52,71
8481789,Tye Kartye,NYR,L,204,V2,NZI,N,0.55263,0.3423,0.21033,304,340,2204.0,2267.0,1,47,60
8478147,Bokondji Imama,PIT,L,29,V2,NZI,N,0.47368,0.26842,0.20526,32,24,133.0,190.0,0,0,0
8481641,Joel Kiviranta,COL,L,255,V2,NZI,N,0.62175,0.41719,0.20456,446,438,2464.0,3188.0,1,26,22
8480748,Kiefer Sherwood,SJS,L,249,V2,NZI,N,0.5662,0.36377,0.20243,514,518,3958.0,4195.0,1,47,55
8473419,Brad Marchand,FLA,L,278,V2,NZI,N,0.53503,0.33302,0.20201,522,486,4282.0,3231.0,1,27,55
8481043,Cole Koepke,WPG,L,164,V2,NZI,N,0.49671,0.29843,0.19828,255,284,1520.0,2101.0,1,0,4
8484185,Nick Lardis,CHI,L,41,V2,NZI,N,0.54174,0.34508,0.19665,83,65,587.0,539.0,1,1,1
8479293,Brandon Tanev,UTA,L,282,V2,NZI,N,0.53273,0.33866,0.19406,476,501,3300.0,3127.0,1,19,58
8474884,Mike Hoffman,SJS,L,133,V2,NZI,N,0.48805,0.29429,0.19376,224,263,1590.0,2066.0,1,24,30
8477478,William Carrier,CAR,L,208,V2,NZI,N,0.59718,0.41067,0.18651,535,505,3267.0,3336.0,1,20,31
8478211,Dryden Hunt,CGY,L,73,V2,NZI,N,0.52911,0.34364,0.18546,85,94,773.0,582.0,1,5,5
8470610,Zach Parise,COL,L,112,V2,NZI,N,0.52542,0.34586,0.17956,229,194,1180.0,1463.0,1,17,34
8479359,Beck Malenstyn,BUF,L,247,V2,NZI,N,0.56418,0.38469,0.17949,437,423,2563.0,2914.0,1,33,33
8480762,Eric Robinson,CAR,L,268,V2,NZI,N,0.60092,0.42451,0.17641,517,486,3904.0,3517.0,1,10,42
8481535,Nils Hoglander,VAN,L,214,V2,NZI,N,0.5392,0.36399,0.1752,317,352,2092.0,2555.0,1,1,2
8484145,Zach Benson,BUF,L,211,V2,NZI,N,0.6028,0.42877,0.17403,359,427,2782.0,3601.0,1,13,24
8478067,Oskar Lindblom,SJS,L,74,V2,NZI,N,0.51701,0.34391,0.1731,83,93,588.0,599.0,1,8,10
8479314,Matthew Tkachuk,FLA,L,242,V2,NZI,N,0.61369,0.44179,0.1719,509,613,4543.0,4604.0,1,12,18
8480797,Joel Farabee,CGY,L,326,V2,NZI,N,0.53591,0.36803,0.16788,637,614,5040.0,4448.0,1,64,104
8473994,Jamie Benn,DAL,L,304,V2,NZI,N,0.5013,0.33455,0.16675,601,536,3854.0,3282.0,1,881,591
8476915,Jujhar Khaira,MIN,L,52,V2,NZI,N,0.49815,0.33151,0.16664,94,106,809.0,730.0,1,125,124
8482172,Landon Slaggert,CHI,L,102,V2,NZI,N,0.43623,0.26978,0.16645,153,185,933.0,1605.0,1,1,4
8475766,Austin Watson,DET,L,121,V2,NZI,N,0.51508,0.34916,0.16592,172,140,829.0,716.0,1,6,10
8481716,Dmitri Voronkov,CBJ,L,211,V2,NZI,N,0.49597,0.33065,0.16531,404,471,3470.0,3853.0,1,265,377
8478474,Lawson Crouse,UTA,L,319,V2,NZI,N,0.57082,0.40765,0.16317,696,775,5366.0,5127.0,1,78,138
8482408,Jeff Malott,LAK,L,70,V2,NZI,N,0.57932,0.41722,0.1621,104,101,561.0,906.0,1,4,10
8482055,Drew O'Connor,VAN,L,290,V2,NZI,N,0.51989,0.35867,0.16121,513,532,4199.0,4341.0,1,108,142
8481582,Nicholas Robertson,TOR,L,218,V2,NZI,N,0.48994,0.32889,0.16105,355,336,2833.0,2852.0,1,19,24
8482742,Zachary L'Heureux,NSH,L,86,V2,NZI,N,0.47766,0.31854,0.15912,156,170,1231.0,1262.0,1,3,7
8482117,Lukas Reichel,BOS,L,187,V2,NZI,N,0.44702,0.28863,0.15839,267,335,2067.0,2886.0,1,246,364
8477494,Jonathan Drouin,STL,L,244,V2,NZI,N,0.5346,0.37745,0.15715,458,568,3584.0,4435.0,1,272,310
8478109,Victor Olofsson,CGY,L,260,V2,NZI,N,0.57534,0.41933,0.15601,404,439,3212.0,3725.0,1,4,19
8480801,Brady Tkachuk,OTT,L,295,V2,NZI,N,0.55039,0.39577,0.15462,746,799,5378.0,5109.0,1,463,470
8479400,Pierre-Luc Dubois,WSH,L,266,V2,NZI,N,0.59147,0.43762,0.15385,495,547,3821.0,4232.0,1,1434,1515
8481592,Jakob Pelletier,TBL,L,91,V2,NZI,N,0.60446,0.45075,0.15371,150,152,1120.0,934.0,1,14,28
8475193,Tomas Tatar,NJD,L,226,V2,NZI,N,0.52788,0.37565,0.15223,413,491,2762.0,3072.0,1,23,38
8474709,Matt Martin,NYI,L,170,V2,NZI,N,0.50824,0.35914,0.1491,261,273,1759.0,2105.0,1,23,34
8476871,Tanner Pearson,BUF,L,203,V2,NZI,N,0.49229,0.34478,0.14751,365,381,2399.0,2825.0,1,13,52
8478047,Michael Bunting,DAL,L,313,V2,NZI,N,0.56242,0.41789,0.14453,601,564,4710.0,4695.0,1,18,34
8475149,Marcus Johansson,MIN,L,305,V2,NZI,N,0.5143,0.37067,0.14362,577,659,4896.0,5838.0,1,31,54
8481550,Adam Beckman,MIN,L,20,V2,NZI,N,0.63057,0.48703,0.14354,17,32,157.0,347.0,0,0,1
8482720,Matthew Knies,TOR,L,240,V2,NZI,N,0.48123,0.33851,0.14272,523,451,3969.0,3737.0,1,0,6
8475235,Nicolas Deslauriers,CAR,L,202,V2,NZI,N,0.53481,0.393,0.14181,257,246,2399.0,1799.0,1,10,14
8483491,Ivan Miroshnichenko,WSH,L,52,V2,NZI,N,0.55024,0.40988,0.14036,75,75,627.0,810.0,1,0,2
8483513,Reid Schaefer,NSH,L,46,V2,NZI,N,0.54049,0.40093,0.13955,74,74,494.0,429.0,1,1,7
8478463,Anthony Beauvillier,WSH,L,305,V2,NZI,N,0.55307,0.4145,0.13857,540,548,4343.0,4386.0,1,75,75
8478233,Andrew Mangiapane,CHI,L,300,V2,NZI,N,0.55015,0.41164,0.13851,601,602,4626.0,4691.0,1,13,25
8481557,Matt Boldy,MIN,L,314,V2,NZI,N,0.58064,0.44309,0.13754,694,711,6703.0,7635.0,1,145,150
8475287,Erik Haula,NSH,L,306,V2,NZI,N,0.51358,0.37631,0.13727,643,551,4344.0,3901.0,1,1582,1377
8476442,Matt Nieto,PIT,L,135,V2,NZI,N,0.49656,0.36009,0.13647,218,209,1599.0,1333.0,1,9,9
8477527,Ross Johnston,ANA,L,189,V2,NZI,N,0.41185,0.27844,0.13342,270,213,1957.0,1433.0,1,8,11
8474679,Gustav Nyquist,WPG,L,262,V2,NZI,N,0.49254,0.35995,0.13259,536,430,3685.0,4095.0,1,36,60
8478413,Jordan Greenway,BUF,L,203,V2,NZI,N,0.55389,0.42247,0.13142,368,448,2468.0,3373.0,1,19,69
8475220,Marcus Foligno,MIN,L,253,V2,NZI,N,0.53364,0.40225,0.13139,485,525,4102.0,4174.0,1,26,30
8474034,Patrick Maroon,CHI,L,199,V2,NZI,N,0.50479,0.37569,0.1291,318,342,2607.0,2699.0,1,47,66
8479619,Michael Carcone,UTA,L,214,V2,NZI,N,0.61558,0.48685,0.12873,378,365,3132.0,2623.0,1,23,28
8484314,Jiri Smejkal,OTT,L,20,V2,NZI,N,0.29,0.16185,0.12815,13,23,100.0,173.0,0,9,15
8471214,Alex Ovechkin,WSH,L,299,V2,NZI,N,0.49809,0.37236,0.12573,564,635,4451.0,5073.0,1,5,9
8483808,Andrei Kuzmenko,LAK,L,271,V2,NZI,N,0.55514,0.43071,0.12443,428,511,3509.0,4272.0,1,2,0
8482747,Brennan Othmann,CGY,L,44,V2,NZI,N,0.47985,0.35714,0.1227,69,58,521.0,336.0,1,0,6
8476887,Filip Forsberg,NSH,L,295,V2,NZI,N,0.53142,0.40925,0.12217,729,654,5474.0,5515.0,1,24,39
8475722,Jason Zucker,BUF,L,282,V2,NZI,N,0.49614,0.374,0.12214,464,532,3501.0,4885.0,1,46,72
8480188,Fabian Zetterlund,OTT,L,316,V2,NZI,N,0.46335,0.34159,0.12176,683,645,5389.0,4886.0,1,48,68
8480027,Jason Robertson,DAL,L,328,V2,NZI,N,0.50772,0.38664,0.12108,749,730,5897.0,6122.0,1,6,13
8481133,Cole Reinhardt,FLA,L,76,V2,NZI,N,0.37918,0.25856,0.12062,114,115,1047.0,847.0,1,8,4
8480448,Parker Kelly,COL,L,296,V2,NZI,N,0.5677,0.44729,0.12041,507,471,2644.0,3007.0,1,322,442
8477476,Artturi Lehkonen,COL,L,247,V2,NZI,N,0.57043,0.45273,0.11771,555,692,3734.0,5299.0,1,9,25
8482078,Lucas Raymond,DET,L,318,V2,NZI,N,0.53798,0.42034,0.11765,733,695,4989.0,5429.0,1,8,15
8477456,J.T. Compher,DET,L,317,V2,NZI,N,0.50701,0.38958,0.11744,598,649,3564.0,4682.0,1,1720,1813
8474102,David Perron,DET,L,266,V2,NZI,N,0.5,0.38414,0.11586,541,512,3398.0,3215.0,1,25,37
8479542,Brandon Hagel,TBL,L,316,V2,NZI,N,0.59637,0.48076,0.1156,742,684,6055.0,6394.0,1,64,116
8480113,Alex Iafallo,WPG,L,302,V2,NZI,N,0.56956,0.45556,0.114,532,548,3896.0,4287.0,1,34,52
8482062,Cole Smith,VGK,L,283,V2,NZI,N,0.48976,0.37805,0.11171,617,578,3759.0,3981.0,1,17,30
8475184,Chris Kreider,ANA,L,303,V2,NZI,N,0.54381,0.4324,0.11141,699,652,5033.0,5333.0,1,94,143
8476921,Jordan Martinook,CAR,L,320,V2,NZI,N,0.67699,0.56561,0.11138,922,748,7068.0,5380.0,1,127,130
8483515,Juraj Slafkovský,MTL,L,282,V2,NZI,N,0.50793,0.39763,0.1103,585,538,5422.0,5412.0,1,30,45
8478498,Jake DeBrusk,VAN,L,306,V2,NZI,N,0.49431,0.38403,0.11027,562,569,4127.0,3695.0,1,26,42
8482157,Will Cuylle,NYR,L,249,V2,NZI,N,0.48622,0.37737,0.10885,494,440,3809.0,3270.0,1,34,52
8477426,Nick Paul,TBL,L,289,V2,NZI,N,0.51985,0.41109,0.10876,642,547,4886.0,3824.0,1,1297,1182
8478975,Mason Marchment,CBJ,L,279,V2,NZI,N,0.54008,0.43219,0.10789,626,489,5564.0,4181.0,1,31,41
8479066,Ryan Lomberg,CGY,L,294,V2,NZI,N,0.47972,0.37276,0.10696,404,430,2416.0,3788.0,1,28,44
8477839,Conor Sheary,NYR,L,206,V2,NZI,N,0.53092,0.42471,0.10621,415,354,3315.0,2477.0,1,27,30
8475784,Jeff Skinner,SJS,L,257,V2,NZI,N,0.5106,0.40576,0.10484,488,502,4246.0,4478.0,1,161,198
8479705,Jeffrey Viel,ANA,L,53,V2,NZI,N,0.59015,0.48608,0.10406,117,91,893.0,934.0,1,2,3
8477998,Warren Foegele,OTT,L,299,V2,NZI,N,0.54481,0.44168,0.10313,634,609,4943.0,5230.0,1,44,51
8478046,Danton Heinen,CBJ,L,264,V2,NZI,N,0.50258,0.39987,0.10271,426,438,3295.0,3191.0,1,34,51
8475791,Taylor Hall,CAR,L,228,V2,NZI,N,0.58435,0.48175,0.1026,408,460,3438.0,3753.0,1,53,67
8473422,Nick Foligno,MIN,L,266,V2,NZI,N,0.47505,0.3738,0.10125,499,537,3547.0,4259.0,1,543,546
8483445,Cutter Gauthier,ANA,L,158,V2,NZI,N,0.52627,0.42522,0.10105,288,308,2550.0,2474.0,1,64,87
8475786,Zach Hyman,EDM,L,289,V2,NZI,N,0.56826,0.46804,0.10022,586,642,6182.0,5711.0,1,9,17
8482109,Alexis Lafrenière,NYR,L,327,V2,NZI,N,0.53016,0.43071,0.09945,646,637,6234.0,6083.0,1,59,143
8473986,Alex Killorn,ANA,L,308,V2,NZI,N,0.51878,0.42064,0.09814,555,658,4499.0,5349.0,1,46,86
8477402,Pavel Buchnevich,STL,L,299,V2,NZI,N,0.51149,0.41343,0.09806,579,647,5003.0,5585.0,1,286,514
8474157,Max Pacioretty,TOR,L,89,V2,NZI,N,0.41935,0.32184,0.09752,175,153,1333.0,1131.0,1,10,15
8476878,Zemgus Girgensons,TBL,L,299,V2,NZI,N,0.52482,0.42785,0.09697,615,601,4411.0,3964.0,1,266,314
8477425,Miles Wood,CBJ,L,241,V2,NZI,N,0.53155,0.43483,0.09671,433,398,3059.0,2555.0,1,19,47
8479407,Jesper Bratt,NJD,L,327,V2,NZI,N,0.57192,0.47524,0.09668,705,766,5520.0,5938.0,1,9,17
8477955,Jared McCann,SEA,L,293,V2,NZI,N,0.50503,0.40957,0.09546,478,579,3578.0,4097.0,1,232,257
8477479,Tyler Bertuzzi,CHI,L,291,V2,NZI,N,0.52232,0.43069,0.09164,554,624,5353.0,5670.0,1,66,89
8476882,Teuvo Teravainen,CHI,L,301,V2,NZI,N,0.55399,0.46307,0.09092,572,610,4538.0,4332.0,1,134,159
8477947,Sonny Milano,WSH,L,147,V2,NZI,N,0.48765,0.39873,0.08893,215,222,1782.0,1412.0,1,8,4
8478042,Viktor Arvidsson,BOS,L,231,V2,NZI,N,0.59287,0.50421,0.08866,470,455,3731.0,3445.0,1,42,70
8480844,Grigori Denisenko,VGK,L,25,V2,NZI,N,0.5487,0.46234,0.08636,42,44,308.0,385.0,0,0,1
8482089,Jake Neighbours,STL,L,270,V2,NZI,N,0.49722,0.41195,0.08527,483,501,3236.0,3748.0,1,22,46
8481604,Pavel Dorofeyev,VGK,L,230,V2,NZI,N,0.49024,0.40534,0.0849,397,393,3945.0,2921.0,1,5,15
8482077,Dylan Holloway,STL,L,224,V2,NZI,N,0.45717,0.37476,0.08241,427,370,3187.0,3130.0,1,113,144
8477407,Anthony Duclair,NYI,L,199,V2,NZI,N,0.41966,0.33794,0.08173,422,409,3336.0,3403.0,1,21,32
8482116,Tim Stützle,OTT,L,315,V2,NZI,N,0.51178,0.43085,0.08093,649,647,5901.0,4707.0,1,847,942
8477404,Jake Guentzel,TBL,L,306,V2,NZI,N,0.54337,0.46401,0.07936,794,744,5834.0,6349.0,1,254,283
8476292,Ondrej Palat,NYI,L,277,V2,NZI,N,0.50989,0.43312,0.07677,553,562,4297.0,4740.0,1,13,43
8482476,Emil Heineman,NYI,L,148,V2,NZI,N,0.45134,0.37645,0.07489,279,275,2271.0,2497.0,1,4,16
8478550,Artemi Panarin,LAK,L,321,V2,NZI,N,0.53067,0.45716,0.0735,689,606,6799.0,6735.0,1,6,16
8475314,Anders Lee,NYI,L,327,V2,NZI,N,0.4484,0.37834,0.07006,673,623,5930.0,5096.0,1,88,89
8480031,Maxime Comtois,CAR,L,65,V2,NZI,N,0.3025,0.23249,0.07001,113,99,1038.0,714.0,1,23,15
8482667,William Eklund,SJS,L,242,V2,NZI,N,0.47176,0.40186,0.0699,462,540,4231.0,4631.0,1,81,177
8477940,Nikolaj Ehlers,CAR,L,278,V2,NZI,N,0.55099,0.48154,0.06945,470,551,4795.0,4631.0,1,12,34
8477482,Zachary Sanford,CHI,L,45,V2,NZI,N,0.42378,0.36574,0.05804,53,74,328.0,648.0,1,43,88
8481711,Matias Maccelli,TOR,L,272,V2,NZI,N,0.5259,0.46806,0.05784,555,562,5115.0,4352.0,1,13,18
8477931,Tomas Nosek,FLA,L,182,V2,NZI,N,0.46344,0.40726,0.05617,338,290,2147.0,1790.0,1,684,555
8482451,Mikael Pyyhtia,CBJ,L,71,V2,NZI,N,0.47481,0.41886,0.05595,88,108,655.0,912.0,1,3,4
8473473,Milan Lucic,BOS,L,81,V2,NZI,N,0.5521,0.49754,0.05457,104,144,547.0,812.0,1,17,21
8476934,Brock McGinn,ANA,L,125,V2,NZI,N,0.49961,0.44574,0.05387,194,191,1275.0,1373.0,1,5,14
8483499,Liam Ohgren,VAN,L,96,V2,NZI,N,0.40056,0.349,0.05156,150,170,1423.0,1149.0,1,9,13
8477941,Nick Ritchie,CGY,L,74,V2,NZI,N,0.45309,0.40557,0.04751,121,129,810.0,646.0,1,2,7
8478398,Kyle Connor,WPG,L,310,V2,NZI,N,0.44017,0.39395,0.04622,565,642,5766.0,6412.0,1,4,11
8478431,Evgeny Svechnikov,SJS,L,59,V2,NZI,N,0.53417,0.48806,0.04611,96,84,556.0,377.0,1,5,4
8484994,Igor Chernyshov,SJS,L,27,V2,NZI,N,0.55046,0.50659,0.04387,56,62,436.0,531.0,1,0,0
8479423,Alex Nylander,TOR,L,42,V2,NZI,N,0.46143,0.4186,0.04283,69,76,713.0,774.0,1,11,8
8477942,Kevin Fiala,LAK,L,288,V2,NZI,N,0.5735,0.53098,0.04252,602,594,5184.0,5552.0,1,38,70
8479543,Michael Pezzetta,TOR,L,158,V2,NZI,N,0.37398,0.33387,0.04011,182,200,1599.0,1240.0,1,15,25
8476438,Brandon Saad,VGK,L,274,V2,NZI,N,0.47685,0.43698,0.03988,514,538,4882.0,4538.0,1,29,47
8478115,Pierre Engvall,NYI,L,212,V2,NZI,N,0.49098,0.45803,0.03295,416,360,3493.0,3157.0,1,52,75
8476410,Josh Leivo,STL,L,51,V2,NZI,N,0.4454,0.41583,0.02957,80,88,467.0,695.0,1,3,4
8477454,Adam Erne,DAL,L,130,V2,NZI,N,0.38933,0.36011,0.02921,209,207,1143.0,1394.0,1,16,25
8477444,Andre Burakovsky,CHI,L,252,V2,NZI,N,0.439,0.41113,0.02787,412,507,3713.0,4422.0,1,6,15
8484388,Daniil But,UTA,L,29,V2,NZI,N,0.48679,0.46057,0.02622,47,36,265.0,317.0,0,6,13
8481093,Rafael Harvey-Pinard,PIT,L,81,V2,NZI,N,0.43947,0.41532,0.02415,132,149,1272.0,1423.0,1,8,25
8476918,Jimmy Vesey,COL,L,204,V2,NZI,N,0.42793,0.40441,0.02352,400,375,2685.0,2945.0,1,14,36
8476346,Johnny Gaudreau,CBJ,L,161,V2,NZI,N,0.46025,0.44304,0.01721,364,373,3333.0,3792.0,1,0,0
8481725,Elmer Soderblom,PIT,L,106,V2,NZI,N,0.50459,0.48994,0.01466,145,179,1306.0,1143.0,1,7,18
8478421,A.J. Greer,FLA,L,279,V2,NZI,N,0.47599,0.46506,0.01094,422,459,2666.0,2776.0,1,27,52
8477573,Nathan Walker,STL,L,219,V2,NZI,N,0.415,0.40528,0.00972,442,372,3000.0,2687.0,1,228,198
8478864,Kirill Kaprizov,MIN,L,261,V2,NZI,N,0.50786,0.50611,0.00175,641,679,6872.0,7283.0,1,0,2
8479356,Kieffer Bellows,NSH,L,47,V2,NZI,N,0.52588,0.52442,0.00146,62,63,483.0,471.0,1,4,16
8474037,James van Riemsdyk,DET,L,275,V2,NZI,N,0.42998,0.43167,-0.00169,427,455,3249.0,3132.0,1,22,33
8479368,Max Jones,EDM,L,168,V2,NZI,N,0.34239,0.34881,-0.00641,302,305,2024.0,2219.0,1,14,21
8479339,Patrik Laine,MTL,L,130,V2,NZI,N,0.46252,0.46931,-0.00679,192,251,1961.0,2444.0,1,54,92
8477330,Dominik Kubalik,OTT,L,155,V2,NZI,N,0.37382,0.38596,-0.01213,226,269,1803.0,1951.0,1,24,32
8479981,Jonah Gadjovich,FLA,L,126,V2,NZI,N,0.40644,0.42638,-0.01994,147,170,994.0,1304.0,1,4,5
8481065,Angus Crookshank,NJD,L,29,V2,NZI,N,0.56728,0.59048,-0.02319,36,25,379.0,105.0,0,2,4
8479536,Axel Jonsson-Fjallby,WPG,L,76,V2,NZI,N,0.3508,0.38193,-0.03113,111,98,687.0,830.0,1,1,4
8483630,Pavol Regenda,SJS,L,42,V2,NZI,N,0.47558,0.5107,-0.03511,67,73,471.0,374.0,1,8,8
8481518,Nolan Foote,FLA,L,29,V2,NZI,N,0.22222,0.28175,-0.05952,28,34,333.0,252.0,0,1,5
8477944,Jakub Vrana,NSH,L,85,V2,NZI,N,0.34567,0.41732,-0.07165,116,133,946.0,1028.0,1,6,27
8478104,Sammy Blais,MTL,L,145,V2,NZI,N,0.3552,0.47291,-0.11772,184,245,991.0,1772.0,1,5,14
8477962,Brendan Lemieux,CAR,L,77,V2,NZI,N,0.46483,0.65663,-0.1918,119,91,1123.0,498.0,1,11,18
8484180,Samuel Honzek,CGY,L,23,V2,NZI,N,0.54331,0.81865,-0.27535,39,44,254.0,193.0,0,6,5
8483395,Arshdeep Bains,VAN,L,49,V2,NZI,N,0.32093,0.65312,-0.33219,58,79,430.0,369.0,1,4,14
8483756,Jared Wright,LAK,R,22,V2,NZI,N,0.81132,0.15816,0.65316,45,31,159.0,196.0,0,0,1
8475780,Chris Wagner,COL,R,42,V2,NZI,N,0.73743,0.21788,0.51955,33,63,179.0,358.0,0,59,65
8483487,Rutger McGroarty,PIT,R,32,V2,NZI,N,0.50202,0.15488,0.34715,53,61,247.0,523.0,1,8,10
8479644,Matt Luff,STL,R,24,V2,NZI,N,0.52736,0.2,0.32736,27,30,201.0,235.0,0,0,2
8480441,Trey Fix-Wolansky,CBJ,R,20,V2,NZI,N,0.62581,0.30211,0.32369,25,29,155.0,331.0,0,0,0
8480789,Oliver Wahlstrom,BOS,R,110,V2,NZI,N,0.50433,0.20805,0.29628,149,162,1501.0,1466.0,1,16,19
8484984,Ivan Demidov,MTL,R,84,V2,NZI,N,0.56228,0.27211,0.29017,120,135,843.0,1323.0,1,0,1
8483476,Jonathan Lekkerimäki,VAN,R,37,V2,NZI,N,0.63423,0.3609,0.27333,52,57,298.0,399.0,1,0,1
8484241,Matthew Wood,NSH,R,76,V2,NZI,N,0.4884,0.22324,0.26516,95,117,862.0,654.0,1,74,117
8479367,William Lockwood,FLA,R,39,V2,NZI,N,0.56621,0.30263,0.26358,61,49,219.0,304.0,0,4,4
8479638,Justin Brazeau,PIT,R,159,V2,NZI,N,0.56782,0.30924,0.25858,247,289,1902.0,2532.0,1,5,18
8483733,Nikita Grebenkin,PHI,R,62,V2,NZI,N,0.5209,0.26489,0.25601,104,120,622.0,789.0,1,5,2
8485493,David Tomasek,EDM,R,22,V2,NZI,N,0.47668,0.22366,0.25303,28,37,193.0,465.0,0,28,34
8479379,Givani Smith,COL,R,85,V2,NZI,N,0.58566,0.35524,0.23041,97,87,753.0,715.0,1,2,3
8477979,Nicolas Aube-Kubel,MIN,R,141,V2,NZI,N,0.58122,0.35415,0.22707,245,214,2130.0,1601.0,1,16,26
8481601,Simon Holmstrom,NYI,R,279,V2,NZI,N,0.5329,0.30706,0.22584,548,449,3997.0,3273.0,1,7,23
8480205,Emil Bemstrom,PIT,R,125,V2,NZI,N,0.58739,0.36335,0.22404,197,163,1396.0,1599.0,1,14,20
8482679,Matt Coronato,CGY,R,191,V2,NZI,N,0.58242,0.36064,0.22178,367,395,3003.0,2881.0,1,104,165
8471698,T.J. Oshie,WSH,R,110,V2,NZI,N,0.57828,0.36171,0.21656,215,227,1648.0,1656.0,1,23,32
8480007,Jonas Rondbjerg,VGK,R,50,V2,NZI,N,0.5791,0.36275,0.21636,93,75,670.0,408.0,1,2,6
8474715,Cam Atkinson,TBL,R,109,V2,NZI,N,0.6621,0.44732,0.21478,170,193,1314.0,1585.0,1,8,11
8481058,Jesse Ylonen,MTL,R,96,V2,NZI,N,0.42349,0.20943,0.21406,129,155,843.0,1294.0,1,8,5
8480025,MacKenzie Entwistle,CHI,R,133,V2,NZI,N,0.57066,0.35856,0.2121,193,212,1479.0,1969.0,1,245,303
8481553,Bobby Brink,MIN,R,204,V2,NZI,N,0.5707,0.36022,0.21047,374,405,2532.0,2690.0,1,35,66
8475799,Nino Niederreiter,WPG,R,297,V2,NZI,N,0.54083,0.33066,0.21017,716,622,5364.0,4854.0,1,32,39
8471817,Ryan Reaves,SJS,R,207,V2,NZI,N,0.50075,0.29986,0.20089,275,281,1999.0,2101.0,1,5,14
8482118,Sam Colangelo,ANA,R,44,V2,NZI,N,0.43182,0.23125,0.20057,74,56,484.0,480.0,1,5,11
8477511,Anthony Mantha,PIT,R,235,V2,NZI,N,0.58331,0.38287,0.20044,349,441,3139.0,3479.0,1,23,41
8480015,Owen Tippett,PHI,R,313,V2,NZI,N,0.56448,0.36434,0.20014,660,677,4792.0,4655.0,1,48,54
8479315,Joey Anderson,CHI,R,111,V2,NZI,N,0.55786,0.3581,0.19975,226,191,1400.0,1413.0,1,0,2
8481042,Nikolai Kovalenko,SJS,R,58,V2,NZI,N,0.48764,0.28997,0.19767,93,96,445.0,738.0,1,0,4
8484387,Matvei Michkov,PHI,R,161,V2,NZI,N,0.55683,0.36079,0.19604,283,282,2182.0,2270.0,1,11,18
8478483,Mitch Marner,VGK,R,311,V2,NZI,N,0.52698,0.33195,0.19503,749,643,5801.0,5305.0,1,156,230
8475191,Reilly Smith,VGK,R,302,V2,NZI,N,0.55565,0.36233,0.19332,611,591,4654.0,4598.0,1,26,54
8480292,Carson Meyer,CBJ,R,28,V2,NZI,N,0.50455,0.31417,0.19038,39,27,220.0,487.0,0,0,0
8482659,Josh Doan,BUF,R,144,V2,NZI,N,0.56914,0.38568,0.18346,254,310,1808.0,1955.0,1,34,57
8475765,Vladimir Tarasenko,MIN,R,300,V2,NZI,N,0.49963,0.31619,0.18345,634,696,4093.0,4899.0,1,9,12
8482749,Joshua Roy,MTL,R,38,V2,NZI,N,0.53452,0.35185,0.18267,48,72,449.0,540.0,0,2,4
8479941,Justin Danforth,BUF,R,142,V2,NZI,N,0.53705,0.35599,0.18107,278,240,2294.0,2222.0,1,421,407
8480208,Drake Batherson,OTT,R,325,V2,NZI,N,0.58733,0.40811,0.17922,690,695,4987.0,4685.0,1,60,83
8484958,Maxim Tsyplakov,NJD,R,126,V2,NZI,N,0.56129,0.38706,0.17423,229,191,2015.0,1576.0,1,16,19
8477956,David Pastrnak,BOS,R,323,V2,NZI,N,0.51872,0.34857,0.17015,558,592,5074.0,5098.0,1,18,29
8474573,Josh Bailey,NYI,R,64,V2,NZI,N,0.50769,0.33771,0.16998,109,109,910.0,989.0,1,34,48
8482159,Tyson Foerster,PHI,R,195,V2,NZI,N,0.58328,0.41427,0.16901,458,456,3026.0,3097.0,1,0,2
8484186,Ryan Leonard,WSH,R,84,V2,NZI,N,0.49957,0.33397,0.1656,147,189,1159.0,1563.0,1,5,4
8477451,Ryan Hartman,MIN,R,278,V2,NZI,N,0.54872,0.38323,0.16548,550,602,5296.0,5237.0,1,1170,1395
8483890,Braeden Bowman,VGK,R,54,V2,NZI,N,0.57393,0.40862,0.16531,84,107,514.0,766.0,1,3,9
8482475,Egor Chinakhov,PIT,R,185,V2,NZI,N,0.47702,0.31192,0.1651,340,403,2480.0,3424.0,1,4,18
8484911,Collin Graf,SJS,R,120,V2,NZI,N,0.4432,0.2801,0.16311,203,220,1523.0,1653.0,1,7,19
8478434,Keegan Kolesar,VGK,R,318,V2,NZI,N,0.55723,0.39762,0.15961,757,727,4718.0,4952.0,1,30,52
8481517,Brett Leason,WSH,R,190,V2,NZI,N,0.45176,0.29532,0.15645,298,276,1928.0,2306.0,1,40,72
8479344,Jesse Puljujarvi,FLA,R,128,V2,NZI,N,0.53023,0.37385,0.15638,232,220,1654.0,1407.0,1,1,8
8478432,Christian Fischer,CBJ,R,205,V2,NZI,N,0.46018,0.3044,0.15578,341,396,1921.0,2454.0,1,93,153
8480833,Vitali Kravtsov,VAN,R,44,V2,NZI,N,0.60878,0.45319,0.15559,64,59,524.0,470.0,1,0,3
8477149,Scott Sabourin,TBL,R,30,V2,NZI,N,0.53439,0.37895,0.15544,46,43,189.0,190.0,0,0,4
8477939,William Nylander,TOR,R,311,V2,NZI,N,0.49868,0.34412,0.15456,798,612,6798.0,4914.0,1,151,177
8476474,Stefan Noesen,NJD,R,275,V2,NZI,N,0.58686,0.4337,0.15315,543,462,3972.0,3145.0,1,105,121
8477446,Michael McCarron,MIN,R,255,V2,NZI,N,0.56147,0.40836,0.15311,525,471,3343.0,3372.0,1,1196,1009
8473449,Kyle Okposo,FLA,R,142,V2,NZI,N,0.49929,0.34859,0.1507,267,258,2115.0,1770.0,1,239,248
8481013,Jonatan Berggren,STL,R,204,V2,NZI,N,0.43235,0.28379,0.14856,315,341,2646.0,2752.0,1,8,17
8478444,Brock Boeser,VAN,R,304,V2,NZI,N,0.4817,0.33491,0.14679,606,630,4700.0,4864.0,1,85,142
8479414,Nathan Bastian,DAL,R,192,V2,NZI,N,0.50937,0.3631,0.14627,289,249,2028.0,1523.0,1,28,49
8477015,Connor Brown,NJD,R,232,V2,NZI,N,0.54674,0.40275,0.14399,417,438,3605.0,4005.0,1,26,48
8482874,Jacob Melanson,SEA,R,37,V2,NZI,N,0.59406,0.45023,0.14383,70,56,404.0,442.0,1,1,0
8480893,Kirill Marchenko,CBJ,R,292,V2,NZI,N,0.51301,0.37531,0.1377,666,638,6532.0,6067.0,1,45,76
8477392,Hudson Fasching,NYI,R,137,V2,NZI,N,0.52872,0.39171,0.13701,307,240,1950.0,1519.0,1,5,17
8482713,Mackie Samoskevich,FLA,R,156,V2,NZI,N,0.57041,0.43636,0.13404,299,303,2379.0,2200.0,1,5,9
8481617,Vasily Podkolzin,EDM,R,221,V2,NZI,N,0.55944,0.42913,0.13032,450,412,3314.0,3838.0,1,38,90
8485702,Max Shabanov,NYI,R,44,V2,NZI,N,0.37355,0.24447,0.12908,70,75,605.0,769.0,1,0,2
8475855,Jesper Fast,CAR,R,153,V2,NZI,N,0.66849,0.54145,0.12704,413,334,3101.0,2111.0,1,16,19
8479328,Julien Gauthier,NYI,R,85,V2,NZI,N,0.39599,0.2695,0.12649,132,145,649.0,987.0,1,6,10
8478366,Frank Vatrano,ANA,R,294,V2,NZI,N,0.42378,0.29964,0.12414,527,592,3877.0,4482.0,1,30,40
8476483,Rickard Rakell,PIT,R,293,V2,NZI,N,0.52683,0.40554,0.1213,762,775,5814.0,5817.0,1,88,155
8479390,Taylor Raddysh,NYR,R,299,V2,NZI,N,0.49643,0.37648,0.11994,547,475,4057.0,3538.0,1,24,51
8479977,Kailer Yamamoto,UTA,R,187,V2,NZI,N,0.55592,0.43604,0.11988,330,322,2745.0,2353.0,1,52,97
8484762,Beckett Sennecke,ANA,R,81,V2,NZI,N,0.53988,0.42041,0.11947,186,195,1730.0,1558.0,1,0,0
8475968,Alex Belzile,MTL,R,31,V2,NZI,N,0.52203,0.40456,0.11747,48,50,454.0,351.0,0,91,99
8478439,Travis Konecny,PHI,R,295,V2,NZI,N,0.54725,0.43066,0.11659,661,657,5672.0,5466.0,1,95,131
8477416,Oliver Bjorkstrand,TBL,R,322,V2,NZI,N,0.53588,0.42059,0.11529,578,655,5087.0,5925.0,1,32,67
8475164,Jakob Silfverberg,ANA,R,162,V2,NZI,N,0.43873,0.32583,0.1129,297,275,1632.0,1599.0,1,24,46
8480830,Andrei Svechnikov,CAR,R,274,V2,NZI,N,0.60736,0.49536,0.112,531,567,5081.0,4522.0,1,12,16
8479343,Clayton Keller,UTA,R,322,V2,NZI,N,0.60263,0.4955,0.10713,701,807,5617.0,5889.0,1,57,82
8484210,Gabe Perreault,NYR,R,54,V2,NZI,N,0.40308,0.29654,0.10654,155,119,1558.0,897.0,1,5,6
8482146,Luke Evangelista,NSH,R,252,V2,NZI,N,0.50241,0.39745,0.10496,456,469,3945.0,4237.0,1,1,7
8478472,Mathieu Joseph,LAK,R,238,V2,NZI,N,0.52625,0.42143,0.10482,488,439,3105.0,2959.0,1,55,86
8476453,Nikita Kucherov,TBL,R,317,V2,NZI,N,0.58372,0.47935,0.10437,651,630,6241.0,6972.0,1,0,0
8482809,Jackson Blake,CAR,R,162,V2,NZI,N,0.60411,0.50057,0.10353,307,302,3117.0,2613.0,1,15,24
8478856,Conor Garland,CBJ,R,315,V2,NZI,N,0.53831,0.43546,0.10285,616,618,4594.0,4377.0,1,17,34
8475848,Brendan Gallagher,MTL,R,273,V2,NZI,N,0.49691,0.39514,0.10177,551,526,4051.0,4077.0,1,18,30
8470621,Corey Perry,TBL,R,288,V2,NZI,N,0.47413,0.3724,0.10173,421,395,3343.0,3601.0,1,19,30
8476880,Tom Wilson,WSH,R,260,V2,NZI,N,0.48195,0.38178,0.10017,514,561,4073.0,4995.0,1,18,35
8479337,Alex DeBrincat,DET,R,328,V2,NZI,N,0.53412,0.43504,0.09908,672,666,5744.0,5850.0,1,51,65
8478420,Mikko Rantanen,DAL,R,308,V2,NZI,N,0.54288,0.4446,0.09828,718,899,5189.0,7085.0,1,446,411
8480995,Pontus Holmberg,TBL,R,229,V2,NZI,N,0.53218,0.43434,0.09784,431,415,3076.0,2970.0,1,305,366
8479671,Mathieu Olivier,CBJ,R,263,V2,NZI,N,0.45929,0.36153,0.09776,529,511,4311.0,3806.0,1,17,47
8482125,Alexander Holtz,VGK,R,183,V2,NZI,N,0.47644,0.38001,0.09643,240,247,2292.0,1421.0,1,14,36
8475810,Bryan Rust,PIT,R,286,V2,NZI,N,0.51229,0.41701,0.09528,787,742,4964.0,4868.0,1,11,15
8479520,Brandon Duhaime,WSH,R,295,V2,NZI,N,0.53497,0.44121,0.09376,489,520,3017.0,3810.0,1,32,59
8479322,Wade Allison,PHI,R,60,V2,NZI,N,0.43468,0.34305,0.09163,106,137,819.0,1201.0,1,1,5
8481186,Logan O'Connor,COL,R,231,V2,NZI,N,0.55692,0.4668,0.09012,412,480,2354.0,3404.0,1,16,31
8480281,Alexey Toropchenko,STL,R,295,V2,NZI,N,0.47646,0.39216,0.08431,594,490,3484.0,3723.0,1,7,10
8481554,Kaapo Kakko,SEA,R,286,V2,NZI,N,0.42929,0.35058,0.0787,508,667,3988.0,5043.0,1,59,70
8473504,Cal Clutterbuck,NYI,R,131,V2,NZI,N,0.44348,0.36528,0.07821,249,243,1389.0,1440.0,1,11,22
8482699,Dylan Guenther,UTA,R,227,V2,NZI,N,0.53943,0.4633,0.07612,377,452,2790.0,3093.0,1,38,65
8478099,Kevin Labanc,CBJ,R,152,V2,NZI,N,0.52628,0.45019,0.07609,247,255,1674.0,2068.0,1,11,17
8475726,Tyler Toffoli,SJS,R,319,V2,NZI,N,0.49989,0.42449,0.0754,642,699,4429.0,4900.0,1,47,63
8471218,Blake Wheeler,NYR,R,126,V2,NZI,N,0.46141,0.39112,0.07029,229,193,1788.0,1396.0,1,75,60
8477903,Garnet Hathaway,PHI,R,299,V2,NZI,N,0.44064,0.3706,0.07004,600,495,3706.0,3041.0,1,43,36
8474141,Patrick Kane,DET,R,262,V2,NZI,N,0.46214,0.39297,0.06917,544,551,5111.0,4952.0,1,5,8
8482155,Alex Laferriere,LAK,R,239,V2,NZI,N,0.59563,0.52857,0.06705,475,518,3796.0,4497.0,1,191,264
8482175,JJ Peterka,UTA,R,317,V2,NZI,N,0.48902,0.42346,0.06556,601,659,4734.0,6173.0,1,16,37
8475913,Mark Stone,VGK,R,226,V2,NZI,N,0.5284,0.46348,0.06492,417,498,4084.0,3724.0,1,8,21
8476469,Joel Armia,LAK,R,256,V2,NZI,N,0.50388,0.44064,0.06324,505,429,3991.0,3622.0,1,40,67
8475692,Mats Zuccarello,MIN,R,275,V2,NZI,N,0.51566,0.45274,0.06292,557,634,5779.0,6644.0,1,87,127
8481624,Ilya Mikheyev,CHI,R,281,V2,NZI,N,0.52625,0.46512,0.06113,496,619,3924.0,4601.0,1,10,27
8476981,Josh Anderson,MTL,R,300,V2,NZI,N,0.46389,0.40529,0.0586,651,628,4486.0,4957.0,1,73,55
8473512,Claude Giroux,OTT,R,327,V2,NZI,N,0.5076,0.44914,0.05846,736,663,4937.0,4188.0,1,1371,967
8477501,Valeri Nichushkin,COL,R,221,V2,NZI,N,0.51465,0.45674,0.05791,450,536,3515.0,4092.0,1,4,5
8474586,Jordan Eberle,SEA,R,281,V2,NZI,N,0.43665,0.38025,0.05641,523,625,4349.0,4647.0,1,64,97
8482070,Mitchell Chaffee,TBL,R,107,V2,NZI,N,0.52527,0.47173,0.05353,205,186,1959.0,1539.0,1,9,16
8481703,Valtteri Puustinen,PIT,R,65,V2,NZI,N,0.52971,0.47715,0.05256,107,93,993.0,744.0,1,1,3
8477953,Kasperi Kapanen,EDM,R,246,V2,NZI,N,0.47463,0.42245,0.05218,427,446,3508.0,3946.0,1,71,108
8480009,Eeli Tolvanen,SEA,R,300,V2,NZI,N,0.44729,0.39623,0.05106,541,608,4098.0,4939.0,1,19,38
8476326,Josh Archibald,PIT,R,62,V2,NZI,N,0.67191,0.62679,0.04512,80,72,445.0,418.0,1,0,1
8477949,Alex Tuch,BUF,R,310,V2,NZI,N,0.46316,0.41905,0.04411,678,788,5171.0,6560.0,1,120,157
8483516,Jimmy Snuggerud,STL,R,76,V2,NZI,N,0.40017,0.35882,0.04135,146,137,1157.0,1190.0,1,2,8
8482097,Jack Quinn,BUF,R,258,V2,NZI,N,0.46023,0.41911,0.04113,392,433,3005.0,3517.0,1,14,32
8478414,Timo Meier,NJD,R,304,V2,NZI,N,0.51327,0.47576,0.03751,758,721,5689.0,6188.0,1,86,135
8481540,Cole Caufield,MTL,R,291,V2,NZI,N,0.49808,0.46068,0.0374,697,656,6523.0,5939.0,1,17,27
8477473,Justin Bailey,SJS,R,59,V2,NZI,N,0.48485,0.4476,0.03725,87,95,429.0,458.0,1,6,10
8480822,Martin Kaut,SJS,R,36,V2,NZI,N,0.57789,0.5438,0.03409,41,49,199.0,274.0,0,2,3
8481560,Arthur Kaliyev,OTT,R,123,V2,NZI,N,0.57578,0.54368,0.0321,171,184,1445.0,1637.0,1,0,1
8479420,Tage Thompson,BUF,R,306,V2,NZI,N,0.44636,0.41462,0.03175,692,786,5155.0,6500.0,1,1164,1492
8474149,Evgenii Dadonov,NJD,R,228,V2,NZI,N,0.47025,0.4385,0.03175,426,432,3664.0,3553.0,1,1,10
8484158,Easton Cowan,TOR,R,66,V2,NZI,N,0.42473,0.39337,0.03136,138,89,1375.0,694.0,1,0,2
8484860,Matvei Gridin,CGY,R,36,V2,NZI,N,0.49275,0.47241,0.02034,74,70,483.0,580.0,1,3,14
8481721,Arseny Gritsyuk,NJD,R,66,V2,NZI,N,0.55056,0.53453,0.01603,123,149,1157.0,1332.0,1,3,8
8478466,Daniel Sprong,NJD,R,172,V2,NZI,N,0.44964,0.43414,0.0155,214,216,1797.0,1898.0,1,8,11
8482088,Justin Sourdif,WSH,R,82,V2,NZI,N,0.51434,0.50121,0.01313,139,167,1046.0,1239.0,1,288,346
8482652,Walker Duehr,WPG,R,94,V2,NZI,N,0.45738,0.44643,0.01095,92,133,610.0,784.0,1,2,16
8478873,Troy Terry,ANA,R,283,V2,NZI,N,0.45761,0.4491,0.00852,555,630,4624.0,5756.0,1,22,35
8481655,Cole Schwindt,FLA,R,76,V2,NZI,N,0.43194,0.43526,-0.00331,116,137,720.0,919.0,1,191,211
8478495,Denis Gurianov,PHI,R,84,V2,NZI,N,0.32094,0.32593,-0.00499,166,177,726.0,1350.0,1,0,0
8480821,Filip Zadina,SJS,R,102,V2,NZI,N,0.47898,0.49314,-0.01416,144,183,1213.0,1312.0,1,13,47
8479336,Carl Grundstrom,PHI,R,211,V2,NZI,N,0.49764,0.51314,-0.0155,353,294,2757.0,2017.0,1,14,31
8483525,Danila Yurov,MIN,R,73,V2,NZI,N,0.38217,0.40043,-0.01827,116,163,1099.0,1391.0,1,282,420
8477357,Saku Maenalanen,WPG,R,64,V2,NZI,N,0.28285,0.32967,-0.04682,101,95,548.0,637.0,1,1,2
8483406,Taylor Ward,LAK,R,36,V2,NZI,N,0.35802,0.40789,-0.04987,51,48,243.0,380.0,0,5,6
8471887,Patric Hornqvist,FLA,R,22,V2,NZI,N,0.40719,0.45876,-0.05158,29,24,167.0,194.0,0,0,5
8484177,Lenni Hameenaho,NJD,R,33,V2,NZI,N,0.44444,0.49762,-0.05317,53,62,378.0,420.0,1,0,5
8482758,Ville Koivunen,PIT,R,47,V2,NZI,N,0.31138,0.36589,-0.05451,61,85,334.0,686.0,1,2,0
8483609,Adam Klapka,CGY,R,115,V2,NZI,N,0.32522,0.38582,-0.0606,145,164,781.0,1340.0,1,18,34
8484938,Arttu Hyry,DAL,R,25,V2,NZI,N,0.29798,0.36066,-0.06268,47,23,396.0,183.0,0,104,63
8480825,Patrick Giles,SJS,R,20,V2,NZI,N,0.20455,0.27559,-0.07105,15,35,44.0,254.0,0,40,67
8480245,Olle Lycksell,OTT,R,52,V2,NZI,N,0.40097,0.48537,-0.0844,71,70,616.0,581.0,1,4,5
8482765,Isak Rosen,WPG,R,51,V2,NZI,N,0.31879,0.40426,-0.08547,77,76,527.0,517.0,1,2,7
8475178,Zack Kassian,UTA,R,51,V2,NZI,N,0.20213,0.28906,-0.08693,64,78,282.0,640.0,1,3,5
8482877,Jaroslav Chmelar,NYR,R,28,V2,NZI,N,0.38516,0.56071,-0.17556,46,34,283.0,280.0,0,0,4
8483497,Jani Nyman,SEA,R,39,V2,NZI,N,0.29855,0.49673,-0.19818,38,64,345.0,612.0,0,3,4
8479942,Dominik Shine,DET,R,27,V2,NZI,N,0.26606,0.48016,-0.2141,26,29,109.0,252.0,0,5,6
8476439,Brett Ritchie,UTA,R,50,V2,NZI,N,0.33929,0.55649,-0.2172,64,82,168.0,478.0,1,2,2
8475163,Alex Chiasson,DET,R,20,V2,NZI,N,0.07784,0.44172,-0.36387,23,32,167.0,163.0,0,0,6
8484901,Jacob Quillan,TOR,C,24,V3,NZI,N,0.43929,0.13213,0.30715,32,45,280.0,333.0,0,62,86
8484230,Otto Stenberg,STL,C,32,V3,NZI,N,0.70149,0.41304,0.28845,60,50,402.0,460.0,1,4,7
8479546,Oskar Steen,BOS,C,37,V3,NZI,N,0.68044,0.39854,0.2819,59,72,363.0,547.0,1,0,3
8483471,Brad Lambert,WPG,C,30,V3,NZI,N,0.46939,0.199,0.27038,34,38,343.0,201.0,0,9,19
8478146,Matthew Highmore,OTT,C,50,V3,NZI,N,0.53924,0.26938,0.26986,92,86,688.0,761.0,1,7,15
8482496,Nils Aman,VAN,C,132,V3,NZI,N,0.5771,0.30862,0.26847,158,255,1109.0,1902.0,1,264,393
8482103,Ozzy Wiesblatt,NSH,C,44,V3,NZI,N,0.53821,0.273,0.26521,68,79,602.0,674.0,1,1,4
8479580,Dylan Gambrell,OTT,C,60,V3,NZI,N,0.62014,0.36041,0.25974,94,93,566.0,591.0,1,123,141
8478078,Rourke Chartier,OTT,C,43,V3,NZI,N,0.68766,0.44022,0.24744,78,51,397.0,368.0,1,138,113
8480901,Karson Kuhlman,WPG,C,47,V3,NZI,N,0.61111,0.36929,0.24182,82,64,666.0,482.0,1,0,5
8482623,Josh Dunne,BUF,C,44,V3,NZI,N,0.60167,0.3697,0.23197,66,75,600.0,660.0,1,89,81
8484164,Dalibor Dvorsky,STL,C,72,V3,NZI,N,0.62124,0.39614,0.2251,123,123,998.0,1088.0,1,296,343
8480851,Akil Thomas,LAK,C,32,V3,NZI,N,0.6801,0.45558,0.22452,43,47,397.0,439.0,0,21,28
8476867,Brendan Gaunce,CBJ,C,66,V3,NZI,N,0.60457,0.39212,0.21245,112,79,1095.0,964.0,1,246,200
8481422,Jake Lucchini,NSH,C,54,V3,NZI,N,0.59375,0.39195,0.2018,62,69,576.0,745.0,1,44,56
8478400,Colin White,SJS,C,99,V3,NZI,N,0.5723,0.37116,0.20114,139,172,1141.0,1075.0,1,123,185
8479972,Mason Shaw,MIN,C,79,V3,NZI,N,0.6273,0.43514,0.19216,90,83,762.0,979.0,1,19,12
8480252,Cole Guttman,CHI,C,41,V3,NZI,N,0.52423,0.33663,0.1876,75,57,681.0,505.0,1,139,130
8480870,Bo Groulx,TOR,C,60,V3,NZI,N,0.51745,0.33418,0.18327,88,88,974.0,787.0,1,146,186
8483752,Dominic James,TBL,C,43,V3,NZI,N,0.48883,0.30595,0.18288,59,77,403.0,1059.0,1,127,135
8473563,Nicklas Backstrom,WSH,C,47,V3,NZI,N,0.57856,0.40271,0.17585,124,81,1222.0,591.0,1,274,259
8478051,Max Willman,NJD,C,27,V3,NZI,N,0.49321,0.31737,0.17585,33,31,221.0,167.0,0,2,7
8481019,David Gustafsson,WPG,C,121,V3,NZI,N,0.62536,0.45143,0.17393,149,158,1380.0,1400.0,1,280,251
8477406,Mattias Janmark,EDM,C,260,V3,NZI,N,0.56007,0.38704,0.17303,485,472,5069.0,5493.0,1,148,199
8479550,Tanner Laczynski,VGK,C,51,V3,NZI,N,0.48917,0.32156,0.16761,70,70,554.0,538.0,1,97,104
8477993,Justin Kirkland,CGY,C,50,V3,NZI,N,0.46906,0.30616,0.1629,49,66,501.0,503.0,0,113,117
8480021,Jack Studnicka,FLA,C,89,V3,NZI,N,0.5358,0.37332,0.16247,118,180,866.0,1342.0,1,146,192
8485414,Ben Kindel,PIT,C,77,V3,NZI,N,0.60377,0.44373,0.16005,102,156,1060.0,1857.0,1,232,326
8476392,Adam Lowry,WPG,C,305,V3,NZI,N,0.54586,0.39024,0.15563,800,656,7337.0,5530.0,1,1908,1698
8482201,Gage Goncalves,TBL,C,136,V3,NZI,N,0.54991,0.40044,0.14946,232,256,2144.0,2697.0,1,10,17
8480064,Josh Norris,BUF,C,158,V3,NZI,N,0.60996,0.46112,0.14884,394,352,2992.0,2945.0,1,816,735
8481577,Philip Tomasino,PIT,C,142,V3,NZI,N,0.53141,0.38542,0.14599,218,235,1942.0,2675.0,1,19,31
8480876,Curtis Douglas,VAN,C,42,V3,NZI,N,0.51039,0.36585,0.14454,56,62,433.0,410.0,1,6,7
8477401,John Hayden,SEA,C,32,V3,NZI,N,0.51926,0.37547,0.14379,47,44,597.0,530.0,0,36,37
8475745,Charlie Coyle,CBJ,C,329,V3,NZI,N,0.53838,0.40226,0.13612,687,630,6787.0,5934.0,1,1703,1562
8479366,Logan Brown,STL,C,30,V3,NZI,N,0.416,0.2808,0.1352,27,46,250.0,552.0,0,55,99
8484801,Macklin Celebrini,SJS,C,152,V3,NZI,N,0.56478,0.42971,0.13507,322,378,3782.0,4524.0,1,928,1036
8476960,Andreas Athanasiou,CHI,C,117,V3,NZI,N,0.53656,0.40384,0.13273,216,219,2393.0,1929.0,1,161,189
8484227,Will Smith,SJS,C,143,V3,NZI,N,0.5442,0.41328,0.13091,269,311,2964.0,3644.0,1,65,129
8477493,Aleksander Barkov,FLA,C,208,V3,NZI,N,0.56552,0.43598,0.12953,500,486,4808.0,4202.0,1,1190,978
8478542,Evan Rodrigues,FLA,C,300,V3,NZI,N,0.56476,0.43607,0.12869,584,608,6408.0,6093.0,1,519,542
8479968,Vinni Lettieri,BOS,C,73,V3,NZI,N,0.4712,0.34283,0.12837,98,103,1146.0,1088.0,1,46,48
8471276,David Krejci,BOS,C,70,V3,NZI,N,0.46271,0.33537,0.12734,79,107,657.0,1145.0,1,293,336
8479944,Zachary Aston-Reese,CBJ,C,186,V3,NZI,N,0.53366,0.40763,0.12603,306,292,2867.0,2831.0,1,13,28
8482751,Ryan Winterton,SEA,C,88,V3,NZI,N,0.52751,0.40239,0.12512,135,136,1145.0,1255.0,1,1,6
8480259,Ben Jones,MIN,C,54,V3,NZI,N,0.54582,0.42285,0.12298,71,54,742.0,499.0,1,77,76
8478843,Denis Malgin,COL,C,65,V3,NZI,N,0.59794,0.475,0.12294,93,97,679.0,1000.0,1,4,6
8481596,Shane Pinto,OTT,C,265,V3,NZI,N,0.55551,0.43491,0.1206,607,572,5134.0,5116.0,1,1338,1268
8478057,Dakota Joshua,TOR,C,254,V3,NZI,N,0.51525,0.39578,0.11947,501,551,4000.0,3747.0,1,76,77
8482947,Zakhar Bardakov,COL,C,59,V3,NZI,N,0.68958,0.57014,0.11944,40,71,451.0,663.0,0,72,97
8482460,Matt Rempe,NYR,C,85,V3,NZI,N,0.43168,0.31286,0.11882,99,84,1010.0,863.0,1,8,18
8480980,Connor Dewar,PIT,C,281,V3,NZI,N,0.51491,0.39815,0.11676,414,383,3890.0,3564.0,1,427,507
8471699,Andrew Cogliano,COL,C,154,V3,NZI,N,0.53506,0.41855,0.11651,209,287,1312.0,1682.0,1,36,53
8485402,Michael Misa,SJS,C,44,V3,NZI,N,0.5183,0.40291,0.1154,58,68,683.0,757.0,1,155,176
8477933,Sam Reinhart,FLA,C,307,V3,NZI,N,0.56323,0.44832,0.1149,678,689,6722.0,6966.0,1,429,507
8480011,Klim Kostin,SJS,C,144,V3,NZI,N,0.4835,0.36954,0.11396,221,240,2091.0,1786.0,1,13,22
8484221,Calum Ritchie,NYI,C,72,V3,NZI,N,0.44325,0.32954,0.11372,101,143,934.0,1317.0,1,110,194
8475413,Justin Dowling,NYR,C,56,V3,NZI,N,0.51234,0.4,0.11234,80,91,689.0,700.0,1,157,171
8482634,Alex Steeves,BOS,C,54,V3,NZI,N,0.55849,0.44617,0.11232,88,108,1060.0,1096.0,1,2,4
8483512,Matt Savoie,EDM,C,86,V3,NZI,N,0.5794,0.46875,0.11065,155,150,1612.0,1728.0,1,28,39
8481477,Nico Sturm,MIN,C,249,V3,NZI,N,0.52282,0.41335,0.10947,466,334,3615.0,2712.0,1,1163,824
8477409,Carter Verhaeghe,FLA,C,315,V3,NZI,N,0.54583,0.43648,0.10935,644,746,6949.0,7927.0,1,89,129
8479996,Cody Glass,NJD,C,248,V3,NZI,N,0.49842,0.38974,0.10867,472,434,3786.0,3900.0,1,1037,959
8474870,Tyler Johnson,BOS,C,132,V3,NZI,N,0.46075,0.35498,0.10577,240,233,2344.0,2217.0,1,165,197
8484800,Berkly Catton,SEA,C,65,V3,NZI,N,0.57611,0.47059,0.10552,75,102,854.0,884.0,1,60,79
8475744,Evgeny Kuznetsov,CAR,C,144,V3,NZI,N,0.49649,0.39149,0.105,240,312,2850.0,3055.0,1,678,794
8474053,Logan Couture,SJS,C,88,V3,NZI,N,0.49126,0.38689,0.10437,202,227,1488.0,1755.0,1,552,564
8484149,Gavin Brindley,COL,C,57,V3,NZI,N,0.57003,0.46573,0.10429,74,77,714.0,715.0,1,12,14
8481726,Adam Edstrom,NYR,C,97,V3,NZI,N,0.4292,0.32553,0.10366,144,126,1144.0,983.0,1,7,17
8480813,Joe Veleno,MTL,C,296,V3,NZI,N,0.52723,0.42418,0.10305,428,487,4095.0,4979.0,1,844,953
8480798,Philipp Kurashev,SJS,C,238,V3,NZI,N,0.46619,0.36475,0.10144,426,479,4569.0,5804.0,1,250,295
8474564,Steven Stamkos,NSH,C,323,V3,NZI,N,0.52086,0.41973,0.10112,696,593,6712.0,6030.0,1,1159,988
8484142,Denver Barkey,PHI,C,43,V3,NZI,N,0.58106,0.482,0.09906,83,77,697.0,639.0,1,6,9
8482145,Mavrik Bourque,DAL,C,156,V3,NZI,N,0.53056,0.43258,0.09797,302,263,3076.0,2314.0,1,249,282
8482177,Marat Khusnutdinov,BOS,C,168,V3,NZI,N,0.4873,0.39029,0.09701,281,288,2834.0,2780.0,1,257,307
8477846,Ryan Carpenter,SJS,C,84,V3,NZI,N,0.49263,0.39812,0.09451,115,106,1086.0,746.0,1,256,259
8474189,Lars Eller,OTT,C,314,V3,NZI,N,0.54526,0.45357,0.0917,557,489,4783.0,4469.0,1,1452,1270
8478891,Mason Appleton,DET,C,259,V3,NZI,N,0.49106,0.40033,0.09073,608,596,6486.0,6070.0,1,22,39
8481543,Nikita Alexandrov,STL,C,51,V3,NZI,N,0.57009,0.4794,0.0907,54,83,428.0,728.0,1,89,148
8480023,Robert Thomas,STL,C,288,V3,NZI,N,0.47748,0.38713,0.09036,644,558,7039.0,5546.0,1,1950,1741
8482726,Samuel Helenius,LAK,C,102,V3,NZI,N,0.51545,0.42533,0.09012,129,131,1100.0,1279.0,1,242,281
8478904,Steven Lorentz,TOR,C,269,V3,NZI,N,0.47236,0.38398,0.08838,405,395,3654.0,3245.0,1,349,378
8477450,Jason Dickinson,EDM,C,283,V3,NZI,N,0.53265,0.44439,0.08827,603,619,6355.0,5727.0,1,1456,1426
8480289,Morgan Barron,WPG,C,289,V3,NZI,N,0.5474,0.45978,0.08762,496,476,4114.0,4513.0,1,335,348
8483489,Fraser Minten,BOS,C,107,V3,NZI,N,0.48861,0.4015,0.08711,223,216,2370.0,2274.0,1,445,459
8479514,Rem Pitlick,CHI,C,55,V3,NZI,N,0.5244,0.4397,0.08471,86,97,963.0,1451.0,1,26,37
8477508,Curtis Lazar,EDM,C,212,V3,NZI,N,0.42704,0.34408,0.08296,362,334,2892.0,2575.0,1,588,516
8470595,Eric Staal,FLA,C,72,V3,NZI,N,0.53637,0.45398,0.0824,132,128,1031.0,1119.0,1,278,284
8477989,Christian Dvorak,PHI,C,256,V3,NZI,N,0.51375,0.43137,0.08237,527,491,5456.0,4845.0,1,1440,1175
8481532,Alex Turcotte,LAK,C,154,V3,NZI,N,0.49727,0.41513,0.08214,280,245,2381.0,2339.0,1,320,306
8482092,Ridly Greig,OTT,C,247,V3,NZI,N,0.54759,0.46548,0.08211,507,509,4686.0,4331.0,1,567,581
8480326,Sheldon Dries,DET,C,68,V3,NZI,N,0.54479,0.46269,0.0821,86,103,547.0,603.0,1,201,211
8476925,Colton Sissons,VGK,C,301,V3,NZI,N,0.52156,0.44089,0.08067,674,569,5729.0,5219.0,1,1342,1052
8474613,Derek Stepan,CAR,C,73,V3,NZI,N,0.65226,0.57199,0.08026,109,78,1064.0,757.0,1,197,160
8477934,Leon Draisaitl,EDM,C,297,V3,NZI,N,0.54244,0.46235,0.0801,775,663,9389.0,8459.0,1,1928,1607
8477503,Max Domi,TOR,C,314,V3,NZI,N,0.5112,0.43203,0.07917,635,572,5937.0,6231.0,1,1064,998
8478445,Mathew Barzal,NYI,C,249,V3,NZI,N,0.53736,0.45876,0.0786,467,502,6143.0,6862.0,1,353,551
8481656,Aliaksei Protas,WSH,C,288,V3,NZI,N,0.51932,0.44077,0.07855,553,567,6133.0,6357.0,1,74,102
8475158,Ryan O'Reilly,NSH,C,294,V3,NZI,N,0.49171,0.41403,0.07768,760,574,7055.0,6060.0,1,1954,1529
8477987,Ryan Donato,CHI,C,311,V3,NZI,N,0.54024,0.46279,0.07746,479,612,5479.0,6785.0,1,449,566
8477951,Nick Schmaltz,UTA,C,305,V3,NZI,N,0.56077,0.48334,0.07743,620,701,6541.0,7415.0,1,606,754
8471215,Evgeni Malkin,PIT,C,288,V3,NZI,N,0.51365,0.43639,0.07726,542,619,5568.0,5942.0,1,1131,1245
8477935,Sam Bennett,FLA,C,284,V3,NZI,N,0.5411,0.4648,0.0763,585,668,5888.0,6420.0,1,1472,1713
8476994,Vinnie Hinostroza,FLA,C,143,V3,NZI,N,0.48748,0.41267,0.0748,217,241,2755.0,2462.0,1,31,43
8480806,Isac Lundeström,CBJ,C,254,V3,NZI,N,0.503,0.42861,0.07439,433,420,3501.0,3824.0,1,801,831
8480039,Martin Necas,COL,C,316,V3,NZI,N,0.52159,0.44778,0.07381,672,684,7621.0,7631.0,1,235,330
8484197,Oliver Moore,CHI,C,60,V3,NZI,N,0.48176,0.40832,0.07345,89,100,795.0,938.0,1,98,102
8482775,Oliver Kapanen,MTL,C,100,V3,NZI,N,0.48805,0.41488,0.07317,136,170,1297.0,1868.0,1,272,329
8475166,John Tavares,TOR,C,317,V3,NZI,N,0.48026,0.40772,0.07254,785,518,7752.0,5597.0,1,2267,1617
8479365,Trent Frederic,EDM,C,292,V3,NZI,N,0.50017,0.42767,0.0725,568,542,6048.0,5226.0,1,304,361
8476459,Mika Zibanejad,NYR,C,326,V3,NZI,N,0.4956,0.42435,0.07125,838,741,7954.0,7442.0,1,1853,1725
8478043,Sam Lafferty,CHI,C,238,V3,NZI,N,0.4754,0.40441,0.07099,393,395,3658.0,3086.0,1,415,450
8476913,Devin Shore,MIN,C,123,V3,NZI,N,0.55021,0.47962,0.07059,165,150,1663.0,1472.0,1,155,155
8481491,Noah Philp,CAR,C,32,V3,NZI,N,0.4507,0.38058,0.07013,41,38,426.0,381.0,0,102,102
8477887,Patrick Brown,BOS,C,87,V3,NZI,N,0.54251,0.47266,0.06985,126,106,894.0,1024.0,1,179,170
8483500,Noah Ostlund,BUF,C,68,V3,NZI,N,0.57091,0.50215,0.06876,98,132,825.0,932.0,1,92,190
8481556,John Beecher,CGY,C,165,V3,NZI,N,0.50932,0.44061,0.06871,294,235,1932.0,2172.0,1,529,471
8484509,Josh Samanski,EDM,C,23,V3,NZI,N,0.4712,0.40541,0.0658,39,33,191.0,148.0,0,53,55
8480028,Morgan Frost,CGY,C,314,V3,NZI,N,0.47107,0.40564,0.06543,603,618,5617.0,5458.0,1,1557,1550
8476454,Ryan Nugent-Hopkins,EDM,C,311,V3,NZI,N,0.49241,0.42741,0.065,605,608,6255.0,6509.0,1,801,835
8477919,Frederick Gaudreau,SEA,C,298,V3,NZI,N,0.47294,0.40852,0.06441,491,534,5210.0,5444.0,1,1192,1279
8475225,Craig Smith,DET,C,198,V3,NZI,N,0.53769,0.47354,0.06415,347,348,3370.0,3288.0,1,8,21
8485512,Tim Washe,ANA,C,40,V3,NZI,N,0.49358,0.42975,0.06383,73,35,545.0,121.0,0,196,124
8482259,Bobby McMann,SEA,C,217,V3,NZI,N,0.51213,0.44848,0.06365,406,405,4700.0,4678.0,1,15,24
8476952,Dominic Toninato,CHI,C,33,V3,NZI,N,0.55808,0.49458,0.0635,48,32,396.0,277.0,0,82,81
8482074,Connor Zary,CGY,C,191,V3,NZI,N,0.5,0.43704,0.06296,342,399,3676.0,4320.0,1,191,254
8479316,Luke Kunin,FLA,C,246,V3,NZI,N,0.50014,0.43751,0.06263,415,437,3451.0,4313.0,1,491,517
8475278,Byron Froese,VGK,C,25,V3,NZI,N,0.55011,0.48815,0.06195,49,31,469.0,211.0,0,88,60
8475151,Kyle Palmieri,NYI,C,244,V3,NZI,N,0.49618,0.43429,0.06189,498,480,5107.0,6468.0,1,31,52
8475714,Calle Jarnkrok,TOR,C,200,V3,NZI,N,0.42942,0.36815,0.06127,377,287,3195.0,2556.0,1,80,87
8484166,Adam Fantilli,CBJ,C,213,V3,NZI,N,0.48449,0.42338,0.06111,418,481,5385.0,5808.0,1,986,1188
8478440,Dylan Strome,WSH,C,325,V3,NZI,N,0.48146,0.42062,0.06085,609,611,6474.0,7401.0,1,1916,1775
8478449,Roope Hintz,DAL,C,282,V3,NZI,N,0.48072,0.42142,0.05929,657,622,5704.0,4836.0,1,1175,949
8478508,Yakov Trenin,MIN,C,311,V3,NZI,N,0.47645,0.41831,0.05814,546,555,5881.0,6225.0,1,134,177
8473453,Trevor Lewis,LAK,C,224,V3,NZI,N,0.54452,0.48663,0.05789,321,320,2347.0,2768.0,1,286,362
8478569,Noel Acciari,PIT,C,278,V3,NZI,N,0.45636,0.39873,0.05763,483,369,4950.0,3634.0,1,936,754
8475794,Tyler Seguin,DAL,C,191,V3,NZI,N,0.44368,0.38664,0.05704,433,320,4217.0,3414.0,1,813,654
8476479,Phillip Danault,MTL,C,315,V3,NZI,N,0.55955,0.50275,0.0568,698,624,6314.0,7270.0,1,1867,1596
8477964,Ivan Barbashev,VGK,C,316,V3,NZI,N,0.51403,0.45856,0.05547,610,671,7698.0,7216.0,1,99,172
8479675,Trevor Moore,LAK,C,280,V3,NZI,N,0.54036,0.48497,0.05539,656,602,6392.0,6522.0,1,23,68
8479999,Casey Mittelstadt,BOS,C,314,V3,NZI,N,0.49293,0.43832,0.05461,537,649,5727.0,7125.0,1,1127,1341
8482705,Cole Sillinger,CBJ,C,288,V3,NZI,N,0.47155,0.41753,0.05403,588,573,5993.0,6893.0,1,943,1110
8479353,Brett Howden,VGK,C,265,V3,NZI,N,0.49434,0.44033,0.054,580,528,6002.0,5757.0,1,725,693
8476456,Jonathan Huberdeau,CGY,C,291,V3,NZI,N,0.49538,0.44182,0.05356,664,726,5630.0,5853.0,1,31,51
8477492,Nathan MacKinnon,COL,C,312,V3,NZI,N,0.51376,0.46035,0.05341,814,982,7848.0,9697.0,1,2107,2371
8476374,Sean Kuraly,BOS,C,297,V3,NZI,N,0.50766,0.45426,0.0534,524,473,6264.0,5477.0,1,1189,1134
8480185,Eetu Luostarinen,FLA,C,317,V3,NZI,N,0.52135,0.46798,0.05337,713,684,5480.0,6528.0,1,346,411
8481704,Juuso Parssinen,NYR,C,157,V3,NZI,N,0.52374,0.47046,0.05328,276,290,2169.0,2827.0,1,323,375
8476448,William Karlsson,VGK,C,220,V3,NZI,N,0.502,0.44956,0.05244,405,376,4510.0,3846.0,1,1299,983
8475752,Tyler Pitlick,MIN,C,127,V3,NZI,N,0.53368,0.48176,0.05192,200,168,1752.0,1727.0,1,5,18
8481580,Connor McMichael,WSH,C,246,V3,NZI,N,0.4617,0.40998,0.05172,450,574,4804.0,6193.0,1,523,697
8477380,Jonny Brodzinski,NYR,C,180,V3,NZI,N,0.48068,0.42909,0.05159,303,275,3183.0,2743.0,1,307,303
8482896,Tyson Kozak,BUF,C,67,V3,NZI,N,0.55146,0.50045,0.05101,157,138,1059.0,1109.0,1,222,243
8478585,Derek Ryan,EDM,C,186,V3,NZI,N,0.45655,0.40566,0.05089,305,261,2727.0,1945.0,1,465,347
8480074,Alexandre Texier,MTL,C,160,V3,NZI,N,0.48571,0.43513,0.05059,304,306,3255.0,3553.0,1,6,19
8480144,David Kampf,WSH,C,259,V3,NZI,N,0.48543,0.43498,0.05045,469,406,4633.0,4037.0,1,1198,1008
8483524,Shane Wright,SEA,C,168,V3,NZI,N,0.49423,0.44389,0.05033,218,318,2252.0,3030.0,1,560,762
8482702,Logan Stankoven,CAR,C,183,V3,NZI,N,0.53841,0.48834,0.05007,353,350,4504.0,3901.0,1,443,538
8476872,Scott Laughton,LAK,C,303,V3,NZI,N,0.51662,0.46662,0.05,622,595,5054.0,5587.0,1,1215,1167
8479591,Michael Eyssimont,BOS,C,268,V3,NZI,N,0.52829,0.47866,0.04963,531,499,5249.0,4734.0,1,25,42
8481068,Yegor Sharangovich,CGY,C,307,V3,NZI,N,0.51404,0.4651,0.04894,483,585,4702.0,5745.0,1,270,403
8473544,Derick Brassard,OTT,C,62,V3,NZI,N,0.39646,0.34794,0.04852,102,106,565.0,753.0,1,113,116
8478409,Anthony Richard,PHI,C,38,V3,NZI,N,0.32549,0.27715,0.04834,54,64,510.0,617.0,1,1,6
8481754,Nikita Nesterenko,ANA,C,61,V3,NZI,N,0.43681,0.38918,0.04763,126,94,1456.0,1128.0,1,9,16
8480855,Jack McBain,UTA,C,306,V3,NZI,N,0.52676,0.47934,0.04742,581,602,4932.0,5034.0,1,1076,1134
8479525,Ross Colton,COL,C,294,V3,NZI,N,0.49056,0.44363,0.04693,583,554,5245.0,5171.0,1,549,511
8479022,Rodrigo Abols,PHI,C,64,V3,NZI,N,0.57293,0.52623,0.0467,93,93,953.0,591.0,1,216,186
8477952,Robby Fabbri,MIN,C,161,V3,NZI,N,0.45294,0.40632,0.04662,248,273,2837.0,3795.0,1,84,104
8480880,Jakub Lauko,BOS,C,139,V3,NZI,N,0.51611,0.47094,0.04518,252,250,1955.0,2030.0,1,8,19
8476826,Yanni Gourde,TBL,C,300,V3,NZI,N,0.53424,0.49009,0.04415,688,695,7826.0,8478.0,1,1426,1514
8475231,Casey Cizikas,NYI,C,314,V3,NZI,N,0.50122,0.4575,0.04372,657,534,5327.0,4977.0,1,1340,1072
8482859,Zack Ostapchuk,SJS,C,121,V3,NZI,N,0.48395,0.4405,0.04346,202,192,1589.0,1773.0,1,343,346
8483505,Matthew Poitras,BOS,C,69,V3,NZI,N,0.45506,0.41176,0.04329,98,123,1246.0,1462.0,1,160,212
8482113,Anton Lundell,FLA,C,294,V3,NZI,N,0.50133,0.4581,0.04322,627,592,5282.0,5824.0,1,1420,1308
8483570,Ben Meyers,SEA,C,121,V3,NZI,N,0.49531,0.4529,0.04241,190,162,1706.0,1433.0,1,318,288
8477496,Elias Lindholm,BOS,C,306,V3,NZI,N,0.46416,0.42217,0.04198,662,581,6319.0,4555.0,1,2111,1633
8478438,Tommy Novak,PIT,C,258,V3,NZI,N,0.49471,0.45282,0.04189,368,483,3875.0,4154.0,1,618,847
8478402,Connor McDavid,EDM,C,306,V3,NZI,N,0.51946,0.47797,0.04149,690,739,8709.0,8716.0,1,1578,1567
8477460,Laurent Dauphin,UTA,C,21,V3,NZI,N,0.26437,0.22293,0.04144,29,29,174.0,314.0,0,81,71
8480848,Ty Dellandrea,SJS,C,238,V3,NZI,N,0.41763,0.37622,0.04141,433,353,3824.0,3700.0,1,531,507
8476539,Jonathan Marchessault,NSH,C,298,V3,NZI,N,0.49694,0.45593,0.04101,570,546,6039.0,6115.0,1,56,119
8478401,Pavel Zacha,BOS,C,320,V3,NZI,N,0.48868,0.44767,0.04101,513,550,4680.0,5446.0,1,1177,1050
8476468,J.T. Miller,NYR,C,302,V3,NZI,N,0.47132,0.4311,0.04022,759,626,6537.0,5421.0,1,1731,1264
8482740,Wyatt Johnston,DAL,C,328,V3,NZI,N,0.47532,0.43593,0.03938,693,613,6482.0,6618.0,1,1084,1140
8479318,Auston Matthews,TOR,C,282,V3,NZI,N,0.48877,0.44943,0.03934,783,644,7435.0,6802.0,1,2112,1690
8482079,Marco Rossi,VAN,C,232,V3,NZI,N,0.47305,0.43375,0.03929,417,424,5194.0,5540.0,1,1013,1152
8475760,Nick Bjugstad,NJD,C,281,V3,NZI,N,0.53442,0.4952,0.03922,597,605,6072.0,5004.0,1,1190,1220
8480014,Gabriel Vilardi,WPG,C,262,V3,NZI,N,0.50852,0.46938,0.03913,500,496,5577.0,5765.0,1,138,168
8480835,Jack Drury,COL,C,265,V3,NZI,N,0.55693,0.51827,0.03866,537,372,5024.0,2929.0,1,1176,859
8477946,Dylan Larkin,DET,C,304,V3,NZI,N,0.50621,0.46876,0.03746,708,665,6920.0,7106.0,1,1988,1773
8476432,Boone Jenner,CBJ,C,219,V3,NZI,N,0.47503,0.43844,0.03659,506,467,5926.0,5052.0,1,1164,1005
8483930,Ivan Ivan,COL,C,49,V3,NZI,N,0.48092,0.44459,0.03632,48,90,393.0,740.0,0,62,92
8482768,Fedor Svechkov,NSH,C,121,V3,NZI,N,0.46139,0.4251,0.03629,151,221,1554.0,1976.0,1,339,502
8479351,Sam Steel,DAL,C,294,V3,NZI,N,0.48185,0.44575,0.0361,571,529,6446.0,5622.0,1,628,598
8483431,Logan Cooley,UTA,C,210,V3,NZI,N,0.5302,0.49436,0.03584,302,428,3212.0,4343.0,1,716,1004
8480829,Jesperi Kotkaniemi,CAR,C,281,V3,NZI,N,0.52805,0.49237,0.03568,543,523,6113.0,5177.0,1,1098,1027
8476329,Travis Boyd,MIN,C,101,V3,NZI,N,0.53639,0.5024,0.03399,160,203,1525.0,1666.0,1,407,514
8475842,Sam Carrick,BUF,C,282,V3,NZI,N,0.39667,0.36332,0.03334,428,363,3842.0,3490.0,1,1043,898
8475172,Nazem Kadri,COL,C,323,V3,NZI,N,0.47902,0.44649,0.03253,679,816,6315.0,7185.0,1,1871,2128
8484144,Connor Bedard,CHI,C,219,V3,NZI,N,0.46108,0.42855,0.03253,428,570,5550.0,7117.0,1,691,995
8477429,Andrew Copp,DET,C,296,V3,NZI,N,0.45751,0.42592,0.03159,653,615,6249.0,6473.0,1,1631,1464
8477497,Sean Monahan,CBJ,C,240,V3,NZI,N,0.5058,0.47438,0.03141,545,436,5518.0,4958.0,1,1490,1284
8482149,Cole Perfetti,WPG,C,271,V3,NZI,N,0.4681,0.43672,0.03138,400,457,4593.0,5926.0,1,50,104
8480012,Elias Pettersson,VAN,C,299,V3,NZI,N,0.50247,0.47159,0.03087,507,633,4665.0,5967.0,1,1498,1721
8478493,Joel Eriksson Ek,MIN,C,271,V3,NZI,N,0.51516,0.48432,0.03084,610,687,6365.0,7941.0,1,1556,1711
8481528,Dylan Cozens,OTT,C,324,V3,NZI,N,0.45795,0.42784,0.03011,646,675,6016.0,6215.0,1,1570,1549
8481618,Alex Newhook,MTL,C,261,V3,NZI,N,0.47631,0.44815,0.02816,379,515,4010.0,5458.0,1,684,884
8481481,Blake Lizotte,PIT,C,257,V3,NZI,N,0.51351,0.48542,0.02808,447,360,3813.0,3259.0,1,849,789
8478020,Michael Amadio,OTT,C,293,V3,NZI,N,0.51971,0.49182,0.02789,615,549,6290.0,5929.0,1,149,145
8476480,Vladislav Namestnikov,WPG,C,293,V3,NZI,N,0.52651,0.49984,0.02667,446,554,4093.0,6356.0,1,611,866
8476624,Barclay Goodrow,SJS,C,321,V3,NZI,N,0.47814,0.45162,0.02652,591,524,5237.0,5250.0,1,599,574
8476461,Sean Couturier,PHI,C,231,V3,NZI,N,0.53165,0.50537,0.02629,528,420,5560.0,4377.0,1,1498,1244
8480845,Rasmus Kupari,WPG,C,153,V3,NZI,N,0.47206,0.44615,0.02592,213,195,1754.0,1959.0,1,487,441
8476822,Luke Glendening,PHI,C,298,V3,NZI,N,0.50531,0.47999,0.02533,526,386,4330.0,2748.0,1,1326,962
8478010,Brayden Point,TBL,C,303,V3,NZI,N,0.51467,0.48939,0.02528,614,590,6987.0,7256.0,1,1157,1291
8473533,Jordan Staal,CAR,C,311,V3,NZI,N,0.52894,0.50383,0.02511,924,713,9054.0,6006.0,1,2356,1772
8482660,Kent Johnson,CBJ,C,265,V3,NZI,N,0.45106,0.42644,0.02462,437,487,4822.0,5356.0,1,43,108
8475754,Brock Nelson,COL,C,324,V3,NZI,N,0.4824,0.45802,0.02439,665,677,6478.0,7467.0,1,1753,1825
8482745,Mason McTavish,ANA,C,294,V3,NZI,N,0.4545,0.43144,0.02306,595,548,5912.0,5426.0,1,1316,1413
8478519,Anthony Cirelli,TBL,C,288,V3,NZI,N,0.52585,0.50286,0.02299,673,631,7156.0,6809.0,1,1488,1449
8483450,Ryan Greene,CHI,C,83,V3,NZI,N,0.48676,0.46487,0.0219,140,178,1360.0,2149.0,1,234,308
8474641,Adam Henrique,EDM,C,289,V3,NZI,N,0.47191,0.45053,0.02138,569,506,5732.0,4821.0,1,1156,921
8476873,Mark Jankowski,CAR,C,210,V3,NZI,N,0.50318,0.48269,0.02049,371,355,2832.0,3321.0,1,723,636
8479415,Michael McLeod,NJD,C,125,V3,NZI,N,0.47683,0.45647,0.02036,284,173,2590.0,1654.0,1,796,471
8479335,Rasmus Asplund,FLA,C,52,V3,NZI,N,0.51857,0.49933,0.01924,81,73,673.0,749.0,1,26,34
8477070,Liam O'Brien,UTA,C,196,V3,NZI,N,0.50234,0.48416,0.01818,317,339,2562.0,2683.0,1,16,38
8473604,Jonathan Toews,WPG,C,134,V3,NZI,N,0.37681,0.35865,0.01815,303,193,2975.0,1988.0,1,888,544
8478424,Jansen Harkins,ANA,C,173,V3,NZI,N,0.46224,0.44412,0.01812,272,216,2741.0,2085.0,1,167,168
8478874,Adam Gaudette,SJS,C,149,V3,NZI,N,0.45964,0.44166,0.01797,218,213,1982.0,1997.0,1,279,298
8480068,Ryan Poehling,ANA,C,272,V3,NZI,N,0.54271,0.52507,0.01764,536,493,4472.0,4588.0,1,1191,1151
8479992,Michael Rasmussen,DET,C,272,V3,NZI,N,0.45436,0.43691,0.01745,500,561,4437.0,4866.0,1,412,449
8480849,Barrett Hayton,UTA,C,264,V3,NZI,N,0.51541,0.49807,0.01733,526,495,4835.0,4415.0,1,1356,1283
8478458,Jack Roslovic,EDM,C,285,V3,NZI,N,0.48307,0.46577,0.01729,509,563,6171.0,7246.0,1,648,680
8480018,Nick Suzuki,MTL,C,328,V3,NZI,N,0.50617,0.48919,0.01697,795,747,8920.0,8606.0,1,2015,1970
8477021,Alexander Kerfoot,UTA,C,278,V3,NZI,N,0.50556,0.4886,0.01696,543,507,5216.0,5045.0,1,617,583
8479370,Tyson Jost,NSH,C,221,V3,NZI,N,0.48919,0.4726,0.01658,307,372,3144.0,3741.0,1,336,456
8477500,Bo Horvat,NYI,C,309,V3,NZI,N,0.48885,0.47295,0.0159,704,588,7489.0,6802.0,1,2122,1686
8478831,Kevin Stenlund,UTA,C,296,V3,NZI,N,0.47778,0.46197,0.01581,494,412,4230.0,3747.0,1,1368,1038
8479393,Noah Gregor,FLA,C,209,V3,NZI,N,0.47823,0.46495,0.01328,336,363,3032.0,3723.0,1,41,49
8482124,Quinton Byfield,LAK,C,292,V3,NZI,N,0.49055,0.47796,0.01259,632,667,6242.0,6693.0,1,846,982
8481523,Kirby Dach,MTL,C,154,V3,NZI,N,0.44935,0.43715,0.01221,259,344,3169.0,3882.0,1,211,325
8475170,Brayden Schenn,NYI,C,326,V3,NZI,N,0.46029,0.44895,0.01134,677,637,7530.0,6366.0,1,1526,1545
8483397,Marc McLaughlin,NJD,C,24,V3,NZI,N,0.45802,0.4467,0.01131,34,34,131.0,197.0,0,31,47
8479385,Jordan Kyrou,STL,C,314,V3,NZI,N,0.46088,0.45088,0.01,623,612,7260.0,6556.0,1,13,33
8470794,Joe Pavelski,DAL,C,164,V3,NZI,N,0.49778,0.48791,0.00987,381,345,3604.0,2689.0,1,586,536
8471675,Sidney Crosby,PIT,C,312,V3,NZI,N,0.48294,0.47402,0.00893,1021,916,8912.0,7928.0,1,2895,2367
8478403,Jack Eichel,VGK,C,282,V3,NZI,N,0.49935,0.49124,0.00811,515,606,6955.0,6567.0,1,1562,1770
8476278,Colin Blackwell,DAL,C,230,V3,NZI,N,0.4845,0.47649,0.00801,391,334,3581.0,3190.0,1,225,232
8475763,Kevin Hayes,PIT,C,252,V3,NZI,N,0.46582,0.45797,0.00786,426,381,3643.0,3426.0,1,906,845
8477960,Adrian Kempe,LAK,C,320,V3,NZI,N,0.51517,0.50893,0.00624,736,646,7481.0,6156.0,1,57,106
8476389,Vincent Trocheck,NYR,C,313,V3,NZI,N,0.47029,0.46446,0.00583,697,539,8499.0,7034.0,1,2108,1575
8475343,Nic Dowd,VGK,C,286,V3,NZI,N,0.47344,0.46771,0.00573,571,508,5515.0,4815.0,1,1501,1385
8480802,Ryan McLeod,BUF,C,298,V3,NZI,N,0.47735,0.47181,0.00555,620,595,5851.0,5640.0,1,1418,1376
8481533,Trevor Zegras,PHI,C,250,V3,NZI,N,0.43349,0.42794,0.00555,425,525,4706.0,5919.0,1,431,695
8476881,Tomas Hertl,VGK,C,289,V3,NZI,N,0.47943,0.47469,0.00474,635,547,6781.0,5551.0,1,1875,1487
8474040,Sam Gagner,EDM,C,76,V3,NZI,N,0.41165,0.40769,0.00396,88,105,1030.0,1040.0,1,22,24
8476399,Blake Coleman,CGY,C,310,V3,NZI,N,0.48277,0.47917,0.0036,729,714,7022.0,6505.0,1,84,91
8476889,Radek Faksa,DAL,C,283,V3,NZI,N,0.46573,0.4627,0.00303,574,442,4887.0,3579.0,1,1000,772
8484153,Leo Carlsson,ANA,C,200,V3,NZI,N,0.4991,0.49657,0.00253,370,471,3881.0,5099.0,1,774,1101
8471685,Anze Kopitar,LAK,C,310,V3,NZI,N,0.51911,0.51756,0.00154,727,598,7929.0,6121.0,1,2240,1747
8483690,Noah Laba,NYR,C,74,V3,NZI,N,0.38923,0.38841,0.00083,125,119,1449.0,1380.0,1,295,284
8475798,Mikael Granlund,ANA,C,289,V3,NZI,N,0.43314,0.43247,0.00066,595,652,6820.0,6516.0,1,1075,1163
8474150,Mikael Backlund,CGY,C,321,V3,NZI,N,0.49507,0.49552,-0.00045,747,733,6993.0,6914.0,1,2138,2047
8480840,Oskar Back,DAL,C,145,V3,NZI,N,0.48493,0.48577,-0.00084,270,201,2190.0,1546.0,1,103,89
8484136,Max Sasson,VAN,C,95,V3,NZI,N,0.4334,0.43493,-0.00153,137,170,1036.0,1483.0,1,158,216
8480853,Liam Foudy,NYI,C,78,V3,NZI,N,0.39414,0.39646,-0.00232,139,121,1332.0,1357.0,1,2,5
8481147,Reese Johnson,MIN,C,102,V3,NZI,N,0.55587,0.55855,-0.00268,136,129,1056.0,1520.0,1,132,105
8481032,Paul Cotter,NJD,C,289,V3,NZI,N,0.43159,0.43446,-0.00287,491,432,4919.0,4974.0,1,135,131
8480459,Pius Suter,STL,C,290,V3,NZI,N,0.47493,0.47849,-0.00357,525,550,4746.0,5045.0,1,848,981
8475168,Matt Duchene,DAL,C,290,V3,NZI,N,0.45544,0.45928,-0.00384,631,526,6912.0,5476.0,1,976,832
8482133,Thomas Bordeleau,SJS,C,36,V3,NZI,N,0.47559,0.47975,-0.00416,67,56,717.0,642.0,1,40,35
8483447,Conor Geekie,TBL,C,66,V3,NZI,N,0.49953,0.50677,-0.00724,124,140,1071.0,1551.0,1,99,133
8479772,Zack MacEwen,NJD,C,110,V3,NZI,N,0.43716,0.44466,-0.0075,137,136,1098.0,1039.0,1,40,34
8476897,Oskar Sundqvist,STL,C,257,V3,NZI,N,0.50808,0.51595,-0.00787,392,432,3342.0,3888.0,1,589,762
8479987,Morgan Geekie,BOS,C,303,V3,NZI,N,0.48255,0.49043,-0.00788,529,551,6590.0,5801.0,1,713,821
8480355,Mark Kastelic,BOS,C,271,V3,NZI,N,0.45117,0.45969,-0.00852,503,365,3983.0,3498.0,1,880,652
8476927,Teddy Blueger,VAN,C,247,V3,NZI,N,0.47505,0.48366,-0.00862,501,426,4328.0,3275.0,1,1105,968
8476419,Jean-Gabriel Pageau,NYI,C,305,V3,NZI,N,0.44906,0.46119,-0.01213,718,503,6253.0,4677.0,1,1852,1324
8482703,Colton Dach,EDM,C,85,V3,NZI,N,0.45773,0.47091,-0.01318,130,140,1313.0,1289.0,1,28,45
8482093,Seth Jarvis,CAR,C,307,V3,NZI,N,0.50273,0.51671,-0.01398,615,589,8070.0,6104.0,1,124,178
8479991,Jake Leschyshyn,NYR,C,36,V3,NZI,N,0.44118,0.45652,-0.01535,61,57,476.0,414.0,1,110,113
8476458,Ryan Strome,CGY,C,294,V3,NZI,N,0.42029,0.43576,-0.01547,538,639,4899.0,6343.0,1,1061,1396
8481028,Martin Pospisil,CGY,C,166,V3,NZI,N,0.45051,0.46745,-0.01695,320,402,2566.0,3733.0,1,108,146
8479547,Matthew Phillips,WSH,C,33,V3,NZI,N,0.44224,0.46029,-0.01804,36,38,303.0,491.0,0,1,2
8483468,Jiri Kulich,BUF,C,75,V3,NZI,N,0.53032,0.54859,-0.01827,142,159,1237.0,1451.0,1,292,348
8473548,Phil Kessel,VGK,C,82,V3,NZI,N,0.43738,0.45571,-0.01832,139,121,1621.0,1174.0,1,5,7
8482110,Dawson Mercer,NJD,C,328,V3,NZI,N,0.45023,0.46931,-0.01908,716,676,6761.0,6972.0,1,348,491
8478427,Sebastian Aho,CAR,C,311,V3,NZI,N,0.4765,0.49851,-0.022,556,569,7427.0,5701.0,1,1676,1586
8480003,Jesper Boqvist,FLA,C,268,V3,NZI,N,0.46972,0.49232,-0.0226,443,489,3451.0,4298.0,1,214,376
8477505,Alexander Wennberg,SJS,C,319,V3,NZI,N,0.4364,0.46076,-0.02436,607,743,5928.0,7544.0,1,1638,1780
8476393,Nick Cousins,OTT,C,279,V3,NZI,N,0.49228,0.51908,-0.0268,481,491,4536.0,4612.0,1,99,105
8470638,Patrice Bergeron,BOS,C,78,V3,NZI,N,0.55447,0.58259,-0.02812,134,100,1129.0,448.0,1,665,398
8474009,Nick Bonino,NYR,C,107,V3,NZI,N,0.431,0.46134,-0.03034,161,166,1000.0,1190.0,1,312,310
8476460,Mark Scheifele,WPG,C,318,V3,NZI,N,0.46316,0.49581,-0.03265,559,641,7505.0,8344.0,1,1850,2023
8478462,Nicolas Roy,COL,C,279,V3,NZI,N,0.42553,0.45842,-0.03289,610,609,5499.0,6073.0,1,1214,1259
8480002,Nico Hischier,NJD,C,309,V3,NZI,N,0.45904,0.49485,-0.0358,879,815,8143.0,7857.0,1,2521,2074
8483493,Frank Nazar,CHI,C,122,V3,NZI,N,0.48854,0.52599,-0.03746,211,219,2268.0,2597.0,1,432,500
8481559,Jack Hughes,NJD,C,263,V3,NZI,N,0.4803,0.5179,-0.03761,421,599,5253.0,7932.0,1,607,1069
8482737,Zachary Bolduc,MTL,C,175,V3,NZI,N,0.50066,0.54518,-0.04451,303,285,3016.0,3276.0,1,21,25
8471669,Paul Stastny,CAR,C,73,V3,NZI,N,0.49468,0.53958,-0.0449,129,103,1221.0,1238.0,1,235,175
8482665,Matty Beniers,SEA,C,320,V3,NZI,N,0.43787,0.4835,-0.04564,602,758,6607.0,7578.0,1,1724,1996
8484829,Justin Hryckowian,DAL,C,86,V3,NZI,N,0.42502,0.47719,-0.05217,149,139,1207.0,1381.0,1,167,121
8478133,Jake Evans,MTL,C,286,V3,NZI,N,0.4276,0.48003,-0.05244,606,529,5573.0,5760.0,1,1430,1183
8474683,Derek Grant,ANA,C,46,V3,NZI,N,0.38327,0.43703,-0.05375,89,78,801.0,659.0,1,172,131
8483553,Marc Gatcomb,NYI,C,88,V3,NZI,N,0.44208,0.49592,-0.05384,167,150,1597.0,1470.0,1,6,10
8476905,Chandler Stephenson,SEA,C,313,V3,NZI,N,0.43108,0.48591,-0.05484,610,584,7008.0,5715.0,1,1890,1662
8480078,Filip Chytil,VAN,C,152,V3,NZI,N,0.42846,0.48649,-0.05802,213,318,2607.0,3626.0,1,519,688
8484160,Nate Danielson,DET,C,28,V3,NZI,N,0.28676,0.34615,-0.05939,42,52,272.0,468.0,0,53,86
8475958,Michael Sgarbossa,WSH,C,28,V3,NZI,N,0.38036,0.44007,-0.05972,42,42,723.0,534.0,0,63,77
8470604,Jeff Carter,PIT,C,151,V3,NZI,N,0.41788,0.4781,-0.06021,235,176,2259.0,1849.0,1,584,366
8476919,Chris Tierney,NJD,C,88,V3,NZI,N,0.47453,0.53664,-0.06211,117,125,1178.0,846.0,1,191,179
8481522,Peyton Krebs,BUF,C,317,V3,NZI,N,0.4334,0.49808,-0.06468,578,624,5443.0,6256.0,1,938,1076
8484471,Emmitt Finnie,DET,C,82,V3,NZI,N,0.42279,0.48858,-0.06579,176,166,1360.0,1883.0,1,42,42
8483573,Ethen Frank,WSH,C,86,V3,NZI,N,0.43793,0.50452,-0.06659,111,153,1023.0,1439.0,1,1,6
8483432,Luca Del Bel Belluz,CBJ,C,30,V3,NZI,N,0.39331,0.46253,-0.06923,32,44,239.0,387.0,0,89,124
8477996,Juho Lammikko,NJD,C,24,V3,NZI,N,0.33207,0.40146,-0.06939,46,27,527.0,274.0,0,53,54
8475768,Jaden Schwartz,SEA,C,264,V3,NZI,N,0.38086,0.4505,-0.06964,499,624,4910.0,6020.0,1,91,103
8483464,Marco Kasper,DET,C,159,V3,NZI,N,0.4163,0.49005,-0.07375,298,301,2921.0,3014.0,1,472,510
8479718,Alex Barré-Boulet,COL,C,40,V3,NZI,N,0.44289,0.51753,-0.07464,58,61,499.0,485.0,1,14,15
8478967,Lane Pederson,PHI,C,32,V3,NZI,N,0.43082,0.51014,-0.07931,52,47,571.0,592.0,0,82,77
8482148,Hendrix Lapierre,WSH,C,152,V3,NZI,N,0.39954,0.48473,-0.0852,160,217,1722.0,2620.0,1,260,402
8483424,Owen Beck,MTL,C,28,V3,NZI,N,0.44186,0.5277,-0.08584,39,30,430.0,343.0,0,66,51
8480008,Adam Ruzicka,UTA,C,86,V3,NZI,N,0.38671,0.47335,-0.08664,112,127,918.0,1088.0,1,158,178
8481024,Linus Karlsson,VAN,C,105,V3,NZI,N,0.51215,0.60166,-0.08951,149,158,1111.0,1323.0,1,12,33
8475793,Ryan Johansen,COL,C,118,V3,NZI,N,0.41036,0.50036,-0.09,217,185,1506.0,1385.0,1,665,518
8482691,Aatu Räty,VAN,C,113,V3,NZI,N,0.39698,0.48885,-0.09187,166,129,1587.0,1031.0,1,577,407
8481237,Kyle MacLean,NYI,C,172,V3,NZI,N,0.40421,0.50582,-0.10161,288,260,2615.0,2665.0,1,403,450
8479346,Dillon Dube,CGY,C,125,V3,NZI,N,0.36702,0.47438,-0.10736,229,228,1959.0,1815.0,1,40,47
8482090,Jack Finley,STL,C,44,V3,NZI,N,0.30323,0.41176,-0.10854,65,66,465.0,544.0,1,166,166
8479291,Kevin Rooney,UTA,C,121,V3,NZI,N,0.41833,0.5316,-0.11327,101,132,851.0,1076.0,1,282,325
8478512,Austin Czarnik,DET,C,63,V3,NZI,N,0.26902,0.40089,-0.13187,70,97,736.0,898.0,1,163,190
8477126,Jayson Megna,BOS,C,56,V3,NZI,N,0.39858,0.53623,-0.13766,68,67,562.0,621.0,1,132,116
8478477,Mitchell Stephens,SEA,C,51,V3,NZI,N,0.37582,0.54011,-0.16428,50,44,455.0,374.0,0,145,111
8476310,Lukas Sedlak,PHI,C,30,V3,NZI,N,0.32692,0.5067,-0.17978,46,47,156.0,373.0,0,77,82
8483676,Stephen Halliday,OTT,C,30,V3,NZI,N,0.32121,0.50896,-0.18775,23,26,165.0,279.0,0,23,38
8482153,Brendan Brisson,NYR,C,27,V3,NZI,N,0.35955,0.56684,-0.20729,56,58,445.0,591.0,1,4,4
8479994,Jaret Anderson-Dolan,WPG,C,84,V3,NZI,N,0.38047,0.65208,-0.27161,136,119,1188.0,1348.0,1,40,41
8478415,Jakub Zboril,BOS,D,22,V3,NZI,N,0.69935,0.275,0.42435,43,38,153.0,280.0,0,0,0
8476779,Brad Hunt,COL,D,47,V3,NZI,N,0.6553,0.36928,0.28602,65,81,528.0,306.0,1,0,0
8480160,Radim Simek,SJS,D,44,V3,NZI,N,0.69824,0.42421,0.27403,84,82,908.0,851.0,1,0,0
8475857,Kevin Gravel,NSH,D,29,V3,NZI,N,0.62818,0.35509,0.27308,64,55,433.0,383.0,1,0,0
8479387,Keaton Middleton,COL,D,44,V3,NZI,N,0.60805,0.37666,0.23139,58,78,472.0,754.0,1,0,0
8484305,Zach Metsa,BUF,D,43,V3,NZI,N,0.58824,0.35757,0.23067,61,82,782.0,839.0,1,0,0
8480157,Calle Rosen,STL,D,55,V3,NZI,N,0.52055,0.29016,0.23039,115,110,803.0,803.0,1,0,0
8483472,Maveric Lamoureux,UTA,D,20,V3,NZI,N,0.62887,0.4,0.22887,43,38,388.0,285.0,0,0,0
8483510,Elias Salomonsson,WPG,D,32,V3,NZI,N,0.45519,0.22992,0.22527,87,59,848.0,361.0,1,0,0
8481206,John Ludvig,COL,D,41,V3,NZI,N,0.53521,0.31712,0.21809,59,48,497.0,473.0,0,0,0
8478451,Ethan Bear,WSH,D,85,V3,NZI,N,0.62568,0.41014,0.21554,175,217,1293.0,1736.0,1,0,0
8479639,Dylan Coghlan,VGK,D,27,V3,NZI,N,0.4126,0.21326,0.19935,56,51,492.0,347.0,1,0,0
8474027,Justin Braun,PHI,D,51,V3,NZI,N,0.53491,0.33716,0.19776,105,110,802.0,872.0,1,0,0
8475797,Jarred Tinordi,CHI,D,96,V3,NZI,N,0.57843,0.38193,0.19651,189,216,1938.0,2202.0,1,0,0
8479388,Riley Stillman,EDM,D,59,V3,NZI,N,0.60822,0.41573,0.19249,111,126,730.0,1157.0,1,0,0
8480828,Michael Callahan,BOS,D,22,V3,NZI,N,0.54663,0.36283,0.1838,37,43,386.0,339.0,0,0,0
8476449,Scott Harrington,ANA,D,45,V3,NZI,N,0.45699,0.27385,0.18314,130,109,1151.0,1048.0,1,0,0
8478178,Darren Raddysh,TBL,D,245,V3,NZI,N,0.61131,0.43405,0.17726,563,528,6347.0,5838.0,1,0,0
8482144,Jack Thompson,SJS,D,34,V3,NZI,N,0.70501,0.53406,0.17095,80,61,878.0,734.0,1,0,0
8480834,Ty Emberson,EDM,D,177,V3,NZI,N,0.5437,0.37394,0.16976,358,333,3993.0,3554.0,1,0,0
8477244,Chad Ruhwedel,NYR,D,104,V3,NZI,N,0.56866,0.40139,0.16727,157,150,1653.0,1151.0,1,0,0
8481812,Nikolai Knyzhov,SJS,D,22,V3,NZI,N,0.48143,0.31535,0.16608,62,44,727.0,241.0,0,0,0
8477851,Jordan Oesterle,NSH,D,112,V3,NZI,N,0.54122,0.37527,0.16595,248,234,2875.0,2345.0,1,0,0
8476967,Brett Kulak,COL,D,328,V3,NZI,N,0.53635,0.37057,0.16577,843,774,9093.0,8700.0,1,0,0
8479458,Nikita Zaitsev,CHI,D,84,V3,NZI,N,0.48635,0.3234,0.16294,170,186,1575.0,1645.0,1,0,0
8483619,Filip Roos,CHI,D,21,V3,NZI,N,0.53772,0.37736,0.16036,49,32,517.0,212.0,0,0,0
8475755,Alexander Petrovic,DAL,D,60,V3,NZI,N,0.58186,0.42373,0.15813,126,115,1301.0,1416.0,1,0,0
8482470,Ilya Solovyov,PIT,D,45,V3,NZI,N,0.56618,0.40884,0.15734,86,99,1035.0,905.0,1,0,0
8477073,Kurtis MacDermid,OTT,D,131,V3,NZI,N,0.46546,0.30844,0.15703,129,126,941.0,723.0,1,2,1
8484768,Zayne Parekh,CGY,D,37,V3,NZI,N,0.48983,0.33333,0.15649,68,47,639.0,390.0,0,0,0
8485366,Matthew Schaefer,NYI,D,82,V3,NZI,N,0.54117,0.39181,0.14936,227,213,2927.0,2565.0,1,0,0
8474612,Travis Hamonic,DET,D,208,V3,NZI,N,0.52737,0.39161,0.13576,473,459,4549.0,3409.0,1,0,0
8479984,Cal Foote,NJD,D,54,V3,NZI,N,0.51886,0.38563,0.13323,112,88,1299.0,988.0,1,0,0
8484386,Dmitri Simashev,UTA,D,27,V3,NZI,N,0.65938,0.52981,0.12957,61,70,549.0,587.0,1,0,0
8478055,Gustav Forsling,FLA,D,321,V3,NZI,N,0.51368,0.38441,0.12927,917,915,8992.0,8824.0,1,0,0
8477462,Robert Hagg,VGK,D,45,V3,NZI,N,0.55505,0.42596,0.12909,92,91,654.0,547.0,1,0,0
8476853,Morgan Rielly,TOR,D,297,V3,NZI,N,0.49876,0.37078,0.12797,833,678,7635.0,6257.0,1,0,0
8480871,Adam Boqvist,NYI,D,144,V3,NZI,N,0.51818,0.39184,0.12633,293,286,3136.0,2820.0,1,0,0
8480073,Erik Brannstrom,VAN,D,178,V3,NZI,N,0.5,0.3745,0.1255,350,363,3394.0,2745.0,1,0,0
8480043,Timothy Liljegren,WSH,D,238,V3,NZI,N,0.49713,0.37168,0.12546,569,587,5409.0,5416.0,1,0,0
8483768,Victor Mancini,VAN,D,55,V3,NZI,N,0.47025,0.34724,0.12301,98,83,1227.0,815.0,1,0,0
8484783,Artyom Levshunov,CHI,D,86,V3,NZI,N,0.4387,0.31737,0.12133,157,189,1509.0,2694.0,1,0,0
8484240,Tom Willander,VAN,D,69,V3,NZI,N,0.53959,0.41829,0.1213,139,151,1225.0,1028.0,1,0,0
8477433,Ben Harpur,NYR,D,42,V3,NZI,N,0.44693,0.3257,0.12122,69,79,895.0,961.0,1,0,0
8477495,Seth Jones,FLA,D,254,V3,NZI,N,0.49751,0.37751,0.12,664,746,7242.0,7364.0,1,0,0
8474574,Tyler Myers,DAL,D,299,V3,NZI,N,0.5238,0.41112,0.11268,719,854,6176.0,7735.0,1,0,0
8477018,Ben Hutton,VGK,D,138,V3,NZI,N,0.49297,0.38059,0.11238,273,275,3272.0,2638.0,1,0,0
8484258,Sam Malinski,COL,D,180,V3,NZI,N,0.55933,0.44758,0.11175,404,417,4332.0,4397.0,1,0,0
8477932,Aaron Ekblad,FLA,D,250,V3,NZI,N,0.52881,0.41861,0.1102,682,668,6439.0,6137.0,1,0,0
8479578,Casey Fitzgerald,FLA,D,27,V3,NZI,N,0.50226,0.39387,0.10839,39,44,221.0,424.0,0,0,0
8475179,Dmitry Kulikov,FLA,D,232,V3,NZI,N,0.50947,0.40134,0.10814,611,609,5596.0,5093.0,1,0,0
8478840,Will Borgen,NYR,D,323,V3,NZI,N,0.52216,0.41443,0.10773,807,785,7220.0,7012.0,1,0,0
8478465,Guillaume Brisebois,VAN,D,20,V3,NZI,N,0.52217,0.41447,0.10769,45,50,203.0,304.0,0,0,0
8475171,Oliver Ekman-Larsson,TOR,D,289,V3,NZI,N,0.50286,0.40019,0.10267,769,753,7340.0,6277.0,1,0,0
8482192,Isaak Phillips,WPG,D,55,V3,NZI,N,0.52661,0.42447,0.10214,102,121,883.0,1185.0,1,0,0
8474673,TJ Brodie,CHI,D,190,V3,NZI,N,0.50183,0.39982,0.10201,520,462,4657.0,4357.0,1,0,0
8476879,Cody Ceci,LAK,D,326,V3,NZI,N,0.51045,0.41049,0.09996,930,865,9666.0,9518.0,1,0,0
8476874,Olli Määttä,CGY,D,269,V3,NZI,N,0.48343,0.38445,0.09899,647,692,6489.0,6867.0,1,0,0
8476906,Shayne Gostisbehere,CAR,D,281,V3,NZI,N,0.52656,0.42823,0.09833,687,653,7192.0,6186.0,1,0,0
8482142,Jamie Drysdale,PHI,D,190,V3,NZI,N,0.52324,0.42563,0.09761,468,474,4841.0,4370.0,1,0,0
8471686,Marc Staal,PHI,D,117,V3,NZI,N,0.56212,0.46689,0.09523,290,271,2165.0,2069.0,1,0,0
8480990,Declan Chisholm,WSH,D,123,V3,NZI,N,0.5056,0.41063,0.09497,239,255,2858.0,2747.0,1,0,0
8476988,Matt Benning,TOR,D,99,V3,NZI,N,0.48489,0.39155,0.09333,221,239,1555.0,2084.0,1,0,0
8479372,Joshua Mahura,SEA,D,199,V3,NZI,N,0.53823,0.44578,0.09245,370,437,3283.0,3670.0,1,0,0
8482176,Wyatt Kaiser,CHI,D,175,V3,NZI,N,0.54323,0.45246,0.09077,385,459,3759.0,4438.0,1,0,0
8482122,Brock Faber,MIN,D,242,V3,NZI,N,0.52079,0.43187,0.08892,783,866,8009.0,9922.0,1,0,0
8477541,Dakota Mermis,TOR,D,64,V3,NZI,N,0.47963,0.39083,0.0888,111,96,1399.0,1090.0,1,0,0
8479325,Charlie McAvoy,BOS,D,260,V3,NZI,N,0.48353,0.39619,0.08734,678,638,6618.0,5982.0,1,0,0
8476856,Mathew Dumba,PIT,D,229,V3,NZI,N,0.503,0.41614,0.08686,517,587,5668.0,6296.0,1,0,0
8482482,Adam Wilsby,NSH,D,80,V3,NZI,N,0.5113,0.42499,0.08631,196,203,1903.0,1833.0,1,0,0
8475795,Dylan McIlrath,WSH,D,39,V3,NZI,N,0.47619,0.38991,0.08628,51,81,504.0,654.0,1,0,0
8479402,Jake Bean,CGY,D,166,V3,NZI,N,0.43785,0.35224,0.08561,310,347,2880.0,3421.0,1,0,0
8478460,Zach Werenski,CBJ,D,239,V3,NZI,N,0.52193,0.43652,0.08541,784,765,9896.0,9711.0,1,0,0
8479985,Cale Fleury,SEA,D,49,V3,NZI,N,0.5668,0.48194,0.08486,94,97,988.0,969.0,1,0,0
8482111,Justin Barron,NSH,D,200,V3,NZI,N,0.56164,0.47921,0.08243,460,508,4380.0,5027.0,1,0,0
8481527,Kaedan Korczak,VGK,D,154,V3,NZI,N,0.53115,0.44901,0.08214,351,368,3611.0,3550.0,1,0,0
8475762,Derek Forbort,VAN,D,145,V3,NZI,N,0.53476,0.45264,0.08212,315,321,2704.0,2386.0,1,0,0
8471724,Kris Letang,PIT,D,294,V3,NZI,N,0.48969,0.4079,0.08179,946,914,10523.0,10407.0,1,0,0
8476463,Jonas Brodin,MIN,D,234,V3,NZI,N,0.53037,0.44901,0.08136,669,735,6882.0,7247.0,1,0,0
8480184,Gustav Lindstrom,ANA,D,82,V3,NZI,N,0.47672,0.39557,0.08115,161,201,1611.0,1853.0,1,0,0
8482666,Scott Morrow,NYR,D,45,V3,NZI,N,0.54877,0.46872,0.08005,114,88,1507.0,1071.0,1,0,0
8479983,Mario Ferraro,SJS,D,310,V3,NZI,N,0.48775,0.40791,0.07984,773,867,8613.0,8845.0,1,0,1
8479439,Jacob MacDonald,SJS,D,92,V3,NZI,N,0.54618,0.46643,0.07976,118,141,1494.0,1385.0,1,1,3
8478841,Colton White,NJD,D,69,V3,NZI,N,0.42691,0.34803,0.07888,141,132,1375.0,1270.0,1,0,0
8478500,Ivan Provorov,CBJ,D,328,V3,NZI,N,0.48731,0.40866,0.07865,939,951,10207.0,11293.0,1,0,0
8480145,Neal Pionk,WPG,D,284,V3,NZI,N,0.50767,0.43,0.07767,741,756,7300.0,6986.0,1,0,0
8482245,Artem Zub,OTT,D,259,V3,NZI,N,0.57219,0.49461,0.07757,759,744,6774.0,6684.0,1,0,0
8476441,Joel Edmundson,LAK,D,268,V3,NZI,N,0.48238,0.40497,0.0774,665,707,6582.0,6998.0,1,0,0
8477384,Joshua Brown,EDM,D,129,V3,NZI,N,0.49656,0.4199,0.07666,248,265,1891.0,1960.0,1,0,0
8481178,Egor Zamula,CBJ,D,176,V3,NZI,N,0.52659,0.45066,0.07593,326,317,3403.0,2858.0,1,0,0
8481219,Jonathan Aspirot,BOS,D,61,V3,NZI,N,0.44547,0.36962,0.07585,154,146,1513.0,1231.0,1,0,0
8478854,Ryan Shea,PIT,D,150,V3,NZI,N,0.48302,0.40756,0.07545,316,327,3091.0,3067.0,1,0,0
8477498,Darnell Nurse,EDM,D,320,V3,NZI,N,0.52442,0.44901,0.07541,984,910,11485.0,11198.0,1,0,0
8480069,Cale Makar,COL,D,291,V3,NZI,N,0.51117,0.43684,0.07433,761,919,8328.0,10061.0,1,0,0
8483485,Denton Mateychuk,CBJ,D,120,V3,NZI,N,0.52555,0.45209,0.07346,304,287,4110.0,3329.0,1,0,0
8475790,Erik Gudbranson,CBJ,D,201,V3,NZI,N,0.4508,0.37791,0.07289,518,560,4705.0,5885.0,1,0,0
8482730,Brandt Clarke,LAK,D,184,V3,NZI,N,0.54841,0.47556,0.07286,406,409,4854.0,4582.0,1,0,0
8483466,Kevin Korchinski,CHI,D,105,V3,NZI,N,0.4884,0.41643,0.07197,194,234,1853.0,2824.0,1,0,0
8478452,Caleb Jones,PIT,D,111,V3,NZI,N,0.48498,0.41302,0.07196,252,226,2763.0,2150.0,1,0,0
8483503,Owen Pickering,PIT,D,29,V3,NZI,N,0.48399,0.41219,0.0718,73,57,562.0,279.0,1,0,0
8481014,Alexander Romanov,NYI,D,236,V3,NZI,N,0.52265,0.45095,0.07171,653,591,7703.0,6768.0,1,0,0
8481167,Brayden Pachal,CGY,D,174,V3,NZI,N,0.44492,0.37336,0.07155,271,327,2360.0,2673.0,1,0,0
8477499,Rasmus Ristolainen,PHI,D,212,V3,NZI,N,0.52318,0.45205,0.07113,520,483,4572.0,3900.0,1,0,0
8482655,J.J. Moser,TBL,D,295,V3,NZI,N,0.55233,0.48128,0.07105,785,816,7720.0,7960.0,1,0,0
8478859,Niko Mikkola,FLA,D,307,V3,NZI,N,0.5142,0.44459,0.06961,842,884,7429.0,7841.0,1,0,0
8482807,Ethan Del Mastro,CHI,D,45,V3,NZI,N,0.53204,0.46249,0.06956,83,107,983.0,1213.0,1,0,0
8477506,Ryan Pulock,NYI,D,290,V3,NZI,N,0.47692,0.40769,0.06923,946,802,9727.0,7805.0,1,0,0
8477369,Carson Soucy,NYI,D,269,V3,NZI,N,0.44386,0.37553,0.06833,641,589,6038.0,5238.0,1,0,0
8480058,Pierre-Olivier Joseph,VAN,D,205,V3,NZI,N,0.48222,0.4156,0.06662,422,432,3544.0,3987.0,1,0,0
8477971,Andreas Englund,NSH,D,167,V3,NZI,N,0.52663,0.46004,0.0666,270,321,2478.0,2765.0,1,0,0
8478468,Jeremy Lauzon,VGK,D,242,V3,NZI,N,0.51334,0.44676,0.06658,637,571,5433.0,5851.0,1,0,0
8474567,Zach Bogosian,MIN,D,233,V3,NZI,N,0.49133,0.42508,0.06624,464,440,5477.0,4465.0,1,1,1
8482087,Kaiden Guhle,MTL,D,208,V3,NZI,N,0.54429,0.47839,0.0659,651,601,6706.0,6223.0,1,0,0
8476372,Nick Seeler,PHI,D,305,V3,NZI,N,0.52418,0.45868,0.0655,644,617,5624.0,5603.0,1,0,0
8475200,Dmitry Orlov,SJS,D,305,V3,NZI,N,0.52959,0.46434,0.06525,839,790,9836.0,8791.0,1,0,0
8475324,Nick Jensen,OTT,D,287,V3,NZI,N,0.46742,0.40233,0.0651,704,758,6692.0,7218.0,1,0,0
8479576,Vincent Desharnais,SJS,D,218,V3,NZI,N,0.45282,0.39048,0.06234,452,452,4578.0,4748.0,1,0,0
8471709,Marc-Edouard Vlasic,SJS,D,162,V3,NZI,N,0.49155,0.42961,0.06194,363,379,2840.0,3303.0,1,0,0
8480891,Michael Kesselring,BUF,D,190,V3,NZI,N,0.55925,0.49743,0.06182,416,466,3789.0,4278.0,1,0,0
8476902,Esa Lindell,DAL,D,326,V3,NZI,N,0.47375,0.41216,0.06159,935,816,9408.0,8555.0,1,0,0
8482641,Matt Kiersted,MIN,D,28,V3,NZI,N,0.4359,0.37446,0.06144,45,41,390.0,462.0,0,0,0
8478408,Travis Dermott,MIN,D,80,V3,NZI,N,0.4933,0.43281,0.06049,147,193,1269.0,1414.0,1,0,0
8479398,Samuel Girard,PIT,D,268,V3,NZI,N,0.51355,0.45311,0.06044,681,827,6161.0,8360.0,1,0,0
8481609,Vladislav Kolyachonok,BOS,D,55,V3,NZI,N,0.4724,0.41222,0.06018,82,90,779.0,900.0,1,0,0
8482511,Mason Lohrei,BOS,D,191,V3,NZI,N,0.46592,0.40594,0.05997,451,436,4284.0,4710.0,1,0,0
8482100,Alexander Nikishin,CAR,D,81,V3,NZI,N,0.44926,0.39018,0.05908,202,212,2168.0,1976.0,1,0,0
8480336,Sean Walker,CAR,D,314,V3,NZI,N,0.53385,0.47484,0.05901,780,724,7725.0,7253.0,1,0,0
8482105,Jake Sanderson,OTT,D,303,V3,NZI,N,0.541,0.48202,0.05899,871,849,8048.0,7535.0,1,0,0
8478443,Brandon Carlo,TOR,D,289,V3,NZI,N,0.46538,0.40642,0.05897,753,695,6803.0,6358.0,1,0,0
8480800,Quinn Hughes,MIN,D,302,V3,NZI,N,0.51964,0.46074,0.0589,840,887,10692.0,10596.0,1,0,0
8476892,Colton Parayko,STL,D,301,V3,NZI,N,0.48306,0.42473,0.05832,924,931,9649.0,9008.0,1,0,0
8483448,Isaiah George,NYI,D,37,V3,NZI,N,0.37794,0.32005,0.05789,83,66,807.0,828.0,1,0,0
8477938,Haydn Fleury,WPG,D,129,V3,NZI,N,0.47004,0.41244,0.0576,267,230,2136.0,1833.0,1,0,0
8477034,Jaycob Megna,VGK,D,110,V3,NZI,N,0.46735,0.41064,0.05671,282,265,2450.0,2462.0,1,0,0
8480172,Jan Rutta,SJS,D,180,V3,NZI,N,0.43164,0.37497,0.05667,451,416,4652.0,3835.0,1,0,0
8479410,Mikhail Sergachev,UTA,D,267,V3,NZI,N,0.51361,0.45696,0.05666,806,805,7786.0,7016.0,1,0,0
8476979,Erik Gustafsson,DET,D,208,V3,NZI,N,0.46976,0.41311,0.05666,438,422,4779.0,4074.0,1,0,0
8477365,Connor Clifton,PIT,D,280,V3,NZI,N,0.50242,0.44676,0.05566,559,645,5581.0,6621.0,1,0,0
8478136,Jake Middleton,MIN,D,301,V3,NZI,N,0.49099,0.43551,0.05548,762,847,8104.0,8792.0,1,0,0
8481122,Simon Benoit,TOR,D,293,V3,NZI,N,0.49753,0.44224,0.05529,683,656,6275.0,5904.0,1,0,0
8480049,Dylan Samberg,WPG,D,266,V3,NZI,N,0.48765,0.4325,0.05514,604,584,5869.0,6067.0,1,0,0
8474590,John Carlson,ANA,D,271,V3,NZI,N,0.50741,0.45235,0.05506,724,741,7223.0,6988.0,1,0,0
8478038,Devon Toews,COL,D,305,V3,NZI,N,0.48521,0.43079,0.05442,857,1034,7640.0,10439.0,1,0,0
8483506,Sam Rinzel,CHI,D,63,V3,NZI,N,0.56536,0.51115,0.05421,141,156,1576.0,1794.0,1,0,0
8475197,Tyson Barrie,CGY,D,139,V3,NZI,N,0.45512,0.40096,0.05417,320,312,3298.0,3554.0,1,0,0
8475747,Patrik Nemeth,UTA,D,75,V3,NZI,N,0.42133,0.36786,0.05347,152,185,1519.0,1786.0,1,0,0
8476931,Jake McCabe,TOR,D,295,V3,NZI,N,0.48124,0.42827,0.05297,938,793,8021.0,7061.0,1,0,0
8478454,Noah Juulsen,PHI,D,153,V3,NZI,N,0.47879,0.42611,0.05268,284,291,2051.0,1976.0,1,0,0
8481572,Ville Heinola,WPG,D,32,V3,NZI,N,0.52505,0.47259,0.05246,47,54,459.0,675.0,0,0,0
8484304,Uvis Balinskis,FLA,D,156,V3,NZI,N,0.46966,0.41755,0.0521,340,373,3279.0,3202.0,1,0,2
8480222,Sebastian Aho,NYI,D,129,V3,NZI,N,0.55446,0.50291,0.05155,272,260,2736.0,3098.0,1,0,0
8478851,Alexandre Carrier,MTL,D,268,V3,NZI,N,0.52642,0.4755,0.05092,795,718,6757.0,7285.0,1,0,0
8475690,Chris Tanev,TOR,D,226,V3,NZI,N,0.45432,0.40347,0.05085,715,667,5670.0,4154.0,1,0,0
8470613,Brent Burns,COL,D,327,V3,NZI,N,0.54252,0.49188,0.05065,864,824,8960.0,7201.0,1,0,0
8478469,Thomas Chabot,OTT,D,256,V3,NZI,N,0.49812,0.4478,0.05031,720,641,7428.0,6552.0,1,0,0
8475718,Justin Holl,STL,D,199,V3,NZI,N,0.48286,0.43302,0.04984,437,418,4229.0,4143.0,1,0,0
8474207,Nick Holden,OTT,D,65,V3,NZI,N,0.44907,0.3994,0.04967,158,140,1345.0,999.0,1,0,0
8470600,Ryan Suter,STL,D,246,V3,NZI,N,0.49628,0.44675,0.04953,705,580,7526.0,5587.0,1,0,0
8480796,Martin Fehérváry,WSH,D,295,V3,NZI,N,0.47551,0.42621,0.0493,786,783,7186.0,7142.0,1,0,0
8480426,Charle-Edouard D'Astous,TBL,D,70,V3,NZI,N,0.48392,0.43527,0.04865,182,200,1866.0,1962.0,1,0,0
8477948,Travis Sanheim,PHI,D,325,V3,NZI,N,0.50414,0.45706,0.04708,1066,1091,9789.0,8966.0,1,0,0
8481564,Ryan Johnson,BUF,D,47,V3,NZI,N,0.45463,0.40758,0.04705,81,88,1036.0,1082.0,1,0,0
8480084,Nick DeSimone,UTA,D,97,V3,NZI,N,0.49445,0.44792,0.04654,198,184,1713.0,1440.0,1,0,0
8480803,Evan Bouchard,EDM,D,326,V3,NZI,N,0.48457,0.4383,0.04627,793,791,9592.0,8857.0,1,0,0
8483565,Nick Blankenburg,COL,D,168,V3,NZI,N,0.48046,0.43453,0.04594,408,378,4069.0,3383.0,1,0,0
8481598,Philip Broberg,STL,D,206,V3,NZI,N,0.49248,0.44761,0.04487,482,479,4989.0,4486.0,1,0,0
8476917,Adam Pelech,NYI,D,261,V3,NZI,N,0.45896,0.41424,0.04472,812,707,7371.0,6629.0,1,0,0
8476891,Matt Grzelcyk,CHI,D,289,V3,NZI,N,0.47511,0.4307,0.04441,720,694,7192.0,6248.0,1,0,0
8475177,Calvin de Haan,NYR,D,159,V3,NZI,N,0.4989,0.45545,0.04345,373,335,3652.0,3210.0,1,0,0
8478013,Jake Walman,EDM,D,243,V3,NZI,N,0.50216,0.45876,0.0434,600,604,6249.0,6304.0,1,0,0
8474600,Roman Josi,NSH,D,270,V3,NZI,N,0.49504,0.45169,0.04335,770,736,7355.0,7255.0,1,0,0
8479425,Filip Hronek,VAN,D,287,V3,NZI,N,0.4814,0.4386,0.0428,752,804,8228.0,8461.0,1,0,0
8475455,Brenden Dillon,NJD,D,323,V3,NZI,N,0.50311,0.46076,0.04236,729,779,7386.0,7887.0,1,0,0
8477504,Josh Morrissey,WPG,D,315,V3,NZI,N,0.52345,0.48115,0.0423,886,943,9019.0,10055.0,1,0,0
8483425,Lian Bichsel,DAL,D,88,V3,NZI,N,0.51884,0.47682,0.04202,181,167,1725.0,1877.0,1,0,0
8475750,Jon Merrill,MIN,D,208,V3,NZI,N,0.49246,0.45083,0.04162,327,358,4175.0,4088.0,1,0,0
8474578,Erik Karlsson,PIT,D,321,V3,NZI,N,0.50076,0.45947,0.04129,994,980,11133.0,10475.0,1,0,1
8473507,Jeff Petry,MIN,D,245,V3,NZI,N,0.49321,0.45217,0.04104,608,607,6040.0,6575.0,1,0,0
8484806,Sam Dickinson,SJS,D,71,V3,NZI,N,0.49759,0.45668,0.04091,171,155,2283.0,1616.0,1,0,0
8478397,Rasmus Andersson,VGK,D,319,V3,NZI,N,0.48247,0.44183,0.04065,916,992,6790.0,7383.0,1,0,0
8476331,Dylan DeMelo,WPG,D,320,V3,NZI,N,0.51109,0.47048,0.04061,893,925,8973.0,9146.0,1,0,0
8480823,Alexander Alexeyev,WSH,D,79,V3,NZI,N,0.45548,0.41501,0.04047,133,154,1561.0,1706.0,1,0,0
8480036,Miro Heiskanen,DAL,D,277,V3,NZI,N,0.46134,0.4214,0.03994,909,746,9854.0,7131.0,1,0,0
8477507,Nikita Zadorov,BOS,D,319,V3,NZI,N,0.48994,0.45197,0.03797,794,831,7552.0,7058.0,1,0,0
8481525,Matthew Robertson,NYR,D,74,V3,NZI,N,0.53473,0.4968,0.03793,164,149,1670.0,1250.0,1,0,0
8482929,Emil Lilleberg,TBL,D,163,V3,NZI,N,0.50634,0.46915,0.03719,378,361,3946.0,3517.0,1,0,0
8476429,Scott Mayfield,NYI,D,269,V3,NZI,N,0.50056,0.46379,0.03677,658,602,6281.0,5841.0,1,0,0
8476467,Jamie Oleksiak,SEA,D,317,V3,NZI,N,0.49724,0.46068,0.03657,698,794,7256.0,8227.0,1,0,0
8482126,Emil Andrae,PHI,D,107,V3,NZI,N,0.50358,0.46741,0.03616,206,204,1958.0,1703.0,1,2,1
8471677,Jack Johnson,CBJ,D,204,V3,NZI,N,0.47121,0.4352,0.03601,403,431,4620.0,4352.0,1,0,0
8483490,Pavel Mintyukov,ANA,D,203,V3,NZI,N,0.47916,0.44327,0.0359,483,459,4439.0,4618.0,1,0,0
8477986,Brandon Montour,SEA,D,290,V3,NZI,N,0.46508,0.42941,0.03567,722,813,8046.0,9746.0,1,0,0
8473446,Erik Johnson,COL,D,166,V3,NZI,N,0.48849,0.45324,0.03525,319,342,2868.0,2716.0,1,0,0
8482803,Olen Zellweger,ANA,D,164,V3,NZI,N,0.48148,0.44689,0.03459,330,356,3429.0,4133.0,1,0,0
8477346,MacKenzie Weegar,UTA,D,322,V3,NZI,N,0.50418,0.47158,0.03261,992,1025,7531.0,7441.0,1,0,0
8479378,Logan Stanley,BUF,D,183,V3,NZI,N,0.43007,0.39747,0.03259,376,372,4197.0,3960.0,1,0,0
8477969,Marcus Pettersson,VAN,D,309,V3,NZI,N,0.48868,0.45622,0.03246,904,930,10332.0,8976.0,1,0,0
8475218,Mattias Ekholm,EDM,D,303,V3,NZI,N,0.47662,0.4448,0.03183,797,731,8363.0,7916.0,1,0,0
8474602,Justin Schultz,SEA,D,143,V3,NZI,N,0.47144,0.44165,0.02979,271,318,2696.0,2622.0,1,0,0
8479371,Dante Fabbro,CBJ,D,277,V3,NZI,N,0.49364,0.46431,0.02932,707,670,7307.0,7538.0,1,0,0
8476462,Dougie Hamilton,NJD,D,243,V3,NZI,N,0.51428,0.4852,0.02908,636,673,7002.0,8040.0,1,0,0
8480817,K'Andre Miller,CAR,D,305,V3,NZI,N,0.4766,0.44795,0.02865,909,890,9595.0,9798.0,1,0,0
8474090,Brendan Smith,CBJ,D,170,V3,NZI,N,0.52756,0.49903,0.02853,332,278,3501.0,3094.0,1,0,0
8482762,Simon Edvinsson,DET,D,175,V3,NZI,N,0.49532,0.46705,0.02826,490,462,4696.0,4674.0,1,0,0
8477950,Tony DeAngelo,NYI,D,212,V3,NZI,N,0.48607,0.45877,0.0273,491,520,4989.0,5397.0,1,0,0
8481056,Spencer Stastney,EDM,D,117,V3,NZI,N,0.47619,0.44909,0.0271,269,244,2751.0,2082.0,1,0,0
8479976,Juuso Välimäki,UTA,D,189,V3,NZI,N,0.53976,0.51316,0.0266,450,489,4074.0,5357.0,1,0,0
8480950,Ilya Lyubushkin,DAL,D,275,V3,NZI,N,0.48163,0.45512,0.02651,673,625,6206.0,5849.0,1,0,0
8475764,Cam Fowler,STL,D,312,V3,NZI,N,0.44505,0.41933,0.02571,845,809,8325.0,8120.0,1,0,0
8483457,Lane Hutson,MTL,D,166,V3,NZI,N,0.50029,0.47543,0.02485,442,433,5255.0,5414.0,1,0,0
8480865,Noah Dobson,MTL,D,308,V3,NZI,N,0.47329,0.44969,0.0236,829,744,8441.0,7563.0,1,0,0
8476312,Josh Manson,COL,D,230,V3,NZI,N,0.51449,0.49094,0.02355,589,625,5279.0,5632.0,1,0,0
8481606,Jordan Spence,OTT,D,229,V3,NZI,N,0.50514,0.4822,0.02293,494,491,4868.0,5253.0,1,0,0
8476885,Jacob Trouba,ANA,D,308,V3,NZI,N,0.47446,0.45155,0.02291,944,877,9670.0,9308.0,1,0,0
8477845,Trevor van Riemsdyk,WSH,D,295,V3,NZI,N,0.49694,0.47436,0.02259,705,723,7528.0,7292.0,1,0,0
8475462,Radko Gudas,ANA,D,275,V3,NZI,N,0.4859,0.46414,0.02176,592,659,5853.0,7056.0,1,0,0
8480860,Kevin Bahl,CGY,D,273,V3,NZI,N,0.4498,0.42813,0.02167,699,767,6245.0,6540.0,1,0,0
8476875,Mike Matheson,MTL,D,288,V3,NZI,N,0.47415,0.45274,0.02141,845,797,8704.0,9162.0,1,0,0
8479421,Jacob Moverare,LAK,D,90,V3,NZI,N,0.56703,0.5457,0.02133,161,169,2044.0,1871.0,1,0,0
8482911,Joel Nystrom,CAR,D,38,V3,NZI,N,0.47386,0.4528,0.02106,91,102,899.0,625.0,1,0,0
8481524,Bowen Byram,BUF,D,279,V3,NZI,N,0.50577,0.48476,0.02101,743,813,7879.0,7942.0,1,0,0
8479945,Gavin Bayreuther,CBJ,D,51,V3,NZI,N,0.40838,0.38747,0.02092,102,90,835.0,1133.0,1,0,0
8474013,Ian Cole,UTA,D,319,V3,NZI,N,0.49458,0.47412,0.02046,752,700,6731.0,6336.0,1,0,0
8475167,Victor Hedman,TBL,D,266,V3,NZI,N,0.47249,0.45223,0.02026,704,638,7706.0,7191.0,1,0,0
8478399,Jonas Siegenthaler,NJD,D,274,V3,NZI,N,0.49008,0.46994,0.02014,785,767,9023.0,8799.0,1,0,0
8479369,Andrew Peeke,BOS,D,271,V3,NZI,N,0.47405,0.45398,0.02006,696,613,6531.0,6628.0,1,0,0
8476473,Connor Murphy,EDM,D,273,V3,NZI,N,0.49371,0.47366,0.02005,655,733,6915.0,7630.0,1,0,0
8476792,Torey Krug,STL,D,140,V3,NZI,N,0.46115,0.44225,0.01891,314,326,3205.0,2831.0,1,0,0
8480878,Nils Lundkvist,DAL,D,210,V3,NZI,N,0.44961,0.43079,0.01882,519,484,4793.0,4436.0,1,0,0
8474618,Marco Scandella,STL,D,85,V3,NZI,N,0.4386,0.41984,0.01875,154,170,1254.0,1391.0,1,0,0
8480873,Rasmus Sandin,WSH,D,294,V3,NZI,N,0.48641,0.46785,0.01856,737,711,8207.0,8026.0,1,0,0
8481546,Cam York,PHI,D,276,V3,NZI,N,0.51239,0.49387,0.01853,861,893,7463.0,7585.0,1,0,0
8480196,Jacob Bryson,WPG,D,193,V3,NZI,N,0.46828,0.45001,0.01826,376,404,3357.0,3831.0,1,0,0
8476923,Damon Severson,CBJ,D,289,V3,NZI,N,0.48598,0.46793,0.01805,792,786,9702.0,8668.0,1,0,0
8475188,Brayden McNabb,VGK,D,310,V3,NZI,N,0.49374,0.47641,0.01733,838,837,9187.0,8033.0,1,0,0
8480246,Nick Perbix,NSH,D,298,V3,NZI,N,0.46586,0.44858,0.01728,758,674,7264.0,6048.0,1,0,0
8480879,Jacob Bernard-Docker,DET,D,194,V3,NZI,N,0.48993,0.47331,0.01662,388,423,3525.0,4327.0,1,0,0
8482671,Owen Power,BUF,D,315,V3,NZI,N,0.48544,0.469,0.01644,749,823,7797.0,8565.0,1,0,0
8476869,Brady Skjei,NSH,D,324,V3,NZI,N,0.46804,0.45213,0.0159,964,872,9589.0,8137.0,1,0,0
8475825,Jani Hakanpää,TOR,D,148,V3,NZI,N,0.40407,0.38893,0.01515,400,316,3289.0,2944.0,1,0,0
8481563,Drew Helleson,ANA,D,119,V3,NZI,N,0.42258,0.40762,0.01496,282,285,3100.0,2652.0,1,0,0
8474031,Kevin Shattenkirk,BOS,D,136,V3,NZI,N,0.463,0.44819,0.01481,253,301,2257.0,3204.0,1,0,0
8480727,Zach Whitecloud,CGY,D,272,V3,NZI,N,0.47643,0.46252,0.01391,694,657,7764.0,7083.0,1,0,0
8482073,Braden Schneider,NYR,D,325,V3,NZI,N,0.43999,0.42765,0.01234,720,676,8157.0,7775.0,1,0,0
8479345,Jakob Chychrun,WSH,D,284,V3,NZI,N,0.49194,0.47987,0.01207,687,731,8003.0,8098.0,1,0,0
8478882,Vladislav Gavrikov,NYR,D,313,V3,NZI,N,0.47805,0.46663,0.01142,963,821,10457.0,9095.0,1,0,0
8478416,Erik Cernak,TBL,D,276,V3,NZI,N,0.51508,0.50426,0.01082,808,772,6828.0,6338.0,1,0,0
8477488,Brett Pesce,NJD,D,261,V3,NZI,N,0.50027,0.4898,0.01047,750,712,7340.0,7501.0,1,0,0
8479348,Kale Clague,BUF,D,36,V3,NZI,N,0.57363,0.56432,0.00932,84,72,713.0,723.0,1,0,0
8475625,Matt Irwin,WSH,D,61,V3,NZI,N,0.38939,0.38019,0.0092,107,77,773.0,626.0,1,0,0
8477810,Joel Hanley,CGY,D,189,V3,NZI,N,0.46314,0.45409,0.00905,394,410,3025.0,3191.0,1,0,0
8479395,Dennis Cholowski,NJD,D,58,V3,NZI,N,0.46973,0.4609,0.00884,90,75,826.0,959.0,1,0,0
8481599,Victor Soderstrom,BOS,D,41,V3,NZI,N,0.44061,0.4319,0.00871,77,106,724.0,1116.0,1,0,0
8481072,Tim Berni,CBJ,D,59,V3,NZI,N,0.41617,0.4084,0.00777,156,161,1497.0,1643.0,1,0,0
8481600,Tobias Bjornfot,FLA,D,47,V3,NZI,N,0.54023,0.53382,0.00641,110,98,870.0,961.0,1,0,0
8475753,Justin Faulk,DET,D,298,V3,NZI,N,0.46576,0.45954,0.00622,759,747,7360.0,7057.0,1,0,0
8482684,Luke Hughes,NJD,D,223,V3,NZI,N,0.44098,0.43489,0.00609,602,607,6032.0,6965.0,1,0,0
8478021,William Lagesson,DET,D,47,V3,NZI,N,0.41658,0.41061,0.00597,86,92,953.0,1018.0,1,0,0
8477447,Shea Theodore,VGK,D,240,V3,NZI,N,0.48453,0.47887,0.00566,665,656,7500.0,6248.0,1,0,0
8482858,Ryker Evans,SEA,D,175,V3,NZI,N,0.44421,0.43864,0.00557,374,408,4723.0,5631.0,1,0,0
8483460,David Jiricek,PHI,D,85,V3,NZI,N,0.46356,0.45815,0.00541,153,167,1866.0,1589.0,1,0,0
8480887,Jordan Harris,BOS,D,162,V3,NZI,N,0.45342,0.44885,0.00457,327,349,4133.0,4008.0,1,0,0
8478430,Oliver Kylington,ANA,D,52,V3,NZI,N,0.45877,0.4543,0.00447,100,118,1055.0,1116.0,1,0,0
8478911,Matt Roy,WSH,D,311,V3,NZI,N,0.46943,0.46544,0.00398,834,760,8700.0,8609.0,1,0,0
8479338,Markus Niemelainen,EDM,D,23,V3,NZI,N,0.30351,0.3,0.00351,43,31,313.0,250.0,0,0,0
8481743,Marc Del Gaizo,NSH,D,55,V3,NZI,N,0.46066,0.45777,0.00289,127,140,1220.0,1693.0,1,0,0
8478507,John Marino,UTA,D,253,V3,NZI,N,0.48156,0.47982,0.00174,725,731,6969.0,6367.0,1,0,0
8474145,Robert Bortuzzo,UTA,D,87,V3,NZI,N,0.45553,0.45437,0.00116,158,153,832.0,1019.0,1,0,0
8482131,Donovan Sebrango,FLA,D,44,V3,NZI,N,0.48916,0.48821,0.00095,107,105,1153.0,1315.0,1,0,0
8480831,Alec Regula,EDM,D,33,V3,NZI,N,0.50746,0.50728,0.00018,75,66,603.0,824.0,1,0,0
8475208,Brian Dumoulin,LAK,D,323,V3,NZI,N,0.44387,0.44375,0.00012,813,814,7973.0,8534.0,1,0,0
8480192,Johnathan Kovacevic,NJD,D,254,V3,NZI,N,0.48112,0.48125,-0.00012,591,604,5589.0,6639.0,1,0,0
8477435,Ryan Graves,PIT,D,231,V3,NZI,N,0.47253,0.47295,-0.00043,553,519,5678.0,5324.0,1,0,0
8476854,Hampus Lindholm,BOS,D,237,V3,NZI,N,0.47922,0.47994,-0.00073,620,577,5509.0,4961.0,1,0,0
8475181,Nick Leddy,SJS,D,223,V3,NZI,N,0.42512,0.42608,-0.00096,653,643,6951.0,6581.0,1,0,0
8479998,Mikey Anderson,LAK,D,307,V3,NZI,N,0.53244,0.53381,-0.00137,960,854,10649.0,9996.0,1,0,0
8484798,Zeev Buium,VAN,D,75,V3,NZI,N,0.40203,0.40413,-0.0021,154,153,1868.0,1888.0,1,0,0
8478970,Jalen Chatfield,CAR,D,301,V3,NZI,N,0.514,0.51667,-0.00268,875,741,9395.0,7047.0,1,0,0
8475279,Ben Chiarot,DET,D,316,V3,NZI,N,0.45705,0.46005,-0.003,863,917,8638.0,9562.0,1,0,0
8479323,Adam Fox,NYR,D,283,V3,NZI,N,0.46103,0.465,-0.00396,827,761,8546.0,7542.0,1,0,0
8479980,Nicolas Hague,NSH,D,285,V3,NZI,N,0.43178,0.43592,-0.00414,717,702,8546.0,7405.0,1,0,0
8484321,Nikolas Matinpalo,OTT,D,95,V3,NZI,N,0.48717,0.49194,-0.00477,251,229,1948.0,1736.0,1,0,0
8478476,Kyle Capobianco,DAL,D,48,V3,NZI,N,0.53281,0.53831,-0.0055,75,65,762.0,496.0,1,0,0
8474716,Jared Spurgeon,MIN,D,240,V3,NZI,N,0.50522,0.51148,-0.00626,579,626,6126.0,5879.0,1,0,0
8475233,David Savard,MTL,D,197,V3,NZI,N,0.44817,0.45448,-0.00631,474,501,5460.0,5800.0,1,0,0
8482166,Shakir Mukhamadullin,SJS,D,83,V3,NZI,N,0.40877,0.41563,-0.00686,200,226,1847.0,2406.0,1,0,0
8480884,Calen Addison,SJS,D,134,V3,NZI,N,0.50934,0.51655,-0.00721,243,229,2570.0,2145.0,1,0,0
8481806,Louis Crevier,CHI,D,134,V3,NZI,N,0.46364,0.47165,-0.00801,306,366,2970.0,3227.0,1,0,0
8482733,Logan Mailloux,STL,D,74,V3,NZI,N,0.42067,0.42916,-0.00849,180,149,1771.0,1461.0,1,0,0
8480434,Sean Durzi,UTA,D,238,V3,NZI,N,0.50502,0.51375,-0.00873,603,604,6871.0,6509.0,1,0,0
8482165,Yan Kuznetsov,CGY,D,58,V3,NZI,N,0.47558,0.48438,-0.0088,163,190,1167.0,1953.0,1,0,0
8474151,Ryan McDonagh,TBL,D,275,V3,NZI,N,0.48642,0.49563,-0.00921,785,756,7107.0,7441.0,1,0,0
8474166,Alec Martinez,CHI,D,176,V3,NZI,N,0.47477,0.48498,-0.01021,432,444,5093.0,4994.0,1,0,0
8474568,Luke Schenn,BUF,D,259,V3,NZI,N,0.39206,0.40258,-0.01052,586,609,4859.0,5589.0,1,0,0
8481568,Alex Vlasic,CHI,D,245,V3,NZI,N,0.45667,0.46721,-0.01054,669,767,7605.0,8189.0,1,0,0
8479324,Ryan Lindgren,SEA,D,286,V3,NZI,N,0.45283,0.46367,-0.01085,707,676,6508.0,6483.0,1,0,0
8481567,Henry Thrun,TOR,D,124,V3,NZI,N,0.39882,0.41015,-0.01133,337,280,3553.0,2699.0,1,0,0
8476422,Mike Reilly,CAR,D,131,V3,NZI,N,0.46785,0.48226,-0.01442,353,304,2659.0,2932.0,1,0,0
8480839,Rasmus Dahlin,BUF,D,309,V3,NZI,N,0.46047,0.47522,-0.01475,960,1103,8980.0,10553.0,1,0,0
8481581,Thomas Harley,DAL,D,233,V3,NZI,N,0.43666,0.4522,-0.01554,651,598,7736.0,6486.0,1,0,0
8476958,Jaccob Slavin,CAR,D,276,V3,NZI,N,0.52937,0.54568,-0.01631,777,732,9175.0,6709.0,1,0,0
8477220,Nate Schmidt,UTA,D,295,V3,NZI,N,0.43973,0.45727,-0.01754,636,726,6106.0,7173.0,1,0,0
8475906,John Klingberg,SJS,D,147,V3,NZI,N,0.38164,0.40297,-0.02132,318,380,3595.0,3777.0,1,0,0
8476457,Adam Larsson,SEA,D,326,V3,NZI,N,0.46824,0.48965,-0.02141,837,999,10059.0,10430.0,1,0,0
8481542,Moritz Seider,DET,D,328,V3,NZI,N,0.43965,0.46109,-0.02144,942,940,9578.0,9059.0,1,0,0
8481537,Nikita Okhotiuk,CGY,D,62,V3,NZI,N,0.45073,0.47297,-0.02224,113,113,1502.0,888.0,1,0,0
8480001,Urho Vaakanainen,NYR,D,176,V3,NZI,N,0.41305,0.43579,-0.02274,365,366,3479.0,4018.0,1,0,0
8482964,Arber Xhekaj,MTL,D,230,V3,NZI,N,0.4595,0.48267,-0.02317,425,452,4272.0,4732.0,1,0,0
8474563,Drew Doughty,LAK,D,264,V3,NZI,N,0.53651,0.56098,-0.02447,856,791,9230.0,9241.0,1,0,0
8479442,Troy Stecher,TOR,D,265,V3,NZI,N,0.46378,0.48827,-0.02449,565,540,5936.0,5667.0,1,0,0
8480807,Mattias Samuelsson,BUF,D,236,V3,NZI,N,0.46518,0.49074,-0.02556,717,732,7208.0,7071.0,1,0,0
8478407,Vince Dunn,SEA,D,282,V3,NZI,N,0.46343,0.49269,-0.02927,735,883,9009.0,9239.0,1,0,0
8479982,Conor Timmins,BUF,D,159,V3,NZI,N,0.47668,0.50762,-0.03094,348,346,2830.0,2756.0,1,0,0
8482095,Tyler Kleven,OTT,D,166,V3,NZI,N,0.45768,0.48877,-0.03109,441,399,4182.0,3294.0,1,0,0
8481719,Maxwell Crozier,TBL,D,53,V3,NZI,N,0.43839,0.47012,-0.03173,117,87,1339.0,1121.0,1,0,0
8481006,Tyler Tucker,STL,D,158,V3,NZI,N,0.42193,0.45379,-0.03186,340,297,3010.0,3116.0,1,0,0
8482624,Daniil Miromanov,CGY,D,83,V3,NZI,N,0.45579,0.48796,-0.03217,216,244,1685.0,2201.0,1,0,0
8481605,Jackson LaCombe,ANA,D,229,V3,NZI,N,0.46877,0.50139,-0.03262,578,617,5860.0,6099.0,1,0,0
8479026,Philippe Myers,TOR,D,91,V3,NZI,N,0.34879,0.38269,-0.0339,173,161,1531.0,1398.0,1,0,0
8478396,Noah Hanifin,VGK,D,313,V3,NZI,N,0.45525,0.48995,-0.0347,955,950,9744.0,8756.0,1,0,0
8480035,Henri Jokiharju,BOS,D,235,V3,NZI,N,0.45025,0.48745,-0.0372,564,661,5437.0,5619.0,1,0,0
8481593,Jayden Struble,MTL,D,171,V3,NZI,N,0.43006,0.46779,-0.03774,318,342,3846.0,3959.0,1,0,0
8474628,Michael Stone,CGY,D,48,V3,NZI,N,0.32541,0.36754,-0.04213,65,80,547.0,419.0,1,0,0
8483620,Marcus Bjork,CBJ,D,33,V3,NZI,N,0.33951,0.38178,-0.04227,90,64,863.0,516.0,1,0,0
8476525,Colin Miller,WPG,D,202,V3,NZI,N,0.40547,0.45281,-0.04733,470,410,4274.0,3401.0,1,0,0
8471303,Alexander Edler,LAK,D,64,V3,NZI,N,0.53833,0.5911,-0.05277,106,111,1174.0,1191.0,1,0,0
8481161,Jake Christiansen,CBJ,D,144,V3,NZI,N,0.38895,0.44235,-0.0534,231,236,2733.0,2541.0,1,0,0
8478450,Parker Wotherspoon,PIT,D,188,V3,NZI,N,0.43842,0.49231,-0.05389,462,485,4831.0,4940.0,1,0,0
8483398,Declan Carlile,TBL,D,46,V3,NZI,N,0.42329,0.47727,-0.05399,99,88,919.0,924.0,1,0,0
8483678,Elias Pettersson,VAN,D,97,V3,NZI,N,0.42763,0.48298,-0.05535,175,199,1665.0,1586.0,1,0,0
8477335,Kyle Burroughs,LAK,D,154,V3,NZI,N,0.41452,0.47222,-0.05771,311,316,3293.0,2592.0,1,0,0
8483495,Simon Nemec,NJD,D,155,V3,NZI,N,0.42028,0.47954,-0.05926,336,326,4202.0,3739.0,1,0,0
8471274,Alex Goligoski,MIN,D,82,V3,NZI,N,0.35201,0.41208,-0.06007,155,180,1642.0,1655.0,1,0,0
8470966,Mark Giordano,TOR,D,124,V3,NZI,N,0.43561,0.49709,-0.06148,263,272,2213.0,2748.0,1,0,0
8475227,Chris Wideman,MTL,D,46,V3,NZI,N,0.32199,0.38504,-0.06304,92,108,823.0,1096.0,1,0,0
8481059,Scott Perunovich,NYI,D,89,V3,NZI,N,0.42312,0.48846,-0.06534,162,143,1652.0,1517.0,1,0,0
8480070,Ian Mitchell,BOS,D,63,V3,NZI,N,0.40989,0.47795,-0.06806,120,114,1254.0,1270.0,1,0,0
8482094,Daemon Hunt,MIN,D,45,V3,NZI,N,0.47552,0.54438,-0.06885,61,84,715.0,676.0,1,0,0
8481708,Zac Jones,NYR,D,93,V3,NZI,N,0.43484,0.50904,-0.07419,190,177,2187.0,2324.0,1,0,0
8481607,Albert Johansson,DET,D,143,V3,NZI,N,0.42926,0.50828,-0.07902,282,288,2700.0,2778.0,1,0,0
8474565,Alex Pietrangelo,VGK,D,209,V3,NZI,N,0.43024,0.51828,-0.08804,542,578,6422.0,6155.0,1,0,0
8482700,Nolan Allan,CHI,D,43,V3,NZI,N,0.23922,0.32828,-0.08906,64,89,719.0,923.0,1,0,0
8484223,Axel Sandin-Pellikka,DET,D,68,V3,NZI,N,0.38249,0.47206,-0.08958,140,127,1336.0,1235.0,1,0,0
8478017,Mark Friedman,VAN,D,51,V3,NZI,N,0.50311,0.59375,-0.09064,89,99,803.0,704.0,1,0,0
8482178,Ian Moore,ANA,D,69,V3,NZI,N,0.46277,0.55344,-0.09067,146,110,1316.0,1048.0,1,0,1
8481541,Samuel Bolduc,NYI,D,52,V3,NZI,N,0.44302,0.53692,-0.0939,106,108,939.0,1300.0,1,0,0
8481030,Jack St. Ivany,PIT,D,53,V3,NZI,N,0.34334,0.4755,-0.13216,111,94,833.0,755.0,1,0,0
8482067,Connor Mackey,NYR,D,36,V3,NZI,N,0.39702,0.53121,-0.13419,61,82,403.0,753.0,1,0,0
8482516,Matthew Kessel,STL,D,99,V3,NZI,N,0.36854,0.51809,-0.14955,192,197,1742.0,1907.0,1,0,0
8482861,Vincent Iorio,NYR,D,36,V3,NZI,N,0.33631,0.51232,-0.17601,72,74,672.0,609.0,1,0,0
8478502,Dennis Gilbert,OTT,D,94,V3,NZI,N,0.36026,0.5434,-0.18314,131,144,941.0,1106.0,1,0,0
8484150,Hunter Brzustewicz,CGY,D,34,V3,NZI,N,0.39196,0.64968,-0.25772,84,70,796.0,628.0,1,0,0
8476470,Nathan Beaulieu,ANA,D,52,V3,NZI,N,0.18415,0.45818,-0.27403,97,100,896.0,801.0,1,0,0
8483597,Milos Kelemen,UTA,L,24,V3,NZI,N,0.78286,0.40374,0.37911,25,39,175.0,374.0,0,2,5
8479533,Joona Koppanen,PIT,L,33,V3,NZI,N,0.67802,0.38209,0.29593,46,50,587.0,335.0,0,50,53
8483455,Isaac Howard,EDM,L,29,V3,NZI,N,0.51032,0.23464,0.27568,34,35,533.0,537.0,0,0,0
8478067,Oskar Lindblom,SJS,L,74,V3,NZI,N,0.53639,0.30532,0.23107,83,93,742.0,714.0,1,8,10
8482241,Radim Zohorna,PIT,L,43,V3,NZI,N,0.56098,0.33452,0.22646,39,56,328.0,562.0,0,23,23
8476455,Gabriel Landeskog,COL,L,60,V3,NZI,N,0.62825,0.41993,0.20832,127,128,1154.0,1355.0,1,85,65
8482132,Brett Berard,NYR,L,48,V3,NZI,N,0.5643,0.38442,0.17988,75,66,902.0,783.0,1,3,4
8475169,Evander Kane,VAN,L,189,V3,NZI,N,0.54527,0.37844,0.16684,425,399,5058.0,5055.0,1,52,71
8482222,Alexander Barabanov,SJS,L,114,V3,NZI,N,0.52976,0.36725,0.16251,255,277,2537.0,2565.0,1,3,5
8477930,Pierre-Edouard Bellemare,SEA,L,113,V3,NZI,N,0.56376,0.40979,0.15397,164,124,1639.0,1042.0,1,381,325
8481077,John Leonard,DET,L,23,V3,NZI,N,0.59211,0.43966,0.15245,32,24,228.0,232.0,0,0,0
8477353,Tyler Motte,DET,L,186,V3,NZI,N,0.57466,0.42771,0.14695,312,300,2739.0,2497.0,1,139,169
8483513,Reid Schaefer,NSH,L,46,V3,NZI,N,0.59817,0.45146,0.14672,74,74,657.0,618.0,1,1,7
8482172,Landon Slaggert,CHI,L,102,V3,NZI,N,0.5004,0.35788,0.14251,153,185,1261.0,2023.0,1,1,4
8479314,Matthew Tkachuk,FLA,L,242,V3,NZI,N,0.55068,0.42936,0.12132,509,613,5377.0,5592.0,1,12,18
8480220,Noah Cates,PHI,L,301,V3,NZI,N,0.57477,0.45468,0.12008,653,713,3852.0,5340.0,1,1228,1528
8480801,Brady Tkachuk,OTT,L,295,V3,NZI,N,0.54824,0.42951,0.11873,746,799,6882.0,6512.0,1,463,470
8480468,James Hamblin,EDM,L,41,V3,NZI,N,0.56889,0.45126,0.11763,47,41,450.0,277.0,0,105,92
8479661,Tanner Jeannot,BOS,L,275,V3,NZI,N,0.53304,0.41879,0.11425,544,454,5780.0,4661.0,1,45,70
8476915,Jujhar Khaira,MIN,L,52,V3,NZI,N,0.50545,0.3922,0.11325,94,106,918.0,974.0,1,125,124
8476858,Phillip Di Giuseppe,VAN,L,101,V3,NZI,N,0.40633,0.29468,0.11164,182,161,1644.0,1354.0,1,5,15
8480762,Eric Robinson,CAR,L,268,V3,NZI,N,0.53041,0.43165,0.09876,517,486,5081.0,4601.0,1,10,42
8478474,Lawson Crouse,UTA,L,319,V3,NZI,N,0.55881,0.46313,0.09568,696,775,6818.0,6808.0,1,78,138
8481716,Dmitri Voronkov,CBJ,L,211,V3,NZI,N,0.4935,0.40098,0.09252,404,471,4385.0,5085.0,1,265,377
8478211,Dryden Hunt,CGY,L,73,V3,NZI,N,0.53607,0.44432,0.09175,85,94,901.0,916.0,1,5,5
8476410,Josh Leivo,STL,L,51,V3,NZI,N,0.52886,0.43813,0.09073,80,88,641.0,792.0,1,3,4
8477494,Jonathan Drouin,STL,L,244,V3,NZI,N,0.49474,0.40544,0.08931,458,568,4851.0,5811.0,1,272,310
8482742,Zachary L'Heureux,NSH,L,86,V3,NZI,N,0.46135,0.37242,0.08893,156,170,1617.0,1646.0,1,3,7
8473419,Brad Marchand,FLA,L,278,V3,NZI,N,0.50364,0.41853,0.08511,522,486,5077.0,4241.0,1,27,55
8475722,Jason Zucker,BUF,L,282,V3,NZI,N,0.4934,0.41118,0.08222,464,532,4623.0,5669.0,1,46,72
8474884,Mike Hoffman,SJS,L,133,V3,NZI,N,0.48536,0.40362,0.08173,224,263,2083.0,2594.0,1,24,30
8480748,Kiefer Sherwood,SJS,L,249,V3,NZI,N,0.50563,0.42512,0.08051,514,518,5150.0,5342.0,1,47,55
8477476,Artturi Lehkonen,COL,L,247,V3,NZI,N,0.52577,0.44651,0.07926,555,692,4831.0,6674.0,1,9,25
8475235,Nicolas Deslauriers,CAR,L,202,V3,NZI,N,0.54336,0.46451,0.07885,257,246,2952.0,2353.0,1,10,14
8470610,Zach Parise,COL,L,112,V3,NZI,N,0.5078,0.43459,0.07321,229,194,1538.0,2018.0,1,17,34
8477478,William Carrier,CAR,L,208,V3,NZI,N,0.50935,0.43618,0.07317,535,505,4066.0,4301.0,1,20,31
8475287,Erik Haula,NSH,L,306,V3,NZI,N,0.50304,0.43111,0.07193,643,551,5755.0,5226.0,1,1582,1377
8482055,Drew O'Connor,VAN,L,290,V3,NZI,N,0.48889,0.41835,0.07054,513,532,5040.0,5493.0,1,108,142
8484145,Zach Benson,BUF,L,211,V3,NZI,N,0.54962,0.48317,0.06644,359,427,3648.0,4487.0,1,13,24
8479359,Beck Malenstyn,BUF,L,247,V3,NZI,N,0.50601,0.4403,0.06571,437,423,3579.0,3861.0,1,33,33
8480797,Joel Farabee,CGY,L,326,V3,NZI,N,0.50097,0.43527,0.0657,637,614,6685.0,5608.0,1,64,104
8478047,Michael Bunting,DAL,L,313,V3,NZI,N,0.51403,0.44887,0.06516,601,564,6488.0,6053.0,1,18,34
8471214,Alex Ovechkin,WSH,L,299,V3,NZI,N,0.49025,0.42541,0.06484,564,635,5846.0,6831.0,1,5,9
8474157,Max Pacioretty,TOR,L,89,V3,NZI,N,0.45237,0.38843,0.06394,175,153,1627.0,1694.0,1,10,15
8479383,Boris Katchouk,TBL,L,120,V3,NZI,N,0.56623,0.50274,0.06349,146,190,1374.0,2005.0,1,18,36
8482089,Jake Neighbours,STL,L,270,V3,NZI,N,0.51454,0.45343,0.06111,483,501,4402.0,4649.0,1,22,46
8476918,Jimmy Vesey,COL,L,204,V3,NZI,N,0.46787,0.40742,0.06045,400,375,3595.0,3721.0,1,14,36
8483499,Liam Ohgren,VAN,L,96,V3,NZI,N,0.48326,0.42375,0.05951,150,170,1703.0,1600.0,1,9,13
8476346,Johnny Gaudreau,CBJ,L,161,V3,NZI,N,0.4978,0.43885,0.05895,364,373,4315.0,4783.0,1,0,0
8480027,Jason Robertson,DAL,L,328,V3,NZI,N,0.47935,0.42252,0.05683,749,730,7796.0,7744.0,1,6,13
8479293,Brandon Tanev,UTA,L,282,V3,NZI,N,0.50183,0.44506,0.05677,476,501,4093.0,3950.0,1,19,58
8476871,Tanner Pearson,BUF,L,203,V3,NZI,N,0.48648,0.43004,0.05643,365,381,3106.0,3588.0,1,13,52
8481043,Cole Koepke,WPG,L,164,V3,NZI,N,0.47257,0.41639,0.05618,255,284,2078.0,2673.0,1,0,4
8477402,Pavel Buchnevich,STL,L,299,V3,NZI,N,0.48716,0.43149,0.05567,579,647,6074.0,6897.0,1,286,514
8477998,Warren Foegele,OTT,L,299,V3,NZI,N,0.4963,0.44186,0.05445,634,609,6089.0,6441.0,1,44,51
8475786,Zach Hyman,EDM,L,289,V3,NZI,N,0.52221,0.46805,0.05416,586,642,7675.0,7559.0,1,9,17
8478233,Andrew Mangiapane,CHI,L,300,V3,NZI,N,0.502,0.44862,0.05338,601,602,5751.0,6063.0,1,13,25
8481732,Andre Lee,LAK,L,26,V3,NZI,N,0.42356,0.37247,0.05109,32,37,399.0,247.0,0,0,0
8483515,Juraj Slafkovský,MTL,L,282,V3,NZI,N,0.53438,0.48358,0.0508,585,538,6967.0,6942.0,1,30,45
8477479,Tyler Bertuzzi,CHI,L,291,V3,NZI,N,0.50646,0.45677,0.0497,554,624,6962.0,7367.0,1,66,89
8478975,Mason Marchment,CBJ,L,279,V3,NZI,N,0.49828,0.44904,0.04924,626,489,6990.0,5073.0,1,31,41
8473994,Jamie Benn,DAL,L,304,V3,NZI,N,0.47884,0.43054,0.0483,601,536,4774.0,4276.0,1,881,591
8477407,Anthony Duclair,NYI,L,199,V3,NZI,N,0.44162,0.39403,0.0476,422,409,4334.0,4053.0,1,21,32
8478042,Viktor Arvidsson,BOS,L,231,V3,NZI,N,0.57486,0.52895,0.04591,470,455,4829.0,4749.0,1,42,70
8481535,Nils Hoglander,VAN,L,214,V3,NZI,N,0.4709,0.42525,0.04565,317,352,2990.0,3311.0,1,1,2
8473422,Nick Foligno,MIN,L,266,V3,NZI,N,0.46534,0.41972,0.04562,499,537,4760.0,5518.0,1,543,546
8477839,Conor Sheary,NYR,L,206,V3,NZI,N,0.47834,0.43371,0.04463,415,354,4271.0,3447.0,1,27,30
8479400,Pierre-Luc Dubois,WSH,L,266,V3,NZI,N,0.55099,0.50661,0.04439,495,547,5236.0,5677.0,1,1434,1515
8474034,Patrick Maroon,CHI,L,199,V3,NZI,N,0.51296,0.47206,0.0409,318,342,3433.0,3722.0,1,47,66
8478463,Anthony Beauvillier,WSH,L,305,V3,NZI,N,0.51001,0.46984,0.04017,540,548,5496.0,5702.0,1,75,75
8475184,Chris Kreider,ANA,L,303,V3,NZI,N,0.51558,0.47671,0.03887,699,652,6354.0,6549.0,1,94,143
8473986,Alex Killorn,ANA,L,308,V3,NZI,N,0.47944,0.44138,0.03806,555,658,5861.0,7241.0,1,46,86
8478498,Jake DeBrusk,VAN,L,306,V3,NZI,N,0.48601,0.44843,0.03758,562,569,5290.0,4770.0,1,26,42
8482667,William Eklund,SJS,L,242,V3,NZI,N,0.5078,0.47102,0.03678,462,540,5447.0,6142.0,1,81,177
8482476,Emil Heineman,NYI,L,148,V3,NZI,N,0.45007,0.41361,0.03646,279,275,2924.0,3189.0,1,4,16
8480188,Fabian Zetterlund,OTT,L,316,V3,NZI,N,0.47036,0.43439,0.03597,683,645,6899.0,6234.0,1,48,68
8481582,Nicholas Robertson,TOR,L,218,V3,NZI,N,0.47051,0.43486,0.03566,355,336,3832.0,3546.0,1,19,24
8481592,Jakob Pelletier,TBL,L,91,V3,NZI,N,0.58964,0.55415,0.03549,150,152,1428.0,1265.0,1,14,28
8478046,Danton Heinen,CBJ,L,264,V3,NZI,N,0.50077,0.46554,0.03523,426,438,4531.0,4266.0,1,34,51
8481557,Matt Boldy,MIN,L,314,V3,NZI,N,0.51754,0.48278,0.03476,694,711,8409.0,9203.0,1,145,150
8481550,Adam Beckman,MIN,L,20,V3,NZI,N,0.55932,0.52471,0.03462,17,32,177.0,425.0,0,0,1
8481641,Joel Kiviranta,COL,L,255,V3,NZI,N,0.50132,0.46682,0.0345,446,438,3409.0,4023.0,1,26,22
8475220,Marcus Foligno,MIN,L,253,V3,NZI,N,0.48159,0.44797,0.03363,485,525,5324.0,5583.0,1,26,30
8477940,Nikolaj Ehlers,CAR,L,278,V3,NZI,N,0.53734,0.50371,0.03363,470,551,5745.0,5795.0,1,12,34
8477404,Jake Guentzel,TBL,L,306,V3,NZI,N,0.50845,0.47601,0.03243,794,744,7696.0,8109.0,1,254,283
8477456,J.T. Compher,DET,L,317,V3,NZI,N,0.48125,0.44889,0.03236,598,649,4694.0,6124.0,1,1720,1813
8474679,Gustav Nyquist,WPG,L,262,V3,NZI,N,0.49584,0.46429,0.03154,536,430,4923.0,5195.0,1,36,60
8482116,Tim Stützle,OTT,L,315,V3,NZI,N,0.53206,0.50103,0.03103,649,647,7501.0,6301.0,1,847,942
8475149,Marcus Johansson,MIN,L,305,V3,NZI,N,0.483,0.45242,0.03058,577,659,6470.0,7639.0,1,31,54
8482062,Cole Smith,VGK,L,283,V3,NZI,N,0.49014,0.46126,0.02888,617,578,5172.0,5175.0,1,17,30
8482117,Lukas Reichel,BOS,L,187,V3,NZI,N,0.4625,0.43387,0.02862,267,335,2653.0,3773.0,1,246,364
8479542,Brandon Hagel,TBL,L,316,V3,NZI,N,0.54591,0.51957,0.02633,742,684,8223.0,8455.0,1,64,116
8475791,Taylor Hall,CAR,L,228,V3,NZI,N,0.52258,0.49717,0.02541,408,460,4363.0,4763.0,1,53,67
8476887,Filip Forsberg,NSH,L,295,V3,NZI,N,0.48798,0.46383,0.02415,729,654,6904.0,6953.0,1,24,39
8477527,Ross Johnston,ANA,L,189,V3,NZI,N,0.42115,0.39701,0.02415,270,213,2657.0,1937.0,1,8,11
8481789,Tye Kartye,NYR,L,204,V3,NZI,N,0.49322,0.46976,0.02347,304,340,3173.0,3042.0,1,47,60
8478109,Victor Olofsson,CGY,L,260,V3,NZI,N,0.48397,0.46088,0.02308,404,439,4116.0,4691.0,1,4,19
8477425,Miles Wood,CBJ,L,241,V3,NZI,N,0.48573,0.4634,0.02233,433,398,4414.0,3675.0,1,19,47
8478550,Artemi Panarin,LAK,L,321,V3,NZI,N,0.49515,0.47341,0.02174,689,606,8757.0,8274.0,1,6,16
8484185,Nick Lardis,CHI,L,41,V3,NZI,N,0.56985,0.54938,0.02048,83,65,816.0,881.0,1,1,1
8476882,Teuvo Teravainen,CHI,L,301,V3,NZI,N,0.50988,0.48977,0.02011,572,610,5974.0,5425.0,1,134,159
8477955,Jared McCann,SEA,L,293,V3,NZI,N,0.49388,0.47428,0.01959,478,579,4493.0,5347.0,1,232,257
8477947,Sonny Milano,WSH,L,147,V3,NZI,N,0.44377,0.42475,0.01902,215,222,2152.0,2093.0,1,8,4
8480448,Parker Kelly,COL,L,296,V3,NZI,N,0.52841,0.51059,0.01783,507,471,3766.0,4062.0,1,322,442
8482078,Lucas Raymond,DET,L,318,V3,NZI,N,0.48404,0.46779,0.01625,733,695,6518.0,6986.0,1,8,15
8475766,Austin Watson,DET,L,121,V3,NZI,N,0.47097,0.4554,0.01557,172,140,1223.0,953.0,1,6,10
8478028,Fredrik Olofsson,COL,L,85,V3,NZI,N,0.46763,0.45269,0.01494,113,124,973.0,1173.0,1,129,182
8477444,Andre Burakovsky,CHI,L,252,V3,NZI,N,0.46315,0.44953,0.01361,412,507,4735.0,5786.0,1,6,15
8482720,Matthew Knies,TOR,L,240,V3,NZI,N,0.48527,0.47177,0.0135,523,451,5090.0,5242.0,1,0,6
8478864,Kirill Kaprizov,MIN,L,261,V3,NZI,N,0.50847,0.49742,0.01105,641,679,8557.0,9312.0,1,0,2
8481711,Matias Maccelli,TOR,L,272,V3,NZI,N,0.52394,0.51356,0.01038,555,562,6308.0,5421.0,1,13,18
8483808,Andrei Kuzmenko,LAK,L,271,V3,NZI,N,0.49585,0.48739,0.00847,428,511,4703.0,5550.0,1,2,0
8474102,David Perron,DET,L,266,V3,NZI,N,0.48491,0.47661,0.0083,541,512,4308.0,4190.0,1,25,37
8476921,Jordan Martinook,CAR,L,320,V3,NZI,N,0.53996,0.53207,0.00789,922,748,9134.0,6657.0,1,127,130
8483445,Cutter Gauthier,ANA,L,158,V3,NZI,N,0.5021,0.49567,0.00643,288,308,3099.0,3345.0,1,64,87
8477426,Nick Paul,TBL,L,289,V3,NZI,N,0.45715,0.45227,0.00488,642,547,6558.0,5364.0,1,1297,1182
8478104,Sammy Blais,MTL,L,145,V3,NZI,N,0.51152,0.50775,0.00377,184,245,1562.0,2257.0,1,5,14
8480113,Alex Iafallo,WPG,L,302,V3,NZI,N,0.52099,0.51991,0.00107,532,548,5075.0,5801.0,1,34,52
8479407,Jesper Bratt,NJD,L,327,V3,NZI,N,0.50134,0.50061,0.00074,705,766,6700.0,7403.0,1,9,17
8482077,Dylan Holloway,STL,L,224,V3,NZI,N,0.4291,0.42857,0.00053,427,370,4337.0,3976.0,1,113,144
8476438,Brandon Saad,VGK,L,274,V3,NZI,N,0.48423,0.48411,0.00012,514,538,6278.0,5947.0,1,29,47
8479543,Michael Pezzetta,TOR,L,158,V3,NZI,N,0.42008,0.42117,-0.00109,182,200,2171.0,1757.0,1,15,25
8476442,Matt Nieto,PIT,L,135,V3,NZI,N,0.43969,0.44116,-0.00147,218,209,1940.0,1759.0,1,9,9
8479423,Alex Nylander,TOR,L,42,V3,NZI,N,0.45123,0.45354,-0.00231,69,76,851.0,904.0,1,11,8
8475193,Tomas Tatar,NJD,L,226,V3,NZI,N,0.45624,0.46063,-0.00439,413,491,3702.0,4140.0,1,23,38
8481133,Cole Reinhardt,FLA,L,76,V3,NZI,N,0.39449,0.39938,-0.00489,114,115,1270.0,1292.0,1,8,4
8475784,Jeff Skinner,SJS,L,257,V3,NZI,N,0.49414,0.50026,-0.00612,488,502,5209.0,5767.0,1,161,198
8476934,Brock McGinn,ANA,L,125,V3,NZI,N,0.51836,0.52523,-0.00687,194,191,1634.0,1843.0,1,5,14
8482109,Alexis Lafrenière,NYR,L,327,V3,NZI,N,0.46847,0.47591,-0.00743,646,637,7533.0,7512.0,1,59,143
8482408,Jeff Malott,LAK,L,70,V3,NZI,N,0.48035,0.48791,-0.00756,104,101,789.0,1158.0,1,4,10
8483491,Ivan Miroshnichenko,WSH,L,52,V3,NZI,N,0.47541,0.48316,-0.00775,75,75,793.0,950.0,1,0,2
8481604,Pavel Dorofeyev,VGK,L,230,V3,NZI,N,0.44553,0.45354,-0.00801,397,393,4893.0,3896.0,1,5,15
8474037,James van Riemsdyk,DET,L,275,V3,NZI,N,0.46408,0.47239,-0.00831,427,455,4120.0,3893.0,1,22,33
8483630,Pavol Regenda,SJS,L,42,V3,NZI,N,0.4905,0.50087,-0.01037,67,73,579.0,575.0,1,8,8
8484994,Igor Chernyshov,SJS,L,27,V3,NZI,N,0.52679,0.53779,-0.011,56,62,560.0,688.0,1,0,0
8480031,Maxime Comtois,CAR,L,65,V3,NZI,N,0.38235,0.39462,-0.01227,113,99,1292.0,892.0,1,23,15
8477962,Brendan Lemieux,CAR,L,77,V3,NZI,N,0.49053,0.50305,-0.01252,119,91,1478.0,656.0,1,11,18
8476292,Ondrej Palat,NYI,L,277,V3,NZI,N,0.46076,0.47408,-0.01332,553,562,5313.0,5729.0,1,13,43
8477573,Nathan Walker,STL,L,219,V3,NZI,N,0.41841,0.43393,-0.01552,442,372,3922.0,3413.0,1,228,198
8478115,Pierre Engvall,NYI,L,212,V3,NZI,N,0.46624,0.48216,-0.01592,416,360,4369.0,4289.0,1,52,75
8479619,Michael Carcone,UTA,L,214,V3,NZI,N,0.54322,0.56165,-0.01843,378,365,3991.0,3536.0,1,23,28
8482157,Will Cuylle,NYR,L,249,V3,NZI,N,0.44386,0.4657,-0.02184,494,440,4952.0,4271.0,1,34,52
8479066,Ryan Lomberg,CGY,L,294,V3,NZI,N,0.42563,0.44798,-0.02235,404,430,3449.0,4940.0,1,28,44
8474709,Matt Martin,NYI,L,170,V3,NZI,N,0.49954,0.5241,-0.02456,261,273,2190.0,2801.0,1,23,34
8476878,Zemgus Girgensons,TBL,L,299,V3,NZI,N,0.48802,0.51362,-0.0256,615,601,5760.0,5434.0,1,266,314
8482747,Brennan Othmann,CGY,L,44,V3,NZI,N,0.46915,0.49518,-0.02603,69,58,697.0,519.0,1,0,6
8478431,Evgeny Svechnikov,SJS,L,59,V3,NZI,N,0.48684,0.51306,-0.02622,96,84,760.0,421.0,1,5,4
8477454,Adam Erne,DAL,L,130,V3,NZI,N,0.45543,0.48456,-0.02913,209,207,1649.0,1878.0,1,16,25
8478413,Jordan Greenway,BUF,L,203,V3,NZI,N,0.48619,0.51864,-0.03245,368,448,3258.0,4614.0,1,19,69
8477931,Tomas Nosek,FLA,L,182,V3,NZI,N,0.43853,0.47597,-0.03744,338,290,2839.0,2414.0,1,684,555
8477942,Kevin Fiala,LAK,L,288,V3,NZI,N,0.5264,0.56422,-0.03781,602,594,6533.0,7249.0,1,38,70
8479536,Axel Jonsson-Fjallby,WPG,L,76,V3,NZI,N,0.38052,0.41929,-0.03877,111,98,883.0,1047.0,1,1,4
8475314,Anders Lee,NYI,L,327,V3,NZI,N,0.46221,0.50139,-0.03917,673,623,7397.0,6851.0,1,88,89
8478421,A.J. Greer,FLA,L,279,V3,NZI,N,0.45113,0.49693,-0.0458,422,459,3591.0,3747.0,1,27,52
8479356,Kieffer Bellows,NSH,L,47,V3,NZI,N,0.44059,0.48674,-0.04615,62,63,606.0,641.0,1,4,16
8478398,Kyle Connor,WPG,L,310,V3,NZI,N,0.43369,0.48241,-0.04872,565,642,7420.0,8385.0,1,4,11
8482451,Mikael Pyyhtia,CBJ,L,71,V3,NZI,N,0.39293,0.44192,-0.04899,88,108,962.0,1145.0,1,3,4
8477330,Dominik Kubalik,OTT,L,155,V3,NZI,N,0.41557,0.47086,-0.05529,226,269,2197.0,2608.0,1,24,32
8479368,Max Jones,EDM,L,168,V3,NZI,N,0.39584,0.45882,-0.06297,302,305,2693.0,3023.0,1,14,21
8481518,Nolan Foote,FLA,L,29,V3,NZI,N,0.32267,0.38571,-0.06305,28,34,375.0,350.0,0,1,5
8478147,Bokondji Imama,PIT,L,29,V3,NZI,N,0.32895,0.41129,-0.08234,32,24,228.0,248.0,0,0,0
8481725,Elmer Soderblom,PIT,L,106,V3,NZI,N,0.43336,0.5171,-0.08374,145,179,1523.0,1462.0,1,7,18
8479339,Patrik Laine,MTL,L,130,V3,NZI,N,0.44738,0.53854,-0.09116,192,251,2461.0,3114.0,1,54,92
8473473,Milan Lucic,BOS,L,81,V3,NZI,N,0.41141,0.50741,-0.096,104,144,666.0,1080.0,1,17,21
8477941,Nick Ritchie,CGY,L,74,V3,NZI,N,0.41352,0.52516,-0.11165,121,129,1006.0,914.0,1,2,7
8477944,Jakub Vrana,NSH,L,85,V3,NZI,N,0.39968,0.52103,-0.12135,116,133,1236.0,1403.0,1,6,27
8481065,Angus Crookshank,NJD,L,29,V3,NZI,N,0.56208,0.69124,-0.12917,36,25,443.0,217.0,0,2,4
8481093,Rafael Harvey-Pinard,PIT,L,81,V3,NZI,N,0.35667,0.49486,-0.13819,132,149,1657.0,1752.0,1,8,25
8479705,Jeffrey Viel,ANA,L,53,V3,NZI,N,0.49316,0.63385,-0.14069,117,91,1170.0,1087.0,1,2,3
8484388,Daniil But,UTA,L,29,V3,NZI,N,0.41509,0.56955,-0.15446,47,36,424.0,381.0,0,6,13
8477482,Zachary Sanford,CHI,L,45,V3,NZI,N,0.34843,0.51109,-0.16266,53,74,508.0,857.0,1,43,88
8479981,Jonah Gadjovich,FLA,L,126,V3,NZI,N,0.30961,0.47761,-0.168,147,170,1321.0,1675.0,1,4,5
8483395,Arshdeep Bains,VAN,L,49,V3,NZI,N,0.38221,0.56597,-0.18376,58,79,607.0,523.0,1,4,14
8484314,Jiri Smejkal,OTT,L,20,V3,NZI,N,0.29452,0.5216,-0.22708,13,23,146.0,324.0,0,9,15
8480844,Grigori Denisenko,VGK,L,25,V3,NZI,N,0.3692,0.64023,-0.27103,42,44,474.0,517.0,0,0,1
8484180,Samuel Honzek,CGY,L,23,V3,NZI,N,0.3934,0.6871,-0.2937,39,44,394.0,310.0,0,6,5
8475780,Chris Wagner,COL,R,42,V3,NZI,N,0.72687,0.21286,0.51401,33,63,227.0,451.0,0,59,65
8479644,Matt Luff,STL,R,24,V3,NZI,N,0.60569,0.30563,0.30006,27,30,246.0,373.0,0,0,2
8483756,Jared Wright,LAK,R,22,V3,NZI,N,0.68145,0.38525,0.29621,45,31,248.0,244.0,0,0,1
8475968,Alex Belzile,MTL,R,31,V3,NZI,N,0.70576,0.43573,0.27004,48,50,486.0,599.0,0,91,99
8485493,David Tomasek,EDM,R,22,V3,NZI,N,0.53425,0.28182,0.25243,28,37,219.0,550.0,0,28,34
8482118,Sam Colangelo,ANA,R,44,V3,NZI,N,0.52341,0.3145,0.20891,74,56,598.0,655.0,1,5,11
8484984,Ivan Demidov,MTL,R,84,V3,NZI,N,0.57784,0.38542,0.19242,120,135,1137.0,1728.0,1,0,1
8480441,Trey Fix-Wolansky,CBJ,R,20,V3,NZI,N,0.50481,0.3285,0.17631,25,29,208.0,414.0,0,0,0
8481042,Nikolai Kovalenko,SJS,R,58,V3,NZI,N,0.49496,0.32723,0.16773,93,96,695.0,929.0,1,0,4
8482679,Matt Coronato,CGY,R,191,V3,NZI,N,0.55992,0.3962,0.16372,367,395,3822.0,3839.0,1,104,165
8481058,Jesse Ylonen,MTL,R,96,V3,NZI,N,0.5023,0.34582,0.15648,129,155,1089.0,1709.0,1,8,5
8479367,William Lockwood,FLA,R,39,V3,NZI,N,0.50549,0.35673,0.14877,61,49,273.0,342.0,0,4,4
8480833,Vitali Kravtsov,VAN,R,44,V3,NZI,N,0.55305,0.40917,0.14389,64,59,622.0,589.0,1,0,3
8477149,Scott Sabourin,TBL,R,30,V3,NZI,N,0.55513,0.42279,0.13234,46,43,263.0,272.0,0,0,4
8479379,Givani Smith,COL,R,85,V3,NZI,N,0.54518,0.41312,0.13206,97,87,996.0,869.0,1,2,3
8483487,Rutger McGroarty,PIT,R,32,V3,NZI,N,0.46769,0.34066,0.12703,53,61,325.0,637.0,1,8,10
8474573,Josh Bailey,NYI,R,64,V3,NZI,N,0.51977,0.39353,0.12624,109,109,1037.0,1174.0,1,34,48
8471698,T.J. Oshie,WSH,R,110,V3,NZI,N,0.4833,0.35732,0.12598,215,227,1976.0,2057.0,1,23,32
8480292,Carson Meyer,CBJ,R,28,V3,NZI,N,0.49206,0.37138,0.12069,39,27,252.0,552.0,0,0,0
8479638,Justin Brazeau,PIT,R,159,V3,NZI,N,0.55474,0.43497,0.11977,247,289,2320.0,3214.0,1,5,18
8480789,Oliver Wahlstrom,BOS,R,110,V3,NZI,N,0.49149,0.37344,0.11805,149,162,1762.0,1845.0,1,16,19
8480025,MacKenzie Entwistle,CHI,R,133,V3,NZI,N,0.55936,0.44417,0.11519,193,212,1811.0,2427.0,1,245,303
8477511,Anthony Mantha,PIT,R,235,V3,NZI,N,0.54648,0.43312,0.11337,349,441,4421.0,4747.0,1,23,41
8484387,Matvei Michkov,PHI,R,161,V3,NZI,N,0.54227,0.44132,0.10095,283,282,2827.0,2812.0,1,11,18
8477451,Ryan Hartman,MIN,R,278,V3,NZI,N,0.54309,0.44256,0.10053,550,602,6916.0,7373.0,1,1170,1395
8481601,Simon Holmstrom,NYI,R,279,V3,NZI,N,0.51776,0.41994,0.09781,548,449,5209.0,4603.0,1,7,23
8480893,Kirill Marchenko,CBJ,R,292,V3,NZI,N,0.50453,0.41067,0.09386,666,638,8382.0,7836.0,1,45,76
8477473,Justin Bailey,SJS,R,59,V3,NZI,N,0.52216,0.43137,0.09079,87,95,519.0,663.0,1,6,10
8477979,Nicolas Aube-Kubel,MIN,R,141,V3,NZI,N,0.49945,0.4119,0.08756,245,214,2741.0,2253.0,1,16,26
8482159,Tyson Foerster,PHI,R,195,V3,NZI,N,0.54501,0.45808,0.08692,458,456,3844.0,4163.0,1,0,2
8471887,Patric Hornqvist,FLA,R,22,V3,NZI,N,0.52402,0.43779,0.08623,29,24,229.0,217.0,0,0,5
8482659,Josh Doan,BUF,R,144,V3,NZI,N,0.53043,0.4444,0.08603,254,310,2366.0,2617.0,1,34,57
8477956,David Pastrnak,BOS,R,323,V3,NZI,N,0.4996,0.41471,0.08489,558,592,6253.0,6390.0,1,18,29
8478483,Mitch Marner,VGK,R,311,V3,NZI,N,0.49479,0.41048,0.08431,749,643,7383.0,6853.0,1,156,230
8477446,Michael McCarron,MIN,R,255,V3,NZI,N,0.54108,0.4568,0.08428,525,471,4576.0,4352.0,1,1196,1009
8482809,Jackson Blake,CAR,R,162,V3,NZI,N,0.55951,0.47713,0.08238,307,302,3789.0,3280.0,1,15,24
8482146,Luke Evangelista,NSH,R,252,V3,NZI,N,0.48343,0.40185,0.08157,456,469,5219.0,5288.0,1,1,7
8484762,Beckett Sennecke,ANA,R,81,V3,NZI,N,0.50976,0.42985,0.0799,186,195,2101.0,1782.0,1,0,0
8482713,Mackie Samoskevich,FLA,R,156,V3,NZI,N,0.5326,0.45479,0.07781,299,303,2745.0,2599.0,1,5,9
8484911,Collin Graf,SJS,R,120,V3,NZI,N,0.47621,0.40138,0.07483,203,220,1976.0,2170.0,1,7,19
8481517,Brett Leason,WSH,R,190,V3,NZI,N,0.47484,0.40013,0.0747,298,276,2742.0,3009.0,1,40,72
8482765,Isak Rosen,WPG,R,51,V3,NZI,N,0.44427,0.37002,0.07425,77,76,628.0,627.0,1,2,7
8475191,Reilly Smith,VGK,R,302,V3,NZI,N,0.49566,0.42349,0.07217,611,591,6107.0,5908.0,1,26,54
8479941,Justin Danforth,BUF,R,142,V3,NZI,N,0.50494,0.43313,0.07181,278,240,2832.0,2849.0,1,421,407
8480208,Drake Batherson,OTT,R,325,V3,NZI,N,0.53893,0.4684,0.07052,690,695,6448.0,5950.0,1,60,83
8477939,William Nylander,TOR,R,311,V3,NZI,N,0.49352,0.42303,0.07049,798,612,8484.0,6548.0,1,151,177
8476474,Stefan Noesen,NJD,R,275,V3,NZI,N,0.54997,0.48047,0.0695,543,462,5053.0,4250.0,1,105,121
8481553,Bobby Brink,MIN,R,204,V3,NZI,N,0.5009,0.43318,0.06772,374,405,3334.0,3562.0,1,35,66
8479328,Julien Gauthier,NYI,R,85,V3,NZI,N,0.45362,0.38798,0.06564,132,145,884.0,1281.0,1,6,10
8475765,Vladimir Tarasenko,MIN,R,300,V3,NZI,N,0.49735,0.43432,0.06302,634,696,5085.0,6357.0,1,9,12
8476880,Tom Wilson,WSH,R,260,V3,NZI,N,0.51704,0.45831,0.05873,514,561,5253.0,6356.0,1,18,35
8480830,Andrei Svechnikov,CAR,R,274,V3,NZI,N,0.5289,0.47021,0.05869,531,567,6332.0,5555.0,1,12,16
8480205,Emil Bemstrom,PIT,R,125,V3,NZI,N,0.51874,0.46068,0.05806,197,163,1841.0,1882.0,1,14,20
8479344,Jesse Puljujarvi,FLA,R,128,V3,NZI,N,0.48861,0.43104,0.05757,232,220,2063.0,1849.0,1,1,8
8473504,Cal Clutterbuck,NYI,R,131,V3,NZI,N,0.52663,0.4691,0.05753,249,243,1840.0,1893.0,1,11,22
8476483,Rickard Rakell,PIT,R,293,V3,NZI,N,0.47512,0.41908,0.05604,762,775,7636.0,7495.0,1,88,155
8478439,Travis Konecny,PHI,R,295,V3,NZI,N,0.52975,0.47567,0.05409,661,657,7226.0,7192.0,1,95,131
8480015,Owen Tippett,PHI,R,313,V3,NZI,N,0.49905,0.44577,0.05329,660,677,6334.0,6057.0,1,48,54
8476453,Nikita Kucherov,TBL,R,317,V3,NZI,N,0.54964,0.49691,0.05273,651,630,8038.0,8740.0,1,0,0
8475799,Nino Niederreiter,WPG,R,297,V3,NZI,N,0.47317,0.42274,0.05043,716,622,7118.0,6297.0,1,32,39
8470621,Corey Perry,TBL,R,288,V3,NZI,N,0.44662,0.39788,0.04874,421,395,4281.0,4916.0,1,19,30
8484241,Matthew Wood,NSH,R,76,V3,NZI,N,0.42023,0.37286,0.04736,95,117,1147.0,995.0,1,74,117
8484186,Ryan Leonard,WSH,R,84,V3,NZI,N,0.47454,0.42755,0.047,147,189,1532.0,2091.0,1,5,4
8484210,Gabe Perreault,NYR,R,54,V3,NZI,N,0.43593,0.3901,0.04582,155,119,1826.0,1051.0,1,5,6
8482475,Egor Chinakhov,PIT,R,185,V3,NZI,N,0.44057,0.39576,0.04481,340,403,3466.0,4571.0,1,4,18
8478434,Keegan Kolesar,VGK,R,318,V3,NZI,N,0.49778,0.4543,0.04348,757,727,6537.0,6652.0,1,30,52
8479322,Wade Allison,PHI,R,60,V3,NZI,N,0.47312,0.42996,0.04316,106,137,1023.0,1442.0,1,1,5
8478099,Kevin Labanc,CBJ,R,152,V3,NZI,N,0.49736,0.45484,0.04252,247,255,2463.0,2480.0,1,11,17
8477501,Valeri Nichushkin,COL,R,221,V3,NZI,N,0.51473,0.47389,0.04085,450,536,4480.0,5227.0,1,4,5
8479390,Taylor Raddysh,NYR,R,299,V3,NZI,N,0.46774,0.42713,0.04061,547,475,5022.0,4673.0,1,24,51
8474715,Cam Atkinson,TBL,R,109,V3,NZI,N,0.53021,0.49009,0.04012,170,193,1837.0,1918.0,1,8,11
8475855,Jesper Fast,CAR,R,153,V3,NZI,N,0.5534,0.51424,0.03915,413,334,4120.0,2738.0,1,16,19
8481617,Vasily Podkolzin,EDM,R,221,V3,NZI,N,0.51784,0.47932,0.03852,450,412,4372.0,4811.0,1,38,90
8479337,Alex DeBrincat,DET,R,328,V3,NZI,N,0.50149,0.46305,0.03843,672,666,7402.0,7362.0,1,51,65
8475692,Mats Zuccarello,MIN,R,275,V3,NZI,N,0.52639,0.4884,0.03799,557,634,7502.0,8794.0,1,87,127
8482874,Jacob Melanson,SEA,R,37,V3,NZI,N,0.5489,0.51314,0.03576,70,56,634.0,647.0,1,1,0
8475810,Bryan Rust,PIT,R,286,V3,NZI,N,0.48986,0.45542,0.03444,787,742,6657.0,6203.0,1,11,15
8473512,Claude Giroux,OTT,R,327,V3,NZI,N,0.53714,0.50768,0.02946,736,663,6233.0,5468.0,1,1371,967
8483733,Nikita Grebenkin,PHI,R,62,V3,NZI,N,0.41895,0.39024,0.0287,104,120,1024.0,1066.0,1,5,2
8477392,Hudson Fasching,NYI,R,137,V3,NZI,N,0.49867,0.47038,0.0283,307,240,2633.0,2211.0,1,5,17
8478856,Conor Garland,CBJ,R,315,V3,NZI,N,0.52222,0.49419,0.02803,616,618,6030.0,5593.0,1,17,34
8480995,Pontus Holmberg,TBL,R,229,V3,NZI,N,0.50109,0.47351,0.02759,431,415,4113.0,4114.0,1,305,366
8477416,Oliver Bjorkstrand,TBL,R,322,V3,NZI,N,0.49227,0.46478,0.02749,578,655,6665.0,7965.0,1,32,67
8481554,Kaapo Kakko,SEA,R,286,V3,NZI,N,0.43541,0.40802,0.0274,508,667,5032.0,6338.0,1,59,70
8471817,Ryan Reaves,SJS,R,207,V3,NZI,N,0.46669,0.43956,0.02713,275,281,2537.0,2639.0,1,5,14
8475726,Tyler Toffoli,SJS,R,319,V3,NZI,N,0.47971,0.45333,0.02638,642,699,5866.0,5903.0,1,47,63
8477015,Connor Brown,NJD,R,232,V3,NZI,N,0.47703,0.45089,0.02614,417,438,4920.0,4897.0,1,26,48
8483516,Jimmy Snuggerud,STL,R,76,V3,NZI,N,0.42438,0.39854,0.02583,146,137,1600.0,1646.0,1,2,8
8479343,Clayton Keller,UTA,R,322,V3,NZI,N,0.5281,0.50228,0.02582,701,807,7207.0,7902.0,1,57,82
8478366,Frank Vatrano,ANA,R,294,V3,NZI,N,0.4434,0.41788,0.02552,527,592,4770.0,5906.0,1,30,40
8479671,Mathieu Olivier,CBJ,R,263,V3,NZI,N,0.46158,0.43626,0.02532,529,511,5362.0,5052.0,1,17,47
8478444,Brock Boeser,VAN,R,304,V3,NZI,N,0.45438,0.42984,0.02454,606,630,6072.0,6321.0,1,85,142
8475164,Jakob Silfverberg,ANA,R,162,V3,NZI,N,0.44084,0.41675,0.02409,297,275,2096.0,1922.0,1,24,46
8481013,Jonatan Berggren,STL,R,204,V3,NZI,N,0.47101,0.44754,0.02347,315,341,3208.0,3374.0,1,8,17
8478495,Denis Gurianov,PHI,R,84,V3,NZI,N,0.42615,0.40708,0.01907,166,177,1063.0,1835.0,1,0,0
8481703,Valtteri Puustinen,PIT,R,65,V3,NZI,N,0.50838,0.48971,0.01868,107,93,1133.0,923.0,1,1,3
8484958,Maxim Tsyplakov,NJD,R,126,V3,NZI,N,0.46618,0.448,0.01817,229,191,2587.0,2029.0,1,16,19
8474141,Patrick Kane,DET,R,262,V3,NZI,N,0.46864,0.45248,0.01616,544,551,6218.0,6197.0,1,5,8
8477953,Kasperi Kapanen,EDM,R,246,V3,NZI,N,0.47873,0.46338,0.01535,427,446,4560.0,4929.0,1,71,108
8480281,Alexey Toropchenko,STL,R,295,V3,NZI,N,0.46366,0.45265,0.01101,594,490,4568.0,4836.0,1,7,10
8482155,Alex Laferriere,LAK,R,239,V3,NZI,N,0.54739,0.53671,0.01068,475,518,4695.0,5979.0,1,191,264
8478466,Daniel Sprong,NJD,R,172,V3,NZI,N,0.43898,0.42851,0.01047,214,216,2278.0,2504.0,1,8,11
8474149,Evgenii Dadonov,NJD,R,228,V3,NZI,N,0.49876,0.48833,0.01043,426,432,4431.0,4669.0,1,1,10
8478420,Mikko Rantanen,DAL,R,308,V3,NZI,N,0.4845,0.47537,0.00913,718,899,6935.0,9296.0,1,446,411
8483476,Jonathan Lekkerimäki,VAN,R,37,V3,NZI,N,0.55774,0.54925,0.00849,52,57,407.0,599.0,1,0,1
8484860,Matvei Gridin,CGY,R,36,V3,NZI,N,0.5154,0.50941,0.00599,74,70,617.0,691.0,1,3,14
8480007,Jonas Rondbjerg,VGK,R,50,V3,NZI,N,0.48105,0.47513,0.00592,93,75,950.0,583.0,1,2,6
8474586,Jordan Eberle,SEA,R,281,V3,NZI,N,0.46491,0.45964,0.00528,523,625,5814.0,5946.0,1,64,97
8477903,Garnet Hathaway,PHI,R,299,V3,NZI,N,0.48645,0.48313,0.00332,600,495,4835.0,3854.0,1,43,36
8478472,Mathieu Joseph,LAK,R,238,V3,NZI,N,0.48662,0.48541,0.0012,488,439,4147.0,3908.0,1,55,86
8480009,Eeli Tolvanen,SEA,R,300,V3,NZI,N,0.48829,0.48723,0.00107,541,608,5722.0,6654.0,1,19,38
8478414,Timo Meier,NJD,R,304,V3,NZI,N,0.50651,0.50687,-0.00036,758,721,7370.0,7856.0,1,86,135
8482070,Mitchell Chaffee,TBL,R,107,V3,NZI,N,0.5417,0.54228,-0.00058,205,186,2350.0,2034.0,1,9,16
8481540,Cole Caufield,MTL,R,291,V3,NZI,N,0.51008,0.51225,-0.00217,697,656,8134.0,7469.0,1,17,27
8475848,Brendan Gallagher,MTL,R,273,V3,NZI,N,0.46369,0.46774,-0.00404,551,526,5426.0,5734.0,1,18,30
8481186,Logan O'Connor,COL,R,231,V3,NZI,N,0.5119,0.51632,-0.00442,412,480,3319.0,4412.0,1,16,31
8477357,Saku Maenalanen,WPG,R,64,V3,NZI,N,0.33768,0.34292,-0.00524,101,95,767.0,869.0,1,1,2
8473449,Kyle Okposo,FLA,R,142,V3,NZI,N,0.45874,0.46627,-0.00753,267,258,2666.0,2342.0,1,239,248
8482097,Jack Quinn,BUF,R,258,V3,NZI,N,0.4722,0.47981,-0.00761,392,433,3723.0,4160.0,1,14,32
8479315,Joey Anderson,CHI,R,111,V3,NZI,N,0.44406,0.45373,-0.00968,226,191,2011.0,1794.0,1,0,2
8476981,Josh Anderson,MTL,R,300,V3,NZI,N,0.47377,0.48348,-0.00971,651,628,5851.0,6840.0,1,73,55
8482175,JJ Peterka,UTA,R,317,V3,NZI,N,0.45538,0.47047,-0.01509,601,659,6219.0,7975.0,1,16,37
8480821,Filip Zadina,SJS,R,102,V3,NZI,N,0.4753,0.49147,-0.01617,144,183,1660.0,1583.0,1,13,47
8485702,Max Shabanov,NYI,R,44,V3,NZI,N,0.32697,0.3449,-0.01793,70,75,786.0,951.0,1,0,2
8479977,Kailer Yamamoto,UTA,R,187,V3,NZI,N,0.48121,0.5009,-0.01969,330,322,3379.0,3338.0,1,52,97
8479520,Brandon Duhaime,WSH,R,295,V3,NZI,N,0.46869,0.48909,-0.0204,489,520,4216.0,5087.0,1,32,59
8481624,Ilya Mikheyev,CHI,R,281,V3,NZI,N,0.49278,0.51871,-0.02593,496,619,5055.0,5905.0,1,10,27
8477949,Alex Tuch,BUF,R,310,V3,NZI,N,0.46344,0.48946,-0.02601,678,788,6456.0,8064.0,1,120,157
8479420,Tage Thompson,BUF,R,306,V3,NZI,N,0.45792,0.48435,-0.02643,692,786,6654.0,8277.0,1,1164,1492
8481560,Arthur Kaliyev,OTT,R,123,V3,NZI,N,0.56565,0.59438,-0.02873,171,184,1706.0,1992.0,1,0,1
8471218,Blake Wheeler,NYR,R,126,V3,NZI,N,0.40361,0.43238,-0.02877,229,193,2381.0,1649.0,1,75,60
8482699,Dylan Guenther,UTA,R,227,V3,NZI,N,0.48612,0.51729,-0.03117,377,452,3674.0,4222.0,1,38,65
8479414,Nathan Bastian,DAL,R,192,V3,NZI,N,0.42659,0.45969,-0.03309,289,249,2745.0,2034.0,1,28,49
8478432,Christian Fischer,CBJ,R,205,V3,NZI,N,0.43035,0.46364,-0.03329,341,396,2728.0,3328.0,1,93,153
8479336,Carl Grundstrom,PHI,R,211,V3,NZI,N,0.46455,0.49932,-0.03477,353,294,3681.0,2934.0,1,14,31
8482749,Joshua Roy,MTL,R,38,V3,NZI,N,0.45591,0.49178,-0.03587,48,72,533.0,669.0,0,2,4
8476469,Joel Armia,LAK,R,256,V3,NZI,N,0.48013,0.51719,-0.03706,505,429,4982.0,4712.0,1,40,67
8475913,Mark Stone,VGK,R,226,V3,NZI,N,0.47276,0.51518,-0.04242,417,498,5305.0,4610.0,1,8,21
8483890,Braeden Bowman,VGK,R,54,V3,NZI,N,0.45196,0.50364,-0.05168,84,107,739.0,1098.0,1,3,9
8483525,Danila Yurov,MIN,R,73,V3,NZI,N,0.38346,0.46446,-0.081,116,163,1463.0,1632.0,1,282,420
8483609,Adam Klapka,CGY,R,115,V3,NZI,N,0.3915,0.47281,-0.08131,145,164,1318.0,1802.0,1,18,34
8482088,Justin Sourdif,WSH,R,82,V3,NZI,N,0.46136,0.55006,-0.08869,139,167,1320.0,1738.0,1,288,346
8478873,Troy Terry,ANA,R,283,V3,NZI,N,0.41995,0.50935,-0.0894,555,630,6115.0,7272.0,1,22,35
8480822,Martin Kaut,SJS,R,36,V3,NZI,N,0.49609,0.59531,-0.09921,41,49,256.0,341.0,0,2,3
8481721,Arseny Gritsyuk,NJD,R,66,V3,NZI,N,0.47231,0.57202,-0.09971,123,149,1300.0,1687.0,1,3,8
8482125,Alexander Holtz,VGK,R,183,V3,NZI,N,0.38914,0.49169,-0.10255,240,247,2873.0,1865.0,1,14,36
8476326,Josh Archibald,PIT,R,62,V3,NZI,N,0.50515,0.60994,-0.10479,80,72,582.0,523.0,1,0,1
8484177,Lenni Hameenaho,NJD,R,33,V3,NZI,N,0.50427,0.61888,-0.11461,53,62,468.0,572.0,1,0,5
8479942,Dominik Shine,DET,R,27,V3,NZI,N,0.37984,0.49615,-0.11631,26,29,129.0,260.0,0,5,6
8484158,Easton Cowan,TOR,R,66,V3,NZI,N,0.36624,0.48852,-0.12228,138,89,1712.0,1089.0,1,0,2
8482758,Ville Koivunen,PIT,R,47,V3,NZI,N,0.32049,0.46018,-0.13969,61,85,571.0,904.0,1,2,0
8480245,Olle Lycksell,OTT,R,52,V3,NZI,N,0.42333,0.56326,-0.13993,71,70,763.0,822.0,1,4,5
8481655,Cole Schwindt,FLA,R,76,V3,NZI,N,0.40971,0.54974,-0.14004,116,137,886.0,1166.0,1,191,211
8483497,Jani Nyman,SEA,R,39,V3,NZI,N,0.4323,0.61273,-0.18043,38,64,421.0,754.0,0,3,4
8475178,Zack Kassian,UTA,R,51,V3,NZI,N,0.27273,0.45576,-0.18303,64,78,374.0,825.0,1,3,5
8482652,Walker Duehr,WPG,R,94,V3,NZI,N,0.37351,0.58116,-0.20765,92,133,755.0,1072.0,1,2,16
8483406,Taylor Ward,LAK,R,36,V3,NZI,N,0.29076,0.52158,-0.23082,51,48,368.0,533.0,0,5,6
8475163,Alex Chiasson,DET,R,20,V3,NZI,N,0.21162,0.44335,-0.23173,23,32,241.0,203.0,0,0,6
8480825,Patrick Giles,SJS,R,20,V3,NZI,N,0.15789,0.40893,-0.25104,15,35,114.0,291.0,0,40,67
8484938,Arttu Hyry,DAL,R,25,V3,NZI,N,0.22774,0.52245,-0.29471,47,23,483.0,245.0,0,104,63
8482877,Jaroslav Chmelar,NYR,R,28,V3,NZI,N,0.35,0.67127,-0.32127,46,34,340.0,362.0,0,0,4
8476439,Brett Ritchie,UTA,R,50,V3,NZI,N,0.21667,0.576,-0.35933,64,82,240.0,625.0,1,2,2
8482090,Jack Finley,STL,C,44,V1,OZI,O,0.78393,0.63709,0.14684,42,44,1282.0,1499.0,0,166,166
8477401,John Hayden,SEA,C,32,V1,OZI,O,0.74504,0.60984,0.1352,22,32,706.0,1138.0,0,36,37
8482460,Matt Rempe,NYR,C,85,V1,OZI,O,0.74768,0.63656,0.11112,52,63,1613.0,2336.0,1,8,18
8480876,Curtis Douglas,VAN,C,42,V1,OZI,O,0.77423,0.67524,0.09899,36,44,1001.0,1478.0,0,6,7
8479546,Oskar Steen,BOS,C,37,V1,OZI,O,0.82679,0.72821,0.09858,14,26,433.0,872.0,0,0,3
8485402,Michael Misa,SJS,C,44,V1,OZI,O,0.77806,0.68023,0.09782,65,66,1987.0,2580.0,1,155,176
8470595,Eric Staal,FLA,C,72,V1,OZI,O,0.79931,0.70354,0.09578,114,126,3782.0,4213.0,1,278,284
8477460,Laurent Dauphin,UTA,C,21,V1,OZI,O,0.75922,0.67342,0.0858,31,20,868.0,790.0,0,81,71
8475413,Justin Dowling,NYR,C,56,V1,OZI,O,0.65833,0.58315,0.07518,58,58,1800.0,1840.0,1,157,171
8484829,Justin Hryckowian,DAL,C,86,V1,OZI,O,0.73142,0.66028,0.07114,103,79,3001.0,2767.0,1,167,121
8482623,Josh Dunne,BUF,C,44,V1,OZI,O,0.80645,0.73873,0.06772,22,28,775.0,1087.0,0,89,81
8477993,Justin Kirkland,CGY,C,50,V1,OZI,O,0.72256,0.65484,0.06772,39,45,984.0,1240.0,0,113,117
8483471,Brad Lambert,WPG,C,30,V1,OZI,O,0.70627,0.65258,0.05369,30,32,1052.0,1065.0,0,9,19
8480011,Klim Kostin,SJS,C,144,V1,OZI,O,0.71708,0.66815,0.04893,189,218,6143.0,7883.0,1,13,22
8470604,Jeff Carter,PIT,C,151,V1,OZI,O,0.74339,0.69503,0.04836,132,100,3554.0,3220.0,1,584,366
8480144,David Kampf,WSH,C,259,V1,OZI,O,0.75534,0.70835,0.04699,240,226,7251.0,7821.0,1,1198,1008
8483493,Frank Nazar,CHI,C,122,V1,OZI,O,0.68273,0.64016,0.04257,182,248,6348.0,8804.0,1,432,500
8483424,Owen Beck,MTL,C,28,V1,OZI,O,0.65896,0.61868,0.04028,42,41,1513.0,1542.0,0,66,51
8483573,Ethen Frank,WSH,C,86,V1,OZI,O,0.72274,0.68871,0.03403,77,101,2467.0,3524.0,1,1,6
8483505,Matthew Poitras,BOS,C,69,V1,OZI,O,0.71122,0.67979,0.03143,93,147,3217.0,5003.0,1,160,212
8478904,Steven Lorentz,TOR,C,269,V1,OZI,O,0.74097,0.71134,0.02963,198,218,5899.0,7081.0,1,349,378
8479393,Noah Gregor,FLA,C,209,V1,OZI,O,0.74243,0.71427,0.02816,223,252,6938.0,8095.0,1,41,49
8484160,Nate Danielson,DET,C,28,V1,OZI,O,0.73562,0.71414,0.02148,35,31,1078.0,962.0,0,53,86
8477951,Nick Schmaltz,UTA,C,305,V1,OZI,O,0.74355,0.72311,0.02043,728,775,23630.0,26036.0,1,606,754
8483432,Luca Del Bel Belluz,CBJ,C,30,V1,OZI,O,0.70486,0.68534,0.01952,38,45,1379.0,1821.0,0,89,124
8475343,Nic Dowd,VGK,C,286,V1,OZI,O,0.70067,0.6853,0.01537,177,177,5676.0,6066.0,1,1501,1385
8482703,Colton Dach,EDM,C,85,V1,OZI,O,0.68315,0.66796,0.01519,110,101,3538.0,3596.0,1,28,45
8475958,Michael Sgarbossa,WSH,C,28,V1,OZI,O,0.60053,0.58539,0.01513,20,26,761.0,890.0,0,63,77
8473604,Jonathan Toews,WPG,C,134,V1,OZI,O,0.73289,0.72145,0.01144,323,218,10022.0,7198.0,1,888,544
8481491,Noah Philp,CAR,C,32,V1,OZI,O,0.65092,0.63974,0.01118,36,37,1249.0,1213.0,0,102,102
8481754,Nikita Nesterenko,ANA,C,61,V1,OZI,O,0.68206,0.6731,0.00896,75,80,2425.0,2952.0,1,9,16
8478967,Lane Pederson,PHI,C,32,V1,OZI,O,0.69538,0.68654,0.00884,36,51,952.0,1879.0,0,82,77
8471669,Paul Stastny,CAR,C,73,V1,OZI,O,0.7422,0.73355,0.00865,177,129,5322.0,4530.0,1,235,175
8483930,Ivan Ivan,COL,C,49,V1,OZI,O,0.60194,0.59478,0.00716,23,34,721.0,1150.0,0,62,92
8482775,Oliver Kapanen,MTL,C,100,V1,OZI,O,0.71344,0.7064,0.00704,160,171,5580.0,6216.0,1,272,329
8470638,Patrice Bergeron,BOS,C,78,V1,OZI,O,0.78925,0.78227,0.00698,323,210,9101.0,6407.0,1,665,398
8478874,Adam Gaudette,SJS,C,149,V1,OZI,O,0.62528,0.61856,0.00671,183,193,5871.0,6583.0,1,279,298
8482737,Zachary Bolduc,MTL,C,175,V1,OZI,O,0.69531,0.6898,0.00551,235,248,8648.0,8762.0,1,21,25
8477919,Frederick Gaudreau,SEA,C,298,V1,OZI,O,0.70026,0.69511,0.00515,456,497,16054.0,17413.0,1,1192,1279
8480855,Jack McBain,UTA,C,306,V1,OZI,O,0.72445,0.71947,0.00498,454,489,13493.0,15075.0,1,1076,1134
8477952,Robby Fabbri,MIN,C,161,V1,OZI,O,0.65174,0.64725,0.0045,207,231,7437.0,8788.0,1,84,104
8478057,Dakota Joshua,TOR,C,254,V1,OZI,O,0.74066,0.73729,0.00337,358,324,10997.0,10129.0,1,76,77
8480023,Robert Thomas,STL,C,288,V1,OZI,O,0.75341,0.75084,0.00257,744,721,25151.0,24651.0,1,1950,1741
8479022,Rodrigo Abols,PHI,C,64,V1,OZI,O,0.66309,0.66105,0.00204,81,62,2327.0,2195.0,1,216,186
8483676,Stephen Halliday,OTT,C,30,V1,OZI,O,0.65886,0.65691,0.00194,33,28,982.0,752.0,0,23,38
8483464,Marco Kasper,DET,C,159,V1,OZI,O,0.70313,0.70132,0.00181,251,274,8108.0,9763.0,1,472,510
8480901,Karson Kuhlman,WPG,C,47,V1,OZI,O,0.7345,0.73317,0.00133,56,70,1774.0,2406.0,1,0,5
8477934,Leon Draisaitl,EDM,C,297,V1,OZI,O,0.73289,0.73161,0.00128,941,877,32556.0,32874.0,1,1928,1607
8471276,David Krejci,BOS,C,70,V1,OZI,O,0.73205,0.73093,0.00112,155,166,4889.0,6110.0,1,293,336
8481596,Shane Pinto,OTT,C,265,V1,OZI,O,0.73319,0.73236,0.00083,464,436,14160.0,14587.0,1,1338,1268
8474870,Tyler Johnson,BOS,C,132,V1,OZI,O,0.71519,0.71438,0.0008,233,245,7612.0,8697.0,1,165,197
8477450,Jason Dickinson,EDM,C,283,V1,OZI,O,0.7228,0.72203,0.00077,394,405,12857.0,14221.0,1,1456,1426
8479972,Mason Shaw,MIN,C,79,V1,OZI,O,0.75057,0.75161,-0.00103,62,50,2181.0,1711.0,1,19,12
8475172,Nazem Kadri,COL,C,323,V1,OZI,O,0.70881,0.71017,-0.00135,891,986,27127.0,32001.0,1,1871,2128
8482496,Nils Aman,VAN,C,132,V1,OZI,O,0.75893,0.7605,-0.00158,117,137,4144.0,4760.0,1,264,393
8480008,Adam Ruzicka,UTA,C,86,V1,OZI,O,0.74053,0.74262,-0.0021,112,118,3114.0,3559.0,1,158,178
8481618,Alex Newhook,MTL,C,261,V1,OZI,O,0.66704,0.66939,-0.00235,439,508,15143.0,19113.0,1,684,884
8479772,Zack MacEwen,NJD,C,110,V1,OZI,O,0.70954,0.71222,-0.00267,136,126,3825.0,4003.0,1,40,34
8481237,Kyle MacLean,NYI,C,172,V1,OZI,O,0.71743,0.72015,-0.00272,200,244,6763.0,7765.0,1,403,450
8480853,Liam Foudy,NYI,C,78,V1,OZI,O,0.66722,0.66998,-0.00276,92,104,2993.0,4121.0,1,2,5
8476399,Blake Coleman,CGY,C,310,V1,OZI,O,0.72062,0.72351,-0.00289,622,627,19658.0,20677.0,1,84,91
8477409,Carter Verhaeghe,FLA,C,315,V1,OZI,O,0.7019,0.7051,-0.0032,723,765,24193.0,26538.0,1,89,129
8479944,Zachary Aston-Reese,CBJ,C,186,V1,OZI,O,0.68132,0.68499,-0.00367,201,186,6596.0,6457.0,1,13,28
8482148,Hendrix Lapierre,WSH,C,152,V1,OZI,O,0.66539,0.67146,-0.00607,145,201,4949.0,7439.0,1,260,402
8476994,Vinnie Hinostroza,FLA,C,143,V1,OZI,O,0.68696,0.69454,-0.00758,173,179,5897.0,6122.0,1,31,43
8474053,Logan Couture,SJS,C,88,V1,OZI,O,0.74066,0.74844,-0.00778,191,162,5780.0,4814.0,1,552,564
8477380,Jonny Brodzinski,NYR,C,180,V1,OZI,O,0.6844,0.6923,-0.0079,220,240,6261.0,7907.0,1,307,303
8478043,Sam Lafferty,CHI,C,238,V1,OZI,O,0.69827,0.70621,-0.00793,257,264,8289.0,8860.0,1,415,450
8484142,Denver Barkey,PHI,C,43,V1,OZI,O,0.7268,0.73479,-0.00798,69,64,2328.0,2383.0,1,6,9
8480813,Joe Veleno,MTL,C,296,V1,OZI,O,0.69418,0.70261,-0.00844,379,409,13838.0,15226.0,1,844,953
8483500,Noah Ostlund,BUF,C,68,V1,OZI,O,0.7398,0.7484,-0.0086,105,161,3309.0,5302.0,1,92,190
8474040,Sam Gagner,EDM,C,76,V1,OZI,O,0.70819,0.71734,-0.00916,110,112,3420.0,3644.0,1,22,24
8474150,Mikael Backlund,CGY,C,321,V1,OZI,O,0.72702,0.7363,-0.00927,633,615,19401.0,19628.0,1,2138,2047
8479366,Logan Brown,STL,C,30,V1,OZI,O,0.76788,0.77778,-0.0099,26,41,909.0,1413.0,0,55,99
8477935,Sam Bennett,FLA,C,284,V1,OZI,O,0.71392,0.72431,-0.01039,602,765,19222.0,25061.0,1,1472,1713
8479992,Michael Rasmussen,DET,C,272,V1,OZI,O,0.69642,0.7069,-0.01048,472,422,14441.0,14316.0,1,412,449
8481028,Martin Pospisil,CGY,C,166,V1,OZI,O,0.70695,0.71743,-0.01048,402,412,11923.0,12319.0,1,108,146
8478424,Jansen Harkins,ANA,C,173,V1,OZI,O,0.65048,0.66166,-0.01118,106,138,3645.0,4797.0,1,167,168
8479987,Morgan Geekie,BOS,C,303,V1,OZI,O,0.67326,0.68449,-0.01123,630,629,21684.0,23584.0,1,713,821
8478020,Michael Amadio,OTT,C,293,V1,OZI,O,0.70459,0.71588,-0.01129,482,387,16296.0,13857.0,1,149,145
8483752,Dominic James,TBL,C,43,V1,OZI,O,0.68081,0.6927,-0.01188,62,63,2309.0,2369.0,1,127,135
8480798,Philipp Kurashev,SJS,C,238,V1,OZI,O,0.68262,0.69454,-0.01192,447,485,16069.0,18336.0,1,250,295
8477429,Andrew Copp,DET,C,296,V1,OZI,O,0.70225,0.71429,-0.01204,581,512,18378.0,17882.0,1,1631,1464
8483489,Fraser Minten,BOS,C,107,V1,OZI,O,0.67206,0.68421,-0.01215,176,169,5690.0,6137.0,1,445,459
8479675,Trevor Moore,LAK,C,280,V1,OZI,O,0.70591,0.71811,-0.0122,538,548,17056.0,18727.0,1,23,68
8477406,Mattias Janmark,EDM,C,260,V1,OZI,O,0.70397,0.71624,-0.01227,328,316,11232.0,11559.0,1,148,199
8483570,Ben Meyers,SEA,C,121,V1,OZI,O,0.67035,0.68266,-0.0123,76,102,2712.0,3731.0,1,318,288
8481704,Juuso Parssinen,NYR,C,157,V1,OZI,O,0.69199,0.70453,-0.01254,206,241,6766.0,8116.0,1,323,375
8476393,Nick Cousins,OTT,C,279,V1,OZI,O,0.70574,0.71906,-0.01332,376,436,12506.0,14238.0,1,99,105
8484227,Will Smith,SJS,C,143,V1,OZI,O,0.6664,0.67999,-0.01359,291,369,9889.0,11662.0,1,65,129
8475225,Craig Smith,DET,C,198,V1,OZI,O,0.68509,0.69916,-0.01408,232,248,7021.0,8124.0,1,8,21
8484800,Berkly Catton,SEA,C,65,V1,OZI,O,0.73522,0.74941,-0.01419,119,168,3822.0,5906.0,1,60,79
8480021,Jack Studnicka,FLA,C,89,V1,OZI,O,0.74427,0.75862,-0.01435,70,106,2182.0,3364.0,1,146,192
8477505,Alexander Wennberg,SJS,C,319,V1,OZI,O,0.69043,0.70511,-0.01468,579,646,19621.0,23799.0,1,1638,1780
8478010,Brayden Point,TBL,C,303,V1,OZI,O,0.70431,0.71918,-0.01488,785,913,25966.0,33303.0,1,1157,1291
8478831,Kevin Stenlund,UTA,C,296,V1,OZI,O,0.7136,0.72854,-0.01494,353,369,10695.0,11954.0,1,1368,1038
8481528,Dylan Cozens,OTT,C,324,V1,OZI,O,0.70122,0.71629,-0.01506,653,642,20748.0,20926.0,1,1570,1549
8479385,Jordan Kyrou,STL,C,314,V1,OZI,O,0.72326,0.73839,-0.01512,706,766,24171.0,26719.0,1,13,33
8481024,Linus Karlsson,VAN,C,105,V1,OZI,O,0.70432,0.72001,-0.01569,113,152,3683.0,5368.0,1,12,33
8480012,Elias Pettersson,VAN,C,299,V1,OZI,O,0.72281,0.73853,-0.01572,603,696,20387.0,22699.0,1,1498,1721
8479346,Dillon Dube,CGY,C,125,V1,OZI,O,0.75954,0.77598,-0.01644,243,239,6970.0,7535.0,1,40,47
8477946,Dylan Larkin,DET,C,304,V1,OZI,O,0.71318,0.72993,-0.01675,649,575,21927.0,19947.0,1,1988,1773
8479365,Trent Frederic,EDM,C,292,V1,OZI,O,0.68561,0.70264,-0.01703,323,402,10894.0,14279.0,1,304,361
8477887,Patrick Brown,BOS,C,87,V1,OZI,O,0.72014,0.73805,-0.01792,53,76,1440.0,2344.0,1,179,170
8480802,Ryan McLeod,BUF,C,298,V1,OZI,O,0.69105,0.70921,-0.01816,511,495,16116.0,16947.0,1,1418,1376
8476419,Jean-Gabriel Pageau,NYI,C,305,V1,OZI,O,0.71143,0.72998,-0.01856,567,408,16890.0,13825.0,1,1852,1324
8480849,Barrett Hayton,UTA,C,264,V1,OZI,O,0.72631,0.74492,-0.01862,510,555,15912.0,17626.0,1,1356,1283
8481422,Jake Lucchini,NSH,C,54,V1,OZI,O,0.66897,0.68778,-0.01882,28,31,870.0,1105.0,0,44,56
8481523,Kirby Dach,MTL,C,154,V1,OZI,O,0.64836,0.66717,-0.01882,290,336,11088.0,12478.0,1,211,325
8475760,Nick Bjugstad,NJD,C,281,V1,OZI,O,0.72136,0.74048,-0.01912,423,437,13469.0,14157.0,1,1190,1220
8478493,Joel Eriksson Ek,MIN,C,271,V1,OZI,O,0.72819,0.74734,-0.01916,498,527,17832.0,18994.0,1,1556,1711
8476468,J.T. Miller,NYR,C,302,V1,OZI,O,0.73881,0.75828,-0.01946,779,597,23665.0,19423.0,1,1731,1264
8476897,Oskar Sundqvist,STL,C,257,V1,OZI,O,0.6987,0.71888,-0.02018,262,310,8772.0,10362.0,1,589,762
8478458,Jack Roslovic,EDM,C,285,V1,OZI,O,0.68515,0.70567,-0.02052,627,608,21242.0,22067.0,1,648,680
8478440,Dylan Strome,WSH,C,325,V1,OZI,O,0.67853,0.69953,-0.021,904,861,30040.0,30056.0,1,1916,1775
8484136,Max Sasson,VAN,C,95,V1,OZI,O,0.73764,0.7596,-0.02196,100,116,3278.0,3827.0,1,158,216
8477987,Ryan Donato,CHI,C,311,V1,OZI,O,0.6789,0.70119,-0.02229,400,488,13927.0,17707.0,1,449,566
8474564,Steven Stamkos,NSH,C,323,V1,OZI,O,0.69171,0.71401,-0.0223,807,779,26459.0,27218.0,1,1159,988
8479291,Kevin Rooney,UTA,C,121,V1,OZI,O,0.66273,0.68548,-0.02274,84,104,2541.0,3119.0,1,282,325
8474613,Derek Stepan,CAR,C,73,V1,OZI,O,0.73109,0.75421,-0.02311,149,124,4496.0,4101.0,1,197,160
8482092,Ridly Greig,OTT,C,247,V1,OZI,O,0.70084,0.72433,-0.02349,449,415,12983.0,13636.0,1,567,581
8471699,Andrew Cogliano,COL,C,154,V1,OZI,O,0.76979,0.79354,-0.02374,125,142,3410.0,3991.0,1,36,53
8483431,Logan Cooley,UTA,C,210,V1,OZI,O,0.67632,0.70009,-0.02377,364,495,12330.0,17495.0,1,716,1004
8475745,Charlie Coyle,CBJ,C,329,V1,OZI,O,0.69616,0.72028,-0.02412,509,559,16295.0,19348.0,1,1703,1562
8482745,Mason McTavish,ANA,C,294,V1,OZI,O,0.6871,0.71125,-0.02415,528,640,17437.0,22459.0,1,1316,1413
8476889,Radek Faksa,DAL,C,283,V1,OZI,O,0.68585,0.71013,-0.02429,292,256,8725.0,8321.0,1,1000,772
8476822,Luke Glendening,PHI,C,298,V1,OZI,O,0.66379,0.68828,-0.02448,338,309,9518.0,9470.0,1,1326,962
8478891,Mason Appleton,DET,C,259,V1,OZI,O,0.70481,0.72986,-0.02504,352,389,12006.0,13615.0,1,22,39
8484471,Emmitt Finnie,DET,C,82,V1,OZI,O,0.70849,0.73373,-0.02524,157,151,5204.0,5224.0,1,42,42
8471215,Evgeni Malkin,PIT,C,288,V1,OZI,O,0.69178,0.71711,-0.02533,681,724,21556.0,25264.0,1,1131,1245
8481477,Nico Sturm,MIN,C,249,V1,OZI,O,0.70621,0.7317,-0.0255,370,261,10453.0,7857.0,1,1163,824
8482705,Cole Sillinger,CBJ,C,288,V1,OZI,O,0.71232,0.73823,-0.02592,504,618,17137.0,21993.0,1,943,1110
8477989,Christian Dvorak,PHI,C,256,V1,OZI,O,0.67294,0.69898,-0.02604,449,397,14982.0,13946.0,1,1440,1175
8473533,Jordan Staal,CAR,C,311,V1,OZI,O,0.71215,0.73829,-0.02614,762,573,23672.0,18417.0,1,2356,1772
8481580,Connor McMichael,WSH,C,246,V1,OZI,O,0.67159,0.69842,-0.02683,429,521,13757.0,16944.0,1,523,697
8476278,Colin Blackwell,DAL,C,230,V1,OZI,O,0.67722,0.7043,-0.02708,268,210,7993.0,6997.0,1,225,232
8478402,Connor McDavid,EDM,C,306,V1,OZI,O,0.73109,0.75847,-0.02737,975,923,35782.0,34571.0,1,1578,1567
8480068,Ryan Poehling,ANA,C,272,V1,OZI,O,0.68357,0.71104,-0.02748,322,359,10138.0,11943.0,1,1191,1151
8480851,Akil Thomas,LAK,C,32,V1,OZI,O,0.70945,0.73699,-0.02754,27,37,857.0,1076.0,0,21,28
8480829,Jesperi Kotkaniemi,CAR,C,281,V1,OZI,O,0.67559,0.70344,-0.02785,603,615,20012.0,21861.0,1,1098,1027
8476456,Jonathan Huberdeau,CGY,C,291,V1,OZI,O,0.71203,0.74013,-0.0281,836,917,24652.0,28176.0,1,31,51
8482124,Quinton Byfield,LAK,C,292,V1,OZI,O,0.68447,0.71261,-0.02814,606,640,19234.0,21768.0,1,846,982
8480459,Pius Suter,STL,C,290,V1,OZI,O,0.70878,0.73722,-0.02844,454,450,15126.0,15606.0,1,848,981
8476459,Mika Zibanejad,NYR,C,326,V1,OZI,O,0.70072,0.7295,-0.02877,710,740,23099.0,24447.0,1,1853,1725
8480835,Jack Drury,COL,C,265,V1,OZI,O,0.69862,0.72755,-0.02893,456,421,13999.0,13654.0,1,1176,859
8483524,Shane Wright,SEA,C,168,V1,OZI,O,0.70016,0.72928,-0.02912,269,393,8868.0,13368.0,1,560,762
8483512,Matt Savoie,EDM,C,86,V1,OZI,O,0.72012,0.74955,-0.02943,187,170,6124.0,5570.0,1,28,39
8476539,Jonathan Marchessault,NSH,C,298,V1,OZI,O,0.68746,0.71731,-0.02985,705,761,22714.0,26807.0,1,56,119
8475166,John Tavares,TOR,C,317,V1,OZI,O,0.69931,0.72931,-0.03001,838,665,27197.0,21907.0,1,2267,1617
8477503,Max Domi,TOR,C,314,V1,OZI,O,0.67715,0.70717,-0.03002,691,631,22190.0,21176.0,1,1064,998
8484166,Adam Fantilli,CBJ,C,213,V1,OZI,O,0.685,0.71513,-0.03013,466,611,16057.0,23070.0,1,986,1188
8482691,Aatu Räty,VAN,C,113,V1,OZI,O,0.72244,0.75268,-0.03024,205,155,6186.0,4953.0,1,577,407
8479318,Auston Matthews,TOR,C,282,V1,OZI,O,0.71005,0.74061,-0.03056,874,693,27291.0,23420.0,1,2112,1690
8475231,Casey Cizikas,NYI,C,314,V1,OZI,O,0.69864,0.72922,-0.03058,433,328,13323.0,9783.0,1,1340,1072
8476448,William Karlsson,VGK,C,220,V1,OZI,O,0.71799,0.74889,-0.0309,519,407,16567.0,13341.0,1,1299,983
8473453,Trevor Lewis,LAK,C,224,V1,OZI,O,0.68586,0.71693,-0.03107,276,352,8630.0,11241.0,1,286,362
8484153,Leo Carlsson,ANA,C,200,V1,OZI,O,0.68903,0.72028,-0.03124,333,496,11133.0,17907.0,1,774,1101
8483553,Marc Gatcomb,NYI,C,88,V1,OZI,O,0.72918,0.76049,-0.03131,115,128,3722.0,4100.0,1,6,10
8480848,Ty Dellandrea,SJS,C,238,V1,OZI,O,0.67511,0.7065,-0.0314,331,327,10665.0,10978.0,1,531,507
8480980,Connor Dewar,PIT,C,281,V1,OZI,O,0.73079,0.7622,-0.03141,212,209,7210.0,6741.0,1,427,507
8474009,Nick Bonino,NYR,C,107,V1,OZI,O,0.73545,0.7669,-0.03145,143,147,4468.0,4586.0,1,312,310
8480064,Josh Norris,BUF,C,158,V1,OZI,O,0.6864,0.71787,-0.03147,335,311,9509.0,8932.0,1,816,735
8479999,Casey Mittelstadt,BOS,C,314,V1,OZI,O,0.70278,0.73454,-0.03176,610,698,20325.0,24554.0,1,1127,1341
8476454,Ryan Nugent-Hopkins,EDM,C,311,V1,OZI,O,0.70394,0.73571,-0.03177,703,664,24900.0,24450.0,1,801,835
8484149,Gavin Brindley,COL,C,57,V1,OZI,O,0.66503,0.69734,-0.03231,67,66,2245.0,2184.0,1,12,14
8480039,Martin Necas,COL,C,316,V1,OZI,O,0.68758,0.71991,-0.03234,862,863,28439.0,31526.0,1,235,330
8471685,Anze Kopitar,LAK,C,310,V1,OZI,O,0.70862,0.74146,-0.03283,797,621,26519.0,21455.0,1,2240,1747
8474189,Lars Eller,OTT,C,314,V1,OZI,O,0.67292,0.70586,-0.03294,400,397,13437.0,13956.0,1,1452,1270
8477964,Ivan Barbashev,VGK,C,316,V1,OZI,O,0.69792,0.73086,-0.03294,701,812,24179.0,28721.0,1,99,172
8479316,Luke Kunin,FLA,C,246,V1,OZI,O,0.65907,0.69205,-0.03298,336,381,11231.0,12213.0,1,491,517
8476458,Ryan Strome,CGY,C,294,V1,OZI,O,0.69238,0.72546,-0.03308,540,735,17255.0,25311.0,1,1061,1396
8480355,Mark Kastelic,BOS,C,271,V1,OZI,O,0.69574,0.72922,-0.03347,246,223,7234.0,6832.0,1,880,652
8480326,Sheldon Dries,DET,C,68,V1,OZI,O,0.71661,0.75018,-0.03357,83,85,2336.0,2810.0,1,201,211
8482665,Matty Beniers,SEA,C,320,V1,OZI,O,0.67904,0.71406,-0.03502,652,778,22850.0,28509.0,1,1724,1996
8477508,Curtis Lazar,EDM,C,212,V1,OZI,O,0.70576,0.74093,-0.03516,261,216,8415.0,6419.0,1,588,516
8479996,Cody Glass,NJD,C,248,V1,OZI,O,0.69723,0.73247,-0.03524,441,411,13426.0,13744.0,1,1037,959
8475768,Jaden Schwartz,SEA,C,264,V1,OZI,O,0.68531,0.72076,-0.03545,519,588,17468.0,21050.0,1,91,103
8484230,Otto Stenberg,STL,C,32,V1,OZI,O,0.69456,0.73018,-0.03562,45,54,1398.0,1968.0,0,4,7
8482660,Kent Johnson,CBJ,C,265,V1,OZI,O,0.69326,0.72956,-0.0363,438,567,15694.0,20607.0,1,43,108
8477960,Adrian Kempe,LAK,C,320,V1,OZI,O,0.71185,0.74845,-0.0366,796,689,25952.0,23296.0,1,57,106
8473548,Phil Kessel,VGK,C,82,V1,OZI,O,0.69102,0.72789,-0.03686,138,137,4735.0,5031.0,1,5,7
8478519,Anthony Cirelli,TBL,C,288,V1,OZI,O,0.6886,0.72577,-0.03717,553,551,19268.0,19349.0,1,1488,1449
8477021,Alexander Kerfoot,UTA,C,278,V1,OZI,O,0.70505,0.74242,-0.03737,440,432,14399.0,14671.0,1,617,583
8481522,Peyton Krebs,BUF,C,317,V1,OZI,O,0.68864,0.72631,-0.03767,423,580,14594.0,20490.0,1,938,1076
8476480,Vladislav Namestnikov,WPG,C,293,V1,OZI,O,0.6906,0.72862,-0.03802,536,578,17062.0,20278.0,1,611,866
8477496,Elias Lindholm,BOS,C,306,V1,OZI,O,0.69521,0.73382,-0.03861,831,643,25782.0,20550.0,1,2111,1633
8479514,Rem Pitlick,CHI,C,55,V1,OZI,O,0.72048,0.75915,-0.03867,64,84,2168.0,3089.0,1,26,37
8476905,Chandler Stephenson,SEA,C,313,V1,OZI,O,0.68353,0.7226,-0.03907,784,626,25952.0,21734.0,1,1890,1662
8479351,Sam Steel,DAL,C,294,V1,OZI,O,0.68747,0.72726,-0.03979,474,459,17016.0,16774.0,1,628,598
8482768,Fedor Svechkov,NSH,C,121,V1,OZI,O,0.64183,0.68176,-0.03993,175,243,5891.0,8173.0,1,339,502
8479994,Jaret Anderson-Dolan,WPG,C,84,V1,OZI,O,0.67324,0.71333,-0.04009,124,122,4055.0,4357.0,1,40,41
8480018,Nick Suzuki,MTL,C,328,V1,OZI,O,0.66422,0.70453,-0.04031,755,793,27384.0,29018.0,1,2015,1970
8479525,Ross Colton,COL,C,294,V1,OZI,O,0.68939,0.73018,-0.04078,477,462,14681.0,14669.0,1,549,511
8482751,Ryan Winterton,SEA,C,88,V1,OZI,O,0.7125,0.75328,-0.04078,83,110,2727.0,4187.0,1,1,6
8482740,Wyatt Johnston,DAL,C,328,V1,OZI,O,0.68146,0.72237,-0.04091,765,690,25042.0,22818.0,1,1084,1140
8475794,Tyler Seguin,DAL,C,191,V1,OZI,O,0.69856,0.73951,-0.04095,449,372,14172.0,12254.0,1,813,654
8478843,Denis Malgin,COL,C,65,V1,OZI,O,0.73411,0.77534,-0.04123,81,92,2659.0,3187.0,1,4,6
8484801,Macklin Celebrini,SJS,C,152,V1,OZI,O,0.65067,0.69194,-0.04127,370,432,13314.0,14945.0,1,928,1036
8480078,Filip Chytil,VAN,C,152,V1,OZI,O,0.67185,0.71341,-0.04156,254,302,9654.0,11403.0,1,519,688
8482079,Marco Rossi,VAN,C,232,V1,OZI,O,0.67961,0.72135,-0.04174,432,551,14913.0,20219.0,1,1013,1152
8481032,Paul Cotter,NJD,C,289,V1,OZI,O,0.65711,0.69914,-0.04202,402,456,12806.0,16702.0,1,135,131
8482074,Connor Zary,CGY,C,191,V1,OZI,O,0.6661,0.70881,-0.04271,358,435,11755.0,15148.0,1,191,254
8481543,Nikita Alexandrov,STL,C,51,V1,OZI,O,0.6982,0.74116,-0.04296,50,66,1670.0,2546.0,1,89,148
8480806,Isac Lundeström,CBJ,C,254,V1,OZI,O,0.68172,0.72476,-0.04304,247,282,8593.0,9835.0,1,801,831
8479415,Michael McLeod,NJD,C,125,V1,OZI,O,0.74933,0.79278,-0.04344,191,173,6004.0,5400.0,1,796,471
8482702,Logan Stankoven,CAR,C,183,V1,OZI,O,0.6731,0.71675,-0.04365,392,389,13885.0,13836.0,1,443,538
8479991,Jake Leschyshyn,NYR,C,36,V1,OZI,O,0.71135,0.75509,-0.04374,35,42,1022.0,1278.0,0,110,113
8480014,Gabriel Vilardi,WPG,C,262,V1,OZI,O,0.68205,0.72591,-0.04387,687,645,25249.0,23383.0,1,138,168
8479718,Alex Barré-Boulet,COL,C,40,V1,OZI,O,0.7326,0.77669,-0.04409,50,56,1825.0,1948.0,1,14,15
8478449,Roope Hintz,DAL,C,282,V1,OZI,O,0.68916,0.73337,-0.0442,687,577,21439.0,18321.0,1,1175,949
8481559,Jack Hughes,NJD,C,263,V1,OZI,O,0.67747,0.72206,-0.04459,664,807,23951.0,29427.0,1,607,1069
8477493,Aleksander Barkov,FLA,C,208,V1,OZI,O,0.71825,0.76285,-0.0446,542,435,17274.0,14130.0,1,1190,978
8484144,Connor Bedard,CHI,C,219,V1,OZI,O,0.65604,0.70131,-0.04527,547,649,20331.0,24015.0,1,691,995
8482149,Cole Perfetti,WPG,C,271,V1,OZI,O,0.68955,0.73488,-0.04533,580,606,19649.0,21911.0,1,50,104
8476329,Travis Boyd,MIN,C,101,V1,OZI,O,0.74206,0.78742,-0.04536,145,175,4346.0,5311.0,1,407,514
8477070,Liam O'Brien,UTA,C,196,V1,OZI,O,0.68637,0.7318,-0.04543,212,258,6412.0,8188.0,1,16,38
8479370,Tyson Jost,NSH,C,221,V1,OZI,O,0.67405,0.71959,-0.04554,286,351,10115.0,12528.0,1,336,456
8479335,Rasmus Asplund,FLA,C,52,V1,OZI,O,0.70254,0.74882,-0.04628,47,52,1617.0,1903.0,0,26,34
8471675,Sidney Crosby,PIT,C,312,V1,OZI,O,0.70218,0.74881,-0.04663,1202,903,36253.0,27839.0,1,2895,2367
8479550,Tanner Laczynski,VGK,C,51,V1,OZI,O,0.73264,0.77934,-0.0467,43,58,1253.0,1849.0,0,97,104
8481533,Trevor Zegras,PHI,C,250,V1,OZI,O,0.67102,0.71782,-0.04679,489,616,16296.0,22932.0,1,431,695
8478512,Austin Czarnik,DET,C,63,V1,OZI,O,0.70326,0.75059,-0.04733,65,84,2359.0,2947.0,1,163,190
8470794,Joe Pavelski,DAL,C,164,V1,OZI,O,0.70396,0.75136,-0.0474,418,368,12843.0,11776.0,1,586,536
8478585,Derek Ryan,EDM,C,186,V1,OZI,O,0.67812,0.72629,-0.04817,249,201,7537.0,6507.0,1,465,347
8476925,Colton Sissons,VGK,C,301,V1,OZI,O,0.69795,0.74623,-0.04828,379,328,10803.0,10746.0,1,1342,1052
8478403,Jack Eichel,VGK,C,282,V1,OZI,O,0.70136,0.75019,-0.04883,745,816,25020.0,28498.0,1,1562,1770
8478427,Sebastian Aho,CAR,C,311,V1,OZI,O,0.68658,0.73541,-0.04884,858,797,29347.0,28505.0,1,1676,1586
8476479,Phillip Danault,MTL,C,315,V1,OZI,O,0.69103,0.74015,-0.04912,598,561,19565.0,19307.0,1,1867,1596
8476919,Chris Tierney,NJD,C,88,V1,OZI,O,0.70302,0.7524,-0.04938,79,97,2283.0,3126.0,1,191,179
8476881,Tomas Hertl,VGK,C,289,V1,OZI,O,0.68545,0.73505,-0.0496,837,649,26568.0,21574.0,1,1875,1487
8481556,John Beecher,CGY,C,165,V1,OZI,O,0.66165,0.71214,-0.05049,83,97,2524.0,2925.0,1,529,471
8479353,Brett Howden,VGK,C,265,V1,OZI,O,0.67833,0.72902,-0.05069,463,429,15404.0,15256.0,1,725,693
8476460,Mark Scheifele,WPG,C,318,V1,OZI,O,0.66599,0.71673,-0.05074,944,1007,36436.0,37883.0,1,1850,2023
8477500,Bo Horvat,NYI,C,309,V1,OZI,O,0.69023,0.74225,-0.05202,839,643,26839.0,21447.0,1,2122,1686
8478477,Mitchell Stephens,SEA,C,51,V1,OZI,O,0.73584,0.78839,-0.05255,51,39,1518.0,1309.0,0,145,111
8480840,Oskar Back,DAL,C,145,V1,OZI,O,0.59494,0.64759,-0.05266,130,131,4187.0,4631.0,1,103,89
8482259,Bobby McMann,SEA,C,217,V1,OZI,O,0.65197,0.70514,-0.05316,407,333,13473.0,10866.0,1,15,24
8476461,Sean Couturier,PHI,C,231,V1,OZI,O,0.69486,0.74813,-0.05327,498,466,15760.0,15679.0,1,1498,1244
8475842,Sam Carrick,BUF,C,282,V1,OZI,O,0.66391,0.71793,-0.05402,235,237,7257.0,7725.0,1,1043,898
8480074,Alexandre Texier,MTL,C,160,V1,OZI,O,0.67181,0.72589,-0.05408,238,260,8422.0,9788.0,1,6,19
8481068,Yegor Sharangovich,CGY,C,307,V1,OZI,O,0.66517,0.71974,-0.05457,580,684,19649.0,23093.0,1,270,403
8478508,Yakov Trenin,MIN,C,311,V1,OZI,O,0.65789,0.71283,-0.05494,357,364,12040.0,12592.0,1,134,177
8475168,Matt Duchene,DAL,C,290,V1,OZI,O,0.6612,0.71627,-0.05507,700,614,23064.0,20731.0,1,976,832
8477933,Sam Reinhart,FLA,C,307,V1,OZI,O,0.7087,0.76387,-0.05517,728,658,24535.0,21433.0,1,429,507
8483450,Ryan Greene,CHI,C,83,V1,OZI,O,0.66545,0.72067,-0.05521,147,195,5225.0,7142.0,1,234,308
8476624,Barclay Goodrow,SJS,C,321,V1,OZI,O,0.65581,0.71114,-0.05533,367,379,12005.0,12923.0,1,599,574
8483468,Jiri Kulich,BUF,C,75,V1,OZI,O,0.64262,0.69802,-0.05541,144,189,4463.0,5868.0,1,292,348
8475158,Ryan O'Reilly,NSH,C,294,V1,OZI,O,0.70483,0.76034,-0.05552,768,649,24650.0,21364.0,1,1954,1529
8482634,Alex Steeves,BOS,C,54,V1,OZI,O,0.67746,0.73345,-0.05598,65,68,2192.0,2356.0,1,2,4
8481656,Aliaksei Protas,WSH,C,288,V1,OZI,O,0.663,0.71919,-0.05619,475,546,16822.0,18963.0,1,74,102
8476927,Teddy Blueger,VAN,C,247,V1,OZI,O,0.7089,0.76523,-0.05634,280,276,9014.0,8911.0,1,1105,968
8482145,Mavrik Bourque,DAL,C,156,V1,OZI,O,0.63139,0.6878,-0.05641,246,203,8448.0,6688.0,1,249,282
8476432,Boone Jenner,CBJ,C,219,V1,OZI,O,0.67897,0.73619,-0.05723,489,457,17319.0,16785.0,1,1164,1005
8478462,Nicolas Roy,COL,C,279,V1,OZI,O,0.68053,0.73789,-0.05736,342,376,11375.0,12735.0,1,1214,1259
8480028,Morgan Frost,CGY,C,314,V1,OZI,O,0.68528,0.74323,-0.05796,701,760,22194.0,24053.0,1,1557,1550
8478569,Noel Acciari,PIT,C,278,V1,OZI,O,0.64035,0.6984,-0.05805,222,198,7271.0,6996.0,1,936,754
8478401,Pavel Zacha,BOS,C,320,V1,OZI,O,0.68076,0.73911,-0.05835,696,722,22535.0,24658.0,1,1177,1050
8484164,Dalibor Dvorsky,STL,C,72,V1,OZI,O,0.71415,0.77326,-0.05911,134,139,4198.0,4816.0,1,296,343
8475170,Brayden Schenn,NYI,C,326,V1,OZI,O,0.67167,0.73111,-0.05944,688,670,23187.0,22381.0,1,1526,1545
8485512,Tim Washe,ANA,C,40,V1,OZI,O,0.68144,0.74088,-0.05944,49,33,1444.0,1042.0,0,196,124
8475151,Kyle Palmieri,NYI,C,244,V1,OZI,O,0.67414,0.73367,-0.05953,511,567,15482.0,19720.0,1,31,52
8480252,Cole Guttman,CHI,C,41,V1,OZI,O,0.64162,0.70134,-0.05972,58,66,2076.0,2394.0,1,139,130
8476392,Adam Lowry,WPG,C,305,V1,OZI,O,0.69769,0.75865,-0.06095,433,393,14267.0,12575.0,1,1908,1698
8478078,Rourke Chartier,OTT,C,43,V1,OZI,O,0.77839,0.8396,-0.06121,31,54,722.0,1409.0,0,138,113
8482201,Gage Goncalves,TBL,C,136,V1,OZI,O,0.64012,0.70148,-0.06136,202,257,7219.0,10150.0,1,10,17
8482093,Seth Jarvis,CAR,C,307,V1,OZI,O,0.68807,0.75004,-0.06197,809,703,27615.0,25360.0,1,124,178
8481481,Blake Lizotte,PIT,C,257,V1,OZI,O,0.66886,0.73099,-0.06212,275,311,8501.0,10308.0,1,849,789
8476872,Scott Laughton,LAK,C,303,V1,OZI,O,0.70648,0.76893,-0.06246,414,492,12895.0,15766.0,1,1215,1167
8476310,Lukas Sedlak,PHI,C,30,V1,OZI,O,0.72193,0.7848,-0.06286,28,41,579.0,1092.0,0,77,82
8476826,Yanni Gourde,TBL,C,300,V1,OZI,O,0.66855,0.73215,-0.0636,471,593,16274.0,22856.0,1,1426,1514
8484221,Calum Ritchie,NYI,C,72,V1,OZI,O,0.65872,0.72346,-0.06474,119,127,4067.0,4050.0,1,110,194
8475744,Evgeny Kuznetsov,CAR,C,144,V1,OZI,O,0.66625,0.73209,-0.06584,298,351,10505.0,12594.0,1,678,794
8474641,Adam Henrique,EDM,C,289,V1,OZI,O,0.6527,0.71864,-0.06594,477,458,16231.0,16289.0,1,1156,921
8476867,Brendan Gaunce,CBJ,C,66,V1,OZI,O,0.61322,0.67931,-0.0661,64,65,2270.0,2451.0,1,246,200
8476913,Devin Shore,MIN,C,123,V1,OZI,O,0.61313,0.68009,-0.06696,121,134,3779.0,5142.0,1,155,155
8482859,Zack Ostapchuk,SJS,C,121,V1,OZI,O,0.6225,0.69091,-0.06841,105,122,3147.0,3905.0,1,343,346
8480185,Eetu Luostarinen,FLA,C,317,V1,OZI,O,0.68541,0.75388,-0.06847,640,679,20029.0,22103.0,1,346,411
8475763,Kevin Hayes,PIT,C,252,V1,OZI,O,0.68735,0.75593,-0.06858,417,457,14150.0,16016.0,1,906,845
8477492,Nathan MacKinnon,COL,C,312,V1,OZI,O,0.69625,0.76584,-0.06959,1263,1250,39460.0,41690.0,1,2107,2371
8478445,Mathew Barzal,NYI,C,249,V1,OZI,O,0.66893,0.73926,-0.07033,640,637,23143.0,22793.0,1,353,551
8481532,Alex Turcotte,LAK,C,154,V1,OZI,O,0.65579,0.72674,-0.07096,221,243,7109.0,7751.0,1,320,306
8477497,Sean Monahan,CBJ,C,240,V1,OZI,O,0.66818,0.73936,-0.07119,527,515,16997.0,17300.0,1,1490,1284
8475754,Brock Nelson,COL,C,324,V1,OZI,O,0.67697,0.74845,-0.07148,732,791,22778.0,26424.0,1,1753,1825
8478438,Tommy Novak,PIT,C,258,V1,OZI,O,0.67559,0.74718,-0.07159,454,547,15502.0,18464.0,1,618,847
8476873,Mark Jankowski,CAR,C,210,V1,OZI,O,0.68005,0.75288,-0.07283,332,334,10636.0,10930.0,1,723,636
8478400,Colin White,SJS,C,99,V1,OZI,O,0.67553,0.74925,-0.07372,103,134,3196.0,4355.0,1,123,185
8475798,Mikael Granlund,ANA,C,289,V1,OZI,O,0.6641,0.73846,-0.07437,551,619,18279.0,21129.0,1,1075,1163
8478409,Anthony Richard,PHI,C,38,V1,OZI,O,0.66687,0.74255,-0.07568,44,54,1639.0,1744.0,0,1,6
8480002,Nico Hischier,NJD,C,309,V1,OZI,O,0.67603,0.75202,-0.07599,837,705,25950.0,23506.0,1,2521,2074
8479547,Matthew Phillips,WSH,C,33,V1,OZI,O,0.59381,0.67045,-0.07664,28,44,1034.0,1587.0,0,1,2
8481577,Philip Tomasino,PIT,C,142,V1,OZI,O,0.64682,0.72356,-0.07674,211,243,7540.0,9087.0,1,19,31
8476389,Vincent Trocheck,NYR,C,313,V1,OZI,O,0.66986,0.74692,-0.07707,818,657,28418.0,22926.0,1,2108,1575
8482110,Dawson Mercer,NJD,C,328,V1,OZI,O,0.66322,0.74192,-0.0787,622,660,20981.0,22319.0,1,348,491
8480003,Jesper Boqvist,FLA,C,268,V1,OZI,O,0.67588,0.75459,-0.07871,355,467,11613.0,15256.0,1,214,376
8473563,Nicklas Backstrom,WSH,C,47,V1,OZI,O,0.67416,0.75379,-0.07963,99,98,3158.0,3298.0,1,274,259
8482113,Anton Lundell,FLA,C,294,V1,OZI,O,0.67262,0.75309,-0.08047,613,609,19540.0,19732.0,1,1420,1308
8478542,Evan Rodrigues,FLA,C,300,V1,OZI,O,0.66526,0.74579,-0.08053,675,658,22313.0,21931.0,1,519,542
8485414,Ben Kindel,PIT,C,77,V1,OZI,O,0.62012,0.70081,-0.08069,112,138,4175.0,5204.0,1,232,326
8484197,Oliver Moore,CHI,C,60,V1,OZI,O,0.6896,0.77173,-0.08213,93,103,3096.0,3268.0,1,98,102
8479591,Michael Eyssimont,BOS,C,268,V1,OZI,O,0.65719,0.74082,-0.08362,356,341,11015.0,11274.0,1,25,42
8476960,Andreas Athanasiou,CHI,C,117,V1,OZI,O,0.6716,0.75526,-0.08365,208,219,6282.0,7849.0,1,161,189
8477846,Ryan Carpenter,SJS,C,84,V1,OZI,O,0.72333,0.80742,-0.08409,85,93,2400.0,2830.0,1,256,259
8481726,Adam Edstrom,NYR,C,97,V1,OZI,O,0.56792,0.6524,-0.08449,75,75,2157.0,2641.0,1,7,17
8483690,Noah Laba,NYR,C,74,V1,OZI,O,0.65175,0.73776,-0.08602,95,93,3150.0,2921.0,1,295,284
8480870,Bo Groulx,TOR,C,60,V1,OZI,O,0.64372,0.72992,-0.08619,57,63,2223.0,2166.0,1,146,186
8480845,Rasmus Kupari,WPG,C,153,V1,OZI,O,0.67389,0.76119,-0.0873,158,158,5259.0,5318.0,1,487,441
8478133,Jake Evans,MTL,C,286,V1,OZI,O,0.64049,0.72803,-0.08753,338,323,11360.0,11457.0,1,1430,1183
8480880,Jakub Lauko,BOS,C,139,V1,OZI,O,0.5905,0.6782,-0.0877,77,100,2652.0,3353.0,1,8,19
8477996,Juho Lammikko,NJD,C,24,V1,OZI,O,0.67402,0.76198,-0.08795,19,40,589.0,1315.0,0,53,54
8478051,Max Willman,NJD,C,27,V1,OZI,O,0.70165,0.79025,-0.0886,20,25,486.0,882.0,0,2,7
8482726,Samuel Helenius,LAK,C,102,V1,OZI,O,0.56378,0.65355,-0.08977,67,88,2148.0,2947.0,1,242,281
8482896,Tyson Kozak,BUF,C,67,V1,OZI,O,0.6325,0.72329,-0.09079,53,57,1600.0,2031.0,1,222,243
8475278,Byron Froese,VGK,C,25,V1,OZI,O,0.5989,0.69163,-0.09273,16,15,546.0,681.0,0,88,60
8475752,Tyler Pitlick,MIN,C,127,V1,OZI,O,0.67984,0.77282,-0.09299,96,104,3164.0,3319.0,1,5,18
8482103,Ozzy Wiesblatt,NSH,C,44,V1,OZI,O,0.64409,0.73821,-0.09411,23,38,635.0,1081.0,0,1,4
8482133,Thomas Bordeleau,SJS,C,36,V1,OZI,O,0.71017,0.80433,-0.09416,69,34,1977.0,1109.0,0,40,35
8481147,Reese Johnson,MIN,C,102,V1,OZI,O,0.69175,0.78707,-0.09532,74,63,2472.0,2165.0,1,132,105
8473544,Derick Brassard,OTT,C,62,V1,OZI,O,0.70709,0.80301,-0.09592,69,87,2045.0,2660.0,1,113,116
8480289,Morgan Barron,WPG,C,289,V1,OZI,O,0.67241,0.76937,-0.09695,254,241,8700.0,7952.0,1,335,348
8476374,Sean Kuraly,BOS,C,297,V1,OZI,O,0.61971,0.71806,-0.09835,282,277,9732.0,10151.0,1,1189,1134
8482947,Zakhar Bardakov,COL,C,59,V1,OZI,O,0.64824,0.74684,-0.0986,49,55,1393.0,1900.0,0,72,97
8482177,Marat Khusnutdinov,BOS,C,168,V1,OZI,O,0.63498,0.73361,-0.09863,247,249,8501.0,8758.0,1,257,307
8477126,Jayson Megna,BOS,C,56,V1,OZI,O,0.7219,0.82557,-0.10367,54,55,1370.0,1760.0,1,132,116
8474683,Derek Grant,ANA,C,46,V1,OZI,O,0.63872,0.74645,-0.10773,46,43,1467.0,1479.0,0,172,131
8475793,Ryan Johansen,COL,C,118,V1,OZI,O,0.68205,0.79108,-0.10903,227,191,6803.0,6189.0,1,665,518
8479968,Vinni Lettieri,BOS,C,73,V1,OZI,O,0.62233,0.73188,-0.10955,63,69,2293.0,2566.0,1,46,48
8481019,David Gustafsson,WPG,C,121,V1,OZI,O,0.61944,0.73696,-0.11751,73,101,2767.0,3258.0,1,280,251
8483447,Conor Geekie,TBL,C,66,V1,OZI,O,0.61072,0.72868,-0.11797,81,111,2687.0,4187.0,1,99,133
8475714,Calle Jarnkrok,TOR,C,200,V1,OZI,O,0.68039,0.80121,-0.12082,250,291,7822.0,8939.0,1,80,87
8476952,Dominic Toninato,CHI,C,33,V1,OZI,O,0.59519,0.71875,-0.12356,27,42,956.0,1376.0,0,82,81
8479580,Dylan Gambrell,OTT,C,60,V1,OZI,O,0.61867,0.74681,-0.12813,27,38,889.0,1331.0,0,123,141
8480259,Ben Jones,MIN,C,54,V1,OZI,O,0.59572,0.7323,-0.13657,34,31,1076.0,1031.0,0,77,76
8482153,Brendan Brisson,NYR,C,27,V1,OZI,O,0.57564,0.72424,-0.1486,32,26,1018.0,1019.0,0,4,4
8484509,Josh Samanski,EDM,C,23,V1,OZI,O,0.61958,0.77049,-0.15092,30,32,991.0,915.0,0,53,55
8478146,Matthew Highmore,OTT,C,50,V1,OZI,O,0.56726,0.72262,-0.15535,50,66,1338.0,1972.0,1,7,15
8483397,Marc McLaughlin,NJD,C,24,V1,OZI,O,0.63904,0.83251,-0.19346,19,25,543.0,806.0,0,31,47
8484901,Jacob Quillan,TOR,C,24,V1,OZI,O,0.47875,0.71062,-0.23186,9,21,353.0,584.0,0,62,86
8479348,Kale Clague,BUF,D,36,V1,OZI,O,0.80739,0.65669,0.1507,74,87,2518.0,3408.0,1,0,0
8479338,Markus Niemelainen,EDM,D,23,V1,OZI,O,0.77046,0.65644,0.11401,43,33,1381.0,978.0,0,0,0
8484386,Dmitri Simashev,UTA,D,27,V1,OZI,O,0.77414,0.68322,0.09093,43,69,1284.0,2538.0,0,0,0
8482861,Vincent Iorio,NYR,D,36,V1,OZI,O,0.73524,0.65837,0.07687,62,56,2032.0,1888.0,1,0,0
8480828,Michael Callahan,BOS,D,22,V1,OZI,O,0.78974,0.72052,0.06921,21,20,604.0,458.0,0,0,0
8483472,Maveric Lamoureux,UTA,D,20,V1,OZI,O,0.71606,0.64719,0.06887,39,44,1127.0,1335.0,0,0,0
8477462,Robert Hagg,VGK,D,45,V1,OZI,O,0.75978,0.6935,0.06628,93,91,3093.0,3279.0,1,0,0
8481564,Ryan Johnson,BUF,D,47,V1,OZI,O,0.74702,0.68079,0.06623,71,100,2435.0,3634.0,1,0,0
8484240,Tom Willander,VAN,D,69,V1,OZI,O,0.72361,0.65788,0.06572,113,135,3694.0,4630.0,1,0,0
8478476,Kyle Capobianco,DAL,D,48,V1,OZI,O,0.75646,0.69275,0.06372,84,75,2591.0,2441.0,1,0,0
8484305,Zach Metsa,BUF,D,43,V1,OZI,O,0.71318,0.65303,0.06015,49,65,1555.0,2225.0,0,0,0
8483503,Owen Pickering,PIT,D,29,V1,OZI,O,0.65793,0.6042,0.05373,52,39,1602.0,1190.0,0,0,0
8479388,Riley Stillman,EDM,D,59,V1,OZI,O,0.7506,0.69931,0.05129,81,105,2498.0,3502.0,1,0,0
8478415,Jakub Zboril,BOS,D,22,V1,OZI,O,0.74595,0.69886,0.04709,41,32,1173.0,963.0,0,0,0
8481708,Zac Jones,NYR,D,93,V1,OZI,O,0.6578,0.61379,0.04401,162,161,5830.0,6323.0,1,0,0
8478465,Guillaume Brisebois,VAN,D,20,V1,OZI,O,0.76348,0.72863,0.03485,37,35,1150.0,1006.0,0,0,0
8471303,Alexander Edler,LAK,D,64,V1,OZI,O,0.74348,0.7139,0.02957,129,127,4639.0,4876.0,1,0,0
8482176,Wyatt Kaiser,CHI,D,175,V1,OZI,O,0.72598,0.69907,0.0269,339,424,10510.0,15409.0,1,0,0
8480084,Nick DeSimone,UTA,D,97,V1,OZI,O,0.74163,0.71614,0.02549,206,200,6123.0,6535.0,1,0,0
8479395,Dennis Cholowski,NJD,D,58,V1,OZI,O,0.6934,0.66823,0.02517,90,79,2805.0,2978.0,1,0,0
8478502,Dennis Gilbert,OTT,D,94,V1,OZI,O,0.69389,0.67374,0.02015,132,151,4090.0,4901.0,1,0,0
8477433,Ben Harpur,NYR,D,42,V1,OZI,O,0.70723,0.68715,0.02008,71,79,2268.0,2701.0,1,0,0
8481541,Samuel Bolduc,NYI,D,52,V1,OZI,O,0.70372,0.6842,0.01952,94,110,2798.0,3784.0,1,0,0
8475755,Alexander Petrovic,DAL,D,60,V1,OZI,O,0.64393,0.62869,0.01524,88,91,2741.0,3493.0,1,0,0
8480157,Calle Rosen,STL,D,55,V1,OZI,O,0.73834,0.72341,0.01493,104,115,3302.0,3507.0,1,0,0
8476906,Shayne Gostisbehere,CAR,D,281,V1,OZI,O,0.70148,0.68941,0.01208,723,745,23275.0,26005.0,1,0,0
8477365,Connor Clifton,PIT,D,280,V1,OZI,O,0.68928,0.67803,0.01124,440,437,14389.0,15191.0,1,0,0
8479945,Gavin Bayreuther,CBJ,D,51,V1,OZI,O,0.71955,0.70849,0.01106,99,116,3013.0,4017.0,1,0,0
8480434,Sean Durzi,UTA,D,238,V1,OZI,O,0.7146,0.70376,0.01084,572,658,19338.0,22168.0,1,0,0
8478454,Noah Juulsen,PHI,D,153,V1,OZI,O,0.72223,0.71215,0.01008,228,293,6491.0,8824.0,1,0,0
8479372,Joshua Mahura,SEA,D,199,V1,OZI,O,0.69862,0.68921,0.0094,367,383,12061.0,12626.0,1,0,0
8483506,Sam Rinzel,CHI,D,63,V1,OZI,O,0.67848,0.66974,0.00874,124,178,4401.0,6286.0,1,0,0
8476892,Colton Parayko,STL,D,301,V1,OZI,O,0.7369,0.72838,0.00853,695,754,22965.0,26290.0,1,0,0
8481219,Jonathan Aspirot,BOS,D,61,V1,OZI,O,0.67551,0.66906,0.00645,134,121,4333.0,4451.0,1,0,0
8477034,Jaycob Megna,VGK,D,110,V1,OZI,O,0.71288,0.70673,0.00615,270,253,8735.0,8569.0,1,0,0
8482165,Yan Kuznetsov,CGY,D,58,V1,OZI,O,0.69998,0.69644,0.00354,153,165,4233.0,5475.0,1,0,0
8477541,Dakota Mermis,TOR,D,64,V1,OZI,O,0.7381,0.73461,0.0035,101,97,3383.0,3297.0,1,0,0
8482095,Tyler Kleven,OTT,D,166,V1,OZI,O,0.67165,0.66844,0.00321,329,327,9435.0,10348.0,1,0,0
8482073,Braden Schneider,NYR,D,325,V1,OZI,O,0.66776,0.6654,0.00236,545,533,18306.0,19698.0,1,0,0
8484806,Sam Dickinson,SJS,D,71,V1,OZI,O,0.70957,0.70804,0.00153,128,149,4545.0,5285.0,1,0,0
8479982,Conor Timmins,BUF,D,159,V1,OZI,O,0.70086,0.69941,0.00145,370,322,11249.0,10373.0,1,0,0
8482807,Ethan Del Mastro,CHI,D,45,V1,OZI,O,0.6542,0.65452,-0.00032,79,69,3129.0,2553.0,1,0,0
8474628,Michael Stone,CGY,D,48,V1,OZI,O,0.76462,0.76678,-0.00216,106,109,2889.0,2607.0,1,0,0
8479410,Mikhail Sergachev,UTA,D,267,V1,OZI,O,0.72373,0.72594,-0.00221,838,858,25504.0,27914.0,1,0,0
8475279,Ben Chiarot,DET,D,316,V1,OZI,O,0.70138,0.70359,-0.00221,774,763,25792.0,25903.0,1,0,0
8481030,Jack St. Ivany,PIT,D,53,V1,OZI,O,0.69378,0.69611,-0.00233,83,88,2557.0,3034.0,1,0,0
8477384,Joshua Brown,EDM,D,129,V1,OZI,O,0.75179,0.75425,-0.00246,200,238,5721.0,6999.0,1,0,0
8481072,Tim Berni,CBJ,D,59,V1,OZI,O,0.69831,0.70102,-0.00271,114,126,3971.0,4492.0,1,0,0
8479026,Philippe Myers,TOR,D,91,V1,OZI,O,0.67748,0.68054,-0.00306,154,152,4685.0,4780.0,1,0,0
8482803,Olen Zellweger,ANA,D,164,V1,OZI,O,0.66765,0.67087,-0.00322,355,459,11530.0,16273.0,1,0,0
8483457,Lane Hutson,MTL,D,166,V1,OZI,O,0.66167,0.6657,-0.00402,523,517,17625.0,18902.0,1,0,0
8479439,Jacob MacDonald,SJS,D,92,V1,OZI,O,0.74666,0.75147,-0.00481,137,96,4188.0,3412.0,1,1,3
8482730,Brandt Clarke,LAK,D,184,V1,OZI,O,0.70508,0.71028,-0.0052,525,505,17096.0,17365.0,1,0,0
8480070,Ian Mitchell,BOS,D,63,V1,OZI,O,0.71963,0.72497,-0.00534,123,123,3852.0,3985.0,1,0,0
8474574,Tyler Myers,DAL,D,299,V1,OZI,O,0.72197,0.72966,-0.00769,544,623,17124.0,20796.0,1,0,0
8477495,Seth Jones,FLA,D,254,V1,OZI,O,0.70048,0.70862,-0.00815,720,793,23524.0,27885.0,1,0,0
8484798,Zeev Buium,VAN,D,75,V1,OZI,O,0.70278,0.71116,-0.00838,201,226,6618.0,7776.0,1,0,0
8477969,Marcus Pettersson,VAN,D,309,V1,OZI,O,0.682,0.69042,-0.00842,805,756,25340.0,26391.0,1,0,0
8474673,TJ Brodie,CHI,D,190,V1,OZI,O,0.69982,0.70848,-0.00866,496,463,16863.0,15234.0,1,0,0
8483460,David Jiricek,PHI,D,85,V1,OZI,O,0.71955,0.72821,-0.00866,132,180,4179.0,6104.0,1,0,0
8481542,Moritz Seider,DET,D,328,V1,OZI,O,0.69827,0.70737,-0.0091,790,737,25188.0,25845.0,1,0,0
8475177,Calvin de Haan,NYR,D,159,V1,OZI,O,0.70849,0.71819,-0.00969,245,225,8041.0,7803.0,1,0,0
8482700,Nolan Allan,CHI,D,43,V1,OZI,O,0.59525,0.60556,-0.01031,50,69,1685.0,2591.0,1,0,0
8474590,John Carlson,ANA,D,271,V1,OZI,O,0.69052,0.70107,-0.01055,777,863,23824.0,27893.0,1,0,0
8480878,Nils Lundkvist,DAL,D,210,V1,OZI,O,0.693,0.70378,-0.01079,555,457,17078.0,14800.0,1,0,0
8480807,Mattias Samuelsson,BUF,D,236,V1,OZI,O,0.69541,0.7066,-0.0112,502,647,17433.0,22560.0,1,0,0
8474013,Ian Cole,UTA,D,319,V1,OZI,O,0.70913,0.72063,-0.01151,578,651,18668.0,21538.0,1,0,0
8484768,Zayne Parekh,CGY,D,37,V1,OZI,O,0.67978,0.69149,-0.01171,121,110,3966.0,3572.0,1,0,0
8481568,Alex Vlasic,CHI,D,245,V1,OZI,O,0.67647,0.68932,-0.01286,490,618,16935.0,21788.0,1,0,0
8478443,Brandon Carlo,TOR,D,289,V1,OZI,O,0.70246,0.71553,-0.01307,386,426,12583.0,13597.0,1,0,0
8480336,Sean Walker,CAR,D,314,V1,OZI,O,0.68046,0.69435,-0.0139,789,828,24754.0,27921.0,1,0,0
8482858,Ryker Evans,SEA,D,175,V1,OZI,O,0.67236,0.68637,-0.01402,340,398,12654.0,15308.0,1,0,0
8479325,Charlie McAvoy,BOS,D,260,V1,OZI,O,0.72169,0.73581,-0.01411,890,902,28131.0,30739.0,1,0,0
8483620,Marcus Bjork,CBJ,D,33,V1,OZI,O,0.73323,0.74737,-0.01414,58,71,1893.0,2664.0,1,0,0
8475181,Nick Leddy,SJS,D,223,V1,OZI,O,0.72901,0.74327,-0.01426,496,509,16890.0,18054.0,1,0,0
8476854,Hampus Lindholm,BOS,D,237,V1,OZI,O,0.73407,0.74841,-0.01435,550,570,17399.0,19381.0,1,0,0
8478136,Jake Middleton,MIN,D,301,V1,OZI,O,0.70855,0.72331,-0.01476,644,733,21105.0,25057.0,1,0,0
8481593,Jayden Struble,MTL,D,171,V1,OZI,O,0.65092,0.66575,-0.01483,314,300,10966.0,10600.0,1,0,0
8475906,John Klingberg,SJS,D,147,V1,OZI,O,0.69783,0.71286,-0.01503,358,438,11732.0,15571.0,1,0,0
8477810,Joel Hanley,CGY,D,189,V1,OZI,O,0.68902,0.70418,-0.01516,420,426,11483.0,12565.0,1,0,0
8474565,Alex Pietrangelo,VGK,D,209,V1,OZI,O,0.71315,0.72846,-0.0153,665,613,22416.0,22140.0,1,0,0
8475197,Tyson Barrie,CGY,D,139,V1,OZI,O,0.71389,0.72928,-0.01539,315,305,11272.0,10317.0,1,0,0
8477498,Darnell Nurse,EDM,D,320,V1,OZI,O,0.68941,0.70525,-0.01584,892,817,30928.0,30256.0,1,0,0
8477335,Kyle Burroughs,LAK,D,154,V1,OZI,O,0.68602,0.70194,-0.01592,257,313,7924.0,11028.0,1,0,0
8475233,David Savard,MTL,D,197,V1,OZI,O,0.68191,0.69796,-0.01605,343,415,11613.0,14561.0,1,0,0
8478013,Jake Walman,EDM,D,243,V1,OZI,O,0.68259,0.69876,-0.01617,623,549,20412.0,19048.0,1,0,0
8470600,Ryan Suter,STL,D,246,V1,OZI,O,0.69946,0.71566,-0.0162,597,591,19242.0,20011.0,1,0,0
8479980,Nicolas Hague,NSH,D,285,V1,OZI,O,0.68804,0.70433,-0.01629,648,639,21612.0,22772.0,1,0,0
8475171,Oliver Ekman-Larsson,TOR,D,289,V1,OZI,O,0.71283,0.72923,-0.01641,904,775,27297.0,23729.0,1,0,0
8476473,Connor Murphy,EDM,D,273,V1,OZI,O,0.67584,0.69279,-0.01696,428,442,13740.0,14544.0,1,0,0
8475797,Jarred Tinordi,CHI,D,96,V1,OZI,O,0.69368,0.71074,-0.01706,90,115,2739.0,3993.0,1,0,0
8480879,Jacob Bernard-Docker,DET,D,194,V1,OZI,O,0.67848,0.69566,-0.01719,346,411,10752.0,13817.0,1,0,0
8474027,Justin Braun,PHI,D,51,V1,OZI,O,0.75722,0.77473,-0.01751,73,118,2146.0,3467.0,1,0,0
8481607,Albert Johansson,DET,D,143,V1,OZI,O,0.67346,0.69101,-0.01755,300,328,9328.0,11353.0,1,0,0
8476874,Olli Määttä,CGY,D,269,V1,OZI,O,0.70543,0.72305,-0.01762,585,601,19710.0,21000.0,1,0,0
8481606,Jordan Spence,OTT,D,229,V1,OZI,O,0.69186,0.70979,-0.01794,551,553,17693.0,19207.0,1,0,0
8474568,Luke Schenn,BUF,D,259,V1,OZI,O,0.68806,0.70623,-0.01817,438,419,13727.0,13732.0,1,0,0
8478841,Colton White,NJD,D,69,V1,OZI,O,0.72836,0.74683,-0.01847,99,108,3247.0,3788.0,1,0,0
8479425,Filip Hronek,VAN,D,287,V1,OZI,O,0.70657,0.7251,-0.01853,926,827,31166.0,28432.0,1,0,0
8476853,Morgan Rielly,TOR,D,297,V1,OZI,O,0.69481,0.71356,-0.01875,1087,911,32793.0,28676.0,1,0,0
8473507,Jeff Petry,MIN,D,245,V1,OZI,O,0.69074,0.71004,-0.0193,508,550,16863.0,18451.0,1,0,0
8482762,Simon Edvinsson,DET,D,175,V1,OZI,O,0.68162,0.70094,-0.01932,413,427,13889.0,15094.0,1,0,0
8478469,Thomas Chabot,OTT,D,256,V1,OZI,O,0.68034,0.69981,-0.01947,754,749,24429.0,24708.0,1,0,0
8483398,Declan Carlile,TBL,D,46,V1,OZI,O,0.69914,0.71876,-0.01962,90,93,2566.0,3033.0,1,0,0
8476470,Nathan Beaulieu,ANA,D,52,V1,OZI,O,0.71184,0.73148,-0.01964,64,67,2221.0,2335.0,1,0,0
8474716,Jared Spurgeon,MIN,D,240,V1,OZI,O,0.72078,0.74059,-0.01982,525,644,16220.0,20755.0,1,0,0
8476441,Joel Edmundson,LAK,D,268,V1,OZI,O,0.68817,0.70812,-0.01995,681,722,21374.0,23770.0,1,0,0
8481581,Thomas Harley,DAL,D,233,V1,OZI,O,0.66051,0.68059,-0.02008,772,679,25606.0,23584.0,1,0,0
8475747,Patrik Nemeth,UTA,D,75,V1,OZI,O,0.72515,0.74606,-0.02091,100,118,3038.0,4123.0,1,0,0
8474618,Marco Scandella,STL,D,85,V1,OZI,O,0.70349,0.72443,-0.02093,97,125,3322.0,3959.0,1,0,0
8482144,Jack Thompson,SJS,D,34,V1,OZI,O,0.59541,0.61673,-0.02133,65,82,2264.0,2570.0,1,0,0
8484304,Uvis Balinskis,FLA,D,156,V1,OZI,O,0.67221,0.69404,-0.02183,322,369,9680.0,11289.0,1,0,2
8476457,Adam Larsson,SEA,D,326,V1,OZI,O,0.68972,0.71174,-0.02203,945,1071,32003.0,40339.0,1,0,0
8477948,Travis Sanheim,PHI,D,325,V1,OZI,O,0.72535,0.74748,-0.02213,806,922,24857.0,29625.0,1,0,0
8480839,Rasmus Dahlin,BUF,D,309,V1,OZI,O,0.71696,0.73948,-0.02252,966,1241,31512.0,42327.0,1,0,0
8482126,Emil Andrae,PHI,D,107,V1,OZI,O,0.68406,0.70687,-0.02281,205,238,6362.0,7645.0,1,2,1
8470966,Mark Giordano,TOR,D,124,V1,OZI,O,0.74133,0.76441,-0.02308,278,223,7898.0,7530.0,1,0,0
8481598,Philip Broberg,STL,D,206,V1,OZI,O,0.69153,0.71466,-0.02312,460,505,16047.0,17004.0,1,0,0
8478430,Oliver Kylington,ANA,D,52,V1,OZI,O,0.69133,0.71448,-0.02316,126,121,3758.0,3590.0,1,0,0
8475462,Radko Gudas,ANA,D,275,V1,OZI,O,0.66691,0.6903,-0.02339,482,582,16491.0,19396.0,1,0,0
8476988,Matt Benning,TOR,D,99,V1,OZI,O,0.713,0.73656,-0.02356,156,137,4777.0,4149.0,1,0,0
8474612,Travis Hamonic,DET,D,208,V1,OZI,O,0.66616,0.68974,-0.02358,436,422,13090.0,13421.0,1,0,0
8478416,Erik Cernak,TBL,D,276,V1,OZI,O,0.71316,0.73699,-0.02382,514,585,16288.0,18079.0,1,0,0
8475795,Dylan McIlrath,WSH,D,39,V1,OZI,O,0.59004,0.61414,-0.0241,47,55,1405.0,1726.0,0,0,0
8478178,Darren Raddysh,TBL,D,245,V1,OZI,O,0.68763,0.7136,-0.02597,656,686,20722.0,24560.0,1,0,0
8481719,Maxwell Crozier,TBL,D,53,V1,OZI,O,0.70409,0.73011,-0.02603,95,109,3011.0,3683.0,1,0,0
8478851,Alexandre Carrier,MTL,D,268,V1,OZI,O,0.68312,0.70975,-0.02662,514,505,15514.0,16837.0,1,0,0
8482131,Donovan Sebrango,FLA,D,44,V1,OZI,O,0.63598,0.66298,-0.027,62,84,1912.0,2985.0,1,0,0
8476931,Jake McCabe,TOR,D,295,V1,OZI,O,0.71077,0.73778,-0.027,687,572,20911.0,17733.0,1,0,0
8480160,Radim Simek,SJS,D,44,V1,OZI,O,0.67176,0.69885,-0.02709,53,67,1636.0,1999.0,1,0,0
8478450,Parker Wotherspoon,PIT,D,188,V1,OZI,O,0.68055,0.70774,-0.02719,342,389,12152.0,13741.0,1,0,0
8474567,Zach Bogosian,MIN,D,233,V1,OZI,O,0.67701,0.70431,-0.0273,361,439,12536.0,15036.0,1,1,1
8480196,Jacob Bryson,WPG,D,193,V1,OZI,O,0.70713,0.73452,-0.02739,276,306,9079.0,10155.0,1,0,0
8481806,Louis Crevier,CHI,D,134,V1,OZI,O,0.67749,0.70489,-0.0274,179,211,5358.0,6689.0,1,0,0
8478468,Jeremy Lauzon,VGK,D,242,V1,OZI,O,0.6846,0.71202,-0.02742,410,409,12432.0,13435.0,1,0,0
8476885,Jacob Trouba,ANA,D,308,V1,OZI,O,0.69289,0.72067,-0.02778,715,822,21914.0,27584.0,1,0,0
8481527,Kaedan Korczak,VGK,D,154,V1,OZI,O,0.68925,0.71704,-0.02779,320,306,10880.0,10429.0,1,0,0
8480803,Evan Bouchard,EDM,D,326,V1,OZI,O,0.71163,0.73998,-0.02834,1061,1021,36856.0,36274.0,1,0,0
8479985,Cale Fleury,SEA,D,49,V1,OZI,O,0.69918,0.72771,-0.02853,77,88,2194.0,2883.0,1,0,0
8478396,Noah Hanifin,VGK,D,313,V1,OZI,O,0.71404,0.74295,-0.02891,986,949,30851.0,30146.0,1,0,0
8476463,Jonas Brodin,MIN,D,234,V1,OZI,O,0.70164,0.731,-0.02936,599,728,20566.0,25134.0,1,0,0
8483495,Simon Nemec,NJD,D,155,V1,OZI,O,0.65975,0.68952,-0.02977,347,378,12482.0,14294.0,1,0,0
8477504,Josh Morrissey,WPG,D,315,V1,OZI,O,0.71404,0.74395,-0.0299,1209,1254,40618.0,41831.0,1,0,0
8476856,Mathew Dumba,PIT,D,229,V1,OZI,O,0.69415,0.72422,-0.03007,510,512,17201.0,17619.0,1,0,0
8480834,Ty Emberson,EDM,D,177,V1,OZI,O,0.65815,0.68823,-0.03008,297,293,9589.0,10328.0,1,0,0
8477971,Andreas Englund,NSH,D,167,V1,OZI,O,0.66769,0.69786,-0.03017,223,242,7502.0,8645.0,1,0,0
8482122,Brock Faber,MIN,D,242,V1,OZI,O,0.68943,0.71991,-0.03048,690,781,22710.0,27345.0,1,0,0
8478017,Mark Friedman,VAN,D,51,V1,OZI,O,0.76926,0.79987,-0.03061,86,106,2609.0,3008.0,1,0,0
8480800,Quinn Hughes,MIN,D,302,V1,OZI,O,0.71007,0.7411,-0.03103,1044,1001,36826.0,37358.0,1,0,0
8475690,Chris Tanev,TOR,D,226,V1,OZI,O,0.72304,0.75426,-0.03123,532,456,14872.0,12839.0,1,0,0
8475208,Brian Dumoulin,LAK,D,323,V1,OZI,O,0.67427,0.70552,-0.03125,710,774,23289.0,26022.0,1,0,0
8481161,Jake Christiansen,CBJ,D,144,V1,OZI,O,0.63522,0.66667,-0.03145,200,229,7048.0,8358.0,1,0,0
8481600,Tobias Bjornfot,FLA,D,47,V1,OZI,O,0.68115,0.7128,-0.03165,78,88,2807.0,2789.0,1,0,0
8477244,Chad Ruhwedel,NYR,D,104,V1,OZI,O,0.64866,0.68033,-0.03167,133,126,3962.0,4392.0,1,0,0
8478452,Caleb Jones,PIT,D,111,V1,OZI,O,0.69854,0.73037,-0.03183,215,209,7414.0,7566.0,1,0,0
8480058,Pierre-Olivier Joseph,VAN,D,205,V1,OZI,O,0.66819,0.70004,-0.03185,429,372,13312.0,12275.0,1,0,0
8480222,Sebastian Aho,NYI,D,129,V1,OZI,O,0.72181,0.75379,-0.03197,298,336,9224.0,11287.0,1,0,0
8478840,Will Borgen,NYR,D,323,V1,OZI,O,0.699,0.731,-0.03201,565,550,17724.0,17227.0,1,0,0
8475455,Brenden Dillon,NJD,D,323,V1,OZI,O,0.66893,0.70143,-0.0325,637,726,20926.0,24795.0,1,0,0
8482655,J.J. Moser,TBL,D,295,V1,OZI,O,0.70147,0.73402,-0.03255,626,697,19891.0,22957.0,1,0,0
8474578,Erik Karlsson,PIT,D,321,V1,OZI,O,0.69246,0.72514,-0.03268,1239,1097,40456.0,37357.0,1,0,1
8478859,Niko Mikkola,FLA,D,307,V1,OZI,O,0.69692,0.72962,-0.03269,721,802,22991.0,26063.0,1,0,0
8482105,Jake Sanderson,OTT,D,303,V1,OZI,O,0.70402,0.73673,-0.03271,819,710,24512.0,21890.0,1,0,0
8478407,Vince Dunn,SEA,D,282,V1,OZI,O,0.68107,0.71404,-0.03297,865,987,28906.0,36907.0,1,0,0
8476891,Matt Grzelcyk,CHI,D,289,V1,OZI,O,0.68414,0.71718,-0.03304,830,839,26097.0,27891.0,1,0,0
8480184,Gustav Lindstrom,ANA,D,82,V1,OZI,O,0.67097,0.7041,-0.03313,141,152,5030.0,5556.0,1,0,0
8475857,Kevin Gravel,NSH,D,29,V1,OZI,O,0.64314,0.67634,-0.03321,46,40,1530.0,1378.0,0,0,0
8484223,Axel Sandin-Pellikka,DET,D,68,V1,OZI,O,0.67843,0.71176,-0.03333,167,151,5641.0,5145.0,1,0,0
8482671,Owen Power,BUF,D,315,V1,OZI,O,0.69276,0.72612,-0.03336,834,1002,27806.0,35801.0,1,0,0
8484783,Artyom Levshunov,CHI,D,86,V1,OZI,O,0.6769,0.71054,-0.03364,202,260,7035.0,10022.0,1,0,0
8481546,Cam York,PHI,D,276,V1,OZI,O,0.73021,0.76412,-0.03391,687,756,20846.0,23889.0,1,0,0
8477499,Rasmus Ristolainen,PHI,D,212,V1,OZI,O,0.71683,0.75117,-0.03434,426,461,12134.0,14488.0,1,0,0
8480001,Urho Vaakanainen,NYR,D,176,V1,OZI,O,0.64118,0.67557,-0.0344,261,271,8369.0,9244.0,1,0,0
8475718,Justin Holl,STL,D,199,V1,OZI,O,0.66496,0.69951,-0.03454,395,396,12715.0,13368.0,1,0,0
8481524,Bowen Byram,BUF,D,279,V1,OZI,O,0.67386,0.70844,-0.03458,744,816,24968.0,28605.0,1,0,0
8480036,Miro Heiskanen,DAL,D,277,V1,OZI,O,0.69531,0.73013,-0.03482,1096,979,35919.0,32794.0,1,0,0
8476372,Nick Seeler,PHI,D,305,V1,OZI,O,0.69833,0.73325,-0.03492,577,699,16684.0,21275.0,1,0,0
8482666,Scott Morrow,NYR,D,45,V1,OZI,O,0.66337,0.69846,-0.03509,104,94,3437.0,3187.0,1,0,0
8483485,Denton Mateychuk,CBJ,D,120,V1,OZI,O,0.69182,0.72692,-0.0351,235,290,8508.0,10451.0,1,0,0
8482094,Daemon Hunt,MIN,D,45,V1,OZI,O,0.71085,0.74605,-0.0352,63,61,1954.0,1961.0,1,0,0
8479345,Jakob Chychrun,WSH,D,284,V1,OZI,O,0.66338,0.69864,-0.03525,830,888,28237.0,31583.0,1,0,0
8475167,Victor Hedman,TBL,D,266,V1,OZI,O,0.68492,0.72033,-0.03542,799,844,26317.0,29478.0,1,0,0
8479576,Vincent Desharnais,SJS,D,218,V1,OZI,O,0.68893,0.72467,-0.03574,400,377,13158.0,12861.0,1,0,0
8477932,Aaron Ekblad,FLA,D,250,V1,OZI,O,0.72429,0.7602,-0.03591,664,707,19771.0,22406.0,1,0,0
8475200,Dmitry Orlov,SJS,D,305,V1,OZI,O,0.67317,0.70959,-0.03642,801,772,28131.0,27675.0,1,0,0
8475753,Justin Faulk,DET,D,298,V1,OZI,O,0.69984,0.73626,-0.03642,793,847,26689.0,28035.0,1,0,0
8475324,Nick Jensen,OTT,D,287,V1,OZI,O,0.66115,0.69779,-0.03663,568,614,18439.0,19956.0,1,0,0
8483678,Elias Pettersson,VAN,D,97,V1,OZI,O,0.6777,0.71449,-0.03679,169,157,5982.0,4963.0,1,0,0
8480073,Erik Brannstrom,VAN,D,178,V1,OZI,O,0.70974,0.74666,-0.03692,366,403,11600.0,13109.0,1,0,0
8477507,Nikita Zadorov,BOS,D,319,V1,OZI,O,0.68828,0.7253,-0.03702,795,776,25260.0,23935.0,1,0,0
8480727,Zach Whitecloud,CGY,D,272,V1,OZI,O,0.65789,0.69513,-0.03723,576,581,18845.0,20684.0,1,0,0
8470613,Brent Burns,COL,D,327,V1,OZI,O,0.69369,0.73146,-0.03777,998,921,30691.0,29940.0,1,0,0
8471686,Marc Staal,PHI,D,117,V1,OZI,O,0.72746,0.76533,-0.03786,229,289,7676.0,9119.0,1,0,0
8479442,Troy Stecher,TOR,D,265,V1,OZI,O,0.69041,0.72832,-0.03791,448,467,14306.0,15382.0,1,0,0
8476958,Jaccob Slavin,CAR,D,276,V1,OZI,O,0.68707,0.72502,-0.03796,910,835,28984.0,27737.0,1,0,0
8475179,Dmitry Kulikov,FLA,D,232,V1,OZI,O,0.69379,0.73211,-0.03832,563,623,17658.0,19325.0,1,0,0
8476875,Mike Matheson,MTL,D,288,V1,OZI,O,0.66532,0.70421,-0.03888,668,700,23587.0,25518.0,1,0,0
8476869,Brady Skjei,NSH,D,324,V1,OZI,O,0.70363,0.74269,-0.03905,925,914,28954.0,29847.0,1,0,0
8477369,Carson Soucy,NYI,D,269,V1,OZI,O,0.6898,0.72911,-0.03931,477,530,14829.0,16320.0,1,0,0
8471677,Jack Johnson,CBJ,D,204,V1,OZI,O,0.64839,0.68791,-0.03951,280,284,10088.0,9840.0,1,0,0
8477950,Tony DeAngelo,NYI,D,212,V1,OZI,O,0.71257,0.75239,-0.03982,570,576,18366.0,18864.0,1,0,0
8474031,Kevin Shattenkirk,BOS,D,136,V1,OZI,O,0.69864,0.73858,-0.03994,266,308,8767.0,10397.0,1,0,0
8475790,Erik Gudbranson,CBJ,D,201,V1,OZI,O,0.68786,0.72791,-0.04006,418,502,13513.0,16943.0,1,0,0
8482470,Ilya Solovyov,PIT,D,45,V1,OZI,O,0.70076,0.74099,-0.04023,71,75,1985.0,2247.0,1,0,0
8476462,Dougie Hamilton,NJD,D,243,V1,OZI,O,0.6846,0.72484,-0.04024,686,760,21398.0,24920.0,1,0,0
8480884,Calen Addison,SJS,D,134,V1,OZI,O,0.72898,0.76954,-0.04056,280,286,8859.0,9264.0,1,0,0
8477845,Trevor van Riemsdyk,WSH,D,295,V1,OZI,O,0.70027,0.74087,-0.0406,607,648,20018.0,21368.0,1,0,0
8475218,Mattias Ekholm,EDM,D,303,V1,OZI,O,0.72349,0.76435,-0.04085,971,900,32983.0,30685.0,1,0,0
8478911,Matt Roy,WSH,D,311,V1,OZI,O,0.67713,0.71836,-0.04123,721,732,24025.0,25593.0,1,0,0
8477346,MacKenzie Weegar,UTA,D,322,V1,OZI,O,0.70694,0.74832,-0.04138,1036,1087,28707.0,31472.0,1,0,0
8476429,Scott Mayfield,NYI,D,269,V1,OZI,O,0.68553,0.72693,-0.0414,492,489,15855.0,16285.0,1,0,0
8476312,Josh Manson,COL,D,230,V1,OZI,O,0.68936,0.73102,-0.04166,438,473,13646.0,15347.0,1,0,0
8475825,Jani Hakanpää,TOR,D,148,V1,OZI,O,0.65962,0.7014,-0.04179,217,182,7092.0,6477.0,1,0,0
8474166,Alec Martinez,CHI,D,176,V1,OZI,O,0.67868,0.72063,-0.04196,427,389,14820.0,14404.0,1,0,0
8480145,Neal Pionk,WPG,D,284,V1,OZI,O,0.69893,0.74113,-0.0422,698,691,22284.0,22278.0,1,0,0
8483619,Filip Roos,CHI,D,21,V1,OZI,O,0.64052,0.68275,-0.04222,46,34,1377.0,1078.0,0,0,0
8476967,Brett Kulak,COL,D,328,V1,OZI,O,0.66206,0.70474,-0.04268,735,766,25744.0,28280.0,1,0,0
8481605,Jackson LaCombe,ANA,D,229,V1,OZI,O,0.6693,0.71213,-0.04283,478,646,15289.0,22399.0,1,0,0
8474602,Justin Schultz,SEA,D,143,V1,OZI,O,0.69919,0.7421,-0.04291,285,379,8467.0,12404.0,1,0,0
8475227,Chris Wideman,MTL,D,46,V1,OZI,O,0.66839,0.71136,-0.04297,106,108,3103.0,3513.0,1,0,0
8474145,Robert Bortuzzo,UTA,D,87,V1,OZI,O,0.72903,0.77212,-0.04309,131,142,3672.0,4046.0,1,0,0
8482511,Mason Lohrei,BOS,D,191,V1,OZI,O,0.65755,0.70068,-0.04313,470,481,14729.0,17025.0,1,0,0
8478397,Rasmus Andersson,VGK,D,319,V1,OZI,O,0.71998,0.76321,-0.04323,1070,1098,29805.0,30774.0,1,0,0
8479324,Ryan Lindgren,SEA,D,286,V1,OZI,O,0.6927,0.73621,-0.0435,721,806,22815.0,25937.0,1,0,0
8481525,Matthew Robertson,NYR,D,74,V1,OZI,O,0.66347,0.70778,-0.04431,152,128,4998.0,4370.0,1,0,0
8479371,Dante Fabbro,CBJ,D,277,V1,OZI,O,0.67134,0.71571,-0.04437,640,660,21247.0,22892.0,1,0,0
8482111,Justin Barron,NSH,D,200,V1,OZI,O,0.67757,0.72199,-0.04442,447,510,14127.0,17431.0,1,0,0
8478882,Vladislav Gavrikov,NYR,D,313,V1,OZI,O,0.66824,0.71271,-0.04447,833,795,28011.0,27951.0,1,0,0
8482684,Luke Hughes,NJD,D,223,V1,OZI,O,0.66175,0.70621,-0.04447,719,688,23645.0,24351.0,1,0,0
8482142,Jamie Drysdale,PHI,D,190,V1,OZI,O,0.68797,0.73251,-0.04454,503,528,15617.0,17492.0,1,0,0
8479976,Juuso Välimäki,UTA,D,189,V1,OZI,O,0.70283,0.74765,-0.04482,408,424,13652.0,14016.0,1,0,0
8478055,Gustav Forsling,FLA,D,321,V1,OZI,O,0.70534,0.75023,-0.04489,927,948,28674.0,30957.0,1,0,0
8476779,Brad Hunt,COL,D,47,V1,OZI,O,0.65278,0.69772,-0.04494,53,54,1728.0,1932.0,1,0,0
8482624,Daniil Miromanov,CGY,D,83,V1,OZI,O,0.66564,0.71066,-0.04502,209,231,6499.0,7282.0,1,0,0
8476525,Colin Miller,WPG,D,202,V1,OZI,O,0.67363,0.71873,-0.0451,491,472,15697.0,15896.0,1,0,0
8476979,Erik Gustafsson,DET,D,208,V1,OZI,O,0.6828,0.72794,-0.04514,533,540,17853.0,18496.0,1,0,0
8481563,Drew Helleson,ANA,D,119,V1,OZI,O,0.65757,0.70281,-0.04524,230,298,7476.0,10448.0,1,0,0
8476331,Dylan DeMelo,WPG,D,320,V1,OZI,O,0.69904,0.74428,-0.04524,999,1068,33330.0,35250.0,1,0,0
8471724,Kris Letang,PIT,D,294,V1,OZI,O,0.65697,0.70259,-0.04562,978,877,31601.0,30184.0,1,0,0
8481537,Nikita Okhotiuk,CGY,D,62,V1,OZI,O,0.66027,0.70629,-0.04601,112,116,3285.0,4055.0,1,0,0
8485366,Matthew Schaefer,NYI,D,82,V1,OZI,O,0.68184,0.72786,-0.04602,228,190,7801.0,6842.0,1,0,0
8482100,Alexander Nikishin,CAR,D,81,V1,OZI,O,0.6763,0.72235,-0.04605,253,231,7893.0,7513.0,1,0,0
8477073,Kurtis MacDermid,OTT,D,131,V1,OZI,O,0.65933,0.70548,-0.04615,77,103,2181.0,2903.0,1,2,1
8480891,Michael Kesselring,BUF,D,190,V1,OZI,O,0.70674,0.75297,-0.04622,417,486,12385.0,14917.0,1,0,0
8478460,Zach Werenski,CBJ,D,239,V1,OZI,O,0.65685,0.70321,-0.04636,903,973,32178.0,36099.0,1,0,0
8480796,Martin Fehérváry,WSH,D,295,V1,OZI,O,0.66362,0.71001,-0.04639,590,599,19356.0,20042.0,1,0,0
8479984,Cal Foote,NJD,D,54,V1,OZI,O,0.67042,0.71711,-0.04669,55,76,1866.0,2736.0,1,0,0
8475762,Derek Forbort,VAN,D,145,V1,OZI,O,0.72547,0.77216,-0.04669,204,203,6116.0,6215.0,1,0,0
8480035,Henri Jokiharju,BOS,D,235,V1,OZI,O,0.70214,0.74891,-0.04677,584,672,19066.0,22036.0,1,0,0
8480990,Declan Chisholm,WSH,D,123,V1,OZI,O,0.66142,0.70846,-0.04704,199,248,6982.0,8239.0,1,0,0
8477488,Brett Pesce,NJD,D,261,V1,OZI,O,0.68779,0.735,-0.0472,832,794,27373.0,27215.0,1,0,0
8481059,Scott Perunovich,NYI,D,89,V1,OZI,O,0.68677,0.73417,-0.04739,198,187,6864.0,6489.0,1,0,0
8481206,John Ludvig,COL,D,41,V1,OZI,O,0.61538,0.66461,-0.04922,34,39,1079.0,1458.0,0,0,0
8480865,Noah Dobson,MTL,D,308,V1,OZI,O,0.67417,0.72369,-0.04952,913,865,30292.0,29177.0,1,0,0
8483466,Kevin Korchinski,CHI,D,105,V1,OZI,O,0.66384,0.71352,-0.04968,270,281,9314.0,10018.0,1,0,0
8479458,Nikita Zaitsev,CHI,D,84,V1,OZI,O,0.68133,0.73126,-0.04992,164,189,4591.0,6482.0,1,0,0
8484321,Nikolas Matinpalo,OTT,D,95,V1,OZI,O,0.62794,0.67878,-0.05084,149,143,4166.0,4044.0,1,0,0
8477220,Nate Schmidt,UTA,D,295,V1,OZI,O,0.69643,0.7476,-0.05117,675,656,21606.0,21363.0,1,0,0
8479402,Jake Bean,CGY,D,166,V1,OZI,O,0.64877,0.69997,-0.0512,320,398,10580.0,12752.0,1,0,0
8476422,Mike Reilly,CAR,D,131,V1,OZI,O,0.71899,0.77094,-0.05195,339,372,10409.0,11307.0,1,0,0
8481167,Brayden Pachal,CGY,D,174,V1,OZI,O,0.65169,0.70392,-0.05223,304,344,9213.0,10291.0,1,0,0
8478021,William Lagesson,DET,D,47,V1,OZI,O,0.62245,0.67492,-0.05247,72,69,2111.0,2221.0,1,0,0
8477018,Ben Hutton,VGK,D,138,V1,OZI,O,0.67933,0.7318,-0.05248,328,311,11005.0,10977.0,1,0,0
8480246,Nick Perbix,NSH,D,298,V1,OZI,O,0.68272,0.73542,-0.05271,652,663,20625.0,21404.0,1,0,0
8476923,Damon Severson,CBJ,D,289,V1,OZI,O,0.68064,0.73343,-0.05279,738,794,25122.0,28780.0,1,0,0
8475750,Jon Merrill,MIN,D,208,V1,OZI,O,0.69414,0.747,-0.05286,294,342,10629.0,11178.0,1,0,0
8480871,Adam Boqvist,NYI,D,144,V1,OZI,O,0.68152,0.73442,-0.0529,344,391,10371.0,13348.0,1,0,0
8482964,Arber Xhekaj,MTL,D,230,V1,OZI,O,0.63521,0.68871,-0.0535,372,410,12980.0,13990.0,1,0,0
8477938,Haydn Fleury,WPG,D,129,V1,OZI,O,0.63175,0.68526,-0.05351,181,170,5996.0,5970.0,1,0,0
8478500,Ivan Provorov,CBJ,D,328,V1,OZI,O,0.68517,0.73904,-0.05387,780,928,26783.0,33484.0,1,0,0
8481178,Egor Zamula,CBJ,D,176,V1,OZI,O,0.67835,0.73226,-0.05392,324,304,9675.0,10290.0,1,0,0
8477986,Brandon Montour,SEA,D,290,V1,OZI,O,0.67344,0.72753,-0.05409,764,872,26779.0,31141.0,1,0,0
8479323,Adam Fox,NYR,D,283,V1,OZI,O,0.69691,0.7524,-0.05548,968,983,31453.0,32548.0,1,0,0
8477435,Ryan Graves,PIT,D,231,V1,OZI,O,0.67356,0.72929,-0.05573,436,414,15096.0,15138.0,1,0,0
8481743,Marc Del Gaizo,NSH,D,55,V1,OZI,O,0.60465,0.66043,-0.05578,75,108,2580.0,3690.0,1,0,0
8484150,Hunter Brzustewicz,CGY,D,34,V1,OZI,O,0.65397,0.70988,-0.05591,72,72,2442.0,2399.0,1,0,0
8478854,Ryan Shea,PIT,D,150,V1,OZI,O,0.65883,0.71492,-0.05609,246,244,8084.0,8766.0,1,0,0
8479998,Mikey Anderson,LAK,D,307,V1,OZI,O,0.6597,0.71611,-0.05641,692,732,25404.0,28451.0,1,0,0
8481599,Victor Soderstrom,BOS,D,41,V1,OZI,O,0.69626,0.75289,-0.05663,80,82,2433.0,2853.0,1,0,0
8481014,Alexander Romanov,NYI,D,236,V1,OZI,O,0.64919,0.70599,-0.0568,572,545,18520.0,18554.0,1,0,0
8480887,Jordan Harris,BOS,D,162,V1,OZI,O,0.6461,0.70291,-0.05682,216,269,8087.0,10327.0,1,0,0
8478408,Travis Dermott,MIN,D,80,V1,OZI,O,0.69401,0.75125,-0.05724,133,140,4193.0,4398.0,1,0,0
8474600,Roman Josi,NSH,D,270,V1,OZI,O,0.67201,0.72958,-0.05757,1045,1023,34059.0,34091.0,1,0,0
8476792,Torey Krug,STL,D,140,V1,OZI,O,0.71834,0.7759,-0.05757,398,460,12664.0,14110.0,1,0,0
8474151,Ryan McDonagh,TBL,D,275,V1,OZI,O,0.68784,0.74565,-0.0578,606,688,19740.0,22166.0,1,0,0
8479387,Keaton Middleton,COL,D,44,V1,OZI,O,0.56807,0.62589,-0.05782,42,40,1403.0,1406.0,0,0,0
8476467,Jamie Oleksiak,SEA,D,317,V1,OZI,O,0.6707,0.72877,-0.05807,540,603,18445.0,21122.0,1,0,0
8482192,Isaak Phillips,WPG,D,55,V1,OZI,O,0.67655,0.73469,-0.05814,73,101,2294.0,3445.0,1,0,0
8474563,Drew Doughty,LAK,D,264,V1,OZI,O,0.67287,0.73103,-0.05817,723,769,26283.0,29119.0,1,0,0
8482482,Adam Wilsby,NSH,D,80,V1,OZI,O,0.63481,0.69302,-0.05821,150,155,4688.0,5300.0,1,0,0
8483565,Nick Blankenburg,COL,D,168,V1,OZI,O,0.65833,0.71663,-0.05829,357,386,11040.0,12323.0,1,0,0
8482245,Artem Zub,OTT,D,259,V1,OZI,O,0.68315,0.74153,-0.05837,596,549,18640.0,17236.0,1,0,0
8475188,Brayden McNabb,VGK,D,310,V1,OZI,O,0.7051,0.76369,-0.05858,832,788,27369.0,26554.0,1,0,0
8476879,Cody Ceci,LAK,D,326,V1,OZI,O,0.65189,0.71061,-0.05872,697,707,24317.0,24552.0,1,0,0
8478038,Devon Toews,COL,D,305,V1,OZI,O,0.69751,0.75659,-0.05907,1207,1215,38428.0,40918.0,1,0,0
8480873,Rasmus Sandin,WSH,D,294,V1,OZI,O,0.66421,0.72351,-0.0593,702,783,22389.0,26363.0,1,0,0
8479983,Mario Ferraro,SJS,D,310,V1,OZI,O,0.6498,0.70915,-0.05935,702,720,24092.0,24951.0,1,0,1
8481006,Tyler Tucker,STL,D,158,V1,OZI,O,0.67076,0.73043,-0.05967,243,249,8140.0,7883.0,1,0,0
8481567,Henry Thrun,TOR,D,124,V1,OZI,O,0.6503,0.71003,-0.05973,283,288,9268.0,9463.0,1,0,0
8482516,Matthew Kessel,STL,D,99,V1,OZI,O,0.66098,0.72194,-0.06097,154,181,5156.0,6157.0,1,0,0
8471274,Alex Goligoski,MIN,D,82,V1,OZI,O,0.73614,0.79766,-0.06152,155,178,5196.0,5980.0,1,0,0
8480817,K'Andre Miller,CAR,D,305,V1,OZI,O,0.67766,0.73927,-0.06161,809,836,26379.0,28171.0,1,0,0
8482087,Kaiden Guhle,MTL,D,208,V1,OZI,O,0.66196,0.72412,-0.06216,463,410,16013.0,14115.0,1,0,0
8480043,Timothy Liljegren,WSH,D,238,V1,OZI,O,0.6795,0.74186,-0.06236,589,596,18549.0,18831.0,1,0,0
8480192,Johnathan Kovacevic,NJD,D,254,V1,OZI,O,0.64854,0.71135,-0.06281,423,436,14542.0,15174.0,1,0,0
8477447,Shea Theodore,VGK,D,240,V1,OZI,O,0.69852,0.76154,-0.06302,807,739,26191.0,24566.0,1,0,0
8478970,Jalen Chatfield,CAR,D,301,V1,OZI,O,0.67601,0.73925,-0.06324,842,744,27612.0,24863.0,1,0,0
8480823,Alexander Alexeyev,WSH,D,79,V1,OZI,O,0.70301,0.76639,-0.06338,121,128,3522.0,3797.0,1,0,0
8476902,Esa Lindell,DAL,D,326,V1,OZI,O,0.66665,0.73018,-0.06353,675,554,21971.0,18798.0,1,0,0
8477851,Jordan Oesterle,NSH,D,112,V1,OZI,O,0.67134,0.73505,-0.06371,225,235,8060.0,8477.0,1,0,0
8482178,Ian Moore,ANA,D,69,V1,OZI,O,0.71126,0.77508,-0.06382,105,134,3117.0,4237.0,1,0,1
8478507,John Marino,UTA,D,253,V1,OZI,O,0.69371,0.75796,-0.06425,639,601,20249.0,19947.0,1,0,0
8480950,Ilya Lyubushkin,DAL,D,275,V1,OZI,O,0.67397,0.73838,-0.06441,463,445,15112.0,14674.0,1,0,0
8479378,Logan Stanley,BUF,D,183,V1,OZI,O,0.6477,0.71253,-0.06483,258,261,9228.0,9427.0,1,0,0
8476917,Adam Pelech,NYI,D,261,V1,OZI,O,0.7084,0.77363,-0.06523,715,643,21917.0,20427.0,1,0,0
8475764,Cam Fowler,STL,D,312,V1,OZI,O,0.68968,0.75506,-0.06538,833,935,28087.0,33698.0,1,0,0
8480426,Charle-Edouard D'Astous,TBL,D,70,V1,OZI,O,0.66022,0.72602,-0.0658,145,169,5277.0,6245.0,1,0,0
8480069,Cale Makar,COL,D,291,V1,OZI,O,0.68702,0.75306,-0.06604,1217,1197,38776.0,41537.0,1,0,0
8483490,Pavel Mintyukov,ANA,D,203,V1,OZI,O,0.66994,0.73611,-0.06617,367,483,12204.0,17045.0,1,0,0
8480831,Alec Regula,EDM,D,33,V1,OZI,O,0.66486,0.73119,-0.06633,62,59,2035.0,1994.0,1,0,0
8481122,Simon Benoit,TOR,D,293,V1,OZI,O,0.63714,0.70472,-0.06758,385,367,11379.0,11992.0,1,0,0
8480172,Jan Rutta,SJS,D,180,V1,OZI,O,0.64942,0.71738,-0.06797,347,331,11033.0,10746.0,1,0,0
8471709,Marc-Edouard Vlasic,SJS,D,162,V1,OZI,O,0.71393,0.78192,-0.06799,251,260,8068.0,8153.0,1,0,0
8474207,Nick Holden,OTT,D,65,V1,OZI,O,0.69528,0.7635,-0.06822,118,113,3577.0,3649.0,1,0,0
8479398,Samuel Girard,PIT,D,268,V1,OZI,O,0.68222,0.75194,-0.06972,690,730,21597.0,23845.0,1,0,0
8478399,Jonas Siegenthaler,NJD,D,274,V1,OZI,O,0.67748,0.74812,-0.07064,647,687,21031.0,22947.0,1,0,0
8482641,Matt Kiersted,MIN,D,28,V1,OZI,O,0.6673,0.73812,-0.07083,28,50,1058.0,1684.0,0,0,0
8477506,Ryan Pulock,NYI,D,290,V1,OZI,O,0.67477,0.74671,-0.07194,723,682,21609.0,21481.0,1,0,0
8481572,Ville Heinola,WPG,D,32,V1,OZI,O,0.60271,0.67524,-0.07253,47,36,1548.0,1244.0,0,0,0
8478451,Ethan Bear,WSH,D,85,V1,OZI,O,0.7032,0.77781,-0.07461,189,209,6341.0,6850.0,1,0,0
8480049,Dylan Samberg,WPG,D,266,V1,OZI,O,0.67704,0.75201,-0.07497,500,488,16618.0,16178.0,1,0,0
8483448,Isaiah George,NYI,D,37,V1,OZI,O,0.6171,0.69291,-0.07582,79,60,2784.0,1905.0,1,0,0
8473446,Erik Johnson,COL,D,166,V1,OZI,O,0.68329,0.75984,-0.07655,288,286,8683.0,8740.0,1,0,0
8482166,Shakir Mukhamadullin,SJS,D,83,V1,OZI,O,0.62723,0.70407,-0.07684,164,170,5148.0,5596.0,1,0,0
8480860,Kevin Bahl,CGY,D,273,V1,OZI,O,0.67824,0.75533,-0.07709,634,695,19095.0,20983.0,1,0,0
8479369,Andrew Peeke,BOS,D,271,V1,OZI,O,0.63656,0.7148,-0.07823,553,566,18182.0,19218.0,1,0,0
8482911,Joel Nystrom,CAR,D,38,V1,OZI,O,0.66746,0.74892,-0.08146,116,116,3356.0,3708.0,1,0,0
8481056,Spencer Stastney,EDM,D,117,V1,OZI,O,0.69453,0.77701,-0.08248,240,211,7454.0,6368.0,1,0,0
8482929,Emil Lilleberg,TBL,D,163,V1,OZI,O,0.61686,0.70187,-0.08501,315,324,10299.0,11136.0,1,0,0
8482733,Logan Mailloux,STL,D,74,V1,OZI,O,0.66998,0.75856,-0.08858,164,177,5530.0,5927.0,1,0,0
8479421,Jacob Moverare,LAK,D,90,V1,OZI,O,0.56909,0.65838,-0.08929,137,122,4212.0,3700.0,1,0,0
8482067,Connor Mackey,NYR,D,36,V1,OZI,O,0.70074,0.79137,-0.09063,54,65,1624.0,1831.0,1,0,0
8483510,Elias Salomonsson,WPG,D,32,V1,OZI,O,0.66137,0.75213,-0.09076,70,81,2141.0,2465.0,1,0,0
8484258,Sam Malinski,COL,D,180,V1,OZI,O,0.62779,0.7224,-0.09461,326,353,11061.0,11729.0,1,0,0
8474090,Brendan Smith,CBJ,D,170,V1,OZI,O,0.6532,0.74784,-0.09464,288,298,9184.0,9827.0,1,0,0
8483768,Victor Mancini,VAN,D,55,V1,OZI,O,0.60802,0.7028,-0.09478,100,105,3842.0,3755.0,1,0,0
8481812,Nikolai Knyzhov,SJS,D,22,V1,OZI,O,0.65943,0.75595,-0.09652,45,38,1521.0,1176.0,0,0,0
8476449,Scott Harrington,ANA,D,45,V1,OZI,O,0.66043,0.75991,-0.09949,77,103,2297.0,3228.0,1,0,0
8481609,Vladislav Kolyachonok,BOS,D,55,V1,OZI,O,0.60899,0.71266,-0.10368,109,89,3294.0,2464.0,1,0,0
8479639,Dylan Coghlan,VGK,D,27,V1,OZI,O,0.68077,0.79423,-0.11346,58,51,1867.0,1594.0,1,0,0
8483425,Lian Bichsel,DAL,D,88,V1,OZI,O,0.51729,0.63178,-0.11449,165,136,5436.0,4701.0,1,0,0
8479578,Casey Fitzgerald,FLA,D,27,V1,OZI,O,0.6319,0.75019,-0.1183,33,38,1160.0,1285.0,0,0,0
8475625,Matt Irwin,WSH,D,61,V1,OZI,O,0.61523,0.76004,-0.14481,71,65,2495.0,2242.0,1,0,0
8479533,Joona Koppanen,PIT,L,33,V1,OZI,O,0.77724,0.63495,0.14229,21,16,615.0,578.0,0,50,53
8484388,Daniil But,UTA,L,29,V1,OZI,O,0.75612,0.65971,0.09641,38,63,1308.0,2204.0,0,6,13
8476915,Jujhar Khaira,MIN,L,52,V1,OZI,O,0.7787,0.68383,0.09487,39,43,1211.0,1651.0,0,125,124
8484180,Samuel Honzek,CGY,L,23,V1,OZI,O,0.78559,0.69101,0.09458,41,35,1138.0,1068.0,0,6,5
8478147,Bokondji Imama,PIT,L,29,V1,OZI,O,0.7815,0.69542,0.08608,23,21,627.0,568.0,0,0,0
8484314,Jiri Smejkal,OTT,L,20,V1,OZI,O,0.72676,0.64706,0.0797,13,26,355.0,1003.0,0,9,15
8483513,Reid Schaefer,NSH,L,46,V1,OZI,O,0.69809,0.64214,0.05594,46,59,1358.0,1998.0,0,1,7
8477944,Jakub Vrana,NSH,L,85,V1,OZI,O,0.68965,0.63535,0.0543,118,158,4047.0,5471.0,1,6,27
8482132,Brett Berard,NYR,L,48,V1,OZI,O,0.67202,0.62388,0.04813,57,59,1869.0,1792.0,1,3,4
8481133,Cole Reinhardt,FLA,L,76,V1,OZI,O,0.76184,0.72083,0.041,71,78,2091.0,2683.0,1,8,4
8481065,Angus Crookshank,NJD,L,29,V1,OZI,O,0.6461,0.6174,0.0287,40,35,1410.0,1414.0,0,2,4
8482055,Drew O'Connor,VAN,L,290,V1,OZI,O,0.70292,0.67867,0.02425,455,422,15282.0,15361.0,1,108,142
8474157,Max Pacioretty,TOR,L,89,V1,OZI,O,0.71227,0.68807,0.0242,139,172,4108.0,5498.0,1,10,15
8477930,Pierre-Edouard Bellemare,SEA,L,113,V1,OZI,O,0.7506,0.72848,0.02213,116,99,3721.0,3543.0,1,381,325
8482747,Brennan Othmann,CGY,L,44,V1,OZI,O,0.6244,0.60488,0.01952,54,61,1664.0,1845.0,1,0,6
8476858,Phillip Di Giuseppe,VAN,L,101,V1,OZI,O,0.74346,0.72464,0.01882,158,133,5582.0,4703.0,1,5,15
8479383,Boris Katchouk,TBL,L,120,V1,OZI,O,0.75328,0.73481,0.01847,118,136,3279.0,4608.0,1,18,36
8478498,Jake DeBrusk,VAN,L,306,V1,OZI,O,0.73172,0.71373,0.01798,673,655,20974.0,22154.0,1,26,42
8482476,Emil Heineman,NYI,L,148,V1,OZI,O,0.69763,0.68021,0.01742,247,215,7967.0,7458.0,1,4,16
8473419,Brad Marchand,FLA,L,278,V1,OZI,O,0.73413,0.71851,0.01563,683,661,20800.0,22505.0,1,27,55
8479981,Jonah Gadjovich,FLA,L,126,V1,OZI,O,0.6999,0.68533,0.01458,108,143,3099.0,4662.0,1,4,5
8474102,David Perron,DET,L,266,V1,OZI,O,0.72346,0.71472,0.00874,476,403,14801.0,13825.0,1,25,37
8479543,Michael Pezzetta,TOR,L,158,V1,OZI,O,0.69734,0.69068,0.00666,109,120,3499.0,4109.0,1,15,25
8481557,Matt Boldy,MIN,L,314,V1,OZI,O,0.71927,0.71625,0.00302,663,679,24632.0,25924.0,1,145,150
8474034,Patrick Maroon,CHI,L,199,V1,OZI,O,0.68365,0.68398,-0.00033,226,257,8320.0,9626.0,1,47,66
8479066,Ryan Lomberg,CGY,L,294,V1,OZI,O,0.68132,0.68233,-0.00101,302,330,10236.0,11153.0,1,28,44
8477402,Pavel Buchnevich,STL,L,299,V1,OZI,O,0.75155,0.75262,-0.00107,629,717,21240.0,24792.0,1,286,514
8478028,Fredrik Olofsson,COL,L,85,V1,OZI,O,0.71529,0.71719,-0.00189,54,72,1700.0,2362.0,1,129,182
8483491,Ivan Miroshnichenko,WSH,L,52,V1,OZI,O,0.68342,0.68565,-0.00223,52,74,1791.0,2529.0,1,0,2
8477444,Andre Burakovsky,CHI,L,252,V1,OZI,O,0.69726,0.69954,-0.00228,465,544,16093.0,19400.0,1,6,15
8477456,J.T. Compher,DET,L,317,V1,OZI,O,0.71028,0.71318,-0.0029,633,670,20630.0,23642.0,1,1720,1813
8478233,Andrew Mangiapane,CHI,L,300,V1,OZI,O,0.71988,0.72317,-0.00329,559,556,17803.0,19113.0,1,13,25
8476918,Jimmy Vesey,COL,L,204,V1,OZI,O,0.72177,0.72544,-0.00366,245,268,7156.0,8763.0,1,14,36
8479359,Beck Malenstyn,BUF,L,247,V1,OZI,O,0.67918,0.6829,-0.00371,123,146,3728.0,5216.0,1,33,33
8482117,Lukas Reichel,BOS,L,187,V1,OZI,O,0.69029,0.69526,-0.00497,275,309,8353.0,11006.0,1,246,364
8478067,Oskar Lindblom,SJS,L,74,V1,OZI,O,0.72134,0.72657,-0.00523,75,86,2207.0,2582.0,1,8,10
8479314,Matthew Tkachuk,FLA,L,242,V1,OZI,O,0.72434,0.72975,-0.00541,597,638,18791.0,21543.0,1,12,18
8480801,Brady Tkachuk,OTT,L,295,V1,OZI,O,0.71207,0.71755,-0.00548,799,750,22311.0,23590.0,1,463,470
8479661,Tanner Jeannot,BOS,L,275,V1,OZI,O,0.6677,0.67456,-0.00686,359,358,11908.0,12881.0,1,45,70
8476882,Teuvo Teravainen,CHI,L,301,V1,OZI,O,0.70951,0.71644,-0.00692,552,569,18314.0,19805.0,1,134,159
8478104,Sammy Blais,MTL,L,145,V1,OZI,O,0.72392,0.73229,-0.00837,172,202,5973.0,7314.0,1,5,14
8475169,Evander Kane,VAN,L,189,V1,OZI,O,0.70217,0.71085,-0.00869,459,438,16281.0,16656.0,1,52,71
8478413,Jordan Greenway,BUF,L,203,V1,OZI,O,0.73196,0.74112,-0.00916,310,365,10838.0,12956.0,1,19,69
8482720,Matthew Knies,TOR,L,240,V1,OZI,O,0.68789,0.69952,-0.01163,560,466,18266.0,15978.0,1,0,6
8477527,Ross Johnston,ANA,L,189,V1,OZI,O,0.69058,0.70304,-0.01246,142,197,4725.0,6782.0,1,8,11
8474709,Matt Martin,NYI,L,170,V1,OZI,O,0.74017,0.75345,-0.01328,162,156,5415.0,4786.0,1,23,34
8477479,Tyler Bertuzzi,CHI,L,291,V1,OZI,O,0.67707,0.69052,-0.01345,563,580,20515.0,21772.0,1,66,89
8474037,James van Riemsdyk,DET,L,275,V1,OZI,O,0.71497,0.73111,-0.01614,400,458,13360.0,15534.0,1,22,33
8482078,Lucas Raymond,DET,L,318,V1,OZI,O,0.70884,0.72521,-0.01637,622,623,20487.0,21202.0,1,8,15
8476346,Johnny Gaudreau,CBJ,L,161,V1,OZI,O,0.72775,0.7447,-0.01695,361,409,12999.0,16044.0,1,0,0
8478474,Lawson Crouse,UTA,L,319,V1,OZI,O,0.71678,0.73429,-0.01751,530,563,16524.0,18091.0,1,78,138
8473473,Milan Lucic,BOS,L,81,V1,OZI,O,0.7743,0.792,-0.0177,135,151,3766.0,4649.0,1,17,21
8482089,Jake Neighbours,STL,L,270,V1,OZI,O,0.71645,0.7343,-0.01785,479,537,15239.0,17633.0,1,22,46
8475235,Nicolas Deslauriers,CAR,L,202,V1,OZI,O,0.70215,0.72086,-0.01871,179,206,5637.0,6975.0,1,10,14
8479293,Brandon Tanev,UTA,L,282,V1,OZI,O,0.71469,0.73403,-0.01934,397,446,11556.0,15216.0,1,19,58
8477330,Dominik Kubalik,OTT,L,155,V1,OZI,O,0.71701,0.7377,-0.02068,217,260,7018.0,8879.0,1,24,32
8475784,Jeff Skinner,SJS,L,257,V1,OZI,O,0.68677,0.70779,-0.02102,501,623,16700.0,22713.0,1,161,198
8477478,William Carrier,CAR,L,208,V1,OZI,O,0.67152,0.69346,-0.02194,350,326,10433.0,10351.0,1,20,31
8475786,Zach Hyman,EDM,L,289,V1,OZI,O,0.72841,0.75045,-0.02204,848,789,30973.0,29810.0,1,9,17
8475722,Jason Zucker,BUF,L,282,V1,OZI,O,0.69367,0.71577,-0.0221,553,550,17148.0,19572.0,1,46,72
8478975,Mason Marchment,CBJ,L,279,V1,OZI,O,0.69533,0.71774,-0.02241,672,587,22214.0,20970.0,1,31,41
8483499,Liam Ohgren,VAN,L,96,V1,OZI,O,0.67457,0.69816,-0.02359,131,142,4342.0,4741.0,1,9,13
8481725,Elmer Soderblom,PIT,L,106,V1,OZI,O,0.67161,0.69607,-0.02447,124,173,4117.0,6008.0,1,7,18
8484994,Igor Chernyshov,SJS,L,27,V1,OZI,O,0.67902,0.70459,-0.02557,60,71,2050.0,2461.0,1,0,0
8479542,Brandon Hagel,TBL,L,316,V1,OZI,O,0.68845,0.7141,-0.02565,641,692,22956.0,25470.0,1,64,116
8481711,Matias Maccelli,TOR,L,272,V1,OZI,O,0.71462,0.7407,-0.02608,482,463,16042.0,16352.0,1,13,18
8482116,Tim Stützle,OTT,L,315,V1,OZI,O,0.67442,0.70055,-0.02613,855,826,27597.0,28319.0,1,847,942
8477941,Nick Ritchie,CGY,L,74,V1,OZI,O,0.74074,0.76766,-0.02692,101,140,3024.0,4347.0,1,2,7
8482157,Will Cuylle,NYR,L,249,V1,OZI,O,0.66853,0.69604,-0.02751,439,456,13938.0,15219.0,1,34,52
8479400,Pierre-Luc Dubois,WSH,L,266,V1,OZI,O,0.70014,0.72767,-0.02753,567,621,18762.0,21536.0,1,1434,1515
8470610,Zach Parise,COL,L,112,V1,OZI,O,0.70474,0.7329,-0.02817,176,176,5490.0,5732.0,1,17,34
8480844,Grigori Denisenko,VGK,L,25,V1,OZI,O,0.81514,0.84429,-0.02915,19,32,568.0,1034.0,0,0,1
8483445,Cutter Gauthier,ANA,L,158,V1,OZI,O,0.65975,0.68969,-0.02994,290,356,8870.0,12188.0,1,64,87
8477940,Nikolaj Ehlers,CAR,L,278,V1,OZI,O,0.69724,0.72744,-0.03019,675,700,22609.0,24541.0,1,12,34
8475791,Taylor Hall,CAR,L,228,V1,OZI,O,0.67733,0.70879,-0.03146,465,484,15663.0,16239.0,1,53,67
8480748,Kiefer Sherwood,SJS,L,249,V1,OZI,O,0.67392,0.70546,-0.03153,346,365,11942.0,12993.0,1,47,55
8477931,Tomas Nosek,FLA,L,182,V1,OZI,O,0.70192,0.73373,-0.0318,154,160,5200.0,5085.0,1,684,555
8477426,Nick Paul,TBL,L,289,V1,OZI,O,0.65973,0.69247,-0.03274,494,489,17730.0,17670.0,1,1297,1182
8475184,Chris Kreider,ANA,L,303,V1,OZI,O,0.70616,0.73951,-0.03335,624,693,19235.0,22055.0,1,94,143
8477942,Kevin Fiala,LAK,L,288,V1,OZI,O,0.66895,0.7024,-0.03345,593,656,19604.0,23417.0,1,38,70
8478109,Victor Olofsson,CGY,L,260,V1,OZI,O,0.72521,0.75886,-0.03364,456,463,14444.0,15833.0,1,4,19
8480188,Fabian Zetterlund,OTT,L,316,V1,OZI,O,0.68256,0.71637,-0.03381,594,620,19364.0,20657.0,1,48,68
8475149,Marcus Johansson,MIN,L,305,V1,OZI,O,0.68671,0.72094,-0.03423,540,601,19758.0,21497.0,1,31,54
8478398,Kyle Connor,WPG,L,310,V1,OZI,O,0.68478,0.71935,-0.03458,897,982,33646.0,36708.0,1,4,11
8475220,Marcus Foligno,MIN,L,253,V1,OZI,O,0.68986,0.72489,-0.03504,337,416,11730.0,14987.0,1,26,30
8480220,Noah Cates,PHI,L,301,V1,OZI,O,0.72724,0.76249,-0.03525,425,615,12425.0,19351.0,1,1228,1528
8482667,William Eklund,SJS,L,242,V1,OZI,O,0.65506,0.69047,-0.03541,458,487,16765.0,18473.0,1,81,177
8477955,Jared McCann,SEA,L,293,V1,OZI,O,0.69523,0.73101,-0.03578,561,668,17200.0,22432.0,1,232,257
8481789,Tye Kartye,NYR,L,204,V1,OZI,O,0.67743,0.71326,-0.03583,234,269,7434.0,9057.0,1,47,60
8477404,Jake Guentzel,TBL,L,306,V1,OZI,O,0.6885,0.72468,-0.03618,958,842,31159.0,27604.0,1,254,283
8477494,Jonathan Drouin,STL,L,244,V1,OZI,O,0.71023,0.74649,-0.03626,557,544,18066.0,19297.0,1,272,310
8484145,Zach Benson,BUF,L,211,V1,OZI,O,0.68634,0.72324,-0.0369,324,405,11675.0,13983.0,1,13,24
8481043,Cole Koepke,WPG,L,164,V1,OZI,O,0.67263,0.70986,-0.03723,142,145,4307.0,4646.0,1,0,4
8482077,Dylan Holloway,STL,L,224,V1,OZI,O,0.67446,0.7121,-0.03764,415,394,14149.0,13491.0,1,113,144
8480027,Jason Robertson,DAL,L,328,V1,OZI,O,0.67174,0.70952,-0.03778,786,688,26747.0,23919.0,1,6,13
8480797,Joel Farabee,CGY,L,326,V1,OZI,O,0.68323,0.72111,-0.03787,623,752,20826.0,25612.0,1,64,104
8478864,Kirill Kaprizov,MIN,L,261,V1,OZI,O,0.71138,0.74951,-0.03812,720,907,25993.0,34069.0,1,0,2
8482241,Radim Zohorna,PIT,L,43,V1,OZI,O,0.73132,0.76946,-0.03814,36,29,1258.0,1015.0,0,23,23
8481535,Nils Hoglander,VAN,L,214,V1,OZI,O,0.70614,0.74432,-0.03818,350,370,10859.0,12367.0,1,1,2
8476887,Filip Forsberg,NSH,L,295,V1,OZI,O,0.68906,0.72761,-0.03855,815,805,25944.0,26154.0,1,24,39
8476438,Brandon Saad,VGK,L,274,V1,OZI,O,0.69226,0.73113,-0.03887,523,508,17879.0,17157.0,1,29,47
8478042,Viktor Arvidsson,BOS,L,231,V1,OZI,O,0.68419,0.72328,-0.0391,432,425,14499.0,15167.0,1,42,70
8483808,Andrei Kuzmenko,LAK,L,271,V1,OZI,O,0.69409,0.73508,-0.04099,483,586,16286.0,19972.0,1,2,0
8476455,Gabriel Landeskog,COL,L,60,V1,OZI,O,0.72153,0.76259,-0.04106,161,125,4636.0,4368.0,1,85,65
8479407,Jesper Bratt,NJD,L,327,V1,OZI,O,0.70543,0.74676,-0.04133,813,871,25118.0,28384.0,1,9,17
8476921,Jordan Martinook,CAR,L,320,V1,OZI,O,0.69984,0.74118,-0.04134,788,600,25030.0,19508.0,1,127,130
8473986,Alex Killorn,ANA,L,308,V1,OZI,O,0.67121,0.71259,-0.04138,513,642,17698.0,24091.0,1,46,86
8475193,Tomas Tatar,NJD,L,226,V1,OZI,O,0.69708,0.73929,-0.04221,360,398,11049.0,12508.0,1,23,38
8482062,Cole Smith,VGK,L,283,V1,OZI,O,0.69424,0.73657,-0.04233,234,261,7061.0,8617.0,1,17,30
8474679,Gustav Nyquist,WPG,L,262,V1,OZI,O,0.69064,0.73377,-0.04312,630,564,20436.0,19404.0,1,36,60
8476292,Ondrej Palat,NYI,L,277,V1,OZI,O,0.69172,0.73505,-0.04334,482,560,14811.0,18513.0,1,13,43
8479619,Michael Carcone,UTA,L,214,V1,OZI,O,0.67629,0.72011,-0.04382,326,330,9938.0,11408.0,1,23,28
8476878,Zemgus Girgensons,TBL,L,299,V1,OZI,O,0.67515,0.72013,-0.04498,369,470,12529.0,16747.0,1,266,314
8481604,Pavel Dorofeyev,VGK,L,230,V1,OZI,O,0.68379,0.72971,-0.04592,589,510,19446.0,17263.0,1,5,15
8478046,Danton Heinen,CBJ,L,264,V1,OZI,O,0.71041,0.75691,-0.0465,361,360,11392.0,11354.0,1,34,51
8478047,Michael Bunting,DAL,L,313,V1,OZI,O,0.68357,0.7305,-0.04692,676,705,22716.0,23777.0,1,18,34
8481077,John Leonard,DET,L,23,V1,OZI,O,0.72403,0.77098,-0.04696,32,31,953.0,965.0,0,0,0
8477947,Sonny Milano,WSH,L,147,V1,OZI,O,0.69059,0.73761,-0.04702,214,247,7650.0,8434.0,1,8,4
8476410,Josh Leivo,STL,L,51,V1,OZI,O,0.7835,0.83159,-0.04809,71,72,2291.0,2577.0,1,3,4
8483515,Juraj Slafkovský,MTL,L,282,V1,OZI,O,0.65939,0.7077,-0.04831,600,595,21241.0,22456.0,1,30,45
8482222,Alexander Barabanov,SJS,L,114,V1,OZI,O,0.69233,0.7413,-0.04898,250,214,8067.0,6985.0,1,3,5
8478550,Artemi Panarin,LAK,L,321,V1,OZI,O,0.68698,0.73599,-0.04902,898,811,32921.0,29825.0,1,6,16
8477454,Adam Erne,DAL,L,130,V1,OZI,O,0.70363,0.75276,-0.04913,166,151,4734.0,5335.0,1,16,25
8480113,Alex Iafallo,WPG,L,302,V1,OZI,O,0.69473,0.74464,-0.0499,500,522,16923.0,18605.0,1,34,52
8484185,Nick Lardis,CHI,L,41,V1,OZI,O,0.71389,0.76391,-0.05001,54,77,1828.0,2427.0,1,1,1
8475766,Austin Watson,DET,L,121,V1,OZI,O,0.6796,0.73075,-0.05115,90,83,2912.0,2481.0,1,6,10
8482109,Alexis Lafrenière,NYR,L,327,V1,OZI,O,0.68745,0.73922,-0.05177,787,712,28024.0,25117.0,1,59,143
8481592,Jakob Pelletier,TBL,L,91,V1,OZI,O,0.65626,0.70837,-0.05212,143,165,4451.0,5051.0,1,14,28
8475314,Anders Lee,NYI,L,327,V1,OZI,O,0.68813,0.74125,-0.05312,804,668,26149.0,22211.0,1,88,89
8477425,Miles Wood,CBJ,L,241,V1,OZI,O,0.67646,0.73049,-0.05403,298,324,9158.0,10608.0,1,19,47
8479368,Max Jones,EDM,L,168,V1,OZI,O,0.6808,0.73586,-0.05505,196,221,6413.0,7477.0,1,14,21
8479339,Patrik Laine,MTL,L,130,V1,OZI,O,0.62493,0.68068,-0.05575,236,320,8769.0,12580.0,1,54,92
8477839,Conor Sheary,NYR,L,206,V1,OZI,O,0.68876,0.74455,-0.0558,358,353,12495.0,11838.0,1,27,30
8471214,Alex Ovechkin,WSH,L,299,V1,OZI,O,0.65161,0.70927,-0.05766,907,927,28795.0,31768.0,1,5,9
8482172,Landon Slaggert,CHI,L,102,V1,OZI,O,0.66736,0.72534,-0.05798,97,98,3367.0,3426.0,1,1,4
8473994,Jamie Benn,DAL,L,304,V1,OZI,O,0.6873,0.74535,-0.05805,712,576,20131.0,16925.0,1,881,591
8478463,Anthony Beauvillier,WSH,L,305,V1,OZI,O,0.6647,0.72529,-0.06059,555,574,18100.0,20516.0,1,75,75
8477998,Warren Foegele,OTT,L,299,V1,OZI,O,0.68166,0.74258,-0.06091,566,562,17780.0,18790.0,1,44,51
8473422,Nick Foligno,MIN,L,266,V1,OZI,O,0.69551,0.75681,-0.0613,329,342,11314.0,12291.0,1,543,546
8481641,Joel Kiviranta,COL,L,255,V1,OZI,O,0.67323,0.73615,-0.06292,214,284,6298.0,8717.0,1,26,22
8478431,Evgeny Svechnikov,SJS,L,59,V1,OZI,O,0.71383,0.77728,-0.06345,81,72,2820.0,2227.0,1,5,4
8481716,Dmitri Voronkov,CBJ,L,211,V1,OZI,O,0.67725,0.74154,-0.06429,447,577,13735.0,18285.0,1,265,377
8477476,Artturi Lehkonen,COL,L,247,V1,OZI,O,0.69313,0.75774,-0.06461,671,723,20735.0,24168.0,1,9,25
8483597,Milos Kelemen,UTA,L,24,V1,OZI,O,0.69942,0.76442,-0.065,26,18,855.0,607.0,0,2,5
8481550,Adam Beckman,MIN,L,20,V1,OZI,O,0.77619,0.84424,-0.06805,14,23,420.0,764.0,0,0,1
8475287,Erik Haula,NSH,L,306,V1,OZI,O,0.67409,0.74306,-0.06897,645,577,20389.0,18611.0,1,1582,1377
8481582,Nicholas Robertson,TOR,L,218,V1,OZI,O,0.638,0.70772,-0.06971,345,307,11199.0,9915.0,1,19,24
8478421,A.J. Greer,FLA,L,279,V1,OZI,O,0.65747,0.72999,-0.07251,260,341,8230.0,11092.0,1,27,52
8477962,Brendan Lemieux,CAR,L,77,V1,OZI,O,0.70872,0.7829,-0.07418,92,90,3210.0,2994.0,1,11,18
8482408,Jeff Malott,LAK,L,70,V1,OZI,O,0.63692,0.7129,-0.07597,59,74,1782.0,2365.0,1,4,10
8480762,Eric Robinson,CAR,L,268,V1,OZI,O,0.63115,0.70911,-0.07795,406,456,13591.0,16463.0,1,10,42
8479423,Alex Nylander,TOR,L,42,V1,OZI,O,0.66817,0.74726,-0.07908,90,86,3098.0,3098.0,1,11,8
8481093,Rafael Harvey-Pinard,PIT,L,81,V1,OZI,O,0.68733,0.7664,-0.07908,96,116,3243.0,4054.0,1,8,25
8478115,Pierre Engvall,NYI,L,212,V1,OZI,O,0.67056,0.7497,-0.07914,304,356,9498.0,12621.0,1,52,75
8474884,Mike Hoffman,SJS,L,133,V1,OZI,O,0.68471,0.76441,-0.0797,210,212,7003.0,7581.0,1,24,30
8477573,Nathan Walker,STL,L,219,V1,OZI,O,0.61656,0.69721,-0.08065,171,198,6040.0,7193.0,1,228,198
8476871,Tanner Pearson,BUF,L,203,V1,OZI,O,0.65706,0.73939,-0.08233,230,280,7596.0,9305.0,1,13,52
8482742,Zachary L'Heureux,NSH,L,86,V1,OZI,O,0.57942,0.66389,-0.08447,108,99,3324.0,3240.0,1,3,7
8476442,Matt Nieto,PIT,L,135,V1,OZI,O,0.6603,0.74562,-0.08533,148,140,4763.0,4627.0,1,9,9
8478211,Dryden Hunt,CGY,L,73,V1,OZI,O,0.70889,0.79453,-0.08564,82,88,2621.0,2886.0,1,5,5
8480468,James Hamblin,EDM,L,41,V1,OZI,O,0.59425,0.68421,-0.08996,46,34,1496.0,1064.0,0,105,92
8481732,Andre Lee,LAK,L,26,V1,OZI,O,0.55599,0.6468,-0.09081,21,32,768.0,1124.0,0,0,0
8483455,Isaac Howard,EDM,L,29,V1,OZI,O,0.64492,0.73717,-0.09225,36,35,1211.0,1442.0,0,0,0
8480031,Maxime Comtois,CAR,L,65,V1,OZI,O,0.65761,0.7504,-0.09279,95,128,3385.0,4391.0,1,23,15
8477407,Anthony Duclair,NYI,L,199,V1,OZI,O,0.65832,0.75137,-0.09305,409,411,13179.0,13478.0,1,21,32
8480448,Parker Kelly,COL,L,296,V1,OZI,O,0.65055,0.74475,-0.0942,261,333,7838.0,9802.0,1,322,442
8479356,Kieffer Bellows,NSH,L,47,V1,OZI,O,0.60256,0.7,-0.09744,35,58,1014.0,1990.0,0,4,16
8477353,Tyler Motte,DET,L,186,V1,OZI,O,0.62409,0.72407,-0.09997,194,170,6749.0,5871.0,1,139,169
8483630,Pavol Regenda,SJS,L,42,V1,OZI,O,0.66723,0.77106,-0.10383,38,66,1193.0,2315.0,0,8,8
8479705,Jeffrey Viel,ANA,L,53,V1,OZI,O,0.66318,0.77626,-0.11308,75,76,2295.0,2713.0,1,2,3
8479536,Axel Jonsson-Fjallby,WPG,L,76,V1,OZI,O,0.64668,0.76552,-0.11884,57,67,2018.0,2030.0,1,1,4
8476934,Brock McGinn,ANA,L,125,V1,OZI,O,0.66402,0.78384,-0.11982,118,125,3905.0,4034.0,1,5,14
8477482,Zachary Sanford,CHI,L,45,V1,OZI,O,0.67269,0.80109,-0.1284,57,69,2047.0,2574.0,1,43,88
8482451,Mikael Pyyhtia,CBJ,L,71,V1,OZI,O,0.58005,0.71212,-0.13206,95,98,3329.0,3029.0,1,3,4
8483395,Arshdeep Bains,VAN,L,49,V1,OZI,O,0.64494,0.78952,-0.14458,48,67,1580.0,2233.0,0,4,14
8481518,Nolan Foote,FLA,L,29,V1,OZI,O,0.59775,0.81272,-0.21497,34,45,1156.0,1447.0,0,1,5
8476326,Josh Archibald,PIT,R,62,V1,OZI,O,0.7931,0.62226,0.17084,38,35,1044.0,1096.0,0,0,1
8471887,Patric Hornqvist,FLA,R,22,V1,OZI,O,0.84,0.70725,0.13275,14,24,400.0,690.0,0,0,5
8475178,Zack Kassian,UTA,R,51,V1,OZI,O,0.78369,0.69074,0.09296,36,46,1202.0,1468.0,0,3,5
8475780,Chris Wagner,COL,R,42,V1,OZI,O,0.71236,0.62692,0.08543,16,27,518.0,780.0,0,59,65
8482749,Joshua Roy,MTL,R,38,V1,OZI,O,0.66752,0.5885,0.07902,54,58,1570.0,2000.0,1,2,4
8479942,Dominik Shine,DET,R,27,V1,OZI,O,0.63535,0.55807,0.07727,17,19,447.0,706.0,0,5,6
8484938,Arttu Hyry,DAL,R,25,V1,OZI,O,0.70959,0.63697,0.07262,31,26,761.0,898.0,0,104,63
8482874,Jacob Melanson,SEA,R,37,V1,OZI,O,0.69784,0.6461,0.05174,14,26,417.0,859.0,0,1,0
8479644,Matt Luff,STL,R,24,V1,OZI,O,0.70339,0.65933,0.04406,25,29,944.0,1045.0,0,0,2
8479520,Brandon Duhaime,WSH,R,295,V1,OZI,O,0.76752,0.72981,0.03771,236,244,7463.0,7565.0,1,32,59
8475163,Alex Chiasson,DET,R,20,V1,OZI,O,0.8144,0.77995,0.03445,23,24,625.0,818.0,0,0,6
8484177,Lenni Hameenaho,NJD,R,33,V1,OZI,O,0.72295,0.68855,0.03441,59,44,1978.0,1554.0,0,0,5
8479367,William Lockwood,FLA,R,39,V1,OZI,O,0.75165,0.72448,0.02716,51,45,1671.0,1401.0,0,4,4
8480821,Filip Zadina,SJS,R,102,V1,OZI,O,0.72017,0.69397,0.0262,139,156,4635.0,5127.0,1,13,47
8479315,Joey Anderson,CHI,R,111,V1,OZI,O,0.72063,0.69607,0.02456,125,150,3984.0,5169.0,1,0,2
8482118,Sam Colangelo,ANA,R,44,V1,OZI,O,0.68108,0.66361,0.01747,52,82,1665.0,2616.0,1,5,11
8477149,Scott Sabourin,TBL,R,30,V1,OZI,O,0.71818,0.70227,0.01592,15,31,440.0,927.0,0,0,4
8478495,Denis Gurianov,PHI,R,84,V1,OZI,O,0.75179,0.73849,0.01331,115,138,3344.0,5059.0,1,0,0
8479343,Clayton Keller,UTA,R,322,V1,OZI,O,0.74945,0.73763,0.01182,798,904,26035.0,29291.0,1,57,82
8478856,Conor Garland,CBJ,R,315,V1,OZI,O,0.73285,0.72445,0.00841,581,561,19697.0,19401.0,1,17,34
8485702,Max Shabanov,NYI,R,44,V1,OZI,O,0.70676,0.70372,0.00304,70,65,2278.0,2420.0,1,0,2
8482758,Ville Koivunen,PIT,R,47,V1,OZI,O,0.68403,0.68121,0.00281,92,94,3418.0,3667.0,1,2,0
8484911,Collin Graf,SJS,R,120,V1,OZI,O,0.69724,0.69474,0.0025,185,207,6606.0,7646.0,1,7,19
8481013,Jonatan Berggren,STL,R,204,V1,OZI,O,0.70434,0.70372,0.00062,305,339,10742.0,12235.0,1,8,17
8473449,Kyle Okposo,FLA,R,142,V1,OZI,O,0.72021,0.71977,0.00044,197,264,7066.0,9685.0,1,239,248
8485493,David Tomasek,EDM,R,22,V1,OZI,O,0.65677,0.65949,-0.00273,20,27,606.0,1022.0,0,28,34
8479390,Taylor Raddysh,NYR,R,299,V1,OZI,O,0.69504,0.69786,-0.00283,464,414,15510.0,14073.0,1,24,51
8481617,Vasily Podkolzin,EDM,R,221,V1,OZI,O,0.70837,0.71124,-0.00287,423,440,14045.0,15369.0,1,38,90
8480007,Jonas Rondbjerg,VGK,R,50,V1,OZI,O,0.66406,0.6674,-0.00334,48,43,1664.0,1368.0,0,2,6
8479420,Tage Thompson,BUF,R,306,V1,OZI,O,0.7159,0.72365,-0.00775,667,945,21566.0,32437.0,1,1164,1492
8478434,Keegan Kolesar,VGK,R,318,V1,OZI,O,0.70943,0.71739,-0.00796,355,359,10882.0,12006.0,1,30,52
8473504,Cal Clutterbuck,NYI,R,131,V1,OZI,O,0.73599,0.74442,-0.00843,122,127,3640.0,3584.0,1,11,22
8477903,Garnet Hathaway,PHI,R,299,V1,OZI,O,0.70665,0.71583,-0.00918,276,277,8512.0,8889.0,1,43,36
8480292,Carson Meyer,CBJ,R,28,V1,OZI,O,0.70576,0.71517,-0.00941,18,39,469.0,1299.0,0,0,0
8480995,Pontus Holmberg,TBL,R,229,V1,OZI,O,0.69028,0.70055,-0.01027,281,324,9428.0,11244.0,1,305,366
8478444,Brock Boeser,VAN,R,304,V1,OZI,O,0.72934,0.73991,-0.01058,688,663,23110.0,22558.0,1,85,142
8479977,Kailer Yamamoto,UTA,R,187,V1,OZI,O,0.71328,0.72408,-0.0108,253,311,8538.0,10746.0,1,52,97
8474573,Josh Bailey,NYI,R,64,V1,OZI,O,0.73512,0.74592,-0.0108,122,120,3847.0,4164.0,1,34,48
8479336,Carl Grundstrom,PHI,R,211,V1,OZI,O,0.6775,0.68833,-0.01083,255,305,8217.0,10540.0,1,14,31
8476453,Nikita Kucherov,TBL,R,317,V1,OZI,O,0.70808,0.72002,-0.01194,867,968,30121.0,35931.0,1,0,0
8479328,Julien Gauthier,NYI,R,85,V1,OZI,O,0.75032,0.76298,-0.01266,81,91,2331.0,2966.0,1,6,10
8480015,Owen Tippett,PHI,R,313,V1,OZI,O,0.73577,0.74845,-0.01268,698,724,21879.0,23125.0,1,48,54
8483487,Rutger McGroarty,PIT,R,32,V1,OZI,O,0.66848,0.68424,-0.01576,64,55,2208.0,1821.0,1,8,10
8482175,JJ Peterka,UTA,R,317,V1,OZI,O,0.69244,0.70875,-0.01631,612,710,20682.0,24398.0,1,16,37
8476880,Tom Wilson,WSH,R,260,V1,OZI,O,0.70165,0.71811,-0.01646,570,581,19172.0,20593.0,1,18,35
8475765,Vladimir Tarasenko,MIN,R,300,V1,OZI,O,0.71616,0.73265,-0.01649,555,720,16957.0,22839.0,1,9,12
8476439,Brett Ritchie,UTA,R,50,V1,OZI,O,0.78596,0.80305,-0.01709,76,66,2336.0,1970.0,1,2,2
8480789,Oliver Wahlstrom,BOS,R,110,V1,OZI,O,0.70017,0.72001,-0.01984,155,196,4736.0,6286.0,1,16,19
8474141,Patrick Kane,DET,R,262,V1,OZI,O,0.68949,0.70958,-0.02009,611,595,20418.0,21510.0,1,5,8
8477446,Michael McCarron,MIN,R,255,V1,OZI,O,0.67911,0.69964,-0.02052,200,223,5999.0,7421.0,1,1196,1009
8480208,Drake Batherson,OTT,R,325,V1,OZI,O,0.69478,0.71612,-0.02135,742,799,22852.0,26138.0,1,60,83
8481554,Kaapo Kakko,SEA,R,286,V1,OZI,O,0.71167,0.73319,-0.02152,525,587,17858.0,21292.0,1,59,70
8484186,Ryan Leonard,WSH,R,84,V1,OZI,O,0.65734,0.67901,-0.02167,113,120,3537.0,4349.0,1,5,4
8479344,Jesse Puljujarvi,FLA,R,128,V1,OZI,O,0.713,0.73485,-0.02184,194,219,5892.0,7011.0,1,1,8
8480205,Emil Bemstrom,PIT,R,125,V1,OZI,O,0.71861,0.74153,-0.02292,178,204,5544.0,7088.0,1,14,20
8471218,Blake Wheeler,NYR,R,126,V1,OZI,O,0.71469,0.73791,-0.02322,284,281,9530.0,9325.0,1,75,60
8477015,Connor Brown,NJD,R,232,V1,OZI,O,0.67736,0.70073,-0.02337,326,338,11381.0,12908.0,1,26,48
8483497,Jani Nyman,SEA,R,39,V1,OZI,O,0.67338,0.69726,-0.02388,51,73,1638.0,2887.0,1,3,4
8483733,Nikita Grebenkin,PHI,R,62,V1,OZI,O,0.68964,0.71411,-0.02448,62,76,1843.0,2487.0,1,5,2
8477956,David Pastrnak,BOS,R,323,V1,OZI,O,0.69808,0.72394,-0.02586,960,978,32860.0,35467.0,1,18,29
8473512,Claude Giroux,OTT,R,327,V1,OZI,O,0.70568,0.73237,-0.02669,844,714,25017.0,21541.0,1,1371,967
8479337,Alex DeBrincat,DET,R,328,V1,OZI,O,0.69795,0.72536,-0.0274,747,717,24218.0,24417.0,1,51,65
8477953,Kasperi Kapanen,EDM,R,246,V1,OZI,O,0.6818,0.7092,-0.0274,352,380,12181.0,14068.0,1,71,108
8471817,Ryan Reaves,SJS,R,207,V1,OZI,O,0.69974,0.72724,-0.0275,163,141,5332.0,4876.0,1,5,14
8482097,Jack Quinn,BUF,R,258,V1,OZI,O,0.70025,0.72799,-0.02774,461,527,14986.0,18025.0,1,14,32
8484762,Beckett Sennecke,ANA,R,81,V1,OZI,O,0.71851,0.7477,-0.02919,156,216,4867.0,7515.0,1,0,0
8479322,Wade Allison,PHI,R,60,V1,OZI,O,0.75673,0.78614,-0.0294,80,118,2376.0,3722.0,1,1,5
8475692,Mats Zuccarello,MIN,R,275,V1,OZI,O,0.69938,0.7289,-0.02952,643,822,24080.0,31103.0,1,87,127
8484860,Matvei Gridin,CGY,R,36,V1,OZI,O,0.66519,0.69588,-0.03069,101,91,3390.0,3183.0,1,3,14
8484984,Ivan Demidov,MTL,R,84,V1,OZI,O,0.69549,0.72642,-0.03093,137,159,4903.0,5790.0,1,0,1
8478439,Travis Konecny,PHI,R,295,V1,OZI,O,0.70291,0.73409,-0.03118,720,769,23158.0,26043.0,1,95,131
8479941,Justin Danforth,BUF,R,142,V1,OZI,O,0.66306,0.69447,-0.03141,206,229,6476.0,8320.0,1,421,407
8482699,Dylan Guenther,UTA,R,227,V1,OZI,O,0.67931,0.71115,-0.03184,380,489,12099.0,16673.0,1,38,65
8483609,Adam Klapka,CGY,R,115,V1,OZI,O,0.65233,0.68484,-0.03251,119,135,3906.0,4731.0,1,18,34
8484158,Easton Cowan,TOR,R,66,V1,OZI,O,0.65991,0.69309,-0.03318,112,108,3599.0,3936.0,1,0,2
8481553,Bobby Brink,MIN,R,204,V1,OZI,O,0.67344,0.70768,-0.03423,274,370,8902.0,13013.0,1,35,66
8481601,Simon Holmstrom,NYI,R,279,V1,OZI,O,0.69605,0.73029,-0.03424,497,467,15894.0,15991.0,1,7,23
8478099,Kevin Labanc,CBJ,R,152,V1,OZI,O,0.68672,0.72216,-0.03544,248,236,8060.0,7598.0,1,11,17
8478873,Troy Terry,ANA,R,283,V1,OZI,O,0.70027,0.73592,-0.03566,528,763,18096.0,27613.0,1,22,35
8475848,Brendan Gallagher,MTL,R,273,V1,OZI,O,0.6725,0.70857,-0.03607,391,382,12968.0,13691.0,1,18,30
8477511,Anthony Mantha,PIT,R,235,V1,OZI,O,0.70008,0.73648,-0.0364,345,385,12410.0,13938.0,1,23,41
8479638,Justin Brazeau,PIT,R,159,V1,OZI,O,0.64714,0.68396,-0.03682,185,237,6215.0,8287.0,1,5,18
8477939,William Nylander,TOR,R,311,V1,OZI,O,0.69705,0.73395,-0.0369,963,744,31055.0,24026.0,1,151,177
8482159,Tyson Foerster,PHI,R,195,V1,OZI,O,0.68904,0.72609,-0.03705,304,379,9265.0,13271.0,1,0,2
8484210,Gabe Perreault,NYR,R,54,V1,OZI,O,0.67685,0.71556,-0.03871,120,100,3995.0,3825.0,1,5,6
8477451,Ryan Hartman,MIN,R,278,V1,OZI,O,0.70502,0.7444,-0.03939,504,659,16845.0,23142.0,1,1170,1395
8475855,Jesper Fast,CAR,R,153,V1,OZI,O,0.75737,0.79677,-0.0394,368,281,12002.0,8857.0,1,16,19
8481540,Cole Caufield,MTL,R,291,V1,OZI,O,0.65526,0.6947,-0.03944,687,681,25242.0,24949.0,1,17,27
8482659,Josh Doan,BUF,R,144,V1,OZI,O,0.68317,0.72314,-0.03996,286,274,9188.0,8618.0,1,34,57
8478366,Frank Vatrano,ANA,R,294,V1,OZI,O,0.68497,0.72603,-0.04106,514,661,16605.0,23039.0,1,30,40
8482475,Egor Chinakhov,PIT,R,185,V1,OZI,O,0.68872,0.73037,-0.04165,323,419,10688.0,14605.0,1,4,18
8470621,Corey Perry,TBL,R,288,V1,OZI,O,0.66436,0.70628,-0.04192,448,454,15192.0,16291.0,1,19,30
8480830,Andrei Svechnikov,CAR,R,274,V1,OZI,O,0.68948,0.73181,-0.04233,733,692,23367.0,23666.0,1,12,16
8483476,Jonathan Lekkerimäki,VAN,R,37,V1,OZI,O,0.64161,0.68428,-0.04266,46,66,1490.0,2442.0,0,0,1
8480893,Kirill Marchenko,CBJ,R,292,V1,OZI,O,0.69017,0.73293,-0.04276,692,808,23755.0,28689.0,1,45,76
8477949,Alex Tuch,BUF,R,310,V1,OZI,O,0.69956,0.74234,-0.04278,683,857,22337.0,28654.0,1,120,157
8480833,Vitali Kravtsov,VAN,R,44,V1,OZI,O,0.67448,0.71804,-0.04356,55,85,1920.0,3082.0,1,0,3
8477979,Nicolas Aube-Kubel,MIN,R,141,V1,OZI,O,0.66103,0.70484,-0.04381,101,113,3490.0,4418.0,1,16,26
8482713,Mackie Samoskevich,FLA,R,156,V1,OZI,O,0.66137,0.70519,-0.04382,274,310,8558.0,9959.0,1,5,9
8482809,Jackson Blake,CAR,R,162,V1,OZI,O,0.64114,0.68516,-0.04401,336,380,11219.0,13540.0,1,15,24
8476469,Joel Armia,LAK,R,256,V1,OZI,O,0.64053,0.68525,-0.04472,310,350,10663.0,12124.0,1,40,67
8475726,Tyler Toffoli,SJS,R,319,V1,OZI,O,0.68947,0.73494,-0.04548,724,723,21534.0,22116.0,1,47,63
8484241,Matthew Wood,NSH,R,76,V1,OZI,O,0.66493,0.71064,-0.04571,124,140,4226.0,4669.0,1,74,117
8484387,Matvei Michkov,PHI,R,161,V1,OZI,O,0.69034,0.73609,-0.04574,342,382,11025.0,13349.0,1,11,18
8483890,Braeden Bowman,VGK,R,54,V1,OZI,O,0.69087,0.73721,-0.04634,111,123,3953.0,4182.0,1,3,9
8478432,Christian Fischer,CBJ,R,205,V1,OZI,O,0.67765,0.72442,-0.04678,246,323,7346.0,9990.0,1,93,153
8474586,Jordan Eberle,SEA,R,281,V1,OZI,O,0.68244,0.73063,-0.04819,558,682,18976.0,24138.0,1,64,97
8476981,Josh Anderson,MTL,R,300,V1,OZI,O,0.66086,0.71069,-0.04983,445,402,15548.0,14894.0,1,73,55
8480245,Olle Lycksell,OTT,R,52,V1,OZI,O,0.6695,0.71938,-0.04988,61,70,2239.0,2637.0,1,4,5
8484958,Maxim Tsyplakov,NJD,R,126,V1,OZI,O,0.66772,0.71835,-0.05064,197,225,6344.0,7726.0,1,16,19
8482146,Luke Evangelista,NSH,R,252,V1,OZI,O,0.67541,0.72662,-0.05122,470,530,16553.0,19014.0,1,1,7
8481624,Ilya Mikheyev,CHI,R,281,V1,OZI,O,0.68319,0.73501,-0.05181,386,464,13614.0,16091.0,1,10,27
8475810,Bryan Rust,PIT,R,286,V1,OZI,O,0.69212,0.74403,-0.0519,944,765,29070.0,24147.0,1,11,15
8474149,Evgenii Dadonov,NJD,R,228,V1,OZI,O,0.64796,0.70035,-0.05239,424,403,13206.0,13863.0,1,1,10
8476474,Stefan Noesen,NJD,R,275,V1,OZI,O,0.68969,0.74225,-0.05256,533,493,15894.0,16074.0,1,105,121
8478420,Mikko Rantanen,DAL,R,308,V1,OZI,O,0.6982,0.75106,-0.05286,1115,1101,36455.0,38262.0,1,446,411
8471698,T.J. Oshie,WSH,R,110,V1,OZI,O,0.68481,0.73801,-0.0532,226,280,7586.0,9302.0,1,23,32
8477416,Oliver Bjorkstrand,TBL,R,322,V1,OZI,O,0.67812,0.7315,-0.05338,532,598,18386.0,21963.0,1,32,67
8482088,Justin Sourdif,WSH,R,82,V1,OZI,O,0.66996,0.7234,-0.05344,103,121,3642.0,4324.0,1,288,346
8475913,Mark Stone,VGK,R,226,V1,OZI,O,0.6985,0.75466,-0.05617,611,615,20076.0,20812.0,1,8,21
8480825,Patrick Giles,SJS,R,20,V1,OZI,O,0.56154,0.61818,-0.05664,16,27,520.0,1045.0,0,40,67
8477392,Hudson Fasching,NYI,R,137,V1,OZI,O,0.62987,0.6873,-0.05742,168,152,5309.0,4896.0,1,5,17
8475799,Nino Niederreiter,WPG,R,297,V1,OZI,O,0.67544,0.73377,-0.05832,453,464,15421.0,16369.0,1,32,39
8476483,Rickard Rakell,PIT,R,293,V1,OZI,O,0.68413,0.74302,-0.0589,925,786,28448.0,25543.0,1,88,155
8481517,Brett Leason,WSH,R,190,V1,OZI,O,0.67442,0.73346,-0.05904,185,238,6450.0,8055.0,1,40,72
8478414,Timo Meier,NJD,R,304,V1,OZI,O,0.66432,0.72344,-0.05912,757,688,25283.0,24356.0,1,86,135
8475191,Reilly Smith,VGK,R,302,V1,OZI,O,0.68307,0.74243,-0.05935,600,582,18528.0,19637.0,1,26,54
8478472,Mathieu Joseph,LAK,R,238,V1,OZI,O,0.6822,0.74163,-0.05943,273,333,8798.0,10516.0,1,55,86
8478483,Mitch Marner,VGK,R,311,V1,OZI,O,0.67939,0.74018,-0.06079,824,752,27267.0,26280.0,1,156,230
8479379,Givani Smith,COL,R,85,V1,OZI,O,0.67678,0.73779,-0.06101,77,75,2407.0,2334.0,1,2,3
8482125,Alexander Holtz,VGK,R,183,V1,OZI,O,0.69087,0.75351,-0.06264,275,284,9310.0,8824.0,1,14,36
8479671,Mathieu Olivier,CBJ,R,263,V1,OZI,O,0.64001,0.70321,-0.0632,336,368,10578.0,13272.0,1,17,47
8474715,Cam Atkinson,TBL,R,109,V1,OZI,O,0.67908,0.74485,-0.06576,178,198,5316.0,6208.0,1,8,11
8482070,Mitchell Chaffee,TBL,R,107,V1,OZI,O,0.59907,0.66577,-0.0667,139,154,4517.0,5206.0,1,9,16
8482679,Matt Coronato,CGY,R,191,V1,OZI,O,0.65489,0.72241,-0.06752,418,451,13164.0,14572.0,1,104,165
8480025,MacKenzie Entwistle,CHI,R,133,V1,OZI,O,0.66139,0.73031,-0.06892,126,140,3792.0,4876.0,1,245,303
8480009,Eeli Tolvanen,SEA,R,300,V1,OZI,O,0.66203,0.73108,-0.06906,524,534,17380.0,19006.0,1,19,38
8481655,Cole Schwindt,FLA,R,76,V1,OZI,O,0.67927,0.75102,-0.07175,75,77,2407.0,2458.0,1,191,211
8483516,Jimmy Snuggerud,STL,R,76,V1,OZI,O,0.6837,0.756,-0.0723,168,154,5637.0,4959.0,1,2,8
8483756,Jared Wright,LAK,R,22,V1,OZI,O,0.73785,0.81135,-0.07351,19,19,576.0,599.0,0,0,1
8481560,Arthur Kaliyev,OTT,R,123,V1,OZI,O,0.69675,0.77113,-0.07437,219,179,6902.0,5763.0,1,0,1
8482652,Walker Duehr,WPG,R,94,V1,OZI,O,0.62704,0.70167,-0.07463,100,110,2751.0,3533.0,1,2,16
8483525,Danila Yurov,MIN,R,73,V1,OZI,O,0.63421,0.70902,-0.0748,111,156,3338.0,5368.0,1,282,420
8480281,Alexey Toropchenko,STL,R,295,V1,OZI,O,0.64985,0.725,-0.07515,268,295,9236.0,10360.0,1,7,10
8478466,Daniel Sprong,NJD,R,172,V1,OZI,O,0.65755,0.73339,-0.07584,195,232,6658.0,8942.0,1,8,11
8481042,Nikolai Kovalenko,SJS,R,58,V1,OZI,O,0.6105,0.68774,-0.07723,70,100,2380.0,3148.0,1,0,4
8475968,Alex Belzile,MTL,R,31,V1,OZI,O,0.7035,0.7819,-0.07839,25,39,914.0,1403.0,0,91,99
8477501,Valeri Nichushkin,COL,R,221,V1,OZI,O,0.68374,0.76321,-0.07947,550,563,17688.0,19097.0,1,4,5
8481058,Jesse Ylonen,MTL,R,96,V1,OZI,O,0.66103,0.74096,-0.07992,95,107,3018.0,3567.0,1,8,5
8479414,Nathan Bastian,DAL,R,192,V1,OZI,O,0.65546,0.73792,-0.08246,190,192,5233.0,6021.0,1,28,49
8475164,Jakob Silfverberg,ANA,R,162,V1,OZI,O,0.71488,0.80043,-0.08555,185,198,6229.0,6534.0,1,24,46
8481186,Logan O'Connor,COL,R,231,V1,OZI,O,0.64674,0.73672,-0.08998,227,259,7193.0,8508.0,1,16,31
8482155,Alex Laferriere,LAK,R,239,V1,OZI,O,0.63448,0.72592,-0.09144,439,515,14199.0,17524.0,1,191,264
8482765,Isak Rosen,WPG,R,51,V1,OZI,O,0.63128,0.72665,-0.09537,69,69,2091.0,2173.0,1,2,7
8480822,Martin Kaut,SJS,R,36,V1,OZI,O,0.75,0.85307,-0.10307,44,45,1192.0,1368.0,0,2,3
8481721,Arseny Gritsyuk,NJD,R,66,V1,OZI,O,0.64477,0.74856,-0.1038,121,126,4155.0,4343.0,1,3,8
8483406,Taylor Ward,LAK,R,36,V1,OZI,O,0.75336,0.85816,-0.10479,14,27,446.0,705.0,0,5,6
8477473,Justin Bailey,SJS,R,59,V1,OZI,O,0.671,0.77684,-0.10584,94,89,2617.0,2953.0,1,6,10
8482877,Jaroslav Chmelar,NYR,R,28,V1,OZI,O,0.60149,0.71678,-0.1153,26,26,808.0,858.0,0,0,4
8480441,Trey Fix-Wolansky,CBJ,R,20,V1,OZI,O,0.67891,0.80232,-0.1234,25,46,626.0,1467.0,0,0,0
8477357,Saku Maenalanen,WPG,R,64,V1,OZI,O,0.63184,0.75775,-0.12591,37,57,1206.0,1775.0,0,1,2
8481703,Valtteri Puustinen,PIT,R,65,V1,OZI,O,0.6193,0.75009,-0.13079,63,78,1668.0,2729.0,1,1,3
8479546,Oskar Steen,BOS,C,37,V2,OZI,O,1.0,0.19298,0.80702,14,26,62.0,114.0,0,0,3
8481491,Noah Philp,CAR,C,32,V2,OZI,O,0.81783,0.2037,0.61413,36,37,516.0,108.0,0,102,102
8475413,Justin Dowling,NYR,C,56,V2,OZI,O,0.96,0.39043,0.56957,58,58,500.0,397.0,1,157,171
8480021,Jack Studnicka,FLA,C,89,V2,OZI,O,0.82017,0.28092,0.53925,70,106,962.0,566.0,1,146,192
8485402,Michael Misa,SJS,C,44,V2,OZI,O,0.95017,0.41842,0.53175,65,66,602.0,619.0,1,155,176
8482103,Ozzy Wiesblatt,NSH,C,44,V2,OZI,O,0.83137,0.31696,0.51441,23,38,255.0,224.0,0,1,4
8477401,John Hayden,SEA,C,32,V2,OZI,O,0.75127,0.26496,0.48631,22,32,197.0,351.0,0,36,37
8475958,Michael Sgarbossa,WSH,C,28,V2,OZI,O,0.56352,0.08247,0.48104,20,26,307.0,97.0,0,63,77
8470604,Jeff Carter,PIT,C,151,V2,OZI,O,0.90414,0.43211,0.47202,132,100,1064.0,766.0,1,584,366
8476952,Dominic Toninato,CHI,C,33,V2,OZI,O,0.8128,0.3442,0.46859,27,42,422.0,276.0,0,82,81
8479022,Rodrigo Abols,PHI,C,64,V2,OZI,O,0.79138,0.33806,0.45331,81,62,858.0,423.0,1,216,186
8484136,Max Sasson,VAN,C,95,V2,OZI,O,0.89633,0.44683,0.4495,100,116,1225.0,931.0,1,158,216
8479291,Kevin Rooney,UTA,C,121,V2,OZI,O,0.85036,0.4012,0.44916,84,104,842.0,501.0,1,282,325
8474683,Derek Grant,ANA,C,46,V2,OZI,O,0.73269,0.28571,0.44697,46,43,621.0,133.0,0,172,131
8483573,Ethen Frank,WSH,C,86,V2,OZI,O,0.7756,0.33252,0.44308,77,101,869.0,821.0,1,1,6
8479366,Logan Brown,STL,C,30,V2,OZI,O,0.87785,0.43522,0.44263,26,41,483.0,301.0,0,55,99
8481422,Jake Lucchini,NSH,C,54,V2,OZI,O,0.87,0.42857,0.44143,28,31,300.0,406.0,0,44,56
8482703,Colton Dach,EDM,C,85,V2,OZI,O,0.79741,0.3622,0.43521,110,101,1160.0,889.0,1,28,45
8484160,Nate Danielson,DET,C,28,V2,OZI,O,0.64959,0.21591,0.43368,35,31,488.0,264.0,0,53,86
8479772,Zack MacEwen,NJD,C,110,V2,OZI,O,0.8612,0.42857,0.43263,136,126,1268.0,868.0,1,40,34
8482133,Thomas Bordeleau,SJS,C,36,V2,OZI,O,0.87217,0.44043,0.43174,69,34,884.0,277.0,0,40,35
8480876,Curtis Douglas,VAN,C,42,V2,OZI,O,0.93103,0.50282,0.42821,36,44,522.0,354.0,0,6,7
8484800,Berkly Catton,SEA,C,65,V2,OZI,O,0.85879,0.44952,0.40928,119,168,1558.0,1446.0,1,60,79
8479972,Mason Shaw,MIN,C,79,V2,OZI,O,0.8881,0.48675,0.40135,62,50,840.0,415.0,1,19,12
8477996,Juho Lammikko,NJD,C,24,V2,OZI,O,0.87248,0.48582,0.38667,19,40,149.0,282.0,0,53,54
8482090,Jack Finley,STL,C,44,V2,OZI,O,0.85584,0.48,0.37584,42,44,437.0,350.0,0,166,166
8479415,Michael McLeod,NJD,C,125,V2,OZI,O,0.82627,0.4507,0.37557,191,173,2619.0,1065.0,1,796,471
8477460,Laurent Dauphin,UTA,C,21,V2,OZI,O,0.81145,0.436,0.37545,31,20,297.0,250.0,0,81,71
8478585,Derek Ryan,EDM,C,186,V2,OZI,O,0.79068,0.41572,0.37496,249,201,2790.0,1056.0,1,465,347
8481754,Nikita Nesterenko,ANA,C,61,V2,OZI,O,0.81943,0.44571,0.37372,75,80,1163.0,875.0,1,9,16
8474053,Logan Couture,SJS,C,88,V2,OZI,O,0.79284,0.42757,0.36527,191,162,1984.0,856.0,1,552,564
8476310,Lukas Sedlak,PHI,C,30,V2,OZI,O,0.96471,0.6,0.36471,28,41,85.0,185.0,0,77,82
8479992,Michael Rasmussen,DET,C,272,V2,OZI,O,0.80279,0.4407,0.36209,472,422,5370.0,3238.0,1,412,449
8483570,Ben Meyers,SEA,C,121,V2,OZI,O,0.7447,0.39048,0.35423,76,102,991.0,735.0,1,318,288
8480806,Isac Lundeström,CBJ,C,254,V2,OZI,O,0.80753,0.45365,0.35387,247,282,3507.0,2039.0,1,801,831
8477993,Justin Kirkland,CGY,C,50,V2,OZI,O,0.88206,0.52885,0.35322,39,45,407.0,208.0,0,113,117
8481477,Nico Sturm,MIN,C,249,V2,OZI,O,0.81452,0.46209,0.35244,370,261,4049.0,1543.0,1,1163,824
8480880,Jakub Lauko,BOS,C,139,V2,OZI,O,0.69376,0.34198,0.35178,77,100,849.0,848.0,1,8,19
8482460,Matt Rempe,NYR,C,85,V2,OZI,O,0.77311,0.42169,0.35142,52,63,714.0,664.0,1,8,18
8483432,Luca Del Bel Belluz,CBJ,C,30,V2,OZI,O,0.78479,0.43343,0.35136,38,45,618.0,353.0,0,89,124
8483524,Shane Wright,SEA,C,168,V2,OZI,O,0.78554,0.43581,0.34973,269,393,3763.0,2921.0,1,560,762
8480008,Adam Ruzicka,UTA,C,86,V2,OZI,O,0.83528,0.48623,0.34905,112,118,941.0,835.0,1,158,178
8478051,Max Willman,NJD,C,27,V2,OZI,O,0.88,0.53409,0.34591,20,25,175.0,88.0,0,2,7
8483690,Noah Laba,NYR,C,74,V2,OZI,O,0.77464,0.42949,0.34515,95,93,1238.0,624.0,1,295,284
8483424,Owen Beck,MTL,C,28,V2,OZI,O,0.74608,0.4023,0.34378,42,41,638.0,348.0,0,66,51
8482201,Gage Goncalves,TBL,C,136,V2,OZI,O,0.83101,0.48903,0.34198,202,257,2947.0,2599.0,1,10,17
8483447,Conor Geekie,TBL,C,66,V2,OZI,O,0.75504,0.4164,0.33863,81,111,1241.0,951.0,1,99,133
8481704,Juuso Parssinen,NYR,C,157,V2,OZI,O,0.79439,0.45796,0.33643,206,241,2568.0,1891.0,1,323,375
8483930,Ivan Ivan,COL,C,49,V2,OZI,O,0.69825,0.36264,0.33561,23,34,285.0,91.0,0,62,92
8478057,Dakota Joshua,TOR,C,254,V2,OZI,O,0.80959,0.47523,0.33436,358,324,3881.0,2220.0,1,76,77
8479944,Zachary Aston-Reese,CBJ,C,186,V2,OZI,O,0.79614,0.4619,0.33424,201,186,2747.0,1260.0,1,13,28
8477887,Patrick Brown,BOS,C,87,V2,OZI,O,0.7674,0.43408,0.33331,53,76,503.0,622.0,1,179,170
8480855,Jack McBain,UTA,C,306,V2,OZI,O,0.80146,0.46819,0.33328,454,489,4916.0,3379.0,1,1076,1134
8482496,Nils Aman,VAN,C,132,V2,OZI,O,0.81125,0.47871,0.33254,117,137,1351.0,963.0,1,264,393
8473453,Trevor Lewis,LAK,C,224,V2,OZI,O,0.76897,0.43807,0.3309,276,352,2662.0,1970.0,1,286,362
8484230,Otto Stenberg,STL,C,32,V2,OZI,O,0.85962,0.53125,0.32837,45,54,520.0,480.0,0,4,7
8477508,Curtis Lazar,EDM,C,212,V2,OZI,O,0.76733,0.4408,0.32653,261,216,2798.0,1495.0,1,588,516
8476897,Oskar Sundqvist,STL,C,257,V2,OZI,O,0.75256,0.42654,0.32602,262,310,2926.0,2389.0,1,589,762
8478449,Roope Hintz,DAL,C,282,V2,OZI,O,0.82503,0.49965,0.32538,687,577,8990.0,4267.0,1,1175,949
8478569,Noel Acciari,PIT,C,278,V2,OZI,O,0.81761,0.49234,0.32527,222,198,2999.0,1501.0,1,936,754
8479996,Cody Glass,NJD,C,248,V2,OZI,O,0.80124,0.47733,0.32391,441,411,4820.0,3132.0,1,1037,959
8478020,Michael Amadio,OTT,C,293,V2,OZI,O,0.80537,0.48184,0.32353,482,387,6813.0,3470.0,1,149,145
8481024,Linus Karlsson,VAN,C,105,V2,OZI,O,0.7624,0.43919,0.3232,113,152,968.0,1291.0,1,12,33
8481596,Shane Pinto,OTT,C,265,V2,OZI,O,0.82896,0.50838,0.32058,464,436,5987.0,3578.0,1,1338,1268
8478512,Austin Czarnik,DET,C,63,V2,OZI,O,0.71255,0.39372,0.31884,65,84,741.0,541.0,1,163,190
8481580,Connor McMichael,WSH,C,246,V2,OZI,O,0.74547,0.42709,0.31839,429,521,6129.0,4039.0,1,523,697
8474189,Lars Eller,OTT,C,314,V2,OZI,O,0.77593,0.4589,0.31703,400,397,5592.0,3090.0,1,1452,1270
8480252,Cole Guttman,CHI,C,41,V2,OZI,O,0.69438,0.37748,0.31689,58,66,818.0,755.0,1,139,130
8478508,Yakov Trenin,MIN,C,311,V2,OZI,O,0.76926,0.45304,0.31622,357,364,5010.0,3375.0,1,134,177
8475172,Nazem Kadri,COL,C,323,V2,OZI,O,0.79277,0.47726,0.31551,891,986,10177.0,8245.0,1,1871,2128
8476919,Chris Tierney,NJD,C,88,V2,OZI,O,0.70601,0.39182,0.31419,79,97,898.0,587.0,1,191,179
8474009,Nick Bonino,NYR,C,107,V2,OZI,O,0.83215,0.51826,0.3139,143,147,1555.0,986.0,1,312,310
8477450,Jason Dickinson,EDM,C,283,V2,OZI,O,0.77462,0.46086,0.31376,394,405,4650.0,3181.0,1,1456,1426
8478967,Lane Pederson,PHI,C,32,V2,OZI,O,0.71125,0.39752,0.31373,36,51,329.0,483.0,0,82,77
8470595,Eric Staal,FLA,C,72,V2,OZI,O,0.858,0.54469,0.31331,114,126,1662.0,1074.0,1,278,284
8473563,Nicklas Backstrom,WSH,C,47,V2,OZI,O,0.66303,0.35009,0.31294,99,98,1193.0,557.0,1,274,259
8484164,Dalibor Dvorsky,STL,C,72,V2,OZI,O,0.77046,0.45858,0.31188,134,139,1686.0,833.0,1,296,343
8481028,Martin Pospisil,CGY,C,166,V2,OZI,O,0.80841,0.49712,0.31129,402,412,4306.0,2605.0,1,108,146
8477429,Andrew Copp,DET,C,296,V2,OZI,O,0.73772,0.42667,0.31105,581,512,6760.0,4514.0,1,1631,1464
8478843,Denis Malgin,COL,C,65,V2,OZI,O,0.82092,0.51104,0.30988,81,92,1061.0,634.0,1,4,6
8479525,Ross Colton,COL,C,294,V2,OZI,O,0.78431,0.47445,0.30986,477,462,5814.0,3484.0,1,549,511
8476925,Colton Sissons,VGK,C,301,V2,OZI,O,0.84208,0.53227,0.30981,379,328,4268.0,2510.0,1,1342,1052
8473604,Jonathan Toews,WPG,C,134,V2,OZI,O,0.72462,0.41639,0.30823,323,218,3319.0,1782.0,1,888,544
8479968,Vinni Lettieri,BOS,C,73,V2,OZI,O,0.71327,0.40587,0.30739,63,69,980.0,749.0,1,46,48
8482726,Samuel Helenius,LAK,C,102,V2,OZI,O,0.78736,0.48435,0.303,67,88,870.0,735.0,1,242,281
8479365,Trent Frederic,EDM,C,292,V2,OZI,O,0.77989,0.47781,0.30208,323,402,4157.0,3583.0,1,304,361
8475225,Craig Smith,DET,C,198,V2,OZI,O,0.78947,0.48756,0.30191,232,248,2812.0,1688.0,1,8,21
8480813,Joe Veleno,MTL,C,296,V2,OZI,O,0.77922,0.48011,0.29911,379,409,5399.0,3972.0,1,844,953
8484471,Emmitt Finnie,DET,C,82,V2,OZI,O,0.74901,0.45012,0.29888,157,151,2016.0,1213.0,1,42,42
8481147,Reese Johnson,MIN,C,102,V2,OZI,O,0.86536,0.56655,0.29882,74,63,869.0,556.0,1,132,105
8482153,Brendan Brisson,NYR,C,27,V2,OZI,O,0.90931,0.61089,0.29842,32,26,408.0,257.0,0,4,4
8483493,Frank Nazar,CHI,C,122,V2,OZI,O,0.71476,0.41702,0.29774,182,248,2717.0,2362.0,1,432,500
8470794,Joe Pavelski,DAL,C,164,V2,OZI,O,0.82934,0.53205,0.29729,418,368,5344.0,2605.0,1,586,536
8474040,Sam Gagner,EDM,C,76,V2,OZI,O,0.79249,0.49868,0.29381,110,112,1412.0,758.0,1,22,24
8482740,Wyatt Johnston,DAL,C,328,V2,OZI,O,0.76977,0.47709,0.29269,765,690,10051.0,5783.0,1,1084,1140
8479346,Dillon Dube,CGY,C,125,V2,OZI,O,0.80578,0.51532,0.29046,243,239,2492.0,1665.0,1,40,47
8476889,Radek Faksa,DAL,C,283,V2,OZI,O,0.76788,0.47933,0.28855,292,256,3020.0,1621.0,1,1000,772
8476278,Colin Blackwell,DAL,C,230,V2,OZI,O,0.80844,0.52085,0.28759,268,210,3153.0,1271.0,1,225,232
8477846,Ryan Carpenter,SJS,C,84,V2,OZI,O,0.80901,0.52203,0.28698,85,93,1021.0,590.0,1,256,259
8480829,Jesperi Kotkaniemi,CAR,C,281,V2,OZI,O,0.82093,0.53415,0.28678,603,615,8064.0,6296.0,1,1098,1027
8477503,Max Domi,TOR,C,314,V2,OZI,O,0.71983,0.43324,0.2866,691,631,8727.0,4868.0,1,1064,998
8484509,Josh Samanski,EDM,C,23,V2,OZI,O,0.7,0.41477,0.28523,30,32,430.0,176.0,0,53,55
8479393,Noah Gregor,FLA,C,209,V2,OZI,O,0.76135,0.47712,0.28423,223,252,2732.0,1595.0,1,41,49
8480144,David Kampf,WSH,C,259,V2,OZI,O,0.82977,0.5463,0.28347,240,226,2573.0,1620.0,1,1198,1008
8483512,Matt Savoie,EDM,C,86,V2,OZI,O,0.76877,0.48553,0.28324,187,170,1998.0,1417.0,1,28,39
8476399,Blake Coleman,CGY,C,310,V2,OZI,O,0.80922,0.52617,0.28305,622,627,7632.0,4757.0,1,84,91
8476456,Jonathan Huberdeau,CGY,C,291,V2,OZI,O,0.77395,0.49119,0.28276,836,917,8998.0,6413.0,1,31,51
8470638,Patrice Bergeron,BOS,C,78,V2,OZI,O,0.81804,0.53618,0.28186,323,210,3204.0,1313.0,1,665,398
8474150,Mikael Backlund,CGY,C,321,V2,OZI,O,0.81385,0.53387,0.27998,633,615,7392.0,4561.0,1,2138,2047
8478078,Rourke Chartier,OTT,C,43,V2,OZI,O,0.94406,0.66434,0.27972,31,54,286.0,286.0,0,138,113
8481237,Kyle MacLean,NYI,C,172,V2,OZI,O,0.73293,0.45341,0.27952,200,244,2636.0,1760.0,1,403,450
8478043,Sam Lafferty,CHI,C,238,V2,OZI,O,0.75359,0.4754,0.27819,257,264,3137.0,1870.0,1,415,450
8482751,Ryan Winterton,SEA,C,88,V2,OZI,O,0.79027,0.51333,0.27694,83,110,1254.0,900.0,1,1,6
8478440,Dylan Strome,WSH,C,325,V2,OZI,O,0.72378,0.44903,0.27476,904,861,13189.0,8220.0,1,1916,1775
8471215,Evgeni Malkin,PIT,C,288,V2,OZI,O,0.76269,0.48827,0.27442,681,724,8588.0,6904.0,1,1131,1245
8481618,Alex Newhook,MTL,C,261,V2,OZI,O,0.75245,0.48063,0.27182,439,508,6532.0,4852.0,1,684,884
8477919,Frederick Gaudreau,SEA,C,298,V2,OZI,O,0.73081,0.45922,0.27159,456,497,5758.0,4107.0,1,1192,1279
8476374,Sean Kuraly,BOS,C,297,V2,OZI,O,0.73895,0.46772,0.27123,282,277,4275.0,2463.0,1,1189,1134
8477497,Sean Monahan,CBJ,C,240,V2,OZI,O,0.77815,0.50705,0.27109,527,515,7221.0,4112.0,1,1490,1284
8480459,Pius Suter,STL,C,290,V2,OZI,O,0.75685,0.48751,0.26934,454,450,6021.0,3842.0,1,848,981
8471276,David Krejci,BOS,C,70,V2,OZI,O,0.78235,0.51535,0.26701,155,166,1530.0,1564.0,1,293,336
8482148,Hendrix Lapierre,WSH,C,152,V2,OZI,O,0.74717,0.48078,0.26639,145,201,1764.0,1847.0,1,260,402
8480848,Ty Dellandrea,SJS,C,238,V2,OZI,O,0.75156,0.48667,0.26489,331,327,4166.0,2100.0,1,531,507
8480012,Elias Pettersson,VAN,C,299,V2,OZI,O,0.78723,0.52417,0.26306,603,696,7473.0,4571.0,1,1498,1721
8480028,Morgan Frost,CGY,C,314,V2,OZI,O,0.75659,0.49392,0.26267,701,760,8077.0,5264.0,1,1557,1550
8478424,Jansen Harkins,ANA,C,173,V2,OZI,O,0.82415,0.56149,0.26266,106,138,1615.0,992.0,1,167,168
8482074,Connor Zary,CGY,C,191,V2,OZI,O,0.74823,0.48579,0.26243,358,435,4226.0,3977.0,1,191,254
8480798,Philipp Kurashev,SJS,C,238,V2,OZI,O,0.69452,0.43242,0.2621,447,485,6020.0,5157.0,1,250,295
8483676,Stephen Halliday,OTT,C,30,V2,OZI,O,0.74737,0.48529,0.26207,33,28,475.0,68.0,0,23,38
8478874,Adam Gaudette,SJS,C,149,V2,OZI,O,0.76281,0.5013,0.26151,183,193,1893.0,1536.0,1,279,298
8476994,Vinnie Hinostroza,FLA,C,143,V2,OZI,O,0.7399,0.47966,0.26025,173,179,2476.0,1745.0,1,31,43
8477492,Nathan MacKinnon,COL,C,312,V2,OZI,O,0.79624,0.53645,0.25979,1263,1250,16004.0,9876.0,1,2107,2371
8480259,Ben Jones,MIN,C,54,V2,OZI,O,0.68737,0.42788,0.25948,34,31,467.0,208.0,0,77,76
8475760,Nick Bjugstad,NJD,C,281,V2,OZI,O,0.77994,0.5205,0.25943,423,437,4994.0,3097.0,1,1190,1220
8475168,Matt Duchene,DAL,C,290,V2,OZI,O,0.71269,0.45331,0.25938,700,614,9060.0,4862.0,1,976,832
8478493,Joel Eriksson Ek,MIN,C,271,V2,OZI,O,0.76812,0.50932,0.2588,498,527,6814.0,4614.0,1,1556,1711
8479316,Luke Kunin,FLA,C,246,V2,OZI,O,0.78995,0.53276,0.25719,336,381,4456.0,2778.0,1,491,517
8476624,Barclay Goodrow,SJS,C,321,V2,OZI,O,0.70666,0.44958,0.25708,367,379,4234.0,2945.0,1,599,574
8475231,Casey Cizikas,NYI,C,314,V2,OZI,O,0.78196,0.52539,0.25657,433,328,5100.0,2225.0,1,1340,1072
8476872,Scott Laughton,LAK,C,303,V2,OZI,O,0.78514,0.52896,0.25618,414,492,4817.0,4040.0,1,1215,1167
8476419,Jean-Gabriel Pageau,NYI,C,305,V2,OZI,O,0.75863,0.50302,0.25561,567,408,6492.0,3648.0,1,1852,1324
8480018,Nick Suzuki,MTL,C,328,V2,OZI,O,0.73286,0.47766,0.2552,755,793,11144.0,7832.0,1,2015,1970
8478831,Kevin Stenlund,UTA,C,296,V2,OZI,O,0.80117,0.54719,0.25398,353,369,3747.0,2511.0,1,1368,1038
8476458,Ryan Strome,CGY,C,294,V2,OZI,O,0.72917,0.47578,0.25339,540,735,6853.0,6297.0,1,1061,1396
8476448,William Karlsson,VGK,C,220,V2,OZI,O,0.76319,0.51028,0.25291,519,407,6537.0,2675.0,1,1299,983
8481481,Blake Lizotte,PIT,C,257,V2,OZI,O,0.78723,0.53492,0.25231,275,311,3055.0,1933.0,1,849,789
8478458,Jack Roslovic,EDM,C,285,V2,OZI,O,0.74435,0.49296,0.25139,627,608,8719.0,6035.0,1,648,680
8482124,Quinton Byfield,LAK,C,292,V2,OZI,O,0.76647,0.51586,0.25061,606,640,6620.0,5013.0,1,846,982
8480849,Barrett Hayton,UTA,C,264,V2,OZI,O,0.78935,0.5389,0.25045,510,555,5540.0,3676.0,1,1356,1283
8479675,Trevor Moore,LAK,C,280,V2,OZI,O,0.79052,0.54021,0.25031,538,548,7194.0,4700.0,1,23,68
8483553,Marc Gatcomb,NYI,C,88,V2,OZI,O,0.72991,0.4802,0.24971,115,128,1381.0,808.0,1,6,10
8476393,Nick Cousins,OTT,C,279,V2,OZI,O,0.84205,0.59308,0.24897,376,436,4951.0,3497.0,1,99,105
8480068,Ryan Poehling,ANA,C,272,V2,OZI,O,0.79372,0.54525,0.24848,322,359,4174.0,3061.0,1,1191,1151
8482768,Fedor Svechkov,NSH,C,121,V2,OZI,O,0.78857,0.54067,0.2479,175,243,2398.0,2053.0,1,339,502
8478542,Evan Rodrigues,FLA,C,300,V2,OZI,O,0.80479,0.55884,0.24595,675,658,8268.0,4946.0,1,519,542
8479353,Brett Howden,VGK,C,265,V2,OZI,O,0.7207,0.47494,0.24576,463,429,5879.0,3531.0,1,725,693
8479987,Morgan Geekie,BOS,C,303,V2,OZI,O,0.75011,0.50453,0.24559,630,629,8780.0,6184.0,1,713,821
8484801,Macklin Celebrini,SJS,C,152,V2,OZI,O,0.77079,0.52574,0.24505,370,432,5471.0,4196.0,1,928,1036
8483464,Marco Kasper,DET,C,159,V2,OZI,O,0.76616,0.52116,0.24501,251,274,3387.0,2458.0,1,472,510
8481528,Dylan Cozens,OTT,C,324,V2,OZI,O,0.80203,0.55763,0.2444,653,642,7587.0,5093.0,1,1570,1549
8480289,Morgan Barron,WPG,C,289,V2,OZI,O,0.73781,0.49366,0.24415,254,241,3139.0,2052.0,1,335,348
8482705,Cole Sillinger,CBJ,C,288,V2,OZI,O,0.76256,0.5185,0.24407,504,618,7004.0,5352.0,1,943,1110
8484829,Justin Hryckowian,DAL,C,86,V2,OZI,O,0.72704,0.48397,0.24308,103,79,1176.0,343.0,1,167,121
8474870,Tyler Johnson,BOS,C,132,V2,OZI,O,0.751,0.50801,0.24299,233,245,2739.0,2185.0,1,165,197
8477952,Robby Fabbri,MIN,C,161,V2,OZI,O,0.70749,0.46549,0.242,207,231,2858.0,2767.0,1,84,104
8482691,Aatu Räty,VAN,C,113,V2,OZI,O,0.77421,0.53257,0.24164,205,155,2241.0,1305.0,1,577,407
8478409,Anthony Richard,PHI,C,38,V2,OZI,O,0.67802,0.43658,0.24144,44,54,646.0,339.0,0,1,6
8476905,Chandler Stephenson,SEA,C,313,V2,OZI,O,0.72702,0.48575,0.24127,784,626,10162.0,5651.0,1,1890,1662
8482634,Alex Steeves,BOS,C,54,V2,OZI,O,0.75792,0.51698,0.24094,65,68,884.0,648.0,1,2,4
8473548,Phil Kessel,VGK,C,82,V2,OZI,O,0.71172,0.47181,0.23991,138,137,1672.0,1206.0,1,5,7
8476913,Devin Shore,MIN,C,123,V2,OZI,O,0.68767,0.44797,0.2397,121,134,1444.0,1355.0,1,155,155
8476881,Tomas Hertl,VGK,C,289,V2,OZI,O,0.78199,0.54265,0.23934,837,649,10394.0,4760.0,1,1875,1487
8478010,Brayden Point,TBL,C,303,V2,OZI,O,0.76538,0.52629,0.23909,785,913,10144.0,9206.0,1,1157,1291
8475166,John Tavares,TOR,C,317,V2,OZI,O,0.72924,0.49115,0.23809,838,665,10404.0,5479.0,1,2267,1617
8476479,Phillip Danault,MTL,C,315,V2,OZI,O,0.79668,0.56042,0.23626,598,561,8435.0,4998.0,1,1867,1596
8480840,Oskar Back,DAL,C,145,V2,OZI,O,0.76021,0.52526,0.23495,130,131,1543.0,1049.0,1,103,89
8481523,Kirby Dach,MTL,C,154,V2,OZI,O,0.70637,0.47334,0.23303,290,336,4785.0,3357.0,1,211,325
8478438,Tommy Novak,PIT,C,258,V2,OZI,O,0.76917,0.53627,0.23291,454,547,6663.0,4660.0,1,618,847
8477380,Jonny Brodzinski,NYR,C,180,V2,OZI,O,0.80343,0.57085,0.23258,220,240,2213.0,1983.0,1,307,303
8480835,Jack Drury,COL,C,265,V2,OZI,O,0.86604,0.63405,0.23199,456,421,5703.0,3372.0,1,1176,859
8477951,Nick Schmaltz,UTA,C,305,V2,OZI,O,0.76928,0.53894,0.23034,728,775,8157.0,6318.0,1,606,754
8480011,Klim Kostin,SJS,C,144,V2,OZI,O,0.75487,0.52637,0.22851,189,218,2411.0,2010.0,1,13,22
8475793,Ryan Johansen,COL,C,118,V2,OZI,O,0.69949,0.4711,0.22839,227,191,2772.0,1263.0,1,665,518
8484221,Calum Ritchie,NYI,C,72,V2,OZI,O,0.71437,0.48602,0.22835,119,127,1698.0,1109.0,1,110,194
8479550,Tanner Laczynski,VGK,C,51,V2,OZI,O,0.7767,0.54962,0.22708,43,58,412.0,262.0,0,97,104
8478891,Mason Appleton,DET,C,259,V2,OZI,O,0.75293,0.52601,0.22692,352,389,5452.0,3460.0,1,22,39
8476826,Yanni Gourde,TBL,C,300,V2,OZI,O,0.7749,0.54878,0.22612,471,593,6557.0,5638.0,1,1426,1514
8477070,Liam O'Brien,UTA,C,196,V2,OZI,O,0.77669,0.55093,0.22577,212,258,2051.0,1561.0,1,16,38
8471685,Anze Kopitar,LAK,C,310,V2,OZI,O,0.77941,0.55391,0.2255,797,621,9393.0,5324.0,1,2240,1747
8481532,Alex Turcotte,LAK,C,154,V2,OZI,O,0.75668,0.53173,0.22495,221,243,2733.0,1907.0,1,320,306
8477964,Ivan Barbashev,VGK,C,316,V2,OZI,O,0.72555,0.501,0.22454,701,812,9477.0,7491.0,1,99,172
8480853,Liam Foudy,NYI,C,78,V2,OZI,O,0.65724,0.43277,0.22448,92,104,1132.0,1294.0,1,2,5
8479318,Auston Matthews,TOR,C,282,V2,OZI,O,0.76403,0.53956,0.22447,874,693,10158.0,6029.0,1,2112,1690
8476468,J.T. Miller,NYR,C,302,V2,OZI,O,0.78767,0.56338,0.22429,779,597,9226.0,4986.0,1,1731,1264
8482775,Oliver Kapanen,MTL,C,100,V2,OZI,O,0.78082,0.55692,0.2239,160,171,2117.0,1704.0,1,272,329
8471675,Sidney Crosby,PIT,C,312,V2,OZI,O,0.77802,0.55499,0.22303,1202,903,15150.0,7328.0,1,2895,2367
8483752,Dominic James,TBL,C,43,V2,OZI,O,0.63442,0.41141,0.22301,62,63,796.0,666.0,1,127,135
8475794,Tyler Seguin,DAL,C,191,V2,OZI,O,0.78306,0.56121,0.22185,449,372,5490.0,2475.0,1,813,654
8480023,Robert Thomas,STL,C,288,V2,OZI,O,0.73518,0.5143,0.22088,744,721,9750.0,5211.0,1,1950,1741
8474641,Adam Henrique,EDM,C,289,V2,OZI,O,0.71655,0.49615,0.22041,477,458,5987.0,3892.0,1,1156,921
8480014,Gabriel Vilardi,WPG,C,262,V2,OZI,O,0.72295,0.50283,0.22012,687,645,10767.0,6014.0,1,138,168
8475768,Jaden Schwartz,SEA,C,264,V2,OZI,O,0.7747,0.55463,0.22008,519,588,7013.0,5144.0,1,91,103
8477960,Adrian Kempe,LAK,C,320,V2,OZI,O,0.79493,0.57494,0.21999,796,689,9314.0,5611.0,1,57,106
8478477,Mitchell Stephens,SEA,C,51,V2,OZI,O,0.72397,0.5042,0.21977,51,39,634.0,238.0,0,145,111
8479351,Sam Steel,DAL,C,294,V2,OZI,O,0.77265,0.55315,0.2195,474,459,6391.0,3744.0,1,628,598
8476329,Travis Boyd,MIN,C,101,V2,OZI,O,0.73103,0.51259,0.21844,145,175,1186.0,993.0,1,407,514
8478133,Jake Evans,MTL,C,286,V2,OZI,O,0.7662,0.54806,0.21814,338,323,4320.0,2965.0,1,1430,1183
8477406,Mattias Janmark,EDM,C,260,V2,OZI,O,0.75467,0.53674,0.21793,328,316,4015.0,2504.0,1,148,199
8473533,Jordan Staal,CAR,C,311,V2,OZI,O,0.86468,0.64734,0.21734,762,573,10250.0,4554.0,1,2356,1772
8474564,Steven Stamkos,NSH,C,323,V2,OZI,O,0.71721,0.50021,0.217,807,779,10110.0,7127.0,1,1159,988
8482079,Marco Rossi,VAN,C,232,V2,OZI,O,0.75647,0.53984,0.21663,432,551,5605.0,5409.0,1,1013,1152
8483505,Matthew Poitras,BOS,C,69,V2,OZI,O,0.69592,0.4793,0.21661,93,147,1151.0,1208.0,1,160,212
8477126,Jayson Megna,BOS,C,56,V2,OZI,O,0.82594,0.61,0.21594,54,55,586.0,300.0,1,132,116
8480064,Josh Norris,BUF,C,158,V2,OZI,O,0.71763,0.50321,0.21442,335,311,3584.0,2023.0,1,816,735
8477409,Carter Verhaeghe,FLA,C,315,V2,OZI,O,0.76777,0.5537,0.21407,723,765,9215.0,7607.0,1,89,129
8473544,Derick Brassard,OTT,C,62,V2,OZI,O,0.77369,0.56114,0.21255,69,87,707.0,597.0,1,113,116
8482660,Kent Johnson,CBJ,C,265,V2,OZI,O,0.73993,0.5274,0.21253,438,567,5610.0,4945.0,1,43,108
8477946,Dylan Larkin,DET,C,304,V2,OZI,O,0.79379,0.58322,0.21057,649,575,8632.0,5137.0,1,1988,1773
8484227,Will Smith,SJS,C,143,V2,OZI,O,0.74857,0.53915,0.20943,291,369,4208.0,3027.0,1,65,129
8482665,Matty Beniers,SEA,C,320,V2,OZI,O,0.7405,0.53113,0.20937,652,778,8817.0,7725.0,1,1724,1996
8478904,Steven Lorentz,TOR,C,269,V2,OZI,O,0.7911,0.58207,0.20904,198,218,2001.0,1316.0,1,349,378
8482145,Mavrik Bourque,DAL,C,156,V2,OZI,O,0.79007,0.58119,0.20888,246,203,3282.0,1552.0,1,249,282
8476822,Luke Glendening,PHI,C,298,V2,OZI,O,0.7021,0.49339,0.20871,338,309,3293.0,2041.0,1,1326,962
8477935,Sam Bennett,FLA,C,284,V2,OZI,O,0.78915,0.58078,0.20838,602,765,8039.0,6815.0,1,1472,1713
8480039,Martin Necas,COL,C,316,V2,OZI,O,0.78474,0.57658,0.20816,862,863,12018.0,9317.0,1,235,330
8481577,Philip Tomasino,PIT,C,142,V2,OZI,O,0.7529,0.54618,0.20672,211,243,3104.0,2393.0,1,19,31
8475798,Mikael Granlund,ANA,C,289,V2,OZI,O,0.70918,0.50337,0.20581,551,619,8108.0,5785.0,1,1075,1163
8482092,Ridly Greig,OTT,C,247,V2,OZI,O,0.79863,0.59486,0.20377,449,415,4981.0,3115.0,1,567,581
8484166,Adam Fantilli,CBJ,C,213,V2,OZI,O,0.76257,0.55883,0.20373,466,611,6764.0,6340.0,1,986,1188
8477989,Christian Dvorak,PHI,C,256,V2,OZI,O,0.70938,0.50585,0.20353,449,397,5915.0,3161.0,1,1440,1175
8477496,Elias Lindholm,BOS,C,306,V2,OZI,O,0.76741,0.56407,0.20335,831,643,10164.0,5065.0,1,2111,1633
8482745,Mason McTavish,ANA,C,294,V2,OZI,O,0.70813,0.50556,0.20257,528,640,7123.0,5752.0,1,1316,1413
8476459,Mika Zibanejad,NYR,C,326,V2,OZI,O,0.74901,0.54656,0.20245,710,740,8618.0,6550.0,1,1853,1725
8476460,Mark Scheifele,WPG,C,318,V2,OZI,O,0.70974,0.50868,0.20106,944,1007,16368.0,10201.0,1,1850,2023
8478427,Sebastian Aho,CAR,C,311,V2,OZI,O,0.81467,0.61373,0.20094,858,797,13414.0,8709.0,1,1676,1586
8480002,Nico Hischier,NJD,C,309,V2,OZI,O,0.75523,0.55554,0.19969,837,705,9613.0,5681.0,1,2521,2074
8480003,Jesper Boqvist,FLA,C,268,V2,OZI,O,0.767,0.56758,0.19942,355,467,4000.0,3374.0,1,214,376
8477505,Alexander Wennberg,SJS,C,319,V2,OZI,O,0.74493,0.54637,0.19857,579,646,7453.0,5791.0,1,1638,1780
8480074,Alexandre Texier,MTL,C,160,V2,OZI,O,0.74839,0.55088,0.19751,238,260,4038.0,2565.0,1,6,19
8485414,Ben Kindel,PIT,C,77,V2,OZI,O,0.72199,0.52464,0.19735,112,138,1687.0,1542.0,1,232,326
8476539,Jonathan Marchessault,NSH,C,298,V2,OZI,O,0.70514,0.50843,0.19671,705,761,8699.0,6823.0,1,56,119
8478462,Nicolas Roy,COL,C,279,V2,OZI,O,0.76207,0.56576,0.19631,342,376,4661.0,2570.0,1,1214,1259
8471699,Andrew Cogliano,COL,C,154,V2,OZI,O,0.77227,0.57679,0.19548,125,142,1089.0,586.0,1,36,53
8480802,Ryan McLeod,BUF,C,298,V2,OZI,O,0.74005,0.54521,0.19483,511,495,6178.0,3793.0,1,1418,1376
8481032,Paul Cotter,NJD,C,289,V2,OZI,O,0.69149,0.49711,0.19437,402,456,4405.0,3983.0,1,135,131
8476873,Mark Jankowski,CAR,C,210,V2,OZI,O,0.83289,0.64125,0.19165,332,334,4560.0,3016.0,1,723,636
8480901,Karson Kuhlman,WPG,C,47,V2,OZI,O,0.7104,0.51961,0.19079,56,70,625.0,306.0,1,0,5
8476867,Brendan Gaunce,CBJ,C,66,V2,OZI,O,0.64085,0.45022,0.19064,64,65,1033.0,693.0,1,246,200
8475714,Calle Jarnkrok,TOR,C,200,V2,OZI,O,0.69521,0.50492,0.19029,250,291,2779.0,1626.0,1,80,87
8475343,Nic Dowd,VGK,C,286,V2,OZI,O,0.73084,0.54177,0.18907,177,177,2296.0,1628.0,1,1501,1385
8477021,Alexander Kerfoot,UTA,C,278,V2,OZI,O,0.77951,0.59077,0.18875,440,432,5252.0,3184.0,1,617,583
8479385,Jordan Kyrou,STL,C,314,V2,OZI,O,0.71938,0.53126,0.18811,706,766,8727.0,6285.0,1,13,33
8482859,Zack Ostapchuk,SJS,C,121,V2,OZI,O,0.68719,0.49941,0.18778,105,122,1007.0,849.0,1,343,346
8475745,Charlie Coyle,CBJ,C,329,V2,OZI,O,0.76853,0.58137,0.18716,509,559,6558.0,4756.0,1,1703,1562
8485512,Tim Washe,ANA,C,40,V2,OZI,O,0.81259,0.62602,0.18658,49,33,667.0,246.0,0,196,124
8483489,Fraser Minten,BOS,C,107,V2,OZI,O,0.72162,0.53644,0.18518,176,169,2202.0,1523.0,1,445,459
8482702,Logan Stankoven,CAR,C,183,V2,OZI,O,0.80665,0.62309,0.18356,392,389,5622.0,3672.0,1,443,538
8476461,Sean Couturier,PHI,C,231,V2,OZI,O,0.80334,0.62024,0.1831,498,466,6524.0,3805.0,1,1498,1244
8476392,Adam Lowry,WPG,C,305,V2,OZI,O,0.73977,0.55748,0.18229,433,393,6210.0,2766.0,1,1908,1698
8480845,Rasmus Kupari,WPG,C,153,V2,OZI,O,0.76123,0.58119,0.18004,158,158,1893.0,1127.0,1,487,441
8479335,Rasmus Asplund,FLA,C,52,V2,OZI,O,0.82671,0.64672,0.17999,47,52,554.0,351.0,0,26,34
8479999,Casey Mittelstadt,BOS,C,314,V2,OZI,O,0.72143,0.54178,0.17965,610,698,7316.0,5840.0,1,1127,1341
8477934,Leon Draisaitl,EDM,C,297,V2,OZI,O,0.77059,0.59217,0.17842,941,877,12214.0,9065.0,1,1928,1607
8483431,Logan Cooley,UTA,C,210,V2,OZI,O,0.75816,0.5802,0.17796,364,495,5024.0,4333.0,1,716,1004
8482110,Dawson Mercer,NJD,C,328,V2,OZI,O,0.72649,0.54864,0.17785,622,660,7700.0,5253.0,1,348,491
8478403,Jack Eichel,VGK,C,282,V2,OZI,O,0.7294,0.55251,0.17689,745,816,9649.0,7151.0,1,1562,1770
8482259,Bobby McMann,SEA,C,217,V2,OZI,O,0.68013,0.50337,0.17676,407,333,5324.0,2525.0,1,15,24
8475754,Brock Nelson,COL,C,324,V2,OZI,O,0.74648,0.56976,0.17672,732,791,9439.0,6415.0,1,1753,1825
8476480,Vladislav Namestnikov,WPG,C,293,V2,OZI,O,0.72181,0.54514,0.17666,536,578,5870.0,4940.0,1,611,866
8481068,Yegor Sharangovich,CGY,C,307,V2,OZI,O,0.69721,0.52096,0.17625,580,684,8131.0,5440.0,1,270,403
8480185,Eetu Luostarinen,FLA,C,317,V2,OZI,O,0.80826,0.63224,0.17602,640,679,7995.0,4783.0,1,346,411
8479370,Tyson Jost,NSH,C,221,V2,OZI,O,0.745,0.5696,0.1754,286,351,4498.0,2895.0,1,336,456
8475158,Ryan O'Reilly,NSH,C,294,V2,OZI,O,0.7155,0.54145,0.17405,768,649,9645.0,5066.0,1,1954,1529
8484149,Gavin Brindley,COL,C,57,V2,OZI,O,0.6803,0.50641,0.17389,67,66,807.0,468.0,1,12,14
8471669,Paul Stastny,CAR,C,73,V2,OZI,O,0.80897,0.63636,0.17261,177,129,2319.0,1287.0,1,235,175
8476432,Boone Jenner,CBJ,C,219,V2,OZI,O,0.75817,0.58572,0.17244,489,457,6397.0,4357.0,1,1164,1005
8481559,Jack Hughes,NJD,C,263,V2,OZI,O,0.71341,0.54147,0.17193,664,807,9571.0,7535.0,1,607,1069
8482113,Anton Lundell,FLA,C,294,V2,OZI,O,0.78771,0.61686,0.17085,613,609,7259.0,4283.0,1,1420,1308
8481533,Trevor Zegras,PHI,C,250,V2,OZI,O,0.7019,0.53304,0.16886,489,616,6310.0,5765.0,1,431,695
8480355,Mark Kastelic,BOS,C,271,V2,OZI,O,0.78859,0.61981,0.16878,246,223,2753.0,1686.0,1,880,652
8481019,David Gustafsson,WPG,C,121,V2,OZI,O,0.72097,0.55359,0.16738,73,101,1111.0,793.0,1,280,251
8483450,Ryan Greene,CHI,C,83,V2,OZI,O,0.66413,0.49733,0.1668,147,195,1709.0,2063.0,1,234,308
8482737,Zachary Bolduc,MTL,C,175,V2,OZI,O,0.64853,0.48196,0.16657,235,248,2922.0,2245.0,1,21,25
8482093,Seth Jarvis,CAR,C,307,V2,OZI,O,0.79338,0.62866,0.16472,809,703,12385.0,7112.0,1,124,178
8475763,Kevin Hayes,PIT,C,252,V2,OZI,O,0.74262,0.57805,0.16456,417,457,5315.0,3709.0,1,906,845
8482177,Marat Khusnutdinov,BOS,C,168,V2,OZI,O,0.70299,0.53859,0.1644,247,249,3377.0,2384.0,1,257,307
8478519,Anthony Cirelli,TBL,C,288,V2,OZI,O,0.76604,0.60349,0.16256,553,551,7963.0,5107.0,1,1488,1449
8484144,Connor Bedard,CHI,C,219,V2,OZI,O,0.65859,0.49658,0.16201,547,649,7595.0,6718.0,1,691,995
8484142,Denver Barkey,PHI,C,43,V2,OZI,O,0.85198,0.69212,0.15986,69,64,858.0,419.0,1,6,9
8475752,Tyler Pitlick,MIN,C,127,V2,OZI,O,0.70896,0.5492,0.15976,96,104,1127.0,752.0,1,5,18
8475151,Kyle Palmieri,NYI,C,244,V2,OZI,O,0.69819,0.54051,0.15768,511,567,5868.0,5295.0,1,31,52
8477500,Bo Horvat,NYI,C,309,V2,OZI,O,0.73278,0.57554,0.15725,839,643,10804.0,5666.0,1,2122,1686
8474613,Derek Stepan,CAR,C,73,V2,OZI,O,0.85814,0.70175,0.15638,149,124,2157.0,1197.0,1,197,160
8476389,Vincent Trocheck,NYR,C,313,V2,OZI,O,0.7543,0.59887,0.15543,818,657,11632.0,5841.0,1,2108,1575
8477987,Ryan Donato,CHI,C,311,V2,OZI,O,0.66302,0.5079,0.15512,400,488,5395.0,4430.0,1,449,566
8478445,Mathew Barzal,NYI,C,249,V2,OZI,O,0.72991,0.57562,0.15429,640,637,9956.0,6070.0,1,353,551
8484197,Oliver Moore,CHI,C,60,V2,OZI,O,0.81591,0.66338,0.15252,93,103,1119.0,609.0,1,98,102
8475744,Evgeny Kuznetsov,CAR,C,144,V2,OZI,O,0.70076,0.5483,0.15246,298,351,4615.0,3261.0,1,678,794
8475842,Sam Carrick,BUF,C,282,V2,OZI,O,0.71881,0.56645,0.15236,235,237,3094.0,2039.0,1,1043,898
8476454,Ryan Nugent-Hopkins,EDM,C,311,V2,OZI,O,0.74372,0.59243,0.15129,703,664,10028.0,6075.0,1,801,835
8479547,Matthew Phillips,WSH,C,33,V2,OZI,O,0.5237,0.37327,0.15042,28,44,422.0,434.0,0,1,2
8479591,Michael Eyssimont,BOS,C,268,V2,OZI,O,0.72862,0.5808,0.14783,356,341,4304.0,2364.0,1,25,42
8479718,Alex Barré-Boulet,COL,C,40,V2,OZI,O,0.78471,0.63694,0.14776,50,56,850.0,628.0,1,14,15
8477493,Aleksander Barkov,FLA,C,208,V2,OZI,O,0.79883,0.65204,0.14679,542,435,6164.0,3305.0,1,1190,978
8483500,Noah Ostlund,BUF,C,68,V2,OZI,O,0.7485,0.60261,0.14589,105,161,1332.0,1379.0,1,92,190
8484153,Leo Carlsson,ANA,C,200,V2,OZI,O,0.74002,0.59792,0.1421,333,496,4258.0,4815.0,1,774,1101
8482149,Cole Perfetti,WPG,C,271,V2,OZI,O,0.70821,0.56724,0.14097,580,606,7365.0,5525.0,1,50,104
8477933,Sam Reinhart,FLA,C,307,V2,OZI,O,0.79259,0.65233,0.14025,728,658,9199.0,4907.0,1,429,507
8475170,Brayden Schenn,NYI,C,326,V2,OZI,O,0.63742,0.49843,0.13898,688,670,8023.0,4791.0,1,1526,1545
8483397,Marc McLaughlin,NJD,C,24,V2,OZI,O,0.75155,0.61268,0.13888,19,25,161.0,142.0,0,31,47
8480078,Filip Chytil,VAN,C,152,V2,OZI,O,0.70358,0.56829,0.13529,254,302,3630.0,3097.0,1,519,688
8481522,Peyton Krebs,BUF,C,317,V2,OZI,O,0.75513,0.6207,0.13442,423,580,5901.0,4801.0,1,938,1076
8480870,Bo Groulx,TOR,C,60,V2,OZI,O,0.64884,0.51639,0.13244,57,63,860.0,488.0,1,146,186
8481556,John Beecher,CGY,C,165,V2,OZI,O,0.67149,0.53994,0.13156,83,97,898.0,626.0,1,529,471
8476927,Teddy Blueger,VAN,C,247,V2,OZI,O,0.76803,0.63746,0.13057,280,276,3384.0,2237.0,1,1105,968
8478402,Connor McDavid,EDM,C,306,V2,OZI,O,0.77267,0.64223,0.13043,975,923,14736.0,9959.0,1,1578,1567
8479991,Jake Leschyshyn,NYR,C,36,V2,OZI,O,0.73964,0.61333,0.12631,35,42,338.0,300.0,0,110,113
8480980,Connor Dewar,PIT,C,281,V2,OZI,O,0.79565,0.67072,0.12493,212,209,3083.0,1643.0,1,427,507
8480851,Akil Thomas,LAK,C,32,V2,OZI,O,0.80632,0.68401,0.12231,27,37,506.0,269.0,0,21,28
8482896,Tyson Kozak,BUF,C,67,V2,OZI,O,0.81006,0.68841,0.12166,53,57,616.0,414.0,1,222,243
8478146,Matthew Highmore,OTT,C,50,V2,OZI,O,0.75632,0.63824,0.11808,50,66,435.0,387.0,1,7,15
8478401,Pavel Zacha,BOS,C,320,V2,OZI,O,0.70397,0.59137,0.1126,696,722,7604.0,5724.0,1,1177,1050
8481656,Aliaksei Protas,WSH,C,288,V2,OZI,O,0.67885,0.56779,0.11106,475,546,7358.0,4676.0,1,74,102
8482947,Zakhar Bardakov,COL,C,59,V2,OZI,O,0.70274,0.59865,0.10409,49,55,656.0,446.0,0,72,97
8483471,Brad Lambert,WPG,C,30,V2,OZI,O,0.80479,0.70126,0.10354,30,32,292.0,318.0,0,9,19
8476960,Andreas Athanasiou,CHI,C,117,V2,OZI,O,0.63217,0.53143,0.10074,208,219,2145.0,1543.0,1,161,189
8480326,Sheldon Dries,DET,C,68,V2,OZI,O,0.64109,0.54975,0.09134,83,85,769.0,804.0,1,201,211
8478400,Colin White,SJS,C,99,V2,OZI,O,0.67954,0.59283,0.08671,103,134,1217.0,1088.0,1,123,185
8481726,Adam Edstrom,NYR,C,97,V2,OZI,O,0.64487,0.56771,0.07716,75,75,887.0,768.0,1,7,17
8479994,Jaret Anderson-Dolan,WPG,C,84,V2,OZI,O,0.60751,0.53258,0.07493,124,122,1251.0,798.0,1,40,41
8483468,Jiri Kulich,BUF,C,75,V2,OZI,O,0.70303,0.63563,0.0674,144,189,1815.0,1482.0,1,292,348
8481543,Nikita Alexandrov,STL,C,51,V2,OZI,O,0.6736,0.62716,0.04644,50,66,481.0,464.0,1,89,148
8482623,Josh Dunne,BUF,C,44,V2,OZI,O,0.7341,0.69508,0.03902,22,28,173.0,305.0,0,89,81
8479514,Rem Pitlick,CHI,C,55,V2,OZI,O,0.62016,0.59038,0.02977,64,84,774.0,603.0,1,26,37
8479580,Dylan Gambrell,OTT,C,60,V2,OZI,O,0.62308,0.74733,-0.12425,27,38,260.0,281.0,0,123,141
8475278,Byron Froese,VGK,C,25,V2,OZI,O,0.36283,0.84932,-0.48648,16,15,113.0,146.0,0,88,60
8484901,Jacob Quillan,TOR,C,24,V2,OZI,O,0.0,0.49515,-0.49515,9,21,46.0,206.0,0,62,86
8482861,Vincent Iorio,NYR,D,36,V2,OZI,O,0.86622,0.30022,0.566,62,56,897.0,463.0,1,0,0
8479338,Markus Niemelainen,EDM,D,23,V2,OZI,O,0.85216,0.31884,0.53332,43,33,602.0,138.0,0,0,0
8484240,Tom Willander,VAN,D,69,V2,OZI,O,0.79677,0.2955,0.50127,113,135,1176.0,1110.0,1,0,0
8478502,Dennis Gilbert,OTT,D,94,V2,OZI,O,0.85388,0.36156,0.49232,132,151,1403.0,1051.0,1,0,0
8477541,Dakota Mermis,TOR,D,64,V2,OZI,O,0.81102,0.34048,0.47055,101,97,1270.0,840.0,1,0,0
8484386,Dmitri Simashev,UTA,D,27,V2,OZI,O,0.825,0.35675,0.46825,43,69,480.0,541.0,0,0,0
8479388,Riley Stillman,EDM,D,59,V2,OZI,O,0.81934,0.35516,0.46418,81,105,941.0,794.0,1,0,0
8481525,Matthew Robertson,NYR,D,74,V2,OZI,O,0.83364,0.37528,0.45836,152,128,2170.0,1343.0,1,0,0
8483503,Owen Pickering,PIT,D,29,V2,OZI,O,0.79481,0.3522,0.44261,52,39,809.0,318.0,0,0,0
8479985,Cale Fleury,SEA,D,49,V2,OZI,O,0.84648,0.41185,0.43463,77,88,938.0,709.0,1,0,0
8479348,Kale Clague,BUF,D,36,V2,OZI,O,0.81924,0.39443,0.42481,74,87,863.0,933.0,1,0,0
8477244,Chad Ruhwedel,NYR,D,104,V2,OZI,O,0.7604,0.33941,0.42099,133,126,1394.0,1152.0,1,0,0
8476779,Brad Hunt,COL,D,47,V2,OZI,O,0.80862,0.38776,0.42087,53,54,580.0,441.0,1,0,0
8478841,Colton White,NJD,D,69,V2,OZI,O,0.78069,0.36162,0.41906,99,108,1222.0,813.0,1,0,0
8478454,Noah Juulsen,PHI,D,153,V2,OZI,O,0.85648,0.4485,0.40798,228,293,1728.0,1670.0,1,0,0
8482624,Daniil Miromanov,CGY,D,83,V2,OZI,O,0.80952,0.40444,0.40509,209,231,2163.0,1533.0,1,0,0
8477462,Robert Hagg,VGK,D,45,V2,OZI,O,0.73407,0.33424,0.39983,93,91,1177.0,739.0,1,0,0
8474027,Justin Braun,PHI,D,51,V2,OZI,O,0.85484,0.46112,0.39372,73,118,806.0,733.0,1,0,0
8478415,Jakub Zboril,BOS,D,22,V2,OZI,O,0.8555,0.464,0.3915,41,32,436.0,250.0,0,0,0
8480157,Calle Rosen,STL,D,55,V2,OZI,O,0.72476,0.34245,0.38231,104,115,1050.0,768.0,1,0,0
8475755,Alexander Petrovic,DAL,D,60,V2,OZI,O,0.74151,0.36044,0.38107,88,91,1060.0,824.0,1,0,0
8475795,Dylan McIlrath,WSH,D,39,V2,OZI,O,0.6807,0.30238,0.37832,47,55,570.0,420.0,0,0,0
8474618,Marco Scandella,STL,D,85,V2,OZI,O,0.70257,0.32551,0.37706,97,125,1244.0,682.0,1,0,0
8477384,Joshua Brown,EDM,D,129,V2,OZI,O,0.78814,0.42387,0.36427,200,238,1822.0,1307.0,1,0,0
8474145,Robert Bortuzzo,UTA,D,87,V2,OZI,O,0.72234,0.35813,0.36422,131,142,1365.0,726.0,1,0,0
8478476,Kyle Capobianco,DAL,D,48,V2,OZI,O,0.77191,0.41048,0.36143,84,75,1004.0,458.0,1,0,0
8483678,Elias Pettersson,VAN,D,97,V2,OZI,O,0.83174,0.47271,0.35903,169,157,2621.0,1026.0,1,0,0
8478851,Alexandre Carrier,MTL,D,268,V2,OZI,O,0.78964,0.43254,0.3571,514,505,6099.0,3780.0,1,0,0
8484798,Zeev Buium,VAN,D,75,V2,OZI,O,0.79014,0.43925,0.35089,201,226,2597.0,1967.0,1,0,0
8480878,Nils Lundkvist,DAL,D,210,V2,OZI,O,0.76874,0.42133,0.34741,555,457,7139.0,3451.0,1,0,0
8483425,Lian Bichsel,DAL,D,88,V2,OZI,O,0.69567,0.3493,0.34638,165,136,2057.0,1065.0,1,0,0
8475197,Tyson Barrie,CGY,D,139,V2,OZI,O,0.7801,0.4349,0.34519,315,305,4070.0,2504.0,1,0,0
8479026,Philippe Myers,TOR,D,91,V2,OZI,O,0.76779,0.42335,0.34444,154,152,1658.0,985.0,1,0,0
8480058,Pierre-Olivier Joseph,VAN,D,205,V2,OZI,O,0.75457,0.4123,0.34227,429,372,4979.0,2993.0,1,0,0
8482641,Matt Kiersted,MIN,D,28,V2,OZI,O,0.83488,0.4947,0.34018,28,50,430.0,283.0,0,0,0
8480884,Calen Addison,SJS,D,134,V2,OZI,O,0.74549,0.40627,0.33922,280,286,3548.0,1851.0,1,0,0
8480172,Jan Rutta,SJS,D,180,V2,OZI,O,0.77718,0.43852,0.33866,347,331,4479.0,2513.0,1,0,0
8483619,Filip Roos,CHI,D,21,V2,OZI,O,0.66723,0.32886,0.33837,46,34,589.0,298.0,0,0,0
8482964,Arber Xhekaj,MTL,D,230,V2,OZI,O,0.77652,0.44087,0.33566,372,410,5231.0,3636.0,1,0,0
8471303,Alexander Edler,LAK,D,64,V2,OZI,O,0.72286,0.38862,0.33424,129,127,2082.0,1230.0,1,0,0
8482730,Brandt Clarke,LAK,D,184,V2,OZI,O,0.80439,0.47135,0.33304,525,505,6784.0,4328.0,1,0,0
8482165,Yan Kuznetsov,CGY,D,58,V2,OZI,O,0.74957,0.41724,0.33233,153,165,1757.0,1311.0,1,0,0
8481056,Spencer Stastney,EDM,D,117,V2,OZI,O,0.85638,0.5241,0.33228,240,211,2980.0,1328.0,1,0,0
8480070,Ian Mitchell,BOS,D,63,V2,OZI,O,0.70764,0.37572,0.33192,123,123,1204.0,865.0,1,0,0
8482733,Logan Mailloux,STL,D,74,V2,OZI,O,0.76692,0.43566,0.33126,164,177,1862.0,1088.0,1,0,0
8478397,Rasmus Andersson,VGK,D,319,V2,OZI,O,0.80294,0.4735,0.32943,1070,1098,10286.0,6680.0,1,0,0
8480834,Ty Emberson,EDM,D,177,V2,OZI,O,0.73932,0.4101,0.32922,297,293,3464.0,2397.0,1,0,0
8478021,William Lagesson,DET,D,47,V2,OZI,O,0.7694,0.4405,0.3289,72,69,928.0,479.0,1,0,0
8482516,Matthew Kessel,STL,D,99,V2,OZI,O,0.69935,0.3706,0.32875,154,181,2009.0,1109.0,1,0,0
8483398,Declan Carlile,TBL,D,46,V2,OZI,O,0.74896,0.42035,0.32861,90,93,721.0,678.0,1,0,0
8482803,Olen Zellweger,ANA,D,164,V2,OZI,O,0.75098,0.42337,0.3276,355,459,4863.0,4561.0,1,0,0
8479439,Jacob MacDonald,SJS,D,92,V2,OZI,O,0.79364,0.46758,0.32606,137,96,1604.0,802.0,1,1,3
8478017,Mark Friedman,VAN,D,51,V2,OZI,O,0.82676,0.50088,0.32587,86,106,1039.0,567.0,1,0,0
8476470,Nathan Beaulieu,ANA,D,52,V2,OZI,O,0.65393,0.32815,0.32578,64,67,942.0,643.0,1,0,0
8481708,Zac Jones,NYR,D,93,V2,OZI,O,0.72293,0.39719,0.32573,162,161,2364.0,1639.0,1,0,0
8475797,Jarred Tinordi,CHI,D,96,V2,OZI,O,0.75431,0.42938,0.32493,90,115,985.0,878.0,1,0,0
8478468,Jeremy Lauzon,VGK,D,242,V2,OZI,O,0.80059,0.47571,0.32487,410,409,4428.0,2903.0,1,0,0
8482176,Wyatt Kaiser,CHI,D,175,V2,OZI,O,0.753,0.4285,0.32451,339,424,3332.0,3769.0,1,0,0
8479458,Nikita Zaitsev,CHI,D,84,V2,OZI,O,0.74643,0.42921,0.31723,164,189,1893.0,1575.0,1,0,0
8482807,Ethan Del Mastro,CHI,D,45,V2,OZI,O,0.7112,0.39444,0.31676,79,69,1250.0,611.0,1,0,0
8482073,Braden Schneider,NYR,D,325,V2,OZI,O,0.71313,0.39706,0.31607,545,533,7303.0,5246.0,1,0,0
8475690,Chris Tanev,TOR,D,226,V2,OZI,O,0.82417,0.50834,0.31583,532,456,5329.0,2459.0,1,0,0
8481572,Ville Heinola,WPG,D,32,V2,OZI,O,0.76087,0.44505,0.31581,47,36,552.0,364.0,0,0,0
8484806,Sam Dickinson,SJS,D,71,V2,OZI,O,0.83084,0.51696,0.31388,128,149,1939.0,1238.0,1,0,0
8482178,Ian Moore,ANA,D,69,V2,OZI,O,0.89238,0.5793,0.31308,105,134,1208.0,1034.0,1,0,1
8477018,Ben Hutton,VGK,D,138,V2,OZI,O,0.7768,0.46432,0.31248,328,311,4422.0,2410.0,1,0,0
8477433,Ben Harpur,NYR,D,42,V2,OZI,O,0.64714,0.33655,0.31059,71,79,683.0,621.0,1,0,0
8479982,Conor Timmins,BUF,D,159,V2,OZI,O,0.80078,0.49034,0.31044,370,322,4628.0,2535.0,1,0,0
8475825,Jani Hakanpää,TOR,D,148,V2,OZI,O,0.76296,0.455,0.30796,217,182,2759.0,1611.0,1,0,0
8475208,Brian Dumoulin,LAK,D,323,V2,OZI,O,0.77417,0.4672,0.30696,710,774,9476.0,6464.0,1,0,0
8475455,Brenden Dillon,NJD,D,323,V2,OZI,O,0.76754,0.46078,0.30676,637,726,8096.0,5749.0,1,0,0
8481178,Egor Zamula,CBJ,D,176,V2,OZI,O,0.7759,0.46972,0.30617,324,304,3543.0,2312.0,1,0,0
8479395,Dennis Cholowski,NJD,D,58,V2,OZI,O,0.7409,0.43543,0.30547,90,79,934.0,604.0,1,0,0
8476441,Joel Edmundson,LAK,D,268,V2,OZI,O,0.74943,0.44406,0.30537,681,722,8808.0,5792.0,1,0,0
8476874,Olli Määttä,CGY,D,269,V2,OZI,O,0.81093,0.5062,0.30473,585,601,7632.0,5160.0,1,0,0
8484321,Nikolas Matinpalo,OTT,D,95,V2,OZI,O,0.78347,0.48134,0.30214,149,143,1307.0,777.0,1,0,0
8474628,Michael Stone,CGY,D,48,V2,OZI,O,0.8144,0.5124,0.302,106,109,889.0,484.0,1,0,0
8476906,Shayne Gostisbehere,CAR,D,281,V2,OZI,O,0.8325,0.53271,0.29979,723,745,8997.0,6589.0,1,0,0
8479387,Keaton Middleton,COL,D,44,V2,OZI,O,0.71133,0.41365,0.29767,42,40,724.0,249.0,0,0,0
8479410,Mikhail Sergachev,UTA,D,267,V2,OZI,O,0.82082,0.52351,0.29731,838,858,9644.0,6764.0,1,0,0
8476473,Connor Murphy,EDM,D,273,V2,OZI,O,0.76041,0.46316,0.29726,428,442,4537.0,3800.0,1,0,0
8477365,Connor Clifton,PIT,D,280,V2,OZI,O,0.79714,0.50013,0.29701,440,437,5319.0,3723.0,1,0,0
8480828,Michael Callahan,BOS,D,22,V2,OZI,O,0.90854,0.61176,0.29677,21,20,164.0,85.0,0,0,0
8480860,Kevin Bahl,CGY,D,273,V2,OZI,O,0.76921,0.47259,0.29662,634,695,7483.0,4469.0,1,0,0
8477034,Jaycob Megna,VGK,D,110,V2,OZI,O,0.76664,0.4712,0.29543,270,253,3321.0,2205.0,1,0,0
8481542,Moritz Seider,DET,D,328,V2,OZI,O,0.78326,0.48796,0.2953,790,737,10026.0,7269.0,1,0,0
8476372,Nick Seeler,PHI,D,305,V2,OZI,O,0.78109,0.48588,0.2952,577,699,6482.0,4958.0,1,0,0
8474602,Justin Schultz,SEA,D,143,V2,OZI,O,0.73935,0.44472,0.29463,285,379,3004.0,2822.0,1,0,0
8475279,Ben Chiarot,DET,D,316,V2,OZI,O,0.74152,0.4471,0.29442,774,763,9641.0,7155.0,1,0,0
8470966,Mark Giordano,TOR,D,124,V2,OZI,O,0.78707,0.49318,0.29388,278,223,3170.0,1760.0,1,0,0
8477950,Tony DeAngelo,NYI,D,212,V2,OZI,O,0.76944,0.47624,0.29319,570,576,7434.0,4483.0,1,0,0
8475233,David Savard,MTL,D,197,V2,OZI,O,0.75159,0.45954,0.29205,343,415,4863.0,4165.0,1,0,0
8481567,Henry Thrun,TOR,D,124,V2,OZI,O,0.70543,0.41396,0.29147,283,288,3612.0,2336.0,1,0,0
8480990,Declan Chisholm,WSH,D,123,V2,OZI,O,0.77621,0.48485,0.29136,199,248,2766.0,2112.0,1,0,0
8475227,Chris Wideman,MTL,D,46,V2,OZI,O,0.68528,0.394,0.29128,106,108,985.0,967.0,1,0,0
8476312,Josh Manson,COL,D,230,V2,OZI,O,0.82253,0.53159,0.29094,438,473,5601.0,3704.0,1,0,0
8483495,Simon Nemec,NJD,D,155,V2,OZI,O,0.73233,0.44214,0.2902,347,378,4939.0,3759.0,1,0,0
8481537,Nikita Okhotiuk,CGY,D,62,V2,OZI,O,0.77604,0.48604,0.28999,112,116,1085.0,1218.0,1,0,0
8480823,Alexander Alexeyev,WSH,D,79,V2,OZI,O,0.76244,0.4729,0.28954,121,128,1608.0,738.0,1,0,0
8474590,John Carlson,ANA,D,271,V2,OZI,O,0.76789,0.48109,0.2868,777,863,10228.0,7088.0,1,0,0
8477810,Joel Hanley,CGY,D,189,V2,OZI,O,0.80848,0.52172,0.28676,420,426,4031.0,2394.0,1,0,0
8482858,Ryker Evans,SEA,D,175,V2,OZI,O,0.76258,0.4762,0.28638,340,398,5265.0,4286.0,1,0,0
8481719,Maxwell Crozier,TBL,D,53,V2,OZI,O,0.75378,0.46746,0.28632,95,109,1190.0,922.0,1,0,0
8480727,Zach Whitecloud,CGY,D,272,V2,OZI,O,0.75237,0.46695,0.28542,576,581,7818.0,5174.0,1,0,0
8478450,Parker Wotherspoon,PIT,D,188,V2,OZI,O,0.7671,0.48205,0.28505,342,389,4663.0,3454.0,1,0,0
8476875,Mike Matheson,MTL,D,288,V2,OZI,O,0.74808,0.46403,0.28405,668,700,10293.0,7534.0,1,0,0
8479372,Joshua Mahura,SEA,D,199,V2,OZI,O,0.81451,0.53112,0.28339,367,383,4577.0,3165.0,1,0,0
8478465,Guillaume Brisebois,VAN,D,20,V2,OZI,O,0.57643,0.29412,0.28232,37,35,314.0,238.0,0,0,0
8478396,Noah Hanifin,VGK,D,313,V2,OZI,O,0.78148,0.49963,0.28185,986,949,11944.0,6675.0,1,0,0
8478136,Jake Middleton,MIN,D,301,V2,OZI,O,0.73142,0.44973,0.28169,644,733,7562.0,6226.0,1,0,0
8480434,Sean Durzi,UTA,D,238,V2,OZI,O,0.77249,0.49299,0.27951,572,658,7780.0,5276.0,1,0,0
8480879,Jacob Bernard-Docker,DET,D,194,V2,OZI,O,0.72859,0.44937,0.27922,346,411,3795.0,3476.0,1,0,0
8481161,Jake Christiansen,CBJ,D,144,V2,OZI,O,0.70405,0.4249,0.27914,200,229,3237.0,2064.0,1,0,0
8478038,Devon Toews,COL,D,305,V2,OZI,O,0.80956,0.53115,0.27841,1207,1215,15648.0,9519.0,1,0,0
8476457,Adam Larsson,SEA,D,326,V2,OZI,O,0.76085,0.48431,0.27654,945,1071,13063.0,10737.0,1,0,0
8478854,Ryan Shea,PIT,D,150,V2,OZI,O,0.8024,0.52685,0.27555,246,244,3249.0,2477.0,1,0,0
8477969,Marcus Pettersson,VAN,D,309,V2,OZI,O,0.78726,0.51201,0.27524,805,756,10468.0,7408.0,1,0,0
8477073,Kurtis MacDermid,OTT,D,131,V2,OZI,O,0.72385,0.44875,0.2751,77,103,717.0,361.0,1,2,1
8481122,Simon Benoit,TOR,D,293,V2,OZI,O,0.68482,0.41233,0.27249,385,367,4664.0,2823.0,1,0,0
8480831,Alec Regula,EDM,D,33,V2,OZI,O,0.76,0.48787,0.27213,62,59,700.0,371.0,1,0,0
8477346,MacKenzie Weegar,UTA,D,322,V2,OZI,O,0.79425,0.52316,0.27108,1036,1087,10600.0,6390.0,1,0,0
8478013,Jake Walman,EDM,D,243,V2,OZI,O,0.72437,0.45337,0.271,623,549,8087.0,5329.0,1,0,0
8475747,Patrik Nemeth,UTA,D,75,V2,OZI,O,0.73966,0.46927,0.27039,100,118,1064.0,895.0,1,0,0
8483460,David Jiricek,PHI,D,85,V2,OZI,O,0.76512,0.49517,0.26995,132,180,1703.0,1448.0,1,0,0
8479421,Jacob Moverare,LAK,D,90,V2,OZI,O,0.70846,0.43938,0.26909,137,122,1595.0,899.0,1,0,0
8479369,Andrew Peeke,BOS,D,271,V2,OZI,O,0.72394,0.45621,0.26773,553,566,7368.0,4259.0,1,0,0
8476462,Dougie Hamilton,NJD,D,243,V2,OZI,O,0.78829,0.52062,0.26766,686,760,7888.0,6304.0,1,0,0
8478911,Matt Roy,WSH,D,311,V2,OZI,O,0.73837,0.47077,0.2676,721,732,9372.0,6449.0,1,0,0
8474151,Ryan McDonagh,TBL,D,275,V2,OZI,O,0.75042,0.48329,0.26712,606,688,7829.0,5177.0,1,0,0
8481563,Drew Helleson,ANA,D,119,V2,OZI,O,0.78638,0.51939,0.26698,230,298,3127.0,2965.0,1,0,0
8480001,Urho Vaakanainen,NYR,D,176,V2,OZI,O,0.74353,0.47699,0.26654,261,271,3712.0,2260.0,1,0,0
8481581,Thomas Harley,DAL,D,233,V2,OZI,O,0.7905,0.52417,0.26632,772,679,10711.0,5481.0,1,0,0
8474090,Brendan Smith,CBJ,D,170,V2,OZI,O,0.69273,0.42648,0.26625,288,298,3863.0,2183.0,1,0,0
8481541,Samuel Bolduc,NYI,D,52,V2,OZI,O,0.62727,0.36103,0.26624,94,110,1100.0,1011.0,1,0,0
8474716,Jared Spurgeon,MIN,D,240,V2,OZI,O,0.78231,0.51843,0.26387,525,644,6183.0,4855.0,1,0,0
8476854,Hampus Lindholm,BOS,D,237,V2,OZI,O,0.77972,0.51612,0.2636,550,570,6805.0,4745.0,1,0,0
8483506,Sam Rinzel,CHI,D,63,V2,OZI,O,0.69665,0.4332,0.26345,124,178,1879.0,2006.0,1,0,0
8478407,Vince Dunn,SEA,D,282,V2,OZI,O,0.75494,0.49153,0.26341,865,987,11895.0,10152.0,1,0,0
8480887,Jordan Harris,BOS,D,162,V2,OZI,O,0.6799,0.41681,0.26309,216,269,3502.0,2999.0,1,0,0
8480160,Radim Simek,SJS,D,44,V2,OZI,O,0.75524,0.49226,0.26298,53,67,572.0,323.0,1,0,0
8478408,Travis Dermott,MIN,D,80,V2,OZI,O,0.73184,0.46887,0.26297,133,140,1693.0,1060.0,1,0,0
8475181,Nick Leddy,SJS,D,223,V2,OZI,O,0.72085,0.45906,0.2618,496,509,5721.0,3969.0,1,0,0
8484223,Axel Sandin-Pellikka,DET,D,68,V2,OZI,O,0.73157,0.47105,0.26052,167,151,2306.0,1520.0,1,0,0
8478882,Vladislav Gavrikov,NYR,D,313,V2,OZI,O,0.74547,0.48666,0.25881,833,795,10199.0,7570.0,1,0,0
8479371,Dante Fabbro,CBJ,D,277,V2,OZI,O,0.7626,0.50467,0.25793,640,660,8374.0,5782.0,1,0,0
8482142,Jamie Drysdale,PHI,D,190,V2,OZI,O,0.75337,0.49552,0.25785,503,528,6155.0,4129.0,1,0,0
8474568,Luke Schenn,BUF,D,259,V2,OZI,O,0.75564,0.49797,0.25767,438,419,5316.0,3201.0,1,0,0
8480069,Cale Makar,COL,D,291,V2,OZI,O,0.80148,0.5439,0.25758,1217,1197,15535.0,10353.0,1,0,0
8482655,J.J. Moser,TBL,D,295,V2,OZI,O,0.77253,0.51506,0.25747,626,697,7746.0,5479.0,1,0,0
8474612,Travis Hamonic,DET,D,208,V2,OZI,O,0.72522,0.46822,0.257,436,422,5488.0,3571.0,1,0,0
8480145,Neal Pionk,WPG,D,284,V2,OZI,O,0.76115,0.50514,0.25601,698,691,9575.0,5062.0,1,0,0
8476869,Brady Skjei,NSH,D,324,V2,OZI,O,0.80965,0.55484,0.25481,925,914,11731.0,7887.0,1,0,0
8481527,Kaedan Korczak,VGK,D,154,V2,OZI,O,0.73513,0.48105,0.25409,320,306,4036.0,2559.0,1,0,0
8474567,Zach Bogosian,MIN,D,233,V2,OZI,O,0.72427,0.47051,0.25376,361,439,4664.0,4002.0,1,1,1
8473507,Jeff Petry,MIN,D,245,V2,OZI,O,0.73374,0.48071,0.25303,508,550,6704.0,4587.0,1,0,0
8481568,Alex Vlasic,CHI,D,245,V2,OZI,O,0.72495,0.47245,0.2525,490,618,6068.0,5554.0,1,0,0
8481006,Tyler Tucker,STL,D,158,V2,OZI,O,0.7187,0.4664,0.2523,243,249,2883.0,1488.0,1,0,0
8482111,Justin Barron,NSH,D,200,V2,OZI,O,0.73698,0.4847,0.25228,447,510,5779.0,3759.0,1,0,0
8478443,Brandon Carlo,TOR,D,289,V2,OZI,O,0.74284,0.49108,0.25176,386,426,4608.0,3028.0,1,0,0
8470613,Brent Burns,COL,D,327,V2,OZI,O,0.82514,0.57395,0.2512,998,921,13983.0,7830.0,1,0,0
8474578,Erik Karlsson,PIT,D,321,V2,OZI,O,0.75576,0.50463,0.25113,1239,1097,17098.0,9716.0,1,0,1
8475906,John Klingberg,SJS,D,147,V2,OZI,O,0.70673,0.4556,0.25113,358,438,5200.0,3795.0,1,0,0
8484258,Sam Malinski,COL,D,180,V2,OZI,O,0.78397,0.53309,0.25088,326,353,4916.0,2448.0,1,0,0
8474600,Roman Josi,NSH,D,270,V2,OZI,O,0.75534,0.50559,0.24975,1045,1023,14097.0,8853.0,1,0,0
8477971,Andreas Englund,NSH,D,167,V2,OZI,O,0.78375,0.53608,0.24768,223,242,2733.0,1968.0,1,0,0
8479425,Filip Hronek,VAN,D,287,V2,OZI,O,0.76778,0.52129,0.24649,926,827,12725.0,6741.0,1,0,0
8481546,Cam York,PHI,D,276,V2,OZI,O,0.7798,0.53366,0.24613,687,756,8038.0,5080.0,1,0,0
8483466,Kevin Korchinski,CHI,D,105,V2,OZI,O,0.66492,0.41901,0.24592,270,281,4017.0,2599.0,1,0,0
8475171,Oliver Ekman-Larsson,TOR,D,289,V2,OZI,O,0.753,0.50722,0.24579,904,775,9656.0,5473.0,1,0,0
8475462,Radko Gudas,ANA,D,275,V2,OZI,O,0.77939,0.5337,0.2457,482,582,6677.0,4778.0,1,0,0
8481524,Bowen Byram,BUF,D,279,V2,OZI,O,0.74897,0.50414,0.24483,744,816,10166.0,7125.0,1,0,0
8476967,Brett Kulak,COL,D,328,V2,OZI,O,0.73364,0.48934,0.2443,735,766,9442.0,6799.0,1,0,0
8481564,Ryan Johnson,BUF,D,47,V2,OZI,O,0.70889,0.46634,0.24255,71,100,900.0,817.0,1,0,0
8475177,Calvin de Haan,NYR,D,159,V2,OZI,O,0.83624,0.59398,0.24226,245,225,3328.0,1628.0,1,0,0
8484304,Uvis Balinskis,FLA,D,156,V2,OZI,O,0.75144,0.50967,0.24177,322,369,3649.0,2482.0,1,0,2
8475753,Justin Faulk,DET,D,298,V2,OZI,O,0.72533,0.48435,0.24098,793,847,9881.0,6165.0,1,0,0
8476525,Colin Miller,WPG,D,202,V2,OZI,O,0.72889,0.48805,0.24084,491,472,6525.0,4227.0,1,0,0
8478430,Oliver Kylington,ANA,D,52,V2,OZI,O,0.61361,0.37296,0.24066,126,121,999.0,917.0,1,0,0
8476853,Morgan Rielly,TOR,D,297,V2,OZI,O,0.71711,0.47653,0.24058,1087,911,12040.0,6881.0,1,0,0
8475750,Jon Merrill,MIN,D,208,V2,OZI,O,0.7721,0.5318,0.24029,294,342,4107.0,2264.0,1,0,0
8476856,Mathew Dumba,PIT,D,229,V2,OZI,O,0.71545,0.47533,0.24012,510,512,6477.0,3932.0,1,0,0
8481030,Jack St. Ivany,PIT,D,53,V2,OZI,O,0.74893,0.51095,0.23798,83,88,932.0,959.0,1,0,0
8474574,Tyler Myers,DAL,D,299,V2,OZI,O,0.76246,0.52518,0.23728,544,623,6441.0,5044.0,1,0,0
8476917,Adam Pelech,NYI,D,261,V2,OZI,O,0.81427,0.57721,0.23706,715,643,8491.0,5213.0,1,0,0
8476892,Colton Parayko,STL,D,301,V2,OZI,O,0.71474,0.4782,0.23654,695,754,7572.0,5642.0,1,0,0
8478452,Caleb Jones,PIT,D,111,V2,OZI,O,0.66457,0.42804,0.23654,215,209,2868.0,1605.0,1,0,0
8470600,Ryan Suter,STL,D,246,V2,OZI,O,0.75476,0.51845,0.2363,597,591,7833.0,3956.0,1,0,0
8480222,Sebastian Aho,NYI,D,129,V2,OZI,O,0.7562,0.52039,0.23581,298,336,3507.0,3065.0,1,0,0
8482762,Simon Edvinsson,DET,D,175,V2,OZI,O,0.77303,0.53743,0.2356,413,427,5472.0,3874.0,1,0,0
8476891,Matt Grzelcyk,CHI,D,289,V2,OZI,O,0.70895,0.47374,0.23521,830,839,9483.0,6607.0,1,0,0
8483485,Denton Mateychuk,CBJ,D,120,V2,OZI,O,0.74236,0.50736,0.23499,235,290,3532.0,2377.0,1,0,0
8477498,Darnell Nurse,EDM,D,320,V2,OZI,O,0.75361,0.51894,0.23466,892,817,11847.0,8261.0,1,0,0
8479983,Mario Ferraro,SJS,D,310,V2,OZI,O,0.69793,0.46343,0.23451,702,720,9872.0,6152.0,1,0,1
8479442,Troy Stecher,TOR,D,265,V2,OZI,O,0.74136,0.50694,0.23442,448,467,5177.0,3458.0,1,0,0
8482087,Kaiden Guhle,MTL,D,208,V2,OZI,O,0.71193,0.47756,0.23438,463,410,6745.0,3409.0,1,0,0
8478469,Thomas Chabot,OTT,D,256,V2,OZI,O,0.77451,0.5414,0.23311,754,749,10333.0,5966.0,1,0,0
8477932,Aaron Ekblad,FLA,D,250,V2,OZI,O,0.8042,0.57161,0.23258,664,707,7814.0,5376.0,1,0,0
8475762,Derek Forbort,VAN,D,145,V2,OZI,O,0.77752,0.54501,0.23251,204,203,1744.0,1433.0,1,0,0
8479378,Logan Stanley,BUF,D,183,V2,OZI,O,0.69556,0.46375,0.23181,258,261,4165.0,2648.0,1,0,0
8478416,Erik Cernak,TBL,D,276,V2,OZI,O,0.76982,0.53883,0.23098,514,585,6056.0,3940.0,1,0,0
8475179,Dmitry Kulikov,FLA,D,232,V2,OZI,O,0.78129,0.55057,0.23072,563,623,6328.0,4321.0,1,0,0
8479976,Juuso Välimäki,UTA,D,189,V2,OZI,O,0.73312,0.50321,0.22991,408,424,4991.0,3116.0,1,0,0
8477506,Ryan Pulock,NYI,D,290,V2,OZI,O,0.69817,0.46826,0.22991,723,682,8084.0,5561.0,1,0,0
8478500,Ivan Provorov,CBJ,D,328,V2,OZI,O,0.72806,0.49862,0.22945,780,928,11282.0,7587.0,1,0,0
8479984,Cal Foote,NJD,D,54,V2,OZI,O,0.59516,0.36585,0.22931,55,76,620.0,779.0,1,0,0
8482100,Alexander Nikishin,CAR,D,81,V2,OZI,O,0.81138,0.58207,0.22931,253,231,3409.0,1718.0,1,0,0
8476792,Torey Krug,STL,D,140,V2,OZI,O,0.69216,0.46327,0.22889,398,460,4733.0,3294.0,1,0,0
8478178,Darren Raddysh,TBL,D,245,V2,OZI,O,0.7715,0.54274,0.22877,656,686,8359.0,7125.0,1,0,0
8474673,TJ Brodie,CHI,D,190,V2,OZI,O,0.70814,0.47975,0.22839,496,463,6349.0,3827.0,1,0,0
8480796,Martin Fehérváry,WSH,D,295,V2,OZI,O,0.73547,0.50721,0.22825,590,599,8498.0,5059.0,1,0,0
8477948,Travis Sanheim,PHI,D,325,V2,OZI,O,0.78365,0.55639,0.22726,806,922,9503.0,6686.0,1,0,0
8478055,Gustav Forsling,FLA,D,321,V2,OZI,O,0.79988,0.57285,0.22703,927,948,11313.0,7735.0,1,0,0
8476923,Damon Severson,CBJ,D,289,V2,OZI,O,0.76136,0.53458,0.22679,738,794,10141.0,7245.0,1,0,0
8482666,Scott Morrow,NYR,D,45,V2,OZI,O,0.75203,0.52549,0.22654,104,94,1234.0,824.0,1,0,0
8481607,Albert Johansson,DET,D,143,V2,OZI,O,0.70841,0.48254,0.22587,300,328,3721.0,2578.0,1,0,0
8482095,Tyler Kleven,OTT,D,166,V2,OZI,O,0.7714,0.54586,0.22554,329,327,3552.0,2464.0,1,0,0
8473446,Erik Johnson,COL,D,166,V2,OZI,O,0.74248,0.5171,0.22538,288,286,3192.0,1959.0,1,0,0
8478460,Zach Werenski,CBJ,D,239,V2,OZI,O,0.76279,0.53782,0.22497,903,973,14430.0,10061.0,1,0,0
8479576,Vincent Desharnais,SJS,D,218,V2,OZI,O,0.73919,0.51451,0.22467,400,377,4578.0,2894.0,1,0,0
8471709,Marc-Edouard Vlasic,SJS,D,162,V2,OZI,O,0.79428,0.56996,0.22432,251,260,3286.0,1558.0,1,0,0
8477447,Shea Theodore,VGK,D,240,V2,OZI,O,0.75069,0.52662,0.22406,807,739,10533.0,5127.0,1,0,0
8479402,Jake Bean,CGY,D,166,V2,OZI,O,0.66238,0.43893,0.22345,320,398,4274.0,2497.0,1,0,0
8476902,Esa Lindell,DAL,D,326,V2,OZI,O,0.74817,0.52504,0.22313,675,554,8998.0,4613.0,1,0,0
8476429,Scott Mayfield,NYI,D,269,V2,OZI,O,0.75153,0.52884,0.22269,492,489,6359.0,3831.0,1,0,0
8476467,Jamie Oleksiak,SEA,D,317,V2,OZI,O,0.72934,0.50744,0.2219,540,603,7164.0,5577.0,1,0,0
8480865,Noah Dobson,MTL,D,308,V2,OZI,O,0.76216,0.54041,0.22175,913,865,13408.0,7944.0,1,0,0
8474013,Ian Cole,UTA,D,319,V2,OZI,O,0.7754,0.55388,0.22153,578,651,7253.0,5290.0,1,0,0
8474565,Alex Pietrangelo,VGK,D,209,V2,OZI,O,0.75277,0.53173,0.22104,665,613,8652.0,5546.0,1,0,0
8476931,Jake McCabe,TOR,D,295,V2,OZI,O,0.73711,0.51715,0.21996,687,572,7117.0,3995.0,1,0,0
8474563,Drew Doughty,LAK,D,264,V2,OZI,O,0.77207,0.55241,0.21966,723,769,10069.0,6430.0,1,0,0
8484783,Artyom Levshunov,CHI,D,86,V2,OZI,O,0.65788,0.43844,0.21945,202,260,2619.0,2737.0,1,0,0
8478399,Jonas Siegenthaler,NJD,D,274,V2,OZI,O,0.77534,0.5563,0.21903,647,687,7825.0,5648.0,1,0,0
8483472,Maveric Lamoureux,UTA,D,20,V2,OZI,O,0.80519,0.58654,0.21866,39,44,308.0,208.0,0,0,0
8476885,Jacob Trouba,ANA,D,308,V2,OZI,O,0.75058,0.53228,0.2183,715,822,9490.0,7250.0,1,0,0
8471724,Kris Letang,PIT,D,294,V2,OZI,O,0.73582,0.51767,0.21814,978,877,13256.0,8685.0,1,0,0
8477504,Josh Morrissey,WPG,D,315,V2,OZI,O,0.74893,0.53104,0.21788,1209,1254,16796.0,10131.0,1,0,0
8478859,Niko Mikkola,FLA,D,307,V2,OZI,O,0.79242,0.57461,0.21781,721,802,8604.0,6105.0,1,0,0
8475200,Dmitry Orlov,SJS,D,305,V2,OZI,O,0.80287,0.58512,0.21775,801,772,11287.0,7583.0,1,0,0
8476958,Jaccob Slavin,CAR,D,276,V2,OZI,O,0.8225,0.60579,0.21671,910,835,13358.0,7600.0,1,0,0
8481806,Louis Crevier,CHI,D,134,V2,OZI,O,0.69486,0.47829,0.21657,179,211,1868.0,1451.0,1,0,0
8483457,Lane Hutson,MTL,D,166,V2,OZI,O,0.75279,0.53714,0.21565,523,517,6711.0,5358.0,1,0,0
8480891,Michael Kesselring,BUF,D,190,V2,OZI,O,0.77229,0.55667,0.21563,417,486,4800.0,3600.0,1,0,0
8477495,Seth Jones,FLA,D,254,V2,OZI,O,0.74401,0.529,0.215,720,793,9551.0,6879.0,1,0,0
8475324,Nick Jensen,OTT,D,287,V2,OZI,O,0.72407,0.50921,0.21486,568,614,7299.0,4721.0,1,0,0
8476879,Cody Ceci,LAK,D,326,V2,OZI,O,0.73749,0.52268,0.21481,697,707,9409.0,6239.0,1,0,0
8480873,Rasmus Sandin,WSH,D,294,V2,OZI,O,0.69669,0.48223,0.21445,702,783,8628.0,6304.0,1,0,0
8476449,Scott Harrington,ANA,D,45,V2,OZI,O,0.70149,0.4875,0.21399,77,103,670.0,560.0,1,0,0
8477335,Kyle Burroughs,LAK,D,154,V2,OZI,O,0.70646,0.49265,0.21381,257,313,3158.0,3199.0,1,0,0
8476331,Dylan DeMelo,WPG,D,320,V2,OZI,O,0.72585,0.51304,0.21281,999,1068,13077.0,8050.0,1,0,0
8477488,Brett Pesce,NJD,D,261,V2,OZI,O,0.80376,0.59098,0.21278,832,794,11119.0,7469.0,1,0,0
8480246,Nick Perbix,NSH,D,298,V2,OZI,O,0.70529,0.49344,0.21185,652,663,7974.0,4801.0,1,0,0
8480073,Erik Brannstrom,VAN,D,178,V2,OZI,O,0.77358,0.56189,0.21169,366,403,4549.0,3175.0,1,0,0
8475167,Victor Hedman,TBL,D,266,V2,OZI,O,0.70146,0.49036,0.2111,799,844,9801.0,8406.0,1,0,0
8480036,Miro Heiskanen,DAL,D,277,V2,OZI,O,0.77823,0.56728,0.21095,1096,979,14853.0,7714.0,1,0,0
8482131,Donovan Sebrango,FLA,D,44,V2,OZI,O,0.74524,0.53525,0.20999,62,84,840.0,695.0,1,0,0
8482105,Jake Sanderson,OTT,D,303,V2,OZI,O,0.79243,0.583,0.20943,819,710,10382.0,4753.0,1,0,0
8478840,Will Borgen,NYR,D,323,V2,OZI,O,0.76071,0.5517,0.20901,565,550,6745.0,4207.0,1,0,0
8482122,Brock Faber,MIN,D,242,V2,OZI,O,0.7124,0.50367,0.20872,690,781,8164.0,7354.0,1,0,0
8479398,Samuel Girard,PIT,D,268,V2,OZI,O,0.75424,0.54592,0.20832,690,730,8020.0,5259.0,1,0,0
8474166,Alec Martinez,CHI,D,176,V2,OZI,O,0.69561,0.48748,0.20814,427,389,5240.0,3553.0,1,0,0
8479345,Jakob Chychrun,WSH,D,284,V2,OZI,O,0.73954,0.53281,0.20673,830,888,11445.0,8215.0,1,0,0
8482126,Emil Andrae,PHI,D,107,V2,OZI,O,0.73983,0.53475,0.20508,205,238,2114.0,1511.0,1,2,1
8480049,Dylan Samberg,WPG,D,266,V2,OZI,O,0.72362,0.51896,0.20466,500,488,6444.0,3665.0,1,0,0
8480807,Mattias Samuelsson,BUF,D,236,V2,OZI,O,0.76148,0.55803,0.20345,502,647,7647.0,5523.0,1,0,0
8485366,Matthew Schaefer,NYI,D,82,V2,OZI,O,0.72336,0.52034,0.20302,228,190,3134.0,1770.0,1,0,0
8481598,Philip Broberg,STL,D,206,V2,OZI,O,0.75355,0.55073,0.20281,460,505,5993.0,3686.0,1,0,0
8478507,John Marino,UTA,D,253,V2,OZI,O,0.7525,0.55098,0.20152,639,601,7313.0,4345.0,1,0,0
8477220,Nate Schmidt,UTA,D,295,V2,OZI,O,0.7597,0.55847,0.20123,675,656,8144.0,4917.0,1,0,0
8477369,Carson Soucy,NYI,D,269,V2,OZI,O,0.72812,0.52744,0.20068,477,530,5885.0,3371.0,1,0,0
8480336,Sean Walker,CAR,D,314,V2,OZI,O,0.81068,0.61074,0.19994,789,828,10802.0,7617.0,1,0,0
8475188,Brayden McNabb,VGK,D,310,V2,OZI,O,0.74946,0.55026,0.1992,832,788,10693.0,5879.0,1,0,0
8482911,Joel Nystrom,CAR,D,38,V2,OZI,O,0.74634,0.54768,0.19866,116,116,1230.0,776.0,1,0,0
8481606,Jordan Spence,OTT,D,229,V2,OZI,O,0.82059,0.62242,0.19818,551,553,7430.0,4934.0,1,0,0
8480950,Ilya Lyubushkin,DAL,D,275,V2,OZI,O,0.69816,0.5003,0.19786,463,445,5536.0,3358.0,1,0,0
8483565,Nick Blankenburg,COL,D,168,V2,OZI,O,0.70978,0.5138,0.19597,357,386,4276.0,2717.0,1,0,0
8482144,Jack Thompson,SJS,D,34,V2,OZI,O,0.69989,0.50419,0.1957,65,82,913.0,597.0,1,0,0
8471677,Jack Johnson,CBJ,D,204,V2,OZI,O,0.65999,0.46606,0.19394,280,284,3997.0,2180.0,1,0,0
8478970,Jalen Chatfield,CAR,D,301,V2,OZI,O,0.84691,0.65451,0.1924,842,744,11307.0,6527.0,1,0,0
8478451,Ethan Bear,WSH,D,85,V2,OZI,O,0.73454,0.54267,0.19187,189,209,2328.0,1500.0,1,0,0
8482482,Adam Wilsby,NSH,D,80,V2,OZI,O,0.74722,0.55653,0.19068,150,155,1796.0,1592.0,1,0,0
8479998,Mikey Anderson,LAK,D,307,V2,OZI,O,0.74131,0.55085,0.19046,692,732,9239.0,6784.0,1,0,0
8475218,Mattias Ekholm,EDM,D,303,V2,OZI,O,0.77327,0.58316,0.19011,971,900,13421.0,7480.0,1,0,0
8480184,Gustav Lindstrom,ANA,D,82,V2,OZI,O,0.6473,0.45765,0.18966,141,152,1928.0,1641.0,1,0,0
8481014,Alexander Romanov,NYI,D,236,V2,OZI,O,0.70806,0.51937,0.18869,572,545,8303.0,4698.0,1,0,0
8481167,Brayden Pachal,CGY,D,174,V2,OZI,O,0.67455,0.48662,0.18793,304,344,3085.0,1831.0,1,0,0
8476463,Jonas Brodin,MIN,D,234,V2,OZI,O,0.73078,0.54344,0.18735,599,728,8235.0,6032.0,1,0,0
8479980,Nicolas Hague,NSH,D,285,V2,OZI,O,0.72744,0.54022,0.18722,648,639,8710.0,5483.0,1,0,0
8476979,Erik Gustafsson,DET,D,208,V2,OZI,O,0.73464,0.54842,0.18622,533,540,7846.0,4440.0,1,0,0
8475790,Erik Gudbranson,CBJ,D,201,V2,OZI,O,0.67566,0.49132,0.18434,418,502,4930.0,3859.0,1,0,0
8481206,John Ludvig,COL,D,41,V2,OZI,O,0.80135,0.61715,0.1842,34,39,443.0,478.0,0,0,0
8481605,Jackson LaCombe,ANA,D,229,V2,OZI,O,0.70377,0.52068,0.18309,478,646,6046.0,5779.0,1,0,0
8477499,Rasmus Ristolainen,PHI,D,212,V2,OZI,O,0.81691,0.63422,0.18269,426,461,3916.0,3174.0,1,0,0
8479324,Ryan Lindgren,SEA,D,286,V2,OZI,O,0.72571,0.54567,0.18004,721,806,8739.0,5835.0,1,0,0
8477507,Nikita Zadorov,BOS,D,319,V2,OZI,O,0.73188,0.55277,0.17911,795,776,9600.0,5344.0,1,0,0
8484150,Hunter Brzustewicz,CGY,D,34,V2,OZI,O,0.81891,0.64071,0.1782,72,72,1005.0,732.0,1,0,0
8481600,Tobias Bjornfot,FLA,D,47,V2,OZI,O,0.71632,0.53931,0.17701,78,88,1054.0,547.0,1,0,0
8471686,Marc Staal,PHI,D,117,V2,OZI,O,0.73591,0.55926,0.17665,229,289,2768.0,2067.0,1,0,0
8482671,Owen Power,BUF,D,315,V2,OZI,O,0.73263,0.55771,0.17492,834,1002,10607.0,9184.0,1,0,0
8482067,Connor Mackey,NYR,D,36,V2,OZI,O,0.66212,0.48879,0.17333,54,65,586.0,446.0,1,0,0
8482245,Artem Zub,OTT,D,259,V2,OZI,O,0.75127,0.57862,0.17265,596,549,7699.0,3377.0,1,0,0
8482511,Mason Lohrei,BOS,D,191,V2,OZI,O,0.69609,0.52358,0.17251,470,481,5268.0,3965.0,1,0,0
8480839,Rasmus Dahlin,BUF,D,309,V2,OZI,O,0.77897,0.60692,0.17205,966,1241,13116.0,11125.0,1,0,0
8483490,Pavel Mintyukov,ANA,D,203,V2,OZI,O,0.72788,0.55674,0.17114,367,483,5233.0,4767.0,1,0,0
8483448,Isaiah George,NYI,D,37,V2,OZI,O,0.61607,0.44652,0.16955,79,60,896.0,374.0,1,0,0
8477845,Trevor van Riemsdyk,WSH,D,295,V2,OZI,O,0.71157,0.54242,0.16915,607,648,7898.0,4880.0,1,0,0
8482684,Luke Hughes,NJD,D,223,V2,OZI,O,0.73245,0.5636,0.16885,719,688,9333.0,6116.0,1,0,0
8476422,Mike Reilly,CAR,D,131,V2,OZI,O,0.78092,0.61486,0.16606,339,372,3994.0,2786.0,1,0,0
8484768,Zayne Parekh,CGY,D,37,V2,OZI,O,0.68139,0.51728,0.16411,121,110,1155.0,926.0,1,0,0
8481593,Jayden Struble,MTL,D,171,V2,OZI,O,0.76643,0.60434,0.1621,314,300,3986.0,2952.0,1,0,0
8480043,Timothy Liljegren,WSH,D,238,V2,OZI,O,0.73704,0.57525,0.16179,589,596,6925.0,4452.0,1,0,0
8480803,Evan Bouchard,EDM,D,326,V2,OZI,O,0.76669,0.60563,0.16106,1061,1021,15053.0,9803.0,1,0,0
8476988,Matt Benning,TOR,D,99,V2,OZI,O,0.72529,0.57022,0.15506,156,137,1831.0,947.0,1,0,0
8480035,Henri Jokiharju,BOS,D,235,V2,OZI,O,0.74758,0.59261,0.15497,584,672,7246.0,5334.0,1,0,0
8477938,Haydn Fleury,WPG,D,129,V2,OZI,O,0.6278,0.47315,0.15466,181,170,2230.0,1564.0,1,0,0
8477986,Brandon Montour,SEA,D,290,V2,OZI,O,0.74259,0.58844,0.15415,764,872,10357.0,8237.0,1,0,0
8481059,Scott Perunovich,NYI,D,89,V2,OZI,O,0.6507,0.49676,0.15394,198,187,2359.0,1234.0,1,0,0
8479323,Adam Fox,NYR,D,283,V2,OZI,O,0.76777,0.61446,0.15331,968,983,12268.0,8518.0,1,0,0
8480192,Johnathan Kovacevic,NJD,D,254,V2,OZI,O,0.68657,0.53425,0.15232,423,436,5443.0,3693.0,1,0,0
8480084,Nick DeSimone,UTA,D,97,V2,OZI,O,0.71361,0.56459,0.14903,206,200,2336.0,1169.0,1,0,0
8475764,Cam Fowler,STL,D,312,V2,OZI,O,0.69625,0.548,0.14825,833,935,10028.0,8104.0,1,0,0
8482470,Ilya Solovyov,PIT,D,45,V2,OZI,O,0.80266,0.65632,0.14634,71,75,902.0,419.0,1,0,0
8480800,Quinn Hughes,MIN,D,302,V2,OZI,O,0.76294,0.61687,0.14607,1044,1001,14646.0,10328.0,1,0,0
8482700,Nolan Allan,CHI,D,43,V2,OZI,O,0.74664,0.60065,0.14599,50,69,446.0,616.0,1,0,0
8481219,Jonathan Aspirot,BOS,D,61,V2,OZI,O,0.6583,0.5131,0.1452,134,121,1753.0,1374.0,1,0,0
8477435,Ryan Graves,PIT,D,231,V2,OZI,O,0.7246,0.58119,0.14341,436,414,6732.0,4009.0,1,0,0
8482166,Shakir Mukhamadullin,SJS,D,83,V2,OZI,O,0.58921,0.4494,0.13981,164,170,1631.0,1324.0,1,0,0
8480817,K'Andre Miller,CAR,D,305,V2,OZI,O,0.77503,0.63651,0.13852,809,836,11068.0,8091.0,1,0,0
8480196,Jacob Bryson,WPG,D,193,V2,OZI,O,0.72127,0.58376,0.1375,276,306,3254.0,2131.0,1,0,0
8479325,Charlie McAvoy,BOS,D,260,V2,OZI,O,0.725,0.58751,0.13748,890,902,10069.0,7913.0,1,0,0
8481743,Marc Del Gaizo,NSH,D,55,V2,OZI,O,0.66535,0.52969,0.13566,75,108,1013.0,842.0,1,0,0
8484305,Zach Metsa,BUF,D,43,V2,OZI,O,0.59878,0.46375,0.13503,49,65,491.0,731.0,0,0,0
8483768,Victor Mancini,VAN,D,55,V2,OZI,O,0.69149,0.55658,0.13491,100,105,1316.0,1193.0,1,0,0
8483620,Marcus Bjork,CBJ,D,33,V2,OZI,O,0.6728,0.53869,0.13411,58,71,489.0,672.0,1,0,0
8474031,Kevin Shattenkirk,BOS,D,136,V2,OZI,O,0.69886,0.56635,0.13251,266,308,3324.0,2645.0,1,0,0
8475718,Justin Holl,STL,D,199,V2,OZI,O,0.70474,0.576,0.12874,395,396,5192.0,3125.0,1,0,0
8479945,Gavin Bayreuther,CBJ,D,51,V2,OZI,O,0.61522,0.48707,0.12815,99,116,933.0,967.0,1,0,0
8482929,Emil Lilleberg,TBL,D,163,V2,OZI,O,0.67405,0.5544,0.11965,315,324,3927.0,2408.0,1,0,0
8477851,Jordan Oesterle,NSH,D,112,V2,OZI,O,0.6483,0.53316,0.11514,225,235,3139.0,1915.0,1,0,0
8474207,Nick Holden,OTT,D,65,V2,OZI,O,0.73808,0.62436,0.11372,118,113,1363.0,780.0,1,0,0
8480871,Adam Boqvist,NYI,D,144,V2,OZI,O,0.62607,0.51715,0.10892,344,391,3637.0,3411.0,1,0,0
8475625,Matt Irwin,WSH,D,61,V2,OZI,O,0.57996,0.48618,0.09378,71,65,988.0,434.0,1,0,0
8482192,Isaak Phillips,WPG,D,55,V2,OZI,O,0.58389,0.50921,0.07468,73,101,745.0,923.0,1,0,0
8481609,Vladislav Kolyachonok,BOS,D,55,V2,OZI,O,0.65147,0.57778,0.07369,109,89,1053.0,540.0,1,0,0
8481599,Victor Soderstrom,BOS,D,41,V2,OZI,O,0.64247,0.57056,0.0719,80,82,730.0,659.0,1,0,0
8482094,Daemon Hunt,MIN,D,45,V2,OZI,O,0.54241,0.47639,0.06603,63,61,837.0,487.0,1,0,0
8481812,Nikolai Knyzhov,SJS,D,22,V2,OZI,O,0.71457,0.65066,0.06391,45,38,508.0,229.0,0,0,0
8471274,Alex Goligoski,MIN,D,82,V2,OZI,O,0.7336,0.67156,0.06204,155,178,1738.0,1294.0,1,0,0
8475857,Kevin Gravel,NSH,D,29,V2,OZI,O,0.52903,0.47143,0.0576,46,40,620.0,350.0,0,0,0
8483510,Elias Salomonsson,WPG,D,32,V2,OZI,O,0.65955,0.60704,0.05251,70,81,796.0,710.0,1,0,0
8479639,Dylan Coghlan,VGK,D,27,V2,OZI,O,0.74495,0.69388,0.05107,58,51,941.0,392.0,1,0,0
8481072,Tim Berni,CBJ,D,59,V2,OZI,O,0.6,0.56693,0.03307,114,126,1230.0,1270.0,1,0,0
8480426,Charle-Edouard D'Astous,TBL,D,70,V2,OZI,O,0.62375,0.60321,0.02054,145,169,1794.0,1497.0,1,0,0
8479578,Casey Fitzgerald,FLA,D,27,V2,OZI,O,0.44643,0.52593,-0.0795,33,38,392.0,270.0,0,0,0
8480468,James Hamblin,EDM,L,41,V2,OZI,O,0.76078,0.085,0.67578,46,34,510.0,200.0,0,105,92
8484314,Jiri Smejkal,OTT,L,20,V2,OZI,O,0.75796,0.15166,0.6063,13,26,157.0,211.0,0,9,15
8479356,Kieffer Bellows,NSH,L,47,V2,OZI,O,0.82775,0.29736,0.53039,35,58,418.0,454.0,0,4,16
8484388,Daniil But,UTA,L,29,V2,OZI,O,0.80749,0.34238,0.46511,38,63,374.0,479.0,0,6,13
8474157,Max Pacioretty,TOR,L,89,V2,OZI,O,0.86358,0.42969,0.43389,139,172,1730.0,1401.0,1,10,15
8476915,Jujhar Khaira,MIN,L,52,V2,OZI,O,0.89796,0.47733,0.42063,39,43,588.0,419.0,0,125,124
8481789,Tye Kartye,NYR,L,204,V2,OZI,O,0.72115,0.31148,0.40968,234,269,3059.0,1830.0,1,47,60
8481550,Adam Beckman,MIN,L,20,V2,OZI,O,0.78481,0.37692,0.40789,14,23,158.0,130.0,0,0,1
8476442,Matt Nieto,PIT,L,135,V2,OZI,O,0.80287,0.39556,0.4073,148,140,1745.0,1082.0,1,9,9
8477931,Tomas Nosek,FLA,L,182,V2,OZI,O,0.78139,0.37551,0.40588,154,160,2031.0,988.0,1,684,555
8484185,Nick Lardis,CHI,L,41,V2,OZI,O,0.85515,0.45325,0.4019,54,77,573.0,492.0,1,1,1
8482117,Lukas Reichel,BOS,L,187,V2,OZI,O,0.7571,0.36449,0.39261,275,309,3487.0,2557.0,1,246,364
8484994,Igor Chernyshov,SJS,L,27,V2,OZI,O,0.90722,0.51879,0.38843,60,71,970.0,692.0,1,0,0
8483513,Reid Schaefer,NSH,L,46,V2,OZI,O,0.80467,0.42346,0.38121,46,59,471.0,503.0,0,1,7
8477454,Adam Erne,DAL,L,130,V2,OZI,O,0.85424,0.48688,0.36736,166,151,1427.0,1181.0,1,16,25
8480031,Maxime Comtois,CAR,L,65,V2,OZI,O,0.77526,0.40814,0.36712,95,128,1237.0,958.0,1,23,15
8483630,Pavol Regenda,SJS,L,42,V2,OZI,O,0.83915,0.48269,0.35646,38,66,516.0,491.0,0,8,8
8479536,Axel Jonsson-Fjallby,WPG,L,76,V2,OZI,O,0.74625,0.38992,0.35633,57,67,934.0,377.0,1,1,4
8482062,Cole Smith,VGK,L,283,V2,OZI,O,0.78894,0.4379,0.35103,234,261,2838.0,1852.0,1,17,30
8482055,Drew O'Connor,VAN,L,290,V2,OZI,O,0.82447,0.47577,0.3487,455,422,6603.0,4231.0,1,108,142
8483491,Ivan Miroshnichenko,WSH,L,52,V2,OZI,O,0.77558,0.42938,0.3462,52,74,860.0,708.0,1,0,2
8475169,Evander Kane,VAN,L,189,V2,OZI,O,0.7648,0.42068,0.34412,459,438,6535.0,3984.0,1,52,71
8474102,David Perron,DET,L,266,V2,OZI,O,0.80508,0.46378,0.3413,476,403,5982.0,3092.0,1,25,37
8474037,James van Riemsdyk,DET,L,275,V2,OZI,O,0.81159,0.47302,0.33856,400,458,5196.0,3670.0,1,22,33
8477527,Ross Johnston,ANA,L,189,V2,OZI,O,0.83108,0.49667,0.33441,142,197,2149.0,1802.0,1,8,11
8477494,Jonathan Drouin,STL,L,244,V2,OZI,O,0.82226,0.49161,0.33065,557,544,7646.0,4766.0,1,272,310
8482172,Landon Slaggert,CHI,L,102,V2,OZI,O,0.77797,0.45181,0.32616,97,98,1162.0,965.0,1,1,4
8482132,Brett Berard,NYR,L,48,V2,OZI,O,0.78802,0.46372,0.3243,57,59,835.0,317.0,1,3,4
8477573,Nathan Walker,STL,L,219,V2,OZI,O,0.70095,0.37762,0.32333,171,198,1993.0,1287.0,1,228,198
8476858,Phillip Di Giuseppe,VAN,L,101,V2,OZI,O,0.80576,0.49033,0.31543,158,133,2363.0,1034.0,1,5,15
8473994,Jamie Benn,DAL,L,304,V2,OZI,O,0.7874,0.4724,0.315,712,576,7601.0,3605.0,1,881,591
8482222,Alexander Barabanov,SJS,L,114,V2,OZI,O,0.76543,0.4543,0.31114,250,214,3159.0,1455.0,1,3,5
8481592,Jakob Pelletier,TBL,L,91,V2,OZI,O,0.77316,0.46247,0.31069,143,165,1662.0,986.0,1,14,28
8478104,Sammy Blais,MTL,L,145,V2,OZI,O,0.70274,0.39384,0.3089,172,202,1931.0,1526.0,1,5,14
8476882,Teuvo Teravainen,CHI,L,301,V2,OZI,O,0.79082,0.48273,0.30809,552,569,7448.0,5239.0,1,134,159
8477942,Kevin Fiala,LAK,L,288,V2,OZI,O,0.78733,0.48164,0.30569,593,656,7387.0,5938.0,1,38,70
8481043,Cole Koepke,WPG,L,164,V2,OZI,O,0.74724,0.44218,0.30505,142,145,1448.0,1081.0,1,0,4
8481065,Angus Crookshank,NJD,L,29,V2,OZI,O,0.77827,0.47597,0.3023,40,35,451.0,437.0,0,2,4
8477425,Miles Wood,CBJ,L,241,V2,OZI,O,0.79206,0.49171,0.30036,298,324,4083.0,2412.0,1,19,47
8480027,Jason Robertson,DAL,L,328,V2,OZI,O,0.80597,0.50579,0.30017,786,688,11766.0,6473.0,1,6,13
8476934,Brock McGinn,ANA,L,125,V2,OZI,O,0.78302,0.48763,0.29539,118,125,1696.0,970.0,1,5,14
8479661,Tanner Jeannot,BOS,L,275,V2,OZI,O,0.76715,0.47196,0.29519,359,358,4316.0,3227.0,1,45,70
8481535,Nils Hoglander,VAN,L,214,V2,OZI,O,0.79355,0.50035,0.2932,350,370,3875.0,2870.0,1,1,2
8479368,Max Jones,EDM,L,168,V2,OZI,O,0.6993,0.40811,0.29119,196,221,2441.0,1627.0,1,14,21
8474884,Mike Hoffman,SJS,L,133,V2,OZI,O,0.7404,0.45536,0.28504,210,212,2527.0,1781.0,1,24,30
8476410,Josh Leivo,STL,L,51,V2,OZI,O,0.90087,0.6162,0.28467,71,72,686.0,469.0,1,3,4
8473473,Milan Lucic,BOS,L,81,V2,OZI,O,0.8078,0.52706,0.28075,135,151,1051.0,924.0,1,17,21
8483455,Isaac Howard,EDM,L,29,V2,OZI,O,0.63158,0.3511,0.28048,36,35,494.0,319.0,0,0,0
8482078,Lucas Raymond,DET,L,318,V2,OZI,O,0.78831,0.509,0.27931,622,623,7766.0,5446.0,1,8,15
8483445,Cutter Gauthier,ANA,L,158,V2,OZI,O,0.78828,0.51112,0.27715,290,356,4043.0,3461.0,1,64,87
8477955,Jared McCann,SEA,L,293,V2,OZI,O,0.77101,0.49631,0.27471,561,668,6175.0,5551.0,1,232,257
8482747,Brennan Othmann,CGY,L,44,V2,OZI,O,0.79464,0.52019,0.27445,54,61,560.0,421.0,1,0,6
8477456,J.T. Compher,DET,L,317,V2,OZI,O,0.75933,0.48822,0.27111,633,670,7795.0,5774.0,1,1720,1813
8479543,Michael Pezzetta,TOR,L,158,V2,OZI,O,0.70847,0.43851,0.26996,109,120,1180.0,1049.0,1,15,25
8479619,Michael Carcone,UTA,L,214,V2,OZI,O,0.76626,0.49705,0.26922,326,330,3812.0,3048.0,1,23,28
8479293,Brandon Tanev,UTA,L,282,V2,OZI,O,0.78241,0.5154,0.26702,397,446,4219.0,3475.0,1,19,58
8475235,Nicolas Deslauriers,CAR,L,202,V2,OZI,O,0.75011,0.48335,0.26675,179,206,2341.0,1682.0,1,10,14
8481725,Elmer Soderblom,PIT,L,106,V2,OZI,O,0.77827,0.51201,0.26626,124,173,1583.0,1582.0,1,7,18
8477444,Andre Burakovsky,CHI,L,252,V2,OZI,O,0.70702,0.44182,0.2652,465,544,5625.0,5414.0,1,6,15
8482476,Emil Heineman,NYI,L,148,V2,OZI,O,0.80602,0.54222,0.2638,247,215,3222.0,1717.0,1,4,16
8480748,Kiefer Sherwood,SJS,L,249,V2,OZI,O,0.75793,0.49449,0.26344,346,365,4255.0,3628.0,1,47,55
8478474,Lawson Crouse,UTA,L,319,V2,OZI,O,0.79372,0.5308,0.26292,530,563,6404.0,4497.0,1,78,138
8479359,Beck Malenstyn,BUF,L,247,V2,OZI,O,0.74817,0.48574,0.26243,123,146,1501.0,1367.0,1,33,33
8477941,Nick Ritchie,CGY,L,74,V2,OZI,O,0.82871,0.56705,0.26166,101,140,1010.0,947.0,1,2,7
8481711,Matias Maccelli,TOR,L,272,V2,OZI,O,0.74778,0.48667,0.26111,482,463,5753.0,3939.0,1,13,18
8481557,Matt Boldy,MIN,L,314,V2,OZI,O,0.76616,0.5051,0.26105,663,679,9485.0,7054.0,1,145,150
8482157,Will Cuylle,NYR,L,249,V2,OZI,O,0.77476,0.51839,0.25637,439,456,5372.0,3806.0,1,34,52
8478498,Jake DeBrusk,VAN,L,306,V2,OZI,O,0.77096,0.51461,0.25635,673,655,7361.0,5682.0,1,26,42
8478421,A.J. Greer,FLA,L,279,V2,OZI,O,0.78626,0.53003,0.25623,260,341,3130.0,2181.0,1,27,52
8483515,Juraj Slafkovský,MTL,L,282,V2,OZI,O,0.75192,0.4957,0.25622,600,595,9126.0,6742.0,1,30,45
8480113,Alex Iafallo,WPG,L,302,V2,OZI,O,0.74982,0.49633,0.25349,500,522,6823.0,4493.0,1,34,52
8477479,Tyler Bertuzzi,CHI,L,291,V2,OZI,O,0.72808,0.47471,0.25337,563,580,8760.0,6288.0,1,66,89
8482089,Jake Neighbours,STL,L,270,V2,OZI,O,0.7274,0.47419,0.25321,479,537,5818.0,3332.0,1,22,46
8476918,Jimmy Vesey,COL,L,204,V2,OZI,O,0.77744,0.5245,0.25294,245,268,2997.0,1918.0,1,14,36
8477330,Dominik Kubalik,OTT,L,155,V2,OZI,O,0.72357,0.47177,0.2518,217,260,2970.0,2090.0,1,24,32
8475784,Jeff Skinner,SJS,L,257,V2,OZI,O,0.72197,0.47179,0.25017,501,623,6287.0,6240.0,1,161,198
8477998,Warren Foegele,OTT,L,299,V2,OZI,O,0.77531,0.52589,0.24941,566,562,6342.0,4248.0,1,44,51
8471214,Alex Ovechkin,WSH,L,299,V2,OZI,O,0.70401,0.45736,0.24665,907,927,12524.0,8009.0,1,5,9
8482667,William Eklund,SJS,L,242,V2,OZI,O,0.74327,0.49746,0.24581,458,487,6762.0,4724.0,1,81,177
8480188,Fabian Zetterlund,OTT,L,316,V2,OZI,O,0.75129,0.50573,0.24556,594,620,7957.0,4977.0,1,48,68
8482720,Matthew Knies,TOR,L,240,V2,OZI,O,0.72026,0.47532,0.24494,560,466,6767.0,4397.0,1,0,6
8476887,Filip Forsberg,NSH,L,295,V2,OZI,O,0.73721,0.49227,0.24494,815,805,10438.0,6407.0,1,24,39
8481604,Pavel Dorofeyev,VGK,L,230,V2,OZI,O,0.76443,0.52099,0.24344,589,510,7450.0,4144.0,1,5,15
8477478,William Carrier,CAR,L,208,V2,OZI,O,0.80721,0.5642,0.24301,350,326,4300.0,2313.0,1,20,31
8480220,Noah Cates,PHI,L,301,V2,OZI,O,0.80189,0.5592,0.2427,425,615,4861.0,4333.0,1,1228,1528
8476292,Ondrej Palat,NYI,L,277,V2,OZI,O,0.72554,0.48343,0.24212,482,560,5356.0,3620.0,1,13,43
8474709,Matt Martin,NYI,L,170,V2,OZI,O,0.75388,0.51342,0.24046,162,156,2125.0,1192.0,1,23,34
8482077,Dylan Holloway,STL,L,224,V2,OZI,O,0.77366,0.53448,0.23918,415,394,5103.0,2784.0,1,113,144
8480797,Joel Farabee,CGY,L,326,V2,OZI,O,0.76853,0.53142,0.23711,623,752,8390.0,6588.0,1,64,104
8478233,Andrew Mangiapane,CHI,L,300,V2,OZI,O,0.76183,0.52576,0.23607,559,556,7205.0,4620.0,1,13,25
8481582,Nicholas Robertson,TOR,L,218,V2,OZI,O,0.70383,0.46801,0.23582,345,307,4234.0,2141.0,1,19,24
8479314,Matthew Tkachuk,FLA,L,242,V2,OZI,O,0.82908,0.59332,0.23576,597,638,7758.0,6253.0,1,12,18
8476438,Brandon Saad,VGK,L,274,V2,OZI,O,0.7216,0.48589,0.23571,523,508,7051.0,4040.0,1,29,47
8481093,Rafael Harvey-Pinard,PIT,L,81,V2,OZI,O,0.75881,0.52563,0.23318,96,116,908.0,995.0,1,8,25
8476921,Jordan Martinook,CAR,L,320,V2,OZI,O,0.85386,0.62101,0.23285,788,600,10784.0,4855.0,1,127,130
8470610,Zach Parise,COL,L,112,V2,OZI,O,0.67608,0.44361,0.23248,176,176,1982.0,1463.0,1,17,34
8475220,Marcus Foligno,MIN,L,253,V2,OZI,O,0.82518,0.59278,0.2324,337,416,4393.0,3794.0,1,26,30
8481716,Dmitri Voronkov,CBJ,L,211,V2,OZI,O,0.77287,0.54086,0.232,447,577,5521.0,4258.0,1,265,377
8477404,Jake Guentzel,TBL,L,306,V2,OZI,O,0.77699,0.54507,0.23192,958,842,13080.0,7322.0,1,254,283
8481641,Joel Kiviranta,COL,L,255,V2,OZI,O,0.80418,0.57497,0.22921,214,284,2630.0,1574.0,1,26,22
8474034,Patrick Maroon,CHI,L,199,V2,OZI,O,0.69476,0.46613,0.22862,226,257,3299.0,2244.0,1,47,66
8477476,Artturi Lehkonen,COL,L,247,V2,OZI,O,0.79915,0.57331,0.22584,671,723,8200.0,6152.0,1,9,25
8479400,Pierre-Luc Dubois,WSH,L,266,V2,OZI,O,0.74405,0.52098,0.22307,567,621,8150.0,5077.0,1,1434,1515
8478115,Pierre Engvall,NYI,L,212,V2,OZI,O,0.76361,0.54178,0.22182,304,356,3583.0,3219.0,1,52,75
8478028,Fredrik Olofsson,COL,L,85,V2,OZI,O,0.79963,0.57909,0.22054,54,72,544.0,373.0,1,129,182
8475722,Jason Zucker,BUF,L,282,V2,OZI,O,0.77202,0.55189,0.22013,553,550,6913.0,4760.0,1,46,72
8479407,Jesper Bratt,NJD,L,327,V2,OZI,O,0.77996,0.56061,0.21935,813,871,9330.0,6336.0,1,9,17
8479066,Ryan Lomberg,CGY,L,294,V2,OZI,O,0.80614,0.58728,0.21886,302,330,4039.0,2767.0,1,28,44
8478047,Michael Bunting,DAL,L,313,V2,OZI,O,0.76629,0.5492,0.21709,676,705,9118.0,6098.0,1,18,34
8478975,Mason Marchment,CBJ,L,279,V2,OZI,O,0.74777,0.53152,0.21624,672,587,9293.0,5123.0,1,31,41
8475314,Anders Lee,NYI,L,327,V2,OZI,O,0.76051,0.54479,0.21572,804,668,11036.0,5760.0,1,88,89
8478398,Kyle Connor,WPG,L,310,V2,OZI,O,0.72625,0.51333,0.21292,897,982,15160.0,9824.0,1,4,11
8478463,Anthony Beauvillier,WSH,L,305,V2,OZI,O,0.73665,0.52504,0.21161,555,574,8035.0,5051.0,1,75,75
8477947,Sonny Milano,WSH,L,147,V2,OZI,O,0.68969,0.4783,0.21139,214,247,2881.0,2120.0,1,8,4
8483597,Milos Kelemen,UTA,L,24,V2,OZI,O,0.70419,0.49306,0.21113,26,18,382.0,144.0,0,2,5
8477402,Pavel Buchnevich,STL,L,299,V2,OZI,O,0.74667,0.53555,0.21112,629,717,7883.0,5654.0,1,286,514
8484180,Samuel Honzek,CGY,L,23,V2,OZI,O,0.85994,0.65044,0.2095,41,35,357.0,226.0,0,6,5
8476871,Tanner Pearson,BUF,L,203,V2,OZI,O,0.71928,0.51018,0.20909,230,280,3149.0,1964.0,1,13,52
8475791,Taylor Hall,CAR,L,228,V2,OZI,O,0.77841,0.56941,0.209,465,484,6011.0,4452.0,1,53,67
8479981,Jonah Gadjovich,FLA,L,126,V2,OZI,O,0.73388,0.52497,0.20891,108,143,977.0,781.0,1,4,5
8480801,Brady Tkachuk,OTT,L,295,V2,OZI,O,0.79846,0.58969,0.20877,799,750,9080.0,5837.0,1,463,470
8483499,Liam Ohgren,VAN,L,96,V2,OZI,O,0.63782,0.4313,0.20652,131,142,1560.0,1310.0,1,9,13
8477839,Conor Sheary,NYR,L,206,V2,OZI,O,0.67645,0.4737,0.20275,358,353,5415.0,2719.0,1,27,30
8475287,Erik Haula,NSH,L,306,V2,OZI,O,0.73543,0.53722,0.19821,645,577,7858.0,3896.0,1,1582,1377
8481732,Andre Lee,LAK,L,26,V2,OZI,O,0.56838,0.37054,0.19784,21,32,234.0,224.0,0,0,0
8474679,Gustav Nyquist,WPG,L,262,V2,OZI,O,0.73551,0.53948,0.19602,630,564,8193.0,5129.0,1,36,60
8475193,Tomas Tatar,NJD,L,226,V2,OZI,O,0.69692,0.50148,0.19543,360,398,3339.0,3031.0,1,23,38
8482408,Jeff Malott,LAK,L,70,V2,OZI,O,0.80928,0.61419,0.1951,59,74,797.0,578.0,1,4,10
8482109,Alexis Lafrenière,NYR,L,327,V2,OZI,O,0.77363,0.57939,0.19424,787,712,11079.0,6569.0,1,59,143
8477944,Jakub Vrana,NSH,L,85,V2,OZI,O,0.64185,0.4485,0.19335,118,158,1424.0,1068.0,1,6,27
8477930,Pierre-Edouard Bellemare,SEA,L,113,V2,OZI,O,0.78681,0.59397,0.19284,116,99,1304.0,862.0,1,381,325
8482116,Tim Stützle,OTT,L,315,V2,OZI,O,0.78601,0.59452,0.1915,855,826,11725.0,7258.0,1,847,942
8478042,Viktor Arvidsson,BOS,L,231,V2,OZI,O,0.75591,0.56674,0.18917,432,425,5539.0,3536.0,1,42,70
8479542,Brandon Hagel,TBL,L,316,V2,OZI,O,0.77206,0.58347,0.18859,641,692,9928.0,7248.0,1,64,116
8484145,Zach Benson,BUF,L,211,V2,OZI,O,0.78322,0.59557,0.18765,324,405,4719.0,3699.0,1,13,24
8480448,Parker Kelly,COL,L,296,V2,OZI,O,0.77386,0.587,0.18687,261,333,3237.0,2184.0,1,322,442
8479533,Joona Koppanen,PIT,L,33,V2,OZI,O,0.80208,0.61538,0.1867,21,16,96.0,169.0,0,50,53
8475149,Marcus Johansson,MIN,L,305,V2,OZI,O,0.69833,0.51175,0.18658,540,601,7422.0,5235.0,1,31,54
8473419,Brad Marchand,FLA,L,278,V2,OZI,O,0.77697,0.59137,0.1856,683,661,7600.0,5423.0,1,27,55
8477940,Nikolaj Ehlers,CAR,L,278,V2,OZI,O,0.74877,0.56568,0.18308,675,700,8916.0,6044.0,1,12,34
8476346,Johnny Gaudreau,CBJ,L,161,V2,OZI,O,0.72817,0.54519,0.18298,361,409,4054.0,3828.0,1,0,0
8478413,Jordan Greenway,BUF,L,203,V2,OZI,O,0.76796,0.58892,0.17905,310,365,4857.0,3194.0,1,19,69
8477407,Anthony Duclair,NYI,L,199,V2,OZI,O,0.67789,0.50044,0.17745,409,411,5405.0,3439.0,1,21,32
8477426,Nick Paul,TBL,L,289,V2,OZI,O,0.67439,0.49826,0.17612,494,489,7036.0,4899.0,1,1297,1182
8476455,Gabriel Landeskog,COL,L,60,V2,OZI,O,0.771,0.5984,0.1726,161,125,1869.0,1128.0,1,85,65
8478864,Kirill Kaprizov,MIN,L,261,V2,OZI,O,0.74261,0.57129,0.17132,720,907,10082.0,9244.0,1,0,2
8475766,Austin Watson,DET,L,121,V2,OZI,O,0.68969,0.51844,0.17124,90,83,1144.0,488.0,1,6,10
8481077,John Leonard,DET,L,23,V2,OZI,O,0.8189,0.64912,0.16977,32,31,254.0,114.0,0,0,0
8476878,Zemgus Girgensons,TBL,L,299,V2,OZI,O,0.72565,0.55985,0.1658,369,470,4826.0,4244.0,1,266,314
8482451,Mikael Pyyhtia,CBJ,L,71,V2,OZI,O,0.64384,0.48571,0.15812,95,98,1460.0,525.0,1,3,4
8478550,Artemi Panarin,LAK,L,321,V2,OZI,O,0.7431,0.59099,0.15212,898,811,13523.0,8078.0,1,6,16
8473986,Alex Killorn,ANA,L,308,V2,OZI,O,0.72329,0.57423,0.14906,513,642,6823.0,6884.0,1,46,86
8478109,Victor Olofsson,CGY,L,260,V2,OZI,O,0.72523,0.57828,0.14695,456,463,5612.0,3564.0,1,4,19
8479383,Boris Katchouk,TBL,L,120,V2,OZI,O,0.73962,0.59909,0.14052,118,136,1252.0,1322.0,1,18,36
8475184,Chris Kreider,ANA,L,303,V2,OZI,O,0.74451,0.60498,0.13954,624,693,7429.0,5987.0,1,94,143
8482241,Radim Zohorna,PIT,L,43,V2,OZI,O,0.77913,0.64225,0.13688,36,29,575.0,355.0,0,23,23
8473422,Nick Foligno,MIN,L,266,V2,OZI,O,0.70695,0.57059,0.13636,329,342,3682.0,2727.0,1,543,546
8477962,Brendan Lemieux,CAR,L,77,V2,OZI,O,0.77452,0.63871,0.13581,92,90,1366.0,620.0,1,11,18
8475786,Zach Hyman,EDM,L,289,V2,OZI,O,0.77426,0.63846,0.1358,848,789,13046.0,8403.0,1,9,17
8480844,Grigori Denisenko,VGK,L,25,V2,OZI,O,0.91981,0.78992,0.1299,19,32,212.0,119.0,0,0,1
8483808,Andrei Kuzmenko,LAK,L,271,V2,OZI,O,0.72008,0.5905,0.12958,483,586,5773.0,4674.0,1,2,0
8479705,Jeffrey Viel,ANA,L,53,V2,OZI,O,0.75916,0.63662,0.12254,75,76,1092.0,710.0,1,2,3
8478046,Danton Heinen,CBJ,L,264,V2,OZI,O,0.75069,0.63446,0.11623,361,360,3979.0,2391.0,1,34,51
8482742,Zachary L'Heureux,NSH,L,86,V2,OZI,O,0.71136,0.60375,0.10761,108,99,1365.0,694.0,1,3,7
8478067,Oskar Lindblom,SJS,L,74,V2,OZI,O,0.69088,0.58355,0.10732,75,86,537.0,377.0,1,8,10
8481133,Cole Reinhardt,FLA,L,76,V2,OZI,O,0.80396,0.69781,0.10615,71,78,908.0,503.0,1,8,4
8478147,Bokondji Imama,PIT,L,29,V2,OZI,O,0.8617,0.75839,0.10331,23,21,376.0,149.0,0,0,0
8480762,Eric Robinson,CAR,L,268,V2,OZI,O,0.74532,0.64255,0.10277,406,456,6094.0,4644.0,1,10,42
8479339,Patrik Laine,MTL,L,130,V2,OZI,O,0.62411,0.52215,0.10195,236,320,2937.0,3679.0,1,54,92
8479423,Alex Nylander,TOR,L,42,V2,OZI,O,0.82237,0.73271,0.08966,90,86,1216.0,752.0,1,11,8
8478211,Dryden Hunt,CGY,L,73,V2,OZI,O,0.77513,0.70445,0.07068,82,88,756.0,494.0,1,5,5
8478431,Evgeny Svechnikov,SJS,L,59,V2,OZI,O,0.76102,0.70657,0.05444,81,72,1180.0,426.0,1,5,4
8477353,Tyler Motte,DET,L,186,V2,OZI,O,0.64288,0.63992,0.00297,194,170,2775.0,1433.0,1,139,169
8477482,Zachary Sanford,CHI,L,45,V2,OZI,O,0.63521,0.65148,-0.01626,57,69,869.0,812.0,1,43,88
8483395,Arshdeep Bains,VAN,L,49,V2,OZI,O,0.70781,0.74441,-0.0366,48,67,640.0,626.0,0,4,14
8481518,Nolan Foote,FLA,L,29,V2,OZI,O,0.55357,0.78098,-0.22741,34,45,392.0,347.0,0,1,5
8475780,Chris Wagner,COL,R,42,V2,OZI,O,1.0,0.02667,0.97333,16,27,302.0,75.0,0,59,65
8475163,Alex Chiasson,DET,R,20,V2,OZI,O,0.984,0.28261,0.70139,23,24,125.0,92.0,0,0,6
8476326,Josh Archibald,PIT,R,62,V2,OZI,O,0.86207,0.24365,0.61841,38,35,348.0,197.0,0,0,1
8484177,Lenni Hameenaho,NJD,R,33,V2,OZI,O,0.88433,0.30464,0.57969,59,44,804.0,302.0,0,0,5
8477149,Scott Sabourin,TBL,R,30,V2,OZI,O,0.98113,0.40385,0.57729,15,31,212.0,156.0,0,0,4
8480007,Jonas Rondbjerg,VGK,R,50,V2,OZI,O,0.81356,0.26761,0.54595,48,43,531.0,213.0,0,2,6
8482877,Jaroslav Chmelar,NYR,R,28,V2,OZI,O,0.86447,0.40777,0.4567,26,26,273.0,206.0,0,0,4
8484210,Gabe Perreault,NYR,R,54,V2,OZI,O,0.83309,0.38055,0.45254,120,100,1378.0,946.0,1,5,6
8479328,Julien Gauthier,NYI,R,85,V2,OZI,O,0.77086,0.33333,0.43753,81,91,755.0,495.0,1,6,10
8482749,Joshua Roy,MTL,R,38,V2,OZI,O,0.77741,0.34761,0.4298,54,58,611.0,607.0,1,2,4
8478099,Kevin Labanc,CBJ,R,152,V2,OZI,O,0.80409,0.37851,0.42559,248,236,2981.0,1675.0,1,11,17
8477473,Justin Bailey,SJS,R,59,V2,OZI,O,0.8694,0.4492,0.4202,94,89,1049.0,748.0,1,6,10
8480825,Patrick Giles,SJS,R,20,V2,OZI,O,0.73047,0.31073,0.41973,16,27,256.0,177.0,0,40,67
8479367,William Lockwood,FLA,R,39,V2,OZI,O,0.7133,0.30159,0.41171,51,45,579.0,252.0,0,4,4
8480821,Filip Zadina,SJS,R,102,V2,OZI,O,0.74839,0.34911,0.39928,139,156,2019.0,1352.0,1,13,47
8474573,Josh Bailey,NYI,R,64,V2,OZI,O,0.83806,0.45124,0.38681,122,120,1235.0,964.0,1,34,48
8474149,Evgenii Dadonov,NJD,R,228,V2,OZI,O,0.78671,0.40363,0.38308,424,403,5162.0,3414.0,1,1,10
8483756,Jared Wright,LAK,R,22,V2,OZI,O,0.98225,0.60577,0.37648,19,19,338.0,208.0,0,0,1
8485493,David Tomasek,EDM,R,22,V2,OZI,O,0.83942,0.46341,0.376,20,27,137.0,246.0,0,28,34
8480822,Martin Kaut,SJS,R,36,V2,OZI,O,0.83664,0.46286,0.37379,44,45,453.0,175.0,0,2,3
8479315,Joey Anderson,CHI,R,111,V2,OZI,O,0.82745,0.45795,0.3695,125,150,1756.0,1201.0,1,0,2
8483733,Nikita Grebenkin,PHI,R,62,V2,OZI,O,0.78386,0.41714,0.36672,62,76,694.0,525.0,1,5,2
8484911,Collin Graf,SJS,R,120,V2,OZI,O,0.78705,0.42693,0.36012,185,207,2733.0,1567.0,1,7,19
8484241,Matthew Wood,NSH,R,76,V2,OZI,O,0.79387,0.43871,0.35516,124,140,2023.0,1085.0,1,74,117
8482125,Alexander Holtz,VGK,R,183,V2,OZI,O,0.73533,0.38715,0.34818,275,284,3665.0,1728.0,1,14,36
8477903,Garnet Hathaway,PHI,R,299,V2,OZI,O,0.80453,0.45913,0.3454,276,277,3530.0,2080.0,1,43,36
8477446,Michael McCarron,MIN,R,255,V2,OZI,O,0.77157,0.42706,0.34451,200,223,2272.0,1700.0,1,1196,1009
8478495,Denis Gurianov,PHI,R,84,V2,OZI,O,0.74708,0.40709,0.33999,115,138,1285.0,1157.0,1,0,0
8482118,Sam Colangelo,ANA,R,44,V2,OZI,O,0.76463,0.43348,0.33115,52,82,769.0,669.0,1,5,11
8477979,Nicolas Aube-Kubel,MIN,R,141,V2,OZI,O,0.73508,0.4067,0.32838,101,113,1491.0,1045.0,1,16,26
8481013,Jonatan Berggren,STL,R,204,V2,OZI,O,0.78547,0.46039,0.32507,305,339,4046.0,3156.0,1,8,17
8476469,Joel Armia,LAK,R,256,V2,OZI,O,0.76845,0.45154,0.31692,310,350,4660.0,3023.0,1,40,67
8481042,Nikolai Kovalenko,SJS,R,58,V2,OZI,O,0.80907,0.49265,0.31642,70,100,1147.0,544.0,1,0,4
8480995,Pontus Holmberg,TBL,R,229,V2,OZI,O,0.7313,0.41962,0.31168,281,324,3729.0,2569.0,1,305,366
8483516,Jimmy Snuggerud,STL,R,76,V2,OZI,O,0.74954,0.44727,0.30226,168,154,2160.0,825.0,1,2,8
8471218,Blake Wheeler,NYR,R,126,V2,OZI,O,0.70477,0.4084,0.29637,284,281,3438.0,2287.0,1,75,60
8482679,Matt Coronato,CGY,R,191,V2,OZI,O,0.78108,0.48545,0.29563,418,451,5212.0,3609.0,1,104,165
8483609,Adam Klapka,CGY,R,115,V2,OZI,O,0.76721,0.47239,0.29483,119,135,1220.0,1340.0,1,18,34
8483487,Rutger McGroarty,PIT,R,32,V2,OZI,O,0.75089,0.45742,0.29346,64,55,847.0,411.0,1,8,10
8479941,Justin Danforth,BUF,R,142,V2,OZI,O,0.78717,0.49499,0.29218,206,229,2650.0,1996.0,1,421,407
8471698,T.J. Oshie,WSH,R,110,V2,OZI,O,0.69944,0.4085,0.29093,226,280,3011.0,2093.0,1,23,32
8484860,Matvei Gridin,CGY,R,36,V2,OZI,O,0.74058,0.45121,0.28937,101,91,1141.0,871.0,1,3,14
8478420,Mikko Rantanen,DAL,R,308,V2,OZI,O,0.78663,0.49901,0.28762,1115,1101,14327.0,9046.0,1,446,411
8479390,Taylor Raddysh,NYR,R,299,V2,OZI,O,0.74685,0.46367,0.28318,464,414,5882.0,3386.0,1,24,51
8478472,Mathieu Joseph,LAK,R,238,V2,OZI,O,0.82401,0.54246,0.28154,273,333,3557.0,2037.0,1,55,86
8479977,Kailer Yamamoto,UTA,R,187,V2,OZI,O,0.78168,0.50067,0.28101,253,311,3220.0,2237.0,1,52,97
8473512,Claude Giroux,OTT,R,327,V2,OZI,O,0.81742,0.5374,0.28003,844,714,10171.0,4693.0,1,1371,967
8481540,Cole Caufield,MTL,R,291,V2,OZI,O,0.7299,0.45088,0.27902,687,681,10733.0,7197.0,1,17,27
8479414,Nathan Bastian,DAL,R,192,V2,OZI,O,0.78859,0.51139,0.2772,190,192,1788.0,1185.0,1,28,49
8478432,Christian Fischer,CBJ,R,205,V2,OZI,O,0.79341,0.51682,0.27659,246,323,2396.0,2289.0,1,93,153
8471887,Patric Hornqvist,FLA,R,22,V2,OZI,O,0.83168,0.55556,0.27613,14,24,101.0,135.0,0,0,5
8473504,Cal Clutterbuck,NYI,R,131,V2,OZI,O,0.79,0.51469,0.27531,122,127,1300.0,919.0,1,11,22
8481517,Brett Leason,WSH,R,190,V2,OZI,O,0.73644,0.46183,0.27461,185,238,2470.0,1847.0,1,40,72
8482713,Mackie Samoskevich,FLA,R,156,V2,OZI,O,0.77428,0.50059,0.27369,274,310,3491.0,2541.0,1,5,9
8479520,Brandon Duhaime,WSH,R,295,V2,OZI,O,0.78307,0.51089,0.27218,236,244,2540.0,1699.0,1,32,59
8475855,Jesper Fast,CAR,R,153,V2,OZI,O,0.91128,0.63981,0.27148,368,281,5388.0,2060.0,1,16,19
8476981,Josh Anderson,MTL,R,300,V2,OZI,O,0.73201,0.4633,0.26871,445,402,6351.0,3965.0,1,73,55
8480789,Oliver Wahlstrom,BOS,R,110,V2,OZI,O,0.76841,0.5,0.26841,155,196,1602.0,1480.0,1,16,19
8477953,Kasperi Kapanen,EDM,R,246,V2,OZI,O,0.73642,0.46802,0.26839,352,380,4325.0,3440.0,1,71,108
8482659,Josh Doan,BUF,R,144,V2,OZI,O,0.79324,0.52486,0.26838,286,274,3903.0,2313.0,1,34,57
8483497,Jani Nyman,SEA,R,39,V2,OZI,O,0.70888,0.44053,0.26835,51,73,687.0,908.0,1,3,4
8480009,Eeli Tolvanen,SEA,R,300,V2,OZI,O,0.77725,0.51359,0.26366,524,534,7165.0,4747.0,1,19,38
8482652,Walker Duehr,WPG,R,94,V2,OZI,O,0.669,0.40635,0.26265,100,110,858.0,630.0,1,2,16
8476880,Tom Wilson,WSH,R,260,V2,OZI,O,0.7731,0.51094,0.26216,570,581,8625.0,5345.0,1,18,35
8480292,Carson Meyer,CBJ,R,28,V2,OZI,O,0.66825,0.40654,0.2617,18,39,211.0,214.0,0,0,0
8481553,Bobby Brink,MIN,R,204,V2,OZI,O,0.78831,0.52951,0.2588,274,370,2976.0,3050.0,1,35,66
8477357,Saku Maenalanen,WPG,R,64,V2,OZI,O,0.71585,0.46154,0.25431,37,57,549.0,351.0,0,1,2
8477939,William Nylander,TOR,R,311,V2,OZI,O,0.73695,0.4832,0.25375,963,744,11952.0,5921.0,1,151,177
8479644,Matt Luff,STL,R,24,V2,OZI,O,0.71237,0.46008,0.25229,25,29,372.0,263.0,0,0,2
8471817,Ryan Reaves,SJS,R,207,V2,OZI,O,0.73767,0.48622,0.25146,163,141,2028.0,1197.0,1,5,14
8483525,Danila Yurov,MIN,R,73,V2,OZI,O,0.70875,0.4588,0.24995,111,156,1291.0,1602.0,1,282,420
8483890,Braeden Bowman,VGK,R,54,V2,OZI,O,0.7448,0.49609,0.24871,111,123,1442.0,768.0,1,3,9
8483406,Taylor Ward,LAK,R,36,V2,OZI,O,0.82439,0.57738,0.24701,14,27,205.0,168.0,0,5,6
8477392,Hudson Fasching,NYI,R,137,V2,OZI,O,0.67301,0.42632,0.2467,168,152,2049.0,1140.0,1,5,17
8477015,Connor Brown,NJD,R,232,V2,OZI,O,0.71345,0.46682,0.24663,326,338,4631.0,3466.0,1,26,48
8481601,Simon Holmstrom,NYI,R,279,V2,OZI,O,0.79083,0.54438,0.24646,497,467,5890.0,4045.0,1,7,23
8480245,Olle Lycksell,OTT,R,52,V2,OZI,O,0.73834,0.49242,0.24591,61,70,879.0,660.0,1,4,5
8479337,Alex DeBrincat,DET,R,328,V2,OZI,O,0.76326,0.52259,0.24067,747,717,9500.0,5997.0,1,51,65
8484387,Matvei Michkov,PHI,R,161,V2,OZI,O,0.74034,0.49969,0.24065,342,382,3728.0,3212.0,1,11,18
8475810,Bryan Rust,PIT,R,286,V2,OZI,O,0.75497,0.51611,0.23886,944,765,11921.0,6084.0,1,11,15
8478444,Brock Boeser,VAN,R,304,V2,OZI,O,0.79108,0.55224,0.23885,688,663,9310.0,5628.0,1,85,142
8479343,Clayton Keller,UTA,R,322,V2,OZI,O,0.78241,0.54455,0.23787,798,904,8939.0,6611.0,1,57,82
8480281,Alexey Toropchenko,STL,R,295,V2,OZI,O,0.68605,0.45158,0.23447,268,295,2975.0,2055.0,1,7,10
8482146,Luke Evangelista,NSH,R,252,V2,OZI,O,0.80368,0.57,0.23367,470,530,7401.0,5114.0,1,1,7
8477416,Oliver Bjorkstrand,TBL,R,322,V2,OZI,O,0.77118,0.53758,0.2336,532,598,7307.0,5335.0,1,32,67
8478434,Keegan Kolesar,VGK,R,318,V2,OZI,O,0.77221,0.53876,0.23345,355,359,4254.0,2322.0,1,30,52
8484938,Arttu Hyry,DAL,R,25,V2,OZI,O,0.8191,0.58594,0.23316,31,26,398.0,256.0,0,104,63
8484762,Beckett Sennecke,ANA,R,81,V2,OZI,O,0.78666,0.55379,0.23287,156,216,1889.0,2333.0,1,0,0
8478856,Conor Garland,CBJ,R,315,V2,OZI,O,0.78061,0.5483,0.2323,581,561,7899.0,4658.0,1,17,34
8481617,Vasily Podkolzin,EDM,R,221,V2,OZI,O,0.7879,0.55618,0.23172,423,440,4875.0,4103.0,1,38,90
8479344,Jesse Puljujarvi,FLA,R,128,V2,OZI,O,0.82311,0.5915,0.23161,194,219,2380.0,1623.0,1,1,8
8479671,Mathieu Olivier,CBJ,R,263,V2,OZI,O,0.74456,0.51358,0.23098,336,368,4408.0,3277.0,1,17,47
8478439,Travis Konecny,PHI,R,295,V2,OZI,O,0.74997,0.51949,0.23048,720,769,9419.0,6464.0,1,95,131
8480208,Drake Batherson,OTT,R,325,V2,OZI,O,0.75638,0.52658,0.2298,742,799,9437.0,6715.0,1,60,83
8476439,Brett Ritchie,UTA,R,50,V2,OZI,O,0.82636,0.5969,0.22946,76,66,789.0,387.0,1,2,2
8485702,Max Shabanov,NYI,R,44,V2,OZI,O,0.71304,0.48438,0.22867,70,65,805.0,576.0,1,0,2
8476453,Nikita Kucherov,TBL,R,317,V2,OZI,O,0.7729,0.54468,0.22822,867,968,12422.0,10608.0,1,0,0
8482155,Alex Laferriere,LAK,R,239,V2,OZI,O,0.76583,0.53858,0.22726,439,515,5731.0,4031.0,1,191,264
8482475,Egor Chinakhov,PIT,R,185,V2,OZI,O,0.73127,0.50407,0.2272,323,419,4298.0,3565.0,1,4,18
8480015,Owen Tippett,PHI,R,313,V2,OZI,O,0.78364,0.55699,0.22664,698,724,8532.0,5255.0,1,48,54
8475765,Vladimir Tarasenko,MIN,R,300,V2,OZI,O,0.72707,0.50059,0.22649,555,720,5932.0,5967.0,1,9,12
8481186,Logan O'Connor,COL,R,231,V2,OZI,O,0.77595,0.55531,0.22064,227,259,2736.0,1817.0,1,16,31
8475726,Tyler Toffoli,SJS,R,319,V2,OZI,O,0.7578,0.53763,0.22017,724,723,7696.0,4691.0,1,47,63
8482097,Jack Quinn,BUF,R,258,V2,OZI,O,0.75618,0.53634,0.21985,461,527,5217.0,3908.0,1,14,32
8477949,Alex Tuch,BUF,R,310,V2,OZI,O,0.77544,0.55741,0.21802,683,857,9013.0,7185.0,1,120,157
8484984,Ivan Demidov,MTL,R,84,V2,OZI,O,0.76278,0.54736,0.21543,137,159,1897.0,1721.0,1,0,1
8477501,Valeri Nichushkin,COL,R,221,V2,OZI,O,0.80616,0.59217,0.21399,550,563,6686.0,4443.0,1,4,5
8470621,Corey Perry,TBL,R,288,V2,OZI,O,0.74734,0.53361,0.21373,448,454,5549.0,3883.0,1,19,30
8475913,Mark Stone,VGK,R,226,V2,OZI,O,0.75055,0.53802,0.21253,611,615,7793.0,5221.0,1,8,21
8480893,Kirill Marchenko,CBJ,R,292,V2,OZI,O,0.74239,0.53037,0.21202,692,808,10151.0,7293.0,1,45,76
8479420,Tage Thompson,BUF,R,306,V2,OZI,O,0.76281,0.55193,0.21088,667,945,9018.0,8724.0,1,1164,1492
8474586,Jordan Eberle,SEA,R,281,V2,OZI,O,0.72363,0.51282,0.21081,558,682,6958.0,6593.0,1,64,97
8479336,Carl Grundstrom,PHI,R,211,V2,OZI,O,0.73992,0.52959,0.21033,255,305,3149.0,2315.0,1,14,31
8475799,Nino Niederreiter,WPG,R,297,V2,OZI,O,0.74764,0.53932,0.20832,453,464,6578.0,3853.0,1,32,39
8481058,Jesse Ylonen,MTL,R,96,V2,OZI,O,0.68915,0.48326,0.20589,95,107,1023.0,956.0,1,8,5
8484958,Maxim Tsyplakov,NJD,R,126,V2,OZI,O,0.7622,0.55706,0.20514,197,225,2540.0,1621.0,1,16,19
8478414,Timo Meier,NJD,R,304,V2,OZI,O,0.76084,0.5588,0.20205,757,688,10052.0,6616.0,1,86,135
8482159,Tyson Foerster,PHI,R,195,V2,OZI,O,0.80526,0.60395,0.20131,304,379,3497.0,3237.0,1,0,2
8478366,Frank Vatrano,ANA,R,294,V2,OZI,O,0.7066,0.50543,0.20118,514,661,6677.0,5803.0,1,30,40
8480833,Vitali Kravtsov,VAN,R,44,V2,OZI,O,0.71743,0.51901,0.19843,55,85,545.0,684.0,1,0,3
8481554,Kaapo Kakko,SEA,R,286,V2,OZI,O,0.75903,0.5607,0.19833,525,587,6947.0,6219.0,1,59,70
8482765,Isak Rosen,WPG,R,51,V2,OZI,O,0.68938,0.49177,0.19761,69,69,763.0,547.0,1,2,7
8476474,Stefan Noesen,NJD,R,275,V2,OZI,O,0.83418,0.63884,0.19534,533,493,6495.0,4264.0,1,105,121
8473449,Kyle Okposo,FLA,R,142,V2,OZI,O,0.7683,0.57465,0.19364,197,264,3047.0,2525.0,1,239,248
8476483,Rickard Rakell,PIT,R,293,V2,OZI,O,0.78897,0.59706,0.19192,925,786,11264.0,7063.0,1,88,155
8482758,Ville Koivunen,PIT,R,47,V2,OZI,O,0.73324,0.54209,0.19116,92,94,1507.0,1188.0,1,2,0
8484186,Ryan Leonard,WSH,R,84,V2,OZI,O,0.67727,0.48628,0.19099,113,120,1320.0,1166.0,1,5,4
8480025,MacKenzie Entwistle,CHI,R,133,V2,OZI,O,0.63828,0.44885,0.18943,126,140,1327.0,1437.0,1,245,303
8482699,Dylan Guenther,UTA,R,227,V2,OZI,O,0.79373,0.60689,0.18684,380,489,5134.0,4238.0,1,38,65
8482809,Jackson Blake,CAR,R,162,V2,OZI,O,0.79215,0.60751,0.18464,336,380,4359.0,3674.0,1,15,24
8479322,Wade Allison,PHI,R,60,V2,OZI,O,0.69732,0.51359,0.18373,80,118,1044.0,1067.0,1,1,5
8475848,Brendan Gallagher,MTL,R,273,V2,OZI,O,0.74024,0.55769,0.18254,391,382,5659.0,3380.0,1,18,30
8478873,Troy Terry,ANA,R,283,V2,OZI,O,0.72162,0.54023,0.18139,528,763,6721.0,7519.0,1,22,35
8475164,Jakob Silfverberg,ANA,R,162,V2,OZI,O,0.78774,0.60979,0.17795,185,198,2431.0,1512.0,1,24,46
8481703,Valtteri Puustinen,PIT,R,65,V2,OZI,O,0.77387,0.59675,0.17712,63,78,597.0,677.0,1,1,3
8475692,Mats Zuccarello,MIN,R,275,V2,OZI,O,0.72953,0.5529,0.17663,643,822,9905.0,8412.0,1,87,127
8480830,Andrei Svechnikov,CAR,R,274,V2,OZI,O,0.82034,0.64449,0.17585,733,692,9991.0,7426.0,1,12,16
8481721,Arseny Gritsyuk,NJD,R,66,V2,OZI,O,0.82402,0.65153,0.1725,121,126,1665.0,1277.0,1,3,8
8482175,JJ Peterka,UTA,R,317,V2,OZI,O,0.74215,0.56997,0.17217,612,710,7927.0,6381.0,1,16,37
8478483,Mitch Marner,VGK,R,311,V2,OZI,O,0.74711,0.57741,0.16969,824,752,10190.0,6207.0,1,156,230
8477451,Ryan Hartman,MIN,R,278,V2,OZI,O,0.75094,0.58477,0.16617,504,659,7195.0,6252.0,1,1170,1395
8475191,Reilly Smith,VGK,R,302,V2,OZI,O,0.76093,0.59489,0.16604,600,582,7065.0,5327.0,1,26,54
8474715,Cam Atkinson,TBL,R,109,V2,OZI,O,0.80355,0.63835,0.1652,178,198,2367.0,1695.0,1,8,11
8484158,Easton Cowan,TOR,R,66,V2,OZI,O,0.62708,0.46702,0.16006,112,108,1440.0,1122.0,1,0,2
8475178,Zack Kassian,UTA,R,51,V2,OZI,O,0.59953,0.44022,0.15931,36,46,422.0,368.0,0,3,5
8482070,Mitchell Chaffee,TBL,R,107,V2,OZI,O,0.71907,0.56027,0.1588,139,154,1374.0,1037.0,1,9,16
8474141,Patrick Kane,DET,R,262,V2,OZI,O,0.68378,0.52652,0.15727,611,595,7419.0,5185.0,1,5,8
8480205,Emil Bemstrom,PIT,R,125,V2,OZI,O,0.69888,0.54238,0.1565,178,204,1966.0,1864.0,1,14,20
8475968,Alex Belzile,MTL,R,31,V2,OZI,O,0.72247,0.56831,0.15416,25,39,227.0,366.0,0,91,99
8479638,Justin Brazeau,PIT,R,159,V2,OZI,O,0.7062,0.55257,0.15363,185,237,2580.0,2045.0,1,5,18
8482088,Justin Sourdif,WSH,R,82,V2,OZI,O,0.74455,0.59102,0.15353,103,121,1421.0,1225.0,1,288,346
8477956,David Pastrnak,BOS,R,323,V2,OZI,O,0.73457,0.58578,0.14879,960,978,11841.0,9128.0,1,18,29
8477511,Anthony Mantha,PIT,R,235,V2,OZI,O,0.68937,0.54143,0.14794,345,385,5389.0,3295.0,1,23,41
8481624,Ilya Mikheyev,CHI,R,281,V2,OZI,O,0.6565,0.54535,0.11114,386,464,4917.0,3638.0,1,10,27
8482874,Jacob Melanson,SEA,R,37,V2,OZI,O,0.69531,0.59239,0.10292,14,26,128.0,184.0,0,1,0
8478466,Daniel Sprong,NJD,R,172,V2,OZI,O,0.68012,0.58889,0.09123,195,232,2626.0,2430.0,1,8,11
8479379,Givani Smith,COL,R,85,V2,OZI,O,0.65835,0.57435,0.084,77,75,1162.0,538.0,1,2,3
8481560,Arthur Kaliyev,OTT,R,123,V2,OZI,O,0.78283,0.71625,0.06658,219,179,2772.0,1526.0,1,0,1
8483476,Jonathan Lekkerimäki,VAN,R,37,V2,OZI,O,0.45697,0.39971,0.05727,46,66,337.0,678.0,0,0,1
8481655,Cole Schwindt,FLA,R,76,V2,OZI,O,0.65928,0.60403,0.05525,75,77,722.0,447.0,1,191,211
8480441,Trey Fix-Wolansky,CBJ,R,20,V2,OZI,O,0.69883,0.72093,-0.0221,25,46,342.0,258.0,0,0,0
8479942,Dominik Shine,DET,R,27,V2,OZI,O,0.56701,0.72954,-0.16253,17,19,97.0,281.0,0,5,6
8477401,John Hayden,SEA,C,32,V3,OZI,O,0.65125,0.28571,0.36553,22,32,281.0,406.0,0,36,37
8475958,Michael Sgarbossa,WSH,C,28,V3,OZI,O,0.52217,0.17778,0.34439,20,26,406.0,225.0,0,63,77
8483676,Stephen Halliday,OTT,C,30,V3,OZI,O,0.57807,0.26613,0.31194,33,28,602.0,124.0,0,23,38
8485402,Michael Misa,SJS,C,44,V3,OZI,O,0.64346,0.34332,0.30014,65,66,948.0,868.0,1,155,176
8479366,Logan Brown,STL,C,30,V3,OZI,O,0.73196,0.44034,0.29162,26,41,582.0,352.0,0,55,99
8480021,Jack Studnicka,FLA,C,89,V3,OZI,O,0.6425,0.35132,0.29118,70,106,1186.0,760.0,1,146,192
8483930,Ivan Ivan,COL,C,49,V3,OZI,O,0.45547,0.18719,0.26828,23,34,393.0,203.0,0,62,92
8484160,Nate Danielson,DET,C,28,V3,OZI,O,0.5477,0.28522,0.26248,35,31,566.0,291.0,0,53,86
8482703,Colton Dach,EDM,C,85,V3,OZI,O,0.56375,0.3154,0.24836,110,101,1843.0,1078.0,1,28,45
8474053,Logan Couture,SJS,C,88,V3,OZI,O,0.57651,0.33434,0.24217,191,162,2810.0,1322.0,1,552,564
8478078,Rourke Chartier,OTT,C,43,V3,OZI,O,0.76835,0.53583,0.23252,31,54,436.0,321.0,0,138,113
8475413,Justin Dowling,NYR,C,56,V3,OZI,O,0.63449,0.41961,0.21488,58,58,777.0,510.0,1,157,171
8483432,Luca Del Bel Belluz,CBJ,C,30,V3,OZI,O,0.67929,0.46485,0.21444,38,45,845.0,441.0,0,89,124
8482090,Jack Finley,STL,C,44,V3,OZI,O,0.62219,0.40929,0.21289,42,44,622.0,452.0,0,166,166
8480806,Isac Lundeström,CBJ,C,254,V3,OZI,O,0.61314,0.40084,0.2123,247,282,5007.0,2844.0,1,801,831
8481491,Noah Philp,CAR,C,32,V3,OZI,O,0.54282,0.33333,0.20949,36,37,759.0,168.0,0,102,102
8484800,Berkly Catton,SEA,C,65,V3,OZI,O,0.66602,0.46704,0.19898,119,168,2048.0,1790.0,1,60,79
8480876,Curtis Douglas,VAN,C,42,V3,OZI,O,0.73383,0.54143,0.19241,36,44,665.0,519.0,0,6,7
8480008,Adam Ruzicka,UTA,C,86,V3,OZI,O,0.6491,0.45841,0.19068,112,118,1385.0,1034.0,1,158,178
8470595,Eric Staal,FLA,C,72,V3,OZI,O,0.66464,0.48377,0.18087,114,126,2138.0,1294.0,1,278,284
8483573,Ethen Frank,WSH,C,86,V3,OZI,O,0.55094,0.37282,0.17812,77,101,1276.0,1148.0,1,1,6
8474683,Derek Grant,ANA,C,46,V3,OZI,O,0.49941,0.32258,0.17683,46,43,851.0,279.0,0,172,131
8482751,Ryan Winterton,SEA,C,88,V3,OZI,O,0.67206,0.49876,0.17329,83,110,1546.0,1213.0,1,1,6
8479550,Tanner Laczynski,VGK,C,51,V3,OZI,O,0.63509,0.46194,0.17315,43,58,570.0,381.0,0,97,104
8478904,Steven Lorentz,TOR,C,269,V3,OZI,O,0.65135,0.47847,0.17288,198,218,2808.0,1649.0,1,349,378
8478424,Jansen Harkins,ANA,C,173,V3,OZI,O,0.60338,0.44281,0.16057,106,138,2249.0,1495.0,1,167,168
8479415,Michael McLeod,NJD,C,125,V3,OZI,O,0.58665,0.42731,0.15934,191,173,3520.0,1472.0,1,796,471
8478477,Mitchell Stephens,SEA,C,51,V3,OZI,O,0.60284,0.44482,0.15802,51,39,846.0,299.0,0,145,111
8482460,Matt Rempe,NYR,C,85,V3,OZI,O,0.61787,0.46327,0.1546,52,63,806.0,844.0,1,8,18
8481237,Kyle MacLean,NYI,C,172,V3,OZI,O,0.59231,0.43872,0.15359,200,244,3613.0,2211.0,1,403,450
8481580,Connor McMichael,WSH,C,246,V3,OZI,O,0.55932,0.40816,0.15117,429,521,8521.0,5444.0,1,523,697
8481422,Jake Lucchini,NSH,C,54,V3,OZI,O,0.58996,0.43958,0.15037,28,31,478.0,480.0,0,44,56
8480855,Jack McBain,UTA,C,306,V3,OZI,O,0.5783,0.42999,0.14831,454,489,6737.0,4749.0,1,1076,1134
8483424,Owen Beck,MTL,C,28,V3,OZI,O,0.54922,0.40157,0.14764,42,41,894.0,508.0,0,66,51
8479944,Zachary Aston-Reese,CBJ,C,186,V3,OZI,O,0.61524,0.46919,0.14605,201,186,3675.0,1639.0,1,13,28
8480829,Jesperi Kotkaniemi,CAR,C,281,V3,OZI,O,0.58918,0.44351,0.14567,603,615,11051.0,8178.0,1,1098,1027
8482634,Alex Steeves,BOS,C,54,V3,OZI,O,0.59541,0.44981,0.1456,65,68,1221.0,807.0,1,2,4
8479992,Michael Rasmussen,DET,C,272,V3,OZI,O,0.56673,0.42174,0.14499,472,422,7628.0,4619.0,1,412,449
8473604,Jonathan Toews,WPG,C,134,V3,OZI,O,0.54353,0.39855,0.14498,323,218,4629.0,2351.0,1,888,544
8484136,Max Sasson,VAN,C,95,V3,OZI,O,0.65358,0.51204,0.14154,100,116,1706.0,1246.0,1,158,216
8479393,Noah Gregor,FLA,C,209,V3,OZI,O,0.61429,0.47302,0.14126,223,252,3850.0,2150.0,1,41,49
8483524,Shane Wright,SEA,C,168,V3,OZI,O,0.63296,0.49492,0.13804,269,393,4975.0,3938.0,1,560,762
8475231,Casey Cizikas,NYI,C,314,V3,OZI,O,0.5657,0.43286,0.13284,433,328,7451.0,2867.0,1,1340,1072
8479525,Ross Colton,COL,C,294,V3,OZI,O,0.55336,0.42339,0.12997,477,462,8499.0,4549.0,1,549,511
8483752,Dominic James,TBL,C,43,V3,OZI,O,0.49811,0.37033,0.12778,62,63,1058.0,883.0,1,127,135
8482133,Thomas Bordeleau,SJS,C,36,V3,OZI,O,0.57735,0.45048,0.12687,69,34,1254.0,313.0,0,40,35
8476925,Colton Sissons,VGK,C,301,V3,OZI,O,0.60912,0.48606,0.12306,379,328,5989.0,3300.0,1,1342,1052
8484829,Justin Hryckowian,DAL,C,86,V3,OZI,O,0.49783,0.3748,0.12303,103,79,1613.0,635.0,1,167,121
8480023,Robert Thomas,STL,C,288,V3,OZI,O,0.58367,0.46158,0.12209,744,721,12370.0,6781.0,1,1950,1741
8476994,Vinnie Hinostroza,FLA,C,143,V3,OZI,O,0.60634,0.48467,0.12167,173,179,3376.0,2055.0,1,31,43
8483493,Frank Nazar,CHI,C,122,V3,OZI,O,0.56091,0.43934,0.12158,182,248,3505.0,2959.0,1,432,500
8478512,Austin Czarnik,DET,C,63,V3,OZI,O,0.5365,0.41561,0.12089,65,84,1137.0,871.0,1,163,190
8478057,Dakota Joshua,TOR,C,254,V3,OZI,O,0.57084,0.4506,0.12024,358,324,5548.0,2854.0,1,76,77
8478449,Roope Hintz,DAL,C,282,V3,OZI,O,0.58979,0.46987,0.11992,687,577,12635.0,5393.0,1,1175,949
8478010,Brayden Point,TBL,C,303,V3,OZI,O,0.57646,0.45674,0.11973,785,913,14393.0,11580.0,1,1157,1291
8477450,Jason Dickinson,EDM,C,283,V3,OZI,O,0.57402,0.45709,0.11693,394,405,6444.0,4393.0,1,1456,1426
8477951,Nick Schmaltz,UTA,C,305,V3,OZI,O,0.57234,0.45689,0.11546,728,775,11425.0,8315.0,1,606,754
8481028,Martin Pospisil,CGY,C,166,V3,OZI,O,0.58032,0.46575,0.11457,402,412,6312.0,3577.0,1,108,146
8479291,Kevin Rooney,UTA,C,121,V3,OZI,O,0.59218,0.47857,0.11361,84,104,1253.0,700.0,1,282,325
8480012,Elias Pettersson,VAN,C,299,V3,OZI,O,0.57543,0.46262,0.11281,603,696,10175.0,6340.0,1,1498,1721
8477497,Sean Monahan,CBJ,C,240,V3,OZI,O,0.57123,0.45888,0.11236,527,515,10171.0,5459.0,1,1490,1284
8481596,Shane Pinto,OTT,C,265,V3,OZI,O,0.6188,0.5075,0.1113,464,436,8009.0,4597.0,1,1338,1268
8482740,Wyatt Johnston,DAL,C,328,V3,OZI,O,0.55296,0.4433,0.10965,765,690,14276.0,7602.0,1,1084,1140
8478891,Mason Appleton,DET,C,259,V3,OZI,O,0.60138,0.49203,0.10935,352,389,6826.0,4455.0,1,22,39
8477503,Max Domi,TOR,C,314,V3,OZI,O,0.55233,0.44376,0.10857,691,631,11895.0,6188.0,1,1064,998
8479346,Dillon Dube,CGY,C,125,V3,OZI,O,0.58685,0.4787,0.10816,243,239,3408.0,2089.0,1,40,47
8483447,Conor Geekie,TBL,C,66,V3,OZI,O,0.59145,0.48392,0.10753,81,111,1777.0,1399.0,1,99,133
8476468,J.T. Miller,NYR,C,302,V3,OZI,O,0.61226,0.50502,0.10724,779,597,12021.0,6273.0,1,1731,1264
8483553,Marc Gatcomb,NYI,C,88,V3,OZI,O,0.58262,0.47566,0.10696,115,128,1876.0,1171.0,1,6,10
8471669,Paul Stastny,CAR,C,73,V3,OZI,O,0.60481,0.49813,0.10668,177,129,2953.0,1602.0,1,235,175
8480144,David Kampf,WSH,C,259,V3,OZI,O,0.60226,0.49585,0.10641,240,226,3716.0,2049.0,1,1198,1008
8476952,Dominic Toninato,CHI,C,33,V3,OZI,O,0.55418,0.44875,0.10543,27,42,646.0,361.0,0,82,81
8483505,Matthew Poitras,BOS,C,69,V3,OZI,O,0.55212,0.44719,0.10493,93,147,1554.0,1657.0,1,160,212
8479968,Vinni Lettieri,BOS,C,73,V3,OZI,O,0.64711,0.54286,0.10425,63,69,1261.0,980.0,1,46,48
8479335,Rasmus Asplund,FLA,C,52,V3,OZI,O,0.60468,0.50356,0.10112,47,52,812.0,421.0,0,26,34
8478440,Dylan Strome,WSH,C,325,V3,OZI,O,0.55222,0.45253,0.09969,904,861,17962.0,10534.0,1,1916,1775
8477460,Laurent Dauphin,UTA,C,21,V3,OZI,O,0.48889,0.38926,0.09963,31,20,495.0,298.0,0,81,71
8479022,Rodrigo Abols,PHI,C,64,V3,OZI,O,0.47122,0.37319,0.09803,81,62,1390.0,552.0,1,216,186
8480068,Ryan Poehling,ANA,C,272,V3,OZI,O,0.58452,0.48821,0.09631,322,359,5892.0,3988.0,1,1191,1151
8478020,Michael Amadio,OTT,C,293,V3,OZI,O,0.57554,0.47929,0.09625,482,387,9478.0,4563.0,1,149,145
8481559,Jack Hughes,NJD,C,263,V3,OZI,O,0.53944,0.44335,0.09609,664,807,13145.0,9956.0,1,607,1069
8480849,Barrett Hayton,UTA,C,264,V3,OZI,O,0.58097,0.48589,0.09508,510,555,7682.0,5067.0,1,1356,1283
8484471,Emmitt Finnie,DET,C,82,V3,OZI,O,0.56453,0.46953,0.095,157,151,2898.0,1608.0,1,42,42
8477508,Curtis Lazar,EDM,C,212,V3,OZI,O,0.55409,0.45956,0.09453,261,216,4234.0,1867.0,1,588,516
8475760,Nick Bjugstad,NJD,C,281,V3,OZI,O,0.56886,0.47482,0.09404,423,437,7058.0,4269.0,1,1190,1220
8476458,Ryan Strome,CGY,C,294,V3,OZI,O,0.55088,0.45775,0.09313,540,735,9414.0,8107.0,1,1061,1396
8483570,Ben Meyers,SEA,C,121,V3,OZI,O,0.4923,0.39984,0.09246,76,102,1493.0,1213.0,1,318,288
8470604,Jeff Carter,PIT,C,151,V3,OZI,O,0.55825,0.46603,0.09222,132,100,1734.0,1045.0,1,584,366
8479365,Trent Frederic,EDM,C,292,V3,OZI,O,0.56288,0.47097,0.09191,323,402,5813.0,4977.0,1,304,361
8474613,Derek Stepan,CAR,C,73,V3,OZI,O,0.61719,0.526,0.09119,149,124,2769.0,1500.0,1,197,160
8477887,Patrick Brown,BOS,C,87,V3,OZI,O,0.4949,0.40417,0.09073,53,76,784.0,720.0,1,179,170
8477846,Ryan Carpenter,SJS,C,84,V3,OZI,O,0.56692,0.47763,0.08929,85,93,1427.0,693.0,1,256,259
8474189,Lars Eller,OTT,C,314,V3,OZI,O,0.55218,0.46328,0.0889,400,397,7791.0,4548.0,1,1452,1270
8481704,Juuso Parssinen,NYR,C,157,V3,OZI,O,0.58217,0.49366,0.08852,206,241,3657.0,2443.0,1,323,375
8478043,Sam Lafferty,CHI,C,238,V3,OZI,O,0.53188,0.44412,0.08775,257,264,4298.0,2416.0,1,415,450
8481618,Alex Newhook,MTL,C,261,V3,OZI,O,0.56307,0.47677,0.0863,439,508,8681.0,6479.0,1,684,884
8475172,Nazem Kadri,COL,C,323,V3,OZI,O,0.53565,0.45345,0.0822,891,986,14700.0,10515.0,1,1871,2128
8480835,Jack Drury,COL,C,265,V3,OZI,O,0.58131,0.49934,0.08197,456,421,8111.0,4572.0,1,1176,859
8471215,Evgeni Malkin,PIT,C,288,V3,OZI,O,0.56515,0.48324,0.08191,681,724,12234.0,8650.0,1,1131,1245
8485414,Ben Kindel,PIT,C,77,V3,OZI,O,0.55025,0.47073,0.07952,112,138,2577.0,2084.0,1,232,326
8477935,Sam Bennett,FLA,C,284,V3,OZI,O,0.58839,0.50902,0.07936,602,765,10607.0,8589.0,1,1472,1713
8476889,Radek Faksa,DAL,C,283,V3,OZI,O,0.5416,0.46257,0.07903,292,256,4411.0,2164.0,1,1000,772
8476399,Blake Coleman,CGY,C,310,V3,OZI,O,0.55961,0.48169,0.07792,622,627,10888.0,6444.0,1,84,91
8476822,Luke Glendening,PHI,C,298,V3,OZI,O,0.5221,0.44662,0.07548,338,309,5045.0,2754.0,1,1326,962
8480459,Pius Suter,STL,C,290,V3,OZI,O,0.55159,0.47614,0.07545,454,450,8247.0,4820.0,1,848,981
8481754,Nikita Nesterenko,ANA,C,61,V3,OZI,O,0.54895,0.4745,0.07445,75,80,1614.0,1098.0,1,9,16
8474150,Mikael Backlund,CGY,C,321,V3,OZI,O,0.56572,0.49129,0.07443,633,615,10438.0,6143.0,1,2138,2047
8477919,Frederick Gaudreau,SEA,C,298,V3,OZI,O,0.54185,0.46751,0.07434,456,497,8220.0,5878.0,1,1192,1279
8475343,Nic Dowd,VGK,C,286,V3,OZI,O,0.56485,0.49147,0.07338,177,177,3169.0,2051.0,1,1501,1385
8482124,Quinton Byfield,LAK,C,292,V3,OZI,O,0.53678,0.46361,0.07317,606,640,9911.0,6760.0,1,846,982
8471675,Sidney Crosby,PIT,C,312,V3,OZI,O,0.57161,0.49872,0.07289,1202,903,20920.0,9354.0,1,2895,2367
8479318,Auston Matthews,TOR,C,282,V3,OZI,O,0.58825,0.51664,0.0716,874,693,13938.0,7781.0,1,2112,1690
8477964,Ivan Barbashev,VGK,C,316,V3,OZI,O,0.55441,0.48286,0.07155,701,812,12792.0,9889.0,1,99,172
8482705,Cole Sillinger,CBJ,C,288,V3,OZI,O,0.55572,0.48434,0.07138,504,618,9575.0,6737.0,1,943,1110
8477946,Dylan Larkin,DET,C,304,V3,OZI,O,0.58396,0.5141,0.06986,649,575,11910.0,6524.0,1,1988,1773
8471699,Andrew Cogliano,COL,C,154,V3,OZI,O,0.55823,0.48858,0.06965,125,142,1623.0,1007.0,1,36,53
8476448,William Karlsson,VGK,C,220,V3,OZI,O,0.5742,0.50463,0.06956,519,407,8983.0,3886.0,1,1299,983
8474564,Steven Stamkos,NSH,C,323,V3,OZI,O,0.5464,0.47729,0.06911,807,779,14332.0,9026.0,1,1159,988
8470794,Joe Pavelski,DAL,C,164,V3,OZI,O,0.57882,0.51081,0.06801,418,368,7600.0,3469.0,1,586,536
8479972,Mason Shaw,MIN,C,79,V3,OZI,O,0.64122,0.57358,0.06764,62,50,1179.0,530.0,1,19,12
8477429,Andrew Copp,DET,C,296,V3,OZI,O,0.51534,0.44772,0.06762,581,512,9776.0,6006.0,1,1631,1464
8482201,Gage Goncalves,TBL,C,136,V3,OZI,O,0.56411,0.49716,0.06696,202,257,4297.0,3343.0,1,10,17
8480813,Joe Veleno,MTL,C,296,V3,OZI,O,0.5551,0.48819,0.06691,379,409,7496.0,5164.0,1,844,953
8476329,Travis Boyd,MIN,C,101,V3,OZI,O,0.53833,0.47204,0.06629,145,175,1735.0,1216.0,1,407,514
8478508,Yakov Trenin,MIN,C,311,V3,OZI,O,0.53906,0.47282,0.06624,357,364,7066.0,4194.0,1,134,177
8480039,Martin Necas,COL,C,316,V3,OZI,O,0.57432,0.50906,0.06526,862,863,16395.0,11808.0,1,235,330
8476419,Jean-Gabriel Pageau,NYI,C,305,V3,OZI,O,0.57467,0.50997,0.0647,567,408,9087.0,4563.0,1,1852,1324
8477934,Leon Draisaitl,EDM,C,297,V3,OZI,O,0.59151,0.52696,0.06455,941,877,16375.0,11164.0,1,1928,1607
8482665,Matty Beniers,SEA,C,320,V3,OZI,O,0.54637,0.48235,0.06402,652,778,12314.0,9831.0,1,1724,1996
8477409,Carter Verhaeghe,FLA,C,315,V3,OZI,O,0.54747,0.48353,0.06393,723,765,12651.0,9565.0,1,89,129
8478458,Jack Roslovic,EDM,C,285,V3,OZI,O,0.54565,0.48229,0.06336,627,608,12114.0,7736.0,1,648,680
8479675,Trevor Moore,LAK,C,280,V3,OZI,O,0.57127,0.50808,0.0632,538,548,10221.0,6377.0,1,23,68
8480848,Ty Dellandrea,SJS,C,238,V3,OZI,O,0.53268,0.46967,0.06301,331,327,5707.0,2951.0,1,531,507
8471685,Anze Kopitar,LAK,C,310,V3,OZI,O,0.55855,0.49559,0.06296,797,621,13893.0,6695.0,1,2240,1747
8475168,Matt Duchene,DAL,C,290,V3,OZI,O,0.51985,0.45705,0.06281,700,614,12894.0,6542.0,1,976,832
8478585,Derek Ryan,EDM,C,186,V3,OZI,O,0.49803,0.43586,0.06217,249,201,4068.0,1567.0,1,465,347
8476919,Chris Tierney,NJD,C,88,V3,OZI,O,0.53722,0.47513,0.06209,79,97,1303.0,764.0,1,191,179
8476539,Jonathan Marchessault,NSH,C,298,V3,OZI,O,0.53456,0.47255,0.06201,705,761,11935.0,9108.0,1,56,119
8481523,Kirby Dach,MTL,C,154,V3,OZI,O,0.53579,0.47458,0.06122,290,336,6426.0,4307.0,1,211,325
8481528,Dylan Cozens,OTT,C,324,V3,OZI,O,0.56917,0.50818,0.06099,653,642,10554.0,6665.0,1,1570,1549
8478438,Tommy Novak,PIT,C,258,V3,OZI,O,0.57186,0.51098,0.06088,454,547,9254.0,5967.0,1,618,847
8475158,Ryan O'Reilly,NSH,C,294,V3,OZI,O,0.57674,0.51644,0.0603,768,649,12973.0,6814.0,1,1954,1529
8480028,Morgan Frost,CGY,C,314,V3,OZI,O,0.56176,0.50201,0.05975,701,760,11521.0,7231.0,1,1557,1550
8475842,Sam Carrick,BUF,C,282,V3,OZI,O,0.54131,0.48159,0.05972,235,237,4260.0,2635.0,1,1043,898
8478967,Lane Pederson,PHI,C,32,V3,OZI,O,0.48133,0.42188,0.05945,36,51,482.0,640.0,0,82,77
8480011,Klim Kostin,SJS,C,144,V3,OZI,O,0.52419,0.46503,0.05916,189,218,3348.0,2688.0,1,13,22
8475745,Charlie Coyle,CBJ,C,329,V3,OZI,O,0.55548,0.49662,0.05886,509,559,9336.0,6361.0,1,1703,1562
8476867,Brendan Gaunce,CBJ,C,66,V3,OZI,O,0.48548,0.42727,0.05821,64,65,1481.0,880.0,1,246,200
8484801,Macklin Celebrini,SJS,C,152,V3,OZI,O,0.56371,0.5056,0.05811,370,432,7408.0,5356.0,1,928,1036
8479987,Morgan Geekie,BOS,C,303,V3,OZI,O,0.57847,0.52038,0.05809,630,629,11731.0,7950.0,1,713,821
8473533,Jordan Staal,CAR,C,311,V3,OZI,O,0.60186,0.54388,0.05798,762,573,14505.0,6005.0,1,2356,1772
8482768,Fedor Svechkov,NSH,C,121,V3,OZI,O,0.55533,0.4975,0.05783,175,243,3470.0,2597.0,1,339,502
8484227,Will Smith,SJS,C,143,V3,OZI,O,0.56174,0.50436,0.05738,291,369,5458.0,3785.0,1,65,129
8480014,Gabriel Vilardi,WPG,C,262,V3,OZI,O,0.56572,0.50843,0.05729,687,645,14281.0,7773.0,1,138,168
8477960,Adrian Kempe,LAK,C,320,V3,OZI,O,0.56191,0.50488,0.05704,796,689,13721.0,6869.0,1,57,106
8476456,Jonathan Huberdeau,CGY,C,291,V3,OZI,O,0.53614,0.4792,0.05695,836,917,13004.0,8460.0,1,31,51
8473548,Phil Kessel,VGK,C,82,V3,OZI,O,0.52733,0.47082,0.05651,138,137,2433.0,1491.0,1,5,7
8474040,Sam Gagner,EDM,C,76,V3,OZI,O,0.53978,0.48332,0.05646,110,112,1986.0,989.0,1,22,24
8476460,Mark Scheifele,WPG,C,318,V3,OZI,O,0.53813,0.4821,0.05602,944,1007,21428.0,13132.0,1,1850,2023
8482092,Ridly Greig,OTT,C,247,V3,OZI,O,0.59044,0.5353,0.05514,449,415,6756.0,4108.0,1,567,581
8479996,Cody Glass,NJD,C,248,V3,OZI,O,0.52557,0.47102,0.05455,441,411,7295.0,3968.0,1,1037,959
8482145,Mavrik Bourque,DAL,C,156,V3,OZI,O,0.50582,0.45199,0.05384,246,203,5152.0,2166.0,1,249,282
8482775,Oliver Kapanen,MTL,C,100,V3,OZI,O,0.58505,0.53131,0.05374,160,171,2969.0,2268.0,1,272,329
8478493,Joel Eriksson Ek,MIN,C,271,V3,OZI,O,0.56801,0.51435,0.05366,498,527,9315.0,5922.0,1,1556,1711
8483489,Fraser Minten,BOS,C,107,V3,OZI,O,0.56624,0.51273,0.0535,176,169,2944.0,2081.0,1,445,459
8475794,Tyler Seguin,DAL,C,191,V3,OZI,O,0.55476,0.50126,0.0535,449,372,7989.0,3565.0,1,813,654
8479999,Casey Mittelstadt,BOS,C,314,V3,OZI,O,0.55284,0.49968,0.05316,610,698,10258.0,7713.0,1,1127,1341
8481024,Linus Karlsson,VAN,C,105,V3,OZI,O,0.47546,0.42264,0.05283,113,152,1569.0,1829.0,1,12,33
8476374,Sean Kuraly,BOS,C,297,V3,OZI,O,0.51118,0.45838,0.0528,282,277,6039.0,3460.0,1,1189,1134
8477496,Elias Lindholm,BOS,C,306,V3,OZI,O,0.5755,0.52342,0.05208,831,643,14264.0,6425.0,1,2111,1633
8477505,Alexander Wennberg,SJS,C,319,V3,OZI,O,0.53967,0.4882,0.05147,579,646,10725.0,7839.0,1,1638,1780
8476881,Tomas Hertl,VGK,C,289,V3,OZI,O,0.53632,0.48486,0.05146,837,649,14674.0,6472.0,1,1875,1487
8476905,Chandler Stephenson,SEA,C,313,V3,OZI,O,0.52764,0.47687,0.05077,784,626,14036.0,7308.0,1,1890,1662
8482259,Bobby McMann,SEA,C,217,V3,OZI,O,0.50426,0.45474,0.04952,407,333,7395.0,3347.0,1,15,24
8480880,Jakub Lauko,BOS,C,139,V3,OZI,O,0.50723,0.45826,0.04897,77,100,1384.0,1102.0,1,8,19
8481656,Aliaksei Protas,WSH,C,288,V3,OZI,O,0.52778,0.47896,0.04882,475,546,9898.0,6180.0,1,74,102
8481577,Philip Tomasino,PIT,C,142,V3,OZI,O,0.55893,0.51025,0.04868,211,243,4344.0,3220.0,1,19,31
8479591,Michael Eyssimont,BOS,C,268,V3,OZI,O,0.54789,0.49953,0.04836,356,341,6160.0,3223.0,1,25,42
8475166,John Tavares,TOR,C,317,V3,OZI,O,0.55567,0.50846,0.04721,838,665,14469.0,6797.0,1,2267,1617
8475768,Jaden Schwartz,SEA,C,264,V3,OZI,O,0.55775,0.51072,0.04703,519,588,9420.0,6671.0,1,91,103
8480853,Liam Foudy,NYI,C,78,V3,OZI,O,0.49743,0.45077,0.04665,92,104,1556.0,1808.0,1,2,5
8481522,Peyton Krebs,BUF,C,317,V3,OZI,O,0.5612,0.51501,0.0462,423,580,8202.0,6330.0,1,938,1076
8484166,Adam Fantilli,CBJ,C,213,V3,OZI,O,0.56488,0.51892,0.04596,466,611,9648.0,7980.0,1,986,1188
8473453,Trevor Lewis,LAK,C,224,V3,OZI,O,0.50012,0.45475,0.04537,276,352,4317.0,2674.0,1,286,362
8479547,Matthew Phillips,WSH,C,33,V3,OZI,O,0.42251,0.37782,0.04469,28,44,542.0,532.0,0,1,2
8476873,Mark Jankowski,CAR,C,210,V3,OZI,O,0.59818,0.55371,0.04446,332,334,6147.0,3863.0,1,723,636
8478462,Nicolas Roy,COL,C,279,V3,OZI,O,0.56164,0.51733,0.0443,342,376,6360.0,3491.0,1,1214,1259
8483500,Noah Ostlund,BUF,C,68,V3,OZI,O,0.57703,0.53286,0.04417,105,161,1785.0,1704.0,1,92,190
8480018,Nick Suzuki,MTL,C,328,V3,OZI,O,0.54439,0.5007,0.04369,755,793,15577.0,10014.0,1,2015,1970
8479353,Brett Howden,VGK,C,265,V3,OZI,O,0.52845,0.48499,0.04345,463,429,8419.0,4831.0,1,725,693
8478569,Noel Acciari,PIT,C,278,V3,OZI,O,0.57554,0.53247,0.04307,222,198,4236.0,2094.0,1,936,754
8478519,Anthony Cirelli,TBL,C,288,V3,OZI,O,0.55171,0.50941,0.04231,553,551,11254.0,6855.0,1,1488,1449
8482496,Nils Aman,VAN,C,132,V3,OZI,O,0.57031,0.52819,0.04212,117,137,2048.0,1348.0,1,264,393
8480252,Cole Guttman,CHI,C,41,V3,OZI,O,0.53277,0.49071,0.04205,58,66,1175.0,1023.0,1,139,130
8476393,Nick Cousins,OTT,C,279,V3,OZI,O,0.57844,0.53642,0.04203,376,436,7107.0,4668.0,1,99,105
8479385,Jordan Kyrou,STL,C,314,V3,OZI,O,0.56122,0.51927,0.04195,706,766,11687.0,8042.0,1,13,33
8478427,Sebastian Aho,CAR,C,311,V3,OZI,O,0.58344,0.54153,0.04191,858,797,18283.0,10596.0,1,1676,1586
8482691,Aatu Räty,VAN,C,113,V3,OZI,O,0.58703,0.54534,0.04168,205,155,3160.0,1632.0,1,577,407
8477406,Mattias Janmark,EDM,C,260,V3,OZI,O,0.53364,0.49236,0.04128,328,316,5633.0,3664.0,1,148,199
8476459,Mika Zibanejad,NYR,C,326,V3,OZI,O,0.549,0.5079,0.0411,710,740,12173.0,8352.0,1,1853,1725
8477987,Ryan Donato,CHI,C,311,V3,OZI,O,0.55372,0.51269,0.04103,400,488,7343.0,5713.0,1,449,566
8478402,Connor McDavid,EDM,C,306,V3,OZI,O,0.60586,0.56489,0.04097,975,923,19280.0,12013.0,1,1578,1567
8481477,Nico Sturm,MIN,C,249,V3,OZI,O,0.5678,0.52764,0.04015,370,261,5819.0,2062.0,1,1163,824
8476392,Adam Lowry,WPG,C,305,V3,OZI,O,0.55788,0.51804,0.03984,433,393,8120.0,3658.0,1,1908,1698
8483431,Logan Cooley,UTA,C,210,V3,OZI,O,0.56837,0.52915,0.03922,364,495,6918.0,6072.0,1,716,1004
8483512,Matt Savoie,EDM,C,86,V3,OZI,O,0.53019,0.49176,0.03843,187,170,3014.0,1820.0,1,28,39
8482896,Tyson Kozak,BUF,C,67,V3,OZI,O,0.61229,0.57428,0.03802,53,57,895.0,552.0,1,222,243
8482660,Kent Johnson,CBJ,C,265,V3,OZI,O,0.52467,0.48791,0.03676,438,567,8491.0,6536.0,1,43,108
8477021,Alexander Kerfoot,UTA,C,278,V3,OZI,O,0.56701,0.53054,0.03647,440,432,7797.0,4518.0,1,617,583
8474641,Adam Henrique,EDM,C,289,V3,OZI,O,0.48638,0.45158,0.0348,477,458,8847.0,5525.0,1,1156,921
8481032,Paul Cotter,NJD,C,289,V3,OZI,O,0.51801,0.48419,0.03382,402,456,6581.0,5628.0,1,135,131
8477492,Nathan MacKinnon,COL,C,312,V3,OZI,O,0.54244,0.50867,0.03377,1263,1250,23033.0,13150.0,1,2107,2371
8480185,Eetu Luostarinen,FLA,C,317,V3,OZI,O,0.56281,0.52975,0.03307,640,679,11455.0,6337.0,1,346,411
8482079,Marco Rossi,VAN,C,232,V3,OZI,O,0.54735,0.51443,0.03292,432,551,7920.0,6827.0,1,1013,1152
8478403,Jack Eichel,VGK,C,282,V3,OZI,O,0.55232,0.51955,0.03278,745,816,13101.0,9566.0,1,1562,1770
8477126,Jayson Megna,BOS,C,56,V3,OZI,O,0.57041,0.53818,0.03223,54,55,838.0,537.0,1,132,116
8484144,Connor Bedard,CHI,C,219,V3,OZI,O,0.52789,0.4964,0.0315,547,649,10468.0,8602.0,1,691,995
8483464,Marco Kasper,DET,C,159,V3,OZI,O,0.60127,0.57058,0.0307,251,274,4404.0,3018.0,1,472,510
8476826,Yanni Gourde,TBL,C,300,V3,OZI,O,0.54364,0.51312,0.03052,471,593,9177.0,7468.0,1,1426,1514
8478831,Kevin Stenlund,UTA,C,296,V3,OZI,O,0.55514,0.52468,0.03047,353,369,5640.0,3627.0,1,1368,1038
8479370,Tyson Jost,NSH,C,221,V3,OZI,O,0.53075,0.50068,0.03007,286,351,5903.0,3703.0,1,336,456
8477989,Christian Dvorak,PHI,C,256,V3,OZI,O,0.504,0.47532,0.02869,449,397,8123.0,4517.0,1,1440,1175
8476479,Phillip Danault,MTL,C,315,V3,OZI,O,0.56934,0.54113,0.02821,598,561,11884.0,6492.0,1,1867,1596
8470638,Patrice Bergeron,BOS,C,78,V3,OZI,O,0.60148,0.57364,0.02784,323,210,4321.0,1616.0,1,665,398
8478445,Mathew Barzal,NYI,C,249,V3,OZI,O,0.54052,0.51281,0.02771,640,637,13883.0,8081.0,1,353,551
8471276,David Krejci,BOS,C,70,V3,OZI,O,0.5357,0.50876,0.02694,155,166,2255.0,1940.0,1,293,336
8480355,Mark Kastelic,BOS,C,271,V3,OZI,O,0.56202,0.53531,0.02671,246,223,4039.0,2322.0,1,880,652
8481068,Yegor Sharangovich,CGY,C,307,V3,OZI,O,0.52725,0.50077,0.02648,580,684,11376.0,7163.0,1,270,403
8480798,Philipp Kurashev,SJS,C,238,V3,OZI,O,0.52234,0.49598,0.02636,447,485,8548.0,6597.0,1,250,295
8482745,Mason McTavish,ANA,C,294,V3,OZI,O,0.5295,0.5033,0.0262,528,640,9730.0,7574.0,1,1316,1413
8473563,Nicklas Backstrom,WSH,C,47,V3,OZI,O,0.44457,0.41943,0.02514,99,98,1741.0,813.0,1,274,259
8480802,Ryan McLeod,BUF,C,298,V3,OZI,O,0.55152,0.52708,0.02443,511,495,8279.0,5132.0,1,1418,1376
8478542,Evan Rodrigues,FLA,C,300,V3,OZI,O,0.52394,0.49956,0.02438,675,658,12784.0,6764.0,1,519,542
8480078,Filip Chytil,VAN,C,152,V3,OZI,O,0.54253,0.51841,0.02412,254,302,4973.0,4020.0,1,519,688
8484221,Calum Ritchie,NYI,C,72,V3,OZI,O,0.54603,0.52289,0.02314,119,127,2194.0,1245.0,1,110,194
8475798,Mikael Granlund,ANA,C,289,V3,OZI,O,0.54344,0.52095,0.02249,551,619,10842.0,7016.0,1,1075,1163
8476461,Sean Couturier,PHI,C,231,V3,OZI,O,0.58094,0.55879,0.02215,498,466,9025.0,5120.0,1,1498,1244
8474870,Tyler Johnson,BOS,C,132,V3,OZI,O,0.5551,0.5338,0.02129,233,245,3866.0,2840.0,1,165,197
8480074,Alexandre Texier,MTL,C,160,V3,OZI,O,0.53147,0.51053,0.02094,238,260,5116.0,3420.0,1,6,19
8480064,Josh Norris,BUF,C,158,V3,OZI,O,0.50655,0.48577,0.02078,335,311,5115.0,2670.0,1,816,735
8478874,Adam Gaudette,SJS,C,149,V3,OZI,O,0.47573,0.45627,0.01946,183,193,3317.0,2104.0,1,279,298
8476897,Oskar Sundqvist,STL,C,257,V3,OZI,O,0.50861,0.48945,0.01915,262,310,4532.0,2987.0,1,589,762
8479316,Luke Kunin,FLA,C,246,V3,OZI,O,0.54219,0.52387,0.01832,336,381,6791.0,3875.0,1,491,517
8477996,Juho Lammikko,NJD,C,24,V3,OZI,O,0.52041,0.50294,0.01747,19,40,294.0,340.0,0,53,54
8478133,Jake Evans,MTL,C,286,V3,OZI,O,0.54051,0.52308,0.01743,338,323,6320.0,3770.0,1,1430,1183
8476872,Scott Laughton,LAK,C,303,V3,OZI,O,0.56216,0.54524,0.01692,414,492,6966.0,5029.0,1,1215,1167
8481481,Blake Lizotte,PIT,C,257,V3,OZI,O,0.53488,0.51801,0.01687,275,311,4687.0,2776.0,1,849,789
8482702,Logan Stankoven,CAR,C,183,V3,OZI,O,0.54088,0.52412,0.01676,392,389,8109.0,4976.0,1,443,538
8479546,Oskar Steen,BOS,C,37,V3,OZI,O,0.35135,0.33478,0.01657,14,26,185.0,230.0,0,0,3
8476454,Ryan Nugent-Hopkins,EDM,C,311,V3,OZI,O,0.55906,0.54279,0.01628,703,664,13460.0,7970.0,1,801,835
8481019,David Gustafsson,WPG,C,121,V3,OZI,O,0.58515,0.56897,0.01619,73,101,1603.0,986.0,1,280,251
8482093,Seth Jarvis,CAR,C,307,V3,OZI,O,0.57845,0.5626,0.01585,809,703,16826.0,9106.0,1,124,178
8480980,Connor Dewar,PIT,C,281,V3,OZI,O,0.62144,0.60663,0.01481,212,209,4105.0,2021.0,1,427,507
8476480,Vladislav Namestnikov,WPG,C,293,V3,OZI,O,0.51888,0.50415,0.01472,536,578,8688.0,6623.0,1,611,866
8479351,Sam Steel,DAL,C,294,V3,OZI,O,0.55184,0.53749,0.01435,474,459,9356.0,4841.0,1,628,598
8475793,Ryan Johansen,COL,C,118,V3,OZI,O,0.47882,0.46447,0.01435,227,191,3966.0,1520.0,1,665,518
8477070,Liam O'Brien,UTA,C,196,V3,OZI,O,0.51426,0.50175,0.01251,212,258,3436.0,2290.0,1,16,38
8475225,Craig Smith,DET,C,198,V3,OZI,O,0.55791,0.5457,0.01221,232,248,4058.0,2254.0,1,8,21
8482737,Zachary Bolduc,MTL,C,175,V3,OZI,O,0.54219,0.53056,0.01163,235,248,4148.0,2667.0,1,21,25
8475754,Brock Nelson,COL,C,324,V3,OZI,O,0.52775,0.5176,0.01016,732,791,13188.0,8524.0,1,1753,1825
8477500,Bo Horvat,NYI,C,309,V3,OZI,O,0.53479,0.52534,0.00945,839,643,14888.0,7300.0,1,2122,1686
8484153,Leo Carlsson,ANA,C,200,V3,OZI,O,0.54325,0.53456,0.00869,333,496,5907.0,6076.0,1,774,1101
8483468,Jiri Kulich,BUF,C,75,V3,OZI,O,0.56467,0.55609,0.00858,144,189,2389.0,1881.0,1,292,348
8480259,Ben Jones,MIN,C,54,V3,OZI,O,0.50815,0.5,0.00815,34,31,736.0,274.0,0,77,76
8479772,Zack MacEwen,NJD,C,110,V3,OZI,O,0.55184,0.54381,0.00802,136,126,1852.0,1107.0,1,40,34
8476278,Colin Blackwell,DAL,C,230,V3,OZI,O,0.53351,0.52592,0.00759,268,210,4566.0,1852.0,1,225,232
8483690,Noah Laba,NYR,C,74,V3,OZI,O,0.49218,0.4847,0.00748,95,93,1983.0,817.0,1,295,284
8477493,Aleksander Barkov,FLA,C,208,V3,OZI,O,0.54084,0.53383,0.00701,542,435,8938.0,4464.0,1,1190,978
8484509,Josh Samanski,EDM,C,23,V3,OZI,O,0.4679,0.46154,0.00636,30,32,701.0,286.0,0,53,55
8477933,Sam Reinhart,FLA,C,307,V3,OZI,O,0.55951,0.55492,0.00459,728,658,13485.0,6682.0,1,429,507
8478843,Denis Malgin,COL,C,65,V3,OZI,O,0.57536,0.57086,0.00451,81,92,1453.0,748.0,1,4,6
8474009,Nick Bonino,NYR,C,107,V3,OZI,O,0.58426,0.58031,0.00395,143,147,2427.0,1270.0,1,312,310
8480002,Nico Hischier,NJD,C,309,V3,OZI,O,0.52168,0.51836,0.00332,837,705,14181.0,7352.0,1,2521,2074
8477993,Justin Kirkland,CGY,C,50,V3,OZI,O,0.53028,0.52854,0.00174,39,45,545.0,403.0,0,113,117
8476432,Boone Jenner,CBJ,C,219,V3,OZI,O,0.53435,0.53304,0.00131,489,457,9737.0,5902.0,1,1164,1005
8477952,Robby Fabbri,MIN,C,161,V3,OZI,O,0.4912,0.49031,0.00089,207,231,4318.0,3404.0,1,84,104
8476389,Vincent Trocheck,NYR,C,313,V3,OZI,O,0.54647,0.54702,-0.00056,818,657,16323.0,7645.0,1,2108,1575
8473544,Derick Brassard,OTT,C,62,V3,OZI,O,0.54635,0.54692,-0.00057,69,87,1014.0,682.0,1,113,116
8480901,Karson Kuhlman,WPG,C,47,V3,OZI,O,0.52523,0.52693,-0.0017,56,70,872.0,427.0,1,0,5
8482110,Dawson Mercer,NJD,C,328,V3,OZI,O,0.50013,0.50202,-0.00188,622,660,11339.0,6697.0,1,348,491
8480003,Jesper Boqvist,FLA,C,268,V3,OZI,O,0.50816,0.51041,-0.00225,355,467,6128.0,4275.0,1,214,376
8482149,Cole Perfetti,WPG,C,271,V3,OZI,O,0.53262,0.53511,-0.00249,580,606,10407.0,7305.0,1,50,104
8475744,Evgeny Kuznetsov,CAR,C,144,V3,OZI,O,0.52586,0.52985,-0.004,298,351,6323.0,4120.0,1,678,794
8481533,Trevor Zegras,PHI,C,250,V3,OZI,O,0.51047,0.51481,-0.00433,489,616,8592.0,7327.0,1,431,695
8482148,Hendrix Lapierre,WSH,C,152,V3,OZI,O,0.53078,0.53571,-0.00494,145,201,2713.0,2464.0,1,260,402
8477380,Jonny Brodzinski,NYR,C,180,V3,OZI,O,0.53613,0.54112,-0.00499,220,240,3432.0,2371.0,1,307,303
8479718,Alex Barré-Boulet,COL,C,40,V3,OZI,O,0.5613,0.56742,-0.00612,50,56,1142.0,712.0,1,14,15
8482113,Anton Lundell,FLA,C,294,V3,OZI,O,0.53127,0.53878,-0.0075,613,609,11096.0,5609.0,1,1420,1308
8479580,Dylan Gambrell,OTT,C,60,V3,OZI,O,0.42004,0.43003,-0.00999,27,38,519.0,393.0,0,123,141
8475151,Kyle Palmieri,NYI,C,244,V3,OZI,O,0.50751,0.52305,-0.01555,511,567,8459.0,6810.0,1,31,52
8481532,Alex Turcotte,LAK,C,154,V3,OZI,O,0.54863,0.56503,-0.01639,221,243,4061.0,2276.0,1,320,306
8476624,Barclay Goodrow,SJS,C,321,V3,OZI,O,0.46896,0.4858,-0.01684,367,379,6717.0,4014.0,1,599,574
8475170,Brayden Schenn,NYI,C,326,V3,OZI,O,0.47634,0.49355,-0.01721,688,670,11349.0,6437.0,1,1526,1545
8483450,Ryan Greene,CHI,C,83,V3,OZI,O,0.49632,0.51754,-0.02122,147,195,2585.0,2622.0,1,234,308
8478409,Anthony Richard,PHI,C,38,V3,OZI,O,0.47158,0.49331,-0.02173,44,54,950.0,523.0,0,1,6
8480840,Oskar Back,DAL,C,145,V3,OZI,O,0.45925,0.48238,-0.02313,130,131,2454.0,1277.0,1,103,89
8476927,Teddy Blueger,VAN,C,247,V3,OZI,O,0.52775,0.55253,-0.02479,280,276,4523.0,2979.0,1,1105,968
8484142,Denver Barkey,PHI,C,43,V3,OZI,O,0.64983,0.67496,-0.02513,69,64,1188.0,603.0,1,6,9
8480289,Morgan Barron,WPG,C,289,V3,OZI,O,0.52417,0.55167,-0.0275,254,241,4447.0,2632.0,1,335,348
8482074,Connor Zary,CGY,C,191,V3,OZI,O,0.46744,0.49589,-0.02845,358,435,6587.0,5227.0,1,191,254
8482177,Marat Khusnutdinov,BOS,C,168,V3,OZI,O,0.5353,0.57271,-0.03741,247,249,4844.0,3005.0,1,257,307
8481556,John Beecher,CGY,C,165,V3,OZI,O,0.50219,0.54033,-0.03815,83,97,1372.0,781.0,1,529,471
8478401,Pavel Zacha,BOS,C,320,V3,OZI,O,0.51654,0.5559,-0.03936,696,722,10973.0,7460.0,1,1177,1050
8484164,Dalibor Dvorsky,STL,C,72,V3,OZI,O,0.5625,0.60638,-0.04388,134,139,2352.0,1222.0,1,296,343
8475752,Tyler Pitlick,MIN,C,127,V3,OZI,O,0.49584,0.53998,-0.04414,96,104,1563.0,863.0,1,5,18
8475763,Kevin Hayes,PIT,C,252,V3,OZI,O,0.49296,0.53727,-0.04432,417,457,7524.0,4588.0,1,906,845
8481543,Nikita Alexandrov,STL,C,51,V3,OZI,O,0.55911,0.60606,-0.04695,50,66,812.0,594.0,1,89,148
8480845,Rasmus Kupari,WPG,C,153,V3,OZI,O,0.52303,0.57077,-0.04773,158,158,2822.0,1512.0,1,487,441
8476913,Devin Shore,MIN,C,123,V3,OZI,O,0.436,0.48483,-0.04883,121,134,2078.0,1648.0,1,155,155
8482103,Ozzy Wiesblatt,NSH,C,44,V3,OZI,O,0.39171,0.44792,-0.05621,23,38,434.0,288.0,0,1,4
8480851,Akil Thomas,LAK,C,32,V3,OZI,O,0.64366,0.7,-0.05634,27,37,623.0,300.0,0,21,28
8484230,Otto Stenberg,STL,C,32,V3,OZI,O,0.52683,0.5894,-0.06257,45,54,820.0,604.0,0,4,7
8479994,Jaret Anderson-Dolan,WPG,C,84,V3,OZI,O,0.47023,0.53484,-0.06462,124,122,1948.0,1191.0,1,40,41
8485512,Tim Washe,ANA,C,40,V3,OZI,O,0.48188,0.55219,-0.07031,49,33,938.0,297.0,0,196,124
8480870,Bo Groulx,TOR,C,60,V3,OZI,O,0.41519,0.48714,-0.07195,57,63,1132.0,739.0,1,146,186
8482726,Samuel Helenius,LAK,C,102,V3,OZI,O,0.49746,0.57278,-0.07533,67,88,1377.0,948.0,1,242,281
8480326,Sheldon Dries,DET,C,68,V3,OZI,O,0.45628,0.53201,-0.07573,83,85,1155.0,906.0,1,201,211
8481147,Reese Johnson,MIN,C,102,V3,OZI,O,0.53352,0.61826,-0.08474,74,63,1417.0,723.0,1,132,105
8479991,Jake Leschyshyn,NYR,C,36,V3,OZI,O,0.57443,0.65938,-0.08495,35,42,524.0,320.0,0,110,113
8482153,Brendan Brisson,NYR,C,27,V3,OZI,O,0.47025,0.55795,-0.0877,32,26,689.0,371.0,0,4,4
8478051,Max Willman,NJD,C,27,V3,OZI,O,0.6063,0.69481,-0.08851,20,25,254.0,154.0,0,2,7
8479514,Rem Pitlick,CHI,C,55,V3,OZI,O,0.53367,0.62874,-0.09506,64,84,980.0,870.0,1,26,37
8484149,Gavin Brindley,COL,C,57,V3,OZI,O,0.44895,0.54971,-0.10076,67,66,1185.0,684.0,1,12,14
8475714,Calle Jarnkrok,TOR,C,200,V3,OZI,O,0.48468,0.59525,-0.11057,250,291,4046.0,2147.0,1,80,87
8484197,Oliver Moore,CHI,C,60,V3,OZI,O,0.57215,0.68428,-0.11213,93,103,1580.0,738.0,1,98,102
8476960,Andreas Athanasiou,CHI,C,117,V3,OZI,O,0.47276,0.58558,-0.11281,208,219,3139.0,2080.0,1,161,189
8482947,Zakhar Bardakov,COL,C,59,V3,OZI,O,0.50334,0.61968,-0.11634,49,55,898.0,681.0,0,72,97
8476310,Lukas Sedlak,PHI,C,30,V3,OZI,O,0.36306,0.48085,-0.11779,28,41,157.0,235.0,0,77,82
8482859,Zack Ostapchuk,SJS,C,121,V3,OZI,O,0.42066,0.56682,-0.14616,105,122,1897.0,1085.0,1,343,346
8483471,Brad Lambert,WPG,C,30,V3,OZI,O,0.46526,0.61449,-0.14923,30,32,475.0,345.0,0,9,19
8478146,Matthew Highmore,OTT,C,50,V3,OZI,O,0.45769,0.61781,-0.16012,50,66,780.0,539.0,1,7,15
8478400,Colin White,SJS,C,99,V3,OZI,O,0.42741,0.59926,-0.17185,103,134,1729.0,1360.0,1,123,185
8481726,Adam Edstrom,NYR,C,97,V3,OZI,O,0.40336,0.60865,-0.20529,75,75,1309.0,948.0,1,7,17
8483397,Marc McLaughlin,NJD,C,24,V3,OZI,O,0.4771,0.7619,-0.28481,19,25,262.0,210.0,0,31,47
8482623,Josh Dunne,BUF,C,44,V3,OZI,O,0.37861,0.69367,-0.31506,22,28,346.0,395.0,0,89,81
8484901,Jacob Quillan,TOR,C,24,V3,OZI,O,0.11628,0.49774,-0.38146,9,21,172.0,221.0,0,62,86
8475278,Byron Froese,VGK,C,25,V3,OZI,O,0.205,0.88421,-0.67921,16,15,200.0,190.0,0,88,60
8483503,Owen Pickering,PIT,D,29,V3,OZI,O,0.61426,0.22558,0.38868,52,39,1024.0,430.0,0,0,0
8479348,Kale Clague,BUF,D,36,V3,OZI,O,0.6824,0.31455,0.36785,74,87,1017.0,1189.0,1,0,0
8480828,Michael Callahan,BOS,D,22,V3,OZI,O,0.79679,0.47368,0.32311,21,20,187.0,95.0,0,0,0
8479338,Markus Niemelainen,EDM,D,23,V3,OZI,O,0.63944,0.32948,0.30996,43,33,710.0,173.0,0,0,0
8482861,Vincent Iorio,NYR,D,36,V3,OZI,O,0.65458,0.39757,0.25701,62,56,1158.0,576.0,1,0,0
8484240,Tom Willander,VAN,D,69,V3,OZI,O,0.5297,0.28427,0.24543,113,135,1835.0,1488.0,1,0,0
8479388,Riley Stillman,EDM,D,59,V3,OZI,O,0.59782,0.36513,0.23269,81,105,1283.0,975.0,1,0,0
8477541,Dakota Mermis,TOR,D,64,V3,OZI,O,0.60511,0.37356,0.23155,101,97,1684.0,1127.0,1,0,0
8478415,Jakub Zboril,BOS,D,22,V3,OZI,O,0.67928,0.45395,0.22533,41,32,555.0,304.0,0,0,0
8482807,Ethan Del Mastro,CHI,D,45,V3,OZI,O,0.64308,0.41806,0.22502,79,69,1639.0,720.0,1,0,0
8479387,Keaton Middleton,COL,D,44,V3,OZI,O,0.59849,0.37562,0.22287,42,40,929.0,402.0,0,0,0
8477462,Robert Hagg,VGK,D,45,V3,OZI,O,0.60228,0.38524,0.21704,93,91,1403.0,989.0,1,0,0
8484386,Dmitri Simashev,UTA,D,27,V3,OZI,O,0.65066,0.45377,0.19688,43,69,687.0,822.0,0,0,0
8474027,Justin Braun,PHI,D,51,V3,OZI,O,0.62921,0.4346,0.19461,73,118,1068.0,948.0,1,0,0
8480823,Alexander Alexeyev,WSH,D,79,V3,OZI,O,0.61258,0.4397,0.17288,121,128,2083.0,937.0,1,0,0
8481708,Zac Jones,NYR,D,93,V3,OZI,O,0.55042,0.38144,0.16899,162,161,3183.0,2252.0,1,0,0
8480157,Calle Rosen,STL,D,55,V3,OZI,O,0.5235,0.35813,0.16536,104,115,1383.0,1008.0,1,0,0
8480084,Nick DeSimone,UTA,D,97,V3,OZI,O,0.60999,0.4497,0.16029,206,200,3123.0,1988.0,1,0,0
8478841,Colton White,NJD,D,69,V3,OZI,O,0.57744,0.41723,0.16021,99,108,1640.0,1033.0,1,0,0
8478502,Dennis Gilbert,OTT,D,94,V3,OZI,O,0.57447,0.41552,0.15895,132,151,2209.0,1598.0,1,0,0
8481525,Matthew Robertson,NYR,D,74,V3,OZI,O,0.57011,0.4118,0.15831,152,128,3131.0,1661.0,1,0,0
8484806,Sam Dickinson,SJS,D,71,V3,OZI,O,0.63763,0.47998,0.15766,128,149,2790.0,1748.0,1,0,0
8481600,Tobias Bjornfot,FLA,D,47,V3,OZI,O,0.5295,0.37241,0.15709,78,88,1407.0,819.0,1,0,0
8483398,Declan Carlile,TBL,D,46,V3,OZI,O,0.56078,0.40409,0.15669,90,93,1234.0,881.0,1,0,0
8475755,Alexander Petrovic,DAL,D,60,V3,OZI,O,0.54533,0.39071,0.15463,88,91,1511.0,1162.0,1,0,0
8477034,Jaycob Megna,VGK,D,110,V3,OZI,O,0.56353,0.40942,0.1541,270,253,4628.0,2887.0,1,0,0
8478468,Jeremy Lauzon,VGK,D,242,V3,OZI,O,0.58428,0.43581,0.14847,410,409,6271.0,3949.0,1,0,0
8477384,Joshua Brown,EDM,D,129,V3,OZI,O,0.58587,0.44377,0.1421,200,238,2591.0,1823.0,1,0,0
8483506,Sam Rinzel,CHI,D,63,V3,OZI,O,0.60838,0.46637,0.14201,124,178,2459.0,2260.0,1,0,0
8480878,Nils Lundkvist,DAL,D,210,V3,OZI,O,0.57338,0.43176,0.14162,555,457,9901.0,4748.0,1,0,0
8482730,Brandt Clarke,LAK,D,184,V3,OZI,O,0.6026,0.46358,0.13902,525,505,9776.0,5738.0,1,0,0
8476441,Joel Edmundson,LAK,D,268,V3,OZI,O,0.57328,0.43791,0.13538,681,722,12322.0,7360.0,1,0,0
8476470,Nathan Beaulieu,ANA,D,52,V3,OZI,O,0.49747,0.36538,0.13209,64,67,1186.0,780.0,1,0,0
8481564,Ryan Johnson,BUF,D,47,V3,OZI,O,0.58899,0.45729,0.1317,71,100,1090.0,1194.0,1,0,0
8483678,Elias Pettersson,VAN,D,97,V3,OZI,O,0.59508,0.46396,0.13113,169,157,3418.0,1304.0,1,0,0
8483472,Maveric Lamoureux,UTA,D,20,V3,OZI,O,0.55114,0.42075,0.13039,39,44,528.0,347.0,0,0,0
8478476,Kyle Capobianco,DAL,D,48,V3,OZI,O,0.5103,0.38041,0.12988,84,75,1311.0,531.0,1,0,0
8479410,Mikhail Sergachev,UTA,D,267,V3,OZI,O,0.57718,0.4477,0.12948,838,858,13767.0,9073.0,1,0,0
8484304,Uvis Balinskis,FLA,D,156,V3,OZI,O,0.55065,0.42176,0.12889,322,369,5163.0,3483.0,1,0,2
8476312,Josh Manson,COL,D,230,V3,OZI,O,0.56613,0.43876,0.12737,438,473,8166.0,4809.0,1,0,0
8474590,John Carlson,ANA,D,271,V3,OZI,O,0.5688,0.44235,0.12645,777,863,14128.0,9185.0,1,0,0
8475906,John Klingberg,SJS,D,147,V3,OZI,O,0.57165,0.44541,0.12623,358,438,6532.0,4928.0,1,0,0
8478465,Guillaume Brisebois,VAN,D,20,V3,OZI,O,0.59028,0.46462,0.12566,37,35,432.0,325.0,0,0,0
8474578,Erik Karlsson,PIT,D,321,V3,OZI,O,0.56939,0.44412,0.12527,1239,1097,23462.0,12429.0,1,0,1
8482858,Ryker Evans,SEA,D,175,V3,OZI,O,0.58165,0.45719,0.12446,340,398,7061.0,5407.0,1,0,0
8475825,Jani Hakanpää,TOR,D,148,V3,OZI,O,0.53402,0.41113,0.12289,217,182,4159.0,2048.0,1,0,0
8479982,Conor Timmins,BUF,D,159,V3,OZI,O,0.62283,0.5,0.12283,370,322,6403.0,3244.0,1,0,0
8480884,Calen Addison,SJS,D,134,V3,OZI,O,0.57737,0.45631,0.12106,280,286,4737.0,2518.0,1,0,0
8482073,Braden Schneider,NYR,D,325,V3,OZI,O,0.51119,0.3903,0.12089,545,533,10231.0,6764.0,1,0,0
8482655,J.J. Moser,TBL,D,295,V3,OZI,O,0.55172,0.43088,0.12084,626,697,10857.0,7060.0,1,0,0
8478396,Noah Hanifin,VGK,D,313,V3,OZI,O,0.58594,0.46562,0.12031,986,949,16268.0,8945.0,1,0,0
8475455,Brenden Dillon,NJD,D,323,V3,OZI,O,0.56094,0.44208,0.11886,637,726,11356.0,7752.0,1,0,0
8480807,Mattias Samuelsson,BUF,D,236,V3,OZI,O,0.60536,0.48871,0.11666,502,647,9657.0,7305.0,1,0,0
8476906,Shayne Gostisbehere,CAR,D,281,V3,OZI,O,0.56138,0.44616,0.11522,723,745,12806.0,8869.0,1,0,0
8477365,Connor Clifton,PIT,D,280,V3,OZI,O,0.58205,0.46699,0.11506,440,437,7386.0,5013.0,1,0,0
8480145,Neal Pionk,WPG,D,284,V3,OZI,O,0.58274,0.4692,0.11354,698,691,12455.0,6882.0,1,0,0
8483495,Simon Nemec,NJD,D,155,V3,OZI,O,0.51015,0.39664,0.11351,347,378,7290.0,5065.0,1,0,0
8484798,Zeev Buium,VAN,D,75,V3,OZI,O,0.54585,0.43268,0.11318,201,226,3424.0,2540.0,1,0,0
8482165,Yan Kuznetsov,CGY,D,58,V3,OZI,O,0.54626,0.43391,0.11235,153,165,2378.0,1687.0,1,0,0
8478851,Alexandre Carrier,MTL,D,268,V3,OZI,O,0.59319,0.48356,0.10963,514,505,8370.0,5141.0,1,0,0
8480727,Zach Whitecloud,CGY,D,272,V3,OZI,O,0.55599,0.44641,0.10958,576,581,10797.0,6895.0,1,0,0
8481567,Henry Thrun,TOR,D,124,V3,OZI,O,0.53044,0.42175,0.10869,283,288,5207.0,3035.0,1,0,0
8481719,Maxwell Crozier,TBL,D,53,V3,OZI,O,0.59813,0.48953,0.1086,95,109,1600.0,1146.0,1,0,0
8475181,Nick Leddy,SJS,D,223,V3,OZI,O,0.57881,0.47288,0.10594,496,509,7949.0,5162.0,1,0,0
8480434,Sean Durzi,UTA,D,238,V3,OZI,O,0.5795,0.47452,0.10498,572,658,10956.0,7104.0,1,0,0
8474716,Jared Spurgeon,MIN,D,240,V3,OZI,O,0.59098,0.48865,0.10233,525,644,8557.0,6387.0,1,0,0
8477335,Kyle Burroughs,LAK,D,154,V3,OZI,O,0.56297,0.46202,0.10096,257,313,4359.0,4028.0,1,0,0
8470966,Mark Giordano,TOR,D,124,V3,OZI,O,0.63693,0.53604,0.1009,278,223,3991.0,2317.0,1,0,0
8476457,Adam Larsson,SEA,D,326,V3,OZI,O,0.55907,0.45927,0.0998,945,1071,18402.0,13946.0,1,0,0
8470600,Ryan Suter,STL,D,246,V3,OZI,O,0.58541,0.4865,0.09891,597,591,10695.0,5371.0,1,0,0
8480834,Ty Emberson,EDM,D,177,V3,OZI,O,0.51886,0.41997,0.09889,297,293,5223.0,3205.0,1,0,0
8476874,Olli Määttä,CGY,D,269,V3,OZI,O,0.56265,0.46392,0.09873,585,601,10989.0,6680.0,1,0,0
8477244,Chad Ruhwedel,NYR,D,104,V3,OZI,O,0.48803,0.38954,0.09848,133,126,2213.0,1358.0,1,0,0
8481542,Moritz Seider,DET,D,328,V3,OZI,O,0.57924,0.48177,0.09746,790,737,13813.0,9299.0,1,0,0
8481122,Simon Benoit,TOR,D,293,V3,OZI,O,0.50954,0.41364,0.0959,385,367,6549.0,3578.0,1,0,0
8479026,Philippe Myers,TOR,D,91,V3,OZI,O,0.53316,0.43746,0.09571,154,152,2322.0,1399.0,1,0,0
8476856,Mathew Dumba,PIT,D,229,V3,OZI,O,0.55642,0.46084,0.09558,510,512,8729.0,5312.0,1,0,0
8475233,David Savard,MTL,D,197,V3,OZI,O,0.57537,0.48013,0.09524,343,415,6269.0,5386.0,1,0,0
8483460,David Jiricek,PHI,D,85,V3,OZI,O,0.59098,0.49608,0.0949,132,180,2440.0,1786.0,1,0,0
8476462,Dougie Hamilton,NJD,D,243,V3,OZI,O,0.55052,0.45617,0.09435,686,760,11529.0,7940.0,1,0,0
8482803,Olen Zellweger,ANA,D,164,V3,OZI,O,0.52984,0.43599,0.09385,355,459,6702.0,5624.0,1,0,0
8478854,Ryan Shea,PIT,D,150,V3,OZI,O,0.5734,0.47956,0.09384,246,244,4789.0,3180.0,1,0,0
8481219,Jonathan Aspirot,BOS,D,61,V3,OZI,O,0.58157,0.48832,0.09325,134,121,2311.0,1712.0,1,0,0
8479425,Filip Hronek,VAN,D,287,V3,OZI,O,0.55781,0.46562,0.09219,926,827,17230.0,9177.0,1,0,0
8477495,Seth Jones,FLA,D,254,V3,OZI,O,0.57416,0.48209,0.09207,720,793,12507.0,9268.0,1,0,0
8474090,Brendan Smith,CBJ,D,170,V3,OZI,O,0.5083,0.41626,0.09204,288,298,5542.0,2878.0,1,0,0
8470613,Brent Burns,COL,D,327,V3,OZI,O,0.58171,0.48971,0.092,998,921,19056.0,10153.0,1,0,0
8482100,Alexander Nikishin,CAR,D,81,V3,OZI,O,0.54571,0.45529,0.09042,253,231,4977.0,2561.0,1,0,0
8475747,Patrik Nemeth,UTA,D,75,V3,OZI,O,0.51978,0.42975,0.09003,100,118,1466.0,1210.0,1,0,0
8483448,Isaiah George,NYI,D,37,V3,OZI,O,0.50802,0.41815,0.08986,79,60,1372.0,672.0,1,0,0
8475690,Chris Tanev,TOR,D,226,V3,OZI,O,0.57737,0.4888,0.08857,532,456,7548.0,3126.0,1,0,0
8481178,Egor Zamula,CBJ,D,176,V3,OZI,O,0.56321,0.47466,0.08854,324,304,5403.0,3059.0,1,0,0
8481743,Marc Del Gaizo,NSH,D,55,V3,OZI,O,0.51802,0.42976,0.08825,75,108,1554.0,1438.0,1,0,0
8477504,Josh Morrissey,WPG,D,315,V3,OZI,O,0.58048,0.4924,0.08808,1209,1254,22161.0,13030.0,1,0,0
8481161,Jake Christiansen,CBJ,D,144,V3,OZI,O,0.51266,0.42477,0.08789,200,229,4463.0,2778.0,1,0,0
8473507,Jeff Petry,MIN,D,245,V3,OZI,O,0.54477,0.45693,0.08784,508,550,9270.0,6246.0,1,0,0
8479980,Nicolas Hague,NSH,D,285,V3,OZI,O,0.54552,0.45829,0.08723,648,639,11851.0,7229.0,1,0,0
8481568,Alex Vlasic,CHI,D,245,V3,OZI,O,0.54829,0.46134,0.08695,490,618,8946.0,7049.0,1,0,0
8475279,Ben Chiarot,DET,D,316,V3,OZI,O,0.55961,0.4728,0.08681,774,763,13606.0,8989.0,1,0,0
8478416,Erik Cernak,TBL,D,276,V3,OZI,O,0.56683,0.48018,0.08666,514,585,8514.0,5246.0,1,0,0
8476869,Brady Skjei,NSH,D,324,V3,OZI,O,0.59255,0.5069,0.08565,925,914,16056.0,9704.0,1,0,0
8477810,Joel Hanley,CGY,D,189,V3,OZI,O,0.55357,0.46797,0.0856,420,426,6169.0,3325.0,1,0,0
8481056,Spencer Stastney,EDM,D,117,V3,OZI,O,0.57126,0.4861,0.08516,240,211,4364.0,1979.0,1,0,0
8476892,Colton Parayko,STL,D,301,V3,OZI,O,0.57022,0.4851,0.08511,695,754,10603.0,7518.0,1,0,0
8478454,Noah Juulsen,PHI,D,153,V3,OZI,O,0.56188,0.47685,0.08503,228,293,2707.0,2311.0,1,0,0
8478407,Vince Dunn,SEA,D,282,V3,OZI,O,0.54738,0.46256,0.08482,865,987,16672.0,12889.0,1,0,0
8478397,Rasmus Andersson,VGK,D,319,V3,OZI,O,0.55477,0.46998,0.08479,1070,1098,15347.0,8660.0,1,0,0
8481581,Thomas Harley,DAL,D,233,V3,OZI,O,0.54209,0.4582,0.08389,772,679,15337.0,7643.0,1,0,0
8482105,Jake Sanderson,OTT,D,303,V3,OZI,O,0.58667,0.50302,0.08365,819,710,13868.0,6121.0,1,0,0
8474574,Tyler Myers,DAL,D,299,V3,OZI,O,0.56809,0.48508,0.08301,544,623,8893.0,6535.0,1,0,0
8481527,Kaedan Korczak,VGK,D,154,V3,OZI,O,0.58892,0.50638,0.08254,320,306,5561.0,3525.0,1,0,0
8476473,Connor Murphy,EDM,D,273,V3,OZI,O,0.55576,0.47332,0.08244,428,442,6510.0,4741.0,1,0,0
8475177,Calvin de Haan,NYR,D,159,V3,OZI,O,0.57977,0.4975,0.08226,245,225,4438.0,2203.0,1,0,0
8478178,Darren Raddysh,TBL,D,245,V3,OZI,O,0.57782,0.49669,0.08113,656,686,11912.0,8613.0,1,0,0
8479439,Jacob MacDonald,SJS,D,92,V3,OZI,O,0.60211,0.52131,0.0808,137,96,2277.0,915.0,1,1,3
8475200,Dmitry Orlov,SJS,D,305,V3,OZI,O,0.58688,0.50621,0.08067,801,772,15775.0,9739.0,1,0,0
8474618,Marco Scandella,STL,D,85,V3,OZI,O,0.51696,0.43648,0.08049,97,125,1739.0,976.0,1,0,0
8478136,Jake Middleton,MIN,D,301,V3,OZI,O,0.55546,0.47597,0.07949,644,733,10269.0,8219.0,1,0,0
8479985,Cale Fleury,SEA,D,49,V3,OZI,O,0.64342,0.56398,0.07944,77,88,1262.0,844.0,1,0,0
8478443,Brandon Carlo,TOR,D,289,V3,OZI,O,0.55928,0.48051,0.07877,386,426,6646.0,3823.0,1,0,0
8478460,Zach Werenski,CBJ,D,239,V3,OZI,O,0.55965,0.48091,0.07874,903,973,20336.0,13171.0,1,0,0
8475795,Dylan McIlrath,WSH,D,39,V3,OZI,O,0.50536,0.42669,0.07867,47,55,746.0,607.0,0,0,0
8477950,Tony DeAngelo,NYI,D,212,V3,OZI,O,0.55822,0.48014,0.07808,570,576,10349.0,5890.0,1,0,0
8479371,Dante Fabbro,CBJ,D,277,V3,OZI,O,0.54907,0.47119,0.07788,640,660,12401.0,7549.0,1,0,0
8480070,Ian Mitchell,BOS,D,63,V3,OZI,O,0.55359,0.47736,0.07623,123,123,1810.0,1016.0,1,0,0
8480839,Rasmus Dahlin,BUF,D,309,V3,OZI,O,0.59658,0.5208,0.07578,966,1241,16940.0,14376.0,1,0,0
8481524,Bowen Byram,BUF,D,279,V3,OZI,O,0.55168,0.47591,0.07577,744,816,14222.0,9090.0,1,0,0
8475462,Radko Gudas,ANA,D,275,V3,OZI,O,0.551,0.47602,0.07498,482,582,9588.0,6443.0,1,0,0
8474145,Robert Bortuzzo,UTA,D,87,V3,OZI,O,0.5765,0.50225,0.07426,131,142,1745.0,890.0,1,0,0
8475750,Jon Merrill,MIN,D,208,V3,OZI,O,0.60343,0.52926,0.07417,294,342,5482.0,3059.0,1,0,0
8474612,Travis Hamonic,DET,D,208,V3,OZI,O,0.53696,0.46283,0.07413,436,422,7522.0,4412.0,1,0,0
8478038,Devon Toews,COL,D,305,V3,OZI,O,0.5589,0.48479,0.07412,1207,1215,22333.0,12655.0,1,0,0
8475171,Oliver Ekman-Larsson,TOR,D,289,V3,OZI,O,0.5578,0.48421,0.07359,904,775,13469.0,6776.0,1,0,0
8478450,Parker Wotherspoon,PIT,D,188,V3,OZI,O,0.52929,0.45597,0.07332,342,389,6641.0,4463.0,1,0,0
8475218,Mattias Ekholm,EDM,D,303,V3,OZI,O,0.59547,0.52248,0.07298,971,900,17603.0,9407.0,1,0,0
8475197,Tyson Barrie,CGY,D,139,V3,OZI,O,0.56022,0.48725,0.07296,315,305,5937.0,3099.0,1,0,0
8481537,Nikita Okhotiuk,CGY,D,62,V3,OZI,O,0.53173,0.45898,0.07275,112,116,1875.0,1414.0,1,0,0
8476854,Hampus Lindholm,BOS,D,237,V3,OZI,O,0.58247,0.50995,0.07253,550,570,9312.0,6132.0,1,0,0
8482095,Tyler Kleven,OTT,D,166,V3,OZI,O,0.58472,0.51239,0.07234,329,327,4792.0,3189.0,1,0,0
8482131,Donovan Sebrango,FLA,D,44,V3,OZI,O,0.59441,0.52231,0.0721,62,84,1144.0,919.0,1,0,0
8480058,Pierre-Olivier Joseph,VAN,D,205,V3,OZI,O,0.5134,0.44137,0.07203,429,372,7538.0,3718.0,1,0,0
8481806,Louis Crevier,CHI,D,134,V3,OZI,O,0.51581,0.44409,0.07172,179,211,2941.0,1869.0,1,0,0
8474568,Luke Schenn,BUF,D,259,V3,OZI,O,0.54364,0.47211,0.07153,438,419,7573.0,4410.0,1,0,0
8480246,Nick Perbix,NSH,D,298,V3,OZI,O,0.53702,0.46597,0.07105,652,663,11277.0,6406.0,1,0,0
8479372,Joshua Mahura,SEA,D,199,V3,OZI,O,0.62193,0.55113,0.0708,367,383,6184.0,4088.0,1,0,0
8477969,Marcus Pettersson,VAN,D,309,V3,OZI,O,0.5633,0.49316,0.07014,805,756,14470.0,9575.0,1,0,0
8480196,Jacob Bryson,WPG,D,193,V3,OZI,O,0.5846,0.51457,0.07003,276,306,4557.0,2814.0,1,0,0
8478021,William Lagesson,DET,D,47,V3,OZI,O,0.5225,0.45333,0.06917,72,69,1200.0,675.0,1,0,0
8480860,Kevin Bahl,CGY,D,273,V3,OZI,O,0.54124,0.47208,0.06915,634,695,10755.0,5821.0,1,0,0
8483485,Denton Mateychuk,CBJ,D,120,V3,OZI,O,0.54712,0.47803,0.06909,235,290,4913.0,3073.0,1,0,0
8482762,Simon Edvinsson,DET,D,175,V3,OZI,O,0.5678,0.4998,0.068,413,427,7478.0,4972.0,1,0,0
8484223,Axel Sandin-Pellikka,DET,D,68,V3,OZI,O,0.52954,0.46162,0.06792,167,151,3216.0,1863.0,1,0,0
8476923,Damon Severson,CBJ,D,289,V3,OZI,O,0.548,0.48015,0.06785,738,794,14261.0,9420.0,1,0,0
8478452,Caleb Jones,PIT,D,111,V3,OZI,O,0.54105,0.4735,0.06755,215,209,3959.0,2264.0,1,0,0
8476931,Jake McCabe,TOR,D,295,V3,OZI,O,0.53015,0.46264,0.06751,687,572,10448.0,5045.0,1,0,0
8484321,Nikolas Matinpalo,OTT,D,95,V3,OZI,O,0.5397,0.47246,0.06723,149,143,2116.0,1035.0,1,0,0
8478013,Jake Walman,EDM,D,243,V3,OZI,O,0.51773,0.45175,0.06598,623,549,11846.0,6829.0,1,0,0
8476958,Jaccob Slavin,CAR,D,276,V3,OZI,O,0.58075,0.51492,0.06583,910,835,18259.0,9817.0,1,0,0
8476891,Matt Grzelcyk,CHI,D,289,V3,OZI,O,0.52102,0.45583,0.06519,830,839,13247.0,8955.0,1,0,0
8474565,Alex Pietrangelo,VGK,D,209,V3,OZI,O,0.56937,0.50421,0.06516,665,613,11676.0,7479.0,1,0,0
8480172,Jan Rutta,SJS,D,180,V3,OZI,O,0.51928,0.45452,0.06476,347,331,6484.0,3320.0,1,0,0
8484150,Hunter Brzustewicz,CGY,D,34,V3,OZI,O,0.57852,0.51382,0.06469,72,72,1350.0,868.0,1,0,0
8477971,Andreas Englund,NSH,D,167,V3,OZI,O,0.56755,0.50344,0.06411,223,242,4056.0,2614.0,1,0,0
8480001,Urho Vaakanainen,NYR,D,176,V3,OZI,O,0.5116,0.44802,0.06357,261,271,5088.0,3136.0,1,0,0
8482964,Arber Xhekaj,MTL,D,230,V3,OZI,O,0.54769,0.48466,0.06303,372,410,7172.0,4562.0,1,0,0
8482144,Jack Thompson,SJS,D,34,V3,OZI,O,0.53433,0.47165,0.06268,65,82,1340.0,776.0,1,0,0
8483619,Filip Roos,CHI,D,21,V3,OZI,O,0.47018,0.40793,0.06225,46,34,721.0,353.0,0,0,0
8475208,Brian Dumoulin,LAK,D,323,V3,OZI,O,0.54229,0.48014,0.06215,710,774,13727.0,8385.0,1,0,0
8476979,Erik Gustafsson,DET,D,208,V3,OZI,O,0.55909,0.49696,0.06213,533,540,10560.0,6091.0,1,0,0
8480222,Sebastian Aho,NYI,D,129,V3,OZI,O,0.56064,0.49868,0.06196,298,336,4939.0,3798.0,1,0,0
8480036,Miro Heiskanen,DAL,D,277,V3,OZI,O,0.56847,0.50662,0.06185,1096,979,20504.0,9966.0,1,0,0
8479458,Nikita Zaitsev,CHI,D,84,V3,OZI,O,0.54046,0.47922,0.06124,164,189,2657.0,2045.0,1,0,0
8480035,Henri Jokiharju,BOS,D,235,V3,OZI,O,0.5784,0.51761,0.0608,584,672,9770.0,7156.0,1,0,0
8480887,Jordan Harris,BOS,D,162,V3,OZI,O,0.50602,0.44539,0.06063,216,269,4735.0,3882.0,1,0,0
8476875,Mike Matheson,MTL,D,288,V3,OZI,O,0.54522,0.48475,0.06048,668,700,14196.0,9409.0,1,0,0
8482111,Justin Barron,NSH,D,200,V3,OZI,O,0.54186,0.4814,0.06046,447,510,7847.0,5243.0,1,0,0
8476331,Dylan DeMelo,WPG,D,320,V3,OZI,O,0.5519,0.49159,0.0603,999,1068,17824.0,10291.0,1,0,0
8478469,Thomas Chabot,OTT,D,256,V3,OZI,O,0.56066,0.50117,0.05948,754,749,14203.0,8101.0,1,0,0
8476372,Nick Seeler,PHI,D,305,V3,OZI,O,0.56675,0.5074,0.05935,577,699,8974.0,6894.0,1,0,0
8482911,Joel Nystrom,CAR,D,38,V3,OZI,O,0.49814,0.43911,0.05902,116,116,1877.0,1084.0,1,0,0
8477932,Aaron Ekblad,FLA,D,250,V3,OZI,O,0.57308,0.51427,0.05881,664,707,11091.0,6588.0,1,0,0
8482671,Owen Power,BUF,D,315,V3,OZI,O,0.55297,0.49455,0.05842,834,1002,14970.0,12029.0,1,0,0
8473446,Erik Johnson,COL,D,166,V3,OZI,O,0.5455,0.48735,0.05815,288,286,4407.0,2569.0,1,0,0
8484258,Sam Malinski,COL,D,180,V3,OZI,O,0.56076,0.50262,0.05814,326,353,7044.0,3623.0,1,0,0
8483425,Lian Bichsel,DAL,D,88,V3,OZI,O,0.48755,0.42966,0.05789,165,136,3052.0,1443.0,1,0,0
8481014,Alexander Romanov,NYI,D,236,V3,OZI,O,0.53046,0.47264,0.05782,572,545,11309.0,6104.0,1,0,0
8474151,Ryan McDonagh,TBL,D,275,V3,OZI,O,0.52774,0.46996,0.05778,606,688,11282.0,6924.0,1,0,0
8481546,Cam York,PHI,D,276,V3,OZI,O,0.59854,0.54117,0.05737,687,756,10990.0,6497.0,1,0,0
8483565,Nick Blankenburg,COL,D,168,V3,OZI,O,0.52841,0.47113,0.05728,357,386,5755.0,3602.0,1,0,0
8481563,Drew Helleson,ANA,D,119,V3,OZI,O,0.58078,0.5237,0.05708,230,298,4401.0,3756.0,1,0,0
8478399,Jonas Siegenthaler,NJD,D,274,V3,OZI,O,0.53792,0.48113,0.05679,647,687,11076.0,7156.0,1,0,0
8477346,MacKenzie Weegar,UTA,D,322,V3,OZI,O,0.55057,0.49384,0.05673,1036,1087,15255.0,8766.0,1,0,0
8476463,Jonas Brodin,MIN,D,234,V3,OZI,O,0.5394,0.48273,0.05666,599,728,11283.0,8166.0,1,0,0
8477845,Trevor van Riemsdyk,WSH,D,295,V3,OZI,O,0.55119,0.49465,0.05654,607,648,10940.0,6635.0,1,0,0
8480336,Sean Walker,CAR,D,314,V3,OZI,O,0.57407,0.51757,0.0565,789,828,14932.0,9906.0,1,0,0
8479402,Jake Bean,CGY,D,166,V3,OZI,O,0.47593,0.41959,0.05634,320,398,5900.0,3675.0,1,0,0
8477948,Travis Sanheim,PHI,D,325,V3,OZI,O,0.5821,0.52604,0.05607,806,922,13422.0,8718.0,1,0,0
8476885,Jacob Trouba,ANA,D,308,V3,OZI,O,0.56976,0.51373,0.05602,715,822,12637.0,9649.0,1,0,0
8474673,TJ Brodie,CHI,D,190,V3,OZI,O,0.55243,0.49726,0.05517,496,463,9031.0,4919.0,1,0,0
8479576,Vincent Desharnais,SJS,D,218,V3,OZI,O,0.5422,0.48712,0.05509,400,377,6966.0,3997.0,1,0,0
8471709,Marc-Edouard Vlasic,SJS,D,162,V3,OZI,O,0.58977,0.53601,0.05376,251,260,4556.0,2069.0,1,0,0
8480796,Martin Fehérváry,WSH,D,295,V3,OZI,O,0.55752,0.50397,0.05356,590,599,11874.0,6431.0,1,0,0
8479369,Andrew Peeke,BOS,D,271,V3,OZI,O,0.5275,0.47455,0.05295,553,566,10235.0,6130.0,1,0,0
8477018,Ben Hutton,VGK,D,138,V3,OZI,O,0.55556,0.50334,0.05222,328,311,6300.0,3145.0,1,0,0
8479442,Troy Stecher,TOR,D,265,V3,OZI,O,0.51361,0.46184,0.05177,448,467,7422.0,4874.0,1,0,0
8477433,Ben Harpur,NYR,D,42,V3,OZI,O,0.46139,0.4098,0.05159,71,79,1062.0,898.0,1,0,0
8480865,Noah Dobson,MTL,D,308,V3,OZI,O,0.55602,0.50564,0.05037,913,865,18298.0,10365.0,1,0,0
8483457,Lane Hutson,MTL,D,166,V3,OZI,O,0.55016,0.50043,0.04973,523,517,9659.0,6980.0,1,0,0
8478859,Niko Mikkola,FLA,D,307,V3,OZI,O,0.57739,0.52892,0.04847,721,802,12437.0,7659.0,1,0,0
8482176,Wyatt Kaiser,CHI,D,175,V3,OZI,O,0.55958,0.51226,0.04732,339,424,4884.0,4812.0,1,0,0
8485366,Matthew Schaefer,NYI,D,82,V3,OZI,O,0.53988,0.49264,0.04724,228,190,4438.0,2379.0,1,0,0
8481606,Jordan Spence,OTT,D,229,V3,OZI,O,0.59711,0.55026,0.04685,551,553,9839.0,6546.0,1,0,0
8475167,Victor Hedman,TBL,D,266,V3,OZI,O,0.5278,0.48131,0.0465,799,844,14386.0,10405.0,1,0,0
8471303,Alexander Edler,LAK,D,64,V3,OZI,O,0.58613,0.53976,0.04637,129,127,2595.0,1660.0,1,0,0
8476988,Matt Benning,TOR,D,99,V3,OZI,O,0.54668,0.50042,0.04626,156,137,2603.0,1199.0,1,0,0
8480073,Erik Brannstrom,VAN,D,178,V3,OZI,O,0.56734,0.52113,0.04621,366,403,6289.0,4141.0,1,0,0
8480891,Michael Kesselring,BUF,D,190,V3,OZI,O,0.58545,0.53981,0.04564,417,486,6641.0,4785.0,1,0,0
8475324,Nick Jensen,OTT,D,287,V3,OZI,O,0.52447,0.47886,0.04562,568,614,10235.0,6503.0,1,0,0
8476792,Torey Krug,STL,D,140,V3,OZI,O,0.51969,0.47438,0.04531,398,460,6400.0,3883.0,1,0,0
8475753,Justin Faulk,DET,D,298,V3,OZI,O,0.54039,0.49577,0.04462,793,847,13396.0,7800.0,1,0,0
8474600,Roman Josi,NSH,D,270,V3,OZI,O,0.54104,0.49663,0.04441,1045,1023,20152.0,11264.0,1,0,0
8482624,Daniil Miromanov,CGY,D,83,V3,OZI,O,0.47417,0.43051,0.04366,209,231,3581.0,2209.0,1,0,0
8476902,Esa Lindell,DAL,D,326,V3,OZI,O,0.54094,0.49749,0.04345,675,554,13055.0,5785.0,1,0,0
8477507,Nikita Zadorov,BOS,D,319,V3,OZI,O,0.54245,0.4995,0.04295,795,776,13557.0,7009.0,1,0,0
8478507,John Marino,UTA,D,253,V3,OZI,O,0.52571,0.48283,0.04289,639,601,10422.0,5882.0,1,0,0
8476449,Scott Harrington,ANA,D,45,V3,OZI,O,0.41565,0.37313,0.04252,77,103,1150.0,737.0,1,0,0
8480069,Cale Makar,COL,D,291,V3,OZI,O,0.53971,0.49753,0.04218,1217,1197,22536.0,13376.0,1,0,0
8479345,Jakob Chychrun,WSH,D,284,V3,OZI,O,0.52577,0.48447,0.0413,830,888,16277.0,11140.0,1,0,0
8482700,Nolan Allan,CHI,D,43,V3,OZI,O,0.45118,0.41006,0.04112,50,69,891.0,895.0,1,0,0
8481607,Albert Johansson,DET,D,143,V3,OZI,O,0.50786,0.46703,0.04083,300,328,4962.0,3518.0,1,0,0
8480803,Evan Bouchard,EDM,D,326,V3,OZI,O,0.58068,0.53991,0.04077,1061,1021,19925.0,12354.0,1,0,0
8478911,Matt Roy,WSH,D,311,V3,OZI,O,0.52084,0.48085,0.03998,721,732,13509.0,8148.0,1,0,0
8478882,Vladislav Gavrikov,NYR,D,313,V3,OZI,O,0.5035,0.46353,0.03997,833,795,15301.0,9611.0,1,0,0
8476467,Jamie Oleksiak,SEA,D,317,V3,OZI,O,0.53954,0.49965,0.03989,540,603,9940.0,7129.0,1,0,0
8483490,Pavel Mintyukov,ANA,D,203,V3,OZI,O,0.56649,0.52677,0.03972,367,483,7054.0,6033.0,1,0,0
8477506,Ryan Pulock,NYI,D,290,V3,OZI,O,0.52815,0.48895,0.0392,723,682,11565.0,7013.0,1,0,0
8478970,Jalen Chatfield,CAR,D,301,V3,OZI,O,0.57219,0.53412,0.03807,842,744,16159.0,8352.0,1,0,0
8476429,Scott Mayfield,NYI,D,269,V3,OZI,O,0.55623,0.51894,0.03729,492,489,8723.0,5068.0,1,0,0
8480950,Ilya Lyubushkin,DAL,D,275,V3,OZI,O,0.52302,0.48611,0.03691,463,445,7885.0,4211.0,1,0,0
8474628,Michael Stone,CGY,D,48,V3,OZI,O,0.52806,0.49155,0.0365,106,109,1301.0,592.0,1,0,0
8477369,Carson Soucy,NYI,D,269,V3,OZI,O,0.54097,0.50518,0.03579,477,530,8250.0,4537.0,1,0,0
8475179,Dmitry Kulikov,FLA,D,232,V3,OZI,O,0.56063,0.52541,0.03522,563,623,9261.0,5411.0,1,0,0
8477938,Haydn Fleury,WPG,D,129,V3,OZI,O,0.46304,0.42822,0.03482,181,170,3436.0,2006.0,1,0,0
8476853,Morgan Rielly,TOR,D,297,V3,OZI,O,0.5363,0.50223,0.03408,1087,911,16955.0,8759.0,1,0,0
8477447,Shea Theodore,VGK,D,240,V3,OZI,O,0.55139,0.51732,0.03407,807,739,14322.0,7245.0,1,0,0
8476525,Colin Miller,WPG,D,202,V3,OZI,O,0.52611,0.49223,0.03387,491,472,9251.0,5473.0,1,0,0
8478500,Ivan Provorov,CBJ,D,328,V3,OZI,O,0.54563,0.51189,0.03374,780,928,15188.0,9885.0,1,0,0
8471724,Kris Letang,PIT,D,294,V3,OZI,O,0.53012,0.49645,0.03367,978,877,18707.0,11000.0,1,0,0
8479998,Mikey Anderson,LAK,D,307,V3,OZI,O,0.52936,0.49633,0.03303,692,732,13949.0,9262.0,1,0,0
8482245,Artem Zub,OTT,D,259,V3,OZI,O,0.54823,0.51542,0.03281,596,549,10191.0,4474.0,1,0,0
8478055,Gustav Forsling,FLA,D,321,V3,OZI,O,0.55508,0.52342,0.03166,927,948,16194.0,9650.0,1,0,0
8475718,Justin Holl,STL,D,199,V3,OZI,O,0.56215,0.53089,0.03126,395,396,6911.0,4144.0,1,0,0
8480800,Quinn Hughes,MIN,D,302,V3,OZI,O,0.54827,0.51704,0.03123,1044,1001,20012.0,13144.0,1,0,0
8484768,Zayne Parekh,CGY,D,37,V3,OZI,O,0.44742,0.41638,0.03105,121,110,1864.0,1148.0,1,0,0
8474207,Nick Holden,OTT,D,65,V3,OZI,O,0.55365,0.52268,0.03096,118,113,1864.0,1058.0,1,0,0
8476917,Adam Pelech,NYI,D,261,V3,OZI,O,0.57533,0.54456,0.03077,715,643,11967.0,6642.0,1,0,0
8477488,Brett Pesce,NJD,D,261,V3,OZI,O,0.55772,0.52747,0.03025,832,794,15619.0,9430.0,1,0,0
8478017,Mark Friedman,VAN,D,51,V3,OZI,O,0.60443,0.5749,0.02953,86,106,1489.0,781.0,1,0,0
8480879,Jacob Bernard-Docker,DET,D,194,V3,OZI,O,0.52827,0.49875,0.02952,346,411,5624.0,4395.0,1,0,0
8476779,Brad Hunt,COL,D,47,V3,OZI,O,0.45161,0.42219,0.02942,53,54,961.0,694.0,1,0,0
8479983,Mario Ferraro,SJS,D,310,V3,OZI,O,0.50221,0.47309,0.02912,702,720,14016.0,7935.0,1,0,1
8474563,Drew Doughty,LAK,D,264,V3,OZI,O,0.55765,0.5291,0.02855,723,769,14857.0,8505.0,1,0,0
8474031,Kevin Shattenkirk,BOS,D,136,V3,OZI,O,0.53302,0.50449,0.02853,266,308,4709.0,3451.0,1,0,0
8484305,Zach Metsa,BUF,D,43,V3,OZI,O,0.39822,0.36986,0.02836,49,65,786.0,876.0,0,0,0
8479324,Ryan Lindgren,SEA,D,286,V3,OZI,O,0.54406,0.51571,0.02835,721,806,11859.0,7830.0,1,0,0
8480873,Rasmus Sandin,WSH,D,294,V3,OZI,O,0.51771,0.48937,0.02834,702,783,12055.0,8423.0,1,0,0
8480160,Radim Simek,SJS,D,44,V3,OZI,O,0.50953,0.48247,0.02706,53,67,944.0,485.0,1,0,0
8477498,Darnell Nurse,EDM,D,320,V3,OZI,O,0.54628,0.51958,0.0267,892,817,16391.0,10522.0,1,0,0
8477073,Kurtis MacDermid,OTT,D,131,V3,OZI,O,0.46605,0.43937,0.02668,77,103,1193.0,569.0,1,2,1
8479398,Samuel Girard,PIT,D,268,V3,OZI,O,0.52805,0.50175,0.0263,690,730,11800.0,7139.0,1,0,0
8483466,Kevin Korchinski,CHI,D,105,V3,OZI,O,0.54243,0.51694,0.02549,270,281,5315.0,3513.0,1,0,0
8479976,Juuso Välimäki,UTA,D,189,V3,OZI,O,0.54577,0.52043,0.02534,408,424,6948.0,3941.0,1,0,0
8482122,Brock Faber,MIN,D,242,V3,OZI,O,0.51668,0.49146,0.02522,690,781,11872.0,9541.0,1,0,0
8481605,Jackson LaCombe,ANA,D,229,V3,OZI,O,0.51102,0.48652,0.0245,478,646,8395.0,7381.0,1,0,0
8482733,Logan Mailloux,STL,D,74,V3,OZI,O,0.48722,0.46308,0.02414,164,177,3130.0,1544.0,1,0,0
8482684,Luke Hughes,NJD,D,223,V3,OZI,O,0.51638,0.49382,0.02256,719,688,13552.0,8335.0,1,0,0
8476967,Brett Kulak,COL,D,328,V3,OZI,O,0.51008,0.48825,0.02183,735,766,14382.0,8936.0,1,0,0
8477435,Ryan Graves,PIT,D,231,V3,OZI,O,0.54616,0.52516,0.021,436,414,9023.0,5147.0,1,0,0
8476422,Mike Reilly,CAR,D,131,V3,OZI,O,0.57656,0.55559,0.02097,339,372,5767.0,3607.0,1,0,0
8479578,Casey Fitzgerald,FLA,D,27,V3,OZI,O,0.43303,0.41212,0.02091,33,38,545.0,330.0,0,0,0
8480049,Dylan Samberg,WPG,D,266,V3,OZI,O,0.53411,0.51326,0.02085,500,488,8912.0,4941.0,1,0,0
8482087,Kaiden Guhle,MTL,D,208,V3,OZI,O,0.53391,0.51327,0.02064,463,410,9378.0,4485.0,1,0,0
8478840,Will Borgen,NYR,D,323,V3,OZI,O,0.55043,0.53017,0.02026,565,550,9567.0,5419.0,1,0,0
8477986,Brandon Montour,SEA,D,290,V3,OZI,O,0.54072,0.52198,0.01875,764,872,14181.0,10125.0,1,0,0
8474013,Ian Cole,UTA,D,319,V3,OZI,O,0.56197,0.54328,0.01869,578,651,10061.0,6827.0,1,0,0
8482641,Matt Kiersted,MIN,D,28,V3,OZI,O,0.51864,0.50123,0.01741,28,50,617.0,407.0,0,0,0
8480990,Declan Chisholm,WSH,D,123,V3,OZI,O,0.53806,0.52169,0.01637,199,248,4204.0,2605.0,1,0,0
8482482,Adam Wilsby,NSH,D,80,V3,OZI,O,0.5105,0.49426,0.01624,150,155,2666.0,1916.0,1,0,0
8481030,Jack St. Ivany,PIT,D,53,V3,OZI,O,0.56676,0.55053,0.01623,83,88,1408.0,1217.0,1,0,0
8479378,Logan Stanley,BUF,D,183,V3,OZI,O,0.52397,0.50829,0.01567,258,261,5779.0,3437.0,1,0,0
8478408,Travis Dermott,MIN,D,80,V3,OZI,O,0.52334,0.50784,0.0155,133,140,2335.0,1339.0,1,0,0
8481598,Philip Broberg,STL,D,206,V3,OZI,O,0.54494,0.53131,0.01363,460,505,8078.0,5206.0,1,0,0
8475797,Jarred Tinordi,CHI,D,96,V3,OZI,O,0.55157,0.53815,0.01343,90,115,1367.0,1219.0,1,0,0
8476879,Cody Ceci,LAK,D,326,V3,OZI,O,0.49297,0.47983,0.01314,697,707,13861.0,7932.0,1,0,0
8479395,Dennis Cholowski,NJD,D,58,V3,OZI,O,0.4974,0.4845,0.01291,90,79,1347.0,774.0,1,0,0
8479325,Charlie McAvoy,BOS,D,260,V3,OZI,O,0.56232,0.55092,0.01141,890,902,13478.0,10203.0,1,0,0
8482516,Matthew Kessel,STL,D,99,V3,OZI,O,0.50412,0.494,0.01012,154,181,2791.0,1583.0,1,0,0
8480192,Johnathan Kovacevic,NJD,D,254,V3,OZI,O,0.52877,0.5192,0.00957,423,436,7839.0,4844.0,1,0,0
8481006,Tyler Tucker,STL,D,158,V3,OZI,O,0.51458,0.50509,0.00949,243,249,4114.0,1964.0,1,0,0
8477220,Nate Schmidt,UTA,D,295,V3,OZI,O,0.54274,0.53354,0.0092,675,656,11370.0,6783.0,1,0,0
8475188,Brayden McNabb,VGK,D,310,V3,OZI,O,0.55118,0.54266,0.00852,832,788,14790.0,8438.0,1,0,0
8474602,Justin Schultz,SEA,D,143,V3,OZI,O,0.48344,0.4767,0.00674,285,379,4468.0,3755.0,1,0,0
8479323,Adam Fox,NYR,D,283,V3,OZI,O,0.56206,0.55765,0.00441,968,983,17089.0,10711.0,1,0,0
8482192,Isaak Phillips,WPG,D,55,V3,OZI,O,0.52057,0.5166,0.00397,73,101,1118.0,1235.0,1,0,0
8482142,Jamie Drysdale,PHI,D,190,V3,OZI,O,0.5461,0.54312,0.00298,503,528,8980.0,5334.0,1,0,0
8481541,Samuel Bolduc,NYI,D,52,V3,OZI,O,0.47088,0.46803,0.00285,94,110,1597.0,1173.0,1,0,0
8482126,Emil Andrae,PHI,D,107,V3,OZI,O,0.50415,0.50157,0.00258,205,238,3255.0,1916.0,1,2,1
8477499,Rasmus Ristolainen,PHI,D,212,V3,OZI,O,0.57408,0.57322,0.00087,426,461,5757.0,4077.0,1,0,0
8474567,Zach Bogosian,MIN,D,233,V3,OZI,O,0.49854,0.49971,-0.00118,361,439,6834.0,5233.0,1,1,1
8481599,Victor Soderstrom,BOS,D,41,V3,OZI,O,0.51155,0.51288,-0.00133,80,82,1126.0,893.0,1,0,0
8482094,Daemon Hunt,MIN,D,45,V3,OZI,O,0.5251,0.52859,-0.00349,63,61,996.0,647.0,1,0,0
8479945,Gavin Bayreuther,CBJ,D,51,V3,OZI,O,0.4996,0.50405,-0.00445,99,116,1239.0,1236.0,1,0,0
8475790,Erik Gudbranson,CBJ,D,201,V3,OZI,O,0.46199,0.46668,-0.00469,418,502,7091.0,5102.0,1,0,0
8471677,Jack Johnson,CBJ,D,204,V3,OZI,O,0.47926,0.48459,-0.00533,280,284,5713.0,3050.0,1,0,0
8478430,Oliver Kylington,ANA,D,52,V3,OZI,O,0.42785,0.43348,-0.00562,126,121,1788.0,1165.0,1,0,0
8480184,Gustav Lindstrom,ANA,D,82,V3,OZI,O,0.45892,0.46612,-0.0072,141,152,2556.0,2066.0,1,0,0
8475227,Chris Wideman,MTL,D,46,V3,OZI,O,0.46718,0.47465,-0.00747,106,108,1417.0,1144.0,1,0,0
8477851,Jordan Oesterle,NSH,D,112,V3,OZI,O,0.53633,0.54495,-0.00862,225,235,4294.0,2503.0,1,0,0
8480817,K'Andre Miller,CAR,D,305,V3,OZI,O,0.55687,0.56695,-0.01008,809,836,15377.0,10373.0,1,0,0
8471686,Marc Staal,PHI,D,117,V3,OZI,O,0.51231,0.52339,-0.01108,229,289,3818.0,2694.0,1,0,0
8482929,Emil Lilleberg,TBL,D,163,V3,OZI,O,0.50521,0.51632,-0.01111,315,324,5469.0,3217.0,1,0,0
8481059,Scott Perunovich,NYI,D,89,V3,OZI,O,0.48509,0.49853,-0.01344,198,187,3554.0,1695.0,1,0,0
8481593,Jayden Struble,MTL,D,171,V3,OZI,O,0.53763,0.55151,-0.01388,314,300,6086.0,3873.0,1,0,0
8482511,Mason Lohrei,BOS,D,191,V3,OZI,O,0.51885,0.53559,-0.01674,470,481,7507.0,5633.0,1,0,0
8474166,Alec Martinez,CHI,D,176,V3,OZI,O,0.4895,0.50811,-0.01861,427,389,7571.0,4873.0,1,0,0
8471274,Alex Goligoski,MIN,D,82,V3,OZI,O,0.5482,0.56687,-0.01867,155,178,2552.0,1847.0,1,0,0
8475764,Cam Fowler,STL,D,312,V3,OZI,O,0.50701,0.52664,-0.01964,833,935,14560.0,10603.0,1,0,0
8482067,Connor Mackey,NYR,D,36,V3,OZI,O,0.5193,0.5392,-0.0199,54,65,855.0,523.0,1,0,0
8478451,Ethan Bear,WSH,D,85,V3,OZI,O,0.53361,0.55853,-0.02492,189,209,3422.0,1794.0,1,0,0
8480871,Adam Boqvist,NYI,D,144,V3,OZI,O,0.46706,0.49269,-0.02563,344,391,5267.0,4512.0,1,0,0
8475762,Derek Forbort,VAN,D,145,V3,OZI,O,0.54319,0.57711,-0.03392,204,203,2813.0,1861.0,1,0,0
8475857,Kevin Gravel,NSH,D,29,V3,OZI,O,0.50625,0.54054,-0.03429,46,40,800.0,370.0,0,0,0
8480043,Timothy Liljegren,WSH,D,238,V3,OZI,O,0.53359,0.56899,-0.0354,589,596,10004.0,5740.0,1,0,0
8482178,Ian Moore,ANA,D,69,V3,OZI,O,0.55358,0.58901,-0.03543,105,134,1801.0,1219.0,1,0,1
8479421,Jacob Moverare,LAK,D,90,V3,OZI,O,0.46226,0.49957,-0.03732,137,122,2570.0,1169.0,1,0,0
8484783,Artyom Levshunov,CHI,D,86,V3,OZI,O,0.49053,0.53004,-0.03951,202,260,3592.0,3462.0,1,0,0
8480426,Charle-Edouard D'Astous,TBL,D,70,V3,OZI,O,0.46341,0.51017,-0.04676,145,169,2460.0,2015.0,1,0,0
8483620,Marcus Bjork,CBJ,D,33,V3,OZI,O,0.43797,0.4989,-0.06093,58,71,806.0,906.0,1,0,0
8481812,Nikolai Knyzhov,SJS,D,22,V3,OZI,O,0.48201,0.54417,-0.06216,45,38,778.0,283.0,0,0,0
8481206,John Ludvig,COL,D,41,V3,OZI,O,0.52109,0.58857,-0.06748,34,39,735.0,525.0,0,0,0
8479984,Cal Foote,NJD,D,54,V3,OZI,O,0.3705,0.43846,-0.06797,55,76,888.0,910.0,1,0,0
8481167,Brayden Pachal,CGY,D,174,V3,OZI,O,0.44171,0.51764,-0.07593,304,344,4752.0,2608.0,1,0,0
8482166,Shakir Mukhamadullin,SJS,D,83,V3,OZI,O,0.40338,0.48027,-0.07689,164,170,2722.0,1774.0,1,0,0
8479639,Dylan Coghlan,VGK,D,27,V3,OZI,O,0.52356,0.60236,-0.0788,58,51,1146.0,508.0,1,0,0
8483768,Victor Mancini,VAN,D,55,V3,OZI,O,0.53251,0.61738,-0.08487,100,105,1953.0,1427.0,1,0,0
8481072,Tim Berni,CBJ,D,59,V3,OZI,O,0.44837,0.53598,-0.08761,114,126,1782.0,1584.0,1,0,0
8482666,Scott Morrow,NYR,D,45,V3,OZI,O,0.51372,0.61279,-0.09908,104,94,1859.0,1188.0,1,0,0
8480831,Alec Regula,EDM,D,33,V3,OZI,O,0.44085,0.55121,-0.11036,62,59,1082.0,537.0,1,0,0
8481609,Vladislav Kolyachonok,BOS,D,55,V3,OZI,O,0.40901,0.52433,-0.11532,109,89,1753.0,637.0,1,0,0
8481572,Ville Heinola,WPG,D,32,V3,OZI,O,0.42857,0.54464,-0.11607,47,36,875.0,448.0,0,0,0
8482470,Ilya Solovyov,PIT,D,45,V3,OZI,O,0.52531,0.6652,-0.13989,71,75,1146.0,681.0,1,0,0
8483510,Elias Salomonsson,WPG,D,32,V3,OZI,O,0.42189,0.58084,-0.15895,70,81,1133.0,835.0,1,0,0
8475625,Matt Irwin,WSH,D,61,V3,OZI,O,0.3943,0.56226,-0.16796,71,65,1438.0,514.0,1,0,0
8484314,Jiri Smejkal,OTT,L,20,V3,OZI,O,0.65027,0.2119,0.43838,13,26,183.0,269.0,0,9,15
8480844,Grigori Denisenko,VGK,L,25,V3,OZI,O,0.88235,0.51934,0.36302,19,32,221.0,181.0,0,0,1
8482132,Brett Berard,NYR,L,48,V3,OZI,O,0.6291,0.36253,0.26658,57,59,1127.0,491.0,1,3,4
8476915,Jujhar Khaira,MIN,L,52,V3,OZI,O,0.70914,0.45576,0.25338,39,43,777.0,599.0,0,125,124
8477931,Tomas Nosek,FLA,L,182,V3,OZI,O,0.5818,0.36755,0.21425,154,160,2714.0,1442.0,1,684,555
8474157,Max Pacioretty,TOR,L,89,V3,OZI,O,0.62302,0.43207,0.19095,139,172,2337.0,1796.0,1,10,15
8476882,Teuvo Teravainen,CHI,L,301,V3,OZI,O,0.59376,0.42191,0.17185,552,569,10036.0,6307.0,1,134,159
8483491,Ivan Miroshnichenko,WSH,L,52,V3,OZI,O,0.61589,0.44612,0.16977,52,74,1057.0,993.0,1,0,2
8481550,Adam Beckman,MIN,L,20,V3,OZI,O,0.7,0.53153,0.16847,14,23,190.0,222.0,0,0,1
8484388,Daniil But,UTA,L,29,V3,OZI,O,0.5308,0.36254,0.16826,38,63,552.0,662.0,0,6,13
8481133,Cole Reinhardt,FLA,L,76,V3,OZI,O,0.71776,0.55045,0.16732,71,78,1109.0,783.0,1,8,4
8480468,James Hamblin,EDM,L,41,V3,OZI,O,0.45176,0.2862,0.16556,46,34,881.0,297.0,0,105,92
8484994,Igor Chernyshov,SJS,L,27,V3,OZI,O,0.65535,0.5021,0.15326,60,71,1326.0,954.0,1,0,0
8483630,Pavol Regenda,SJS,L,42,V3,OZI,O,0.68275,0.53479,0.14796,38,66,684.0,733.0,0,8,8
8479536,Axel Jonsson-Fjallby,WPG,L,76,V3,OZI,O,0.58038,0.43704,0.14335,57,67,1356.0,540.0,1,1,4
8482055,Drew O'Connor,VAN,L,290,V3,OZI,O,0.6004,0.46652,0.13388,455,422,8939.0,5511.0,1,108,142
8482117,Lukas Reichel,BOS,L,187,V3,OZI,O,0.61459,0.4838,0.13079,275,309,4634.0,3425.0,1,246,364
8474037,James van Riemsdyk,DET,L,275,V3,OZI,O,0.6154,0.48475,0.13065,400,458,6911.0,4687.0,1,22,33
8474102,David Perron,DET,L,266,V3,OZI,O,0.55865,0.4288,0.12984,476,403,7980.0,4284.0,1,25,37
8476858,Phillip Di Giuseppe,VAN,L,101,V3,OZI,O,0.62681,0.49883,0.12798,158,133,3111.0,1279.0,1,5,15
8480027,Jason Robertson,DAL,L,328,V3,OZI,O,0.58592,0.45851,0.1274,786,688,16429.0,8159.0,1,6,13
8479368,Max Jones,EDM,L,168,V3,OZI,O,0.53399,0.40674,0.12725,196,221,3236.0,2284.0,1,14,21
8477330,Dominik Kubalik,OTT,L,155,V3,OZI,O,0.5787,0.45322,0.12548,217,260,3831.0,2672.0,1,24,32
8478109,Victor Olofsson,CGY,L,260,V3,OZI,O,0.59075,0.46785,0.12291,456,463,7614.0,4634.0,1,4,19
8477494,Jonathan Drouin,STL,L,244,V3,OZI,O,0.58935,0.46672,0.12264,557,544,10671.0,6385.0,1,272,310
8479359,Beck Malenstyn,BUF,L,247,V3,OZI,O,0.58812,0.46686,0.12126,123,146,2054.0,1690.0,1,33,33
8475169,Evander Kane,VAN,L,189,V3,OZI,O,0.56266,0.44235,0.12031,459,438,8913.0,5143.0,1,52,71
8482062,Cole Smith,VGK,L,283,V3,OZI,O,0.56956,0.44986,0.1197,234,261,3896.0,2543.0,1,17,30
8481789,Tye Kartye,NYR,L,204,V3,OZI,O,0.5,0.38368,0.11632,234,269,4348.0,2622.0,1,47,60
8476410,Josh Leivo,STL,L,51,V3,OZI,O,0.69248,0.57627,0.11621,71,72,891.0,590.0,1,3,4
8477456,J.T. Compher,DET,L,317,V3,OZI,O,0.57001,0.45395,0.11607,633,670,10912.0,8078.0,1,1720,1813
8480031,Maxime Comtois,CAR,L,65,V3,OZI,O,0.5103,0.39435,0.11595,95,128,1942.0,1344.0,1,23,15
8482222,Alexander Barabanov,SJS,L,114,V3,OZI,O,0.54145,0.42651,0.11494,250,214,4608.0,2082.0,1,3,5
8477425,Miles Wood,CBJ,L,241,V3,OZI,O,0.5659,0.4519,0.114,298,324,5766.0,3233.0,1,19,47
8477527,Ross Johnston,ANA,L,189,V3,OZI,O,0.59152,0.47812,0.11339,142,197,2923.0,2217.0,1,8,11
8478413,Jordan Greenway,BUF,L,203,V3,OZI,O,0.6252,0.51837,0.10683,310,365,6238.0,4464.0,1,19,69
8477479,Tyler Bertuzzi,CHI,L,291,V3,OZI,O,0.56053,0.45435,0.10619,563,580,11746.0,7743.0,1,66,89
8476442,Matt Nieto,PIT,L,135,V3,OZI,O,0.53176,0.42578,0.10598,148,140,2535.0,1381.0,1,9,9
8474709,Matt Martin,NYI,L,170,V3,OZI,O,0.62464,0.52264,0.102,162,156,2800.0,1347.0,1,23,34
8484180,Samuel Honzek,CGY,L,23,V3,OZI,O,0.6553,0.55351,0.1018,41,35,528.0,271.0,0,6,5
8478474,Lawson Crouse,UTA,L,319,V3,OZI,O,0.5731,0.473,0.1001,530,563,8995.0,5814.0,1,78,138
8476292,Ondrej Palat,NYI,L,277,V3,OZI,O,0.54177,0.4441,0.09767,482,560,7566.0,5170.0,1,13,43
8478233,Andrew Mangiapane,CHI,L,300,V3,OZI,O,0.58461,0.48792,0.09669,559,556,9668.0,6208.0,1,13,25
8482078,Lucas Raymond,DET,L,318,V3,OZI,O,0.56371,0.46751,0.0962,622,623,11160.0,7048.0,1,8,15
8475784,Jeff Skinner,SJS,L,257,V3,OZI,O,0.53836,0.44228,0.09608,501,623,8799.0,8350.0,1,161,198
8480188,Fabian Zetterlund,OTT,L,316,V3,OZI,O,0.57403,0.47935,0.09469,594,620,10982.0,6657.0,1,48,68
8481043,Cole Koepke,WPG,L,164,V3,OZI,O,0.56553,0.47095,0.09458,142,145,2106.0,1308.0,1,0,4
8476438,Brandon Saad,VGK,L,274,V3,OZI,O,0.57327,0.48347,0.0898,523,508,9315.0,5020.0,1,29,47
8481557,Matt Boldy,MIN,L,314,V3,OZI,O,0.58306,0.49337,0.08969,663,679,12930.0,9056.0,1,145,150
8482172,Landon Slaggert,CHI,L,102,V3,OZI,O,0.5901,0.50045,0.08965,97,98,1576.0,1105.0,1,1,4
8479542,Brandon Hagel,TBL,L,316,V3,OZI,O,0.57792,0.48869,0.08923,641,692,13848.0,9325.0,1,64,116
8475235,Nicolas Deslauriers,CAR,L,202,V3,OZI,O,0.52578,0.43747,0.08831,179,206,3355.0,2135.0,1,10,14
8483445,Cutter Gauthier,ANA,L,158,V3,OZI,O,0.59695,0.5094,0.08755,290,356,5384.0,4254.0,1,64,87
8483597,Milos Kelemen,UTA,L,24,V3,OZI,O,0.54579,0.45833,0.08746,26,18,535.0,144.0,0,2,5
8482157,Will Cuylle,NYR,L,249,V3,OZI,O,0.55418,0.46768,0.0865,439,456,7909.0,4950.0,1,34,52
8475766,Austin Watson,DET,L,121,V3,OZI,O,0.54314,0.45701,0.08613,90,83,1692.0,663.0,1,6,10
8481592,Jakob Pelletier,TBL,L,91,V3,OZI,O,0.52333,0.43732,0.08601,143,165,2486.0,1388.0,1,14,28
8479981,Jonah Gadjovich,FLA,L,126,V3,OZI,O,0.52657,0.44081,0.08576,108,143,1449.0,1132.0,1,4,5
8483513,Reid Schaefer,NSH,L,46,V3,OZI,O,0.48121,0.39701,0.0842,46,59,692.0,670.0,0,1,7
8477404,Jake Guentzel,TBL,L,306,V3,OZI,O,0.57014,0.48632,0.08381,958,842,18222.0,9541.0,1,254,283
8482089,Jake Neighbours,STL,L,270,V3,OZI,O,0.56193,0.47956,0.08238,479,537,7734.0,4794.0,1,22,46
8477962,Brendan Lemieux,CAR,L,77,V3,OZI,O,0.57454,0.49294,0.0816,92,90,1744.0,779.0,1,11,18
8475287,Erik Haula,NSH,L,306,V3,OZI,O,0.50879,0.42809,0.0807,645,577,11610.0,5298.0,1,1582,1377
8480113,Alex Iafallo,WPG,L,302,V3,OZI,O,0.55983,0.48047,0.07936,500,522,9126.0,5759.0,1,34,52
8482720,Matthew Knies,TOR,L,240,V3,OZI,O,0.5578,0.47849,0.07931,560,466,9602.0,5626.0,1,0,6
8476871,Tanner Pearson,BUF,L,203,V3,OZI,O,0.55565,0.47657,0.07909,230,280,4555.0,2923.0,1,13,52
8479314,Matthew Tkachuk,FLA,L,242,V3,OZI,O,0.59552,0.52139,0.07413,597,638,10265.0,7505.0,1,12,18
8482476,Emil Heineman,NYI,L,148,V3,OZI,O,0.5984,0.52466,0.07374,247,215,4253.0,2453.0,1,4,16
8477942,Kevin Fiala,LAK,L,288,V3,OZI,O,0.54595,0.47258,0.07338,593,656,10946.0,7749.0,1,38,70
8478498,Jake DeBrusk,VAN,L,306,V3,OZI,O,0.56343,0.49088,0.07255,673,655,10397.0,7619.0,1,26,42
8478975,Mason Marchment,CBJ,L,279,V3,OZI,O,0.56198,0.48946,0.07252,672,587,12520.0,6642.0,1,31,41
8479407,Jesper Bratt,NJD,L,327,V3,OZI,O,0.55145,0.4795,0.07195,813,871,13236.0,8513.0,1,9,17
8480801,Brady Tkachuk,OTT,L,295,V3,OZI,O,0.59173,0.51986,0.07188,799,750,12215.0,7454.0,1,463,470
8484145,Zach Benson,BUF,L,211,V3,OZI,O,0.57857,0.50675,0.07182,324,405,6402.0,4813.0,1,13,24
8477444,Andre Burakovsky,CHI,L,252,V3,OZI,O,0.52891,0.45728,0.07163,465,544,7869.0,6648.0,1,6,15
8479661,Tanner Jeannot,BOS,L,275,V3,OZI,O,0.53602,0.4647,0.07132,359,358,6524.0,4108.0,1,45,70
8476887,Filip Forsberg,NSH,L,295,V3,OZI,O,0.55304,0.48388,0.06916,815,805,14460.0,8593.0,1,24,39
8471214,Alex Ovechkin,WSH,L,299,V3,OZI,O,0.52366,0.45574,0.06792,907,927,17458.0,10596.0,1,5,9
8479400,Pierre-Luc Dubois,WSH,L,266,V3,OZI,O,0.57074,0.50299,0.06775,567,621,10842.0,6849.0,1,1434,1515
8479619,Michael Carcone,UTA,L,214,V3,OZI,O,0.56212,0.49461,0.06751,326,330,5417.0,4177.0,1,23,28
8481711,Matias Maccelli,TOR,L,272,V3,OZI,O,0.55005,0.48381,0.06624,482,463,8361.0,5467.0,1,13,18
8473994,Jamie Benn,DAL,L,304,V3,OZI,O,0.5317,0.46578,0.06592,712,576,11153.0,4953.0,1,881,591
8479066,Ryan Lomberg,CGY,L,294,V3,OZI,O,0.59428,0.52861,0.06568,302,330,5669.0,3583.0,1,28,44
8477955,Jared McCann,SEA,L,293,V3,OZI,O,0.54134,0.47694,0.0644,561,668,8732.0,7265.0,1,232,257
8475791,Taylor Hall,CAR,L,228,V3,OZI,O,0.53423,0.46986,0.06437,465,484,8444.0,5955.0,1,53,67
8478398,Kyle Connor,WPG,L,310,V3,OZI,O,0.56103,0.49728,0.06374,897,982,19541.0,12687.0,1,4,11
8477402,Pavel Buchnevich,STL,L,299,V3,OZI,O,0.57405,0.51068,0.06337,629,717,10344.0,7443.0,1,286,514
8478147,Bokondji Imama,PIT,L,29,V3,OZI,O,0.73488,0.67262,0.06226,23,21,430.0,168.0,0,0,0
8481535,Nils Hoglander,VAN,L,214,V3,OZI,O,0.57274,0.51103,0.06172,350,370,5643.0,3808.0,1,1,2
8481716,Dmitri Voronkov,CBJ,L,211,V3,OZI,O,0.55644,0.49652,0.05992,447,577,8026.0,5599.0,1,265,377
8474034,Patrick Maroon,CHI,L,199,V3,OZI,O,0.51369,0.455,0.05869,226,257,4528.0,3167.0,1,47,66
8475314,Anders Lee,NYI,L,327,V3,OZI,O,0.55768,0.49973,0.05795,804,668,15299.0,7470.0,1,88,89
8476918,Jimmy Vesey,COL,L,204,V3,OZI,O,0.57753,0.51962,0.05791,245,268,3934.0,2498.0,1,14,36
8477941,Nick Ritchie,CGY,L,74,V3,OZI,O,0.56033,0.50364,0.0567,101,140,1442.0,1237.0,1,2,7
8477478,William Carrier,CAR,L,208,V3,OZI,O,0.54483,0.48853,0.0563,350,326,6123.0,3009.0,1,20,31
8482116,Tim Stützle,OTT,L,315,V3,OZI,O,0.57708,0.52147,0.05561,855,826,15717.0,9523.0,1,847,942
8481725,Elmer Soderblom,PIT,L,106,V3,OZI,O,0.50325,0.44768,0.05557,124,173,2154.0,1921.0,1,7,18
8478463,Anthony Beauvillier,WSH,L,305,V3,OZI,O,0.55685,0.50168,0.05517,555,574,10678.0,6853.0,1,75,75
8475149,Marcus Johansson,MIN,L,305,V3,OZI,O,0.54132,0.48619,0.05513,540,601,10164.0,6736.0,1,31,54
8477839,Conor Sheary,NYR,L,206,V3,OZI,O,0.52966,0.47583,0.05383,358,353,7114.0,3930.0,1,27,30
8478421,A.J. Greer,FLA,L,279,V3,OZI,O,0.53137,0.47919,0.05218,260,341,4686.0,3076.0,1,27,52
8477426,Nick Paul,TBL,L,289,V3,OZI,O,0.51299,0.46141,0.05158,494,489,9854.0,6194.0,1,1297,1182
8476921,Jordan Martinook,CAR,L,320,V3,OZI,O,0.58242,0.53214,0.05028,788,600,15458.0,6410.0,1,127,130
8480797,Joel Farabee,CGY,L,326,V3,OZI,O,0.5387,0.49042,0.04828,623,752,11550.0,8297.0,1,64,104
8482077,Dylan Holloway,STL,L,224,V3,OZI,O,0.53508,0.48764,0.04744,415,394,7397.0,3964.0,1,113,144
8479293,Brandon Tanev,UTA,L,282,V3,OZI,O,0.56323,0.51582,0.04742,397,446,6049.0,4868.0,1,19,58
8475786,Zach Hyman,EDM,L,289,V3,OZI,O,0.6043,0.55728,0.04702,848,789,16869.0,10510.0,1,9,17
8479533,Joona Koppanen,PIT,L,33,V3,OZI,O,0.4358,0.39024,0.04555,21,16,257.0,205.0,0,50,53
8483515,Juraj Slafkovský,MTL,L,282,V3,OZI,O,0.5538,0.50947,0.04433,600,595,12537.0,8238.0,1,30,45
8480748,Kiefer Sherwood,SJS,L,249,V3,OZI,O,0.49057,0.44667,0.0439,346,365,6735.0,4688.0,1,47,55
8482241,Radim Zohorna,PIT,L,43,V3,OZI,O,0.65886,0.61806,0.0408,36,29,683.0,432.0,0,23,23
8474884,Mike Hoffman,SJS,L,133,V3,OZI,O,0.53737,0.49664,0.04073,210,212,3653.0,2382.0,1,24,30
8470610,Zach Parise,COL,L,112,V3,OZI,O,0.47934,0.43914,0.0402,176,176,2929.0,1824.0,1,17,34
8476934,Brock McGinn,ANA,L,125,V3,OZI,O,0.541,0.50084,0.04016,118,125,2329.0,1186.0,1,5,14
8483499,Liam Ohgren,VAN,L,96,V3,OZI,O,0.47165,0.43179,0.03986,131,142,2275.0,1554.0,1,9,13
8480448,Parker Kelly,COL,L,296,V3,OZI,O,0.53967,0.50016,0.0395,261,333,4727.0,3083.0,1,322,442
8476878,Zemgus Girgensons,TBL,L,299,V3,OZI,O,0.54689,0.50799,0.0389,369,470,6579.0,5443.0,1,266,314
8478864,Kirill Kaprizov,MIN,L,261,V3,OZI,O,0.55406,0.51527,0.03879,720,907,13782.0,12151.0,1,0,2
8481604,Pavel Dorofeyev,VGK,L,230,V3,OZI,O,0.53522,0.49665,0.03858,589,510,10306.0,5515.0,1,5,15
8479356,Kieffer Bellows,NSH,L,47,V3,OZI,O,0.49617,0.45841,0.03776,35,58,653.0,517.0,0,4,16
8482667,William Eklund,SJS,L,242,V3,OZI,O,0.52095,0.48358,0.03737,458,487,9473.0,6547.0,1,81,177
8480220,Noah Cates,PHI,L,301,V3,OZI,O,0.59642,0.55927,0.03715,425,615,6762.0,5441.0,1,1228,1528
8478047,Michael Bunting,DAL,L,313,V3,OZI,O,0.55801,0.52117,0.03684,676,705,12903.0,7982.0,1,18,34
8477940,Nikolaj Ehlers,CAR,L,278,V3,OZI,O,0.54416,0.51121,0.03295,675,700,12715.0,7983.0,1,12,34
8476346,Johnny Gaudreau,CBJ,L,161,V3,OZI,O,0.53879,0.50618,0.0326,361,409,6355.0,5255.0,1,0,0
8477573,Nathan Walker,STL,L,219,V3,OZI,O,0.49393,0.46617,0.02776,171,198,3211.0,1862.0,1,228,198
8479423,Alex Nylander,TOR,L,42,V3,OZI,O,0.52181,0.49432,0.02749,90,86,1903.0,1056.0,1,11,8
8483808,Andrei Kuzmenko,LAK,L,271,V3,OZI,O,0.54569,0.51825,0.02744,483,586,8098.0,6165.0,1,2,0
8475722,Jason Zucker,BUF,L,282,V3,OZI,O,0.57368,0.5474,0.02627,553,550,9338.0,6434.0,1,46,72
8482109,Alexis Lafrenière,NYR,L,327,V3,OZI,O,0.54469,0.51892,0.02577,787,712,15673.0,8456.0,1,59,143
8477476,Artturi Lehkonen,COL,L,247,V3,OZI,O,0.54823,0.52307,0.02516,671,723,11705.0,7932.0,1,9,25
8477944,Jakub Vrana,NSH,L,85,V3,OZI,O,0.47619,0.45107,0.02512,118,158,2058.0,1676.0,1,6,27
8477407,Anthony Duclair,NYI,L,199,V3,OZI,O,0.51468,0.49223,0.02245,409,411,7562.0,4374.0,1,21,32
8482742,Zachary L'Heureux,NSH,L,86,V3,OZI,O,0.53187,0.51156,0.02031,108,99,1914.0,1038.0,1,3,7
8478115,Pierre Engvall,NYI,L,212,V3,OZI,O,0.51947,0.49928,0.02019,304,356,5394.0,4160.0,1,52,75
8479383,Boris Katchouk,TBL,L,120,V3,OZI,O,0.58634,0.56654,0.0198,118,136,1772.0,1608.0,1,18,36
8473419,Brad Marchand,FLA,L,278,V3,OZI,O,0.56245,0.54357,0.01887,683,661,10657.0,7057.0,1,27,55
8477998,Warren Foegele,OTT,L,299,V3,OZI,O,0.53191,0.514,0.01791,566,562,9385.0,5607.0,1,44,51
8480762,Eric Robinson,CAR,L,268,V3,OZI,O,0.54257,0.52474,0.01784,406,456,8045.0,5902.0,1,10,42
8475193,Tomas Tatar,NJD,L,226,V3,OZI,O,0.4836,0.46704,0.01656,360,398,5306.0,3747.0,1,23,38
8474679,Gustav Nyquist,WPG,L,262,V3,OZI,O,0.5476,0.53121,0.01639,630,564,11554.0,6777.0,1,36,60
8475184,Chris Kreider,ANA,L,303,V3,OZI,O,0.54428,0.52815,0.01613,624,693,10298.0,7727.0,1,94,143
8481641,Joel Kiviranta,COL,L,255,V3,OZI,O,0.54623,0.53187,0.01435,214,284,3883.0,2102.0,1,26,22
8478550,Artemi Panarin,LAK,L,321,V3,OZI,O,0.55566,0.54298,0.01267,898,811,18506.0,10446.0,1,6,16
8481065,Angus Crookshank,NJD,L,29,V3,OZI,O,0.56222,0.55426,0.00796,40,35,884.0,599.0,0,2,4
8475220,Marcus Foligno,MIN,L,253,V3,OZI,O,0.5518,0.5442,0.0076,337,416,6390.0,5068.0,1,26,30
8473986,Alex Killorn,ANA,L,308,V3,OZI,O,0.51474,0.50902,0.00572,513,642,9770.0,8589.0,1,46,86
8476455,Gabriel Landeskog,COL,L,60,V3,OZI,O,0.52545,0.52343,0.00202,161,125,2672.0,1494.0,1,85,65
8481582,Nicholas Robertson,TOR,L,218,V3,OZI,O,0.50133,0.50668,-0.00534,345,307,5994.0,2621.0,1,19,24
8482408,Jeff Malott,LAK,L,70,V3,OZI,O,0.55249,0.55871,-0.00622,59,74,1124.0,809.0,1,4,10
8477454,Adam Erne,DAL,L,130,V3,OZI,O,0.5141,0.5221,-0.00801,166,151,2270.0,1674.0,1,16,25
8477947,Sonny Milano,WSH,L,147,V3,OZI,O,0.47427,0.4872,-0.01293,214,247,4314.0,2578.0,1,8,4
8482451,Mikael Pyyhtia,CBJ,L,71,V3,OZI,O,0.46694,0.48065,-0.01371,95,98,2223.0,801.0,1,3,4
8479543,Michael Pezzetta,TOR,L,158,V3,OZI,O,0.45716,0.47131,-0.01416,109,120,1879.0,1377.0,1,15,25
8478104,Sammy Blais,MTL,L,145,V3,OZI,O,0.49284,0.5072,-0.01435,172,202,2794.0,2015.0,1,5,14
8484185,Nick Lardis,CHI,L,41,V3,OZI,O,0.57343,0.58883,-0.01541,54,77,858.0,591.0,1,1,1
8473422,Nick Foligno,MIN,L,266,V3,OZI,O,0.53487,0.55054,-0.01567,329,342,5248.0,3631.0,1,543,546
8478046,Danton Heinen,CBJ,L,264,V3,OZI,O,0.51148,0.52762,-0.01614,361,360,5879.0,3349.0,1,34,51
8478042,Viktor Arvidsson,BOS,L,231,V3,OZI,O,0.53061,0.55195,-0.02134,432,425,8266.0,4678.0,1,42,70
8479339,Patrik Laine,MTL,L,130,V3,OZI,O,0.45232,0.4897,-0.03738,236,320,4614.0,4613.0,1,54,92
8481093,Rafael Harvey-Pinard,PIT,L,81,V3,OZI,O,0.48205,0.52481,-0.04275,96,116,1755.0,1290.0,1,8,25
8477482,Zachary Sanford,CHI,L,45,V3,OZI,O,0.56868,0.61213,-0.04346,57,69,1143.0,923.0,1,43,88
8478028,Fredrik Olofsson,COL,L,85,V3,OZI,O,0.47046,0.51916,-0.0487,54,72,931.0,574.0,1,129,182
8479705,Jeffrey Viel,ANA,L,53,V3,OZI,O,0.58827,0.63907,-0.05079,75,76,1518.0,942.0,1,2,3
8477930,Pierre-Edouard Bellemare,SEA,L,113,V3,OZI,O,0.55128,0.60536,-0.05408,116,99,1921.0,1120.0,1,381,325
8478431,Evgeny Svechnikov,SJS,L,59,V3,OZI,O,0.54461,0.60664,-0.06203,81,72,1715.0,633.0,1,5,4
8473473,Milan Lucic,BOS,L,81,V3,OZI,O,0.50972,0.5725,-0.06278,135,151,1646.0,1062.0,1,17,21
8481732,Andre Lee,LAK,L,26,V3,OZI,O,0.32877,0.39179,-0.06302,21,32,438.0,268.0,0,0,0
8477353,Tyler Motte,DET,L,186,V3,OZI,O,0.48755,0.55809,-0.07054,194,170,3694.0,1756.0,1,139,169
8483395,Arshdeep Bains,VAN,L,49,V3,OZI,O,0.53871,0.62881,-0.09009,48,67,917.0,854.0,0,4,14
8478067,Oskar Lindblom,SJS,L,74,V3,OZI,O,0.42755,0.53084,-0.10329,75,86,980.0,454.0,1,8,10
8481077,John Leonard,DET,L,23,V3,OZI,O,0.41851,0.53293,-0.11442,32,31,497.0,167.0,0,0,0
8483455,Isaac Howard,EDM,L,29,V3,OZI,O,0.46019,0.58654,-0.12635,36,35,628.0,520.0,0,0,0
8482747,Brennan Othmann,CGY,L,44,V3,OZI,O,0.44913,0.5757,-0.12657,54,61,973.0,502.0,1,0,6
8478211,Dryden Hunt,CGY,L,73,V3,OZI,O,0.50679,0.66523,-0.15844,82,88,1326.0,696.0,1,5,5
8481518,Nolan Foote,FLA,L,29,V3,OZI,O,0.30879,0.66955,-0.36076,34,45,774.0,463.0,0,1,5
8475780,Chris Wagner,COL,R,42,V3,OZI,O,0.8338,0.26316,0.57064,16,27,355.0,209.0,0,59,65
8475163,Alex Chiasson,DET,R,20,V3,OZI,O,0.76875,0.21805,0.5507,23,24,160.0,133.0,0,0,6
8477149,Scott Sabourin,TBL,R,30,V3,OZI,O,0.77358,0.32824,0.44534,15,31,265.0,262.0,0,0,4
8484177,Lenni Hameenaho,NJD,R,33,V3,OZI,O,0.66414,0.27405,0.39008,59,44,1054.0,343.0,0,0,5
8479367,William Lockwood,FLA,R,39,V3,OZI,O,0.57519,0.26667,0.30852,51,45,798.0,285.0,0,4,4
8480007,Jonas Rondbjerg,VGK,R,50,V3,OZI,O,0.46624,0.25312,0.21312,48,43,948.0,320.0,0,2,6
8477903,Garnet Hathaway,PHI,R,299,V3,OZI,O,0.61244,0.40015,0.2123,276,277,4998.0,2689.0,1,43,36
8483733,Nikita Grebenkin,PHI,R,62,V3,OZI,O,0.56839,0.36,0.20839,62,76,987.0,625.0,1,5,2
8480825,Patrick Giles,SJS,R,20,V3,OZI,O,0.53392,0.32647,0.20745,16,27,339.0,340.0,0,40,67
8479315,Joey Anderson,CHI,R,111,V3,OZI,O,0.63293,0.43808,0.19485,125,150,2332.0,1728.0,1,0,2
8480821,Filip Zadina,SJS,R,102,V3,OZI,O,0.61649,0.42417,0.19232,139,156,2644.0,1721.0,1,13,47
8485493,David Tomasek,EDM,R,22,V3,OZI,O,0.52721,0.34574,0.18147,20,27,294.0,376.0,0,28,34
8482118,Sam Colangelo,ANA,R,44,V3,OZI,O,0.67056,0.48996,0.1806,52,82,941.0,847.0,1,5,11
8478099,Kevin Labanc,CBJ,R,152,V3,OZI,O,0.54866,0.36903,0.17963,248,236,4531.0,2157.0,1,11,17
8478495,Denis Gurianov,PHI,R,84,V3,OZI,O,0.62406,0.44818,0.17588,115,138,1604.0,1457.0,1,0,0
8484241,Matthew Wood,NSH,R,76,V3,OZI,O,0.56488,0.39023,0.17465,124,140,2574.0,1371.0,1,74,117
8473449,Kyle Okposo,FLA,R,142,V3,OZI,O,0.58791,0.41812,0.16979,197,264,3936.0,3389.0,1,239,248
8484911,Collin Graf,SJS,R,120,V3,OZI,O,0.60554,0.43785,0.16769,185,207,3577.0,2156.0,1,7,19
8479520,Brandon Duhaime,WSH,R,295,V3,OZI,O,0.62784,0.46886,0.15898,236,244,3477.0,2216.0,1,32,59
8482749,Joshua Roy,MTL,R,38,V3,OZI,O,0.49475,0.34688,0.14786,54,58,952.0,738.0,1,2,4
8480822,Martin Kaut,SJS,R,36,V3,OZI,O,0.58678,0.44664,0.14014,44,45,605.0,253.0,0,2,3
8482877,Jaroslav Chmelar,NYR,R,28,V3,OZI,O,0.5,0.36,0.14,26,26,522.0,275.0,0,0,4
8482758,Ville Koivunen,PIT,R,47,V3,OZI,O,0.59512,0.45583,0.13928,92,94,2008.0,1551.0,1,2,0
8477446,Michael McCarron,MIN,R,255,V3,OZI,O,0.57954,0.4403,0.13924,200,223,3206.0,2387.0,1,1196,1009
8474149,Evgenii Dadonov,NJD,R,228,V3,OZI,O,0.54754,0.41277,0.13477,424,403,7384.0,4402.0,1,1,10
8480995,Pontus Holmberg,TBL,R,229,V3,OZI,O,0.57688,0.4429,0.13398,281,324,4878.0,3310.0,1,305,366
8478856,Conor Garland,CBJ,R,315,V3,OZI,O,0.59382,0.46118,0.13265,581,561,10168.0,6143.0,1,17,34
8482125,Alexander Holtz,VGK,R,183,V3,OZI,O,0.54014,0.4084,0.13173,275,284,5182.0,2451.0,1,14,36
8474573,Josh Bailey,NYI,R,64,V3,OZI,O,0.58897,0.45816,0.13081,122,120,1759.0,1231.0,1,34,48
8477979,Nicolas Aube-Kubel,MIN,R,141,V3,OZI,O,0.59289,0.46291,0.12998,101,113,1970.0,1456.0,1,16,26
8479328,Julien Gauthier,NYI,R,85,V3,OZI,O,0.55953,0.43644,0.12309,81,91,1117.0,708.0,1,6,10
8476453,Nikita Kucherov,TBL,R,317,V3,OZI,O,0.59492,0.47394,0.12098,867,968,17256.0,13124.0,1,0,0
8479344,Jesse Puljujarvi,FLA,R,128,V3,OZI,O,0.60705,0.48977,0.11728,194,219,3349.0,2101.0,1,1,8
8473512,Claude Giroux,OTT,R,327,V3,OZI,O,0.59066,0.48031,0.11035,844,714,13578.0,6121.0,1,1371,967
8482659,Josh Doan,BUF,R,144,V3,OZI,O,0.57601,0.46636,0.10965,286,274,5236.0,2854.0,1,34,57
8479343,Clayton Keller,UTA,R,322,V3,OZI,O,0.58163,0.47481,0.10681,798,904,12496.0,8675.0,1,57,82
8480789,Oliver Wahlstrom,BOS,R,110,V3,OZI,O,0.59415,0.48856,0.10558,155,196,2289.0,2055.0,1,16,19
8478434,Keegan Kolesar,VGK,R,318,V3,OZI,O,0.59859,0.49307,0.10552,355,359,5832.0,3535.0,1,30,52
8482713,Mackie Samoskevich,FLA,R,156,V3,OZI,O,0.53,0.42509,0.10491,274,310,4800.0,3324.0,1,5,9
8479977,Kailer Yamamoto,UTA,R,187,V3,OZI,O,0.56163,0.45776,0.10386,253,311,4519.0,3078.0,1,52,97
8476880,Tom Wilson,WSH,R,260,V3,OZI,O,0.61641,0.51262,0.10379,570,581,11468.0,6972.0,1,18,35
8479420,Tage Thompson,BUF,R,306,V3,OZI,O,0.59536,0.4986,0.09677,667,945,11692.0,11410.0,1,1164,1492
8475765,Vladimir Tarasenko,MIN,R,300,V3,OZI,O,0.58762,0.49196,0.09566,555,720,7835.0,7397.0,1,9,12
8471218,Blake Wheeler,NYR,R,126,V3,OZI,O,0.51148,0.41945,0.09203,284,281,4878.0,3054.0,1,75,60
8475692,Mats Zuccarello,MIN,R,275,V3,OZI,O,0.58694,0.4958,0.09114,643,822,12945.0,11311.0,1,87,127
8483487,Rutger McGroarty,PIT,R,32,V3,OZI,O,0.54494,0.45467,0.09027,64,55,1235.0,706.0,1,8,10
8481042,Nikolai Kovalenko,SJS,R,58,V3,OZI,O,0.56068,0.47137,0.08931,70,100,1475.0,751.0,1,0,4
8483516,Jimmy Snuggerud,STL,R,76,V3,OZI,O,0.50351,0.41521,0.08829,168,154,3136.0,1262.0,1,2,8
8471698,T.J. Oshie,WSH,R,110,V3,OZI,O,0.50354,0.41635,0.0872,226,280,4232.0,2606.0,1,23,32
8481013,Jonatan Berggren,STL,R,204,V3,OZI,O,0.57275,0.48628,0.08647,305,339,5739.0,3971.0,1,8,17
8480292,Carson Meyer,CBJ,R,28,V3,OZI,O,0.50207,0.41591,0.08617,18,39,241.0,440.0,0,0,0
8482475,Egor Chinakhov,PIT,R,185,V3,OZI,O,0.57678,0.49105,0.08573,323,419,5711.0,4468.0,1,4,18
8476469,Joel Armia,LAK,R,256,V3,OZI,O,0.54939,0.46415,0.08523,310,350,6429.0,4296.0,1,40,67
8479644,Matt Luff,STL,R,24,V3,OZI,O,0.52979,0.44474,0.08505,25,29,470.0,380.0,0,0,2
8479390,Taylor Raddysh,NYR,R,299,V3,OZI,O,0.55836,0.47554,0.08282,464,414,8294.0,4456.0,1,24,51
8478472,Mathieu Joseph,LAK,R,238,V3,OZI,O,0.5575,0.47473,0.08278,273,333,5130.0,2869.0,1,55,86
8481186,Logan O'Connor,COL,R,231,V3,OZI,O,0.55293,0.47023,0.0827,227,259,4109.0,2486.0,1,16,31
8484210,Gabe Perreault,NYR,R,54,V3,OZI,O,0.5016,0.42062,0.08098,120,100,2185.0,1222.0,1,5,6
8476326,Josh Archibald,PIT,R,62,V3,OZI,O,0.53138,0.45076,0.08062,38,35,478.0,264.0,0,0,1
8475855,Jesper Fast,CAR,R,153,V3,OZI,O,0.64864,0.56893,0.07972,368,281,7323.0,2626.0,1,16,19
8480208,Drake Batherson,OTT,R,325,V3,OZI,O,0.56555,0.48621,0.07934,742,799,12547.0,8560.0,1,60,83
8478420,Mikko Rantanen,DAL,R,308,V3,OZI,O,0.55156,0.47238,0.07918,1115,1101,20308.0,11675.0,1,446,411
8478444,Brock Boeser,VAN,R,304,V3,OZI,O,0.58448,0.50554,0.07894,688,663,12536.0,6775.0,1,85,142
8477015,Connor Brown,NJD,R,232,V3,OZI,O,0.53919,0.46147,0.07772,326,338,6137.0,4503.0,1,26,48
8480015,Owen Tippett,PHI,R,313,V3,OZI,O,0.62019,0.54402,0.07617,698,724,11345.0,7156.0,1,48,54
8477949,Alex Tuch,BUF,R,310,V3,OZI,O,0.58563,0.51341,0.07221,683,857,12216.0,10027.0,1,120,157
8480245,Olle Lycksell,OTT,R,52,V3,OZI,O,0.5358,0.46366,0.07214,61,70,1215.0,977.0,1,4,5
8481517,Brett Leason,WSH,R,190,V3,OZI,O,0.55921,0.4878,0.07141,185,238,3648.0,2460.0,1,40,72
8471887,Patric Hornqvist,FLA,R,22,V3,OZI,O,0.52247,0.45139,0.07108,14,24,178.0,144.0,0,0,5
8482097,Jack Quinn,BUF,R,258,V3,OZI,O,0.55966,0.48931,0.07035,461,527,7149.0,5097.0,1,14,32
8483756,Jared Wright,LAK,R,22,V3,OZI,O,0.73522,0.6654,0.06983,19,19,423.0,263.0,0,0,1
8481540,Cole Caufield,MTL,R,291,V3,OZI,O,0.54966,0.48112,0.06854,687,681,14609.0,8898.0,1,17,27
8483476,Jonathan Lekkerimäki,VAN,R,37,V3,OZI,O,0.42,0.35202,0.06798,46,66,650.0,767.0,0,0,1
8482146,Luke Evangelista,NSH,R,252,V3,OZI,O,0.57357,0.50682,0.06675,470,530,10187.0,6890.0,1,1,7
8475726,Tyler Toffoli,SJS,R,319,V3,OZI,O,0.53127,0.4661,0.06517,724,723,11465.0,6666.0,1,47,63
8476439,Brett Ritchie,UTA,R,50,V3,OZI,O,0.63661,0.57176,0.06485,76,66,1098.0,432.0,1,2,2
8477451,Ryan Hartman,MIN,R,278,V3,OZI,O,0.58388,0.51948,0.06439,504,659,9341.0,8058.0,1,1170,1395
8479671,Mathieu Olivier,CBJ,R,263,V3,OZI,O,0.52454,0.46362,0.06092,336,368,6417.0,4357.0,1,17,47
8479322,Wade Allison,PHI,R,60,V3,OZI,O,0.5807,0.52061,0.06008,80,118,1264.0,1237.0,1,1,5
8479638,Justin Brazeau,PIT,R,159,V3,OZI,O,0.55107,0.49113,0.05994,185,237,3368.0,2649.0,1,5,18
8477511,Anthony Mantha,PIT,R,235,V3,OZI,O,0.55211,0.4923,0.05981,345,385,7100.0,4481.0,1,23,41
8484938,Arttu Hyry,DAL,R,25,V3,OZI,O,0.64167,0.58301,0.05866,31,26,480.0,259.0,0,104,63
8483497,Jani Nyman,SEA,R,39,V3,OZI,O,0.58085,0.52275,0.0581,51,73,804.0,1077.0,1,3,4
8482765,Isak Rosen,WPG,R,51,V3,OZI,O,0.49537,0.4373,0.05807,69,69,1187.0,622.0,1,2,7
8473504,Cal Clutterbuck,NYI,R,131,V3,OZI,O,0.58705,0.52924,0.05781,122,127,1993.0,1026.0,1,11,22
8477473,Justin Bailey,SJS,R,59,V3,OZI,O,0.51643,0.45916,0.05727,94,89,1613.0,906.0,1,6,10
8475178,Zack Kassian,UTA,R,51,V3,OZI,O,0.50694,0.45011,0.05684,36,46,576.0,471.0,0,3,5
8478366,Frank Vatrano,ANA,R,294,V3,OZI,O,0.53501,0.4794,0.0556,514,661,9084.0,7526.0,1,30,40
8477939,William Nylander,TOR,R,311,V3,OZI,O,0.55171,0.49673,0.05497,963,744,16623.0,7497.0,1,151,177
8474586,Jordan Eberle,SEA,R,281,V3,OZI,O,0.53266,0.47804,0.05462,558,682,9997.0,8401.0,1,64,97
8478439,Travis Konecny,PHI,R,295,V3,OZI,O,0.55929,0.50542,0.05387,720,769,13165.0,8488.0,1,95,131
8483406,Taylor Ward,LAK,R,36,V3,OZI,O,0.61154,0.55801,0.05353,14,27,260.0,181.0,0,5,6
8481554,Kaapo Kakko,SEA,R,286,V3,OZI,O,0.58214,0.52998,0.05216,525,587,9149.0,7555.0,1,59,70
8475913,Mark Stone,VGK,R,226,V3,OZI,O,0.55172,0.49993,0.05179,611,615,10683.0,6801.0,1,8,21
8475810,Bryan Rust,PIT,R,286,V3,OZI,O,0.54848,0.49854,0.04995,944,765,16500.0,7857.0,1,11,15
8483525,Danila Yurov,MIN,R,73,V3,OZI,O,0.47251,0.42373,0.04878,111,156,1837.0,2006.0,1,282,420
8477416,Oliver Bjorkstrand,TBL,R,322,V3,OZI,O,0.53819,0.49005,0.04814,532,598,10645.0,6885.0,1,32,67
8482175,JJ Peterka,UTA,R,317,V3,OZI,O,0.54497,0.49738,0.04759,612,710,10586.0,8573.0,1,16,37
8476981,Josh Anderson,MTL,R,300,V3,OZI,O,0.54616,0.49889,0.04727,445,402,8926.0,4937.0,1,73,55
8484158,Easton Cowan,TOR,R,66,V3,OZI,O,0.47068,0.42389,0.04679,112,108,1944.0,1465.0,1,0,2
8478432,Christian Fischer,CBJ,R,205,V3,OZI,O,0.52816,0.48297,0.04518,246,323,3747.0,3201.0,1,93,153
8480830,Andrei Svechnikov,CAR,R,274,V3,OZI,O,0.58733,0.54226,0.04508,733,692,13975.0,9324.0,1,12,16
8479336,Carl Grundstrom,PHI,R,211,V3,OZI,O,0.54373,0.49874,0.04498,255,305,4631.0,3180.0,1,14,31
8481721,Arseny Gritsyuk,NJD,R,66,V3,OZI,O,0.55551,0.51108,0.04443,121,126,2585.0,1489.0,1,3,8
8481553,Bobby Brink,MIN,R,204,V3,OZI,O,0.55531,0.51132,0.04399,274,370,4529.0,4019.0,1,35,66
8479941,Justin Danforth,BUF,R,142,V3,OZI,O,0.53295,0.48937,0.04358,206,229,3687.0,2728.0,1,421,407
8474715,Cam Atkinson,TBL,R,109,V3,OZI,O,0.60273,0.55966,0.04307,178,198,3222.0,2137.0,1,8,11
8475164,Jakob Silfverberg,ANA,R,162,V3,OZI,O,0.55611,0.51648,0.03963,185,198,3591.0,2002.0,1,24,46
8476483,Rickard Rakell,PIT,R,293,V3,OZI,O,0.554,0.51771,0.03629,925,786,16455.0,8980.0,1,88,155
8477357,Saku Maenalanen,WPG,R,64,V3,OZI,O,0.47876,0.4434,0.03537,37,57,777.0,530.0,0,1,2
8479337,Alex DeBrincat,DET,R,328,V3,OZI,O,0.55092,0.51647,0.03445,747,717,12951.0,7863.0,1,51,65
8482699,Dylan Guenther,UTA,R,227,V3,OZI,O,0.58043,0.54685,0.03358,380,489,6869.0,5848.0,1,38,65
8482159,Tyson Foerster,PHI,R,195,V3,OZI,O,0.5863,0.55461,0.03168,304,379,5006.0,4358.0,1,0,2
8471817,Ryan Reaves,SJS,R,207,V3,OZI,O,0.49936,0.47002,0.02934,163,141,3134.0,1451.0,1,5,14
8484860,Matvei Gridin,CGY,R,36,V3,OZI,O,0.48643,0.45714,0.02928,101,91,1842.0,1155.0,1,3,14
8480893,Kirill Marchenko,CBJ,R,292,V3,OZI,O,0.53907,0.5098,0.02927,692,808,13744.0,9745.0,1,45,76
8485702,Max Shabanov,NYI,R,44,V3,OZI,O,0.57182,0.54414,0.02769,70,65,1086.0,827.0,1,0,2
8478873,Troy Terry,ANA,R,283,V3,OZI,O,0.54057,0.51289,0.02767,528,763,9503.0,9501.0,1,22,35
8475799,Nino Niederreiter,WPG,R,297,V3,OZI,O,0.53625,0.50884,0.02741,453,464,8938.0,5206.0,1,32,39
8476474,Stefan Noesen,NJD,R,275,V3,OZI,O,0.58168,0.55599,0.02569,533,493,9194.0,5385.0,1,105,121
8481601,Simon Holmstrom,NYI,R,279,V3,OZI,O,0.55147,0.52626,0.02521,497,467,8860.0,5370.0,1,7,23
8475848,Brendan Gallagher,MTL,R,273,V3,OZI,O,0.56393,0.53974,0.02419,391,382,7602.0,4743.0,1,18,30
8479414,Nathan Bastian,DAL,R,192,V3,OZI,O,0.51591,0.49186,0.02405,190,192,2859.0,1598.0,1,28,49
8484762,Beckett Sennecke,ANA,R,81,V3,OZI,O,0.56083,0.53884,0.02199,156,216,2737.0,2858.0,1,0,0
8484958,Maxim Tsyplakov,NJD,R,126,V3,OZI,O,0.57187,0.55116,0.0207,197,225,3590.0,2404.0,1,16,19
8477501,Valeri Nichushkin,COL,R,221,V3,OZI,O,0.51886,0.49932,0.01954,550,563,10153.0,5862.0,1,4,5
8481617,Vasily Podkolzin,EDM,R,221,V3,OZI,O,0.55097,0.53164,0.01934,423,440,7131.0,5026.0,1,38,90
8484984,Ivan Demidov,MTL,R,84,V3,OZI,O,0.57672,0.55922,0.01749,137,159,2594.0,2212.0,1,0,1
8480009,Eeli Tolvanen,SEA,R,300,V3,OZI,O,0.53928,0.52289,0.01639,524,534,10401.0,6248.0,1,19,38
8480205,Emil Bemstrom,PIT,R,125,V3,OZI,O,0.49135,0.47629,0.01506,178,204,2831.0,2404.0,1,14,20
8477953,Kasperi Kapanen,EDM,R,246,V3,OZI,O,0.51653,0.50156,0.01497,352,380,6321.0,4490.0,1,71,108
8482155,Alex Laferriere,LAK,R,239,V3,OZI,O,0.52455,0.51181,0.01273,439,515,8413.0,5248.0,1,191,264
8482679,Matt Coronato,CGY,R,191,V3,OZI,O,0.52224,0.51366,0.00858,418,451,7713.0,4649.0,1,104,165
8482809,Jackson Blake,CAR,R,162,V3,OZI,O,0.48443,0.47792,0.00651,336,380,6713.0,5118.0,1,15,24
8481624,Ilya Mikheyev,CHI,R,281,V3,OZI,O,0.4941,0.49358,0.00052,386,464,6948.0,4518.0,1,10,27
8483609,Adam Klapka,CGY,R,115,V3,OZI,O,0.47744,0.47852,-0.00108,119,135,2017.0,1676.0,1,18,34
8470621,Corey Perry,TBL,R,288,V3,OZI,O,0.50294,0.50498,-0.00204,448,454,8333.0,5226.0,1,19,30
8478414,Timo Meier,NJD,R,304,V3,OZI,O,0.51341,0.51653,-0.00312,757,688,14731.0,8379.0,1,86,135
8482874,Jacob Melanson,SEA,R,37,V3,OZI,O,0.43925,0.44674,-0.00748,14,26,214.0,291.0,0,1,0
8484387,Matvei Michkov,PHI,R,161,V3,OZI,O,0.54683,0.55542,-0.00859,342,382,5541.0,4186.0,1,11,18
8482070,Mitchell Chaffee,TBL,R,107,V3,OZI,O,0.52419,0.5337,-0.00951,139,154,2232.0,1439.0,1,9,16
8475191,Reilly Smith,VGK,R,302,V3,OZI,O,0.52823,0.53778,-0.00956,600,582,10168.0,6577.0,1,26,54
8484186,Ryan Leonard,WSH,R,84,V3,OZI,O,0.50122,0.51451,-0.01329,113,120,2049.0,1516.0,1,5,4
8477392,Hudson Fasching,NYI,R,137,V3,OZI,O,0.43365,0.4472,-0.01355,168,152,3120.0,1449.0,1,5,17
8478483,Mitch Marner,VGK,R,311,V3,OZI,O,0.53931,0.55744,-0.01813,824,752,14476.0,8270.0,1,156,230
8480281,Alexey Toropchenko,STL,R,295,V3,OZI,O,0.50212,0.52097,-0.01884,268,295,4706.0,2814.0,1,7,10
8477956,David Pastrnak,BOS,R,323,V3,OZI,O,0.5476,0.56967,-0.02207,960,978,16125.0,11763.0,1,18,29
8483890,Braeden Bowman,VGK,R,54,V3,OZI,O,0.55754,0.58105,-0.02352,111,123,2129.0,1024.0,1,3,9
8480025,MacKenzie Entwistle,CHI,R,133,V3,OZI,O,0.4481,0.47735,-0.02925,126,140,1946.0,1810.0,1,245,303
8474141,Patrick Kane,DET,R,262,V3,OZI,O,0.50665,0.54825,-0.04161,611,595,10232.0,7077.0,1,5,8
8479379,Givani Smith,COL,R,85,V3,OZI,O,0.5611,0.60863,-0.04753,77,75,1522.0,695.0,1,2,3
8478466,Daniel Sprong,NJD,R,172,V3,OZI,O,0.49959,0.54716,-0.04757,195,232,3675.0,3191.0,1,8,11
8481058,Jesse Ylonen,MTL,R,96,V3,OZI,O,0.49434,0.55378,-0.05944,95,107,1679.0,1125.0,1,8,5
8482088,Justin Sourdif,WSH,R,82,V3,OZI,O,0.48887,0.55992,-0.07106,103,121,2111.0,1577.0,1,288,346
8480441,Trey Fix-Wolansky,CBJ,R,20,V3,OZI,O,0.54483,0.62308,-0.07825,25,46,435.0,390.0,0,0,0
8481703,Valtteri Puustinen,PIT,R,65,V3,OZI,O,0.41711,0.50911,-0.09201,63,78,947.0,823.0,1,1,3
8481560,Arthur Kaliyev,OTT,R,123,V3,OZI,O,0.5731,0.67296,-0.09986,219,179,3851.0,1908.0,1,0,1
8481655,Cole Schwindt,FLA,R,76,V3,OZI,O,0.43967,0.54766,-0.10799,75,77,1210.0,661.0,1,191,211
8479942,Dominik Shine,DET,R,27,V3,OZI,O,0.44017,0.56228,-0.12211,17,19,234.0,281.0,0,5,6
8482652,Walker Duehr,WPG,R,94,V3,OZI,O,0.41552,0.55109,-0.13557,100,110,1456.0,822.0,1,2,16
8480833,Vitali Kravtsov,VAN,R,44,V3,OZI,O,0.4174,0.5978,-0.1804,55,85,908.0,1002.0,1,0,3
8475968,Alex Belzile,MTL,R,31,V3,OZI,O,0.33778,0.591,-0.25322,25,39,450.0,489.0,0,91,99
