player_id,player_name,team,pos,pos_group,GP,metric,fo_zone,won_raw,lost_raw,gap_won_minus_lost,won_shifts,lost_shifts,won_total_sec,lost_total_sec,qualifies
8470595,Eric Staal,FLA,C,F,72,OZI,O,0.68688,0.44216,0.24472,114,126,2424.0,2239.0,1
8470595,Eric Staal,FLA,C,F,72,DZI,D,0.40807,0.35104,0.05704,133,138,1833.0,2410.0,1
8470595,Eric Staal,FLA,C,F,72,NZI,N,0.52066,0.39852,0.12214,132,128,1694.0,1754.0,1
8470600,Ryan Suter,STL,D,D,246,OZI,O,0.54386,0.40017,0.14369,597,591,12678.0,9486.0,1
8470600,Ryan Suter,STL,D,D,246,DZI,D,0.33704,0.34893,-0.01189,658,606,10975.0,11137.0,1
8470600,Ryan Suter,STL,D,D,246,NZI,N,0.40689,0.35002,0.05687,705,580,12657.0,9348.0,1
8470604,Jeff Carter,PIT,C,F,151,OZI,O,0.58394,0.45262,0.13132,132,100,2192.0,1794.0,1
8470604,Jeff Carter,PIT,C,F,151,DZI,D,0.38652,0.36906,0.01746,499,324,6023.0,5216.0,1
8470604,Jeff Carter,PIT,C,F,151,NZI,N,0.4592,0.36259,0.09661,235,176,3946.0,2871.0,1
8470610,Zach Parise,COL,L,F,112,OZI,O,0.52616,0.41875,0.10741,176,176,3421.0,2634.0,1
8470610,Zach Parise,COL,L,F,112,DZI,D,0.38906,0.37687,0.0122,262,209,3529.0,3415.0,1
8470610,Zach Parise,COL,L,F,112,NZI,N,0.49893,0.34366,0.15527,229,194,2796.0,3099.0,1
8470613,Brent Burns,COL,D,D,327,OZI,O,0.56048,0.47482,0.08566,998,921,21389.0,15309.0,1
8470613,Brent Burns,COL,D,D,327,DZI,D,0.39923,0.37129,0.02794,860,772,11740.0,13647.0,1
8470613,Brent Burns,COL,D,D,327,NZI,N,0.47618,0.43353,0.04265,864,824,14192.0,11261.0,1
8470621,Corey Perry,TBL,R,F,288,OZI,O,0.50244,0.45038,0.05206,448,454,10248.0,8706.0,1
8470621,Corey Perry,TBL,R,F,288,DZI,D,0.3993,0.37438,0.02491,330,316,5973.0,6878.0,1
8470621,Corey Perry,TBL,R,F,288,NZI,N,0.46334,0.35959,0.10375,421,395,7515.0,8404.0,1
8470638,Patrice Bergeron,BOS,C,F,78,OZI,O,0.62252,0.50724,0.11527,323,210,5081.0,2831.0,1
8470638,Patrice Bergeron,BOS,C,F,78,DZI,D,0.4557,0.3094,0.14629,231,129,2370.0,1797.0,1
8470638,Patrice Bergeron,BOS,C,F,78,NZI,N,0.50567,0.42639,0.07928,134,100,1764.0,917.0,1
8478831,Kevin Stenlund,UTA,C,F,296,OZI,O,0.5692,0.47955,0.08965,353,369,7110.0,6235.0,1
8478831,Kevin Stenlund,UTA,C,F,296,DZI,D,0.39387,0.39241,0.00146,769,521,8683.0,8063.0,1
8478831,Kevin Stenlund,UTA,C,F,296,NZI,N,0.46894,0.38783,0.08111,494,412,7694.0,6918.0,1
8478840,Will Borgen,NYR,D,D,323,OZI,O,0.53584,0.46668,0.06916,565,550,11494.0,8689.0,1
8478840,Will Borgen,NYR,D,D,323,DZI,D,0.34805,0.35485,-0.00679,850,839,12070.0,14006.0,1
8478840,Will Borgen,NYR,D,D,323,NZI,N,0.41893,0.33311,0.08582,807,785,12940.0,12029.0,1
8478841,Colton White,NJD,D,D,69,OZI,O,0.52708,0.42815,0.09893,99,108,1865.0,1677.0,1
8478841,Colton White,NJD,D,D,69,DZI,D,0.41341,0.29568,0.11773,130,134,1611.0,2222.0,1
8478841,Colton White,NJD,D,D,69,NZI,N,0.43527,0.33027,0.105,141,132,2665.0,1959.0,1
8478843,Denis Malgin,COL,C,F,65,OZI,O,0.57766,0.48894,0.08872,81,92,1674.0,1401.0,1
8478843,Denis Malgin,COL,C,F,65,DZI,D,0.39901,0.35302,0.04599,92,88,1411.0,1592.0,1
8478843,Denis Malgin,COL,C,F,65,NZI,N,0.52358,0.35526,0.16833,93,97,1463.0,1627.0,1
8478851,Alexandre Carrier,MTL,D,D,268,OZI,O,0.5105,0.42533,0.08518,514,505,10043.0,8504.0,1
8478851,Alexandre Carrier,MTL,D,D,268,DZI,D,0.39237,0.36285,0.02952,813,694,11433.0,13044.0,1
8478851,Alexandre Carrier,MTL,D,D,268,NZI,N,0.41059,0.36159,0.049,795,718,13035.0,12315.0,1
8478854,Ryan Shea,PIT,D,D,150,OZI,O,0.52209,0.46716,0.05493,246,244,5771.0,4690.0,1
8478854,Ryan Shea,PIT,D,D,150,DZI,D,0.34254,0.3084,0.03415,307,311,4922.0,6670.0,1
8478854,Ryan Shea,PIT,D,D,150,NZI,N,0.45281,0.32994,0.12287,316,327,5404.0,5504.0,1
8478856,Conor Garland,CBJ,R,F,315,OZI,O,0.57599,0.44561,0.13038,581,561,12410.0,9643.0,1
8478856,Conor Garland,CBJ,R,F,315,DZI,D,0.36414,0.37186,-0.00771,671,622,10765.0,12053.0,1
8478856,Conor Garland,CBJ,R,F,315,NZI,N,0.48171,0.38575,0.09596,616,618,9539.0,9628.0,1
8478859,Niko Mikkola,FLA,D,D,307,OZI,O,0.54865,0.48524,0.0634,721,802,15438.0,13690.0,1
8478859,Niko Mikkola,FLA,D,D,307,DZI,D,0.389,0.38769,0.0013,734,716,10468.0,13539.0,1
8478859,Niko Mikkola,FLA,D,D,307,NZI,N,0.4726,0.37407,0.09853,842,884,13978.0,14377.0,1
8478864,Kirill Kaprizov,MIN,L,F,261,OZI,O,0.54197,0.51357,0.02841,720,907,16379.0,17544.0,1
8478864,Kirill Kaprizov,MIN,L,F,261,DZI,D,0.44944,0.40524,0.0442,449,539,8148.0,13555.0,1
8478864,Kirill Kaprizov,MIN,L,F,261,NZI,N,0.47189,0.42333,0.04856,641,679,11649.0,13519.0,1
8478873,Troy Terry,ANA,R,F,283,OZI,O,0.52744,0.4757,0.05175,528,763,11478.0,13908.0,1
8478873,Troy Terry,ANA,R,F,283,DZI,D,0.3637,0.34929,0.01442,492,668,8309.0,13393.0,1
8478873,Troy Terry,ANA,R,F,283,NZI,N,0.39115,0.39766,-0.00651,555,630,9224.0,10851.0,1
8478874,Adam Gaudette,SJS,C,F,149,OZI,O,0.46184,0.34999,0.11185,183,193,4088.0,3863.0,1
8478874,Adam Gaudette,SJS,C,F,149,DZI,D,0.39344,0.35991,0.03352,199,186,2773.0,3273.0,1
8478874,Adam Gaudette,SJS,C,F,149,NZI,N,0.39372,0.31888,0.07484,218,213,3947.0,3782.0,1
8478882,Vladislav Gavrikov,NYR,D,D,313,OZI,O,0.49574,0.461,0.03474,833,795,18429.0,14898.0,1
8478882,Vladislav Gavrikov,NYR,D,D,313,DZI,D,0.39609,0.36877,0.02731,993,867,15946.0,17664.0,1
8478882,Vladislav Gavrikov,NYR,D,D,313,NZI,N,0.42473,0.36008,0.06465,963,821,16905.0,14708.0,1
8478891,Mason Appleton,DET,C,F,259,OZI,O,0.56717,0.50136,0.06582,352,389,8188.0,7376.0,1
8478891,Mason Appleton,DET,C,F,259,DZI,D,0.38861,0.34987,0.03874,593,571,10131.0,12656.0,1
8478891,Mason Appleton,DET,C,F,259,NZI,N,0.47326,0.34483,0.12843,608,596,10472.0,10521.0,1
8478904,Steven Lorentz,TOR,C,F,269,OZI,O,0.58881,0.44366,0.14515,198,218,3716.0,3674.0,1
8478904,Steven Lorentz,TOR,C,F,269,DZI,D,0.40198,0.30146,0.10052,402,376,5759.0,7351.0,1
8478904,Steven Lorentz,TOR,C,F,269,NZI,N,0.41284,0.30398,0.10886,405,395,6993.0,6826.0,1
8478911,Matt Roy,WSH,D,D,311,OZI,O,0.51342,0.4452,0.06823,721,732,15942.0,12992.0,1
8478911,Matt Roy,WSH,D,D,311,DZI,D,0.41293,0.40183,0.0111,763,738,14591.0,15096.0,1
8478911,Matt Roy,WSH,D,D,311,NZI,N,0.40504,0.37311,0.03194,834,760,14986.0,14280.0,1
8478967,Lane Pederson,PHI,C,F,32,OZI,O,0.47653,0.41741,0.05913,36,51,554.0,1011.0,0
8478967,Lane Pederson,PHI,C,F,32,DZI,D,0.47558,0.35875,0.11683,48,50,778.0,1154.0,0
8478967,Lane Pederson,PHI,C,F,32,NZI,N,0.50865,0.44832,0.06033,52,47,867.0,861.0,0
8478970,Jalen Chatfield,CAR,D,D,301,OZI,O,0.53411,0.50307,0.03104,842,744,19202.0,13046.0,1
8478970,Jalen Chatfield,CAR,D,D,301,DZI,D,0.42476,0.34487,0.07989,634,590,8932.0,10053.0,1
8478970,Jalen Chatfield,CAR,D,D,301,NZI,N,0.44011,0.38472,0.05539,875,741,15253.0,11364.0,1
8478975,Mason Marchment,CBJ,L,F,279,OZI,O,0.5428,0.46274,0.08006,672,587,14803.0,11017.0,1
8478975,Mason Marchment,CBJ,L,F,279,DZI,D,0.42874,0.38599,0.04275,546,501,8693.0,9547.0,1
8478975,Mason Marchment,CBJ,L,F,279,NZI,N,0.48361,0.37059,0.11303,626,489,11472.0,8751.0,1
8470794,Joe Pavelski,DAL,C,F,164,OZI,O,0.5684,0.45515,0.11324,418,368,8809.0,5374.0,1
8470794,Joe Pavelski,DAL,C,F,164,DZI,D,0.37486,0.35573,0.01913,386,310,5282.0,5091.0,1
8470794,Joe Pavelski,DAL,C,F,164,NZI,N,0.4755,0.41971,0.05579,381,345,5470.0,4434.0,1
8479022,Rodrigo Abols,PHI,C,F,64,OZI,O,0.52224,0.3641,0.15814,81,62,1641.0,1170.0,1
8479022,Rodrigo Abols,PHI,C,F,64,DZI,D,0.32328,0.27197,0.05131,81,63,1559.0,1445.0,1
8479022,Rodrigo Abols,PHI,C,F,64,NZI,N,0.52606,0.32269,0.20338,93,93,1669.0,1503.0,1
8479026,Philippe Myers,TOR,D,D,91,OZI,O,0.482,0.39236,0.08964,154,152,2917.0,2513.0,1
8479026,Philippe Myers,TOR,D,D,91,DZI,D,0.32431,0.33132,-0.007,180,137,2883.0,2644.0,1
8479026,Philippe Myers,TOR,D,D,91,NZI,N,0.31653,0.2356,0.08093,173,161,2698.0,2691.0,1
8479066,Ryan Lomberg,CGY,L,F,294,OZI,O,0.53273,0.43565,0.09708,302,330,6981.0,6278.0,1
8479066,Ryan Lomberg,CGY,L,F,294,DZI,D,0.40389,0.34665,0.05724,396,392,5910.0,7685.0,1
8479066,Ryan Lomberg,CGY,L,F,294,NZI,N,0.44496,0.37127,0.0737,404,430,6641.0,8102.0,1
8470966,Mark Giordano,TOR,D,D,124,OZI,O,0.57911,0.49096,0.08815,278,223,4854.0,3485.0,1
8470966,Mark Giordano,TOR,D,D,124,DZI,D,0.38661,0.36089,0.02572,289,229,3854.0,3943.0,1
8470966,Mark Giordano,TOR,D,D,124,NZI,N,0.46608,0.40497,0.06111,263,272,3729.0,4630.0,1
8479291,Kevin Rooney,UTA,C,F,121,OZI,O,0.45099,0.36791,0.08308,84,104,1561.0,1552.0,1
8479291,Kevin Rooney,UTA,C,F,121,DZI,D,0.30931,0.3096,-0.00029,143,154,1665.0,2978.0,1
8479291,Kevin Rooney,UTA,C,F,121,NZI,N,0.32607,0.39214,-0.06606,101,132,1653.0,2035.0,1
8479293,Brandon Tanev,UTA,L,F,282,OZI,O,0.55881,0.48466,0.07416,397,446,7473.0,7853.0,1
8479293,Brandon Tanev,UTA,L,F,282,DZI,D,0.3836,0.39854,-0.01494,491,492,6525.0,8107.0,1
8479293,Brandon Tanev,UTA,L,F,282,NZI,N,0.48102,0.3436,0.13742,476,501,7297.0,7273.0,1
8479314,Matthew Tkachuk,FLA,L,F,242,OZI,O,0.57804,0.4856,0.09244,597,638,12276.0,11318.0,1
8479314,Matthew Tkachuk,FLA,L,F,242,DZI,D,0.44119,0.39724,0.04395,418,463,6308.0,8033.0,1
8479314,Matthew Tkachuk,FLA,L,F,242,NZI,N,0.47559,0.35436,0.12123,509,613,8623.0,9434.0,1
8479315,Joey Anderson,CHI,R,F,111,OZI,O,0.59906,0.40492,0.19414,125,150,2776.0,2640.0,1
8479315,Joey Anderson,CHI,R,F,111,DZI,D,0.3937,0.38207,0.01163,202,205,2827.0,4049.0,1
8479315,Joey Anderson,CHI,R,F,111,NZI,N,0.4249,0.35257,0.07233,226,191,3389.0,3171.0,1
8479316,Luke Kunin,FLA,C,F,246,OZI,O,0.50898,0.4363,0.07268,336,381,7798.0,6672.0,1
8479316,Luke Kunin,FLA,C,F,246,DZI,D,0.40231,0.31874,0.08357,462,438,6577.0,8656.0,1
8479316,Luke Kunin,FLA,C,F,246,NZI,N,0.41487,0.35223,0.06264,415,437,6255.0,7691.0,1
8479318,Auston Matthews,TOR,C,F,282,OZI,O,0.54159,0.49129,0.0503,874,693,17262.0,11942.0,1
8479318,Auston Matthews,TOR,C,F,282,DZI,D,0.38097,0.4209,-0.03993,612,506,10006.0,10910.0,1
8479318,Auston Matthews,TOR,C,F,282,NZI,N,0.44826,0.36258,0.08569,783,644,12187.0,11159.0,1
8479322,Wade Allison,PHI,R,F,60,OZI,O,0.62394,0.58346,0.04048,80,118,1537.0,1911.0,1
8479322,Wade Allison,PHI,R,F,60,DZI,D,0.45846,0.46368,-0.00522,107,117,1974.0,2368.0,1
8479322,Wade Allison,PHI,R,F,60,NZI,N,0.49944,0.37401,0.12543,106,137,1776.0,2262.0,1
8479323,Adam Fox,NYR,D,D,283,OZI,O,0.52544,0.5207,0.00474,968,983,20088.0,16814.0,1
8479323,Adam Fox,NYR,D,D,283,DZI,D,0.39991,0.39951,0.0004,725,635,11710.0,12753.0,1
8479323,Adam Fox,NYR,D,D,283,NZI,N,0.44387,0.38022,0.06364,827,761,13860.0,12156.0,1
8479324,Ryan Lindgren,SEA,D,D,286,OZI,O,0.50668,0.47243,0.03425,721,806,14212.0,12969.0,1
8479324,Ryan Lindgren,SEA,D,D,286,DZI,D,0.3548,0.39726,-0.04247,718,700,10654.0,12790.0,1
8479324,Ryan Lindgren,SEA,D,D,286,NZI,N,0.42341,0.37281,0.0506,707,676,11202.0,10378.0,1
8479325,Charlie McAvoy,BOS,D,D,260,OZI,O,0.54604,0.49506,0.05098,890,902,17246.0,16083.0,1
8479325,Charlie McAvoy,BOS,D,D,260,DZI,D,0.34711,0.32638,0.02073,780,616,11469.0,11321.0,1
8479325,Charlie McAvoy,BOS,D,D,260,NZI,N,0.43308,0.35047,0.08261,678,638,11095.0,9981.0,1
8479328,Julien Gauthier,NYI,R,F,85,OZI,O,0.58577,0.51113,0.07464,81,91,1405.0,1438.0,1
8479328,Julien Gauthier,NYI,R,F,85,DZI,D,0.42366,0.42298,0.00068,102,112,1251.0,1915.0,1
8479328,Julien Gauthier,NYI,R,F,85,NZI,N,0.47398,0.29324,0.18073,132,145,1806.0,2087.0,1
8479335,Rasmus Asplund,FLA,C,F,52,OZI,O,0.55214,0.45057,0.10157,47,52,1074.0,870.0,0
8479335,Rasmus Asplund,FLA,C,F,52,DZI,D,0.3707,0.34213,0.02857,79,105,1133.0,2046.0,1
8479335,Rasmus Asplund,FLA,C,F,52,NZI,N,0.52365,0.36583,0.15782,81,73,1184.0,1200.0,1
8479336,Carl Grundstrom,PHI,R,F,211,OZI,O,0.51757,0.4136,0.10397,255,305,5493.0,5602.0,1
8479336,Carl Grundstrom,PHI,R,F,211,DZI,D,0.37454,0.34351,0.03103,255,264,4635.0,5831.0,1
8479336,Carl Grundstrom,PHI,R,F,211,NZI,N,0.45603,0.34235,0.11368,353,294,6539.0,5249.0,1
8479337,Alex DeBrincat,DET,R,F,328,OZI,O,0.53241,0.45484,0.07757,747,717,15644.0,12301.0,1
8479337,Alex DeBrincat,DET,R,F,328,DZI,D,0.41429,0.37262,0.04168,665,651,10116.0,13628.0,1
8479337,Alex DeBrincat,DET,R,F,328,NZI,N,0.44947,0.37438,0.07508,672,666,11883.0,11109.0,1
8479338,Markus Niemelainen,EDM,D,D,23,OZI,O,0.62881,0.25499,0.37382,43,33,854.0,451.0,0
8479338,Markus Niemelainen,EDM,D,D,23,DZI,D,0.30508,0.29567,0.00941,34,33,413.0,416.0,0
8479338,Markus Niemelainen,EDM,D,D,23,NZI,N,0.27925,0.21573,0.06353,43,31,641.0,496.0,0
8479339,Patrik Laine,MTL,L,F,130,OZI,O,0.40524,0.41082,-0.00558,236,320,5530.0,6818.0,1
8479339,Patrik Laine,MTL,L,F,130,DZI,D,0.39533,0.336,0.05934,173,186,3344.0,4381.0,1
8479339,Patrik Laine,MTL,L,F,130,NZI,N,0.38769,0.36726,0.02043,192,251,3508.0,4697.0,1
8479343,Clayton Keller,UTA,R,F,322,OZI,O,0.57408,0.45419,0.11989,798,904,15315.0,14080.0,1
8479343,Clayton Keller,UTA,R,F,322,DZI,D,0.39871,0.37019,0.02852,624,683,9438.0,12607.0,1
8479343,Clayton Keller,UTA,R,F,322,NZI,N,0.47189,0.40337,0.06852,701,807,11009.0,13231.0,1
8479344,Jesse Puljujarvi,FLA,R,F,128,OZI,O,0.58462,0.46642,0.11821,194,219,4071.0,3484.0,1
8479344,Jesse Puljujarvi,FLA,R,F,128,DZI,D,0.45246,0.38224,0.07022,192,200,2882.0,3626.0,1
8479344,Jesse Puljujarvi,FLA,R,F,128,NZI,N,0.44566,0.36577,0.07989,232,220,3552.0,3535.0,1
8479345,Jakob Chychrun,WSH,D,D,284,OZI,O,0.50178,0.42683,0.07495,830,888,19078.0,16606.0,1
8479345,Jakob Chychrun,WSH,D,D,284,DZI,D,0.40061,0.37574,0.02487,689,665,11515.0,13818.0,1
8479345,Jakob Chychrun,WSH,D,D,284,NZI,N,0.43212,0.36825,0.06387,687,731,12853.0,13089.0,1
8479346,Dillon Dube,CGY,C,F,125,OZI,O,0.5811,0.5173,0.0638,243,239,4001.0,3497.0,1
8479346,Dillon Dube,CGY,C,F,125,DZI,D,0.41514,0.38128,0.03386,193,153,2787.0,2607.0,1
8479346,Dillon Dube,CGY,C,F,125,NZI,N,0.40107,0.37596,0.02512,229,228,3351.0,3128.0,1
8479348,Kale Clague,BUF,D,D,36,OZI,O,0.6309,0.32174,0.30916,74,87,1314.0,1725.0,1
8479348,Kale Clague,BUF,D,D,36,DZI,D,0.37413,0.16263,0.2115,50,65,866.0,1033.0,1
8479348,Kale Clague,BUF,D,D,36,NZI,N,0.46928,0.37126,0.09802,84,72,1302.0,1169.0,1
8479351,Sam Steel,DAL,C,F,294,OZI,O,0.53067,0.44296,0.08771,474,459,11331.0,8213.0,1
8479351,Sam Steel,DAL,C,F,294,DZI,D,0.38505,0.38379,0.00126,497,451,8082.0,9169.0,1
8479351,Sam Steel,DAL,C,F,294,NZI,N,0.42809,0.35986,0.06824,571,529,10757.0,9576.0,1
8479353,Brett Howden,VGK,C,F,265,OZI,O,0.51682,0.48678,0.03004,463,429,10255.0,8055.0,1
8479353,Brett Howden,VGK,C,F,265,DZI,D,0.44047,0.38794,0.05253,513,435,8634.0,8625.0,1
8479353,Brett Howden,VGK,C,F,265,NZI,N,0.46231,0.35888,0.10344,580,528,10906.0,9917.0,1
8479356,Kieffer Bellows,NSH,L,F,47,OZI,O,0.44945,0.43626,0.01319,35,58,732.0,1059.0,0
8479356,Kieffer Bellows,NSH,L,F,47,DZI,D,0.41214,0.38971,0.02243,57,59,774.0,1283.0,1
8479356,Kieffer Bellows,NSH,L,F,47,NZI,N,0.46785,0.30859,0.15926,62,63,1182.0,1024.0,1
8479359,Beck Malenstyn,BUF,L,F,247,OZI,O,0.51891,0.45538,0.06352,123,146,2486.0,3037.0,1
8479359,Beck Malenstyn,BUF,L,F,247,DZI,D,0.38576,0.37082,0.01494,510,555,9073.0,11488.0,1
8479359,Beck Malenstyn,BUF,L,F,247,NZI,N,0.46498,0.33725,0.12773,437,423,7624.0,7659.0,1
8479365,Trent Frederic,EDM,C,F,292,OZI,O,0.5354,0.47209,0.06332,323,402,7372.0,8043.0,1
8479365,Trent Frederic,EDM,C,F,292,DZI,D,0.42873,0.33027,0.09846,518,440,8152.0,8820.0,1
8479365,Trent Frederic,EDM,C,F,292,NZI,N,0.45843,0.33319,0.12524,568,542,10824.0,9313.0,1
8479366,Logan Brown,STL,C,F,30,OZI,O,0.68554,0.47754,0.20801,26,41,671.0,601.0,0
8479366,Logan Brown,STL,C,F,30,DZI,D,0.14925,0.42901,-0.27975,11,30,134.0,655.0,0
8479366,Logan Brown,STL,C,F,30,NZI,N,0.40967,0.34047,0.0692,27,46,393.0,887.0,0
8479367,William Lockwood,FLA,R,F,39,OZI,O,0.5761,0.34907,0.22703,51,45,979.0,593.0,0
8479367,William Lockwood,FLA,R,F,39,DZI,D,0.50539,0.44776,0.05763,63,36,835.0,670.0,0
8479367,William Lockwood,FLA,R,F,39,NZI,N,0.54731,0.35279,0.19452,61,49,687.0,771.0,0
8479368,Max Jones,EDM,L,F,168,OZI,O,0.52206,0.42637,0.09569,196,221,4283.0,3443.0,1
8479368,Max Jones,EDM,L,F,168,DZI,D,0.407,0.34097,0.06603,261,287,3543.0,5150.0,1
8479368,Max Jones,EDM,L,F,168,NZI,N,0.385,0.37136,0.01365,302,305,4548.0,4699.0,1
8479369,Andrew Peeke,BOS,D,D,271,OZI,O,0.46411,0.42781,0.0363,553,566,12331.0,9579.0,1
8479369,Andrew Peeke,BOS,D,D,271,DZI,D,0.37537,0.32845,0.04692,770,722,11237.0,13850.0,1
8479369,Andrew Peeke,BOS,D,D,271,NZI,N,0.39117,0.30643,0.08474,696,613,11215.0,10867.0,1
8479370,Tyson Jost,NSH,C,F,221,OZI,O,0.51293,0.45829,0.05464,286,351,6769.0,6485.0,1
8479370,Tyson Jost,NSH,C,F,221,DZI,D,0.3887,0.36738,0.02132,315,350,4618.0,6530.0,1
8479370,Tyson Jost,NSH,C,F,221,NZI,N,0.44073,0.37852,0.06221,307,372,5568.0,6491.0,1
8479371,Dante Fabbro,CBJ,D,D,277,OZI,O,0.51212,0.43955,0.07258,640,660,14313.0,11612.0,1
8479371,Dante Fabbro,CBJ,D,D,277,DZI,D,0.3616,0.34158,0.02003,665,617,11095.0,14272.0,1
8479371,Dante Fabbro,CBJ,D,D,277,NZI,N,0.44608,0.3613,0.08478,707,670,12314.0,12480.0,1
8479372,Joshua Mahura,SEA,D,D,199,OZI,O,0.55568,0.42998,0.1257,367,383,8181.0,6884.0,1
8479372,Joshua Mahura,SEA,D,D,199,DZI,D,0.32392,0.31328,0.01064,335,308,5137.0,5286.0,1
8479372,Joshua Mahura,SEA,D,D,199,NZI,N,0.45954,0.34776,0.11178,370,437,6093.0,6861.0,1
8479378,Logan Stanley,BUF,D,D,183,OZI,O,0.49954,0.45308,0.04646,258,261,6496.0,4955.0,1
8479378,Logan Stanley,BUF,D,D,183,DZI,D,0.29796,0.34168,-0.04372,354,327,6031.0,7106.0,1
8479378,Logan Stanley,BUF,D,D,183,NZI,N,0.4069,0.2711,0.1358,376,372,7476.0,7086.0,1
8479379,Givani Smith,COL,R,F,85,OZI,O,0.52211,0.53318,-0.01107,77,75,1628.0,1311.0,1
8479379,Givani Smith,COL,R,F,85,DZI,D,0.40153,0.38747,0.01406,90,95,1305.0,1644.0,1
8479379,Givani Smith,COL,R,F,85,NZI,N,0.45709,0.28545,0.17164,97,87,1713.0,1650.0,1
8479383,Boris Katchouk,TBL,L,F,120,OZI,O,0.61329,0.49231,0.12097,118,136,2092.0,2407.0,1
8479383,Boris Katchouk,TBL,L,F,120,DZI,D,0.41955,0.39359,0.02596,184,167,2660.0,3524.0,1
8479383,Boris Katchouk,TBL,L,F,120,NZI,N,0.50941,0.3906,0.11881,146,190,2338.0,3341.0,1
8479385,Jordan Kyrou,STL,C,F,314,OZI,O,0.54654,0.45721,0.08933,706,766,14751.0,12878.0,1
8479385,Jordan Kyrou,STL,C,F,314,DZI,D,0.41374,0.38228,0.03146,524,554,8921.0,10576.0,1
8479385,Jordan Kyrou,STL,C,F,314,NZI,N,0.44688,0.35936,0.08752,623,612,10947.0,10669.0,1
8479387,Keaton Middleton,COL,D,D,44,OZI,O,0.39941,0.31599,0.08341,42,40,1009.0,769.0,0
8479387,Keaton Middleton,COL,D,D,44,DZI,D,0.39614,0.32042,0.07572,61,56,881.0,1601.0,1
8479387,Keaton Middleton,COL,D,D,44,NZI,N,0.28744,0.24675,0.04069,58,78,908.0,1386.0,1
8479388,Riley Stillman,EDM,D,D,59,OZI,O,0.58905,0.35517,0.23388,81,105,1516.0,1633.0,1
8479388,Riley Stillman,EDM,D,D,59,DZI,D,0.42968,0.22313,0.20656,123,87,1543.0,1721.0,1
8479388,Riley Stillman,EDM,D,D,59,NZI,N,0.50329,0.30876,0.19454,111,126,1518.0,2021.0,1
8479390,Taylor Raddysh,NYR,R,F,299,OZI,O,0.52903,0.3943,0.13472,464,414,10043.0,7020.0,1
8479390,Taylor Raddysh,NYR,R,F,299,DZI,D,0.36106,0.3559,0.00516,601,552,9198.0,11270.0,1
8479390,Taylor Raddysh,NYR,R,F,299,NZI,N,0.40121,0.32632,0.0749,547,475,9065.0,7934.0,1
8479393,Noah Gregor,FLA,C,F,209,OZI,O,0.60983,0.42161,0.18822,223,252,4580.0,3999.0,1
8479393,Noah Gregor,FLA,C,F,209,DZI,D,0.38326,0.35543,0.02783,355,315,4921.0,5447.0,1
8479393,Noah Gregor,FLA,C,F,209,NZI,N,0.43339,0.39029,0.0431,336,363,5104.0,5952.0,1
8479395,Dennis Cholowski,NJD,D,D,58,OZI,O,0.51767,0.33423,0.18344,90,79,1783.0,1484.0,1
8479395,Dennis Cholowski,NJD,D,D,58,DZI,D,0.36242,0.3469,0.01552,80,68,1272.0,1179.0,1
8479395,Dennis Cholowski,NJD,D,D,58,NZI,N,0.41926,0.36052,0.05874,90,75,1765.0,1606.0,1
8479398,Samuel Girard,PIT,D,D,268,OZI,O,0.50544,0.47858,0.02686,690,730,13877.0,11344.0,1
8479398,Samuel Girard,PIT,D,D,268,DZI,D,0.4259,0.38049,0.0454,676,741,10627.0,13953.0,1
8479398,Samuel Girard,PIT,D,D,268,NZI,N,0.44766,0.3724,0.07526,681,827,10785.0,13491.0,1
8479400,Pierre-Luc Dubois,WSH,L,F,266,OZI,O,0.55533,0.46687,0.08846,567,621,12652.0,11001.0,1
8479400,Pierre-Luc Dubois,WSH,L,F,266,DZI,D,0.36973,0.38172,-0.01199,520,547,8252.0,11008.0,1
8479400,Pierre-Luc Dubois,WSH,L,F,266,NZI,N,0.48391,0.41154,0.07237,495,547,8390.0,8789.0,1
8479402,Jake Bean,CGY,D,D,166,OZI,O,0.45561,0.36009,0.09552,320,398,6826.0,5979.0,1
8479402,Jake Bean,CGY,D,D,166,DZI,D,0.38808,0.35825,0.02983,286,316,4262.0,6113.0,1
8479402,Jake Bean,CGY,D,D,166,NZI,N,0.44053,0.29206,0.14848,310,347,4801.0,5225.0,1
8471214,Alex Ovechkin,WSH,L,F,299,OZI,O,0.49832,0.44254,0.05578,907,927,19997.0,16568.0,1
8471214,Alex Ovechkin,WSH,L,F,299,DZI,D,0.33191,0.33266,-0.00075,248,275,3748.0,4437.0,1
8471214,Alex Ovechkin,WSH,L,F,299,NZI,N,0.46321,0.36703,0.09618,564,635,9458.0,11040.0,1
8471215,Evgeni Malkin,PIT,C,F,288,OZI,O,0.54138,0.46492,0.07646,681,724,14487.0,13357.0,1
8471215,Evgeni Malkin,PIT,C,F,288,DZI,D,0.39728,0.34118,0.05609,382,357,6094.0,7008.0,1
8471215,Evgeni Malkin,PIT,C,F,288,NZI,N,0.43028,0.34897,0.08131,542,619,8929.0,10147.0,1
8479407,Jesper Bratt,NJD,L,F,327,OZI,O,0.53055,0.45388,0.07667,813,871,15761.0,13162.0,1
8479407,Jesper Bratt,NJD,L,F,327,DZI,D,0.38398,0.40082,-0.01684,557,531,8438.0,9755.0,1
8479407,Jesper Bratt,NJD,L,F,327,NZI,N,0.41789,0.39606,0.02183,705,766,10455.0,11612.0,1
8479410,Mikhail Sergachev,UTA,D,D,267,OZI,O,0.56315,0.46727,0.09588,838,858,16129.0,14360.0,1
8479410,Mikhail Sergachev,UTA,D,D,267,DZI,D,0.42182,0.36093,0.06089,798,705,11633.0,12515.0,1
8479410,Mikhail Sergachev,UTA,D,D,267,NZI,N,0.47908,0.37395,0.10513,806,805,13217.0,12424.0,1
8471218,Blake Wheeler,NYR,R,F,126,OZI,O,0.52581,0.44831,0.0775,284,281,5734.0,4430.0,1
8471218,Blake Wheeler,NYR,R,F,126,DZI,D,0.43519,0.3442,0.09099,223,187,2978.0,3405.0,1
8471218,Blake Wheeler,NYR,R,F,126,NZI,N,0.44571,0.39006,0.05564,229,193,3518.0,2697.0,1
8479414,Nathan Bastian,DAL,R,F,192,OZI,O,0.49097,0.44476,0.04621,190,192,3542.0,2842.0,1
8479414,Nathan Bastian,DAL,R,F,192,DZI,D,0.38192,0.33401,0.04791,320,253,4501.0,4961.0,1
8479414,Nathan Bastian,DAL,R,F,192,NZI,N,0.47917,0.38548,0.09369,289,249,5017.0,4078.0,1
8479415,Michael McLeod,NJD,C,F,125,OZI,O,0.61538,0.54233,0.07305,191,173,3913.0,2445.0,1
8479415,Michael McLeod,NJD,C,F,125,DZI,D,0.4193,0.37986,0.03943,394,230,5068.0,4241.0,1
8479415,Michael McLeod,NJD,C,F,125,NZI,N,0.51913,0.4314,0.08773,284,173,4390.0,2624.0,1
8479420,Tage Thompson,BUF,R,F,306,OZI,O,0.55375,0.46732,0.08643,667,945,13730.0,16828.0,1
8479420,Tage Thompson,BUF,R,F,306,DZI,D,0.41365,0.37491,0.03874,538,637,8367.0,12163.0,1
8479420,Tage Thompson,BUF,R,F,306,NZI,N,0.39855,0.41374,-0.01519,692,786,10754.0,13199.0,1
8479421,Jacob Moverare,LAK,D,D,90,OZI,O,0.40783,0.38491,0.02292,137,122,3065.0,2055.0,1
8479421,Jacob Moverare,LAK,D,D,90,DZI,D,0.41551,0.35672,0.05879,129,119,2012.0,2352.0,1
8479421,Jacob Moverare,LAK,D,D,90,NZI,N,0.38402,0.38101,0.00301,161,169,3380.0,3370.0,1
8479423,Alex Nylander,TOR,L,F,42,OZI,O,0.5029,0.4879,0.015,90,86,2068.0,1529.0,1
8479423,Alex Nylander,TOR,L,F,42,DZI,D,0.47155,0.35714,0.11441,70,74,1283.0,1246.0,1
8479423,Alex Nylander,TOR,L,F,42,NZI,N,0.44524,0.37117,0.07408,69,76,1251.0,1207.0,1
8479425,Filip Hronek,VAN,D,D,287,OZI,O,0.54739,0.45453,0.09286,926,827,20205.0,14329.0,1
8479425,Filip Hronek,VAN,D,D,287,DZI,D,0.39742,0.31762,0.07979,811,733,13238.0,14089.0,1
8479425,Filip Hronek,VAN,D,D,287,NZI,N,0.46463,0.34752,0.11711,752,804,13826.0,13605.0,1
8479439,Jacob MacDonald,SJS,D,D,92,OZI,O,0.60247,0.49282,0.10965,137,96,2669.0,1672.0,1
8479439,Jacob MacDonald,SJS,D,D,92,DZI,D,0.34858,0.46051,-0.11193,120,166,1509.0,2836.0,1
8479439,Jacob MacDonald,SJS,D,D,92,NZI,N,0.51914,0.42406,0.09508,118,141,2011.0,1995.0,1
8479442,Troy Stecher,TOR,D,D,265,OZI,O,0.5099,0.46608,0.04382,448,467,9037.0,7827.0,1
8479442,Troy Stecher,TOR,D,D,265,DZI,D,0.40008,0.31453,0.08554,529,558,7986.0,10797.0,1
8479442,Troy Stecher,TOR,D,D,265,NZI,N,0.43805,0.37504,0.06301,565,540,9620.0,9599.0,1
8479458,Nikita Zaitsev,CHI,D,D,84,OZI,O,0.51103,0.42773,0.0833,164,189,2992.0,3044.0,1
8479458,Nikita Zaitsev,CHI,D,D,84,DZI,D,0.33413,0.33042,0.00371,178,168,2514.0,2975.0,1
8479458,Nikita Zaitsev,CHI,D,D,84,NZI,N,0.52976,0.29234,0.23742,170,186,2705.0,2846.0,1
8471274,Alex Goligoski,MIN,D,D,82,OZI,O,0.56696,0.51052,0.05644,155,178,3166.0,2472.0,1
8471274,Alex Goligoski,MIN,D,D,82,DZI,D,0.40657,0.37374,0.03283,134,181,1948.0,3283.0,1
8471274,Alex Goligoski,MIN,D,D,82,NZI,N,0.42563,0.34313,0.08249,155,180,2474.0,2687.0,1
8471276,David Krejci,BOS,C,F,70,OZI,O,0.57259,0.47493,0.09767,155,166,3065.0,3131.0,1
8471276,David Krejci,BOS,C,F,70,DZI,D,0.42185,0.40782,0.01404,110,113,1382.0,2354.0,1
8471276,David Krejci,BOS,C,F,70,NZI,N,0.51696,0.36168,0.15528,79,107,1209.0,1858.0,1
8471303,Alexander Edler,LAK,D,D,64,OZI,O,0.62186,0.47239,0.14947,129,127,3147.0,2644.0,1
8471303,Alexander Edler,LAK,D,D,64,DZI,D,0.38935,0.40466,-0.01531,102,108,1690.0,2402.0,1
8471303,Alexander Edler,LAK,D,D,64,NZI,N,0.54091,0.45985,0.08106,106,111,1980.0,1955.0,1
8479514,Rem Pitlick,CHI,C,F,55,OZI,O,0.53776,0.5102,0.02755,64,84,1311.0,1519.0,1
8479514,Rem Pitlick,CHI,C,F,55,DZI,D,0.37161,0.3352,0.03641,70,82,958.0,1790.0,1
8479514,Rem Pitlick,CHI,C,F,55,NZI,N,0.44898,0.38665,0.06233,86,97,1470.0,2113.0,1
8479520,Brandon Duhaime,WSH,R,F,295,OZI,O,0.61168,0.47115,0.14053,236,244,4468.0,3865.0,1
8479520,Brandon Duhaime,WSH,R,F,295,DZI,D,0.35723,0.38639,-0.02916,596,644,8314.0,11817.0,1
8479520,Brandon Duhaime,WSH,R,F,295,NZI,N,0.39847,0.39055,0.00792,489,520,7599.0,8255.0,1
8479525,Ross Colton,COL,C,F,294,OZI,O,0.54568,0.46564,0.08004,477,462,10037.0,7407.0,1
8479525,Ross Colton,COL,C,F,294,DZI,D,0.41606,0.38045,0.03561,557,552,8244.0,11050.0,1
8479525,Ross Colton,COL,C,F,294,NZI,N,0.48029,0.36252,0.11777,583,554,9082.0,9456.0,1
8479533,Joona Koppanen,PIT,L,F,33,OZI,O,0.58232,0.43432,0.148,21,16,328.0,373.0,0
8479533,Joona Koppanen,PIT,L,F,33,DZI,D,0.35454,0.24365,0.11089,77,76,1399.0,1613.0,1
8479533,Joona Koppanen,PIT,L,F,33,NZI,N,0.50742,0.26711,0.2403,46,50,1011.0,745.0,0
8479536,Axel Jonsson-Fjallby,WPG,L,F,76,OZI,O,0.51497,0.44262,0.07234,57,67,1470.0,854.0,1
8479536,Axel Jonsson-Fjallby,WPG,L,F,76,DZI,D,0.43569,0.35294,0.08275,106,69,1485.0,1190.0,1
8479536,Axel Jonsson-Fjallby,WPG,L,F,76,NZI,N,0.42902,0.38619,0.04283,111,98,1606.0,1709.0,1
8479542,Brandon Hagel,TBL,L,F,316,OZI,O,0.55835,0.4657,0.09266,641,692,16194.0,13629.0,1
8479542,Brandon Hagel,TBL,L,F,316,DZI,D,0.38828,0.3607,0.02758,662,605,12661.0,13119.0,1
8479542,Brandon Hagel,TBL,L,F,316,NZI,N,0.47274,0.39704,0.07569,742,684,13187.0,13127.0,1
8479543,Michael Pezzetta,TOR,L,F,158,OZI,O,0.55241,0.46121,0.0912,109,120,2366.0,2359.0,1
8479543,Michael Pezzetta,TOR,L,F,158,DZI,D,0.37705,0.42336,-0.04631,148,155,2501.0,3151.0,1
8479543,Michael Pezzetta,TOR,L,F,158,NZI,N,0.40098,0.34179,0.0592,182,200,3454.0,3628.0,1
8479546,Oskar Steen,BOS,C,F,37,OZI,O,0.66518,0.5241,0.14108,14,26,224.0,498.0,0
8479546,Oskar Steen,BOS,C,F,37,DZI,D,0.38652,0.41543,-0.02892,57,50,890.0,946.0,1
8479546,Oskar Steen,BOS,C,F,37,NZI,N,0.60078,0.34185,0.25892,59,72,774.0,1135.0,1
8479547,Matthew Phillips,WSH,C,F,33,OZI,O,0.36364,0.31723,0.0464,28,44,660.0,766.0,0
8479547,Matthew Phillips,WSH,C,F,33,DZI,D,0.55093,0.45455,0.09638,32,32,432.0,682.0,0
8479547,Matthew Phillips,WSH,C,F,33,NZI,N,0.46889,0.36815,0.10075,36,38,659.0,766.0,0
8479550,Tanner Laczynski,VGK,C,F,51,OZI,O,0.59736,0.5594,0.03796,43,58,832.0,926.0,0
8479550,Tanner Laczynski,VGK,C,F,51,DZI,D,0.42234,0.28493,0.13741,53,56,985.0,909.0,1
8479550,Tanner Laczynski,VGK,C,F,51,NZI,N,0.50847,0.23779,0.27069,70,70,1062.0,1085.0,1
8479576,Vincent Desharnais,SJS,D,D,218,OZI,O,0.52862,0.46856,0.06006,400,377,8683.0,6663.0,1
8479576,Vincent Desharnais,SJS,D,D,218,DZI,D,0.3719,0.37256,-0.00067,464,397,7408.0,7996.0,1
8479576,Vincent Desharnais,SJS,D,D,218,NZI,N,0.44417,0.31926,0.12491,452,452,8177.0,8150.0,1
8479578,Casey Fitzgerald,FLA,D,D,27,OZI,O,0.4389,0.48722,-0.04832,33,38,761.0,626.0,0
8479578,Casey Fitzgerald,FLA,D,D,27,DZI,D,0.49533,0.1527,0.34263,23,34,214.0,537.0,0
8479578,Casey Fitzgerald,FLA,D,D,27,NZI,N,0.47937,0.39516,0.08421,39,44,509.0,620.0,0
8479580,Dylan Gambrell,OTT,C,F,60,OZI,O,0.43311,0.47833,-0.04522,27,38,598.0,646.0,0
8479580,Dylan Gambrell,OTT,C,F,60,DZI,D,0.2906,0.4,-0.1094,69,81,936.0,1310.0,1
8479580,Dylan Gambrell,OTT,C,F,60,NZI,N,0.46741,0.28662,0.1808,94,93,1611.0,1427.0,1
8479591,Michael Eyssimont,BOS,C,F,268,OZI,O,0.50472,0.45566,0.04906,356,341,7624.0,5368.0,1
8479591,Michael Eyssimont,BOS,C,F,268,DZI,D,0.36973,0.34593,0.02381,428,402,7308.0,7597.0,1
8479591,Michael Eyssimont,BOS,C,F,268,NZI,N,0.48115,0.34634,0.13481,531,499,8937.0,8714.0,1
8479619,Michael Carcone,UTA,L,F,214,OZI,O,0.51449,0.47406,0.04043,326,330,6626.0,6071.0,1
8479619,Michael Carcone,UTA,L,F,214,DZI,D,0.38224,0.41757,-0.03532,333,353,5282.0,6205.0,1
8479619,Michael Carcone,UTA,L,F,214,NZI,N,0.52219,0.39675,0.12543,378,365,6603.0,6281.0,1
8479638,Justin Brazeau,PIT,R,F,159,OZI,O,0.49107,0.41014,0.08093,185,237,4309.0,4440.0,1
8479638,Justin Brazeau,PIT,R,F,159,DZI,D,0.28384,0.33881,-0.05497,198,219,2970.0,4321.0,1
8479638,Justin Brazeau,PIT,R,F,159,NZI,N,0.39532,0.35693,0.03839,247,289,4662.0,5354.0,1
8479639,Dylan Coghlan,VGK,D,D,27,OZI,O,0.54711,0.56325,-0.01614,58,51,1316.0,751.0,1
8479639,Dylan Coghlan,VGK,D,D,27,DZI,D,0.38916,0.40292,-0.01376,34,38,406.0,479.0,0
8479639,Dylan Coghlan,VGK,D,D,27,NZI,N,0.43333,0.21937,0.21396,56,51,960.0,702.0,1
8479644,Matt Luff,STL,R,F,24,OZI,O,0.57576,0.35624,0.21952,25,29,660.0,553.0,0
8479644,Matt Luff,STL,R,F,24,DZI,D,0.40573,0.30513,0.1006,24,32,419.0,390.0,0
8479644,Matt Luff,STL,R,F,24,NZI,N,0.55491,0.26512,0.28979,27,30,346.0,562.0,0
8479661,Tanner Jeannot,BOS,L,F,275,OZI,O,0.51996,0.42842,0.09154,359,358,8243.0,7334.0,1
8479661,Tanner Jeannot,BOS,L,F,275,DZI,D,0.37827,0.36981,0.00846,475,402,8560.0,8242.0,1
8479661,Tanner Jeannot,BOS,L,F,275,NZI,N,0.48863,0.34851,0.14012,544,454,11041.0,9621.0,1
8479671,Mathieu Olivier,CBJ,R,F,263,OZI,O,0.48422,0.45796,0.02626,336,368,7383.0,7267.0,1
8479671,Mathieu Olivier,CBJ,R,F,263,DZI,D,0.40736,0.37741,0.02995,553,603,9375.0,13174.0,1
8479671,Mathieu Olivier,CBJ,R,F,263,NZI,N,0.43905,0.36329,0.07576,529,511,9541.0,9125.0,1
8479675,Trevor Moore,LAK,C,F,280,OZI,O,0.56729,0.44907,0.11822,538,548,11592.0,9582.0,1
8479675,Trevor Moore,LAK,C,F,280,DZI,D,0.41642,0.37397,0.04245,609,549,10463.0,10886.0,1
8479675,Trevor Moore,LAK,C,F,280,NZI,N,0.45164,0.38829,0.06335,656,602,10473.0,10281.0,1
8479705,Jeffrey Viel,ANA,L,F,53,OZI,O,0.53933,0.56828,-0.02895,75,76,1678.0,1406.0,1
8479705,Jeffrey Viel,ANA,L,F,53,DZI,D,0.33383,0.34004,-0.0062,98,83,1336.0,1641.0,1
8479705,Jeffrey Viel,ANA,L,F,53,NZI,N,0.41935,0.42512,-0.00576,117,91,2170.0,1903.0,1
8479718,Alex Barré-Boulet,COL,C,F,40,OZI,O,0.60991,0.55476,0.05515,50,56,1251.0,977.0,1
8479718,Alex Barré-Boulet,COL,C,F,40,DZI,D,0.50631,0.22383,0.28248,36,31,634.0,621.0,0
8479718,Alex Barré-Boulet,COL,C,F,40,NZI,N,0.50228,0.39961,0.10267,58,61,1097.0,1031.0,1
8479772,Zack MacEwen,NJD,C,F,110,OZI,O,0.53689,0.45712,0.07977,136,126,2399.0,2122.0,1
8479772,Zack MacEwen,NJD,C,F,110,DZI,D,0.39288,0.36157,0.03131,113,126,1517.0,2290.0,1
8479772,Zack MacEwen,NJD,C,F,110,NZI,N,0.47782,0.34064,0.13719,137,136,2074.0,1826.0,1
8471669,Paul Stastny,CAR,C,F,73,OZI,O,0.59588,0.4822,0.11368,177,129,3395.0,2331.0,1
8471669,Paul Stastny,CAR,C,F,73,DZI,D,0.48943,0.3453,0.14413,102,96,993.0,1393.0,1
8471669,Paul Stastny,CAR,C,F,73,NZI,N,0.49869,0.51014,-0.01144,129,103,1911.0,1776.0,1
8471675,Sidney Crosby,PIT,C,F,312,OZI,O,0.55388,0.48724,0.06664,1202,903,24202.0,13638.0,1
8471675,Sidney Crosby,PIT,C,F,312,DZI,D,0.36879,0.40093,-0.03214,711,603,9054.0,10775.0,1
8471675,Sidney Crosby,PIT,C,F,312,NZI,N,0.43032,0.40528,0.02504,1021,916,14552.0,13033.0,1
8471677,Jack Johnson,CBJ,D,D,204,OZI,O,0.46869,0.38222,0.08648,280,284,6676.0,4971.0,1
8471677,Jack Johnson,CBJ,D,D,204,DZI,D,0.34742,0.296,0.05142,457,430,7098.0,9706.0,1
8471677,Jack Johnson,CBJ,D,D,204,NZI,N,0.44558,0.3761,0.06948,403,431,7920.0,7022.0,1
8471685,Anze Kopitar,LAK,C,F,310,OZI,O,0.53703,0.4769,0.06013,797,621,16690.0,10604.0,1
8471685,Anze Kopitar,LAK,C,F,310,DZI,D,0.43709,0.39176,0.04533,773,602,12002.0,12237.0,1
8471685,Anze Kopitar,LAK,C,F,310,NZI,N,0.45317,0.37999,0.07318,727,598,12375.0,10666.0,1
8471686,Marc Staal,PHI,D,D,117,OZI,O,0.54591,0.50589,0.04002,229,289,4607.0,4331.0,1
8471686,Marc Staal,PHI,D,D,117,DZI,D,0.41003,0.3354,0.07463,282,252,3351.0,4365.0,1
8471686,Marc Staal,PHI,D,D,117,NZI,N,0.51689,0.42179,0.09511,290,271,3759.0,3516.0,1
8471698,T.J. Oshie,WSH,R,F,110,OZI,O,0.49874,0.47308,0.02566,226,280,4770.0,4625.0,1
8471698,T.J. Oshie,WSH,R,F,110,DZI,D,0.3439,0.43911,-0.09521,186,191,2966.0,3876.0,1
8471698,T.J. Oshie,WSH,R,F,110,NZI,N,0.52113,0.36455,0.15658,215,227,3218.0,3684.0,1
8471699,Andrew Cogliano,COL,C,F,154,OZI,O,0.59764,0.47348,0.12416,125,142,1951.0,1565.0,1
8471699,Andrew Cogliano,COL,C,F,154,DZI,D,0.45014,0.3742,0.07594,249,273,2868.0,4666.0,1
8471699,Andrew Cogliano,COL,C,F,154,NZI,N,0.50207,0.34035,0.16172,209,287,2416.0,2850.0,1
8471709,Marc-Edouard Vlasic,SJS,D,D,162,OZI,O,0.5613,0.4879,0.0734,251,260,5261.0,3472.0,1
8471709,Marc-Edouard Vlasic,SJS,D,D,162,DZI,D,0.37341,0.36429,0.00912,396,433,5356.0,7505.0,1
8471709,Marc-Edouard Vlasic,SJS,D,D,162,NZI,N,0.45421,0.36665,0.08756,363,379,4947.0,5512.0,1
8471724,Kris Letang,PIT,D,D,294,OZI,O,0.49794,0.44325,0.05469,978,877,21591.0,16124.0,1
8471724,Kris Letang,PIT,D,D,294,DZI,D,0.39819,0.37025,0.02795,893,719,13850.0,14358.0,1
8471724,Kris Letang,PIT,D,D,294,NZI,N,0.42695,0.36246,0.06448,946,914,16543.0,16203.0,1
8479941,Justin Danforth,BUF,R,F,142,OZI,O,0.49126,0.40216,0.08909,206,229,4289.0,4252.0,1
8479941,Justin Danforth,BUF,R,F,142,DZI,D,0.43631,0.35234,0.08398,280,293,4483.0,5770.0,1
8479941,Justin Danforth,BUF,R,F,142,NZI,N,0.42901,0.35016,0.07884,278,240,4930.0,4655.0,1
8479942,Dominik Shine,DET,R,F,27,OZI,O,0.45302,0.35537,0.09765,17,19,298.0,484.0,0
8479942,Dominik Shine,DET,R,F,27,DZI,D,0.23438,0.44422,-0.20984,25,21,448.0,493.0,0
8479942,Dominik Shine,DET,R,F,27,NZI,N,0.28278,0.32346,-0.04068,26,29,389.0,405.0,0
8479944,Zachary Aston-Reese,CBJ,C,F,186,OZI,O,0.53174,0.38457,0.14718,201,186,4489.0,3305.0,1
8479944,Zachary Aston-Reese,CBJ,C,F,186,DZI,D,0.37958,0.3015,0.07809,317,341,4800.0,6617.0,1
8479944,Zachary Aston-Reese,CBJ,C,F,186,NZI,N,0.42633,0.29418,0.13215,306,292,5599.0,5082.0,1
8479945,Gavin Bayreuther,CBJ,D,D,51,OZI,O,0.48601,0.39169,0.09432,99,116,1644.0,1925.0,1
8479945,Gavin Bayreuther,CBJ,D,D,51,DZI,D,0.40428,0.43998,-0.0357,90,111,1447.0,2216.0,1
8479945,Gavin Bayreuther,CBJ,D,D,51,NZI,N,0.45186,0.28881,0.16305,102,90,1423.0,1707.0,1
8479968,Vinni Lettieri,BOS,C,F,73,OZI,O,0.46344,0.49225,-0.02881,63,69,1614.0,1355.0,1
8479968,Vinni Lettieri,BOS,C,F,73,DZI,D,0.31944,0.41777,-0.09833,107,118,1944.0,2037.0,1
8479968,Vinni Lettieri,BOS,C,F,73,NZI,N,0.42839,0.29144,0.13694,98,103,1550.0,2045.0,1
8479972,Mason Shaw,MIN,C,F,79,OZI,O,0.62064,0.50292,0.11772,62,50,1434.0,855.0,1
8479972,Mason Shaw,MIN,C,F,79,DZI,D,0.48077,0.44563,0.03514,88,112,1248.0,2060.0,1
8479972,Mason Shaw,MIN,C,F,79,NZI,N,0.60786,0.42402,0.18384,90,83,1247.0,1599.0,1
8479976,Juuso Välimäki,UTA,D,D,189,OZI,O,0.52045,0.45942,0.06103,408,424,8460.0,6543.0,1
8479976,Juuso Välimäki,UTA,D,D,189,DZI,D,0.40707,0.36456,0.04251,398,449,5773.0,8295.0,1
8479976,Juuso Välimäki,UTA,D,D,189,NZI,N,0.48253,0.38326,0.09927,450,489,7127.0,8592.0,1
8479977,Kailer Yamamoto,UTA,R,F,187,OZI,O,0.55385,0.46499,0.08886,253,311,5487.0,5542.0,1
8479977,Kailer Yamamoto,UTA,R,F,187,DZI,D,0.41771,0.40785,0.00986,281,269,5049.0,5605.0,1
8479977,Kailer Yamamoto,UTA,R,F,187,NZI,N,0.48022,0.40117,0.07905,330,322,5662.0,5975.0,1
8479980,Nicolas Hague,NSH,D,D,285,OZI,O,0.52279,0.43081,0.09199,648,639,14128.0,11829.0,1
8479980,Nicolas Hague,NSH,D,D,285,DZI,D,0.37659,0.34957,0.02702,722,651,12406.0,13036.0,1
8479980,Nicolas Hague,NSH,D,D,285,NZI,N,0.4058,0.33247,0.07332,717,702,14182.0,12786.0,1
8479981,Jonah Gadjovich,FLA,L,F,126,OZI,O,0.51078,0.41507,0.09571,108,143,1901.0,2508.0,1
8479981,Jonah Gadjovich,FLA,L,F,126,DZI,D,0.3862,0.38411,0.00209,139,127,1898.0,2265.0,1
8479981,Jonah Gadjovich,FLA,L,F,126,NZI,N,0.42655,0.37269,0.05387,147,170,2478.0,3134.0,1
8479982,Conor Timmins,BUF,D,D,159,OZI,O,0.55061,0.42366,0.12695,370,322,7488.0,5410.0,1
8479982,Conor Timmins,BUF,D,D,159,DZI,D,0.2983,0.30356,-0.00527,298,303,4871.0,5699.0,1
8479982,Conor Timmins,BUF,D,D,159,NZI,N,0.35616,0.32009,0.03607,348,346,5315.0,5564.0,1
8479983,Mario Ferraro,SJS,D,D,310,OZI,O,0.48798,0.42804,0.05994,702,720,16478.0,12688.0,1
8479983,Mario Ferraro,SJS,D,D,310,DZI,D,0.3824,0.383,-0.00061,935,922,15871.0,18389.0,1
8479983,Mario Ferraro,SJS,D,D,310,NZI,N,0.40638,0.33997,0.06641,773,867,14046.0,15422.0,1
8479984,Cal Foote,NJD,D,D,54,OZI,O,0.47301,0.48262,-0.00961,55,76,1167.0,1496.0,1
8479984,Cal Foote,NJD,D,D,54,DZI,D,0.43251,0.40063,0.03188,106,89,2178.0,1912.0,1
8479984,Cal Foote,NJD,D,D,54,NZI,N,0.4773,0.32738,0.14992,112,88,2137.0,1680.0,1
8479985,Cale Fleury,SEA,D,D,49,OZI,O,0.58673,0.43606,0.15066,77,88,1597.0,1392.0,1
8479985,Cale Fleury,SEA,D,D,49,DZI,D,0.36509,0.35973,0.00536,103,83,1690.0,1490.0,1
8479985,Cale Fleury,SEA,D,D,49,NZI,N,0.49677,0.37554,0.12123,94,97,1701.0,1635.0,1
8479987,Morgan Geekie,BOS,C,F,303,OZI,O,0.51565,0.43625,0.07941,630,629,14628.0,13199.0,1
8479987,Morgan Geekie,BOS,C,F,303,DZI,D,0.39571,0.36279,0.03292,519,524,8208.0,10772.0,1
8479987,Morgan Geekie,BOS,C,F,303,NZI,N,0.45715,0.36458,0.09257,529,551,10279.0,10327.0,1
8479991,Jake Leschyshyn,NYR,C,F,36,OZI,O,0.54121,0.56162,-0.02041,35,42,643.0,714.0,0
8479991,Jake Leschyshyn,NYR,C,F,36,DZI,D,0.42184,0.33904,0.08281,34,42,467.0,643.0,0
8479991,Jake Leschyshyn,NYR,C,F,36,NZI,N,0.41304,0.30597,0.10707,61,57,874.0,938.0,1
8479992,Michael Rasmussen,DET,C,F,272,OZI,O,0.52441,0.41843,0.10597,472,422,9218.0,7215.0,1
8479992,Michael Rasmussen,DET,C,F,272,DZI,D,0.36616,0.35961,0.00655,547,546,7890.0,10211.0,1
8479992,Michael Rasmussen,DET,C,F,272,NZI,N,0.41398,0.35957,0.05442,500,561,7208.0,9008.0,1
8479994,Jaret Anderson-Dolan,WPG,C,F,84,OZI,O,0.49562,0.43815,0.05748,124,122,2627.0,2223.0,1
8479994,Jaret Anderson-Dolan,WPG,C,F,84,DZI,D,0.41846,0.41855,-9e-05,84,107,1441.0,2124.0,1
8479994,Jaret Anderson-Dolan,WPG,C,F,84,NZI,N,0.40311,0.46681,-0.0637,136,119,2379.0,2320.0,1
8479996,Cody Glass,NJD,C,F,248,OZI,O,0.53974,0.42085,0.11889,441,411,8832.0,6349.0,1
8479996,Cody Glass,NJD,C,F,248,DZI,D,0.35384,0.36372,-0.00988,459,409,7040.0,7712.0,1
8479996,Cody Glass,NJD,C,F,248,NZI,N,0.42551,0.3397,0.08582,472,434,7243.0,6706.0,1
8479998,Mikey Anderson,LAK,D,D,307,OZI,O,0.49198,0.444,0.04798,692,732,17017.0,14527.0,1
8479998,Mikey Anderson,LAK,D,D,307,DZI,D,0.37468,0.34172,0.03296,885,800,16769.0,17096.0,1
8479998,Mikey Anderson,LAK,D,D,307,NZI,N,0.44509,0.39161,0.05348,960,854,17738.0,16432.0,1
8479999,Casey Mittelstadt,BOS,C,F,314,OZI,O,0.53138,0.44986,0.08151,610,698,12891.0,11848.0,1
8479999,Casey Mittelstadt,BOS,C,F,314,DZI,D,0.34237,0.37382,-0.03145,616,629,10334.0,12910.0,1
8479999,Casey Mittelstadt,BOS,C,F,314,NZI,N,0.42593,0.37082,0.05511,537,649,9154.0,11407.0,1
8480001,Urho Vaakanainen,NYR,D,D,176,OZI,O,0.46962,0.40696,0.06266,261,271,5662.0,5057.0,1
8480001,Urho Vaakanainen,NYR,D,D,176,DZI,D,0.34889,0.2886,0.06029,376,400,5635.0,7474.0,1
8480001,Urho Vaakanainen,NYR,D,D,176,NZI,N,0.40618,0.31697,0.08921,365,366,6475.0,6723.0,1
8480002,Nico Hischier,NJD,C,F,309,OZI,O,0.50145,0.456,0.04546,837,705,16863.0,10715.0,1
8480002,Nico Hischier,NJD,C,F,309,DZI,D,0.40057,0.36702,0.03355,942,705,13251.0,12645.0,1
8480002,Nico Hischier,NJD,C,F,309,NZI,N,0.39441,0.38375,0.01066,879,815,13278.0,12714.0,1
8480003,Jesper Boqvist,FLA,C,F,268,OZI,O,0.51744,0.50233,0.01511,355,467,7800.0,7523.0,1
8480003,Jesper Boqvist,FLA,C,F,268,DZI,D,0.38165,0.37495,0.0067,374,393,5298.0,7857.0,1
8480003,Jesper Boqvist,FLA,C,F,268,NZI,N,0.42349,0.38555,0.03794,443,489,6293.0,7999.0,1
8480007,Jonas Rondbjerg,VGK,R,F,50,OZI,O,0.49503,0.36275,0.13229,48,43,1107.0,714.0,0
8480007,Jonas Rondbjerg,VGK,R,F,50,DZI,D,0.36901,0.41481,-0.0458,60,63,710.0,1391.0,1
8480007,Jonas Rondbjerg,VGK,R,F,50,NZI,N,0.3972,0.36167,0.03554,93,75,1644.0,1200.0,1
8480008,Adam Ruzicka,UTA,C,F,86,OZI,O,0.56206,0.47507,0.08699,112,118,1845.0,1745.0,1
8480008,Adam Ruzicka,UTA,C,F,86,DZI,D,0.32979,0.32846,0.00132,105,105,1410.0,1574.0,1
8480008,Adam Ruzicka,UTA,C,F,86,NZI,N,0.33378,0.37268,-0.03891,112,127,1507.0,1779.0,1
8480009,Eeli Tolvanen,SEA,R,F,300,OZI,O,0.5231,0.47772,0.04537,524,534,12317.0,9786.0,1
8480009,Eeli Tolvanen,SEA,R,F,300,DZI,D,0.39748,0.40664,-0.00915,582,582,9779.0,11236.0,1
8480009,Eeli Tolvanen,SEA,R,F,300,NZI,N,0.44197,0.39087,0.0511,541,608,9892.0,10689.0,1
8471817,Ryan Reaves,SJS,R,F,207,OZI,O,0.57522,0.48549,0.08973,163,141,3769.0,2585.0,1
8471817,Ryan Reaves,SJS,R,F,207,DZI,D,0.40875,0.40913,-0.00038,219,271,3589.0,5106.0,1
8471817,Ryan Reaves,SJS,R,F,207,NZI,N,0.48781,0.41534,0.07247,275,281,4965.0,5032.0,1
8480011,Klim Kostin,SJS,C,F,144,OZI,O,0.55287,0.42882,0.12405,189,218,3887.0,4580.0,1
8480011,Klim Kostin,SJS,C,F,144,DZI,D,0.38608,0.31682,0.06926,201,230,3160.0,3996.0,1
8480011,Klim Kostin,SJS,C,F,144,NZI,N,0.44214,0.34874,0.0934,221,240,3621.0,3527.0,1
8480012,Elias Pettersson,VAN,C,F,299,OZI,O,0.54781,0.44677,0.10104,603,696,12497.0,10728.0,1
8480012,Elias Pettersson,VAN,C,F,299,DZI,D,0.40208,0.39178,0.01031,605,609,9804.0,10797.0,1
8480012,Elias Pettersson,VAN,C,F,299,NZI,N,0.46352,0.36116,0.10236,507,633,7991.0,10267.0,1
8480014,Gabriel Vilardi,WPG,C,F,262,OZI,O,0.52601,0.47351,0.0525,687,645,16937.0,12173.0,1
8480014,Gabriel Vilardi,WPG,C,F,262,DZI,D,0.40492,0.37541,0.02951,404,392,7404.0,8905.0,1
8480014,Gabriel Vilardi,WPG,C,F,262,NZI,N,0.46167,0.36954,0.09213,500,496,9667.0,9436.0,1
8480015,Owen Tippett,PHI,R,F,313,OZI,O,0.58716,0.48631,0.10085,698,724,14003.0,11324.0,1
8480015,Owen Tippett,PHI,R,F,313,DZI,D,0.39459,0.42567,-0.03108,613,576,9235.0,11213.0,1
8480015,Owen Tippett,PHI,R,F,313,NZI,N,0.45461,0.34418,0.11043,660,677,10807.0,10416.0,1
8480018,Nick Suzuki,MTL,C,F,328,OZI,O,0.51298,0.45596,0.05701,755,793,18880.0,15760.0,1
8480018,Nick Suzuki,MTL,C,F,328,DZI,D,0.41093,0.41421,-0.00328,716,678,11878.0,15712.0,1
8480018,Nick Suzuki,MTL,C,F,328,NZI,N,0.44596,0.40255,0.04341,795,747,14230.0,13658.0,1
8480021,Jack Studnicka,FLA,C,F,89,OZI,O,0.60677,0.46011,0.14666,70,106,1419.0,1504.0,1
8480021,Jack Studnicka,FLA,C,F,89,DZI,D,0.40089,0.24519,0.1557,119,132,1791.0,2235.0,1
8480021,Jack Studnicka,FLA,C,F,89,NZI,N,0.43953,0.35522,0.08432,118,180,1629.0,2635.0,1
8480023,Robert Thomas,STL,C,F,288,OZI,O,0.58584,0.47333,0.11251,744,721,14975.0,11662.0,1
8480023,Robert Thomas,STL,C,F,288,DZI,D,0.41446,0.37511,0.03934,683,643,11012.0,13156.0,1
8480023,Robert Thomas,STL,C,F,288,NZI,N,0.44906,0.33419,0.11487,644,558,10865.0,8986.0,1
8480025,MacKenzie Entwistle,CHI,R,F,133,OZI,O,0.45269,0.47547,-0.02278,126,140,2346.0,2507.0,1
8480025,MacKenzie Entwistle,CHI,R,F,133,DZI,D,0.36298,0.33808,0.0249,174,219,2755.0,4774.0,1
8480025,MacKenzie Entwistle,CHI,R,F,133,NZI,N,0.48422,0.34695,0.13727,193,212,3422.0,4038.0,1
8480027,Jason Robertson,DAL,L,F,328,OZI,O,0.54171,0.42493,0.11678,786,688,19158.0,12082.0,1
8480027,Jason Robertson,DAL,L,F,328,DZI,D,0.36777,0.35443,0.01334,761,672,12633.0,13117.0,1
8480027,Jason Robertson,DAL,L,F,328,NZI,N,0.42728,0.34061,0.08667,749,730,12844.0,12915.0,1
8480028,Morgan Frost,CGY,C,F,314,OZI,O,0.51392,0.47652,0.0374,701,760,14370.0,11798.0,1
8480028,Morgan Frost,CGY,C,F,314,DZI,D,0.38654,0.42876,-0.04222,422,431,6033.0,8289.0,1
8480028,Morgan Frost,CGY,C,F,314,NZI,N,0.44007,0.31608,0.12399,603,618,9219.0,9716.0,1
8480031,Maxime Comtois,CAR,L,F,65,OZI,O,0.50786,0.46589,0.04197,95,128,2355.0,2052.0,1
8480031,Maxime Comtois,CAR,L,F,65,DZI,D,0.42695,0.37978,0.04717,138,168,2115.0,3581.0,1
8480031,Maxime Comtois,CAR,L,F,65,NZI,N,0.37292,0.29818,0.07474,113,99,1979.0,1261.0,1
8480035,Henri Jokiharju,BOS,D,D,235,OZI,O,0.53078,0.47954,0.05124,584,672,12103.0,10631.0,1
8480035,Henri Jokiharju,BOS,D,D,235,DZI,D,0.38949,0.34648,0.04301,612,663,9343.0,13109.0,1
8480035,Henri Jokiharju,BOS,D,D,235,NZI,N,0.40264,0.37113,0.03151,564,661,8869.0,9746.0,1
8480036,Miro Heiskanen,DAL,D,D,277,OZI,O,0.54655,0.45052,0.09604,1096,979,24135.0,16106.0,1
8480036,Miro Heiskanen,DAL,D,D,277,DZI,D,0.38607,0.37527,0.0108,827,668,13635.0,12543.0,1
8480036,Miro Heiskanen,DAL,D,D,277,NZI,N,0.44616,0.37074,0.07542,909,746,16326.0,12467.0,1
8480039,Martin Necas,COL,C,F,316,OZI,O,0.53825,0.47693,0.06132,862,863,19242.0,16881.0,1
8480039,Martin Necas,COL,C,F,316,DZI,D,0.40483,0.36668,0.03816,551,548,8895.0,10887.0,1
8480039,Martin Necas,COL,C,F,316,NZI,N,0.47925,0.38427,0.09498,672,684,11858.0,11713.0,1
8480043,Timothy Liljegren,WSH,D,D,238,OZI,O,0.49275,0.48276,0.00999,589,596,11720.0,9398.0,1
8480043,Timothy Liljegren,WSH,D,D,238,DZI,D,0.36188,0.37627,-0.01439,598,573,8022.0,9828.0,1
8480043,Timothy Liljegren,WSH,D,D,238,NZI,N,0.41773,0.30448,0.11325,569,587,9420.0,9508.0,1
8480049,Dylan Samberg,WPG,D,D,266,OZI,O,0.49007,0.49541,-0.00534,500,488,10525.0,7951.0,1
8480049,Dylan Samberg,WPG,D,D,266,DZI,D,0.36757,0.38162,-0.01405,575,560,9405.0,11417.0,1
8480049,Dylan Samberg,WPG,D,D,266,NZI,N,0.46646,0.3708,0.09566,604,584,9840.0,10248.0,1
8480058,Pierre-Olivier Joseph,VAN,D,D,205,OZI,O,0.5062,0.40965,0.09655,429,372,8945.0,6237.0,1
8480058,Pierre-Olivier Joseph,VAN,D,D,205,DZI,D,0.35423,0.40575,-0.05152,402,340,5711.0,6403.0,1
8480058,Pierre-Olivier Joseph,VAN,D,D,205,NZI,N,0.43959,0.29773,0.14186,422,432,6108.0,6946.0,1
8480064,Josh Norris,BUF,C,F,158,OZI,O,0.50391,0.41545,0.08846,335,311,6011.0,4311.0,1
8480064,Josh Norris,BUF,C,F,158,DZI,D,0.32925,0.36646,-0.0372,389,344,4249.0,5515.0,1
8480064,Josh Norris,BUF,C,F,158,NZI,N,0.46628,0.31704,0.14924,394,352,5368.0,5034.0,1
8480068,Ryan Poehling,ANA,C,F,272,OZI,O,0.53635,0.46388,0.07247,322,359,6919.0,6437.0,1
8480068,Ryan Poehling,ANA,C,F,272,DZI,D,0.39553,0.38605,0.00948,529,528,8141.0,10737.0,1
8480068,Ryan Poehling,ANA,C,F,272,NZI,N,0.46459,0.40906,0.05553,536,493,8218.0,8187.0,1
8480069,Cale Makar,COL,D,D,291,OZI,O,0.53303,0.4827,0.05033,1217,1197,25989.0,19828.0,1
8480069,Cale Makar,COL,D,D,291,DZI,D,0.47078,0.36058,0.1102,700,716,11430.0,13445.0,1
8480069,Cale Makar,COL,D,D,291,NZI,N,0.46337,0.37014,0.09323,761,919,12789.0,15108.0,1
8480070,Ian Mitchell,BOS,D,D,63,OZI,O,0.52234,0.4098,0.11253,123,123,2261.0,1857.0,1
8480070,Ian Mitchell,BOS,D,D,63,DZI,D,0.29087,0.25308,0.03779,102,109,1523.0,1786.0,1
8480070,Ian Mitchell,BOS,D,D,63,NZI,N,0.44306,0.30986,0.1332,120,114,2160.0,2130.0,1
8480073,Erik Brannstrom,VAN,D,D,178,OZI,O,0.56386,0.4994,0.06446,366,403,7720.0,6634.0,1
8480073,Erik Brannstrom,VAN,D,D,178,DZI,D,0.35242,0.41458,-0.06216,303,295,3720.0,5239.0,1
8480073,Erik Brannstrom,VAN,D,D,178,NZI,N,0.50168,0.30599,0.19569,350,363,5952.0,5608.0,1
8480074,Alexandre Texier,MTL,C,F,160,OZI,O,0.52937,0.46447,0.0649,238,260,5873.0,5010.0,1
8480074,Alexandre Texier,MTL,C,F,160,DZI,D,0.41443,0.34459,0.06984,274,278,4032.0,5476.0,1
8480074,Alexandre Texier,MTL,C,F,160,NZI,N,0.43607,0.35071,0.08537,304,306,5123.0,5660.0,1
8480078,Filip Chytil,VAN,C,F,152,OZI,O,0.49618,0.47375,0.02243,254,302,6288.0,6210.0,1
8480078,Filip Chytil,VAN,C,F,152,DZI,D,0.41228,0.3426,0.06967,170,215,3568.0,4028.0,1
8480078,Filip Chytil,VAN,C,F,152,NZI,N,0.41352,0.34858,0.06494,213,318,4157.0,6056.0,1
8471887,Patric Hornqvist,FLA,R,F,22,OZI,O,0.6878,0.39521,0.2926,14,24,205.0,334.0,0
8471887,Patric Hornqvist,FLA,R,F,22,DZI,D,0.47423,0.31155,0.16268,19,24,194.0,459.0,0
8471887,Patric Hornqvist,FLA,R,F,22,NZI,N,0.52336,0.42663,0.09673,29,24,321.0,368.0,0
8480084,Nick DeSimone,UTA,D,D,97,OZI,O,0.59143,0.45393,0.1375,206,200,3872.0,3397.0,1
8480084,Nick DeSimone,UTA,D,D,97,DZI,D,0.33234,0.34363,-0.0113,167,138,2341.0,2427.0,1
8480084,Nick DeSimone,UTA,D,D,97,NZI,N,0.40188,0.33012,0.07176,198,184,3302.0,2693.0,1
8480113,Alex Iafallo,WPG,L,F,302,OZI,O,0.52145,0.48527,0.03618,500,522,10795.0,9230.0,1
8480113,Alex Iafallo,WPG,L,F,302,DZI,D,0.39817,0.39809,8e-05,493,441,8288.0,9307.0,1
8480113,Alex Iafallo,WPG,L,F,302,NZI,N,0.47847,0.40677,0.07171,532,548,8989.0,9605.0,1
8480144,David Kampf,WSH,C,F,259,OZI,O,0.61709,0.43665,0.18044,240,226,4633.0,4049.0,1
8480144,David Kampf,WSH,C,F,259,DZI,D,0.38743,0.3611,0.02633,585,494,8626.0,9867.0,1
8480144,David Kampf,WSH,C,F,259,NZI,N,0.44661,0.37872,0.06789,469,406,8672.0,7050.0,1
8480145,Neal Pionk,WPG,D,D,284,OZI,O,0.53368,0.45733,0.07635,698,691,14387.0,10627.0,1
8480145,Neal Pionk,WPG,D,D,284,DZI,D,0.36161,0.34238,0.01923,762,721,11236.0,13821.0,1
8480145,Neal Pionk,WPG,D,D,284,NZI,N,0.48679,0.34161,0.14518,741,756,12264.0,11999.0,1
8480157,Calle Rosen,STL,D,D,55,OZI,O,0.53297,0.38763,0.14535,104,115,1850.0,1584.0,1
8480157,Calle Rosen,STL,D,D,55,DZI,D,0.36567,0.32961,0.03605,91,81,1165.0,1344.0,1
8480157,Calle Rosen,STL,D,D,55,NZI,N,0.52249,0.37001,0.15248,115,110,1556.0,1354.0,1
8480160,Radim Simek,SJS,D,D,44,OZI,O,0.52309,0.3832,0.13989,53,67,1126.0,976.0,1
8480160,Radim Simek,SJS,D,D,44,DZI,D,0.36798,0.38765,-0.01967,114,122,1193.0,1749.0,1
8480160,Radim Simek,SJS,D,D,44,NZI,N,0.60275,0.37967,0.22308,84,82,1236.0,1230.0,1
8480172,Jan Rutta,SJS,D,D,180,OZI,O,0.48789,0.42731,0.06058,347,331,7553.0,5303.0,1
8480172,Jan Rutta,SJS,D,D,180,DZI,D,0.34186,0.3671,-0.02524,475,440,6880.0,7897.0,1
8480172,Jan Rutta,SJS,D,D,180,NZI,N,0.38407,0.3038,0.08028,451,416,7686.0,6850.0,1
8480184,Gustav Lindstrom,ANA,D,D,82,OZI,O,0.48217,0.46779,0.01438,141,152,3196.0,3089.0,1
8480184,Gustav Lindstrom,ANA,D,D,82,DZI,D,0.36347,0.32189,0.04158,157,169,2245.0,3147.0,1
8480184,Gustav Lindstrom,ANA,D,D,82,NZI,N,0.42975,0.356,0.07375,161,201,2676.0,3486.0,1
8480185,Eetu Luostarinen,FLA,C,F,317,OZI,O,0.54861,0.50265,0.04596,640,679,13959.0,10938.0,1
8480185,Eetu Luostarinen,FLA,C,F,317,DZI,D,0.44083,0.36361,0.07722,572,525,9185.0,10470.0,1
8480185,Eetu Luostarinen,FLA,C,F,317,NZI,N,0.505,0.40372,0.10128,713,684,10891.0,10802.0,1
8480188,Fabian Zetterlund,OTT,L,F,316,OZI,O,0.52323,0.4497,0.07353,594,620,12893.0,10647.0,1
8480188,Fabian Zetterlund,OTT,L,F,316,DZI,D,0.36912,0.38022,-0.0111,615,604,9100.0,12101.0,1
8480188,Fabian Zetterlund,OTT,L,F,316,NZI,N,0.41381,0.36104,0.05277,683,645,11486.0,10384.0,1
8480192,Johnathan Kovacevic,NJD,D,D,254,OZI,O,0.48064,0.45772,0.02292,423,436,9841.0,8077.0,1
8480192,Johnathan Kovacevic,NJD,D,D,254,DZI,D,0.35389,0.35963,-0.00574,640,604,10964.0,12435.0,1
8480192,Johnathan Kovacevic,NJD,D,D,254,NZI,N,0.38308,0.35977,0.02331,591,604,9789.0,11057.0,1
8480196,Jacob Bryson,WPG,D,D,193,OZI,O,0.52594,0.41771,0.10823,276,306,5609.0,4630.0,1
8480196,Jacob Bryson,WPG,D,D,193,DZI,D,0.3473,0.29031,0.05699,320,335,5776.0,5780.0,1
8480196,Jacob Bryson,WPG,D,D,193,NZI,N,0.39732,0.35385,0.04347,376,404,6204.0,6726.0,1
8480205,Emil Bemstrom,PIT,R,F,125,OZI,O,0.52656,0.44902,0.07753,178,204,3295.0,3325.0,1
8480205,Emil Bemstrom,PIT,R,F,125,DZI,D,0.34084,0.37263,-0.03179,168,157,2309.0,3376.0,1
8480205,Emil Bemstrom,PIT,R,F,125,NZI,N,0.41442,0.3981,0.01632,197,163,2927.0,2841.0,1
8480208,Drake Batherson,OTT,R,F,325,OZI,O,0.53765,0.46321,0.07444,742,799,15086.0,13823.0,1
8480208,Drake Batherson,OTT,R,F,325,DZI,D,0.39502,0.39979,-0.00477,573,548,7511.0,10363.0,1
8480208,Drake Batherson,OTT,R,F,325,NZI,N,0.44956,0.3333,0.11625,690,695,11062.0,10792.0,1
8480220,Noah Cates,PHI,L,F,301,OZI,O,0.57812,0.50081,0.0773,425,615,8033.0,9207.0,1
8480220,Noah Cates,PHI,L,F,301,DZI,D,0.37023,0.33478,0.03544,595,681,7336.0,11258.0,1
8480220,Noah Cates,PHI,L,F,301,NZI,N,0.47867,0.35963,0.11904,653,713,8016.0,9952.0,1
8480222,Sebastian Aho,NYI,D,D,129,OZI,O,0.55865,0.49,0.06865,298,336,5814.0,5449.0,1
8480222,Sebastian Aho,NYI,D,D,129,DZI,D,0.38794,0.30625,0.0817,197,172,2588.0,3298.0,1
8480222,Sebastian Aho,NYI,D,D,129,NZI,N,0.53377,0.41135,0.12242,272,260,4397.0,4529.0,1
8480245,Olle Lycksell,OTT,R,F,52,OZI,O,0.53894,0.48179,0.05715,61,70,1605.0,1428.0,1
8480245,Olle Lycksell,OTT,R,F,52,DZI,D,0.3641,0.28958,0.07452,51,54,986.0,1257.0,1
8480245,Olle Lycksell,OTT,R,F,52,NZI,N,0.35825,0.39749,-0.03924,71,70,1351.0,1434.0,1
8480246,Nick Perbix,NSH,D,D,298,OZI,O,0.51573,0.44767,0.06805,652,663,13513.0,10253.0,1
8480246,Nick Perbix,NSH,D,D,298,DZI,D,0.34684,0.35303,-0.00619,693,611,10120.0,11407.0,1
8480246,Nick Perbix,NSH,D,D,298,NZI,N,0.41533,0.31322,0.10212,758,674,13016.0,11120.0,1
8480252,Cole Guttman,CHI,C,F,41,OZI,O,0.46971,0.44401,0.0257,58,66,1403.0,1286.0,1
8480252,Cole Guttman,CHI,C,F,41,DZI,D,0.42665,0.33625,0.09039,53,83,743.0,1826.0,1
8480252,Cole Guttman,CHI,C,F,41,NZI,N,0.43781,0.27817,0.15964,75,57,1206.0,701.0,1
8480259,Ben Jones,MIN,C,F,54,OZI,O,0.43137,0.46304,-0.03166,34,31,765.0,514.0,0
8480259,Ben Jones,MIN,C,F,54,DZI,D,0.37691,0.26402,0.11289,67,99,1178.0,2015.0,1
8480259,Ben Jones,MIN,C,F,54,NZI,N,0.33652,0.32745,0.00907,71,54,1361.0,1020.0,1
8480281,Alexey Toropchenko,STL,R,F,295,OZI,O,0.46421,0.48219,-0.01797,268,295,6036.0,5502.0,1
8480281,Alexey Toropchenko,STL,R,F,295,DZI,D,0.33614,0.37992,-0.04379,499,506,7967.0,10210.0,1
8480281,Alexey Toropchenko,STL,R,F,295,NZI,N,0.38335,0.366,0.01735,594,490,9691.0,8705.0,1
8480289,Morgan Barron,WPG,C,F,289,OZI,O,0.48833,0.53511,-0.04678,254,241,5570.0,3945.0,1
8480289,Morgan Barron,WPG,C,F,289,DZI,D,0.40248,0.3806,0.02189,460,433,7245.0,8597.0,1
8480289,Morgan Barron,WPG,C,F,289,NZI,N,0.50554,0.36732,0.13822,496,476,8213.0,8532.0,1
8480292,Carson Meyer,CBJ,R,F,28,OZI,O,0.47328,0.43252,0.04077,18,39,262.0,652.0,0
8480292,Carson Meyer,CBJ,R,F,28,DZI,D,0.44376,0.26628,0.17748,35,41,649.0,691.0,0
8480292,Carson Meyer,CBJ,R,F,28,NZI,N,0.52119,0.37746,0.14373,39,27,472.0,763.0,0
8480326,Sheldon Dries,DET,C,F,68,OZI,O,0.52305,0.45666,0.0664,83,85,1388.0,1292.0,1
8480326,Sheldon Dries,DET,C,F,68,DZI,D,0.31731,0.28032,0.03699,103,82,1144.0,1245.0,1
8480326,Sheldon Dries,DET,C,F,68,NZI,N,0.5459,0.31346,0.23245,86,103,1013.0,1241.0,1
8480336,Sean Walker,CAR,D,D,314,OZI,O,0.54704,0.44138,0.10566,789,828,17463.0,15277.0,1
8480336,Sean Walker,CAR,D,D,314,DZI,D,0.41122,0.40253,0.00869,672,663,9693.0,13107.0,1
8480336,Sean Walker,CAR,D,D,314,NZI,N,0.45682,0.39379,0.06303,780,724,13340.0,12278.0,1
8480355,Mark Kastelic,BOS,C,F,271,OZI,O,0.55839,0.48554,0.07285,246,223,4984.0,3596.0,1
8480355,Mark Kastelic,BOS,C,F,271,DZI,D,0.36306,0.35574,0.00732,590,447,7985.0,8138.0,1
8480355,Mark Kastelic,BOS,C,F,271,NZI,N,0.43309,0.35449,0.0786,503,365,7966.0,6553.0,1
8480426,Charle-Edouard D'Astous,TBL,D,D,70,OZI,O,0.48492,0.49941,-0.0145,145,169,3481.0,3418.0,1
8480426,Charle-Edouard D'Astous,TBL,D,D,70,DZI,D,0.35101,0.2891,0.06191,135,159,2074.0,2826.0,1
8480426,Charle-Edouard D'Astous,TBL,D,D,70,NZI,N,0.43471,0.30687,0.12784,182,200,3423.0,3829.0,1
8480434,Sean Durzi,UTA,D,D,238,OZI,O,0.56625,0.42841,0.13784,572,658,12724.0,11489.0,1
8480434,Sean Durzi,UTA,D,D,238,DZI,D,0.3932,0.36334,0.02986,551,543,9270.0,9630.0,1
8480434,Sean Durzi,UTA,D,D,238,NZI,N,0.46381,0.3876,0.07621,603,604,11052.0,10885.0,1
8480441,Trey Fix-Wolansky,CBJ,R,F,20,OZI,O,0.56494,0.53376,0.03117,25,46,462.0,622.0,0
8480441,Trey Fix-Wolansky,CBJ,R,F,20,DZI,D,0.40708,0.33284,0.07424,24,31,339.0,673.0,0
8480441,Trey Fix-Wolansky,CBJ,R,F,20,NZI,N,0.4466,0.29506,0.15155,25,29,309.0,627.0,0
8480448,Parker Kelly,COL,L,F,296,OZI,O,0.51081,0.50446,0.00635,261,333,5599.0,5049.0,1
8480448,Parker Kelly,COL,L,F,296,DZI,D,0.41076,0.3954,0.01536,455,427,6040.0,8255.0,1
8480448,Parker Kelly,COL,L,F,296,NZI,N,0.43013,0.3435,0.08663,507,471,7700.0,7147.0,1
8480459,Pius Suter,STL,C,F,290,OZI,O,0.54371,0.46004,0.08367,454,450,9654.0,7595.0,1
8480459,Pius Suter,STL,C,F,290,DZI,D,0.36862,0.34736,0.02126,529,563,6991.0,10554.0,1
8480459,Pius Suter,STL,C,F,290,NZI,N,0.43961,0.38633,0.05329,525,550,8992.0,8762.0,1
8480468,James Hamblin,EDM,L,F,41,OZI,O,0.42736,0.36243,0.06493,46,34,1060.0,527.0,0
8480468,James Hamblin,EDM,L,F,41,DZI,D,0.31054,0.48175,-0.17122,45,43,541.0,822.0,0
8480468,James Hamblin,EDM,L,F,41,NZI,N,0.45521,0.44213,0.01309,47,41,681.0,527.0,0
8480727,Zach Whitecloud,CGY,D,D,272,OZI,O,0.494,0.44558,0.04842,576,581,12741.0,11374.0,1
8480727,Zach Whitecloud,CGY,D,D,272,DZI,D,0.36331,0.33682,0.02649,616,618,11398.0,13087.0,1
8480727,Zach Whitecloud,CGY,D,D,272,NZI,N,0.43874,0.36257,0.07617,694,657,13231.0,12334.0,1
8480748,Kiefer Sherwood,SJS,L,F,249,OZI,O,0.53304,0.48312,0.04992,346,365,8339.0,7404.0,1
8480748,Kiefer Sherwood,SJS,L,F,249,DZI,D,0.44298,0.40985,0.03313,465,412,7576.0,8364.0,1
8480748,Kiefer Sherwood,SJS,L,F,249,NZI,N,0.50752,0.36873,0.13879,514,518,9310.0,9332.0,1
8480762,Eric Robinson,CAR,L,F,268,OZI,O,0.48175,0.49722,-0.01546,406,456,9673.0,9525.0,1
8480762,Eric Robinson,CAR,L,F,268,DZI,D,0.38547,0.42274,-0.03727,458,468,6784.0,9869.0,1
8480762,Eric Robinson,CAR,L,F,268,NZI,N,0.47359,0.35506,0.11853,517,486,9333.0,8131.0,1
8480789,Oliver Wahlstrom,BOS,R,F,110,OZI,O,0.51436,0.44003,0.07434,155,196,2924.0,3143.0,1
8480789,Oliver Wahlstrom,BOS,R,F,110,DZI,D,0.40877,0.32066,0.08811,126,108,1825.0,1946.0,1
8480789,Oliver Wahlstrom,BOS,R,F,110,NZI,N,0.47384,0.28516,0.18869,149,162,2638.0,3072.0,1
8480796,Martin Fehérváry,WSH,D,D,295,OZI,O,0.51955,0.45412,0.06544,590,599,13552.0,10647.0,1
8480796,Martin Fehérváry,WSH,D,D,295,DZI,D,0.38535,0.38375,0.0016,851,872,14592.0,16034.0,1
8480796,Martin Fehérváry,WSH,D,D,295,NZI,N,0.40991,0.3725,0.03741,786,783,12937.0,12467.0,1
8480797,Joel Farabee,CGY,L,F,326,OZI,O,0.52154,0.45759,0.06395,623,752,13788.0,13169.0,1
8480797,Joel Farabee,CGY,L,F,326,DZI,D,0.37998,0.37864,0.00134,568,599,8990.0,12080.0,1
8480797,Joel Farabee,CGY,L,F,326,NZI,N,0.45604,0.35856,0.09748,637,614,10738.0,9711.0,1
8480798,Philipp Kurashev,SJS,C,F,238,OZI,O,0.50524,0.41995,0.08529,447,485,10308.0,9656.0,1
8480798,Philipp Kurashev,SJS,C,F,238,DZI,D,0.32708,0.33661,-0.00953,445,487,7457.0,9771.0,1
8480798,Philipp Kurashev,SJS,C,F,238,NZI,N,0.42923,0.29502,0.13421,426,479,7355.0,9040.0,1
8480800,Quinn Hughes,MIN,D,D,302,OZI,O,0.54624,0.51272,0.03352,1044,1001,23530.0,19849.0,1
8480800,Quinn Hughes,MIN,D,D,302,DZI,D,0.4328,0.34854,0.08426,749,744,12879.0,15938.0,1
8480800,Quinn Hughes,MIN,D,D,302,NZI,N,0.49149,0.37689,0.1146,840,887,16397.0,16766.0,1
8480801,Brady Tkachuk,OTT,L,F,295,OZI,O,0.55364,0.46409,0.08955,799,750,14392.0,12433.0,1
8480801,Brady Tkachuk,OTT,L,F,295,DZI,D,0.37879,0.38913,-0.01034,600,548,7751.0,9123.0,1
8480801,Brady Tkachuk,OTT,L,F,295,NZI,N,0.46906,0.33079,0.13827,746,799,11167.0,11808.0,1
8480802,Ryan McLeod,BUF,C,F,298,OZI,O,0.51674,0.45135,0.0654,511,495,10303.0,8982.0,1
8480802,Ryan McLeod,BUF,C,F,298,DZI,D,0.41376,0.42135,-0.0076,567,555,9421.0,11418.0,1
8480802,Ryan McLeod,BUF,C,F,298,NZI,N,0.43809,0.35517,0.08291,620,595,10103.0,9981.0,1
8480803,Evan Bouchard,EDM,D,D,326,OZI,O,0.56227,0.52318,0.03909,1061,1021,24280.0,19781.0,1
8480803,Evan Bouchard,EDM,D,D,326,DZI,D,0.40132,0.39883,0.00249,742,678,12419.0,14031.0,1
8480803,Evan Bouchard,EDM,D,D,326,NZI,N,0.50189,0.41299,0.0889,793,791,15053.0,13872.0,1
8480806,Isac Lundeström,CBJ,C,F,254,OZI,O,0.53447,0.38154,0.15293,247,282,5875.0,4377.0,1
8480806,Isac Lundeström,CBJ,C,F,254,DZI,D,0.34671,0.30303,0.04368,498,549,6876.0,10220.0,1
8480806,Isac Lundeström,CBJ,C,F,254,NZI,N,0.40958,0.30845,0.10113,433,420,6536.0,6724.0,1
8480807,Mattias Samuelsson,BUF,D,D,236,OZI,O,0.54973,0.43369,0.11604,502,647,11793.0,11688.0,1
8480807,Mattias Samuelsson,BUF,D,D,236,DZI,D,0.38266,0.34308,0.03958,672,724,10325.0,13985.0,1
8480807,Mattias Samuelsson,BUF,D,D,236,NZI,N,0.42109,0.36294,0.05815,717,732,12216.0,11677.0,1
8480813,Joe Veleno,MTL,C,F,296,OZI,O,0.54025,0.45228,0.08797,379,409,9205.0,8267.0,1
8480813,Joe Veleno,MTL,C,F,296,DZI,D,0.37,0.37864,-0.00864,483,478,8400.0,9373.0,1
8480813,Joe Veleno,MTL,C,F,296,NZI,N,0.44722,0.33451,0.11271,428,487,7759.0,8798.0,1
8480817,K'Andre Miller,CAR,D,D,305,OZI,O,0.52795,0.53721,-0.00925,809,836,18013.0,15871.0,1
8480817,K'Andre Miller,CAR,D,D,305,DZI,D,0.40003,0.36358,0.03645,908,745,14844.0,14360.0,1
8480817,K'Andre Miller,CAR,D,D,305,NZI,N,0.42908,0.3779,0.05118,909,890,15631.0,15729.0,1
8480821,Filip Zadina,SJS,R,F,102,OZI,O,0.55944,0.3883,0.17114,139,156,2944.0,2565.0,1
8480821,Filip Zadina,SJS,R,F,102,DZI,D,0.41854,0.38483,0.0337,148,211,2676.0,4563.0,1
8480821,Filip Zadina,SJS,R,F,102,NZI,N,0.40803,0.38101,0.02702,144,183,2517.0,2622.0,1
8480822,Martin Kaut,SJS,R,F,36,OZI,O,0.5785,0.45968,0.11882,44,45,707.0,372.0,0
8480822,Martin Kaut,SJS,R,F,36,DZI,D,0.41997,0.44501,-0.02504,55,53,631.0,991.0,1
8480822,Martin Kaut,SJS,R,F,36,NZI,N,0.46105,0.50549,-0.04445,41,49,629.0,637.0,0
8480823,Alexander Alexeyev,WSH,D,D,79,OZI,O,0.54561,0.42552,0.12009,121,128,2302.0,1544.0,1
8480823,Alexander Alexeyev,WSH,D,D,79,DZI,D,0.42431,0.36212,0.0622,190,151,2953.0,2814.0,1
8480823,Alexander Alexeyev,WSH,D,D,79,NZI,N,0.39773,0.3387,0.05903,133,154,2557.0,2858.0,1
8480825,Patrick Giles,SJS,R,F,20,OZI,O,0.41688,0.32715,0.08973,16,27,391.0,593.0,0
8480825,Patrick Giles,SJS,R,F,20,DZI,D,0.32779,0.39595,-0.06816,23,23,421.0,346.0,0
8480825,Patrick Giles,SJS,R,F,20,NZI,N,0.23077,0.2651,-0.03433,15,35,221.0,679.0,0
8480828,Michael Callahan,BOS,D,D,22,OZI,O,0.55594,0.33333,0.22261,21,20,286.0,192.0,0
8480828,Michael Callahan,BOS,D,D,22,DZI,D,0.28073,0.19727,0.08346,47,44,716.0,806.0,0
8480828,Michael Callahan,BOS,D,D,22,NZI,N,0.38681,0.27159,0.11522,37,43,561.0,718.0,0
8480829,Jesperi Kotkaniemi,CAR,C,F,281,OZI,O,0.52117,0.4537,0.06747,603,615,13558.0,11867.0,1
8480829,Jesperi Kotkaniemi,CAR,C,F,281,DZI,D,0.41377,0.44802,-0.03424,415,387,6796.0,7060.0,1
8480829,Jesperi Kotkaniemi,CAR,C,F,281,NZI,N,0.46858,0.39413,0.07444,543,523,9977.0,8454.0,1
8480830,Andrei Svechnikov,CAR,R,F,274,OZI,O,0.54918,0.51627,0.03291,733,692,16095.0,13121.0,1
8480830,Andrei Svechnikov,CAR,R,F,274,DZI,D,0.43766,0.36444,0.07322,493,518,7716.0,9557.0,1
8480830,Andrei Svechnikov,CAR,R,F,274,NZI,N,0.46486,0.37822,0.08664,531,567,9491.0,9201.0,1
8480831,Alec Regula,EDM,D,D,33,OZI,O,0.47579,0.47399,0.00179,62,59,1301.0,1019.0,1
8480831,Alec Regula,EDM,D,D,33,DZI,D,0.40376,0.33714,0.06663,58,43,904.0,789.0,0
8480831,Alec Regula,EDM,D,D,33,NZI,N,0.46961,0.40179,0.06782,75,66,1201.0,1344.0,1
8480833,Vitali Kravtsov,VAN,R,F,44,OZI,O,0.47257,0.50229,-0.02972,55,85,1185.0,1746.0,1
8480833,Vitali Kravtsov,VAN,R,F,44,DZI,D,0.44321,0.32293,0.12028,48,58,810.0,1282.0,0
8480833,Vitali Kravtsov,VAN,R,F,44,NZI,N,0.57187,0.38226,0.18961,64,59,981.0,947.0,1
8480834,Ty Emberson,EDM,D,D,177,OZI,O,0.48733,0.38409,0.10325,297,293,6394.0,5228.0,1
8480834,Ty Emberson,EDM,D,D,177,DZI,D,0.33373,0.33056,0.00317,393,337,5948.0,6725.0,1
8480834,Ty Emberson,EDM,D,D,177,NZI,N,0.4258,0.29718,0.12862,358,333,6698.0,6306.0,1
8480835,Jack Drury,COL,C,F,265,OZI,O,0.55752,0.46925,0.08827,456,421,9535.0,7009.0,1
8480835,Jack Drury,COL,C,F,265,DZI,D,0.40465,0.37343,0.03121,454,358,6371.0,6700.0,1
8480835,Jack Drury,COL,C,F,265,NZI,N,0.45803,0.38134,0.0767,537,372,8578.0,5347.0,1
8480839,Rasmus Dahlin,BUF,D,D,309,OZI,O,0.56382,0.48498,0.07884,966,1241,20448.0,21411.0,1
8480839,Rasmus Dahlin,BUF,D,D,309,DZI,D,0.388,0.37225,0.01576,875,926,13322.0,17448.0,1
8480839,Rasmus Dahlin,BUF,D,D,309,NZI,N,0.42421,0.37184,0.05237,960,1103,15181.0,17459.0,1
8480840,Oskar Back,DAL,C,F,145,OZI,O,0.43202,0.35315,0.07887,130,131,2986.0,2523.0,1
8480840,Oskar Back,DAL,C,F,145,DZI,D,0.38216,0.36181,0.02036,244,200,3577.0,4121.0,1
8480840,Oskar Back,DAL,C,F,145,NZI,N,0.4546,0.32316,0.13144,270,201,4758.0,3212.0,1
8480844,Grigori Denisenko,VGK,L,F,25,OZI,O,0.64765,0.63901,0.00864,19,32,298.0,446.0,0
8480844,Grigori Denisenko,VGK,L,F,25,DZI,D,0.52581,0.1855,0.34031,37,32,523.0,469.0,0
8480844,Grigori Denisenko,VGK,L,F,25,NZI,N,0.43433,0.47671,-0.04238,42,44,670.0,644.0,0
8480845,Rasmus Kupari,WPG,C,F,153,OZI,O,0.5244,0.51154,0.01287,158,158,3606.0,2600.0,1
8480845,Rasmus Kupari,WPG,C,F,153,DZI,D,0.3847,0.36102,0.02367,214,183,2888.0,3407.0,1
8480845,Rasmus Kupari,WPG,C,F,153,NZI,N,0.50599,0.3609,0.14509,213,195,3757.0,3386.0,1
8480848,Ty Dellandrea,SJS,C,F,238,OZI,O,0.49688,0.3837,0.11318,331,327,6887.0,5228.0,1
8480848,Ty Dellandrea,SJS,C,F,238,DZI,D,0.38575,0.35355,0.03219,439,392,6595.0,7501.0,1
8480848,Ty Dellandrea,SJS,C,F,238,NZI,N,0.40946,0.32125,0.08821,433,353,7085.0,6923.0,1
8480849,Barrett Hayton,UTA,C,F,264,OZI,O,0.53852,0.46278,0.07574,510,555,9437.0,8369.0,1
8480849,Barrett Hayton,UTA,C,F,264,DZI,D,0.39037,0.38098,0.00939,569,555,7416.0,9347.0,1
8480849,Barrett Hayton,UTA,C,F,264,NZI,N,0.45534,0.42347,0.03188,526,495,7770.0,7611.0,1
8480851,Akil Thomas,LAK,C,F,32,OZI,O,0.62613,0.44401,0.18212,27,37,666.0,509.0,0
8480851,Akil Thomas,LAK,C,F,32,DZI,D,0.32197,0.31398,0.00799,43,49,851.0,844.0,0
8480851,Akil Thomas,LAK,C,F,32,NZI,N,0.38575,0.28296,0.10279,43,47,744.0,933.0,0
8480853,Liam Foudy,NYI,C,F,78,OZI,O,0.47962,0.42373,0.0559,92,104,1914.0,2360.0,1
8480853,Liam Foudy,NYI,C,F,78,DZI,D,0.42105,0.3721,0.04895,117,137,2147.0,2889.0,1
8480853,Liam Foudy,NYI,C,F,78,NZI,N,0.45388,0.34501,0.10887,139,121,2060.0,2226.0,1
8480855,Jack McBain,UTA,C,F,306,OZI,O,0.56433,0.47263,0.0917,454,489,8534.0,8019.0,1
8480855,Jack McBain,UTA,C,F,306,DZI,D,0.38427,0.38459,-0.00032,562,563,7807.0,9904.0,1
8480855,Jack McBain,UTA,C,F,306,NZI,N,0.53118,0.36579,0.16538,581,602,9270.0,9653.0,1
8480860,Kevin Bahl,CGY,D,D,273,OZI,O,0.5203,0.46252,0.05778,634,695,12808.0,9552.0,1
8480860,Kevin Bahl,CGY,D,D,273,DZI,D,0.36596,0.33189,0.03408,783,734,10542.0,12001.0,1
8480860,Kevin Bahl,CGY,D,D,273,NZI,N,0.43156,0.33857,0.09299,699,767,10666.0,11150.0,1
8480865,Noah Dobson,MTL,D,D,308,OZI,O,0.52762,0.4799,0.04771,913,865,20894.0,15501.0,1
8480865,Noah Dobson,MTL,D,D,308,DZI,D,0.39866,0.38417,0.01449,793,733,12419.0,14806.0,1
8480865,Noah Dobson,MTL,D,D,308,NZI,N,0.44045,0.36356,0.07689,829,744,14315.0,12152.0,1
8480870,Bo Groulx,TOR,C,F,60,OZI,O,0.47094,0.48276,-0.01182,57,63,1497.0,1131.0,1
8480870,Bo Groulx,TOR,C,F,60,DZI,D,0.4375,0.40259,0.03491,96,121,1472.0,2628.0,1
8480870,Bo Groulx,TOR,C,F,60,NZI,N,0.57754,0.32678,0.25075,88,88,1754.0,1527.0,1
8480871,Adam Boqvist,NYI,D,D,144,OZI,O,0.47228,0.46804,0.00424,344,391,6259.0,6664.0,1
8480871,Adam Boqvist,NYI,D,D,144,DZI,D,0.28555,0.30889,-0.02335,211,248,3397.0,4160.0,1
8480871,Adam Boqvist,NYI,D,D,144,NZI,N,0.4773,0.32399,0.15331,293,286,4999.0,4281.0,1
8480873,Rasmus Sandin,WSH,D,D,294,OZI,O,0.48341,0.45129,0.03211,702,783,14553.0,13284.0,1
8480873,Rasmus Sandin,WSH,D,D,294,DZI,D,0.32764,0.37904,-0.0514,699,704,11592.0,14257.0,1
8480873,Rasmus Sandin,WSH,D,D,294,NZI,N,0.41303,0.37664,0.03639,737,711,13798.0,12569.0,1
8480876,Curtis Douglas,VAN,C,F,42,OZI,O,0.70341,0.45268,0.25073,36,44,762.0,877.0,0
8480876,Curtis Douglas,VAN,C,F,42,DZI,D,0.19718,0.4743,-0.27712,20,33,142.0,681.0,0
8480876,Curtis Douglas,VAN,C,F,42,NZI,N,0.42591,0.22171,0.2042,56,62,965.0,1078.0,1
8480878,Nils Lundkvist,DAL,D,D,210,OZI,O,0.55157,0.41107,0.1405,555,457,11692.0,7444.0,1
8480878,Nils Lundkvist,DAL,D,D,210,DZI,D,0.33214,0.40255,-0.07041,484,413,7268.0,7147.0,1
8480878,Nils Lundkvist,DAL,D,D,210,NZI,N,0.43475,0.38082,0.05393,519,484,8253.0,7686.0,1
8480879,Jacob Bernard-Docker,DET,D,D,194,OZI,O,0.48997,0.4313,0.05867,346,411,6778.0,7394.0,1
8480879,Jacob Bernard-Docker,DET,D,D,194,DZI,D,0.38458,0.33891,0.04566,396,389,5926.0,7167.0,1
8480879,Jacob Bernard-Docker,DET,D,D,194,NZI,N,0.41635,0.33751,0.07883,388,423,6533.0,6936.0,1
8480880,Jakub Lauko,BOS,C,F,139,OZI,O,0.39934,0.40747,-0.00813,77,100,1808.0,1821.0,1
8480880,Jakub Lauko,BOS,C,F,139,DZI,D,0.30284,0.33999,-0.03715,213,231,3520.0,4609.0,1
8480880,Jakub Lauko,BOS,C,F,139,NZI,N,0.42514,0.35307,0.07206,252,250,3867.0,4019.0,1
8480884,Calen Addison,SJS,D,D,134,OZI,O,0.55685,0.48972,0.06712,280,286,5418.0,4184.0,1
8480884,Calen Addison,SJS,D,D,134,DZI,D,0.40555,0.34995,0.0556,204,268,2414.0,4432.0,1
8480884,Calen Addison,SJS,D,D,134,NZI,N,0.46927,0.43017,0.0391,243,229,3742.0,3394.0,1
8480887,Jordan Harris,BOS,D,D,162,OZI,O,0.47602,0.48515,-0.00913,216,269,5462.0,5959.0,1
8480887,Jordan Harris,BOS,D,D,162,DZI,D,0.41615,0.34767,0.06849,317,305,5498.0,7024.0,1
8480887,Jordan Harris,BOS,D,D,162,NZI,N,0.40842,0.3652,0.04323,327,349,6721.0,6936.0,1
8480891,Michael Kesselring,BUF,D,D,190,OZI,O,0.5302,0.50814,0.02206,417,486,7731.0,7492.0,1
8480891,Michael Kesselring,BUF,D,D,190,DZI,D,0.3567,0.32641,0.03029,378,392,5307.0,6743.0,1
8480891,Michael Kesselring,BUF,D,D,190,NZI,N,0.47212,0.35216,0.11996,416,466,6617.0,7420.0,1
8480893,Kirill Marchenko,CBJ,R,F,292,OZI,O,0.53288,0.46528,0.0676,692,808,15756.0,14329.0,1
8480893,Kirill Marchenko,CBJ,R,F,292,DZI,D,0.38552,0.35108,0.03444,514,587,8783.0,12718.0,1
8480893,Kirill Marchenko,CBJ,R,F,292,NZI,N,0.42754,0.35525,0.07229,666,638,12158.0,12062.0,1
8480901,Karson Kuhlman,WPG,C,F,47,OZI,O,0.56868,0.39205,0.17664,56,70,1092.0,1056.0,1
8480901,Karson Kuhlman,WPG,C,F,47,DZI,D,0.44095,0.41698,0.02398,64,68,796.0,1072.0,1
8480901,Karson Kuhlman,WPG,C,F,47,NZI,N,0.56882,0.33333,0.23549,82,64,1097.0,876.0,1
8480950,Ilya Lyubushkin,DAL,D,D,275,OZI,O,0.49248,0.4361,0.05638,463,445,9708.0,6808.0,1
8480950,Ilya Lyubushkin,DAL,D,D,275,DZI,D,0.35964,0.34179,0.01786,619,615,9654.0,11279.0,1
8480950,Ilya Lyubushkin,DAL,D,D,275,NZI,N,0.40301,0.31437,0.08864,673,625,10846.0,10494.0,1
8480980,Connor Dewar,PIT,C,F,281,OZI,O,0.60062,0.54016,0.06046,212,209,4860.0,3486.0,1
8480980,Connor Dewar,PIT,C,F,281,DZI,D,0.40546,0.40449,0.00098,479,552,7722.0,10920.0,1
8480980,Connor Dewar,PIT,C,F,281,NZI,N,0.48291,0.32372,0.15919,414,383,6906.0,6691.0,1
8480990,Declan Chisholm,WSH,D,D,123,OZI,O,0.52482,0.41571,0.10911,199,248,4975.0,4111.0,1
8480990,Declan Chisholm,WSH,D,D,123,DZI,D,0.35731,0.33026,0.02705,230,240,3935.0,5208.0,1
8480990,Declan Chisholm,WSH,D,D,123,NZI,N,0.3757,0.31514,0.06056,239,255,4477.0,4801.0,1
8480995,Pontus Holmberg,TBL,R,F,229,OZI,O,0.52713,0.43808,0.08904,281,324,6175.0,5992.0,1
8480995,Pontus Holmberg,TBL,R,F,229,DZI,D,0.4009,0.406,-0.0051,352,386,6241.0,8202.0,1
8480995,Pontus Holmberg,TBL,R,F,229,NZI,N,0.49872,0.36093,0.13779,431,415,7058.0,7428.0,1
8481006,Tyler Tucker,STL,D,D,158,OZI,O,0.49756,0.42552,0.07204,243,249,5334.0,3699.0,1
8481006,Tyler Tucker,STL,D,D,158,DZI,D,0.29815,0.29708,0.00107,248,232,3951.0,4211.0,1
8481006,Tyler Tucker,STL,D,D,158,NZI,N,0.32821,0.36255,-0.03434,340,297,6633.0,5762.0,1
8481013,Jonatan Berggren,STL,R,F,204,OZI,O,0.54051,0.41428,0.12623,305,339,6912.0,6189.0,1
8481013,Jonatan Berggren,STL,R,F,204,DZI,D,0.36287,0.35182,0.01105,323,329,5236.0,6131.0,1
8481013,Jonatan Berggren,STL,R,F,204,NZI,N,0.37057,0.31262,0.05795,315,341,5532.0,5841.0,1
8481014,Alexander Romanov,NYI,D,D,236,OZI,O,0.49803,0.43653,0.0615,572,545,12943.0,9681.0,1
8481014,Alexander Romanov,NYI,D,D,236,DZI,D,0.4091,0.34561,0.06349,644,614,10264.0,11782.0,1
8481014,Alexander Romanov,NYI,D,D,236,NZI,N,0.4775,0.34425,0.13325,653,591,12113.0,11387.0,1
8481019,David Gustafsson,WPG,C,F,121,OZI,O,0.46521,0.50775,-0.04254,73,101,1969.0,1741.0,1
8481019,David Gustafsson,WPG,C,F,121,DZI,D,0.34356,0.30117,0.04239,186,148,2509.0,2643.0,1
8481019,David Gustafsson,WPG,C,F,121,NZI,N,0.49872,0.3733,0.12542,149,158,2342.0,2644.0,1
8481024,Linus Karlsson,VAN,C,F,105,OZI,O,0.5,0.47282,0.02718,113,152,2178.0,2851.0,1
8481024,Linus Karlsson,VAN,C,F,105,DZI,D,0.36404,0.39415,-0.03011,148,153,2030.0,2735.0,1
8481024,Linus Karlsson,VAN,C,F,105,NZI,N,0.41697,0.43348,-0.01651,149,158,2511.0,2503.0,1
8481028,Martin Pospisil,CGY,C,F,166,OZI,O,0.54588,0.40086,0.14502,402,412,7694.0,5810.0,1
8481028,Martin Pospisil,CGY,C,F,166,DZI,D,0.33916,0.34766,-0.0085,240,278,3090.0,4979.0,1
8481028,Martin Pospisil,CGY,C,F,166,NZI,N,0.37837,0.38488,-0.00652,320,402,5085.0,6298.0,1
8481030,Jack St. Ivany,PIT,D,D,53,OZI,O,0.58462,0.41124,0.17338,83,88,1885.0,1566.0,1
8481030,Jack St. Ivany,PIT,D,D,53,DZI,D,0.28952,0.28872,0.0008,101,117,1651.0,2615.0,1
8481030,Jack St. Ivany,PIT,D,D,53,NZI,N,0.34246,0.32214,0.02031,111,94,1644.0,1698.0,1
8481032,Paul Cotter,NJD,C,F,289,OZI,O,0.4762,0.44683,0.02937,402,456,8383.0,9084.0,1
8481032,Paul Cotter,NJD,C,F,289,DZI,D,0.37911,0.3747,0.00441,462,462,8156.0,10056.0,1
8481032,Paul Cotter,NJD,C,F,289,NZI,N,0.4121,0.40997,0.00213,491,432,8743.0,8508.0,1
8481042,Nikolai Kovalenko,SJS,R,F,58,OZI,O,0.45948,0.34944,0.11004,70,100,1715.0,1511.0,1
8481042,Nikolai Kovalenko,SJS,R,F,58,DZI,D,0.26455,0.32471,-0.06016,94,101,1701.0,1740.0,1
8481042,Nikolai Kovalenko,SJS,R,F,58,NZI,N,0.30554,0.26034,0.04519,93,96,1571.0,1982.0,1
8481043,Cole Koepke,WPG,L,F,164,OZI,O,0.48895,0.45667,0.03227,142,145,2759.0,2481.0,1
8481043,Cole Koepke,WPG,L,F,164,DZI,D,0.30612,0.32559,-0.01947,261,262,3773.0,4650.0,1
8481043,Cole Koepke,WPG,L,F,164,NZI,N,0.37211,0.31946,0.05265,255,284,4453.0,5381.0,1
8481056,Spencer Stastney,EDM,D,D,117,OZI,O,0.53935,0.51635,0.023,240,211,4943.0,2936.0,1
8481056,Spencer Stastney,EDM,D,D,117,DZI,D,0.40305,0.42743,-0.02437,245,215,3342.0,3617.0,1
8481056,Spencer Stastney,EDM,D,D,117,NZI,N,0.46633,0.3392,0.12713,269,244,4722.0,3977.0,1
8481058,Jesse Ylonen,MTL,R,F,96,OZI,O,0.49878,0.48667,0.01211,95,107,2041.0,1800.0,1
8481058,Jesse Ylonen,MTL,R,F,96,DZI,D,0.34736,0.41259,-0.06523,135,146,1972.0,3129.0,1
8481058,Jesse Ylonen,MTL,R,F,96,NZI,N,0.42001,0.34563,0.07438,129,155,2019.0,2954.0,1
8481059,Scott Perunovich,NYI,D,D,89,OZI,O,0.50823,0.45789,0.05035,198,187,4372.0,3182.0,1
8481059,Scott Perunovich,NYI,D,D,89,DZI,D,0.36803,0.34962,0.0184,107,117,1864.0,2251.0,1
8481059,Scott Perunovich,NYI,D,D,89,NZI,N,0.34842,0.36371,-0.01529,162,143,2873.0,2601.0,1
8481065,Angus Crookshank,NJD,L,F,29,OZI,O,0.48663,0.33374,0.15288,40,35,972.0,812.0,0
8481065,Angus Crookshank,NJD,L,F,29,DZI,D,0.38633,0.42445,-0.03811,40,39,761.0,589.0,0
8481065,Angus Crookshank,NJD,L,F,29,NZI,N,0.44838,0.36139,0.087,36,25,649.0,404.0,0
8481068,Yegor Sharangovich,CGY,C,F,307,OZI,O,0.50023,0.44461,0.05562,580,684,13164.0,11653.0,1
8481068,Yegor Sharangovich,CGY,C,F,307,DZI,D,0.39006,0.41374,-0.02368,488,502,7627.0,10028.0,1
8481068,Yegor Sharangovich,CGY,C,F,307,NZI,N,0.47923,0.36393,0.11531,483,585,8065.0,9730.0,1
8481072,Tim Berni,CBJ,D,D,59,OZI,O,0.46012,0.41481,0.0453,114,126,2219.0,2295.0,1
8481072,Tim Berni,CBJ,D,D,59,DZI,D,0.4189,0.34153,0.07737,141,169,1862.0,2805.0,1
8481072,Tim Berni,CBJ,D,D,59,NZI,N,0.3931,0.35521,0.03789,156,161,2320.0,2697.0,1
8481077,John Leonard,DET,L,F,23,OZI,O,0.59476,0.43188,0.16288,32,31,649.0,389.0,0
8481077,John Leonard,DET,L,F,23,DZI,D,0.41296,0.25399,0.15896,30,40,494.0,626.0,0
8481077,John Leonard,DET,L,F,23,NZI,N,0.43049,0.1844,0.24609,32,24,597.0,423.0,0
8481093,Rafael Harvey-Pinard,PIT,L,F,81,OZI,O,0.53444,0.5414,-0.00697,96,116,2178.0,2065.0,1
8481093,Rafael Harvey-Pinard,PIT,L,F,81,DZI,D,0.39485,0.4042,-0.00936,119,140,1940.0,3330.0,1
8481093,Rafael Harvey-Pinard,PIT,L,F,81,NZI,N,0.4223,0.39496,0.02735,132,149,2439.0,3013.0,1
8481122,Simon Benoit,TOR,D,D,293,OZI,O,0.46195,0.40477,0.05718,385,367,7674.0,5949.0,1
8481122,Simon Benoit,TOR,D,D,293,DZI,D,0.36721,0.31427,0.05294,706,698,11021.0,12082.0,1
8481122,Simon Benoit,TOR,D,D,293,NZI,N,0.41673,0.30512,0.11161,683,656,10964.0,11081.0,1
8481133,Cole Reinhardt,FLA,L,F,76,OZI,O,0.65102,0.5111,0.13992,71,78,1427.0,1532.0,1
8481133,Cole Reinhardt,FLA,L,F,76,DZI,D,0.38314,0.24738,0.13576,102,92,1613.0,1908.0,1
8481133,Cole Reinhardt,FLA,L,F,76,NZI,N,0.39388,0.41651,-0.02264,114,115,2384.0,2168.0,1
8481147,Reese Johnson,MIN,C,F,102,OZI,O,0.56005,0.57275,-0.01271,74,63,1732.0,1079.0,1
8481147,Reese Johnson,MIN,C,F,102,DZI,D,0.41534,0.32247,0.09287,117,150,1512.0,3222.0,1
8481147,Reese Johnson,MIN,C,F,102,NZI,N,0.50022,0.38914,0.11108,136,129,2251.0,2670.0,1
8481161,Jake Christiansen,CBJ,D,D,144,OZI,O,0.4934,0.36754,0.12586,200,229,5075.0,4405.0,1
8481161,Jake Christiansen,CBJ,D,D,144,DZI,D,0.30643,0.31274,-0.00631,210,219,3717.0,4726.0,1
8481161,Jake Christiansen,CBJ,D,D,144,NZI,N,0.32965,0.28477,0.04488,231,236,4523.0,4379.0,1
8481167,Brayden Pachal,CGY,D,D,174,OZI,O,0.44182,0.40523,0.03658,304,344,5749.0,5123.0,1
8481167,Brayden Pachal,CGY,D,D,174,DZI,D,0.34619,0.32299,0.0232,256,250,3527.0,4350.0,1
8481167,Brayden Pachal,CGY,D,D,174,NZI,N,0.38123,0.27418,0.10706,271,327,4071.0,5139.0,1
8481178,Egor Zamula,CBJ,D,D,176,OZI,O,0.5297,0.46732,0.06237,324,304,6617.0,5172.0,1
8481178,Egor Zamula,CBJ,D,D,176,DZI,D,0.33946,0.3658,-0.02634,297,275,4784.0,5287.0,1
8481178,Egor Zamula,CBJ,D,D,176,NZI,N,0.45381,0.29592,0.15789,326,317,5802.0,5363.0,1
8481186,Logan O'Connor,COL,R,F,231,OZI,O,0.48259,0.45165,0.03094,227,259,4911.0,4085.0,1
8481186,Logan O'Connor,COL,R,F,231,DZI,D,0.46648,0.38832,0.07816,484,494,7338.0,9930.0,1
8481186,Logan O'Connor,COL,R,F,231,NZI,N,0.44311,0.38822,0.05489,412,480,6091.0,7184.0,1
8481206,John Ludvig,COL,D,D,41,OZI,O,0.4908,0.40727,0.08352,34,39,815.0,825.0,0
8481206,John Ludvig,COL,D,D,41,DZI,D,0.3129,0.34924,-0.03635,82,71,1256.0,1257.0,1
8481206,John Ludvig,COL,D,D,41,NZI,N,0.5116,0.2018,0.3098,59,48,991.0,778.0,0
8481219,Jonathan Aspirot,BOS,D,D,61,OZI,O,0.52961,0.42416,0.10545,134,121,2989.0,2558.0,1
8481219,Jonathan Aspirot,BOS,D,D,61,DZI,D,0.35643,0.28872,0.06771,166,141,2713.0,2899.0,1
8481219,Jonathan Aspirot,BOS,D,D,61,NZI,N,0.39484,0.3259,0.06893,154,146,2672.0,2378.0,1
8481237,Kyle MacLean,NYI,C,F,172,OZI,O,0.5742,0.46412,0.11008,200,244,4488.0,4055.0,1
8481237,Kyle MacLean,NYI,C,F,172,DZI,D,0.43517,0.39128,0.04388,218,218,3964.0,3992.0,1
8481237,Kyle MacLean,NYI,C,F,172,NZI,N,0.46809,0.40525,0.06284,288,260,5170.0,5071.0,1
8481422,Jake Lucchini,NSH,C,F,54,OZI,O,0.52159,0.46512,0.05648,28,31,602.0,645.0,0
8481422,Jake Lucchini,NSH,C,F,54,DZI,D,0.40055,0.43384,-0.03329,61,59,1096.0,1058.0,1
8481422,Jake Lucchini,NSH,C,F,54,NZI,N,0.56641,0.35952,0.20689,62,69,1054.0,1260.0,1
8481477,Nico Sturm,MIN,C,F,249,OZI,O,0.54712,0.46552,0.0816,370,261,6781.0,3944.0,1
8481477,Nico Sturm,MIN,C,F,249,DZI,D,0.35997,0.38237,-0.0224,570,469,6495.0,7804.0,1
8481477,Nico Sturm,MIN,C,F,249,NZI,N,0.45089,0.34411,0.10678,466,334,6221.0,4731.0,1
8481481,Blake Lizotte,PIT,C,F,257,OZI,O,0.48377,0.44816,0.03561,275,311,5453.0,5025.0,1
8481481,Blake Lizotte,PIT,C,F,257,DZI,D,0.37868,0.37759,0.00109,498,443,8020.0,8700.0,1
8481481,Blake Lizotte,PIT,C,F,257,NZI,N,0.46639,0.37286,0.09353,447,360,6947.0,6005.0,1
8481491,Noah Philp,CAR,C,F,32,OZI,O,0.48886,0.25427,0.2346,36,37,853.0,586.0,0
8481491,Noah Philp,CAR,C,F,32,DZI,D,0.36228,0.35368,0.00861,44,38,806.0,639.0,0
8481491,Noah Philp,CAR,C,F,32,NZI,N,0.46854,0.28513,0.18341,41,38,890.0,733.0,0
8481517,Brett Leason,WSH,R,F,190,OZI,O,0.52099,0.45563,0.06536,185,238,4384.0,3944.0,1
8481517,Brett Leason,WSH,R,F,190,DZI,D,0.40889,0.35799,0.0509,309,367,4566.0,6975.0,1
8481517,Brett Leason,WSH,R,F,190,NZI,N,0.42848,0.3314,0.09708,298,276,4607.0,4656.0,1
8481518,Nolan Foote,FLA,L,F,29,OZI,O,0.46429,0.62724,-0.16295,34,45,868.0,727.0,0
8481518,Nolan Foote,FLA,L,F,29,DZI,D,0.34808,0.38447,-0.03639,40,26,520.0,528.0,0
8481518,Nolan Foote,FLA,L,F,29,NZI,N,0.22581,0.35294,-0.12713,28,34,465.0,561.0,0
8481522,Peyton Krebs,BUF,C,F,317,OZI,O,0.5424,0.45837,0.08402,423,580,9930.0,10354.0,1
8481522,Peyton Krebs,BUF,C,F,317,DZI,D,0.40027,0.34803,0.05224,573,618,8869.0,12364.0,1
8481522,Peyton Krebs,BUF,C,F,317,NZI,N,0.44645,0.36371,0.08274,578,624,9804.0,11391.0,1
8481523,Kirby Dach,MTL,C,F,154,OZI,O,0.49586,0.38529,0.11058,290,336,7734.0,6756.0,1
8481523,Kirby Dach,MTL,C,F,154,DZI,D,0.41759,0.39095,0.02664,232,240,4138.0,5126.0,1
8481523,Kirby Dach,MTL,C,F,154,NZI,N,0.39409,0.34954,0.04455,259,344,5278.0,6563.0,1
8481524,Bowen Byram,BUF,D,D,279,OZI,O,0.5151,0.42067,0.09442,744,816,16793.0,14396.0,1
8481524,Bowen Byram,BUF,D,D,279,DZI,D,0.36156,0.36739,-0.00583,767,815,12742.0,17238.0,1
8481524,Bowen Byram,BUF,D,D,279,NZI,N,0.42761,0.38663,0.04097,743,813,13309.0,13346.0,1
8481525,Matthew Robertson,NYR,D,D,74,OZI,O,0.53689,0.45729,0.07961,152,128,3632.0,2353.0,1
8481525,Matthew Robertson,NYR,D,D,74,DZI,D,0.33734,0.42731,-0.08997,166,135,2579.0,2490.0,1
8481525,Matthew Robertson,NYR,D,D,74,NZI,N,0.51086,0.3466,0.16426,164,149,2717.0,2412.0,1
8481527,Kaedan Korczak,VGK,D,D,154,OZI,O,0.51927,0.47631,0.04296,320,306,7033.0,5635.0,1
8481527,Kaedan Korczak,VGK,D,D,154,DZI,D,0.33059,0.35551,-0.02492,304,286,5224.0,6073.0,1
8481527,Kaedan Korczak,VGK,D,D,154,NZI,N,0.4554,0.31764,0.13776,351,368,6671.0,7074.0,1
8481528,Dylan Cozens,OTT,C,F,324,OZI,O,0.53583,0.44746,0.08837,653,642,13355.0,10745.0,1
8481528,Dylan Cozens,OTT,C,F,324,DZI,D,0.38892,0.34388,0.04503,637,574,9691.0,11152.0,1
8481528,Dylan Cozens,OTT,C,F,324,NZI,N,0.42145,0.35367,0.06778,646,675,10286.0,10295.0,1
8481532,Alex Turcotte,LAK,C,F,154,OZI,O,0.48968,0.45831,0.03136,221,243,4795.0,3910.0,1
8481532,Alex Turcotte,LAK,C,F,154,DZI,D,0.36856,0.37265,-0.00409,235,195,3804.0,3620.0,1
8481532,Alex Turcotte,LAK,C,F,154,NZI,N,0.3627,0.29462,0.06808,280,245,4472.0,4426.0,1
8481533,Trevor Zegras,PHI,C,F,250,OZI,O,0.47957,0.4524,0.02717,489,616,10301.0,11817.0,1
8481533,Trevor Zegras,PHI,C,F,250,DZI,D,0.38022,0.35005,0.03017,346,430,6804.0,9930.0,1
8481533,Trevor Zegras,PHI,C,F,250,NZI,N,0.42501,0.3643,0.06071,425,525,7461.0,9407.0,1
8481535,Nils Hoglander,VAN,L,F,214,OZI,O,0.54073,0.4744,0.06633,350,370,6948.0,6016.0,1
8481535,Nils Hoglander,VAN,L,F,214,DZI,D,0.41048,0.36292,0.04757,340,297,4960.0,5431.0,1
8481535,Nils Hoglander,VAN,L,F,214,NZI,N,0.51483,0.3747,0.14013,317,352,5260.0,5431.0,1
8481537,Nikita Okhotiuk,CGY,D,D,62,OZI,O,0.47482,0.42932,0.0455,112,116,2125.0,2087.0,1
8481537,Nikita Okhotiuk,CGY,D,D,62,DZI,D,0.37171,0.31632,0.05539,140,146,2015.0,2861.0,1
8481537,Nikita Okhotiuk,CGY,D,D,62,NZI,N,0.38359,0.36696,0.01663,113,113,2242.0,1725.0,1
8481540,Cole Caufield,MTL,R,F,291,OZI,O,0.50424,0.44194,0.06231,687,681,17553.0,13649.0,1
8481540,Cole Caufield,MTL,R,F,291,DZI,D,0.40429,0.40261,0.00168,524,491,8959.0,11582.0,1
8481540,Cole Caufield,MTL,R,F,291,NZI,N,0.44251,0.40741,0.0351,697,656,12393.0,11956.0,1
8481541,Samuel Bolduc,NYI,D,D,52,OZI,O,0.55262,0.41565,0.13697,94,110,1853.0,2045.0,1
8481541,Samuel Bolduc,NYI,D,D,52,DZI,D,0.25571,0.25888,-0.00317,96,77,1314.0,1549.0,1
8481541,Samuel Bolduc,NYI,D,D,52,NZI,N,0.43329,0.39893,0.03436,106,108,1454.0,2048.0,1
8481542,Moritz Seider,DET,D,D,328,OZI,O,0.53911,0.43037,0.10875,790,737,16490.0,13277.0,1
8481542,Moritz Seider,DET,D,D,328,DZI,D,0.36056,0.36723,-0.00668,1043,1042,17007.0,21436.0,1
8481542,Moritz Seider,DET,D,D,328,NZI,N,0.41151,0.3674,0.04411,942,940,15324.0,14755.0,1
8481543,Nikita Alexandrov,STL,C,F,51,OZI,O,0.54306,0.49502,0.04805,50,66,1103.0,1305.0,1
8481543,Nikita Alexandrov,STL,C,F,51,DZI,D,0.43124,0.29263,0.13861,28,50,589.0,909.0,0
8481543,Nikita Alexandrov,STL,C,F,51,NZI,N,0.44787,0.40669,0.04117,54,83,844.0,1554.0,1
8481546,Cam York,PHI,D,D,276,OZI,O,0.5741,0.50743,0.06667,687,756,13205.0,11440.0,1
8481546,Cam York,PHI,D,D,276,DZI,D,0.36466,0.37199,-0.00733,764,707,9938.0,12409.0,1
8481546,Cam York,PHI,D,D,276,NZI,N,0.47819,0.3706,0.1076,861,893,13047.0,13400.0,1
8481550,Adam Beckman,MIN,L,F,20,OZI,O,0.65185,0.66,-0.00815,14,23,270.0,350.0,0
8481550,Adam Beckman,MIN,L,F,20,DZI,D,0.54095,0.53909,0.00185,28,30,464.0,729.0,0
8481550,Adam Beckman,MIN,L,F,20,NZI,N,0.53271,0.44444,0.08827,17,32,321.0,549.0,0
8481553,Bobby Brink,MIN,R,F,204,OZI,O,0.51151,0.43711,0.0744,274,370,5951.0,6758.0,1
8481553,Bobby Brink,MIN,R,F,204,DZI,D,0.38585,0.31841,0.06744,340,359,5059.0,7013.0,1
8481553,Bobby Brink,MIN,R,F,204,NZI,N,0.44448,0.33432,0.11017,374,405,5773.0,6437.0,1
8481554,Kaapo Kakko,SEA,R,F,286,OZI,O,0.54349,0.49996,0.04353,525,587,11279.0,11361.0,1
8481554,Kaapo Kakko,SEA,R,F,286,DZI,D,0.40407,0.36787,0.0362,469,453,8063.0,8764.0,1
8481554,Kaapo Kakko,SEA,R,F,286,NZI,N,0.40856,0.33345,0.07511,508,667,8180.0,11642.0,1
8481556,John Beecher,CGY,C,F,165,OZI,O,0.50693,0.41036,0.09656,83,97,1732.0,1428.0,1
8481556,John Beecher,CGY,C,F,165,DZI,D,0.34396,0.33418,0.00978,407,364,5332.0,5901.0,1
8481556,John Beecher,CGY,C,F,165,NZI,N,0.38638,0.32751,0.05888,294,235,4348.0,3948.0,1
8481557,Matt Boldy,MIN,L,F,314,OZI,O,0.56014,0.45967,0.10047,663,679,15721.0,13614.0,1
8481557,Matt Boldy,MIN,L,F,314,DZI,D,0.41435,0.41081,0.00354,624,731,10870.0,16762.0,1
8481557,Matt Boldy,MIN,L,F,314,NZI,N,0.46907,0.41674,0.05233,694,711,12578.0,13440.0,1
8481559,Jack Hughes,NJD,C,F,263,OZI,O,0.51169,0.45196,0.05974,664,807,15820.0,14924.0,1
8481559,Jack Hughes,NJD,C,F,263,DZI,D,0.37033,0.43046,-0.06013,301,382,5730.0,8168.0,1
8481559,Jack Hughes,NJD,C,F,263,NZI,N,0.43658,0.42291,0.01367,421,599,8081.0,11908.0,1
8481560,Arthur Kaliyev,OTT,R,F,123,OZI,O,0.54261,0.54564,-0.00303,219,179,4576.0,2903.0,1
8481560,Arthur Kaliyev,OTT,R,F,123,DZI,D,0.40746,0.3406,0.06686,141,143,2037.0,3027.0,1
8481560,Arthur Kaliyev,OTT,R,F,123,NZI,N,0.52512,0.49406,0.03106,171,184,2687.0,3200.0,1
8481563,Drew Helleson,ANA,D,D,119,OZI,O,0.50731,0.44937,0.05794,230,298,5196.0,5639.0,1
8481563,Drew Helleson,ANA,D,D,119,DZI,D,0.34908,0.30628,0.0428,256,269,3873.0,4535.0,1
8481563,Drew Helleson,ANA,D,D,119,NZI,N,0.38164,0.31066,0.07098,282,285,4968.0,4925.0,1
8481564,Ryan Johnson,BUF,D,D,47,OZI,O,0.56281,0.38915,0.17366,71,100,1409.0,1899.0,1
8481564,Ryan Johnson,BUF,D,D,47,DZI,D,0.38929,0.50329,-0.114,58,75,1400.0,1520.0,1
8481564,Ryan Johnson,BUF,D,D,47,NZI,N,0.45929,0.31065,0.14864,81,88,1609.0,1690.0,1
8481567,Henry Thrun,TOR,D,D,124,OZI,O,0.46234,0.41217,0.05017,283,288,6028.0,4668.0,1
8481567,Henry Thrun,TOR,D,D,124,DZI,D,0.37455,0.35115,0.02341,307,360,4456.0,6288.0,1
8481567,Henry Thrun,TOR,D,D,124,NZI,N,0.3192,0.30051,0.0187,337,280,5520.0,4539.0,1
8481568,Alex Vlasic,CHI,D,D,245,OZI,O,0.5029,0.39643,0.10647,490,618,11022.0,11215.0,1
8481568,Alex Vlasic,CHI,D,D,245,DZI,D,0.34069,0.31546,0.02523,739,828,12237.0,16021.0,1
8481568,Alex Vlasic,CHI,D,D,245,NZI,N,0.39743,0.33645,0.06097,669,767,12586.0,13672.0,1
8481572,Ville Heinola,WPG,D,D,32,OZI,O,0.39289,0.36177,0.03112,47,36,1013.0,633.0,0
8481572,Ville Heinola,WPG,D,D,32,DZI,D,0.30727,0.37671,-0.06944,45,44,921.0,876.0,0
8481572,Ville Heinola,WPG,D,D,32,NZI,N,0.46546,0.28558,0.17988,47,54,941.0,1082.0,0
8481577,Philip Tomasino,PIT,C,F,142,OZI,O,0.4809,0.47205,0.00885,211,243,5130.0,4758.0,1
8481577,Philip Tomasino,PIT,C,F,142,DZI,D,0.34538,0.37749,-0.03212,189,190,2823.0,3910.0,1
8481577,Philip Tomasino,PIT,C,F,142,NZI,N,0.44039,0.31278,0.12761,218,235,3758.0,4671.0,1
8481580,Connor McMichael,WSH,C,F,246,OZI,O,0.52661,0.38515,0.14146,429,521,9544.0,8311.0,1
8481580,Connor McMichael,WSH,C,F,246,DZI,D,0.37816,0.38945,-0.01129,445,449,7161.0,8851.0,1
8481580,Connor McMichael,WSH,C,F,246,NZI,N,0.39012,0.35779,0.03233,450,574,7972.0,9609.0,1
8481581,Thomas Harley,DAL,D,D,233,OZI,O,0.52065,0.39707,0.12358,772,679,18135.0,12494.0,1
8481581,Thomas Harley,DAL,D,D,233,DZI,D,0.35847,0.37908,-0.02061,695,554,12361.0,11069.0,1
8481581,Thomas Harley,DAL,D,D,233,NZI,N,0.41367,0.37065,0.04302,651,598,11896.0,11353.0,1
8481582,Nicholas Robertson,TOR,L,F,218,OZI,O,0.44708,0.43199,0.01509,345,307,7332.0,5102.0,1
8481582,Nicholas Robertson,TOR,L,F,218,DZI,D,0.42851,0.33939,0.08912,305,266,4532.0,5501.0,1
8481582,Nicholas Robertson,TOR,L,F,218,NZI,N,0.40058,0.33026,0.07032,355,336,6543.0,6192.0,1
8481592,Jakob Pelletier,TBL,L,F,91,OZI,O,0.48293,0.36754,0.11539,143,165,2959.0,2329.0,1
8481592,Jakob Pelletier,TBL,L,F,91,DZI,D,0.34751,0.32635,0.02116,131,111,2069.0,2004.0,1
8481592,Jakob Pelletier,TBL,L,F,91,NZI,N,0.40835,0.37785,0.0305,150,152,2444.0,2284.0,1
8481593,Jayden Struble,MTL,D,D,171,OZI,O,0.49211,0.44222,0.04988,314,300,7537.0,6352.0,1
8481593,Jayden Struble,MTL,D,D,171,DZI,D,0.32011,0.40553,-0.08542,259,229,4386.0,4742.0,1
8481593,Jayden Struble,MTL,D,D,171,NZI,N,0.35481,0.3528,0.00201,318,342,6612.0,6885.0,1
8481596,Shane Pinto,OTT,C,F,265,OZI,O,0.59919,0.46841,0.13078,464,436,9426.0,7344.0,1
8481596,Shane Pinto,OTT,C,F,265,DZI,D,0.36081,0.3691,-0.00829,688,607,9207.0,10531.0,1
8481596,Shane Pinto,OTT,C,F,265,NZI,N,0.44728,0.31184,0.13543,607,572,8943.0,8950.0,1
8481598,Philip Broberg,STL,D,D,206,OZI,O,0.51193,0.45709,0.05484,460,505,10142.0,8937.0,1
8481598,Philip Broberg,STL,D,D,206,DZI,D,0.38001,0.36166,0.01835,496,550,8005.0,11356.0,1
8481598,Philip Broberg,STL,D,D,206,NZI,N,0.42613,0.35758,0.06855,482,479,9070.0,8563.0,1
8481599,Victor Soderstrom,BOS,D,D,41,OZI,O,0.50101,0.53801,-0.037,80,82,1481.0,1526.0,1
8481599,Victor Soderstrom,BOS,D,D,41,DZI,D,0.41888,0.36596,0.05292,60,74,752.0,1328.0,1
8481599,Victor Soderstrom,BOS,D,D,41,NZI,N,0.43082,0.32603,0.10479,77,106,1272.0,1871.0,1
8481600,Tobias Bjornfot,FLA,D,D,47,OZI,O,0.53141,0.40135,0.13007,78,88,1910.0,1338.0,1
8481600,Tobias Bjornfot,FLA,D,D,47,DZI,D,0.4462,0.36315,0.08306,65,81,948.0,1487.0,1
8481600,Tobias Bjornfot,FLA,D,D,47,NZI,N,0.4544,0.37274,0.08166,110,98,1831.0,1768.0,1
8481601,Simon Holmstrom,NYI,R,F,279,OZI,O,0.53925,0.47556,0.06369,497,467,10485.0,8224.0,1
8481601,Simon Holmstrom,NYI,R,F,279,DZI,D,0.38206,0.35625,0.02581,557,468,8551.0,8755.0,1
8481601,Simon Holmstrom,NYI,R,F,279,NZI,N,0.4558,0.38411,0.07169,548,449,8868.0,7123.0,1
8481604,Pavel Dorofeyev,VGK,L,F,230,OZI,O,0.51738,0.44814,0.06925,589,510,12741.0,8455.0,1
8481604,Pavel Dorofeyev,VGK,L,F,230,DZI,D,0.37936,0.3781,0.00126,395,354,6590.0,7707.0,1
8481604,Pavel Dorofeyev,VGK,L,F,230,NZI,N,0.38386,0.36365,0.02021,397,393,7982.0,7015.0,1
8481605,Jackson LaCombe,ANA,D,D,229,OZI,O,0.50659,0.43843,0.06816,478,646,10247.0,11482.0,1
8481605,Jackson LaCombe,ANA,D,D,229,DZI,D,0.36583,0.35931,0.00653,629,682,10677.0,14297.0,1
8481605,Jackson LaCombe,ANA,D,D,229,NZI,N,0.40573,0.38005,0.02568,578,617,9696.0,10067.0,1
8481606,Jordan Spence,OTT,D,D,229,OZI,O,0.54357,0.47246,0.07112,551,553,11945.0,10566.0,1
8481606,Jordan Spence,OTT,D,D,229,DZI,D,0.35287,0.37932,-0.02645,396,329,6263.0,6140.0,1
8481606,Jordan Spence,OTT,D,D,229,NZI,N,0.40933,0.31544,0.09389,494,491,9044.0,10043.0,1
8481607,Albert Johansson,DET,D,D,143,OZI,O,0.49419,0.40157,0.09262,300,328,6022.0,5862.0,1
8481607,Albert Johansson,DET,D,D,143,DZI,D,0.31578,0.3083,0.00748,301,312,4576.0,5991.0,1
8481607,Albert Johansson,DET,D,D,143,NZI,N,0.35147,0.32763,0.02384,282,288,5090.0,5146.0,1
8481609,Vladislav Kolyachonok,BOS,D,D,55,OZI,O,0.39073,0.38807,0.00266,109,89,2114.0,1157.0,1
8481609,Vladislav Kolyachonok,BOS,D,D,55,DZI,D,0.31781,0.30949,0.00831,78,86,1095.0,1622.0,1
8481609,Vladislav Kolyachonok,BOS,D,D,55,NZI,N,0.37375,0.2858,0.08795,82,90,1600.0,1599.0,1
8473419,Brad Marchand,FLA,L,F,278,OZI,O,0.57198,0.46163,0.11035,683,661,12920.0,11767.0,1
8473419,Brad Marchand,FLA,L,F,278,DZI,D,0.36781,0.34366,0.02415,666,512,9668.0,9748.0,1
8473419,Brad Marchand,FLA,L,F,278,NZI,N,0.44678,0.36159,0.0852,522,486,8738.0,7232.0,1
8473422,Nick Foligno,MIN,L,F,266,OZI,O,0.51852,0.50668,0.01183,329,342,7155.0,6059.0,1
8473422,Nick Foligno,MIN,L,F,266,DZI,D,0.38247,0.36115,0.02132,522,541,8215.0,11048.0,1
8473422,Nick Foligno,MIN,L,F,266,NZI,N,0.39343,0.34294,0.05049,499,537,8708.0,9474.0,1
8481617,Vasily Podkolzin,EDM,R,F,221,OZI,O,0.52936,0.4685,0.06085,423,440,8703.0,8350.0,1
8481617,Vasily Podkolzin,EDM,R,F,221,DZI,D,0.37097,0.36074,0.01023,335,322,5615.0,6811.0,1
8481617,Vasily Podkolzin,EDM,R,F,221,NZI,N,0.47636,0.38229,0.09406,450,412,7656.0,7918.0,1
8481618,Alex Newhook,MTL,C,F,261,OZI,O,0.51454,0.38267,0.13187,439,508,10386.0,10236.0,1
8481618,Alex Newhook,MTL,C,F,261,DZI,D,0.36592,0.33318,0.03274,417,413,6854.0,8509.0,1
8481618,Alex Newhook,MTL,C,F,261,NZI,N,0.41552,0.34509,0.07043,379,515,6445.0,9044.0,1
8481624,Ilya Mikheyev,CHI,R,F,281,OZI,O,0.49277,0.43568,0.05709,386,464,8503.0,7556.0,1
8481624,Ilya Mikheyev,CHI,R,F,281,DZI,D,0.32199,0.34959,-0.0276,564,613,9019.0,12080.0,1
8481624,Ilya Mikheyev,CHI,R,F,281,NZI,N,0.44198,0.37157,0.07041,496,619,8489.0,10461.0,1
8473446,Erik Johnson,COL,D,D,166,OZI,O,0.48396,0.47075,0.0132,288,286,5329.0,3966.0,1
8473446,Erik Johnson,COL,D,D,166,DZI,D,0.37289,0.33989,0.033,363,316,4626.0,5643.0,1
8473446,Erik Johnson,COL,D,D,166,NZI,N,0.42269,0.35137,0.07132,319,342,4831.0,4639.0,1
8473449,Kyle Okposo,FLA,R,F,142,OZI,O,0.58025,0.45127,0.12898,197,264,4710.0,4946.0,1
8473449,Kyle Okposo,FLA,R,F,142,DZI,D,0.46334,0.38291,0.08043,245,289,3669.0,5607.0,1
8473449,Kyle Okposo,FLA,R,F,142,NZI,N,0.47924,0.38947,0.08977,267,258,4455.0,4198.0,1
8481641,Joel Kiviranta,COL,L,F,255,OZI,O,0.53628,0.43655,0.09973,214,284,4438.0,4082.0,1
8481641,Joel Kiviranta,COL,L,F,255,DZI,D,0.40811,0.37842,0.02969,440,379,6241.0,7201.0,1
8481641,Joel Kiviranta,COL,L,F,255,NZI,N,0.44739,0.37753,0.06987,446,438,6406.0,6683.0,1
8473453,Trevor Lewis,LAK,C,F,224,OZI,O,0.4988,0.41335,0.08545,276,352,5409.0,5424.0,1
8473453,Trevor Lewis,LAK,C,F,224,DZI,D,0.34648,0.36247,-0.01599,272,269,4107.0,4690.0,1
8473453,Trevor Lewis,LAK,C,F,224,NZI,N,0.42238,0.36287,0.05952,321,320,4870.0,5079.0,1
8481655,Cole Schwindt,FLA,R,F,76,OZI,O,0.49144,0.49421,-0.00278,75,77,1518.0,1210.0,1
8481655,Cole Schwindt,FLA,R,F,76,DZI,D,0.44672,0.30034,0.14638,62,82,976.0,1465.0,1
8481655,Cole Schwindt,FLA,R,F,76,NZI,N,0.37024,0.4183,-0.04806,116,137,1969.0,2295.0,1
8481656,Aliaksei Protas,WSH,C,F,288,OZI,O,0.50691,0.45939,0.04752,475,546,11497.0,9850.0,1
8481656,Aliaksei Protas,WSH,C,F,288,DZI,D,0.38605,0.38535,0.0007,577,590,10237.0,11587.0,1
8481656,Aliaksei Protas,WSH,C,F,288,NZI,N,0.46298,0.36145,0.10153,553,567,9940.0,10065.0,1
8473473,Milan Lucic,BOS,L,F,81,OZI,O,0.59272,0.57231,0.0204,135,151,2087.0,2261.0,1
8473473,Milan Lucic,BOS,L,F,81,DZI,D,0.4127,0.35294,0.05976,99,113,1512.0,1700.0,1
8473473,Milan Lucic,BOS,L,F,81,NZI,N,0.48511,0.45199,0.03312,104,144,1276.0,1958.0,1
8473504,Cal Clutterbuck,NYI,R,F,131,OZI,O,0.57553,0.50937,0.06616,122,127,2264.0,1867.0,1
8473504,Cal Clutterbuck,NYI,R,F,131,DZI,D,0.42985,0.36901,0.06084,274,260,3913.0,4260.0,1
8473504,Cal Clutterbuck,NYI,R,F,131,NZI,N,0.57374,0.3972,0.17654,249,243,3709.0,3429.0,1
8473507,Jeff Petry,MIN,D,D,245,OZI,O,0.53723,0.46766,0.06956,508,550,11269.0,10050.0,1
8473507,Jeff Petry,MIN,D,D,245,DZI,D,0.36457,0.33622,0.02835,566,570,9027.0,10398.0,1
8473507,Jeff Petry,MIN,D,D,245,NZI,N,0.43513,0.34333,0.0918,608,607,10066.0,10937.0,1
8481703,Valtteri Puustinen,PIT,R,F,65,OZI,O,0.42377,0.47009,-0.04631,63,78,1102.0,1287.0,1
8481703,Valtteri Puustinen,PIT,R,F,65,DZI,D,0.37801,0.34342,0.03459,78,77,873.0,1520.0,1
8481703,Valtteri Puustinen,PIT,R,F,65,NZI,N,0.47377,0.37976,0.09401,107,93,1811.0,1522.0,1
8473512,Claude Giroux,OTT,R,F,327,OZI,O,0.53825,0.44631,0.09194,844,714,15946.0,10412.0,1
8473512,Claude Giroux,OTT,R,F,327,DZI,D,0.37697,0.39539,-0.01843,837,573,11054.0,9421.0,1
8473512,Claude Giroux,OTT,R,F,327,NZI,N,0.47268,0.35961,0.11306,736,663,10650.0,9780.0,1
8481704,Juuso Parssinen,NYR,C,F,157,OZI,O,0.53493,0.43108,0.10385,206,241,4481.0,4215.0,1
8481704,Juuso Parssinen,NYR,C,F,157,DZI,D,0.3351,0.36552,-0.03042,235,227,3396.0,4432.0,1
8481704,Juuso Parssinen,NYR,C,F,157,NZI,N,0.4624,0.37286,0.08953,276,290,4202.0,4857.0,1
8481708,Zac Jones,NYR,D,D,93,OZI,O,0.51019,0.34932,0.16087,162,161,4073.0,3753.0,1
8481708,Zac Jones,NYR,D,D,93,DZI,D,0.31219,0.25588,0.05631,129,130,2239.0,2423.0,1
8481708,Zac Jones,NYR,D,D,93,NZI,N,0.35766,0.33723,0.02043,190,177,3604.0,3938.0,1
8481711,Matias Maccelli,TOR,L,F,272,OZI,O,0.54238,0.491,0.05139,482,463,10004.0,8330.0,1
8481711,Matias Maccelli,TOR,L,F,272,DZI,D,0.42596,0.36278,0.06319,481,497,7935.0,9397.0,1
8481711,Matias Maccelli,TOR,L,F,272,NZI,N,0.47008,0.36888,0.10121,555,562,10311.0,9266.0,1
8481716,Dmitri Voronkov,CBJ,L,F,211,OZI,O,0.51494,0.44628,0.06866,447,577,9139.0,8535.0,1
8481716,Dmitri Voronkov,CBJ,L,F,211,DZI,D,0.37215,0.34696,0.02519,307,384,5264.0,8024.0,1
8481716,Dmitri Voronkov,CBJ,L,F,211,NZI,N,0.39726,0.34077,0.05649,404,471,6492.0,7847.0,1
8481719,Maxwell Crozier,TBL,D,D,53,OZI,O,0.56366,0.4676,0.09607,95,109,2042.0,1867.0,1
8481719,Maxwell Crozier,TBL,D,D,53,DZI,D,0.44626,0.38925,0.05701,82,97,2019.0,1824.0,1
8481719,Maxwell Crozier,TBL,D,D,53,NZI,N,0.46148,0.38423,0.07724,117,87,2427.0,2004.0,1
8481721,Arseny Gritsyuk,NJD,R,F,66,OZI,O,0.51142,0.52911,-0.01769,121,126,3021.0,2319.0,1
8481721,Arseny Gritsyuk,NJD,R,F,66,DZI,D,0.46072,0.35253,0.10819,119,110,1973.0,2309.0,1
8481721,Arseny Gritsyuk,NJD,R,F,66,NZI,N,0.51714,0.44786,0.06928,123,149,2129.0,2762.0,1
8473533,Jordan Staal,CAR,C,F,311,OZI,O,0.58795,0.49129,0.09666,762,573,16537.0,9475.0,1
8473533,Jordan Staal,CAR,C,F,311,DZI,D,0.45978,0.40651,0.05328,814,634,10879.0,11552.0,1
8473533,Jordan Staal,CAR,C,F,311,NZI,N,0.48991,0.43284,0.05707,924,713,15311.0,10251.0,1
8481725,Elmer Soderblom,PIT,L,F,106,OZI,O,0.50621,0.43729,0.06892,124,173,2738.0,3245.0,1
8481725,Elmer Soderblom,PIT,L,F,106,DZI,D,0.39437,0.27427,0.12011,198,197,3271.0,3781.0,1
8481725,Elmer Soderblom,PIT,L,F,106,NZI,N,0.45843,0.34927,0.10916,145,179,2646.0,2803.0,1
8481726,Adam Edstrom,NYR,C,F,97,OZI,O,0.38196,0.45455,-0.07258,75,75,1508.0,1683.0,1
8481726,Adam Edstrom,NYR,C,F,97,DZI,D,0.31556,0.34891,-0.03335,199,160,2700.0,2975.0,1
8481726,Adam Edstrom,NYR,C,F,97,NZI,N,0.37071,0.23654,0.13417,144,126,2390.0,1987.0,1
8481732,Andre Lee,LAK,L,F,26,OZI,O,0.34043,0.37774,-0.03732,21,32,517.0,638.0,0
8481732,Andre Lee,LAK,L,F,26,DZI,D,0.47667,0.44483,0.03184,18,27,300.0,580.0,0
8481732,Andre Lee,LAK,L,F,26,NZI,N,0.39286,0.24049,0.15237,32,37,672.0,657.0,0
8473544,Derick Brassard,OTT,C,F,62,OZI,O,0.53602,0.53995,-0.00393,69,87,1291.0,1139.0,1
8473544,Derick Brassard,OTT,C,F,62,DZI,D,0.39595,0.42941,-0.03346,123,93,1581.0,1367.0,1
8473544,Derick Brassard,OTT,C,F,62,NZI,N,0.46019,0.27219,0.188,102,106,1256.0,1363.0,1
8473548,Phil Kessel,VGK,C,F,82,OZI,O,0.50102,0.44776,0.05326,138,137,2932.0,2479.0,1
8473548,Phil Kessel,VGK,C,F,82,DZI,D,0.32735,0.35563,-0.02828,118,120,2062.0,2033.0,1
8473548,Phil Kessel,VGK,C,F,82,NZI,N,0.39195,0.32649,0.06546,139,121,2411.0,2095.0,1
8481743,Marc Del Gaizo,NSH,D,D,55,OZI,O,0.43678,0.36749,0.06928,75,108,1811.0,1981.0,1
8481743,Marc Del Gaizo,NSH,D,D,55,DZI,D,0.35298,0.34682,0.00616,119,107,1697.0,2200.0,1
8481743,Marc Del Gaizo,NSH,D,D,55,NZI,N,0.36602,0.30111,0.06491,127,140,2213.0,2607.0,1
8481754,Nikita Nesterenko,ANA,C,F,61,OZI,O,0.55304,0.41551,0.13754,75,80,1725.0,1651.0,1
8481754,Nikita Nesterenko,ANA,C,F,61,DZI,D,0.27347,0.34853,-0.07506,100,105,1587.0,2106.0,1
8481754,Nikita Nesterenko,ANA,C,F,61,NZI,N,0.33018,0.33845,-0.00827,126,94,2541.0,2083.0,1
8473563,Nicklas Backstrom,WSH,C,F,47,OZI,O,0.47978,0.48834,-0.00857,99,98,1978.0,1587.0,1
8473563,Nicklas Backstrom,WSH,C,F,47,DZI,D,0.30894,0.41314,-0.10421,70,104,1298.0,1537.0,1
8473563,Nicklas Backstrom,WSH,C,F,47,NZI,N,0.44945,0.37342,0.07603,124,81,2087.0,1031.0,1
8481789,Tye Kartye,NYR,L,F,204,OZI,O,0.53563,0.44163,0.09401,234,269,5164.0,4651.0,1
8481789,Tye Kartye,NYR,L,F,204,DZI,D,0.40674,0.46316,-0.05642,319,286,4986.0,5374.0,1
8481789,Tye Kartye,NYR,L,F,204,NZI,N,0.53626,0.37705,0.1592,304,340,5337.0,5657.0,1
8473604,Jonathan Toews,WPG,C,F,134,OZI,O,0.52878,0.44521,0.08357,323,218,5681.0,3614.0,1
8473604,Jonathan Toews,WPG,C,F,134,DZI,D,0.31254,0.39204,-0.0795,290,183,3542.0,3089.0,1
8473604,Jonathan Toews,WPG,C,F,134,NZI,N,0.39328,0.28879,0.10449,303,193,5383.0,3113.0,1
8481806,Louis Crevier,CHI,D,D,134,OZI,O,0.51637,0.36446,0.15192,179,211,3573.0,3106.0,1
8481806,Louis Crevier,CHI,D,D,134,DZI,D,0.31741,0.36512,-0.04772,400,397,6112.0,6291.0,1
8481806,Louis Crevier,CHI,D,D,134,NZI,N,0.40892,0.31939,0.08954,306,366,5199.0,5999.0,1
8481812,Nikolai Knyzhov,SJS,D,D,22,OZI,O,0.46321,0.52562,-0.06241,45,38,965.0,605.0,0
8481812,Nikolai Knyzhov,SJS,D,D,22,DZI,D,0.45042,0.42829,0.02214,58,60,706.0,1011.0,1
8481812,Nikolai Knyzhov,SJS,D,D,22,NZI,N,0.48231,0.17478,0.30753,62,44,989.0,452.0,0
8482055,Drew O'Connor,VAN,L,F,290,OZI,O,0.57846,0.42018,0.15828,455,422,10770.0,8513.0,1
8482055,Drew O'Connor,VAN,L,F,290,DZI,D,0.39092,0.37291,0.01801,498,483,7948.0,9501.0,1
8482055,Drew O'Connor,VAN,L,F,290,NZI,N,0.45221,0.35416,0.09804,513,532,8631.0,8993.0,1
8482062,Cole Smith,VGK,L,F,283,OZI,O,0.53749,0.51046,0.02703,234,261,4668.0,4637.0,1
8482062,Cole Smith,VGK,L,F,283,DZI,D,0.39575,0.37138,0.02437,628,507,9645.0,9971.0,1
8482062,Cole Smith,VGK,L,F,283,NZI,N,0.45543,0.36956,0.08586,617,578,10645.0,10250.0,1
8482067,Connor Mackey,NYR,D,D,36,OZI,O,0.49428,0.54953,-0.05525,54,65,961.0,848.0,1
8482067,Connor Mackey,NYR,D,D,36,DZI,D,0.38118,0.32,0.06118,64,69,850.0,1050.0,1
8482067,Connor Mackey,NYR,D,D,36,NZI,N,0.39108,0.29396,0.09712,61,82,987.0,1490.0,1
8482070,Mitchell Chaffee,TBL,R,F,107,OZI,O,0.41467,0.3624,0.05227,139,154,3094.0,2729.0,1
8482070,Mitchell Chaffee,TBL,R,F,107,DZI,D,0.32306,0.30932,0.01374,161,155,2758.0,3123.0,1
8482070,Mitchell Chaffee,TBL,R,F,107,NZI,N,0.36409,0.35813,0.00595,205,186,4227.0,3750.0,1
8482073,Braden Schneider,NYR,D,D,325,OZI,O,0.52084,0.4225,0.09834,545,533,12693.0,11413.0,1
8482073,Braden Schneider,NYR,D,D,325,DZI,D,0.32786,0.33075,-0.00289,711,632,12069.0,12786.0,1
8482073,Braden Schneider,NYR,D,D,325,NZI,N,0.39421,0.31729,0.07693,720,676,13239.0,13524.0,1
8482074,Connor Zary,CGY,C,F,191,OZI,O,0.49342,0.47047,0.02295,358,435,7748.0,8330.0,1
8482074,Connor Zary,CGY,C,F,191,DZI,D,0.36662,0.41739,-0.05076,282,317,4416.0,6143.0,1
8482074,Connor Zary,CGY,C,F,191,NZI,N,0.42193,0.343,0.07892,342,399,6148.0,7067.0,1
8482077,Dylan Holloway,STL,L,F,224,OZI,O,0.50388,0.44814,0.05574,415,394,9284.0,7038.0,1
8482077,Dylan Holloway,STL,L,F,224,DZI,D,0.41979,0.36152,0.05827,342,337,6589.0,7308.0,1
8482077,Dylan Holloway,STL,L,F,224,NZI,N,0.40774,0.32942,0.07833,427,370,8032.0,6894.0,1
8482078,Lucas Raymond,DET,L,F,318,OZI,O,0.545,0.46378,0.08122,622,623,13110.0,10865.0,1
8482078,Lucas Raymond,DET,L,F,318,DZI,D,0.37367,0.33992,0.03375,787,706,11462.0,14527.0,1
8482078,Lucas Raymond,DET,L,F,318,NZI,N,0.44718,0.38015,0.06703,733,695,11217.0,11314.0,1
8482079,Marco Rossi,VAN,C,F,232,OZI,O,0.50302,0.45702,0.046,432,551,9614.0,10376.0,1
8482079,Marco Rossi,VAN,C,F,232,DZI,D,0.40946,0.38592,0.02355,365,415,7058.0,10523.0,1
8482079,Marco Rossi,VAN,C,F,232,NZI,N,0.42619,0.37501,0.05118,417,424,8163.0,8757.0,1
8482087,Kaiden Guhle,MTL,D,D,208,OZI,O,0.50353,0.47378,0.02975,463,410,10903.0,7400.0,1
8482087,Kaiden Guhle,MTL,D,D,208,DZI,D,0.38613,0.33613,0.05,643,575,10038.0,11787.0,1
8482087,Kaiden Guhle,MTL,D,D,208,NZI,N,0.42148,0.36845,0.05303,651,601,10831.0,10414.0,1
8482088,Justin Sourdif,WSH,R,F,82,OZI,O,0.5332,0.47955,0.05366,103,121,2575.0,2298.0,1
8482088,Justin Sourdif,WSH,R,F,82,DZI,D,0.40347,0.3804,0.02307,181,169,3056.0,3449.0,1
8482088,Justin Sourdif,WSH,R,F,82,NZI,N,0.40983,0.44901,-0.03918,139,167,2340.0,2971.0,1
8482089,Jake Neighbours,STL,L,F,270,OZI,O,0.53756,0.44279,0.09477,479,537,9344.0,8408.0,1
8482089,Jake Neighbours,STL,L,F,270,DZI,D,0.38614,0.353,0.03314,436,492,6956.0,10425.0,1
8482089,Jake Neighbours,STL,L,F,270,NZI,N,0.45582,0.34134,0.11447,483,501,7865.0,8947.0,1
8482090,Jack Finley,STL,C,F,44,OZI,O,0.60315,0.36964,0.23351,42,44,698.0,863.0,0
8482090,Jack Finley,STL,C,F,44,DZI,D,0.31562,0.40717,-0.09154,80,84,941.0,1228.0,1
8482090,Jack Finley,STL,C,F,44,NZI,N,0.43251,0.42047,0.01204,65,66,1052.0,1075.0,1
8482092,Ridly Greig,OTT,C,F,247,OZI,O,0.53762,0.451,0.08662,449,415,8400.0,6847.0,1
8482092,Ridly Greig,OTT,C,F,247,DZI,D,0.37234,0.32602,0.04633,598,500,7861.0,8886.0,1
8482092,Ridly Greig,OTT,C,F,247,NZI,N,0.45713,0.35554,0.10158,507,509,8000.0,7774.0,1
8482093,Seth Jarvis,CAR,C,F,307,OZI,O,0.56219,0.53135,0.03084,809,703,19675.0,13526.0,1
8482093,Seth Jarvis,CAR,C,F,307,DZI,D,0.45209,0.36134,0.09076,529,550,8454.0,10403.0,1
8482093,Seth Jarvis,CAR,C,F,307,NZI,N,0.47596,0.41923,0.05674,615,589,12106.0,9601.0,1
8482094,Daemon Hunt,MIN,D,D,45,OZI,O,0.55406,0.51884,0.03522,63,61,1267.0,1035.0,1
8482094,Daemon Hunt,MIN,D,D,45,DZI,D,0.2568,0.3137,-0.0569,57,78,919.0,1511.0,1
8482094,Daemon Hunt,MIN,D,D,45,NZI,N,0.46878,0.35471,0.11407,61,84,1041.0,1263.0,1
8482095,Tyler Kleven,OTT,D,D,166,OZI,O,0.48064,0.39285,0.08779,329,327,5965.0,5651.0,1
8482095,Tyler Kleven,OTT,D,D,166,DZI,D,0.35915,0.32769,0.03146,323,234,4583.0,3958.0,1
8482095,Tyler Kleven,OTT,D,D,166,NZI,N,0.37037,0.34482,0.02555,441,399,8019.0,6905.0,1
8482097,Jack Quinn,BUF,R,F,258,OZI,O,0.51469,0.41963,0.09507,461,527,9256.0,8448.0,1
8482097,Jack Quinn,BUF,R,F,258,DZI,D,0.42507,0.33897,0.0861,410,445,6646.0,8691.0,1
8482097,Jack Quinn,BUF,R,F,258,NZI,N,0.40248,0.37003,0.03245,392,433,6301.0,7294.0,1
8482100,Alexander Nikishin,CAR,D,D,81,OZI,O,0.54351,0.49381,0.04969,253,231,5597.0,4121.0,1
8482100,Alexander Nikishin,CAR,D,D,81,DZI,D,0.45301,0.42295,0.03006,129,141,1841.0,2466.0,1
8482100,Alexander Nikishin,CAR,D,D,81,NZI,N,0.49371,0.35249,0.14122,202,212,3816.0,3793.0,1
8482103,Ozzy Wiesblatt,NSH,C,F,44,OZI,O,0.51188,0.46704,0.04484,23,38,463.0,531.0,0
8482103,Ozzy Wiesblatt,NSH,C,F,44,DZI,D,0.36251,0.4163,-0.05379,96,77,1451.0,1350.0,1
8482103,Ozzy Wiesblatt,NSH,C,F,44,NZI,N,0.43072,0.26667,0.16405,68,79,1198.0,1395.0,1
8482105,Jake Sanderson,OTT,D,D,303,OZI,O,0.55583,0.45933,0.0965,819,710,16334.0,10659.0,1
8482105,Jake Sanderson,OTT,D,D,303,DZI,D,0.36359,0.38218,-0.0186,944,774,12517.0,13907.0,1
8482105,Jake Sanderson,OTT,D,D,303,NZI,N,0.44655,0.3428,0.10374,871,849,13302.0,12529.0,1
8482109,Alexis Lafrenière,NYR,L,F,327,OZI,O,0.5331,0.50488,0.02823,787,712,18760.0,13229.0,1
8482109,Alexis Lafrenière,NYR,L,F,327,DZI,D,0.3884,0.39062,-0.00223,465,423,8239.0,8000.0,1
8482109,Alexis Lafrenière,NYR,L,F,327,NZI,N,0.39153,0.36117,0.03035,646,637,12201.0,11781.0,1
8482110,Dawson Mercer,NJD,C,F,328,OZI,O,0.48715,0.44901,0.03814,622,660,13778.0,10454.0,1
8482110,Dawson Mercer,NJD,C,F,328,DZI,D,0.38708,0.34745,0.03963,722,657,11375.0,13340.0,1
8482110,Dawson Mercer,NJD,C,F,328,NZI,N,0.40769,0.36988,0.03781,716,676,11337.0,10963.0,1
8482111,Justin Barron,NSH,D,D,200,OZI,O,0.51743,0.42542,0.09201,447,510,9439.0,8434.0,1
8482111,Justin Barron,NSH,D,D,200,DZI,D,0.39188,0.3863,0.00558,413,382,6109.0,7137.0,1
8482111,Justin Barron,NSH,D,D,200,NZI,N,0.43051,0.35504,0.07547,460,508,7656.0,8475.0,1
8482113,Anton Lundell,FLA,C,F,294,OZI,O,0.52632,0.48764,0.03868,613,609,13505.0,9509.0,1
8482113,Anton Lundell,FLA,C,F,294,DZI,D,0.43452,0.34793,0.08658,532,487,8002.0,9384.0,1
8482113,Anton Lundell,FLA,C,F,294,NZI,N,0.49425,0.40468,0.08958,627,592,9833.0,9625.0,1
8482116,Tim Stützle,OTT,L,F,315,OZI,O,0.51411,0.45589,0.05823,855,826,18492.0,15585.0,1
8482116,Tim Stützle,OTT,L,F,315,DZI,D,0.40672,0.43919,-0.03247,537,531,8330.0,9998.0,1
8482116,Tim Stützle,OTT,L,F,315,NZI,N,0.45956,0.36519,0.09437,649,647,11968.0,11509.0,1
8482117,Lukas Reichel,BOS,L,F,187,OZI,O,0.51968,0.40585,0.11383,275,309,5386.0,5645.0,1
8482117,Lukas Reichel,BOS,L,F,187,DZI,D,0.32071,0.36609,-0.04537,226,322,3935.0,6534.0,1
8482117,Lukas Reichel,BOS,L,F,187,NZI,N,0.38553,0.32204,0.06349,267,335,4700.0,5993.0,1
8482118,Sam Colangelo,ANA,R,F,44,OZI,O,0.5597,0.37853,0.18117,52,82,1206.0,1416.0,1
8482118,Sam Colangelo,ANA,R,F,44,DZI,D,0.29489,0.37428,-0.07939,75,81,1292.0,1742.0,1
8482118,Sam Colangelo,ANA,R,F,44,NZI,N,0.33655,0.30755,0.02899,74,56,1245.0,1099.0,1
8482122,Brock Faber,MIN,D,D,242,OZI,O,0.50547,0.47,0.03547,690,781,14262.0,14451.0,1
8482122,Brock Faber,MIN,D,D,242,DZI,D,0.39611,0.40662,-0.01051,714,826,11118.0,16755.0,1
8482122,Brock Faber,MIN,D,D,242,NZI,N,0.45909,0.37715,0.08194,783,866,12710.0,14705.0,1
8482124,Quinton Byfield,LAK,C,F,292,OZI,O,0.50534,0.42548,0.07986,606,640,12269.0,10889.0,1
8482124,Quinton Byfield,LAK,C,F,292,DZI,D,0.41507,0.35811,0.05695,643,631,9731.0,12792.0,1
8482124,Quinton Byfield,LAK,C,F,292,NZI,N,0.4376,0.36399,0.07361,632,667,10448.0,11297.0,1
8482125,Alexander Holtz,VGK,R,F,183,OZI,O,0.52193,0.43448,0.08745,275,284,6020.0,3846.0,1
8482125,Alexander Holtz,VGK,R,F,183,DZI,D,0.37443,0.32033,0.0541,233,192,3301.0,3615.0,1
8482125,Alexander Holtz,VGK,R,F,183,NZI,N,0.37229,0.33742,0.03487,240,247,4757.0,3586.0,1
8482126,Emil Andrae,PHI,D,D,107,OZI,O,0.5048,0.42435,0.08045,205,238,4059.0,3893.0,1
8482126,Emil Andrae,PHI,D,D,107,DZI,D,0.45338,0.31977,0.13361,180,170,2338.0,3096.0,1
8482126,Emil Andrae,PHI,D,D,107,NZI,N,0.38296,0.31977,0.06319,206,204,3580.0,3343.0,1
8482131,Donovan Sebrango,FLA,D,D,44,OZI,O,0.50568,0.45651,0.04917,62,84,1408.0,1851.0,1
8482131,Donovan Sebrango,FLA,D,D,44,DZI,D,0.42708,0.38578,0.04131,66,70,1152.0,1392.0,1
8482131,Donovan Sebrango,FLA,D,D,44,NZI,N,0.4203,0.38398,0.03632,107,105,2039.0,2310.0,1
8482132,Brett Berard,NYR,L,F,48,OZI,O,0.53313,0.32802,0.20511,57,59,1313.0,1003.0,1
8482132,Brett Berard,NYR,L,F,48,DZI,D,0.28849,0.28256,0.00593,72,59,1182.0,1451.0,1
8482132,Brett Berard,NYR,L,F,48,NZI,N,0.34956,0.23873,0.11083,75,66,1253.0,1508.0,1
8482133,Thomas Bordeleau,SJS,C,F,36,OZI,O,0.56359,0.46287,0.10072,69,34,1313.0,404.0,0
8482133,Thomas Bordeleau,SJS,C,F,36,DZI,D,0.33333,0.3371,-0.00376,84,75,1098.0,1240.0,1
8482133,Thomas Bordeleau,SJS,C,F,36,NZI,N,0.43727,0.44044,-0.00317,67,56,1084.0,915.0,1
8482142,Jamie Drysdale,PHI,D,D,190,OZI,O,0.52936,0.46581,0.06355,503,528,10354.0,8759.0,1
8482142,Jamie Drysdale,PHI,D,D,190,DZI,D,0.39062,0.32593,0.0647,427,380,5865.0,7066.0,1
8482142,Jamie Drysdale,PHI,D,D,190,NZI,N,0.42696,0.32276,0.1042,468,474,8317.0,7346.0,1
8482144,Jack Thompson,SJS,D,D,34,OZI,O,0.4017,0.31022,0.09147,65,82,1531.0,1428.0,1
8482144,Jack Thompson,SJS,D,D,34,DZI,D,0.31932,0.36324,-0.04392,50,66,761.0,1360.0,1
8482144,Jack Thompson,SJS,D,D,34,NZI,N,0.41092,0.29873,0.11219,80,61,1538.0,1262.0,1
8482145,Mavrik Bourque,DAL,C,F,156,OZI,O,0.47611,0.40172,0.07439,246,203,5944.0,3490.0,1
8482145,Mavrik Bourque,DAL,C,F,156,DZI,D,0.33486,0.31054,0.02432,296,257,4808.0,4592.0,1
8482145,Mavrik Bourque,DAL,C,F,156,NZI,N,0.4112,0.34259,0.06861,302,263,5749.0,4463.0,1
8482146,Luke Evangelista,NSH,R,F,252,OZI,O,0.53836,0.48657,0.0518,470,530,11639.0,10124.0,1
8482146,Luke Evangelista,NSH,R,F,252,DZI,D,0.45084,0.41293,0.0379,362,350,5197.0,7299.0,1
8482146,Luke Evangelista,NSH,R,F,252,NZI,N,0.45228,0.32258,0.12969,456,469,8099.0,8652.0,1
8482148,Hendrix Lapierre,WSH,C,F,152,OZI,O,0.50285,0.41405,0.0888,145,201,3331.0,4171.0,1
8482148,Hendrix Lapierre,WSH,C,F,152,DZI,D,0.51738,0.36815,0.14924,101,139,1697.0,3064.0,1
8482148,Hendrix Lapierre,WSH,C,F,152,NZI,N,0.39452,0.39939,-0.00487,160,217,2958.0,3956.0,1
8482149,Cole Perfetti,WPG,C,F,271,OZI,O,0.50913,0.49102,0.01811,580,606,12427.0,11413.0,1
8482149,Cole Perfetti,WPG,C,F,271,DZI,D,0.38871,0.37833,0.01038,353,326,5935.0,7089.0,1
8482149,Cole Perfetti,WPG,C,F,271,NZI,N,0.44942,0.36201,0.08742,400,457,7701.0,9428.0,1
8482153,Brendan Brisson,NYR,C,F,27,OZI,O,0.417,0.52614,-0.10913,32,26,741.0,593.0,0
8482153,Brendan Brisson,NYR,C,F,27,DZI,D,0.43628,0.35616,0.08012,34,33,667.0,657.0,0
8482153,Brendan Brisson,NYR,C,F,27,NZI,N,0.36907,0.40594,-0.03687,56,58,886.0,1010.0,1
8482155,Alex Laferriere,LAK,R,F,239,OZI,O,0.48527,0.44926,0.03601,439,515,10083.0,8721.0,1
8482155,Alex Laferriere,LAK,R,F,239,DZI,D,0.41425,0.3454,0.06885,468,453,7510.0,9143.0,1
8482155,Alex Laferriere,LAK,R,F,239,NZI,N,0.46053,0.41644,0.04409,475,518,8095.0,9915.0,1
8482157,Will Cuylle,NYR,L,F,249,OZI,O,0.5205,0.46858,0.05192,439,456,9635.0,8705.0,1
8482157,Will Cuylle,NYR,L,F,249,DZI,D,0.4065,0.35098,0.05552,448,393,6738.0,7274.0,1
8482157,Will Cuylle,NYR,L,F,249,NZI,N,0.39194,0.31803,0.07392,494,440,8315.0,7883.0,1
8482159,Tyson Foerster,PHI,R,F,195,OZI,O,0.52894,0.4769,0.05204,304,379,6116.0,6949.0,1
8482159,Tyson Foerster,PHI,R,F,195,DZI,D,0.36216,0.34018,0.02198,390,445,6025.0,8622.0,1
8482159,Tyson Foerster,PHI,R,F,195,NZI,N,0.50266,0.36459,0.13806,458,456,6778.0,6953.0,1
8482165,Yan Kuznetsov,CGY,D,D,58,OZI,O,0.5474,0.39848,0.14892,153,165,2806.0,2763.0,1
8482165,Yan Kuznetsov,CGY,D,D,58,DZI,D,0.34766,0.36888,-0.02122,130,143,1861.0,2513.0,1
8482165,Yan Kuznetsov,CGY,D,D,58,NZI,N,0.39535,0.33834,0.05701,163,190,2193.0,3195.0,1
8482166,Shakir Mukhamadullin,SJS,D,D,83,OZI,O,0.43258,0.41546,0.01712,164,170,3382.0,2833.0,1
8482166,Shakir Mukhamadullin,SJS,D,D,83,DZI,D,0.37041,0.38878,-0.01837,184,235,2967.0,4653.0,1
8482166,Shakir Mukhamadullin,SJS,D,D,83,NZI,N,0.38474,0.26172,0.12303,200,226,3618.0,4203.0,1
8482172,Landon Slaggert,CHI,L,F,102,OZI,O,0.50222,0.50132,0.0009,97,98,2250.0,1887.0,1
8482172,Landon Slaggert,CHI,L,F,102,DZI,D,0.35498,0.31884,0.03613,130,175,1848.0,3566.0,1
8482172,Landon Slaggert,CHI,L,F,102,NZI,N,0.37783,0.29552,0.08231,153,185,2787.0,3526.0,1
8482175,JJ Peterka,UTA,R,F,317,OZI,O,0.51905,0.43102,0.08803,612,710,13226.0,12489.0,1
8482175,JJ Peterka,UTA,R,F,317,DZI,D,0.39308,0.37118,0.02189,533,547,9502.0,11792.0,1
8482175,JJ Peterka,UTA,R,F,317,NZI,N,0.40637,0.38574,0.02064,601,659,10045.0,12156.0,1
8482176,Wyatt Kaiser,CHI,D,D,175,OZI,O,0.54631,0.41666,0.12966,339,424,6348.0,7949.0,1
8482176,Wyatt Kaiser,CHI,D,D,175,DZI,D,0.2913,0.33566,-0.04437,339,414,5606.0,9018.0,1
8482176,Wyatt Kaiser,CHI,D,D,175,NZI,N,0.3975,0.32084,0.07665,385,459,7273.0,7926.0,1
8482177,Marat Khusnutdinov,BOS,C,F,168,OZI,O,0.46054,0.48522,-0.02468,247,249,5752.0,4532.0,1
8482177,Marat Khusnutdinov,BOS,C,F,168,DZI,D,0.32466,0.30841,0.01625,252,292,4112.0,6394.0,1
8482177,Marat Khusnutdinov,BOS,C,F,168,NZI,N,0.35406,0.24885,0.10521,281,288,4889.0,5240.0,1
8473986,Alex Killorn,ANA,L,F,308,OZI,O,0.5012,0.45915,0.04205,513,642,11666.0,12802.0,1
8473986,Alex Killorn,ANA,L,F,308,DZI,D,0.39706,0.35655,0.04051,576,620,9744.0,13078.0,1
8473986,Alex Killorn,ANA,L,F,308,NZI,N,0.4319,0.36686,0.06505,555,658,9215.0,12141.0,1
8482178,Ian Moore,ANA,D,D,69,OZI,O,0.57507,0.52207,0.053,105,134,2118.0,1994.0,1
8482178,Ian Moore,ANA,D,D,69,DZI,D,0.414,0.29103,0.12297,130,139,1971.0,2742.0,1
8482178,Ian Moore,ANA,D,D,69,NZI,N,0.44192,0.44578,-0.00387,146,110,2548.0,1743.0,1
8473994,Jamie Benn,DAL,L,F,304,OZI,O,0.51991,0.44373,0.07618,712,576,13112.0,7748.0,1
8473994,Jamie Benn,DAL,L,F,304,DZI,D,0.34441,0.33256,0.01185,653,531,8609.0,9012.0,1
8473994,Jamie Benn,DAL,L,F,304,NZI,N,0.42283,0.34101,0.08182,601,536,8235.0,7903.0,1
8482192,Isaak Phillips,WPG,D,D,55,OZI,O,0.51535,0.4842,0.03115,73,101,1531.0,1772.0,1
8482192,Isaak Phillips,WPG,D,D,55,DZI,D,0.37076,0.28456,0.0862,90,129,1505.0,2727.0,1
8482192,Isaak Phillips,WPG,D,D,55,NZI,N,0.40485,0.26087,0.14398,102,121,1855.0,2001.0,1
8474009,Nick Bonino,NYR,C,F,107,OZI,O,0.5807,0.51387,0.06683,143,147,2819.0,2199.0,1
8474009,Nick Bonino,NYR,C,F,107,DZI,D,0.41854,0.42982,-0.01128,239,217,2578.0,3192.0,1
8474009,Nick Bonino,NYR,C,F,107,NZI,N,0.47281,0.38473,0.08808,161,166,1857.0,2069.0,1
8482201,Gage Goncalves,TBL,C,F,136,OZI,O,0.49317,0.43649,0.05668,202,257,5126.0,5377.0,1
8482201,Gage Goncalves,TBL,C,F,136,DZI,D,0.32129,0.32086,0.00044,166,203,3156.0,4061.0,1
8482201,Gage Goncalves,TBL,C,F,136,NZI,N,0.44571,0.3018,0.14392,232,256,4375.0,4725.0,1
8474013,Ian Cole,UTA,D,D,319,OZI,O,0.559,0.4661,0.0929,578,651,12313.0,11270.0,1
8474013,Ian Cole,UTA,D,D,319,DZI,D,0.42572,0.38997,0.03575,774,696,10528.0,13219.0,1
8474013,Ian Cole,UTA,D,D,319,NZI,N,0.47162,0.35673,0.11489,752,700,11804.0,11569.0,1
8474027,Justin Braun,PHI,D,D,51,OZI,O,0.59297,0.50911,0.08385,73,118,1280.0,1591.0,1
8474027,Justin Braun,PHI,D,D,51,DZI,D,0.39863,0.33841,0.06022,93,112,1169.0,1708.0,1
8474027,Justin Braun,PHI,D,D,51,NZI,N,0.48528,0.29688,0.18841,105,110,1325.0,1408.0,1
8482222,Alexander Barabanov,SJS,L,F,114,OZI,O,0.52984,0.46947,0.06037,250,214,5279.0,3406.0,1
8482222,Alexander Barabanov,SJS,L,F,114,DZI,D,0.49265,0.39149,0.10116,237,285,3471.0,4866.0,1
8482222,Alexander Barabanov,SJS,L,F,114,NZI,N,0.47539,0.36495,0.11044,255,277,3576.0,4091.0,1
8474031,Kevin Shattenkirk,BOS,D,D,136,OZI,O,0.52379,0.48337,0.04042,266,308,5548.0,5261.0,1
8474031,Kevin Shattenkirk,BOS,D,D,136,DZI,D,0.40482,0.30159,0.10322,281,312,4318.0,5713.0,1
8474031,Kevin Shattenkirk,BOS,D,D,136,NZI,N,0.38781,0.35932,0.02849,253,301,4167.0,5079.0,1
8474034,Patrick Maroon,CHI,L,F,199,OZI,O,0.52163,0.42517,0.09646,226,257,5502.0,5292.0,1
8474034,Patrick Maroon,CHI,L,F,199,DZI,D,0.43183,0.40908,0.02276,271,299,4863.0,6390.0,1
8474034,Patrick Maroon,CHI,L,F,199,NZI,N,0.4803,0.37254,0.10776,318,342,6065.0,6904.0,1
8474037,James van Riemsdyk,DET,L,F,275,OZI,O,0.5619,0.43706,0.12483,400,458,8692.0,7420.0,1
8474037,James van Riemsdyk,DET,L,F,275,DZI,D,0.3723,0.35085,0.02146,409,456,6484.0,8280.0,1
8474037,James van Riemsdyk,DET,L,F,275,NZI,N,0.4218,0.408,0.0138,427,455,6733.0,7076.0,1
8474040,Sam Gagner,EDM,C,F,76,OZI,O,0.54304,0.41109,0.13195,110,112,2184.0,1749.0,1
8474040,Sam Gagner,EDM,C,F,76,DZI,D,0.35366,0.43181,-0.07815,88,95,1148.0,2075.0,1
8474040,Sam Gagner,EDM,C,F,76,NZI,N,0.35664,0.41589,-0.05925,88,105,1559.0,1724.0,1
8482241,Radim Zohorna,PIT,L,F,43,OZI,O,0.60282,0.59655,0.00627,36,29,851.0,580.0,0
8482241,Radim Zohorna,PIT,L,F,43,DZI,D,0.41777,0.45409,-0.03631,63,56,979.0,991.0,1
8482241,Radim Zohorna,PIT,L,F,43,NZI,N,0.50622,0.32028,0.18593,39,56,563.0,843.0,0
8474053,Logan Couture,SJS,C,F,88,OZI,O,0.54781,0.44168,0.10613,191,162,3315.0,2169.0,1
8474053,Logan Couture,SJS,C,F,88,DZI,D,0.4675,0.42512,0.04238,208,229,2231.0,3559.0,1
8474053,Logan Couture,SJS,C,F,88,NZI,N,0.46537,0.35421,0.11117,202,227,2267.0,2651.0,1
8482245,Artem Zub,OTT,D,D,259,OZI,O,0.51988,0.47372,0.04616,596,549,12301.0,8465.0,1
8482245,Artem Zub,OTT,D,D,259,DZI,D,0.38769,0.38337,0.00432,834,698,12394.0,13011.0,1
8482245,Artem Zub,OTT,D,D,259,NZI,N,0.47632,0.35683,0.11949,759,744,11656.0,11507.0,1
8482259,Bobby McMann,SEA,C,F,217,OZI,O,0.47041,0.4106,0.05981,407,333,8854.0,5436.0,1
8482259,Bobby McMann,SEA,C,F,217,DZI,D,0.35003,0.35168,-0.00164,487,370,8582.0,7359.0,1
8482259,Bobby McMann,SEA,C,F,217,NZI,N,0.44632,0.30895,0.13737,406,405,8010.0,7956.0,1
8474090,Brendan Smith,CBJ,D,D,170,OZI,O,0.49517,0.45382,0.04134,288,298,6309.0,4537.0,1
8474090,Brendan Smith,CBJ,D,D,170,DZI,D,0.37579,0.34528,0.03051,369,289,5229.0,5636.0,1
8474090,Brendan Smith,CBJ,D,D,170,NZI,N,0.47302,0.3808,0.09222,332,278,5355.0,5176.0,1
8474102,David Perron,DET,L,F,266,OZI,O,0.57114,0.43874,0.13241,476,403,9544.0,7027.0,1
8474102,David Perron,DET,L,F,266,DZI,D,0.41169,0.35061,0.06107,499,445,6675.0,8006.0,1
8474102,David Perron,DET,L,F,266,NZI,N,0.42475,0.39886,0.02589,541,512,7854.0,7702.0,1
8474141,Patrick Kane,DET,R,F,262,OZI,O,0.49889,0.43746,0.06143,611,595,12652.0,11105.0,1
8474141,Patrick Kane,DET,R,F,262,DZI,D,0.38186,0.39444,-0.01258,542,500,9129.0,11368.0,1
8474141,Patrick Kane,DET,R,F,262,NZI,N,0.39765,0.37166,0.02599,544,551,10278.0,9724.0,1
8474145,Robert Bortuzzo,UTA,D,D,87,OZI,O,0.54916,0.46208,0.08708,131,142,2207.0,1714.0,1
8474145,Robert Bortuzzo,UTA,D,D,87,DZI,D,0.30702,0.38454,-0.07751,113,134,1267.0,1966.0,1
8474145,Robert Bortuzzo,UTA,D,D,87,NZI,N,0.43487,0.39895,0.03593,158,153,1904.0,1707.0,1
8474149,Evgenii Dadonov,NJD,R,F,228,OZI,O,0.4816,0.38831,0.09329,424,403,8968.0,6791.0,1
8474149,Evgenii Dadonov,NJD,R,F,228,DZI,D,0.35484,0.3251,0.02974,468,350,7192.0,6518.0,1
8474149,Evgenii Dadonov,NJD,R,F,228,NZI,N,0.43407,0.36094,0.07313,426,432,7250.0,7630.0,1
8474150,Mikael Backlund,CGY,C,F,321,OZI,O,0.56651,0.46809,0.09841,633,615,12217.0,9731.0,1
8474150,Mikael Backlund,CGY,C,F,321,DZI,D,0.39344,0.38453,0.0089,918,911,14813.0,16875.0,1
8474150,Mikael Backlund,CGY,C,F,321,NZI,N,0.4629,0.37635,0.08655,747,733,11672.0,11383.0,1
8474151,Ryan McDonagh,TBL,D,D,275,OZI,O,0.52321,0.48815,0.03506,606,688,12924.0,11015.0,1
8474151,Ryan McDonagh,TBL,D,D,275,DZI,D,0.41092,0.36459,0.04633,789,757,11720.0,13758.0,1
8474151,Ryan McDonagh,TBL,D,D,275,NZI,N,0.4613,0.37154,0.08976,785,756,11717.0,12451.0,1
8474157,Max Pacioretty,TOR,L,F,89,OZI,O,0.55614,0.38265,0.17349,139,172,2663.0,2778.0,1
8474157,Max Pacioretty,TOR,L,F,89,DZI,D,0.33439,0.41954,-0.08515,135,139,1887.0,2548.0,1
8474157,Max Pacioretty,TOR,L,F,89,NZI,N,0.3831,0.26059,0.1225,175,153,2733.0,2690.0,1
8474166,Alec Martinez,CHI,D,D,176,OZI,O,0.49544,0.45805,0.0374,427,389,9438.0,7425.0,1
8474166,Alec Martinez,CHI,D,D,176,DZI,D,0.35284,0.39951,-0.04667,425,464,7244.0,9444.0,1
8474166,Alec Martinez,CHI,D,D,176,NZI,N,0.43736,0.37825,0.05911,432,444,7719.0,8386.0,1
8474189,Lars Eller,OTT,C,F,314,OZI,O,0.52879,0.42843,0.10036,400,397,9327.0,7182.0,1
8474189,Lars Eller,OTT,C,F,314,DZI,D,0.39992,0.37182,0.02811,741,639,10462.0,11425.0,1
8474189,Lars Eller,OTT,C,F,314,NZI,N,0.4678,0.39265,0.07515,557,489,9023.0,8058.0,1
8474207,Nick Holden,OTT,D,D,65,OZI,O,0.53617,0.48447,0.0517,118,113,2350.0,1674.0,1
8474207,Nick Holden,OTT,D,D,65,DZI,D,0.30234,0.37431,-0.07197,126,112,1667.0,1627.0,1
8474207,Nick Holden,OTT,D,D,65,NZI,N,0.43753,0.36051,0.07702,158,140,2377.0,1975.0,1
8482408,Jeff Malott,LAK,L,F,70,OZI,O,0.49493,0.50904,-0.01411,59,74,1281.0,1383.0,1
8482408,Jeff Malott,LAK,L,F,70,DZI,D,0.32729,0.39482,-0.06753,66,92,1048.0,1621.0,1
8482408,Jeff Malott,LAK,L,F,70,NZI,N,0.45723,0.35807,0.09917,104,101,1555.0,1927.0,1
8482451,Mikael Pyyhtia,CBJ,L,F,71,OZI,O,0.42634,0.42366,0.00268,95,98,2437.0,1513.0,1
8482451,Mikael Pyyhtia,CBJ,L,F,71,DZI,D,0.41569,0.42454,-0.00885,126,133,2141.0,2518.0,1
8482451,Mikael Pyyhtia,CBJ,L,F,71,NZI,N,0.34799,0.32778,0.02021,88,108,1888.0,1861.0,1
8482460,Matt Rempe,NYR,C,F,85,OZI,O,0.57824,0.42982,0.14842,52,63,965.0,1489.0,1
8482460,Matt Rempe,NYR,C,F,85,DZI,D,0.29404,0.32105,-0.02701,104,73,1510.0,1221.0,1
8482460,Matt Rempe,NYR,C,F,85,NZI,N,0.3489,0.26968,0.07922,99,84,1949.0,1461.0,1
8482470,Ilya Solovyov,PIT,D,D,45,OZI,O,0.55237,0.52529,0.02709,71,75,1327.0,1226.0,1
8482470,Ilya Solovyov,PIT,D,D,45,DZI,D,0.43599,0.34197,0.09402,78,76,1117.0,1389.0,1
8482470,Ilya Solovyov,PIT,D,D,45,NZI,N,0.45417,0.39362,0.06055,86,99,1702.0,1692.0,1
8482475,Egor Chinakhov,PIT,R,F,185,OZI,O,0.51138,0.45275,0.05863,323,419,6809.0,7196.0,1
8482475,Egor Chinakhov,PIT,R,F,185,DZI,D,0.3959,0.36386,0.03203,265,320,3996.0,6464.0,1
8482475,Egor Chinakhov,PIT,R,F,185,NZI,N,0.39518,0.34595,0.04923,340,403,5309.0,7186.0,1
8482476,Emil Heineman,NYI,L,F,148,OZI,O,0.54718,0.43457,0.11261,247,215,5320.0,4218.0,1
8482476,Emil Heineman,NYI,L,F,148,DZI,D,0.38895,0.32262,0.06633,254,248,3890.0,5536.0,1
8482476,Emil Heineman,NYI,L,F,148,NZI,N,0.3448,0.34101,0.00379,279,275,5087.0,5340.0,1
8482482,Adam Wilsby,NSH,D,D,80,OZI,O,0.47209,0.41914,0.05296,150,155,3243.0,2801.0,1
8482482,Adam Wilsby,NSH,D,D,80,DZI,D,0.33386,0.42412,-0.09026,206,205,3139.0,3341.0,1
8482482,Adam Wilsby,NSH,D,D,80,NZI,N,0.39683,0.30644,0.09039,196,203,3722.0,3384.0,1
8482496,Nils Aman,VAN,C,F,132,OZI,O,0.61443,0.51031,0.10413,117,137,2591.0,2328.0,1
8482496,Nils Aman,VAN,C,F,132,DZI,D,0.34668,0.32562,0.02106,161,182,2273.0,3025.0,1
8482496,Nils Aman,VAN,C,F,132,NZI,N,0.51526,0.3442,0.17106,158,255,2424.0,3373.0,1
8482511,Mason Lohrei,BOS,D,D,191,OZI,O,0.48431,0.43334,0.05097,470,481,9781.0,8993.0,1
8482511,Mason Lohrei,BOS,D,D,191,DZI,D,0.37937,0.29991,0.07946,383,340,6118.0,6742.0,1
8482511,Mason Lohrei,BOS,D,D,191,NZI,N,0.42637,0.29317,0.1332,451,436,7775.0,8224.0,1
8482516,Matthew Kessel,STL,D,D,99,OZI,O,0.47318,0.43236,0.04082,154,181,3318.0,3016.0,1
8482516,Matthew Kessel,STL,D,D,99,DZI,D,0.3555,0.37979,-0.02429,170,157,2737.0,2820.0,1
8482516,Matthew Kessel,STL,D,D,99,NZI,N,0.35354,0.37217,-0.01864,192,197,3267.0,3270.0,1
8482623,Josh Dunne,BUF,C,F,44,OZI,O,0.65831,0.53746,0.12086,22,28,439.0,614.0,0
8482623,Josh Dunne,BUF,C,F,44,DZI,D,0.36598,0.38651,-0.02052,64,70,1123.0,1423.0,1
8482623,Josh Dunne,BUF,C,F,44,NZI,N,0.51538,0.37031,0.14507,66,75,1203.0,1199.0,1
8482624,Daniil Miromanov,CGY,D,D,83,OZI,O,0.49241,0.40142,0.09099,209,231,4281.0,3520.0,1
8482624,Daniil Miromanov,CGY,D,D,83,DZI,D,0.34275,0.39287,-0.05012,249,225,3504.0,3589.0,1
8482624,Daniil Miromanov,CGY,D,D,83,NZI,N,0.40107,0.3557,0.04537,216,244,2987.0,3472.0,1
8482634,Alex Steeves,BOS,C,F,54,OZI,O,0.54001,0.54026,-0.00025,65,68,1537.0,1366.0,1
8482634,Alex Steeves,BOS,C,F,54,DZI,D,0.37994,0.26078,0.11916,83,73,1416.0,1438.0,1
8482634,Alex Steeves,BOS,C,F,54,NZI,N,0.41763,0.32623,0.0914,88,108,1815.0,2345.0,1
8482641,Matt Kiersted,MIN,D,D,28,OZI,O,0.52368,0.48661,0.03707,28,50,739.0,859.0,0
8482641,Matt Kiersted,MIN,D,D,28,DZI,D,0.37405,0.20253,0.17151,33,40,393.0,711.0,0
8482641,Matt Kiersted,MIN,D,D,28,NZI,N,0.46492,0.46372,0.0012,45,41,727.0,634.0,0
8482652,Walker Duehr,WPG,R,F,94,OZI,O,0.41405,0.38685,0.0272,100,110,1751.0,1719.0,1
8482652,Walker Duehr,WPG,R,F,94,DZI,D,0.35986,0.32805,0.0318,93,103,1395.0,1957.0,1
8482652,Walker Duehr,WPG,R,F,94,NZI,N,0.34762,0.42093,-0.07331,92,133,1283.0,2131.0,1
8482655,J.J. Moser,TBL,D,D,295,OZI,O,0.53011,0.44476,0.08535,626,697,12637.0,10997.0,1
8482655,J.J. Moser,TBL,D,D,295,DZI,D,0.33113,0.34419,-0.01306,745,811,11189.0,15230.0,1
8482655,J.J. Moser,TBL,D,D,295,NZI,N,0.48585,0.38594,0.09991,785,816,13290.0,13090.0,1
8482659,Josh Doan,BUF,R,F,144,OZI,O,0.53661,0.47629,0.06032,286,274,6282.0,4556.0,1
8482659,Josh Doan,BUF,R,F,144,DZI,D,0.39272,0.3534,0.03932,255,269,4064.0,4901.0,1
8482659,Josh Doan,BUF,R,F,144,NZI,N,0.45477,0.36319,0.09158,254,310,4411.0,5146.0,1
8482660,Kent Johnson,CBJ,C,F,265,OZI,O,0.52716,0.43427,0.09289,438,567,10181.0,9851.0,1
8482660,Kent Johnson,CBJ,C,F,265,DZI,D,0.36606,0.36494,0.00112,400,424,6570.0,8711.0,1
8482660,Kent Johnson,CBJ,C,F,265,NZI,N,0.40038,0.34832,0.05206,437,487,7438.0,8920.0,1
8482665,Matty Beniers,SEA,C,F,320,OZI,O,0.51927,0.44325,0.07603,652,778,15256.0,14642.0,1
8482665,Matty Beniers,SEA,C,F,320,DZI,D,0.40602,0.32845,0.07757,629,676,10864.0,13451.0,1
8482665,Matty Beniers,SEA,C,F,320,NZI,N,0.44038,0.38531,0.05507,602,758,10634.0,12333.0,1
8482666,Scott Morrow,NYR,D,D,45,OZI,O,0.49586,0.46492,0.03094,104,94,2295.0,1796.0,1
8482666,Scott Morrow,NYR,D,D,45,DZI,D,0.41497,0.34414,0.07082,76,76,1176.0,1511.0,1
8482666,Scott Morrow,NYR,D,D,45,NZI,N,0.47364,0.41196,0.06168,114,88,2314.0,1789.0,1
8482667,William Eklund,SJS,L,F,242,OZI,O,0.48782,0.43787,0.04995,458,487,11291.0,10172.0,1
8482667,William Eklund,SJS,L,F,242,DZI,D,0.3808,0.39351,-0.01271,513,567,8645.0,11982.0,1
8482667,William Eklund,SJS,L,F,242,NZI,N,0.43549,0.35109,0.0844,462,540,8409.0,9952.0,1
8482671,Owen Power,BUF,D,D,315,OZI,O,0.52626,0.461,0.06526,834,1002,18033.0,18191.0,1
8482671,Owen Power,BUF,D,D,315,DZI,D,0.39447,0.35692,0.03755,752,886,12158.0,17539.0,1
8482671,Owen Power,BUF,D,D,315,NZI,N,0.42356,0.38393,0.03963,749,823,12428.0,14026.0,1
8482679,Matt Coronato,CGY,R,F,191,OZI,O,0.48811,0.43998,0.04813,418,451,8875.0,7223.0,1
8482679,Matt Coronato,CGY,R,F,191,DZI,D,0.3588,0.38253,-0.02373,405,459,7107.0,8849.0,1
8482679,Matt Coronato,CGY,R,F,191,NZI,N,0.46906,0.30909,0.15996,367,395,6302.0,6532.0,1
8482684,Luke Hughes,NJD,D,D,223,OZI,O,0.49396,0.43402,0.05994,719,688,15805.0,12640.0,1
8482684,Luke Hughes,NJD,D,D,223,DZI,D,0.37235,0.3212,0.05115,568,513,9902.0,11012.0,1
8482684,Luke Hughes,NJD,D,D,223,NZI,N,0.39429,0.39271,0.00158,602,607,10302.0,10896.0,1
8482691,Aatu Räty,VAN,C,F,113,OZI,O,0.57225,0.54206,0.03019,205,155,4014.0,2675.0,1
8482691,Aatu Räty,VAN,C,F,113,DZI,D,0.35665,0.31637,0.04028,247,167,2902.0,2791.0,1
8482691,Aatu Räty,VAN,C,F,113,NZI,N,0.43885,0.37072,0.06813,166,129,2723.0,1988.0,1
8482699,Dylan Guenther,UTA,R,F,227,OZI,O,0.515,0.46984,0.04516,380,489,8000.0,9084.0,1
8482699,Dylan Guenther,UTA,R,F,227,DZI,D,0.44808,0.40841,0.03967,334,410,5403.0,7987.0,1
8482699,Dylan Guenther,UTA,R,F,227,NZI,N,0.47977,0.35562,0.12415,377,452,6326.0,7061.0,1
8482700,Nolan Allan,CHI,D,D,43,OZI,O,0.4156,0.30993,0.10567,50,69,1167.0,1481.0,1
8482700,Nolan Allan,CHI,D,D,43,DZI,D,0.23088,0.23818,-0.0073,65,95,1373.0,2137.0,1
8482700,Nolan Allan,CHI,D,D,43,NZI,N,0.21374,0.22928,-0.01554,64,89,1179.0,1701.0,1
8482702,Logan Stankoven,CAR,C,F,183,OZI,O,0.53032,0.48237,0.04795,392,389,9664.0,7571.0,1
8482702,Logan Stankoven,CAR,C,F,183,DZI,D,0.39793,0.33987,0.05806,306,297,5212.0,5511.0,1
8482702,Logan Stankoven,CAR,C,F,183,NZI,N,0.46048,0.37463,0.08585,353,350,7136.0,6473.0,1
8482703,Colton Dach,EDM,C,F,85,OZI,O,0.54264,0.38926,0.15338,110,101,2451.0,1955.0,1
8482703,Colton Dach,EDM,C,F,85,DZI,D,0.34638,0.23981,0.10657,105,130,1712.0,2894.0,1
8482703,Colton Dach,EDM,C,F,85,NZI,N,0.39476,0.35475,0.04001,130,140,2594.0,2475.0,1
8482705,Cole Sillinger,CBJ,C,F,288,OZI,O,0.55344,0.44888,0.10456,504,618,11040.0,10446.0,1
8482705,Cole Sillinger,CBJ,C,F,288,DZI,D,0.40248,0.35936,0.04313,529,578,8696.0,12091.0,1
8482705,Cole Sillinger,CBJ,C,F,288,NZI,N,0.4198,0.38044,0.03936,588,573,9264.0,10898.0,1
8482713,Mackie Samoskevich,FLA,R,F,156,OZI,O,0.51204,0.46734,0.0447,274,310,5939.0,5512.0,1
8482713,Mackie Samoskevich,FLA,R,F,156,DZI,D,0.4479,0.38945,0.05845,203,255,2994.0,5061.0,1
8482713,Mackie Samoskevich,FLA,R,F,156,NZI,N,0.48723,0.36412,0.12311,299,303,5363.0,5056.0,1
8482720,Matthew Knies,TOR,L,F,240,OZI,O,0.52325,0.45369,0.06956,560,466,11958.0,8788.0,1
8482720,Matthew Knies,TOR,L,F,240,DZI,D,0.35397,0.38263,-0.02866,501,441,9224.0,9521.0,1
8482720,Matthew Knies,TOR,L,F,240,NZI,N,0.41032,0.3614,0.04892,523,451,8820.0,7958.0,1
8482726,Samuel Helenius,LAK,C,F,102,OZI,O,0.38111,0.41657,-0.03546,67,88,1514.0,1750.0,1
8482726,Samuel Helenius,LAK,C,F,102,DZI,D,0.25818,0.45816,-0.19998,83,103,1712.0,1936.0,1
8482726,Samuel Helenius,LAK,C,F,102,NZI,N,0.37299,0.27326,0.09972,129,131,2421.0,2708.0,1
8482730,Brandt Clarke,LAK,D,D,184,OZI,O,0.55903,0.42901,0.13003,525,505,11434.0,8811.0,1
8482730,Brandt Clarke,LAK,D,D,184,DZI,D,0.45056,0.34837,0.1022,339,340,5684.0,6740.0,1
8482730,Brandt Clarke,LAK,D,D,184,NZI,N,0.43522,0.34555,0.08967,406,409,7950.0,7828.0,1
8482733,Logan Mailloux,STL,D,D,74,OZI,O,0.50082,0.52989,-0.02907,164,177,3656.0,3044.0,1
8482733,Logan Mailloux,STL,D,D,74,DZI,D,0.35349,0.33155,0.02194,118,131,2034.0,2624.0,1
8482733,Logan Mailloux,STL,D,D,74,NZI,N,0.35733,0.28129,0.07603,180,149,3473.0,2908.0,1
8482737,Zachary Bolduc,MTL,C,F,175,OZI,O,0.50931,0.43493,0.07438,235,248,5370.0,4810.0,1
8482737,Zachary Bolduc,MTL,C,F,175,DZI,D,0.3777,0.40186,-0.02416,266,239,4996.0,5054.0,1
8482737,Zachary Bolduc,MTL,C,F,175,NZI,N,0.40764,0.37429,0.03335,303,285,5890.0,5827.0,1
8482740,Wyatt Johnston,DAL,C,F,328,OZI,O,0.5291,0.43579,0.09332,765,690,16940.0,11228.0,1
8482740,Wyatt Johnston,DAL,C,F,328,DZI,D,0.36143,0.36662,-0.00519,737,638,11070.0,12588.0,1
8482740,Wyatt Johnston,DAL,C,F,328,NZI,N,0.40995,0.35787,0.05208,693,613,11055.0,11018.0,1
8482742,Zachary L'Heureux,NSH,L,F,86,OZI,O,0.39741,0.38475,0.01267,108,99,2320.0,1770.0,1
8482742,Zachary L'Heureux,NSH,L,F,86,DZI,D,0.3289,0.38849,-0.05959,167,170,2256.0,3197.0,1
8482742,Zachary L'Heureux,NSH,L,F,86,NZI,N,0.31356,0.25468,0.05888,156,170,3017.0,3153.0,1
8482745,Mason McTavish,ANA,C,F,294,OZI,O,0.52474,0.4486,0.07614,528,640,11480.0,11761.0,1
8482745,Mason McTavish,ANA,C,F,294,DZI,D,0.40182,0.33789,0.06392,522,617,9141.0,12060.0,1
8482745,Mason McTavish,ANA,C,F,294,NZI,N,0.40824,0.34768,0.06056,595,548,9509.0,8456.0,1
8482747,Brennan Othmann,CGY,L,F,44,OZI,O,0.45223,0.35315,0.09908,54,61,1141.0,1127.0,1
8482747,Brennan Othmann,CGY,L,F,44,DZI,D,0.45747,0.35294,0.10453,45,32,529.0,680.0,0
8482747,Brennan Othmann,CGY,L,F,44,NZI,N,0.48653,0.32814,0.15839,69,58,1188.0,963.0,1
8482749,Joshua Roy,MTL,R,F,38,OZI,O,0.51078,0.32319,0.18759,54,58,1067.0,1216.0,1
8482749,Joshua Roy,MTL,R,F,38,DZI,D,0.37654,0.23047,0.14607,54,43,810.0,781.0,0
8482749,Joshua Roy,MTL,R,F,38,NZI,N,0.46375,0.42782,0.03593,48,72,800.0,1136.0,0
8482751,Ryan Winterton,SEA,C,F,88,OZI,O,0.60524,0.50145,0.10379,83,110,1986.0,2072.0,1
8482751,Ryan Winterton,SEA,C,F,88,DZI,D,0.4217,0.39519,0.02651,139,142,2433.0,2538.0,1
8482751,Ryan Winterton,SEA,C,F,88,NZI,N,0.48683,0.3332,0.15363,135,136,2430.0,2491.0,1
8474563,Drew Doughty,LAK,D,D,264,OZI,O,0.51821,0.45885,0.05936,723,769,17846.0,14473.0,1
8474563,Drew Doughty,LAK,D,D,264,DZI,D,0.40512,0.34246,0.06266,758,699,14334.0,15158.0,1
8474563,Drew Doughty,LAK,D,D,264,NZI,N,0.47963,0.42528,0.05435,856,791,15245.0,15277.0,1
8474564,Steven Stamkos,NSH,C,F,323,OZI,O,0.52312,0.44324,0.07988,807,779,17105.0,13981.0,1
8474564,Steven Stamkos,NSH,C,F,323,DZI,D,0.44383,0.39998,0.04384,691,581,10583.0,11578.0,1
8474564,Steven Stamkos,NSH,C,F,323,NZI,N,0.46194,0.36096,0.10097,696,593,11625.0,10267.0,1
8474565,Alex Pietrangelo,VGK,D,D,209,OZI,O,0.55182,0.47685,0.07497,665,613,14347.0,11492.0,1
8474565,Alex Pietrangelo,VGK,D,D,209,DZI,D,0.394,0.41245,-0.01845,535,579,8764.0,12576.0,1
8474565,Alex Pietrangelo,VGK,D,D,209,NZI,N,0.42119,0.44483,-0.02364,542,578,10050.0,10069.0,1
8482758,Ville Koivunen,PIT,R,F,47,OZI,O,0.54315,0.45348,0.08966,92,94,2364.0,2139.0,1
8482758,Ville Koivunen,PIT,R,F,47,DZI,D,0.25659,0.50259,-0.246,41,56,569.0,1160.0,0
8482758,Ville Koivunen,PIT,R,F,47,NZI,N,0.35096,0.36213,-0.01117,61,85,889.0,1389.0,1
8474567,Zach Bogosian,MIN,D,D,233,OZI,O,0.50343,0.41958,0.08385,361,439,8154.0,7660.0,1
8474567,Zach Bogosian,MIN,D,D,233,DZI,D,0.33338,0.3325,0.00088,431,473,6650.0,10030.0,1
8474567,Zach Bogosian,MIN,D,D,233,NZI,N,0.44134,0.33049,0.11085,464,440,8925.0,7976.0,1
8474568,Luke Schenn,BUF,D,D,259,OZI,O,0.51758,0.42429,0.09329,438,419,8876.0,7007.0,1
8474568,Luke Schenn,BUF,D,D,259,DZI,D,0.36162,0.37241,-0.01079,523,514,7682.0,9707.0,1
8474568,Luke Schenn,BUF,D,D,259,NZI,N,0.35288,0.30082,0.05205,586,609,9091.0,9720.0,1
8482762,Simon Edvinsson,DET,D,D,175,OZI,O,0.51257,0.43589,0.07668,413,427,9072.0,8002.0,1
8482762,Simon Edvinsson,DET,D,D,175,DZI,D,0.34459,0.34096,0.00363,527,500,9237.0,10623.0,1
8482762,Simon Edvinsson,DET,D,D,175,NZI,N,0.43057,0.3443,0.08627,490,462,8368.0,7935.0,1
8474573,Josh Bailey,NYI,R,F,64,OZI,O,0.53555,0.47753,0.05802,122,120,2194.0,2025.0,1
8474573,Josh Bailey,NYI,R,F,64,DZI,D,0.39701,0.31148,0.08554,87,85,1272.0,1464.0,1
8474573,Josh Bailey,NYI,R,F,64,NZI,N,0.526,0.32051,0.20548,109,109,1654.0,1950.0,1
8474574,Tyler Myers,DAL,D,D,299,OZI,O,0.55904,0.45906,0.09999,544,623,10797.0,10393.0,1
8474574,Tyler Myers,DAL,D,D,299,DZI,D,0.40779,0.34289,0.0649,801,812,11533.0,15320.0,1
8474574,Tyler Myers,DAL,D,D,299,NZI,N,0.50733,0.34745,0.15988,719,854,10780.0,13133.0,1
8482765,Isak Rosen,WPG,R,F,51,OZI,O,0.44532,0.40481,0.04051,69,69,1390.0,998.0,1
8482765,Isak Rosen,WPG,R,F,51,DZI,D,0.38751,0.41085,-0.02334,56,66,1009.0,1032.0,1
8482765,Isak Rosen,WPG,R,F,51,NZI,N,0.40971,0.33992,0.06979,77,76,1257.0,1215.0,1
8482768,Fedor Svechkov,NSH,C,F,121,OZI,O,0.46433,0.39512,0.06921,175,243,3939.0,4300.0,1
8482768,Fedor Svechkov,NSH,C,F,121,DZI,D,0.32643,0.32122,0.00521,117,158,1691.0,2945.0,1
8482768,Fedor Svechkov,NSH,C,F,121,NZI,N,0.32685,0.33144,-0.00459,151,221,2674.0,3871.0,1
8474578,Erik Karlsson,PIT,D,D,321,OZI,O,0.5436,0.4632,0.0804,1239,1097,27261.0,19128.0,1
8474578,Erik Karlsson,PIT,D,D,321,DZI,D,0.40765,0.35433,0.05332,899,831,14439.0,16736.0,1
8474578,Erik Karlsson,PIT,D,D,321,NZI,N,0.45198,0.38128,0.07069,994,980,16877.0,17192.0,1
8482775,Oliver Kapanen,MTL,C,F,100,OZI,O,0.55633,0.4953,0.06103,160,171,3604.0,3616.0,1
8482775,Oliver Kapanen,MTL,C,F,100,DZI,D,0.31908,0.41599,-0.09691,116,141,2222.0,2702.0,1
8482775,Oliver Kapanen,MTL,C,F,100,NZI,N,0.40088,0.34808,0.0528,136,170,2265.0,3278.0,1
8474586,Jordan Eberle,SEA,R,F,281,OZI,O,0.52284,0.46661,0.05623,558,682,12629.0,12190.0,1
8474586,Jordan Eberle,SEA,R,F,281,DZI,D,0.41646,0.34734,0.06912,522,577,8894.0,11254.0,1
8474586,Jordan Eberle,SEA,R,F,281,NZI,N,0.45078,0.36532,0.08546,523,625,9468.0,9534.0,1
8474590,John Carlson,ANA,D,D,271,OZI,O,0.54505,0.43163,0.11342,777,863,16206.0,14670.0,1
8474590,John Carlson,ANA,D,D,271,DZI,D,0.36791,0.3908,-0.02289,729,724,11394.0,12999.0,1
8474590,John Carlson,ANA,D,D,271,NZI,N,0.44983,0.38887,0.06096,724,741,11869.0,11536.0,1
8474600,Roman Josi,NSH,D,D,270,OZI,O,0.52263,0.47057,0.05206,1045,1023,23401.0,17413.0,1
8474600,Roman Josi,NSH,D,D,270,DZI,D,0.41504,0.36069,0.05435,708,659,10840.0,12246.0,1
8474600,Roman Josi,NSH,D,D,270,NZI,N,0.4606,0.37472,0.08588,770,736,12475.0,12161.0,1
8474602,Justin Schultz,SEA,D,D,143,OZI,O,0.5225,0.46289,0.0596,285,379,5334.0,5956.0,1
8474602,Justin Schultz,SEA,D,D,143,DZI,D,0.40605,0.37294,0.0331,245,269,3241.0,4317.0,1
8474602,Justin Schultz,SEA,D,D,143,NZI,N,0.41508,0.37708,0.038,271,318,4298.0,4336.0,1
8482803,Olen Zellweger,ANA,D,D,164,OZI,O,0.51555,0.39521,0.12034,355,459,7910.0,8856.0,1
8482803,Olen Zellweger,ANA,D,D,164,DZI,D,0.33971,0.3197,0.02001,303,348,5490.0,6772.0,1
8482803,Olen Zellweger,ANA,D,D,164,NZI,N,0.40104,0.37799,0.02305,330,356,5553.0,7188.0,1
8474612,Travis Hamonic,DET,D,D,208,OZI,O,0.50097,0.39336,0.10761,436,422,8757.0,6864.0,1
8474612,Travis Hamonic,DET,D,D,208,DZI,D,0.33228,0.33523,-0.00295,519,450,6663.0,7896.0,1
8474612,Travis Hamonic,DET,D,D,208,NZI,N,0.40888,0.28709,0.12179,473,459,7721.0,6437.0,1
8474613,Derek Stepan,CAR,C,F,73,OZI,O,0.61509,0.53888,0.07621,149,124,3141.0,2186.0,1
8474613,Derek Stepan,CAR,C,F,73,DZI,D,0.45626,0.32854,0.12771,93,79,903.0,1044.0,1
8474613,Derek Stepan,CAR,C,F,73,NZI,N,0.61264,0.4386,0.17404,109,78,1598.0,1140.0,1
8482807,Ethan Del Mastro,CHI,D,D,45,OZI,O,0.47322,0.31787,0.15536,79,69,2054.0,1293.0,1
8482807,Ethan Del Mastro,CHI,D,D,45,DZI,D,0.26963,0.28627,-0.01665,94,111,1847.0,2295.0,1
8482807,Ethan Del Mastro,CHI,D,D,45,NZI,N,0.37527,0.34065,0.03461,83,107,1860.0,2049.0,1
8482809,Jackson Blake,CAR,R,F,162,OZI,O,0.48219,0.4597,0.02249,336,380,7775.0,7890.0,1
8482809,Jackson Blake,CAR,R,F,162,DZI,D,0.34864,0.33971,0.00894,213,192,3505.0,3712.0,1
8482809,Jackson Blake,CAR,R,F,162,NZI,N,0.42857,0.37736,0.05122,307,302,6510.0,5626.0,1
8474618,Marco Scandella,STL,D,D,85,OZI,O,0.55611,0.40867,0.14743,97,125,2219.0,1845.0,1
8474618,Marco Scandella,STL,D,D,85,DZI,D,0.38718,0.32131,0.06587,128,146,1857.0,2689.0,1
8474618,Marco Scandella,STL,D,D,85,NZI,N,0.44898,0.32898,0.12,154,170,2156.0,2374.0,1
8474628,Michael Stone,CGY,D,D,48,OZI,O,0.56494,0.42587,0.13907,106,109,1563.0,1059.0,1
8474628,Michael Stone,CGY,D,D,48,DZI,D,0.25322,0.25329,-6e-05,64,69,853.0,837.0,1
8474628,Michael Stone,CGY,D,D,48,NZI,N,0.33364,0.3139,0.01974,65,80,1091.0,892.0,1
8474641,Adam Henrique,EDM,C,F,289,OZI,O,0.47016,0.44922,0.02093,477,458,10639.0,8321.0,1
8474641,Adam Henrique,EDM,C,F,289,DZI,D,0.39629,0.36748,0.02882,648,543,9715.0,9636.0,1
8474641,Adam Henrique,EDM,C,F,289,NZI,N,0.41756,0.35961,0.05795,569,506,9352.0,8259.0,1
8482858,Ryker Evans,SEA,D,D,175,OZI,O,0.51469,0.41579,0.0989,340,398,8543.0,8218.0,1
8482858,Ryker Evans,SEA,D,D,175,DZI,D,0.37083,0.34769,0.02314,339,333,6801.0,7777.0,1
8482858,Ryker Evans,SEA,D,D,175,NZI,N,0.39561,0.36056,0.03505,374,408,8023.0,8986.0,1
8482859,Zack Ostapchuk,SJS,C,F,121,OZI,O,0.46655,0.39255,0.074,105,122,2227.0,1987.0,1
8482859,Zack Ostapchuk,SJS,C,F,121,DZI,D,0.3746,0.29527,0.07933,161,146,2205.0,2645.0,1
8482859,Zack Ostapchuk,SJS,C,F,121,NZI,N,0.43673,0.41054,0.02619,202,192,3327.0,3320.0,1
8482861,Vincent Iorio,NYR,D,D,36,OZI,O,0.6073,0.37379,0.23351,62,56,1370.0,1030.0,1
8482861,Vincent Iorio,NYR,D,D,36,DZI,D,0.31874,0.40439,-0.08566,57,48,982.0,1229.0,0
8482861,Vincent Iorio,NYR,D,D,36,NZI,N,0.34216,0.29434,0.04782,72,74,1511.0,1342.0,1
8474673,TJ Brodie,CHI,D,D,190,OZI,O,0.54173,0.43969,0.10204,496,463,11046.0,7926.0,1
8474673,TJ Brodie,CHI,D,D,190,DZI,D,0.38625,0.36073,0.02551,481,435,7169.0,7798.0,1
8474673,TJ Brodie,CHI,D,D,190,NZI,N,0.45541,0.3401,0.11531,520,462,7692.0,7095.0,1
8474679,Gustav Nyquist,WPG,L,F,262,OZI,O,0.53028,0.46483,0.06545,630,564,13459.0,9653.0,1
8474679,Gustav Nyquist,WPG,L,F,262,DZI,D,0.42413,0.34682,0.07731,470,437,6458.0,8725.0,1
8474679,Gustav Nyquist,WPG,L,F,262,NZI,N,0.41996,0.36995,0.05,536,430,8489.0,7755.0,1
8474683,Derek Grant,ANA,C,F,46,OZI,O,0.43133,0.40382,0.02751,46,43,932.0,629.0,0
8474683,Derek Grant,ANA,C,F,46,DZI,D,0.38036,0.38333,-0.00297,146,142,1772.0,2447.0,1
8474683,Derek Grant,ANA,C,F,46,NZI,N,0.43909,0.33538,0.10371,89,78,1059.0,1139.0,1
8482874,Jacob Melanson,SEA,R,F,37,OZI,O,0.58278,0.39321,0.18957,14,26,302.0,501.0,0
8482874,Jacob Melanson,SEA,R,F,37,DZI,D,0.36898,0.33517,0.03381,41,41,1038.0,907.0,0
8482874,Jacob Melanson,SEA,R,F,37,NZI,N,0.54388,0.40963,0.13426,70,56,1390.0,1101.0,1
8482877,Jaroslav Chmelar,NYR,R,F,28,OZI,O,0.41455,0.44138,-0.02683,26,26,550.0,435.0,0
8482877,Jaroslav Chmelar,NYR,R,F,28,DZI,D,0.42943,0.43542,-0.00599,26,31,333.0,542.0,0
8482877,Jaroslav Chmelar,NYR,R,F,28,NZI,N,0.43473,0.40459,0.03014,46,34,835.0,697.0,0
8482896,Tyson Kozak,BUF,C,F,67,OZI,O,0.45806,0.50658,-0.04852,53,57,1085.0,1139.0,1
8482896,Tyson Kozak,BUF,C,F,67,DZI,D,0.32244,0.3193,0.00315,118,144,1898.0,2446.0,1
8482896,Tyson Kozak,BUF,C,F,67,NZI,N,0.46115,0.375,0.08615,157,138,2574.0,2104.0,1
8474709,Matt Martin,NYI,L,F,170,OZI,O,0.58397,0.53543,0.04854,162,156,3382.0,2540.0,1
8474709,Matt Martin,NYI,L,F,170,DZI,D,0.44985,0.33758,0.11227,279,238,4357.0,4316.0,1
8474709,Matt Martin,NYI,L,F,170,NZI,N,0.51864,0.43452,0.08412,261,273,4427.0,4902.0,1
8474715,Cam Atkinson,TBL,R,F,109,OZI,O,0.54495,0.48286,0.06209,178,198,3749.0,3063.0,1
8474715,Cam Atkinson,TBL,R,F,109,DZI,D,0.27257,0.37078,-0.09821,154,156,2315.0,3196.0,1
8474715,Cam Atkinson,TBL,R,F,109,NZI,N,0.43681,0.39605,0.04076,170,193,2825.0,3040.0,1
8474716,Jared Spurgeon,MIN,D,D,240,OZI,O,0.55034,0.45168,0.09866,525,644,10072.0,9819.0,1
8474716,Jared Spurgeon,MIN,D,D,240,DZI,D,0.44236,0.37109,0.07127,591,691,8267.0,12528.0,1
8474716,Jared Spurgeon,MIN,D,D,240,NZI,N,0.45216,0.40877,0.04339,579,626,9344.0,9756.0,1
8482911,Joel Nystrom,CAR,D,D,38,OZI,O,0.47532,0.52281,-0.04749,116,116,2127.0,1951.0,1
8482911,Joel Nystrom,CAR,D,D,38,DZI,D,0.31479,0.39355,-0.07876,61,63,683.0,1085.0,1
8482911,Joel Nystrom,CAR,D,D,38,NZI,N,0.50307,0.33644,0.16663,91,102,1630.0,1180.0,1
8482929,Emil Lilleberg,TBL,D,D,163,OZI,O,0.43207,0.41917,0.01289,315,324,6948.0,5716.0,1
8482929,Emil Lilleberg,TBL,D,D,163,DZI,D,0.31228,0.31264,-0.00036,307,324,5431.0,5639.0,1
8482929,Emil Lilleberg,TBL,D,D,163,NZI,N,0.36132,0.2964,0.06491,378,361,7099.0,6815.0,1
8482947,Zakhar Bardakov,COL,C,F,59,OZI,O,0.53774,0.56431,-0.02658,49,55,1060.0,1104.0,0
8482947,Zakhar Bardakov,COL,C,F,59,DZI,D,0.36759,0.37669,-0.0091,48,61,827.0,1184.0,0
8482947,Zakhar Bardakov,COL,C,F,59,NZI,N,0.41811,0.35321,0.0649,40,71,806.0,1291.0,0
8482964,Arber Xhekaj,MTL,D,D,230,OZI,O,0.47183,0.39848,0.07335,372,410,8965.0,7240.0,1
8482964,Arber Xhekaj,MTL,D,D,230,DZI,D,0.38312,0.36611,0.01701,363,307,5544.0,6173.0,1
8482964,Arber Xhekaj,MTL,D,D,230,NZI,N,0.4005,0.34826,0.05224,425,452,7658.0,8821.0,1
8474870,Tyler Johnson,BOS,C,F,132,OZI,O,0.5453,0.41539,0.12991,233,245,4768.0,4249.0,1
8474870,Tyler Johnson,BOS,C,F,132,DZI,D,0.39271,0.30651,0.08621,265,260,4255.0,4933.0,1
8474870,Tyler Johnson,BOS,C,F,132,NZI,N,0.36901,0.27817,0.09085,240,233,3989.0,3559.0,1
8474884,Mike Hoffman,SJS,L,F,133,OZI,O,0.50714,0.48811,0.01904,210,212,4480.0,3489.0,1
8474884,Mike Hoffman,SJS,L,F,133,DZI,D,0.39303,0.36273,0.0303,277,236,4048.0,4728.0,1
8474884,Mike Hoffman,SJS,L,F,133,NZI,N,0.40206,0.36017,0.04189,224,263,3206.0,4484.0,1
8475149,Marcus Johansson,MIN,L,F,305,OZI,O,0.50783,0.43491,0.07292,540,601,12577.0,10616.0,1
8475149,Marcus Johansson,MIN,L,F,305,DZI,D,0.3919,0.4005,-0.0086,580,635,9607.0,13940.0,1
8475149,Marcus Johansson,MIN,L,F,305,NZI,N,0.45986,0.40133,0.05853,577,659,10014.0,11903.0,1
8475151,Kyle Palmieri,NYI,C,F,244,OZI,O,0.5003,0.47083,0.02947,511,567,10096.0,9925.0,1
8475151,Kyle Palmieri,NYI,C,F,244,DZI,D,0.42874,0.3526,0.07613,461,445,6939.0,9254.0,1
8475151,Kyle Palmieri,NYI,C,F,244,NZI,N,0.44959,0.35232,0.09728,498,480,8005.0,9131.0,1
8475158,Ryan O'Reilly,NSH,C,F,294,OZI,O,0.5349,0.47605,0.05885,768,649,15644.0,9772.0,1
8475158,Ryan O'Reilly,NSH,C,F,294,DZI,D,0.40435,0.37373,0.03061,707,566,9712.0,11064.0,1
8475158,Ryan O'Reilly,NSH,C,F,294,NZI,N,0.43907,0.34524,0.09383,760,574,11399.0,9405.0,1
8475163,Alex Chiasson,DET,R,F,20,OZI,O,0.50847,0.45455,0.05393,23,24,236.0,330.0,0
8475163,Alex Chiasson,DET,R,F,20,DZI,D,0.58904,0.38407,0.20497,21,30,219.0,427.0,0
8475163,Alex Chiasson,DET,R,F,20,NZI,N,0.40633,0.42061,-0.01429,23,32,411.0,359.0,0
8475164,Jakob Silfverberg,ANA,R,F,162,OZI,O,0.58784,0.52443,0.0634,185,198,4309.0,2742.0,1
8475164,Jakob Silfverberg,ANA,R,F,162,DZI,D,0.38475,0.33242,0.05233,323,376,3540.0,6206.0,1
8475164,Jakob Silfverberg,ANA,R,F,162,NZI,N,0.43038,0.34258,0.0878,297,275,3634.0,3135.0,1
8475166,John Tavares,TOR,C,F,317,OZI,O,0.52992,0.44832,0.0816,838,665,17397.0,10749.0,1
8475166,John Tavares,TOR,C,F,317,DZI,D,0.3938,0.35731,0.03649,793,583,12364.0,12051.0,1
8475166,John Tavares,TOR,C,F,317,NZI,N,0.43577,0.33075,0.10502,785,518,12518.0,9158.0,1
8475167,Victor Hedman,TBL,D,D,266,OZI,O,0.51554,0.45353,0.06201,799,844,17116.0,15086.0,1
8475167,Victor Hedman,TBL,D,D,266,DZI,D,0.38408,0.3652,0.01888,599,578,9472.0,11413.0,1
8475167,Victor Hedman,TBL,D,D,266,NZI,N,0.45377,0.35003,0.10374,704,638,12308.0,11636.0,1
8475168,Matt Duchene,DAL,C,F,290,OZI,O,0.49603,0.43339,0.06265,700,614,15505.0,10381.0,1
8475168,Matt Duchene,DAL,C,F,290,DZI,D,0.39642,0.37791,0.01851,580,539,9273.0,11487.0,1
8475168,Matt Duchene,DAL,C,F,290,NZI,N,0.42902,0.36898,0.06004,631,526,11440.0,9033.0,1
8475169,Evander Kane,VAN,L,F,189,OZI,O,0.55591,0.4484,0.10751,459,438,10919.0,8731.0,1
8475169,Evander Kane,VAN,L,F,189,DZI,D,0.41824,0.38329,0.03495,426,380,8708.0,8581.0,1
8475169,Evander Kane,VAN,L,F,189,NZI,N,0.50823,0.37927,0.12897,425,399,8258.0,7620.0,1
8475170,Brayden Schenn,NYI,C,F,326,OZI,O,0.47417,0.45201,0.02216,688,670,14478.0,10982.0,1
8475170,Brayden Schenn,NYI,C,F,326,DZI,D,0.40702,0.36298,0.04404,679,746,11250.0,13965.0,1
8475170,Brayden Schenn,NYI,C,F,326,NZI,N,0.44122,0.34074,0.10048,677,637,12368.0,11023.0,1
8475171,Oliver Ekman-Larsson,TOR,D,D,289,OZI,O,0.53796,0.41729,0.12067,904,775,16966.0,11026.0,1
8475171,Oliver Ekman-Larsson,TOR,D,D,289,DZI,D,0.33405,0.34275,-0.00871,765,651,10271.0,11641.0,1
8475171,Oliver Ekman-Larsson,TOR,D,D,289,NZI,N,0.4613,0.31225,0.14906,769,753,12456.0,10876.0,1
8475172,Nazem Kadri,COL,C,F,323,OZI,O,0.54262,0.42951,0.11311,891,986,17270.0,16258.0,1
8475172,Nazem Kadri,COL,C,F,323,DZI,D,0.35897,0.38079,-0.02181,533,613,7722.0,11169.0,1
8475172,Nazem Kadri,COL,C,F,323,NZI,N,0.40568,0.35586,0.04981,679,816,10427.0,12013.0,1
8475177,Calvin de Haan,NYR,D,D,159,OZI,O,0.56967,0.43543,0.13424,245,225,5447.0,3895.0,1
8475177,Calvin de Haan,NYR,D,D,159,DZI,D,0.38397,0.33273,0.05124,287,298,4891.0,5539.0,1
8475177,Calvin de Haan,NYR,D,D,159,NZI,N,0.46647,0.35154,0.11492,373,335,6322.0,5766.0,1
8475178,Zack Kassian,UTA,R,F,51,OZI,O,0.64865,0.44836,0.20029,36,46,740.0,823.0,0
8475178,Zack Kassian,UTA,R,F,51,DZI,D,0.37572,0.37681,-0.00109,73,83,1038.0,1380.0,1
8475178,Zack Kassian,UTA,R,F,51,NZI,N,0.4309,0.39605,0.03485,64,78,796.0,1318.0,1
8475179,Dmitry Kulikov,FLA,D,D,232,OZI,O,0.53508,0.4664,0.06868,563,623,11630.0,9702.0,1
8475179,Dmitry Kulikov,FLA,D,D,232,DZI,D,0.34423,0.36008,-0.01586,526,534,7100.0,9820.0,1
8475179,Dmitry Kulikov,FLA,D,D,232,NZI,N,0.47824,0.35616,0.12208,611,609,9558.0,8763.0,1
8475181,Nick Leddy,SJS,D,D,223,OZI,O,0.54625,0.45393,0.09231,496,509,10087.0,8488.0,1
8475181,Nick Leddy,SJS,D,D,223,DZI,D,0.37244,0.37099,0.00145,643,667,10646.0,13154.0,1
8475181,Nick Leddy,SJS,D,D,223,NZI,N,0.43018,0.35915,0.07103,653,643,11028.0,10951.0,1
8475184,Chris Kreider,ANA,L,F,303,OZI,O,0.54086,0.49388,0.04698,624,693,12310.0,11351.0,1
8475184,Chris Kreider,ANA,L,F,303,DZI,D,0.40632,0.34441,0.06191,572,564,8385.0,9814.0,1
8475184,Chris Kreider,ANA,L,F,303,NZI,N,0.46437,0.38368,0.08069,699,652,10313.0,10144.0,1
8475188,Brayden McNabb,VGK,D,D,310,OZI,O,0.5428,0.52816,0.01464,832,788,17653.0,13299.0,1
8475188,Brayden McNabb,VGK,D,D,310,DZI,D,0.40511,0.38167,0.02344,864,730,14648.0,14628.0,1
8475188,Brayden McNabb,VGK,D,D,310,NZI,N,0.46788,0.41865,0.04923,838,837,15350.0,13584.0,1
8475191,Reilly Smith,VGK,R,F,302,OZI,O,0.51912,0.4943,0.02482,600,582,12211.0,10002.0,1
8475191,Reilly Smith,VGK,R,F,302,DZI,D,0.40228,0.34109,0.06119,620,510,9282.0,9493.0,1
8475191,Reilly Smith,VGK,R,F,302,NZI,N,0.45154,0.34868,0.10286,611,591,9627.0,9837.0,1
8475193,Tomas Tatar,NJD,L,F,226,OZI,O,0.4842,0.43228,0.05193,360,398,6489.0,5744.0,1
8475193,Tomas Tatar,NJD,L,F,226,DZI,D,0.44417,0.3347,0.10947,415,342,5293.0,6346.0,1
8475193,Tomas Tatar,NJD,L,F,226,NZI,N,0.41068,0.35726,0.05342,413,491,5956.0,7328.0,1
8475197,Tyson Barrie,CGY,D,D,139,OZI,O,0.54053,0.4678,0.07274,315,305,7019.0,5248.0,1
8475197,Tyson Barrie,CGY,D,D,139,DZI,D,0.36769,0.31447,0.05322,288,286,4618.0,5514.0,1
8475197,Tyson Barrie,CGY,D,D,139,NZI,N,0.46223,0.32218,0.14004,320,312,5480.0,5770.0,1
8475200,Dmitry Orlov,SJS,D,D,305,OZI,O,0.52012,0.46513,0.05499,801,772,19159.0,15026.0,1
8475200,Dmitry Orlov,SJS,D,D,305,DZI,D,0.37163,0.3803,-0.00866,743,687,11958.0,14060.0,1
8475200,Dmitry Orlov,SJS,D,D,305,NZI,N,0.4618,0.39067,0.07113,839,790,16139.0,14516.0,1
8483395,Arshdeep Bains,VAN,L,F,49,OZI,O,0.48056,0.61726,-0.13671,48,67,1080.0,1228.0,0
8483395,Arshdeep Bains,VAN,L,F,49,DZI,D,0.40934,0.29312,0.11622,54,54,728.0,1003.0,1
8483395,Arshdeep Bains,VAN,L,F,49,NZI,N,0.50599,0.4057,0.10029,58,79,1002.0,1193.0,1
8483397,Marc McLaughlin,NJD,C,F,24,OZI,O,0.51365,0.57143,-0.05778,19,25,403.0,315.0,0
8483397,Marc McLaughlin,NJD,C,F,24,DZI,D,0.47111,0.41252,0.05859,38,40,450.0,623.0,0
8483397,Marc McLaughlin,NJD,C,F,24,NZI,N,0.21242,0.25971,-0.04729,34,34,499.0,489.0,0
8483398,Declan Carlile,TBL,D,D,46,OZI,O,0.52551,0.39245,0.13306,90,93,1627.0,1404.0,1
8483398,Declan Carlile,TBL,D,D,46,DZI,D,0.3869,0.36983,0.01707,54,82,1008.0,1379.0,1
8483398,Declan Carlile,TBL,D,D,46,NZI,N,0.45634,0.38997,0.06638,99,88,1924.0,1754.0,1
8475208,Brian Dumoulin,LAK,D,D,323,OZI,O,0.5321,0.4409,0.0912,710,774,16213.0,13706.0,1
8475208,Brian Dumoulin,LAK,D,D,323,DZI,D,0.40275,0.36183,0.04093,769,761,12052.0,14308.0,1
8475208,Brian Dumoulin,LAK,D,D,323,NZI,N,0.40262,0.38406,0.01856,813,814,13355.0,13956.0,1
8483406,Taylor Ward,LAK,R,F,36,OZI,O,0.60993,0.6997,-0.08977,14,27,282.0,333.0,0
8483406,Taylor Ward,LAK,R,F,36,DZI,D,0.33133,0.44395,-0.11262,36,44,667.0,1124.0,0
8483406,Taylor Ward,LAK,R,F,36,NZI,N,0.39552,0.34341,0.05211,51,48,938.0,1025.0,0
8475218,Mattias Ekholm,EDM,D,D,303,OZI,O,0.57365,0.53594,0.03771,971,900,21391.0,15582.0,1
8475218,Mattias Ekholm,EDM,D,D,303,DZI,D,0.41512,0.37993,0.03518,754,614,11816.0,12676.0,1
8475218,Mattias Ekholm,EDM,D,D,303,NZI,N,0.49081,0.40675,0.08406,797,731,13818.0,12735.0,1
8475220,Marcus Foligno,MIN,L,F,253,OZI,O,0.53383,0.51608,0.01775,337,416,7804.0,8520.0,1
8475220,Marcus Foligno,MIN,L,F,253,DZI,D,0.406,0.38489,0.02112,480,517,8362.0,11289.0,1
8475220,Marcus Foligno,MIN,L,F,253,NZI,N,0.47073,0.38569,0.08504,485,525,8695.0,9321.0,1
8475225,Craig Smith,DET,C,F,198,OZI,O,0.5358,0.41503,0.12077,232,248,4763.0,4178.0,1
8475225,Craig Smith,DET,C,F,198,DZI,D,0.3579,0.39208,-0.03418,284,300,4152.0,5379.0,1
8475225,Craig Smith,DET,C,F,198,NZI,N,0.48905,0.38897,0.10009,347,348,5756.0,5620.0,1
8475227,Chris Wideman,MTL,D,D,46,OZI,O,0.44737,0.41522,0.03214,106,108,1862.0,1734.0,1
8475227,Chris Wideman,MTL,D,D,46,DZI,D,0.32664,0.46006,-0.13343,80,54,1145.0,939.0,1
8475227,Chris Wideman,MTL,D,D,46,NZI,N,0.36815,0.33654,0.0316,92,108,1350.0,1765.0,1
8475231,Casey Cizikas,NYI,C,F,314,OZI,O,0.54556,0.47638,0.06918,433,328,8835.0,5059.0,1
8475231,Casey Cizikas,NYI,C,F,314,DZI,D,0.42343,0.37484,0.04859,701,584,9938.0,10039.0,1
8475231,Casey Cizikas,NYI,C,F,314,NZI,N,0.52575,0.3806,0.14515,657,534,10602.0,8978.0,1
8483424,Owen Beck,MTL,C,F,28,OZI,O,0.52089,0.34302,0.17787,42,41,1077.0,895.0,0
8483424,Owen Beck,MTL,C,F,28,DZI,D,0.34976,0.36035,-0.01059,37,25,629.0,691.0,0
8483424,Owen Beck,MTL,C,F,28,NZI,N,0.32454,0.31907,0.00547,39,30,758.0,561.0,0
8475233,David Savard,MTL,D,D,197,OZI,O,0.53429,0.43623,0.09807,343,415,7932.0,7801.0,1
8475233,David Savard,MTL,D,D,197,DZI,D,0.40286,0.36844,0.03442,518,450,8194.0,9866.0,1
8475233,David Savard,MTL,D,D,197,NZI,N,0.41738,0.33567,0.08171,474,501,8515.0,9560.0,1
8483425,Lian Bichsel,DAL,D,D,88,OZI,O,0.34449,0.31118,0.03331,165,136,4003.0,2513.0,1
8483425,Lian Bichsel,DAL,D,D,88,DZI,D,0.3232,0.28833,0.03486,170,175,2466.0,3437.0,1
8483425,Lian Bichsel,DAL,D,D,88,NZI,N,0.42777,0.32356,0.10421,181,167,3766.0,3514.0,1
8475235,Nicolas Deslauriers,CAR,L,F,202,OZI,O,0.57972,0.50858,0.07114,179,206,3995.0,3962.0,1
8475235,Nicolas Deslauriers,CAR,L,F,202,DZI,D,0.39202,0.41742,-0.0254,182,165,3158.0,2997.0,1
8475235,Nicolas Deslauriers,CAR,L,F,202,NZI,N,0.536,0.34298,0.19302,257,246,5056.0,4563.0,1
8483431,Logan Cooley,UTA,C,F,210,OZI,O,0.5202,0.45292,0.06727,364,495,8318.0,9591.0,1
8483431,Logan Cooley,UTA,C,F,210,DZI,D,0.42568,0.37796,0.04771,329,381,5476.0,7596.0,1
8483431,Logan Cooley,UTA,C,F,210,NZI,N,0.50586,0.35406,0.1518,302,428,5292.0,6948.0,1
8483432,Luca Del Bel Belluz,CBJ,C,F,30,OZI,O,0.57824,0.44206,0.13617,38,45,965.0,1027.0,0
8483432,Luca Del Bel Belluz,CBJ,C,F,30,DZI,D,0.30031,0.26112,0.0392,36,60,636.0,1057.0,0
8483432,Luca Del Bel Belluz,CBJ,C,F,30,NZI,N,0.33837,0.28553,0.05284,32,44,529.0,795.0,0
8483445,Cutter Gauthier,ANA,L,F,158,OZI,O,0.51843,0.41842,0.10001,290,356,6267.0,6503.0,1
8483445,Cutter Gauthier,ANA,L,F,158,DZI,D,0.40916,0.31599,0.09317,286,317,4998.0,6209.0,1
8483445,Cutter Gauthier,ANA,L,F,158,NZI,N,0.41036,0.42404,-0.01368,288,308,5232.0,5417.0,1
8483447,Conor Geekie,TBL,C,F,66,OZI,O,0.49687,0.49058,0.00629,81,111,2079.0,2230.0,1
8483447,Conor Geekie,TBL,C,F,66,DZI,D,0.34708,0.42605,-0.07897,105,100,1988.0,2157.0,1
8483447,Conor Geekie,TBL,C,F,66,NZI,N,0.39628,0.31671,0.07957,124,140,1938.0,2908.0,1
8483448,Isaiah George,NYI,D,D,37,OZI,O,0.43836,0.46963,-0.03127,79,60,1898.0,1103.0,1
8483448,Isaiah George,NYI,D,D,37,DZI,D,0.28428,0.35725,-0.07297,83,66,1298.0,1296.0,1
8483448,Isaiah George,NYI,D,D,37,NZI,N,0.34717,0.28197,0.0652,83,66,1397.0,1298.0,1
8483450,Ryan Greene,CHI,C,F,83,OZI,O,0.46413,0.48938,-0.02525,147,195,3262.0,3907.0,1
8483450,Ryan Greene,CHI,C,F,83,DZI,D,0.34992,0.37967,-0.02974,186,183,2592.0,3000.0,1
8483450,Ryan Greene,CHI,C,F,83,NZI,N,0.39591,0.33218,0.06373,140,178,2786.0,3456.0,1
8483455,Isaac Howard,EDM,L,F,29,OZI,O,0.45776,0.55828,-0.10052,36,35,793.0,858.0,0
8483455,Isaac Howard,EDM,L,F,29,DZI,D,0.3867,0.33747,0.04923,32,21,737.0,403.0,0
8483455,Isaac Howard,EDM,L,F,29,NZI,N,0.42002,0.3295,0.09052,34,35,819.0,783.0,0
8483457,Lane Hutson,MTL,D,D,166,OZI,O,0.49577,0.42366,0.07211,523,517,11826.0,10964.0,1
8483457,Lane Hutson,MTL,D,D,166,DZI,D,0.3479,0.41797,-0.07007,323,298,4967.0,6601.0,1
8483457,Lane Hutson,MTL,D,D,166,NZI,N,0.40666,0.34668,0.05998,442,433,8705.0,8864.0,1
8483460,David Jiricek,PHI,D,D,85,OZI,O,0.57101,0.45121,0.1198,132,180,2732.0,3023.0,1
8483460,David Jiricek,PHI,D,D,85,DZI,D,0.33866,0.33564,0.00302,161,147,2690.0,3322.0,1
8483460,David Jiricek,PHI,D,D,85,NZI,N,0.45385,0.35299,0.10086,153,167,2730.0,2561.0,1
8483464,Marco Kasper,DET,C,F,159,OZI,O,0.54196,0.4339,0.10806,251,274,5255.0,5151.0,1
8483464,Marco Kasper,DET,C,F,159,DZI,D,0.38947,0.3956,-0.00613,278,328,4578.0,6590.0,1
8483464,Marco Kasper,DET,C,F,159,NZI,N,0.39762,0.35817,0.03945,298,301,5128.0,5408.0,1
8483466,Kevin Korchinski,CHI,D,D,105,OZI,O,0.49767,0.45541,0.04227,270,281,6233.0,5270.0,1
8483466,Kevin Korchinski,CHI,D,D,105,DZI,D,0.35814,0.32525,0.03289,174,207,2513.0,4123.0,1
8483466,Kevin Korchinski,CHI,D,D,105,NZI,N,0.41118,0.33731,0.07387,194,234,3310.0,4364.0,1
8483468,Jiri Kulich,BUF,C,F,75,OZI,O,0.46314,0.42912,0.03402,144,189,2971.0,3104.0,1
8483468,Jiri Kulich,BUF,C,F,75,DZI,D,0.34979,0.3998,-0.05001,144,161,2350.0,2999.0,1
8483468,Jiri Kulich,BUF,C,F,75,NZI,N,0.36653,0.3432,0.02333,142,159,2259.0,2669.0,1
8475278,Byron Froese,VGK,C,F,25,OZI,O,0.32822,0.4385,-0.11028,16,15,326.0,374.0,0
8475278,Byron Froese,VGK,C,F,25,DZI,D,0.23592,0.47255,-0.23662,34,32,657.0,601.0,0
8475278,Byron Froese,VGK,C,F,25,NZI,N,0.44329,0.45051,-0.00722,49,31,767.0,495.0,0
8483471,Brad Lambert,WPG,C,F,30,OZI,O,0.54692,0.43338,0.11354,30,32,682.0,653.0,0
8483471,Brad Lambert,WPG,C,F,30,DZI,D,0.26891,0.30599,-0.03708,20,33,238.0,768.0,0
8483471,Brad Lambert,WPG,C,F,30,NZI,N,0.46417,0.21881,0.24536,34,38,614.0,553.0,0
8475279,Ben Chiarot,DET,D,D,316,OZI,O,0.53148,0.42297,0.10851,774,763,16439.0,13306.0,1
8475279,Ben Chiarot,DET,D,D,316,DZI,D,0.3689,0.35389,0.01501,937,952,13654.0,18048.0,1
8475279,Ben Chiarot,DET,D,D,316,NZI,N,0.39016,0.34747,0.04269,863,917,13979.0,15751.0,1
8483472,Maveric Lamoureux,UTA,D,D,20,OZI,O,0.54286,0.27202,0.27083,39,44,700.0,647.0,0
8483472,Maveric Lamoureux,UTA,D,D,20,DZI,D,0.31153,0.43484,-0.12331,46,32,581.0,798.0,0
8483472,Maveric Lamoureux,UTA,D,D,20,NZI,N,0.54986,0.21385,0.33601,43,38,702.0,491.0,0
8483476,Jonathan Lekkerimäki,VAN,R,F,37,OZI,O,0.39593,0.41943,-0.0235,46,66,884.0,1328.0,0
8483476,Jonathan Lekkerimäki,VAN,R,F,37,DZI,D,0.23873,0.34836,-0.10963,28,42,377.0,821.0,0
8483476,Jonathan Lekkerimäki,VAN,R,F,37,NZI,N,0.47596,0.3945,0.08146,52,57,832.0,1019.0,1
8475287,Erik Haula,NSH,L,F,306,OZI,O,0.50273,0.44768,0.05505,645,577,13363.0,8658.0,1
8475287,Erik Haula,NSH,L,F,306,DZI,D,0.36701,0.37029,-0.00328,652,601,8948.0,10400.0,1
8475287,Erik Haula,NSH,L,F,306,NZI,N,0.42871,0.33481,0.0939,643,551,9988.0,8775.0,1
8483485,Denton Mateychuk,CBJ,D,D,120,OZI,O,0.54297,0.43918,0.10378,235,290,5737.0,5089.0,1
8483485,Denton Mateychuk,CBJ,D,D,120,DZI,D,0.35179,0.35118,0.00061,287,281,5165.0,6202.0,1
8483485,Denton Mateychuk,CBJ,D,D,120,NZI,N,0.44248,0.34509,0.09739,304,287,6319.0,5784.0,1
8483487,Rutger McGroarty,PIT,R,F,32,OZI,O,0.50204,0.35175,0.15029,64,55,1470.0,887.0,1
8483487,Rutger McGroarty,PIT,R,F,32,DZI,D,0.27974,0.28348,-0.00374,37,34,454.0,702.0,0
8483487,Rutger McGroarty,PIT,R,F,32,NZI,N,0.39213,0.2739,0.11823,53,61,737.0,1161.0,1
8483489,Fraser Minten,BOS,C,F,107,OZI,O,0.51113,0.45653,0.0546,176,169,3817.0,3566.0,1
8483489,Fraser Minten,BOS,C,F,107,DZI,D,0.32912,0.33,-0.00087,157,160,3008.0,3097.0,1
8483489,Fraser Minten,BOS,C,F,107,NZI,N,0.42235,0.318,0.10435,223,216,4314.0,4478.0,1
8483490,Pavel Mintyukov,ANA,D,D,203,OZI,O,0.51394,0.49563,0.01831,367,483,8287.0,8918.0,1
8483490,Pavel Mintyukov,ANA,D,D,203,DZI,D,0.33678,0.34497,-0.00819,431,527,6874.0,10114.0,1
8483490,Pavel Mintyukov,ANA,D,D,203,NZI,N,0.39111,0.33801,0.0531,483,459,7719.0,7337.0,1
8483491,Ivan Miroshnichenko,WSH,L,F,52,OZI,O,0.5698,0.44638,0.12342,52,74,1318.0,1436.0,1
8483491,Ivan Miroshnichenko,WSH,L,F,52,DZI,D,0.32508,0.30786,0.01722,68,64,1252.0,1374.0,1
8483491,Ivan Miroshnichenko,WSH,L,F,52,NZI,N,0.35605,0.42693,-0.07088,75,75,1306.0,1307.0,1
8483493,Frank Nazar,CHI,C,F,122,OZI,O,0.53881,0.35753,0.18128,182,248,4367.0,4931.0,1
8483493,Frank Nazar,CHI,C,F,122,DZI,D,0.35087,0.31339,0.03748,237,245,4258.0,4764.0,1
8483493,Frank Nazar,CHI,C,F,122,NZI,N,0.38503,0.40236,-0.01733,211,219,4223.0,4404.0,1
8483495,Simon Nemec,NJD,D,D,155,OZI,O,0.50737,0.4039,0.10347,347,378,8621.0,7445.0,1
8483495,Simon Nemec,NJD,D,D,155,DZI,D,0.39102,0.34811,0.04291,310,311,5726.0,6745.0,1
8483495,Simon Nemec,NJD,D,D,155,NZI,N,0.38659,0.37307,0.01352,336,326,6666.0,6098.0,1
8483497,Jani Nyman,SEA,R,F,39,OZI,O,0.5,0.44613,0.05387,51,73,1070.0,1578.0,1
8483497,Jani Nyman,SEA,R,F,39,DZI,D,0.45201,0.33879,0.11322,37,41,573.0,794.0,0
8483497,Jani Nyman,SEA,R,F,39,NZI,N,0.54669,0.42919,0.11749,38,64,664.0,1377.0,0
8483499,Liam Ohgren,VAN,L,F,96,OZI,O,0.50159,0.41711,0.08448,131,142,2835.0,2455.0,1
8483499,Liam Ohgren,VAN,L,F,96,DZI,D,0.38471,0.37422,0.01049,149,146,3283.0,3049.0,1
8483499,Liam Ohgren,VAN,L,F,96,NZI,N,0.4688,0.31758,0.15122,150,170,2997.0,3196.0,1
8483500,Noah Ostlund,BUF,C,F,68,OZI,O,0.57249,0.48593,0.08656,105,161,2014.0,2595.0,1
8483500,Noah Ostlund,BUF,C,F,68,DZI,D,0.33853,0.39302,-0.05449,85,105,1155.0,2234.0,1
8483500,Noah Ostlund,BUF,C,F,68,NZI,N,0.49154,0.37645,0.11509,98,132,1654.0,1902.0,1
8483503,Owen Pickering,PIT,D,D,29,OZI,O,0.53441,0.16931,0.3651,52,39,1177.0,567.0,0
8483503,Owen Pickering,PIT,D,D,29,DZI,D,0.33382,0.3787,-0.04488,55,58,683.0,845.0,1
8483503,Owen Pickering,PIT,D,D,29,NZI,N,0.27842,0.15385,0.12457,73,57,1038.0,676.0,1
8483505,Matthew Poitras,BOS,C,F,69,OZI,O,0.54416,0.38621,0.15795,93,147,2038.0,2610.0,1
8483505,Matthew Poitras,BOS,C,F,69,DZI,D,0.34036,0.22222,0.11813,81,72,1234.0,1431.0,1
8483505,Matthew Poitras,BOS,C,F,69,NZI,N,0.4396,0.28027,0.15933,98,123,2020.0,2337.0,1
8475314,Anders Lee,NYI,L,F,327,OZI,O,0.54185,0.49276,0.04909,804,668,17800.0,11330.0,1
8475314,Anders Lee,NYI,L,F,327,DZI,D,0.402,0.34756,0.05444,654,563,10306.0,11103.0,1
8475314,Anders Lee,NYI,L,F,327,NZI,N,0.46063,0.39949,0.06114,673,623,11417.0,10626.0,1
8483506,Sam Rinzel,CHI,D,D,63,OZI,O,0.53788,0.42349,0.11439,124,178,3062.0,3601.0,1
8483506,Sam Rinzel,CHI,D,D,63,DZI,D,0.38011,0.27171,0.1084,116,131,1981.0,2672.0,1
8483506,Sam Rinzel,CHI,D,D,63,NZI,N,0.46693,0.41729,0.04964,141,156,2827.0,2823.0,1
8483510,Elias Salomonsson,WPG,D,D,32,OZI,O,0.47349,0.51661,-0.04312,70,81,1377.0,1264.0,1
8483510,Elias Salomonsson,WPG,D,D,32,DZI,D,0.35691,0.3369,0.02001,75,81,1202.0,1496.0,1
8483510,Elias Salomonsson,WPG,D,D,32,NZI,N,0.41599,0.23454,0.18146,87,59,1488.0,857.0,1
8483512,Matt Savoie,EDM,C,F,86,OZI,O,0.55813,0.52095,0.03719,187,170,3879.0,2912.0,1
8483512,Matt Savoie,EDM,C,F,86,DZI,D,0.41784,0.37682,0.04102,117,122,1704.0,2269.0,1
8483512,Matt Savoie,EDM,C,F,86,NZI,N,0.56072,0.38581,0.17491,155,150,2627.0,2649.0,1
8483513,Reid Schaefer,NSH,L,F,46,OZI,O,0.52765,0.40017,0.12748,46,59,868.0,1192.0,0
8483513,Reid Schaefer,NSH,L,F,46,DZI,D,0.43804,0.36912,0.06892,77,84,1041.0,1574.0,1
8483513,Reid Schaefer,NSH,L,F,46,NZI,N,0.52257,0.37708,0.14549,74,74,1307.0,1379.0,1
8483515,Juraj Slafkovský,MTL,L,F,282,OZI,O,0.51102,0.48242,0.0286,600,595,14796.0,12682.0,1
8483515,Juraj Slafkovský,MTL,L,F,282,DZI,D,0.42229,0.4098,0.01249,528,512,9491.0,12589.0,1
8483515,Juraj Slafkovský,MTL,L,F,282,NZI,N,0.44026,0.39229,0.04797,585,538,10998.0,10742.0,1
8475324,Nick Jensen,OTT,D,D,287,OZI,O,0.48804,0.43376,0.05427,568,614,12204.0,10651.0,1
8475324,Nick Jensen,OTT,D,D,287,DZI,D,0.36311,0.34912,0.01399,711,743,11071.0,14230.0,1
8475324,Nick Jensen,OTT,D,D,287,NZI,N,0.42215,0.34211,0.08004,704,758,12164.0,12689.0,1
8483516,Jimmy Snuggerud,STL,R,F,76,OZI,O,0.51003,0.50308,0.00695,168,154,3639.0,2435.0,1
8483516,Jimmy Snuggerud,STL,R,F,76,DZI,D,0.46364,0.39111,0.07253,124,161,2448.0,3646.0,1
8483516,Jimmy Snuggerud,STL,R,F,76,NZI,N,0.35272,0.32625,0.02647,146,137,2682.0,2777.0,1
8483524,Shane Wright,SEA,C,F,168,OZI,O,0.56813,0.45644,0.11169,269,393,6157.0,6658.0,1
8483524,Shane Wright,SEA,C,F,168,DZI,D,0.37583,0.32245,0.05338,221,228,3459.0,4562.0,1
8483524,Shane Wright,SEA,C,F,168,NZI,N,0.50409,0.32804,0.17605,218,318,3793.0,5792.0,1
8483525,Danila Yurov,MIN,R,F,73,OZI,O,0.45661,0.4821,-0.02549,111,156,2247.0,3016.0,1
8483525,Danila Yurov,MIN,R,F,73,DZI,D,0.38436,0.42041,-0.03605,89,132,1829.0,2940.0,1
8483525,Danila Yurov,MIN,R,F,73,NZI,N,0.4355,0.41154,0.02396,116,163,2310.0,2894.0,1
8475343,Nic Dowd,VGK,C,F,286,OZI,O,0.55582,0.45379,0.10203,177,177,3825.0,3495.0,1
8475343,Nic Dowd,VGK,C,F,286,DZI,D,0.38818,0.40186,-0.01368,875,835,14635.0,16986.0,1
8475343,Nic Dowd,VGK,C,F,286,NZI,N,0.41442,0.39066,0.02375,571,508,10183.0,8931.0,1
8483553,Marc Gatcomb,NYI,C,F,88,OZI,O,0.58874,0.53082,0.05792,115,128,2451.0,2093.0,1
8483553,Marc Gatcomb,NYI,C,F,88,DZI,D,0.4003,0.36514,0.03516,107,96,2021.0,1939.0,1
8483553,Marc Gatcomb,NYI,C,F,88,NZI,N,0.48162,0.37906,0.10257,167,150,3374.0,2836.0,1
8483565,Nick Blankenburg,COL,D,D,168,OZI,O,0.4582,0.41053,0.04767,357,386,6962.0,5924.0,1
8483565,Nick Blankenburg,COL,D,D,168,DZI,D,0.36629,0.32807,0.03823,385,370,5067.0,6328.0,1
8483565,Nick Blankenburg,COL,D,D,168,NZI,N,0.40187,0.32256,0.07932,408,378,6405.0,5785.0,1
8483570,Ben Meyers,SEA,C,F,121,OZI,O,0.50388,0.40172,0.10217,76,102,1802.0,1979.0,1
8483570,Ben Meyers,SEA,C,F,121,DZI,D,0.40518,0.40421,0.00097,183,174,3243.0,3184.0,1
8483570,Ben Meyers,SEA,C,F,121,NZI,N,0.4482,0.39189,0.05632,190,162,3340.0,2613.0,1
8483573,Ethen Frank,WSH,C,F,86,OZI,O,0.55059,0.3439,0.20669,77,101,1522.0,1672.0,1
8483573,Ethen Frank,WSH,C,F,86,DZI,D,0.37856,0.46319,-0.08462,142,138,2211.0,3083.0,1
8483573,Ethen Frank,WSH,C,F,86,NZI,N,0.395,0.4251,-0.0301,111,153,1800.0,2637.0,1
8483597,Milos Kelemen,UTA,L,F,24,OZI,O,0.5738,0.48929,0.08451,26,18,603.0,280.0,0
8483597,Milos Kelemen,UTA,L,F,24,DZI,D,0.3354,0.36981,-0.03441,26,35,322.0,795.0,0
8483597,Milos Kelemen,UTA,L,F,24,NZI,N,0.67797,0.38856,0.2894,25,39,413.0,682.0,0
8475413,Justin Dowling,NYR,C,F,56,OZI,O,0.47526,0.26952,0.20573,58,58,1172.0,1050.0,1
8475413,Justin Dowling,NYR,C,F,56,DZI,D,0.32058,0.35967,-0.03909,57,62,967.0,1076.0,1
8475413,Justin Dowling,NYR,C,F,56,NZI,N,0.25102,0.28667,-0.03565,80,91,1227.0,1350.0,1
8483609,Adam Klapka,CGY,R,F,115,OZI,O,0.47385,0.46845,0.0054,119,135,2581.0,2805.0,1
8483609,Adam Klapka,CGY,R,F,115,DZI,D,0.32806,0.39546,-0.06739,130,143,2213.0,3257.0,1
8483609,Adam Klapka,CGY,R,F,115,NZI,N,0.39342,0.36647,0.02694,145,164,2552.0,3299.0,1
8483619,Filip Roos,CHI,D,D,21,OZI,O,0.42105,0.33849,0.08256,46,34,855.0,517.0,0
8483619,Filip Roos,CHI,D,D,21,DZI,D,0.46203,0.27136,0.19067,37,35,316.0,597.0,0
8483619,Filip Roos,CHI,D,D,21,NZI,N,0.45502,0.4106,0.04442,49,32,767.0,302.0,0
8483620,Marcus Bjork,CBJ,D,D,33,OZI,O,0.53881,0.47091,0.0679,58,71,1095.0,1272.0,1
8483620,Marcus Bjork,CBJ,D,D,33,DZI,D,0.42794,0.39413,0.0338,89,89,1124.0,1738.0,1
8483620,Marcus Bjork,CBJ,D,D,33,NZI,N,0.39862,0.34648,0.05215,90,64,1307.0,837.0,1
8483630,Pavol Regenda,SJS,L,F,42,OZI,O,0.52341,0.54152,-0.01811,38,66,833.0,1156.0,0
8483630,Pavol Regenda,SJS,L,F,42,DZI,D,0.43478,0.46846,-0.03368,61,78,828.0,1411.0,1
8483630,Pavol Regenda,SJS,L,F,42,NZI,N,0.52498,0.43947,0.08551,67,73,1101.0,1272.0,1
8475455,Brenden Dillon,NJD,D,D,323,OZI,O,0.49611,0.3901,0.10601,637,726,13749.0,12138.0,1
8475455,Brenden Dillon,NJD,D,D,323,DZI,D,0.3713,0.33451,0.03679,721,713,11834.0,13575.0,1
8475455,Brenden Dillon,NJD,D,D,323,NZI,N,0.45133,0.35113,0.1002,729,779,12698.0,13280.0,1
8475462,Radko Gudas,ANA,D,D,275,OZI,O,0.52043,0.40829,0.11214,482,582,11454.0,10152.0,1
8475462,Radko Gudas,ANA,D,D,275,DZI,D,0.37456,0.32305,0.05151,609,706,10415.0,13967.0,1
8475462,Radko Gudas,ANA,D,D,275,NZI,N,0.42254,0.37647,0.04607,592,659,10302.0,11629.0,1
8483676,Stephen Halliday,OTT,C,F,30,OZI,O,0.55094,0.34015,0.21078,33,28,746.0,391.0,0
8483676,Stephen Halliday,OTT,C,F,30,DZI,D,0.42005,0.33036,0.0897,23,19,369.0,224.0,0
8483676,Stephen Halliday,OTT,C,F,30,NZI,N,0.51301,0.3154,0.19761,23,26,269.0,539.0,0
8483678,Elias Pettersson,VAN,D,D,97,OZI,O,0.5415,0.43792,0.10358,169,157,4205.0,2521.0,1
8483678,Elias Pettersson,VAN,D,D,97,DZI,D,0.3631,0.33653,0.02656,187,166,3360.0,3230.0,1
8483678,Elias Pettersson,VAN,D,D,97,NZI,N,0.40457,0.30927,0.0953,175,199,3458.0,3020.0,1
8483690,Noah Laba,NYR,C,F,74,OZI,O,0.50159,0.49305,0.00854,95,93,2201.0,1511.0,1
8483690,Noah Laba,NYR,C,F,74,DZI,D,0.46783,0.43678,0.03105,113,125,1321.0,2088.0,1
8483690,Noah Laba,NYR,C,F,74,NZI,N,0.46832,0.35434,0.11397,125,119,2304.0,2475.0,1
8483733,Nikita Grebenkin,PHI,R,F,62,OZI,O,0.54711,0.45181,0.0953,62,76,1263.0,1297.0,1
8483733,Nikita Grebenkin,PHI,R,F,62,DZI,D,0.36644,0.3273,0.03914,100,84,1651.0,1714.0,1
8483733,Nikita Grebenkin,PHI,R,F,62,NZI,N,0.48087,0.30433,0.17654,104,120,1986.0,2126.0,1
8483752,Dominic James,TBL,C,F,43,OZI,O,0.50404,0.45015,0.05389,62,63,1486.0,1324.0,1
8483752,Dominic James,TBL,C,F,43,DZI,D,0.39532,0.28697,0.10835,48,49,855.0,1021.0,0
8483752,Dominic James,TBL,C,F,43,NZI,N,0.55104,0.31311,0.23792,59,77,1107.0,1830.0,1
8483756,Jared Wright,LAK,R,F,22,OZI,O,0.66813,0.67246,-0.00433,19,19,455.0,345.0,0
8483756,Jared Wright,LAK,R,F,22,DZI,D,0.45241,0.301,0.15141,55,49,977.0,804.0,0
8483756,Jared Wright,LAK,R,F,22,NZI,N,0.49277,0.3138,0.17897,45,31,692.0,529.0,0
8483768,Victor Mancini,VAN,D,D,55,OZI,O,0.4038,0.46628,-0.06248,100,105,2526.0,2091.0,1
8483768,Victor Mancini,VAN,D,D,55,DZI,D,0.22753,0.40153,-0.174,84,94,1235.0,1965.0,1
8483768,Victor Mancini,VAN,D,D,55,NZI,N,0.41165,0.19531,0.21634,98,83,2026.0,1536.0,1
8483808,Andrei Kuzmenko,LAK,L,F,271,OZI,O,0.51338,0.45154,0.06184,483,586,10238.0,9647.0,1
8483808,Andrei Kuzmenko,LAK,L,F,271,DZI,D,0.37599,0.36858,0.00741,373,365,5907.0,7442.0,1
8483808,Andrei Kuzmenko,LAK,L,F,271,NZI,N,0.43966,0.39241,0.04725,428,511,7640.0,9225.0,1
8475625,Matt Irwin,WSH,D,D,61,OZI,O,0.42029,0.44821,-0.02792,71,65,1656.0,975.0,1
8475625,Matt Irwin,WSH,D,D,61,DZI,D,0.41553,0.42385,-0.00831,118,98,2060.0,1996.0,1
8475625,Matt Irwin,WSH,D,D,61,NZI,N,0.43807,0.30227,0.1358,107,77,1308.0,1320.0,1
8475690,Chris Tanev,TOR,D,D,226,OZI,O,0.54716,0.44258,0.10458,532,456,9096.0,5660.0,1
8475690,Chris Tanev,TOR,D,D,226,DZI,D,0.36106,0.37873,-0.01768,719,613,8392.0,9640.0,1
8475690,Chris Tanev,TOR,D,D,226,NZI,N,0.38918,0.3106,0.07858,715,667,9646.0,7711.0,1
8475692,Mats Zuccarello,MIN,R,F,275,OZI,O,0.53285,0.47379,0.05906,643,822,15496.0,16024.0,1
8475692,Mats Zuccarello,MIN,R,F,275,DZI,D,0.38382,0.39236,-0.00854,429,525,8259.0,13485.0,1
8475692,Mats Zuccarello,MIN,R,F,275,NZI,N,0.45709,0.43083,0.02626,557,634,10464.0,12694.0,1
8483890,Braeden Bowman,VGK,R,F,54,OZI,O,0.53198,0.47592,0.05606,111,123,2611.0,2097.0,1
8483890,Braeden Bowman,VGK,R,F,54,DZI,D,0.34295,0.46415,-0.1212,79,77,1283.0,1855.0,1
8483890,Braeden Bowman,VGK,R,F,54,NZI,N,0.42972,0.3337,0.09602,84,107,1494.0,1816.0,1
8475714,Calle Jarnkrok,TOR,C,F,200,OZI,O,0.4824,0.55763,-0.07523,250,291,4830.0,4017.0,1
8475714,Calle Jarnkrok,TOR,C,F,200,DZI,D,0.44032,0.3369,0.10342,386,337,5521.0,7005.0,1
8475714,Calle Jarnkrok,TOR,C,F,200,NZI,N,0.40743,0.35351,0.05391,377,287,5493.0,4939.0,1
8475718,Justin Holl,STL,D,D,199,OZI,O,0.49448,0.40647,0.08801,395,396,8427.0,6768.0,1
8475718,Justin Holl,STL,D,D,199,DZI,D,0.34074,0.29489,0.04585,397,395,6389.0,7613.0,1
8475718,Justin Holl,STL,D,D,199,NZI,N,0.43655,0.31115,0.1254,437,418,7502.0,7228.0,1
8475722,Jason Zucker,BUF,L,F,282,OZI,O,0.53052,0.46852,0.062,553,550,11189.0,10467.0,1
8475722,Jason Zucker,BUF,L,F,282,DZI,D,0.39026,0.36515,0.02511,477,475,7167.0,9292.0,1
8475722,Jason Zucker,BUF,L,F,282,NZI,N,0.43329,0.34937,0.08392,464,532,7840.0,9165.0,1
8475726,Tyler Toffoli,SJS,R,F,319,OZI,O,0.5,0.43936,0.06064,724,723,13374.0,10456.0,1
8475726,Tyler Toffoli,SJS,R,F,319,DZI,D,0.37477,0.39035,-0.01558,575,588,7997.0,11213.0,1
8475726,Tyler Toffoli,SJS,R,F,319,NZI,N,0.39462,0.33818,0.05644,642,699,9589.0,10317.0,1
8483930,Ivan Ivan,COL,C,F,49,OZI,O,0.37744,0.24351,0.13393,23,34,461.0,616.0,0
8483930,Ivan Ivan,COL,C,F,49,DZI,D,0.33478,0.32439,0.01039,52,67,923.0,1267.0,1
8483930,Ivan Ivan,COL,C,F,49,NZI,N,0.42155,0.26532,0.15623,48,90,854.0,1485.0,0
8475744,Evgeny Kuznetsov,CAR,C,F,144,OZI,O,0.51874,0.47884,0.0399,298,351,7285.0,6474.0,1
8475744,Evgeny Kuznetsov,CAR,C,F,144,DZI,D,0.39806,0.37413,0.02393,206,213,3301.0,4167.0,1
8475744,Evgeny Kuznetsov,CAR,C,F,144,NZI,N,0.51625,0.40717,0.10908,240,312,4062.0,4912.0,1
8475745,Charlie Coyle,CBJ,C,F,329,OZI,O,0.54402,0.46559,0.07844,509,559,10858.0,10127.0,1
8475745,Charlie Coyle,CBJ,C,F,329,DZI,D,0.40918,0.35065,0.05853,931,763,13383.0,13937.0,1
8475745,Charlie Coyle,CBJ,C,F,329,NZI,N,0.46197,0.35579,0.10618,687,630,11808.0,10433.0,1
8475747,Patrik Nemeth,UTA,D,D,75,OZI,O,0.52395,0.48398,0.03996,100,118,1754.0,2029.0,1
8475747,Patrik Nemeth,UTA,D,D,75,DZI,D,0.31348,0.33457,-0.0211,147,203,1981.0,3491.0,1
8475747,Patrik Nemeth,UTA,D,D,75,NZI,N,0.45964,0.3579,0.10174,152,185,2750.0,3026.0,1
8475750,Jon Merrill,MIN,D,D,208,OZI,O,0.51208,0.45023,0.06185,294,342,6663.0,5144.0,1
8475750,Jon Merrill,MIN,D,D,208,DZI,D,0.3343,0.36296,-0.02866,299,354,4463.0,6987.0,1
8475750,Jon Merrill,MIN,D,D,208,NZI,N,0.40437,0.35065,0.05372,327,358,6541.0,7007.0,1
8475752,Tyler Pitlick,MIN,C,F,127,OZI,O,0.50849,0.53109,-0.0226,96,104,2061.0,1608.0,1
8475752,Tyler Pitlick,MIN,C,F,127,DZI,D,0.38625,0.38725,-0.00101,143,178,2501.0,3703.0,1
8475752,Tyler Pitlick,MIN,C,F,127,NZI,N,0.51726,0.41383,0.10344,200,168,3186.0,3023.0,1
8475753,Justin Faulk,DET,D,D,298,OZI,O,0.5161,0.43785,0.07825,793,847,16555.0,13153.0,1
8475753,Justin Faulk,DET,D,D,298,DZI,D,0.37834,0.34635,0.03199,745,813,12066.0,16036.0,1
8475753,Justin Faulk,DET,D,D,298,NZI,N,0.41331,0.35118,0.06213,759,747,13070.0,13295.0,1
8475754,Brock Nelson,COL,C,F,324,OZI,O,0.51519,0.50329,0.0119,732,791,15177.0,13382.0,1
8475754,Brock Nelson,COL,C,F,324,DZI,D,0.43302,0.35865,0.07436,658,641,9995.0,12480.0,1
8475754,Brock Nelson,COL,C,F,324,NZI,N,0.45068,0.38663,0.06404,665,677,10735.0,11595.0,1
8475755,Alexander Petrovic,DAL,D,D,60,OZI,O,0.46077,0.33894,0.12183,88,91,1810.0,1962.0,1
8475755,Alexander Petrovic,DAL,D,D,60,DZI,D,0.27713,0.35369,-0.07656,115,132,1631.0,2686.0,1
8475755,Alexander Petrovic,DAL,D,D,60,NZI,N,0.4579,0.33399,0.12391,126,115,2577.0,2554.0,1
8475760,Nick Bjugstad,NJD,C,F,281,OZI,O,0.55113,0.47387,0.07727,423,437,8361.0,6983.0,1
8475760,Nick Bjugstad,NJD,C,F,281,DZI,D,0.38975,0.30387,0.08589,583,584,8472.0,10294.0,1
8475760,Nick Bjugstad,NJD,C,F,281,NZI,N,0.48161,0.37801,0.1036,597,605,10330.0,9386.0,1
8475762,Derek Forbort,VAN,D,D,145,OZI,O,0.54597,0.5291,0.01687,204,203,3698.0,3007.0,1
8475762,Derek Forbort,VAN,D,D,145,DZI,D,0.38973,0.36821,0.02151,365,324,4516.0,5562.0,1
8475762,Derek Forbort,VAN,D,D,145,NZI,N,0.46321,0.31601,0.14721,315,321,5192.0,4598.0,1
8475763,Kevin Hayes,PIT,C,F,252,OZI,O,0.52735,0.51567,0.01168,417,457,9360.0,8071.0,1
8475763,Kevin Hayes,PIT,C,F,252,DZI,D,0.38966,0.37734,0.01232,481,489,6906.0,9787.0,1
8475763,Kevin Hayes,PIT,C,F,252,NZI,N,0.3982,0.38599,0.01221,426,381,6316.0,6679.0,1
8475764,Cam Fowler,STL,D,D,312,OZI,O,0.50821,0.484,0.02421,833,935,17723.0,15996.0,1
8475764,Cam Fowler,STL,D,D,312,DZI,D,0.35674,0.34796,0.00877,825,947,12990.0,19321.0,1
8475764,Cam Fowler,STL,D,D,312,NZI,N,0.39355,0.32293,0.07062,845,809,13795.0,13269.0,1
8475765,Vladimir Tarasenko,MIN,R,F,300,OZI,O,0.52033,0.46523,0.0551,555,720,10034.0,11418.0,1
8475765,Vladimir Tarasenko,MIN,R,F,300,DZI,D,0.36363,0.35821,0.00541,596,641,8737.0,11736.0,1
8475765,Vladimir Tarasenko,MIN,R,F,300,NZI,N,0.46036,0.34402,0.11634,634,696,9271.0,11325.0,1
8475766,Austin Watson,DET,L,F,121,OZI,O,0.52879,0.42562,0.10316,90,83,1980.0,1163.0,1
8475766,Austin Watson,DET,L,F,121,DZI,D,0.38733,0.41046,-0.02313,181,183,2179.0,2982.0,1
8475766,Austin Watson,DET,L,F,121,NZI,N,0.44548,0.26577,0.17971,172,140,2779.0,2013.0,1
8475768,Jaden Schwartz,SEA,C,F,264,OZI,O,0.52012,0.43459,0.08553,519,588,11455.0,10396.0,1
8475768,Jaden Schwartz,SEA,C,F,264,DZI,D,0.38721,0.34955,0.03766,548,593,8587.0,11303.0,1
8475768,Jaden Schwartz,SEA,C,F,264,NZI,N,0.38473,0.38468,4e-05,499,624,8211.0,9951.0,1
8475780,Chris Wagner,COL,R,F,42,OZI,O,0.60995,0.18715,0.4228,16,27,382.0,358.0,0
8475780,Chris Wagner,COL,R,F,42,DZI,D,0.3162,0.30532,0.01088,46,43,642.0,809.0,0
8475780,Chris Wagner,COL,R,F,42,NZI,N,0.45119,0.15125,0.29994,33,63,461.0,800.0,0
8475784,Jeff Skinner,SJS,L,F,257,OZI,O,0.49794,0.43235,0.06559,501,623,10419.0,11692.0,1
8475784,Jeff Skinner,SJS,L,F,257,DZI,D,0.38106,0.33084,0.05022,368,397,6020.0,7354.0,1
8475784,Jeff Skinner,SJS,L,F,257,NZI,N,0.44662,0.39038,0.05624,488,502,8177.0,9168.0,1
8475786,Zach Hyman,EDM,L,F,289,OZI,O,0.59092,0.54196,0.04895,848,789,20563.0,16241.0,1
8475786,Zach Hyman,EDM,L,F,289,DZI,D,0.41488,0.3951,0.01978,571,535,10121.0,12207.0,1
8475786,Zach Hyman,EDM,L,F,289,NZI,N,0.48519,0.41433,0.07086,586,642,11511.0,11976.0,1
8475790,Erik Gudbranson,CBJ,D,D,201,OZI,O,0.49211,0.41176,0.08035,418,502,8305.0,7837.0,1
8475790,Erik Gudbranson,CBJ,D,D,201,DZI,D,0.37992,0.36171,0.01821,558,602,7957.0,11982.0,1
8475790,Erik Gudbranson,CBJ,D,D,201,NZI,N,0.43336,0.32774,0.10562,518,560,7631.0,8943.0,1
8475791,Taylor Hall,CAR,L,F,228,OZI,O,0.51743,0.4718,0.04563,465,484,10473.0,8953.0,1
8475791,Taylor Hall,CAR,L,F,228,DZI,D,0.44071,0.35956,0.08114,350,359,6004.0,6405.0,1
8475791,Taylor Hall,CAR,L,F,228,NZI,N,0.4795,0.39571,0.08379,408,460,7658.0,8016.0,1
8475793,Ryan Johansen,COL,C,F,118,OZI,O,0.50897,0.53904,-0.03007,227,191,4405.0,2805.0,1
8475793,Ryan Johansen,COL,C,F,118,DZI,D,0.42091,0.33088,0.09002,250,180,3597.0,3131.0,1
8475793,Ryan Johansen,COL,C,F,118,NZI,N,0.43269,0.39658,0.03611,217,185,3090.0,2688.0,1
8475794,Tyler Seguin,DAL,C,F,191,OZI,O,0.54466,0.47886,0.0658,449,372,9382.0,6125.0,1
8475794,Tyler Seguin,DAL,C,F,191,DZI,D,0.39351,0.37133,0.02218,417,354,5916.0,6501.0,1
8475794,Tyler Seguin,DAL,C,F,191,NZI,N,0.4457,0.36253,0.08317,433,320,7274.0,5514.0,1
8475795,Dylan McIlrath,WSH,D,D,39,OZI,O,0.36634,0.27451,0.09183,47,55,909.0,918.0,0
8475795,Dylan McIlrath,WSH,D,D,39,DZI,D,0.28169,0.29852,-0.01683,58,72,781.0,1216.0,1
8475795,Dylan McIlrath,WSH,D,D,39,NZI,N,0.31375,0.28583,0.02792,51,81,902.0,1263.0,1
8475797,Jarred Tinordi,CHI,D,D,96,OZI,O,0.49244,0.43243,0.06001,90,115,1653.0,2035.0,1
8475797,Jarred Tinordi,CHI,D,D,96,DZI,D,0.33849,0.33275,0.00574,244,235,3944.0,4580.0,1
8475797,Jarred Tinordi,CHI,D,D,96,NZI,N,0.42656,0.28117,0.14539,189,216,3125.0,3681.0,1
8475798,Mikael Granlund,ANA,C,F,289,OZI,O,0.51952,0.48696,0.03257,551,619,12779.0,10771.0,1
8475798,Mikael Granlund,ANA,C,F,289,DZI,D,0.36586,0.37134,-0.00548,622,662,9930.0,13268.0,1
8475798,Mikael Granlund,ANA,C,F,289,NZI,N,0.37978,0.3487,0.03108,595,652,10714.0,10694.0,1
8475799,Nino Niederreiter,WPG,R,F,297,OZI,O,0.51838,0.49775,0.02063,453,464,10392.0,8677.0,1
8475799,Nino Niederreiter,WPG,R,F,297,DZI,D,0.40092,0.35391,0.04701,621,582,10653.0,12735.0,1
8475799,Nino Niederreiter,WPG,R,F,297,NZI,N,0.46623,0.35071,0.11552,716,622,11799.0,10838.0,1
8475810,Bryan Rust,PIT,R,F,286,OZI,O,0.53763,0.47333,0.06431,944,765,19357.0,11736.0,1
8475810,Bryan Rust,PIT,R,F,286,DZI,D,0.38102,0.38329,-0.00227,593,497,8073.0,9314.0,1
8475810,Bryan Rust,PIT,R,F,286,NZI,N,0.41729,0.36668,0.05061,787,742,11093.0,10647.0,1
8475825,Jani Hakanpää,TOR,D,D,148,OZI,O,0.50472,0.41483,0.08989,217,182,4874.0,3305.0,1
8475825,Jani Hakanpää,TOR,D,D,148,DZI,D,0.37672,0.34519,0.03154,421,348,6307.0,6637.0,1
8475825,Jani Hakanpää,TOR,D,D,148,NZI,N,0.46891,0.33183,0.13708,400,316,6144.0,5099.0,1
8475842,Sam Carrick,BUF,C,F,282,OZI,O,0.50517,0.48304,0.02214,235,237,4929.0,4215.0,1
8475842,Sam Carrick,BUF,C,F,282,DZI,D,0.35825,0.31719,0.04105,597,490,7746.0,8840.0,1
8475842,Sam Carrick,BUF,C,F,282,NZI,N,0.40654,0.27337,0.13317,428,363,7313.0,6076.0,1
8475848,Brendan Gallagher,MTL,R,F,273,OZI,O,0.53686,0.46226,0.0746,391,382,9170.0,7420.0,1
8475848,Brendan Gallagher,MTL,R,F,273,DZI,D,0.35926,0.35657,0.00269,511,401,9013.0,8551.0,1
8475848,Brendan Gallagher,MTL,R,F,273,NZI,N,0.39202,0.34555,0.04647,551,526,9525.0,9683.0,1
8475855,Jesper Fast,CAR,R,F,153,OZI,O,0.64707,0.59423,0.05284,368,281,8251.0,4436.0,1
8475855,Jesper Fast,CAR,R,F,153,DZI,D,0.52895,0.37734,0.1516,343,257,4456.0,4158.0,1
8475855,Jesper Fast,CAR,R,F,153,NZI,N,0.55538,0.48077,0.07461,413,334,6790.0,4628.0,1
8475857,Kevin Gravel,NSH,D,D,29,OZI,O,0.45563,0.3592,0.09644,46,40,1003.0,696.0,0
8475857,Kevin Gravel,NSH,D,D,29,DZI,D,0.22772,0.29248,-0.06476,49,49,909.0,1077.0,0
8475857,Kevin Gravel,NSH,D,D,29,NZI,N,0.42112,0.2628,0.15831,64,55,843.0,742.0,1
8475906,John Klingberg,SJS,D,D,147,OZI,O,0.53581,0.41769,0.11813,358,438,7637.0,7678.0,1
8475906,John Klingberg,SJS,D,D,147,DZI,D,0.38556,0.37786,0.0077,311,382,5234.0,7606.0,1
8475906,John Klingberg,SJS,D,D,147,NZI,N,0.37491,0.3574,0.01751,318,380,5716.0,6371.0,1
8475913,Mark Stone,VGK,R,F,226,OZI,O,0.53649,0.50384,0.03265,611,615,13059.0,10291.0,1
8475913,Mark Stone,VGK,R,F,226,DZI,D,0.39887,0.40798,-0.00911,446,437,8168.0,9172.0,1
8475913,Mark Stone,VGK,R,F,226,NZI,N,0.43436,0.40263,0.03173,417,498,7968.0,8067.0,1
8484136,Max Sasson,VAN,C,F,95,OZI,O,0.57256,0.51374,0.05882,100,116,2012.0,1892.0,1
8484136,Max Sasson,VAN,C,F,95,DZI,D,0.40164,0.39832,0.00332,93,97,1586.0,1544.0,1
8484136,Max Sasson,VAN,C,F,95,NZI,N,0.43376,0.3411,0.09266,137,170,2204.0,2747.0,1
8484142,Denver Barkey,PHI,C,F,43,OZI,O,0.56528,0.47333,0.09194,69,64,1463.0,1200.0,1
8484142,Denver Barkey,PHI,C,F,43,DZI,D,0.51501,0.43338,0.08163,68,71,866.0,1396.0,1
8484142,Denver Barkey,PHI,C,F,43,NZI,N,0.51267,0.40595,0.10672,83,77,1342.0,941.0,1
8484144,Connor Bedard,CHI,C,F,219,OZI,O,0.46651,0.44114,0.02537,547,649,13108.0,12835.0,1
8484144,Connor Bedard,CHI,C,F,219,DZI,D,0.29805,0.3348,-0.03675,390,503,7170.0,10678.0,1
8484144,Connor Bedard,CHI,C,F,219,NZI,N,0.39265,0.33164,0.06101,428,570,8733.0,10831.0,1
8484145,Zach Benson,BUF,L,F,211,OZI,O,0.54515,0.49465,0.0505,324,405,8051.0,7658.0,1
8484145,Zach Benson,BUF,L,F,211,DZI,D,0.37607,0.41099,-0.03492,355,354,5983.0,7499.0,1
8484145,Zach Benson,BUF,L,F,211,NZI,N,0.4588,0.3932,0.0656,359,427,6310.0,7528.0,1
8484149,Gavin Brindley,COL,C,F,57,OZI,O,0.48422,0.45008,0.03414,67,66,1458.0,1202.0,1
8484149,Gavin Brindley,COL,C,F,57,DZI,D,0.47516,0.33474,0.14041,60,73,966.0,1183.0,1
8484149,Gavin Brindley,COL,C,F,57,NZI,N,0.46626,0.3458,0.12046,74,77,1467.0,1417.0,1
8475958,Michael Sgarbossa,WSH,C,F,28,OZI,O,0.43071,0.1745,0.25621,20,26,534.0,447.0,0
8475958,Michael Sgarbossa,WSH,C,F,28,DZI,D,0.39216,0.45197,-0.05982,34,46,561.0,1166.0,0
8475958,Michael Sgarbossa,WSH,C,F,28,NZI,N,0.48808,0.31703,0.17106,42,42,1049.0,1063.0,0
8484150,Hunter Brzustewicz,CGY,D,D,34,OZI,O,0.49582,0.49271,0.00311,72,72,1676.0,1372.0,1
8484150,Hunter Brzustewicz,CGY,D,D,34,DZI,D,0.28769,0.40641,-0.11873,56,46,942.0,1154.0,0
8484150,Hunter Brzustewicz,CGY,D,D,34,NZI,N,0.36248,0.40859,-0.04611,84,70,1338.0,1280.0,1
8484153,Leo Carlsson,ANA,C,F,200,OZI,O,0.5203,0.47006,0.05024,333,496,7217.0,9452.0,1
8484153,Leo Carlsson,ANA,C,F,200,DZI,D,0.36038,0.35956,0.00082,284,393,4781.0,7676.0,1
8484153,Leo Carlsson,ANA,C,F,200,NZI,N,0.43106,0.37886,0.05221,370,471,6027.0,8333.0,1
8484158,Easton Cowan,TOR,R,F,66,OZI,O,0.47625,0.43099,0.04526,112,108,2337.0,2123.0,1
8484158,Easton Cowan,TOR,R,F,66,DZI,D,0.38238,0.40234,-0.01996,103,90,2100.0,1792.0,1
8484158,Easton Cowan,TOR,R,F,66,NZI,N,0.42009,0.3756,0.04449,138,89,2797.0,1861.0,1
8475968,Alex Belzile,MTL,R,F,31,OZI,O,0.53833,0.54801,-0.00968,25,39,587.0,677.0,0
8475968,Alex Belzile,MTL,R,F,31,DZI,D,0.39737,0.42238,-0.02501,49,44,760.0,831.0,0
8475968,Alex Belzile,MTL,R,F,31,NZI,N,0.53294,0.32621,0.20673,48,50,850.0,1030.0,0
8484160,Nate Danielson,DET,C,F,28,OZI,O,0.57078,0.3956,0.17518,35,31,664.0,455.0,0
8484160,Nate Danielson,DET,C,F,28,DZI,D,0.32236,0.47937,-0.15701,33,40,577.0,824.0,0
8484160,Nate Danielson,DET,C,F,28,NZI,N,0.42922,0.25515,0.17408,42,52,657.0,874.0,0
8484164,Dalibor Dvorsky,STL,C,F,72,OZI,O,0.5842,0.50899,0.07521,134,139,2886.0,2224.0,1
8484164,Dalibor Dvorsky,STL,C,F,72,DZI,D,0.33942,0.3096,0.02982,88,118,1588.0,2416.0,1
8484164,Dalibor Dvorsky,STL,C,F,72,NZI,N,0.40242,0.26062,0.1418,123,123,1983.0,2448.0,1
8484166,Adam Fantilli,CBJ,C,F,213,OZI,O,0.54876,0.4653,0.08346,466,611,11209.0,12291.0,1
8484166,Adam Fantilli,CBJ,C,F,213,DZI,D,0.32827,0.36973,-0.04146,304,349,5270.0,7730.0,1
8484166,Adam Fantilli,CBJ,C,F,213,NZI,N,0.41382,0.35216,0.06166,418,481,8337.0,9297.0,1
8484177,Lenni Hameenaho,NJD,R,F,33,OZI,O,0.59795,0.28508,0.31286,59,44,1363.0,677.0,0
8484177,Lenni Hameenaho,NJD,R,F,33,DZI,D,0.39171,0.42133,-0.02962,76,68,1399.0,1322.0,1
8484177,Lenni Hameenaho,NJD,R,F,33,NZI,N,0.47902,0.38485,0.09417,53,62,858.0,990.0,1
8484180,Samuel Honzek,CGY,L,F,23,OZI,O,0.65969,0.43103,0.22866,41,35,717.0,580.0,0
8484180,Samuel Honzek,CGY,L,F,23,DZI,D,0.38242,0.37065,0.01177,63,49,910.0,804.0,0
8484180,Samuel Honzek,CGY,L,F,23,NZI,N,0.45242,0.50746,-0.05504,39,44,557.0,603.0,0
8484185,Nick Lardis,CHI,L,F,41,OZI,O,0.53839,0.51234,0.02605,54,77,1133.0,1175.0,1
8484185,Nick Lardis,CHI,L,F,41,DZI,D,0.28625,0.43614,-0.14988,44,49,793.0,963.0,0
8484185,Nick Lardis,CHI,L,F,41,NZI,N,0.47489,0.44435,0.03054,83,65,1573.0,1204.0,1
8484186,Ryan Leonard,WSH,R,F,84,OZI,O,0.48644,0.42904,0.0574,113,120,2360.0,2445.0,1
8484186,Ryan Leonard,WSH,R,F,84,DZI,D,0.37433,0.37482,-0.0005,143,140,2415.0,2836.0,1
8484186,Ryan Leonard,WSH,R,F,84,NZI,N,0.42342,0.37163,0.05179,147,189,2579.0,3482.0,1
8484197,Oliver Moore,CHI,C,F,60,OZI,O,0.54085,0.55595,-0.0151,93,103,2093.0,1680.0,1
8484197,Oliver Moore,CHI,C,F,60,DZI,D,0.31371,0.38213,-0.06842,83,88,1240.0,1612.0,1
8484197,Oliver Moore,CHI,C,F,60,NZI,N,0.40862,0.319,0.08961,89,100,1532.0,1605.0,1
8484210,Gabe Perreault,NYR,R,F,54,OZI,O,0.51061,0.4819,0.02871,120,100,2638.0,2100.0,1
8484210,Gabe Perreault,NYR,R,F,54,DZI,D,0.30147,0.31414,-0.01266,108,92,1967.0,1754.0,1
8484210,Gabe Perreault,NYR,R,F,54,NZI,N,0.41092,0.31273,0.09819,155,119,2728.0,1893.0,1
8484221,Calum Ritchie,NYI,C,F,72,OZI,O,0.51872,0.48482,0.0339,119,127,2884.0,2174.0,1
8484221,Calum Ritchie,NYI,C,F,72,DZI,D,0.30134,0.43075,-0.12941,73,92,969.0,1639.0,1
8484221,Calum Ritchie,NYI,C,F,72,NZI,N,0.45185,0.31188,0.13997,101,143,1651.0,2222.0,1
8484223,Axel Sandin-Pellikka,DET,D,D,68,OZI,O,0.53127,0.47504,0.05622,167,151,3870.0,2825.0,1
8484223,Axel Sandin-Pellikka,DET,D,D,68,DZI,D,0.33904,0.27647,0.06258,137,131,1926.0,2456.0,1
8484223,Axel Sandin-Pellikka,DET,D,D,68,NZI,N,0.41018,0.36955,0.04063,140,127,2377.0,2476.0,1
8484227,Will Smith,SJS,C,F,143,OZI,O,0.50658,0.40106,0.10552,291,369,6686.0,6231.0,1
8484227,Will Smith,SJS,C,F,143,DZI,D,0.32825,0.36981,-0.04156,250,267,4460.0,5181.0,1
8484227,Will Smith,SJS,C,F,143,NZI,N,0.42245,0.31996,0.10249,269,311,4900.0,5807.0,1
8484230,Otto Stenberg,STL,C,F,32,OZI,O,0.56562,0.48447,0.08115,45,54,983.0,1030.0,0
8484230,Otto Stenberg,STL,C,F,32,DZI,D,0.37469,0.35401,0.02068,54,72,806.0,1322.0,1
8484230,Otto Stenberg,STL,C,F,32,NZI,N,0.48495,0.29231,0.19264,60,50,930.0,910.0,1
8484240,Tom Willander,VAN,D,D,69,OZI,O,0.55609,0.35082,0.20527,113,135,2300.0,2440.0,1
8484240,Tom Willander,VAN,D,D,69,DZI,D,0.34719,0.36019,-0.01299,132,146,1924.0,2768.0,1
8484240,Tom Willander,VAN,D,D,69,NZI,N,0.40827,0.35175,0.05652,139,151,2491.0,1828.0,1
8484241,Matthew Wood,NSH,R,F,76,OZI,O,0.53236,0.41992,0.11244,124,140,3028.0,2329.0,1
8484241,Matthew Wood,NSH,R,F,76,DZI,D,0.39516,0.32831,0.06685,81,101,1116.0,1992.0,1
8484241,Matthew Wood,NSH,R,F,76,NZI,N,0.44729,0.23588,0.21141,95,117,1755.0,1895.0,1
8484258,Sam Malinski,COL,D,D,180,OZI,O,0.48679,0.49683,-0.01005,326,353,8022.0,6471.0,1
8484258,Sam Malinski,COL,D,D,180,DZI,D,0.36491,0.39386,-0.02894,399,401,7125.0,8107.0,1
8484258,Sam Malinski,COL,D,D,180,NZI,N,0.4265,0.34759,0.07892,404,417,7531.0,7857.0,1
8484304,Uvis Balinskis,FLA,D,D,156,OZI,O,0.52464,0.40765,0.117,322,369,6675.0,5831.0,1
8484304,Uvis Balinskis,FLA,D,D,156,DZI,D,0.35859,0.32103,0.03756,233,255,3497.0,4470.0,1
8484304,Uvis Balinskis,FLA,D,D,156,NZI,N,0.47303,0.32701,0.14603,340,373,6230.0,6376.0,1
8484305,Zach Metsa,BUF,D,D,43,OZI,O,0.51627,0.38972,0.12655,49,65,922.0,1265.0,0
8484305,Zach Metsa,BUF,D,D,43,DZI,D,0.33177,0.34694,-0.01517,49,75,853.0,1666.0,0
8484305,Zach Metsa,BUF,D,D,43,NZI,N,0.54132,0.32928,0.21204,61,82,1319.0,1807.0,1
8484314,Jiri Smejkal,OTT,L,F,20,OZI,O,0.60569,0.34444,0.26125,13,26,246.0,540.0,0
8484314,Jiri Smejkal,OTT,L,F,20,DZI,D,0.34274,0.49904,-0.15629,15,26,248.0,519.0,0
8484314,Jiri Smejkal,OTT,L,F,20,NZI,N,0.30992,0.44581,-0.13589,13,23,242.0,489.0,0
8484321,Nikolas Matinpalo,OTT,D,D,95,OZI,O,0.43718,0.36355,0.07363,149,143,2754.0,2041.0,1
8484321,Nikolas Matinpalo,OTT,D,D,95,DZI,D,0.31156,0.28749,0.02408,180,139,2205.0,2334.0,1
8484321,Nikolas Matinpalo,OTT,D,D,95,NZI,N,0.36305,0.32106,0.04199,251,229,4049.0,3585.0,1
8484386,Dmitri Simashev,UTA,D,D,27,OZI,O,0.63291,0.42366,0.20926,43,69,790.0,1395.0,0
8484386,Dmitri Simashev,UTA,D,D,27,DZI,D,0.28258,0.42319,-0.14062,49,58,729.0,983.0,0
8484386,Dmitri Simashev,UTA,D,D,27,NZI,N,0.39012,0.35004,0.04007,61,70,951.0,1197.0,1
8484387,Matvei Michkov,PHI,R,F,161,OZI,O,0.50457,0.48562,0.01895,342,382,6891.0,6849.0,1
8484387,Matvei Michkov,PHI,R,F,161,DZI,D,0.41143,0.34666,0.06477,229,189,3466.0,3352.0,1
8484387,Matvei Michkov,PHI,R,F,161,NZI,N,0.41897,0.31313,0.10585,283,282,4838.0,4998.0,1
8484388,Daniil But,UTA,L,F,29,OZI,O,0.58518,0.34326,0.24192,38,63,769.0,1142.0,0
8484388,Daniil But,UTA,L,F,29,DZI,D,0.22762,0.44376,-0.21614,34,36,659.0,649.0,0
8484388,Daniil But,UTA,L,F,29,NZI,N,0.53412,0.45872,0.07541,47,36,762.0,654.0,0
8476278,Colin Blackwell,DAL,C,F,230,OZI,O,0.52089,0.39183,0.12906,268,210,5385.0,3402.0,1
8476278,Colin Blackwell,DAL,C,F,230,DZI,D,0.35783,0.31239,0.04544,379,369,5687.0,7132.0,1
8476278,Colin Blackwell,DAL,C,F,230,NZI,N,0.47129,0.34883,0.12246,391,334,6618.0,5550.0,1
8484471,Emmitt Finnie,DET,C,F,82,OZI,O,0.56067,0.50233,0.05835,157,151,3453.0,2795.0,1
8484471,Emmitt Finnie,DET,C,F,82,DZI,D,0.3568,0.32324,0.03356,181,159,2912.0,3598.0,1
8484471,Emmitt Finnie,DET,C,F,82,NZI,N,0.44097,0.33163,0.10934,176,166,2685.0,3329.0,1
8476292,Ondrej Palat,NYI,L,F,277,OZI,O,0.51487,0.4151,0.09978,482,560,9412.0,8386.0,1
8476292,Ondrej Palat,NYI,L,F,277,DZI,D,0.34366,0.38594,-0.04227,485,436,7906.0,8960.0,1
8476292,Ondrej Palat,NYI,L,F,277,NZI,N,0.42428,0.37584,0.04844,553,562,8657.0,9222.0,1
8476310,Lukas Sedlak,PHI,C,F,30,OZI,O,0.4311,0.56642,-0.13533,28,41,283.0,542.0,0
8476310,Lukas Sedlak,PHI,C,F,30,DZI,D,0.28861,0.29117,-0.00257,39,41,395.0,759.0,0
8476310,Lukas Sedlak,PHI,C,F,30,NZI,N,0.4946,0.33377,0.16083,46,47,556.0,761.0,0
8476312,Josh Manson,COL,D,D,230,OZI,O,0.54634,0.45784,0.0885,438,473,9344.0,7614.0,1
8476312,Josh Manson,COL,D,D,230,DZI,D,0.3942,0.39278,0.00142,559,616,7963.0,11831.0,1
8476312,Josh Manson,COL,D,D,230,NZI,N,0.48102,0.388,0.09302,589,625,9168.0,9384.0,1
8484509,Josh Samanski,EDM,C,F,23,OZI,O,0.49464,0.51049,-0.01585,30,32,746.0,429.0,0
8484509,Josh Samanski,EDM,C,F,23,DZI,D,0.312,0.49107,-0.17907,27,28,375.0,560.0,0
8484509,Josh Samanski,EDM,C,F,23,NZI,N,0.52147,0.30822,0.21325,39,33,489.0,438.0,0
8476326,Josh Archibald,PIT,R,F,62,OZI,O,0.62887,0.32792,0.30094,38,35,582.0,616.0,0
8476326,Josh Archibald,PIT,R,F,62,DZI,D,0.39462,0.44694,-0.05232,89,96,1300.0,1781.0,1
8476326,Josh Archibald,PIT,R,F,62,NZI,N,0.53976,0.46526,0.0745,80,72,1182.0,1137.0,1
8476329,Travis Boyd,MIN,C,F,101,OZI,O,0.49045,0.48068,0.00977,145,175,2200.0,2174.0,1
8476329,Travis Boyd,MIN,C,F,101,DZI,D,0.38272,0.28432,0.09841,179,223,2234.0,3475.0,1
8476329,Travis Boyd,MIN,C,F,101,NZI,N,0.49571,0.37884,0.11687,160,203,2562.0,2835.0,1
8476331,Dylan DeMelo,WPG,D,D,320,OZI,O,0.52444,0.47538,0.04906,999,1068,21093.0,17182.0,1
8476331,Dylan DeMelo,WPG,D,D,320,DZI,D,0.40185,0.36601,0.03583,828,799,12348.0,14494.0,1
8476331,Dylan DeMelo,WPG,D,D,320,NZI,N,0.4704,0.37581,0.09459,893,925,15049.0,15335.0,1
8476346,Johnny Gaudreau,CBJ,L,F,161,OZI,O,0.52554,0.47782,0.04772,361,409,7459.0,7844.0,1
8476346,Johnny Gaudreau,CBJ,L,F,161,DZI,D,0.45015,0.38209,0.06806,389,352,6369.0,8608.0,1
8476346,Johnny Gaudreau,CBJ,L,F,161,NZI,N,0.49807,0.37579,0.12228,364,373,5955.0,6485.0,1
8476372,Nick Seeler,PHI,D,D,305,OZI,O,0.5383,0.46275,0.07555,577,699,10901.0,10563.0,1
8476372,Nick Seeler,PHI,D,D,305,DZI,D,0.34505,0.39143,-0.04638,572,593,8251.0,10896.0,1
8476372,Nick Seeler,PHI,D,D,305,NZI,N,0.45082,0.31748,0.13334,644,617,9405.0,9714.0,1
8476374,Sean Kuraly,BOS,C,F,297,OZI,O,0.49057,0.47467,0.0159,282,277,7265.0,5448.0,1
8476374,Sean Kuraly,BOS,C,F,297,DZI,D,0.42941,0.35486,0.07455,682,623,10200.0,12912.0,1
8476374,Sean Kuraly,BOS,C,F,297,NZI,N,0.45747,0.37176,0.08571,524,473,10580.0,9014.0,1
8476389,Vincent Trocheck,NYR,C,F,313,OZI,O,0.51118,0.53028,-0.0191,818,657,19193.0,12352.0,1
8476389,Vincent Trocheck,NYR,C,F,313,DZI,D,0.36724,0.38106,-0.01382,778,558,11178.0,10009.0,1
8476389,Vincent Trocheck,NYR,C,F,313,NZI,N,0.42011,0.38459,0.03552,697,539,13537.0,10419.0,1
8476392,Adam Lowry,WPG,C,F,305,OZI,O,0.54014,0.50794,0.0322,433,393,9379.0,6168.0,1
8476392,Adam Lowry,WPG,C,F,305,DZI,D,0.38474,0.36171,0.02303,786,784,10719.0,14802.0,1
8476392,Adam Lowry,WPG,C,F,305,NZI,N,0.50683,0.33356,0.17327,800,656,12363.0,10115.0,1
8476393,Nick Cousins,OTT,C,F,279,OZI,O,0.5754,0.47923,0.09617,376,436,8667.0,7681.0,1
8476393,Nick Cousins,OTT,C,F,279,DZI,D,0.4015,0.37114,0.03036,428,386,6381.0,7194.0,1
8476393,Nick Cousins,OTT,C,F,279,NZI,N,0.46581,0.38036,0.08546,481,491,8044.0,8145.0,1
8476399,Blake Coleman,CGY,C,F,310,OZI,O,0.5679,0.45933,0.10857,622,627,12710.0,10574.0,1
8476399,Blake Coleman,CGY,C,F,310,DZI,D,0.39742,0.41389,-0.01646,831,812,13107.0,15369.0,1
8476399,Blake Coleman,CGY,C,F,310,NZI,N,0.45358,0.36805,0.08553,729,714,11418.0,10860.0,1
8476410,Josh Leivo,STL,L,F,51,OZI,O,0.61817,0.59172,0.02645,71,72,1299.0,1063.0,1
8476410,Josh Leivo,STL,L,F,51,DZI,D,0.34692,0.30431,0.0426,71,77,908.0,1321.0,1
8476410,Josh Leivo,STL,L,F,51,NZI,N,0.48072,0.31612,0.16459,80,88,1115.0,1414.0,1
8476419,Jean-Gabriel Pageau,NYI,C,F,305,OZI,O,0.5528,0.46542,0.08739,567,408,10899.0,6983.0,1
8476419,Jean-Gabriel Pageau,NYI,C,F,305,DZI,D,0.34926,0.34914,0.00013,881,640,11968.0,10440.0,1
8476419,Jean-Gabriel Pageau,NYI,C,F,305,NZI,N,0.46796,0.37476,0.09319,718,503,10548.0,7354.0,1
8476422,Mike Reilly,CAR,D,D,131,OZI,O,0.56213,0.52302,0.03911,339,372,6680.0,5430.0,1
8476422,Mike Reilly,CAR,D,D,131,DZI,D,0.40977,0.32581,0.08396,212,184,2621.0,3235.0,1
8476422,Mike Reilly,CAR,D,D,131,NZI,N,0.53899,0.42613,0.11286,353,304,5091.0,4630.0,1
8476429,Scott Mayfield,NYI,D,D,269,OZI,O,0.52735,0.44523,0.08211,492,489,10549.0,8016.0,1
8476429,Scott Mayfield,NYI,D,D,269,DZI,D,0.37286,0.35652,0.01635,625,549,9883.0,9590.0,1
8476429,Scott Mayfield,NYI,D,D,269,NZI,N,0.49226,0.37255,0.11971,658,602,11364.0,10337.0,1
8476432,Boone Jenner,CBJ,C,F,219,OZI,O,0.50961,0.49762,0.012,489,457,11338.0,8814.0,1
8476432,Boone Jenner,CBJ,C,F,219,DZI,D,0.39567,0.41578,-0.02011,582,481,9781.0,10621.0,1
8476432,Boone Jenner,CBJ,C,F,219,NZI,N,0.45765,0.36325,0.0944,506,467,8548.0,8033.0,1
8476438,Brandon Saad,VGK,L,F,274,OZI,O,0.5091,0.41975,0.08935,523,508,11208.0,7950.0,1
8476438,Brandon Saad,VGK,L,F,274,DZI,D,0.38401,0.37827,0.00574,527,554,9044.0,10918.0,1
8476438,Brandon Saad,VGK,L,F,274,NZI,N,0.42802,0.3764,0.05162,514,538,9121.0,9535.0,1
8476439,Brett Ritchie,UTA,R,F,50,OZI,O,0.62575,0.56453,0.06121,76,66,1336.0,891.0,1
8476439,Brett Ritchie,UTA,R,F,50,DZI,D,0.36461,0.41754,-0.05293,59,65,746.0,1049.0,1
8476439,Brett Ritchie,UTA,R,F,50,NZI,N,0.42089,0.43781,-0.01692,64,82,632.0,1222.0,1
8476441,Joel Edmundson,LAK,D,D,268,OZI,O,0.53538,0.41273,0.12265,681,722,14345.0,11814.0,1
8476441,Joel Edmundson,LAK,D,D,268,DZI,D,0.38549,0.33761,0.04788,623,631,8750.0,10992.0,1
8476441,Joel Edmundson,LAK,D,D,268,NZI,N,0.41371,0.30129,0.11241,665,707,10870.0,12068.0,1
8476442,Matt Nieto,PIT,L,F,135,OZI,O,0.47245,0.46934,0.00311,148,140,3067.0,2218.0,1
8476442,Matt Nieto,PIT,L,F,135,DZI,D,0.38097,0.40768,-0.0267,317,275,4310.0,4766.0,1
8476442,Matt Nieto,PIT,L,F,135,NZI,N,0.41525,0.36442,0.05083,218,209,2885.0,2659.0,1
8476448,William Karlsson,VGK,C,F,220,OZI,O,0.55407,0.46698,0.08709,519,407,10477.0,6285.0,1
8476448,William Karlsson,VGK,C,F,220,DZI,D,0.4376,0.36454,0.07306,477,346,7420.0,7017.0,1
8476448,William Karlsson,VGK,C,F,220,NZI,N,0.44986,0.38463,0.06523,405,376,7489.0,6375.0,1
8476449,Scott Harrington,ANA,D,D,45,OZI,O,0.4472,0.43718,0.01002,77,103,1411.0,1377.0,1
8476449,Scott Harrington,ANA,D,D,45,DZI,D,0.4837,0.46997,0.01373,132,122,1503.0,2198.0,1
8476449,Scott Harrington,ANA,D,D,45,NZI,N,0.44056,0.26614,0.17442,130,109,1632.0,1394.0,1
8476453,Nikita Kucherov,TBL,R,F,317,OZI,O,0.5621,0.47291,0.08919,867,968,20080.0,19086.0,1
8476453,Nikita Kucherov,TBL,R,F,317,DZI,D,0.42397,0.35778,0.06619,584,581,11232.0,11549.0,1
8476453,Nikita Kucherov,TBL,R,F,317,NZI,N,0.47785,0.38852,0.08933,651,630,12416.0,12558.0,1
8476454,Ryan Nugent-Hopkins,EDM,C,F,311,OZI,O,0.54578,0.49606,0.04972,703,664,16230.0,12823.0,1
8476454,Ryan Nugent-Hopkins,EDM,C,F,311,DZI,D,0.42036,0.35814,0.06222,604,608,9913.0,12431.0,1
8476454,Ryan Nugent-Hopkins,EDM,C,F,311,NZI,N,0.48078,0.39631,0.08448,605,608,10433.0,10555.0,1
8476455,Gabriel Landeskog,COL,L,F,60,OZI,O,0.56895,0.56575,0.0032,161,125,2995.0,2388.0,1
8476455,Gabriel Landeskog,COL,L,F,60,DZI,D,0.38791,0.39442,-0.00651,129,124,2266.0,2259.0,1
8476455,Gabriel Landeskog,COL,L,F,60,NZI,N,0.57204,0.34184,0.23019,127,128,2353.0,2194.0,1
8476456,Jonathan Huberdeau,CGY,C,F,291,OZI,O,0.54185,0.45529,0.08656,836,917,15495.0,13442.0,1
8476456,Jonathan Huberdeau,CGY,C,F,291,DZI,D,0.38022,0.367,0.01322,522,532,6938.0,9583.0,1
8476456,Jonathan Huberdeau,CGY,C,F,291,NZI,N,0.42197,0.3333,0.08867,664,726,9586.0,10147.0,1
8476457,Adam Larsson,SEA,D,D,326,OZI,O,0.54229,0.44104,0.10125,945,1071,21695.0,20803.0,1
8476457,Adam Larsson,SEA,D,D,326,DZI,D,0.38753,0.37136,0.01617,882,851,15457.0,16593.0,1
8476457,Adam Larsson,SEA,D,D,326,NZI,N,0.44843,0.39282,0.05561,837,999,15688.0,17130.0,1
8476458,Ryan Strome,CGY,C,F,294,OZI,O,0.52649,0.43394,0.09256,540,735,11210.0,12276.0,1
8476458,Ryan Strome,CGY,C,F,294,DZI,D,0.37511,0.34267,0.03244,537,657,8928.0,12706.0,1
8476458,Ryan Strome,CGY,C,F,294,NZI,N,0.39299,0.36826,0.02473,538,639,7822.0,9754.0,1
8476459,Mika Zibanejad,NYR,C,F,326,OZI,O,0.53601,0.48154,0.05447,710,740,14899.0,12755.0,1
8476459,Mika Zibanejad,NYR,C,F,326,DZI,D,0.37374,0.35393,0.01981,751,673,10633.0,12559.0,1
8476459,Mika Zibanejad,NYR,C,F,326,NZI,N,0.43961,0.34747,0.09214,838,741,12784.0,12260.0,1
8476460,Mark Scheifele,WPG,C,F,318,OZI,O,0.51016,0.4601,0.05006,944,1007,24845.0,19876.0,1
8476460,Mark Scheifele,WPG,C,F,318,DZI,D,0.38765,0.35785,0.0298,565,615,11322.0,14182.0,1
8476460,Mark Scheifele,WPG,C,F,318,NZI,N,0.43911,0.38805,0.05106,559,641,11824.0,13037.0,1
8476461,Sean Couturier,PHI,C,F,231,OZI,O,0.55094,0.50221,0.04873,498,466,10709.0,7933.0,1
8476461,Sean Couturier,PHI,C,F,231,DZI,D,0.40111,0.40686,-0.00575,582,478,8100.0,9067.0,1
8476461,Sean Couturier,PHI,C,F,231,NZI,N,0.47633,0.38524,0.09109,528,420,9105.0,6910.0,1
8476462,Dougie Hamilton,NJD,D,D,243,OZI,O,0.51606,0.42672,0.08934,686,760,13946.0,11961.0,1
8476462,Dougie Hamilton,NJD,D,D,243,DZI,D,0.3812,0.36824,0.01296,611,491,9499.0,9024.0,1
8476462,Dougie Hamilton,NJD,D,D,243,NZI,N,0.42444,0.37588,0.04856,636,673,10800.0,12166.0,1
8476463,Jonas Brodin,MIN,D,D,234,OZI,O,0.53858,0.47047,0.0681,599,728,13298.0,12768.0,1
8476463,Jonas Brodin,MIN,D,D,234,DZI,D,0.396,0.40618,-0.01018,634,663,9500.0,13366.0,1
8476463,Jonas Brodin,MIN,D,D,234,NZI,N,0.50843,0.39152,0.11691,669,735,10615.0,11435.0,1
8476467,Jamie Oleksiak,SEA,D,D,317,OZI,O,0.49996,0.4685,0.03146,540,603,12147.0,10779.0,1
8476467,Jamie Oleksiak,SEA,D,D,317,DZI,D,0.35539,0.36761,-0.01222,833,910,13391.0,16912.0,1
8476467,Jamie Oleksiak,SEA,D,D,317,NZI,N,0.45524,0.36981,0.08543,698,794,12455.0,13488.0,1
8476468,J.T. Miller,NYR,C,F,302,OZI,O,0.57519,0.53372,0.04147,779,597,14550.0,10069.0,1
8476468,J.T. Miller,NYR,C,F,302,DZI,D,0.4037,0.31277,0.09093,816,581,9683.0,9790.0,1
8476468,J.T. Miller,NYR,C,F,302,NZI,N,0.4599,0.37029,0.08961,759,626,10748.0,8885.0,1
8476469,Joel Armia,LAK,R,F,256,OZI,O,0.50433,0.43257,0.07177,310,350,7733.0,6725.0,1
8476469,Joel Armia,LAK,R,F,256,DZI,D,0.36833,0.31827,0.05005,453,428,7963.0,8810.0,1
8476469,Joel Armia,LAK,R,F,256,NZI,N,0.40737,0.3915,0.01588,505,429,8761.0,7668.0,1
8476470,Nathan Beaulieu,ANA,D,D,52,OZI,O,0.53353,0.45902,0.07451,64,67,1372.0,1159.0,1
8476470,Nathan Beaulieu,ANA,D,D,52,DZI,D,0.38623,0.3913,-0.00507,116,124,1380.0,1840.0,1
8476470,Nathan Beaulieu,ANA,D,D,52,NZI,N,0.32534,0.42808,-0.10274,97,100,1543.0,1161.0,1
8476473,Connor Murphy,EDM,D,D,273,OZI,O,0.47588,0.40672,0.06916,428,442,8498.0,7531.0,1
8476473,Connor Murphy,EDM,D,D,273,DZI,D,0.33369,0.31112,0.02257,702,750,11124.0,14708.0,1
8476473,Connor Murphy,EDM,D,D,273,NZI,N,0.38613,0.32212,0.06401,655,733,12229.0,12781.0,1
8476474,Stefan Noesen,NJD,R,F,275,OZI,O,0.54121,0.48547,0.05574,533,493,10750.0,8052.0,1
8476474,Stefan Noesen,NJD,R,F,275,DZI,D,0.40326,0.37031,0.03295,432,392,5148.0,6589.0,1
8476474,Stefan Noesen,NJD,R,F,275,NZI,N,0.45761,0.38672,0.07089,543,462,8492.0,7137.0,1
8476479,Phillip Danault,MTL,C,F,315,OZI,O,0.55828,0.48102,0.07726,598,561,13685.0,9667.0,1
8476479,Phillip Danault,MTL,C,F,315,DZI,D,0.4357,0.39164,0.04406,700,621,11338.0,12320.0,1
8476479,Phillip Danault,MTL,C,F,315,NZI,N,0.44282,0.39086,0.05197,698,624,11508.0,11178.0,1
8476480,Vladislav Namestnikov,WPG,C,F,293,OZI,O,0.50529,0.48016,0.02513,536,578,10671.0,10586.0,1
8476480,Vladislav Namestnikov,WPG,C,F,293,DZI,D,0.40425,0.39282,0.01143,357,389,5462.0,7632.0,1
8476480,Vladislav Namestnikov,WPG,C,F,293,NZI,N,0.48739,0.38506,0.10233,446,554,6976.0,10627.0,1
8476483,Rickard Rakell,PIT,R,F,293,OZI,O,0.52985,0.49562,0.03423,925,786,19113.0,13014.0,1
8476483,Rickard Rakell,PIT,R,F,293,DZI,D,0.36138,0.37324,-0.01186,524,487,7048.0,9112.0,1
8476483,Rickard Rakell,PIT,R,F,293,NZI,N,0.4273,0.36578,0.06152,762,775,12132.0,12554.0,1
8476525,Colin Miller,WPG,D,D,202,OZI,O,0.51906,0.43986,0.07919,491,472,10652.0,7982.0,1
8476525,Colin Miller,WPG,D,D,202,DZI,D,0.38856,0.31634,0.07222,389,335,5981.0,6120.0,1
8476525,Colin Miller,WPG,D,D,202,NZI,N,0.39156,0.37541,0.01614,470,410,7368.0,6353.0,1
8476539,Jonathan Marchessault,NSH,C,F,298,OZI,O,0.50984,0.44177,0.06807,705,761,14483.0,13575.0,1
8476539,Jonathan Marchessault,NSH,C,F,298,DZI,D,0.37065,0.37774,-0.00709,557,553,8879.0,11132.0,1
8476539,Jonathan Marchessault,NSH,C,F,298,NZI,N,0.43667,0.37886,0.05781,570,546,10225.0,9972.0,1
8484762,Beckett Sennecke,ANA,R,F,81,OZI,O,0.57546,0.5388,0.03666,156,216,3227.0,4111.0,1
8484762,Beckett Sennecke,ANA,R,F,81,DZI,D,0.43274,0.37148,0.06126,142,152,2981.0,3268.0,1
8484762,Beckett Sennecke,ANA,R,F,81,NZI,N,0.44098,0.41847,0.0225,186,195,3558.0,3226.0,1
8484768,Zayne Parekh,CGY,D,D,37,OZI,O,0.48437,0.44315,0.04122,121,110,2463.0,1979.0,1
8484768,Zayne Parekh,CGY,D,D,37,DZI,D,0.30909,0.45655,-0.14746,30,41,495.0,679.0,0
8484768,Zayne Parekh,CGY,D,D,37,NZI,N,0.50883,0.28354,0.22529,68,47,1303.0,656.0,0
8484783,Artyom Levshunov,CHI,D,D,86,OZI,O,0.49956,0.46751,0.03205,202,260,4542.0,5448.0,1
8484783,Artyom Levshunov,CHI,D,D,86,DZI,D,0.32357,0.30394,0.01963,134,177,2083.0,3323.0,1
8484783,Artyom Levshunov,CHI,D,D,86,NZI,N,0.34938,0.27525,0.07413,157,189,3054.0,4040.0,1
8484798,Zeev Buium,VAN,D,D,75,OZI,O,0.53815,0.45644,0.08172,201,226,4259.0,4132.0,1
8484798,Zeev Buium,VAN,D,D,75,DZI,D,0.37839,0.37219,0.00619,160,148,2767.0,2985.0,1
8484798,Zeev Buium,VAN,D,D,75,NZI,N,0.39888,0.33941,0.05946,154,153,3209.0,2905.0,1
8484800,Berkly Catton,SEA,C,F,65,OZI,O,0.59325,0.46628,0.12697,119,168,2488.0,2773.0,1
8484800,Berkly Catton,SEA,C,F,65,DZI,D,0.37959,0.37056,0.00903,57,64,872.0,985.0,1
8484800,Berkly Catton,SEA,C,F,65,NZI,N,0.45395,0.41639,0.03756,75,102,1379.0,1818.0,1
8484801,Macklin Celebrini,SJS,C,F,152,OZI,O,0.4933,0.42722,0.06608,370,432,9179.0,8038.0,1
8484801,Macklin Celebrini,SJS,C,F,152,DZI,D,0.28756,0.3668,-0.07924,314,329,6103.0,7230.0,1
8484801,Macklin Celebrini,SJS,C,F,152,NZI,N,0.42452,0.33333,0.09119,322,378,6353.0,7362.0,1
8484806,Sam Dickinson,SJS,D,D,71,OZI,O,0.5875,0.46349,0.12401,128,149,3200.0,2876.0,1
8484806,Sam Dickinson,SJS,D,D,71,DZI,D,0.41462,0.36925,0.04537,164,149,2805.0,3239.0,1
8484806,Sam Dickinson,SJS,D,D,71,NZI,N,0.46327,0.29509,0.16818,171,155,3771.0,3077.0,1
8476624,Barclay Goodrow,SJS,C,F,321,OZI,O,0.48734,0.44209,0.04526,367,379,8060.0,6691.0,1
8476624,Barclay Goodrow,SJS,C,F,321,DZI,D,0.3575,0.36192,-0.00442,678,626,9916.0,11682.0,1
8476624,Barclay Goodrow,SJS,C,F,321,NZI,N,0.456,0.37778,0.07823,591,524,9489.0,9323.0,1
8484829,Justin Hryckowian,DAL,C,F,86,OZI,O,0.57867,0.39276,0.18591,103,79,1913.0,1548.0,1
8484829,Justin Hryckowian,DAL,C,F,86,DZI,D,0.31971,0.42551,-0.10581,128,119,2177.0,2383.0,1
8484829,Justin Hryckowian,DAL,C,F,86,NZI,N,0.44661,0.39335,0.05325,149,139,2725.0,2588.0,1
8484860,Matvei Gridin,CGY,R,F,36,OZI,O,0.50951,0.43359,0.07592,101,91,2314.0,1709.0,1
8484860,Matvei Gridin,CGY,R,F,36,DZI,D,0.41963,0.29971,0.11992,43,37,703.0,694.0,0
8484860,Matvei Gridin,CGY,R,F,36,NZI,N,0.51711,0.27498,0.24213,74,70,1052.0,1131.0,1
8484901,Jacob Quillan,TOR,C,F,24,OZI,O,0.24898,0.57107,-0.32209,9,21,245.0,394.0,0
8484901,Jacob Quillan,TOR,C,F,24,DZI,D,0.32616,0.41838,-0.09221,26,35,279.0,925.0,0
8484901,Jacob Quillan,TOR,C,F,24,NZI,N,0.55593,0.18933,0.3666,32,45,599.0,787.0,0
8484911,Collin Graf,SJS,R,F,120,OZI,O,0.53896,0.38466,0.1543,185,207,4338.0,3793.0,1
8484911,Collin Graf,SJS,R,F,120,DZI,D,0.34495,0.36759,-0.02264,233,266,3702.0,5585.0,1
8484911,Collin Graf,SJS,R,F,120,NZI,N,0.40408,0.29932,0.10476,203,220,3430.0,3842.0,1
8484938,Arttu Hyry,DAL,R,F,25,OZI,O,0.59891,0.39963,0.19928,31,26,551.0,543.0,0
8484938,Arttu Hyry,DAL,R,F,25,DZI,D,0.32731,0.48859,-0.16128,42,31,498.0,745.0,0
8484938,Arttu Hyry,DAL,R,F,25,NZI,N,0.45739,0.3014,0.15599,47,23,1021.0,428.0,0
8484958,Maxim Tsyplakov,NJD,R,F,126,OZI,O,0.51685,0.4898,0.02705,197,225,4363.0,4265.0,1
8484958,Maxim Tsyplakov,NJD,R,F,126,DZI,D,0.38328,0.37413,0.00915,190,171,3564.0,3718.0,1
8484958,Maxim Tsyplakov,NJD,R,F,126,NZI,N,0.4385,0.35744,0.08106,229,191,4317.0,3567.0,1
8476779,Brad Hunt,COL,D,D,47,OZI,O,0.45155,0.3774,0.07416,53,54,1094.0,938.0,1
8476779,Brad Hunt,COL,D,D,47,DZI,D,0.42133,0.32847,0.09286,60,50,750.0,1029.0,1
8476779,Brad Hunt,COL,D,D,47,NZI,N,0.49679,0.33929,0.15751,65,81,936.0,896.0,1
8476792,Torey Krug,STL,D,D,140,OZI,O,0.53735,0.48468,0.05267,398,460,7710.0,6136.0,1
8476792,Torey Krug,STL,D,D,140,DZI,D,0.40587,0.33871,0.06717,301,308,4563.0,4901.0,1
8476792,Torey Krug,STL,D,D,140,NZI,N,0.46384,0.39147,0.07237,314,326,4784.0,4501.0,1
8484984,Ivan Demidov,MTL,R,F,84,OZI,O,0.52991,0.53067,-0.00075,137,159,3176.0,3375.0,1
8484984,Ivan Demidov,MTL,R,F,84,DZI,D,0.33767,0.44301,-0.10534,78,113,1075.0,2246.0,1
8484984,Ivan Demidov,MTL,R,F,84,NZI,N,0.4554,0.33946,0.11594,120,135,2029.0,2831.0,1
8484994,Igor Chernyshov,SJS,L,F,27,OZI,O,0.55809,0.48586,0.07224,60,71,1489.0,1414.0,1
8484994,Igor Chernyshov,SJS,L,F,27,DZI,D,0.46328,0.41441,0.04887,45,50,708.0,1180.0,0
8484994,Igor Chernyshov,SJS,L,F,27,NZI,N,0.47974,0.41775,0.06198,56,62,1061.0,1228.0,1
8476822,Luke Glendening,PHI,C,F,298,OZI,O,0.48775,0.40352,0.08424,338,309,6247.0,4949.0,1
8476822,Luke Glendening,PHI,C,F,298,DZI,D,0.38219,0.35754,0.02465,711,484,7750.0,7546.0,1
8476822,Luke Glendening,PHI,C,F,298,NZI,N,0.44117,0.34893,0.09224,526,386,8074.0,5815.0,1
8476826,Yanni Gourde,TBL,C,F,300,OZI,O,0.5213,0.50094,0.02036,471,593,11268.0,12267.0,1
8476826,Yanni Gourde,TBL,C,F,300,DZI,D,0.40591,0.41215,-0.00624,586,633,10867.0,13335.0,1
8476826,Yanni Gourde,TBL,C,F,300,NZI,N,0.50845,0.39414,0.11431,688,695,12953.0,13967.0,1
8476853,Morgan Rielly,TOR,D,D,297,OZI,O,0.51896,0.44474,0.07422,1087,911,20805.0,14793.0,1
8476853,Morgan Rielly,TOR,D,D,297,DZI,D,0.35323,0.35646,-0.00322,751,646,11239.0,11864.0,1
8476853,Morgan Rielly,TOR,D,D,297,NZI,N,0.46486,0.29144,0.17342,833,678,12806.0,10685.0,1
8476854,Hampus Lindholm,BOS,D,D,237,OZI,O,0.58055,0.49969,0.08085,550,570,11031.0,9746.0,1
8476854,Hampus Lindholm,BOS,D,D,237,DZI,D,0.43553,0.32636,0.10917,771,610,11099.0,11144.0,1
8476854,Hampus Lindholm,BOS,D,D,237,NZI,N,0.47576,0.38136,0.09441,620,577,9841.0,9280.0,1
8476856,Mathew Dumba,PIT,D,D,229,OZI,O,0.51453,0.42822,0.08632,510,512,10837.0,8498.0,1
8476856,Mathew Dumba,PIT,D,D,229,DZI,D,0.35816,0.35245,0.00571,524,568,7921.0,11108.0,1
8476856,Mathew Dumba,PIT,D,D,229,NZI,N,0.46398,0.35873,0.10525,517,587,9121.0,9737.0,1
8476858,Phillip Di Giuseppe,VAN,L,F,101,OZI,O,0.60692,0.43964,0.16728,158,133,3643.0,2311.0,1
8476858,Phillip Di Giuseppe,VAN,L,F,101,DZI,D,0.39151,0.37436,0.01715,163,146,2120.0,2551.0,1
8476858,Phillip Di Giuseppe,VAN,L,F,101,NZI,N,0.46688,0.26426,0.20262,182,161,2808.0,2437.0,1
8476867,Brendan Gaunce,CBJ,C,F,66,OZI,O,0.48685,0.37718,0.10967,64,65,1711.0,1262.0,1
8476867,Brendan Gaunce,CBJ,C,F,66,DZI,D,0.44692,0.38076,0.06616,123,117,2063.0,2277.0,1
8476867,Brendan Gaunce,CBJ,C,F,66,NZI,N,0.53838,0.26064,0.27774,112,79,1837.0,1504.0,1
8476869,Brady Skjei,NSH,D,D,324,OZI,O,0.54658,0.48161,0.06497,925,914,18925.0,14815.0,1
8476869,Brady Skjei,NSH,D,D,324,DZI,D,0.42713,0.36913,0.058,903,833,12303.0,14702.0,1
8476869,Brady Skjei,NSH,D,D,324,NZI,N,0.44078,0.37441,0.06636,964,872,15906.0,13632.0,1
8476871,Tanner Pearson,BUF,L,F,203,OZI,O,0.5001,0.50611,-0.00601,230,280,5211.0,4910.0,1
8476871,Tanner Pearson,BUF,L,F,203,DZI,D,0.35572,0.38954,-0.03382,346,340,5836.0,7134.0,1
8476871,Tanner Pearson,BUF,L,F,203,NZI,N,0.43237,0.32857,0.1038,365,381,5604.0,6580.0,1
8476872,Scott Laughton,LAK,C,F,303,OZI,O,0.5401,0.52744,0.01266,414,492,8230.0,7709.0,1
8476872,Scott Laughton,LAK,C,F,303,DZI,D,0.36874,0.36965,-0.00091,698,645,9923.0,12087.0,1
8476872,Scott Laughton,LAK,C,F,303,NZI,N,0.43365,0.34346,0.09019,622,595,9450.0,9346.0,1
8476873,Mark Jankowski,CAR,C,F,210,OZI,O,0.53159,0.55852,-0.02693,332,334,7265.0,6118.0,1
8476873,Mark Jankowski,CAR,C,F,210,DZI,D,0.41369,0.38736,0.02633,347,302,4907.0,4954.0,1
8476873,Mark Jankowski,CAR,C,F,210,NZI,N,0.4774,0.3894,0.08801,371,355,5775.0,5922.0,1
8476874,Olli Määttä,CGY,D,D,269,OZI,O,0.55079,0.45958,0.09121,585,601,12925.0,10762.0,1
8476874,Olli Määttä,CGY,D,D,269,DZI,D,0.36716,0.33695,0.03021,649,571,11104.0,9767.0,1
8476874,Olli Määttä,CGY,D,D,269,NZI,N,0.45432,0.33696,0.11736,647,692,11263.0,11571.0,1
8476875,Mike Matheson,MTL,D,D,288,OZI,O,0.5281,0.45768,0.07042,668,700,16728.0,13918.0,1
8476875,Mike Matheson,MTL,D,D,288,DZI,D,0.38833,0.38017,0.00816,942,929,14655.0,19957.0,1
8476875,Mike Matheson,MTL,D,D,288,NZI,N,0.41206,0.36744,0.04462,845,797,14112.0,14797.0,1
8476878,Zemgus Girgensons,TBL,L,F,299,OZI,O,0.51017,0.46453,0.04564,369,470,8309.0,8753.0,1
8476878,Zemgus Girgensons,TBL,L,F,299,DZI,D,0.41008,0.36978,0.0403,520,582,7701.0,11112.0,1
8476878,Zemgus Girgensons,TBL,L,F,299,NZI,N,0.43919,0.37012,0.06908,615,601,10196.0,10340.0,1
8476879,Cody Ceci,LAK,D,D,326,OZI,O,0.4861,0.45643,0.02967,697,707,16472.0,13071.0,1
8476879,Cody Ceci,LAK,D,D,326,DZI,D,0.38894,0.34859,0.04036,930,827,15879.0,17571.0,1
8476879,Cody Ceci,LAK,D,D,326,NZI,N,0.447,0.36171,0.08529,930,865,16208.0,15999.0,1
8476880,Tom Wilson,WSH,R,F,260,OZI,O,0.57434,0.47035,0.10399,570,581,13438.0,10960.0,1
8476880,Tom Wilson,WSH,R,F,260,DZI,D,0.36341,0.38168,-0.01827,497,534,9287.0,10776.0,1
8476880,Tom Wilson,WSH,R,F,260,NZI,N,0.42061,0.3879,0.03271,514,561,9082.0,10134.0,1
8476881,Tomas Hertl,VGK,C,F,289,OZI,O,0.52043,0.44152,0.07891,837,649,17426.0,10235.0,1
8476881,Tomas Hertl,VGK,C,F,289,DZI,D,0.39697,0.38639,0.01058,609,558,9832.0,10518.0,1
8476881,Tomas Hertl,VGK,C,F,289,NZI,N,0.43569,0.36703,0.06866,635,547,10535.0,9675.0,1
8476882,Teuvo Teravainen,CHI,L,F,301,OZI,O,0.5672,0.43256,0.13464,552,569,12292.0,9897.0,1
8476882,Teuvo Teravainen,CHI,L,F,301,DZI,D,0.39215,0.34833,0.04382,512,565,7719.0,11070.0,1
8476882,Teuvo Teravainen,CHI,L,F,301,NZI,N,0.45284,0.37811,0.07474,572,610,10253.0,9135.0,1
8476885,Jacob Trouba,ANA,D,D,308,OZI,O,0.53964,0.48327,0.05637,715,822,14619.0,14911.0,1
8476885,Jacob Trouba,ANA,D,D,308,DZI,D,0.38135,0.33978,0.04157,917,837,14239.0,15831.0,1
8476885,Jacob Trouba,ANA,D,D,308,NZI,N,0.4284,0.36762,0.06078,944,877,15411.0,15304.0,1
8476887,Filip Forsberg,NSH,L,F,295,OZI,O,0.53,0.43181,0.0982,815,805,17164.0,12538.0,1
8476887,Filip Forsberg,NSH,L,F,295,DZI,D,0.36459,0.36794,-0.00335,560,584,7688.0,10999.0,1
8476887,Filip Forsberg,NSH,L,F,295,NZI,N,0.44172,0.37326,0.06846,729,654,11127.0,11054.0,1
8476889,Radek Faksa,DAL,C,F,283,OZI,O,0.51228,0.38952,0.12276,292,256,5620.0,3951.0,1
8476889,Radek Faksa,DAL,C,F,283,DZI,D,0.31894,0.38964,-0.0707,560,472,8130.0,8767.0,1
8476889,Radek Faksa,DAL,C,F,283,NZI,N,0.4421,0.38219,0.05991,574,442,9586.0,7164.0,1
8476891,Matt Grzelcyk,CHI,D,D,289,OZI,O,0.49722,0.44611,0.05112,830,839,16395.0,14241.0,1
8476891,Matt Grzelcyk,CHI,D,D,289,DZI,D,0.34738,0.33819,0.00919,677,638,9537.0,11532.0,1
8476891,Matt Grzelcyk,CHI,D,D,289,NZI,N,0.41496,0.35346,0.0615,720,694,11683.0,10499.0,1
8476892,Colton Parayko,STL,D,D,301,OZI,O,0.55045,0.4367,0.11375,695,754,13440.0,12677.0,1
8476892,Colton Parayko,STL,D,D,301,DZI,D,0.3989,0.36492,0.03398,999,1079,16212.0,21262.0,1
8476892,Colton Parayko,STL,D,D,301,NZI,N,0.44922,0.34478,0.10444,924,931,15625.0,15555.0,1
8476897,Oskar Sundqvist,STL,C,F,257,OZI,O,0.52938,0.45409,0.07529,262,310,5616.0,5336.0,1
8476897,Oskar Sundqvist,STL,C,F,257,DZI,D,0.35355,0.37292,-0.01937,426,514,5770.0,8967.0,1
8476897,Oskar Sundqvist,STL,C,F,257,NZI,N,0.43233,0.38601,0.04632,392,432,6539.0,7005.0,1
8476902,Esa Lindell,DAL,D,D,326,OZI,O,0.51542,0.45037,0.06505,675,554,15114.0,9228.0,1
8476902,Esa Lindell,DAL,D,D,326,DZI,D,0.36396,0.34623,0.01773,1003,883,16032.0,17442.0,1
8476902,Esa Lindell,DAL,D,D,326,NZI,N,0.43817,0.34033,0.09784,935,816,16375.0,14395.0,1
8476905,Chandler Stephenson,SEA,C,F,313,OZI,O,0.51397,0.44653,0.06744,784,626,16898.0,10893.0,1
8476905,Chandler Stephenson,SEA,C,F,313,DZI,D,0.38597,0.38322,0.00274,847,810,14351.0,15761.0,1
8476905,Chandler Stephenson,SEA,C,F,313,NZI,N,0.40505,0.38717,0.01789,610,584,10653.0,9443.0,1
8476906,Shayne Gostisbehere,CAR,D,D,281,OZI,O,0.54529,0.42299,0.1223,723,745,15280.0,13998.0,1
8476906,Shayne Gostisbehere,CAR,D,D,281,DZI,D,0.41993,0.36058,0.05935,551,533,8099.0,9751.0,1
8476906,Shayne Gostisbehere,CAR,D,D,281,NZI,N,0.4654,0.3586,0.1068,687,653,12052.0,10315.0,1
8476913,Devin Shore,MIN,C,F,123,OZI,O,0.3839,0.37405,0.00985,121,134,2373.0,2628.0,1
8476913,Devin Shore,MIN,C,F,123,DZI,D,0.34765,0.37562,-0.02797,141,151,2422.0,2617.0,1
8476913,Devin Shore,MIN,C,F,123,NZI,N,0.37399,0.32356,0.05043,165,150,2984.0,2627.0,1
8476915,Jujhar Khaira,MIN,L,F,52,OZI,O,0.70156,0.4232,0.27835,39,43,898.0,905.0,0
8476915,Jujhar Khaira,MIN,L,F,52,DZI,D,0.43684,0.36891,0.06793,98,68,1520.0,1293.0,1
8476915,Jujhar Khaira,MIN,L,F,52,NZI,N,0.47964,0.36466,0.11497,94,106,1547.0,1681.0,1
8476917,Adam Pelech,NYI,D,D,261,OZI,O,0.55254,0.54245,0.01009,715,643,14283.0,10106.0,1
8476917,Adam Pelech,NYI,D,D,261,DZI,D,0.39197,0.40393,-0.01196,881,770,11904.0,13349.0,1
8476917,Adam Pelech,NYI,D,D,261,NZI,N,0.4624,0.34963,0.11277,812,707,12366.0,10903.0,1
8476918,Jimmy Vesey,COL,L,F,204,OZI,O,0.56145,0.43561,0.12585,245,268,4540.0,4263.0,1
8476918,Jimmy Vesey,COL,L,F,204,DZI,D,0.37464,0.39953,-0.02489,416,379,6246.0,7281.0,1
8476918,Jimmy Vesey,COL,L,F,204,NZI,N,0.46467,0.35576,0.10891,400,375,5972.0,6153.0,1
8476919,Chris Tierney,NJD,C,F,88,OZI,O,0.56314,0.46986,0.09328,79,97,1552.0,1460.0,1
8476919,Chris Tierney,NJD,C,F,88,DZI,D,0.46519,0.33173,0.13346,113,89,1580.0,1453.0,1
8476919,Chris Tierney,NJD,C,F,88,NZI,N,0.50487,0.38605,0.11882,117,125,1951.0,1663.0,1
8476921,Jordan Martinook,CAR,L,F,320,OZI,O,0.57354,0.49241,0.08113,788,600,17617.0,9947.0,1
8476921,Jordan Martinook,CAR,L,F,320,DZI,D,0.45922,0.40005,0.05917,797,631,11513.0,11671.0,1
8476921,Jordan Martinook,CAR,L,F,320,NZI,N,0.49844,0.43794,0.0605,922,748,15376.0,11006.0,1
8476923,Damon Severson,CBJ,D,D,289,OZI,O,0.52136,0.46707,0.05428,738,794,16762.0,14396.0,1
8476923,Damon Severson,CBJ,D,D,289,DZI,D,0.41813,0.37482,0.04331,750,753,13173.0,15853.0,1
8476923,Damon Severson,CBJ,D,D,289,NZI,N,0.44556,0.39388,0.05169,792,786,14595.0,13847.0,1
8476925,Colton Sissons,VGK,C,F,301,OZI,O,0.54837,0.48185,0.06652,379,328,7225.0,5263.0,1
8476925,Colton Sissons,VGK,C,F,301,DZI,D,0.38063,0.37624,0.00439,752,582,10643.0,11195.0,1
8476925,Colton Sissons,VGK,C,F,301,NZI,N,0.44531,0.36191,0.0834,674,569,11118.0,9762.0,1
8476927,Teddy Blueger,VAN,C,F,247,OZI,O,0.535,0.54581,-0.01081,280,276,5643.0,4606.0,1
8476927,Teddy Blueger,VAN,C,F,247,DZI,D,0.39937,0.39816,0.00121,551,495,8283.0,9019.0,1
8476927,Teddy Blueger,VAN,C,F,247,NZI,N,0.476,0.38219,0.09382,501,426,7939.0,6400.0,1
8476931,Jake McCabe,TOR,D,D,295,OZI,O,0.52397,0.4403,0.08367,687,572,12705.0,8308.0,1
8476931,Jake McCabe,TOR,D,D,295,DZI,D,0.35663,0.34555,0.01109,929,773,13361.0,14519.0,1
8476931,Jake McCabe,TOR,D,D,295,NZI,N,0.41717,0.32667,0.0905,938,793,13884.0,12407.0,1
8476934,Brock McGinn,ANA,L,F,125,OZI,O,0.51317,0.54105,-0.02788,118,125,2695.0,1900.0,1
8476934,Brock McGinn,ANA,L,F,125,DZI,D,0.39916,0.32093,0.07823,288,243,3788.0,4649.0,1
8476934,Brock McGinn,ANA,L,F,125,NZI,N,0.4614,0.37916,0.08225,194,191,2876.0,2946.0,1
8476952,Dominic Toninato,CHI,C,F,33,OZI,O,0.45028,0.38959,0.06069,27,42,704.0,634.0,0
8476952,Dominic Toninato,CHI,C,F,33,DZI,D,0.36647,0.30393,0.06254,39,35,513.0,737.0,0
8476952,Dominic Toninato,CHI,C,F,33,NZI,N,0.47661,0.35178,0.12483,48,32,791.0,506.0,0
8476958,Jaccob Slavin,CAR,D,D,276,OZI,O,0.5548,0.4771,0.0777,910,835,20373.0,14586.0,1
8476958,Jaccob Slavin,CAR,D,D,276,DZI,D,0.4271,0.36751,0.05959,756,650,10747.0,11559.0,1
8476958,Jaccob Slavin,CAR,D,D,276,NZI,N,0.47584,0.44791,0.02793,777,732,13929.0,10924.0,1
8476960,Andreas Athanasiou,CHI,C,F,117,OZI,O,0.45567,0.47827,-0.0226,208,219,3790.0,3682.0,1
8476960,Andreas Athanasiou,CHI,C,F,117,DZI,D,0.33113,0.39598,-0.06485,219,211,3639.0,4581.0,1
8476960,Andreas Athanasiou,CHI,C,F,117,NZI,N,0.4798,0.35692,0.12288,216,219,3564.0,3505.0,1
8476967,Brett Kulak,COL,D,D,328,OZI,O,0.49615,0.44673,0.04942,735,766,17267.0,15092.0,1
8476967,Brett Kulak,COL,D,D,328,DZI,D,0.41445,0.3886,0.02586,729,677,13022.0,14766.0,1
8476967,Brett Kulak,COL,D,D,328,NZI,N,0.45846,0.32983,0.12863,843,774,15552.0,14286.0,1
8476979,Erik Gustafsson,DET,D,D,208,OZI,O,0.53156,0.4823,0.04925,533,540,12089.0,9720.0,1
8476979,Erik Gustafsson,DET,D,D,208,DZI,D,0.34455,0.34748,-0.00293,356,326,5645.0,6127.0,1
8476979,Erik Gustafsson,DET,D,D,208,NZI,N,0.42034,0.31783,0.10251,438,422,7827.0,7334.0,1
8476981,Josh Anderson,MTL,R,F,300,OZI,O,0.50198,0.45303,0.04895,445,402,10588.0,7878.0,1
8476981,Josh Anderson,MTL,R,F,300,DZI,D,0.39621,0.38,0.01621,645,550,11133.0,12287.0,1
8476981,Josh Anderson,MTL,R,F,300,NZI,N,0.40903,0.34959,0.05944,651,628,11185.0,11854.0,1
8476988,Matt Benning,TOR,D,D,99,OZI,O,0.53478,0.42865,0.10614,156,137,2947.0,1913.0,1
8476988,Matt Benning,TOR,D,D,99,DZI,D,0.37296,0.31457,0.05839,307,275,3979.0,4317.0,1
8476988,Matt Benning,TOR,D,D,99,NZI,N,0.43982,0.30873,0.1311,221,239,2742.0,3197.0,1
8476994,Vinnie Hinostroza,FLA,C,F,143,OZI,O,0.5514,0.43928,0.11212,173,179,4115.0,3335.0,1
8476994,Vinnie Hinostroza,FLA,C,F,143,DZI,D,0.38469,0.3345,0.05019,228,247,3959.0,4846.0,1
8476994,Vinnie Hinostroza,FLA,C,F,143,NZI,N,0.41866,0.32418,0.09448,217,241,4395.0,4223.0,1
8477015,Connor Brown,NJD,R,F,232,OZI,O,0.51849,0.44425,0.07424,326,338,7626.0,6951.0,1
8477015,Connor Brown,NJD,R,F,232,DZI,D,0.35897,0.40674,-0.04776,383,359,7449.0,8374.0,1
8477015,Connor Brown,NJD,R,F,232,NZI,N,0.42826,0.38454,0.04372,417,438,7869.0,8254.0,1
8477018,Ben Hutton,VGK,D,D,138,OZI,O,0.53718,0.45299,0.08419,328,311,7625.0,5382.0,1
8477018,Ben Hutton,VGK,D,D,138,DZI,D,0.40802,0.36823,0.03979,204,180,3343.0,3840.0,1
8477018,Ben Hutton,VGK,D,D,138,NZI,N,0.4241,0.31275,0.11135,273,275,5593.0,5167.0,1
8477021,Alexander Kerfoot,UTA,C,F,278,OZI,O,0.54578,0.4848,0.06098,440,432,9350.0,7335.0,1
8477021,Alexander Kerfoot,UTA,C,F,278,DZI,D,0.39325,0.37652,0.01673,563,484,9485.0,8459.0,1
8477021,Alexander Kerfoot,UTA,C,F,278,NZI,N,0.46834,0.40536,0.06298,543,507,8861.0,8617.0,1
8477034,Jaycob Megna,VGK,D,D,110,OZI,O,0.54606,0.39693,0.14914,270,253,5525.0,4167.0,1
8477034,Jaycob Megna,VGK,D,D,110,DZI,D,0.33629,0.31119,0.0251,239,226,3274.0,4004.0,1
8477034,Jaycob Megna,VGK,D,D,110,NZI,N,0.44659,0.35835,0.08824,282,265,3726.0,4211.0,1
8477070,Liam O'Brien,UTA,C,F,196,OZI,O,0.5221,0.50057,0.02153,212,258,4208.0,4397.0,1
8477070,Liam O'Brien,UTA,C,F,196,DZI,D,0.42045,0.32562,0.09483,282,318,4205.0,5359.0,1
8477070,Liam O'Brien,UTA,C,F,196,NZI,N,0.52339,0.32826,0.19513,317,339,5472.0,5450.0,1
8477073,Kurtis MacDermid,OTT,D,D,131,OZI,O,0.48042,0.36478,0.11564,77,103,1430.0,1346.0,1
8477073,Kurtis MacDermid,OTT,D,D,131,DZI,D,0.37118,0.42085,-0.04967,95,101,916.0,1775.0,1
8477073,Kurtis MacDermid,OTT,D,D,131,NZI,N,0.42994,0.35616,0.07378,129,126,1670.0,1679.0,1
8477126,Jayson Megna,BOS,C,F,56,OZI,O,0.59895,0.58737,0.01158,54,55,950.0,744.0,1
8477126,Jayson Megna,BOS,C,F,56,DZI,D,0.51865,0.38129,0.13736,100,78,1394.0,1529.0,1
8477126,Jayson Megna,BOS,C,F,56,NZI,N,0.44477,0.37948,0.06529,68,67,1032.0,1004.0,1
8477149,Scott Sabourin,TBL,R,F,30,OZI,O,0.63095,0.41401,0.21694,15,31,336.0,471.0,0
8477149,Scott Sabourin,TBL,R,F,30,DZI,D,0.40491,0.50151,-0.0966,21,40,326.0,664.0,0
8477149,Scott Sabourin,TBL,R,F,30,NZI,N,0.43018,0.3342,0.09598,46,43,709.0,769.0,0
8485366,Matthew Schaefer,NYI,D,D,82,OZI,O,0.5267,0.51812,0.00858,228,190,5244.0,3864.0,1
8485366,Matthew Schaefer,NYI,D,D,82,DZI,D,0.29775,0.42399,-0.12624,206,174,3513.0,3184.0,1
8485366,Matthew Schaefer,NYI,D,D,82,NZI,N,0.46394,0.36228,0.10167,227,213,4895.0,4146.0,1
8485402,Michael Misa,SJS,C,F,44,OZI,O,0.60973,0.36195,0.24779,65,66,1130.0,1293.0,1
8485402,Michael Misa,SJS,C,F,44,DZI,D,0.46973,0.32106,0.14867,73,68,1024.0,1548.0,1
8485402,Michael Misa,SJS,C,F,44,NZI,N,0.46249,0.30489,0.1576,58,68,1133.0,1453.0,1
8477220,Nate Schmidt,UTA,D,D,295,OZI,O,0.5267,0.49366,0.03304,675,656,13858.0,10649.0,1
8477220,Nate Schmidt,UTA,D,D,295,DZI,D,0.36192,0.37584,-0.01392,557,544,8651.0,10068.0,1
8477220,Nate Schmidt,UTA,D,D,295,NZI,N,0.47957,0.36025,0.11932,636,726,10522.0,11903.0,1
8485414,Ben Kindel,PIT,C,F,77,OZI,O,0.48254,0.46806,0.01449,112,138,3065.0,2927.0,1
8485414,Ben Kindel,PIT,C,F,77,DZI,D,0.42879,0.37969,0.04911,82,122,1278.0,2481.0,1
8485414,Ben Kindel,PIT,C,F,77,NZI,N,0.52124,0.43366,0.08758,102,156,1836.0,2977.0,1
8477244,Chad Ruhwedel,NYR,D,D,104,OZI,O,0.45412,0.37572,0.0784,133,126,2550.0,2249.0,1
8477244,Chad Ruhwedel,NYR,D,D,104,DZI,D,0.32389,0.38261,-0.05873,215,166,2893.0,2922.0,1
8477244,Chad Ruhwedel,NYR,D,D,104,NZI,N,0.55076,0.31274,0.23802,157,150,2571.0,2120.0,1
8485493,David Tomasek,EDM,R,F,22,OZI,O,0.52403,0.37297,0.15105,20,27,437.0,555.0,0
8485493,David Tomasek,EDM,R,F,22,DZI,D,0.46862,0.31514,0.15348,27,18,478.0,403.0,0
8485493,David Tomasek,EDM,R,F,22,NZI,N,0.37888,0.35274,0.02615,28,37,483.0,859.0,0
8485512,Tim Washe,ANA,C,F,40,OZI,O,0.55034,0.568,-0.01766,49,33,1023.0,625.0,0
8485512,Tim Washe,ANA,C,F,40,DZI,D,0.33859,0.37987,-0.04128,93,80,1459.0,1540.0,1
8485512,Tim Washe,ANA,C,F,40,NZI,N,0.49771,0.22403,0.27368,73,35,1091.0,491.0,0
8477330,Dominik Kubalik,OTT,L,F,155,OZI,O,0.5691,0.44574,0.12336,217,260,4609.0,4202.0,1
8477330,Dominik Kubalik,OTT,L,F,155,DZI,D,0.37822,0.32849,0.04973,240,243,3260.0,3857.0,1
8477330,Dominik Kubalik,OTT,L,F,155,NZI,N,0.43009,0.37148,0.05861,226,269,3483.0,4151.0,1
8477335,Kyle Burroughs,LAK,D,D,154,OZI,O,0.52117,0.43308,0.08809,257,313,5196.0,5798.0,1
8477335,Kyle Burroughs,LAK,D,D,154,DZI,D,0.32746,0.33238,-0.00492,327,370,4651.0,6613.0,1
8477335,Kyle Burroughs,LAK,D,D,154,NZI,N,0.36462,0.35666,0.00796,311,316,5433.0,5016.0,1
8477346,MacKenzie Weegar,UTA,D,D,322,OZI,O,0.5323,0.45508,0.07722,1036,1087,17988.0,14536.0,1
8477346,MacKenzie Weegar,UTA,D,D,322,DZI,D,0.38548,0.40521,-0.01973,933,895,12408.0,15128.0,1
8477346,MacKenzie Weegar,UTA,D,D,322,NZI,N,0.41708,0.34847,0.06861,992,1025,13060.0,13106.0,1
8477353,Tyler Motte,DET,L,F,186,OZI,O,0.45709,0.46885,-0.01176,194,170,4673.0,3050.0,1
8477353,Tyler Motte,DET,L,F,186,DZI,D,0.36665,0.41671,-0.05007,257,265,3592.0,5205.0,1
8477353,Tyler Motte,DET,L,F,186,NZI,N,0.49065,0.29818,0.19247,312,300,5295.0,4940.0,1
8477357,Saku Maenalanen,WPG,R,F,64,OZI,O,0.47887,0.48931,-0.01044,37,57,852.0,842.0,0
8477357,Saku Maenalanen,WPG,R,F,64,DZI,D,0.40454,0.30169,0.10284,99,76,1367.0,1359.0,1
8477357,Saku Maenalanen,WPG,R,F,64,NZI,N,0.44322,0.29557,0.14765,101,95,1356.0,1377.0,1
8477365,Connor Clifton,PIT,D,D,280,OZI,O,0.52843,0.39182,0.13661,440,437,9481.0,8042.0,1
8477365,Connor Clifton,PIT,D,D,280,DZI,D,0.34793,0.3269,0.02103,558,553,9433.0,10676.0,1
8477365,Connor Clifton,PIT,D,D,280,NZI,N,0.41056,0.34571,0.06484,559,645,9699.0,11550.0,1
8477369,Carson Soucy,NYI,D,D,269,OZI,O,0.53371,0.41706,0.11664,477,530,9865.0,7584.0,1
8477369,Carson Soucy,NYI,D,D,269,DZI,D,0.31933,0.36315,-0.04382,604,536,8831.0,8082.0,1
8477369,Carson Soucy,NYI,D,D,269,NZI,N,0.40327,0.31764,0.08562,641,589,10229.0,9517.0,1
8477380,Jonny Brodzinski,NYR,C,F,180,OZI,O,0.5219,0.44792,0.07397,220,240,4133.0,4407.0,1
8477380,Jonny Brodzinski,NYR,C,F,180,DZI,D,0.40399,0.32336,0.08063,293,260,4265.0,4945.0,1
8477380,Jonny Brodzinski,NYR,C,F,180,NZI,N,0.43184,0.315,0.11683,303,275,5076.0,4946.0,1
8477384,Joshua Brown,EDM,D,D,129,OZI,O,0.57216,0.45621,0.11595,200,238,3319.0,3163.0,1
8477384,Joshua Brown,EDM,D,D,129,DZI,D,0.39845,0.33333,0.06512,265,322,3358.0,4740.0,1
8477384,Joshua Brown,EDM,D,D,129,NZI,N,0.4426,0.31288,0.12972,248,265,3371.0,3765.0,1
8477392,Hudson Fasching,NYI,R,F,137,OZI,O,0.45523,0.39984,0.05538,168,152,3607.0,2551.0,1
8477392,Hudson Fasching,NYI,R,F,137,DZI,D,0.34523,0.42511,-0.07988,230,216,3615.0,4213.0,1
8477392,Hudson Fasching,NYI,R,F,137,NZI,N,0.53378,0.41873,0.11504,307,240,4678.0,3790.0,1
8477401,John Hayden,SEA,C,F,32,OZI,O,0.57041,0.34513,0.22527,22,32,419.0,678.0,0
8477401,John Hayden,SEA,C,F,32,DZI,D,0.45643,0.53892,-0.08249,28,25,482.0,334.0,0
8477401,John Hayden,SEA,C,F,32,NZI,N,0.46774,0.3361,0.13164,47,44,868.0,723.0,0
8477402,Pavel Buchnevich,STL,L,F,299,OZI,O,0.58294,0.48065,0.10229,629,717,12653.0,11809.0,1
8477402,Pavel Buchnevich,STL,L,F,299,DZI,D,0.40265,0.34893,0.05372,609,663,9887.0,13639.0,1
8477402,Pavel Buchnevich,STL,L,F,299,NZI,N,0.43826,0.36459,0.07367,579,647,9515.0,11070.0,1
8477404,Jake Guentzel,TBL,L,F,306,OZI,O,0.54297,0.45687,0.0861,958,842,21237.0,13993.0,1
8477404,Jake Guentzel,TBL,L,F,306,DZI,D,0.38975,0.35855,0.03121,590,596,9116.0,10933.0,1
8477404,Jake Guentzel,TBL,L,F,306,NZI,N,0.45691,0.37547,0.08144,794,744,12462.0,12499.0,1
8477406,Mattias Janmark,EDM,C,F,260,OZI,O,0.53268,0.46062,0.07206,328,316,7115.0,6081.0,1
8477406,Mattias Janmark,EDM,C,F,260,DZI,D,0.3737,0.35069,0.02301,465,392,7969.0,8335.0,1
8477406,Mattias Janmark,EDM,C,F,260,NZI,N,0.48304,0.33437,0.14867,485,472,8403.0,9286.0,1
8477407,Anthony Duclair,NYI,L,F,199,OZI,O,0.50138,0.47286,0.02852,409,411,9031.0,6357.0,1
8477407,Anthony Duclair,NYI,L,F,199,DZI,D,0.36909,0.36548,0.00361,393,388,5519.0,7311.0,1
8477407,Anthony Duclair,NYI,L,F,199,NZI,N,0.42153,0.32062,0.10091,422,409,6697.0,6606.0,1
8477409,Carter Verhaeghe,FLA,C,F,315,OZI,O,0.54389,0.45422,0.08967,723,765,15812.0,14339.0,1
8477409,Carter Verhaeghe,FLA,C,F,315,DZI,D,0.44262,0.37031,0.07231,577,632,9812.0,12792.0,1
8477409,Carter Verhaeghe,FLA,C,F,315,NZI,N,0.46854,0.37499,0.09355,644,746,11444.0,12939.0,1
8477416,Oliver Bjorkstrand,TBL,R,F,322,OZI,O,0.53088,0.47786,0.05301,532,598,12615.0,11294.0,1
8477416,Oliver Bjorkstrand,TBL,R,F,322,DZI,D,0.38525,0.39449,-0.00924,489,524,9046.0,10160.0,1
8477416,Oliver Bjorkstrand,TBL,R,F,322,NZI,N,0.44929,0.39047,0.05882,578,655,11536.0,13079.0,1
8477425,Miles Wood,CBJ,L,F,241,OZI,O,0.53463,0.44807,0.08656,298,324,6367.0,5180.0,1
8477425,Miles Wood,CBJ,L,F,241,DZI,D,0.40535,0.35252,0.05283,490,455,7591.0,8808.0,1
8477425,Miles Wood,CBJ,L,F,241,NZI,N,0.49911,0.38716,0.11195,433,398,7329.0,6465.0,1
8477426,Nick Paul,TBL,L,F,289,OZI,O,0.49788,0.42607,0.07181,494,489,12015.0,9468.0,1
8477426,Nick Paul,TBL,L,F,289,DZI,D,0.37146,0.34967,0.02179,658,562,10973.0,10507.0,1
8477426,Nick Paul,TBL,L,F,289,NZI,N,0.44565,0.37764,0.06801,642,547,11951.0,10028.0,1
8477429,Andrew Copp,DET,C,F,296,OZI,O,0.54071,0.42101,0.1197,581,512,11914.0,8824.0,1
8477429,Andrew Copp,DET,C,F,296,DZI,D,0.40646,0.36575,0.04071,671,610,9905.0,11680.0,1
8477429,Andrew Copp,DET,C,F,296,NZI,N,0.40852,0.37785,0.03067,653,615,10440.0,10602.0,1
8477433,Ben Harpur,NYR,D,D,42,OZI,O,0.51884,0.36893,0.14991,71,79,1380.0,1339.0,1
8477433,Ben Harpur,NYR,D,D,42,DZI,D,0.32877,0.37332,-0.04456,64,71,1022.0,1492.0,1
8477433,Ben Harpur,NYR,D,D,42,NZI,N,0.42797,0.31134,0.11663,69,79,1416.0,1455.0,1
8477435,Ryan Graves,PIT,D,D,231,OZI,O,0.52847,0.45074,0.07772,436,414,10451.0,7461.0,1
8477435,Ryan Graves,PIT,D,D,231,DZI,D,0.38384,0.39204,-0.0082,618,532,10460.0,10453.0,1
8477435,Ryan Graves,PIT,D,D,231,NZI,N,0.42685,0.37035,0.0565,553,519,9235.0,9059.0,1
8477444,Andre Burakovsky,CHI,L,F,252,OZI,O,0.51411,0.43485,0.07927,465,544,10027.0,10314.0,1
8477444,Andre Burakovsky,CHI,L,F,252,DZI,D,0.38572,0.36878,0.01695,398,420,6725.0,8314.0,1
8477444,Andre Burakovsky,CHI,L,F,252,NZI,N,0.43033,0.35809,0.07224,412,507,8145.0,9305.0,1
8477446,Michael McCarron,MIN,R,F,255,OZI,O,0.50641,0.46649,0.03992,200,223,3900.0,4178.0,1
8477446,Michael McCarron,MIN,R,F,255,DZI,D,0.40642,0.38327,0.02315,662,488,9217.0,9085.0,1
8477446,Michael McCarron,MIN,R,F,255,NZI,N,0.45257,0.36198,0.09059,525,471,8697.0,8227.0,1
8477447,Shea Theodore,VGK,D,D,240,OZI,O,0.54173,0.5093,0.03243,807,739,17230.0,11938.0,1
8477447,Shea Theodore,VGK,D,D,240,DZI,D,0.39422,0.40034,-0.00611,725,565,12328.0,11333.0,1
8477447,Shea Theodore,VGK,D,D,240,NZI,N,0.46727,0.41902,0.04825,665,656,12267.0,10324.0,1
8477450,Jason Dickinson,EDM,C,F,283,OZI,O,0.56119,0.43897,0.12222,394,405,8122.0,7046.0,1
8477450,Jason Dickinson,EDM,C,F,283,DZI,D,0.37822,0.3583,0.01993,737,663,10544.0,12724.0,1
8477450,Jason Dickinson,EDM,C,F,283,NZI,N,0.43836,0.33753,0.10083,603,619,10642.0,10325.0,1
8477451,Ryan Hartman,MIN,R,F,278,OZI,O,0.54379,0.49996,0.04384,504,659,10892.0,11829.0,1
8477451,Ryan Hartman,MIN,R,F,278,DZI,D,0.40467,0.39287,0.0118,555,625,8392.0,12457.0,1
8477451,Ryan Hartman,MIN,R,F,278,NZI,N,0.47473,0.36967,0.10506,550,602,10250.0,10980.0,1
8477454,Adam Erne,DAL,L,F,130,OZI,O,0.51587,0.50339,0.01248,166,151,2898.0,2656.0,1
8477454,Adam Erne,DAL,L,F,130,DZI,D,0.41544,0.37789,0.03755,190,188,2590.0,3329.0,1
8477454,Adam Erne,DAL,L,F,130,NZI,N,0.49234,0.42128,0.07105,209,207,3132.0,3411.0,1
8477456,J.T. Compher,DET,L,F,317,OZI,O,0.5486,0.43084,0.11776,633,670,13241.0,11914.0,1
8477456,J.T. Compher,DET,L,F,317,DZI,D,0.3962,0.3697,0.0265,733,749,11325.0,14839.0,1
8477456,J.T. Compher,DET,L,F,317,NZI,N,0.44592,0.35741,0.08851,598,649,8829.0,10067.0,1
8477460,Laurent Dauphin,UTA,C,F,21,OZI,O,0.64576,0.4625,0.18326,31,20,590.0,480.0,0
8477460,Laurent Dauphin,UTA,C,F,21,DZI,D,0.33422,0.53204,-0.19782,26,29,377.0,671.0,0
8477460,Laurent Dauphin,UTA,C,F,21,NZI,N,0.28486,0.22114,0.06372,29,29,502.0,615.0,0
8477462,Robert Hagg,VGK,D,D,45,OZI,O,0.58046,0.40427,0.1762,93,91,1771.0,1687.0,1
8477462,Robert Hagg,VGK,D,D,45,DZI,D,0.32667,0.20861,0.11805,71,77,900.0,1184.0,1
8477462,Robert Hagg,VGK,D,D,45,NZI,N,0.45656,0.33391,0.12265,92,91,1174.0,1165.0,1
8477473,Justin Bailey,SJS,R,F,59,OZI,O,0.51953,0.48676,0.03277,94,89,1792.0,1284.0,1
8477473,Justin Bailey,SJS,R,F,59,DZI,D,0.40564,0.28764,0.11801,100,100,1028.0,1561.0,1
8477473,Justin Bailey,SJS,R,F,59,NZI,N,0.53942,0.3918,0.14762,87,95,1040.0,1220.0,1
8477476,Artturi Lehkonen,COL,L,F,247,OZI,O,0.53151,0.50004,0.03147,671,723,13582.0,11711.0,1
8477476,Artturi Lehkonen,COL,L,F,247,DZI,D,0.4281,0.36067,0.06743,469,502,7323.0,8864.0,1
8477476,Artturi Lehkonen,COL,L,F,247,NZI,N,0.48604,0.39123,0.09481,555,692,7485.0,10421.0,1
8477478,William Carrier,CAR,L,F,208,OZI,O,0.5209,0.44059,0.08031,350,326,7153.0,5672.0,1
8477478,William Carrier,CAR,L,F,208,DZI,D,0.43013,0.42912,0.00102,404,349,6219.0,6038.0,1
8477478,William Carrier,CAR,L,F,208,NZI,N,0.47301,0.40077,0.07225,535,505,7856.0,8072.0,1
8477479,Tyler Bertuzzi,CHI,L,F,291,OZI,O,0.52776,0.4344,0.09336,563,580,14029.0,11913.0,1
8477479,Tyler Bertuzzi,CHI,L,F,291,DZI,D,0.36994,0.33484,0.0351,559,559,10726.0,12149.0,1
8477479,Tyler Bertuzzi,CHI,L,F,291,NZI,N,0.45612,0.3799,0.07622,554,624,10541.0,12011.0,1
8477482,Zachary Sanford,CHI,L,F,45,OZI,O,0.53537,0.61241,-0.07705,57,69,1442.0,1321.0,1
8477482,Zachary Sanford,CHI,L,F,45,DZI,D,0.33038,0.25947,0.07091,62,61,1241.0,1399.0,1
8477482,Zachary Sanford,CHI,L,F,45,NZI,N,0.4009,0.38235,0.01855,53,74,888.0,1462.0,1
8477488,Brett Pesce,NJD,D,D,261,OZI,O,0.53575,0.48775,0.048,832,794,18408.0,14079.0,1
8477488,Brett Pesce,NJD,D,D,261,DZI,D,0.43245,0.31929,0.11317,699,640,10267.0,12221.0,1
8477488,Brett Pesce,NJD,D,D,261,NZI,N,0.4607,0.41555,0.04515,750,712,12952.0,11368.0,1
8477492,Nathan MacKinnon,COL,C,F,312,OZI,O,0.54187,0.49923,0.04264,1263,1250,26163.0,19494.0,1
8477492,Nathan MacKinnon,COL,C,F,312,DZI,D,0.47109,0.38244,0.08865,655,699,10654.0,12964.0,1
8477492,Nathan MacKinnon,COL,C,F,312,NZI,N,0.4747,0.39827,0.07643,814,982,11856.0,14789.0,1
8477493,Aleksander Barkov,FLA,C,F,208,OZI,O,0.54969,0.51874,0.03094,542,435,10808.0,6963.0,1
8477493,Aleksander Barkov,FLA,C,F,208,DZI,D,0.44202,0.39139,0.05063,479,423,7597.0,8153.0,1
8477493,Aleksander Barkov,FLA,C,F,208,NZI,N,0.50672,0.39107,0.11566,500,486,7438.0,7119.0,1
8477494,Jonathan Drouin,STL,L,F,244,OZI,O,0.57027,0.46342,0.10685,557,544,12182.0,9117.0,1
8477494,Jonathan Drouin,STL,L,F,244,DZI,D,0.43814,0.42934,0.00879,371,448,6078.0,8888.0,1
8477494,Jonathan Drouin,STL,L,F,244,NZI,N,0.45055,0.34785,0.1027,458,568,7675.0,9320.0,1
8477495,Seth Jones,FLA,D,D,254,OZI,O,0.53161,0.43733,0.09428,720,793,15043.0,14440.0,1
8477495,Seth Jones,FLA,D,D,254,DZI,D,0.36288,0.36243,0.00045,667,737,9929.0,15708.0,1
8477495,Seth Jones,FLA,D,D,254,NZI,N,0.45126,0.32241,0.12885,664,746,11510.0,12546.0,1
8477496,Elias Lindholm,BOS,C,F,306,OZI,O,0.52878,0.44909,0.0797,831,643,16676.0,9929.0,1
8477496,Elias Lindholm,BOS,C,F,306,DZI,D,0.37593,0.35729,0.01865,807,598,10438.0,10756.0,1
8477496,Elias Lindholm,BOS,C,F,306,NZI,N,0.43119,0.31954,0.11166,662,581,10348.0,8337.0,1
8477497,Sean Monahan,CBJ,C,F,240,OZI,O,0.5165,0.45279,0.06371,527,515,11665.0,8240.0,1
8477497,Sean Monahan,CBJ,C,F,240,DZI,D,0.38306,0.35652,0.02654,590,522,8915.0,9918.0,1
8477497,Sean Monahan,CBJ,C,F,240,NZI,N,0.43932,0.37048,0.06884,545,436,8133.0,7609.0,1
8477498,Darnell Nurse,EDM,D,D,320,OZI,O,0.51558,0.46644,0.04915,892,817,19830.0,16714.0,1
8477498,Darnell Nurse,EDM,D,D,320,DZI,D,0.40021,0.37061,0.02961,897,813,15909.0,17590.0,1
8477498,Darnell Nurse,EDM,D,D,320,NZI,N,0.47007,0.38551,0.08456,984,910,17774.0,18067.0,1
8477499,Rasmus Ristolainen,PHI,D,D,212,OZI,O,0.54027,0.48507,0.0552,426,461,7474.0,7001.0,1
8477499,Rasmus Ristolainen,PHI,D,D,212,DZI,D,0.32399,0.35341,-0.02943,573,552,8380.0,10325.0,1
8477499,Rasmus Ristolainen,PHI,D,D,212,NZI,N,0.45167,0.3365,0.11517,520,483,8121.0,7156.0,1
8477500,Bo Horvat,NYI,C,F,309,OZI,O,0.53192,0.48862,0.0433,839,643,17762.0,10810.0,1
8477500,Bo Horvat,NYI,C,F,309,DZI,D,0.39322,0.37498,0.01824,738,591,10587.0,11534.0,1
8477500,Bo Horvat,NYI,C,F,309,NZI,N,0.46267,0.39411,0.06856,704,588,11520.0,10728.0,1
8477501,Valeri Nichushkin,COL,R,F,221,OZI,O,0.52489,0.51408,0.01081,550,563,11774.0,9306.0,1
8477501,Valeri Nichushkin,COL,R,F,221,DZI,D,0.42122,0.41222,0.00901,472,463,7445.0,8612.0,1
8477501,Valeri Nichushkin,COL,R,F,221,NZI,N,0.4974,0.41892,0.07849,450,536,7121.0,8226.0,1
8477503,Max Domi,TOR,C,F,314,OZI,O,0.50678,0.40603,0.10075,691,631,14525.0,10440.0,1
8477503,Max Domi,TOR,C,F,314,DZI,D,0.34333,0.34386,-0.00052,585,501,8933.0,9059.0,1
8477503,Max Domi,TOR,C,F,314,NZI,N,0.43124,0.32159,0.10965,635,572,10282.0,9879.0,1
8477504,Josh Morrissey,WPG,D,D,315,OZI,O,0.55524,0.48276,0.07248,1209,1254,26115.0,20708.0,1
8477504,Josh Morrissey,WPG,D,D,315,DZI,D,0.41867,0.36728,0.05139,816,808,12375.0,15318.0,1
8477504,Josh Morrissey,WPG,D,D,315,NZI,N,0.49107,0.40021,0.09086,886,943,15118.0,16254.0,1
8477505,Alexander Wennberg,SJS,C,F,319,OZI,O,0.52569,0.43883,0.08686,579,646,12806.0,12506.0,1
8477505,Alexander Wennberg,SJS,C,F,319,DZI,D,0.35229,0.38518,-0.03288,735,740,10741.0,15128.0,1
8477505,Alexander Wennberg,SJS,C,F,319,NZI,N,0.3698,0.37342,-0.00362,607,743,10538.0,12672.0,1
8477506,Ryan Pulock,NYI,D,D,290,OZI,O,0.48787,0.4932,-0.00533,723,682,13723.0,10736.0,1
8477506,Ryan Pulock,NYI,D,D,290,DZI,D,0.38555,0.37227,0.01329,940,831,12473.0,14307.0,1
8477506,Ryan Pulock,NYI,D,D,290,NZI,N,0.44599,0.32625,0.11974,946,802,15848.0,12653.0,1
8477507,Nikita Zadorov,BOS,D,D,319,OZI,O,0.51607,0.43659,0.07948,795,776,16271.0,11670.0,1
8477507,Nikita Zadorov,BOS,D,D,319,DZI,D,0.33109,0.34552,-0.01442,894,753,13081.0,13380.0,1
8477507,Nikita Zadorov,BOS,D,D,319,NZI,N,0.4031,0.33808,0.06502,794,831,12699.0,12571.0,1
8477508,Curtis Lazar,EDM,C,F,212,OZI,O,0.54785,0.43028,0.11756,261,216,5476.0,2919.0,1
8477508,Curtis Lazar,EDM,C,F,212,DZI,D,0.38276,0.34749,0.03527,433,312,6137.0,5744.0,1
8477508,Curtis Lazar,EDM,C,F,212,NZI,N,0.46368,0.30295,0.16073,362,334,5713.0,5057.0,1
8485702,Max Shabanov,NYI,R,F,44,OZI,O,0.5611,0.4123,0.14881,70,65,1522.0,1220.0,1
8485702,Max Shabanov,NYI,R,F,44,DZI,D,0.31341,0.40159,-0.08818,69,74,1238.0,1509.0,1
8485702,Max Shabanov,NYI,R,F,44,NZI,N,0.40444,0.39326,0.01119,70,75,1350.0,1513.0,1
8477511,Anthony Mantha,PIT,R,F,235,OZI,O,0.55135,0.47265,0.0787,345,385,8296.0,6965.0,1
8477511,Anthony Mantha,PIT,R,F,235,DZI,D,0.43343,0.34616,0.08727,318,337,5348.0,7430.0,1
8477511,Anthony Mantha,PIT,R,F,235,NZI,N,0.45199,0.38643,0.06556,349,441,7051.0,8211.0,1
8477527,Ross Johnston,ANA,L,F,189,OZI,O,0.55318,0.45729,0.09589,142,197,3272.0,3711.0,1
8477527,Ross Johnston,ANA,L,F,189,DZI,D,0.39497,0.36376,0.03122,239,242,3818.0,5358.0,1
8477527,Ross Johnston,ANA,L,F,189,NZI,N,0.48204,0.3895,0.09254,270,213,5068.0,3620.0,1
8477541,Dakota Mermis,TOR,D,D,64,OZI,O,0.5592,0.46021,0.09899,101,97,2010.0,1621.0,1
8477541,Dakota Mermis,TOR,D,D,64,DZI,D,0.35548,0.33976,0.01572,87,87,1204.0,1816.0,1
8477541,Dakota Mermis,TOR,D,D,64,NZI,N,0.39516,0.39718,-0.00202,111,96,1941.0,1843.0,1
8477573,Nathan Walker,STL,L,F,219,OZI,O,0.43909,0.44495,-0.00586,171,198,4129.0,3924.0,1
8477573,Nathan Walker,STL,L,F,219,DZI,D,0.33489,0.32788,0.00701,342,310,5369.0,6048.0,1
8477573,Nathan Walker,STL,L,F,219,NZI,N,0.37857,0.32018,0.05839,442,372,8025.0,6562.0,1
8477810,Joel Hanley,CGY,D,D,189,OZI,O,0.52317,0.39512,0.12805,420,426,7489.0,6145.0,1
8477810,Joel Hanley,CGY,D,D,189,DZI,D,0.34524,0.37354,-0.02829,417,351,5486.0,6235.0,1
8477810,Joel Hanley,CGY,D,D,189,NZI,N,0.37085,0.32342,0.04743,394,410,5633.0,6119.0,1
8477839,Conor Sheary,NYR,L,F,206,OZI,O,0.53133,0.52355,0.00778,358,353,8298.0,6347.0,1
8477839,Conor Sheary,NYR,L,F,206,DZI,D,0.43838,0.40435,0.03403,324,320,4852.0,5844.0,1
8477839,Conor Sheary,NYR,L,F,206,NZI,N,0.51335,0.39321,0.12014,415,354,7379.0,6274.0,1
8477845,Trevor van Riemsdyk,WSH,D,D,295,OZI,O,0.53889,0.46533,0.07355,607,648,13012.0,10356.0,1
8477845,Trevor van Riemsdyk,WSH,D,D,295,DZI,D,0.35052,0.37688,-0.02636,658,656,10259.0,12431.0,1
8477845,Trevor van Riemsdyk,WSH,D,D,295,NZI,N,0.45051,0.40146,0.04905,705,723,12215.0,11939.0,1
8477846,Ryan Carpenter,SJS,C,F,84,OZI,O,0.58681,0.58524,0.00157,85,93,1607.0,1314.0,1
8477846,Ryan Carpenter,SJS,C,F,84,DZI,D,0.41776,0.39679,0.02096,104,111,1374.0,1560.0,1
8477846,Ryan Carpenter,SJS,C,F,84,NZI,N,0.48333,0.35523,0.1281,115,106,1860.0,1644.0,1
8477851,Jordan Oesterle,NSH,D,D,112,OZI,O,0.48703,0.44951,0.03752,225,235,5164.0,4080.0,1
8477851,Jordan Oesterle,NSH,D,D,112,DZI,D,0.34263,0.34662,-0.00399,220,189,3336.0,3312.0,1
8477851,Jordan Oesterle,NSH,D,D,112,NZI,N,0.41195,0.31518,0.09677,248,234,4685.0,3728.0,1
8477887,Patrick Brown,BOS,C,F,87,OZI,O,0.57845,0.48876,0.08969,53,76,956.0,1201.0,1
8477887,Patrick Brown,BOS,C,F,87,DZI,D,0.36098,0.35688,0.0041,181,186,2568.0,2987.0,1
8477887,Patrick Brown,BOS,C,F,87,NZI,N,0.48291,0.37987,0.10305,126,106,1785.0,1927.0,1
8477903,Garnet Hathaway,PHI,R,F,299,OZI,O,0.58307,0.46944,0.11363,276,277,5989.0,4761.0,1
8477903,Garnet Hathaway,PHI,R,F,299,DZI,D,0.38077,0.38229,-0.00153,614,499,9431.0,9906.0,1
8477903,Garnet Hathaway,PHI,R,F,299,NZI,N,0.4784,0.37482,0.10359,600,495,9492.0,8124.0,1
8477919,Frederick Gaudreau,SEA,C,F,298,OZI,O,0.51098,0.42877,0.0822,456,497,9840.0,9294.0,1
8477919,Frederick Gaudreau,SEA,C,F,298,DZI,D,0.40004,0.39386,0.00618,667,633,10494.0,12337.0,1
8477919,Frederick Gaudreau,SEA,C,F,298,NZI,N,0.42149,0.35405,0.06743,491,534,8871.0,9298.0,1
8477930,Pierre-Edouard Bellemare,SEA,L,F,113,OZI,O,0.62215,0.48252,0.13963,116,99,2456.0,1859.0,1
8477930,Pierre-Edouard Bellemare,SEA,L,F,113,DZI,D,0.50657,0.38255,0.12402,118,135,1599.0,3048.0,1
8477930,Pierre-Edouard Bellemare,SEA,L,F,113,NZI,N,0.55843,0.35317,0.20526,164,124,2747.0,2336.0,1
8477931,Tomas Nosek,FLA,L,F,182,OZI,O,0.56692,0.48963,0.07728,154,160,3579.0,2653.0,1
8477931,Tomas Nosek,FLA,L,F,182,DZI,D,0.34847,0.3894,-0.04092,318,243,4514.0,4168.0,1
8477931,Tomas Nosek,FLA,L,F,182,NZI,N,0.44687,0.37695,0.06991,338,290,5185.0,4478.0,1
8477932,Aaron Ekblad,FLA,D,D,250,OZI,O,0.57543,0.50153,0.0739,664,707,12839.0,10779.0,1
8477932,Aaron Ekblad,FLA,D,D,250,DZI,D,0.45257,0.32873,0.12385,658,640,9826.0,11578.0,1
8477932,Aaron Ekblad,FLA,D,D,250,NZI,N,0.47727,0.36082,0.11645,682,668,10206.0,9883.0,1
8477933,Sam Reinhart,FLA,C,F,307,OZI,O,0.56078,0.52461,0.03617,728,658,16272.0,10646.0,1
8477933,Sam Reinhart,FLA,C,F,307,DZI,D,0.46038,0.37134,0.08904,661,622,11030.0,11655.0,1
8477933,Sam Reinhart,FLA,C,F,307,NZI,N,0.49229,0.39063,0.10166,678,689,10963.0,11484.0,1
8477934,Leon Draisaitl,EDM,C,F,297,OZI,O,0.5719,0.50458,0.06732,941,877,20313.0,17809.0,1
8477934,Leon Draisaitl,EDM,C,F,297,DZI,D,0.39707,0.40194,-0.00487,742,623,13101.0,14129.0,1
8477934,Leon Draisaitl,EDM,C,F,297,NZI,N,0.5125,0.41797,0.09453,775,663,14523.0,12867.0,1
8477935,Sam Bennett,FLA,C,F,284,OZI,O,0.56962,0.47845,0.09117,602,765,12777.0,13247.0,1
8477935,Sam Bennett,FLA,C,F,284,DZI,D,0.4316,0.37307,0.05852,462,561,6703.0,9797.0,1
8477935,Sam Bennett,FLA,C,F,284,NZI,N,0.48067,0.3619,0.11877,585,668,10140.0,10735.0,1
8477938,Haydn Fleury,WPG,D,D,129,OZI,O,0.45696,0.44194,0.01502,181,170,4066.0,3367.0,1
8477938,Haydn Fleury,WPG,D,D,129,DZI,D,0.34555,0.3327,0.01285,240,227,3438.0,4716.0,1
8477938,Haydn Fleury,WPG,D,D,129,NZI,N,0.36438,0.31734,0.04705,267,230,4380.0,3501.0,1
8477939,William Nylander,TOR,R,F,311,OZI,O,0.53536,0.4553,0.08006,963,744,20248.0,11735.0,1
8477939,William Nylander,TOR,R,F,311,DZI,D,0.34326,0.37403,-0.03077,687,516,11315.0,10729.0,1
8477939,William Nylander,TOR,R,F,311,NZI,N,0.43933,0.31318,0.12615,798,612,13079.0,10703.0,1
8477940,Nikolaj Ehlers,CAR,L,F,278,OZI,O,0.53292,0.46875,0.06418,675,700,14655.0,12591.0,1
8477940,Nikolaj Ehlers,CAR,L,F,278,DZI,D,0.39245,0.38477,0.00768,427,450,6383.0,8995.0,1
8477940,Nikolaj Ehlers,CAR,L,F,278,NZI,N,0.49675,0.39168,0.10508,470,551,8622.0,9707.0,1
8477941,Nick Ritchie,CGY,L,F,74,OZI,O,0.54994,0.50852,0.04143,101,140,1742.0,2055.0,1
8477941,Nick Ritchie,CGY,L,F,74,DZI,D,0.42446,0.39021,0.03425,100,157,1251.0,2514.0,1
8477941,Nick Ritchie,CGY,L,F,74,NZI,N,0.38246,0.40302,-0.02056,121,129,1608.0,1655.0,1
8477942,Kevin Fiala,LAK,L,F,288,OZI,O,0.50923,0.42209,0.08713,593,656,13224.0,12059.0,1
8477942,Kevin Fiala,LAK,L,F,288,DZI,D,0.42311,0.37617,0.04694,574,528,10255.0,11104.0,1
8477942,Kevin Fiala,LAK,L,F,288,NZI,N,0.45605,0.41082,0.04523,602,594,10966.0,11482.0,1
8477944,Jakub Vrana,NSH,L,F,85,OZI,O,0.52532,0.33566,0.18966,118,158,2646.0,3003.0,1
8477944,Jakub Vrana,NSH,L,F,85,DZI,D,0.40713,0.2691,0.13803,104,114,1459.0,2055.0,1
8477944,Jakub Vrana,NSH,L,F,85,NZI,N,0.32747,0.41323,-0.08576,116,133,1933.0,2282.0,1
8477946,Dylan Larkin,DET,C,F,304,OZI,O,0.54467,0.47429,0.07039,649,575,13812.0,10247.0,1
8477946,Dylan Larkin,DET,C,F,304,DZI,D,0.37672,0.33238,0.04434,737,674,11056.0,13638.0,1
8477946,Dylan Larkin,DET,C,F,304,NZI,N,0.44466,0.39555,0.0491,708,665,11537.0,11197.0,1
8477947,Sonny Milano,WSH,L,F,147,OZI,O,0.53369,0.48088,0.05281,214,247,5076.0,4263.0,1
8477947,Sonny Milano,WSH,L,F,147,DZI,D,0.42122,0.39232,0.0289,166,182,2818.0,3334.0,1
8477947,Sonny Milano,WSH,L,F,147,NZI,N,0.43858,0.33135,0.10723,215,222,3712.0,3531.0,1
8477948,Travis Sanheim,PHI,D,D,325,OZI,O,0.57424,0.47744,0.09681,806,922,16035.0,14316.0,1
8477948,Travis Sanheim,PHI,D,D,325,DZI,D,0.3417,0.37216,-0.03046,969,934,14056.0,17890.0,1
8477948,Travis Sanheim,PHI,D,D,325,NZI,N,0.48175,0.35682,0.12493,1066,1091,16984.0,16196.0,1
8477949,Alex Tuch,BUF,R,F,310,OZI,O,0.5337,0.48251,0.05119,683,857,14392.0,14267.0,1
8477949,Alex Tuch,BUF,R,F,310,DZI,D,0.39838,0.37583,0.02255,555,682,8035.0,13594.0,1
8477949,Alex Tuch,BUF,R,F,310,NZI,N,0.40207,0.3965,0.00556,678,788,10548.0,12875.0,1
8477950,Tony DeAngelo,NYI,D,D,212,OZI,O,0.57154,0.51027,0.06127,570,576,12321.0,9538.0,1
8477950,Tony DeAngelo,NYI,D,D,212,DZI,D,0.39469,0.36899,0.0257,441,478,7611.0,9190.0,1
8477950,Tony DeAngelo,NYI,D,D,212,NZI,N,0.49001,0.34996,0.14004,491,520,8155.0,9141.0,1
8477951,Nick Schmaltz,UTA,C,F,305,OZI,O,0.56905,0.4422,0.12685,728,775,14062.0,12924.0,1
8477951,Nick Schmaltz,UTA,C,F,305,DZI,D,0.38964,0.39328,-0.00363,600,634,9637.0,12406.0,1
8477951,Nick Schmaltz,UTA,C,F,305,NZI,N,0.48712,0.39984,0.08728,620,701,10051.0,12460.0,1
8477952,Robby Fabbri,MIN,C,F,161,OZI,O,0.48376,0.39204,0.09172,207,231,5017.0,5099.0,1
8477952,Robby Fabbri,MIN,C,F,161,DZI,D,0.376,0.33235,0.04365,283,321,5000.0,7146.0,1
8477952,Robby Fabbri,MIN,C,F,161,NZI,N,0.42943,0.33139,0.09804,248,273,4648.0,5661.0,1
8477953,Kasperi Kapanen,EDM,R,F,246,OZI,O,0.50206,0.45965,0.04241,352,380,7784.0,7571.0,1
8477953,Kasperi Kapanen,EDM,R,F,246,DZI,D,0.44418,0.3848,0.05938,414,443,7524.0,9002.0,1
8477953,Kasperi Kapanen,EDM,R,F,246,NZI,N,0.48004,0.39206,0.08798,427,446,7516.0,8014.0,1
8477955,Jared McCann,SEA,L,F,293,OZI,O,0.51682,0.44454,0.07229,561,668,10849.0,10863.0,1
8477955,Jared McCann,SEA,L,F,293,DZI,D,0.35394,0.33991,0.01403,533,553,7863.0,9782.0,1
8477955,Jared McCann,SEA,L,F,293,NZI,N,0.48149,0.35314,0.12835,478,579,7591.0,9189.0,1
8477956,David Pastrnak,BOS,R,F,323,OZI,O,0.52333,0.47709,0.04624,960,978,20813.0,18724.0,1
8477956,David Pastrnak,BOS,R,F,323,DZI,D,0.39364,0.38209,0.01156,612,570,10380.0,12649.0,1
8477956,David Pastrnak,BOS,R,F,323,NZI,N,0.44398,0.34473,0.09925,558,592,10282.0,10791.0,1
8477960,Adrian Kempe,LAK,C,F,320,OZI,O,0.54635,0.47855,0.06779,796,689,16484.0,11238.0,1
8477960,Adrian Kempe,LAK,C,F,320,DZI,D,0.42816,0.38345,0.04471,763,612,12096.0,12437.0,1
8477960,Adrian Kempe,LAK,C,F,320,NZI,N,0.45487,0.3765,0.07836,736,646,12120.0,11049.0,1
8477962,Brendan Lemieux,CAR,L,F,77,OZI,O,0.58091,0.57655,0.00436,92,90,2231.0,1535.0,1
8477962,Brendan Lemieux,CAR,L,F,77,DZI,D,0.3838,0.33766,0.04614,68,68,1037.0,1232.0,1
8477962,Brendan Lemieux,CAR,L,F,77,NZI,N,0.4435,0.4751,-0.03159,119,91,2363.0,1265.0,1
8477964,Ivan Barbashev,VGK,C,F,316,OZI,O,0.52737,0.47904,0.04833,701,812,15454.0,14838.0,1
8477964,Ivan Barbashev,VGK,C,F,316,DZI,D,0.40387,0.40757,-0.0037,554,582,9981.0,12393.0,1
8477964,Ivan Barbashev,VGK,C,F,316,NZI,N,0.46845,0.39797,0.07048,610,671,12138.0,11727.0,1
8477969,Marcus Pettersson,VAN,D,D,309,OZI,O,0.5317,0.44183,0.08988,805,756,17207.0,14637.0,1
8477969,Marcus Pettersson,VAN,D,D,309,DZI,D,0.38101,0.35589,0.02512,1015,919,16023.0,18306.0,1
8477969,Marcus Pettersson,VAN,D,D,309,NZI,N,0.42793,0.37506,0.05287,904,930,16318.0,15019.0,1
8477971,Andreas Englund,NSH,D,D,167,OZI,O,0.50289,0.42505,0.07784,223,242,5015.0,4543.0,1
8477971,Andreas Englund,NSH,D,D,167,DZI,D,0.33763,0.37049,-0.03286,282,248,3797.0,4772.0,1
8477971,Andreas Englund,NSH,D,D,167,NZI,N,0.41706,0.28577,0.13129,270,321,4630.0,5200.0,1
8477979,Nicolas Aube-Kubel,MIN,R,F,141,OZI,O,0.51176,0.46949,0.04227,101,113,2423.0,2458.0,1
8477979,Nicolas Aube-Kubel,MIN,R,F,141,DZI,D,0.4025,0.39508,0.00742,370,343,7133.0,7601.0,1
8477979,Nicolas Aube-Kubel,MIN,R,F,141,NZI,N,0.49687,0.38971,0.10716,245,214,4798.0,4044.0,1
8477986,Brandon Montour,SEA,D,D,290,OZI,O,0.50267,0.4772,0.02547,764,872,17584.0,16230.0,1
8477986,Brandon Montour,SEA,D,D,290,DZI,D,0.40232,0.37426,0.02806,800,778,14563.0,16483.0,1
8477986,Brandon Montour,SEA,D,D,290,NZI,N,0.44459,0.3469,0.09769,722,813,13662.0,15705.0,1
8477987,Ryan Donato,CHI,C,F,311,OZI,O,0.51581,0.42757,0.08824,400,488,9236.0,9243.0,1
8477987,Ryan Donato,CHI,C,F,311,DZI,D,0.35235,0.29815,0.0542,472,574,8361.0,11749.0,1
8477987,Ryan Donato,CHI,C,F,311,NZI,N,0.452,0.35374,0.09826,479,612,9062.0,11384.0,1
8477989,Christian Dvorak,PHI,C,F,256,OZI,O,0.49908,0.42845,0.07063,449,397,9782.0,7345.0,1
8477989,Christian Dvorak,PHI,C,F,256,DZI,D,0.35793,0.32229,0.03564,673,502,9569.0,9237.0,1
8477989,Christian Dvorak,PHI,C,F,256,NZI,N,0.38592,0.32268,0.06324,527,491,8963.0,8538.0,1
8477993,Justin Kirkland,CGY,C,F,50,OZI,O,0.55025,0.42627,0.12397,39,45,607.0,746.0,0
8477993,Justin Kirkland,CGY,C,F,50,DZI,D,0.333,0.35331,-0.02031,81,71,1003.0,1268.0,1
8477993,Justin Kirkland,CGY,C,F,50,NZI,N,0.41176,0.18307,0.22869,49,66,1003.0,1016.0,0
8477996,Juho Lammikko,NJD,C,F,24,OZI,O,0.47253,0.44991,0.02262,19,40,364.0,569.0,0
8477996,Juho Lammikko,NJD,C,F,24,DZI,D,0.41913,0.41742,0.00171,24,32,439.0,551.0,0
8477996,Juho Lammikko,NJD,C,F,24,NZI,N,0.43243,0.37284,0.05959,46,27,888.0,464.0,0
8477998,Warren Foegele,OTT,L,F,299,OZI,O,0.5074,0.48564,0.02175,566,562,11490.0,9404.0,1
8477998,Warren Foegele,OTT,L,F,299,DZI,D,0.4012,0.41305,-0.01185,596,539,9666.0,10408.0,1
8477998,Warren Foegele,OTT,L,F,299,NZI,N,0.45771,0.37561,0.0821,634,609,10286.0,10471.0,1
8478010,Brayden Point,TBL,C,F,303,OZI,O,0.54257,0.4514,0.09117,785,913,16785.0,17047.0,1
8478010,Brayden Point,TBL,C,F,303,DZI,D,0.36566,0.36391,0.00175,527,557,9424.0,10346.0,1
8478010,Brayden Point,TBL,C,F,303,NZI,N,0.45947,0.37564,0.08383,614,590,11350.0,10952.0,1
8478013,Jake Walman,EDM,D,D,243,OZI,O,0.51858,0.40943,0.10915,623,549,13458.0,9716.0,1
8478013,Jake Walman,EDM,D,D,243,DZI,D,0.37706,0.37227,0.00479,639,626,9537.0,12268.0,1
8478013,Jake Walman,EDM,D,D,243,NZI,N,0.45176,0.40487,0.04689,600,604,9733.0,9613.0,1
8478017,Mark Friedman,VAN,D,D,51,OZI,O,0.65041,0.54566,0.10475,86,106,1722.0,1325.0,1
8478017,Mark Friedman,VAN,D,D,51,DZI,D,0.23382,0.37761,-0.14379,71,74,757.0,911.0,1
8478017,Mark Friedman,VAN,D,D,51,NZI,N,0.53603,0.42769,0.10834,89,99,1235.0,1300.0,1
8478020,Michael Amadio,OTT,C,F,293,OZI,O,0.57334,0.47563,0.09771,482,387,11283.0,7508.0,1
8478020,Michael Amadio,OTT,C,F,293,DZI,D,0.38705,0.36838,0.01867,647,563,10487.0,11966.0,1
8478020,Michael Amadio,OTT,C,F,293,NZI,N,0.44571,0.36224,0.08347,615,549,10628.0,9861.0,1
8478021,William Lagesson,DET,D,D,47,OZI,O,0.43754,0.39632,0.04122,72,69,1417.0,1196.0,1
8478021,William Lagesson,DET,D,D,47,DZI,D,0.32709,0.49799,-0.17089,59,64,908.0,1490.0,1
8478021,William Lagesson,DET,D,D,47,NZI,N,0.45413,0.38392,0.07021,86,92,1537.0,1443.0,1
8478028,Fredrik Olofsson,COL,L,F,85,OZI,O,0.55185,0.3982,0.15365,54,72,1080.0,1110.0,1
8478028,Fredrik Olofsson,COL,L,F,85,DZI,D,0.41106,0.37367,0.03739,102,110,1338.0,2347.0,1
8478028,Fredrik Olofsson,COL,L,F,85,NZI,N,0.51529,0.43961,0.07568,113,124,1700.0,2070.0,1
8478038,Devon Toews,COL,D,D,305,OZI,O,0.54211,0.47357,0.06854,1207,1215,25386.0,18920.0,1
8478038,Devon Toews,COL,D,D,305,DZI,D,0.4373,0.39391,0.04339,818,832,11930.0,15016.0,1
8478038,Devon Toews,COL,D,D,305,NZI,N,0.45906,0.37472,0.08434,857,1034,12432.0,16196.0,1
8478042,Viktor Arvidsson,BOS,L,F,231,OZI,O,0.5275,0.44638,0.08112,432,425,9691.0,7581.0,1
8478042,Viktor Arvidsson,BOS,L,F,231,DZI,D,0.36953,0.35435,0.01518,472,421,8232.0,9451.0,1
8478042,Viktor Arvidsson,BOS,L,F,231,NZI,N,0.48499,0.42055,0.06444,470,455,7627.0,7961.0,1
8478043,Sam Lafferty,CHI,C,F,238,OZI,O,0.5169,0.4144,0.1025,257,264,5177.0,4445.0,1
8478043,Sam Lafferty,CHI,C,F,238,DZI,D,0.39309,0.2943,0.09879,344,355,5065.0,6969.0,1
8478043,Sam Lafferty,CHI,C,F,238,NZI,N,0.46164,0.29989,0.16174,393,395,6373.0,5702.0,1
8478046,Danton Heinen,CBJ,L,F,264,OZI,O,0.55629,0.51408,0.0422,361,360,7435.0,5680.0,1
8478046,Danton Heinen,CBJ,L,F,264,DZI,D,0.4083,0.37752,0.03078,465,410,7426.0,8148.0,1
8478046,Danton Heinen,CBJ,L,F,264,NZI,N,0.45231,0.38692,0.06538,426,438,7548.0,7495.0,1
8478047,Michael Bunting,DAL,L,F,313,OZI,O,0.52258,0.47089,0.05169,676,705,15056.0,12111.0,1
8478047,Michael Bunting,DAL,L,F,313,DZI,D,0.3571,0.40031,-0.04322,433,451,6494.0,8913.0,1
8478047,Michael Bunting,DAL,L,F,313,NZI,N,0.45996,0.3355,0.12447,601,564,10016.0,10164.0,1
8478051,Max Willman,NJD,C,F,27,OZI,O,0.51827,0.56057,-0.0423,20,25,301.0,421.0,0
8478051,Max Willman,NJD,C,F,27,DZI,D,0.51141,0.40755,0.10386,34,32,526.0,530.0,0
8478051,Max Willman,NJD,C,F,27,NZI,N,0.52564,0.21696,0.30868,33,31,546.0,507.0,0
8478055,Gustav Forsling,FLA,D,D,321,OZI,O,0.55725,0.49887,0.05838,927,948,19083.0,15429.0,1
8478055,Gustav Forsling,FLA,D,D,321,DZI,D,0.44566,0.34167,0.10399,862,841,12799.0,15825.0,1
8478055,Gustav Forsling,FLA,D,D,321,NZI,N,0.48427,0.33781,0.14646,917,915,14467.0,14588.0,1
8478057,Dakota Joshua,TOR,C,F,254,OZI,O,0.5845,0.45145,0.13305,358,324,6864.0,4851.0,1
8478057,Dakota Joshua,TOR,C,F,254,DZI,D,0.38731,0.36691,0.0204,507,465,7157.0,8468.0,1
8478057,Dakota Joshua,TOR,C,F,254,NZI,N,0.49455,0.34329,0.15126,501,551,7799.0,8101.0,1
8478067,Oskar Lindblom,SJS,L,F,74,OZI,O,0.508,0.40871,0.09929,75,86,1250.0,1194.0,1
8478067,Oskar Lindblom,SJS,L,F,74,DZI,D,0.48608,0.39845,0.08763,117,100,1329.0,1418.0,1
8478067,Oskar Lindblom,SJS,L,F,74,NZI,N,0.49718,0.3007,0.19648,83,93,1239.0,1144.0,1
8478078,Rourke Chartier,OTT,C,F,43,OZI,O,0.69466,0.58909,0.10557,31,54,524.0,550.0,0
8478078,Rourke Chartier,OTT,C,F,43,DZI,D,0.39286,0.38619,0.00667,55,46,672.0,782.0,0
8478078,Rourke Chartier,OTT,C,F,43,NZI,N,0.57273,0.39046,0.18227,78,51,990.0,671.0,1
8478099,Kevin Labanc,CBJ,R,F,152,OZI,O,0.52706,0.40769,0.11938,248,236,5339.0,3564.0,1
8478099,Kevin Labanc,CBJ,R,F,152,DZI,D,0.34532,0.35548,-0.01016,272,274,3614.0,4380.0,1
8478099,Kevin Labanc,CBJ,R,F,152,NZI,N,0.47257,0.37547,0.09709,247,255,3864.0,3955.0,1
8478104,Sammy Blais,MTL,L,F,145,OZI,O,0.55897,0.5014,0.05757,172,202,3739.0,3927.0,1
8478104,Sammy Blais,MTL,L,F,145,DZI,D,0.3898,0.37655,0.01324,162,178,2627.0,3779.0,1
8478104,Sammy Blais,MTL,L,F,145,NZI,N,0.54094,0.44556,0.09537,184,245,3261.0,4666.0,1
8478109,Victor Olofsson,CGY,L,F,260,OZI,O,0.56845,0.48641,0.08203,456,463,9197.0,7434.0,1
8478109,Victor Olofsson,CGY,L,F,260,DZI,D,0.37824,0.35713,0.02111,373,420,6250.0,8112.0,1
8478109,Victor Olofsson,CGY,L,F,260,NZI,N,0.47297,0.38051,0.09246,404,439,7121.0,7879.0,1
8478115,Pierre Engvall,NYI,L,F,212,OZI,O,0.49646,0.49521,0.00125,304,356,6214.0,6258.0,1
8478115,Pierre Engvall,NYI,L,F,212,DZI,D,0.46069,0.38984,0.07085,340,345,5559.0,6772.0,1
8478115,Pierre Engvall,NYI,L,F,212,NZI,N,0.47878,0.41107,0.06771,416,360,7233.0,6522.0,1
8478133,Jake Evans,MTL,C,F,286,OZI,O,0.47473,0.4864,-0.01168,338,323,7775.0,6067.0,1
8478133,Jake Evans,MTL,C,F,286,DZI,D,0.38906,0.3713,0.01776,752,575,11317.0,11263.0,1
8478133,Jake Evans,MTL,C,F,286,NZI,N,0.38581,0.33878,0.04703,606,529,10176.0,10402.0,1
8478136,Jake Middleton,MIN,D,D,301,OZI,O,0.51506,0.43921,0.07584,644,733,12684.0,12363.0,1
8478136,Jake Middleton,MIN,D,D,301,DZI,D,0.41708,0.39808,0.019,782,923,12072.0,17381.0,1
8478136,Jake Middleton,MIN,D,D,301,NZI,N,0.43737,0.37624,0.06113,762,847,12479.0,13555.0,1
8478146,Matthew Highmore,OTT,C,F,50,OZI,O,0.38924,0.40801,-0.01877,50,66,948.0,924.0,1
8478146,Matthew Highmore,OTT,C,F,50,DZI,D,0.40531,0.27362,0.13169,63,45,866.0,709.0,0
8478146,Matthew Highmore,OTT,C,F,50,NZI,N,0.34994,0.19091,0.15903,92,86,1566.0,1430.0,1
8478147,Bokondji Imama,PIT,L,F,29,OZI,O,0.71036,0.46605,0.24431,23,21,473.0,324.0,0
8478147,Bokondji Imama,PIT,L,F,29,DZI,D,0.29023,0.21802,0.07221,22,17,348.0,344.0,0
8478147,Bokondji Imama,PIT,L,F,29,NZI,N,0.20787,0.28753,-0.07966,32,24,534.0,473.0,0
8478178,Darren Raddysh,TBL,D,D,245,OZI,O,0.53395,0.45163,0.08232,656,686,13889.0,12827.0,1
8478178,Darren Raddysh,TBL,D,D,245,DZI,D,0.36543,0.33763,0.02781,475,514,7996.0,9398.0,1
8478178,Darren Raddysh,TBL,D,D,245,NZI,N,0.50325,0.34323,0.16002,563,528,10460.0,9836.0,1
8478211,Dryden Hunt,CGY,L,F,73,OZI,O,0.5319,0.55944,-0.02753,82,88,1630.0,1346.0,1
8478211,Dryden Hunt,CGY,L,F,73,DZI,D,0.32839,0.46379,-0.13541,67,97,1078.0,1878.0,1
8478211,Dryden Hunt,CGY,L,F,73,NZI,N,0.43541,0.39159,0.04382,85,94,1525.0,1665.0,1
8478233,Andrew Mangiapane,CHI,L,F,300,OZI,O,0.56593,0.44765,0.11829,559,556,11489.0,9579.0,1
8478233,Andrew Mangiapane,CHI,L,F,300,DZI,D,0.39658,0.36422,0.03236,561,535,8780.0,10609.0,1
8478233,Andrew Mangiapane,CHI,L,F,300,NZI,N,0.46913,0.37044,0.09869,601,602,9669.0,9640.0,1
8478366,Frank Vatrano,ANA,R,F,294,OZI,O,0.51434,0.44787,0.06648,514,661,10771.0,11432.0,1
8478366,Frank Vatrano,ANA,R,F,294,DZI,D,0.36316,0.34162,0.02155,586,694,9811.0,13723.0,1
8478366,Frank Vatrano,ANA,R,F,294,NZI,N,0.41546,0.36127,0.05418,527,592,7582.0,9043.0,1
8478396,Noah Hanifin,VGK,D,D,313,OZI,O,0.54685,0.46621,0.08063,986,949,19468.0,14517.0,1
8478396,Noah Hanifin,VGK,D,D,313,DZI,D,0.43281,0.37897,0.05384,824,824,11296.0,14579.0,1
8478396,Noah Hanifin,VGK,D,D,313,NZI,N,0.42865,0.39634,0.03232,955,950,15726.0,14417.0,1
8478397,Rasmus Andersson,VGK,D,D,319,OZI,O,0.54034,0.45749,0.08285,1070,1098,18157.0,13432.0,1
8478397,Rasmus Andersson,VGK,D,D,319,DZI,D,0.38163,0.35118,0.03045,911,974,11181.0,15021.0,1
8478397,Rasmus Andersson,VGK,D,D,319,NZI,N,0.44494,0.3769,0.06804,916,992,11388.0,12669.0,1
8478398,Kyle Connor,WPG,L,F,310,OZI,O,0.53133,0.47129,0.06004,897,982,22630.0,19485.0,1
8478398,Kyle Connor,WPG,L,F,310,DZI,D,0.40121,0.36677,0.03444,515,570,10416.0,13420.0,1
8478398,Kyle Connor,WPG,L,F,310,NZI,N,0.42408,0.38825,0.03583,565,642,11993.0,12899.0,1
8478399,Jonas Siegenthaler,NJD,D,D,274,OZI,O,0.50554,0.47186,0.03368,647,687,13718.0,10944.0,1
8478399,Jonas Siegenthaler,NJD,D,D,274,DZI,D,0.36877,0.36892,-0.00016,767,678,12371.0,12813.0,1
8478399,Jonas Siegenthaler,NJD,D,D,274,NZI,N,0.4105,0.3598,0.0507,785,767,13927.0,13919.0,1
8478400,Colin White,SJS,C,F,99,OZI,O,0.47653,0.52522,-0.04869,103,134,1981.0,2300.0,1
8478400,Colin White,SJS,C,F,99,DZI,D,0.40479,0.39006,0.01472,123,127,1754.0,2174.0,1
8478400,Colin White,SJS,C,F,99,NZI,N,0.46974,0.33152,0.13822,139,172,2082.0,2389.0,1
8478401,Pavel Zacha,BOS,C,F,320,OZI,O,0.49424,0.47014,0.02409,696,722,14224.0,12141.0,1
8478401,Pavel Zacha,BOS,C,F,320,DZI,D,0.35917,0.37948,-0.02032,632,539,10065.0,11131.0,1
8478401,Pavel Zacha,BOS,C,F,320,NZI,N,0.4272,0.35186,0.07534,513,550,8001.0,9140.0,1
8478402,Connor McDavid,EDM,C,F,306,OZI,O,0.59001,0.5582,0.03181,975,923,23469.0,18900.0,1
8478402,Connor McDavid,EDM,C,F,306,DZI,D,0.43874,0.39664,0.0421,594,576,10806.0,13148.0,1
8478402,Connor McDavid,EDM,C,F,306,NZI,N,0.50427,0.42109,0.08318,690,739,13003.0,13712.0,1
8478403,Jack Eichel,VGK,C,F,282,OZI,O,0.53553,0.51486,0.02067,745,816,16087.0,14674.0,1
8478403,Jack Eichel,VGK,C,F,282,DZI,D,0.4008,0.40456,-0.00377,512,571,9037.0,12799.0,1
8478403,Jack Eichel,VGK,C,F,282,NZI,N,0.44206,0.40299,0.03906,515,606,10243.0,10618.0,1
8478407,Vince Dunn,SEA,D,D,282,OZI,O,0.53163,0.44827,0.08335,865,987,19683.0,19129.0,1
8478407,Vince Dunn,SEA,D,D,282,DZI,D,0.39535,0.37764,0.0177,756,720,12589.0,13759.0,1
8478407,Vince Dunn,SEA,D,D,282,NZI,N,0.44347,0.3896,0.05388,735,883,14046.0,15167.0,1
8478408,Travis Dermott,MIN,D,D,80,OZI,O,0.53464,0.48421,0.05043,133,140,2757.0,2121.0,1
8478408,Travis Dermott,MIN,D,D,80,DZI,D,0.35626,0.33333,0.02292,172,192,2341.0,3312.0,1
8478408,Travis Dermott,MIN,D,D,80,NZI,N,0.4585,0.34065,0.11785,147,193,2024.0,2416.0,1
8478409,Anthony Richard,PHI,C,F,38,OZI,O,0.55246,0.48092,0.07153,44,54,1220.0,865.0,0
8478409,Anthony Richard,PHI,C,F,38,DZI,D,0.31614,0.27713,0.039,54,45,1066.0,1032.0,0
8478409,Anthony Richard,PHI,C,F,38,NZI,N,0.35534,0.24544,0.1099,54,64,909.0,1096.0,1
8478413,Jordan Greenway,BUF,L,F,203,OZI,O,0.60875,0.51151,0.09725,310,365,7425.0,6866.0,1
8478413,Jordan Greenway,BUF,L,F,203,DZI,D,0.37616,0.37403,0.00213,399,427,6048.0,8871.0,1
8478413,Jordan Greenway,BUF,L,F,203,NZI,N,0.46616,0.42805,0.03811,368,448,5792.0,7422.0,1
8478414,Timo Meier,NJD,R,F,304,OZI,O,0.50571,0.46134,0.04437,757,688,17170.0,12505.0,1
8478414,Timo Meier,NJD,R,F,304,DZI,D,0.39829,0.35644,0.04185,746,686,12870.0,13635.0,1
8478414,Timo Meier,NJD,R,F,304,NZI,N,0.44162,0.37831,0.06331,758,721,12058.0,12289.0,1
8478415,Jakub Zboril,BOS,D,D,22,OZI,O,0.60892,0.43137,0.17755,41,32,762.0,510.0,0
8478415,Jakub Zboril,BOS,D,D,22,DZI,D,0.41679,0.51213,-0.09534,33,27,667.0,371.0,0
8478415,Jakub Zboril,BOS,D,D,22,NZI,N,0.50707,0.23762,0.26945,43,38,495.0,606.0,0
8478416,Erik Cernak,TBL,D,D,276,OZI,O,0.54842,0.45892,0.0895,514,585,10346.0,8788.0,1
8478416,Erik Cernak,TBL,D,D,276,DZI,D,0.38949,0.34048,0.04901,811,701,11302.0,11431.0,1
8478416,Erik Cernak,TBL,D,D,276,NZI,N,0.47995,0.36885,0.11111,808,772,11922.0,11517.0,1
8478420,Mikko Rantanen,DAL,R,F,308,OZI,O,0.53391,0.46719,0.06672,1115,1101,23605.0,17877.0,1
8478420,Mikko Rantanen,DAL,R,F,308,DZI,D,0.43361,0.38808,0.04553,661,693,10498.0,13541.0,1
8478420,Mikko Rantanen,DAL,R,F,308,NZI,N,0.43494,0.39777,0.03717,718,899,10698.0,14541.0,1
8478421,A.J. Greer,FLA,L,F,279,OZI,O,0.51779,0.47886,0.03893,260,341,5846.0,5747.0,1
8478421,A.J. Greer,FLA,L,F,279,DZI,D,0.39922,0.34972,0.04951,343,314,5398.0,5819.0,1
8478421,A.J. Greer,FLA,L,F,279,NZI,N,0.45157,0.38654,0.06503,422,459,7093.0,7461.0,1
8478424,Jansen Harkins,ANA,C,F,173,OZI,O,0.50078,0.42263,0.07816,106,138,2552.0,2811.0,1
8478424,Jansen Harkins,ANA,C,F,173,DZI,D,0.3775,0.35977,0.01772,308,277,5110.0,5459.0,1
8478424,Jansen Harkins,ANA,C,F,173,NZI,N,0.42893,0.32817,0.10076,272,216,4833.0,4065.0,1
8478427,Sebastian Aho,CAR,C,F,311,OZI,O,0.5611,0.51638,0.04472,858,797,20957.0,15595.0,1
8478427,Sebastian Aho,CAR,C,F,311,DZI,D,0.41708,0.34771,0.06937,504,533,7742.0,10414.0,1
8478427,Sebastian Aho,CAR,C,F,311,NZI,N,0.46646,0.40689,0.05957,556,569,11002.0,9172.0,1
8478430,Oliver Kylington,ANA,D,D,52,OZI,O,0.47889,0.4116,0.06729,126,121,2226.0,1742.0,1
8478430,Oliver Kylington,ANA,D,D,52,DZI,D,0.29683,0.3952,-0.09837,93,94,1169.0,1584.0,1
8478430,Oliver Kylington,ANA,D,D,52,NZI,N,0.46715,0.31059,0.15656,100,118,1522.0,1803.0,1
8478431,Evgeny Svechnikov,SJS,L,F,59,OZI,O,0.5853,0.55833,0.02698,81,72,1946.0,1123.0,1
8478431,Evgeny Svechnikov,SJS,L,F,59,DZI,D,0.41114,0.38323,0.02791,117,87,1221.0,1276.0,1
8478431,Evgeny Svechnikov,SJS,L,F,59,NZI,N,0.4467,0.36186,0.08484,96,84,1332.0,818.0,1
8478432,Christian Fischer,CBJ,R,F,205,OZI,O,0.47772,0.47721,0.00051,246,323,4534.0,5266.0,1
8478432,Christian Fischer,CBJ,R,F,205,DZI,D,0.38993,0.32201,0.06792,348,405,4788.0,7183.0,1
8478432,Christian Fischer,CBJ,R,F,205,NZI,N,0.41486,0.33749,0.07737,341,396,4833.0,6095.0,1
8478434,Keegan Kolesar,VGK,R,F,318,OZI,O,0.55307,0.49434,0.05874,355,359,7075.0,6710.0,1
8478434,Keegan Kolesar,VGK,R,F,318,DZI,D,0.4136,0.39795,0.01565,574,542,9456.0,11014.0,1
8478434,Keegan Kolesar,VGK,R,F,318,NZI,N,0.48298,0.40464,0.07835,757,727,13017.0,12641.0,1
8478438,Tommy Novak,PIT,C,F,258,OZI,O,0.5289,0.49524,0.03366,454,547,10675.0,9248.0,1
8478438,Tommy Novak,PIT,C,F,258,DZI,D,0.41763,0.39167,0.02596,223,302,3563.0,5783.0,1
8478438,Tommy Novak,PIT,C,F,258,NZI,N,0.43178,0.37462,0.05716,368,483,6626.0,7637.0,1
8478439,Travis Konecny,PHI,R,F,295,OZI,O,0.55475,0.47222,0.08253,720,769,15452.0,13121.0,1
8478439,Travis Konecny,PHI,R,F,295,DZI,D,0.44255,0.39045,0.0521,588,588,9382.0,11625.0,1
8478439,Travis Konecny,PHI,R,F,295,NZI,N,0.47373,0.36644,0.10729,661,657,11456.0,11156.0,1
8478440,Dylan Strome,WSH,C,F,325,OZI,O,0.53503,0.43613,0.0989,904,861,20769.0,16016.0,1
8478440,Dylan Strome,WSH,C,F,325,DZI,D,0.37167,0.38174,-0.01007,450,366,7286.0,6976.0,1
8478440,Dylan Strome,WSH,C,F,325,NZI,N,0.44815,0.35358,0.09457,609,611,11099.0,11938.0,1
8478443,Brandon Carlo,TOR,D,D,289,OZI,O,0.5341,0.41073,0.12337,386,426,8036.0,6564.0,1
8478443,Brandon Carlo,TOR,D,D,289,DZI,D,0.40941,0.34319,0.06622,890,770,13534.0,14129.0,1
8478443,Brandon Carlo,TOR,D,D,289,NZI,N,0.41087,0.33646,0.0744,753,695,12313.0,10970.0,1
8478444,Brock Boeser,VAN,R,F,304,OZI,O,0.57819,0.47282,0.10537,688,663,14829.0,11129.0,1
8478444,Brock Boeser,VAN,R,F,304,DZI,D,0.40147,0.31272,0.08875,642,602,9667.0,11301.0,1
8478444,Brock Boeser,VAN,R,F,304,NZI,N,0.4403,0.34817,0.09213,606,630,10361.0,10581.0,1
8478445,Mathew Barzal,NYI,C,F,249,OZI,O,0.52389,0.50322,0.02067,640,637,16093.0,11963.0,1
8478445,Mathew Barzal,NYI,C,F,249,DZI,D,0.41638,0.38217,0.03421,398,400,7253.0,8805.0,1
8478445,Mathew Barzal,NYI,C,F,249,NZI,N,0.49035,0.38087,0.10948,467,502,9067.0,10077.0,1
8478449,Roope Hintz,DAL,C,F,282,OZI,O,0.55176,0.42346,0.1283,687,577,14867.0,8473.0,1
8478449,Roope Hintz,DAL,C,F,282,DZI,D,0.33633,0.35068,-0.01435,655,551,8908.0,9245.0,1
8478449,Roope Hintz,DAL,C,F,282,NZI,N,0.42955,0.32288,0.10667,657,622,9333.0,8771.0,1
8478450,Parker Wotherspoon,PIT,D,D,188,OZI,O,0.51854,0.44805,0.07049,342,389,8063.0,7276.0,1
8478450,Parker Wotherspoon,PIT,D,D,188,DZI,D,0.39424,0.37732,0.01692,438,459,7087.0,9207.0,1
8478450,Parker Wotherspoon,PIT,D,D,188,NZI,N,0.40335,0.37252,0.03083,462,485,8598.0,8762.0,1
8478451,Ethan Bear,WSH,D,D,85,OZI,O,0.52773,0.50935,0.01838,189,209,3985.0,3102.0,1
8478451,Ethan Bear,WSH,D,D,85,DZI,D,0.35319,0.32277,0.03042,202,164,2384.0,2525.0,1
8478451,Ethan Bear,WSH,D,D,85,NZI,N,0.52418,0.32273,0.20144,175,217,2337.0,3207.0,1
8478452,Caleb Jones,PIT,D,D,111,OZI,O,0.53233,0.43459,0.09774,215,209,4779.0,3608.0,1
8478452,Caleb Jones,PIT,D,D,111,DZI,D,0.36729,0.31685,0.05044,208,236,3436.0,4854.0,1
8478452,Caleb Jones,PIT,D,D,111,NZI,N,0.45434,0.31058,0.14376,252,226,4446.0,3706.0,1
8478454,Noah Juulsen,PHI,D,D,153,OZI,O,0.53144,0.38573,0.14571,228,293,3848.0,4135.0,1
8478454,Noah Juulsen,PHI,D,D,153,DZI,D,0.33088,0.35452,-0.02364,318,286,3935.0,4358.0,1
8478454,Noah Juulsen,PHI,D,D,153,NZI,N,0.42649,0.30979,0.1167,284,291,3782.0,4248.0,1
8478458,Jack Roslovic,EDM,C,F,285,OZI,O,0.52698,0.43551,0.09147,627,608,14139.0,11506.0,1
8478458,Jack Roslovic,EDM,C,F,285,DZI,D,0.377,0.33706,0.03994,485,432,8199.0,9046.0,1
8478458,Jack Roslovic,EDM,C,F,285,NZI,N,0.47594,0.36373,0.11221,509,563,9247.0,11055.0,1
8478460,Zach Werenski,CBJ,D,D,239,OZI,O,0.51651,0.44467,0.07184,903,973,22838.0,19293.0,1
8478460,Zach Werenski,CBJ,D,D,239,DZI,D,0.36799,0.37403,-0.00604,736,763,13435.0,16822.0,1
8478460,Zach Werenski,CBJ,D,D,239,NZI,N,0.45372,0.37479,0.07893,784,765,15040.0,15574.0,1
8478462,Nicolas Roy,COL,C,F,279,OZI,O,0.5259,0.49607,0.02982,342,376,7665.0,6624.0,1
8478462,Nicolas Roy,COL,C,F,279,DZI,D,0.38814,0.38491,0.00323,592,538,10522.0,11369.0,1
8478462,Nicolas Roy,COL,C,F,279,NZI,N,0.43432,0.41155,0.02277,610,609,10566.0,10859.0,1
8478463,Anthony Beauvillier,WSH,L,F,305,OZI,O,0.5199,0.46319,0.05671,555,574,12641.0,10499.0,1
8478463,Anthony Beauvillier,WSH,L,F,305,DZI,D,0.35248,0.41541,-0.06293,559,483,9087.0,10019.0,1
8478463,Anthony Beauvillier,WSH,L,F,305,NZI,N,0.4196,0.38325,0.03635,540,548,9559.0,9829.0,1
8478465,Guillaume Brisebois,VAN,D,D,20,OZI,O,0.49064,0.41542,0.07522,37,35,534.0,467.0,0
8478465,Guillaume Brisebois,VAN,D,D,20,DZI,D,0.3365,0.16869,0.16781,48,52,526.0,658.0,0
8478465,Guillaume Brisebois,VAN,D,D,20,NZI,N,0.50358,0.32755,0.17603,45,50,419.0,519.0,0
8478466,Daniel Sprong,NJD,R,F,172,OZI,O,0.47087,0.50073,-0.02986,195,232,4309.0,4775.0,1
8478466,Daniel Sprong,NJD,R,F,172,DZI,D,0.42315,0.29745,0.1257,179,204,2583.0,3772.0,1
8478466,Daniel Sprong,NJD,R,F,172,NZI,N,0.44885,0.34514,0.10371,214,216,3988.0,3897.0,1
8478468,Jeremy Lauzon,VGK,D,D,242,OZI,O,0.51358,0.42167,0.09191,410,409,8061.0,6690.0,1
8478468,Jeremy Lauzon,VGK,D,D,242,DZI,D,0.38392,0.35337,0.03055,612,536,8968.0,10496.0,1
8478468,Jeremy Lauzon,VGK,D,D,242,NZI,N,0.43734,0.34511,0.09223,637,571,10262.0,9959.0,1
8478469,Thomas Chabot,OTT,D,D,256,OZI,O,0.53,0.44221,0.0878,754,749,16615.0,13297.0,1
8478469,Thomas Chabot,OTT,D,D,256,DZI,D,0.37474,0.36616,0.00858,662,649,10546.0,12541.0,1
8478469,Thomas Chabot,OTT,D,D,256,NZI,N,0.45339,0.33291,0.12048,720,641,12702.0,11796.0,1
8478472,Mathieu Joseph,LAK,R,F,238,OZI,O,0.53663,0.46336,0.07326,273,333,6034.0,5063.0,1
8478472,Mathieu Joseph,LAK,R,F,238,DZI,D,0.3914,0.41624,-0.02484,394,414,6022.0,7217.0,1
8478472,Mathieu Joseph,LAK,R,F,238,NZI,N,0.42339,0.37397,0.04942,488,439,8054.0,7292.0,1
8478474,Lawson Crouse,UTA,L,F,319,OZI,O,0.55932,0.47682,0.0825,530,563,10620.0,9188.0,1
8478474,Lawson Crouse,UTA,L,F,319,DZI,D,0.39172,0.3725,0.01922,628,644,8986.0,11973.0,1
8478474,Lawson Crouse,UTA,L,F,319,NZI,N,0.50261,0.35789,0.14472,696,775,11307.0,11526.0,1
8478476,Kyle Capobianco,DAL,D,D,48,OZI,O,0.60013,0.36387,0.23626,84,75,1578.0,1179.0,1
8478476,Kyle Capobianco,DAL,D,D,48,DZI,D,0.29356,0.47336,-0.1798,58,65,637.0,1145.0,1
8478476,Kyle Capobianco,DAL,D,D,48,NZI,N,0.46863,0.42482,0.04381,75,65,1291.0,838.0,1
8478477,Mitchell Stephens,SEA,C,F,51,OZI,O,0.59779,0.55821,0.03958,51,39,997.0,627.0,0
8478477,Mitchell Stephens,SEA,C,F,51,DZI,D,0.23126,0.42365,-0.19238,58,41,467.0,609.0,0
8478477,Mitchell Stephens,SEA,C,F,51,NZI,N,0.23655,0.3674,-0.13086,50,44,799.0,724.0,0
8478483,Mitch Marner,VGK,R,F,311,OZI,O,0.50607,0.49716,0.00891,824,752,17699.0,13579.0,1
8478483,Mitch Marner,VGK,R,F,311,DZI,D,0.37955,0.37483,0.00472,665,533,11316.0,11357.0,1
8478483,Mitch Marner,VGK,R,F,311,NZI,N,0.45132,0.33467,0.11664,749,643,12355.0,11710.0,1
8478493,Joel Eriksson Ek,MIN,C,F,271,OZI,O,0.5719,0.48822,0.08368,498,527,11322.0,9377.0,1
8478493,Joel Eriksson Ek,MIN,C,F,271,DZI,D,0.43073,0.39976,0.03097,569,668,8474.0,14106.0,1
8478493,Joel Eriksson Ek,MIN,C,F,271,NZI,N,0.49818,0.43607,0.06212,610,687,9637.0,11684.0,1
8478495,Denis Gurianov,PHI,R,F,84,OZI,O,0.58081,0.45734,0.12347,115,138,1980.0,2438.0,1
8478495,Denis Gurianov,PHI,R,F,84,DZI,D,0.34631,0.41039,-0.06408,147,141,2004.0,2773.0,1
8478495,Denis Gurianov,PHI,R,F,84,NZI,N,0.44396,0.34465,0.09931,166,177,2061.0,2710.0,1
8478498,Jake DeBrusk,VAN,L,F,306,OZI,O,0.55637,0.46058,0.09579,673,655,12684.0,11757.0,1
8478498,Jake DeBrusk,VAN,L,F,306,DZI,D,0.39877,0.36426,0.03451,666,631,9246.0,12332.0,1
8478498,Jake DeBrusk,VAN,L,F,306,NZI,N,0.45245,0.36392,0.08853,562,569,9064.0,8543.0,1
8478500,Ivan Provorov,CBJ,D,D,328,OZI,O,0.53389,0.47714,0.05674,780,928,18090.0,16712.0,1
8478500,Ivan Provorov,CBJ,D,D,328,DZI,D,0.39025,0.37282,0.01744,903,944,15103.0,19645.0,1
8478500,Ivan Provorov,CBJ,D,D,328,NZI,N,0.42095,0.37244,0.04851,939,951,16166.0,17799.0,1
8478502,Dennis Gilbert,OTT,D,D,94,OZI,O,0.53886,0.38476,0.15409,132,151,2715.0,2599.0,1
8478502,Dennis Gilbert,OTT,D,D,94,DZI,D,0.27564,0.36616,-0.09052,129,105,1404.0,1584.0,1
8478502,Dennis Gilbert,OTT,D,D,94,NZI,N,0.37236,0.31475,0.05761,131,144,1939.0,2421.0,1
8478507,John Marino,UTA,D,D,253,OZI,O,0.51986,0.48391,0.03595,639,601,12917.0,9355.0,1
8478507,John Marino,UTA,D,D,253,DZI,D,0.38943,0.39941,-0.00998,751,600,10536.0,11765.0,1
8478507,John Marino,UTA,D,D,253,NZI,N,0.47891,0.3792,0.09971,725,731,11737.0,11221.0,1
8478508,Yakov Trenin,MIN,C,F,311,OZI,O,0.5126,0.47495,0.03765,357,364,8451.0,6887.0,1
8478508,Yakov Trenin,MIN,C,F,311,DZI,D,0.37824,0.3808,-0.00256,626,592,11186.0,13763.0,1
8478508,Yakov Trenin,MIN,C,F,311,NZI,N,0.43578,0.35911,0.07667,546,555,10418.0,10888.0,1
8478512,Austin Czarnik,DET,C,F,63,OZI,O,0.49495,0.49726,-0.00231,65,84,1386.0,1462.0,1
8478512,Austin Czarnik,DET,C,F,63,DZI,D,0.3857,0.29297,0.09273,75,85,783.0,1379.0,1
8478512,Austin Czarnik,DET,C,F,63,NZI,N,0.40913,0.37448,0.03465,70,97,1183.0,1442.0,1
8478519,Anthony Cirelli,TBL,C,F,288,OZI,O,0.54782,0.47372,0.0741,553,551,13269.0,10082.0,1
8478519,Anthony Cirelli,TBL,C,F,288,DZI,D,0.39439,0.36429,0.03009,729,626,12896.0,12855.0,1
8478519,Anthony Cirelli,TBL,C,F,288,NZI,N,0.4617,0.38875,0.07295,673,631,11659.0,11326.0,1
8478542,Evan Rodrigues,FLA,C,F,300,OZI,O,0.52293,0.50179,0.02114,675,658,15656.0,11190.0,1
8478542,Evan Rodrigues,FLA,C,F,300,DZI,D,0.42751,0.37421,0.0533,564,549,8456.0,10072.0,1
8478542,Evan Rodrigues,FLA,C,F,300,NZI,N,0.51882,0.39922,0.1196,584,608,10468.0,10295.0,1
8478550,Artemi Panarin,LAK,L,F,321,OZI,O,0.53208,0.50738,0.0247,898,811,22023.0,15984.0,1
8478550,Artemi Panarin,LAK,L,F,321,DZI,D,0.37558,0.3788,-0.00322,495,419,8853.0,9076.0,1
8478550,Artemi Panarin,LAK,L,F,321,NZI,N,0.42339,0.38058,0.0428,689,606,13666.0,12536.0,1
8478569,Noel Acciari,PIT,C,F,278,OZI,O,0.47804,0.43416,0.04388,222,198,5010.0,3729.0,1
8478569,Noel Acciari,PIT,C,F,278,DZI,D,0.4056,0.35509,0.0505,815,668,12754.0,12484.0,1
8478569,Noel Acciari,PIT,C,F,278,NZI,N,0.46495,0.33562,0.12933,483,369,8730.0,6409.0,1
8478585,Derek Ryan,EDM,C,F,186,OZI,O,0.50348,0.42953,0.07395,249,201,4886.0,3122.0,1
8478585,Derek Ryan,EDM,C,F,186,DZI,D,0.44167,0.41589,0.02578,332,284,4046.0,4530.0,1
8478585,Derek Ryan,EDM,C,F,186,NZI,N,0.4884,0.38259,0.10581,305,261,4656.0,3607.0,1
