player_id,season,position,teams_in_season,GP,qualifying_GP,TOI_total_sec,xG_QG_count,xG_qual_GP,xG_QG_pct,NFI_QG_count,NFI_qual_GP,NFI_QG_pct,RelxG_QG_count,RelxG_qual_GP,RelxG_QG_pct,RelNFI_QG_count,RelNFI_qual_GP,RelNFI_QG_pct,RelxG_F_pct,RelxG_A_pct,RelxG_pct
8470595,20222023,F,FLA,72,67,49664,34,67,0.5074626865671642,35.0,67,0.5223880597014925,29,67,0.43283582089552236,31.5,67,0.4701492537313433,-0.2889019769412,-0.38503975434512716,-0.6739417312863272
8470600,20222023,D,DAL,82,82,81990,46,82,0.5609756097560976,43.0,82,0.524390243902439,39,82,0.47560975609756095,44.5,82,0.5426829268292683,0.11684444870152788,-0.025771605106545525,0.09107284359498236
8470600,20232024,D,DAL,82,82,82388,44,82,0.5365853658536586,46.0,82,0.5609756097560976,30,82,0.36585365853658536,32.0,82,0.3902439024390244,-0.11115199713065316,-0.07796483519752018,-0.18911683232817333
8470600,20242025,D,STL,80,80,83562,38,80,0.475,38.0,80,0.475,34,80,0.425,39.0,80,0.4875,-0.08218509919481454,-0.3344083650756666,-0.41659346427048116
8470604,20222023,F,PIT,79,67,50731,32,67,0.47761194029850745,28.5,65,0.43846153846153846,27,67,0.40298507462686567,23.5,65,0.36153846153846153,-0.807093998356224,0.03290994030132932,-0.7741840580548947
8470604,20232024,F,PIT,72,61,41633,17,61,0.2786885245901639,18.5,60,0.30833333333333335,15,61,0.2459016393442623,16.0,60,0.26666666666666666,-1.0578461237649324,0.18771043113509256,-0.8701356926298398
8470610,20222023,F,NYI,82,82,63827,37,82,0.45121951219512196,39.5,81,0.4876543209876543,41,82,0.5,44.5,81,0.5493827160493827,-0.13615057172794565,0.055816335590863186,-0.08033423613708246
8470610,20232024,F,COL,30,30,19969,18,30,0.6,17.0,30,0.5666666666666667,16,30,0.5333333333333333,16.0,30,0.5333333333333333,0.12409910548945557,-0.10868923512055106,0.01540987036890451
8470613,20222023,D,CAR,82,82,91224,57,82,0.6951219512195121,55.0,82,0.6707317073170732,42,82,0.5121951219512195,42.5,82,0.5182926829268293,-0.06774129493780423,0.19331532093735637,0.12557402599955214
8470613,20232024,D,CAR,82,81,84314,54,81,0.6666666666666666,56.5,81,0.6975308641975309,44,81,0.5432098765432098,45.5,81,0.5617283950617284,0.0067329215107392315,0.15477537766790705,0.1615082991786463
8470613,20242025,D,CAR,78,77,79238,49,77,0.6363636363636364,44.5,77,0.577922077922078,33,77,0.42857142857142855,33.5,77,0.43506493506493504,-0.12799174653058198,-0.18352255389406924,-0.3115143004246512
8470613,20252026,D,COL,81,81,75581,50,81,0.6172839506172839,53.5,81,0.6604938271604939,36,81,0.4444444444444444,40.0,81,0.49382716049382713,-0.04679826534566134,-0.30934619801652685,-0.3561444633621882
8470621,20222023,F,TBL,81,66,46286,38,66,0.5757575757575758,38.0,65,0.5846153846153846,37,66,0.5606060606060606,37.5,65,0.5769230769230769,-0.39427964380861846,0.4282246640429799,0.03394502023436141
8470621,20232024,F,"CHI,EDM",54,52,37052,26,52,0.5,28.0,51,0.5490196078431373,25,52,0.4807692307692308,26.0,51,0.5098039215686274,0.07044637306697776,0.25595809527824276,0.3264044683452205
8470621,20242025,F,EDM,77,67,48394,32,67,0.47761194029850745,29.5,67,0.44029850746268656,31,67,0.4626865671641791,28.0,67,0.417910447761194,-0.0317075401631266,-0.25429039388139785,-0.28599793404452445
8470621,20252026,F,"LAK,TBL",72,64,49777,33,64,0.515625,33.0,63,0.5238095238095238,36,64,0.5625,35.5,63,0.5634920634920635,-0.45238788337409463,0.13362709796914451,-0.3187607854049501
8470638,20222023,F,BOS,78,77,61995,59,77,0.7662337662337663,59.0,76,0.7763157894736842,59,77,0.7662337662337663,53.0,76,0.6973684210526315,0.4670331448821332,0.8078522970994064,1.2748854419815396
8470794,20222023,F,DAL,82,82,70610,55,82,0.6707317073170732,55.5,82,0.676829268292683,54,82,0.6585365853658537,46.0,82,0.5609756097560976,0.5979039098083985,0.17633853105298103,0.7742424408613795
8470794,20232024,F,DAL,82,82,69770,50,82,0.6097560975609756,50.0,82,0.6097560975609756,38,82,0.4634146341463415,44.0,82,0.5365853658536586,-0.27744128413755176,0.14794341466770833,-0.12949786946984343
8470966,20222023,D,TOR,78,78,73213,55,78,0.7051282051282052,52.5,78,0.6730769230769231,47,78,0.6025641025641025,41.0,78,0.5256410256410257,0.29047037934032494,0.17874948651423717,0.4692198658545621
8470966,20232024,D,TOR,46,44,38807,27,44,0.6136363636363636,27.5,44,0.625,26,44,0.5909090909090909,26.0,44,0.5909090909090909,0.3406070964520085,0.18689478515037994,0.5275018816023884
8471214,20222023,F,WSH,73,73,67807,27,73,0.3698630136986301,32.5,73,0.4452054794520548,28,73,0.3835616438356164,31.0,73,0.4246575342465753,0.198317682902736,-0.4768279273197189,-0.2785102444169829
8471214,20232024,F,WSH,79,79,70615,29,79,0.3670886075949367,36.0,79,0.45569620253164556,34,79,0.43037974683544306,40.5,79,0.5126582278481012,-0.034237440407999475,-0.41755807650809285,-0.4517955169160923
8471214,20242025,F,WSH,63,62,51847,24,62,0.3870967741935484,30.5,62,0.49193548387096775,21,62,0.3387096774193548,23.0,62,0.3709677419354839,-0.31005022518040937,-0.6588108608271743,-0.9688610860075837
8471214,20252026,F,WSH,82,81,65089,43,81,0.5308641975308642,42.0,81,0.5185185185185185,41,81,0.5061728395061729,42.5,81,0.5246913580246914,-0.012663508813946844,0.012228210895329106,-0.0004352979186177386
8471215,20222023,F,PIT,82,82,73542,46,82,0.5609756097560976,46.5,82,0.5670731707317073,49,82,0.5975609756097561,45.0,82,0.5487804878048781,0.293091437091725,0.16095347186073594,0.45404490895246097
8471215,20232024,F,PIT,82,82,73379,46,82,0.5609756097560976,45.0,82,0.5487804878048781,43,82,0.524390243902439,48.5,82,0.5914634146341463,-0.07612184396498156,0.19868669944835116,0.1225648554833696
8471215,20242025,F,PIT,65,64,58139,27,64,0.421875,28.0,64,0.4375,29,64,0.453125,26.5,64,0.4140625,-0.037691628784950026,-0.28361790245074836,-0.3213095312356984
8471215,20252026,F,PIT,56,55,48424,28,55,0.509090909090909,30.0,55,0.5454545454545454,33,55,0.6,31.0,55,0.5636363636363636,0.4037006688085598,-0.12052396203666582,0.283176706771894
8471218,20222023,F,WPG,72,72,59404,43,72,0.5972222222222222,39.0,72,0.5416666666666666,37,72,0.5138888888888888,36.5,72,0.5069444444444444,0.1943765914794513,-0.028732701408297867,0.16564389007115343
8471218,20232024,F,NYR,54,51,36551,17,51,0.3333333333333333,23.5,50,0.47,17,51,0.3333333333333333,22.0,50,0.44,-0.11852367946950482,-0.2883872645564396,-0.4069109440259444
8471274,20222023,D,MIN,46,44,41821,26,44,0.5909090909090909,20.5,44,0.4659090909090909,22,44,0.5,22.5,44,0.5113636363636364,0.5575073291134309,-0.2378991217818789,0.31960820733155204
8471274,20232024,D,MIN,36,33,28179,16,33,0.48484848484848486,12.0,32,0.375,15,33,0.45454545454545453,12.5,32,0.390625,-0.10573752881992826,-0.2730072560719128,-0.37874478489184105
8471276,20222023,F,BOS,70,69,56199,31,69,0.4492753623188406,27.0,68,0.39705882352941174,19,69,0.2753623188405797,20.5,68,0.3014705882352941,-0.1743871884692485,-0.6043158066923691,-0.7787029951616176
8471303,20222023,D,LAK,64,63,49454,31,63,0.49206349206349204,35.0,63,0.5555555555555556,24,63,0.38095238095238093,29.0,63,0.4603174603174603,0.049002236024703105,-0.39481990490746677,-0.34581766888276366
8471669,20222023,F,CAR,73,51,43412,33,51,0.6470588235294118,31.5,51,0.6176470588235294,21,51,0.4117647058823529,21.5,51,0.4215686274509804,0.30499056518802936,-0.1712787088601182,0.13371185632791116
8471675,20222023,F,PIT,82,82,80070,49,82,0.5975609756097561,47.0,82,0.573170731707317,44,82,0.5365853658536586,51.5,82,0.6280487804878049,0.2829851073220926,-0.0673091069477012,0.21567600037439139
8471675,20232024,F,PIT,82,82,79776,48,82,0.5853658536585366,50.0,82,0.6097560975609756,54,82,0.6585365853658537,49.0,82,0.5975609756097561,0.9330503601910327,-0.3402763826598445,0.5927739775311882
8471675,20242025,F,PIT,77,77,78520,38,77,0.4935064935064935,34.5,77,0.44805194805194803,49,77,0.6363636363636364,41.0,77,0.5324675324675324,0.6953668464940703,-0.17248709281356067,0.5228797536805097
8471675,20252026,F,PIT,68,67,64466,32,67,0.47761194029850745,30.5,67,0.4552238805970149,28,67,0.417910447761194,24.5,67,0.3656716417910448,-0.17759021970528188,-0.14650459905398927,-0.32409481875927115
8471677,20222023,D,"CHI,COL",83,83,82403,24,83,0.2891566265060241,23.5,83,0.28313253012048195,28,83,0.3373493975903614,28.5,83,0.3433734939759036,-0.439801131942271,-0.5196359173621552,-0.9594370493044262
8471677,20232024,D,COL,80,80,63829,39,80,0.4875,43.0,80,0.5375,32,80,0.4,40.0,80,0.5,-0.15554774692114792,-0.3534059868954764,-0.5089537338166243
8471677,20242025,D,CBJ,41,35,27004,16,35,0.45714285714285713,14.5,34,0.4264705882352941,13,35,0.37142857142857144,13.0,34,0.38235294117647056,-0.18107490487980282,-0.6735314455185377,-0.8546063503983405
8471685,20222023,F,LAK,82,82,77530,49,82,0.5975609756097561,48.5,82,0.5914634146341463,46,82,0.5609756097560976,42.0,82,0.5121951219512195,-0.002458063578468561,0.2388421110758805,0.23638404749741193
8471685,20232024,F,LAK,81,81,74605,41,81,0.5061728395061729,40.5,81,0.5,40,81,0.49382716049382713,37.5,81,0.46296296296296297,-0.552411027397925,0.364153794133939,-0.18825723326398602
8471685,20242025,F,LAK,78,78,72811,40,78,0.5128205128205128,42.5,76,0.5592105263157895,26,78,0.3333333333333333,28.0,76,0.3684210526315789,-0.2582052799792254,-0.1460992861169632,-0.4043045660961886
8471685,20252026,F,LAK,66,65,60715,28,65,0.4307692307692308,29.0,65,0.4461538461538462,30,65,0.46153846153846156,26.0,65,0.4,-0.27441420578712705,0.20666058230076878,-0.06775362348635827
8471686,20222023,D,FLA,82,81,74287,50,81,0.6172839506172839,44.5,81,0.5493827160493827,42,81,0.5185185185185185,38.0,81,0.4691358024691358,-0.09102738193586335,-0.16312600789151022,-0.25415338982737357
8471686,20232024,D,PHI,35,32,25338,21,32,0.65625,16.0,32,0.5,16,32,0.5,15.5,32,0.484375,0.3685364265490749,-0.332410490443781,0.03612593610529391
8471698,20222023,F,WSH,58,55,47728,22,55,0.4,26.5,55,0.4818181818181818,27,55,0.4909090909090909,25.0,55,0.45454545454545453,-0.5743853881650027,0.21204408916084505,-0.3623412990041577
8471698,20232024,F,WSH,52,51,43481,18,51,0.35294117647058826,27.5,51,0.5392156862745098,19,51,0.37254901960784315,28.5,51,0.5588235294117647,-0.15308228674465063,-0.10418780981928721,-0.25727009656393784
8471699,20222023,F,COL,79,71,50235,33,71,0.4647887323943662,30.0,69,0.43478260869565216,31,71,0.43661971830985913,30.0,69,0.43478260869565216,-0.688948916715407,0.09557532528179458,-0.5933735914336125
8471699,20232024,F,COL,75,48,38172,28,48,0.5833333333333334,25.0,47,0.5319148936170213,22,48,0.4583333333333333,22.5,47,0.4787234042553192,-0.8140844642972709,0.47336298326971393,-0.34072148102755695
8471709,20222023,D,SJS,78,77,68906,38,77,0.4935064935064935,43.0,77,0.5584415584415584,39,77,0.5064935064935064,46.0,77,0.5974025974025974,-0.023603597595524217,0.399754802832466,0.3761512052369418
8471709,20232024,D,SJS,57,54,48667,20,54,0.37037037037037035,17.5,54,0.32407407407407407,26,54,0.48148148148148145,26.0,54,0.48148148148148145,0.034551071831539826,-0.3483660354222242,-0.3138149635906844
8471709,20242025,D,SJS,23,23,18598,9,23,0.391304347826087,8.5,23,0.3695652173913043,7,23,0.30434782608695654,9.5,23,0.41304347826086957,-0.011070590926242296,0.2293888295490074,0.21831823862276512
8471724,20222023,D,PIT,64,64,77537,34,64,0.53125,35.0,64,0.546875,34,64,0.53125,37.0,64,0.578125,0.06321394543223446,-0.04873418933097318,0.014479756101261287
8471724,20232024,D,PIT,82,82,98428,38,82,0.4634146341463415,37.0,82,0.45121951219512196,36,82,0.43902439024390244,39.5,82,0.4817073170731707,-0.16979255747418964,-0.1530868686432716,-0.32287942611746123
8471724,20242025,D,PIT,71,71,83674,30,71,0.4225352112676056,29.5,71,0.4154929577464789,34,71,0.4788732394366197,29.0,71,0.4084507042253521,-0.2681642592274094,0.08160483863027101,-0.18655942059713837
8471724,20252026,D,PIT,74,74,78213,37,74,0.5,36.0,74,0.4864864864864865,37,74,0.5,29.0,74,0.3918918918918919,-0.07631542202649166,-0.31169387957832706,-0.3880093016048187
8471817,20222023,F,"MIN,NYR",73,47,38681,17,47,0.3617021276595745,17.5,47,0.3723404255319149,19,47,0.40425531914893614,17.5,47,0.3723404255319149,-0.4625085827245705,-0.06018725449708828,-0.5226958372216588
8471817,20232024,F,TOR,49,22,22305,9,22,0.4090909090909091,11.5,22,0.5227272727272727,10,22,0.45454545454545453,8.5,22,0.38636363636363635,-0.6050394551357403,-0.15693927137585773,-0.761978726511598
8471817,20242025,F,TOR,35,12,15414,5,12,0.4166666666666667,3.0,11,0.2727272727272727,5,12,0.4166666666666667,4.0,11,0.36363636363636365,-0.9226139272451019,0.3247053178590027,-0.5979086093860992
8471817,20252026,F,SJS,50,19,21952,10,19,0.5263157894736842,11.0,18,0.6111111111111112,12,19,0.631578947368421,14.0,18,0.7777777777777778,-0.2754872623208764,0.0009842724650201973,-0.2745029898558562
8471887,20222023,F,FLA,22,5,9163,2,5,0.4,2.5,5,0.5,2,5,0.4,1.5,5,0.3,-0.6756228070825472,0.19168588439262013,-0.48393692268992705
8473419,20222023,F,BOS,73,73,63133,51,73,0.6986301369863014,49.5,72,0.6875,43,73,0.589041095890411,45.5,72,0.6319444444444444,0.34582175166061857,0.5037656438508429,0.8495873955114615
8473419,20232024,F,BOS,82,82,72743,38,82,0.4634146341463415,41.5,81,0.5123456790123457,40,82,0.4878048780487805,44.0,81,0.5432098765432098,-0.18866695084121243,0.2760900021232833,0.08742305128207084
8473419,20242025,F,"BOS,FLA",68,67,57592,30,67,0.44776119402985076,27.5,66,0.4166666666666667,32,67,0.47761194029850745,32.0,66,0.48484848484848486,-0.03817460003774942,-0.23150208972661934,-0.26967668976436876
8473419,20252026,F,FLA,52,51,42300,25,51,0.49019607843137253,25.0,51,0.49019607843137253,27,51,0.5294117647058824,20.0,51,0.39215686274509803,0.2807159320902568,-0.4241161403271918,-0.143400208236935
8473422,20222023,F,BOS,60,53,37369,30,53,0.5660377358490566,29.0,53,0.5471698113207547,22,53,0.41509433962264153,25.0,53,0.4716981132075472,-0.5548722573523661,0.25155706228039865,-0.30331519507196747
8473422,20232024,F,CHI,74,73,64287,20,73,0.273972602739726,28.0,72,0.3888888888888889,31,73,0.4246575342465753,37.5,72,0.5208333333333334,-0.17909879324386546,0.3482010527460364,0.16910225950217095
8473422,20242025,F,CHI,74,72,59898,34,72,0.4722222222222222,34.5,72,0.4791666666666667,44,72,0.6111111111111112,43.5,72,0.6041666666666666,-0.04992032866568441,0.2927480814406769,0.24282775277499247
8473422,20252026,F,"CHI,MIN",54,50,33563,19,50,0.38,21.0,49,0.42857142857142855,26,50,0.52,25.5,49,0.5204081632653061,-0.5056750888275685,0.5894735767800379,0.08379848795246936
8473446,20222023,D,COL,63,62,55913,28,62,0.45161290322580644,25.0,62,0.4032258064516129,23,62,0.3709677419354839,22.0,62,0.3548387096774194,-0.3240195708196927,-0.3399546648583325,-0.6639742356780252
8473446,20232024,D,"BUF,PHI",67,62,48642,30,62,0.4838709677419355,28.5,62,0.4596774193548387,24,62,0.3870967741935484,21.0,62,0.3387096774193548,-0.18400514833159365,-0.21214616843296819,-0.39615131676456183
8473446,20242025,D,"COL,PHI",32,32,23470,20,32,0.625,16.0,32,0.5,19,32,0.59375,18.5,32,0.578125,-0.14676294713464832,0.034609269585845315,-0.11215367754880301
8473449,20222023,F,BUF,75,73,54822,40,73,0.547945205479452,39.0,73,0.5342465753424658,35,73,0.4794520547945205,38.5,73,0.5273972602739726,-0.4018178880719874,0.5347967641912263,0.13297887611923898
8473449,20232024,F,"BUF,FLA",67,66,44176,28,66,0.42424242424242425,33.0,66,0.5,31,66,0.4696969696969697,32.0,66,0.48484848484848486,-0.18999257440069428,-0.15472545112446134,-0.3447180255251556
8473453,20222023,F,CGY,82,66,48300,38,66,0.5757575757575758,32.0,64,0.5,32,66,0.48484848484848486,23.5,64,0.3671875,-0.7080186262432155,0.08698874981438065,-0.6210298764288349
8473453,20232024,F,LAK,82,67,47029,36,67,0.5373134328358209,33.0,66,0.5,28,67,0.417910447761194,32.0,66,0.48484848484848486,-0.4817628373195566,0.06911815919953668,-0.4126446781200199
8473453,20242025,F,LAK,59,44,32763,20,44,0.45454545454545453,18.5,44,0.42045454545454547,18,44,0.4090909090909091,15.5,44,0.3522727272727273,-0.8449693862709353,-0.04357891941033776,-0.8885483056812731
8473473,20222023,F,CGY,77,63,47704,34,63,0.5396825396825397,29.5,63,0.46825396825396826,22,63,0.3492063492063492,20.5,63,0.3253968253968254,-0.5180218577277693,-0.4274021816359026,-0.9454240393636719
8473504,20222023,F,NYI,49,46,30437,21,46,0.45652173913043476,20.0,46,0.43478260869565216,20,46,0.43478260869565216,18.5,46,0.40217391304347827,-0.5194139936451294,0.24307909869704014,-0.27633489494808927
8473504,20232024,F,NYI,82,68,48886,28,68,0.4117647058823529,31.5,65,0.4846153846153846,29,68,0.4264705882352941,29.0,65,0.4461538461538462,-0.7341118449667055,0.3290968932300822,-0.4050149517366233
8473507,20222023,D,PIT,61,60,63813,39,60,0.65,34.5,60,0.575,31,60,0.5166666666666667,32.0,60,0.5333333333333333,-0.04565813143689024,0.12068640880702475,0.07502827737013451
8473507,20232024,D,DET,73,73,71080,35,73,0.4794520547945205,34.0,73,0.4657534246575342,39,73,0.5342465753424658,41.5,73,0.5684931506849316,0.18853070844768105,0.022995101983054322,0.21152581043073537
8473507,20242025,D,DET,41,40,40958,18,40,0.45,15.5,40,0.3875,19,40,0.475,18.0,40,0.45,0.1055385264749944,-0.4309933824952519,-0.3254548560202575
8473507,20252026,D,"FLA,MIN",67,66,49775,35,66,0.5303030303030303,35.0,66,0.5303030303030303,37,66,0.5606060606060606,37.0,66,0.5606060606060606,0.19602786206716116,0.10264324313836592,0.2986711052055271
8473512,20222023,F,OTT,82,82,71353,45,82,0.5487804878048781,51.5,82,0.6280487804878049,49,82,0.5975609756097561,49.0,82,0.5975609756097561,0.6654880880033711,0.016751554248852774,0.6822396422522239
8473512,20232024,F,OTT,82,82,77102,49,82,0.5975609756097561,46.0,82,0.5609756097560976,46,82,0.5609756097560976,49.5,82,0.6036585365853658,0.10299092502331719,0.2500905338355186,0.3530814588588358
8473512,20242025,F,OTT,78,78,65991,42,78,0.5384615384615384,41.5,77,0.538961038961039,44,78,0.5641025641025641,42.0,77,0.5454545454545454,-0.19785066604731227,0.168445173847533,-0.029405492199779282
8473512,20252026,F,OTT,82,81,64279,51,81,0.6296296296296297,46.5,81,0.5740740740740741,44,81,0.5432098765432098,44.0,81,0.5432098765432098,-0.05102258491869449,0.2489928071111236,0.1979702221924291
8473533,20222023,F,CAR,81,81,66064,56,81,0.691358024691358,55.5,81,0.6851851851851852,36,81,0.4444444444444444,44.0,81,0.5432098765432098,-0.5524689395596942,0.19283043473882122,-0.359638504820873
8473533,20232024,F,CAR,80,80,62833,58,80,0.725,57.0,80,0.7125,50,80,0.625,54.0,80,0.675,-0.17931092399775217,0.5474734460426189,0.36816252204486677
8473533,20242025,F,CAR,71,71,55488,41,71,0.5774647887323944,42.5,71,0.5985915492957746,31,71,0.43661971830985913,43.0,71,0.6056338028169014,-0.12552144515838215,0.000986206616153229,-0.12453523854222892
8473533,20252026,F,CAR,75,75,61199,41,75,0.5466666666666666,44.0,73,0.6027397260273972,38,75,0.5066666666666667,39.0,73,0.5342465753424658,-0.672792203935697,0.256646436373444,-0.4161457675622531
8473544,20222023,F,OTT,62,47,36542,23,47,0.48936170212765956,21.5,47,0.4574468085106383,26,47,0.5531914893617021,23.0,47,0.48936170212765956,-0.17601535952463188,0.0742684087398402,-0.10174695078479168
8473548,20222023,F,VGK,82,77,55113,36,77,0.4675324675324675,41.5,77,0.538961038961039,30,77,0.38961038961038963,35.0,77,0.45454545454545453,0.24404548946289806,-0.6706471830472922,-0.42660169358439415
8473563,20222023,F,WSH,39,39,32227,13,39,0.3333333333333333,20.0,39,0.5128205128205128,20,39,0.5128205128205128,20.5,39,0.5256410256410257,-0.5483875894366363,0.4725774401202374,-0.07581014931639896
8473604,20222023,F,CHI,53,53,44653,14,53,0.2641509433962264,15.0,53,0.2830188679245283,23,53,0.4339622641509434,21.5,53,0.4056603773584906,-0.16180482455075973,-0.14259355847893884,-0.30439838302969857
8473604,20252026,F,WPG,81,77,58630,30,77,0.38961038961038963,34.5,77,0.44805194805194803,35,77,0.45454545454545453,34.0,77,0.44155844155844154,-0.24750016216097048,0.1010424415411384,-0.1464577206198321
8473986,20222023,F,TBL,82,82,65155,44,82,0.5365853658536586,40.0,82,0.4878048780487805,40,82,0.4878048780487805,36.5,82,0.4451219512195122,-0.20727087090561058,0.063696904110917,-0.14357396679469359
8473986,20232024,F,ANA,63,63,55368,29,63,0.4603174603174603,27.5,63,0.4365079365079365,35,63,0.5555555555555556,34.0,63,0.5396825396825397,0.26298088952031673,-0.15673709810615488,0.10624379141416185
8473986,20242025,F,ANA,79,79,65591,32,79,0.4050632911392405,38.5,79,0.4873417721518987,43,79,0.5443037974683544,43.0,79,0.5443037974683544,-0.17839692903549897,0.6511136074819226,0.4727166784464236
8473986,20252026,F,ANA,81,79,63332,42,79,0.5316455696202531,37.5,79,0.47468354430379744,43,79,0.5443037974683544,44.0,79,0.5569620253164557,-0.032755247695711365,0.15941388464306483,0.12665863694735346
8473994,20222023,F,DAL,82,82,60599,43,82,0.524390243902439,44.5,82,0.5426829268292683,34,82,0.4146341463414634,39.0,82,0.47560975609756095,-0.19146242664985724,-0.06514705242741314,-0.2566094790772704
8473994,20232024,F,DAL,82,81,60279,43,81,0.5308641975308642,53.0,80,0.6625,38,81,0.4691358024691358,43.5,80,0.54375,0.005186550576253612,0.04001211081821765,0.04519866139447126
8473994,20242025,F,DAL,76,76,56921,31,76,0.40789473684210525,37.5,76,0.4934210526315789,35,76,0.4605263157894737,34.5,76,0.45394736842105265,0.006526783686275017,-0.40744178622228944,-0.4009150025360144
8473994,20252026,F,DAL,60,57,41413,27,57,0.47368421052631576,26.0,55,0.4727272727272727,21,57,0.3684210526315789,19.5,55,0.35454545454545455,-0.1423813191029799,-0.049690081167758304,-0.1920714002707382
8474009,20222023,F,"PIT,SJS",62,59,45817,27,59,0.4576271186440678,26.0,59,0.4406779661016949,23,59,0.3898305084745763,23.0,59,0.3898305084745763,-0.5660597226068487,0.34590599309148873,-0.22015372951535994
8474009,20232024,F,NYR,45,39,27300,11,39,0.28205128205128205,11.0,39,0.28205128205128205,11,39,0.28205128205128205,8.0,39,0.20512820512820512,-0.9543666509331539,-0.22711589693726664,-1.1814825478704205
8474013,20222023,D,TBL,78,78,75376,45,78,0.5769230769230769,43.5,78,0.5576923076923077,43,78,0.5512820512820513,44.5,78,0.5705128205128205,-0.1289198230794799,0.4137426747413895,0.28482285166190957
8474013,20232024,D,VAN,78,78,73711,49,78,0.6282051282051282,47.5,78,0.6089743589743589,40,78,0.5128205128205128,43.0,78,0.5512820512820513,-0.0716983445143593,0.2788934243732091,0.20719507985884977
8474013,20242025,D,UTA,78,78,80727,46,78,0.5897435897435898,43.0,78,0.5512820512820513,41,78,0.5256410256410257,41.5,78,0.532051282051282,0.005836745945166033,-0.1788552685094884,-0.17301852256432237
8474013,20252026,D,UTA,81,81,74809,44,81,0.5432098765432098,44.0,81,0.5432098765432098,39,81,0.48148148148148145,48.0,81,0.5925925925925926,-0.28560506252054196,0.12627340292829103,-0.15933165959225093
8474027,20222023,D,PHI,51,46,39441,17,46,0.3695652173913043,19.5,45,0.43333333333333335,21,46,0.45652173913043476,24.5,45,0.5444444444444444,-0.303331373400459,-0.07104642981088505,-0.37437780321134406
8474031,20222023,D,ANA,75,74,70744,20,74,0.2702702702702703,24.5,74,0.3310810810810811,49,74,0.6621621621621622,42.0,74,0.5675675675675675,0.13856774940109906,0.29572734449003724,0.4342950938911363
8474031,20232024,D,BOS,61,61,49148,35,61,0.5737704918032787,36.5,61,0.5983606557377049,31,61,0.5081967213114754,32.0,61,0.5245901639344263,0.2860153147108022,0.08774651437328407,0.3737618290840863
8474034,20222023,F,TBL,80,69,46377,31,69,0.4492753623188406,30.5,68,0.4485294117647059,26,69,0.37681159420289856,28.5,68,0.41911764705882354,-0.3553652133982488,0.08779409778057534,-0.26757111561767344
8474034,20232024,F,"BOS,MIN",51,49,34452,25,49,0.5102040816326531,27.5,48,0.5729166666666666,23,49,0.46938775510204084,23.5,48,0.4895833333333333,-0.13525197855152182,-0.16907373527906522,-0.30432571383058704
8474034,20242025,F,CHI,66,59,40633,19,59,0.3220338983050847,21.5,59,0.3644067796610169,29,59,0.4915254237288136,28.5,59,0.4830508474576271,0.35022768336968624,-0.6211665201618377,-0.27093883679215147
8474037,20222023,F,PHI,61,59,48031,29,59,0.4915254237288136,31.0,59,0.5254237288135594,35,59,0.5932203389830508,34.5,59,0.5847457627118644,0.3561651162811197,0.2632370583613306,0.6194021746424503
8474037,20232024,F,BOS,71,69,47656,39,69,0.5652173913043478,39.5,69,0.572463768115942,38,69,0.5507246376811594,37.0,69,0.5362318840579711,0.38833351730386756,0.10519956299050293,0.4935330802943705
8474037,20242025,F,CBJ,67,61,44853,25,61,0.4098360655737705,28.0,61,0.45901639344262296,27,61,0.4426229508196721,30.0,61,0.4918032786885246,0.12682109567077227,-0.30401461017528897,-0.1771935145045167
8474037,20252026,F,DET,72,56,43080,29,56,0.5178571428571429,28.5,54,0.5277777777777778,28,56,0.5,30.0,54,0.5555555555555556,-0.06557275702882714,0.006161486087118639,-0.059411270941708505
8474040,20222023,F,WPG,48,37,30361,21,37,0.5675675675675675,19.0,37,0.5135135135135135,17,37,0.4594594594594595,18.5,37,0.5,-0.21259683731844436,-0.12642335559866025,-0.3390201929171046
8474040,20232024,F,EDM,28,19,15368,13,19,0.6842105263157895,12.0,19,0.631578947368421,11,19,0.5789473684210527,10.0,19,0.5263157894736842,-0.3888088679424433,0.14143353889262533,-0.24737532904981796
8474053,20222023,F,SJS,82,82,72707,37,82,0.45121951219512196,40.5,82,0.49390243902439024,44,82,0.5365853658536586,40.0,82,0.4878048780487805,-0.40976484075770614,0.46092873596695494,0.0511638952092488
8474090,20222023,D,NJD,60,57,48425,37,57,0.6491228070175439,34.0,57,0.5964912280701754,27,57,0.47368421052631576,32.0,57,0.5614035087719298,-0.029987760909074623,-0.11729305969800619,-0.1472808206070808
8474090,20232024,D,NJD,63,57,51645,20,57,0.3508771929824561,18.0,57,0.3157894736842105,22,57,0.38596491228070173,18.5,57,0.32456140350877194,-0.49726125788364417,0.0205892335562754,-0.47667202432736877
8474090,20242025,D,DAL,30,28,21213,13,28,0.4642857142857143,14.5,28,0.5178571428571429,10,28,0.35714285714285715,12.0,28,0.42857142857142855,-0.05497045931014233,-0.8390216107737243,-0.8939920700838666
8474102,20222023,F,DET,82,81,67478,39,81,0.48148148148148145,39.5,81,0.4876543209876543,46,81,0.5679012345679012,50.5,81,0.6234567901234568,0.3344064303124683,0.15871184589445386,0.49311827620692217
8474102,20232024,F,DET,76,73,59870,21,73,0.2876712328767123,26.0,73,0.3561643835616438,28,73,0.3835616438356164,30.0,73,0.410958904109589,-0.4973228860980834,0.1901725223877171,-0.3071503637103663
8474102,20242025,F,OTT,41,40,28551,19,40,0.475,18.5,40,0.4625,22,40,0.55,18.0,40,0.45,0.11655076914860674,-0.2673013077049844,-0.15075053855637766
8474102,20252026,F,"DET,OTT",65,59,44068,34,59,0.576271186440678,32.0,57,0.5614035087719298,37,59,0.6271186440677966,33.0,57,0.5789473684210527,-0.038152426500948966,0.45182788624298675,0.4136754597420378
8474141,20222023,F,"CHI,NYR",73,73,69674,20,73,0.273972602739726,20.0,73,0.273972602739726,33,73,0.4520547945205479,29.0,73,0.3972602739726027,-0.16096175792571676,-0.6232215580340639,-0.7841833159597806
8474141,20232024,F,DET,50,49,45862,24,49,0.4897959183673469,20.0,49,0.40816326530612246,26,49,0.5306122448979592,25.0,49,0.5102040816326531,0.0036586599522205887,0.15605536181194068,0.15971402176416127
8474141,20242025,F,DET,68,68,61545,35,68,0.5147058823529411,33.5,67,0.5,37,68,0.5441176470588235,32.0,67,0.47761194029850745,0.0843473247928963,-0.16021307307694777,-0.07586574828405146
8474141,20252026,F,DET,67,67,58899,31,67,0.4626865671641791,30.5,66,0.4621212121212121,37,67,0.5522388059701493,36.0,66,0.5454545454545454,0.3847992562776521,0.1198715919865232,0.5046708482641753
8474145,20222023,D,STL,43,39,28006,17,39,0.4358974358974359,16.0,39,0.41025641025641024,21,39,0.5384615384615384,17.5,39,0.44871794871794873,-0.20801131478121393,0.5807500672063752,0.3727387524251613
8474145,20232024,D,"NYI,STL",27,24,19859,11,24,0.4583333333333333,10.0,24,0.4166666666666667,10,24,0.4166666666666667,12.0,24,0.5,-0.2297305583584297,0.06756863077237618,-0.16216192758605352
8474149,20222023,F,"DAL,MTL",73,70,54019,35,70,0.5,34.5,70,0.4928571428571429,35,70,0.5,40.0,70,0.5714285714285714,0.25445822783723804,-0.22132188243090845,0.03313634540632959
8474149,20232024,F,DAL,51,50,36560,24,50,0.48,28.0,48,0.5833333333333334,20,50,0.4,18.5,48,0.3854166666666667,-0.07082085726253329,-0.14467705151259524,-0.21549790877512853
8474149,20242025,F,DAL,76,74,55380,38,74,0.5135135135135135,39.0,74,0.527027027027027,36,74,0.4864864864864865,37.0,74,0.5,0.11933501612379382,-0.24610843987611863,-0.1267734237523248
8474149,20252026,F,NJD,24,20,13896,6,20,0.3,5.5,20,0.275,7,20,0.35,6.0,20,0.3,-0.7769852663388837,-0.8861558671402867,-1.6631411334791704
8474150,20222023,F,CGY,82,81,69985,61,81,0.7530864197530864,56.5,81,0.6975308641975309,57,81,0.7037037037037037,46.0,81,0.5679012345679012,0.4741813610751753,0.4908968571552128,0.9650782182303881
8474150,20232024,F,CGY,82,82,72772,42,82,0.5121951219512195,45.5,82,0.5548780487804879,42,82,0.5121951219512195,45.0,82,0.5487804878048781,0.007355309779717434,0.13469318015441445,0.14204848993413188
8474150,20242025,F,CGY,73,72,65390,39,72,0.5416666666666666,39.0,72,0.5416666666666666,38,72,0.5277777777777778,42.5,72,0.5902777777777778,0.03353803997483906,0.27335358076260263,0.3068916207374417
8474150,20252026,F,CGY,81,80,70648,44,80,0.55,32.0,80,0.4,49,80,0.6125,42.5,80,0.53125,-0.19449704013033076,0.33331890556933486,0.1388218654390041
8474151,20222023,D,NSH,71,71,75274,25,71,0.352112676056338,31.0,71,0.43661971830985913,28,71,0.39436619718309857,31.0,71,0.43661971830985913,-0.011974246003005451,-0.30471358079131594,-0.3166878267943214
8474151,20232024,D,NSH,74,73,79069,42,73,0.5753424657534246,43.5,73,0.5958904109589042,42,73,0.5753424657534246,39.0,73,0.5342465753424658,0.4078456008943454,0.26619912081835206,0.6740447217126975
8474151,20242025,D,TBL,79,79,81752,45,79,0.569620253164557,46.5,79,0.5886075949367089,41,79,0.5189873417721519,45.5,79,0.5759493670886076,0.04404694013566868,0.17095296627182277,0.21499990640749145
8474151,20252026,D,TBL,48,47,44735,27,47,0.574468085106383,26.5,46,0.5760869565217391,24,47,0.5106382978723404,25.0,46,0.5434782608695652,-0.10400348195194731,0.10157725417877828,-0.002426227773169032
8474157,20232024,F,WSH,47,46,34188,19,46,0.41304347826086957,24.0,46,0.5217391304347826,22,46,0.4782608695652174,24.0,46,0.5217391304347826,0.28958114801669765,0.011996771686859198,0.30157791970355685
8474157,20242025,F,TOR,37,34,26157,13,34,0.38235294117647056,17.0,34,0.5,14,34,0.4117647058823529,13.0,34,0.38235294117647056,0.39246234196995067,-0.7461846828714687,-0.353722340901518
8474166,20222023,D,VGK,77,75,78324,37,75,0.49333333333333335,42.5,75,0.5666666666666667,34,75,0.4533333333333333,38.5,75,0.5133333333333333,-0.04414773715039555,-0.06337965291288183,-0.10752739006327738
8474166,20232024,D,VGK,55,55,54581,25,55,0.45454545454545453,22.0,55,0.4,26,55,0.4727272727272727,23.5,55,0.42727272727272725,-0.08919053554577383,-0.36639314064909767,-0.4555836761948715
8474166,20242025,D,CHI,43,41,41658,13,41,0.3170731707317073,13.5,41,0.32926829268292684,18,41,0.43902439024390244,19.5,41,0.47560975609756095,0.22189333589237004,-0.5543322590227495,-0.3324389231303795
8474189,20222023,F,"COL,WSH",84,83,63039,47,83,0.5662650602409639,43.0,82,0.524390243902439,43,83,0.5180722891566265,39.5,82,0.4817073170731707,-0.09017422655985863,0.18144082618996427,0.09126659963010564
8474189,20232024,F,PIT,82,80,60380,38,80,0.475,40.5,80,0.50625,36,80,0.45,36.5,80,0.45625,-0.605699580698499,0.45548431333558526,-0.1502152673629138
8474189,20242025,F,"PIT,WSH",77,76,53257,39,76,0.5131578947368421,38.5,73,0.5273972602739726,38,76,0.5,33.0,73,0.4520547945205479,-0.15343252507658445,0.2751833304509925,0.12175080537440808
8474189,20252026,F,OTT,68,51,39802,22,51,0.43137254901960786,27.5,50,0.55,19,51,0.37254901960784315,22.5,50,0.45,-0.5858063521926247,-0.19075915882284722,-0.7765655110154719
8474207,20222023,D,OTT,65,64,52541,32,64,0.5,31.0,64,0.484375,27,64,0.421875,24.5,64,0.3828125,-0.10500981297696388,-0.01605067619918099,-0.12106048917614487
8474563,20222023,D,LAK,81,81,101512,47,81,0.5802469135802469,46.0,81,0.5679012345679012,41,81,0.5061728395061729,37.5,81,0.46296296296296297,-0.4440325640452141,0.3726743622141151,-0.07135820183109898
8474563,20232024,D,LAK,82,82,100033,55,82,0.6707317073170732,44.5,82,0.5426829268292683,50,82,0.6097560975609756,43.0,82,0.524390243902439,-0.19783801254768552,0.3490947632795809,0.15125675073189537
8474563,20242025,D,LAK,29,29,35648,17,29,0.5862068965517241,14.5,29,0.5,15,29,0.5172413793103449,13.0,29,0.4482758620689655,-0.19727886525989113,-0.2439457653584951,-0.44122463061838624
8474563,20252026,D,LAK,71,71,80023,41,71,0.5774647887323944,38.5,71,0.5422535211267606,42,71,0.5915492957746479,38.5,71,0.5422535211267606,0.18181375558317114,0.24762246030320645,0.4294362158863776
8474564,20222023,F,TBL,81,80,73780,42,80,0.525,43.0,80,0.5375,40,80,0.5,41.0,80,0.5125,-0.19706640299818057,0.03902019211072982,-0.15804621088745074
8474564,20232024,F,TBL,79,79,70271,41,79,0.5189873417721519,41.5,79,0.5253164556962026,39,79,0.4936708860759494,39.5,79,0.5,-0.09972890212906993,-0.08264756472584045,-0.18237646685491038
8474564,20242025,F,NSH,78,77,68463,32,77,0.4155844155844156,34.0,77,0.44155844155844154,36,77,0.4675324675324675,33.0,77,0.42857142857142855,-0.10135232294718977,-0.1528123496425251,-0.25416467258971487
8474564,20252026,F,NSH,81,81,71023,38,81,0.4691358024691358,40.5,81,0.5,43,81,0.5308641975308642,43.0,81,0.5308641975308642,0.13471653067543343,0.313475243733766,0.44819177440919944
8474565,20222023,D,VGK,73,73,85315,38,73,0.5205479452054794,45.0,73,0.6164383561643836,37,73,0.5068493150684932,37.5,73,0.5136986301369864,0.026610534759158977,0.09205949472028241,0.11867002947944139
8474565,20232024,D,VGK,64,64,70883,33,64,0.515625,32.0,64,0.5,33,64,0.515625,30.0,64,0.46875,0.10113590398097339,-0.25805839270228237,-0.15692248872130898
8474565,20242025,D,VGK,71,71,81292,40,71,0.5633802816901409,41.5,71,0.5845070422535211,35,71,0.49295774647887325,33.5,71,0.47183098591549294,0.1872313480158181,-0.3210404350454761,-0.133809087029658
8474567,20222023,D,TBL,46,45,37798,23,45,0.5111111111111111,21.0,45,0.4666666666666667,21,45,0.4666666666666667,17.5,45,0.3888888888888889,0.11023321113407025,-0.5133217935670435,-0.4030885824329733
8474567,20232024,D,"MIN,TBL",65,64,58950,40,64,0.625,35.0,64,0.546875,32,64,0.5,33.0,64,0.515625,0.2073080586424334,0.10838161213929531,0.3156896707817287
8474567,20242025,D,MIN,78,77,64900,32,77,0.4155844155844156,36.5,76,0.48026315789473684,34,77,0.44155844155844154,35.0,76,0.4605263157894737,-0.06560758871747807,-0.235250612072881,-0.3008582007903591
8474567,20252026,D,MIN,41,41,32509,18,41,0.43902439024390244,18.0,41,0.43902439024390244,16,41,0.3902439024390244,17.0,41,0.4146341463414634,-0.10449646245948108,-0.30354721854442523,-0.4080436810039063
8474568,20222023,D,"TOR,VAN",70,69,60346,28,69,0.4057971014492754,32.0,69,0.463768115942029,29,69,0.42028985507246375,34.5,69,0.5,-0.30886626757593616,-0.492798606872352,-0.8016648744482882
8474568,20232024,D,NSH,63,63,50604,33,63,0.5238095238095238,36.0,63,0.5714285714285714,29,63,0.4603174603174603,33.0,63,0.5238095238095238,-0.1148674088604511,-0.10055251748030036,-0.21541992634075147
8474568,20242025,D,"NSH,WPG",74,73,62852,39,73,0.5342465753424658,39.5,73,0.541095890410959,37,73,0.5068493150684932,37.0,73,0.5068493150684932,0.04019675818646462,-0.1238297020637007,-0.08363294387723608
8474568,20252026,D,"BUF,WPG",50,49,35352,12,49,0.24489795918367346,14.5,49,0.29591836734693877,13,49,0.2653061224489796,13.5,49,0.2755102040816326,-0.7019402420806709,-0.34490017411407337,-1.0468404161947442
8474573,20222023,F,NYI,64,62,47126,23,62,0.3709677419354839,18.5,62,0.29838709677419356,25,62,0.4032258064516129,21.5,62,0.3467741935483871,-0.16358834034196823,-0.4755101403441304,-0.6390984806860986
8474574,20222023,D,VAN,78,78,82578,33,78,0.4230769230769231,31.0,78,0.3974358974358974,35,78,0.44871794871794873,29.5,78,0.3782051282051282,-0.01789916462942509,-0.17037439091651274,-0.18827355554593783
8474574,20232024,D,VAN,77,77,73136,42,77,0.5454545454545454,44.5,77,0.577922077922078,40,77,0.5194805194805194,42.5,77,0.551948051948052,0.11085899463010351,-0.03882978868728992,0.07202920594281359
8474574,20242025,D,VAN,71,70,73763,33,70,0.4714285714285714,34.0,69,0.4927536231884058,35,70,0.5,30.5,69,0.4420289855072464,0.1744111917454818,-0.08846721141388514,0.08594398033159667
8474574,20252026,D,"DAL,VAN",73,73,71737,27,73,0.3698630136986301,28.5,73,0.3904109589041096,32,73,0.4383561643835616,37.0,73,0.5068493150684932,-0.08100150607062329,-0.2871045745605114,-0.3681060806311347
8474578,20222023,D,SJS,82,82,104616,45,82,0.5487804878048781,42.5,82,0.5182926829268293,53,82,0.6463414634146342,46.0,82,0.5609756097560976,0.627844192351362,-0.032530258648542976,0.595313933702819
8474578,20232024,D,PIT,82,82,98349,49,82,0.5975609756097561,49.5,82,0.6036585365853658,53,82,0.6463414634146342,51.0,82,0.6219512195121951,0.629939485314039,0.018224096160961878,0.6481635814750009
8474578,20242025,D,PIT,79,79,92337,36,79,0.45569620253164556,37.5,79,0.47468354430379744,40,79,0.5063291139240507,41.0,79,0.5189873417721519,0.36586674103307404,-0.3877226541575256,-0.021855913124451565
8474578,20252026,D,PIT,75,75,85229,47,75,0.6266666666666667,44.0,75,0.5866666666666667,46,75,0.6133333333333333,41.5,75,0.5533333333333333,-0.19907510626673108,0.3389852974998391,0.139910191233108
8474586,20222023,F,SEA,82,82,67729,48,82,0.5853658536585366,45.0,82,0.5487804878048781,42,82,0.5121951219512195,41.0,82,0.5,0.27866767805061876,-0.0635793409582881,0.21508833709233066
8474586,20232024,F,SEA,78,78,68134,52,78,0.6666666666666666,48.0,77,0.6233766233766234,51,78,0.6538461538461539,46.0,77,0.5974025974025974,0.5343402217619211,0.1329924021563862,0.6673326239183073
8474586,20242025,F,SEA,39,38,32214,20,38,0.5263157894736842,21.5,38,0.5657894736842105,19,38,0.5,25.5,38,0.6710526315789473,0.3479388552160163,-0.020192125431115482,0.3277467297849008
8474586,20252026,F,SEA,79,79,72303,38,79,0.4810126582278481,37.0,79,0.46835443037974683,45,79,0.569620253164557,43.5,79,0.5506329113924051,0.039218606900039976,0.2735274022660592,0.3127460091660992
8474590,20222023,D,WSH,40,39,43890,19,39,0.48717948717948717,22.5,39,0.5769230769230769,21,39,0.5384615384615384,22.5,39,0.5769230769230769,0.24896891965881185,-0.11999219893893276,0.1289767207198791
8474590,20232024,D,WSH,82,82,100604,36,82,0.43902439024390244,42.0,82,0.5121951219512195,41,82,0.5,43.5,82,0.5304878048780488,-0.03958704898264864,0.12216605673472358,0.08257900775207494
8474590,20242025,D,WSH,77,77,86680,43,77,0.5584415584415584,41.5,77,0.538961038961039,46,77,0.5974025974025974,42.5,77,0.551948051948052,-0.0050501014318808934,0.38658473671034477,0.3815346352784639
8474590,20252026,D,"ANA,WSH",70,69,77818,40,69,0.5797101449275363,41.0,69,0.5942028985507246,42,69,0.6086956521739131,36.0,69,0.5217391304347826,0.2530594034872724,0.18706920980664998,0.4401286132939224
8474600,20222023,D,NSH,67,66,81421,31,66,0.4696969696969697,32.5,66,0.49242424242424243,38,66,0.5757575757575758,38.0,66,0.5757575757575758,0.30577523759082714,0.06287345641787079,0.36864869400869793
8474600,20232024,D,NSH,82,82,98919,46,82,0.5609756097560976,50.5,82,0.6158536585365854,41,82,0.5,46.5,82,0.5670731707317073,0.25862201419756303,-0.0015197544467917545,0.2571022597507713
8474600,20242025,D,NSH,53,52,63903,27,52,0.5192307692307693,30.0,52,0.5769230769230769,30,52,0.5769230769230769,30.0,52,0.5769230769230769,0.12789633862901306,0.019957007532396265,0.14785334616140933
8474600,20252026,D,NSH,68,68,81359,29,68,0.4264705882352941,31.0,68,0.45588235294117646,31,68,0.45588235294117646,35.0,68,0.5147058823529411,-0.03747894900528825,-0.006084912957062372,-0.043563861962350625
8474602,20222023,D,SEA,73,73,66005,37,73,0.5068493150684932,35.5,73,0.4863013698630137,28,73,0.3835616438356164,30.0,73,0.410958904109589,-0.2824004536264675,-0.11745520508591456,-0.39985565871238204
8474602,20232024,D,SEA,70,69,58931,37,69,0.5362318840579711,34.0,67,0.5074626865671642,36,69,0.5217391304347826,33.0,67,0.4925373134328358,-0.1436631440793743,0.2707008401698001,0.1270376960904258
8474612,20222023,D,OTT,75,74,67690,39,74,0.527027027027027,37.5,74,0.5067567567567568,34,74,0.4594594594594595,37.5,74,0.5067567567567568,0.0038800398409555292,-0.37961917808372725,-0.3757391382427717
8474612,20232024,D,OTT,48,45,37079,17,45,0.37777777777777777,14.0,45,0.3111111111111111,15,45,0.3333333333333333,14.0,45,0.3111111111111111,-0.15986669663069186,-0.8130107973181437,-0.9728774939488356
8474612,20242025,D,OTT,58,57,51779,25,57,0.43859649122807015,28.0,57,0.49122807017543857,19,57,0.3333333333333333,24.5,57,0.4298245614035088,0.035274547343217666,-0.5043414307692924,-0.4690668834260747
8474612,20252026,D,DET,26,26,19494,7,26,0.2692307692307692,9.0,26,0.34615384615384615,9,26,0.34615384615384615,9.0,26,0.34615384615384615,-0.28677759258712143,-0.1814834758365369,-0.46826106842365833
8474613,20222023,F,CAR,73,39,36150,27,39,0.6923076923076923,26.0,39,0.6666666666666666,21,39,0.5384615384615384,20.0,39,0.5128205128205128,0.06491790168008915,0.29595984359189864,0.3608777452719878
8474618,20222023,D,STL,20,19,18389,9,19,0.47368421052631576,9.5,19,0.5,7,19,0.3684210526315789,7.0,19,0.3684210526315789,-0.16016129333696538,-0.30764516091645255,-0.46780645425341794
8474618,20232024,D,STL,65,60,42909,16,60,0.26666666666666666,16.5,60,0.275,28,60,0.4666666666666667,24.0,60,0.4,-0.13151136932978158,-0.09632956670080883,-0.2278409360305904
8474628,20222023,D,CGY,48,45,33876,25,45,0.5555555555555556,25.5,45,0.5666666666666667,18,45,0.4,18.5,45,0.4111111111111111,0.027475889582565305,-0.3924588395070163,-0.364982949924451
8474641,20222023,F,ANA,62,61,51621,19,61,0.3114754098360656,24.5,60,0.4083333333333333,39,61,0.639344262295082,38.5,60,0.6416666666666667,0.37941592279864267,0.5832371867699253,0.962653109568568
8474641,20232024,F,"ANA,EDM",82,81,64005,37,81,0.4567901234567901,34.5,81,0.42592592592592593,43,81,0.5308641975308642,40.0,81,0.49382716049382713,-0.4308923175572965,0.04717040390236438,-0.38372191365493213
8474641,20242025,F,EDM,77,77,56595,35,77,0.45454545454545453,38.0,76,0.5,33,77,0.42857142857142855,31.5,76,0.4144736842105263,-0.8398004410965316,-0.06929844781437655,-0.9090988889109082
8474641,20252026,F,EDM,64,60,41858,28,60,0.4666666666666667,28.5,58,0.49137931034482757,26,60,0.43333333333333335,27.5,58,0.47413793103448276,-0.8849652763365492,0.3077952582354322,-0.577170018101117
8474673,20222023,D,TOR,58,58,61715,41,58,0.7068965517241379,37.5,58,0.646551724137931,30,58,0.5172413793103449,30.0,58,0.5172413793103449,-0.1783525121060694,0.5628331707428176,0.3844806586367482
8474673,20232024,D,TOR,78,78,86733,40,78,0.5128205128205128,43.0,78,0.5512820512820513,32,78,0.41025641025641024,28.5,78,0.36538461538461536,-0.08304561006500233,-0.29751456611491367,-0.380560176179916
8474673,20242025,D,CHI,54,54,46615,21,54,0.3888888888888889,23.0,54,0.42592592592592593,25,54,0.46296296296296297,29.0,54,0.5370370370370371,0.11132186301705227,-0.02609467946815469,0.08522718354889758
8474679,20222023,F,"CBJ,MIN",51,49,42856,24,49,0.4897959183673469,20.0,49,0.40816326530612246,27,49,0.5510204081632653,23.0,49,0.46938775510204084,0.08478059395550197,-0.17316177008803102,-0.08838117613252905
8474679,20232024,F,NSH,81,81,68922,46,81,0.5679012345679012,44.0,81,0.5432098765432098,38,81,0.4691358024691358,43.0,81,0.5308641975308642,0.2480511777261034,-0.3468796767430953,-0.09882849901699187
8474679,20242025,F,"MIN,NSH",76,75,62394,39,75,0.52,43.0,75,0.5733333333333334,44,75,0.5866666666666667,36.0,75,0.48,0.2617175364662603,-0.012716342687511872,0.2490011937787484
8474679,20252026,F,WPG,51,45,31558,20,45,0.4444444444444444,21.0,44,0.4772727272727273,20,45,0.4444444444444444,20.0,44,0.45454545454545453,-0.23644351367065042,-0.12446925711742463,-0.36091277078807504
8474683,20222023,F,ANA,46,44,32709,11,44,0.25,12.0,43,0.27906976744186046,21,44,0.4772727272727273,20.0,43,0.46511627906976744,-0.291976543438206,0.03752994523430209,-0.2544465982039039
8474709,20222023,F,NYI,81,72,49705,29,72,0.4027777777777778,27.0,71,0.38028169014084506,33,72,0.4583333333333333,25.0,71,0.352112676056338,-0.5850781521584838,0.0260696000076317,-0.5590085521508521
8474709,20232024,F,NYI,57,40,30462,16,40,0.4,16.0,39,0.41025641025641024,16,40,0.4,14.5,39,0.3717948717948718,-0.5667534824329652,0.1602815024140054,-0.4064719800189598
8474709,20242025,F,NYI,28,14,13331,2,14,0.14285714285714285,3.5,12,0.2916666666666667,1,14,0.07142857142857142,4.0,12,0.3333333333333333,-1.3651847092904132,-0.3434293347331092,-1.7086140440235225
8474715,20232024,F,PHI,70,66,52913,32,66,0.48484848484848486,30.0,66,0.45454545454545453,25,66,0.3787878787878788,28.5,66,0.4318181818181818,-0.21254138135533607,-0.21515075221584512,-0.4276921335711812
8474715,20242025,F,TBL,39,18,18844,4,18,0.2222222222222222,6.5,17,0.38235294117647056,4,18,0.2222222222222222,6.0,17,0.35294117647058826,-0.41551190707638375,-0.7198245174248288,-1.1353364245012125
8474716,20222023,D,MIN,79,79,81616,48,79,0.6075949367088608,50.0,79,0.6329113924050633,43,79,0.5443037974683544,42.5,79,0.5379746835443038,-0.0747409776875525,0.38429257062630917,0.30955159293875667
8474716,20232024,D,MIN,16,16,16581,10,16,0.625,10.0,16,0.625,8,16,0.5,9.5,16,0.59375,-0.13177115974584996,0.45448567997587563,0.32271452023002567
8474716,20242025,D,MIN,64,63,66466,37,63,0.5873015873015873,36.0,63,0.5714285714285714,39,63,0.6190476190476191,35.5,63,0.5634920634920635,0.15699999192410363,0.3923894212354966,0.5493894131596002
8474716,20252026,D,MIN,79,79,75264,40,79,0.5063291139240507,41.0,78,0.5256410256410257,43,79,0.5443037974683544,40.0,78,0.5128205128205128,-0.1760437449724006,0.20682201492824515,0.03077826995584454
8474870,20222023,F,CHI,56,54,46860,18,54,0.3333333333333333,20.5,54,0.37962962962962965,28,54,0.5185185185185185,25.0,54,0.46296296296296297,-0.08037478559082789,0.26032004573464906,0.17994526014382117
8474870,20232024,F,CHI,67,66,52487,12,66,0.18181818181818182,16.5,65,0.25384615384615383,28,66,0.42424242424242425,25.5,65,0.3923076923076923,-0.29426943034527575,-0.09597449973748784,-0.3902439300827636
8474884,20222023,F,MTL,67,64,52407,22,64,0.34375,21.0,63,0.3333333333333333,29,64,0.453125,25.5,63,0.40476190476190477,-0.31178372117904196,0.32931930823588385,0.017535587056841884
8474884,20232024,F,SJS,66,58,46578,17,58,0.29310344827586204,20.0,57,0.3508771929824561,29,58,0.5,27.0,57,0.47368421052631576,-0.04943235783750688,-0.1076043129743729,-0.15703667081187977
8475149,20222023,F,"MIN,WSH",80,80,61941,45,80,0.5625,37.0,80,0.4625,44,80,0.55,39.0,80,0.4875,0.03278617431666975,0.10679433067873667,0.13958050499540642
8475149,20232024,F,MIN,78,76,60213,36,76,0.47368421052631576,42.0,76,0.5526315789473685,41,76,0.5394736842105263,41.5,76,0.5460526315789473,0.07400055141605888,-0.0030273401493126073,0.07097321126674627
8475149,20242025,F,MIN,69,69,58591,35,69,0.5072463768115942,35.0,69,0.5072463768115942,34,69,0.4927536231884058,36.0,69,0.5217391304347826,0.034739081398922345,-0.19213724684498512,-0.15739816544606278
8475149,20252026,F,MIN,75,74,56494,44,74,0.5945945945945946,38.5,74,0.5202702702702703,40,74,0.5405405405405406,36.0,74,0.4864864864864865,0.18044844093571388,-0.07049520865428738,0.1099532322814265
8475151,20222023,F,NYI,55,55,47042,27,55,0.4909090909090909,29.0,55,0.5272727272727272,27,55,0.4909090909090909,31.5,55,0.5727272727272728,0.2548368533274412,-0.15431225235003687,0.10052460097740434
8475151,20232024,F,NYI,82,82,69122,38,82,0.4634146341463415,40.5,82,0.49390243902439024,42,82,0.5121951219512195,48.0,82,0.5853658536585366,0.3957171478289241,-0.08635781223873318,0.3093593355901909
8475151,20242025,F,NYI,78,78,71195,38,78,0.48717948717948717,35.0,77,0.45454545454545453,38,78,0.48717948717948717,37.0,77,0.4805194805194805,0.18288716747722722,-0.24452567950080217,-0.061638512023574954
8475151,20252026,F,NYI,25,24,21559,11,24,0.4583333333333333,11.0,24,0.4583333333333333,10,24,0.4166666666666667,12.0,24,0.5,-0.3446688164580518,0.1191857514032586,-0.2254830650547932
8475158,20222023,F,"STL,TOR",53,52,46240,31,52,0.5961538461538461,28.5,52,0.5480769230769231,28,52,0.5384615384615384,30.0,52,0.5769230769230769,0.228759544484888,-0.0915532384653428,0.1372063060195452
8475158,20232024,F,NSH,82,82,75729,44,82,0.5365853658536586,47.5,82,0.5792682926829268,39,82,0.47560975609756095,43.5,82,0.5304878048780488,-0.05761261912513538,0.08221471382857182,0.02460209470343644
8475158,20242025,F,NSH,75,75,67988,41,75,0.5466666666666666,46.5,75,0.62,39,75,0.52,37.0,75,0.49333333333333335,0.07348302852458222,0.15361589805217113,0.22709892657675335
8475158,20252026,F,NSH,80,80,75770,41,80,0.5125,38.0,80,0.475,46,80,0.575,48.0,80,0.6,0.19197619255253606,0.3241896418347534,0.5161658343872895
8475163,20222023,F,DET,20,18,12081,8,18,0.4444444444444444,9.0,18,0.5,9,18,0.5,11.0,18,0.6111111111111112,-0.8296072444160516,0.7188836901861244,-0.11072355422992719
8475164,20222023,F,ANA,81,77,56074,15,77,0.19480519480519481,24.5,77,0.3181818181818182,31,77,0.4025974025974026,42.0,77,0.5454545454545454,-0.7891801883001452,0.6288799681182242,-0.16030022018192103
8475164,20232024,F,ANA,81,68,51157,29,68,0.4264705882352941,31.0,66,0.4696969696969697,38,68,0.5588235294117647,38.5,66,0.5833333333333334,-0.17755404376892936,0.7224438004982501,0.5448897567293207
8475166,20222023,F,TOR,80,80,68876,53,80,0.6625,50.0,80,0.625,42,80,0.525,43.5,80,0.54375,-0.06584211138377549,0.2513335971328621,0.18549148574908658
8475166,20232024,F,TOR,80,80,71262,51,80,0.6375,49.5,80,0.61875,48,80,0.6,48.5,80,0.60625,0.12262118859007387,0.2384249665130751,0.36104615510314897
8475166,20242025,F,TOR,71,71,64961,36,71,0.5070422535211268,35.0,71,0.49295774647887325,37,71,0.5211267605633803,36.0,71,0.5070422535211268,-0.008297277570493033,-0.1291558356962481,-0.13745311326674114
8475166,20252026,F,TOR,82,82,73642,44,82,0.5365853658536586,42.0,82,0.5121951219512195,49,82,0.5975609756097561,43.5,82,0.5304878048780488,0.31243509490722143,0.13493868069476633,0.44737377560198777
8475167,20222023,D,TBL,76,75,86100,33,75,0.44,37.5,75,0.5,35,75,0.4666666666666667,38.5,75,0.5133333333333333,0.11276255064610297,-0.44835675048419743,-0.33559419983809446
8475167,20232024,D,TBL,78,78,91870,42,78,0.5384615384615384,43.0,78,0.5512820512820513,40,78,0.5128205128205128,42.0,78,0.5384615384615384,0.32395309370687597,-0.15554884880739328,0.1684042448994827
8475167,20242025,D,TBL,76,75,84200,44,75,0.5866666666666667,43.0,73,0.589041095890411,42,75,0.56,39.5,73,0.541095890410959,0.12848175025733388,0.03931222997787431,0.1677939802352082
8475167,20252026,D,TBL,33,31,28286,12,31,0.3870967741935484,15.5,31,0.5,10,31,0.3225806451612903,15.0,31,0.4838709677419355,-0.061878040810479984,-0.6162961878076509,-0.6781742286181309
8475168,20222023,F,NSH,71,70,64062,35,70,0.5,31.5,70,0.45,39,70,0.5571428571428572,32.5,70,0.4642857142857143,0.30108350393261185,0.022029564410676716,0.32311306834328857
8475168,20232024,F,DAL,80,79,65438,45,79,0.569620253164557,42.5,79,0.5379746835443038,36,79,0.45569620253164556,24.5,79,0.310126582278481,0.2053988317643074,-0.48798900806583534,-0.28259017630152794
8475168,20242025,F,DAL,78,78,65402,36,78,0.46153846153846156,40.5,78,0.5192307692307693,42,78,0.5384615384615384,38.0,78,0.48717948717948717,0.5437812789695116,-0.33083250159249555,0.212948777377016
8475168,20252026,F,DAL,57,56,46824,22,56,0.39285714285714285,24.0,56,0.42857142857142855,19,56,0.3392857142857143,19.5,56,0.3482142857142857,-0.14640825908024535,-0.3009050074012847,-0.44731326648153
8475169,20222023,F,EDM,41,40,38077,19,40,0.475,18.5,40,0.4625,17,40,0.425,16.0,40,0.4,0.07833514480751713,-0.51716668179442,-0.4388315369869029
8475169,20232024,F,EDM,77,76,65179,43,76,0.5657894736842105,42.5,76,0.5592105263157895,28,76,0.3684210526315789,30.0,76,0.39473684210526316,-0.3339612169120114,-0.583160681319046,-0.9171218982310574
8475169,20252026,F,VAN,71,71,59348,26,71,0.36619718309859156,22.5,71,0.31690140845070425,37,71,0.5211267605633803,37.0,71,0.5211267605633803,0.3461855810007912,-0.7327853919661096,-0.38659981096531837
8475170,20222023,F,STL,82,82,73894,28,82,0.34146341463414637,31.0,82,0.3780487804878049,33,82,0.4024390243902439,40.5,82,0.49390243902439024,-0.1701139083376284,-0.20012853993643231,-0.3702424482740607
8475170,20232024,F,STL,82,82,68922,27,82,0.32926829268292684,29.0,82,0.35365853658536583,36,82,0.43902439024390244,39.0,82,0.47560975609756095,-0.13488026613545712,-0.08144634252180616,-0.21632660865726328
8475170,20242025,F,STL,80,80,71742,39,80,0.4875,35.5,80,0.44375,39,80,0.4875,31.5,80,0.39375,-0.12210059014637853,-0.1741607691744349,-0.29626135932081343
8475170,20252026,F,"NYI,STL",80,80,66892,41,80,0.5125,44.0,80,0.55,34,80,0.425,38.5,80,0.48125,0.09215773296888408,-0.0699558642961704,0.022201868672713676
8475171,20222023,D,VAN,54,53,53832,19,53,0.3584905660377358,24.5,53,0.46226415094339623,28,53,0.5283018867924528,25.0,53,0.4716981132075472,0.14308772983632156,-0.4342855478631136,-0.291197818026792
8475171,20232024,D,FLA,80,78,69863,50,78,0.6410256410256411,41.5,78,0.532051282051282,37,78,0.47435897435897434,36.5,78,0.46794871794871795,0.12234421523910077,0.03345642315206954,0.1558006383911703
8475171,20242025,D,TOR,75,74,78344,37,74,0.5,32.5,74,0.4391891891891892,36,74,0.4864864864864865,34.5,74,0.46621621621621623,0.13902045217472603,-0.19428659355574052,-0.05526614138101449
8475171,20252026,D,TOR,78,76,82046,32,76,0.42105263157894735,35.5,76,0.46710526315789475,39,76,0.5131578947368421,41.5,76,0.5460526315789473,0.14447186554577485,0.07596322747864637,0.2204350930244212
8475172,20222023,F,CGY,82,82,68417,47,82,0.573170731707317,45.0,82,0.5487804878048781,38,82,0.4634146341463415,39.0,82,0.47560975609756095,0.013122443943938578,-0.21448220839598342,-0.20135976445204484
8475172,20232024,F,CGY,82,82,72872,45,82,0.5487804878048781,40.5,82,0.49390243902439024,47,82,0.573170731707317,43.0,82,0.524390243902439,0.16055068918025572,0.12097491820118123,0.28152560738143695
8475172,20242025,F,CGY,79,79,75299,36,79,0.45569620253164556,33.0,79,0.4177215189873418,35,79,0.4430379746835443,37.0,79,0.46835443037974683,0.1013640474236146,-0.10559688128432887,-0.004232833860714269
8475172,20252026,F,"CGY,COL",77,76,71434,41,76,0.5394736842105263,42.0,75,0.56,42,76,0.5526315789473685,40.5,75,0.54,-0.14017687911963694,-0.15349452130792596,-0.2936714004275629
8475177,20222023,D,CAR,53,52,38608,36,52,0.6923076923076923,35.0,52,0.6730769230769231,29,52,0.5576923076923077,26.5,52,0.5096153846153846,0.3740152298890238,-0.11504857895969334,0.25896665092933047
8475177,20232024,D,TBL,59,59,50282,36,59,0.6101694915254238,36.5,59,0.6186440677966102,35,59,0.5932203389830508,37.5,59,0.635593220338983,0.013416393143399485,0.45663655519264834,0.4700529483360478
8475177,20242025,D,"COL,NYR",47,47,37934,31,47,0.6595744680851063,27.5,47,0.5851063829787234,26,47,0.5531914893617021,26.0,47,0.5531914893617021,-0.20060419922193073,0.35059170887472835,0.1499875096527976
8475178,20222023,F,ARI,51,36,26575,9,36,0.25,9.5,35,0.2714285714285714,14,36,0.3888888888888889,12.0,35,0.34285714285714286,-0.6312433012021537,-0.6657093216964882,-1.2969526228986419
8475179,20222023,D,"ANA,PIT",67,66,65987,17,66,0.25757575757575757,18.0,66,0.2727272727272727,34,66,0.5151515151515151,31.5,66,0.4772727272727273,-0.4437851758816196,-0.43503699703231025,-0.8788221729139298
8475179,20232024,D,FLA,76,73,62465,39,73,0.5342465753424658,40.0,73,0.547945205479452,39,73,0.5342465753424658,36.0,73,0.4931506849315068,0.09943403805028694,-0.026484374946820655,0.07294966310346629
8475179,20242025,D,FLA,69,68,68439,38,68,0.5588235294117647,39.0,68,0.5735294117647058,32,68,0.47058823529411764,32.5,68,0.47794117647058826,-0.050855367487007364,-0.17045163422915843,-0.2213070017161658
8475179,20252026,D,FLA,19,18,17816,7,18,0.3888888888888889,9.5,18,0.5277777777777778,6,18,0.3333333333333333,5.0,18,0.2777777777777778,-0.39692690683569376,-0.05625007618224931,-0.45317698301794307
8475181,20222023,D,STL,78,78,85927,30,78,0.38461538461538464,34.0,78,0.4358974358974359,42,78,0.5384615384615384,46.0,78,0.5897435897435898,0.05288659046860689,-0.12326636710758043,-0.07037977663897355
8475181,20232024,D,STL,82,82,93931,27,82,0.32926829268292684,28.5,82,0.3475609756097561,42,82,0.5121951219512195,35.5,82,0.4329268292682927,0.01479216045088716,-0.09643192843045911,-0.08163976797957195
8475181,20242025,D,STL,29,29,29955,10,29,0.3448275862068966,14.5,29,0.5,11,29,0.3793103448275862,13.5,29,0.46551724137931033,-0.11083705773712227,-0.1832688776193061,-0.29410593535642837
8475181,20252026,D,SJS,32,31,29929,9,31,0.2903225806451613,12.0,31,0.3870967741935484,12,31,0.3870967741935484,12.5,31,0.4032258064516129,0.0315860234863341,-0.4381667297531253,-0.4065807062667912
8475184,20222023,F,NYR,79,79,68632,42,79,0.5316455696202531,39.0,78,0.5,43,79,0.5443037974683544,43.5,78,0.5576923076923077,-0.08499812474792234,0.42047779564972565,0.3354796709018033
8475184,20232024,F,NYR,82,82,71298,44,82,0.5365853658536586,42.0,81,0.5185185185185185,42,82,0.5121951219512195,45.0,81,0.5555555555555556,-0.29374981059639094,0.33327777361521216,0.03952796301882122
8475184,20242025,F,NYR,64,63,49692,28,63,0.4444444444444444,29.0,62,0.46774193548387094,28,63,0.4444444444444444,28.5,62,0.4596774193548387,-0.5085921524424055,0.3278873925436785,-0.18070475989872703
8475184,20252026,F,ANA,74,74,60201,40,74,0.5405405405405406,37.0,74,0.5,38,74,0.5135135135135135,39.5,74,0.5337837837837838,0.06934043202786455,0.3330004849143524,0.40234091694221696
8475188,20222023,D,VGK,82,82,85654,47,82,0.573170731707317,48.5,82,0.5914634146341463,47,82,0.573170731707317,48.5,82,0.5914634146341463,0.05390901189874597,0.1987183542564468,0.25262736615519277
8475188,20232024,D,VGK,82,82,81881,49,82,0.5975609756097561,43.0,82,0.524390243902439,43,82,0.524390243902439,40.5,82,0.49390243902439024,0.026289794955726364,0.03982066552795738,0.06611046048368374
8475188,20242025,D,VGK,79,79,85741,51,79,0.6455696202531646,51.0,79,0.6455696202531646,46,79,0.5822784810126582,45.0,79,0.569620253164557,-0.0709567949833616,0.3118450660677614,0.2408882710843998
8475188,20252026,D,VGK,64,63,69078,41,63,0.6507936507936508,39.5,63,0.626984126984127,31,63,0.49206349206349204,30.0,63,0.47619047619047616,0.02510029156950644,0.0580566831117153,0.08315697468122174
8475191,20222023,F,VGK,78,78,64007,45,78,0.5769230769230769,43.0,77,0.5584415584415584,44,78,0.5641025641025641,40.5,77,0.525974025974026,0.21657014126902308,0.1355116578690585,0.3520817991380816
8475191,20232024,F,PIT,76,75,60508,46,75,0.6133333333333333,44.5,75,0.5933333333333334,39,75,0.52,42.5,75,0.5666666666666667,-0.07417728001714963,0.222955745410927,0.14877846539377737
8475191,20242025,F,"NYR,VGK",76,76,58950,39,76,0.5131578947368421,43.5,76,0.5723684210526315,41,76,0.5394736842105263,41.5,76,0.5460526315789473,-0.058268678592068746,-0.02246512868469308,-0.08073380727676183
8475191,20252026,F,VGK,69,68,49381,32,68,0.47058823529411764,28.5,67,0.4253731343283582,24,68,0.35294117647058826,20.5,67,0.30597014925373134,-0.1746201262792777,-0.5007863055730946,-0.6754064318523723
8475193,20222023,F,NJD,82,82,64056,57,82,0.6951219512195121,52.0,82,0.6341463414634146,50,82,0.6097560975609756,46.5,82,0.5670731707317073,0.8412199848135584,0.3198682236479371,1.1610882084614955
8475193,20232024,F,"COL,SEA",70,63,45484,33,63,0.5238095238095238,31.0,63,0.49206349206349204,30,63,0.47619047619047616,32.5,63,0.5158730158730159,0.0038451612306849015,-0.1665296444158053,-0.1626844831851204
8475193,20242025,F,NJD,71,57,41460,34,57,0.5964912280701754,33.5,57,0.5877192982456141,34,57,0.5964912280701754,35.0,57,0.6140350877192983,-0.16153567607796848,0.26290050508800955,0.10136482901004107
8475197,20222023,D,"EDM,NSH",85,85,82551,41,85,0.4823529411764706,38.0,84,0.4523809523809524,40,85,0.47058823529411764,37.5,84,0.44642857142857145,0.06851564607366978,-0.08484706150230092,-0.016331415428631146
8475197,20232024,D,NSH,41,41,36608,16,41,0.3902439024390244,14.5,40,0.3625,15,41,0.36585365853658536,14.0,40,0.35,-0.39194519063221867,-0.7794354198077307,-1.1713806104399493
8475197,20242025,D,CGY,13,13,10486,6,13,0.46153846153846156,7.5,13,0.5769230769230769,7,13,0.5384615384615384,6.5,13,0.5,-0.17629737507618293,-0.6460675909197864,-0.8223649659959693
8475200,20222023,D,"BOS,WSH",66,65,72170,40,65,0.6153846153846154,35.0,65,0.5384615384615384,33,65,0.5076923076923077,31.0,65,0.47692307692307695,0.26001651020542615,-0.05500404975567008,0.20501246044975607
8475200,20232024,D,CAR,82,82,74653,49,82,0.5975609756097561,48.5,82,0.5914634146341463,42,82,0.5121951219512195,37.5,82,0.4573170731707317,-0.011086653140754521,0.10853922122161475,0.09745256808086022
8475200,20242025,D,CAR,72,72,74379,47,72,0.6527777777777778,41.0,72,0.5694444444444444,37,72,0.5138888888888888,36.0,72,0.5,-0.0927644750994614,0.004034875403802651,-0.08872959969565875
8475200,20252026,D,SJS,81,81,84078,40,81,0.49382716049382713,43.0,81,0.5308641975308642,39,81,0.48148148148148145,46.5,81,0.5740740740740741,0.44626020986416615,-0.25899437949018145,0.1872658303739847
8475208,20222023,D,PIT,82,82,86092,35,82,0.4268292682926829,41.5,82,0.5060975609756098,30,82,0.36585365853658536,38.5,82,0.4695121951219512,-0.39385532779637034,-0.003983527792948749,-0.3978388555893191
8475208,20232024,D,SEA,80,79,70137,51,79,0.6455696202531646,42.0,79,0.5316455696202531,44,79,0.5569620253164557,43.5,79,0.5506329113924051,0.13697757952605016,0.27947328675829564,0.4164508662843458
8475208,20242025,D,"ANA,NJD",76,76,76422,25,76,0.32894736842105265,26.0,75,0.3466666666666667,28,76,0.3684210526315789,33.0,75,0.44,-0.17389829480144092,-0.38776344505112315,-0.5616617398525641
8475208,20252026,D,LAK,81,80,75828,43,80,0.5375,43.5,80,0.54375,42,80,0.525,35.0,80,0.4375,-0.016896370348431944,-0.13804474931494193,-0.15494111966337387
8475218,20222023,D,"EDM,NSH",78,78,78183,48,78,0.6153846153846154,46.5,78,0.5961538461538461,45,78,0.5769230769230769,44.5,78,0.5705128205128205,0.41744663548667926,0.29880633068026663,0.7162529661669459
8475218,20232024,D,EDM,79,79,81881,60,79,0.759493670886076,59.5,79,0.7531645569620253,51,79,0.6455696202531646,49.5,79,0.6265822784810127,1.052899667974608,0.10457797423344006,1.1574776422080482
8475218,20242025,D,EDM,64,64,74119,47,64,0.734375,41.0,64,0.640625,43,64,0.671875,36.5,64,0.5703125,0.7163532152436298,0.1036884271298657,0.8200416423734955
8475218,20252026,D,EDM,81,81,86057,59,81,0.7283950617283951,50.5,81,0.6234567901234568,60,81,0.7407407407407407,53.5,81,0.6604938271604939,1.1635533995058833,0.17300903079304852,1.3365624302989318
8475220,20222023,F,MIN,65,62,47164,28,62,0.45161290322580644,29.0,61,0.47540983606557374,31,62,0.5,29.0,61,0.47540983606557374,0.07966869888460737,-0.26596626460746364,-0.18629756572285627
8475220,20232024,F,MIN,55,54,38904,33,54,0.6111111111111112,35.5,53,0.6698113207547169,29,54,0.5370370370370371,34.0,53,0.6415094339622641,-0.05208769006130698,0.3227800371118392,0.27069234705053224
8475220,20242025,F,MIN,74,73,56106,37,73,0.5068493150684932,40.5,70,0.5785714285714286,41,73,0.5616438356164384,37.5,70,0.5357142857142857,-0.11743673825049639,0.4592148591130354,0.341778120862539
8475220,20252026,F,MIN,56,50,36968,24,50,0.48,26.0,50,0.52,25,50,0.5,23.5,50,0.47,-0.11087841336474202,0.0758042595831876,-0.03507415378155443
8475225,20222023,F,"BOS,WSH",64,51,38906,24,51,0.47058823529411764,25.0,51,0.49019607843137253,25,51,0.49019607843137253,25.0,51,0.49019607843137253,0.09252334042637012,-0.38056980693871667,-0.28804646651234656
8475225,20232024,F,DAL,75,62,43018,40,62,0.6451612903225806,41.0,61,0.6721311475409836,31,62,0.5,27.5,61,0.45081967213114754,-0.03077787078116767,0.15932205591783255,0.12854418513666488
8475225,20242025,F,"CHI,DET",55,47,33351,18,47,0.3829787234042553,17.5,47,0.3723404255319149,19,47,0.40425531914893614,19.5,47,0.4148936170212766,0.4047924386241273,-0.6565974201372575,-0.25180498151313024
8475227,20222023,D,MTL,46,40,32630,13,40,0.325,11.5,40,0.2875,22,40,0.55,19.0,40,0.475,0.18579842558231707,-0.3367577721052797,-0.1509593465229626
8475231,20222023,F,NYI,81,77,58947,28,77,0.36363636363636365,31.0,77,0.4025974025974026,33,77,0.42857142857142855,32.0,77,0.4155844155844156,-0.6540159067763538,0.149177405190005,-0.5048385015863488
8475231,20232024,F,NYI,70,66,49536,32,66,0.48484848484848486,33.0,65,0.5076923076923077,37,66,0.5606060606060606,32.0,65,0.49230769230769234,-0.4941563641301048,0.3077317191029696,-0.18642464502713518
8475231,20242025,F,NYI,78,76,53858,32,76,0.42105263157894735,33.0,74,0.44594594594594594,36,76,0.47368421052631576,32.5,74,0.4391891891891892,-0.4284154874006998,-0.014746517188739539,-0.44316200458943933
8475231,20252026,F,NYI,81,70,48136,34,70,0.4857142857142857,38.0,69,0.5507246376811594,34,70,0.4857142857142857,38.5,69,0.5579710144927537,-0.44685368006685966,0.5845189780782301,0.1376652980113704
8475233,20222023,D,MTL,62,62,68281,21,62,0.3387096774193548,21.5,62,0.3467741935483871,27,62,0.43548387096774194,25.0,62,0.4032258064516129,-0.014822252667844538,-0.20244829598131409,-0.21727054864915862
8475233,20232024,D,MTL,60,60,61294,20,60,0.3333333333333333,24.0,60,0.4,29,60,0.48333333333333334,30.5,60,0.5083333333333333,0.09376603273381967,-0.3088884835100738,-0.21512245077625414
8475233,20242025,D,MTL,71,69,59503,28,69,0.4057971014492754,25.0,69,0.36231884057971014,25,69,0.36231884057971014,28.5,69,0.41304347826086957,-0.5870045073333916,0.03190323818305796,-0.5551012691503336
8475235,20222023,F,PHI,80,50,42296,21,50,0.42,21.5,49,0.4387755102040816,26,50,0.52,24.5,49,0.5,-0.4367220625048509,0.10521956531749499,-0.3315024971873559
8475235,20232024,F,PHI,60,26,27587,12,26,0.46153846153846156,11.0,26,0.4230769230769231,10,26,0.38461538461538464,11.0,26,0.4230769230769231,-0.6987690639987256,0.058809752773790525,-0.6399593112249351
8475235,20242025,F,PHI,28,9,11961,4,9,0.4444444444444444,5.0,9,0.5555555555555556,4,9,0.4444444444444444,6.5,9,0.7222222222222222,-0.28440454922090597,-0.28702406717971485,-0.5714286164006208
8475235,20252026,F,"CAR,PHI",31,14,15079,8,14,0.5714285714285714,9.0,14,0.6428571428571429,9,14,0.6428571428571429,9.0,14,0.6428571428571429,-1.1053128533382308,0.7215484984008225,-0.38376435493740835
8475279,20222023,D,DET,76,76,77288,27,76,0.35526315789473684,28.5,76,0.375,33,76,0.4342105263157895,34.0,76,0.4473684210526316,-0.11833931421675059,-0.48415846123011574,-0.6024977754468663
8475279,20232024,D,DET,77,77,78029,38,77,0.4935064935064935,34.0,77,0.44155844155844154,41,77,0.5324675324675324,37.0,77,0.4805194805194805,0.07736666059780672,-0.1871853078288339,-0.10981864723102719
8475279,20242025,D,DET,77,77,86787,30,77,0.38961038961038963,28.0,77,0.36363636363636365,29,77,0.37662337662337664,23.5,77,0.3051948051948052,-0.061361519510808815,-0.4525433757336712,-0.51390489524448
8475279,20252026,D,DET,82,82,88400,29,82,0.35365853658536583,25.0,82,0.3048780487804878,24,82,0.2926829268292683,31.0,82,0.3780487804878049,-0.30477896418437656,-0.6296705041177777,-0.9344494683021543
8475287,20222023,F,NJD,80,79,64636,44,79,0.5569620253164557,43.5,79,0.5506329113924051,36,79,0.45569620253164556,36.5,79,0.4620253164556962,-0.22423777843000003,0.0629812282546931,-0.16125655017530693
8475287,20232024,F,NJD,76,76,63076,44,76,0.5789473684210527,40.5,76,0.5328947368421053,44,76,0.5789473684210527,42.0,76,0.5526315789473685,0.11666306627473766,0.3728390505575794,0.48950211683231704
8475287,20242025,F,NJD,65,64,46872,27,64,0.421875,28.0,64,0.4375,25,64,0.390625,24.5,64,0.3828125,-0.15913625327024628,-0.2712271574134628,-0.4303634106837091
8475287,20252026,F,NSH,81,81,61903,28,81,0.345679012345679,39.5,81,0.4876543209876543,31,81,0.38271604938271603,36.5,81,0.4506172839506173,-0.15145781067464714,-0.21829219890392615,-0.3697500095785733
8475314,20222023,F,NYI,82,82,70579,43,82,0.524390243902439,46.5,82,0.5670731707317073,50,82,0.6097560975609756,55.5,82,0.676829268292683,0.48953933602522426,0.11592922395898908,0.6054685599842133
8475314,20232024,F,NYI,81,80,66066,43,80,0.5375,46.0,80,0.575,51,80,0.6375,47.5,80,0.59375,0.6018183637777588,-0.027347007759424002,0.5744713560183348
8475314,20242025,F,NYI,78,78,68911,45,78,0.5769230769230769,50.5,77,0.6558441558441559,50,78,0.6410256410256411,49.5,77,0.6428571428571429,0.4829636883837787,0.07395393803430839,0.5569176264180871
8475314,20252026,F,NYI,82,82,65503,40,82,0.4878048780487805,44.5,82,0.5426829268292683,47,82,0.573170731707317,46.5,82,0.5670731707317073,0.7144643881063582,-0.18674248658531045,0.5277219015210477
8475324,20222023,D,WSH,77,76,82326,42,76,0.5526315789473685,35.0,76,0.4605263157894737,39,76,0.5131578947368421,28.5,76,0.375,0.029964214656537536,0.13720554912234117,0.1671697637788787
8475324,20232024,D,WSH,78,77,77982,31,77,0.4025974025974026,32.0,77,0.4155844155844156,35,77,0.45454545454545453,38.5,77,0.5,-0.21573526851322677,-0.028278602142858933,-0.2440138706560857
8475324,20242025,D,OTT,69,69,71228,35,69,0.5072463768115942,30.0,69,0.43478260869565216,37,69,0.5362318840579711,31.0,69,0.4492753623188406,0.42257157874215645,-0.3220086630760801,0.10056291566607634
8475324,20252026,D,OTT,61,61,56171,38,61,0.6229508196721312,32.5,61,0.5327868852459017,23,61,0.3770491803278688,25.0,61,0.4098360655737705,0.18400295865022276,-0.4891040767457804,-0.3051011180955576
8475343,20222023,F,WSH,65,61,42694,28,61,0.45901639344262296,34.0,61,0.5573770491803278,34,61,0.5573770491803278,35.5,61,0.5819672131147541,-0.17193303019241535,0.4586608662288132,0.28672783603639784
8475343,20232024,F,WSH,64,62,48440,25,62,0.4032258064516129,22.5,61,0.36885245901639346,25,62,0.4032258064516129,24.5,61,0.4016393442622951,-0.5994284306133124,0.13500979913959466,-0.46441863147371776
8475343,20242025,F,WSH,79,78,59803,45,78,0.5769230769230769,40.0,76,0.5263157894736842,42,78,0.5384615384615384,38.0,76,0.5,-0.32337404063374553,0.5164955943544212,0.19312155372067563
8475343,20252026,F,"VGK,WSH",75,72,54028,31,72,0.4305555555555556,32.5,71,0.45774647887323944,32,72,0.4444444444444444,33.0,71,0.4647887323943662,-0.6720544571628126,0.03124673356922214,-0.6408077235935905
8475413,20242025,F,NJD,50,37,27854,15,37,0.40540540540540543,16.0,34,0.47058823529411764,15,37,0.40540540540540543,16.0,34,0.47058823529411764,-0.45226175805531854,-0.053006661001733235,-0.5052684190570518
8475455,20222023,D,WPG,82,82,82243,44,82,0.5365853658536586,46.0,82,0.5609756097560976,39,82,0.47560975609756095,47.0,82,0.573170731707317,-0.10166388377168989,0.23368350355185274,0.13201961978016286
8475455,20232024,D,WPG,77,76,75289,44,76,0.5789473684210527,40.0,76,0.5263157894736842,27,76,0.35526315789473684,30.5,76,0.40131578947368424,-0.11619508273488721,-0.11994949913421271,-0.23614458186909992
8475455,20242025,D,NJD,78,78,74484,41,78,0.5256410256410257,38.5,78,0.4935897435897436,36,78,0.46153846153846156,39.0,78,0.5,0.20292479241962047,-0.3252203371830209,-0.12229554476340043
8475455,20252026,D,NJD,82,81,77299,35,81,0.43209876543209874,39.0,81,0.48148148148148145,37,81,0.4567901234567901,39.0,81,0.48148148148148145,-0.11521850441092374,0.0849321106915899,-0.030286393719333837
8475462,20222023,D,FLA,72,70,60853,47,70,0.6714285714285714,46.0,70,0.6571428571428571,41,70,0.5857142857142857,39.5,70,0.5642857142857143,0.018259392278147768,0.40414909133975696,0.42240848361790473
8475462,20232024,D,ANA,66,65,62479,32,65,0.49230769230769234,27.5,65,0.4230769230769231,36,65,0.5538461538461539,35.0,65,0.5384615384615384,0.14665335017267633,0.18499098694174476,0.3316443371144211
8475462,20242025,D,ANA,78,78,80915,33,78,0.4230769230769231,32.0,78,0.41025641025641024,40,78,0.5128205128205128,39.5,78,0.5064102564102564,0.0787687166584643,0.21527714837919465,0.29404586503765895
8475462,20252026,D,ANA,56,54,46897,28,54,0.5185185185185185,27.0,54,0.5,29,54,0.5370370370370371,29.5,54,0.5462962962962963,0.22828993469301695,-0.07824912348154367,0.15004081121147328
8475625,20222023,D,WSH,61,58,43206,21,58,0.3620689655172414,22.5,58,0.3879310344827586,25,58,0.43103448275862066,22.5,58,0.3879310344827586,-0.49732015078247693,0.11131786582484748,-0.38600228495762945
8475690,20222023,D,CGY,65,63,64601,46,63,0.7301587301587301,42.0,63,0.6666666666666666,45,63,0.7142857142857143,43.0,63,0.6825396825396826,0.2362961353805515,0.5778183958608996,0.8141145312414511
8475690,20232024,D,"CGY,DAL",75,74,75181,40,74,0.5405405405405406,40.0,74,0.5405405405405406,39,74,0.527027027027027,39.5,74,0.5337837837837838,0.0410815470822361,0.22564244229513086,0.26672398937736697
8475690,20242025,D,TOR,71,70,72763,47,70,0.6714285714285714,41.5,70,0.5928571428571429,45,70,0.6428571428571429,44.0,70,0.6285714285714286,-0.06321991551165951,0.6247545061199715,0.561534590608312
8475692,20222023,F,MIN,78,78,74763,42,78,0.5384615384615384,38.0,78,0.48717948717948717,40,78,0.5128205128205128,38.5,78,0.4935897435897436,0.21049461952112747,0.06757321487413392,0.2780678343952614
8475692,20232024,F,MIN,69,69,60935,36,69,0.5217391304347826,36.5,69,0.5289855072463768,34,69,0.4927536231884058,40.5,69,0.5869565217391305,0.030518821206274804,0.1054556901325987,0.1359745113388735
8475692,20242025,F,MIN,66,65,64646,34,65,0.5230769230769231,35.0,65,0.5384615384615384,37,65,0.5692307692307692,34.0,65,0.5230769230769231,0.28477952998071787,-0.049199319834915656,0.23558021014580222
8475692,20252026,F,MIN,59,58,54426,32,58,0.5517241379310345,31.5,58,0.5431034482758621,30,58,0.5172413793103449,28.0,58,0.4827586206896552,0.27153794604976245,0.09489740072079211,0.36643534677055456
8475714,20222023,F,TOR,73,71,49493,42,71,0.5915492957746479,37.5,70,0.5357142857142857,34,71,0.4788732394366197,36.0,70,0.5142857142857142,-0.19351619454481694,-0.2208192311648287,-0.41433542570964565
8475714,20232024,F,TOR,52,49,37667,30,49,0.6122448979591837,28.5,49,0.5816326530612245,30,49,0.6122448979591837,29.0,49,0.5918367346938775,0.11483721256867252,0.02455376571876222,0.13939097828743474
8475714,20252026,F,TOR,56,42,32071,15,42,0.35714285714285715,16.5,42,0.39285714285714285,18,42,0.42857142857142855,18.5,42,0.44047619047619047,-0.7834090208418931,0.11535440947816422,-0.6680546113637289
8475718,20222023,D,TOR,80,80,81453,52,80,0.65,47.0,79,0.5949367088607594,38,80,0.475,33.5,79,0.4240506329113924,-0.3494505686669305,0.09854076021647185,-0.2509098084504586
8475718,20232024,D,DET,38,37,29944,16,37,0.43243243243243246,15.0,37,0.40540540540540543,20,37,0.5405405405405406,20.0,37,0.5405405405405406,0.08587145997386925,-0.2860924559856102,-0.20022099601174093
8475718,20242025,D,DET,69,68,54508,35,68,0.5147058823529411,35.0,68,0.5147058823529411,42,68,0.6176470588235294,37.0,68,0.5441176470588235,0.42766280024670866,0.06673268822219303,0.4943954884689017
8475722,20222023,F,PIT,78,78,62186,47,78,0.6025641025641025,45.5,78,0.5833333333333334,46,78,0.5897435897435898,39.0,78,0.5,0.9245708905335941,-0.3409739089425248,0.5835969815910693
8475722,20232024,F,"ARI,NSH",69,64,50000,32,64,0.5,33.5,63,0.5317460317460317,31,64,0.484375,33.0,63,0.5238095238095238,0.14808168917372067,-0.12982184102077055,0.01825984815295012
8475722,20242025,F,BUF,69,69,55336,31,69,0.4492753623188406,34.5,68,0.5073529411764706,36,69,0.5217391304347826,32.5,68,0.47794117647058826,0.08187894308528687,-0.021340171805240615,0.060538771280046255
8475722,20252026,F,BUF,62,61,48347,31,61,0.5081967213114754,34.5,61,0.5655737704918032,30,61,0.4918032786885246,29.5,61,0.48360655737704916,0.15803210641315424,-0.062227621578121006,0.09580448483503323
8475726,20222023,F,CGY,82,82,65910,51,82,0.6219512195121951,51.5,82,0.6280487804878049,46,82,0.5609756097560976,47.5,82,0.5792682926829268,-0.12073026422295685,0.4801541769631634,0.3594239127402066
8475726,20232024,F,"NJD,WPG",79,79,66013,46,79,0.5822784810126582,45.5,79,0.5759493670886076,42,79,0.5316455696202531,42.5,79,0.5379746835443038,0.2443534726211718,-0.2884170294111357,-0.044063556789963876
8475726,20242025,F,SJS,74,74,62456,32,74,0.43243243243243246,31.0,74,0.4189189189189189,49,74,0.6621621621621622,42.0,74,0.5675675675675675,0.2735625729870419,0.2879840654344865,0.5615466384215284
8475726,20252026,F,SJS,80,76,59111,36,76,0.47368421052631576,35.5,75,0.47333333333333333,39,76,0.5131578947368421,40.0,75,0.5333333333333333,-0.06441061670027004,0.33877479791353604,0.274364181213266
8475744,20222023,F,WSH,81,81,67892,32,81,0.3950617283950617,28.0,81,0.345679012345679,32,81,0.3950617283950617,28.0,81,0.345679012345679,-0.27956689314999794,-0.451127951261558,-0.730694844411556
8475744,20232024,F,"CAR,WSH",63,63,51930,27,63,0.42857142857142855,24.0,62,0.3870967741935484,24,63,0.38095238095238093,25.0,62,0.4032258064516129,-0.5281014875192669,-0.47458549839543096,-1.0026869859146978
8475745,20222023,F,BOS,82,82,66840,45,82,0.5487804878048781,46.5,82,0.5670731707317073,37,82,0.45121951219512196,40.0,82,0.4878048780487805,-0.33516197007362347,-0.0868492171185018,-0.42201118719212527
8475745,20232024,F,BOS,82,82,69022,35,82,0.4268292682926829,38.0,82,0.4634146341463415,35,82,0.4268292682926829,33.5,82,0.40853658536585363,-0.25227180987871156,-0.08094662168494127,-0.33321843156365283
8475745,20242025,F,"BOS,COL",79,79,62432,39,79,0.4936708860759494,36.0,78,0.46153846153846156,38,79,0.4810126582278481,38.0,78,0.48717948717948717,-0.20263535885734818,0.013595991436196275,-0.1890393674211519
8475745,20252026,F,CBJ,82,82,71309,47,82,0.573170731707317,44.5,82,0.5426829268292683,41,82,0.5,39.5,82,0.4817073170731707,-0.2671351451618502,0.4651659152048344,0.1980307700429842
8475747,20222023,D,ARI,75,75,64617,18,75,0.24,25.0,75,0.3333333333333333,28,75,0.37333333333333335,30.0,75,0.4,-0.5924508867630647,0.05285597495368366,-0.539594911809381
8475750,20222023,D,MIN,73,72,58513,36,72,0.5,28.5,71,0.4014084507042254,29,72,0.4027777777777778,28.0,71,0.39436619718309857,-0.19510805172401735,-0.2558383721794395,-0.45094642390345685
8475750,20232024,D,MIN,65,59,46576,32,59,0.5423728813559322,30.0,58,0.5172413793103449,32,59,0.5423728813559322,30.0,58,0.5172413793103449,-0.17022438634769355,-0.04728992568391499,-0.21751431203160854
8475750,20242025,D,MIN,67,65,51795,29,65,0.4461538461538462,32.5,63,0.5158730158730159,32,65,0.49230769230769234,34.0,63,0.5396825396825397,-0.2766797636592664,-0.030710837357044607,-0.307390601016311
8475752,20222023,F,STL,61,44,34007,17,44,0.38636363636363635,19.0,43,0.4418604651162791,23,44,0.5227272727272727,22.5,43,0.5232558139534884,-0.2823671218806414,0.17521202156115612,-0.10715510031948527
8475752,20232024,F,NYR,34,27,19450,11,27,0.4074074074074074,15.0,25,0.6,10,27,0.37037037037037035,12.0,25,0.48,-0.6670464886300391,-0.15598750204909528,-0.8230339906791344
8475752,20252026,F,MIN,32,14,14221,5,14,0.35714285714285715,5.0,12,0.4166666666666667,5,14,0.35714285714285715,4.0,12,0.3333333333333333,-0.5192974578526712,-0.03240584220989362,-0.5517033000625648
8475753,20222023,D,STL,82,82,93979,29,82,0.35365853658536583,30.5,82,0.3719512195121951,37,82,0.45121951219512196,37.5,82,0.4573170731707317,0.04240242215066958,-0.42127934377438603,-0.37887692162371644
8475753,20232024,D,STL,60,60,64632,25,60,0.4166666666666667,24.0,60,0.4,29,60,0.48333333333333334,31.0,60,0.5166666666666667,0.5782156239426179,-0.2991637404660956,0.2790518834765223
8475753,20242025,D,STL,76,76,86859,37,76,0.4868421052631579,37.5,76,0.4934210526315789,28,76,0.3684210526315789,33.0,76,0.4342105263157895,-0.5154575500146332,0.05944322529654844,-0.4560143247180848
8475753,20252026,D,"DET,STL",78,78,85243,30,78,0.38461538461538464,33.0,78,0.4230769230769231,35,78,0.44871794871794873,35.5,78,0.4551282051282051,-0.3046105340004006,-0.032419171843748984,-0.3370297058441496
8475754,20222023,F,NYI,82,80,72307,42,80,0.525,37.0,80,0.4625,40,80,0.5,41.0,80,0.5125,0.237998591125002,-0.22482708765865755,0.013171503466344436
8475754,20232024,F,NYI,82,82,73009,37,82,0.45121951219512196,39.0,82,0.47560975609756095,39,82,0.47560975609756095,42.0,82,0.5121951219512195,0.19890145763857614,-0.14212657215936453,0.05677488547921161
8475754,20242025,F,"COL,NYI",76,76,70622,38,76,0.5,37.0,75,0.49333333333333335,39,76,0.5131578947368421,33.0,75,0.44,-0.08346619484289786,-0.08951573248340461,-0.17298192732630246
8475754,20252026,F,COL,80,80,72850,56,80,0.7,53.5,80,0.66875,47,80,0.5875,46.5,80,0.58125,-0.10862453770643166,0.3109276447005991,0.20230310699416743
8475755,20252026,D,DAL,54,54,44692,30,54,0.5555555555555556,28.0,54,0.5185185185185185,22,54,0.4074074074074074,23.5,54,0.4351851851851852,0.2160304037194063,-0.46621344130087294,-0.25018303758146665
8475760,20222023,F,"ARI,EDM",78,75,62028,38,75,0.5066666666666667,36.0,75,0.48,40,75,0.5333333333333333,38.5,75,0.5133333333333333,-0.48414678072550377,0.2432286238782937,-0.24091815684721007
8475760,20232024,F,ARI,76,74,62729,32,74,0.43243243243243246,30.5,74,0.41216216216216217,36,74,0.4864864864864865,33.5,74,0.4527027027027027,0.02217449513729486,-0.09191923680561231,-0.06974474166831746
8475760,20242025,F,UTA,62,59,41049,30,59,0.5084745762711864,28.5,59,0.4830508474576271,28,59,0.4745762711864407,28.5,59,0.4830508474576271,0.176320019748903,-0.3578624518404392,-0.1815424320915362
8475760,20252026,F,"NJD,STL",61,48,35852,17,48,0.3541666666666667,20.5,47,0.43617021276595747,19,48,0.3958333333333333,21.5,47,0.4574468085106383,-0.258935966373639,-0.1621863952028515,-0.4211223615764905
8475762,20222023,D,BOS,54,53,47553,23,53,0.4339622641509434,28.0,53,0.5283018867924528,17,53,0.32075471698113206,21.5,53,0.4056603773584906,-0.7804334304209735,-0.23825008840489392,-1.0186835188258674
8475762,20232024,D,BOS,35,35,30991,27,35,0.7714285714285715,25.5,35,0.7285714285714285,24,35,0.6857142857142857,24.0,35,0.6857142857142857,0.10587008859574398,0.40201997422331504,0.507890062819059
8475762,20242025,D,VAN,51,51,45377,23,51,0.45098039215686275,22.0,50,0.44,25,51,0.49019607843137253,21.0,50,0.42,-0.6656612493176715,0.25013038093750795,-0.4155308683801635
8475763,20222023,F,PHI,81,80,71074,32,80,0.4,35.0,80,0.4375,42,80,0.525,40.5,80,0.50625,0.27245454646278144,-0.1812516747455808,0.09120287171720065
8475763,20232024,F,STL,79,76,56222,33,76,0.4342105263157895,29.0,76,0.3815789473684211,43,76,0.5657894736842105,37.5,76,0.4934210526315789,0.09571900796866828,0.05249917677425486,0.14821818474292314
8475763,20242025,F,PIT,61,44,36766,19,44,0.4318181818181818,21.0,42,0.5,23,44,0.5227272727272727,20.0,42,0.47619047619047616,-0.12661719746244948,0.2927523406530703,0.16613514319062084
8475763,20252026,F,PIT,28,22,18233,13,22,0.5909090909090909,13.5,22,0.6136363636363636,14,22,0.6363636363636364,14.5,22,0.6590909090909091,0.11939993973908392,0.23780084069370133,0.35720078043278525
8475764,20222023,D,ANA,82,82,94892,22,82,0.2682926829268293,26.5,82,0.3231707317073171,46,82,0.5609756097560976,49.5,82,0.6036585365853658,0.18830596541645406,0.28709598717778073,0.4754019525942348
8475764,20232024,D,ANA,81,80,90862,31,80,0.3875,29.0,80,0.3625,35,80,0.4375,39.0,80,0.4875,-0.253937598031726,0.05083981449622099,-0.203097783535505
8475764,20242025,D,"ANA,STL",66,66,73348,35,66,0.5303030303030303,39.0,66,0.5909090909090909,40,66,0.6060606060606061,38.0,66,0.5757575757575758,0.20954510334032683,0.18849213206387416,0.398037235404201
8475764,20252026,D,STL,81,81,85997,34,81,0.41975308641975306,38.0,81,0.4691358024691358,37,81,0.4567901234567901,31.5,81,0.3888888888888889,0.13162082762714178,-0.28702947338705,-0.1554086457599082
8475765,20222023,F,"NYR,STL",69,68,58479,28,68,0.4117647058823529,28.0,68,0.4117647058823529,31,68,0.45588235294117646,29.5,68,0.4338235294117647,0.052119616776483024,-0.4816420153766372,-0.4295223986001542
8475765,20232024,F,"FLA,OTT",76,75,59061,35,75,0.4666666666666667,31.0,74,0.4189189189189189,29,75,0.38666666666666666,34.0,74,0.4594594594594595,0.19521699535889203,-0.6949841976253066,-0.4997672022664146
8475765,20242025,F,DET,76,76,57736,37,76,0.4868421052631579,33.5,75,0.44666666666666666,39,76,0.5131578947368421,35.5,75,0.47333333333333333,-0.0038129897343490704,-0.04992835550885033,-0.0537413452431994
8475765,20252026,F,MIN,75,73,56594,35,73,0.4794520547945205,39.5,73,0.541095890410959,35,73,0.4794520547945205,37.0,73,0.5068493150684932,-0.24388639945629054,0.012459156283476602,-0.23142724317281393
8475766,20222023,F,OTT,75,39,36855,13,39,0.3333333333333333,18.0,39,0.46153846153846156,11,39,0.28205128205128205,16.0,39,0.41025641025641024,-1.1541477004245861,0.23268508274529642,-0.9214626176792897
8475766,20232024,F,TBL,33,7,13461,5,7,0.7142857142857143,4.0,7,0.5714285714285714,5,7,0.7142857142857143,4.0,7,0.5714285714285714,-1.051664839205673,0.20693185984162277,-0.8447329793640503
8475768,20222023,F,SEA,71,71,61050,40,71,0.5633802816901409,41.0,71,0.5774647887323944,37,71,0.5211267605633803,41.5,71,0.5845070422535211,-0.17572444706897272,0.22172354602496158,0.04599909895598886
8475768,20232024,F,SEA,62,61,51811,29,61,0.47540983606557374,30.5,60,0.5083333333333333,28,61,0.45901639344262296,28.5,60,0.475,-0.1694135910555845,0.07179160372445281,-0.0976219873311317
8475768,20242025,F,SEA,78,77,72240,32,77,0.4155844155844156,34.5,77,0.44805194805194803,38,77,0.4935064935064935,36.0,77,0.4675324675324675,-0.09777037685649104,-0.12227387636692866,-0.2200442532234197
8475768,20252026,F,SEA,50,49,40445,15,49,0.30612244897959184,15.0,49,0.30612244897959184,24,49,0.4897959183673469,16.5,49,0.336734693877551,-0.14414432530665344,-0.02085893323339949,-0.16500325854005293
8475784,20222023,F,BUF,79,79,68461,40,79,0.5063291139240507,36.5,79,0.4620253164556962,42,79,0.5316455696202531,40.0,79,0.5063291139240507,0.6824824129065998,-0.2656790749757669,0.4168033379308329
8475784,20232024,F,BUF,74,73,59472,35,73,0.4794520547945205,32.0,73,0.4383561643835616,35,73,0.4794520547945205,32.0,73,0.4383561643835616,0.2354514072198306,-0.3745257382971712,-0.13907433107734057
8475784,20242025,F,EDM,68,65,46567,34,65,0.5230769230769231,33.5,65,0.5153846153846153,29,65,0.4461538461538462,28.5,65,0.43846153846153846,0.017761486110718927,-0.3509991349769943,-0.3332376488662754
8475784,20252026,F,SJS,32,28,19491,13,28,0.4642857142857143,13.0,28,0.4642857142857143,14,28,0.5,12.0,28,0.42857142857142855,0.15918565367025428,-0.45372500114976866,-0.2945393474795144
8475786,20222023,F,EDM,79,79,77868,52,79,0.6582278481012658,55.0,79,0.6962025316455697,43,79,0.5443037974683544,40.5,79,0.5126582278481012,0.7500118211932558,-0.31479837652124143,0.4352134446720144
8475786,20232024,F,EDM,80,80,78117,63,80,0.7875,59.0,80,0.7375,50,80,0.625,48.5,80,0.60625,1.2238737769982717,0.15006517739434821,1.37393895439262
8475786,20242025,F,EDM,71,71,68872,50,71,0.704225352112676,50.0,71,0.704225352112676,49,71,0.6901408450704225,50.0,71,0.704225352112676,0.9467843178349469,0.13624089734293232,1.0830252151778792
8475786,20252026,F,EDM,57,57,55953,33,57,0.5789473684210527,35.5,57,0.6228070175438597,34,57,0.5964912280701754,32.5,57,0.5701754385964912,0.9020763920702515,-0.06286937894306543,0.839207013127186
8475790,20222023,D,CBJ,70,69,76688,23,69,0.3333333333333333,26.0,69,0.37681159420289856,30,69,0.43478260869565216,25.5,69,0.3695652173913043,-0.22161107193225815,-0.24883830411163377,-0.4704493760438919
8475790,20232024,D,CBJ,78,78,77816,30,78,0.38461538461538464,32.0,78,0.41025641025641024,37,78,0.47435897435897434,40.5,78,0.5192307692307693,-0.4529088848820293,0.12487067004752994,-0.32803821483449935
8475790,20242025,D,CBJ,12,12,10344,3,12,0.25,6.5,12,0.5416666666666666,4,12,0.3333333333333333,4.0,12,0.3333333333333333,-0.2506113756899251,-0.43142382282437053,-0.6820351985142956
8475790,20252026,D,CBJ,37,36,34123,11,36,0.3055555555555556,9.5,36,0.2638888888888889,9,36,0.25,8.0,36,0.2222222222222222,-0.8352730961155579,-0.17007506476389223,-1.0053481608794501
8475791,20222023,F,BOS,61,61,46426,33,61,0.5409836065573771,38.0,61,0.6229508196721312,28,61,0.45901639344262296,30.5,61,0.5,0.14230058754538,-0.41244906910856693,-0.27014848156318694
8475791,20242025,F,"CAR,CHI",74,74,57898,36,74,0.4864864864864865,38.5,74,0.5202702702702703,38,74,0.5135135135135135,39.5,74,0.5337837837837838,0.26723909286122227,-0.18475012799229162,0.08248896486893065
8475791,20252026,F,CAR,80,79,57304,51,79,0.6455696202531646,48.5,78,0.6217948717948718,37,79,0.46835443037974683,37.0,78,0.47435897435897434,0.5628788211124225,-0.3607637606117624,0.20211506050066008
8475793,20222023,F,NSH,55,55,42006,26,55,0.4727272727272727,29.0,55,0.5272727272727272,27,55,0.4909090909090909,31.5,55,0.5727272727272728,-0.08816457230357866,0.2075411928529931,0.11937662054941445
8475793,20232024,F,COL,63,60,41933,28,60,0.4666666666666667,28.5,59,0.4830508474576271,29,60,0.48333333333333334,26.5,59,0.4491525423728814,-0.8442798631747901,0.20216306745220525,-0.6421167957225848
8475794,20222023,F,DAL,76,75,58998,43,75,0.5733333333333334,46.0,75,0.6133333333333333,37,75,0.49333333333333335,33.0,75,0.44,0.2830329243210379,-0.12271837119927431,0.16031455312176357
8475794,20232024,F,DAL,68,68,53487,38,68,0.5588235294117647,38.0,68,0.5588235294117647,33,68,0.4852941176470588,26.5,68,0.3897058823529412,0.44600710753303785,-0.6504127832691269,-0.20440567573608903
8475794,20242025,F,DAL,20,20,15073,11,20,0.55,12.0,20,0.6,13,20,0.65,13.5,20,0.675,0.8056760336355491,-0.11981870306027265,0.6858573305752764
8475794,20252026,F,DAL,27,26,21837,9,26,0.34615384615384615,8.0,26,0.3076923076923077,10,26,0.38461538461538464,8.0,26,0.3076923076923077,-0.2122775923491047,-0.288161823407759,-0.5004394157568637
8475797,20222023,D,CHI,44,41,37894,10,41,0.24390243902439024,12.0,41,0.2926829268292683,22,41,0.5365853658536586,21.0,41,0.5121951219512195,-0.30906360727995486,0.14283482633628974,-0.1662287809436651
8475797,20232024,D,CHI,52,50,42559,15,50,0.3,12.5,50,0.25,20,50,0.4,17.5,50,0.35,-0.14654975874637954,-0.4931534990056665,-0.6397032577520461
8475798,20222023,F,"NSH,PIT",79,79,65061,40,79,0.5063291139240507,38.0,78,0.48717948717948717,35,79,0.4430379746835443,32.5,78,0.4166666666666667,-0.19957524216388878,-0.01593286666458571,-0.2155081088284745
8475798,20232024,F,SJS,69,69,68323,20,69,0.2898550724637681,17.5,69,0.2536231884057971,36,69,0.5217391304347826,31.5,69,0.45652173913043476,0.04845684588015953,0.17276438302635144,0.22122122890651097
8475798,20242025,F,"DAL,SJS",79,79,73167,25,79,0.31645569620253167,29.0,79,0.3670886075949367,41,79,0.5189873417721519,40.5,79,0.5126582278481012,-0.15936868304923735,-0.2526322826481877,-0.41200096569742506
8475798,20252026,F,"ANA,SJS",58,56,50629,34,56,0.6071428571428571,30.5,56,0.5446428571428571,29,56,0.5178571428571429,29.0,56,0.5178571428571429,0.22623162692030885,0.31566926638590687,0.5419008933062157
8475799,20222023,F,"NSH,WPG",78,78,62682,44,78,0.5641025641025641,47.0,78,0.6025641025641025,42,78,0.5384615384615384,49.5,78,0.6346153846153846,0.06021768399448879,0.16013942314064922,0.220357107135138
8475799,20232024,F,WPG,77,77,59100,49,77,0.6363636363636364,40.0,75,0.5333333333333333,44,77,0.5714285714285714,40.5,75,0.54,0.26400138186950484,0.2801030812066594,0.5441044630761642
8475799,20242025,F,WPG,79,79,61546,40,79,0.5063291139240507,38.0,79,0.4810126582278481,35,79,0.4430379746835443,34.0,79,0.43037974683544306,-0.1776203145927564,-0.23916224777844253,-0.41678256237119893
8475799,20252026,F,WPG,60,59,42098,26,59,0.4406779661016949,22.5,59,0.3813559322033898,32,59,0.5423728813559322,24.0,59,0.4067796610169492,0.07538082507583699,0.15335202526813996,0.22873285034397695
8475810,20222023,F,PIT,81,81,68940,46,81,0.5679012345679012,48.5,81,0.5987654320987654,49,81,0.6049382716049383,50.5,81,0.6234567901234568,0.15894380035869604,-0.042548358831112854,0.11639544152758319
8475810,20232024,F,PIT,62,62,58975,32,62,0.5161290322580645,40.0,62,0.6451612903225806,37,62,0.5967741935483871,39.0,62,0.6290322580645161,0.6676202013652905,-0.27577362715693887,0.3918465742083517
8475810,20242025,F,PIT,68,68,65822,33,68,0.4852941176470588,27.5,68,0.40441176470588236,33,68,0.4852941176470588,33.0,68,0.4852941176470588,0.4814772778176706,-0.4895963172718081,-0.0081190394541375
8475810,20252026,F,PIT,72,72,66809,33,72,0.4583333333333333,34.0,72,0.4722222222222222,32,72,0.4444444444444444,32.0,72,0.4444444444444444,-0.45327003921403763,-0.20706592259458745,-0.6603359618086251
8475825,20222023,D,DAL,82,82,79515,41,82,0.5,40.0,82,0.4878048780487805,28,82,0.34146341463414637,32.0,82,0.3902439024390244,-0.3302527509928823,-0.2314897682717194,-0.5617425192646017
8475825,20232024,D,DAL,64,64,60039,32,64,0.5,31.0,63,0.49206349206349204,25,64,0.390625,20.5,63,0.3253968253968254,-0.41281912016738387,-0.13398685656003329,-0.5468059767274172
8475842,20222023,F,ANA,52,39,29263,8,39,0.20512820512820512,9.5,38,0.25,15,39,0.38461538461538464,13.0,38,0.34210526315789475,-0.5971273831251132,-0.3525965621701035,-0.9497239452952166
8475842,20232024,F,"ANA,EDM",77,61,44798,26,61,0.4262295081967213,23.5,59,0.3983050847457627,27,61,0.4426229508196721,24.5,59,0.4152542372881356,-1.133924891312461,0.2621921569036596,-0.8717327344088015
8475842,20242025,F,NYR,77,62,46728,25,62,0.4032258064516129,29.5,62,0.47580645161290325,31,62,0.5,26.5,62,0.4274193548387097,-0.16574029182647987,0.06712742399367366,-0.0986128678328062
8475842,20252026,F,"BUF,NYR",73,53,40501,24,53,0.4528301886792453,27.0,52,0.5192307692307693,24,53,0.4528301886792453,26.0,52,0.5,-0.29721007040730685,0.04326489889550622,-0.2539451715118006
8475848,20222023,F,MTL,37,35,26512,12,35,0.34285714285714286,15.0,35,0.42857142857142855,24,35,0.6857142857142857,20.5,35,0.5857142857142857,0.19749663194700684,0.2932237958388839,0.49072042778589076
8475848,20232024,F,MTL,77,74,54181,39,74,0.527027027027027,38.5,74,0.5202702702702703,44,74,0.5945945945945946,46.0,74,0.6216216216216216,0.6000167653583626,-0.13770476245738505,0.4623120029009775
8475848,20242025,F,MTL,78,77,55967,46,77,0.5974025974025974,47.0,77,0.6103896103896104,43,77,0.5584415584415584,48.0,77,0.6233766233766234,0.566690734397131,0.029638807257400313,0.5963295416545313
8475848,20252026,F,MTL,77,67,48206,35,67,0.5223880597014925,31.5,67,0.4701492537313433,32,67,0.47761194029850745,33.0,67,0.4925373134328358,0.13649240891119296,-0.17066401674510034,-0.03417160783390738
8475855,20222023,F,CAR,80,80,60448,51,80,0.6375,52.5,80,0.65625,37,80,0.4625,40.5,80,0.50625,-0.15121424573988929,-0.0855524673203858,-0.23676671306027508
8475855,20232024,F,CAR,73,63,47280,45,63,0.7142857142857143,43.0,63,0.6825396825396826,38,63,0.6031746031746031,41.0,63,0.6507936507936508,0.07950856140082463,0.3028787379510862,0.38238729935191085
8475857,20222023,D,NSH,23,22,17171,5,22,0.22727272727272727,5.0,22,0.22727272727272727,10,22,0.45454545454545453,9.0,22,0.4090909090909091,-0.5953851005991311,-0.04283351077468245,-0.6382186113738135
8475906,20222023,D,"ANA,MIN",67,67,67878,14,67,0.208955223880597,18.5,67,0.27611940298507465,24,67,0.3582089552238806,33.0,67,0.4925373134328358,0.11606711243695722,-1.080952710342412,-0.9648855979054547
8475906,20232024,D,TOR,14,14,14265,6,14,0.42857142857142855,4.5,14,0.32142857142857145,4,14,0.2857142857142857,7.0,14,0.5,-0.26960391839517817,-0.5084064452500772,-0.7780103636452553
8475906,20252026,D,SJS,55,55,55705,24,55,0.43636363636363634,27.0,55,0.4909090909090909,33,55,0.6,27.5,55,0.5,0.3193117099251017,-0.4035551084653908,-0.08424339854028906
8475913,20222023,F,VGK,43,42,40372,31,42,0.7380952380952381,29.0,42,0.6904761904761905,26,42,0.6190476190476191,26.5,42,0.6309523809523809,0.1671379922428069,0.6306075665021444,0.7977455587449513
8475913,20232024,F,VGK,56,56,49263,30,56,0.5357142857142857,31.0,56,0.5535714285714286,29,56,0.5178571428571429,28.5,56,0.5089285714285714,0.08093285663294081,0.01258190063938791,0.09351475727232872
8475913,20242025,F,VGK,63,63,61708,40,63,0.6349206349206349,42.5,63,0.6746031746031746,38,63,0.6031746031746031,36.0,63,0.5714285714285714,0.07602648120666489,0.33553294517078114,0.411559426377446
8475913,20252026,F,VGK,61,59,55730,43,59,0.7288135593220338,39.5,59,0.6694915254237288,41,59,0.6949152542372882,37.5,59,0.635593220338983,0.11620248906065545,0.5138676201287551,0.6300701091894105
8475958,20232024,F,WSH,25,19,14809,11,19,0.5789473684210527,10.5,19,0.5526315789473685,12,19,0.631578947368421,6.5,19,0.34210526315789475,0.11443732291057218,0.42824243809847395,0.5426797610090461
8475968,20222023,F,MTL,31,29,19689,11,29,0.3793103448275862,12.0,29,0.41379310344827586,12,29,0.41379310344827586,13.0,29,0.4482758620689655,-0.06252005771816416,0.0038334364120493625,-0.058686621306114795
8476278,20222023,F,CHI,53,41,31694,13,41,0.3170731707317073,15.5,41,0.3780487804878049,19,41,0.4634146341463415,16.0,41,0.3902439024390244,-0.2721563353320331,0.04281600814944975,-0.22934032718258335
8476278,20232024,F,CHI,44,43,33509,18,43,0.4186046511627907,17.5,43,0.4069767441860465,24,43,0.5581395348837209,23.5,43,0.5465116279069767,-0.00955503894469456,0.4339993174091261,0.42444427846443156
8476278,20242025,F,DAL,60,53,35436,24,53,0.4528301886792453,29.0,49,0.5918367346938775,26,53,0.49056603773584906,26.0,49,0.5306122448979592,-0.6747700146311182,0.46431121406993103,-0.21045880056118715
8476278,20252026,F,DAL,70,60,41939,20,60,0.3333333333333333,24.0,60,0.4,21,60,0.35,23.5,60,0.39166666666666666,-0.7648168968123856,0.2598791001696017,-0.5049377966427839
8476292,20222023,F,NJD,49,49,39776,34,49,0.6938775510204082,33.5,49,0.6836734693877551,25,49,0.5102040816326531,26.5,49,0.5408163265306123,0.19701445063098832,0.22858593685230488,0.4256003874832932
8476292,20232024,F,NJD,71,71,56598,43,71,0.6056338028169014,43.5,71,0.6126760563380281,43,71,0.6056338028169014,45.5,71,0.6408450704225352,0.46775448392996033,0.1913290403562149,0.6590835242861752
8476292,20242025,F,NJD,73,73,53618,32,73,0.4383561643835616,32.0,73,0.4383561643835616,32,73,0.4383561643835616,32.0,73,0.4383561643835616,0.34404956313107027,-0.593367215035681,-0.24931765190461075
8476292,20252026,F,"NJD,NYI",80,76,54730,36,76,0.47368421052631576,32.5,76,0.4276315789473684,38,76,0.5,35.0,76,0.4605263157894737,-0.023292033178893057,0.04051337128315602,0.017221338104262962
8476310,20222023,F,"COL,PHI",30,23,17747,11,23,0.4782608695652174,12.0,23,0.5217391304347826,12,23,0.5217391304347826,12.0,23,0.5217391304347826,-0.2394947445459077,0.3828816812589695,0.1433869367130618
8476312,20222023,D,COL,27,26,24503,12,26,0.46153846153846156,10.0,26,0.38461538461538464,11,26,0.4230769230769231,11.0,26,0.4230769230769231,-0.3673223621273265,-0.2075417298517115,-0.574864091979038
8476312,20232024,D,COL,76,75,69238,44,75,0.5866666666666667,43.5,75,0.58,38,75,0.5066666666666667,41.5,75,0.5533333333333333,0.042268856321447945,-0.1991396063843056,-0.15687075006285767
8476312,20242025,D,COL,48,47,46363,26,47,0.5531914893617021,22.5,47,0.4787234042553192,25,47,0.5319148936170213,19.5,47,0.4148936170212766,-0.43586376195959,-0.08609320152085642,-0.5219569634804464
8476312,20252026,D,COL,79,79,73244,54,79,0.6835443037974683,49.0,79,0.620253164556962,39,79,0.4936708860759494,39.5,79,0.5,-0.1729847426515092,0.03279288007140169,-0.14019186258010752
8476326,20222023,F,PIT,62,33,29728,16,33,0.48484848484848486,20.5,32,0.640625,18,33,0.5454545454545454,20.0,32,0.625,-0.5394733696887739,0.5995420312372084,0.06006866154843449
8476329,20222023,F,ARI,82,82,64486,24,82,0.2926829268292683,23.5,82,0.2865853658536585,33,82,0.4024390243902439,31.0,82,0.3780487804878049,-0.1692383688280703,-0.485327601648478,-0.6545659704765483
8476331,20222023,D,WPG,75,75,74578,40,75,0.5333333333333333,36.0,75,0.48,38,75,0.5066666666666667,43.0,75,0.5733333333333334,-0.12215302687934582,0.16878037944845392,0.046627352569108105
8476331,20232024,D,WPG,82,82,93175,54,82,0.6585365853658537,45.5,82,0.5548780487804879,48,82,0.5853658536585366,46.0,82,0.5609756097560976,0.3625021163855364,-0.08268174778319404,0.2798203686023424
8476331,20242025,D,WPG,79,79,90396,49,79,0.620253164556962,45.5,79,0.5759493670886076,46,79,0.5822784810126582,44.0,79,0.5569620253164557,0.2507296856117329,0.003322774210689605,0.2540524598224225
8476331,20252026,D,WPG,81,81,89792,48,81,0.5925925925925926,47.5,81,0.5864197530864198,51,81,0.6296296296296297,52.5,81,0.6481481481481481,0.3208800788754296,0.1698095519279872,0.49068963080341677
8476346,20222023,F,CBJ,80,79,76722,34,79,0.43037974683544306,36.5,79,0.4620253164556962,45,79,0.569620253164557,41.5,79,0.5253164556962026,0.5112762456227564,0.021136611610374167,0.5324128572331306
8476346,20232024,F,CBJ,81,81,76616,35,81,0.43209876543209874,35.5,81,0.4382716049382716,43,81,0.5308641975308642,46.5,81,0.5740740740740741,0.30306680698034727,0.07388710009742105,0.3769539070777683
8476372,20222023,D,PHI,77,75,59872,35,75,0.4666666666666667,36.0,75,0.48,44,75,0.5866666666666667,38.0,75,0.5066666666666667,0.06523909509427073,0.3494914354737899,0.41473053056806064
8476372,20232024,D,PHI,71,70,60925,41,70,0.5857142857142857,44.0,70,0.6285714285714286,39,70,0.5571428571428572,39.0,70,0.5571428571428572,0.28117144859979915,-0.0032255977512991585,0.2779458508485
8476372,20242025,D,PHI,74,74,66922,33,74,0.44594594594594594,39.0,73,0.5342465753424658,26,74,0.35135135135135137,35.5,73,0.4863013698630137,-0.2760910896533404,-0.23313294832318698,-0.5092240379765274
8476372,20252026,D,PHI,80,79,72284,44,79,0.5569620253164557,45.5,79,0.5759493670886076,40,79,0.5063291139240507,44.5,79,0.5632911392405063,0.17427528447633378,-0.16075114481726693,0.013524139659066847
8476374,20222023,F,CBJ,71,68,54185,22,68,0.3235294117647059,24.0,67,0.3582089552238806,29,68,0.4264705882352941,30.0,67,0.44776119402985076,-0.5002854489736526,0.026309350543620713,-0.47397609843003186
8476374,20232024,F,CBJ,62,57,42561,23,57,0.40350877192982454,24.0,57,0.42105263157894735,25,57,0.43859649122807015,28.5,57,0.5,-0.1328207893148856,-0.011014900484644485,-0.1438356897995301
8476374,20242025,F,CBJ,78,71,49015,30,71,0.4225352112676056,27.0,71,0.38028169014084506,32,71,0.4507042253521127,27.0,71,0.38028169014084506,-0.15896198551965668,0.10940176834469817,-0.04956021717495851
8476374,20252026,F,BOS,82,74,53683,39,74,0.527027027027027,31.5,73,0.4315068493150685,36,74,0.4864864864864865,33.5,73,0.4589041095890411,-0.2066508503170037,0.5089614490737904,0.3023105987567867
8476389,20222023,F,NYR,82,82,75698,47,82,0.573170731707317,41.0,82,0.5,52,82,0.6341463414634146,49.5,82,0.6036585365853658,0.38270398910477477,0.01693618147552023,0.399640170580295
8476389,20232024,F,NYR,82,82,82088,51,82,0.6219512195121951,47.0,82,0.573170731707317,51,82,0.6219512195121951,49.0,82,0.5975609756097561,0.6109911511569526,0.20238669177020263,0.8133778429271552
8476389,20242025,F,NYR,78,78,77784,40,78,0.5128205128205128,38.0,78,0.48717948717948717,44,78,0.5641025641025641,46.0,78,0.5897435897435898,-0.00776717544227612,0.14276120561457617,0.13499403017230005
8476389,20252026,F,NYR,67,66,65024,27,66,0.4090909090909091,31.0,66,0.4696969696969697,30,66,0.45454545454545453,31.0,66,0.4696969696969697,-0.42308137946966173,-0.1244064534792586,-0.5474878329489203
8476392,20222023,F,WPG,82,80,59123,45,80,0.5625,48.0,80,0.6,44,80,0.55,48.0,80,0.6,-0.2644894578466208,0.2361548476344919,-0.028334610212128908
8476392,20232024,F,WPG,81,81,65258,48,81,0.5925925925925926,48.0,79,0.6075949367088608,46,81,0.5679012345679012,44.5,79,0.5632911392405063,0.10756505114935422,0.44075238393910743,0.5483174350884616
8476392,20242025,F,WPG,71,70,56542,35,70,0.5,40.5,70,0.5785714285714286,31,70,0.44285714285714284,36.0,70,0.5142857142857142,-0.18548825625927767,0.0687453537239735,-0.11674290253530417
8476392,20252026,F,WPG,69,68,52496,28,68,0.4117647058823529,28.5,68,0.41911764705882354,27,68,0.39705882352941174,28.5,68,0.41911764705882354,-0.10441125667567919,0.1577084751613418,0.0532972184856626
8476393,20222023,F,FLA,79,61,47969,39,61,0.639344262295082,34.5,61,0.5655737704918032,33,61,0.5409836065573771,34.0,61,0.5573770491803278,-0.022551893529148437,-0.3863382474205346,-0.408890140949683
8476393,20232024,F,FLA,69,63,46114,33,63,0.5238095238095238,28.5,62,0.4596774193548387,25,63,0.3968253968253968,23.5,62,0.3790322580645161,-0.03698203393030708,-0.651416726321995,-0.6883987602523021
8476393,20242025,F,OTT,49,42,31898,21,42,0.5,19.0,42,0.4523809523809524,24,42,0.5714285714285714,19.5,42,0.4642857142857143,0.24768212501724562,-0.13135641822708743,0.11632570679015819
8476393,20252026,F,OTT,81,69,51501,42,69,0.6086956521739131,43.5,66,0.6590909090909091,38,69,0.5507246376811594,36.0,66,0.5454545454545454,0.04423620917986604,0.11577561914345624,0.16001182832332228
8476399,20222023,F,CGY,82,81,65063,53,81,0.654320987654321,51.5,81,0.6358024691358025,51,81,0.6296296296296297,39.0,81,0.48148148148148145,0.5324773194525476,0.08562363716348953,0.6181009566160371
8476399,20232024,F,CGY,78,78,66054,40,78,0.5128205128205128,44.5,77,0.577922077922078,40,78,0.5128205128205128,45.0,77,0.5844155844155844,0.2688282831993378,0.051203628366934595,0.3200319115662724
8476399,20242025,F,CGY,79,79,67959,42,79,0.5316455696202531,44.0,79,0.5569620253164557,46,79,0.5822784810126582,47.0,79,0.5949367088607594,0.2644322961041503,0.12741811089273458,0.3918504069968849
8476399,20252026,F,CGY,68,68,58004,38,68,0.5588235294117647,37.5,68,0.5514705882352942,49,68,0.7205882352941176,45.5,68,0.6691176470588235,0.06634256920629156,0.5916775814813402,0.6580201506876318
8476410,20222023,F,STL,51,43,33442,23,43,0.5348837209302325,23.0,43,0.5348837209302325,29,43,0.6744186046511628,25.5,43,0.5930232558139535,0.16988981866533148,0.40128912657549876,0.5711789452408302
8476419,20222023,F,NYI,70,70,57946,32,70,0.45714285714285713,33.5,69,0.4855072463768116,33,70,0.4714285714285714,34.5,69,0.5,-0.14560524615217973,0.31789489820731687,0.17228965205513713
8476419,20232024,F,NYI,82,81,61310,35,81,0.43209876543209874,36.5,80,0.45625,35,81,0.43209876543209874,36.0,80,0.45,-0.4165808168224181,-0.001538157001403917,-0.418118973823822
8476419,20242025,F,NYI,75,75,62527,42,75,0.56,45.0,72,0.625,43,75,0.5733333333333334,42.5,72,0.5902777777777778,0.08526405674982485,0.24761252022793157,0.3328765769777564
8476419,20252026,F,NYI,74,74,56299,28,74,0.3783783783783784,32.0,74,0.43243243243243246,31,74,0.4189189189189189,37.5,74,0.5067567567567568,-0.08238698517197873,-0.18522618484655595,-0.2676131700185347
8476422,20232024,D,"FLA,NYI",61,61,54142,35,61,0.5737704918032787,35.5,61,0.5819672131147541,35,61,0.5737704918032787,35.5,61,0.5819672131147541,0.1817628470056074,-0.007400987977295159,0.17436185902831225
8476422,20242025,D,NYI,18,17,14590,11,17,0.6470588235294118,12.5,17,0.7352941176470589,11,17,0.6470588235294118,13.5,17,0.7941176470588235,0.8538262719054135,0.3520753986386913,1.2059016705441048
8476422,20252026,D,CAR,42,40,33247,29,40,0.725,27.5,40,0.6875,21,40,0.525,22.5,40,0.5625,0.21128521203816053,-0.06264806075181228,0.14863715128634825
8476429,20222023,D,NYI,82,82,89829,41,82,0.5,45.0,82,0.5487804878048781,43,82,0.524390243902439,42.5,82,0.5182926829268293,-0.009361020621935445,0.21495270004185008,0.20559167941991463
8476429,20232024,D,NYI,41,41,40302,20,41,0.4878048780487805,14.0,40,0.35,16,41,0.3902439024390244,11.5,40,0.2875,-0.5417488379476869,-0.06290738862175971,-0.6046562265694466
8476429,20242025,D,NYI,62,60,55872,24,60,0.4,24.0,59,0.4067796610169492,20,60,0.3333333333333333,30.0,59,0.5084745762711864,-0.16846266545994748,-0.1390164160067755,-0.307479081466723
8476429,20252026,D,NYI,80,78,68881,34,78,0.4358974358974359,33.0,78,0.4230769230769231,37,78,0.47435897435897434,34.5,78,0.4423076923076923,-0.2406254333371436,0.04365285218804704,-0.19697258114909655
8476432,20222023,F,CBJ,68,68,67290,31,68,0.45588235294117646,29.5,68,0.4338235294117647,43,68,0.6323529411764706,39.0,68,0.5735294117647058,0.32551992912441996,0.24879771717558752,0.5743176463000075
8476432,20232024,F,CBJ,58,58,55871,23,58,0.39655172413793105,24.0,58,0.41379310344827586,29,58,0.5,29.0,58,0.5,0.03230640350671221,0.1565524078607079,0.1888588113674201
8476432,20242025,F,CBJ,22,22,19775,9,22,0.4090909090909091,12.0,22,0.5454545454545454,10,22,0.45454545454545453,12.0,22,0.5454545454545454,0.35122471173600944,-0.1889304227101798,0.16229428902582965
8476432,20252026,F,CBJ,67,66,54563,40,66,0.6060606060606061,40.5,65,0.6230769230769231,33,66,0.5,33.0,65,0.5076923076923077,0.1717021220592514,-0.1993018376567921,-0.027599715597540708
8476438,20222023,F,STL,71,71,57560,34,71,0.4788732394366197,31.0,71,0.43661971830985913,41,71,0.5774647887323944,39.0,71,0.5492957746478874,0.2615756850026738,-0.04631292523314867,0.21526275976952514
8476438,20232024,F,STL,82,80,62488,32,80,0.4,32.5,80,0.40625,40,80,0.5,42.5,80,0.53125,0.3713648019334004,-0.5537560025503678,-0.18239120061696745
8476438,20242025,F,"STL,VGK",69,67,54125,37,67,0.5522388059701493,40.5,67,0.6044776119402985,35,67,0.5223880597014925,35.0,67,0.5223880597014925,0.22994272045366948,-0.2039255686833057,0.02601715177036379
8476438,20252026,F,VGK,49,47,34801,25,47,0.5319148936170213,27.5,46,0.5978260869565217,25,47,0.5319148936170213,22.5,46,0.4891304347826087,0.28103605424858324,-0.2663098930867087,0.01472616116187453
8476439,20222023,F,"ARI,CGY",50,35,27706,17,35,0.4857142857142857,16.5,35,0.4714285714285714,13,35,0.37142857142857144,16.0,35,0.45714285714285713,-0.22618854161931923,0.07978548363713855,-0.14640305798218067
8476441,20222023,D,MTL,61,59,58111,15,59,0.2542372881355932,18.0,59,0.3050847457627119,24,59,0.4067796610169492,25.0,59,0.423728813559322,0.02402967711160864,-0.35821982050336354,-0.3341901433917549
8476441,20232024,D,"TOR,WSH",53,52,46098,26,52,0.5,24.5,52,0.47115384615384615,24,52,0.46153846153846156,22.5,52,0.4326923076923077,-0.08184864328400909,-0.1475339398504114,-0.2293825831344205
8476441,20242025,D,LAK,73,73,78619,34,73,0.4657534246575342,39.0,73,0.5342465753424658,25,73,0.3424657534246575,29.0,73,0.3972602739726027,-0.05652184116410153,-0.4675582461521337,-0.5240800873162352
8476441,20252026,D,LAK,81,81,77865,36,81,0.4444444444444444,42.0,81,0.5185185185185185,34,81,0.41975308641975306,35.5,81,0.4382716049382716,-0.21777453854066398,-0.15582358312004052,-0.3735981216607045
8476442,20222023,F,"COL,SJS",81,72,55067,32,72,0.4444444444444444,34.0,71,0.4788732394366197,29,72,0.4027777777777778,28.5,71,0.4014084507042254,-0.13324800493015765,-0.1137308822705716,-0.24697888720072925
8476442,20232024,F,PIT,22,15,12544,5,15,0.3333333333333333,7.5,14,0.5357142857142857,3,15,0.2,7.0,14,0.5,-0.7329284908396978,0.04413883682134401,-0.6887896540183538
8476442,20242025,F,PIT,31,27,18887,9,27,0.3333333333333333,10.5,26,0.40384615384615385,9,27,0.3333333333333333,9.5,26,0.36538461538461536,-1.033854227404919,0.5850910119976487,-0.44876321540727027
8476448,20222023,F,VGK,82,82,68105,49,82,0.5975609756097561,48.0,82,0.5853658536585366,46,82,0.5609756097560976,43.0,82,0.524390243902439,0.283061809029292,0.26213019770759693,0.545192006736889
8476448,20232024,F,VGK,70,70,56143,46,70,0.6571428571428571,44.0,69,0.6376811594202898,42,70,0.6,44.5,69,0.644927536231884,0.04484297065734921,0.6079819871494918,0.652824957806841
8476448,20242025,F,VGK,50,50,42132,33,50,0.66,32.5,50,0.65,27,50,0.54,28.0,50,0.56,-0.016537881464761206,0.3835143375878136,0.3669764561230524
8476448,20252026,F,VGK,15,13,10970,7,13,0.5384615384615384,4.5,13,0.34615384615384615,8,13,0.6153846153846154,5.5,13,0.4230769230769231,-0.4779850928670153,0.1260261601322925,-0.3519589327347228
8476449,20222023,D,"ANA,SJS",45,44,40521,18,44,0.4090909090909091,18.5,44,0.42045454545454547,21,44,0.4772727272727273,21.5,44,0.48863636363636365,0.3132771662678655,-0.09667954876760287,0.21659761750026263
8476453,20222023,F,TBL,82,82,79286,43,82,0.524390243902439,50.5,82,0.6158536585365854,43,82,0.524390243902439,48.0,82,0.5853658536585366,0.604122833215059,-0.21849202507809196,0.38563080813696704
8476453,20232024,F,TBL,81,81,85648,53,81,0.654320987654321,46.0,81,0.5679012345679012,52,81,0.6419753086419753,47.5,81,0.5864197530864198,0.9004779138317205,-0.16205777150386513,0.7384201423278554
8476453,20242025,F,TBL,75,74,77141,47,74,0.6351351351351351,41.5,74,0.5608108108108109,48,74,0.6486486486486487,42.0,74,0.5675675675675675,0.814968652631137,-0.19318590878468545,0.6217827438464516
8476453,20252026,F,TBL,76,75,73836,51,75,0.68,51.0,75,0.68,43,75,0.5733333333333334,43.5,75,0.58,0.6544511036720317,-0.20577407283274107,0.44867703083929067
8476454,20222023,F,EDM,82,81,75151,48,81,0.5925925925925926,48.0,81,0.5925925925925926,42,81,0.5185185185185185,38.5,81,0.47530864197530864,-0.6299825458298884,0.49145281215353265,-0.1385297336763558
8476454,20232024,F,EDM,80,80,74332,54,80,0.675,51.5,80,0.64375,42,80,0.525,41.0,80,0.5125,0.12251317781501303,0.42824173402246335,0.5507549118374764
8476454,20242025,F,EDM,77,77,71256,46,77,0.5974025974025974,41.0,75,0.5466666666666666,41,77,0.5324675324675324,30.5,75,0.4066666666666667,-0.6285021119476664,0.5404730978584442,-0.08802901408922215
8476454,20252026,F,EDM,71,71,63450,34,71,0.4788732394366197,39.5,71,0.5563380281690141,31,71,0.43661971830985913,38.0,71,0.5352112676056338,-0.041690659068401636,0.13654203095452244,0.0948513718861208
8476455,20252026,F,COL,60,57,49455,37,57,0.6491228070175439,36.0,57,0.631578947368421,27,57,0.47368421052631576,29.5,57,0.5175438596491229,0.41832345200171295,-0.18195465557849344,0.2363687964232195
8476456,20222023,F,CGY,79,79,64734,50,79,0.6329113924050633,50.0,78,0.6410256410256411,43,79,0.5443037974683544,44.0,78,0.5641025641025641,-0.008383088299419583,0.23629443979244114,0.22791135149302155
8476456,20232024,F,CGY,81,81,69550,44,81,0.5432098765432098,43.5,81,0.5370370370370371,45,81,0.5555555555555556,41.0,81,0.5061728395061729,0.07243365373077593,-0.03357154851277855,0.03886210521799738
8476456,20242025,F,CGY,78,78,71950,36,78,0.46153846153846156,36.0,78,0.46153846153846156,39,78,0.5,37.5,78,0.4807692307692308,0.005905162575523981,0.12373965103830376,0.12964481361382774
8476456,20252026,F,CGY,50,50,42956,23,50,0.46,24.5,50,0.49,23,50,0.46,24.5,50,0.49,-0.04547514978686085,0.24699849023481724,0.2015233404479564
8476457,20222023,D,SEA,82,82,98545,51,82,0.6219512195121951,48.5,82,0.5914634146341463,52,82,0.6341463414634146,50.5,82,0.6158536585365854,0.17158558531393098,0.15834962865104485,0.3299352139649758
8476457,20232024,D,SEA,81,80,93063,40,80,0.5,37.5,80,0.46875,40,80,0.5,39.5,80,0.49375,-0.19439572138699024,-0.17835911408980865,-0.3727548354767989
8476457,20242025,D,SEA,79,79,86722,36,79,0.45569620253164556,37.0,79,0.46835443037974683,43,79,0.5443037974683544,43.5,79,0.5506329113924051,0.23287371065275497,-0.12115326795787684,0.11172044269487813
8476457,20252026,D,SEA,81,81,90103,29,81,0.35802469135802467,27.0,81,0.3333333333333333,34,81,0.41975308641975306,35.5,81,0.4382716049382716,-0.009703018273774067,-0.2000080231372081,-0.20971104141098218
8476458,20222023,F,ANA,82,81,68717,17,81,0.20987654320987653,13.5,81,0.16666666666666666,35,81,0.43209876543209874,31.0,81,0.38271604938271603,0.17168114978826798,-0.756871539680954,-0.585190389892686
8476458,20232024,F,ANA,79,77,62694,33,77,0.42857142857142855,30.0,77,0.38961038961038963,39,77,0.5064935064935064,38.5,77,0.5,0.04313691476477466,-0.32115275309672064,-0.278015838331946
8476458,20242025,F,ANA,79,79,66475,38,79,0.4810126582278481,34.0,79,0.43037974683544306,44,79,0.5569620253164557,41.0,79,0.5189873417721519,0.4734988060529157,-0.0919968920605827,0.381501913992333
8476458,20252026,F,"ANA,CGY",51,48,35768,21,48,0.4375,24.5,47,0.5212765957446809,25,48,0.5208333333333334,28.0,47,0.5957446808510638,0.04043891112354592,0.08622394390787624,0.12666285503142216
8476459,20222023,F,NYR,82,82,76178,40,82,0.4878048780487805,33.5,81,0.41358024691358025,37,82,0.45121951219512196,38.5,81,0.47530864197530864,-0.39640707348855875,0.3214142008530838,-0.07499287263547494
8476459,20232024,F,NYR,81,81,72833,38,81,0.4691358024691358,41.0,81,0.5061728395061729,40,81,0.49382716049382713,40.5,81,0.5,-0.43392818765939145,0.3782275034764986,-0.05570068418289287
8476459,20242025,F,NYR,78,78,67798,31,78,0.3974358974358974,36.5,78,0.46794871794871795,37,78,0.47435897435897434,43.0,78,0.5512820512820513,-0.43605263234019453,0.40134234831797544,-0.034710284022219096
8476459,20252026,F,NYR,81,81,78519,42,81,0.5185185185185185,44.0,81,0.5432098765432098,45,81,0.5555555555555556,44.5,81,0.5493827160493827,-0.06349467057506297,0.263693292765268,0.200198622190205
8476460,20222023,F,WPG,81,81,80877,48,81,0.5925925925925926,39.5,81,0.4876543209876543,40,81,0.49382716049382713,37.0,81,0.4567901234567901,0.21274762152153226,-0.22593900961201596,-0.013191388090483702
8476460,20232024,F,WPG,74,73,75780,38,73,0.5205479452054794,32.0,73,0.4383561643835616,33,73,0.4520547945205479,36.5,73,0.5,0.24208192213672852,-0.6321977243703638,-0.3901158022336353
8476460,20242025,F,WPG,79,79,81791,40,79,0.5063291139240507,39.5,79,0.5,31,79,0.3924050632911392,33.0,79,0.4177215189873418,0.14315356286149328,-0.37188352892424703,-0.22872996606275375
8476460,20252026,F,WPG,81,81,87800,41,81,0.5061728395061729,45.0,81,0.5555555555555556,46,81,0.5679012345679012,49.5,81,0.6111111111111112,0.4324821082145469,-0.18094498733849562,0.2515371208760513
8476461,20232024,F,PHI,74,73,62431,43,73,0.589041095890411,42.0,71,0.5915492957746479,44,73,0.6027397260273972,37.0,71,0.5211267605633803,-0.015370558831997005,0.19737970194336985,0.18200914311137284
8476461,20242025,F,PHI,76,74,67681,43,74,0.581081081081081,42.0,74,0.5675675675675675,38,74,0.5135135135135135,41.0,74,0.5540540540540541,0.29115278942344913,-0.24620503072876554,0.04494775869468359
8476461,20252026,F,PHI,78,77,63156,40,77,0.5194805194805194,45.5,77,0.5909090909090909,40,77,0.5194805194805194,45.5,77,0.5909090909090909,0.040577205749547485,0.2810651445658343,0.3216423503153818
8476462,20222023,D,NJD,82,82,89832,50,82,0.6097560975609756,49.0,82,0.5975609756097561,42,82,0.5121951219512195,33.0,82,0.4024390243902439,0.041593946113291036,0.03854724995867986,0.0801411960719709
8476462,20232024,D,NJD,20,20,21203,14,20,0.7,12.0,20,0.6,12,20,0.6,12.0,20,0.6,0.7609737192831743,0.0031494280580708356,0.7641231473412451
8476462,20242025,D,NJD,64,63,62934,37,63,0.5873015873015873,31.5,63,0.5,36,63,0.5714285714285714,32.5,63,0.5158730158730159,0.4611334397286009,-0.2925759030637214,0.1685575366648795
8476462,20252026,D,NJD,77,77,82907,42,77,0.5454545454545454,39.0,76,0.5131578947368421,40,77,0.5194805194805194,46.5,76,0.6118421052631579,0.06131928223590455,0.26647270267265766,0.3277919849085622
8476463,20222023,D,MIN,60,60,66802,34,60,0.5666666666666667,31.0,60,0.5166666666666667,33,60,0.55,35.5,60,0.5916666666666667,0.11163591706365406,0.16901994939311038,0.28065586645676444
8476463,20232024,D,MIN,62,62,70236,40,62,0.6451612903225806,37.5,62,0.6048387096774194,41,62,0.6612903225806451,33.0,62,0.532258064516129,0.14977066306742914,0.21116934442305757,0.3609400074904867
8476463,20242025,D,MIN,47,47,56717,29,47,0.6170212765957447,27.0,47,0.574468085106383,29,47,0.6170212765957447,25.5,47,0.5425531914893617,-0.031659593095811456,0.18660752076020382,0.15494792766439236
8476463,20252026,D,MIN,62,62,65512,35,62,0.5645161290322581,31.0,62,0.5,34,62,0.5483870967741935,32.0,62,0.5161290322580645,-0.1715335878073927,0.45561056768276353,0.28407697987537084
8476467,20222023,D,SEA,75,75,73551,40,75,0.5333333333333333,43.0,75,0.5733333333333334,37,75,0.49333333333333335,33.0,75,0.44,-0.023083794351628217,-0.024763064924546274,-0.04784685927617449
8476467,20232024,D,SEA,82,82,81942,42,82,0.5121951219512195,40.5,80,0.50625,37,82,0.45121951219512196,39.5,80,0.49375,0.2414963123879481,-0.24217578714320043,-0.0006794747552523184
8476467,20242025,D,SEA,79,79,76144,27,79,0.34177215189873417,33.0,79,0.4177215189873418,32,79,0.4050632911392405,36.5,79,0.4620253164556962,-0.2160938346832082,-0.04526123558121409,-0.2613550702644223
8476467,20252026,D,SEA,78,77,70088,33,77,0.42857142857142855,32.5,76,0.4276315789473684,41,77,0.5324675324675324,38.0,76,0.5,-0.06037603839190275,0.21501705590833176,0.154641017516429
8476468,20222023,F,VAN,81,81,75448,36,81,0.4444444444444444,40.5,81,0.5,41,81,0.5061728395061729,40.5,81,0.5,-0.3146775448485264,0.23927790408479854,-0.07539964076372785
8476468,20232024,F,VAN,81,81,72563,48,81,0.5925925925925926,47.0,80,0.5875,39,81,0.48148148148148145,36.0,80,0.45,-0.13348630190870203,0.10272082712905428,-0.03076547477964775
8476468,20242025,F,"NYR,VAN",68,68,58494,32,68,0.47058823529411764,32.0,68,0.47058823529411764,36,68,0.5294117647058824,38.5,68,0.5661764705882353,-0.11769188136441766,0.22310150407002993,0.10540962270561227
8476468,20252026,F,NYR,68,68,63862,36,68,0.5294117647058824,40.5,68,0.5955882352941176,40,68,0.5882352941176471,37.0,68,0.5441176470588235,0.10343426586656612,0.20004419937782725,0.30347846524439337
8476469,20222023,F,MTL,43,40,30429,13,40,0.325,15.5,39,0.3974358974358974,20,40,0.5,21.5,39,0.5512820512820513,-0.1738601488595446,-0.1858296344697714,-0.359689783329316
8476469,20232024,F,MTL,66,66,50550,33,66,0.5,32.5,66,0.49242424242424243,38,66,0.5757575757575758,38.0,66,0.5757575757575758,0.05878781780445852,0.5181597717400086,0.5769475895444671
8476469,20242025,F,MTL,77,75,52314,36,75,0.48,32.5,75,0.43333333333333335,37,75,0.49333333333333335,36.0,75,0.48,-0.8039790370346205,0.3678578219458295,-0.436121215088791
8476469,20252026,F,LAK,66,62,46543,30,62,0.4838709677419355,29.5,61,0.48360655737704916,27,62,0.43548387096774194,26.5,61,0.4344262295081967,-0.2516529177052158,-0.018305339091431616,-0.2699582567966474
8476470,20222023,D,ANA,52,51,40336,10,51,0.19607843137254902,11.0,51,0.21568627450980393,19,51,0.37254901960784315,19.5,51,0.38235294117647056,-0.054116682729626664,-0.2968823646430159,-0.35099904737264254
8476473,20222023,D,CHI,80,80,79820,24,80,0.3,24.5,80,0.30625,43,80,0.5375,37.5,80,0.46875,-0.11473864932009903,0.26158688401856534,0.1468482346984663
8476473,20232024,D,CHI,46,46,46810,14,46,0.30434782608695654,16.0,46,0.34782608695652173,21,46,0.45652173913043476,27.0,46,0.5869565217391305,0.11926936659978682,-0.15975527420642743,-0.040485907606640614
8476473,20242025,D,CHI,65,65,70522,27,65,0.4153846153846154,27.0,65,0.4153846153846154,32,65,0.49230769230769234,35.0,65,0.5384615384615384,0.1362170606815496,0.19367907336294055,0.32989613404449014
8476473,20252026,D,"CHI,EDM",79,78,71356,33,78,0.4230769230769231,32.0,78,0.41025641025641024,40,78,0.5128205128205128,37.0,78,0.47435897435897434,-0.5930871379764562,0.6875667968961761,0.09447965891971988
8476474,20222023,F,CAR,78,61,47305,40,61,0.6557377049180327,41.0,61,0.6721311475409836,31,61,0.5081967213114754,30.0,61,0.4918032786885246,-0.22602985046631519,0.39650346596347563,0.17047361549716045
8476474,20232024,F,CAR,81,60,48486,40,60,0.6666666666666666,37.5,59,0.635593220338983,38,60,0.6333333333333333,32.0,59,0.5423728813559322,0.3973131431708534,0.1940760717019745,0.5913892148728279
8476474,20242025,F,NJD,75,75,59569,39,75,0.52,40.5,75,0.54,37,75,0.49333333333333335,43.5,75,0.58,-0.04737836085937275,0.11344054797544478,0.06606218711607204
8476474,20252026,F,NJD,38,31,22648,10,31,0.3225806451612903,10.0,28,0.35714285714285715,8,31,0.25806451612903225,11.0,28,0.39285714285714285,-0.8275637658995034,0.1185647876985283,-0.7089989782009751
8476479,20222023,F,LAK,82,82,69738,47,82,0.573170731707317,48.0,80,0.6,43,82,0.524390243902439,42.5,80,0.53125,-0.013041758349527921,0.08132921332842935,0.06828745497890143
8476479,20232024,F,LAK,78,78,65731,49,78,0.6282051282051282,46.0,78,0.5897435897435898,48,78,0.6153846153846154,45.0,78,0.5769230769230769,0.34939041500611756,0.082299461040376,0.43168987604649356
8476479,20242025,F,LAK,77,77,66160,48,77,0.6233766233766234,46.5,77,0.6038961038961039,48,77,0.6233766233766234,45.0,77,0.5844155844155844,0.42199756823012535,0.08840364059117234,0.5104012088212977
8476479,20252026,F,"LAK,MTL",75,73,56849,31,73,0.4246575342465753,36.0,72,0.5,31,73,0.4246575342465753,30.0,72,0.4166666666666667,-0.379533271938838,-0.039762826771881254,-0.41929609871071927
8476480,20222023,F,"TBL,WPG",77,67,48715,40,67,0.5970149253731343,36.5,67,0.5447761194029851,34,67,0.5074626865671642,34.0,67,0.5074626865671642,0.024456359342256206,0.3355197513506165,0.3599761106928727
8476480,20232024,F,WPG,78,75,54580,48,75,0.64,44.0,75,0.5866666666666667,40,75,0.5333333333333333,43.0,75,0.5733333333333334,-0.03389685105162776,0.07599190001117506,0.0420950489595473
8476480,20242025,F,WPG,75,74,56463,43,74,0.581081081081081,40.0,74,0.5405405405405406,39,74,0.527027027027027,41.0,74,0.5540540540540541,0.133372046366798,0.09355710035191844,0.22692914671871645
8476480,20252026,F,WPG,60,55,40643,20,55,0.36363636363636365,22.0,55,0.4,23,55,0.41818181818181815,27.0,55,0.4909090909090909,-0.2054897218133398,0.16561292576762776,-0.03987679604571204
8476483,20222023,F,PIT,82,82,75720,45,82,0.5487804878048781,42.5,82,0.5182926829268293,43,82,0.524390243902439,40.5,82,0.49390243902439024,0.4272175182380731,-0.007926822490986751,0.41929069574708633
8476483,20232024,F,PIT,70,70,58087,40,70,0.5714285714285714,42.5,70,0.6071428571428571,38,70,0.5428571428571428,41.0,70,0.5857142857142857,0.2928960952561841,0.05192232029612498,0.3448184155523091
8476483,20242025,F,PIT,78,78,77622,40,78,0.5128205128205128,37.5,78,0.4807692307692308,42,78,0.5384615384615384,35.5,78,0.4551282051282051,0.3761847853295839,-0.040435486105065976,0.3357492992245179
8476483,20252026,F,PIT,60,60,54866,28,60,0.4666666666666667,31.5,60,0.525,28,60,0.4666666666666667,25.5,60,0.425,-0.2416075755472913,0.043721095153817835,-0.19788648039347345
8476525,20222023,D,DAL,79,79,72138,44,79,0.5569620253164557,43.5,79,0.5506329113924051,45,79,0.569620253164557,40.0,79,0.5063291139240507,0.21700094000527237,-0.07859542739554426,0.1384055126097281
8476525,20232024,D,"NJD,WPG",46,46,38388,22,46,0.4782608695652174,22.0,46,0.4782608695652174,21,46,0.45652173913043476,21.0,46,0.45652173913043476,0.32011195742388887,-0.290677923145819,0.029434034278069898
8476525,20242025,D,WPG,59,58,46273,35,58,0.603448275862069,29.5,58,0.5086206896551724,30,58,0.5172413793103449,24.0,58,0.41379310344827586,-0.053445431703277535,0.158427107914336,0.10498167621105847
8476525,20252026,D,WPG,17,15,12704,4,15,0.26666666666666666,5.0,15,0.3333333333333333,6,15,0.4,7.0,15,0.4666666666666667,-0.0963480527835685,-0.539813833233973,-0.6361618860175415
8476539,20222023,F,VGK,76,76,66548,46,76,0.6052631578947368,43.0,76,0.5657894736842105,45,76,0.5921052631578947,37.5,76,0.4934210526315789,0.11276746773185664,0.05507304377171929,0.16784051150357593
8476539,20232024,F,VGK,82,81,71939,41,81,0.5061728395061729,36.0,81,0.4444444444444444,40,81,0.49382716049382713,32.0,81,0.3950617283950617,-0.020141130982461508,-0.0503860188101406,-0.0705271497926021
8476539,20242025,F,NSH,74,74,65503,28,74,0.3783783783783784,31.5,74,0.42567567567567566,32,74,0.43243243243243246,30.5,74,0.41216216216216217,-0.10125223052336985,0.13418363896279217,0.03293140843942233
8476539,20252026,F,NSH,62,61,50945,19,61,0.3114754098360656,23.5,61,0.38524590163934425,25,61,0.4098360655737705,24.5,61,0.4016393442622951,-0.14152679142516744,-0.5188486530160974,-0.6603754444412648
8476624,20222023,F,NYR,82,79,58483,36,79,0.45569620253164556,38.5,78,0.4935897435897436,36,79,0.45569620253164556,39.0,78,0.5,-0.30003225791938304,-0.17282778091118312,-0.47286003883056615
8476624,20232024,F,NYR,80,72,50210,23,72,0.3194444444444444,24.5,70,0.35,26,72,0.3611111111111111,25.0,70,0.35714285714285715,-0.8141037305926768,-0.3616299135283314,-1.1757336441210082
8476624,20242025,F,SJS,73,71,49937,18,71,0.2535211267605634,21.0,71,0.29577464788732394,29,71,0.4084507042253521,24.0,71,0.3380281690140845,-0.5574451456133147,-0.15959997874275533,-0.71704512435607
8476624,20252026,F,SJS,82,59,45504,23,59,0.3898305084745763,26.5,57,0.4649122807017544,29,59,0.4915254237288136,28.5,57,0.5,-0.6931467274819558,0.30172943840368394,-0.3914172890782719
8476779,20222023,D,COL,47,40,30105,18,40,0.45,20.5,40,0.5125,22,40,0.55,20.0,40,0.5,-0.30483933516871975,-0.08308291804240397,-0.3879222532111237
8476792,20222023,D,STL,63,61,59566,25,61,0.4098360655737705,24.5,61,0.4016393442622951,29,61,0.47540983606557374,24.0,61,0.39344262295081966,0.31307895479056524,-0.2523053751148008,0.060773579675764466
8476792,20232024,D,STL,77,77,82376,28,77,0.36363636363636365,27.5,77,0.35714285714285715,33,77,0.42857142857142855,37.5,77,0.487012987012987,0.062036538649805184,-0.11294804182681739,-0.05091150317701221
8476822,20222023,F,DAL,70,62,41942,23,62,0.3709677419354839,26.5,60,0.44166666666666665,22,62,0.3548387096774194,26.0,60,0.43333333333333335,-1.0329056783718529,0.09593681606376236,-0.9369688623080905
8476822,20232024,F,TBL,81,61,45767,20,61,0.32786885245901637,24.5,58,0.4224137931034483,26,61,0.4262295081967213,26.5,58,0.45689655172413796,-1.375988855634497,0.34521225533908884,-1.0307766002954082
8476822,20242025,F,TBL,76,57,42238,23,57,0.40350877192982454,25.5,53,0.4811320754716981,23,57,0.40350877192982454,26.0,53,0.49056603773584906,-0.9202716925233061,0.03475950435549091,-0.8855121881678152
8476822,20252026,F,"NJD,PHI",70,49,37692,14,49,0.2857142857142857,18.0,48,0.375,13,49,0.2653061224489796,19.0,48,0.3958333333333333,-0.7954412771530326,-0.01729494367283202,-0.8127362208258646
8476826,20222023,F,SEA,81,81,67587,49,81,0.6049382716049383,46.5,81,0.5740740740740741,44,81,0.5432098765432098,47.5,81,0.5864197530864198,0.1627285779188572,-0.06548134292970653,0.09724723498915067
8476826,20232024,F,SEA,80,80,68124,41,80,0.5125,40.0,80,0.5,36,80,0.45,40.0,80,0.5,0.06455217253983436,-0.24306652740666745,-0.1785143548668331
8476826,20242025,F,"SEA,TBL",54,54,43822,28,54,0.5185185185185185,29.5,54,0.5462962962962963,32,54,0.5925925925925926,33.5,54,0.6203703703703703,0.22001870853015548,0.09168783678385584,0.3117065453140113
8476826,20252026,F,TBL,82,82,65436,39,82,0.47560975609756095,40.0,81,0.49382716049382713,33,82,0.4024390243902439,31.5,81,0.3888888888888889,-0.3991327379957892,0.15712438363131387,-0.24200835436447532
8476853,20222023,D,TOR,65,65,68220,34,65,0.5230769230769231,34.0,65,0.5230769230769231,26,65,0.4,30.0,65,0.46153846153846156,-0.06855972490693052,-0.3319476638907215,-0.400507388797652
8476853,20232024,D,TOR,72,72,84751,39,72,0.5416666666666666,37.5,72,0.5208333333333334,34,72,0.4722222222222222,35.5,72,0.4930555555555556,-0.06972913753823473,-0.2558057885012839,-0.3255349260395186
8476853,20242025,D,TOR,78,78,85560,38,78,0.48717948717948717,41.5,78,0.532051282051282,40,78,0.5128205128205128,37.5,78,0.4807692307692308,0.33215687941797434,-0.2243835781125183,0.10777330130545604
8476853,20252026,D,TOR,78,78,81955,34,78,0.4358974358974359,35.5,78,0.4551282051282051,43,78,0.5512820512820513,41.0,78,0.5256410256410257,0.32147139843824757,-0.13975290993789224,0.18171848850035532
8476854,20222023,D,BOS,80,80,87262,57,80,0.7125,54.0,80,0.675,53,80,0.6625,49.5,80,0.61875,0.28956745105714976,0.30510285324693376,0.5946703043040835
8476854,20232024,D,BOS,73,73,81132,40,73,0.547945205479452,42.0,73,0.5753424657534246,36,73,0.4931506849315068,36.5,73,0.5,-0.07654687187694265,0.12453817222677976,0.04799130034983712
8476854,20242025,D,BOS,17,16,15505,8,16,0.5,9.5,16,0.59375,13,16,0.8125,11.0,16,0.6875,0.2734613669997028,0.44254303394975336,0.7160044009494562
8476854,20252026,D,BOS,67,66,69194,35,66,0.5303030303030303,35.5,66,0.5378787878787878,37,66,0.5606060606060606,35.5,66,0.5378787878787878,-0.08076132194481733,0.2934918148323562,0.21273049288753887
8476856,20222023,D,MIN,79,79,86010,39,79,0.4936708860759494,42.5,79,0.5379746835443038,42,79,0.5316455696202531,45.5,79,0.5759493670886076,0.2049854261507087,-0.2251950313083042,-0.02020960515759551
8476856,20232024,D,"ARI,TBL",76,75,73970,27,75,0.36,26.5,75,0.35333333333333333,35,75,0.4666666666666667,27.0,75,0.36,-0.20358769559322898,-0.3322008013630495,-0.5357884969562785
8476856,20242025,D,DAL,59,58,48089,30,58,0.5172413793103449,31.5,57,0.5526315789473685,29,58,0.5,28.5,57,0.5,0.21611670310852515,-0.3642575546848521,-0.14814085157632695
8476858,20222023,F,VAN,30,30,22927,17,30,0.5666666666666667,18.5,30,0.6166666666666667,17,30,0.5666666666666667,15.0,30,0.5,0.1748689176745981,0.34917113668139566,0.5240400543559938
8476858,20232024,F,VAN,51,40,32445,16,40,0.4,16.5,39,0.4230769230769231,12,40,0.3,12.5,39,0.32051282051282054,-0.667681250779598,-0.5824468043230309,-1.2501280551026288
8476858,20242025,F,VAN,20,18,12584,7,18,0.3888888888888889,7.5,18,0.4166666666666667,9,18,0.5,6.0,18,0.3333333333333333,-0.18472100294956806,-0.255031633584621,-0.43975263653418906
8476867,20232024,F,CBJ,24,21,15610,7,21,0.3333333333333333,5.5,21,0.2619047619047619,8,21,0.38095238095238093,8.0,21,0.38095238095238093,-0.34344343886100637,0.3374562203022844,-0.005987218558721974
8476867,20252026,F,CBJ,25,21,15415,8,21,0.38095238095238093,10.0,21,0.47619047619047616,7,21,0.3333333333333333,9.5,21,0.4523809523809524,-0.8091091779048925,0.23514162617970769,-0.5739675517251848
8476869,20222023,D,CAR,81,81,88551,50,81,0.6172839506172839,49.0,81,0.6049382716049383,33,81,0.4074074074074074,29.5,81,0.36419753086419754,-0.20851039756525624,-0.20118593980510013,-0.4096963373703564
8476869,20232024,D,CAR,80,80,84318,47,80,0.5875,41.5,79,0.5253164556962026,30,80,0.375,36.0,79,0.45569620253164556,-0.31368215660952226,-0.06582592440243129,-0.37950808101195355
8476869,20242025,D,NSH,78,78,82238,37,78,0.47435897435897434,35.0,78,0.44871794871794873,28,78,0.358974358974359,35.0,78,0.44871794871794873,0.14095876958861497,-0.22153934644510365,-0.08058057685648867
8476869,20252026,D,NSH,81,81,89574,35,81,0.43209876543209874,39.0,81,0.48148148148148145,37,81,0.4567901234567901,40.5,81,0.5,-0.11420047444808556,0.03454930183923022,-0.07965117260885535
8476871,20232024,F,MTL,54,50,33552,20,50,0.4,23.5,50,0.47,24,50,0.48,24.0,50,0.48,-0.2055758859504122,-0.27181547023091657,-0.4773913561813288
8476871,20242025,F,VGK,75,73,50242,33,73,0.4520547945205479,35.0,71,0.49295774647887325,29,73,0.3972602739726027,30.0,71,0.4225352112676056,0.03313949689677864,-0.666288904057641,-0.6331494071608623
8476871,20252026,F,"BUF,VGK,WPG",57,44,31774,21,44,0.4772727272727273,17.0,43,0.3953488372093023,24,44,0.5454545454545454,22.0,43,0.5116279069767442,-0.22965650805951565,-0.2762746714888471,-0.5059311795483628
8476872,20222023,F,PHI,78,76,68684,31,76,0.40789473684210525,37.5,76,0.4934210526315789,37,76,0.4868421052631579,42.0,76,0.5526315789473685,0.0640519051648556,0.0875806135377366,0.1516325187025922
8476872,20232024,F,PHI,82,77,60431,28,77,0.36363636363636365,30.0,77,0.38961038961038963,28,77,0.36363636363636365,25.0,77,0.3246753246753247,-0.29806808373731597,-0.5307517467518994,-0.8288198304892154
8476872,20242025,F,"PHI,TOR",76,73,55894,37,73,0.5068493150684932,38.0,72,0.5277777777777778,37,73,0.5068493150684932,36.0,72,0.5,-0.28319323701087784,0.31302579848275625,0.029832561471878405
8476872,20252026,F,"LAK,TOR",63,60,45668,29,60,0.48333333333333334,26.0,59,0.4406779661016949,26,60,0.43333333333333335,24.0,59,0.4067796610169492,-0.41896723462804286,0.2589863458294137,-0.15998088879862915
8476873,20222023,F,NSH,50,43,30283,20,43,0.46511627906976744,20.5,42,0.4880952380952381,26,43,0.6046511627906976,23.5,42,0.5595238095238095,-0.37436056320279487,0.26142491274516777,-0.1129356504576271
8476873,20232024,F,NSH,32,31,21432,22,31,0.7096774193548387,23.0,31,0.7419354838709677,20,31,0.6451612903225806,21.5,31,0.6935483870967742,0.7337247828785034,0.4941793531402294,1.2279041360187328
8476873,20242025,F,"CAR,NSH",56,49,35760,32,49,0.6530612244897959,31.5,49,0.6428571428571429,29,49,0.5918367346938775,31.0,49,0.6326530612244898,0.053644477024897164,0.5865576416034146,0.6402021186283118
8476873,20252026,F,CAR,68,55,38825,35,55,0.6363636363636364,33.0,55,0.6,31,55,0.5636363636363636,31.5,55,0.5727272727272728,-0.18382071087303542,0.5842677863694477,0.40044707549641223
8476874,20222023,D,DET,78,78,74156,29,78,0.3717948717948718,31.5,78,0.40384615384615385,36,78,0.46153846153846156,36.0,78,0.46153846153846156,0.006347042669777814,-0.0797349315213407,-0.07338788885156289
8476874,20232024,D,DET,72,71,62233,39,71,0.5492957746478874,39.0,71,0.5492957746478874,43,71,0.6056338028169014,44.5,71,0.6267605633802817,0.14820806476708626,0.4674388082438181,0.6156468730109044
8476874,20242025,D,"DET,UTA",73,72,73460,37,72,0.5138888888888888,37.0,72,0.5138888888888888,39,72,0.5416666666666666,36.5,72,0.5069444444444444,-0.05144251220894969,0.08867387145061256,0.037231359241662876
8476874,20252026,D,"CGY,UTA",42,39,38615,22,39,0.5641025641025641,18.0,39,0.46153846153846156,21,39,0.5384615384615384,20.0,39,0.5128205128205128,0.0827527113570743,-0.02364950210339245,0.05910320925368184
8476875,20222023,D,MTL,48,47,56772,20,47,0.425531914893617,19.5,47,0.4148936170212766,28,47,0.5957446808510638,27.0,47,0.574468085106383,-0.258306558480772,0.38578124377184553,0.12747468529107353
8476875,20232024,D,MTL,82,82,96910,29,82,0.35365853658536583,30.0,82,0.36585365853658536,37,82,0.45121951219512196,39.5,82,0.4817073170731707,-0.37944258073302706,0.29529900041360646,-0.0841435803194206
8476875,20242025,D,MTL,76,75,89318,32,75,0.4266666666666667,31.5,75,0.42,33,75,0.44,31.5,75,0.42,-0.20728532863561355,-0.0685855964831843,-0.27587092511879785
8476875,20252026,D,MTL,78,78,89399,33,78,0.4230769230769231,33.5,78,0.42948717948717946,36,78,0.46153846153846156,36.0,78,0.46153846153846156,-0.1653233706204129,-0.34077306086796577,-0.5060964314883787
8476878,20222023,F,BUF,80,74,52568,33,74,0.44594594594594594,39.0,73,0.5342465753424658,37,74,0.5,42.0,73,0.5753424657534246,-0.49124374167303264,0.5863220227793877,0.09507828110635508
8476878,20232024,F,BUF,63,58,39356,21,58,0.3620689655172414,30.5,58,0.5258620689655172,26,58,0.4482758620689655,26.5,58,0.45689655172413796,-0.38574474298209926,-0.0007670519559246358,-0.3865117949380239
8476878,20242025,F,TBL,79,62,48299,35,62,0.5645161290322581,30.5,60,0.5083333333333333,32,62,0.5161290322580645,30.5,60,0.5083333333333333,-0.6893261985864212,0.4816525489365684,-0.2076736496498528
8476878,20252026,F,TBL,74,70,53772,29,70,0.4142857142857143,35.5,69,0.5144927536231884,27,70,0.38571428571428573,31.0,69,0.4492753623188406,-0.5876320646274489,-0.06633137636068343,-0.6539634409881323
8476879,20222023,D,EDM,80,80,81309,47,80,0.5875,46.0,80,0.575,39,80,0.4875,38.0,80,0.475,-0.20173544300978508,-0.23258225061333304,-0.4343176936231181
8476879,20232024,D,EDM,79,79,81258,42,79,0.5316455696202531,44.0,78,0.5641025641025641,29,79,0.3670886075949367,34.0,78,0.4358974358974359,-0.36762542654457864,-0.47043123257673747,-0.8380566591213161
8476879,20242025,D,"DAL,SJS",81,81,89343,29,81,0.35802469135802467,28.5,81,0.35185185185185186,35,81,0.43209876543209874,33.5,81,0.41358024691358025,-0.22554472863136787,-0.5049848655302189,-0.7305295941615868
8476879,20252026,D,"LAK,SJS",82,81,76611,40,81,0.49382716049382713,41.5,81,0.5123456790123457,36,81,0.4444444444444444,39.0,81,0.48148148148148145,-0.08555660123753706,0.13435700332758493,0.04880040209004788
8476880,20222023,F,WSH,33,33,28557,12,33,0.36363636363636365,11.0,33,0.3333333333333333,13,33,0.3939393939393939,11.0,33,0.3333333333333333,-0.44518927457817936,-0.49713388258828006,-0.9423231571664594
8476880,20232024,F,WSH,74,73,62366,31,73,0.4246575342465753,39.5,73,0.541095890410959,34,73,0.4657534246575342,40.0,73,0.547945205479452,-0.07973308643368648,0.1960244256336039,0.11629133919991741
8476880,20242025,F,WSH,78,78,69795,44,78,0.5641025641025641,47.0,78,0.6025641025641025,44,78,0.5641025641025641,43.0,78,0.5512820512820513,-0.1432197072053043,0.1854924755096281,0.042272768304323805
8476880,20252026,F,WSH,72,70,65468,44,70,0.6285714285714286,45.5,70,0.65,42,70,0.6,42.0,70,0.6,0.09141260089025804,0.6210156803081115,0.7124282811983695
8476881,20222023,F,SJS,79,79,73976,35,79,0.4430379746835443,42.0,79,0.5316455696202531,48,79,0.6075949367088608,47.5,79,0.6012658227848101,0.49577819895118047,0.048764202589938854,0.5445424015411193
8476881,20232024,F,"SJS,VGK",54,54,52168,27,54,0.5,22.5,54,0.4166666666666667,30,54,0.5555555555555556,32.0,54,0.5925925925925926,-0.01380514304542313,0.06468742257618176,0.050882279530758634
8476881,20242025,F,VGK,71,71,62891,41,71,0.5774647887323944,47.0,70,0.6714285714285714,40,71,0.5633802816901409,43.0,70,0.6142857142857143,-0.048423964364509686,0.24473083763695813,0.19630687327244845
8476881,20252026,F,VGK,83,81,68325,46,81,0.5679012345679012,52.5,81,0.6481481481481481,37,81,0.4567901234567901,44.0,81,0.5432098765432098,-0.1813368998468472,0.20392493180407634,0.022588031957229138
8476882,20222023,F,CAR,68,64,53548,44,64,0.6875,39.0,64,0.609375,32,64,0.5,27.5,64,0.4296875,-0.40408482893394293,0.20585637086928266,-0.19822845806466027
8476882,20232024,F,CAR,76,75,58946,42,75,0.56,41.5,74,0.5608108108108109,34,75,0.4533333333333333,33.0,74,0.44594594594594594,-0.2830582059419422,0.05497601095403226,-0.22808219498790994
8476882,20242025,F,CHI,78,78,66392,37,78,0.47435897435897434,35.5,76,0.46710526315789475,43,78,0.5512820512820513,43.0,76,0.5657894736842105,-0.17344406024918446,0.681833959514667,0.5083898992654825
8476882,20252026,F,CHI,75,74,62346,32,74,0.43243243243243246,24.5,72,0.3402777777777778,33,74,0.44594594594594594,32.5,72,0.4513888888888889,-0.4547114938772936,0.5667814368837711,0.11206994300647755
8476885,20222023,D,NYR,82,81,85065,41,81,0.5061728395061729,36.0,81,0.4444444444444444,37,81,0.4567901234567901,36.5,81,0.4506172839506173,0.15955572606061663,-0.27005451930034896,-0.11049879323973233
8476885,20232024,D,NYR,69,67,73023,28,67,0.417910447761194,31.5,67,0.4701492537313433,26,67,0.3880597014925373,27.0,67,0.40298507462686567,-0.08323066973054472,-0.2915465763728111,-0.37477724610335583
8476885,20242025,D,"ANA,NYR",75,75,78790,25,75,0.3333333333333333,30.0,75,0.4,31,75,0.41333333333333333,34.5,75,0.46,-0.030716723685864977,-0.309674533543582,-0.34039125722944696
8476885,20252026,D,ANA,80,80,88270,35,80,0.4375,40.0,80,0.5,34,80,0.425,39.0,80,0.4875,-0.13702798532787197,-0.0881330925269439,-0.22516107785481587
8476887,20222023,F,NSH,50,49,42435,26,49,0.5306122448979592,28.0,49,0.5714285714285714,26,49,0.5306122448979592,27.5,49,0.5612244897959183,0.2715890799548206,0.21778378663338493,0.48937286658820556
8476887,20232024,F,NSH,82,82,75475,49,82,0.5975609756097561,45.0,82,0.5487804878048781,46,82,0.5609756097560976,43.0,82,0.524390243902439,0.2693693623998499,-0.06534114863607465,0.20402821376377522
8476887,20242025,F,NSH,78,78,71278,38,78,0.48717948717948717,39.5,78,0.5064102564102564,40,78,0.5128205128205128,38.5,78,0.4935897435897436,0.2883145855404372,-0.2015675837324764,0.0867470018079608
8476887,20252026,F,NSH,81,81,74803,40,81,0.49382716049382713,41.0,81,0.5061728395061729,45,81,0.5555555555555556,42.0,81,0.5185185185185185,0.05755304329801936,0.11090543397825403,0.1684584772762734
8476889,20222023,F,DAL,81,76,56634,42,76,0.5526315789473685,41.0,73,0.5616438356164384,40,76,0.5263157894736842,42.5,73,0.5821917808219178,-0.6199937359211738,0.5565891652022532,-0.06340457071892058
8476889,20232024,F,DAL,74,70,47001,38,70,0.5428571428571428,38.0,68,0.5588235294117647,34,70,0.4857142857142857,26.0,68,0.38235294117647056,-0.6535487514332972,0.27089791666453755,-0.3826508347687596
8476889,20242025,F,STL,68,66,46655,34,66,0.5151515151515151,31.0,65,0.47692307692307695,35,66,0.5303030303030303,27.5,65,0.4230769230769231,-0.5009365828352446,0.3054656831211673,-0.19547089971407727
8476889,20252026,F,DAL,58,46,33688,14,46,0.30434782608695654,16.0,45,0.35555555555555557,17,46,0.3695652173913043,17.0,45,0.37777777777777777,-1.0402486977812777,0.4455822278826851,-0.5946664698985926
8476891,20222023,D,BOS,75,75,68430,47,75,0.6266666666666667,45.5,75,0.6066666666666667,37,75,0.49333333333333335,37.5,75,0.5,0.18881102650618597,-0.25440948590809453,-0.06559845940190856
8476891,20232024,D,BOS,63,60,57687,25,60,0.4166666666666667,23.5,60,0.39166666666666666,25,60,0.4166666666666667,22.0,60,0.36666666666666664,0.17171215002904505,-0.39171678627101514,-0.2200046362419701
8476891,20242025,D,PIT,79,78,83469,32,78,0.41025641025641024,31.0,78,0.3974358974358974,34,78,0.4358974358974359,27.5,78,0.3525641025641026,-0.1627473656324656,-0.11748164263470917,-0.2802290082671748
8476891,20252026,D,CHI,69,68,60968,30,68,0.4411764705882353,24.0,68,0.35294117647058826,28,68,0.4117647058823529,31.5,68,0.4632352941176471,0.32465854735766797,-0.21689415935657097,0.107764388001097
8476892,20222023,D,STL,79,79,92766,30,79,0.379746835443038,37.5,79,0.47468354430379744,41,79,0.5189873417721519,43.0,79,0.5443037974683544,-0.15439164072653977,0.0013669631745010236,-0.15302467755203875
8476892,20232024,D,STL,82,82,99056,32,82,0.3902439024390244,29.0,82,0.35365853658536583,40,82,0.4878048780487805,44.0,82,0.5365853658536586,-0.172294866704787,0.10906463332269611,-0.06323023338209088
8476892,20242025,D,STL,63,63,78292,33,63,0.5238095238095238,32.5,63,0.5158730158730159,36,63,0.5714285714285714,33.0,63,0.5238095238095238,-0.00024133645772561607,-0.038918965157928476,-0.03916030161565409
8476892,20252026,D,STL,76,76,86797,45,76,0.5921052631578947,41.0,76,0.5394736842105263,47,76,0.618421052631579,38.5,76,0.506578947368421,0.1584446993597437,0.17580982990063143,0.33425452926037513
8476897,20222023,F,"DET,MIN",67,62,44853,25,62,0.4032258064516129,24.5,61,0.4016393442622951,28,62,0.45161290322580644,30.0,61,0.4918032786885246,-0.32532564639504136,-0.17859148394893554,-0.5039171303439769
8476897,20232024,F,STL,71,64,45151,18,64,0.28125,18.5,61,0.30327868852459017,27,64,0.421875,24.0,61,0.39344262295081966,-0.6554515611081213,-0.049243739407846654,-0.704695300515968
8476897,20242025,F,STL,65,65,44239,35,65,0.5384615384615384,35.5,64,0.5546875,32,65,0.49230769230769234,33.0,64,0.515625,-0.47922181623346116,0.44662371518588273,-0.03259810104757843
8476897,20252026,F,STL,52,46,33538,12,46,0.2608695652173913,17.0,43,0.3953488372093023,13,46,0.2826086956521739,19.0,43,0.4418604651162791,-0.8895945713181421,-0.18894672123504908,-1.0785412925531912
8476902,20222023,D,DAL,82,82,80681,43,82,0.524390243902439,46.0,82,0.5609756097560976,34,82,0.4146341463414634,38.0,82,0.4634146341463415,-0.3121922842110285,-0.08517176715324037,-0.3973640513642689
8476902,20232024,D,DAL,82,82,83397,52,82,0.6341463414634146,48.0,82,0.5853658536585366,42,82,0.5121951219512195,39.5,82,0.4817073170731707,0.13956015340431227,0.10829462186854588,0.24785477527285815
8476902,20242025,D,DAL,78,78,86053,45,78,0.5769230769230769,45.5,78,0.5833333333333334,38,78,0.48717948717948717,40.0,78,0.5128205128205128,-0.15469959135544986,0.23729510916950325,0.08259551781405339
8476902,20252026,D,DAL,82,82,92045,46,82,0.5609756097560976,47.5,82,0.5792682926829268,48,82,0.5853658536585366,45.5,82,0.5548780487804879,-0.04029738765373958,0.4574868284720155,0.4171894408182759
8476905,20222023,F,VGK,81,81,74891,46,81,0.5679012345679012,44.0,80,0.55,43,81,0.5308641975308642,40.5,80,0.50625,-0.25036863841969037,0.3252862673340666,0.07491762891437626
8476905,20232024,F,VGK,75,73,63673,33,73,0.4520547945205479,30.0,73,0.410958904109589,26,73,0.3561643835616438,31.0,73,0.4246575342465753,-0.29542503471844217,-0.4148562281551893,-0.7102812628736315
8476905,20242025,F,SEA,75,75,69937,19,75,0.25333333333333335,18.5,75,0.24666666666666667,30,75,0.4,27.0,75,0.36,-0.6484077790298783,-0.11720757613410715,-0.7656153551639855
8476905,20252026,F,SEA,79,79,72315,17,79,0.21518987341772153,20.5,79,0.25949367088607594,25,79,0.31645569620253167,28.5,79,0.36075949367088606,-0.6324985395648699,-0.38717757950379594,-1.0196761190686658
8476906,20222023,D,"ARI,CAR",75,75,76393,41,75,0.5466666666666666,40.5,75,0.54,48,75,0.64,43.5,75,0.58,-0.054895304786015675,-0.18028994921705044,-0.2351852540030661
8476906,20232024,D,DET,81,81,74950,32,81,0.3950617283950617,35.0,81,0.43209876543209874,40,81,0.49382716049382713,41.5,81,0.5123456790123457,-0.16914277832252544,0.3459009522694001,0.17675817394687465
8476906,20242025,D,CAR,69,69,63068,45,69,0.6521739130434783,41.0,68,0.6029411764705882,42,69,0.6086956521739131,40.5,68,0.5955882352941176,0.1643441884728447,0.32478338113938277,0.4891275696122275
8476906,20252026,D,CAR,55,52,52089,32,52,0.6153846153846154,28.5,52,0.5480769230769231,29,52,0.5576923076923077,21.5,52,0.41346153846153844,0.16804246664839573,0.2798330720460216,0.4478755386944173
8476913,20222023,F,EDM,47,26,22785,14,26,0.5384615384615384,15.0,26,0.5769230769230769,9,26,0.34615384615384615,11.5,26,0.4423076923076923,-0.378528922094739,-0.3696101643500165,-0.7481390864447555
8476913,20242025,F,MIN,55,29,27428,10,29,0.3448275862068966,13.0,28,0.4642857142857143,11,29,0.3793103448275862,13.0,28,0.4642857142857143,-0.3486254022110542,-0.5328452111075217,-0.8814706133185759
8476915,20222023,F,CHI,51,45,34198,14,45,0.3111111111111111,23.0,44,0.5227272727272727,24,45,0.5333333333333333,28.0,44,0.6363636363636364,-0.12591248360233198,0.5707765855801243,0.44486410197779236
8476917,20222023,D,NYI,61,61,68311,33,61,0.5409836065573771,35.5,61,0.5819672131147541,30,61,0.4918032786885246,34.5,61,0.5655737704918032,-0.03405532679835366,0.216233356854465,0.18217803005611133
8476917,20232024,D,NYI,58,56,60560,31,56,0.5535714285714286,29.5,56,0.5267857142857143,28,56,0.5,30.0,56,0.5357142857142857,-0.0805554913062716,0.1293060829625876,0.04875059165631601
8476917,20242025,D,NYI,56,55,62911,33,55,0.6,32.5,55,0.5909090909090909,35,55,0.6363636363636364,35.0,55,0.6363636363636364,0.1292587735884183,0.43743250113763565,0.566691274726054
8476917,20252026,D,NYI,82,82,86593,44,82,0.5365853658536586,40.5,82,0.49390243902439024,45,82,0.5487804878048781,40.0,82,0.4878048780487805,0.44133424713147873,0.2686885981530165,0.7100228452844952
8476918,20222023,F,NYR,81,78,57561,49,78,0.6282051282051282,45.5,77,0.5909090909090909,52,78,0.6666666666666666,46.5,77,0.6038961038961039,0.36585250135948444,0.30789839669617347,0.6737508980556579
8476918,20232024,F,NYR,80,73,50440,28,73,0.3835616438356164,30.0,72,0.4166666666666667,28,73,0.3835616438356164,32.5,72,0.4513888888888889,-0.5397464779413657,-0.07448671594107514,-0.6142331938824408
8476918,20242025,F,"COL,NYR",39,29,23424,12,29,0.41379310344827586,11.5,29,0.39655172413793105,12,29,0.41379310344827586,12.0,29,0.41379310344827586,-0.5044296042909113,-0.15783538396524932,-0.6622649882561606
8476919,20222023,F,"FLA,MTL",36,26,20399,9,26,0.34615384615384615,9.0,26,0.34615384615384615,9,26,0.34615384615384615,9.0,26,0.34615384615384615,-1.0154363843010072,-0.44634508624420954,-1.4617814705452168
8476919,20232024,F,NJD,52,22,25123,13,22,0.5909090909090909,13.5,21,0.6428571428571429,12,22,0.5454545454545454,14.0,21,0.6666666666666666,-0.877071300168824,0.366779798796804,-0.51029150137202
8476921,20222023,F,CAR,82,80,66088,53,80,0.6625,53.5,80,0.66875,39,80,0.4875,43.5,80,0.54375,-0.19314355590176158,-0.025577866850525766,-0.21872142275228734
8476921,20232024,F,CAR,82,80,61851,57,80,0.7125,54.0,80,0.675,45,80,0.5625,45.0,80,0.5625,-0.05493838526770878,0.29173650742314017,0.2367981221554314
8476921,20242025,F,CAR,76,76,59523,45,76,0.5921052631578947,45.0,76,0.5921052631578947,36,76,0.47368421052631576,45.5,76,0.5986842105263158,-0.18287743474372542,0.14889283242100637,-0.03398460232271905
8476921,20252026,F,CAR,77,76,59238,44,76,0.5789473684210527,46.5,74,0.6283783783783784,39,76,0.5131578947368421,36.5,74,0.49324324324324326,-0.3778968965348706,0.19691948666610326,-0.1809774098687673
8476923,20222023,D,NJD,81,81,80228,57,81,0.7037037037037037,55.5,81,0.6851851851851852,53,81,0.654320987654321,51.5,81,0.6358024691358025,0.6720688377780593,-0.02362427200967332,0.6484445657683859
8476923,20232024,D,CBJ,67,67,71400,30,67,0.44776119402985076,28.5,67,0.4253731343283582,42,67,0.6268656716417911,41.5,67,0.6194029850746269,0.4932784769896945,-0.05272173860154261,0.4405567383881519
8476923,20242025,D,CBJ,70,70,69457,33,70,0.4714285714285714,31.0,70,0.44285714285714284,35,70,0.5,35.5,70,0.5071428571428571,0.21886641460786027,0.01754002200631266,0.23640643661417293
8476923,20252026,D,CBJ,71,71,77796,47,71,0.6619718309859155,46.5,71,0.6549295774647887,50,71,0.704225352112676,46.0,71,0.647887323943662,0.5584309461785666,0.1890260038178222,0.7474569499963888
8476925,20222023,F,NSH,82,81,60918,34,81,0.41975308641975306,32.0,80,0.4,39,81,0.48148148148148145,34.5,80,0.43125,-0.3292814292753179,0.04266618375901077,-0.2866152455163071
8476925,20232024,F,NSH,81,80,63559,42,80,0.525,39.5,79,0.5,34,80,0.425,38.0,79,0.4810126582278481,-0.42462901310486423,0.21249608133126463,-0.2121329317735996
8476925,20242025,F,NSH,72,70,51322,33,70,0.4714285714285714,37.5,69,0.5434782608695652,34,70,0.4857142857142857,38.0,69,0.5507246376811594,-0.3742472681945799,0.23462277057435088,-0.139624497620229
8476925,20252026,F,VGK,66,60,41853,33,60,0.55,36.0,60,0.6,28,60,0.4666666666666667,31.0,60,0.5166666666666667,-0.4969876529127353,-0.05764569960769439,-0.5546333525204297
8476927,20222023,F,"PIT,VGK",63,57,39989,25,57,0.43859649122807015,23.0,56,0.4107142857142857,23,57,0.40350877192982454,30.0,56,0.5357142857142857,-0.5018935906872368,-0.04510560815986331,-0.5469991988471001
8476927,20232024,F,VAN,68,67,50990,45,67,0.6716417910447762,43.5,67,0.6492537313432836,35,67,0.5223880597014925,40.0,67,0.5970149253731343,0.2512639034033102,0.10001702132075874,0.3512809247240689
8476927,20242025,F,VAN,78,78,56787,27,78,0.34615384615384615,32.5,75,0.43333333333333335,34,78,0.4358974358974359,31.5,75,0.42,-0.39928199126756136,-0.18222254453877174,-0.5815045358063331
8476927,20252026,F,VAN,34,34,29636,9,34,0.2647058823529412,14.5,34,0.4264705882352941,20,34,0.5882352941176471,23.0,34,0.6764705882352942,-0.12693237134350976,-0.04927878839064581,-0.17621115973415558
8476931,20222023,D,"CHI,TOR",76,74,76576,35,74,0.47297297297297297,36.5,74,0.49324324324324326,41,74,0.5540540540540541,47.5,74,0.6418918918918919,0.06919663911102081,-0.11662781708331016,-0.04743117797228935
8476931,20232024,D,TOR,73,72,75290,41,72,0.5694444444444444,40.5,72,0.5625,35,72,0.4861111111111111,37.0,72,0.5138888888888888,0.08073879744729773,-0.04997247488832768,0.03076632255897005
8476931,20242025,D,TOR,66,65,72757,40,65,0.6153846153846154,44.5,65,0.6846153846153846,41,65,0.6307692307692307,43.0,65,0.6615384615384615,0.12045076206434446,0.30482826267563023,0.4252790247399747
8476931,20252026,D,TOR,80,80,89654,28,80,0.35,34.5,80,0.43125,37,80,0.4625,36.5,80,0.45625,0.06021715985440235,0.06430666275387509,0.12452382260827743
8476934,20222023,F,"ANA,PIT",75,72,48455,26,72,0.3611111111111111,26.5,72,0.3680555555555556,27,72,0.375,27.0,72,0.375,-0.6687208052755171,0.5352983539174136,-0.1334224513581035
8476934,20232024,F,ANA,24,16,13048,8,16,0.5,7.0,15,0.4666666666666667,10,16,0.625,9.0,15,0.6,-0.11258622480666935,0.00712690547344641,-0.10545931933322295
8476934,20242025,F,ANA,26,22,15250,9,22,0.4090909090909091,10.0,22,0.45454545454545453,9,22,0.4090909090909091,12.0,22,0.5454545454545454,-0.21163896353308775,-0.12567903779922185,-0.3373180013323096
8476958,20222023,D,CAR,76,76,83796,53,76,0.6973684210526315,53.0,76,0.6973684210526315,45,76,0.5921052631578947,38.5,76,0.506578947368421,0.19054740522702618,0.027318592053926505,0.21786599728095268
8476958,20232024,D,CAR,81,81,85659,56,81,0.691358024691358,54.5,81,0.6728395061728395,49,81,0.6049382716049383,46.5,81,0.5740740740740741,0.4176698746184617,-0.03866852118684161,0.3790013534316201
8476958,20242025,D,CAR,76,76,82086,49,76,0.6447368421052632,46.0,76,0.6052631578947368,35,76,0.4605263157894737,35.5,76,0.46710526315789475,-0.16431764265296023,-0.006302202962907177,-0.1706198456158674
8476958,20252026,D,CAR,39,39,41948,26,39,0.6666666666666666,24.0,39,0.6153846153846154,21,39,0.5384615384615384,19.0,39,0.48717948717948717,-0.3218321607477699,0.3309749486948754,0.009142787947105546
8476960,20222023,F,CHI,81,80,65310,29,80,0.3625,28.0,80,0.35,42,80,0.525,44.0,80,0.55,0.3130455803279184,-0.3251954023921835,-0.01214982206426507
8476960,20232024,F,CHI,28,28,19152,4,28,0.14285714285714285,8.5,28,0.30357142857142855,13,28,0.4642857142857143,14.0,28,0.5,0.05496598011677034,-0.6107903220196116,-0.5558243419028412
8476967,20222023,D,EDM,82,82,73520,45,82,0.5487804878048781,42.5,82,0.5182926829268293,34,82,0.4146341463414634,33.5,82,0.40853658536585363,-0.05373370936910682,-0.2356563065642776,-0.2893900159333844
8476967,20232024,D,EDM,82,81,67248,43,81,0.5308641975308642,45.5,81,0.5617283950617284,39,81,0.48148148148148145,37.0,81,0.4567901234567901,-0.3351644824497533,0.05531262517311042,-0.27985185727664286
8476967,20242025,D,EDM,78,78,83718,49,78,0.6282051282051282,48.0,78,0.6153846153846154,38,78,0.48717948717948717,40.0,78,0.5128205128205128,-0.18871057757072496,0.0919061414454565,-0.09680443612526846
8476967,20252026,D,"COL,EDM,PIT",82,82,80432,28,82,0.34146341463414637,33.5,82,0.40853658536585363,28,82,0.34146341463414637,25.5,82,0.31097560975609756,-0.5620357604516233,-0.23114707182181338,-0.7931828322734367
8476979,20222023,D,"TOR,WSH",70,70,69474,37,70,0.5285714285714286,37.5,70,0.5357142857142857,37,70,0.5285714285714286,40.5,70,0.5785714285714286,0.17046389012187646,-0.1035595444226014,0.06690434569927506
8476979,20232024,D,NYR,76,76,68242,41,76,0.5394736842105263,42.0,76,0.5526315789473685,43,76,0.5657894736842105,42.5,76,0.5592105263157895,0.46190901176992316,0.037075631473742376,0.49898464324366554
8476979,20242025,D,DET,60,60,50657,31,60,0.5166666666666667,27.5,60,0.4583333333333333,30,60,0.5,30.5,60,0.5083333333333333,0.167857404275646,0.11909482043599473,0.2869522247116407
8476981,20222023,F,MTL,69,69,56889,31,69,0.4492753623188406,27.0,69,0.391304347826087,36,69,0.5217391304347826,39.0,69,0.5652173913043478,0.42630444511018606,-0.5361330817627579,-0.10982863665257181
8476981,20232024,F,MTL,78,77,60824,26,77,0.33766233766233766,29.0,77,0.37662337662337664,34,77,0.44155844155844154,37.0,77,0.4805194805194805,-0.19056008472423436,-0.3960848730000399,-0.5866449577242743
8476981,20242025,F,MTL,77,77,55319,33,77,0.42857142857142855,43.0,77,0.5584415584415584,41,77,0.5324675324675324,45.0,77,0.5844155844155844,0.2609775027426213,-0.2667745305069773,-0.0057970277643559776
8476981,20252026,F,MTL,72,68,49634,28,68,0.4117647058823529,29.0,68,0.4264705882352941,28,68,0.4117647058823529,30.0,68,0.4411764705882353,-0.35073480947268987,-0.08869245051951546,-0.43942725999220533
8476988,20222023,D,SJS,77,76,74586,30,76,0.39473684210526316,40.5,76,0.5328947368421053,29,76,0.3815789473684211,38.0,76,0.5,-0.5472527242115657,0.11736862669902681,-0.42988409751253887
8476988,20232024,D,SJS,14,14,13257,3,14,0.21428571428571427,3.0,14,0.21428571428571427,4,14,0.2857142857142857,5.5,14,0.39285714285714285,-0.2756815560839141,-0.5759353991915188,-0.8516169552754329
8476994,20222023,F,BUF,26,25,17825,7,25,0.28,8.5,25,0.34,10,25,0.4,11.0,25,0.44,0.09500239055033166,-0.82598502497896,-0.7309826344286283
8476994,20242025,F,"MIN,NSH",37,37,26352,22,37,0.5945945945945946,19.5,36,0.5416666666666666,22,37,0.5945945945945946,18.0,36,0.5,0.31840842123912294,0.15074119888294213,0.46914962012206507
8476994,20252026,F,"FLA,MIN",65,51,38901,15,51,0.29411764705882354,14.0,50,0.28,15,51,0.29411764705882354,16.0,50,0.32,-0.4659283384046753,-0.8215260295565874,-1.2874543679612627
8477015,20232024,F,EDM,71,62,44574,34,62,0.5483870967741935,35.5,62,0.5725806451612904,30,62,0.4838709677419355,28.5,62,0.4596774193548387,-1.0067815788499037,-0.10937410862650321,-1.116155687476407
8477015,20242025,F,EDM,78,75,55296,42,75,0.56,40.0,74,0.5405405405405406,33,75,0.44,40.0,74,0.5405405405405406,-0.550479066704999,0.027069387003137102,-0.5234096797018619
8477015,20252026,F,NJD,75,74,66028,31,74,0.4189189189189189,35.0,74,0.47297297297297297,33,74,0.44594594594594594,36.5,74,0.49324324324324326,-0.16482188148281818,-0.04784110094281813,-0.2126629824256363
8477018,20222023,D,VGK,31,31,26918,18,31,0.5806451612903226,19.0,31,0.6129032258064516,17,31,0.5483870967741935,17.5,31,0.5645161290322581,-0.06458385718080306,0.10625914232971079,0.041675285148907726
8477018,20232024,D,VGK,41,40,34736,25,40,0.625,26.5,40,0.6625,19,40,0.475,22.0,40,0.55,0.21750935144294292,0.21760758027629112,0.43511693171923405
8477018,20252026,D,VGK,55,53,45243,28,53,0.5283018867924528,31.0,53,0.5849056603773585,25,53,0.4716981132075472,26.0,53,0.49056603773584906,0.2650659253507839,-0.30168262133969304,-0.036616695988909154
8477021,20222023,F,TOR,82,79,57741,48,79,0.6075949367088608,48.0,79,0.6075949367088608,40,79,0.5063291139240507,42.5,79,0.5379746835443038,-0.32602936521027326,0.007987638597199531,-0.3180417266130737
8477021,20232024,F,ARI,82,81,68152,35,81,0.43209876543209874,39.0,80,0.4875,41,81,0.5061728395061729,43.5,80,0.54375,-0.3630636560251954,0.23162256784974433,-0.13144108817545108
8477021,20242025,F,UTA,78,78,59753,48,78,0.6153846153846154,44.0,78,0.5641025641025641,44,78,0.5641025641025641,40.0,78,0.5128205128205128,-0.08895780291808908,0.2032542560629209,0.11429645314483183
8477021,20252026,F,UTA,33,27,20657,13,27,0.48148148148148145,10.5,26,0.40384615384615385,11,27,0.4074074074074074,7.0,26,0.2692307692307692,-0.6669407519954293,0.22301099955683634,-0.443929752438593
8477034,20222023,D,"SEA,SJS",54,54,53674,27,54,0.5,28.5,54,0.5277777777777778,27,54,0.5,28.0,54,0.5185185185185185,0.23341053222455566,-0.0742849288067271,0.15912560341782855
8477034,20232024,D,CHI,44,44,40603,11,44,0.25,18.5,44,0.42045454545454547,20,44,0.45454545454545453,24.0,44,0.5454545454545454,-0.12520280231685876,-0.13423576628835,-0.25943856860520875
8477070,20222023,F,ARI,56,43,32799,17,43,0.3953488372093023,15.0,43,0.3488372093023256,18,43,0.4186046511627907,16.5,43,0.38372093023255816,-0.5995838110745044,0.05875897434385191,-0.5408248367306525
8477070,20232024,F,ARI,75,56,40080,26,56,0.4642857142857143,29.0,55,0.5272727272727272,24,56,0.42857142857142855,29.5,55,0.5363636363636364,-0.17627972157710836,0.011512687879593475,-0.1647670336975149
8477070,20242025,F,UTA,27,15,14279,10,15,0.6666666666666666,9.0,15,0.6,9,15,0.6,10.0,15,0.6666666666666666,-0.08970838932851821,-0.01856177731361841,-0.10827016664213662
8477070,20252026,F,UTA,37,21,18716,9,21,0.42857142857142855,6.5,19,0.34210526315789475,4,21,0.19047619047619047,2.0,19,0.10526315789473684,-0.6036876916508702,-0.2133122177457878,-0.816999909396658
8477073,20222023,D,COL,44,20,20601,10,20,0.5,6.0,19,0.3157894736842105,7,20,0.35,6.0,19,0.3157894736842105,-0.23387251601667547,-0.5370644238759437,-0.7709369398926191
8477073,20232024,D,"COL,NJD",45,2,12466,1,2,0.5,2.0,2,1.0,1,2,0.5,2.0,2,1.0,-1.3406723863255856,0.19359000809025595,-1.1470823782353297
8477126,20222023,F,"ANA,COL",55,38,29020,12,38,0.3157894736842105,15.5,38,0.40789473684210525,17,38,0.4473684210526316,19.0,38,0.5,-0.6017176257722312,-0.28519869288918764,-0.8869163186614188
8477149,20252026,F,TBL,26,14,11713,8,14,0.5714285714285714,6.0,14,0.42857142857142855,6,14,0.42857142857142855,6.0,14,0.42857142857142855,-0.020574189344575444,-0.36908085124051215,-0.3896550405850876
8477220,20222023,D,WPG,71,70,62914,40,70,0.5714285714285714,37.0,70,0.5285714285714286,37,70,0.5285714285714286,36.5,70,0.5214285714285715,0.12048720055120654,-0.109154375939577,0.011332824611629544
8477220,20232024,D,WPG,63,63,52797,37,63,0.5873015873015873,33.5,63,0.5317460317460317,35,63,0.5555555555555556,34.0,63,0.5396825396825397,-0.03832654688849413,0.2757002093432328,0.23737366245473868
8477220,20242025,D,FLA,76,76,62690,51,76,0.6710526315789473,46.0,75,0.6133333333333333,44,76,0.5789473684210527,42.5,75,0.5666666666666667,0.19733141345532035,0.2650927757921724,0.46242418924749273
8477220,20252026,D,UTA,81,81,80230,49,81,0.6049382716049383,48.5,81,0.5987654320987654,47,81,0.5802469135802469,43.0,81,0.5308641975308642,0.4285278319994883,-0.03385246428279265,0.39467536771669565
8477244,20222023,D,PIT,47,46,35290,27,46,0.5869565217391305,26.5,46,0.5760869565217391,22,46,0.4782608695652174,23.0,46,0.5,0.057397576074303736,0.000839168952158964,0.0582367450264627
8477244,20232024,D,"NYR,PIT",52,46,33610,17,46,0.3695652173913043,20.5,46,0.44565217391304346,14,46,0.30434782608695654,16.5,46,0.358695652173913,-0.618111093077079,0.27635502870671536,-0.34175606437036365
8477330,20222023,F,DET,81,78,59109,31,78,0.3974358974358974,34.5,78,0.4423076923076923,40,78,0.5128205128205128,38.5,78,0.4935897435897436,0.12300382900346829,-0.10642727683799702,0.01657655216547127
8477330,20232024,F,OTT,74,58,44758,17,58,0.29310344827586204,15.5,58,0.2672413793103448,20,58,0.3448275862068966,18.0,58,0.3103448275862069,-0.7831669887076407,-0.45054860343830283,-1.2337155921459435
8477335,20222023,D,VAN,48,48,42878,23,48,0.4791666666666667,29.0,48,0.6041666666666666,25,48,0.5208333333333334,27.5,48,0.5729166666666666,0.11675375264175125,0.016944040173398456,0.1336977928151497
8477335,20232024,D,SJS,73,73,73774,25,73,0.3424657534246575,30.0,73,0.410958904109589,44,73,0.6027397260273972,40.5,73,0.5547945205479452,0.5100371030284307,0.0380992806925291,0.5481363837209599
8477335,20242025,D,LAK,31,12,13265,6,12,0.5,8.5,12,0.7083333333333334,6,12,0.5,7.0,12,0.5833333333333334,-0.05098729294466864,-0.14664044756734773,-0.19762774051201637
8477346,20222023,D,CGY,81,81,85134,52,81,0.6419753086419753,44.5,81,0.5493827160493827,42,81,0.5185185185185185,44.0,81,0.5432098765432098,0.13617860387645342,0.3426422125598676,0.478820816436321
8477346,20232024,D,CGY,82,82,90059,39,82,0.47560975609756095,41.5,82,0.5060975609756098,45,82,0.5487804878048781,43.0,82,0.524390243902439,0.11000081253937077,-0.09664184179329682,0.01335897074607395
8477346,20242025,D,CGY,78,78,89604,43,78,0.5512820512820513,43.5,78,0.5576923076923077,47,78,0.6025641025641025,48.0,78,0.6153846153846154,-0.09276343196775283,0.5629624925434942,0.47019906057574135
8477346,20252026,D,"CGY,UTA",78,77,85081,33,77,0.42857142857142855,28.5,77,0.37012987012987014,39,77,0.5064935064935064,32.0,77,0.4155844155844156,-0.08933509797688233,-0.10386209167124738,-0.1931971896481297
8477353,20222023,F,"NYR,OTT",62,52,38576,23,52,0.4423076923076923,23.5,52,0.4519230769230769,19,52,0.36538461538461536,24.5,52,0.47115384615384615,-0.4017881068871332,0.003697106348044432,-0.39809100053908875
8477353,20232024,F,TBL,69,57,42990,25,57,0.43859649122807015,27.0,53,0.5094339622641509,25,57,0.43859649122807015,27.0,53,0.5094339622641509,-0.8824959985230085,0.5327321661542199,-0.3497638323687886
8477353,20242025,F,DET,51,40,29525,17,40,0.425,16.5,38,0.4342105263157895,20,40,0.5,19.0,38,0.5,-0.46210124696616184,0.30358829741795734,-0.1585129495482045
8477357,20222023,F,WPG,64,39,33107,17,39,0.4358974358974359,15.5,39,0.3974358974358974,18,39,0.46153846153846156,14.5,39,0.3717948717948718,-0.869529445591114,-0.1646239167893735,-1.0341533623804875
8477365,20222023,D,BOS,78,78,71605,42,78,0.5384615384615384,43.5,77,0.564935064935065,36,78,0.46153846153846156,37.0,77,0.4805194805194805,0.04343864780886442,-0.4763735707595953,-0.4329349229507309
8477365,20232024,D,BUF,79,77,68002,38,77,0.4935064935064935,36.0,77,0.4675324675324675,34,77,0.44155844155844154,44.0,77,0.5714285714285714,-0.21701430156540402,-0.12610930214383265,-0.34312360370923667
8477365,20242025,D,BUF,69,69,55046,25,69,0.36231884057971014,32.5,68,0.47794117647058826,31,69,0.4492753623188406,27.0,68,0.39705882352941174,-0.2678135975677458,0.02559488919113795,-0.24221870837660786
8477365,20252026,D,PIT,50,50,43723,31,50,0.62,30.5,50,0.61,25,50,0.5,27.0,50,0.54,0.10466058074532647,0.335669253247199,0.44032983399252545
8477369,20222023,D,SEA,78,78,64882,36,78,0.46153846153846156,40.0,78,0.5128205128205128,33,78,0.4230769230769231,33.5,78,0.42948717948717946,-0.12145321928805242,-0.2605847716162817,-0.3820379909043341
8477369,20232024,D,VAN,40,40,35107,18,40,0.45,24.5,40,0.6125,16,40,0.4,21.0,40,0.525,-0.39533960565484527,0.2771871824019101,-0.11815242325293518
8477369,20242025,D,"NYR,VAN",71,71,64834,29,71,0.4084507042253521,27.5,70,0.39285714285714285,24,71,0.3380281690140845,24.5,70,0.35,-0.3089032550990216,-0.13879979895405103,-0.44770305405307265
8477369,20252026,D,"NYI,NYR",76,74,65726,30,74,0.40540540540540543,30.5,74,0.41216216216216217,29,74,0.3918918918918919,28.5,74,0.38513513513513514,-0.12945308371331166,-0.190348999871635,-0.31980208358494666
8477380,20232024,F,NYR,57,48,33588,20,48,0.4166666666666667,21.0,47,0.44680851063829785,24,48,0.5,21.0,47,0.44680851063829785,-0.20309735272633844,0.059272098126470496,-0.14382525459986795
8477380,20242025,F,NYR,47,37,29258,12,37,0.32432432432432434,12.5,37,0.33783783783783783,18,37,0.4864864864864865,14.0,37,0.3783783783783784,-0.1672571090765338,-0.30019594526974513,-0.46745305434627893
8477380,20252026,F,NYR,55,44,33513,16,44,0.36363636363636365,17.0,43,0.3953488372093023,14,44,0.3181818181818182,15.0,43,0.3488372093023256,-0.06294511604176156,-0.2854076852372991,-0.34835280127906065
8477384,20222023,D,ARI,68,64,51907,20,64,0.3125,22.5,64,0.3515625,26,64,0.40625,25.5,64,0.3984375,-0.14345533258041598,-0.44592209209012745,-0.5893774246705434
8477384,20232024,D,ARI,51,45,38515,18,45,0.4,18.0,45,0.4,18,45,0.4,17.5,45,0.3888888888888889,0.023500552884208936,-0.7112792594019073,-0.6877787065176983
8477392,20222023,F,NYI,49,46,34881,29,46,0.6304347826086957,28.0,46,0.6086956521739131,30,46,0.6521739130434783,23.5,46,0.5108695652173914,0.2944426207610902,0.14375499557750215,0.43819761633859233
8477392,20232024,F,NYI,45,43,30796,16,43,0.37209302325581395,19.5,43,0.45348837209302323,19,43,0.4418604651162791,19.5,43,0.45348837209302323,-0.2921878193588059,0.08661145866106912,-0.20557636069773677
8477392,20242025,F,NYI,39,30,23460,17,30,0.5666666666666667,16.0,30,0.5333333333333333,17,30,0.5666666666666667,16.5,30,0.55,0.08806654091305344,0.11419247619493111,0.20225901710798455
8477402,20222023,F,STL,63,62,59296,31,62,0.5,28.5,62,0.4596774193548387,35,62,0.5645161290322581,32.5,62,0.5241935483870968,0.013706692147878563,0.39631380420728,0.4100204963551586
8477402,20232024,F,STL,80,79,76010,39,79,0.4936708860759494,29.5,79,0.37341772151898733,55,79,0.6962025316455697,43.0,79,0.5443037974683544,0.3055846885491902,0.5091250597351968,0.814709748284387
8477402,20242025,F,STL,74,73,71253,44,73,0.6027397260273972,42.5,73,0.5821917808219178,40,73,0.547945205479452,41.0,73,0.5616438356164384,0.5945328900775957,-0.15656213538236896,0.4379707546952267
8477402,20252026,F,STL,80,79,69708,47,79,0.5949367088607594,41.0,78,0.5256410256410257,43,79,0.5443037974683544,42.5,78,0.5448717948717948,0.09580589068482093,0.05494557655023824,0.15075146723505917
8477404,20222023,F,PIT,78,78,76632,45,78,0.5769230769230769,45.0,78,0.5769230769230769,41,78,0.5256410256410257,45.0,78,0.5769230769230769,0.31724776498505447,-0.1755740592646493,0.14167370572040516
8477404,20232024,F,"CAR,PIT",67,67,64904,44,67,0.6567164179104478,43.5,67,0.6492537313432836,42,67,0.6268656716417911,43.0,67,0.6417910447761194,0.8728788045348264,-0.13139350376703263,0.7414853007677937
8477404,20242025,F,TBL,78,78,75534,41,78,0.5256410256410257,43.5,78,0.5576923076923077,46,78,0.5897435897435898,39.5,78,0.5064102564102564,0.3494592775912633,-0.14685030873441063,0.20260896885685264
8477404,20252026,F,TBL,81,80,75015,49,80,0.6125,49.5,80,0.61875,43,80,0.5375,36.5,80,0.45625,-0.047635726968672465,0.13604432754549522,0.08840860057682276
8477406,20222023,F,EDM,66,64,50138,33,64,0.515625,34.0,64,0.53125,23,64,0.359375,28.5,64,0.4453125,-0.9451642346943014,0.25041470978117575,-0.6947495249131257
8477406,20232024,F,EDM,71,55,42933,33,55,0.6,33.5,54,0.6203703703703703,25,55,0.45454545454545453,28.0,54,0.5185185185185185,-0.8773679803559467,0.27427985400077315,-0.6030881263551735
8477406,20242025,F,EDM,76,73,51533,34,73,0.4657534246575342,35.0,73,0.4794520547945205,26,73,0.3561643835616438,34.0,73,0.4657534246575342,-0.9454366971374584,-0.024911425344583016,-0.9703481224820414
8477406,20252026,F,EDM,43,38,26171,13,38,0.34210526315789475,15.5,37,0.4189189189189189,13,38,0.34210526315789475,15.5,37,0.4189189189189189,-0.6662766271865972,-0.15710260467430093,-0.8233792318608981
8477407,20222023,F,FLA,20,20,15278,10,20,0.5,11.5,20,0.575,10,20,0.5,7.5,20,0.375,1.0261504802121064,-0.7108464155958791,0.3153040646162273
8477407,20232024,F,"SJS,TBL",73,72,58458,24,72,0.3333333333333333,23.0,72,0.3194444444444444,40,72,0.5555555555555556,34.5,72,0.4791666666666667,0.31083454800751076,-0.42087182544412016,-0.1100372774366094
8477407,20242025,F,NYI,44,44,35502,13,44,0.29545454545454547,20.0,44,0.45454545454545453,17,44,0.38636363636363635,22.0,44,0.5,-0.08990598498664282,-0.5522947240370462,-0.642200709023689
8477407,20252026,F,NYI,62,57,43070,19,57,0.3333333333333333,19.0,57,0.3333333333333333,23,57,0.40350877192982454,23.5,57,0.41228070175438597,-0.15441975787922146,-0.4906853898489896,-0.645105147728211
8477409,20222023,F,FLA,81,81,69789,54,81,0.6666666666666666,54.0,81,0.6666666666666666,47,81,0.5802469135802469,46.5,81,0.5740740740740741,0.753135405611955,-0.33675754018571213,0.4163778654262429
8477409,20232024,F,FLA,76,76,65845,48,76,0.631578947368421,48.0,75,0.64,42,76,0.5526315789473685,44.5,75,0.5933333333333334,0.7093787813681942,-0.17145215781363854,0.5379266235545557
8477409,20242025,F,FLA,78,77,69394,51,77,0.6623376623376623,48.5,77,0.6298701298701299,46,77,0.5974025974025974,44.0,77,0.5714285714285714,0.38290987973926205,-0.15375087982321922,0.22915899991604283
8477409,20252026,F,FLA,77,77,66277,42,77,0.5454545454545454,41.0,77,0.5324675324675324,42,77,0.5454545454545454,40.0,77,0.5194805194805194,0.5030600480594853,-0.31356752705976243,0.1894925209997229
8477416,20222023,F,SEA,81,80,65014,39,80,0.4875,38.5,80,0.48125,36,80,0.45,37.5,80,0.46875,-0.16486458882272226,-0.07946308396183044,-0.2443276727845527
8477416,20232024,F,SEA,82,79,66790,40,79,0.5063291139240507,42.5,79,0.5379746835443038,35,79,0.4430379746835443,38.0,79,0.4810126582278481,0.014700339983375166,0.05266460189112321,0.06736494187449837
8477416,20242025,F,"SEA,TBL",77,76,59976,39,76,0.5131578947368421,33.0,74,0.44594594594594594,39,76,0.5131578947368421,35.5,74,0.4797297297297297,-0.27314262376197895,0.20697707991783743,-0.06616554384414153
8477416,20252026,F,TBL,80,72,54052,32,72,0.4444444444444444,33.5,70,0.4785714285714286,29,72,0.4027777777777778,29.0,70,0.4142857142857143,-0.8495542342679072,0.24709658868703333,-0.6024576455808739
8477425,20222023,F,NJD,76,64,47537,30,64,0.46875,32.5,64,0.5078125,19,64,0.296875,27.5,64,0.4296875,-0.4118360579539191,-0.6899208293236896,-1.1017568872776087
8477425,20232024,F,COL,74,72,52193,32,72,0.4444444444444444,34.5,72,0.4791666666666667,24,72,0.3333333333333333,31.5,72,0.4375,0.3153139807542189,-0.8349822125487649,-0.519668231794546
8477425,20242025,F,COL,34,27,20909,9,27,0.3333333333333333,10.0,27,0.37037037037037035,9,27,0.3333333333333333,8.5,27,0.3148148148148148,-0.31008005576329545,-0.2429819292494133,-0.5530619850127088
8477425,20252026,F,CBJ,54,47,34785,25,47,0.5319148936170213,26.5,47,0.5638297872340425,24,47,0.5106382978723404,27.0,47,0.574468085106383,-0.07007794251231836,-0.3551494502497028,-0.42522739276202115
8477426,20222023,F,TBL,80,78,62675,37,78,0.47435897435897434,34.5,78,0.4423076923076923,38,78,0.48717948717948717,36.5,78,0.46794871794871795,-0.38714596301279114,0.19577146797684986,-0.19137449503594128
8477426,20232024,F,TBL,82,82,68649,39,82,0.47560975609756095,42.0,81,0.5185185185185185,39,82,0.47560975609756095,45.0,81,0.5555555555555556,-0.3740583939881401,0.07629555887011463,-0.2977628351180255
8477426,20242025,F,TBL,73,72,61340,34,72,0.4722222222222222,38.5,72,0.5347222222222222,32,72,0.4444444444444444,34.0,72,0.4722222222222222,-0.3703723488607702,0.12800505595446854,-0.24236729290630166
8477426,20252026,F,TBL,51,47,35915,23,47,0.48936170212765956,26.0,47,0.5531914893617021,19,47,0.40425531914893614,21.0,47,0.44680851063829785,-0.7809036743835667,0.19209979519935283,-0.5888038791842138
8477429,20222023,F,DET,82,81,67353,29,81,0.35802469135802467,29.0,80,0.3625,29,81,0.35802469135802467,29.5,80,0.36875,-0.3780820642231977,-0.0452917230111618,-0.4233737872343595
8477429,20232024,F,DET,79,78,61547,30,78,0.38461538461538464,32.5,78,0.4166666666666667,36,78,0.46153846153846156,44.5,78,0.5705128205128205,-0.20874677909351957,0.0824866624717484,-0.12626011662177117
8477429,20242025,F,DET,56,56,42891,26,56,0.4642857142857143,27.0,56,0.48214285714285715,34,56,0.6071428571428571,32.5,56,0.5803571428571429,0.24278739430869356,-0.002068680254924349,0.2407187140537692
8477429,20252026,F,DET,79,79,63060,32,79,0.4050632911392405,33.0,77,0.42857142857142855,43,79,0.5443037974683544,41.5,77,0.538961038961039,0.10243930595062833,0.16329212446313157,0.2657314304137599
8477433,20222023,D,NYR,42,41,33038,15,41,0.36585365853658536,16.0,41,0.3902439024390244,13,41,0.3170731707317073,15.0,41,0.36585365853658536,-0.4356895170566961,-0.43494908867193205,-0.8706386057286282
8477435,20222023,D,NJD,78,77,80116,47,77,0.6103896103896104,40.0,77,0.5194805194805194,37,77,0.4805194805194805,36.0,77,0.4675324675324675,-0.02850486287500109,-0.3115630428439333,-0.3400679057189344
8477435,20232024,D,PIT,70,69,67740,33,69,0.4782608695652174,34.5,69,0.5,28,69,0.4057971014492754,31.0,69,0.4492753623188406,-0.0852921611089057,-0.04252703715925721,-0.1278191982681629
8477435,20242025,D,PIT,58,58,46526,24,58,0.41379310344827586,31.5,58,0.5431034482758621,32,58,0.5517241379310345,33.0,58,0.5689655172413793,-0.1802537563658051,0.2893309309070551,0.10907717454124999
8477435,20252026,D,PIT,22,22,18260,11,22,0.5,12.5,22,0.5681818181818182,13,22,0.5909090909090909,11.0,22,0.5,-0.11682242402466292,0.11003725502422101,-0.006785169000441904
8477444,20222023,F,SEA,49,48,41621,23,48,0.4791666666666667,18.5,48,0.3854166666666667,19,48,0.3958333333333333,19.0,48,0.3958333333333333,-0.033099720221357654,-0.45029436774597764,-0.4833940879673353
8477444,20232024,F,SEA,49,46,36200,17,46,0.3695652173913043,19.0,46,0.41304347826086957,16,46,0.34782608695652173,19.0,46,0.41304347826086957,-0.1710314540943152,0.002294129728610983,-0.1687373243657042
8477444,20242025,F,SEA,76,75,57411,35,75,0.4666666666666667,30.5,73,0.4178082191780822,36,75,0.48,35.0,73,0.4794520547945205,-0.0930619226030247,-0.05284195984929507,-0.14590388245231978
8477444,20252026,F,CHI,75,72,61280,25,72,0.3472222222222222,24.0,71,0.3380281690140845,30,72,0.4166666666666667,37.0,71,0.5211267605633803,0.5459108339196601,-0.5915985861231801,-0.04568775220351995
8477446,20222023,F,NSH,32,23,17222,13,23,0.5652173913043478,13.5,23,0.5869565217391305,15,23,0.6521739130434783,12.5,23,0.5434782608695652,-0.06636392037889838,-0.06191703897124823,-0.1282809593501466
8477446,20232024,F,NSH,70,66,46829,34,66,0.5151515151515151,34.5,66,0.5227272727272727,30,66,0.45454545454545453,30.5,66,0.4621212121212121,-0.16035057182562928,-0.0009352079789533008,-0.16128577980458259
8477446,20242025,F,NSH,70,63,47580,26,63,0.4126984126984127,32.0,61,0.5245901639344263,26,63,0.4126984126984127,30.5,61,0.5,-0.5069396692762671,0.03235015758930038,-0.4745895116869667
8477446,20252026,F,"MIN,NSH",79,74,55687,30,74,0.40540540540540543,34.0,73,0.4657534246575342,37,74,0.5,31.0,73,0.4246575342465753,-0.44419687758439386,0.19769285230094935,-0.2465040252834445
8477447,20222023,D,VGK,55,55,60455,33,55,0.6,34.5,55,0.6272727272727273,34,55,0.6181818181818182,32.0,55,0.5818181818181818,0.24888479308839973,0.049235307617370605,0.29812010070577033
8477447,20232024,D,VGK,47,47,51374,27,47,0.574468085106383,23.0,47,0.48936170212765956,23,47,0.48936170212765956,19.5,47,0.4148936170212766,0.13017721387824022,0.002452190810724897,0.1326294046889651
8477447,20242025,D,VGK,64,64,74470,36,64,0.5625,36.5,64,0.5703125,35,64,0.546875,33.0,64,0.515625,-0.2328254907881444,0.2054491010949291,-0.02737638969321532
8477447,20252026,D,VGK,71,70,80694,46,70,0.6571428571428571,44.5,70,0.6357142857142857,42,70,0.6,36.0,70,0.5142857142857142,0.3010100952557151,0.07159454928614162,0.3726046445418567
8477450,20222023,F,CHI,78,78,62146,28,78,0.358974358974359,32.5,78,0.4166666666666667,41,78,0.5256410256410257,40.5,78,0.5192307692307693,-0.05155080547849655,0.3269424935722318,0.27539168809373527
8477450,20232024,F,CHI,82,81,68098,33,81,0.4074074074074074,33.0,80,0.4125,50,81,0.6172839506172839,46.0,80,0.575,-0.07315555102652516,0.824385891549078,0.7512303405225529
8477450,20242025,F,CHI,59,57,46933,25,57,0.43859649122807015,24.5,56,0.4375,29,57,0.5087719298245614,32.0,56,0.5714285714285714,-0.6261691903128266,0.6497847764050353,0.023615586092208707
8477450,20252026,F,"CHI,EDM",64,61,50274,30,61,0.4918032786885246,25.5,61,0.4180327868852459,32,61,0.5245901639344263,31.0,61,0.5081967213114754,-0.22802068033814304,0.31436267383236016,0.08634199349421712
8477451,20222023,F,MIN,59,58,46955,30,58,0.5172413793103449,31.5,58,0.5431034482758621,35,58,0.603448275862069,28.0,58,0.4827586206896552,0.603274090044621,-0.3431541990702245,0.2601198909743965
8477451,20232024,F,MIN,74,71,57891,31,71,0.43661971830985913,33.5,71,0.47183098591549294,32,71,0.4507042253521127,28.5,71,0.4014084507042254,0.0030966394797351526,-0.13545368845209316,-0.132357048972358
8477451,20242025,F,MIN,66,65,52295,28,65,0.4307692307692308,33.0,65,0.5076923076923077,30,65,0.46153846153846156,28.0,65,0.4307692307692308,0.05953913876725947,-0.1802156421042267,-0.12067650333696722
8477451,20252026,F,MIN,76,76,64581,41,76,0.5394736842105263,42.5,76,0.5592105263157895,44,76,0.5789473684210527,37.5,76,0.4934210526315789,0.6757396678448591,-0.24166923638282078,0.4340704314620383
8477454,20222023,F,DET,61,60,40442,18,60,0.3,23.0,60,0.38333333333333336,20,60,0.3333333333333333,24.5,60,0.4083333333333333,-0.5964386699697799,-0.11702882675097248,-0.7134674967207524
8477454,20252026,F,DAL,45,37,25259,17,37,0.4594594594594595,16.0,36,0.4444444444444444,14,37,0.3783783783783784,13.5,36,0.375,-0.29992369957083076,0.1754880246541637,-0.12443567491666707
8477456,20222023,F,COL,82,82,79257,45,82,0.5487804878048781,45.0,82,0.5487804878048781,42,82,0.5121951219512195,42.5,82,0.5182926829268293,-0.28958016963646305,0.30860644448422514,0.019026274847762092
8477456,20232024,F,DET,77,77,68113,31,77,0.4025974025974026,26.0,77,0.33766233766233766,30,77,0.38961038961038963,32.5,77,0.42207792207792205,-0.31384648981434826,0.28275979856806055,-0.031086691246287712
8477456,20242025,F,DET,72,72,59175,29,72,0.4027777777777778,29.0,71,0.4084507042253521,28,72,0.3888888888888889,28.0,71,0.39436619718309857,-0.481777943766732,0.05631236341499912,-0.4254655803517329
8477456,20252026,F,DET,82,80,63582,32,80,0.4,31.5,79,0.3987341772151899,35,80,0.4375,33.5,79,0.4240506329113924,-0.09413227563253512,-0.3316925448180532,-0.42582482045058834
8477460,20222023,F,ARI,21,19,12232,6,19,0.3157894736842105,6.5,19,0.34210526315789475,7,19,0.3684210526315789,7.0,19,0.3684210526315789,-0.36980955044399577,0.05407788744797859,-0.3157316629960172
8477462,20222023,D,DET,38,38,30531,14,38,0.3684210526315789,16.0,38,0.42105263157894735,20,38,0.5263157894736842,22.0,38,0.5789473684210527,0.19402766022083728,-0.19527294260226924,-0.0012452823814319558
8477473,20232024,F,SJS,59,46,35908,17,46,0.3695652173913043,24.0,46,0.5217391304347826,25,46,0.5434782608695652,32.0,46,0.6956521739130435,-0.13167283426281884,0.29497396686546073,0.1633011326026419
8477476,20222023,F,COL,64,63,62222,39,63,0.6190476190476191,32.5,63,0.5158730158730159,32,63,0.5079365079365079,34.5,63,0.5476190476190477,0.13849227392936392,-0.001813303025747448,0.13667897090361647
8477476,20232024,F,COL,45,45,37587,29,45,0.6444444444444445,28.5,45,0.6333333333333333,29,45,0.6444444444444445,26.5,45,0.5888888888888889,0.2892683705004093,0.4153792923006445,0.7046476628010538
8477476,20242025,F,COL,66,66,67399,43,66,0.6515151515151515,42.5,66,0.6439393939393939,38,66,0.5757575757575758,40.0,66,0.6060606060606061,0.728657838268326,-0.0923142157906498,0.6363436224776762
8477476,20252026,F,COL,69,68,61172,50,68,0.7352941176470589,46.0,68,0.6764705882352942,39,68,0.5735294117647058,40.5,68,0.5955882352941176,0.4779574182993951,-0.1899685454221096,0.2879888728772855
8477478,20222023,F,VGK,56,54,37950,27,54,0.5,32.5,53,0.6132075471698113,27,54,0.5,31.5,53,0.5943396226415094,0.20486319000860265,-0.02258459354288389,0.18227859646571876
8477478,20232024,F,VGK,39,36,23889,24,36,0.6666666666666666,25.0,35,0.7142857142857143,25,36,0.6944444444444444,23.5,35,0.6714285714285714,0.800206882360325,0.37579385612366556,1.1760007384839906
8477478,20242025,F,CAR,41,38,25982,19,38,0.5,19.5,36,0.5416666666666666,18,38,0.47368421052631576,20.0,36,0.5555555555555556,0.02778558805884357,-0.037219255524837624,-0.009433667465994056
8477478,20252026,F,CAR,70,62,42426,41,62,0.6612903225806451,39.5,62,0.6370967741935484,33,62,0.532258064516129,33.0,62,0.532258064516129,-0.16929989123392586,0.3594569344996703,0.19015704326574445
8477479,20222023,F,"BOS,DET",50,49,39814,26,49,0.5306122448979592,23.0,48,0.4791666666666667,27,49,0.5510204081632653,25.0,48,0.5208333333333334,0.46226009054977624,-0.1986014030847798,0.26365868746499643
8477479,20232024,F,TOR,80,80,66553,53,80,0.6625,48.5,80,0.60625,49,80,0.6125,43.5,80,0.54375,0.8290697877099729,-0.15238433297641452,0.6766854547335583
8477479,20242025,F,CHI,78,77,66680,21,77,0.2727272727272727,26.5,76,0.34868421052631576,28,77,0.36363636363636365,35.0,76,0.4605263157894737,-0.31900830261085544,-0.11355578257197729,-0.43256408518283274
8477479,20252026,F,CHI,79,79,74088,33,79,0.4177215189873418,27.5,78,0.3525641025641026,45,79,0.569620253164557,44.0,78,0.5641025641025641,0.3684460813855921,-0.11193302711372555,0.25651305427186655
8477482,20222023,F,NSH,16,15,11306,10,15,0.6666666666666666,6.5,15,0.43333333333333335,8,15,0.5333333333333333,7.5,15,0.5,0.07751718799136897,0.3219744960233455,0.39949168401471447
8477482,20232024,F,"ARI,CHI",29,24,17213,11,24,0.4583333333333333,11.0,24,0.4583333333333333,18,24,0.75,16.5,24,0.6875,0.4397221569660048,0.2715550212358453,0.7112771782018501
8477488,20222023,D,CAR,82,82,88846,54,82,0.6585365853658537,50.0,82,0.6097560975609756,33,82,0.4024390243902439,36.0,82,0.43902439024390244,-0.1578052598404205,-0.2994806610233778,-0.45728592086379827
8477488,20232024,D,CAR,70,70,72392,41,70,0.5857142857142857,39.5,70,0.5642857142857143,26,70,0.37142857142857144,36.5,70,0.5214285714285715,-0.14906773488194647,-0.14656223768847765,-0.2956299725704241
8477488,20242025,D,NJD,68,68,73649,39,68,0.5735294117647058,33.5,67,0.5,35,68,0.5147058823529411,34.0,67,0.5074626865671642,0.11353163133280963,-0.007882317260198501,0.10564931407261113
8477488,20252026,D,NJD,37,36,38758,19,36,0.5277777777777778,17.5,36,0.4861111111111111,18,36,0.5,14.5,36,0.4027777777777778,0.09109615005116245,0.00228197758054538,0.09337812763170783
8477492,20222023,F,COL,71,70,76515,47,70,0.6714285714285714,36.0,70,0.5142857142857142,44,70,0.6285714285714286,39.0,70,0.5571428571428572,0.653298104291486,-0.263515683911125,0.38978242038036104
8477492,20232024,F,COL,82,82,88326,57,82,0.6951219512195121,54.0,82,0.6585365853658537,57,82,0.6951219512195121,52.0,82,0.6341463414634146,0.8359688041380715,0.2237667576804907,1.0597355618185622
8477492,20242025,F,COL,78,78,87890,54,78,0.6923076923076923,49.0,78,0.6282051282051282,51,78,0.6538461538461539,49.0,78,0.6282051282051282,1.0770024679541308,-0.014911702747945288,1.0620907652061855
8477492,20252026,F,COL,80,80,85467,59,80,0.7375,54.0,80,0.675,52,80,0.65,45.0,80,0.5625,0.7287542439113062,-0.24478863656960215,0.483965607341704
8477493,20222023,F,FLA,68,65,64625,44,65,0.676923076923077,39.5,65,0.6076923076923076,34,65,0.5230769230769231,36.5,65,0.5615384615384615,-0.399911923495353,0.4768434347845396,0.07693151128918663
8477493,20232024,F,FLA,73,72,65202,49,72,0.6805555555555556,51.5,71,0.7253521126760564,45,72,0.625,48.0,71,0.676056338028169,0.1685923948896213,0.576256211100576,0.7448486059901973
8477493,20242025,F,FLA,64,64,61323,43,64,0.671875,37.0,63,0.5873015873015873,37,64,0.578125,33.5,63,0.5317460317460317,-0.06971188040774212,0.580480934622702,0.5107690542149599
8477494,20222023,F,MTL,58,55,44140,23,55,0.41818181818181815,25.0,55,0.45454545454545453,30,55,0.5454545454545454,27.0,55,0.4909090909090909,0.13721255385209918,0.01141451065646093,0.1486270645085601
8477494,20232024,F,COL,79,79,69696,54,79,0.6835443037974683,48.0,79,0.6075949367088608,48,79,0.6075949367088608,45.5,79,0.5759493670886076,0.26522058337994503,0.3491070319249796,0.6143276153049246
8477494,20242025,F,COL,43,42,39646,21,42,0.5,20.5,42,0.4880952380952381,20,42,0.47619047619047616,17.0,42,0.40476190476190477,0.2241607251981348,-0.4091120085364408,-0.18495128333830602
8477494,20252026,F,"NYI,STL",64,64,53744,28,64,0.4375,25.5,64,0.3984375,24,64,0.375,27.0,64,0.421875,-0.2720826522445363,0.03652695949162732,-0.235555692752909
8477495,20222023,D,CHI,72,72,85811,26,72,0.3611111111111111,28.5,72,0.3958333333333333,42,72,0.5833333333333334,40.5,72,0.5625,0.20923608512428027,0.4554606789705291,0.6646967640948094
8477495,20232024,D,CHI,67,67,83817,30,67,0.44776119402985076,29.0,67,0.43283582089552236,45,67,0.6716417910447762,35.5,67,0.5298507462686567,0.0572130181912085,0.6492718935639532,0.7064849117551617
8477495,20242025,D,"CHI,FLA",59,59,71841,22,59,0.3728813559322034,21.0,59,0.3559322033898305,28,59,0.4745762711864407,28.5,59,0.4830508474576271,-0.27924722617972186,-0.23641477075548556,-0.5156619969352074
8477495,20252026,D,FLA,52,51,56920,27,51,0.5294117647058824,22.5,51,0.4411764705882353,24,51,0.47058823529411764,25.5,51,0.5,-0.19597183291025067,0.320868433238489,0.12489660032823835
8477496,20222023,F,CGY,80,80,70294,44,80,0.55,43.0,80,0.5375,36,80,0.45,39.0,80,0.4875,-0.6211071378495956,0.40131822074545953,-0.21978891710413606
8477496,20232024,F,"CGY,VAN",75,75,68591,36,75,0.48,33.0,75,0.44,34,75,0.4533333333333333,35.0,75,0.4666666666666667,-0.5719496770725774,0.060907639982115125,-0.5110420370904623
8477496,20242025,F,BOS,78,77,66075,37,77,0.4805194805194805,36.0,77,0.4675324675324675,37,77,0.4805194805194805,42.0,77,0.5454545454545454,-0.07236167852333741,0.3984309400488457,0.3260692615255083
8477496,20252026,F,BOS,69,68,58655,26,68,0.38235294117647056,25.5,68,0.375,29,68,0.4264705882352941,29.0,68,0.4264705882352941,-0.1456352641109775,-0.2044034861628501,-0.3500387502738276
8477497,20222023,F,MTL,25,25,19721,9,25,0.36,11.5,25,0.46,12,25,0.48,14.5,25,0.58,0.1394242319096035,0.6456585554372882,0.7850827873468917
8477497,20232024,F,"MTL,WPG",83,82,70743,39,82,0.47560975609756095,38.5,82,0.4695121951219512,38,82,0.4634146341463415,39.5,82,0.4817073170731707,-0.04431060129822173,0.04821182463107743,0.0039012233328556967
8477497,20242025,F,CBJ,50,50,46058,28,50,0.56,32.0,50,0.64,33,50,0.66,32.5,50,0.65,0.5730078401497289,0.38830296527784647,0.9613108054275754
8477497,20252026,F,CBJ,78,78,64423,49,78,0.6282051282051282,45.0,78,0.5769230769230769,44,78,0.5641025641025641,44.0,78,0.5641025641025641,0.07001640856454738,0.024121114588675496,0.09413752315322288
8477498,20222023,D,EDM,82,82,93027,47,82,0.573170731707317,47.5,82,0.5792682926829268,44,82,0.5365853658536586,40.0,82,0.4878048780487805,-0.007667219144955162,-0.3062850028699855,-0.31395222201494066
8477498,20232024,D,EDM,81,81,86790,49,81,0.6049382716049383,49.5,81,0.6111111111111112,34,81,0.41975308641975306,36.0,81,0.4444444444444444,-0.275869248984677,-0.3519262059368051,-0.6277954549214821
8477498,20242025,D,EDM,72,71,81907,45,71,0.6338028169014085,43.5,71,0.6126760563380281,32,71,0.4507042253521127,32.0,71,0.4507042253521127,0.03123333621529678,0.01242695160902807,0.04366028782432485
8477498,20252026,D,EDM,81,81,88676,36,81,0.4444444444444444,39.0,80,0.4875,27,81,0.3333333333333333,32.5,80,0.40625,-0.20932888531728544,-0.3354879396184294,-0.5448168249357148
8477499,20222023,D,PHI,74,74,71611,33,74,0.44594594594594594,35.0,74,0.47297297297297297,40,74,0.5405405405405406,41.0,74,0.5540540540540541,-0.10491288303130553,0.41211350115256584,0.3072006181212603
8477499,20232024,D,PHI,31,31,27031,21,31,0.6774193548387096,21.5,31,0.6935483870967742,19,31,0.6129032258064516,20.0,31,0.6451612903225806,0.3985450556764012,0.20523730979322918,0.6037823654696304
8477499,20242025,D,PHI,63,63,64402,34,63,0.5396825396825397,35.5,63,0.5634920634920635,34,63,0.5396825396825397,30.0,63,0.47619047619047616,-0.14807062412237082,0.2586859735480478,0.11061534942567697
8477499,20252026,D,PHI,44,43,46755,25,43,0.5813953488372093,28.0,43,0.6511627906976745,25,43,0.5813953488372093,25.5,43,0.5930232558139535,0.04467580591411524,0.11702862224014465,0.1617044281542599
8477500,20222023,F,"NYI,VAN",79,79,78033,41,79,0.5189873417721519,39.0,79,0.4936708860759494,49,79,0.620253164556962,43.0,79,0.5443037974683544,-0.01961986313305264,0.1816544370908204,0.16203457395776777
8477500,20232024,F,NYI,81,81,78422,45,81,0.5555555555555556,46.0,81,0.5679012345679012,45,81,0.5555555555555556,47.0,81,0.5802469135802469,0.4114874285439547,0.07103640658331978,0.4825238351272745
8477500,20242025,F,NYI,77,77,76312,42,77,0.5454545454545454,44.0,77,0.5714285714285714,45,77,0.5844155844155844,46.0,77,0.5974025974025974,0.2982197936118678,0.0767814314533184,0.3750012250651862
8477500,20252026,F,NYI,68,67,64798,34,67,0.5074626865671642,29.5,67,0.44029850746268656,36,67,0.5373134328358209,33.5,67,0.5,0.05853418728416049,0.23501926724658206,0.29355345453074255
8477501,20222023,F,COL,53,53,50127,33,53,0.6226415094339622,31.5,53,0.5943396226415094,26,53,0.49056603773584906,26.0,53,0.49056603773584906,-0.18303177139527627,0.2254507664240526,0.04241899502877633
8477501,20232024,F,COL,54,54,52216,32,54,0.5925925925925926,28.0,54,0.5185185185185185,29,54,0.5370370370370371,29.0,54,0.5370370370370371,0.045386542632078086,0.11224991529225514,0.15763645792433323
8477501,20242025,F,COL,40,40,37202,22,40,0.55,19.0,40,0.475,19,40,0.475,15.0,40,0.375,0.05701495275549817,-0.24830581225033965,-0.19129085949484148
8477501,20252026,F,COL,71,71,59112,47,71,0.6619718309859155,46.5,71,0.6549295774647887,42,71,0.5915492957746479,43.5,71,0.6126760563380281,0.1632327112209162,0.08405864684105957,0.24729135806197577
8477503,20222023,F,"CHI,DAL",80,80,69893,30,80,0.375,31.0,79,0.3924050632911392,36,80,0.45,38.0,79,0.4810126582278481,0.11107390190075472,-0.6786907189549742,-0.5676168170542195
8477503,20232024,F,TOR,80,77,55963,41,77,0.5324675324675324,42.0,77,0.5454545454545454,36,77,0.4675324675324675,35.0,77,0.45454545454545453,0.36098684586364405,-0.3005016999181298,0.06048514594551424
8477503,20242025,F,TOR,70,68,50817,36,68,0.5294117647058824,32.5,67,0.48507462686567165,34,68,0.5,32.0,67,0.47761194029850745,0.043209891500997966,-0.18532809110634263,-0.14211819960534466
8477503,20252026,F,TOR,80,78,61743,28,78,0.358974358974359,31.0,77,0.4025974025974026,38,78,0.48717948717948717,37.5,77,0.487012987012987,0.15949031689110127,-0.4714291487492237,-0.31193883185812243
8477504,20222023,D,WPG,78,78,92598,47,78,0.6025641025641025,40.0,78,0.5128205128205128,36,78,0.46153846153846156,38.5,78,0.4935897435897436,0.2558539551862178,-0.17261291042743965,0.08324104475877814
8477504,20232024,D,WPG,81,80,100259,56,80,0.7,47.0,80,0.5875,49,80,0.6125,39.0,80,0.4875,0.5299658550849196,-0.03129152081534192,0.49867433426957763
8477504,20242025,D,WPG,78,78,96203,47,78,0.6025641025641025,45.5,78,0.5833333333333334,43,78,0.5512820512820513,44.5,78,0.5705128205128205,0.20581818204683122,0.038441940649217354,0.24426012269604858
8477504,20252026,D,WPG,76,76,95176,41,76,0.5394736842105263,39.5,76,0.5197368421052632,48,76,0.631578947368421,48.5,76,0.6381578947368421,0.1632017790090865,0.1555348601150519,0.3187366391241384
8477505,20222023,F,SEA,82,82,71859,37,82,0.45121951219512196,40.5,82,0.49390243902439024,39,82,0.47560975609756095,39.0,82,0.47560975609756095,-0.5213836980957169,0.30976281497065106,-0.21162088312506588
8477505,20232024,F,"NYR,SEA",79,79,66987,29,79,0.3670886075949367,28.0,79,0.35443037974683544,34,79,0.43037974683544306,23.0,79,0.2911392405063291,-0.3527894349944929,0.1527522308824416,-0.20003720411205128
8477505,20242025,F,SJS,73,73,64421,22,73,0.3013698630136986,29.0,72,0.4027777777777778,36,73,0.4931506849315068,35.5,72,0.4930555555555556,-0.39417009366683997,0.5996896323567191,0.20551953868987916
8477505,20252026,F,SJS,81,80,75604,32,80,0.4,35.0,80,0.4375,44,80,0.55,38.0,80,0.475,-0.5457505084200187,0.6623626059837702,0.11661209756375146
8477506,20222023,D,NYI,82,82,85482,34,82,0.4146341463414634,37.0,82,0.45121951219512196,37,82,0.45121951219512196,35.5,82,0.4329268292682927,-0.18756854421551017,-0.25350496896728947,-0.44107351318279964
8477506,20232024,D,NYI,58,58,65142,26,58,0.4482758620689655,30.5,58,0.5258620689655172,29,58,0.5,30.0,58,0.5172413793103449,0.10938591805754294,0.09654287162851949,0.20592878968606243
8477506,20242025,D,NYI,70,69,74904,26,69,0.37681159420289856,29.5,69,0.427536231884058,23,69,0.3333333333333333,24.5,69,0.35507246376811596,-0.4161602194999894,-0.13741853935067905,-0.5535787588506684
8477506,20252026,D,NYI,76,76,80189,29,76,0.3815789473684211,31.0,76,0.40789473684210525,36,76,0.47368421052631576,36.0,76,0.47368421052631576,-0.09622575934293165,-0.07425884777554037,-0.17048460711847202
8477507,20222023,D,CGY,82,82,76721,51,82,0.6219512195121951,44.5,82,0.5426829268292683,39,82,0.47560975609756095,35.0,82,0.4268292682926829,-0.008678286448651207,-0.10891592634114611,-0.11759421278979731
8477507,20232024,D,"CGY,VAN",75,73,67730,39,73,0.5342465753424658,38.0,73,0.5205479452054794,32,73,0.4383561643835616,36.0,73,0.4931506849315068,-0.08978819505801328,-0.0604250730720457,-0.15021326813005897
8477507,20242025,D,BOS,77,77,82714,34,77,0.44155844155844154,37.0,77,0.4805194805194805,41,77,0.5324675324675324,42.0,77,0.5454545454545454,0.08786073529697891,0.09526912203850157,0.18312985733548048
8477507,20252026,D,BOS,81,81,85079,35,81,0.43209876543209874,29.5,81,0.36419753086419754,33,81,0.4074074074074074,32.0,81,0.3950617283950617,-0.06864701413297203,-0.1528855814094836,-0.22153259554245563
8477508,20222023,F,"NJD,VAN",49,43,29895,15,43,0.3488372093023256,18.5,43,0.43023255813953487,18,43,0.4186046511627907,17.0,43,0.3953488372093023,-0.43941854999551033,-0.4327646914930634,-0.8721832414885737
8477508,20232024,F,NJD,71,62,46210,32,62,0.5161290322580645,31.0,62,0.5,30,62,0.4838709677419355,32.0,62,0.5161290322580645,-0.35828011750106725,0.2306202344299284,-0.12765988307113885
8477508,20242025,F,NJD,47,34,25128,10,34,0.29411764705882354,13.0,33,0.3939393939393939,11,34,0.3235294117647059,12.0,33,0.36363636363636365,-0.7905499560050098,-0.08016883593027391,-0.8707187919352837
8477508,20252026,F,EDM,44,26,21668,14,26,0.5384615384615384,15.5,26,0.5961538461538461,9,26,0.34615384615384615,14.5,26,0.5576923076923077,-0.5534026050391239,0.05141087213315032,-0.5019917329059735
8477511,20222023,F,WSH,67,66,50239,39,66,0.5909090909090909,36.5,66,0.553030303030303,42,66,0.6363636363636364,37.5,66,0.5681818181818182,0.31271833227552825,0.24905532601973013,0.5617736582952584
8477511,20232024,F,"VGK,WSH",74,73,54880,42,73,0.5753424657534246,41.0,72,0.5694444444444444,48,73,0.6575342465753424,43.0,72,0.5972222222222222,0.27154133909308165,0.20486394188075963,0.47640528097384127
8477511,20252026,F,PIT,81,79,62069,35,79,0.4430379746835443,35.0,78,0.44871794871794873,38,79,0.4810126582278481,35.5,78,0.4551282051282051,-0.0022425666392225097,-0.2500509739695418,-0.2522935406087643
8477527,20232024,F,ANA,68,34,31594,7,34,0.20588235294117646,10.0,32,0.3125,11,34,0.3235294117647059,13.0,32,0.40625,-0.7962558421209929,0.10717501840687582,-0.689080823714117
8477527,20242025,F,ANA,43,24,21603,9,24,0.375,7.5,23,0.32608695652173914,8,24,0.3333333333333333,10.0,23,0.43478260869565216,-0.8525374153253846,0.28925545061739255,-0.5632819647079921
8477527,20252026,F,ANA,62,49,34395,20,49,0.40816326530612246,18.5,47,0.39361702127659576,20,49,0.40816326530612246,18.5,47,0.39361702127659576,-0.7583544783619343,0.049536746509493135,-0.7088177318524411
8477541,20232024,D,MIN,47,44,35113,22,44,0.5,23.0,44,0.5227272727272727,21,44,0.4772727272727273,26.0,44,0.5909090909090909,-0.08868048544954599,-0.16926020340246062,-0.2579406888520066
8477573,20222023,F,STL,56,42,30833,14,42,0.3333333333333333,16.0,42,0.38095238095238093,16,42,0.38095238095238093,18.5,42,0.44047619047619047,-0.6065223640316832,-0.10120985644448544,-0.7077322204761687
8477573,20232024,F,STL,45,32,25832,12,32,0.375,13.0,31,0.41935483870967744,15,32,0.46875,15.5,31,0.5,-0.613174737925783,0.17029837370152512,-0.4428763642242579
8477573,20242025,F,STL,71,68,46692,28,68,0.4117647058823529,28.0,66,0.42424242424242425,25,68,0.36764705882352944,27.5,66,0.4166666666666667,-0.720802922348524,0.32710259069458636,-0.3937003316539376
8477573,20252026,F,STL,45,42,28211,17,42,0.40476190476190477,20.5,41,0.5,20,42,0.47619047619047616,20.5,41,0.5,-0.3224826375451526,0.025891547275134652,-0.29659109027001795
8477810,20222023,D,DAL,26,21,17197,12,21,0.5714285714285714,13.0,21,0.6190476190476191,10,21,0.47619047619047616,9.0,21,0.42857142857142855,-0.39093815130419207,0.5609194414915812,0.16998129018738917
8477810,20232024,D,"CGY,DAL",42,40,32416,21,40,0.525,23.5,40,0.5875,25,40,0.625,24.5,40,0.6125,-0.2649291268096827,0.2672643804510817,0.002335253641398971
8477810,20242025,D,CGY,50,50,48646,22,50,0.44,24.5,50,0.49,30,50,0.6,23.0,50,0.46,-0.10823720750397703,0.3275379888761689,0.2193007813721919
8477810,20252026,D,CGY,68,66,53161,34,66,0.5151515151515151,30.5,66,0.4621212121212121,38,66,0.5757575757575758,32.0,66,0.48484848484848486,0.11884931217019279,0.3891925298067389,0.5080418419769317
8477839,20222023,F,WSH,82,80,62823,39,80,0.4875,42.0,80,0.525,43,80,0.5375,43.0,80,0.5375,0.43268172291111595,-0.3360800302518463,0.09660169265926966
8477839,20232024,F,TBL,57,51,34316,26,51,0.5098039215686274,24.5,49,0.5,20,51,0.39215686274509803,22.5,49,0.45918367346938777,-0.44177955531463664,-0.07151255955138902,-0.5132921148660257
8477839,20252026,F,NYR,62,59,45553,26,59,0.4406779661016949,27.0,58,0.46551724137931033,27,59,0.4576271186440678,20.0,58,0.3448275862068966,0.3514184944913663,-0.07534407813832145,0.27607441635304486
8477845,20222023,D,WSH,75,75,72374,41,75,0.5466666666666666,41.0,75,0.5466666666666666,42,75,0.56,48.5,75,0.6466666666666666,0.15981810026935594,0.13055937952307817,0.2903774797924341
8477845,20232024,D,WSH,70,69,66928,38,69,0.5507246376811594,39.5,69,0.572463768115942,43,69,0.6231884057971014,42.5,69,0.6159420289855072,0.1913149760644326,0.1656150383204582,0.3569300143848908
8477845,20242025,D,WSH,79,79,72486,41,79,0.5189873417721519,43.5,79,0.5506329113924051,35,79,0.4430379746835443,42.5,79,0.5379746835443038,-0.05401981665501232,0.04423292499245912,-0.009786891662553199
8477845,20252026,D,WSH,68,66,56337,34,66,0.5151515151515151,35.5,66,0.5378787878787878,34,66,0.5151515151515151,32.0,66,0.48484848484848486,0.18694643740222938,0.1233473843116899,0.3102938217139193
8477846,20222023,F,NYR,22,11,10241,4,11,0.36363636363636365,3.5,11,0.3181818181818182,3,11,0.2727272727272727,3.0,11,0.2727272727272727,-0.5956796488999867,-0.22760124942173698,-0.8232808983217237
8477846,20232024,F,SJS,62,52,35691,22,52,0.4230769230769231,27.0,51,0.5294117647058824,32,52,0.6153846153846154,35.0,51,0.6862745098039216,0.020509398479743313,0.47043030055638413,0.49093969903612744
8477851,20222023,D,DET,52,52,45013,16,52,0.3076923076923077,20.5,52,0.3942307692307692,24,52,0.46153846153846156,25.5,52,0.49038461538461536,0.026953349642345525,-0.2641702979441005,-0.237216948301755
8477851,20232024,D,CGY,22,21,16274,10,21,0.47619047619047616,10.0,21,0.47619047619047616,12,21,0.5714285714285714,10.0,21,0.47619047619047616,-0.22313229586315275,-0.45346772452428086,-0.6766000203874336
8477851,20242025,D,"BOS,NSH",33,33,30282,16,33,0.48484848484848486,13.0,33,0.3939393939393939,19,33,0.5757575757575758,11.0,33,0.3333333333333333,0.12082166250857451,-0.14428275650156097,-0.02346109399298646
8477887,20222023,F,"OTT,PHI",61,45,35454,19,45,0.4222222222222222,20.0,44,0.45454545454545453,18,45,0.4,21.0,44,0.4772727272727273,-0.51947343770538,0.228850075040127,-0.290623362665253
8477903,20222023,F,"BOS,WSH",84,75,51351,38,75,0.5066666666666667,42.5,75,0.5666666666666667,39,75,0.52,43.0,75,0.5733333333333334,-0.2518331546833612,0.18347225548210755,-0.06836089920125366
8477903,20232024,F,PHI,82,65,52169,41,65,0.6307692307692307,41.0,65,0.6307692307692307,36,65,0.5538461538461539,36.5,65,0.5615384615384615,-0.1593952078786267,0.4662868956299342,0.3068916877513075
8477903,20242025,F,PHI,64,57,39289,27,57,0.47368421052631576,31.0,57,0.543859649122807,25,57,0.43859649122807015,27.5,57,0.4824561403508772,-0.3795130659200292,0.351605154013954,-0.027907911906075222
8477903,20252026,F,PHI,66,48,34746,19,48,0.3958333333333333,22.5,46,0.4891304347826087,20,48,0.4166666666666667,21.0,46,0.45652173913043476,-0.6730464746650586,0.4069543448760742,-0.26609212978898444
8477919,20222023,F,MIN,82,80,62836,34,80,0.425,35.0,76,0.4605263157894737,34,80,0.425,35.5,76,0.46710526315789475,-0.24665865848335677,-0.04391331593053982,-0.2905719744138966
8477919,20232024,F,MIN,67,57,42982,21,57,0.3684210526315789,30.0,55,0.5454545454545454,22,57,0.38596491228070173,27.0,55,0.4909090909090909,-0.47520943760528955,-0.2076821124931647,-0.6828915500984543
8477919,20242025,F,MIN,79,79,60651,30,79,0.379746835443038,33.0,77,0.42857142857142855,36,79,0.45569620253164556,32.0,77,0.4155844155844156,-0.481565142891482,-0.020901602985067047,-0.502466745876549
8477919,20252026,F,SEA,67,66,54551,27,66,0.4090909090909091,21.0,65,0.3230769230769231,35,66,0.5303030303030303,28.5,65,0.43846153846153846,-0.3821957801492448,-0.0971573005124009,-0.4793530806616457
8477930,20222023,F,TBL,73,53,39872,20,53,0.37735849056603776,20.0,51,0.39215686274509803,17,53,0.32075471698113206,14.5,51,0.28431372549019607,-1.0378192710714644,0.26629540772474725,-0.7715238633467172
8477930,20232024,F,SEA,40,20,19365,12,20,0.6,11.0,20,0.55,12,20,0.6,10.0,20,0.5,-0.13399657594522107,0.5839383973544112,0.44994182140919015
8477931,20222023,F,BOS,66,59,40509,29,59,0.4915254237288136,28.0,58,0.4827586206896552,22,59,0.3728813559322034,24.0,58,0.41379310344827586,-0.8668255030403831,0.13870209185578508,-0.728123411184598
8477931,20232024,F,NJD,36,22,21451,9,22,0.4090909090909091,11.5,22,0.5227272727272727,11,22,0.5,14.0,22,0.6363636363636364,-0.7204708145937542,-0.4062525637747405,-1.1267233783684947
8477931,20242025,F,FLA,56,26,27310,20,26,0.7692307692307693,16.0,26,0.6153846153846154,16,26,0.6153846153846154,14.5,26,0.5576923076923077,0.1463661827953091,0.09570384965911005,0.24207003245441916
8477931,20252026,F,FLA,21,19,15160,7,19,0.3684210526315789,6.5,19,0.34210526315789475,8,19,0.42105263157894735,6.0,19,0.3157894736842105,-0.7063488835784772,-0.6452463980852392,-1.3515952816637165
8477932,20222023,D,FLA,71,69,76945,40,69,0.5797101449275363,39.5,69,0.572463768115942,35,69,0.5072463768115942,33.0,69,0.4782608695652174,-0.2588504200840158,0.06538735897939807,-0.19346306110461775
8477932,20232024,D,FLA,51,49,49132,31,49,0.6326530612244898,26.5,49,0.5408163265306123,25,49,0.5102040816326531,21.5,49,0.4387755102040816,0.25482994274317594,0.04336144377636719,0.29819138651954313
8477932,20242025,D,FLA,56,56,63577,32,56,0.5714285714285714,31.0,56,0.5535714285714286,25,56,0.44642857142857145,23.5,56,0.41964285714285715,-0.09820486568027853,-0.04257997216439913,-0.14078483784467766
8477932,20252026,D,FLA,72,72,75961,37,72,0.5138888888888888,32.5,72,0.4513888888888889,33,72,0.4583333333333333,38.0,72,0.5277777777777778,0.009051323588373794,-0.006860156304663523,0.0021911672837102714
8477933,20222023,F,FLA,82,81,74107,52,81,0.6419753086419753,51.0,81,0.6296296296296297,43,81,0.5308641975308642,45.5,81,0.5617283950617284,-0.7485358745686641,0.7844376429492814,0.035901768380617316
8477933,20232024,F,FLA,82,82,75114,51,82,0.6219512195121951,56.0,81,0.691358024691358,49,82,0.5975609756097561,49.0,81,0.6049382716049383,-0.17092240245383472,0.6335820519352877,0.462659649481453
8477933,20242025,F,FLA,76,75,73906,46,75,0.6133333333333333,41.5,75,0.5533333333333333,49,75,0.6533333333333333,43.5,75,0.58,-0.34242746394013324,0.6959625025344731,0.3535350385943399
8477933,20252026,F,FLA,64,64,61258,33,64,0.515625,33.5,64,0.5234375,31,64,0.484375,35.0,64,0.546875,-0.5914750795962673,0.5727531626251192,-0.01872191697114811
8477934,20222023,F,EDM,80,80,81790,47,80,0.5875,45.5,80,0.56875,40,80,0.5,39.0,80,0.4875,0.1676818273860814,-0.13566498653180625,0.03201684085427514
8477934,20232024,F,EDM,81,81,80081,53,81,0.654320987654321,59.0,81,0.7283950617283951,46,81,0.5679012345679012,49.5,81,0.6111111111111112,0.30644857936826186,-0.15287668659243936,0.1535718927758225
8477934,20242025,F,EDM,71,71,76535,56,71,0.7887323943661971,54.0,71,0.7605633802816901,52,71,0.7323943661971831,49.0,71,0.6901408450704225,0.8941099890025841,0.16778310134415353,1.0618930903467376
8477934,20252026,F,EDM,65,64,66076,39,64,0.609375,37.0,64,0.578125,43,64,0.671875,35.0,64,0.546875,0.45098909790578867,0.07627665966761521,0.5272657575734039
8477935,20222023,F,FLA,63,60,49475,41,60,0.6833333333333333,37.0,60,0.6166666666666667,36,60,0.6,33.0,60,0.55,0.8321808142376748,-0.197590321285678,0.6345904929519968
8477935,20232024,F,FLA,69,68,53640,40,68,0.5882352941176471,45.0,68,0.6617647058823529,36,68,0.5294117647058824,40.0,68,0.5882352941176471,0.8608320047117375,-0.42143378406015986,0.43939822065157763
8477935,20242025,F,FLA,75,75,63851,46,75,0.6133333333333333,43.5,75,0.58,34,75,0.4533333333333333,37.5,75,0.5,0.4002000550299676,-0.5155324119462081,-0.11533235691624055
8477935,20252026,F,FLA,76,75,63946,42,75,0.56,33.0,75,0.44,43,75,0.5733333333333334,37.5,75,0.5,0.38553996382686107,-0.25357822673195596,0.1319617370949051
8477938,20222023,D,TBL,29,26,19166,7,26,0.2692307692307692,12.0,26,0.46153846153846156,8,26,0.3076923076923077,8.5,26,0.3269230769230769,-0.6264413505538675,0.16558539490959667,-0.46085595564427084
8477938,20232024,D,TBL,24,23,20573,8,23,0.34782608695652173,9.5,23,0.41304347826086957,11,23,0.4782608695652174,10.0,23,0.43478260869565216,-0.2705560840937391,-0.14095078641514824,-0.41150687050888735
8477938,20242025,D,WPG,38,38,31339,17,38,0.4473684210526316,15.5,37,0.4189189189189189,19,38,0.5,16.0,37,0.43243243243243246,-0.340878490716507,-0.42777651039810305,-0.76865500111461
8477938,20252026,D,WPG,37,34,26176,9,34,0.2647058823529412,11.0,34,0.3235294117647059,11,34,0.3235294117647059,12.5,34,0.36764705882352944,-0.41570052978172467,-0.5429995783845172,-0.9587001081662418
8477939,20222023,F,TOR,82,82,71690,55,82,0.6707317073170732,52.0,82,0.6341463414634146,46,82,0.5609756097560976,48.0,82,0.5853658536585366,0.6549801091764422,-0.06001143349013649,0.5949686756863057
8477939,20232024,F,TOR,82,82,77042,44,82,0.5365853658536586,42.0,82,0.5121951219512195,43,82,0.524390243902439,43.0,82,0.524390243902439,0.034551129748506604,0.06831439711418641,0.10286552686269301
8477939,20242025,F,TOR,78,78,74723,38,78,0.48717948717948717,41.0,78,0.5256410256410257,42,78,0.5384615384615384,37.5,78,0.4807692307692308,0.3747585166646603,-0.28898050456110136,0.08577801210355895
8477939,20252026,F,TOR,65,63,61655,28,63,0.4444444444444444,30.5,63,0.48412698412698413,39,63,0.6190476190476191,38.0,63,0.6031746031746031,0.37101304825754955,-0.16316833939464326,0.2078447088629063
8477940,20222023,F,WPG,45,45,34577,30,45,0.6666666666666666,25.0,45,0.5555555555555556,27,45,0.6,24.5,45,0.5444444444444444,0.6309996205772133,-0.08952509449247303,0.5414745260847402
8477940,20232024,F,WPG,82,82,66224,56,82,0.6829268292682927,48.5,82,0.5914634146341463,51,82,0.6219512195121951,48.5,82,0.5914634146341463,0.5657731693657531,-0.024749387607711615,0.5410237817580414
8477940,20242025,F,WPG,67,66,54192,42,66,0.6363636363636364,38.0,66,0.5757575757575758,36,66,0.5454545454545454,34.5,66,0.5227272727272727,0.17151639100691218,0.18489750514074843,0.3564138961476606
8477940,20252026,F,CAR,82,82,66027,50,82,0.6097560975609756,49.5,82,0.6036585365853658,42,82,0.5121951219512195,41.0,82,0.5,-0.14457444837740008,0.14485360986378204,0.0002791614863819625
8477941,20222023,F,"ARI,CGY",74,73,50824,33,73,0.4520547945205479,35.0,73,0.4794520547945205,38,73,0.5205479452054794,40.0,73,0.547945205479452,-0.08630869633518978,-0.5349351559214757,-0.6212438522566655
8477942,20222023,F,LAK,69,68,58963,43,68,0.6323529411764706,35.0,68,0.5147058823529411,34,68,0.5,32.0,68,0.47058823529411764,0.46481734808324715,-0.13489794462057603,0.3299194034626711
8477942,20232024,F,LAK,82,82,73173,55,82,0.6707317073170732,48.5,82,0.5914634146341463,48,82,0.5853658536585366,49.0,82,0.5975609756097561,0.2118712205064952,0.4233511291505603,0.6352223496570555
8477942,20242025,F,LAK,78,78,72682,48,78,0.6153846153846154,48.0,77,0.6233766233766234,44,78,0.5641025641025641,43.0,77,0.5584415584415584,0.25431949531962905,0.13156735674899633,0.3858868520686254
8477942,20252026,F,LAK,56,56,51748,30,56,0.5357142857142857,28.5,56,0.5089285714285714,31,56,0.5535714285714286,26.5,56,0.4732142857142857,0.14558644035106827,0.21245452930515984,0.3580409696562281
8477944,20222023,F,"DET,STL",25,24,18247,8,24,0.3333333333333333,7.0,24,0.2916666666666667,11,24,0.4583333333333333,8.0,24,0.3333333333333333,0.4918745759613632,-0.8226925562414227,-0.3308179802800595
8477944,20232024,F,STL,21,18,12868,5,18,0.2777777777777778,3.5,18,0.19444444444444445,7,18,0.3888888888888889,6.0,18,0.3333333333333333,0.4658389911936722,-0.9232407702006502,-0.457401779006978
8477944,20242025,F,"NSH,WSH",35,28,19324,12,28,0.42857142857142855,9.0,27,0.3333333333333333,11,28,0.39285714285714285,7.0,27,0.25925925925925924,-0.1762543020635885,-0.6878822126740096,-0.8641365147375981
8477946,20222023,F,DET,80,78,70833,35,78,0.44871794871794873,36.5,78,0.46794871794871795,48,78,0.6153846153846154,48.0,78,0.6153846153846154,0.1208973842485892,0.19284563786696474,0.31374302211555394
8477946,20232024,F,DET,68,67,63796,33,67,0.4925373134328358,29.0,67,0.43283582089552236,38,67,0.5671641791044776,34.0,67,0.5074626865671642,0.31513048923148723,0.19132303726464706,0.5064535264961343
8477946,20242025,F,DET,78,78,76770,41,78,0.5256410256410257,42.5,78,0.5448717948717948,47,78,0.6025641025641025,48.5,78,0.6217948717948718,-0.0024588731229830962,0.38565572295495887,0.38319684983197577
8477946,20252026,F,DET,74,74,70279,34,74,0.4594594594594595,28.5,74,0.38513513513513514,38,74,0.5135135135135135,35.5,74,0.4797297297297297,-0.1646775929429123,0.28379963969276956,0.11912204674985727
8477947,20222023,F,WSH,64,63,44759,31,63,0.49206349206349204,27.5,63,0.4365079365079365,38,63,0.6031746031746031,28.0,63,0.4444444444444444,0.2384199282285362,-0.13426886457708953,0.10415106365144666
8477947,20232024,F,WSH,49,45,32636,24,45,0.5333333333333333,25.0,45,0.5555555555555556,27,45,0.6,23.0,45,0.5111111111111111,0.3663954297925547,0.4094933833161942,0.7758888131087489
8477947,20252026,F,WSH,31,11,14039,7,11,0.6363636363636364,9.0,11,0.8181818181818182,6,11,0.5454545454545454,7.0,11,0.6363636363636364,0.5027945875394333,0.11994990277386375,0.622744490313297
8477948,20222023,D,PHI,81,81,82747,35,81,0.43209876543209874,29.5,81,0.36419753086419754,35,81,0.43209876543209874,38.5,81,0.47530864197530864,0.040900968373225766,-0.30752832824655263,-0.26662735987332686
8477948,20232024,D,PHI,81,81,92544,49,81,0.6049382716049383,45.5,81,0.5617283950617284,41,81,0.5061728395061729,42.5,81,0.5246913580246914,-0.020614349760162742,0.03603524817228587,0.01542089841212313
8477948,20242025,D,PHI,79,79,96246,52,79,0.6582278481012658,50.5,79,0.6392405063291139,45,79,0.569620253164557,46.5,79,0.5886075949367089,0.4041738921177638,-0.04844154356688657,0.3557323485508772
8477948,20252026,D,PHI,81,81,94111,44,81,0.5432098765432098,49.5,81,0.6111111111111112,38,81,0.4691358024691358,51.5,81,0.6358024691358025,0.09195911878912488,0.08036642909828551,0.1723255478874104
8477949,20222023,F,BUF,74,74,66592,37,74,0.5,37.5,74,0.5067567567567568,39,74,0.527027027027027,37.5,74,0.5067567567567568,0.30385890245949954,0.10585092770788629,0.4097098301673858
8477949,20232024,F,BUF,75,74,69949,36,74,0.4864864864864865,33.5,74,0.4527027027027027,39,74,0.527027027027027,38.0,74,0.5135135135135135,0.0510307445083491,0.07301268756351842,0.12404343207186752
8477949,20242025,F,BUF,78,78,69577,36,78,0.46153846153846156,38.0,78,0.48717948717948717,42,78,0.5384615384615384,40.0,78,0.5128205128205128,-0.12302276462602135,0.4185206539186592,0.29549788929263787
8477949,20252026,F,BUF,79,79,69264,41,79,0.5189873417721519,42.0,78,0.5384615384615384,41,79,0.5189873417721519,43.5,78,0.5576923076923077,0.1519639096758474,0.09737805778809205,0.24934196746393944
8477950,20222023,D,PHI,70,69,76356,27,69,0.391304347826087,26.0,69,0.37681159420289856,35,69,0.5072463768115942,29.0,69,0.42028985507246375,0.19800447304122892,-0.48054743462675775,-0.28254296158552883
8477950,20232024,D,CAR,31,24,21280,13,24,0.5416666666666666,13.5,24,0.5625,9,24,0.375,9.0,24,0.375,-0.36961671173786126,-0.6475672443982821,-1.0171839561361433
8477950,20242025,D,NYI,31,31,36737,13,31,0.41935483870967744,15.5,31,0.5,14,31,0.45161290322580644,11.5,31,0.3709677419354839,0.2991710361224924,-0.43749304072968664,-0.13832200460719424
8477950,20252026,D,NYI,76,75,75213,33,75,0.44,31.5,75,0.42,37,75,0.49333333333333335,33.5,75,0.44666666666666666,0.32033828717188717,-0.29681536243732465,0.023522924734562523
8477951,20222023,F,ARI,63,61,58920,29,61,0.47540983606557374,29.5,61,0.48360655737704916,40,61,0.6557377049180327,39.0,61,0.639344262295082,0.5423782628192786,0.14609338889384604,0.6884716517131246
8477951,20232024,F,ARI,79,78,73593,31,78,0.3974358974358974,38.5,78,0.4935897435897436,43,78,0.5512820512820513,40.0,78,0.5128205128205128,-0.13521632203229972,0.1903804271813878,0.055164105149088094
8477951,20242025,F,UTA,78,78,71178,44,78,0.5641025641025641,42.5,78,0.5448717948717948,42,78,0.5384615384615384,38.0,78,0.48717948717948717,0.28183731111044974,-0.06048819630646296,0.22134911480398678
8477951,20252026,F,UTA,81,81,75905,52,81,0.6419753086419753,49.5,79,0.6265822784810127,47,81,0.5802469135802469,46.5,79,0.5886075949367089,-0.06860002731879966,0.4191431044619094,0.3505430771431097
8477952,20222023,F,DET,28,27,22111,7,27,0.25925925925925924,7.5,27,0.2777777777777778,9,27,0.3333333333333333,9.0,27,0.3333333333333333,-0.4852574263850089,0.006071825082482718,-0.4791856013025262
8477952,20232024,F,DET,68,56,44250,18,56,0.32142857142857145,20.0,55,0.36363636363636365,18,56,0.32142857142857145,23.5,55,0.42727272727272725,-0.03360287907515591,-0.2347400567787088,-0.2683429358538647
8477952,20242025,F,ANA,44,43,36288,12,43,0.27906976744186046,11.5,43,0.26744186046511625,20,43,0.46511627906976744,16.0,43,0.37209302325581395,0.0681534868788436,-0.8143527126488022,-0.7461992257699586
8477952,20252026,F,"MIN,STL",21,20,13385,10,20,0.5,10.5,20,0.525,8,20,0.4,11.5,20,0.575,-0.1800606110811267,-0.25708028095671587,-0.43714089203784257
8477953,20222023,F,"PIT,STL",66,59,45076,21,59,0.3559322033898305,21.0,59,0.3559322033898305,21,59,0.3559322033898305,19.0,59,0.3220338983050847,-0.27079134616366574,-0.363145902308458,-0.6339372484721237
8477953,20232024,F,STL,73,72,53394,29,72,0.4027777777777778,28.0,71,0.39436619718309857,32,72,0.4444444444444444,33.0,71,0.4647887323943662,-0.05446199208666069,0.035428807023508035,-0.019033185063152658
8477953,20242025,F,"EDM,STL",63,57,40473,28,57,0.49122807017543857,24.0,56,0.42857142857142855,22,57,0.38596491228070173,18.0,56,0.32142857142857145,-0.17763565149647453,-0.28831304606223096,-0.4659486975587055
8477953,20252026,F,EDM,40,38,30482,17,38,0.4473684210526316,15.5,38,0.40789473684210525,12,38,0.3157894736842105,13.0,38,0.34210526315789475,-0.3833176083947092,0.11036784564279278,-0.2729497627519164
8477955,20222023,F,SEA,79,77,61982,45,77,0.5844155844155844,42.0,76,0.5526315789473685,41,77,0.5324675324675324,40.0,76,0.5263157894736842,0.07938596975374423,0.23490652772476306,0.3142924974785073
8477955,20232024,F,SEA,80,78,62755,39,78,0.5,36.0,77,0.4675324675324675,42,78,0.5384615384615384,34.0,77,0.44155844155844154,-0.07366534837614847,0.16029637270682828,0.08663102433067982
8477955,20242025,F,SEA,79,79,64662,37,79,0.46835443037974683,33.5,79,0.4240506329113924,43,79,0.5443037974683544,38.0,79,0.4810126582278481,-0.08149781080899077,0.35726976137887867,0.2757719505698879
8477955,20252026,F,SEA,52,52,41360,28,52,0.5384615384615384,27.0,52,0.5192307692307693,30,52,0.5769230769230769,29.5,52,0.5673076923076923,0.36875755267592636,0.12822714461263063,0.496984697288557
8477956,20222023,F,BOS,82,82,75393,58,82,0.7073170731707317,48.0,82,0.5853658536585366,45,82,0.5487804878048781,41.0,82,0.5,0.14740595445752547,-0.14645479194692923,0.0009511625105962374
8477956,20232024,F,BOS,82,82,77256,43,82,0.524390243902439,39.0,81,0.48148148148148145,43,82,0.524390243902439,38.5,81,0.47530864197530864,0.48754191114354795,-0.10743274612643328,0.38010916501711467
8477956,20242025,F,BOS,78,77,76919,41,77,0.5324675324675324,39.0,77,0.5064935064935064,49,77,0.6363636363636364,42.5,77,0.551948051948052,0.6253475025914927,0.006459079779599808,0.6318065823710926
8477956,20252026,F,BOS,77,77,75603,38,77,0.4935064935064935,34.5,77,0.44805194805194803,41,77,0.5324675324675324,37.5,77,0.487012987012987,0.09715188293335153,-0.11488459360285486,-0.017732710669503327
8477960,20222023,F,LAK,82,82,71847,47,82,0.573170731707317,49.5,82,0.6036585365853658,41,82,0.5,45.5,82,0.5548780487804879,-0.0700716623877522,0.1748962267890728,0.1048245644013206
8477960,20232024,F,LAK,77,77,68725,39,77,0.5064935064935064,39.0,77,0.5064935064935064,39,77,0.5064935064935064,33.5,77,0.43506493506493504,-0.6086468679439552,0.22663250455676542,-0.38201436338718975
8477960,20242025,F,LAK,78,78,72813,38,78,0.48717948717948717,43.5,76,0.5723684210526315,31,78,0.3974358974358974,33.5,76,0.4407894736842105,-0.3114424818612709,-0.10590610147518387,-0.41734858333645475
8477960,20252026,F,LAK,80,80,73549,33,80,0.4125,33.0,80,0.4125,32,80,0.4,30.5,80,0.38125,-0.18770154324084443,-0.17078881828652115,-0.3584903615273656
8477962,20222023,F,"LAK,PHI",45,26,24870,15,26,0.5769230769230769,12.5,26,0.4807692307692308,9,26,0.34615384615384615,9.5,26,0.36538461538461536,-0.11771440220982354,-0.054992394147288515,-0.17270679635711206
8477962,20232024,F,CAR,32,14,14653,8,14,0.5714285714285714,8.0,14,0.5714285714285714,5,14,0.35714285714285715,6.0,14,0.42857142857142855,-0.48586996783322745,-0.6085316698377827,-1.0944016376710102
8477964,20222023,F,"STL,VGK",82,82,68706,40,82,0.4878048780487805,41.0,82,0.5,45,82,0.5487804878048781,49.0,82,0.5975609756097561,0.2402135816449995,-0.37598170211299387,-0.13576812046799436
8477964,20232024,F,VGK,82,82,69121,46,82,0.5609756097560976,39.0,82,0.47560975609756095,39,82,0.47560975609756095,37.5,82,0.4573170731707317,0.4564370699702285,-0.4666152890152113,-0.01017821904498284
8477964,20242025,F,VGK,67,66,61803,38,66,0.5757575757575758,39.0,66,0.5909090909090909,37,66,0.5606060606060606,38.0,66,0.5757575757575758,0.4885585494753095,-0.2887280948158706,0.19983045465943894
8477964,20252026,F,VGK,82,82,71608,52,82,0.6341463414634146,53.0,82,0.6463414634146342,47,82,0.573170731707317,51.5,82,0.6280487804878049,0.7753779770168556,-0.35641966273902037,0.41895831427783525
8477969,20222023,D,PIT,68,68,71675,46,68,0.6764705882352942,39.0,68,0.5735294117647058,40,68,0.5882352941176471,36.0,68,0.5294117647058824,0.637734217887747,-0.2241582853255637,0.4135759325621833
8477969,20232024,D,PIT,82,82,94649,49,82,0.5975609756097561,46.5,82,0.5670731707317073,45,82,0.5487804878048781,43.5,82,0.5304878048780488,0.30009039138111726,-0.03828241756869222,0.26180797381242504
8477969,20242025,D,"PIT,VAN",74,73,82018,39,73,0.5342465753424658,41.0,73,0.5616438356164384,37,73,0.5068493150684932,38.0,73,0.5205479452054794,0.6376885606375344,-0.17898400464017028,0.45870455599736415
8477969,20252026,D,VAN,81,81,89364,30,81,0.37037037037037035,31.0,80,0.3875,44,81,0.5432098765432098,41.5,80,0.51875,-0.3150461660167083,0.3259749708465849,0.01092880482987657
8477971,20222023,D,"CHI,COL",47,42,30731,20,42,0.47619047619047616,17.0,42,0.40476190476190477,18,42,0.42857142857142855,21.5,42,0.5119047619047619,-0.22077664251517914,0.40543679671490374,0.1846601541997246
8477971,20232024,D,LAK,82,82,58144,38,82,0.4634146341463415,35.0,80,0.4375,33,82,0.4024390243902439,26.5,80,0.33125,-0.1504618745686952,-0.21696749500480017,-0.36742936957349537
8477971,20242025,D,"LAK,NSH",32,29,22907,14,29,0.4827586206896552,15.0,29,0.5172413793103449,11,29,0.3793103448275862,14.5,29,0.5,-0.28496973469868525,0.09519612249430986,-0.18977361220437539
8477979,20222023,F,"TOR,WSH",53,47,33811,22,47,0.46808510638297873,22.5,47,0.4787234042553192,24,47,0.5106382978723404,25.0,47,0.5319148936170213,-0.19905888216275747,0.0588948915481593,-0.14016399061459817
8477979,20232024,F,WSH,60,55,40926,20,55,0.36363636363636365,20.5,55,0.37272727272727274,27,55,0.4909090909090909,24.0,55,0.43636363636363634,-0.40913424367329854,0.20172755657749875,-0.2074066870957998
8477979,20242025,F,"BUF,NYR",22,14,11558,9,14,0.6428571428571429,8.0,14,0.5714285714285714,8,14,0.5714285714285714,9.0,14,0.6428571428571429,-0.337957591039054,0.2239742828577862,-0.11398330818126778
8477986,20222023,D,FLA,80,80,90953,46,80,0.575,43.0,80,0.5375,39,80,0.4875,37.5,80,0.46875,0.0630362456271163,-0.1820284997961874,-0.11899225416907111
8477986,20232024,D,FLA,66,66,74233,42,66,0.6363636363636364,41.0,66,0.6212121212121212,28,66,0.42424242424242425,36.0,66,0.5454545454545454,-0.13415221042897274,-0.04490754714438072,-0.17905975757335346
8477986,20242025,D,SEA,78,77,92044,34,77,0.44155844155844154,35.0,77,0.45454545454545453,37,77,0.4805194805194805,35.0,77,0.45454545454545453,0.05933511810324532,-0.08814044549625777,-0.028805327393012448
8477986,20252026,D,SEA,63,63,71015,28,63,0.4444444444444444,28.0,63,0.4444444444444444,33,63,0.5238095238095238,34.5,63,0.5476190476190477,0.3120983992969233,-0.20641022814244447,0.10568817115447882
8477987,20222023,F,SEA,71,60,43011,30,60,0.5,34.0,60,0.5666666666666667,28,60,0.4666666666666667,28.0,60,0.4666666666666667,0.14773804533328372,-0.3483910082038282,-0.20065296287054446
8477987,20232024,F,CHI,78,76,55298,20,76,0.2631578947368421,26.0,76,0.34210526315789475,35,76,0.4605263157894737,32.5,76,0.4276315789473684,0.18406194291868228,-0.1510832257128687,0.03297871720581358
8477987,20242025,F,CHI,76,75,65079,28,75,0.37333333333333335,30.5,74,0.41216216216216217,35,75,0.4666666666666667,47.5,74,0.6418918918918919,0.23788111143401558,0.04736909317326621,0.2852502046072818
8477987,20252026,F,CHI,82,80,62659,32,80,0.4,31.0,80,0.3875,38,80,0.475,42.0,80,0.525,-0.01806800122463459,0.15155038720323422,0.13348238597859963
8477989,20222023,F,MTL,64,63,49780,16,63,0.25396825396825395,23.5,63,0.373015873015873,27,63,0.42857142857142855,29.5,63,0.46825396825396826,-0.25657412475788544,-0.06796032709642574,-0.3245344518543112
8477989,20232024,F,MTL,30,30,22856,9,30,0.3,9.5,30,0.31666666666666665,11,30,0.36666666666666664,11.0,30,0.36666666666666664,-0.2371176351780755,-0.3291336251171533,-0.5662512602952288
8477989,20242025,F,MTL,78,74,57055,41,74,0.5540540540540541,40.0,74,0.5405405405405406,37,74,0.5,38.5,74,0.5202702702702703,-0.009569959192808675,0.12206825812708733,0.11249829893427865
8477989,20252026,F,PHI,80,80,69916,40,80,0.5,40.5,80,0.50625,37,80,0.4625,35.0,80,0.4375,0.34915112337842213,-0.5644023197214092,-0.21525119634298706
8477993,20242025,F,CGY,21,13,10282,7,13,0.5384615384615384,6.5,13,0.5,7,13,0.5384615384615384,6.5,13,0.5,-0.13218786882181588,-0.2644373363848156,-0.39662520520663147
8477996,20252026,F,NJD,24,16,13121,4,16,0.25,5.5,16,0.34375,5,16,0.3125,6.0,16,0.375,-0.9929922370959112,-0.26869039502606684,-1.261682632121978
8477998,20222023,F,EDM,67,63,44627,42,63,0.6666666666666666,42.5,63,0.6746031746031746,36,63,0.5714285714285714,36.5,63,0.5793650793650794,0.4465810484514887,0.08003293899411279,0.5266139874456015
8477998,20232024,F,EDM,82,81,59350,54,81,0.6666666666666666,53.0,80,0.6625,46,81,0.5679012345679012,41.5,80,0.51875,0.43899878213015464,-0.2581482538335562,0.18085052829659842
8477998,20242025,F,LAK,79,79,65023,54,79,0.6835443037974683,54.5,79,0.689873417721519,46,79,0.5822784810126582,51.0,79,0.6455696202531646,0.3356983268492115,0.09960649641165542,0.43530482326086695
8477998,20252026,F,"LAK,OTT",68,64,48151,29,64,0.453125,32.0,64,0.5,30,64,0.46875,27.5,64,0.4296875,-0.3556534911647229,-0.17206341111920853,-0.5277169022839314
8478010,20222023,F,TBL,82,82,77264,44,82,0.5365853658536586,52.5,82,0.6402439024390244,43,82,0.524390243902439,49.0,82,0.5975609756097561,0.7121318356525546,-0.22921185007876277,0.4829199855737918
8478010,20232024,F,TBL,81,81,79218,45,81,0.5555555555555556,45.0,81,0.5555555555555556,46,81,0.5679012345679012,43.0,81,0.5308641975308642,0.8042825778786642,-0.30920589162949774,0.49507668624916645
8478010,20242025,F,TBL,74,73,70192,42,73,0.5753424657534246,41.5,73,0.5684931506849316,39,73,0.5342465753424658,34.5,73,0.4726027397260274,0.29484371843282897,-0.40135731053705337,-0.1065135921042244
8478010,20252026,F,TBL,63,62,55105,35,62,0.5645161290322581,31.0,62,0.5,31,62,0.5,30.5,62,0.49193548387096775,0.11002231712587518,-0.08144949494412179,0.028572822181753388
8478013,20222023,D,DET,63,63,61365,36,63,0.5714285714285714,32.5,63,0.5158730158730159,36,63,0.5714285714285714,33.0,63,0.5238095238095238,0.43182939484765415,0.3390669939814619,0.770896388829116
8478013,20232024,D,DET,63,63,61570,20,63,0.31746031746031744,19.5,63,0.30952380952380953,23,63,0.36507936507936506,20.0,63,0.31746031746031744,-0.1352538517566515,-0.4371348686266021,-0.5723887203832536
8478013,20242025,D,"EDM,SJS",65,65,70903,32,65,0.49230769230769234,31.5,65,0.4846153846153846,34,65,0.5230769230769231,34.0,65,0.5230769230769231,0.0282222166977264,-0.09664947122341028,-0.06842725452568388
8478013,20252026,D,EDM,52,52,50430,19,52,0.36538461538461536,22.0,52,0.4230769230769231,16,52,0.3076923076923077,22.0,52,0.4230769230769231,-0.3480046370631098,-0.7924132705162461,-1.140417907579356
8478017,20222023,D,PIT,23,23,17130,15,23,0.6521739130434783,12.5,23,0.5434782608695652,15,23,0.6521739130434783,13.0,23,0.5652173913043478,0.29340094059160604,0.203664700364397,0.49706564095600303
8478017,20232024,D,VAN,23,19,15731,11,19,0.5789473684210527,10.5,19,0.5526315789473685,11,19,0.5789473684210527,10.5,19,0.5526315789473685,0.4100006619315262,0.0429234189898442,0.4529240809213704
8478020,20222023,F,VGK,67,60,46133,33,60,0.55,32.5,60,0.5416666666666666,31,60,0.5166666666666667,28.5,60,0.475,0.05251277196882942,0.01085542049845456,0.06336819246728398
8478020,20232024,F,VGK,73,70,52718,40,70,0.5714285714285714,40.0,70,0.5714285714285714,39,70,0.5571428571428572,39.5,70,0.5642857142857143,0.020529367482164496,0.03520491800365155,0.05573428548581605
8478020,20242025,F,OTT,69,66,51492,32,66,0.48484848484848486,35.0,66,0.5303030303030303,36,66,0.5454545454545454,38.5,66,0.5833333333333334,-0.022419323055631324,0.041193858106991055,0.01877453505135973
8478020,20252026,F,OTT,81,81,69618,47,81,0.5802469135802469,46.5,81,0.5740740740740741,37,81,0.4567901234567901,37.0,81,0.4567901234567901,-0.21507592664960695,0.037437383132076896,-0.17763854351753006
8478021,20232024,D,"ANA,TOR",40,39,31397,20,39,0.5128205128205128,18.5,39,0.47435897435897434,19,39,0.48717948717948717,15.5,39,0.3974358974358974,-0.1741051746468214,0.2662864720478524,0.09218129740103098
8478028,20222023,F,DAL,28,23,16386,16,23,0.6956521739130435,15.5,22,0.7045454545454546,14,23,0.6086956521739131,14.5,22,0.6590909090909091,-0.43981510304800553,0.44456582073242634,0.004750717684420813
8478028,20232024,F,COL,57,28,27621,15,28,0.5357142857142857,17.5,28,0.625,15,28,0.5357142857142857,18.0,28,0.6428571428571429,-0.9603338988248491,0.00764780919577257,-0.9526860896290765
8478038,20222023,D,COL,80,80,95761,56,80,0.7,54.5,80,0.68125,56,80,0.7,56.0,80,0.7,0.47801222613603667,0.30679016322929265,0.7848023893653293
8478038,20232024,D,COL,82,82,89930,50,82,0.6097560975609756,49.0,82,0.5975609756097561,47,82,0.573170731707317,47.0,82,0.573170731707317,0.14661845406629803,0.2636754977898339,0.41029395185613193
8478038,20242025,D,COL,74,74,91423,44,74,0.5945945945945946,45.0,74,0.6081081081081081,39,74,0.527027027027027,43.0,74,0.581081081081081,0.37369464249297435,-0.06589384195533299,0.30780080053764136
8478038,20252026,D,COL,67,67,71858,51,67,0.7611940298507462,43.0,67,0.6417910447761194,40,67,0.5970149253731343,36.5,67,0.5447761194029851,0.5790227079119368,-0.05951414859069759,0.5195085593212392
8478042,20222023,F,LAK,77,77,65495,44,77,0.5714285714285714,46.0,75,0.6133333333333333,45,77,0.5844155844155844,44.5,75,0.5933333333333334,0.22857469388041096,0.017840065530539295,0.24641475941095026
8478042,20232024,F,LAK,18,17,15089,10,17,0.5882352941176471,7.5,17,0.4411764705882353,8,17,0.47058823529411764,7.0,17,0.4117647058823529,0.27329119283847847,-0.18569337787714923,0.08759781496132923
8478042,20242025,F,EDM,63,63,50332,43,63,0.6825396825396826,36.5,63,0.5793650793650794,33,63,0.5238095238095238,31.5,63,0.5,0.29715819898614626,-0.20344692850529977,0.09371127048084649
8478042,20252026,F,BOS,69,67,50244,32,67,0.47761194029850745,33.5,67,0.5,33,67,0.4925373134328358,37.5,67,0.5597014925373134,0.20536420406412637,-0.10022841173190056,0.10513579233222581
8478043,20222023,F,"CHI,TOR",70,67,50211,25,67,0.373134328358209,22.0,67,0.3283582089552239,30,67,0.44776119402985076,34.5,67,0.5149253731343284,-0.6029037819293301,-0.25966377111456396,-0.8625675530438941
8478043,20232024,F,VAN,79,70,49433,32,70,0.45714285714285713,32.5,69,0.47101449275362317,28,70,0.4,27.5,69,0.39855072463768115,-0.4290275544673152,-0.20784066812208346,-0.6368682225893987
8478043,20242025,F,BUF,56,33,29169,16,33,0.48484848484848486,16.0,33,0.48484848484848486,14,33,0.42424242424242425,16.5,33,0.5,-0.6023159447055286,-0.09153455350082673,-0.6938504982063554
8478043,20252026,F,CHI,29,16,14214,7,16,0.4375,7.0,16,0.4375,7,16,0.4375,8.0,16,0.5,-0.8517523092001231,0.7439346303325238,-0.1078176788675993
8478046,20222023,F,PIT,65,47,37192,27,47,0.574468085106383,26.0,47,0.5531914893617021,24,47,0.5106382978723404,25.0,47,0.5319148936170213,-0.12044338611402594,0.056163460671275534,-0.06427992544275041
8478046,20232024,F,BOS,74,72,54828,36,72,0.5,35.0,72,0.4861111111111111,37,72,0.5138888888888888,32.0,72,0.4444444444444444,0.22129819480396185,-0.18677990215870155,0.034518292645260296
8478046,20242025,F,"PIT,VAN",76,71,52142,28,71,0.39436619718309857,32.0,70,0.45714285714285713,30,71,0.4225352112676056,28.5,70,0.40714285714285714,0.03682766255874226,-0.1057811066683012,-0.06895344410955895
8478046,20252026,F,"CBJ,PIT",46,42,29153,31,42,0.7380952380952381,24.5,40,0.6125,25,42,0.5952380952380952,24.0,40,0.6,-0.02009483538156509,0.6409282535552503,0.6208334181736852
8478047,20222023,F,TOR,82,81,66273,54,81,0.6666666666666666,56.0,81,0.691358024691358,46,81,0.5679012345679012,47.0,81,0.5802469135802469,0.8197560437123319,-0.3758163769421663,0.4439396667701656
8478047,20232024,F,"CAR,PIT",81,79,63104,38,79,0.4810126582278481,38.5,78,0.4935897435897436,33,79,0.4177215189873418,34.5,78,0.4423076923076923,-0.09117318917639894,-0.3879771643210761,-0.47915035349747503
8478047,20242025,F,"NSH,PIT",72,72,57598,36,72,0.5,37.5,71,0.528169014084507,38,72,0.5277777777777778,36.0,71,0.5070422535211268,0.07569184152395003,-0.00360761509373253,0.0720842264302175
8478047,20252026,F,"DAL,NSH",74,71,54511,32,71,0.4507042253521127,36.5,71,0.5140845070422535,29,71,0.4084507042253521,36.0,71,0.5070422535211268,0.06549456164141709,-0.26476929656454384,-0.19927473492312675
8478055,20222023,D,FLA,82,82,91830,46,82,0.5609756097560976,46.0,82,0.5609756097560976,36,82,0.43902439024390244,39.0,82,0.47560975609756095,0.06894670957825433,-0.361855797765406,-0.29290908818715167
8478055,20232024,D,FLA,79,78,83696,51,78,0.6538461538461539,48.5,78,0.6217948717948718,46,78,0.5897435897435898,44.5,78,0.5705128205128205,0.42517261076334023,0.018062903733288227,0.44323551449662846
8478055,20242025,D,FLA,76,76,87795,44,76,0.5789473684210527,42.5,76,0.5592105263157895,36,76,0.47368421052631576,34.0,76,0.4473684210526316,0.15816249222506595,-0.10927729429826272,0.04888519792680324
8478055,20252026,D,FLA,80,80,87933,46,80,0.575,41.0,80,0.5125,46,80,0.575,42.5,80,0.53125,0.29421957016847244,0.005955458982151107,0.30017502915062355
8478057,20222023,F,VAN,79,63,46478,28,63,0.4444444444444444,30.5,63,0.48412698412698413,31,63,0.49206349206349204,28.0,63,0.4444444444444444,-0.03178200955684085,-0.0359224574010919,-0.06770446695793275
8478057,20232024,F,VAN,63,61,45156,43,61,0.7049180327868853,38.5,61,0.6311475409836066,38,61,0.6229508196721312,30.5,61,0.5,0.3906576914585025,0.09003624072969707,0.48069393218819956
8478057,20242025,F,VAN,53,52,36400,28,52,0.5384615384615384,25.5,52,0.49038461538461536,28,52,0.5384615384615384,27.5,52,0.5288461538461539,0.0900414835418144,-0.17252386575687462,-0.08248238221506021
8478057,20252026,F,TOR,55,51,35706,22,51,0.43137254901960786,22.0,49,0.4489795918367347,24,51,0.47058823529411764,27.0,49,0.5510204081632653,0.016008772174283425,0.20942612639519442,0.22543489856947785
8478067,20222023,F,SJS,73,56,40311,19,56,0.3392857142857143,25.0,56,0.44642857142857145,17,56,0.30357142857142855,22.5,56,0.4017857142857143,-0.4802866225421183,-0.052930119575475665,-0.533216742117594
8478078,20232024,F,OTT,37,23,19367,10,23,0.43478260869565216,12.5,23,0.5434782608695652,5,23,0.21739130434782608,11.0,23,0.4782608695652174,-0.5536243848089446,0.29289126100615404,-0.26073312380279057
8478099,20222023,F,SJS,72,67,54302,31,67,0.4626865671641791,34.5,67,0.5149253731343284,41,67,0.6119402985074627,37.0,67,0.5522388059701493,0.3923136484255876,0.12611309478994315,0.5184267432155307
8478099,20232024,F,SJS,46,38,28454,10,38,0.2631578947368421,12.0,38,0.3157894736842105,18,38,0.47368421052631576,20.0,38,0.5263157894736842,0.06673814512349874,-0.18096986649749836,-0.11423172137399962
8478099,20242025,F,CBJ,34,26,19296,13,26,0.5,11.5,26,0.4423076923076923,15,26,0.5769230769230769,12.0,26,0.46153846153846156,0.07063557036145873,0.4124096995456963,0.483045269907155
8478104,20222023,F,"NYR,STL",71,59,44600,25,59,0.423728813559322,25.0,59,0.423728813559322,27,59,0.4576271186440678,25.5,59,0.4322033898305085,-0.4907771334871631,0.19149397475301289,-0.29928315873415023
8478104,20232024,F,STL,53,33,28593,12,33,0.36363636363636365,11.0,33,0.3333333333333333,12,33,0.36363636363636365,11.5,33,0.3484848484848485,-0.4745055525405111,0.042327865588336344,-0.43217768695217473
8478109,20222023,F,BUF,75,70,53218,29,70,0.4142857142857143,28.5,70,0.40714285714285714,35,70,0.5,33.0,70,0.4714285714285714,-0.45760184836695394,0.24101452361232711,-0.21658732475462683
8478109,20232024,F,BUF,51,41,30310,13,41,0.3170731707317073,13.5,41,0.32926829268292684,15,41,0.36585365853658536,16.0,41,0.3902439024390244,-0.33453086514839425,-0.3933311934371395,-0.7278620585855338
8478109,20242025,F,VGK,55,54,42938,33,54,0.6111111111111112,31.0,53,0.5849056603773585,25,54,0.46296296296296297,27.5,53,0.5188679245283019,-0.2733392719202845,0.48457291206246267,0.21123364014217816
8478109,20252026,F,"CGY,COL,VGK",78,75,53760,46,75,0.6133333333333333,41.0,73,0.5616438356164384,34,75,0.4533333333333333,35.5,73,0.4863013698630137,0.0021793516139276825,0.20664792016155964,0.20882727177548732
8478115,20222023,F,"NYI,TOR",76,72,52923,46,72,0.6388888888888888,45.0,72,0.625,37,72,0.5138888888888888,38.5,72,0.5347222222222222,0.40503218856409484,-0.06613381991099887,0.33889836865309597
8478115,20232024,F,NYI,74,73,58944,38,73,0.5205479452054794,39.5,72,0.5486111111111112,47,73,0.6438356164383562,47.0,72,0.6527777777777778,0.49971224672085723,0.10038252580970397,0.6000947725305612
8478115,20242025,F,NYI,58,51,38127,25,51,0.49019607843137253,24.5,49,0.5,26,51,0.5098039215686274,24.0,49,0.4897959183673469,-0.1399625010319352,-0.0677903335822303,-0.2077528346141655
8478133,20222023,F,MTL,54,51,36798,22,51,0.43137254901960786,24.5,51,0.4803921568627451,24,51,0.47058823529411764,27.0,51,0.5294117647058824,-0.00453786959934277,0.24673983677091016,0.2422019671715674
8478133,20232024,F,MTL,82,78,61655,27,78,0.34615384615384615,34.5,77,0.44805194805194803,39,78,0.5,40.5,77,0.525974025974026,-0.2289801543586134,0.08585481961417907,-0.14312533474443434
8478133,20242025,F,MTL,78,77,57751,38,77,0.4935064935064935,38.0,77,0.4935064935064935,44,77,0.5714285714285714,43.0,77,0.5584415584415584,-0.3231112794147313,0.34764795369986334,0.024536674285132065
8478133,20252026,F,MTL,68,64,49865,33,64,0.515625,31.0,64,0.484375,29,64,0.453125,31.0,64,0.484375,-0.5596427159771085,0.2817009323281918,-0.27794178364891664
8478136,20222023,D,MIN,79,79,77330,38,79,0.4810126582278481,38.5,79,0.4873417721518987,34,79,0.43037974683544306,42.0,79,0.5316455696202531,-0.16149085993161316,-0.07789667626138908,-0.23938753619300224
8478136,20232024,D,MIN,80,80,80614,38,80,0.475,41.0,80,0.5125,33,80,0.4125,42.0,80,0.525,-0.025691977047223702,-0.3916724314943356,-0.4173644085415593
8478136,20242025,D,MIN,67,66,78034,23,66,0.3484848484848485,24.0,66,0.36363636363636365,26,66,0.3939393939393939,27.5,66,0.4166666666666667,0.10496706697876501,-0.38369890884187585,-0.27873184186311084
8478136,20252026,D,MIN,75,75,68525,31,75,0.41333333333333333,40.5,75,0.54,34,75,0.4533333333333333,39.0,75,0.52,-0.15251385996722933,-0.05252758309135919,-0.2050414430585885
8478146,20242025,F,OTT,38,26,21662,12,26,0.46153846153846156,11.0,26,0.4230769230769231,10,26,0.38461538461538464,10.0,26,0.38461538461538464,-0.4926243034902269,-0.056939579758890524,-0.5495638832491174
8478178,20222023,D,TBL,17,17,15571,7,17,0.4117647058823529,7.5,17,0.4411764705882353,10,17,0.5882352941176471,9.5,17,0.5588235294117647,-0.31403733392270716,-0.18173882554534737,-0.49577615946805453
8478178,20232024,D,TBL,82,82,81521,47,82,0.573170731707317,46.5,82,0.5670731707317073,47,82,0.573170731707317,49.5,82,0.6036585365853658,0.42641792902208664,-0.08726868902901241,0.3391492399930742
8478178,20242025,D,TBL,70,68,63831,34,68,0.5,35.0,68,0.5147058823529411,35,68,0.5147058823529411,37.0,68,0.5441176470588235,0.1229862888313833,-0.22010306353014597,-0.09711677469876268
8478178,20252026,D,TBL,73,71,80655,42,71,0.5915492957746479,44.5,71,0.6267605633802817,37,71,0.5211267605633803,35.0,71,0.49295774647887325,0.12179515917367656,0.15601077638566663,0.2778059355593432
8478211,20222023,F,"COL,NYR,TOR",37,17,17136,7,17,0.4117647058823529,5.0,15,0.3333333333333333,7,17,0.4117647058823529,5.0,15,0.3333333333333333,-0.859582472145759,0.2764459113981266,-0.5831365607476324
8478211,20232024,F,CGY,28,25,17431,12,25,0.48,12.0,24,0.5,14,25,0.56,13.0,24,0.5416666666666666,-0.29074581081380924,0.3047930130553378,0.014047202241528556
8478233,20222023,F,CGY,82,82,65475,56,82,0.6829268292682927,50.5,81,0.6234567901234568,51,82,0.6219512195121951,41.5,81,0.5123456790123457,0.842950831727229,-0.26750067463949456,0.5754501570877344
8478233,20232024,F,CGY,75,74,60209,35,74,0.47297297297297297,39.5,74,0.5337837837837838,41,74,0.5540540540540541,43.5,74,0.5878378378378378,0.46839416214375307,-0.1771755200490457,0.2912186420947074
8478233,20242025,F,WSH,78,74,51631,44,74,0.5945945945945946,41.0,73,0.5616438356164384,47,74,0.6351351351351351,37.0,73,0.5068493150684932,-0.1011641551834459,0.32164909359636074,0.22048493841291483
8478233,20252026,F,"CHI,EDM",62,56,42497,24,56,0.42857142857142855,29.0,55,0.5272727272727272,24,56,0.42857142857142855,25.0,55,0.45454545454545453,-0.19790660377819647,0.08647877506714652,-0.11142782871104995
8478366,20222023,F,ANA,81,80,64753,17,80,0.2125,13.0,80,0.1625,35,80,0.4375,29.5,80,0.36875,-0.10448815277647672,-0.5334708534126418,-0.6379590061891185
8478366,20232024,F,ANA,82,82,69225,26,82,0.3170731707317073,29.0,82,0.35365853658536583,37,82,0.45121951219512196,38.0,82,0.4634146341463415,-0.0984328252219484,-0.342738864960368,-0.4411716901823164
8478366,20242025,F,ANA,78,78,66488,38,78,0.48717948717948717,38.5,78,0.4935897435897436,46,78,0.5897435897435898,41.5,78,0.532051282051282,0.6872794145835939,-0.06886270927575877,0.6184167053078351
8478366,20252026,F,ANA,50,42,30063,17,42,0.40476190476190477,18.5,41,0.45121951219512196,18,42,0.42857142857142855,18.5,41,0.45121951219512196,-0.5361831620632831,-0.4654818360287156,-1.0016649980919987
8478396,20222023,D,CGY,81,81,87400,48,81,0.5925925925925926,50.5,81,0.6234567901234568,37,81,0.4567901234567901,37.5,81,0.46296296296296297,0.1015447157948639,-0.24542027068181316,-0.14387555488694925
8478396,20232024,D,"CGY,VGK",80,80,90857,36,80,0.45,38.5,80,0.48125,38,80,0.475,40.5,80,0.50625,-0.020577008699201205,0.019590725126467756,-0.0009862835727334485
8478396,20242025,D,VGK,77,77,86308,47,77,0.6103896103896104,47.5,77,0.6168831168831169,44,77,0.5714285714285714,45.0,77,0.5844155844155844,0.5974121913764905,-0.34848192935055744,0.24893026202593305
8478396,20252026,D,VGK,72,71,82468,51,71,0.7183098591549296,47.5,71,0.6690140845070423,38,71,0.5352112676056338,40.5,71,0.5704225352112676,0.2376125855074962,0.08691715595924032,0.3245297414667365
8478397,20222023,D,CGY,79,79,90613,45,79,0.569620253164557,41.5,79,0.5253164556962026,31,79,0.3924050632911392,34.0,79,0.43037974683544306,-0.27400372736839085,-0.11237448594348143,-0.3863782133118723
8478397,20232024,D,CGY,78,78,87648,36,78,0.46153846153846156,39.5,78,0.5064102564102564,35,78,0.44871794871794873,38.5,78,0.4935897435897436,0.19931132207897484,-0.28064496182879006,-0.08133363974981522
8478397,20242025,D,CGY,78,78,89302,33,78,0.4230769230769231,34.5,78,0.4423076923076923,38,78,0.48717948717948717,35.0,78,0.44871794871794873,0.08375908193236103,-0.17402449746675108,-0.09026541553439005
8478397,20252026,D,"CGY,VGK",81,81,91155,33,81,0.4074074074074074,42.5,81,0.5246913580246914,33,81,0.4074074074074074,47.0,81,0.5802469135802469,-0.19044680902312017,-0.0008510224261306654,-0.19129783144925083
8478398,20222023,F,WPG,82,82,80138,46,82,0.5609756097560976,42.0,82,0.5121951219512195,39,82,0.47560975609756095,42.0,82,0.5121951219512195,0.2274385096894891,-0.09924561626812345,0.12819289342136564
8478398,20232024,F,WPG,65,64,63880,33,64,0.515625,28.5,64,0.4453125,27,64,0.421875,33.0,64,0.515625,0.008969525246822485,-0.5502915428625463,-0.5413220176157238
8478398,20242025,F,WPG,79,79,79314,44,79,0.5569620253164557,42.5,79,0.5379746835443038,35,79,0.4430379746835443,39.0,79,0.4936708860759494,0.10257521424870131,-0.2400198339600288,-0.1374446197113275
8478398,20252026,F,WPG,81,81,85402,43,81,0.5308641975308642,47.0,81,0.5802469135802469,47,81,0.5802469135802469,48.5,81,0.5987654320987654,0.2972340988238509,-0.08100520445896153,0.21622889436488935
8478399,20222023,D,NJD,80,80,84844,48,80,0.6,42.0,80,0.525,40,80,0.5,31.5,80,0.39375,-0.07904042954616752,0.11844680672332286,0.03940637717715534
8478399,20232024,D,NJD,57,57,56526,27,57,0.47368421052631576,26.0,57,0.45614035087719296,23,57,0.40350877192982454,27.5,57,0.4824561403508772,-0.009694605846362503,-0.1318261174812796,-0.1415207233276421
8478399,20242025,D,NJD,55,54,55950,32,54,0.5925925925925926,34.0,54,0.6296296296296297,30,54,0.5555555555555556,30.5,54,0.5648148148148148,-0.2497883097337863,0.5781774710657197,0.3283891613319334
8478399,20252026,D,NJD,82,81,84703,34,81,0.41975308641975306,36.5,80,0.45625,42,81,0.5185185185185185,44.0,80,0.55,-0.031266606137093866,-0.038638707161288366,-0.06990531329838223
8478400,20222023,F,FLA,68,41,34310,22,41,0.5365853658536586,20.0,41,0.4878048780487805,16,41,0.3902439024390244,19.5,41,0.47560975609756095,-0.8891554091358134,0.05084321883393983,-0.8383121903018735
8478400,20232024,F,"MTL,PIT",28,14,14233,7,14,0.5,6.0,14,0.42857142857142855,9,14,0.6428571428571429,7.0,14,0.5,-0.6374780540809273,0.33776313438354455,-0.29971491969738273
8478401,20222023,F,BOS,82,81,60961,50,81,0.6172839506172839,42.5,80,0.53125,38,81,0.4691358024691358,36.0,80,0.45,0.128115953437975,-0.4084489460134062,-0.2803329925754312
8478401,20232024,F,BOS,78,76,65120,41,76,0.5394736842105263,38.5,76,0.506578947368421,36,76,0.47368421052631576,34.0,76,0.4473684210526316,0.098641805603644,-0.07215920363730888,0.026482601966335118
8478401,20242025,F,BOS,78,77,70802,40,77,0.5194805194805194,35.0,77,0.45454545454545453,45,77,0.5844155844155844,44.0,77,0.5714285714285714,0.26004429093101367,0.1531471430954241,0.41319143402643776
8478401,20252026,F,BOS,78,77,61363,26,77,0.33766233766233766,31.5,77,0.4090909090909091,34,77,0.44155844155844154,40.5,77,0.525974025974026,-0.2876385177342353,-0.08795056652751354,-0.37558908426174886
8478402,20222023,F,EDM,82,82,86099,58,82,0.7073170731707317,56.5,82,0.6890243902439024,49,82,0.5975609756097561,46.0,82,0.5609756097560976,0.6076881321932941,0.09724423089246059,0.7049323630857547
8478402,20232024,F,EDM,76,76,78292,62,76,0.8157894736842105,55.5,76,0.7302631578947368,53,76,0.6973684210526315,51.5,76,0.6776315789473685,1.1107239162458638,0.21631179106233356,1.3270357073081973
8478402,20242025,F,EDM,64,63,70458,46,63,0.7301587301587301,41.5,63,0.6587301587301587,42,63,0.6666666666666666,36.5,63,0.5793650793650794,1.0188944150530541,-0.0689587180472615,0.9499356970057926
8478402,20252026,F,EDM,81,81,88523,56,81,0.691358024691358,53.5,81,0.6604938271604939,58,81,0.7160493827160493,58.0,81,0.7160493827160493,1.027309602723931,0.0014393812243995718,1.0287489839483306
8478403,20222023,F,VGK,67,67,62054,38,67,0.5671641791044776,35.5,67,0.5298507462686567,37,67,0.5522388059701493,36.5,67,0.5447761194029851,0.05978175174084166,0.18803815519047573,0.2478199069313174
8478403,20232024,F,VGK,63,63,58060,37,63,0.5873015873015873,33.0,63,0.5238095238095238,34,63,0.5396825396825397,30.5,63,0.48412698412698413,-0.1194601011392038,0.4032282078495888,0.283768106710385
8478403,20242025,F,VGK,77,77,78858,49,77,0.6363636363636364,48.5,77,0.6298701298701299,44,77,0.5714285714285714,39.0,77,0.5064935064935064,0.0879176800324033,0.13731335675503953,0.22523103678744283
8478403,20252026,F,VGK,75,74,74299,50,74,0.6756756756756757,48.0,74,0.6486486486486487,47,74,0.6351351351351351,43.5,74,0.5878378378378378,0.4776851647678475,0.21067189028504418,0.6883570550528917
8478407,20222023,D,SEA,81,81,96110,53,81,0.654320987654321,52.5,81,0.6481481481481481,54,81,0.6666666666666666,51.0,81,0.6296296296296297,0.40951659228116144,0.1625300981928075,0.5720466904739689
8478407,20232024,D,SEA,59,59,68939,31,59,0.5254237288135594,27.5,59,0.4661016949152542,28,59,0.4745762711864407,29.0,59,0.4915254237288136,0.0763744121943919,-0.2347761379654636,-0.1584017257710717
8478407,20242025,D,SEA,59,59,68248,30,59,0.5084745762711864,28.0,59,0.4745762711864407,33,59,0.559322033898305,30.5,59,0.5169491525423728,0.39940436282387237,0.028638231701805683,0.42804259452567806
8478407,20252026,D,SEA,80,80,87721,36,80,0.45,29.5,80,0.36875,42,80,0.525,37.5,80,0.46875,0.007232763096928885,-0.20644985981620945,-0.19921709671928056
8478408,20232024,D,ARI,50,48,43304,18,48,0.375,18.5,48,0.3854166666666667,15,48,0.3125,19.0,48,0.3958333333333333,-0.2148162444469457,-0.2925851043507066,-0.5074013487976523
8478408,20242025,D,"EDM,MIN",19,15,12923,9,15,0.6,8.0,15,0.5333333333333333,9,15,0.6,6.0,15,0.4,-0.1749728783413289,-0.49592391327592544,-0.6708967916172544
8478413,20222023,F,"BUF,MIN",62,60,45600,36,60,0.6,32.5,60,0.5416666666666666,28,60,0.4666666666666667,30.0,60,0.5,-0.3155011805604375,0.19272805452616382,-0.1227731260342737
8478413,20232024,F,BUF,67,66,56198,27,66,0.4090909090909091,32.5,66,0.49242424242424243,30,66,0.45454545454545453,34.0,66,0.5151515151515151,-0.2754640001762261,0.4407873659732666,0.16532336579704054
8478413,20242025,F,BUF,34,32,25380,14,32,0.4375,15.5,32,0.484375,15,32,0.46875,15.0,32,0.46875,-0.16206452002647476,0.0808217564411402,-0.08124276358533455
8478413,20252026,F,BUF,40,30,24934,12,30,0.4,15.5,30,0.5166666666666667,11,30,0.36666666666666664,13.5,30,0.45,-0.7160871534542081,0.0593486370250198,-0.6567385164291883
8478414,20222023,F,"NJD,SJS",78,78,75662,44,78,0.5641025641025641,47.0,78,0.6025641025641025,53,78,0.6794871794871795,49.0,78,0.6282051282051282,0.3863372609363336,0.14748067551540034,0.5338179364517339
8478414,20232024,F,NJD,69,69,61804,31,69,0.4492753623188406,38.5,69,0.5579710144927537,30,69,0.43478260869565216,35.0,69,0.5072463768115942,-0.15115622585557453,-0.22006349625690858,-0.3712197221124831
8478414,20242025,F,NJD,76,76,69486,46,76,0.6052631578947368,44.0,76,0.5789473684210527,46,76,0.6052631578947368,43.5,76,0.5723684210526315,0.4551421236311124,-0.0767647513619818,0.3783773722691306
8478414,20252026,F,NJD,77,77,73456,41,77,0.5324675324675324,42.5,77,0.551948051948052,48,77,0.6233766233766234,49.5,77,0.6428571428571429,0.4989855530653835,-0.011065036921355631,0.48792051614402787
8478415,20222023,D,BOS,22,18,14425,10,18,0.5555555555555556,6.5,18,0.3611111111111111,6,18,0.3333333333333333,7.0,18,0.3888888888888889,0.03374646554274907,-0.40907664690635537,-0.3753301813636063
8478416,20222023,D,TBL,70,69,66181,37,69,0.5362318840579711,34.0,69,0.4927536231884058,40,69,0.5797101449275363,36.0,69,0.5217391304347826,0.07132668421637334,0.15568127887070426,0.2270079630870776
8478416,20232024,D,TBL,69,67,67277,36,67,0.5373134328358209,32.5,66,0.49242424242424243,32,67,0.47761194029850745,29.0,66,0.4393939393939394,-0.21080329629345362,-0.17719825959544666,-0.3880015558889003
8478416,20242025,D,TBL,73,71,68999,40,71,0.5633802816901409,37.5,71,0.528169014084507,38,71,0.5352112676056338,34.5,71,0.4859154929577465,-0.06436945340432887,0.1192082201752327,0.054838766770903824
8478416,20252026,D,TBL,61,59,53016,30,59,0.5084745762711864,32.5,58,0.5603448275862069,26,59,0.4406779661016949,24.5,58,0.4224137931034483,-0.301175225934736,-0.058753413479409655,-0.35992863941414566
8478420,20222023,F,COL,82,82,88402,53,82,0.6463414634146342,43.5,82,0.5304878048780488,46,82,0.5609756097560976,42.0,82,0.5121951219512195,0.39359730026183115,-0.11609054189695289,0.27750675836487826
8478420,20232024,F,COL,80,79,87272,48,79,0.6075949367088608,49.5,79,0.6265822784810127,47,79,0.5949367088607594,47.0,79,0.5949367088607594,0.3896188330129453,0.06623879156008838,0.4558576245730337
8478420,20242025,F,"CAR,COL,DAL",78,78,82540,43,78,0.5512820512820513,42.0,78,0.5384615384615384,43,78,0.5512820512820513,39.5,78,0.5064102564102564,0.06932287123785708,-0.09986113441874611,-0.030538263180889036
8478420,20252026,F,DAL,64,64,62253,41,64,0.640625,38.0,64,0.59375,39,64,0.609375,37.5,64,0.5859375,0.20959502456403767,0.05181663840550943,0.2614116629695471
8478421,20222023,F,BOS,61,36,30982,22,36,0.6111111111111112,21.0,35,0.6,23,36,0.6388888888888888,20.5,35,0.5857142857142857,-0.09003174353914423,0.08770728493470381,-0.002324458604440416
8478421,20232024,F,CGY,59,30,27953,15,30,0.5,12.0,27,0.4444444444444444,18,30,0.6,14.0,27,0.5185185185185185,-0.19109539650702834,0.06488635409781773,-0.1262090424092106
8478421,20242025,F,FLA,77,41,39428,24,41,0.5853658536585366,20.5,40,0.5125,23,41,0.5609756097560976,18.0,40,0.45,0.028056519796666457,-0.0067320479149581836,0.021324471881708273
8478421,20252026,F,FLA,78,66,51466,40,66,0.6060606060606061,36.0,64,0.5625,38,66,0.5757575757575758,36.0,64,0.5625,0.365360083948004,0.10237585352558387,0.4677359374735879
8478424,20222023,F,WPG,22,16,13477,11,16,0.6875,13.0,16,0.8125,11,16,0.6875,13.0,16,0.8125,0.284397242959169,0.7296138000040397,1.0140110429632088
8478424,20232024,F,PIT,45,22,20791,12,22,0.5454545454545454,10.0,22,0.45454545454545453,9,22,0.4090909090909091,6.0,22,0.2727272727272727,-0.6683830546974665,0.2022884550011006,-0.4660945996963659
8478424,20242025,F,ANA,59,44,32277,15,44,0.3409090909090909,11.5,43,0.26744186046511625,16,44,0.36363636363636365,15.0,43,0.3488372093023256,-0.8722521671860985,0.28843335840796236,-0.5838188087781362
8478424,20252026,F,ANA,44,34,23285,16,34,0.47058823529411764,15.0,34,0.4411764705882353,12,34,0.35294117647058826,14.0,34,0.4117647058823529,-0.39248557830518394,-0.11336416165095686,-0.5058497399561408
8478427,20222023,F,CAR,75,75,67443,52,75,0.6933333333333334,51.0,75,0.68,39,75,0.52,40.0,75,0.5333333333333333,0.3526294814259985,-0.09052171372103146,0.262107767704967
8478427,20232024,F,CAR,78,78,72705,46,78,0.5897435897435898,44.0,78,0.5641025641025641,34,78,0.4358974358974359,34.5,78,0.4423076923076923,-0.08789311205656958,0.0644613455460985,-0.023431766510471075
8478427,20242025,F,CAR,75,75,69832,53,75,0.7066666666666667,51.0,75,0.68,40,75,0.5333333333333333,44.5,75,0.5933333333333334,-0.028669922654529056,0.0537267925535061,0.02505686989897704
8478427,20252026,F,CAR,79,79,71356,50,79,0.6329113924050633,38.5,78,0.4935897435897436,37,79,0.46835443037974683,35.5,78,0.4551282051282051,0.07367942398696048,-0.08302377086536161,-0.009344346878401133
8478430,20232024,D,CGY,33,33,30221,15,33,0.45454545454545453,13.5,33,0.4090909090909091,11,33,0.3333333333333333,13.0,33,0.3939393939393939,0.2695411233923881,-0.4664800356161778,-0.19693891222378967
8478430,20242025,D,"ANA,COL",18,14,12547,8,14,0.5714285714285714,9.0,14,0.6428571428571429,8,14,0.5714285714285714,9.0,14,0.6428571428571429,0.4780797997180297,0.17588762438933436,0.6539674241073641
8478431,20222023,F,SJS,59,49,35436,21,49,0.42857142857142855,23.5,49,0.47959183673469385,21,49,0.42857142857142855,25.0,49,0.5102040816326531,-0.3272039636868942,-0.11333520656099694,-0.44053917024789113
8478432,20222023,F,ARI,80,79,57155,27,79,0.34177215189873417,29.0,79,0.3670886075949367,31,79,0.3924050632911392,32.5,79,0.41139240506329117,-0.11842394263373235,-0.21250595802630023,-0.3309299006600326
8478432,20232024,F,DET,79,64,47489,28,64,0.4375,30.5,64,0.4765625,37,64,0.578125,37.5,64,0.5859375,0.11254790808556692,-0.14585648766037895,-0.033308579574812036
8478432,20242025,F,"CBJ,DET",46,39,27533,11,39,0.28205128205128205,13.0,37,0.35135135135135137,15,39,0.38461538461538464,13.5,37,0.36486486486486486,-0.5861638721133222,-0.18015353750669094,-0.7663174096200132
8478434,20222023,F,VGK,74,67,47644,30,67,0.44776119402985076,32.0,67,0.47761194029850745,31,67,0.4626865671641791,29.5,67,0.44029850746268656,-0.24624892751584948,0.020992588640198928,-0.22525633887565055
8478434,20232024,F,VGK,79,68,46415,35,68,0.5147058823529411,36.0,67,0.5373134328358209,33,68,0.4852941176470588,33.5,67,0.5,-0.34698877413131557,-0.05887055964978183,-0.4058593337810974
8478434,20242025,F,VGK,79,78,58163,43,78,0.5512820512820513,45.0,76,0.5921052631578947,33,78,0.4230769230769231,36.5,76,0.48026315789473684,0.14499394364626683,-0.2815652809505993,-0.13657133730433246
8478434,20252026,F,VGK,83,74,51904,32,74,0.43243243243243246,34.0,74,0.4594594594594595,24,74,0.32432432432432434,25.0,74,0.33783783783783783,-0.544556138401397,-0.2518964027149919,-0.796452541116389
8478438,20222023,F,NSH,51,47,37365,16,47,0.3404255319148936,15.0,47,0.3191489361702128,20,47,0.425531914893617,24.0,47,0.5106382978723404,0.29232949615469783,-0.6535028286570626,-0.3611733325023647
8478438,20232024,F,NSH,71,68,48841,43,68,0.6323529411764706,42.5,67,0.6343283582089553,41,68,0.6029411764705882,41.5,67,0.6194029850746269,0.5209838295675508,0.24151383391206416,0.762497663479615
8478438,20242025,F,"NSH,PIT",54,53,36832,28,53,0.5283018867924528,27.5,53,0.5188679245283019,33,53,0.6226415094339622,28.5,53,0.5377358490566038,0.329860242081935,0.16015268669867755,0.49001292878061253
8478438,20252026,F,PIT,82,79,59872,48,79,0.6075949367088608,47.0,79,0.5949367088607594,52,79,0.6582278481012658,49.5,79,0.6265822784810127,0.826277105119682,-0.08922945122210368,0.7370476538975783
8478439,20222023,F,PHI,60,60,57987,24,60,0.4,24.5,60,0.4083333333333333,29,60,0.48333333333333334,25.5,60,0.425,0.05710320538426972,-0.03516807584930692,0.021935129534962794
8478439,20232024,F,PHI,76,76,71590,48,76,0.631578947368421,45.5,76,0.5986842105263158,45,76,0.5921052631578947,41.5,76,0.5460526315789473,0.18335529676292106,-0.034298605805588966,0.1490566909573321
8478439,20242025,F,PHI,79,79,79017,34,79,0.43037974683544306,38.0,79,0.4810126582278481,31,79,0.3924050632911392,37.0,79,0.46835443037974683,-0.2763822905759281,-0.21696825399883357,-0.4933505445747617
8478439,20252026,F,PHI,77,77,69056,36,77,0.4675324675324675,37.5,77,0.487012987012987,33,77,0.42857142857142855,37.5,77,0.487012987012987,0.3456165807469498,-0.486140417749374,-0.1405238370024242
8478440,20222023,F,WSH,81,81,65861,38,81,0.4691358024691358,43.0,81,0.5308641975308642,42,81,0.5185185185185185,50.5,81,0.6234567901234568,0.20514264448565145,-0.01156653695253107,0.19357610753312038
8478440,20232024,F,WSH,82,82,72036,43,82,0.524390243902439,52.0,82,0.6341463414634146,52,82,0.6341463414634146,54.5,82,0.6646341463414634,0.6313649401569841,0.13022883063462398,0.7615937707916081
8478440,20242025,F,WSH,79,79,67516,35,79,0.4430379746835443,40.0,79,0.5063291139240507,26,79,0.3291139240506329,36.5,79,0.4620253164556962,-0.29416689183162337,-0.5916573741081268,-0.8858242659397502
8478440,20252026,F,WSH,80,78,69752,42,78,0.5384615384615384,41.5,78,0.532051282051282,40,78,0.5128205128205128,39.5,78,0.5064102564102564,0.017871552468393226,-0.20065962726012243,-0.1827880747917292
8478443,20222023,D,BOS,75,73,72060,55,73,0.7534246575342466,46.5,73,0.636986301369863,47,73,0.6438356164383562,41.0,73,0.5616438356164384,-0.24890143622174543,0.511427087914792,0.26252565169304654
8478443,20232024,D,BOS,76,75,75624,31,75,0.41333333333333333,33.0,75,0.44,33,75,0.44,37.0,75,0.49333333333333335,-0.3679207734013996,-0.18159702356043717,-0.5495177969618368
8478443,20242025,D,"BOS,TOR",79,79,76377,35,79,0.4430379746835443,37.5,77,0.487012987012987,32,79,0.4050632911392405,31.5,77,0.4090909090909091,-0.26480864610762644,-0.01156565419136335,-0.2763743002989898
8478443,20252026,D,TOR,55,55,54201,22,55,0.4,21.0,55,0.38181818181818183,30,55,0.5454545454545454,27.0,55,0.4909090909090909,0.1325441743557576,-0.21897494143547025,-0.08643076707971264
8478444,20222023,F,VAN,74,74,61628,33,74,0.44594594594594594,37.0,74,0.5,33,74,0.44594594594594594,36.0,74,0.4864864864864865,0.08358196802352769,-0.4519469584363791,-0.3683649904128514
8478444,20232024,F,VAN,81,81,72761,49,81,0.6049382716049383,44.5,80,0.55625,37,81,0.4567901234567901,38.0,80,0.475,-0.18095599423850972,-0.028809062563123877,-0.2097650568016336
8478444,20242025,F,VAN,71,70,63497,31,70,0.44285714285714284,32.5,70,0.4642857142857143,36,70,0.5142857142857142,31.5,70,0.45,-0.03097387623978287,-0.0922205618545493,-0.12319443809433217
8478444,20252026,F,VAN,74,73,67659,22,73,0.3013698630136986,26.5,73,0.363013698630137,33,73,0.4520547945205479,31.5,73,0.4315068493150685,-0.4989547612058307,0.20803583340310539,-0.2909189278027253
8478445,20222023,F,NYI,58,57,53045,34,57,0.5964912280701754,29.5,57,0.5175438596491229,33,57,0.5789473684210527,33.5,57,0.5877192982456141,0.11812378493039066,0.3068913950845711,0.42501518001496175
8478445,20232024,F,NYI,80,80,81239,43,80,0.5375,45.5,80,0.56875,45,80,0.5625,44.5,80,0.55625,0.4625861136872693,-0.09832105454536322,0.3642650591419061
8478445,20242025,F,NYI,30,30,31323,21,30,0.7,23.0,30,0.7666666666666667,24,30,0.8,22.5,30,0.75,0.7614653494236969,0.5563276877502656,1.3177930371739626
8478445,20252026,F,NYI,81,80,81752,44,80,0.55,37.0,80,0.4625,47,80,0.5875,43.5,80,0.54375,0.5833360007069692,0.0036815146026403234,0.5870175153096095
8478449,20222023,F,DAL,73,72,60003,53,72,0.7361111111111112,49.0,72,0.6805555555555556,52,72,0.7222222222222222,44.0,72,0.6111111111111112,0.6770753339776325,0.2393844677175121,0.9164598016951446
8478449,20232024,F,DAL,80,80,65924,56,80,0.7,55.0,79,0.6962025316455697,45,80,0.5625,46.5,79,0.5886075949367089,0.0799635324397645,0.43445538325248934,0.5144189156922538
8478449,20242025,F,DAL,72,71,57600,36,71,0.5070422535211268,37.5,71,0.528169014084507,36,71,0.5070422535211268,33.5,71,0.47183098591549294,-0.14592328886172679,0.25991273069320675,0.11398944183147997
8478449,20252026,F,DAL,53,52,44007,30,52,0.5769230769230769,31.5,52,0.6057692307692307,32,52,0.6153846153846154,32.5,52,0.625,-0.09056504442708757,0.573319729668849,0.48275468524176146
8478450,20232024,D,BOS,41,41,37263,24,41,0.5853658536585366,24.5,41,0.5975609756097561,28,41,0.6829268292682927,25.5,41,0.6219512195121951,0.14404889522394315,0.2625130534905207,0.40656194871446383
8478450,20242025,D,BOS,51,51,48214,25,51,0.49019607843137253,25.0,51,0.49019607843137253,23,51,0.45098039215686275,27.0,51,0.5294117647058824,-0.09281182700722335,0.13595719130454276,0.04314536429731941
8478450,20252026,D,PIT,80,80,85228,45,80,0.5625,48.5,80,0.60625,43,80,0.5375,45.5,80,0.56875,-0.011865384726431838,0.05343143254188609,0.041566047815454255
8478451,20222023,D,VAN,61,60,58253,33,60,0.55,33.0,60,0.55,32,60,0.5333333333333333,34.0,60,0.5666666666666667,0.018019696165367804,0.22589571872692593,0.24391541489229374
8478451,20232024,D,WSH,24,24,19374,10,24,0.4166666666666667,8.0,24,0.3333333333333333,12,24,0.5,9.0,24,0.375,-0.13425602106853818,-0.3578630691533795,-0.4921190902219177
8478452,20222023,D,CHI,73,73,70681,27,73,0.3698630136986301,25.5,73,0.3493150684931507,38,73,0.5205479452054794,36.0,73,0.4931506849315068,0.40144440987840646,-0.048401672043884236,0.3530427378345222
8478452,20232024,D,COL,25,22,16967,14,22,0.6363636363636364,11.0,20,0.55,12,22,0.5454545454545454,11.0,20,0.55,0.223540468803622,0.19157411219741283,0.4151145810010348
8478454,20232024,D,VAN,54,52,41145,29,52,0.5576923076923077,24.0,52,0.46153846153846156,23,52,0.4423076923076923,17.0,52,0.3269230769230769,-0.36572311107633837,0.01927784851828518,-0.3464452625580532
8478454,20242025,D,VAN,35,34,28686,8,34,0.23529411764705882,10.5,34,0.3088235294117647,14,34,0.4117647058823529,10.0,34,0.29411764705882354,-0.5356190989147935,-0.3457153251705649,-0.8813344240853584
8478454,20252026,D,PHI,52,49,37380,20,49,0.40816326530612246,23.0,48,0.4791666666666667,23,49,0.46938775510204084,22.5,48,0.46875,-0.3003866947881124,-0.33708725491176406,-0.6374739496998765
8478458,20222023,F,CBJ,77,72,59348,23,72,0.3194444444444444,21.5,71,0.3028169014084507,29,72,0.4027777777777778,26.0,71,0.36619718309859156,-0.11658719534675344,-0.26896036028046844,-0.38554755562722187
8478458,20232024,F,"CBJ,NYR",59,57,47451,28,57,0.49122807017543857,26.5,57,0.4649122807017544,33,57,0.5789473684210527,26.5,57,0.4649122807017544,0.3216914902461707,-0.061008312264468234,0.2606831779817025
8478458,20242025,F,CAR,77,68,54723,38,68,0.5588235294117647,34.0,68,0.5,27,68,0.39705882352941174,30.5,68,0.4485294117647059,-0.0443205963438662,-0.5012249080650935,-0.5455455044089597
8478458,20252026,F,EDM,68,68,56442,34,68,0.5,27.0,66,0.4090909090909091,33,68,0.4852941176470588,29.0,66,0.4393939393939394,0.22077291332206128,-0.37538400692081186,-0.15461109359875058
8478460,20222023,D,CBJ,13,12,15070,7,12,0.5833333333333334,6.5,12,0.5416666666666666,10,12,0.8333333333333334,9.0,12,0.75,0.376537103404714,0.7934165340046588,1.1699536374093729
8478460,20232024,D,CBJ,70,70,84478,29,70,0.4142857142857143,30.5,70,0.4357142857142857,36,70,0.5142857142857142,37.0,70,0.5285714285714286,0.372198215721498,0.05411197026506276,0.4263101859865608
8478460,20242025,D,CBJ,77,77,103676,43,77,0.5584415584415584,39.5,77,0.512987012987013,55,77,0.7142857142857143,48.5,77,0.6298701298701299,0.5058665974478047,0.32315668103500084,0.8290232784828055
8478460,20252026,D,CBJ,75,75,99480,46,75,0.6133333333333333,52.0,75,0.6933333333333334,49,75,0.6533333333333333,48.0,75,0.64,0.4239525177180057,0.18155732996441243,0.6055098476824181
8478462,20222023,F,VGK,65,65,51894,37,65,0.5692307692307692,37.5,65,0.5769230769230769,29,65,0.4461538461538462,31.0,65,0.47692307692307695,-0.28101915671486655,0.1846149334803191,-0.09640422323454745
8478462,20232024,F,VGK,70,64,50668,34,64,0.53125,32.5,64,0.5078125,33,64,0.515625,32.5,64,0.5078125,-0.21052866482628296,0.18430538401168617,-0.026223280814596794
8478462,20242025,F,VGK,68,68,52986,37,68,0.5441176470588235,37.0,68,0.5441176470588235,32,68,0.47058823529411764,32.0,68,0.47058823529411764,-0.17465138156939064,-0.05996613403374784,-0.23461751560313848
8478462,20252026,F,"COL,TOR",73,70,52229,32,70,0.45714285714285713,33.0,70,0.4714285714285714,29,70,0.4142857142857143,32.5,70,0.4642857142857143,-0.48024990817848145,-0.1679135435141612,-0.6481634516926427
8478463,20222023,F,"NYI,VAN",82,81,65782,40,81,0.49382716049382713,36.5,81,0.4506172839506173,40,81,0.49382716049382713,35.0,81,0.43209876543209874,0.2988351235455866,-0.039896259642410836,0.2589388639031758
8478463,20232024,F,"CHI,NSH,VAN",60,57,41760,24,57,0.42105263157894735,24.5,56,0.4375,27,57,0.47368421052631576,30.5,56,0.5446428571428571,0.08523868275233548,-0.24230912590924047,-0.157070443156905
8478463,20242025,F,"PIT,WSH",78,74,55531,44,74,0.5945945945945946,39.0,73,0.5342465753424658,40,74,0.5405405405405406,36.5,73,0.5,0.009871069905655006,0.19555293655365258,0.20542400645930758
8478463,20252026,F,WSH,82,82,63963,38,82,0.4634146341463415,38.5,82,0.4695121951219512,36,82,0.43902439024390244,36.0,82,0.43902439024390244,0.3535113515139088,-0.5288227400256189,-0.17531138851171013
8478465,20222023,D,VAN,17,17,14073,9,17,0.5294117647058824,8.5,17,0.5,9,17,0.5294117647058824,7.0,17,0.4117647058823529,0.3641694185894888,-0.06404589803573257,0.30012352055375624
8478466,20222023,F,SEA,66,53,38256,36,53,0.6792452830188679,32.5,53,0.6132075471698113,35,53,0.660377358490566,31.5,53,0.5943396226415094,0.2639680768303858,0.0966452467063883,0.3606133235367741
8478466,20232024,F,DET,76,59,45522,26,59,0.4406779661016949,21.0,58,0.3620689655172414,32,59,0.5423728813559322,27.0,58,0.46551724137931033,0.2638530685099516,-0.25528914358267407,0.008563924927277533
8478466,20242025,F,"NJD,SEA,VAN",27,23,16499,12,23,0.5217391304347826,9.5,22,0.4318181818181818,11,23,0.4782608695652174,10.5,22,0.4772727272727273,-0.4709687086135652,0.1390665311581536,-0.3319021774554116
8478468,20222023,D,NSH,67,67,57614,28,67,0.417910447761194,25.5,67,0.3805970149253731,29,67,0.43283582089552236,27.5,67,0.41044776119402987,-0.160581684692239,-0.08305639989670377,-0.24363808458894276
8478468,20232024,D,NSH,79,79,75770,44,79,0.5569620253164557,37.5,79,0.47468354430379744,33,79,0.4177215189873418,32.0,79,0.4050632911392405,-0.4027777663456438,-0.04373798821984076,-0.44651575456548454
8478468,20242025,D,NSH,28,27,25043,11,27,0.4074074074074074,12.5,27,0.46296296296296297,13,27,0.48148148148148145,11.0,27,0.4074074074074074,-0.2483859191501505,0.07391962051228562,-0.1744662986378649
8478468,20252026,D,VGK,68,68,62011,38,68,0.5588235294117647,38.0,68,0.5588235294117647,33,68,0.4852941176470588,32.5,68,0.47794117647058826,-0.10740059454540907,-0.19002745936802468,-0.29742805391343374
8478469,20222023,D,OTT,68,68,81472,40,68,0.5882352941176471,38.0,68,0.5588235294117647,39,68,0.5735294117647058,44.5,68,0.6544117647058824,0.40338341132310385,-0.2093555444917321,0.19402786683137174
8478469,20232024,D,OTT,51,50,57783,32,50,0.64,29.5,50,0.59,27,50,0.54,24.5,50,0.49,0.44135138889683256,0.08803949996587201,0.5293908888627046
8478469,20242025,D,OTT,77,75,84503,44,75,0.5866666666666667,42.5,75,0.5666666666666667,45,75,0.6,41.5,75,0.5533333333333333,0.5863169923615219,-0.20687023261337334,0.37944675974814857
8478469,20252026,D,OTT,57,55,60660,36,55,0.6545454545454545,30.5,55,0.5545454545454546,26,55,0.4727272727272727,23.0,55,0.41818181818181815,0.35917085239860214,-0.2623601742103925,0.09681067818820965
8478472,20222023,F,OTT,56,51,35553,22,51,0.43137254901960786,22.0,51,0.43137254901960786,20,51,0.39215686274509803,20.5,51,0.4019607843137255,-0.30929692153054456,0.12308829698826695,-0.1862086245422776
8478472,20232024,F,OTT,72,71,58657,32,71,0.4507042253521127,33.5,71,0.47183098591549294,32,71,0.4507042253521127,33.0,71,0.4647887323943662,-0.1034835056977852,-0.03731444814914919,-0.1407979538469344
8478472,20242025,F,STL,59,51,37622,28,51,0.5490196078431373,28.5,50,0.57,25,51,0.49019607843137253,25.0,50,0.5,-0.11737354180869675,0.17262827569567318,0.05525473388697644
8478472,20252026,F,"LAK,STL",50,45,32259,22,45,0.4888888888888889,21.5,45,0.4777777777777778,21,45,0.4666666666666667,23.5,45,0.5222222222222223,-0.32754494590545313,0.18000227910842437,-0.14754266679702877
8478474,20222023,F,ARI,77,77,64164,29,77,0.37662337662337664,31.5,77,0.4090909090909091,43,77,0.5584415584415584,40.5,77,0.525974025974026,0.10683734119737798,0.35582664535233643,0.4626639865497144
8478474,20232024,F,ARI,81,81,64053,33,81,0.4074074074074074,38.0,80,0.475,42,81,0.5185185185185185,39.5,80,0.49375,0.0618553256094212,-0.039961138974510035,0.02189418663491116
8478474,20242025,F,UTA,77,76,53164,40,76,0.5263157894736842,43.0,76,0.5657894736842105,41,76,0.5394736842105263,39.0,76,0.5131578947368421,-0.051753058671119234,0.09931353686671507,0.047560478195595834
8478474,20252026,F,UTA,80,79,63244,42,79,0.5316455696202531,46.0,79,0.5822784810126582,35,79,0.4430379746835443,39.0,79,0.4936708860759494,0.01783229350294757,-0.11664565671624239,-0.09881336321329481
8478476,20252026,D,DAL,33,29,21711,18,29,0.6206896551724138,13.0,29,0.4482758620689655,15,29,0.5172413793103449,11.0,29,0.3793103448275862,0.5053450560343,-0.4045327110271084,0.1008123450071916
8478477,20232024,F,MTL,23,8,10754,1,8,0.125,1.5,8,0.1875,1,8,0.125,1.0,8,0.125,-1.026721590318843,0.21024152370204297,-0.8164800666168
8478477,20242025,F,SEA,28,14,13076,3,14,0.21428571428571427,6.5,14,0.4642857142857143,0,14,0.0,6.5,14,0.4642857142857143,-0.40448919493887825,-0.07529112774107238,-0.47978032267995063
8478483,20222023,F,TOR,80,80,78823,53,80,0.6625,55.5,80,0.69375,50,80,0.625,51.0,80,0.6375,-0.20162649502341168,0.5270320928413805,0.32540559781796885
8478483,20232024,F,TOR,69,69,67806,45,69,0.6521739130434783,47.0,69,0.6811594202898551,43,69,0.6231884057971014,46.5,69,0.6739130434782609,-0.16202517414716633,0.393106976836624,0.23108180268945766
8478483,20242025,F,TOR,77,77,78043,48,77,0.6233766233766234,48.0,77,0.6233766233766234,48,77,0.6233766233766234,53.5,77,0.6948051948051948,0.07896577751205536,0.4065146673451845,0.48548044485723985
8478483,20252026,F,VGK,81,81,74392,51,81,0.6296296296296297,51.0,81,0.6296296296296297,43,81,0.5308641975308642,45.5,81,0.5617283950617284,-0.05203570941773261,0.2817782706596621,0.2297425612419295
8478493,20222023,F,MIN,78,77,68710,43,77,0.5584415584415584,42.5,77,0.551948051948052,43,77,0.5584415584415584,40.0,77,0.5194805194805194,-0.36672994629805666,0.5448420737582342,0.17811212746017757
8478493,20232024,F,MIN,77,77,69300,48,77,0.6233766233766234,50.0,77,0.6493506493506493,45,77,0.5844155844155844,49.0,77,0.6363636363636364,0.10196618661609014,0.37845427642344287,0.480420463039533
8478493,20242025,F,MIN,43,42,40329,22,42,0.5238095238095238,25.5,42,0.6071428571428571,27,42,0.6428571428571429,30.0,42,0.7142857142857143,-0.0602553188081687,0.573549780500165,0.5132944616919963
8478493,20252026,F,MIN,70,69,61766,30,69,0.43478260869565216,37.0,69,0.5362318840579711,29,69,0.42028985507246375,34.0,69,0.4927536231884058,-0.37098680071008117,0.35761094293236617,-0.013375857777714995
8478495,20222023,F,"DAL,MTL",66,62,45288,23,62,0.3709677419354839,20.5,62,0.33064516129032256,24,62,0.3870967741935484,24.0,62,0.3870967741935484,-0.3890535983363259,-0.3839394770667699,-0.7729930754030958
8478495,20232024,F,"NSH,PHI",18,14,11591,7,14,0.5,6.0,14,0.42857142857142855,10,14,0.7142857142857143,5.0,14,0.35714285714285715,-0.46685887826253625,0.3130219829177039,-0.15383689534483236
8478498,20222023,F,BOS,64,64,49875,45,64,0.703125,45.5,63,0.7222222222222222,42,64,0.65625,39.5,63,0.626984126984127,0.4445944664765631,0.5591769916529072,1.0037714581294703
8478498,20232024,F,BOS,80,80,62984,45,80,0.5625,44.5,79,0.5632911392405063,51,80,0.6375,45.0,79,0.569620253164557,0.23542104753345505,-0.013437859085187576,0.22198318844826748
8478498,20242025,F,VAN,78,78,64984,37,78,0.47435897435897434,37.0,77,0.4805194805194805,43,78,0.5512820512820513,40.5,77,0.525974025974026,-0.06282635469586717,0.01220594874103531,-0.05062040595483186
8478498,20252026,F,VAN,80,80,64366,30,80,0.375,31.0,80,0.3875,41,80,0.5125,42.5,80,0.53125,-0.11070500288937124,0.37357969711458816,0.2628746942252169
8478500,20222023,D,PHI,82,82,93001,27,82,0.32926829268292684,31.5,82,0.38414634146341464,39,82,0.47560975609756095,34.0,82,0.4146341463414634,-0.1104959344626888,-0.1855133907859119,-0.2960093252486007
8478500,20232024,D,CBJ,82,82,86428,35,82,0.4268292682926829,30.5,82,0.3719512195121951,44,82,0.5365853658536586,36.5,82,0.4451219512195122,-0.03866666726610246,0.020609641487077557,-0.018057025779024904
8478500,20242025,D,CBJ,78,77,90050,30,77,0.38961038961038963,31.5,77,0.4090909090909091,37,77,0.4805194805194805,35.0,77,0.45454545454545453,-0.3038872791723426,0.17241460837465317,-0.13147267079768943
8478500,20252026,D,CBJ,82,82,100086,47,82,0.573170731707317,46.0,81,0.5679012345679012,43,82,0.524390243902439,40.5,81,0.5,-0.18001256232707297,0.14744256767059438,-0.032569994656478585
8478502,20222023,D,CGY,23,20,14975,12,20,0.6,11.5,20,0.575,9,20,0.45,10.0,20,0.5,-0.10082081221891226,0.16629622331794414,0.06547541109903188
8478502,20232024,D,CGY,34,32,22876,13,32,0.40625,14.5,31,0.46774193548387094,15,32,0.46875,14.5,31,0.46774193548387094,-0.3218369528487286,-0.1462170288514666,-0.4680539817001952
8478502,20242025,D,"BUF,OTT",28,19,15485,4,19,0.21052631578947367,7.5,19,0.39473684210526316,4,19,0.21052631578947367,8.5,19,0.4473684210526316,-0.007831673404287809,-0.5458425341532376,-0.5536742075575254
8478507,20222023,D,NJD,64,64,67989,32,64,0.5,33.0,64,0.515625,23,64,0.359375,21.5,64,0.3359375,-0.4937776228807609,0.08932155003787567,-0.4044560728428852
8478507,20232024,D,NJD,75,74,79203,38,74,0.5135135135135135,40.0,74,0.5405405405405406,36,74,0.4864864864864865,35.0,74,0.47297297297297297,-0.2404707925354428,0.1629511549680731,-0.07751963756736968
8478507,20242025,D,UTA,35,35,38009,22,35,0.6285714285714286,21.0,35,0.6,18,35,0.5142857142857142,16.0,35,0.45714285714285713,0.36827012185268826,-0.15836390268765665,0.2099062191650316
8478507,20252026,D,UTA,79,79,82632,50,79,0.6329113924050633,48.0,79,0.6075949367088608,45,79,0.569620253164557,39.0,79,0.4936708860759494,0.19320826608465191,0.04343619575983082,0.23664446184448273
8478508,20222023,F,NSH,77,76,56545,28,76,0.3684210526315789,31.5,75,0.42,37,76,0.4868421052631579,38.0,75,0.5066666666666667,-0.23465615939121154,-0.009716748051958657,-0.2443729074431702
8478508,20232024,F,"COL,NSH",76,73,56476,45,73,0.6164383561643836,40.0,73,0.547945205479452,37,73,0.5068493150684932,38.5,73,0.5273972602739726,-0.2485700989237678,0.2203720277184802,-0.02819807120528761
8478508,20242025,F,MIN,73,66,49515,27,66,0.4090909090909091,29.0,64,0.453125,28,66,0.42424242424242425,27.0,64,0.421875,-0.3058480920886444,-0.1034869889317922,-0.4093350810204366
8478508,20252026,F,MIN,82,77,55435,33,77,0.42857142857142855,37.5,77,0.487012987012987,34,77,0.44155844155844154,39.5,77,0.512987012987013,0.05398908999762453,-0.10514116132104201,-0.05115207132341748
8478512,20222023,F,DET,29,25,17597,11,25,0.44,11.5,25,0.46,13,25,0.52,12.0,25,0.48,0.059515062769852634,0.18688432875187688,0.24639939152172952
8478512,20232024,F,DET,34,11,15685,3,11,0.2727272727272727,4.0,11,0.36363636363636365,5,11,0.45454545454545453,6.0,11,0.5454545454545454,-0.46184141814066915,0.10892098298622521,-0.35292043515444393
8478519,20222023,F,TBL,58,57,46605,30,57,0.5263157894736842,29.5,56,0.5267857142857143,27,57,0.47368421052631576,23.5,56,0.41964285714285715,0.1904108486787326,-0.044670157260424226,0.14574069141830837
8478519,20232024,F,TBL,79,77,70188,48,77,0.6233766233766234,46.5,77,0.6038961038961039,44,77,0.5714285714285714,46.5,77,0.6038961038961039,-0.0008209765642512856,0.32044749771644065,0.31962652115218937
8478519,20242025,F,TBL,77,76,70410,51,76,0.6710526315789473,50.0,76,0.6578947368421053,57,76,0.75,52.0,76,0.6842105263157895,0.5856559305534668,0.4761673885532054,1.0618233191066722
8478519,20252026,F,TBL,71,69,58038,42,69,0.6086956521739131,43.5,69,0.6304347826086957,44,69,0.6376811594202898,42.5,69,0.6159420289855072,0.4991162618576772,-0.112452197718659,0.3866640641390182
8478542,20222023,F,COL,69,68,62281,43,68,0.6323529411764706,39.0,68,0.5735294117647058,42,68,0.6176470588235294,43.5,68,0.6397058823529411,0.6240845562173711,0.07908855992023023,0.7031731161376014
8478542,20232024,F,FLA,80,79,59680,53,79,0.6708860759493671,48.0,79,0.6075949367088608,46,79,0.5822784810126582,49.0,79,0.620253164556962,0.29119752224614226,0.19265614198459424,0.4838536642307365
8478542,20242025,F,FLA,78,78,60344,39,78,0.5,40.5,78,0.5192307692307693,39,78,0.5,33.5,78,0.42948717948717946,0.16199047651384957,-0.2819432975282503,-0.11995282101440075
8478542,20252026,F,FLA,69,68,53924,38,68,0.5588235294117647,39.0,68,0.5735294117647058,41,68,0.6029411764705882,42.5,68,0.625,0.21514247848991053,0.2098314322624364,0.4249739107523469
8478550,20222023,F,NYR,82,82,78408,40,82,0.4878048780487805,39.5,82,0.4817073170731707,42,82,0.5121951219512195,43.5,82,0.5304878048780488,0.26289956627695776,0.004534742441994588,0.26743430871895235
8478550,20232024,F,NYR,82,82,80977,54,82,0.6585365853658537,51.5,81,0.6358024691358025,55,82,0.6707317073170732,52.5,81,0.6481481481481481,1.0147878373108354,0.05009992730889712,1.0648877646197326
8478550,20242025,F,NYR,76,76,74566,40,76,0.5263157894736842,37.0,76,0.4868421052631579,49,76,0.6447368421052632,44.0,76,0.5789473684210527,0.4063223540418055,0.09631654259687084,0.5026388966386763
8478550,20252026,F,"LAK,NYR",77,77,77897,43,77,0.5584415584415584,41.0,77,0.5324675324675324,48,77,0.6233766233766234,41.5,77,0.538961038961039,0.20712878444457772,-0.02995609268908561,0.1771726917554921
8478569,20222023,F,"STL,TOR",77,74,56698,41,74,0.5540540540540541,38.0,74,0.5135135135135135,45,74,0.6081081081081081,40.0,74,0.5405405405405406,-0.25816093283553476,0.3010230719777427,0.04286213914220793
8478569,20232024,F,PIT,55,47,35531,13,47,0.2765957446808511,14.0,45,0.3111111111111111,11,47,0.23404255319148937,13.0,45,0.28888888888888886,-0.9792807558961509,0.10879046611470056,-0.8704902897814504
8478569,20242025,F,PIT,78,73,53178,22,73,0.3013698630136986,27.0,72,0.375,22,73,0.3013698630136986,25.0,72,0.3472222222222222,-0.916087921335418,0.23434691545550246,-0.6817410058799156
8478569,20252026,F,PIT,67,64,45489,34,64,0.53125,37.0,64,0.578125,36,64,0.5625,37.0,64,0.578125,-0.39849856280308904,0.5148690960409543,0.11637053323786528
8478585,20222023,F,EDM,80,60,44891,34,60,0.5666666666666667,37.5,59,0.635593220338983,29,60,0.48333333333333334,34.0,59,0.576271186440678,-0.363186771551284,0.3229781632539397,-0.040208608297344295
8478585,20232024,F,EDM,70,48,37260,28,48,0.5833333333333334,25.5,47,0.5425531914893617,23,48,0.4791666666666667,21.0,47,0.44680851063829785,-0.9875842339924352,0.34848705051514384,-0.6390971834772914
8478585,20242025,F,EDM,35,24,18335,15,24,0.625,11.0,24,0.4583333333333333,10,24,0.4166666666666667,9.0,24,0.375,-0.6848378151065315,0.22661377091399348,-0.45822404419253804
8478831,20222023,F,WPG,54,35,30554,20,35,0.5714285714285714,15.5,35,0.44285714285714284,20,35,0.5714285714285714,19.0,35,0.5428571428571428,-0.7854786100081155,0.39440081219166645,-0.391077797816449
8478831,20232024,F,FLA,81,62,48632,25,62,0.4032258064516129,24.5,58,0.4224137931034483,17,62,0.27419354838709675,19.0,58,0.3275862068965517,-1.0649155864100996,0.08644024371340864,-0.978475342696691
8478831,20242025,F,UTA,78,76,55073,31,76,0.40789473684210525,35.0,76,0.4605263157894737,29,76,0.3815789473684211,32.5,76,0.4276315789473684,-0.6092848127234429,0.21328661855606867,-0.39599819416737425
8478831,20252026,F,UTA,79,78,54949,30,78,0.38461538461538464,28.5,78,0.36538461538461536,24,78,0.3076923076923077,21.0,78,0.2692307692307692,-1.1968893830545635,0.11913617046129454,-1.077753212593269
8478840,20222023,D,SEA,82,82,69521,43,82,0.524390243902439,43.0,82,0.524390243902439,39,82,0.47560975609756095,43.5,82,0.5304878048780488,-0.11656178141805684,-0.16053415911486812,-0.27709594053292497
8478840,20232024,D,SEA,82,82,76329,45,82,0.5487804878048781,48.0,81,0.5925925925925926,39,82,0.47560975609756095,41.0,81,0.5061728395061729,0.32558977976942405,-0.346664929063889,-0.021075149294464968
8478840,20242025,D,"NYR,SEA",80,80,71415,29,80,0.3625,28.5,80,0.35625,38,80,0.475,33.0,80,0.4125,-0.07873295013328141,-0.19235200629413685,-0.27108495642741826
8478840,20252026,D,NYR,75,75,69925,30,75,0.4,33.5,75,0.44666666666666666,31,75,0.41333333333333333,29.0,75,0.38666666666666666,-0.22647944016921517,-0.18626201681870214,-0.4127414569879173
8478841,20222023,D,ANA,46,44,35032,11,44,0.25,10.5,44,0.23863636363636365,22,44,0.5,19.5,44,0.4431818181818182,-0.2515437837839949,0.08493926311468991,-0.16660452066930498
8478841,20252026,D,NJD,23,23,16149,10,23,0.43478260869565216,10.5,23,0.45652173913043476,11,23,0.4782608695652174,12.0,23,0.5217391304347826,-0.29308812039434073,0.23334222903022894,-0.05974589136411179
8478843,20222023,F,"COL,TOR",65,50,38176,31,50,0.62,32.0,50,0.64,24,50,0.48,26.0,50,0.52,0.19952500710033405,0.02169078470619601,0.22121579180653006
8478846,20222023,D,VAN,16,15,12881,9,15,0.6,10.5,15,0.7,6,15,0.4,9.0,15,0.6,0.6251742226930896,-0.0019591770291720323,0.6232150456639176
8478851,20222023,D,NSH,43,40,37540,21,40,0.525,20.0,40,0.5,23,40,0.575,20.0,40,0.5,0.3723800066496601,0.09393786756880873,0.4663178742184688
8478851,20232024,D,NSH,73,71,69124,41,71,0.5774647887323944,35.0,71,0.49295774647887325,35,71,0.49295774647887325,30.0,71,0.4225352112676056,-0.16958355814754889,0.2205474650111814,0.0509639068636325
8478851,20242025,D,"MTL,NSH",75,75,78884,29,75,0.38666666666666666,34.5,75,0.46,30,75,0.4,32.5,75,0.43333333333333335,-0.04926300062733935,-0.373431089731469,-0.42269409035880834
8478851,20252026,D,MTL,73,73,69031,37,73,0.5068493150684932,36.0,73,0.4931506849315068,31,73,0.4246575342465753,36.0,73,0.4931506849315068,-0.07816167680005348,0.04591769619688302,-0.03224398060317046
8478854,20232024,D,PIT,31,31,20990,16,31,0.5161290322580645,13.0,31,0.41935483870967744,15,31,0.4838709677419355,12.0,31,0.3870967741935484,-0.04157491798835933,-0.16999158081639854,-0.21156649880475786
8478854,20242025,D,PIT,36,36,31763,16,36,0.4444444444444444,18.0,36,0.5,14,36,0.3888888888888889,17.0,36,0.4722222222222222,-0.36149073024709866,0.055809006289865515,-0.30568172395723314
8478854,20252026,D,PIT,80,80,76464,46,80,0.575,46.0,80,0.575,41,80,0.5125,43.5,80,0.54375,0.21185642157427154,-0.11285492853521362,0.09900149303905792
8478856,20222023,F,VAN,81,77,61750,32,77,0.4155844155844156,35.5,77,0.461038961038961,43,77,0.5584415584415584,41.5,77,0.538961038961039,0.1685862292860265,0.06594629119045825,0.23453252047648476
8478856,20232024,F,VAN,82,81,59596,62,81,0.7654320987654321,56.5,81,0.6975308641975309,57,81,0.7037037037037037,53.5,81,0.6604938271604939,0.6838150231666158,0.11939488047504088,0.8032099036416567
8478856,20242025,F,VAN,77,76,68086,43,76,0.5657894736842105,41.0,76,0.5394736842105263,50,76,0.6578947368421053,46.5,76,0.6118421052631579,0.053339997148183826,0.48042427184976977,0.5337642689979536
8478856,20252026,F,"CBJ,VAN",71,69,59704,31,69,0.4492753623188406,28.5,69,0.41304347826086957,37,69,0.5362318840579711,37.5,69,0.5434782608695652,-0.0330349117657156,-0.05260889273356817,-0.08564380449928377
8478859,20222023,D,"NYR,STL",81,81,74946,34,81,0.41975308641975306,30.0,81,0.37037037037037035,38,81,0.4691358024691358,31.5,81,0.3888888888888889,-0.12051630666325241,-0.0576743007103766,-0.17819060737362902
8478859,20232024,D,FLA,82,82,82744,48,82,0.5853658536585366,45.5,82,0.5548780487804879,34,82,0.4146341463414634,39.0,82,0.47560975609756095,-0.13153011590150232,-0.18876637028048515,-0.32029648618198747
8478859,20242025,D,FLA,73,73,75125,43,73,0.589041095890411,40.0,73,0.547945205479452,36,73,0.4931506849315068,38.5,73,0.5273972602739726,0.06239138274692113,-0.11695496474436684,-0.05456358199744571
8478859,20252026,D,FLA,68,67,68679,32,67,0.47761194029850745,30.0,67,0.44776119402985076,31,67,0.4626865671641791,33.0,67,0.4925373134328358,-0.06339635451122261,-0.1304408375160424,-0.19383719202726502
8478864,20222023,F,MIN,67,67,67510,45,67,0.6716417910447762,37.5,67,0.5597014925373134,42,67,0.6268656716417911,40.5,67,0.6044776119402985,0.4542470054470593,0.4316942932460992,0.8859412986931585
8478864,20232024,F,MIN,75,75,76954,47,75,0.6266666666666667,44.5,75,0.5933333333333334,42,75,0.56,43.5,75,0.58,0.6051371988949787,0.04557389975239046,0.6507110986473692
8478864,20242025,F,MIN,38,38,43301,24,38,0.631578947368421,22.5,38,0.5921052631578947,23,38,0.6052631578947368,21.0,38,0.5526315789473685,0.4733152661114082,0.2895985541558579,0.7629138202672661
8478864,20252026,F,MIN,78,78,83275,51,78,0.6538461538461539,42.0,78,0.5384615384615384,50,78,0.6410256410256411,41.5,78,0.532051282051282,0.2977764824619604,0.197712550415873,0.4954890328778334
8478873,20222023,F,ANA,70,69,66274,30,69,0.43478260869565216,27.5,69,0.39855072463768115,47,69,0.6811594202898551,42.5,69,0.6159420289855072,0.6923571501983483,0.3879460748513006,1.080303225049649
8478873,20232024,F,ANA,76,76,67499,37,76,0.4868421052631579,30.0,75,0.4,42,76,0.5526315789473685,41.0,75,0.5466666666666666,0.35437318334977186,-0.0383524792649137,0.31602070408485816
8478873,20242025,F,ANA,74,74,68348,37,74,0.5,35.5,74,0.4797297297297297,42,74,0.5675675675675675,40.5,74,0.5472972972972973,0.7419772835008946,-0.02600182656140282,0.7159754569394918
8478873,20252026,F,ANA,60,60,52387,40,60,0.6666666666666666,30.5,60,0.5083333333333333,33,60,0.55,28.5,60,0.475,0.14423743105816467,0.33927547055548724,0.4835129016136519
8478874,20242025,F,OTT,78,45,40900,23,45,0.5111111111111111,21.0,44,0.4772727272727273,19,45,0.4222222222222222,15.0,44,0.3409090909090909,0.13111521732755982,0.15063491805540163,0.28175013538296145
8478874,20252026,F,SJS,66,54,39572,23,54,0.42592592592592593,23.0,54,0.42592592592592593,25,54,0.46296296296296297,25.5,54,0.4722222222222222,0.027179283704893642,-0.09912737634289259,-0.07194809263799895
8478882,20222023,D,"CBJ,LAK",72,72,77672,31,72,0.4305555555555556,32.0,72,0.4444444444444444,33,72,0.4583333333333333,37.5,72,0.5208333333333334,-0.0376341625204466,0.001412838194061905,-0.036221324326384696
8478882,20232024,D,LAK,77,76,80101,41,76,0.5394736842105263,44.5,76,0.5855263157894737,39,76,0.5131578947368421,43.5,76,0.5723684210526315,0.17502232826946162,-0.32538972562505464,-0.150367397355593
8478882,20242025,D,LAK,79,79,93524,47,79,0.5949367088607594,52.0,79,0.6582278481012658,46,79,0.5822784810126582,48.0,79,0.6075949367088608,-0.12514414764863835,0.24879570494559822,0.12365155729695987
8478882,20252026,D,NYR,82,82,97270,42,82,0.5121951219512195,50.5,82,0.6158536585365854,46,82,0.5609756097560976,51.5,82,0.6280487804878049,0.10291490068635545,0.12631370023567445,0.2292286009220299
8478891,20222023,F,WPG,41,40,32708,25,40,0.625,25.0,40,0.625,21,40,0.525,24.0,40,0.6,0.45221952013374356,-0.1189716985811331,0.33324782155261046
8478891,20232024,F,WPG,82,82,68678,47,82,0.573170731707317,42.0,81,0.5185185185185185,42,82,0.5121951219512195,40.0,81,0.49382716049382713,0.17353648280614697,0.038062777758536726,0.2115992605646837
8478891,20242025,F,WPG,68,68,54018,32,68,0.47058823529411764,36.0,68,0.5294117647058824,28,68,0.4117647058823529,35.5,68,0.5220588235294118,-0.06130113000556081,-0.4459119873699713,-0.5072131173755321
8478891,20252026,F,DET,65,62,45041,16,62,0.25806451612903225,19.5,60,0.325,21,62,0.3387096774193548,23.0,60,0.38333333333333336,-0.7432412981341079,-0.2113785686046885,-0.9546198667387964
8478904,20222023,F,SJS,80,64,48215,27,64,0.421875,35.5,62,0.5725806451612904,30,64,0.46875,33.0,62,0.532258064516129,-0.01365621992097088,-0.13528526436669797,-0.14894148428766885
8478904,20232024,F,FLA,38,16,18033,7,16,0.4375,8.5,15,0.5666666666666667,8,16,0.5,7.0,15,0.4666666666666667,-0.5571205241327315,0.23130225905733037,-0.3258182650754011
8478904,20242025,F,TOR,76,48,40807,21,48,0.4375,23.5,48,0.4895833333333333,23,48,0.4791666666666667,23.0,48,0.4791666666666667,-0.5583156648109804,0.49677771593797493,-0.061537948873005455
8478904,20252026,F,TOR,71,60,41911,21,60,0.35,22.0,60,0.36666666666666664,25,60,0.4166666666666667,25.0,60,0.4166666666666667,-0.5094795008981619,0.5506901465227934,0.0412106456246315
8478911,20222023,D,LAK,82,82,76566,51,82,0.6219512195121951,48.5,82,0.5914634146341463,46,82,0.5609756097560976,42.0,82,0.5121951219512195,0.29002205154920846,-0.09756654370403339,0.19245550784517507
8478911,20232024,D,LAK,81,81,84065,47,81,0.5802469135802469,50.0,81,0.6172839506172839,42,81,0.5185185185185185,48.0,81,0.5925925925925926,0.1697296202980061,-0.08676999662805285,0.08295962366995324
8478911,20242025,D,WSH,66,65,66580,29,65,0.4461538461538462,34.0,65,0.5230769230769231,30,65,0.46153846153846156,30.0,65,0.46153846153846156,-0.05764297908554106,-0.20883730695752067,-0.26648028604306173
8478911,20252026,D,WSH,79,79,80803,38,79,0.4810126582278481,36.0,79,0.45569620253164556,36,79,0.45569620253164556,38.5,79,0.4873417721518987,-0.1424421635915687,-0.07772384673540111,-0.2201660103269698
8478967,20222023,F,"CBJ,VAN",27,22,17258,10,22,0.45454545454545453,8.0,22,0.36363636363636365,9,22,0.4090909090909091,7.5,22,0.3409090909090909,0.4799154037944793,-0.6738514935878186,-0.19393608979333932
8478970,20222023,D,CAR,78,77,58676,58,77,0.7532467532467533,56.0,77,0.7272727272727273,47,77,0.6103896103896104,44.0,77,0.5714285714285714,0.14923880916711108,0.054625062289771265,0.20386387145688234
8478970,20232024,D,CAR,72,71,59251,45,71,0.6338028169014085,41.0,71,0.5774647887323944,36,71,0.5070422535211268,33.5,71,0.47183098591549294,0.2629831630442787,0.1869699341889548,0.4499530972332335
8478970,20242025,D,CAR,75,75,74185,48,75,0.64,43.5,75,0.58,39,75,0.52,36.0,75,0.48,0.052251365738405386,-0.09408519070534238,-0.041833824966936994
8478970,20252026,D,CAR,72,71,75024,42,71,0.5915492957746479,37.0,71,0.5211267605633803,33,71,0.4647887323943662,27.5,71,0.3873239436619718,-0.2722482780778219,-0.25620922362188603,-0.528457501699708
8478975,20222023,F,DAL,68,68,54552,36,68,0.5294117647058824,32.0,68,0.47058823529411764,28,68,0.4117647058823529,23.5,68,0.34558823529411764,0.17180634337398137,-0.4404294715216137,-0.26862312814763234
8478975,20232024,F,DAL,81,81,63424,45,81,0.5555555555555556,47.5,81,0.5864197530864198,36,81,0.4444444444444444,34.5,81,0.42592592592592593,0.27597568246606574,-0.4577272932912786,-0.18175161082521285
8478975,20242025,F,DAL,60,58,45868,28,58,0.4827586206896552,27.5,58,0.47413793103448276,29,58,0.5,28.0,58,0.4827586206896552,0.41166757043138835,-0.4688302080348943,-0.05716263760350593
8478975,20252026,F,"CBJ,SEA",68,68,59953,32,68,0.47058823529411764,34.5,68,0.5073529411764706,32,68,0.47058823529411764,34.0,68,0.5,0.3102150029660753,0.05566176639567111,0.3658767693617464
8479022,20242025,F,PHI,22,12,11676,8,12,0.6666666666666666,8.5,12,0.7083333333333334,6,12,0.5,7.5,12,0.625,0.15809044448938225,-0.5803759882189659,-0.4222855437295836
8479022,20252026,F,PHI,42,29,23623,8,29,0.27586206896551724,12.5,28,0.44642857142857145,7,29,0.2413793103448276,11.0,28,0.39285714285714285,-0.9181451958975673,-0.2935287351357241,-1.2116739310332914
8479026,20242025,D,TOR,32,31,28960,15,31,0.4838709677419355,14.5,31,0.46774193548387094,15,31,0.4838709677419355,17.5,31,0.5645161290322581,0.03994063783555202,-0.1889648002658677,-0.1490241624303157
8479026,20252026,D,TOR,39,37,30477,11,37,0.2972972972972973,11.5,36,0.3194444444444444,16,37,0.43243243243243246,12.0,36,0.3333333333333333,-0.4281344251444612,-0.1661881613121472,-0.5943225864566084
8479066,20222023,F,FLA,82,59,50132,31,59,0.5254237288135594,29.5,59,0.5,23,59,0.3898305084745763,24.0,59,0.4067796610169492,0.033800840464245585,-0.47668569061801147,-0.4428848501537659
8479066,20232024,F,FLA,75,42,38557,16,42,0.38095238095238093,19.5,41,0.47560975609756095,16,42,0.38095238095238093,15.5,41,0.3780487804878049,-0.8052453946466749,-0.14366033519652577,-0.9489057298432007
8479066,20242025,F,CGY,77,33,37091,13,33,0.3939393939393939,15.0,33,0.45454545454545453,15,33,0.45454545454545453,17.0,33,0.5151515151515151,-0.41807290243793016,-0.017712342068723963,-0.4357852445066541
8479066,20252026,F,CGY,57,35,29015,9,35,0.2571428571428571,7.5,34,0.22058823529411764,11,35,0.3142857142857143,12.0,34,0.35294117647058826,-0.14511808472631582,-0.20490035331696266,-0.3500184380432785
8479291,20232024,F,CGY,33,22,17173,14,22,0.6363636363636364,9.5,20,0.475,12,22,0.5454545454545454,11.0,20,0.55,-0.46993829749394944,0.11360587845773518,-0.35633241903621427
8479291,20242025,F,CGY,67,24,30036,10,24,0.4166666666666667,11.5,24,0.4791666666666667,9,24,0.375,12.5,24,0.5208333333333334,-0.5470843230746112,0.13199138287829326,-0.4150929401963179
8479293,20222023,F,SEA,82,78,56730,45,78,0.5769230769230769,47.0,77,0.6103896103896104,42,78,0.5384615384615384,39.5,77,0.512987012987013,-0.3094429734653241,0.42825231129233843,0.1188093378270143
8479293,20232024,F,SEA,66,64,46911,23,64,0.359375,29.0,64,0.453125,23,64,0.359375,24.0,64,0.375,-0.4859161264665701,-0.15433870670570826,-0.6402548331722784
8479293,20242025,F,"SEA,WPG",76,73,50452,38,73,0.5205479452054794,34.0,71,0.4788732394366197,39,73,0.5342465753424658,39.5,71,0.5563380281690141,-0.16224453681882567,-0.10208341685398636,-0.26432795367281203
8479293,20252026,F,UTA,55,34,28524,14,34,0.4117647058823529,14.5,33,0.4393939393939394,12,34,0.35294117647058826,12.0,33,0.36363636363636365,-0.6116758917115193,-0.23259846771349046,-0.8442743594250097
8479314,20222023,F,FLA,79,79,73553,58,79,0.7341772151898734,59.0,79,0.7468354430379747,60,79,0.759493670886076,53.5,79,0.6772151898734177,1.2090243456095378,0.13990560570600374,1.3489299513155415
8479314,20232024,F,FLA,80,79,68373,46,79,0.5822784810126582,50.0,79,0.6329113924050633,44,79,0.5569620253164557,43.0,79,0.5443037974683544,0.6680920616090948,-0.2410949518667227,0.42699710974237215
8479314,20242025,F,FLA,52,52,46166,37,52,0.7115384615384616,36.5,52,0.7019230769230769,29,52,0.5576923076923077,29.0,52,0.5576923076923077,0.5984737972015872,-0.09323118897941951,0.5052426082221677
8479314,20252026,F,FLA,31,31,26386,14,31,0.45161290322580644,14.5,31,0.46774193548387094,18,31,0.5806451612903226,19.0,31,0.6129032258064516,0.3784742393958469,0.02476462024573678,0.4032388596415837
8479315,20222023,F,"CHI,TOR",38,32,23418,15,32,0.46875,18.0,32,0.5625,18,32,0.5625,20.0,32,0.625,-0.24696697467069395,0.5028396835688582,0.25587270889816427
8479315,20232024,F,CHI,55,54,39899,22,54,0.4074074074074074,24.0,53,0.4528301886792453,30,54,0.5555555555555556,31.0,53,0.5849056603773585,0.006480074245501788,0.5245839836929398,0.5310640579384416
8479315,20242025,F,CHI,18,13,11785,6,13,0.46153846153846156,4.5,12,0.375,6,13,0.46153846153846156,6.0,12,0.5,-0.37543858614156833,0.6175053300112285,0.2420667438696602
8479316,20222023,F,SJS,31,29,22703,13,29,0.4482758620689655,14.0,29,0.4827586206896552,10,29,0.3448275862068966,10.0,29,0.3448275862068966,-0.741548145588462,0.3697060351297332,-0.37184211045872884
8479316,20232024,F,SJS,77,76,59166,16,76,0.21052631578947367,18.5,76,0.24342105263157895,25,76,0.32894736842105265,29.0,76,0.3815789473684211,-0.2856932756429429,-0.46668043114281765,-0.7523737067857605
8479316,20242025,F,"CBJ,SJS",75,72,54994,25,72,0.3472222222222222,23.5,70,0.3357142857142857,30,72,0.4166666666666667,31.0,70,0.44285714285714284,-0.3634001208708948,-0.227790816288723,-0.5911909371596178
8479316,20252026,F,"FLA,SJS",63,30,31545,10,30,0.3333333333333333,10.5,29,0.3620689655172414,11,30,0.36666666666666664,12.5,29,0.43103448275862066,-0.26172288221864104,0.2542626351049071,-0.007460247113733942
8479318,20222023,F,TOR,74,74,72341,53,74,0.7162162162162162,52.0,74,0.7027027027027027,43,74,0.581081081081081,44.5,74,0.6013513513513513,0.8000085937766581,-0.004939058682579045,0.7950695350940791
8479318,20232024,F,TOR,81,81,80240,54,81,0.6666666666666666,56.0,81,0.691358024691358,50,81,0.6172839506172839,56.0,81,0.691358024691358,0.393979497946392,0.16914779327980645,0.5631272912261984
8479318,20242025,F,TOR,63,63,61885,42,63,0.6666666666666666,44.0,63,0.6984126984126984,45,63,0.7142857142857143,46.0,63,0.7301587301587301,0.49691997030339774,0.24035192917462211,0.7372718994780199
8479318,20252026,F,TOR,60,60,60458,24,60,0.4,29.5,60,0.49166666666666664,29,60,0.48333333333333334,38.0,60,0.6333333333333333,0.10231043346160806,0.25109312573667,0.35340355919827804
8479322,20222023,F,PHI,60,56,43450,25,56,0.44642857142857145,26.0,56,0.4642857142857143,27,56,0.48214285714285715,28.5,56,0.5089285714285714,0.2650464619083479,-0.3993559831645901,-0.13430952125624218
8479323,20222023,D,NYR,82,82,96069,55,82,0.6707317073170732,46.5,82,0.5670731707317073,57,82,0.6951219512195121,53.0,82,0.6463414634146342,0.3060896768611059,0.636080440811607,0.9421701176727129
8479323,20232024,D,NYR,72,71,80428,41,71,0.5774647887323944,38.0,71,0.5352112676056338,43,71,0.6056338028169014,39.5,71,0.5563380281690141,0.09307523465235024,0.5725427323063106,0.6656179669586608
8479323,20242025,D,NYR,70,70,78835,41,70,0.5857142857142857,43.5,70,0.6214285714285714,44,70,0.6285714285714286,46.0,70,0.6571428571428571,0.36214623111135147,0.4665969002304946,0.8287431313418461
8479323,20252026,D,NYR,55,55,64473,34,55,0.6181818181818182,41.0,55,0.7454545454545455,42,55,0.7636363636363637,42.0,55,0.7636363636363637,0.5866115188582697,0.5266718558317218,1.1132833746899915
8479324,20222023,D,NYR,63,61,63676,37,61,0.6065573770491803,33.0,60,0.55,33,61,0.5409836065573771,38.0,60,0.6333333333333333,0.3037003969909775,0.35863982606824063,0.6623402230592181
8479324,20232024,D,NYR,76,75,76823,35,75,0.4666666666666667,31.5,75,0.42,35,75,0.4666666666666667,30.5,75,0.4066666666666667,-0.4449176087524389,0.14436762915000356,-0.30054997960243535
8479324,20242025,D,"COL,NYR",71,71,73932,30,71,0.4225352112676056,34.0,71,0.4788732394366197,28,71,0.39436619718309857,30.0,71,0.4225352112676056,-0.3111893488703381,-0.3603384677525421,-0.6715278166228802
8479324,20252026,D,SEA,75,74,70165,25,74,0.33783783783783783,27.0,73,0.3698630136986301,32,74,0.43243243243243246,34.5,73,0.4726027397260274,-0.2805527772375931,-0.0643247132003304,-0.3448774904379235
8479325,20222023,D,BOS,67,67,69719,42,67,0.6268656716417911,42.0,67,0.6268656716417911,36,67,0.5373134328358209,36.0,67,0.5373134328358209,0.16024575045546952,0.09561233862006091,0.2558580890755304
8479325,20232024,D,BOS,74,74,86572,34,74,0.4594594594594595,37.5,74,0.5067567567567568,35,74,0.47297297297297297,37.5,74,0.5067567567567568,0.1366842529879082,0.004921702211597712,0.14160595519950592
8479325,20242025,D,BOS,50,50,56058,28,50,0.56,24.0,50,0.48,29,50,0.58,27.5,50,0.55,0.27407667524071977,0.19982470171405708,0.47390137695477685
8479325,20252026,D,BOS,69,68,78476,34,68,0.5,29.5,68,0.4338235294117647,32,68,0.47058823529411764,35.5,68,0.5220588235294118,-0.09732284936313285,0.2849714538388137,0.18764860447568088
8479328,20222023,F,"NYR,OTT",57,34,27862,11,34,0.3235294117647059,14.0,34,0.4117647058823529,15,34,0.4411764705882353,15.5,34,0.45588235294117646,-0.3987294985248582,-0.3838697483131086,-0.7825992468379668
8479328,20232024,F,NYI,27,24,15786,8,24,0.3333333333333333,7.5,24,0.3125,8,24,0.3333333333333333,10.0,24,0.4166666666666667,-0.8507956813830397,-0.25612179052505635,-1.106917471908096
8479333,20222023,D,NYR,16,16,12238,5,16,0.3125,6.5,16,0.40625,5,16,0.3125,6.0,16,0.375,-0.6476682077340943,-0.01818763768590781,-0.6658558454200021
8479335,20222023,F,"BUF,NSH",46,35,26355,10,35,0.2857142857142857,14.5,35,0.4142857142857143,16,35,0.45714285714285713,18.0,35,0.5142857142857142,-0.34736463139158724,-0.20686263688166706,-0.5542272682732543
8479336,20222023,F,LAK,57,42,32141,22,42,0.5238095238095238,22.0,42,0.5238095238095238,14,42,0.3333333333333333,19.0,42,0.4523809523809524,-0.03128990941923693,-0.2686061982370864,-0.29989610765632335
8479336,20232024,F,LAK,50,40,29604,18,40,0.45,20.0,40,0.5,18,40,0.45,17.5,40,0.4375,0.1327263452067724,-0.29017149463799763,-0.15744514943122523
8479336,20242025,F,SJS,52,34,27706,15,34,0.4411764705882353,13.5,33,0.4090909090909091,21,34,0.6176470588235294,21.5,33,0.6515151515151515,0.10154795309873466,0.2918313593384698,0.3933793124372045
8479336,20252026,F,"PHI,SJS",48,40,30617,14,40,0.35,18.0,39,0.46153846153846156,15,40,0.375,15.0,39,0.38461538461538464,-0.4448199193740676,0.05000207018768865,-0.39481784918637897
8479337,20222023,F,OTT,82,81,73139,39,81,0.48148148148148145,46.5,81,0.5740740740740741,39,81,0.48148148148148145,44.0,81,0.5432098765432098,-0.12758148084339682,0.012491223463162004,-0.11509025738023482
8479337,20232024,F,DET,82,82,72703,43,82,0.524390243902439,35.5,82,0.4329268292682927,47,82,0.573170731707317,44.5,82,0.5426829268292683,0.4224457694479056,0.038043929744310034,0.4604896991922156
8479337,20242025,F,DET,78,78,70310,40,78,0.5128205128205128,42.0,78,0.5384615384615384,47,78,0.6025641025641025,45.5,78,0.5833333333333334,0.2751093571464196,0.08466735839131401,0.3597767155377336
8479337,20252026,F,DET,82,82,74678,40,82,0.4878048780487805,35.5,82,0.4329268292682927,47,82,0.573170731707317,42.5,82,0.5182926829268293,0.4550244659914142,0.2727369495892211,0.7277614155806353
8479338,20222023,D,EDM,23,12,11845,9,12,0.75,7.0,12,0.5833333333333334,9,12,0.75,6.0,12,0.5,0.03793018948864946,-0.17905191227983908,-0.14112172279118962
8479339,20222023,F,CBJ,55,54,51894,22,54,0.4074074074074074,24.5,53,0.46226415094339623,31,54,0.5740740740740741,27.0,53,0.5094339622641509,0.16216833362841498,0.25581388730157917,0.41798222092999415
8479339,20232024,F,CBJ,18,17,13260,4,17,0.23529411764705882,5.0,17,0.29411764705882354,7,17,0.4117647058823529,6.0,17,0.35294117647058826,-0.4002074632579655,-0.17876784890617348,-0.578975312164139
8479339,20242025,F,MTL,48,47,35030,20,47,0.425531914893617,22.5,47,0.4787234042553192,20,47,0.425531914893617,27.0,47,0.574468085106383,-0.4110509849432571,-0.03293331196084015,-0.44398429690409724
8479343,20222023,F,ARI,82,81,81753,40,81,0.49382716049382713,33.5,81,0.41358024691358025,52,81,0.6419753086419753,47.5,81,0.5864197530864198,0.32287108462622927,0.007784030167850897,0.33065511479408016
8479343,20232024,F,ARI,78,77,73983,30,77,0.38961038961038963,33.0,76,0.4342105263157895,39,77,0.5064935064935064,39.5,76,0.5197368421052632,-0.20088786681705262,0.22583542882625318,0.024947562009200563
8479343,20242025,F,UTA,77,77,72371,44,77,0.5714285714285714,42.0,77,0.5454545454545454,42,77,0.5454545454545454,35.5,77,0.461038961038961,0.013401361412954671,0.05357006131323905,0.06697142272619372
8479343,20252026,F,UTA,81,81,77000,56,81,0.691358024691358,52.0,81,0.6419753086419753,52,81,0.6419753086419753,46.0,81,0.5679012345679012,0.29301757487606217,0.28335504377496434,0.5763726186510265
8479344,20222023,F,"CAR,EDM",75,63,48990,38,63,0.6031746031746031,36.5,63,0.5793650793650794,29,63,0.4603174603174603,31.5,63,0.5,-0.05952899096514086,-0.04926923878482192,-0.10879822974996278
8479344,20232024,F,PIT,22,13,11552,9,13,0.6923076923076923,8.5,13,0.6538461538461539,10,13,0.7692307692307693,8.0,13,0.6153846153846154,-0.5098651571082642,0.3521461732359641,-0.1577189838723001
8479344,20242025,F,"FLA,PIT",28,26,17549,13,26,0.5,11.5,25,0.46,15,26,0.5769230769230769,14.0,25,0.56,0.12364604112309685,-0.3937331296745725,-0.2700870885514757
8479345,20222023,D,"ARI,OTT",48,48,53133,26,48,0.5416666666666666,22.5,48,0.46875,32,48,0.6666666666666666,26.0,48,0.5416666666666666,0.24442476153325687,-0.11200629169479992,0.13241846983845695
8479345,20232024,D,OTT,82,82,91688,34,82,0.4146341463414634,35.5,82,0.4329268292682927,36,82,0.43902439024390244,38.0,82,0.4634146341463415,-0.01871692916553025,-0.3574959344571149,-0.37621286362264517
8479345,20242025,D,WSH,73,72,78408,35,72,0.4861111111111111,31.5,72,0.4375,31,72,0.4305555555555556,29.5,72,0.4097222222222222,-0.17399324523857063,-0.21592851105610977,-0.3899217562946804
8479345,20252026,D,WSH,80,80,91251,45,80,0.5625,43.0,80,0.5375,46,80,0.575,50.5,80,0.63125,0.29863784886784517,-0.05247259026974449,0.24616525859810068
8479346,20222023,F,CGY,82,82,59821,36,82,0.43902439024390244,36.5,82,0.4451219512195122,31,82,0.3780487804878049,29.0,82,0.35365853658536583,-0.24091880905302476,-0.6037028650750442,-0.844621674128069
8479346,20232024,F,CGY,43,28,24071,11,28,0.39285714285714285,11.0,26,0.4230769230769231,13,28,0.4642857142857143,13.0,26,0.5,-0.030205480784740946,-0.32883219887021076,-0.3590376796549517
8479348,20222023,D,BUF,33,32,27874,15,32,0.46875,13.5,32,0.421875,16,32,0.5,14.0,32,0.4375,0.29751790141305934,-0.15998619995723473,0.1375317014558246
8479351,20222023,F,MIN,65,63,48315,36,63,0.5714285714285714,37.5,63,0.5952380952380952,35,63,0.5555555555555556,36.0,63,0.5714285714285714,0.5465118574620247,-0.1398713853580298,0.4066404721039949
8479351,20232024,F,DAL,77,74,52079,37,74,0.5,42.5,73,0.5821917808219178,32,74,0.43243243243243246,30.0,73,0.410958904109589,-0.5773397312248436,0.14857210578643887,-0.42876762543840474
8479351,20242025,F,DAL,75,72,54557,35,72,0.4861111111111111,38.5,69,0.5579710144927537,32,72,0.4444444444444444,34.0,69,0.4927536231884058,-0.4858254843596641,0.4401927469367539,-0.045632737422910186
8479351,20252026,F,DAL,73,72,57558,36,72,0.5,33.5,70,0.4785714285714286,32,72,0.4444444444444444,28.0,70,0.4,0.027675682287967796,-0.07471031948123619,-0.04703463719326839
8479353,20222023,F,VGK,54,53,38621,24,53,0.4528301886792453,22.5,52,0.4326923076923077,24,53,0.4528301886792453,18.5,52,0.3557692307692308,-0.21058878897550626,-0.09293541760746526,-0.3035242065829715
8479353,20232024,F,VGK,72,67,48662,32,67,0.47761194029850745,29.0,67,0.43283582089552236,28,67,0.417910447761194,28.0,67,0.417910447761194,-0.16601402635491214,-0.3967769053053649,-0.562790931660277
8479353,20242025,F,VGK,77,77,60544,38,77,0.4935064935064935,44.0,77,0.5714285714285714,32,77,0.4155844155844156,36.5,77,0.474025974025974,-0.1505291949197627,-0.21712157778918328,-0.36765077270894597
8479353,20252026,F,VGK,59,57,44205,33,57,0.5789473684210527,28.5,57,0.5,24,57,0.42105263157894735,22.0,57,0.38596491228070173,-0.07076650690477537,-0.10382318005965141,-0.17458968696442678
8479356,20222023,F,"NYI,PHI",28,14,14959,4,14,0.2857142857142857,3.5,14,0.25,6,14,0.42857142857142855,4.0,14,0.2857142857142857,-0.3777265346117522,-0.21208519170673235,-0.5898117263184846
8479356,20242025,F,NSH,19,14,11147,5,14,0.35714285714285715,6.0,13,0.46153846153846156,7,14,0.5,8.0,13,0.6153846153846154,-0.44736425085511633,-0.012870477753918141,-0.46023472860903447
8479359,20232024,F,WSH,81,72,56976,19,72,0.2638888888888889,24.5,71,0.34507042253521125,26,72,0.3611111111111111,26.0,71,0.36619718309859156,-0.5166450567000636,-0.027003025417466464,-0.54364808211753
8479359,20242025,F,BUF,72,45,37413,19,45,0.4222222222222222,19.5,45,0.43333333333333335,17,45,0.37777777777777777,18.0,45,0.4,-0.5752083760640476,0.024006905083129748,-0.5512014709809179
8479359,20252026,F,BUF,81,54,44198,30,54,0.5555555555555556,26.5,53,0.5,25,54,0.46296296296296297,24.5,53,0.46226415094339623,-0.8306559004106893,0.3045314529864087,-0.5261244474242806
8479365,20222023,F,BOS,79,71,50548,42,71,0.5915492957746479,43.5,71,0.6126760563380281,37,71,0.5211267605633803,39.5,71,0.5563380281690141,0.08921238486674055,0.0055461464943080685,0.09475853136104861
8479365,20232024,F,BOS,82,81,58514,40,81,0.49382716049382713,38.5,80,0.48125,40,81,0.49382716049382713,38.5,80,0.48125,0.27446015595798867,-0.17879098193413778,0.09566917402385089
8479365,20242025,F,"BOS,EDM",58,55,41137,21,55,0.38181818181818183,27.0,55,0.4909090909090909,25,55,0.45454545454545453,32.5,55,0.5909090909090909,-0.25819656226972576,-0.3567536810317926,-0.6149502433015184
8479365,20252026,F,EDM,73,59,45120,27,59,0.4576271186440678,25.5,54,0.4722222222222222,26,59,0.4406779661016949,27.5,54,0.5092592592592593,-0.40409749078857704,0.07564864377428959,-0.32844884701428745
8479366,20222023,F,STL,30,22,16389,7,22,0.3181818181818182,4.5,22,0.20454545454545456,8,22,0.36363636363636365,6.0,22,0.2727272727272727,-0.6567029082788607,0.13757007166928448,-0.5191328366095762
8479367,20232024,F,FLA,26,9,11680,6,9,0.6666666666666666,6.5,9,0.7222222222222222,6,9,0.6666666666666666,5.5,9,0.6111111111111112,-0.6646362207062704,0.6413981322125517,-0.023238088493718667
8479368,20222023,F,ANA,69,64,48103,21,64,0.328125,22.0,64,0.34375,36,64,0.5625,32.0,64,0.5,0.03955146475613347,0.06686778087962342,0.10641924563575689
8479368,20232024,F,ANA,52,48,33586,25,48,0.5208333333333334,26.0,48,0.5416666666666666,27,48,0.5625,32.0,48,0.6666666666666666,0.2607247388685514,0.035194080465297706,0.2959188193338491
8479368,20242025,F,"BOS,EDM",22,13,11569,4,13,0.3076923076923077,3.0,12,0.25,3,13,0.23076923076923078,3.5,12,0.2916666666666667,-1.029857122060838,-0.49956483246402916,-1.529421954524867
8479369,20222023,D,CBJ,80,80,86814,29,80,0.3625,28.5,80,0.35625,40,80,0.5,36.0,80,0.45,-0.3141774080123807,0.1574231444355192,-0.1567542635768615
8479369,20232024,D,"BOS,CBJ",38,37,33028,14,37,0.3783783783783784,13.5,37,0.36486486486486486,15,37,0.40540540540540543,15.0,37,0.40540540540540543,-0.4371052954201031,0.14190800966356365,-0.2951972857565395
8479369,20242025,D,BOS,72,71,69773,27,71,0.38028169014084506,31.0,71,0.43661971830985913,29,71,0.4084507042253521,35.0,71,0.49295774647887325,-0.1595864190577787,-0.08283559724601997,-0.24242201630379867
8479369,20252026,D,BOS,77,76,75327,27,76,0.35526315789473684,29.0,76,0.3815789473684211,29,76,0.3815789473684211,26.0,76,0.34210526315789475,-0.20229236815955964,-0.3194947126352621,-0.5217870807948217
8479370,20222023,F,"BUF,MIN",71,65,48702,28,65,0.4307692307692308,29.5,63,0.46825396825396826,31,65,0.47692307692307695,32.5,63,0.5158730158730159,-0.06268115891074055,-0.1130912444529879,-0.17577240336372846
8479370,20232024,F,BUF,43,38,24510,10,38,0.2631578947368421,12.5,38,0.32894736842105265,11,38,0.2894736842105263,11.0,38,0.2894736842105263,-0.6209884971288797,-0.41953595343418026,-1.04052445056306
8479370,20242025,F,CAR,35,21,19053,15,21,0.7142857142857143,12.5,20,0.625,11,21,0.5238095238095238,12.0,20,0.6,0.08296474491248906,0.29533617457398487,0.37830091948647393
8479370,20252026,F,NSH,68,62,44107,27,62,0.43548387096774194,27.0,59,0.4576271186440678,26,62,0.41935483870967744,29.0,59,0.4915254237288136,-0.17184685478828854,-0.1560019217672366,-0.32784877655552513
8479371,20222023,D,NSH,79,79,70369,35,79,0.4430379746835443,35.5,79,0.44936708860759494,40,79,0.5063291139240507,38.0,79,0.4810126582278481,-0.03311747288769773,0.18604527887118882,0.1529278059834911
8479371,20232024,D,NSH,56,55,48759,35,55,0.6363636363636364,33.5,54,0.6203703703703703,26,55,0.4727272727272727,29.0,54,0.5370370370370371,0.2554671705885885,-0.03120991708744869,0.22425725350113979
8479371,20242025,D,"CBJ,NSH",64,63,72134,35,63,0.5555555555555556,33.5,63,0.5317460317460317,40,63,0.6349206349206349,39.5,63,0.626984126984127,0.3627710086408875,-0.03222395922455856,0.33054704941632895
8479371,20252026,D,CBJ,74,73,64075,34,73,0.4657534246575342,35.0,73,0.4794520547945205,31,73,0.4246575342465753,31.5,73,0.4315068493150685,-0.17255410002573868,-0.4034175910541373,-0.575971691079876
8479372,20222023,D,FLA,82,81,62014,55,81,0.6790123456790124,53.5,81,0.6604938271604939,50,81,0.6172839506172839,55.0,81,0.6790123456790124,0.24267993870534843,0.18756663349135927,0.4302465721967077
8479372,20232024,D,FLA,30,28,20697,16,28,0.5714285714285714,13.0,27,0.48148148148148145,12,28,0.42857142857142855,10.0,27,0.37037037037037035,-0.5871319904271286,0.0962110092005295,-0.4909209812265991
8479372,20242025,D,SEA,61,60,45756,26,60,0.43333333333333335,27.0,60,0.45,29,60,0.48333333333333334,31.0,60,0.5166666666666667,-0.112577008995002,-0.014032707058306837,-0.12660971605330884
8479372,20252026,D,SEA,23,23,18744,9,23,0.391304347826087,13.5,22,0.6136363636363636,10,23,0.43478260869565216,16.0,22,0.7272727272727273,-0.23683391319981628,0.23683426934329832,3.561434820387177e-07
8479378,20222023,D,WPG,19,17,13737,8,17,0.47058823529411764,6.0,17,0.35294117647058826,7,17,0.4117647058823529,6.0,17,0.35294117647058826,-0.13633434026934754,-0.682090617437694,-0.8184249577070415
8479378,20232024,D,WPG,25,25,18556,15,25,0.6,13.0,25,0.52,11,25,0.44,13.0,25,0.52,0.08728529897949144,-0.29052192453560544,-0.203236625556114
8479378,20242025,D,WPG,60,58,50309,33,58,0.5689655172413793,29.0,58,0.5,21,58,0.3620689655172414,22.5,58,0.3879310344827586,-0.25428587710453376,0.031145420767317855,-0.2231404563372159
8479378,20252026,D,"BUF,WPG",76,75,66827,30,75,0.4,32.5,75,0.43333333333333335,31,75,0.41333333333333333,33.0,75,0.44,-0.11660652544025973,-0.29204593425613856,-0.4086524596963983
8479379,20222023,F,"DET,FLA",36,9,14363,6,9,0.6666666666666666,5.5,9,0.6111111111111112,5,9,0.5555555555555556,5.0,9,0.5555555555555556,-0.20073744210401,-0.40345232934459396,-0.604189771448604
8479379,20232024,F,SJS,36,14,16311,6,14,0.42857142857142855,9.5,14,0.6785714285714286,11,14,0.7857142857142857,13.0,14,0.9285714285714286,0.1565648844074332,-0.14500439576368374,0.011560488643749478
8479383,20222023,F,CHI,58,51,36275,14,51,0.27450980392156865,21.0,51,0.4117647058823529,21,51,0.4117647058823529,24.0,51,0.47058823529411764,-0.20044932335017163,0.2705434550416377,0.07009413169146606
8479383,20232024,F,"CHI,OTT",59,52,35728,23,52,0.4423076923076923,22.5,51,0.4411764705882353,27,52,0.5192307692307693,27.0,51,0.5294117647058824,0.18177346975401942,0.11850735492169706,0.3002808246757165
8479385,20222023,F,STL,79,79,70809,31,79,0.3924050632911392,31.0,79,0.3924050632911392,35,79,0.4430379746835443,37.5,79,0.47468354430379744,0.07872552674298827,-0.21406043646559425,-0.13533490972260598
8479385,20232024,F,STL,82,82,74744,39,82,0.47560975609756095,42.0,82,0.5121951219512195,52,82,0.6341463414634146,55.5,82,0.676829268292683,0.47795148611791105,0.1646835662731454,0.6426350523910564
8479385,20242025,F,STL,80,80,71778,46,80,0.575,47.0,79,0.5949367088607594,48,80,0.6,43.0,79,0.5443037974683544,0.3350414863179547,-0.020590247890061253,0.31445123842789346
8479385,20252026,F,STL,71,69,56066,49,69,0.7101449275362319,44.5,69,0.644927536231884,50,69,0.7246376811594203,44.0,69,0.6376811594202898,0.8149378012342812,0.5754567477064083,1.3903945489406895
8479387,20242025,D,COL,37,30,23294,20,30,0.6666666666666666,18.0,30,0.6,14,30,0.4666666666666667,16.5,30,0.55,-0.44877438909388356,0.24966978762909386,-0.1991046014647897
8479388,20222023,D,"BUF,VAN",50,44,39533,16,44,0.36363636363636365,18.0,44,0.4090909090909091,17,44,0.38636363636363635,20.0,44,0.45454545454545453,0.1301395230678528,-0.41746616784866886,-0.28732664478081604
8479390,20222023,F,CHI,78,78,65190,30,78,0.38461538461538464,33.0,78,0.4230769230769231,44,78,0.5641025641025641,45.0,78,0.5769230769230769,0.04811650926320121,0.48877444344198606,0.5368909527051873
8479390,20232024,F,CHI,73,72,55914,24,72,0.3333333333333333,29.5,71,0.4154929577464789,37,72,0.5138888888888888,39.0,71,0.5492957746478874,-0.10214574551655042,0.2467758989891662,0.14463015347261576
8479390,20242025,F,WSH,77,75,52243,42,75,0.56,40.5,72,0.5625,42,75,0.56,40.0,72,0.5555555555555556,0.2847644935313949,0.0603494629740311,0.345113956505426
8479390,20252026,F,NYR,68,50,41699,23,50,0.46,25.5,48,0.53125,21,50,0.42,23.5,48,0.4895833333333333,-0.1866508879833373,0.006669798961547624,-0.17998108902178966
8479393,20222023,F,SJS,57,55,40196,20,55,0.36363636363636365,25.5,55,0.4636363636363636,23,55,0.41818181818181815,25.0,55,0.45454545454545453,0.055047526320151974,-0.7128067979841397,-0.6577592716639877
8479393,20232024,F,TOR,63,48,36086,16,48,0.3333333333333333,16.5,48,0.34375,12,48,0.25,14.0,48,0.2916666666666667,-0.7800983204541607,-0.5621287467308798,-1.3422270671850405
8479393,20242025,F,"OTT,SJS",48,39,28302,8,39,0.20512820512820512,10.5,37,0.28378378378378377,11,39,0.28205128205128205,9.0,37,0.24324324324324326,-0.6549828635649264,0.1348069423607745,-0.5201759212041519
8479393,20252026,F,FLA,37,20,19041,10,20,0.5,8.5,20,0.425,8,20,0.4,7.0,20,0.35,-0.5607913261010484,-0.10456438915078303,-0.6653557152518315
8479395,20242025,D,"NJD,NYI",39,32,27326,18,32,0.5625,13.0,31,0.41935483870967744,17,32,0.53125,14.0,31,0.45161290322580644,-0.3399635417343241,0.060803745267250076,-0.279159796467074
8479395,20252026,D,NJD,17,17,14016,8,17,0.47058823529411764,6.5,17,0.38235294117647056,6,17,0.35294117647058826,5.0,17,0.29411764705882354,-0.3542622542967022,-0.20600967870448894,-0.5602719330011912
8479398,20222023,D,COL,76,76,80817,45,76,0.5921052631578947,42.0,76,0.5526315789473685,37,76,0.4868421052631579,33.5,76,0.4407894736842105,0.3108068119511711,-0.2354452767861921,0.07536153516497901
8479398,20232024,D,COL,59,58,56088,36,58,0.6206896551724138,34.0,58,0.5862068965517241,33,58,0.5689655172413793,31.5,58,0.5431034482758621,0.4389222425524517,-0.266007807441889,0.1729144351105627
8479398,20242025,D,COL,70,70,74493,37,70,0.5285714285714286,35.0,70,0.5,34,70,0.4857142857142857,28.0,70,0.4,0.18388386958854142,-0.22412036830255033,-0.04023649871400892
8479398,20252026,D,"COL,PIT",60,60,57086,37,60,0.6166666666666667,37.5,60,0.625,30,60,0.5,27.5,60,0.4583333333333333,0.25751308881201185,0.011111848621288889,0.26862493743330074
8479400,20222023,F,WPG,73,73,65041,41,73,0.5616438356164384,43.0,73,0.589041095890411,41,73,0.5616438356164384,43.0,73,0.589041095890411,0.13525552945047492,0.12747041197008935,0.26272594142056427
8479400,20232024,F,LAK,82,82,63958,42,82,0.5121951219512195,41.0,81,0.5061728395061729,36,82,0.43902439024390244,37.5,81,0.46296296296296297,0.3362630284669361,-0.4060953876146929,-0.06983235914775676
8479400,20242025,F,WSH,79,79,67738,48,79,0.6075949367088608,50.5,78,0.6474358974358975,51,79,0.6455696202531646,49.0,78,0.6282051282051282,0.5833711197129432,0.06617891018522659,0.6495500298981698
8479400,20252026,F,WSH,29,27,23486,13,27,0.48148148148148145,12.0,27,0.4444444444444444,13,27,0.48148148148148145,11.0,27,0.4074074074074074,0.20582580146905416,-0.05824394556713486,0.1475818559019193
8479402,20222023,D,CBJ,14,13,11565,3,13,0.23076923076923078,3.5,13,0.2692307692307692,6,13,0.46153846153846156,6.0,13,0.46153846153846156,-0.06578404747325894,-0.40619855522990234,-0.4719826027031613
8479402,20232024,D,CBJ,72,72,62218,26,72,0.3611111111111111,29.5,72,0.4097222222222222,36,72,0.5,34.0,72,0.4722222222222222,-0.11083102062736705,0.03312999292999663,-0.07770102769737042
8479402,20242025,D,CGY,61,61,51443,25,61,0.4098360655737705,27.5,61,0.45081967213114754,29,61,0.47540983606557374,32.0,61,0.5245901639344263,0.1756839988369241,-0.3051630674460091,-0.12947906860908498
8479402,20252026,D,CGY,16,16,13630,9,16,0.5625,10.5,16,0.65625,10,16,0.625,10.5,16,0.65625,0.5328685090922489,0.3511295418443452,0.8839980509365941
8479407,20222023,F,NJD,82,82,70007,58,82,0.7073170731707317,52.0,82,0.6341463414634146,49,82,0.5975609756097561,39.0,82,0.47560975609756095,0.5972804766171596,-0.0685409926213616,0.528739483995798
8479407,20232024,F,NJD,82,82,74008,55,82,0.6707317073170732,52.5,82,0.6402439024390244,61,82,0.7439024390243902,61.0,82,0.7439024390243902,0.5393630526135538,0.2964336099458409,0.8357966625593947
8479407,20242025,F,NJD,77,77,67907,42,77,0.5454545454545454,40.5,77,0.525974025974026,41,77,0.5324675324675324,38.5,77,0.5,0.3231800343230615,0.014357791380289253,0.3375378257033508
8479407,20252026,F,NJD,82,82,74638,48,82,0.5853658536585366,45.5,82,0.5548780487804879,57,82,0.6951219512195121,51.5,82,0.6280487804878049,0.7424460379787203,0.15885582980225976,0.9013018677809801
8479410,20222023,D,TBL,79,79,89037,46,79,0.5822784810126582,46.0,79,0.5822784810126582,37,79,0.46835443037974683,42.5,79,0.5379746835443038,0.24705117719209557,0.05899014908057776,0.30604132627267333
8479410,20232024,D,TBL,34,33,37013,16,33,0.48484848484848486,17.0,33,0.5151515151515151,14,33,0.42424242424242425,13.0,33,0.3939393939393939,-0.028882851349629313,-0.16106026243057237,-0.18994311378020168
8479410,20242025,D,UTA,73,73,87634,40,73,0.547945205479452,40.5,73,0.5547945205479452,37,73,0.5068493150684932,33.5,73,0.4589041095890411,-0.20784181028716242,0.2545564883560041,0.046714678068841664
8479410,20252026,D,UTA,77,77,90218,37,77,0.4805194805194805,38.5,77,0.5,32,77,0.4155844155844156,27.0,77,0.35064935064935066,-0.4105430712594744,0.14985864829583706,-0.26068442296363736
8479414,20222023,F,NJD,43,37,26903,21,37,0.5675675675675675,19.5,37,0.527027027027027,15,37,0.40540540540540543,15.5,37,0.4189189189189189,-0.45792275479905253,0.058693674914027216,-0.3992290798850253
8479414,20232024,F,NJD,54,33,27759,17,33,0.5151515151515151,16.0,33,0.48484848484848486,15,33,0.45454545454545453,15.0,33,0.45454545454545453,-0.5346583929782593,-0.22757552804854564,-0.762233921026805
8479414,20242025,F,NJD,56,44,31845,18,44,0.4090909090909091,18.0,44,0.4090909090909091,17,44,0.38636363636363635,18.0,44,0.4090909090909091,-0.7226846531037363,0.20980067066624564,-0.5128839824374907
8479414,20252026,F,DAL,36,15,17280,7,15,0.4666666666666667,7.5,15,0.5,4,15,0.26666666666666666,9.0,15,0.6,-0.04042649805132292,-0.25615321892563214,-0.29657971697695507
8479415,20222023,F,NJD,80,69,51209,34,69,0.4927536231884058,34.5,69,0.5,32,69,0.463768115942029,27.5,69,0.39855072463768115,-0.4039748577879241,-0.3817893563084196,-0.7857642140963437
8479415,20232024,F,NJD,45,44,36093,26,44,0.5909090909090909,23.5,44,0.5340909090909091,25,44,0.5681818181818182,24.0,44,0.5454545454545454,0.06728932054713876,0.11937340209350866,0.18666272264064743
8479420,20222023,F,BUF,78,77,69138,37,77,0.4805194805194805,36.0,77,0.4675324675324675,41,77,0.5324675324675324,41.5,77,0.538961038961039,0.41760882974034574,-0.2570737777716334,0.16053505196871232
8479420,20232024,F,BUF,71,68,62836,33,68,0.4852941176470588,32.5,68,0.47794117647058826,32,68,0.47058823529411764,33.5,68,0.49264705882352944,0.0928581510685329,0.19514660624831803,0.28800475731685093
8479420,20242025,F,BUF,72,71,66603,40,71,0.5633802816901409,39.0,71,0.5492957746478874,40,71,0.5633802816901409,43.0,71,0.6056338028169014,0.2929728780397305,0.1714651998107537,0.4644380778504842
8479420,20252026,F,BUF,81,81,75625,41,81,0.5061728395061729,40.0,81,0.49382716049382713,35,81,0.43209876543209874,40.5,81,0.5,0.01613852706902108,-0.032545499099704944,-0.016406972030683864
8479421,20232024,D,LAK,24,14,13714,9,14,0.6428571428571429,7.0,13,0.5384615384615384,9,14,0.6428571428571429,7.0,13,0.5384615384615384,0.2524917483818663,-0.09525960749206819,0.1572321408897981
8479421,20242025,D,LAK,46,42,30994,25,42,0.5952380952380952,26.5,42,0.6309523809523809,20,42,0.47619047619047616,22.0,42,0.5238095238095238,0.22998739642413568,0.004745764950276898,0.23473316137441258
8479423,20232024,F,"CBJ,PIT",28,28,24004,13,28,0.4642857142857143,14.0,28,0.5,18,28,0.6428571428571429,17.0,28,0.6071428571428571,0.30822015509673273,-0.2764403766082726,0.03177977848846014
8479425,20222023,D,"DET,VAN",64,62,65045,27,62,0.43548387096774194,25.0,61,0.4098360655737705,35,62,0.5645161290322581,31.5,61,0.5163934426229508,-0.12259944179905391,0.2090457873299565,0.08644634553090258
8479425,20232024,D,VAN,81,81,92350,50,81,0.6172839506172839,46.0,81,0.5679012345679012,39,81,0.48148148148148145,37.0,81,0.4567901234567901,0.2583896922594153,-0.3897343707820231,-0.13134467852260778
8479425,20242025,D,VAN,57,57,66212,36,57,0.631578947368421,35.5,57,0.6228070175438597,38,57,0.6666666666666666,40.0,57,0.7017543859649122,0.595152845287598,0.12295791702755521,0.7181107623151533
8479425,20252026,D,VAN,81,81,99829,33,81,0.4074074074074074,28.5,81,0.35185185185185186,51,81,0.6296296296296297,40.5,81,0.5,0.20180899157262155,0.15054999350092002,0.3523589850735416
8479439,20222023,D,"COL,SJS",58,43,36942,20,43,0.46511627906976744,22.0,42,0.5238095238095238,25,43,0.5813953488372093,25.0,42,0.5952380952380952,-0.1724887120966363,-0.16367432787877156,-0.33616303997540786
8479439,20232024,D,SJS,34,26,20566,8,26,0.3076923076923077,9.5,25,0.38,13,26,0.5,15.0,25,0.6,-0.2127424926708512,0.3584488040327427,0.1457063113618915
8479442,20222023,D,"ARI,CGY",81,81,66238,30,81,0.37037037037037035,31.5,81,0.3888888888888889,34,81,0.41975308641975306,33.5,81,0.41358024691358025,-0.3104437603476087,-0.4769421771747364,-0.7873859375223451
8479442,20232024,D,"ARI,EDM",54,54,49869,27,54,0.5,27.0,53,0.5094339622641509,27,54,0.5,26.5,53,0.5,-0.21678216714419296,0.09938209619426353,-0.11740007094992944
8479442,20242025,D,EDM,63,61,47867,28,61,0.45901639344262296,31.5,60,0.525,21,61,0.3442622950819672,30.0,60,0.5,-0.5198361908641265,-0.19163641997637582,-0.7114726108405023
8479442,20252026,D,"EDM,TOR",64,64,63770,24,64,0.375,32.0,64,0.5,34,64,0.53125,38.5,64,0.6015625,-0.061857033665245975,-0.2374169735561411,-0.2992740072213871
8479458,20222023,D,"CHI,OTT",46,45,37864,17,45,0.37777777777777777,17.0,45,0.37777777777777777,17,45,0.37777777777777777,16.0,45,0.35555555555555557,-0.2502027081062512,-0.2723624728486369,-0.5225651809548881
8479458,20232024,D,CHI,38,37,31674,10,37,0.2702702702702703,14.0,37,0.3783783783783784,17,37,0.4594594594594595,19.0,37,0.5135135135135135,-0.054779082693697356,-0.0445203372639007,-0.09929941995759806
8479514,20222023,F,MTL,46,39,30590,11,39,0.28205128205128205,9.0,39,0.23076923076923078,13,39,0.3333333333333333,13.0,39,0.3333333333333333,-0.30035017037079914,-0.9040419623416684,-1.2043921327124676
8479520,20222023,F,MIN,51,40,29441,25,40,0.625,23.0,40,0.575,23,40,0.575,25.0,40,0.625,0.24297214965400826,0.037161791159809,0.28013394081381726
8479520,20232024,F,"COL,MIN",80,51,42376,23,51,0.45098039215686275,26.5,51,0.5196078431372549,22,51,0.43137254901960786,23.0,51,0.45098039215686275,-0.47904532473561834,-0.2037689794756674,-0.6828143042112857
8479520,20242025,F,WSH,79,76,53758,41,76,0.5394736842105263,38.5,74,0.5202702702702703,40,76,0.5263157894736842,37.5,74,0.5067567567567568,-0.5095714554226225,0.5273678154266996,0.01779636000407714
8479520,20252026,F,WSH,82,62,47635,26,62,0.41935483870967744,30.0,61,0.4918032786885246,26,62,0.41935483870967744,30.0,61,0.4918032786885246,-0.7361904268105453,0.6267739604915077,-0.10941646631903756
8479525,20222023,F,TBL,81,73,51591,38,73,0.5205479452054794,37.5,73,0.5136986301369864,39,73,0.5342465753424658,34.0,73,0.4657534246575342,-0.022366643820903143,-0.06067733413954768,-0.08304397796045082
8479525,20232024,F,COL,80,78,55872,42,78,0.5384615384615384,47.0,78,0.6025641025641025,41,78,0.5256410256410257,44.5,78,0.5705128205128205,0.33417711028525776,-0.38920863748475254,-0.05503152719949478
8479525,20242025,F,COL,61,60,44981,34,60,0.5666666666666667,34.5,60,0.575,30,60,0.5,31.0,60,0.5166666666666667,0.012068059371397322,0.19480348698217131,0.20687154635356864
8479525,20252026,F,COL,72,68,47900,41,68,0.6029411764705882,41.0,68,0.6029411764705882,35,68,0.5147058823529411,33.5,68,0.49264705882352944,0.3916319358276472,-0.1983811239827209,0.19325081184492632
8479536,20222023,F,WPG,50,32,27385,18,32,0.5625,17.0,32,0.53125,16,32,0.5,18.0,32,0.5625,-0.46733137240887856,0.1873693575874653,-0.27996201482141325
8479536,20232024,F,WPG,26,12,12120,10,12,0.8333333333333334,7.0,11,0.6363636363636364,9,12,0.75,5.0,11,0.45454545454545453,-0.05919511834746238,0.24864233587525475,0.18944721752779237
8479542,20222023,F,TBL,81,81,70397,45,81,0.5555555555555556,48.5,81,0.5987654320987654,39,81,0.48148148148148145,45.5,81,0.5617283950617284,0.49464274330732616,0.014833734363623119,0.5094764776709493
8479542,20232024,F,TBL,82,82,76455,52,82,0.6341463414634146,50.5,82,0.6158536585365854,51,82,0.6219512195121951,50.5,82,0.6158536585365854,0.6799814032014697,0.01223195742982952,0.6922133606312992
8479542,20242025,F,TBL,79,79,78038,50,79,0.6329113924050633,53.0,79,0.6708860759493671,60,79,0.759493670886076,53.0,79,0.6708860759493671,0.455144742901211,0.5231256869346677,0.9782704298358786
8479542,20252026,F,TBL,71,69,65639,48,69,0.6956521739130435,51.5,69,0.7463768115942029,49,69,0.7101449275362319,51.0,69,0.7391304347826086,1.05126230219195,-0.05075787134091225,1.0005044308510378
8479543,20222023,F,MTL,63,37,31648,18,37,0.4864864864864865,18.0,37,0.4864864864864865,21,37,0.5675675675675675,18.0,37,0.4864864864864865,0.033218796529025596,0.017655702066082135,0.05087449859510773
8479543,20232024,F,MTL,61,21,25869,5,21,0.23809523809523808,4.5,20,0.225,6,21,0.2857142857142857,6.0,20,0.3,-0.8198492293884847,0.14776696589320037,-0.6720822634952843
8479546,20232024,F,BOS,34,20,17269,6,20,0.3,9.0,19,0.47368421052631576,8,20,0.4,9.5,19,0.5,-0.8522677119144655,0.4843179341097603,-0.36794977780470517
8479547,20232024,F,"PIT,WSH",31,20,16396,13,20,0.65,11.0,20,0.55,12,20,0.6,11.0,20,0.55,-0.2372975537312798,-0.05549938319936398,-0.2927969369306438
8479550,20222023,F,PHI,32,20,16665,8,20,0.4,8.5,20,0.425,8,20,0.4,9.5,20,0.475,-0.9514858364861183,0.21528006764344276,-0.7362057688426755
8479576,20222023,D,EDM,36,32,24433,24,32,0.75,24.0,32,0.75,17,32,0.53125,17.5,32,0.546875,-0.2592224537708434,0.3475081396695989,0.08828568589875552
8479576,20232024,D,EDM,78,76,63103,40,76,0.5263157894736842,45.5,76,0.5986842105263158,37,76,0.4868421052631579,37.0,76,0.4868421052631579,-0.9209640387299483,0.23633987149886204,-0.6846241672310862
8479576,20242025,D,"PIT,SJS,VAN",51,51,42343,22,51,0.43137254901960786,24.0,49,0.4897959183673469,23,51,0.45098039215686275,22.0,49,0.4489795918367347,-0.11348632467181785,0.3467769019372864,0.23329057726546854
8479576,20252026,D,SJS,53,53,48741,28,53,0.5283018867924528,26.0,52,0.5,31,53,0.5849056603773585,28.0,52,0.5384615384615384,-0.2974601553823848,0.8005861210211198,0.503125965638735
8479578,20222023,D,"BUF,FLA",27,19,15743,11,19,0.5789473684210527,6.5,18,0.3611111111111111,7,19,0.3684210526315789,5.0,18,0.2777777777777778,-0.29264572182603876,-0.8335975981243573,-1.126243319950396
8479580,20222023,F,OTT,60,40,32418,17,40,0.425,17.0,40,0.425,15,40,0.375,18.5,40,0.4625,-0.8176734812068411,-0.2507015807824038,-1.068375061989245
8479591,20222023,F,"SJS,TBL,WPG",54,45,35691,29,45,0.6444444444444445,28.0,45,0.6222222222222222,26,45,0.5777777777777777,29.0,45,0.6444444444444445,0.5710434041787913,0.21850593288004738,0.7895493370588387
8479591,20232024,F,TBL,81,77,53045,41,77,0.5324675324675324,40.0,77,0.5194805194805194,35,77,0.45454545454545453,38.5,77,0.5,-0.1387548778992027,-0.016370480148627742,-0.15512535804783045
8479591,20242025,F,"SEA,TBL",74,65,44095,34,65,0.5230769230769231,34.0,64,0.53125,33,65,0.5076923076923077,27.5,64,0.4296875,0.014374382269905173,0.11521635254296303,0.1295907348128682
8479591,20252026,F,BOS,56,41,32371,23,41,0.5609756097560976,21.5,41,0.524390243902439,22,41,0.5365853658536586,24.0,41,0.5853658536585366,0.06569519303977511,0.14014959279002737,0.20584478582980248
8479619,20232024,F,ARI,74,63,45714,24,63,0.38095238095238093,22.5,62,0.3629032258064516,25,63,0.3968253968253968,25.5,62,0.4112903225806452,-0.08229824142341391,-0.5973388579108794,-0.6796370993342933
8479619,20242025,F,UTA,52,46,31286,27,46,0.5869565217391305,22.5,44,0.5113636363636364,22,46,0.4782608695652174,19.0,44,0.4318181818181818,0.2453665328563619,-0.4084704290353751,-0.16310389617901322
8479619,20252026,F,UTA,78,75,52325,46,75,0.6133333333333333,41.5,75,0.5533333333333333,45,75,0.6,38.0,75,0.5066666666666667,0.5309634938989691,-0.024479757326186125,0.506483736572783
8479638,20232024,F,BOS,19,17,11319,11,17,0.6470588235294118,11.5,17,0.6764705882352942,10,17,0.5882352941176471,11.0,17,0.6470588235294118,0.03597321926823405,0.5813004375463808,0.6172736568146149
8479638,20242025,F,"BOS,MIN",74,60,46371,28,60,0.4666666666666667,28.0,58,0.4827586206896552,29,60,0.48333333333333334,33.0,58,0.5689655172413793,0.04342035811410572,-0.25421054996103987,-0.21079019184693415
8479638,20252026,F,PIT,64,60,42755,28,60,0.4666666666666667,30.0,60,0.5,28,60,0.4666666666666667,28.5,60,0.475,0.1070592938362549,-0.20686059048433325,-0.09980129664807835
8479639,20222023,D,CAR,17,15,11214,13,15,0.8666666666666667,12.0,15,0.8,10,15,0.6666666666666666,10.0,15,0.6666666666666666,0.4912562422000355,-0.10077654792209056,0.39047969427794493
8479661,20222023,F,"NSH,TBL",76,74,53553,34,74,0.4594594594594595,36.5,74,0.49324324324324326,33,74,0.44594594594594594,37.5,74,0.5067567567567568,-0.09871073188257418,0.018993098937693187,-0.07971763294488099
8479661,20232024,F,TBL,55,49,34610,26,49,0.5306122448979592,25.5,46,0.5543478260869565,28,49,0.5714285714285714,25.0,46,0.5434782608695652,-0.15050700704083209,0.18357015980172564,0.033063152760893555
8479661,20242025,F,LAK,67,60,42309,34,60,0.5666666666666667,30.0,59,0.5084745762711864,28,60,0.4666666666666667,26.5,59,0.4491525423728814,-0.26532462669389245,-0.035450947318591775,-0.3007755740124842
8479661,20252026,F,BOS,77,71,50016,35,71,0.49295774647887325,32.0,71,0.4507042253521127,41,71,0.5774647887323944,37.5,71,0.528169014084507,0.037644852075939816,0.10170546347000586,0.13935031554594568
8479671,20222023,F,CBJ,66,54,42035,18,54,0.3333333333333333,21.5,54,0.39814814814814814,23,54,0.42592592592592593,26.5,54,0.49074074074074076,-0.17330761638867997,-0.086323736577683,-0.25963135296636297
8479671,20232024,F,CBJ,54,45,33401,18,45,0.4,19.0,45,0.4222222222222222,19,45,0.4222222222222222,26.0,45,0.5777777777777777,-0.06521485188009901,0.29171547603897885,0.22650062415887984
8479671,20242025,F,CBJ,78,78,59987,29,78,0.3717948717948718,38.0,78,0.48717948717948717,38,78,0.48717948717948717,40.5,78,0.5192307692307693,-0.20339076129089495,0.07951990326561198,-0.12387085802528297
8479671,20252026,F,CBJ,61,58,47426,35,58,0.603448275862069,34.0,57,0.5964912280701754,34,58,0.5862068965517241,31.0,57,0.543859649122807,0.07892035964359279,0.26628283960937704,0.34520319925296983
8479675,20222023,F,LAK,59,59,48097,33,59,0.559322033898305,38.5,58,0.6637931034482759,27,59,0.4576271186440678,34.0,58,0.5862068965517241,-0.1017052987442919,0.17133708126250058,0.06963178251820867
8479675,20232024,F,LAK,82,82,69706,53,82,0.6463414634146342,47.0,82,0.573170731707317,51,82,0.6219512195121951,46.5,82,0.5670731707317073,0.43537322739221906,0.1266019815844892,0.5619752089767083
8479675,20242025,F,LAK,68,68,56844,40,68,0.5882352941176471,42.0,68,0.6176470588235294,34,68,0.5,37.0,68,0.5441176470588235,0.16892588591209412,-0.11485866207153395,0.054067223840560175
8479675,20252026,F,LAK,68,68,56310,37,68,0.5441176470588235,42.5,68,0.625,38,68,0.5588235294117647,38.0,68,0.5588235294117647,0.07734328722565742,-0.07271097929662007,0.004632307929037349
8479705,20252026,F,"ANA,BOS",44,38,28939,18,38,0.47368421052631576,20.5,38,0.5394736842105263,20,38,0.5263157894736842,20.0,38,0.5263157894736842,0.7303768769896908,-0.4838263641828826,0.24655051280680818
8479718,20232024,F,TBL,36,28,21443,14,28,0.5,12.5,28,0.44642857142857145,15,28,0.5357142857142857,13.5,28,0.48214285714285715,0.22376273397132707,-0.4572771443251251,-0.23351441035379805
8479772,20222023,F,"LAK,PHI",56,45,34928,20,45,0.4444444444444444,17.5,44,0.3977272727272727,21,45,0.4666666666666667,21.0,44,0.4772727272727273,-0.316991340741839,-0.11837296492710703,-0.435364305668946
8479941,20232024,F,CBJ,71,69,51749,31,69,0.4492753623188406,31.5,69,0.45652173913043476,34,69,0.4927536231884058,36.0,69,0.5217391304347826,0.06708159921910539,0.1456099419860606,0.21269154120516598
8479941,20242025,F,CBJ,57,54,41828,24,54,0.4444444444444444,28.0,54,0.5185185185185185,22,54,0.4074074074074074,30.0,54,0.5555555555555556,-0.17145632573592184,0.2730576649016263,0.10160133916570446
8479944,20222023,F,TOR,77,57,43306,30,57,0.5263157894736842,30.0,57,0.5263157894736842,23,57,0.40350877192982454,24.0,57,0.42105263157894735,-0.6065523335449274,0.014298174626804716,-0.5922541589181227
8479944,20242025,F,CBJ,75,72,54280,34,72,0.4722222222222222,34.5,72,0.4791666666666667,36,72,0.5,36.5,72,0.5069444444444444,-0.0419656960492083,0.13684445413907476,0.09487875808986646
8479944,20252026,F,CBJ,27,17,14593,7,17,0.4117647058823529,9.0,17,0.5294117647058824,9,17,0.5294117647058824,8.0,17,0.47058823529411764,-0.7558737696948241,-0.13451880767193858,-0.8903925773667627
8479945,20222023,D,CBJ,51,49,43296,18,49,0.3673469387755102,17.5,49,0.35714285714285715,25,49,0.5102040816326531,22.5,49,0.45918367346938777,0.3636966427056869,-0.2205906336538357,0.14310600905185122
8479968,20232024,F,MIN,46,28,23594,10,28,0.35714285714285715,11.5,26,0.4423076923076923,8,28,0.2857142857142857,8.0,26,0.3076923076923077,-0.329645354099094,-0.24749021020791684,-0.5771355643070109
8479968,20242025,F,BOS,23,23,16738,8,23,0.34782608695652173,8.5,23,0.3695652173913043,10,23,0.43478260869565216,13.0,23,0.5652173913043478,-0.10145997290945541,-0.32174499875200313,-0.42320497166145854
8479972,20222023,F,MIN,59,50,33143,23,50,0.46,25.0,50,0.5,20,50,0.4,23.0,50,0.46,-0.5267595382801684,0.27049107592110344,-0.256268462359065
8479976,20222023,D,ARI,78,73,70257,36,73,0.4931506849315068,34.5,73,0.4726027397260274,45,73,0.6164383561643836,46.5,73,0.636986301369863,0.48371191444691153,0.3431865299092256,0.8268984443561371
8479976,20232024,D,ARI,68,68,66636,34,68,0.5,36.5,68,0.5367647058823529,38,68,0.5588235294117647,38.0,68,0.5588235294117647,0.17086000252802558,0.18198367944730132,0.3528436819753269
8479976,20242025,D,UTA,43,43,36656,22,43,0.5116279069767442,22.0,43,0.5116279069767442,20,43,0.46511627906976744,21.0,43,0.4883720930232558,0.13021812829920476,-0.3039012092916691,-0.17368308099246432
8479977,20222023,F,EDM,58,57,48245,33,57,0.5789473684210527,34.5,57,0.6052631578947368,25,57,0.43859649122807015,28.5,57,0.5,0.1386744470143806,-0.0436941138207243,0.09498033319365629
8479977,20232024,F,SEA,59,51,35709,26,51,0.5098039215686274,29.0,51,0.5686274509803921,25,51,0.49019607843137253,27.0,51,0.5294117647058824,-0.14382139218337286,0.3014330289522842,0.15761163676891132
8479977,20252026,F,UTA,58,52,37631,31,52,0.5961538461538461,30.0,51,0.5882352941176471,27,52,0.5192307692307693,27.0,51,0.5294117647058824,0.009662190994082387,0.2519464257254702,0.2616086167195526
8479980,20222023,D,VGK,81,81,80395,41,81,0.5061728395061729,37.5,81,0.46296296296296297,38,81,0.4691358024691358,36.5,81,0.4506172839506173,0.012538806338259878,-0.3205297896277983,-0.30799098328953844
8479980,20232024,D,VGK,73,73,71470,38,73,0.5205479452054794,41.5,73,0.5684931506849316,32,73,0.4383561643835616,43.0,73,0.589041095890411,-0.034076487985102766,-0.024119828924862752,-0.05819631690996552
8479980,20242025,D,VGK,68,68,63028,34,68,0.5,35.5,68,0.5220588235294118,27,68,0.39705882352941174,27.5,68,0.40441176470588236,-0.312062093161813,-0.3181168598312101,-0.6301789529930231
8479980,20252026,D,"NSH,VGK",63,61,63557,26,61,0.4262295081967213,27.0,61,0.4426229508196721,29,61,0.47540983606557374,30.5,61,0.5,-0.1202688853717544,-0.4621686047219651,-0.5824374900937195
8479981,20222023,F,SJS,35,19,18138,9,19,0.47368421052631576,11.0,19,0.5789473684210527,9,19,0.47368421052631576,11.0,19,0.5789473684210527,0.2110175906438565,0.13050341095928397,0.3415210016031405
8479981,20232024,F,FLA,39,14,16242,5,14,0.35714285714285715,5.0,14,0.35714285714285715,5,14,0.35714285714285715,5.0,14,0.35714285714285715,-0.7936905433779429,0.023140258500188526,-0.7705502848777543
8479981,20242025,F,FLA,38,16,17434,12,16,0.75,8.5,16,0.53125,10,16,0.625,9.0,16,0.5625,-0.06025135631184719,-0.21595251957299766,-0.27620387588484485
8479982,20222023,D,"ARI,TOR",27,24,21242,19,24,0.7916666666666666,16.5,24,0.6875,13,24,0.5416666666666666,10.5,24,0.4375,0.4584529685970993,0.503038933112983,0.9614919017100823
8479982,20232024,D,TOR,25,25,20166,16,25,0.64,16.5,25,0.66,16,25,0.64,17.0,25,0.68,0.7480904689694663,0.09731401472834822,0.8454044836978145
8479982,20242025,D,"PIT,TOR",65,64,55517,29,64,0.453125,30.5,63,0.48412698412698413,32,64,0.5,28.0,63,0.4444444444444444,0.25155785239383555,-0.11725972626701742,0.13429812612681813
8479982,20252026,D,BUF,39,39,36255,20,39,0.5128205128205128,16.5,39,0.4230769230769231,19,39,0.48717948717948717,17.0,39,0.4358974358974359,-0.20233660256901675,-0.29664906102742084,-0.4989856635964376
8479983,20222023,D,SJS,72,72,77616,24,72,0.3333333333333333,33.5,72,0.4652777777777778,27,72,0.375,26.5,72,0.3680555555555556,-0.26230967362527613,-0.28112940069436254,-0.5434390743196387
8479983,20232024,D,SJS,78,77,89008,22,77,0.2857142857142857,29.5,77,0.38311688311688313,45,77,0.5844155844155844,42.0,77,0.5454545454545454,0.1738136212935404,0.19328951518281734,0.3671031364763577
8479983,20242025,D,SJS,77,77,84596,31,77,0.4025974025974026,34.0,77,0.44155844155844154,43,77,0.5584415584415584,48.5,77,0.6298701298701299,0.41810797655437737,-0.22072836932000195,0.19737960723437542
8479983,20252026,D,SJS,82,81,87246,33,81,0.4074074074074074,37.0,81,0.4567901234567901,40,81,0.49382716049382713,41.0,81,0.5061728395061729,-0.19772507950605567,0.2454387782589582,0.047713698752902545
8479984,20222023,D,"NSH,TBL",50,48,39805,17,48,0.3541666666666667,21.0,48,0.4375,22,48,0.4583333333333333,25.0,48,0.5208333333333334,-0.36098408149535466,-0.3442533807714119,-0.7052374622667665
8479985,20252026,D,SEA,22,20,19655,7,20,0.35,10.0,20,0.5,12,20,0.6,13.0,20,0.65,-0.21389253878164904,0.19428145127001173,-0.019611087511637315
8479987,20222023,F,SEA,69,51,39210,27,51,0.5294117647058824,27.5,51,0.5392156862745098,24,51,0.47058823529411764,25.5,51,0.5,0.16948982355180364,-0.22230285905680613,-0.05281303550500249
8479987,20232024,F,BOS,76,76,59269,38,76,0.5,39.0,76,0.5131578947368421,37,76,0.4868421052631579,39.0,76,0.5131578947368421,0.04594238411621099,-0.09646185245598149,-0.0505194683397705
8479987,20242025,F,BOS,73,71,64128,41,71,0.5774647887323944,37.5,71,0.528169014084507,49,71,0.6901408450704225,44.0,71,0.6197183098591549,0.8155108872717127,-0.009622720328562373,0.8058881669431504
8479987,20252026,F,BOS,81,80,69209,33,80,0.4125,30.0,80,0.375,38,80,0.475,30.5,80,0.38125,-0.109181919500692,-0.11372943381150113,-0.22291135331219314
8479991,20222023,F,"NYR,VGK",35,19,17717,8,19,0.42105263157894735,9.0,19,0.47368421052631576,8,19,0.42105263157894735,8.5,19,0.4473684210526316,-0.8280716469319866,-0.4548004941700512,-1.2828721411020378
8479992,20222023,F,DET,56,55,41331,23,55,0.41818181818181815,24.0,54,0.4444444444444444,29,55,0.5272727272727272,32.5,54,0.6018518518518519,0.23976894453683206,0.0696336001578719,0.30940254469470396
8479992,20232024,F,DET,75,74,56810,32,74,0.43243243243243246,33.0,74,0.44594594594594594,39,74,0.527027027027027,40.5,74,0.5472972972972973,0.012986127118430169,0.03827688113454952,0.05126300825297969
8479992,20242025,F,DET,73,67,49007,32,67,0.47761194029850745,34.0,67,0.5074626865671642,34,67,0.5074626865671642,37.0,67,0.5522388059701493,-0.15101445989435014,0.03174675127006532,-0.11926770862428482
8479992,20252026,F,DET,64,58,41338,22,58,0.3793103448275862,26.0,58,0.4482758620689655,26,58,0.4482758620689655,27.5,58,0.47413793103448276,-0.3863215451451669,-0.032762409897039824,-0.41908395504220675
8479994,20222023,F,LAK,46,30,26435,16,30,0.5333333333333333,15.0,30,0.5,15,30,0.5,17.0,30,0.5666666666666667,-0.42259363203653644,-0.1715359668263261,-0.5941295988628625
8479994,20232024,F,"LAK,NSH",31,25,18553,11,25,0.44,12.5,25,0.5,10,25,0.4,12.5,25,0.5,-0.24917501651758567,-0.6049308676466603,-0.8541058841642459
8479996,20222023,F,NSH,72,66,52339,37,66,0.5606060606060606,34.5,66,0.5227272727272727,43,66,0.6515151515151515,36.5,66,0.553030303030303,0.0009185785246996758,0.4872209836074437,0.4881395621321434
8479996,20232024,F,NSH,41,40,27100,13,40,0.325,12.5,40,0.3125,9,40,0.225,11.0,40,0.275,-0.6066027261352795,-0.6329613056009027,-1.2395640317361822
8479996,20242025,F,"NJD,PIT",61,57,41693,36,57,0.631578947368421,33.0,55,0.6,35,57,0.6140350877192983,28.5,55,0.5181818181818182,-0.022738612690115456,0.4516094773577892,0.42887086466767377
8479996,20252026,F,NJD,70,67,50238,32,67,0.47761194029850745,29.0,67,0.43283582089552236,30,67,0.44776119402985076,29.0,67,0.43283582089552236,-0.10546680851357504,0.06992995210524278,-0.03553685640833226
8479998,20222023,D,LAK,77,76,87013,41,76,0.5394736842105263,40.5,76,0.5328947368421053,38,76,0.5,33.0,76,0.4342105263157895,-0.2043292284831124,0.12580799088786865,-0.07852123759524376
8479998,20232024,D,LAK,74,74,78439,44,74,0.5945945945945946,37.0,74,0.5,36,74,0.4864864864864865,34.5,74,0.46621621621621623,-0.12460105132218091,0.07929141329007017,-0.045309638032110744
8479998,20242025,D,LAK,74,73,87061,45,73,0.6164383561643836,51.0,73,0.6986301369863014,43,73,0.589041095890411,37.5,73,0.5136986301369864,-0.24238053643691604,0.32504521249627905,0.08266467605936301
8479998,20252026,D,LAK,79,78,85623,43,78,0.5512820512820513,38.5,78,0.4935897435897436,38,78,0.48717948717948717,34.5,78,0.4423076923076923,-0.05147468232898689,-0.044551437019576756,-0.09602611934856364
8479999,20222023,F,BUF,82,78,63889,36,78,0.46153846153846156,39.0,78,0.5,42,78,0.5384615384615384,36.5,78,0.46794871794871795,-0.09533613320010703,0.20906191574115818,0.11372578254105115
8479999,20232024,F,"BUF,COL",80,80,71475,47,80,0.5875,42.5,80,0.53125,50,80,0.625,41.5,80,0.51875,0.02321348938184853,0.2487022610444951,0.27191575042634364
8479999,20242025,F,"BOS,COL",77,76,68101,25,76,0.32894736842105265,26.0,74,0.35135135135135137,23,76,0.3026315789473684,23.5,74,0.31756756756756754,-0.4241884943167704,-0.30680812084988984,-0.7309966151666603
8479999,20252026,F,BOS,71,71,54499,34,71,0.4788732394366197,29.5,71,0.4154929577464789,37,71,0.5211267605633803,34.5,71,0.4859154929577465,0.226042676071593,-0.16214771060791078,0.06389496546368223
8480001,20222023,D,ANA,23,23,20515,4,23,0.17391304347826086,7.5,23,0.32608695652173914,13,23,0.5652173913043478,10.5,23,0.45652173913043476,0.09505835268937313,-0.2504553807821317,-0.15539702809275857
8480001,20232024,D,ANA,68,68,60367,30,68,0.4411764705882353,29.0,68,0.4264705882352941,32,68,0.47058823529411764,29.0,68,0.4264705882352941,-0.016795827425049925,0.14515142411465298,0.12835559668960306
8480001,20242025,D,"ANA,NYR",48,47,42555,20,47,0.425531914893617,21.5,46,0.4673913043478261,20,47,0.425531914893617,23.5,46,0.5108695652173914,-0.058413017453055716,0.3557223391464661,0.2973093216934104
8480001,20252026,D,NYR,34,32,26375,12,32,0.375,16.5,32,0.515625,13,32,0.40625,14.0,32,0.4375,-0.09592615548687178,0.17619930145262774,0.08027314596575597
8480002,20222023,F,NJD,81,81,73566,58,81,0.7160493827160493,52.5,81,0.6481481481481481,54,81,0.6666666666666666,46.5,81,0.5740740740740741,0.05979049124802627,0.5538707313016156,0.6136612225496418
8480002,20232024,F,NJD,71,71,64175,39,71,0.5492957746478874,42.5,71,0.5985915492957746,44,71,0.6197183098591549,43.0,71,0.6056338028169014,0.385843093740025,0.011578309787733776,0.3974214035277588
8480002,20242025,F,NJD,71,71,69665,41,71,0.5774647887323944,37.5,71,0.528169014084507,43,71,0.6056338028169014,38.5,71,0.5422535211267606,0.08491877522893176,0.31601358297276905,0.4009323582017008
8480002,20252026,F,NJD,82,82,82242,51,82,0.6219512195121951,49.5,82,0.6036585365853658,51,82,0.6219512195121951,57.5,82,0.7012195121951219,0.15969171284378092,0.43418669389127507,0.593878406735056
8480003,20222023,F,NJD,70,60,43564,34,60,0.5666666666666667,33.0,60,0.55,27,60,0.45,28.5,60,0.475,-0.3217700916065045,0.02130273177905151,-0.300467359827453
8480003,20232024,F,BOS,47,40,28165,22,40,0.55,22.0,40,0.55,21,40,0.525,24.0,40,0.6,-0.07573015977413178,0.454568038289205,0.3788378785150732
8480003,20242025,F,FLA,75,71,50530,40,71,0.5633802816901409,31.0,69,0.4492753623188406,31,71,0.43661971830985913,26.0,69,0.37681159420289856,-0.2734222839979119,-0.36742115648701956,-0.6408434404849315
8480003,20252026,F,FLA,73,52,44666,23,52,0.4423076923076923,21.0,52,0.40384615384615385,26,52,0.5,21.0,52,0.40384615384615385,-0.34770683632661337,0.0939392621057098,-0.25376757422090357
8480007,20232024,F,VGK,20,16,11906,6,16,0.375,4.5,16,0.28125,4,16,0.25,3.0,16,0.1875,-0.9639135501334077,0.08886902941564223,-0.8750445207177655
8480008,20222023,F,CGY,44,31,25645,15,31,0.4838709677419355,14.5,31,0.46774193548387094,17,31,0.5483870967741935,15.0,31,0.4838709677419355,-0.2642920633374364,0.2301763785857256,-0.034115684751710784
8480008,20232024,F,"ARI,CGY",42,20,20950,10,20,0.5,10.5,19,0.5526315789473685,9,20,0.45,10.5,19,0.5526315789473685,-0.4565849689870325,-0.1054516038576212,-0.5620365728446537
8480009,20222023,F,"NSH,SEA",61,57,44726,29,57,0.5087719298245614,28.5,57,0.5,26,57,0.45614035087719296,27.5,57,0.4824561403508772,-0.25266288875829535,0.309515375010859,0.05685248625256367
8480009,20232024,F,SEA,81,80,64923,36,80,0.45,37.5,80,0.46875,34,80,0.425,36.0,80,0.45,-0.19109496987076202,0.017250755160154174,-0.17384421471060785
8480009,20242025,F,SEA,78,78,59265,38,78,0.48717948717948717,28.5,74,0.38513513513513514,33,78,0.4230769230769231,32.0,74,0.43243243243243246,0.0019419597813019607,0.044706463271467545,0.046648423052769505
8480009,20252026,F,SEA,77,77,61514,24,77,0.3116883116883117,29.0,77,0.37662337662337664,34,77,0.44155844155844154,35.5,77,0.461038961038961,-0.4250161616717223,-0.008680894573820375,-0.43369705624554267
8480011,20222023,F,EDM,57,37,32505,18,37,0.4864864864864865,18.0,37,0.4864864864864865,10,37,0.2702702702702703,14.0,37,0.3783783783783784,-0.5642094019462864,-0.05095236402854386,-0.6151617659748303
8480011,20232024,F,"DET,SJS",52,34,31098,14,34,0.4117647058823529,12.5,34,0.36764705882352944,17,34,0.5,17.5,34,0.5147058823529411,-0.0006080949291380477,0.16963706812571422,0.16902897319657617
8480011,20242025,F,SJS,35,25,19295,7,25,0.28,9.0,25,0.36,10,25,0.4,9.0,25,0.36,0.13783268426916218,-0.7584224641570305,-0.6205897798878683
8480012,20222023,F,VAN,80,80,75703,50,80,0.625,45.5,80,0.56875,53,80,0.6625,55.5,80,0.69375,0.13299759387126375,0.7615119461620736,0.8945095400333374
8480012,20232024,F,VAN,82,82,73443,50,82,0.6097560975609756,50.0,82,0.6097560975609756,41,82,0.5,40.0,82,0.4878048780487805,-0.05903615853316868,0.0765668291890047,0.017530670655836023
8480012,20242025,F,VAN,64,63,57126,31,63,0.49206349206349204,31.5,63,0.5,32,63,0.5079365079365079,29.5,63,0.46825396825396826,-0.22314187805561092,0.33768988355773133,0.11454800550212041
8480012,20252026,F,VAN,73,73,66959,25,73,0.3424657534246575,28.5,73,0.3904109589041096,37,73,0.5068493150684932,39.0,73,0.5342465753424658,-0.20966115883315117,0.30261474742444605,0.09295358859129488
8480014,20222023,F,LAK,63,62,49154,43,62,0.6935483870967742,40.0,62,0.6451612903225806,33,62,0.532258064516129,34.5,62,0.5564516129032258,-0.22833543789987854,0.5167242730403987,0.28838883514052016
8480014,20232024,F,WPG,47,46,40189,23,46,0.5,18.5,46,0.40217391304347827,19,46,0.41304347826086957,16.5,46,0.358695652173913,-0.05395672986500699,-0.40998222718640154,-0.46393895705140853
8480014,20242025,F,WPG,71,71,66471,36,71,0.5070422535211268,35.5,71,0.5,32,71,0.4507042253521127,34.0,71,0.4788732394366197,0.1253059021362648,-0.3560068470184019,-0.2307009448821371
8480014,20252026,F,WPG,81,81,78297,42,81,0.5185185185185185,47.0,81,0.5802469135802469,47,81,0.5802469135802469,49.0,81,0.6049382716049383,0.45139051481874803,-0.046308513257312,0.40508200156143603
8480015,20222023,F,PHI,77,76,67787,42,76,0.5526315789473685,40.0,76,0.5263157894736842,46,76,0.6052631578947368,45.0,76,0.5921052631578947,0.5316930557906736,-0.10335956150646908,0.42833349428420453
8480015,20232024,F,PHI,78,78,63922,47,78,0.6025641025641025,43.5,78,0.5576923076923077,40,78,0.5128205128205128,39.0,78,0.5,0.09501228970875042,-0.08052569254832376,0.014486597160426662
8480015,20242025,F,PHI,74,73,60854,42,73,0.5753424657534246,39.5,72,0.5486111111111112,38,73,0.5205479452054794,34.5,72,0.4791666666666667,-0.12038779702001268,0.18924921780716275,0.06886142078715007
8480015,20252026,F,PHI,81,81,66068,48,81,0.5925925925925926,49.0,80,0.6125,45,81,0.5555555555555556,44.5,80,0.55625,0.32918364436844927,0.09353032271808548,0.42271396708653475
8480018,20222023,F,MTL,82,82,81854,28,82,0.34146341463414637,26.5,82,0.3231707317073171,38,82,0.4634146341463415,33.0,82,0.4024390243902439,-0.25807909012120556,0.1738582190210507,-0.08422087110015486
8480018,20232024,F,MTL,82,82,80895,37,82,0.45121951219512196,36.0,82,0.43902439024390244,47,82,0.573170731707317,44.0,82,0.5365853658536586,0.20248821482449086,0.2938568691761754,0.49634508400066624
8480018,20242025,F,MTL,78,78,74882,42,78,0.5384615384615384,36.5,78,0.46794871794871795,40,78,0.5128205128205128,34.5,78,0.4423076923076923,0.2171619105664755,0.11007071528440582,0.3272326258508813
8480018,20252026,F,MTL,82,82,81615,47,82,0.573170731707317,39.5,82,0.4817073170731707,51,82,0.6219512195121951,41.0,82,0.5,0.11026225969549497,0.48598133868645643,0.5962435983819514
8480021,20222023,F,"BOS,VAN",48,37,26709,8,37,0.21621621621621623,11.0,37,0.2972972972972973,9,37,0.24324324324324326,13.0,37,0.35135135135135137,-0.565629006941677,-0.7389878395883809,-1.3046168465300578
8480021,20232024,F,"SJS,VAN",22,19,13033,4,19,0.21052631578947367,4.5,19,0.23684210526315788,8,19,0.42105263157894735,9.0,19,0.47368421052631576,-0.8737954188682266,-0.8917967768183592,-1.7655921956865859
8480023,20222023,F,STL,73,72,68117,31,72,0.4305555555555556,30.0,72,0.4166666666666667,34,72,0.4722222222222222,37.5,72,0.5208333333333334,0.08249317712727278,-0.01178295385750383,0.07071022326976895
8480023,20232024,F,STL,82,82,82408,36,82,0.43902439024390244,33.5,82,0.40853658536585363,54,82,0.6585365853658537,50.5,82,0.6158536585365854,0.35500829724314054,0.3096395598383612,0.6646478570815018
8480023,20242025,F,STL,68,68,67732,47,68,0.6911764705882353,46.0,68,0.6764705882352942,38,68,0.5588235294117647,39.5,68,0.5808823529411765,0.7143001685676045,0.01705418491317845,0.7313543534807829
8480023,20252026,F,STL,63,63,59140,42,63,0.6666666666666666,39.0,63,0.6190476190476191,43,63,0.6825396825396826,41.0,63,0.6507936507936508,0.45433493419404725,0.3526420795825591,0.8069770137766064
8480025,20222023,F,CHI,66,54,40485,17,54,0.3148148148148148,17.5,54,0.32407407407407407,19,54,0.35185185185185186,20.5,54,0.37962962962962965,-0.6462959046365544,0.5684622734265337,-0.07783363121002074
8480025,20232024,F,CHI,67,62,41530,18,62,0.2903225806451613,19.5,62,0.31451612903225806,26,62,0.41935483870967744,26.0,62,0.41935483870967744,0.02724183168435612,-0.38936045689677634,-0.3621186252124202
8480027,20222023,F,DAL,82,82,75393,59,82,0.7195121951219512,57.5,82,0.7012195121951219,58,82,0.7073170731707317,54.0,82,0.6585365853658537,0.8318890224654076,0.33349476374055564,1.1653837862059633
8480027,20232024,F,DAL,82,82,76000,58,82,0.7073170731707317,58.0,82,0.7073170731707317,45,82,0.5487804878048781,46.0,82,0.5609756097560976,-0.09438426332550387,0.5119520976161485,0.4175678342906446
8480027,20242025,F,DAL,78,77,69492,44,77,0.5714285714285714,39.5,77,0.512987012987013,43,77,0.5584415584415584,36.0,77,0.4675324675324675,0.13419229423988455,0.18439976977230277,0.3185920640121873
8480027,20252026,F,DAL,82,82,79755,51,82,0.6219512195121951,54.0,82,0.6585365853658537,50,82,0.6097560975609756,53.5,82,0.6524390243902439,0.5744230763533769,0.008439507215114439,0.5828625835684913
8480028,20222023,F,PHI,81,79,66760,38,79,0.4810126582278481,37.0,78,0.47435897435897434,47,79,0.5949367088607594,46.0,78,0.5897435897435898,0.1968742720267227,0.08256217741617933,0.279436449442902
8480028,20232024,F,PHI,71,69,55064,40,69,0.5797101449275363,42.5,69,0.6159420289855072,38,69,0.5507246376811594,40.5,69,0.5869565217391305,0.1729057834887633,0.08260272286076953,0.2555085063495328
8480028,20242025,F,"CGY,PHI",78,76,63016,38,76,0.5,40.5,75,0.54,40,76,0.5263157894736842,31.5,75,0.42,-0.22614813373506015,0.21708736577415033,-0.009060767960909821
8480028,20252026,F,CGY,81,78,61746,34,78,0.4358974358974359,34.0,77,0.44155844155844154,41,78,0.5256410256410257,37.0,77,0.4805194805194805,0.005600491676947428,0.1106976214223665,0.11629811309931393
8480031,20222023,F,ANA,64,61,46928,20,61,0.32786885245901637,20.0,61,0.32786885245901637,31,61,0.5081967213114754,31.0,61,0.5081967213114754,0.0005141545877909159,-0.21472936605323234,-0.21421521146544142
8480035,20222023,D,BUF,60,58,64529,26,58,0.4482758620689655,25.5,58,0.4396551724137931,27,58,0.46551724137931033,28.5,58,0.49137931034482757,0.19655484039820026,-0.26076751450869207,-0.06421267411049181
8480035,20232024,D,BUF,74,74,74621,32,74,0.43243243243243246,32.0,74,0.43243243243243246,41,74,0.5540540540540541,36.0,74,0.4864864864864865,0.022618005259425367,-0.2845740416744431,-0.26195603641501775
8480035,20242025,D,"BOS,BUF",56,56,52472,28,56,0.5,26.5,55,0.4818181818181818,34,56,0.6071428571428571,32.5,55,0.5909090909090909,0.08356495699022304,-0.004047945296789646,0.07951701169343339
8480035,20252026,D,BOS,41,41,37914,18,41,0.43902439024390244,19.5,41,0.47560975609756095,20,41,0.4878048780487805,23.0,41,0.5609756097560976,0.3577878232994207,-0.1923926925182582,0.16539513078116252
8480036,20222023,D,DAL,79,79,96440,52,79,0.6582278481012658,49.0,79,0.620253164556962,43,79,0.5443037974683544,43.5,79,0.5506329113924051,0.1944137856782442,0.1842375972345982,0.3786513829128424
8480036,20232024,D,DAL,71,71,85332,48,71,0.676056338028169,47.5,71,0.6690140845070423,41,71,0.5774647887323944,38.5,71,0.5422535211267606,0.17749187685169998,0.2944497754660047,0.4719416523177047
8480036,20242025,D,DAL,50,50,61822,29,50,0.58,29.5,50,0.59,27,50,0.54,28.0,50,0.56,0.2574999281574226,0.2192621040070346,0.47676203216445723
8480036,20252026,D,DAL,77,76,92633,46,76,0.6052631578947368,42.5,76,0.5592105263157895,43,76,0.5657894736842105,40.5,76,0.5328947368421053,-0.2927635425955053,0.679501879860019,0.3867383372645137
8480039,20222023,F,CAR,82,81,71918,52,81,0.6419753086419753,49.5,81,0.6111111111111112,38,81,0.4691358024691358,35.0,81,0.43209876543209874,-0.03652510082421845,-0.22305135427586853,-0.259576455100087
8480039,20232024,F,CAR,77,76,65324,44,76,0.5789473684210527,38.5,76,0.506578947368421,32,76,0.42105263157894735,28.5,76,0.375,0.3484654588479845,-0.6154136937063923,-0.2669482348584078
8480039,20242025,F,"CAR,COL",76,76,69756,39,76,0.5131578947368421,37.0,75,0.49333333333333335,36,76,0.47368421052631576,33.0,75,0.44,0.22204508841508153,-0.13523971790192046,0.08680537051316106
8480039,20252026,F,COL,78,78,82051,55,78,0.7051282051282052,50.0,78,0.6410256410256411,45,78,0.5769230769230769,38.5,78,0.4935897435897436,0.23224199606167195,-0.24834157950638414,-0.016099583444712184
8480043,20222023,D,TOR,67,65,60139,39,65,0.6,37.5,65,0.5769230769230769,32,65,0.49230769230769234,27.0,65,0.4153846153846154,0.2447497078473928,-0.23947778057672586,0.005271927270666943
8480043,20232024,D,TOR,55,54,52636,33,54,0.6111111111111112,35.5,54,0.6574074074074074,34,54,0.6296296296296297,33.5,54,0.6203703703703703,0.3081715635708222,-0.13358767048592757,0.17458389308489464
8480043,20242025,D,"SJS,TOR",64,64,62234,30,64,0.46875,28.5,64,0.4453125,41,64,0.640625,37.0,64,0.578125,0.16516693638901714,-0.26465835724839826,-0.09949142085938112
8480043,20252026,D,"SJS,WSH",48,46,46509,15,46,0.32608695652173914,16.0,46,0.34782608695652173,22,46,0.4782608695652174,24.0,46,0.5217391304347826,-0.1832674293779788,-0.09739110894781478,-0.28065853832579357
8480049,20222023,D,WPG,63,61,47880,35,61,0.5737704918032787,32.5,61,0.5327868852459017,32,61,0.5245901639344263,29.0,61,0.47540983606557374,0.0051658369606712995,0.22079291348099694,0.22595875044166824
8480049,20232024,D,WPG,78,78,63925,45,78,0.5769230769230769,40.0,78,0.5128205128205128,39,78,0.5,36.5,78,0.46794871794871795,-0.2908150677882375,0.22128464750567844,-0.06953042028255907
8480049,20242025,D,WPG,57,56,63529,34,56,0.6071428571428571,31.0,56,0.5535714285714286,31,56,0.5535714285714286,27.5,56,0.49107142857142855,0.12136954944851519,0.07514890421415066,0.19651845366266585
8480049,20252026,D,WPG,65,65,73221,32,65,0.49230769230769234,29.5,65,0.45384615384615384,35,65,0.5384615384615384,31.0,65,0.47692307692307695,-0.07639854218171793,0.4061160854840944,0.32971754330237646
8480058,20222023,D,PIT,75,73,60340,43,73,0.589041095890411,37.5,73,0.5136986301369864,34,73,0.4657534246575342,32.0,73,0.4383561643835616,0.4083299680362975,-0.4614860143571353,-0.05315604632083781
8480058,20232024,D,PIT,52,51,43108,21,51,0.4117647058823529,23.5,51,0.46078431372549017,20,51,0.39215686274509803,20.0,51,0.39215686274509803,-0.18335609236985473,-0.3007814832212947,-0.48413757559114945
8480058,20242025,D,"PIT,STL",47,43,38315,20,43,0.46511627906976744,21.0,43,0.4883720930232558,22,43,0.5116279069767442,21.5,43,0.5,-0.02445885984126095,-0.20432324108221112,-0.22878210092347206
8480058,20252026,D,VAN,31,28,22684,12,28,0.42857142857142855,18.0,28,0.6428571428571429,18,28,0.6428571428571429,20.0,28,0.7142857142857143,0.24432534106842674,0.1081337998070806,0.35245914087550734
8480064,20232024,F,OTT,50,49,41155,21,49,0.42857142857142855,17.0,49,0.3469387755102041,22,49,0.4489795918367347,21.5,49,0.4387755102040816,-0.26515071793911726,-0.16731384201541166,-0.4324645599545289
8480064,20242025,F,"BUF,OTT",56,54,47470,27,54,0.5,23.5,53,0.44339622641509435,21,54,0.3888888888888889,24.0,53,0.4528301886792453,-0.4461046047185999,0.27799732161658275,-0.16810728310201717
8480064,20252026,F,BUF,44,43,34006,32,43,0.7441860465116279,29.0,43,0.6744186046511628,29,43,0.6744186046511628,29.0,43,0.6744186046511628,0.04502011955363905,0.44523441921043183,0.4902545387640709
8480068,20222023,F,PIT,53,38,29602,21,38,0.5526315789473685,18.0,38,0.47368421052631576,19,38,0.5,15.0,38,0.39473684210526316,-0.5119993592779317,0.3727958741097832,-0.1392034851681485
8480068,20232024,F,PHI,77,71,56969,40,71,0.5633802816901409,39.5,71,0.5563380281690141,36,71,0.5070422535211268,36.5,71,0.5140845070422535,-0.027983778815310778,0.05366267353041598,0.025678894715105205
8480068,20242025,F,PHI,65,62,45925,30,62,0.4838709677419355,25.0,61,0.4098360655737705,31,62,0.5,30.0,61,0.4918032786885246,-0.33051049350060646,0.10746544058424234,-0.22304505291636412
8480068,20252026,F,ANA,74,71,53822,33,71,0.4647887323943662,32.5,70,0.4642857142857143,31,71,0.43661971830985913,34.5,70,0.4928571428571429,-0.2501125274341929,-0.16771866015671444,-0.4178311875909073
8480069,20222023,D,COL,60,60,74435,43,60,0.7166666666666667,39.0,60,0.65,35,60,0.5833333333333334,38.0,60,0.6333333333333333,0.06800252865931444,0.5010569759863548,0.5690595046456692
8480069,20232024,D,COL,77,77,87705,46,77,0.5974025974025974,46.0,77,0.5974025974025974,47,77,0.6103896103896104,38.0,77,0.4935064935064935,-0.2667557478412186,0.5343552043505932,0.26759945650937467
8480069,20242025,D,COL,78,78,96786,51,78,0.6538461538461539,53.0,78,0.6794871794871795,41,78,0.5256410256410257,46.0,78,0.5897435897435898,0.3576355295332396,0.15576745270725612,0.5134029822404957
8480069,20252026,D,COL,74,74,86874,51,74,0.6891891891891891,40.5,74,0.5472972972972973,37,74,0.5,32.0,74,0.43243243243243246,-0.2840922473363725,0.15738482858970437,-0.12670741874666813
8480070,20222023,D,CHI,35,34,28442,12,34,0.35294117647058826,8.5,34,0.25,16,34,0.47058823529411764,11.5,34,0.3382352941176471,0.35688955131903466,-1.3313868467397394,-0.9744972954207047
8480070,20242025,D,BOS,14,14,11757,6,14,0.42857142857142855,7.5,14,0.5357142857142857,6,14,0.42857142857142855,6.5,14,0.4642857142857143,-0.3927908781838687,-0.3274427949844516,-0.7202336731683203
8480073,20222023,D,OTT,74,71,57818,43,71,0.6056338028169014,43.0,71,0.6056338028169014,38,71,0.5352112676056338,36.5,71,0.5140845070422535,0.3725721041056924,0.23610611723942698,0.6086782213451194
8480073,20232024,D,OTT,76,73,62694,43,73,0.589041095890411,39.0,73,0.5342465753424658,40,73,0.547945205479452,35.5,73,0.4863013698630137,0.11118832580881488,0.2384769105030209,0.34966523631183577
8480073,20242025,D,VAN,28,28,21610,12,28,0.42857142857142855,11.0,28,0.39285714285714285,11,28,0.39285714285714285,11.5,28,0.4107142857142857,0.11281164491396511,-0.2283442620391254,-0.11553261712516028
8480074,20232024,F,CBJ,78,75,59060,28,75,0.37333333333333335,23.0,74,0.3108108108108108,35,75,0.4666666666666667,27.0,74,0.36486486486486486,-0.07601534595081816,-0.35714955685033667,-0.4331649028011548
8480074,20242025,F,STL,31,28,20845,11,28,0.39285714285714285,12.0,27,0.4444444444444444,12,28,0.42857142857142855,14.0,27,0.5185185185185185,-0.14588257105236568,-0.4512992233347566,-0.5971817943871223
8480074,20252026,F,"MTL,STL",51,45,35343,24,45,0.5333333333333333,21.5,45,0.4777777777777778,24,45,0.5333333333333333,25.0,45,0.5555555555555556,0.5256324111608923,-0.3905751052212971,0.1350573059395952
8480078,20222023,F,NYR,74,71,54617,36,71,0.5070422535211268,33.5,71,0.47183098591549294,40,71,0.5633802816901409,33.5,71,0.47183098591549294,0.22020578674137914,0.0001341583472900254,0.22033994508866916
8480078,20242025,F,"NYR,VAN",56,53,41689,29,53,0.5471698113207547,28.5,53,0.5377358490566038,30,53,0.5660377358490566,32.5,53,0.6132075471698113,0.7028993240134227,-0.3834735507421603,0.3194257732712624
8480084,20232024,D,"CGY,NJD",34,34,25758,16,34,0.47058823529411764,17.0,33,0.5151515151515151,16,34,0.47058823529411764,18.0,33,0.5454545454545454,0.08056035483692936,-0.2964087638099304,-0.21584840897300106
8480084,20242025,D,UTA,16,16,13807,8,16,0.5,8.5,16,0.53125,8,16,0.5,6.5,16,0.40625,0.045175449962998826,-0.28531491845358525,-0.24013946849058643
8480084,20252026,D,UTA,39,38,31342,22,38,0.5789473684210527,22.5,38,0.5921052631578947,20,38,0.5263157894736842,20.5,38,0.5394736842105263,0.032799591002467654,0.09632420209102976,0.12912379309349742
8480113,20222023,F,LAK,59,59,45893,33,59,0.559322033898305,29.5,58,0.5086206896551724,30,59,0.5084745762711864,28.5,58,0.49137931034482757,-0.20067420295387084,0.1379340355665022,-0.06274016738736865
8480113,20232024,F,WPG,82,79,62550,41,79,0.5189873417721519,43.5,79,0.5506329113924051,37,79,0.46835443037974683,41.5,79,0.5253164556962026,-0.38148201780129076,0.34022326403612446,-0.0412587537651663
8480113,20242025,F,WPG,79,61,49677,41,61,0.6721311475409836,39.0,61,0.639344262295082,34,61,0.5573770491803278,37.5,61,0.6147540983606558,-0.18645520949245853,0.6071811330161963,0.4207259235237377
8480113,20252026,F,WPG,79,78,62780,32,78,0.41025641025641024,41.5,78,0.532051282051282,32,78,0.41025641025641024,43.0,78,0.5512820512820513,-0.22693950285322284,0.11664974560726415,-0.11028975724595869
8480144,20222023,F,TOR,82,81,61383,41,81,0.5061728395061729,39.0,81,0.48148148148148145,30,81,0.37037037037037035,30.5,81,0.3765432098765432,-0.8407859150502115,-0.051368162983263854,-0.8921540780334754
8480144,20232024,F,TOR,78,74,50926,28,74,0.3783783783783784,29.0,74,0.3918918918918919,26,74,0.35135135135135137,25.5,74,0.34459459459459457,-0.878093986471967,-0.1298738898628291,-1.0079678763347961
8480144,20242025,F,TOR,59,48,36167,18,48,0.375,17.0,46,0.3695652173913043,21,48,0.4375,16.5,46,0.358695652173913,-0.9148630401121043,0.448785964573452,-0.4660770755386523
8480144,20252026,F,"VAN,WSH",40,39,30715,14,39,0.358974358974359,15.0,39,0.38461538461538464,23,39,0.5897435897435898,18.5,39,0.47435897435897434,-0.3156421012521595,0.24737462631391605,-0.06826747493824348
8480145,20222023,D,WPG,82,82,86475,43,82,0.524390243902439,40.0,82,0.4878048780487805,32,82,0.3902439024390244,33.5,82,0.40853658536585363,0.13706541604931743,-0.49638493492307356,-0.3593195188737561
8480145,20232024,D,WPG,82,82,84042,44,82,0.5365853658536586,41.5,82,0.5060975609756098,28,82,0.34146341463414637,31.5,82,0.38414634146341464,-0.41530644495189195,-0.23096485460942962,-0.6462712995613216
8480145,20242025,D,WPG,67,67,73223,39,67,0.582089552238806,37.0,67,0.5522388059701493,33,67,0.4925373134328358,28.0,67,0.417910447761194,-0.13116329389816572,-0.03394196214474565,-0.16510525604291137
8480145,20252026,D,WPG,51,50,56871,22,50,0.44,19.0,50,0.38,23,50,0.46,14.0,50,0.28,-0.053782539232869464,-0.03366619288830108,-0.08744873212117055
8480157,20222023,D,STL,49,47,40590,24,47,0.5106382978723404,25.0,47,0.5319148936170213,27,47,0.574468085106383,26.5,47,0.5638297872340425,0.385806273039508,0.05947409613482746,0.44528036917433544
8480160,20222023,D,SJS,44,41,33599,18,41,0.43902439024390244,18.0,41,0.43902439024390244,18,41,0.43902439024390244,18.0,41,0.43902439024390244,-0.03732692957468098,-0.14081674098101304,-0.17814367055569402
8480172,20222023,D,PIT,56,55,48463,29,55,0.5272727272727272,27.5,55,0.5,28,55,0.509090909090909,26.5,55,0.4818181818181818,-0.6444875893056947,0.10484197590754185,-0.5396456133981529
8480172,20232024,D,SJS,69,68,68757,16,68,0.23529411764705882,20.0,68,0.29411764705882354,29,68,0.4264705882352941,33.0,68,0.4852941176470588,-0.2328603277602206,-0.04975306907189614,-0.2826133968321167
8480172,20242025,D,SJS,52,52,46952,16,52,0.3076923076923077,15.5,51,0.30392156862745096,22,52,0.4230769230769231,21.0,51,0.4117647058823529,-0.3368756988612267,0.11302271485155657,-0.22385298400967013
8480184,20222023,D,DET,36,36,28348,12,36,0.3333333333333333,14.0,36,0.3888888888888889,14,36,0.3888888888888889,16.0,36,0.4444444444444444,-0.189272357208369,-0.31917149171535186,-0.5084438489237209
8480184,20232024,D,"ANA,MTL",46,46,39021,21,46,0.45652173913043476,18.5,46,0.40217391304347827,28,46,0.6086956521739131,25.5,46,0.5543478260869565,-0.1436565040827591,0.10403508091458935,-0.039621423168169745
8480185,20222023,F,FLA,82,82,62085,58,82,0.7073170731707317,55.0,82,0.6707317073170732,53,82,0.6463414634146342,53.0,82,0.6463414634146342,0.27151963068830076,0.3769001163232595,0.6484197470115602
8480185,20232024,F,FLA,82,82,61790,50,82,0.6097560975609756,40.5,81,0.5,42,82,0.5121951219512195,41.0,81,0.5061728395061729,-0.3446721258753045,0.26472482843994793,-0.07994729743535656
8480185,20242025,F,FLA,77,77,58800,40,77,0.5194805194805194,31.5,77,0.4090909090909091,28,77,0.36363636363636365,30.5,77,0.3961038961038961,-0.5692081222537602,0.1416519013518962,-0.42755622090186396
8480185,20252026,F,FLA,73,73,59026,36,73,0.4931506849315068,40.0,73,0.547945205479452,36,73,0.4931506849315068,44.0,73,0.6027397260273972,-0.11636428080612671,0.18616119733413727,0.06979691652801057
8480188,20222023,F,"NJD,SJS",67,63,48032,29,63,0.4603174603174603,27.0,63,0.42857142857142855,28,63,0.4444444444444444,29.0,63,0.4603174603174603,-0.03954590375503786,-0.30280785635975516,-0.342353760114793
8480188,20232024,F,SJS,82,82,76858,27,82,0.32926829268292684,23.0,82,0.2804878048780488,48,82,0.5853658536585366,41.0,82,0.5,0.17866571878865667,0.14226652374281645,0.3209322425314731
8480188,20242025,F,"OTT,SJS",81,79,67582,29,79,0.3670886075949367,31.5,79,0.3987341772151899,42,79,0.5316455696202531,45.5,79,0.5759493670886076,0.062220980214313215,-0.2961992086472782,-0.233978228432965
8480188,20252026,F,"OTT,SJS",83,76,56121,41,76,0.5394736842105263,43.5,76,0.5723684210526315,34,76,0.4473684210526316,30.5,76,0.40131578947368424,0.5507318599191473,0.07835723365569036,0.6290890935748377
8480192,20222023,D,MTL,77,77,68260,38,77,0.4935064935064935,36.5,76,0.48026315789473684,44,77,0.5714285714285714,48.0,76,0.631578947368421,0.366205150384598,0.08543333028768885,0.45163848067228685
8480192,20232024,D,MTL,62,60,51310,21,60,0.35,27.0,60,0.45,28,60,0.4666666666666667,33.0,60,0.55,0.023810198131484217,-0.0074131779594330816,0.016397020172051135
8480192,20242025,D,NJD,77,77,79796,47,77,0.6103896103896104,45.5,77,0.5909090909090909,46,77,0.5974025974025974,46.5,77,0.6038961038961039,-0.3423548943798784,0.5177431399592147,0.1753882455793363
8480192,20252026,D,NJD,34,34,32169,16,34,0.47058823529411764,15.5,34,0.45588235294117646,15,34,0.4411764705882353,14.5,34,0.4264705882352941,0.11105100426175696,-0.22370363466287024,-0.11265263040111329
8480196,20222023,D,BUF,59,57,45010,22,57,0.38596491228070173,25.5,56,0.45535714285714285,27,57,0.47368421052631576,30.5,56,0.5446428571428571,-0.3041698300934019,-0.1636336327372434,-0.46780346283064533
8480196,20232024,D,BUF,36,34,28679,18,34,0.5294117647058824,19.5,34,0.5735294117647058,20,34,0.5882352941176471,21.0,34,0.6176470588235294,-0.09388072124123248,0.08628433291007864,-0.007596388331153836
8480196,20242025,D,BUF,47,46,35962,15,46,0.32608695652173914,17.5,46,0.3804347826086957,16,46,0.34782608695652173,17.5,46,0.3804347826086957,0.002818777090104696,-0.37119851363616085,-0.36837973654605616
8480196,20252026,D,"BUF,WPG",50,43,30724,17,43,0.3953488372093023,20.5,42,0.4880952380952381,19,43,0.4418604651162791,22.0,42,0.5238095238095238,-0.046937481901583755,0.21151797386167104,0.16458049196008728
8480205,20222023,F,CBJ,55,44,34835,23,44,0.5227272727272727,23.0,44,0.5227272727272727,30,44,0.6818181818181818,25.5,44,0.5795454545454546,0.19137034815987697,0.023656025135329273,0.21502637329520624
8480205,20232024,F,"CBJ,PIT",56,41,32275,17,41,0.4146341463414634,21.5,41,0.524390243902439,20,41,0.4878048780487805,23.5,41,0.573170731707317,-0.44648960157345696,0.2427441672279862,-0.20374543434547077
8480208,20222023,F,OTT,82,82,71830,47,82,0.573170731707317,43.5,82,0.5304878048780488,45,82,0.5487804878048781,39.5,82,0.4817073170731707,0.16925876315763322,0.021568452816767447,0.19082721597440067
8480208,20232024,F,OTT,82,82,73583,42,82,0.5121951219512195,37.5,82,0.4573170731707317,42,82,0.5121951219512195,37.0,82,0.45121951219512196,0.11672388789148647,-0.04865613439263239,0.06806775349885408
8480208,20242025,F,OTT,79,79,71227,41,79,0.5189873417721519,38.5,78,0.4935897435897436,38,79,0.4810126582278481,35.0,78,0.44871794871794873,-0.06286225032237791,-0.042479068872489645,-0.10534131919486756
8480208,20252026,F,OTT,79,79,67884,50,79,0.6329113924050633,48.5,79,0.6139240506329114,42,79,0.5316455696202531,42.0,79,0.5316455696202531,0.01938187414274628,0.09065831221108711,0.11004018635383339
8480216,20222023,F,"DAL,SJS",12,12,10489,4,12,0.3333333333333333,4.5,12,0.375,6,12,0.5,6.0,12,0.5,-0.01494049515755691,-0.9729668029673588,-0.9879072981249157
8480220,20222023,F,PHI,82,82,70557,34,82,0.4146341463414634,34.0,81,0.41975308641975306,34,82,0.4146341463414634,32.5,81,0.4012345679012346,-0.33640883519025877,0.4712281133992726,0.13481927820901385
8480220,20232024,F,PHI,59,54,39762,37,54,0.6851851851851852,35.5,54,0.6574074074074074,39,54,0.7222222222222222,36.0,54,0.6666666666666666,0.29454518886967795,0.4108542673653275,0.7053994562350054
8480220,20242025,F,PHI,75,72,59054,37,72,0.5138888888888888,43.0,72,0.5972222222222222,36,72,0.5,35.5,72,0.4930555555555556,0.1285040118191887,0.03915518528042261,0.1676591970996113
8480220,20252026,F,PHI,82,81,62200,42,81,0.5185185185185185,42.0,80,0.525,43,81,0.5308641975308642,44.0,80,0.55,-0.4913610357652145,0.5787391183237769,0.08737808255856239
8480222,20222023,D,NYI,71,69,62181,39,69,0.5652173913043478,34.0,69,0.4927536231884058,39,69,0.5652173913043478,35.0,69,0.5072463768115942,0.3683945907845443,0.06194801243180992,0.4303426032163542
8480222,20232024,D,NYI,58,56,49011,28,56,0.5,32.0,56,0.5714285714285714,28,56,0.5,31.0,56,0.5535714285714286,0.4171850154096881,-0.24541642654180995,0.17176858886787816
8480245,20242025,F,PHI,19,17,12167,8,17,0.47058823529411764,10.5,17,0.6176470588235294,9,17,0.5294117647058824,10.0,17,0.5882352941176471,-0.18041616860063447,0.1292800239076648,-0.051136144692969676
8480246,20222023,D,TBL,69,68,57667,33,68,0.4852941176470588,37.0,68,0.5441176470588235,32,68,0.47058823529411764,34.5,68,0.5073529411764706,0.13169745659383914,-0.09038491966962292,0.041312536924216214
8480246,20232024,D,TBL,77,77,71824,41,77,0.5324675324675324,38.5,77,0.5,44,77,0.5714285714285714,32.5,77,0.42207792207792205,0.09647237523499896,0.008901393130426705,0.10537376836542567
8480246,20242025,D,TBL,71,69,57672,37,69,0.5362318840579711,39.5,69,0.572463768115942,41,69,0.5942028985507246,35.0,69,0.5072463768115942,0.16166811488395272,-0.2220723050731439,-0.06040419018919119
8480246,20252026,D,NSH,78,78,76306,32,78,0.41025641025641024,36.0,78,0.46153846153846156,34,78,0.4358974358974359,35.0,78,0.44871794871794873,-0.23673355931098428,-0.10426548226206833,-0.3409990415730526
8480252,20222023,F,CHI,14,14,10190,7,14,0.5,6.0,14,0.42857142857142855,9,14,0.6428571428571429,6.5,14,0.4642857142857143,0.49586962391725775,-0.06976526533956617,0.4261043585776916
8480252,20232024,F,CHI,27,23,17097,5,23,0.21739130434782608,4.0,23,0.17391304347826086,7,23,0.30434782608695654,6.5,23,0.2826086956521739,-0.10742401673066237,-0.36908725053174507,-0.47651126726240745
8480259,20242025,F,MIN,26,13,12677,10,13,0.7692307692307693,8.0,13,0.6153846153846154,10,13,0.7692307692307693,7.0,13,0.5384615384615384,-0.47723410671644295,-0.07729761147352887,-0.5545317181899718
8480259,20252026,F,MIN,28,12,13652,5,12,0.4166666666666667,3.5,10,0.35,5,12,0.4166666666666667,4.0,10,0.4,-0.41138044522328254,-0.4477200649934674,-0.8591005102167499
8480281,20222023,F,STL,69,60,43452,24,60,0.4,30.5,60,0.5083333333333333,32,60,0.5333333333333333,32.5,60,0.5416666666666666,-0.3271514725143385,0.39767225312404664,0.07052078060970812
8480281,20232024,F,STL,82,70,52541,28,70,0.4,29.0,68,0.4264705882352941,31,70,0.44285714285714284,32.0,68,0.47058823529411764,-0.3156841723923445,0.00017099702863543342,-0.31551317536370904
8480281,20242025,F,STL,78,76,52193,35,76,0.4605263157894737,35.0,74,0.47297297297297297,34,76,0.4473684210526316,32.0,74,0.43243243243243246,-0.6885845560257526,0.37090852981149003,-0.3176760262142626
8480281,20252026,F,STL,64,58,39044,23,58,0.39655172413793105,26.0,57,0.45614035087719296,23,58,0.39655172413793105,26.0,57,0.45614035087719296,-0.7838926088335885,-0.03651016049516764,-0.8204027693287561
8480289,20222023,F,WPG,70,62,46459,31,62,0.5,33.5,62,0.5403225806451613,32,62,0.5161290322580645,34.0,62,0.5483870967741935,0.020060839359775873,-0.10929871969508431,-0.08923788033530844
8480289,20232024,F,WPG,80,57,42837,32,57,0.5614035087719298,25.5,52,0.49038461538461536,24,57,0.42105263157894735,20.5,52,0.3942307692307692,-0.5393744308554673,0.11676834017435667,-0.42260609068111066
8480289,20242025,F,WPG,71,48,37989,32,48,0.6666666666666666,31.5,43,0.7325581395348837,30,48,0.625,29.5,43,0.686046511627907,-0.17774553742656662,0.4658689312332245,0.28812339380665786
8480289,20252026,F,WPG,65,60,42238,33,60,0.55,25.0,59,0.423728813559322,30,60,0.5,30.5,59,0.5169491525423728,-0.058585408730612354,0.004756695859413185,-0.05382871287119917
8480326,20222023,F,VAN,63,45,34142,24,45,0.5333333333333333,23.0,45,0.5111111111111111,23,45,0.5111111111111111,25.5,45,0.5666666666666667,-0.14815431982413463,-0.038580371994536566,-0.1867346918186712
8480336,20222023,D,LAK,70,70,53788,37,70,0.5285714285714286,39.5,70,0.5642857142857143,30,70,0.42857142857142855,33.5,70,0.4785714285714286,0.1862607484595724,-0.3415677092028906,-0.15530696074331818
8480336,20232024,D,"COL,PHI",81,80,77244,49,80,0.6125,48.5,80,0.60625,42,80,0.525,41.0,80,0.5125,0.32146028429255136,-0.1175553692871536,0.20390491500539776
8480336,20242025,D,CAR,78,78,67762,46,78,0.5897435897435898,39.5,77,0.512987012987013,39,78,0.5,34.5,77,0.44805194805194803,0.22831206906873458,-0.0334038143464741,0.19490825472226048
8480336,20252026,D,CAR,81,81,88839,53,81,0.654320987654321,53.0,81,0.654320987654321,41,81,0.5061728395061729,40.0,81,0.49382716049382713,0.037359738806014064,0.0375540857136305,0.07491382451964457
8480355,20222023,F,OTT,65,25,30658,8,25,0.32,13.0,25,0.52,7,25,0.28,10.0,25,0.4,-0.7253054972032271,0.28498362001886113,-0.440321877184366
8480355,20232024,F,OTT,63,25,27513,14,25,0.56,16.0,24,0.6666666666666666,15,25,0.6,15.0,24,0.625,-0.5765072941407909,0.37706545793517376,-0.19944183620561717
8480355,20242025,F,BOS,61,52,35940,22,52,0.4230769230769231,23.5,50,0.47,17,52,0.3269230769230769,21.5,50,0.43,-0.5567893281296352,0.04250593526400781,-0.5142833928656274
8480355,20252026,F,BOS,82,71,51864,36,71,0.5070422535211268,29.5,71,0.4154929577464789,39,71,0.5492957746478874,34.5,71,0.4859154929577465,-0.33900563475590273,0.2435107262910683,-0.09549490846483444
8480426,20252026,D,TBL,70,68,67713,39,68,0.5735294117647058,41.0,68,0.6029411764705882,36,68,0.5294117647058824,31.0,68,0.45588235294117646,0.25742403329755126,0.12306227854798246,0.3804863118455337
8480434,20222023,D,LAK,72,72,67011,42,72,0.5833333333333334,37.5,72,0.5208333333333334,30,72,0.4166666666666667,35.5,72,0.4930555555555556,-0.16887541231614778,-0.23875340413340895,-0.40762881644955673
8480434,20232024,D,ARI,76,75,83855,44,75,0.5866666666666667,43.0,75,0.5733333333333334,43,75,0.5733333333333334,45.0,75,0.6,0.03135654218304307,0.174984031217718,0.20634057340076106
8480434,20242025,D,UTA,26,25,26262,14,25,0.56,15.5,25,0.62,13,25,0.52,14.0,25,0.56,0.14969910264899378,-0.31156092129850066,-0.16186181864950688
8480434,20252026,D,UTA,60,60,60167,35,60,0.5833333333333334,28.0,60,0.4666666666666667,25,60,0.4166666666666667,31.0,60,0.5166666666666667,0.3315106303555284,-0.3829695149944361,-0.05145888463890769
8480448,20222023,F,OTT,55,29,26812,12,29,0.41379310344827586,13.5,29,0.46551724137931033,14,29,0.4827586206896552,13.0,29,0.4482758620689655,-1.1248244397992722,0.24193136730606302,-0.8828930724932091
8480448,20232024,F,OTT,80,59,46174,27,59,0.4576271186440678,31.0,56,0.5535714285714286,25,59,0.423728813559322,28.0,56,0.5,-0.6716499093700337,0.452528873313371,-0.21912103605666267
8480448,20242025,F,COL,76,67,49013,35,67,0.5223880597014925,39.5,66,0.5984848484848485,36,67,0.5373134328358209,38.5,66,0.5833333333333334,-0.712282276790632,0.4799188290127081,-0.23236344777792395
8480448,20252026,F,COL,81,69,51159,47,69,0.6811594202898551,41.0,68,0.6029411764705882,32,69,0.463768115942029,34.0,68,0.5,-0.6290585703070892,0.44867684097020777,-0.18038172933688146
8480459,20222023,F,DET,79,73,54833,32,73,0.4383561643835616,33.0,72,0.4583333333333333,37,73,0.5068493150684932,40.0,72,0.5555555555555556,0.0488634160798993,0.17321852077698585,0.22208193685688515
8480459,20232024,F,VAN,67,64,48307,44,64,0.6875,40.5,63,0.6428571428571429,31,64,0.484375,35.5,63,0.5634920634920635,0.10574958104963406,0.2452219392707744,0.35097152032040846
8480459,20242025,F,VAN,77,77,62549,37,77,0.4805194805194805,36.0,77,0.4675324675324675,45,77,0.5844155844155844,36.0,77,0.4675324675324675,0.03473138244234786,0.28429025163601085,0.3190216340783587
8480459,20252026,F,STL,63,62,49653,31,62,0.5,30.5,62,0.49193548387096775,28,62,0.45161290322580644,29.0,62,0.46774193548387094,0.08185591313215435,-0.06949308189553172,0.012362831236622629
8480468,20232024,F,EDM,31,10,13769,5,10,0.5,3.5,10,0.35,5,10,0.5,4.0,10,0.4,-0.8985928546417807,0.02090108475258834,-0.8776917698891924
8480727,20222023,D,VGK,59,58,53360,28,58,0.4827586206896552,25.0,58,0.43103448275862066,23,58,0.39655172413793105,19.5,58,0.33620689655172414,-0.08874823099858498,-0.3417610369243542,-0.4305092679229392
8480727,20232024,D,VGK,61,61,55819,36,61,0.5901639344262295,36.5,61,0.5983606557377049,34,61,0.5573770491803278,30.0,61,0.4918032786885246,-0.027766483778698614,0.2954949704669618,0.2677284866882632
8480727,20242025,D,VGK,71,71,68014,46,71,0.647887323943662,42.5,71,0.5985915492957746,39,71,0.5492957746478874,37.0,71,0.5211267605633803,-0.0017430215987230824,0.06947940670542474,0.06773638510670166
8480727,20252026,D,"CGY,VGK",78,76,81327,38,76,0.5,39.0,76,0.5131578947368421,31,76,0.40789473684210525,36.0,76,0.47368421052631576,-0.1716017657008746,-0.17492898691536052,-0.3465307526162351
8480748,20222023,F,NSH,32,29,22064,13,29,0.4482758620689655,13.5,29,0.46551724137931033,19,29,0.6551724137931034,17.0,29,0.5862068965517241,0.09657209362527963,-0.4521517108251141,-0.35557961719983444
8480748,20232024,F,NSH,68,64,45265,38,64,0.59375,32.5,63,0.5158730158730159,33,64,0.515625,28.0,63,0.4444444444444444,0.036102739545742946,0.18169768409641796,0.2178004236421609
8480748,20242025,F,VAN,74,73,53720,32,73,0.4383561643835616,36.0,73,0.4931506849315068,27,73,0.3698630136986301,30.5,73,0.4178082191780822,0.057162366093618466,-0.15163243809583937,-0.0944700720022209
8480748,20252026,F,"SJS,VAN",71,71,58872,30,71,0.4225352112676056,30.5,71,0.4295774647887324,33,71,0.4647887323943662,30.0,71,0.4225352112676056,0.045271465266612854,0.25671894112040317,0.301990406387016
8480762,20222023,F,CBJ,72,67,51021,20,67,0.29850746268656714,21.5,67,0.3208955223880597,26,67,0.3880597014925373,30.0,67,0.44776119402985076,-0.3488505127183412,-0.20149905735883067,-0.5503495700771719
8480762,20232024,F,"BUF,CBJ",47,40,29351,14,40,0.35,17.0,40,0.425,16,40,0.4,19.5,40,0.4875,-0.07817310659872811,-0.3849018781771125,-0.46307498477584064
8480762,20242025,F,CAR,78,66,51399,44,66,0.6666666666666666,36.0,66,0.5454545454545454,39,66,0.5909090909090909,32.0,66,0.48484848484848486,0.3393389382777001,-0.08103647784162815,0.25830246043607197
8480762,20252026,F,CAR,67,55,40083,33,55,0.6,35.0,55,0.6363636363636364,29,55,0.5272727272727272,30.5,55,0.5545454545454546,-0.16032712136590943,0.1821868991293023,0.021859777763392874
8480789,20222023,F,NYI,35,33,22215,13,33,0.3939393939393939,15.5,33,0.4696969696969697,18,33,0.5454545454545454,17.5,33,0.5303030303030303,-0.14453883873458073,-0.05473870155532001,-0.19927754028990075
8480789,20232024,F,NYI,32,26,19145,12,26,0.46153846153846156,12.0,26,0.46153846153846156,14,26,0.5384615384615384,11.0,26,0.4230769230769231,-0.17160728057893904,-0.7009750149257554,-0.8725822955046945
8480789,20242025,F,"BOS,NYI",43,31,23466,11,31,0.3548387096774194,10.5,31,0.3387096774193548,15,31,0.4838709677419355,13.5,31,0.43548387096774194,-0.6210151119777918,-0.09684659612975066,-0.7178617081075425
8480796,20222023,D,WSH,67,67,68768,25,67,0.373134328358209,33.5,67,0.5,33,67,0.4925373134328358,34.5,67,0.5149253731343284,-0.22135823071054883,-0.04647059745016202,-0.26782882816071085
8480796,20232024,D,WSH,66,64,68028,29,64,0.453125,37.0,64,0.578125,33,64,0.515625,37.0,64,0.578125,-0.10352620383824807,-0.16600807199405843,-0.2695342758323065
8480796,20242025,D,WSH,78,78,74753,42,78,0.5384615384615384,43.5,78,0.5576923076923077,44,78,0.5641025641025641,38.5,78,0.4935897435897436,-0.029720496576816746,0.11362705180744204,0.08390655523062529
8480796,20252026,D,WSH,81,81,78577,39,81,0.48148148148148145,40.0,81,0.49382716049382713,40,81,0.49382716049382713,39.0,81,0.48148148148148145,-0.1585237560152173,-0.05192557726117286,-0.21044933327639015
8480797,20222023,F,PHI,82,80,69050,34,80,0.425,36.0,80,0.45,35,80,0.4375,31.5,80,0.39375,0.011162382892968559,-0.2549540330639384,-0.24379165017096982
8480797,20232024,F,PHI,82,81,66722,45,81,0.5555555555555556,38.5,81,0.47530864197530864,43,81,0.5308641975308642,35.0,81,0.43209876543209874,0.27659545440707767,-0.2917606806369175,-0.015165226229839845
8480797,20242025,F,"CGY,PHI",78,76,59827,39,76,0.5131578947368421,39.5,76,0.5197368421052632,36,76,0.47368421052631576,39.0,76,0.5131578947368421,0.15637212843230763,-0.19065379355068002,-0.034281665118372384
8480797,20252026,F,CGY,81,80,66267,36,80,0.45,37.0,79,0.46835443037974683,39,80,0.4875,45.0,79,0.569620253164557,0.08943280350258709,0.06889925617424941,0.1583320596768365
8480798,20222023,F,CHI,70,68,58800,22,68,0.3235294117647059,25.5,68,0.375,34,68,0.5,34.0,68,0.5,0.3212869029927705,-0.5360646707959851,-0.21477776780321456
8480798,20232024,F,CHI,75,75,70799,13,75,0.17333333333333334,21.0,73,0.2876712328767123,32,75,0.4266666666666667,34.0,73,0.4657534246575342,-0.16307775731098895,-0.08368047382611188,-0.24675823113710083
8480798,20242025,F,CHI,48,46,34699,18,46,0.391304347826087,16.5,45,0.36666666666666664,25,46,0.5434782608695652,20.0,45,0.4444444444444444,0.05561708590418091,-0.0030410160479421577,0.05257606985623875
8480798,20252026,F,SJS,42,38,31150,16,38,0.42105263157894735,15.5,38,0.40789473684210525,22,38,0.5789473684210527,15.5,38,0.40789473684210525,0.07223340706175474,0.003491188408974555,0.0757245954707293
8480800,20222023,D,VAN,78,78,94614,38,78,0.48717948717948717,38.0,78,0.48717948717948717,43,78,0.5512820512820513,46.5,78,0.5961538461538461,-0.07807975075763673,0.4801696380217928,0.40208988726415607
8480800,20232024,D,VAN,82,82,97286,56,82,0.6829268292682927,52.5,82,0.6402439024390244,44,82,0.5365853658536586,41.5,82,0.5060975609756098,0.3391809454308343,-0.03070663016503028,0.30847431526580404
8480800,20242025,D,VAN,64,63,80712,37,63,0.5873015873015873,34.0,63,0.5396825396825397,44,63,0.6984126984126984,39.0,63,0.6190476190476191,0.4454815942122161,0.1852797108899007,0.6307613051021168
8480800,20252026,D,"MIN,VAN",74,74,101337,44,74,0.5945945945945946,39.5,74,0.5337837837837838,44,74,0.5945945945945946,40.0,74,0.5405405405405406,0.7011912595289518,0.21650722217223217,0.917698481701184
8480801,20222023,F,OTT,82,81,70621,52,81,0.6419753086419753,48.5,81,0.5987654320987654,53,81,0.654320987654321,51.5,81,0.6358024691358025,0.9404932696940493,0.032338887213332335,0.9728321569073817
8480801,20232024,F,OTT,81,81,75361,52,81,0.6419753086419753,50.5,81,0.6234567901234568,55,81,0.6790123456790124,54.0,81,0.6666666666666666,0.9698654126407851,0.05644235672469167,1.0263077693654767
8480801,20242025,F,OTT,72,71,64192,44,71,0.6197183098591549,45.5,71,0.6408450704225352,46,71,0.647887323943662,47.5,71,0.6690140845070423,0.6351684606589609,0.20197863255868143,0.8371470932176424
8480801,20252026,F,OTT,60,60,49406,43,60,0.7166666666666667,43.0,60,0.7166666666666667,34,60,0.5666666666666667,42.5,60,0.7083333333333334,0.555238801179589,0.0973398504198073,0.6525786515993963
8480802,20222023,F,EDM,57,52,37234,33,52,0.6346153846153846,34.0,51,0.6666666666666666,27,52,0.5192307692307693,28.0,51,0.5490196078431373,0.12421101485811414,0.11512525503867277,0.2393362698967869
8480802,20232024,F,EDM,81,80,56701,53,80,0.6625,49.5,79,0.6265822784810127,39,80,0.4875,37.5,79,0.47468354430379744,0.033566399790770696,0.04959899216512964,0.08316539195590034
8480802,20242025,F,BUF,75,75,61889,35,75,0.4666666666666667,29.5,75,0.3933333333333333,38,75,0.5066666666666667,28.5,75,0.38,0.06882579677203715,0.09294548713187467,0.16177128390391182
8480802,20252026,F,BUF,81,81,65555,44,81,0.5432098765432098,47.5,81,0.5864197530864198,47,81,0.5802469135802469,45.5,81,0.5617283950617284,0.3589190803053648,0.008619688358865396,0.3675387686642302
8480803,20222023,D,EDM,82,82,74370,52,82,0.6341463414634146,51.5,82,0.6280487804878049,46,82,0.5609756097560976,50.0,82,0.6097560975609756,0.29314011861481504,0.17533578279131312,0.46847590140612816
8480803,20232024,D,EDM,81,81,91023,61,81,0.7530864197530864,62.0,81,0.7654320987654321,53,81,0.654320987654321,54.5,81,0.6728395061728395,0.8795826670332283,0.31042295294150746,1.1900056199747358
8480803,20242025,D,EDM,78,78,93050,55,78,0.7051282051282052,52.5,78,0.6730769230769231,50,78,0.6410256410256411,47.0,78,0.6025641025641025,0.5507977883445259,0.07366603369649649,0.6244638220410224
8480803,20252026,D,EDM,81,81,95109,58,81,0.7160493827160493,51.5,81,0.6358024691358025,61,81,0.7530864197530864,52.0,81,0.6419753086419753,0.8859569728420844,0.3866975196816096,1.272654492523694
8480806,20222023,F,ANA,61,58,42392,19,58,0.3275862068965517,18.5,58,0.31896551724137934,27,58,0.46551724137931033,27.5,58,0.47413793103448276,-0.41902080638357586,0.3023297816798207,-0.11669102470375514
8480806,20232024,F,ANA,46,45,32477,21,45,0.4666666666666667,22.5,45,0.5,24,45,0.5333333333333333,27.5,45,0.6111111111111112,-0.25605173473177634,0.45091756664894067,0.19486583191716433
8480806,20242025,F,ANA,76,71,50605,20,71,0.28169014084507044,20.5,70,0.29285714285714287,26,71,0.36619718309859156,23.0,70,0.32857142857142857,-0.8845811445408109,0.5131658465417908,-0.3714152979990202
8480806,20252026,F,CBJ,68,61,43135,30,61,0.4918032786885246,26.0,60,0.43333333333333335,25,61,0.4098360655737705,26.5,60,0.44166666666666665,-0.8197397333793499,0.2387218646143312,-0.5810178687650187
8480807,20222023,D,BUF,55,55,62992,29,55,0.5272727272727272,24.0,55,0.43636363636363634,31,55,0.5636363636363636,28.0,55,0.509090909090909,0.010485154268361274,0.08320894460720663,0.0936940988755679
8480807,20232024,D,BUF,41,38,43540,21,38,0.5526315789473685,18.0,38,0.47368421052631576,17,38,0.4473684210526316,17.0,38,0.4473684210526316,0.07244282506647837,0.2225023838295912,0.29494520889606957
8480807,20242025,D,BUF,58,57,57215,24,57,0.42105263157894735,21.5,57,0.37719298245614036,25,57,0.43859649122807015,21.0,57,0.3684210526315789,-0.21607443877250088,0.012055434772218376,-0.2040190040002825
8480807,20252026,D,BUF,78,78,90501,40,78,0.5128205128205128,40.5,78,0.5192307692307693,38,78,0.48717948717948717,36.0,78,0.46153846153846156,-0.034355230259235814,-0.02937141558269918,-0.06372664584193499
8480813,20222023,F,DET,81,75,53500,34,75,0.4533333333333333,36.5,75,0.4866666666666667,34,75,0.4533333333333333,43.5,75,0.58,-0.13782943015195004,0.021862277295114918,-0.11596715285683512
8480813,20232024,F,DET,80,69,55468,24,69,0.34782608695652173,27.0,69,0.391304347826087,27,69,0.391304347826087,32.5,69,0.47101449275362317,-0.25360564272962494,-0.28248375618924415,-0.5360893989188691
8480813,20242025,F,"CHI,DET",70,66,46151,24,66,0.36363636363636365,20.5,63,0.3253968253968254,32,66,0.48484848484848486,23.0,63,0.36507936507936506,-0.33529514198738863,-0.04125703493799371,-0.37655217692538234
8480813,20252026,F,MTL,61,48,36839,24,48,0.5,22.5,48,0.46875,25,48,0.5208333333333334,25.5,48,0.53125,-0.5884990555705945,0.21770252980922145,-0.370796525761373
8480817,20222023,D,NYR,79,78,87484,43,78,0.5512820512820513,38.5,78,0.4935897435897436,42,78,0.5384615384615384,39.0,78,0.5,0.2287177724295577,-0.1788496948007654,0.04986807762879231
8480817,20232024,D,NYR,80,79,86573,33,79,0.4177215189873418,34.5,79,0.43670886075949367,34,79,0.43037974683544306,32.0,79,0.4050632911392405,-0.09448905475336389,-0.317011474948691,-0.41150052970205486
8480817,20242025,D,NYR,71,71,77739,30,71,0.4225352112676056,33.5,71,0.47183098591549294,30,71,0.4225352112676056,33.0,71,0.4647887323943662,0.1617326742191625,-0.0942867507046401,0.06744592351452239
8480817,20252026,D,CAR,72,72,81012,46,72,0.6388888888888888,48.0,72,0.6666666666666666,37,72,0.5138888888888888,37.0,72,0.5138888888888888,0.12843275235203677,0.005203760920400313,0.13363651327243709
8480821,20222023,F,DET,30,29,20463,14,29,0.4827586206896552,16.0,29,0.5517241379310345,18,29,0.6206896551724138,21.0,29,0.7241379310344828,0.6758571570185818,0.07601848701136626,0.7518756440299481
8480821,20232024,F,SJS,72,66,49639,19,66,0.2878787878787879,23.0,66,0.3484848484848485,28,66,0.42424242424242425,29.5,66,0.44696969696969696,0.15638469428008617,-0.49561009443643744,-0.3392254001563513
8480822,20222023,F,"COL,SJS",36,21,19176,10,21,0.47619047619047616,11.0,21,0.5238095238095238,11,21,0.5238095238095238,11.0,21,0.5238095238095238,-0.29395076815266874,0.013946857099419674,-0.28000391105324907
8480823,20222023,D,WSH,32,31,28345,10,31,0.3225806451612903,9.5,31,0.3064516129032258,13,31,0.41935483870967744,11.5,31,0.3709677419354839,-0.47008848744675635,-0.15239738037011152,-0.6224858678168679
8480823,20232024,D,WSH,39,37,30034,22,37,0.5945945945945946,20.0,36,0.5555555555555556,21,37,0.5675675675675675,23.5,36,0.6527777777777778,-0.033187263303947834,0.6213015926176859,0.5881143293137381
8480828,20242025,D,BOS,15,14,11267,5,14,0.35714285714285715,3.5,14,0.25,5,14,0.35714285714285715,5.0,14,0.35714285714285715,0.07038487417434469,-0.6218307753661279,-0.5514459011917832
8480829,20222023,F,CAR,82,79,59347,48,79,0.6075949367088608,49.5,79,0.6265822784810127,40,79,0.5063291139240507,35.5,79,0.44936708860759494,-0.24297600584262646,0.10140902646790995,-0.14156697937471652
8480829,20232024,F,CAR,79,70,52702,40,70,0.5714285714285714,37.0,69,0.5362318840579711,29,70,0.4142857142857143,31.0,69,0.4492753623188406,0.1597980936056671,-0.5050313595721891,-0.34523326596652204
8480829,20242025,F,CAR,78,76,55702,44,76,0.5789473684210527,39.5,75,0.5266666666666666,36,76,0.47368421052631576,31.0,75,0.41333333333333333,0.21089772258549955,-0.09539546642975161,0.11550225615574794
8480829,20252026,F,CAR,42,35,26005,21,35,0.6,19.0,35,0.5428571428571428,16,35,0.45714285714285713,13.0,35,0.37142857142857144,-0.7319413918078217,0.019488623659266402,-0.7124527681485553
8480830,20222023,F,CAR,64,64,55087,40,64,0.625,41.5,64,0.6484375,34,64,0.53125,28.0,64,0.4375,0.5688717619788131,-0.22388878887121466,0.3449829731075984
8480830,20232024,F,CAR,59,59,50720,34,59,0.576271186440678,28.5,59,0.4830508474576271,23,59,0.3898305084745763,21.5,59,0.3644067796610169,0.15195353393419886,-0.3045101751905759,-0.15255664125637702
8480830,20242025,F,CAR,68,67,56663,38,67,0.5671641791044776,37.0,66,0.5606060606060606,24,67,0.3582089552238806,30.0,66,0.45454545454545453,-0.1673517609772044,-0.38805225017197964,-0.555404011149184
8480830,20252026,F,CAR,79,78,66777,51,78,0.6538461538461539,44.5,77,0.577922077922078,37,78,0.47435897435897434,36.5,77,0.474025974025974,0.24026052900431738,-0.3074312571889646,-0.0671707281846472
8480831,20252026,D,EDM,29,26,22597,10,26,0.38461538461538464,12.5,26,0.4807692307692308,8,26,0.3076923076923077,12.0,26,0.46153846153846156,-0.18987405529444912,-0.36899992809035886,-0.558873983384808
8480833,20222023,F,"NYR,VAN",44,37,26698,17,37,0.4594594594594595,17.5,37,0.47297297297297297,17,37,0.4594594594594595,18.5,37,0.5,-0.050881464331756554,0.24451987280312837,0.19363840847137181
8480834,20232024,D,SJS,30,29,29212,7,29,0.2413793103448276,8.5,29,0.29310344827586204,14,29,0.4827586206896552,13.0,29,0.4482758620689655,-0.17406030800221406,0.4078167040545737,0.23375639605235965
8480834,20242025,D,EDM,72,71,56623,34,71,0.4788732394366197,35.5,70,0.5071428571428571,27,71,0.38028169014084506,27.5,70,0.39285714285714285,-0.5953208071495504,-0.042264445896582625,-0.637585253046133
8480834,20252026,D,EDM,71,70,58477,32,70,0.45714285714285713,32.5,70,0.4642857142857143,32,70,0.45714285714285713,32.5,70,0.4642857142857143,-0.6462185398106444,0.20248192455253777,-0.4437366152581066
8480835,20222023,F,CAR,38,27,21227,19,27,0.7037037037037037,19.0,27,0.7037037037037037,19,27,0.7037037037037037,17.5,27,0.6481481481481481,-0.06484996588709002,0.45011292593674046,0.38526296004965044
8480835,20232024,F,CAR,74,61,46191,38,61,0.6229508196721312,32.0,60,0.5333333333333333,32,61,0.5245901639344263,28.5,60,0.475,-0.06992608426563196,0.2557192933998236,0.18579320913419162
8480835,20242025,F,"CAR,COL",68,62,42672,37,62,0.5967741935483871,32.0,60,0.5333333333333333,35,62,0.5645161290322581,32.0,60,0.5333333333333333,-0.22707112772204274,0.16814560492868225,-0.058925522793360496
8480835,20252026,F,COL,81,80,58307,50,80,0.625,49.0,79,0.620253164556962,42,80,0.525,39.0,79,0.4936708860759494,-0.5430505508275787,0.6319011961173364,0.08885064528975772
8480839,20222023,D,BUF,78,78,97877,45,78,0.5769230769230769,44.0,78,0.5641025641025641,50,78,0.6410256410256411,48.5,78,0.6217948717948718,0.08791118417795651,0.5533866765361877,0.6412978607141442
8480839,20232024,D,BUF,81,81,102236,40,81,0.49382716049382713,41.5,81,0.5123456790123457,44,81,0.5432098765432098,42.0,81,0.5185185185185185,0.24748361578709055,0.28777807810718103,0.5352616938942716
8480839,20242025,D,BUF,69,69,82249,39,69,0.5652173913043478,38.0,69,0.5507246376811594,44,69,0.6376811594202898,43.0,69,0.6231884057971014,0.23957325928143147,0.38104744965886317,0.6206207089402946
8480839,20252026,D,BUF,77,77,91164,41,77,0.5324675324675324,38.5,77,0.5,42,77,0.5454545454545454,45.0,77,0.5844155844155844,0.3320833066379918,0.23506362464234742,0.5671469312803392
8480840,20242025,F,DAL,70,58,41996,29,58,0.5,28.0,56,0.5,27,58,0.46551724137931033,21.0,56,0.375,-0.6873995309168246,0.6093139959914495,-0.07808553492537507
8480840,20252026,F,DAL,72,59,44022,31,59,0.5254237288135594,27.0,58,0.46551724137931033,34,59,0.576271186440678,26.5,58,0.45689655172413796,-0.47197436349713007,0.5886333997699167,0.11665903627278662
8480845,20222023,F,LAK,66,34,33690,24,34,0.7058823529411765,19.5,34,0.5735294117647058,16,34,0.47058823529411764,16.0,34,0.47058823529411764,-0.19177146090971586,-0.1886461622063389,-0.38041762311605476
8480845,20232024,F,WPG,28,17,13758,7,17,0.4117647058823529,6.5,17,0.38235294117647056,7,17,0.4117647058823529,7.0,17,0.4117647058823529,-1.022207228862661,0.2377945434836306,-0.7844126853790303
8480845,20242025,F,WPG,59,32,32381,21,32,0.65625,16.0,28,0.5714285714285714,16,32,0.5,14.0,28,0.5,-0.3421003108752263,0.3671966781479563,0.025096367272730014
8480848,20222023,F,DAL,82,81,60264,40,81,0.49382716049382713,40.5,81,0.5,35,81,0.43209876543209874,32.5,81,0.4012345679012346,-0.3377910782443636,0.008748757548005415,-0.3290423206963582
8480848,20232024,F,DAL,42,36,27974,18,36,0.5,20.5,36,0.5694444444444444,18,36,0.5,18.0,36,0.5,-0.3223708770627809,0.16422356606376876,-0.15814731099901214
8480848,20242025,F,SJS,64,53,39437,10,53,0.18867924528301888,17.5,53,0.330188679245283,16,53,0.3018867924528302,17.5,53,0.330188679245283,-0.49311358834976393,-0.27812108742556463,-0.7712346757753286
8480848,20252026,F,SJS,46,39,31901,10,39,0.2564102564102564,12.0,39,0.3076923076923077,8,39,0.20512820512820512,11.5,39,0.2948717948717949,-0.8521012630744391,-0.4913319565370804,-1.3434332196115195
8480849,20222023,F,ARI,82,81,67480,37,81,0.4567901234567901,37.0,80,0.4625,58,81,0.7160493827160493,51.0,80,0.6375,0.46548523882819826,0.38234353884870487,0.8478287776769031
8480849,20232024,F,ARI,33,32,26693,17,32,0.53125,18.5,31,0.5967741935483871,17,32,0.53125,18.5,31,0.5967741935483871,0.05521777854541421,0.2553785973276481,0.3105963758730623
8480849,20242025,F,UTA,78,78,61829,54,78,0.6923076923076923,47.5,76,0.625,52,78,0.6666666666666666,45.0,76,0.5921052631578947,0.5047135112104679,0.07845084832197236,0.5831643595324403
8480849,20252026,F,UTA,67,66,51014,41,66,0.6212121212121212,39.0,66,0.5909090909090909,38,66,0.5757575757575758,38.5,66,0.5833333333333334,0.1425601845194846,0.2997325074093533,0.4422926919288379
8480851,20242025,F,LAK,25,18,14055,10,18,0.5555555555555556,8.5,18,0.4722222222222222,9,18,0.5,9.0,18,0.5,-0.7092081272887394,-0.12271016478967822,-0.8319182920784176
8480853,20222023,F,CBJ,62,52,39414,17,52,0.3269230769230769,19.5,49,0.3979591836734694,22,52,0.4230769230769231,25.0,49,0.5102040816326531,-0.14872061905895428,-0.1574014759318496,-0.3061220949908039
8480855,20222023,F,ARI,82,75,55478,26,75,0.3466666666666667,27.0,74,0.36486486486486486,32,75,0.4266666666666667,34.5,74,0.46621621621621623,-0.14416253203586837,-0.2645679901286777,-0.4087305221645461
8480855,20232024,F,ARI,67,53,41752,22,53,0.41509433962264153,24.5,53,0.46226415094339623,24,53,0.4528301886792453,25.5,53,0.4811320754716981,0.37931799429918867,-0.17454790035056922,0.20477009394861945
8480855,20242025,F,UTA,78,73,53567,40,73,0.547945205479452,41.0,72,0.5694444444444444,38,73,0.5205479452054794,38.0,72,0.5277777777777778,-0.12048381947162534,-0.0036203794065277073,-0.12410419887815305
8480855,20252026,F,UTA,75,73,52642,33,73,0.4520547945205479,36.5,73,0.5,37,73,0.5068493150684932,35.5,73,0.4863013698630137,0.3200826458681143,-0.5048740687147437,-0.18479142284662942
8480860,20222023,D,NJD,42,40,32249,24,40,0.6,25.5,40,0.6375,21,40,0.525,19.5,40,0.4875,0.13514586403899242,0.02751815903891508,0.1626640230779075
8480860,20232024,D,NJD,82,81,74580,42,81,0.5185185185185185,43.5,81,0.5370370370370371,35,81,0.43209876543209874,43.0,81,0.5308641975308642,-0.19219912129078542,0.11182223300705685,-0.08037688828372858
8480860,20242025,D,CGY,70,70,77510,32,70,0.45714285714285713,26.5,70,0.37857142857142856,31,70,0.44285714285714284,31.5,70,0.45,0.07305991919517885,-0.23554741676826518,-0.16248749757308634
8480860,20252026,D,CGY,76,75,84765,29,75,0.38666666666666666,27.0,75,0.36,32,75,0.4266666666666667,33.5,75,0.44666666666666666,-0.19137514578074377,-0.20740889633021897,-0.39878404211096274
8480865,20222023,D,NYI,78,78,77416,36,78,0.46153846153846156,37.5,78,0.4807692307692308,43,78,0.5512820512820513,39.5,78,0.5064102564102564,0.09943089298713303,0.0010371851874344529,0.10046807817456749
8480865,20232024,D,NYI,79,78,95945,37,78,0.47435897435897434,42.0,78,0.5384615384615384,39,78,0.5,41.5,78,0.532051282051282,-0.0375444301308403,-0.07318891076393852,-0.11073334089477882
8480865,20242025,D,NYI,67,67,77918,43,67,0.6417910447761194,42.5,67,0.6343283582089553,42,67,0.6268656716417911,46.0,67,0.6865671641791045,0.227700610024276,0.3946456270664327,0.6223462370907087
8480865,20252026,D,MTL,80,80,85801,34,80,0.425,38.0,80,0.475,33,80,0.4125,31.0,80,0.3875,0.06830963505299792,-0.4135304165831406,-0.3452207815301427
8480870,20232024,F,ANA,45,40,27866,12,40,0.3,12.5,39,0.32051282051282054,14,40,0.35,16.5,39,0.4230769230769231,-0.5423171146251853,0.12512110086380357,-0.4171960137613817
8480870,20252026,F,TOR,13,13,9491,3,13,0.23076923076923078,2.5,13,0.19230769230769232,4,13,0.3076923076923077,5.5,13,0.4230769230769231,-0.33939523594779875,-0.8476492559864153,-1.187044491934214
8480871,20222023,D,CBJ,46,45,43243,21,45,0.4666666666666667,19.5,44,0.4431818181818182,24,45,0.5333333333333333,21.0,44,0.4772727272727273,0.406073713145759,-0.0032966016618121152,0.4027771114839469
8480871,20232024,D,CBJ,35,34,33007,12,34,0.35294117647058826,14.5,34,0.4264705882352941,14,34,0.4117647058823529,16.5,34,0.4852941176470588,0.26835624309048267,-0.45071562279934607,-0.1823593797088634
8480871,20242025,D,"FLA,NYI",35,32,25537,19,32,0.59375,17.0,32,0.53125,15,32,0.46875,13.0,32,0.40625,-0.013986805243127787,-0.19052928614883546,-0.20451609139196325
8480871,20252026,D,NYI,28,27,19959,6,27,0.2222222222222222,6.5,27,0.24074074074074073,11,27,0.4074074074074074,9.0,27,0.3333333333333333,0.06341383486355223,-0.7290019676565396,-0.6655881327929873
8480873,20222023,D,"TOR,WSH",71,71,69445,46,71,0.647887323943662,42.5,71,0.5985915492957746,42,71,0.5915492957746479,45.5,71,0.6408450704225352,0.48342853097500527,-0.28232770077080804,0.20110083020419722
8480873,20232024,D,WSH,68,67,73472,29,67,0.43283582089552236,30.0,67,0.44776119402985076,29,67,0.43283582089552236,30.0,67,0.44776119402985076,0.2348397083781668,-0.46123969391851505,-0.22639998554034824
8480873,20242025,D,WSH,79,79,78805,43,79,0.5443037974683544,42.0,79,0.5316455696202531,44,79,0.5569620253164557,41.5,79,0.5253164556962026,0.2642878120153984,-0.056860191145881256,0.20742762086951716
8480873,20252026,D,WSH,73,72,68597,39,72,0.5416666666666666,38.0,72,0.5277777777777778,36,72,0.5,35.0,72,0.4861111111111111,-0.16333158199948228,0.009761705122662612,-0.15356987687681967
8480876,20252026,F,"TBL,VAN",42,10,15851,6,10,0.6,5.0,10,0.5,4,10,0.4,5.0,10,0.5,-0.020865494673795393,0.5888083874147338,0.5679428927409385
8480878,20222023,D,DAL,60,59,50919,37,59,0.6271186440677966,37.0,59,0.6271186440677966,33,59,0.559322033898305,37.5,59,0.635593220338983,0.46668854531091375,-0.34819169979715614,0.11849684551375761
8480878,20232024,D,DAL,59,56,44503,32,56,0.5714285714285714,33.5,56,0.5982142857142857,26,56,0.4642857142857143,26.0,56,0.4642857142857143,0.17446736285032083,-0.39892654771918057,-0.22445918486885974
8480878,20242025,D,DAL,39,38,32199,22,38,0.5789473684210527,24.0,38,0.631578947368421,20,38,0.5263157894736842,24.0,38,0.631578947368421,0.43117172130202874,-0.18695506517429772,0.24421665612773102
8480878,20252026,D,DAL,52,52,46738,28,52,0.5384615384615384,26.0,52,0.5,29,52,0.5576923076923077,22.5,52,0.4326923076923077,0.33119830866768707,-0.26947948943586253,0.06171881923182454
8480879,20222023,D,OTT,19,18,16514,9,18,0.5,9.5,18,0.5277777777777778,6,18,0.3333333333333333,8.0,18,0.4444444444444444,-0.04391104590596351,0.024815763343226216,-0.019095282562737292
8480879,20232024,D,OTT,72,69,59870,25,69,0.36231884057971014,27.5,69,0.39855072463768115,26,69,0.37681159420289856,23.5,69,0.34057971014492755,-0.3220480446584717,-0.25299844815801853,-0.5750464928164902
8480879,20242025,D,"BUF,OTT",36,35,26609,16,35,0.45714285714285713,17.5,35,0.5,18,35,0.5142857142857142,21.0,35,0.6,-0.11084307385375736,0.16037171111814086,0.0495286372643835
8480879,20252026,D,DET,63,63,49722,28,63,0.4444444444444444,28.5,63,0.4523809523809524,34,63,0.5396825396825397,30.0,63,0.47619047619047616,-0.11877392780860108,-0.14110939413852241,-0.2598833219471235
8480880,20222023,F,BOS,23,14,11034,7,14,0.5,4.0,14,0.2857142857142857,5,14,0.35714285714285715,3.5,14,0.25,-0.8617555518183848,0.04347626506923419,-0.8182792867491506
8480880,20232024,F,BOS,60,46,32611,19,46,0.41304347826086957,22.0,45,0.4888888888888889,18,46,0.391304347826087,23.0,45,0.5111111111111111,-0.7384652309731405,0.11655369469033738,-0.6219115362828032
8480880,20242025,F,"BOS,MIN",52,38,29200,12,38,0.3157894736842105,12.5,36,0.3472222222222222,13,38,0.34210526315789475,14.0,36,0.3888888888888889,-0.6860231931574479,-0.20616930061599348,-0.8921924937734413
8480884,20222023,D,MIN,62,59,47908,28,59,0.4745762711864407,26.0,59,0.4406779661016949,27,59,0.4576271186440678,25.0,59,0.423728813559322,-0.17991685871990493,0.1368222593392847,-0.04309459938062021
8480884,20232024,D,"MIN,SJS",72,68,63466,19,68,0.27941176470588236,20.0,68,0.29411764705882354,26,68,0.38235294117647056,27.0,68,0.39705882352941174,-0.24836610074065568,-0.5789310317730645,-0.8272971325137202
8480887,20222023,D,MTL,65,65,62852,28,65,0.4307692307692308,26.5,65,0.4076923076923077,39,65,0.6,39.0,65,0.6,0.34377400342732356,0.026106836158501512,0.36988083958582507
8480887,20232024,D,MTL,56,55,49688,20,55,0.36363636363636365,26.0,55,0.4727272727272727,24,55,0.43636363636363634,27.5,55,0.5,0.1681137836964588,0.04601846001028331,0.2141322437067421
8480887,20242025,D,CBJ,31,26,19705,7,26,0.2692307692307692,10.5,26,0.40384615384615385,8,26,0.3076923076923077,15.0,26,0.5769230769230769,-0.36561019697202735,-0.7902275017105347,-1.155837698682562
8480891,20232024,D,ARI,65,64,56810,32,64,0.5,31.5,64,0.4921875,36,64,0.5625,35.0,64,0.546875,0.2090005042873826,-0.10669983415351858,0.10230067013386401
8480891,20242025,D,UTA,78,78,73071,42,78,0.5384615384615384,45.5,78,0.5833333333333334,43,78,0.5512820512820513,41.0,78,0.5256410256410257,0.17915947785306852,0.037329988147523085,0.2164894660005916
8480891,20252026,D,BUF,34,30,24641,12,30,0.4,14.5,30,0.48333333333333334,15,30,0.5,13.5,30,0.45,0.08196469014553065,-0.07118408439960211,0.01078060574592854
8480893,20222023,F,CBJ,59,57,47786,25,57,0.43859649122807015,27.0,56,0.48214285714285715,33,57,0.5789473684210527,31.5,56,0.5625,-0.0012483704269112827,0.40465858365461616,0.4034102132277049
8480893,20232024,F,CBJ,78,77,64454,27,77,0.35064935064935066,33.0,77,0.42857142857142855,34,77,0.44155844155844154,40.5,77,0.525974025974026,-0.2521483943616669,0.2380186841699916,-0.014129710191675304
8480893,20242025,F,CBJ,75,75,71186,42,75,0.56,43.0,75,0.5733333333333334,50,75,0.6666666666666666,42.5,75,0.5666666666666667,0.6028777989230512,0.014546270530068295,0.6174240694531195
8480893,20252026,F,CBJ,76,76,70972,44,76,0.5789473684210527,43.5,76,0.5723684210526315,41,76,0.5394736842105263,40.0,76,0.5263157894736842,0.19435765202980715,-0.15247216729979263,0.04188548473001452
8480901,20222023,F,"SEA,WPG",47,33,28571,17,33,0.5151515151515151,14.5,33,0.4393939393939394,17,33,0.5151515151515151,15.5,33,0.4696969696969697,-0.046713391855189634,-0.5932168064262462,-0.6399301982814358
8480913,20222023,D,NSH,15,15,13725,5,15,0.3333333333333333,6.5,15,0.43333333333333335,8,15,0.5333333333333333,9.0,15,0.6,-0.19332330115829555,-0.3218019584709988,-0.5151252596292943
8480935,20222023,D,BUF,17,13,11173,6,13,0.46153846153846156,6.5,13,0.5,5,13,0.38461538461538464,6.0,13,0.46153846153846156,-0.15072868207352697,-0.1579608927270182,-0.30868957480054515
8480950,20222023,D,BUF,68,61,52767,25,61,0.4098360655737705,24.0,61,0.39344262295081966,22,61,0.36065573770491804,21.5,61,0.3524590163934426,-0.499706751130752,-0.059704755803338116,-0.5594115069340901
8480950,20232024,D,"ANA,TOR",74,73,61534,26,73,0.3561643835616438,29.5,71,0.4154929577464789,35,73,0.4794520547945205,33.0,71,0.4647887323943662,-0.06463656674665286,-0.20958862983212123,-0.2742251965787741
8480950,20242025,D,DAL,76,75,69080,36,75,0.48,36.5,74,0.49324324324324326,40,75,0.5333333333333333,35.5,74,0.4797297297297297,-0.3230730063583893,0.02172346878127751,-0.3013495375771118
8480950,20252026,D,DAL,53,52,42992,25,52,0.4807692307692308,24.0,51,0.47058823529411764,18,52,0.34615384615384615,22.5,51,0.4411764705882353,-0.46193349261397065,-0.1036694827098481,-0.5656029753238188
8480980,20222023,F,MIN,81,55,43765,25,55,0.45454545454545453,26.5,55,0.4818181818181818,25,55,0.45454545454545453,31.0,55,0.5636363636363636,-0.543909325358888,0.1989359643017341,-0.3449733610571539
8480980,20232024,F,"MIN,TOR",74,51,41182,24,51,0.47058823529411764,25.0,48,0.5208333333333334,22,51,0.43137254901960786,20.0,48,0.4166666666666667,-0.4930273942917127,0.2555314218715612,-0.23749597242015152
8480980,20242025,F,"PIT,TOR",45,29,26590,12,29,0.41379310344827586,12.5,27,0.46296296296296297,13,29,0.4482758620689655,13.0,27,0.48148148148148145,-0.6376104610810349,0.10855880024338571,-0.5290516608376492
8480980,20252026,F,PIT,78,78,53793,38,78,0.48717948717948717,47.0,78,0.6025641025641025,38,78,0.48717948717948717,42.5,78,0.5448717948717948,-0.24497042482734965,0.32016775601413183,0.07519733118678218
8480990,20232024,D,"MIN,WPG",31,30,25102,20,30,0.6666666666666666,17.0,28,0.6071428571428571,16,30,0.5333333333333333,11.0,28,0.39285714285714285,-0.1367078759447642,0.15744248402485805,0.020734608080093864
8480990,20242025,D,MIN,63,61,58271,35,61,0.5737704918032787,32.5,61,0.5327868852459017,33,61,0.5409836065573771,35.5,61,0.5819672131147541,0.1310727378387715,0.14987421631402142,0.2809469541527929
8480990,20252026,D,WSH,26,26,19071,14,26,0.5384615384615384,11.5,26,0.4423076923076923,8,26,0.3076923076923077,9.5,26,0.36538461538461536,-0.08976352181402492,-0.5998223308858011,-0.689585852699826
8480995,20222023,F,TOR,37,30,20398,17,30,0.5666666666666667,14.5,30,0.48333333333333334,11,30,0.36666666666666664,7.5,30,0.25,-0.5922483226839135,0.23022322098413373,-0.36202510169977975
8480995,20232024,F,TOR,54,42,32535,26,42,0.6190476190476191,24.0,42,0.5714285714285714,24,42,0.5714285714285714,21.0,42,0.5,-0.20618175572352104,0.2973691460328922,0.09118739030937117
8480995,20242025,F,TOR,64,59,43530,32,59,0.5423728813559322,29.0,59,0.4915254237288136,33,59,0.559322033898305,29.0,59,0.4915254237288136,-0.021893345875080072,0.23345751457821873,0.21156416870313866
8480995,20252026,F,TBL,70,69,50526,36,69,0.5217391304347826,37.5,67,0.5597014925373134,33,69,0.4782608695652174,32.0,67,0.47761194029850745,-0.1140250414277042,0.3162920877311626,0.20226704630345838
8481006,20222023,D,STL,26,26,21043,12,26,0.46153846153846156,13.5,26,0.5192307692307693,13,26,0.5,13.5,26,0.5192307692307693,-0.2123186516786193,0.33515611128273193,0.12283745960411263
8481006,20232024,D,STL,26,24,18222,9,24,0.375,7.5,24,0.3125,13,24,0.5416666666666666,9.5,24,0.3958333333333333,-0.07299659723798779,-0.013867428994669417,-0.08686402623265721
8481006,20242025,D,STL,36,35,29157,19,35,0.5428571428571428,16.0,35,0.45714285714285713,19,35,0.5428571428571428,16.5,35,0.4714285714285714,0.06057563370255492,0.13871850792774199,0.1992941416302969
8481006,20252026,D,STL,68,63,52316,28,63,0.4444444444444444,28.0,63,0.4444444444444444,32,63,0.5079365079365079,29.0,63,0.4603174603174603,0.2018777443076094,-0.00015395587950362,0.2017237884281058
8481013,20222023,F,DET,67,64,45461,29,64,0.453125,29.5,64,0.4609375,34,64,0.53125,35.0,64,0.546875,0.15376907583975585,0.013907457973384663,0.16767653381314052
8481013,20242025,F,DET,71,65,49434,29,65,0.4461538461538462,31.0,65,0.47692307692307695,33,65,0.5076923076923077,34.5,65,0.5307692307692308,-0.2657329915825697,0.014716713297863393,-0.2510162782847063
8481013,20252026,F,"DET,STL",50,47,36382,25,47,0.5319148936170213,19.5,47,0.4148936170212766,26,47,0.5531914893617021,20.0,47,0.425531914893617,-0.14476532425280553,0.06786807456373944,-0.07689724968906608
8481014,20222023,D,NYI,76,76,77884,32,76,0.42105263157894735,31.0,76,0.40789473684210525,32,76,0.42105263157894735,32.0,76,0.42105263157894735,-0.18028894894377867,-0.37899073797946503,-0.5592796869232437
8481014,20232024,D,NYI,81,81,90152,39,81,0.48148148148148145,42.5,81,0.5246913580246914,35,81,0.43209876543209874,41.5,81,0.5123456790123457,0.08318259958065033,-0.3083520970328788,-0.22516949745222847
8481014,20242025,D,NYI,60,60,71231,28,60,0.4666666666666667,30.5,60,0.5083333333333333,28,60,0.4666666666666667,29.5,60,0.49166666666666664,0.18127944914154437,-0.31407696192397916,-0.1327975127824348
8481014,20252026,D,NYI,15,15,14573,4,15,0.26666666666666666,2.5,15,0.16666666666666666,2,15,0.13333333333333333,2.0,15,0.13333333333333333,-0.41649475714749196,-1.0798202815855436,-1.4963150387330355
8481019,20222023,F,WPG,46,26,22799,16,26,0.6153846153846154,17.0,26,0.6538461538461539,13,26,0.5,16.5,26,0.6346153846153846,-0.40528264868430997,-0.12475905884158367,-0.5300417075258936
8481019,20232024,F,WPG,39,19,19614,8,19,0.42105263157894735,7.0,19,0.3684210526315789,9,19,0.47368421052631576,7.0,19,0.3684210526315789,-0.7594419994741992,-0.08751089179396132,-0.8469528912681605
8481019,20242025,F,WPG,35,21,17900,14,21,0.6666666666666666,14.5,20,0.725,12,21,0.5714285714285714,17.0,20,0.85,0.2583426097365611,0.6050482320398669,0.863390841776428
8481024,20242025,F,VAN,19,18,10904,9,18,0.5,10.0,18,0.5555555555555556,10,18,0.5555555555555556,12.0,18,0.6666666666666666,-0.19478448274245896,0.1270805435665503,-0.06770393917590867
8481024,20252026,F,VAN,78,62,50504,27,62,0.43548387096774194,30.0,62,0.4838709677419355,44,62,0.7096774193548387,38.0,62,0.6129032258064516,0.6589467798484869,0.08150651448961366,0.7404532943381006
8481028,20232024,F,CGY,63,58,44006,32,58,0.5517241379310345,30.5,58,0.5258620689655172,34,58,0.5862068965517241,34.0,58,0.5862068965517241,0.5009802746034708,0.0532809199903288,0.5542611945937996
8481028,20242025,F,CGY,78,74,58661,29,74,0.3918918918918919,32.5,74,0.4391891891891892,32,74,0.43243243243243246,36.0,74,0.4864864864864865,-0.11058054411417739,-0.3438223272023677,-0.4544028713165451
8481028,20252026,F,CGY,22,17,12576,5,17,0.29411764705882354,5.0,17,0.29411764705882354,7,17,0.4117647058823529,6.5,17,0.38235294117647056,-0.44695918912028376,0.12133609687146008,-0.3256230922488237
8481030,20242025,D,PIT,19,19,15720,10,19,0.5263157894736842,9.5,19,0.5,10,19,0.5263157894736842,8.0,19,0.42105263157894735,-0.46752686328490056,0.15763841382704857,-0.309888449457852
8481030,20252026,D,PIT,20,19,17607,9,19,0.47368421052631576,9.0,19,0.47368421052631576,9,19,0.47368421052631576,10.0,19,0.5263157894736842,-0.029171979682473648,0.1318871251686442,0.10271514548617056
8481032,20222023,F,VGK,55,50,39909,16,50,0.32,20.5,50,0.41,15,50,0.3,18.5,50,0.37,-0.32099059533839336,-0.7917273131979727,-1.112717908536366
8481032,20232024,F,VGK,76,73,53681,40,73,0.547945205479452,41.0,73,0.5616438356164384,39,73,0.5342465753424658,39.5,73,0.541095890410959,-0.06728402852742343,-0.000425962564563509,-0.06770999109198694
8481032,20242025,F,NJD,76,76,53456,38,76,0.5,34.0,76,0.4473684210526316,35,76,0.4605263157894737,36.0,76,0.47368421052631576,-0.1134084119659522,-0.07140830213143223,-0.18481671409738443
8481032,20252026,F,NJD,79,59,46181,19,59,0.3220338983050847,21.0,56,0.375,20,59,0.3389830508474576,22.5,56,0.4017857142857143,-0.6274905464189489,-0.4655879404955474,-1.0930784869144963
8481042,20242025,F,"COL,SJS",53,47,34278,19,47,0.40425531914893614,20.5,47,0.43617021276595747,29,47,0.6170212765957447,23.5,47,0.5,-0.029262297970716666,-0.1651264234708001,-0.19438872144151675
8481043,20242025,F,BOS,69,59,41068,25,59,0.423728813559322,19.0,54,0.35185185185185186,27,59,0.4576271186440678,20.5,54,0.37962962962962965,-0.3832145316183575,0.29695384268461034,-0.08626068893374716
8481043,20252026,F,WPG,65,47,34827,16,47,0.3404255319148936,17.0,46,0.3695652173913043,17,47,0.3617021276595745,19.0,46,0.41304347826086957,-0.4598825084760425,-0.2904956346202736,-0.7503781430963161
8481056,20232024,D,NSH,20,20,16505,12,20,0.6,13.5,20,0.675,9,20,0.45,10.0,20,0.5,0.46947331308580686,-0.06844937791216488,0.401023935173642
8481056,20242025,D,NSH,23,23,19718,10,23,0.43478260869565216,12.0,23,0.5217391304347826,10,23,0.43478260869565216,12.5,23,0.5434782608695652,0.05059967940311161,-0.42334728386998677,-0.37274760446687516
8481056,20252026,D,"EDM,NSH",66,66,52974,35,66,0.5303030303030303,33.0,66,0.5,30,66,0.45454545454545453,32.5,66,0.49242424242424243,-0.05162306645027881,0.04100532395524725,-0.010617742495031557
8481058,20222023,F,MTL,37,32,26492,12,32,0.375,10.0,32,0.3125,16,32,0.5,12.5,32,0.390625,-0.18217841881256636,0.40005541799129585,0.2178769991787295
8481058,20232024,F,MTL,59,38,30195,14,38,0.3684210526315789,13.0,37,0.35135135135135137,15,38,0.39473684210526316,12.5,37,0.33783783783783783,-0.45480618319650934,-0.21467285354697152,-0.6694790367434809
8481059,20232024,D,STL,54,51,40497,25,51,0.49019607843137253,22.0,50,0.44,29,51,0.5686274509803921,24.5,50,0.49,0.15597918005117917,0.11564952771590242,0.2716287077670816
8481059,20242025,D,"NYI,STL",35,34,30103,20,34,0.5882352941176471,18.5,33,0.5606060606060606,20,34,0.5882352941176471,19.0,33,0.5757575757575758,0.15270774297903733,-0.12905729527893506,0.023650447700102273
8481068,20222023,F,NJD,75,71,54390,36,71,0.5070422535211268,37.0,71,0.5211267605633803,29,71,0.4084507042253521,28.5,71,0.4014084507042254,-0.3571603184039396,-0.26876242947610374,-0.6259227478800433
8481068,20232024,F,CGY,82,79,66673,32,79,0.4050632911392405,37.5,79,0.47468354430379744,32,79,0.4050632911392405,34.5,79,0.43670886075949367,-0.28527943616166906,-0.09352441918361398,-0.37880385534528305
8481068,20242025,F,CGY,70,70,56452,35,70,0.5,34.5,70,0.4928571428571429,33,70,0.4714285714285714,34.0,70,0.4857142857142857,-0.14236442102719327,0.022843204715440546,-0.11952121631175272
8481068,20252026,F,CGY,77,74,60241,28,74,0.3783783783783784,23.0,74,0.3108108108108108,31,74,0.4189189189189189,33.0,74,0.44594594594594594,-0.04335408970055399,-0.2324132296835275,-0.2757673193840815
8481072,20222023,D,CBJ,59,59,54967,24,59,0.4067796610169492,26.5,59,0.4491525423728814,35,59,0.5932203389830508,29.0,59,0.4915254237288136,0.1966951058345643,0.005528711270105013,0.2022238171046693
8481093,20222023,F,MTL,34,33,29508,13,33,0.3939393939393939,16.0,33,0.48484848484848486,20,33,0.6060606060606061,19.0,33,0.5757575757575758,0.12744046036448875,0.36683096254988934,0.4942714229143781
8481093,20232024,F,MTL,45,38,27977,13,38,0.34210526315789475,16.5,38,0.4342105263157895,17,38,0.4473684210526316,20.0,38,0.5263157894736842,-0.5132684234537608,0.3494308064175762,-0.1638376170361846
8481122,20222023,D,ANA,78,78,75898,14,78,0.1794871794871795,15.5,78,0.1987179487179487,37,78,0.47435897435897434,33.5,78,0.42948717948717946,-0.32797810844696795,-0.014533275718072503,-0.34251138416504046
8481122,20232024,D,TOR,64,64,57537,39,64,0.609375,36.0,63,0.5714285714285714,36,64,0.5625,31.5,63,0.5,-0.15908597606647934,0.2720291413516023,0.11294316528512294
8481122,20242025,D,TOR,74,74,62981,27,74,0.36486486486486486,28.5,74,0.38513513513513514,27,74,0.36486486486486486,23.0,74,0.3108108108108108,-0.43529868633477564,-0.4139070269762324,-0.849205713311008
8481122,20252026,D,TOR,73,73,65011,22,73,0.3013698630136986,22.0,73,0.3013698630136986,24,73,0.3287671232876712,26.0,73,0.3561643835616438,-0.4016136573258533,-0.2899541826178056,-0.6915678399436589
8481133,20252026,F,"FLA,VGK",59,45,35791,19,45,0.4222222222222222,20.5,44,0.4659090909090909,22,45,0.4888888888888889,19.5,44,0.4431818181818182,-0.5488283159249945,-0.11047009481177517,-0.6592984107367696
8481147,20222023,F,CHI,57,47,32531,12,47,0.2553191489361702,13.5,45,0.3,19,47,0.40425531914893614,18.0,45,0.4,-0.6843369719500556,0.12392068852813054,-0.5604162834219251
8481147,20232024,F,CHI,42,33,23656,9,33,0.2727272727272727,12.0,33,0.36363636363636365,14,33,0.42424242424242425,14.0,33,0.42424242424242425,0.2321594623934422,-0.02912348547746202,0.2030359769159802
8481161,20222023,D,CBJ,24,22,19651,8,22,0.36363636363636365,8.0,22,0.36363636363636365,10,22,0.45454545454545453,12.0,22,0.5454545454545454,0.17257206947577908,-0.0015181205441097134,0.17105394893166936
8481161,20242025,D,CBJ,66,60,46101,23,60,0.38333333333333336,26.0,57,0.45614035087719296,30,60,0.5,28.5,57,0.5,-0.2705412362800983,-0.36664071231299866,-0.637181948593097
8481161,20252026,D,CBJ,40,30,23389,14,30,0.4666666666666667,16.0,29,0.5517241379310345,14,30,0.4666666666666667,15.0,29,0.5172413793103449,-0.17698228807008842,-0.32491283465330945,-0.5018951227233979
8481167,20232024,D,"CGY,VGK",50,49,38447,19,49,0.3877551020408163,19.0,49,0.3877551020408163,17,49,0.3469387755102041,20.0,49,0.40816326530612246,-0.27385745494963887,-0.09026452203314639,-0.36412197698278526
8481167,20242025,D,CGY,73,73,55377,27,73,0.3698630136986301,32.5,72,0.4513888888888889,31,73,0.4246575342465753,33.0,72,0.4583333333333333,0.023307183037345247,-0.36627442839981805,-0.3429672453624728
8481167,20252026,D,CGY,38,38,28365,20,38,0.5263157894736842,20.5,37,0.5540540540540541,25,38,0.6578947368421053,22.0,37,0.5945945945945946,0.41724301594427127,0.16641321388905395,0.5836562298333252
8481178,20232024,D,PHI,66,65,55008,31,65,0.47692307692307695,28.0,65,0.4307692307692308,27,65,0.4153846153846154,25.5,65,0.3923076923076923,-0.32798762264257597,-0.05039681835384613,-0.3783844409964221
8481178,20242025,D,PHI,60,60,53041,30,60,0.5,33.5,60,0.5583333333333333,33,60,0.55,33.5,60,0.5583333333333333,0.04016607703878883,0.17773225010408034,0.21789832714286916
8481178,20252026,D,"CBJ,PHI",33,30,24101,16,30,0.5333333333333333,13.5,30,0.45,12,30,0.4,9.0,30,0.3,-0.27776619560539917,0.017650033083628003,-0.26011616252177117
8481186,20222023,F,COL,82,79,59114,37,79,0.46835443037974683,34.0,78,0.4358974358974359,33,79,0.4177215189873418,35.0,78,0.44871794871794873,-0.5323873468027394,0.1333524025713908,-0.39903494423134855
8481186,20232024,F,COL,57,53,41943,30,53,0.5660377358490566,32.0,53,0.6037735849056604,29,53,0.5471698113207547,32.5,53,0.6132075471698113,0.03044725650094371,0.017840700981914814,0.04828795748285852
8481186,20242025,F,COL,76,73,54548,41,73,0.5616438356164384,47.0,71,0.6619718309859155,42,73,0.5753424657534246,41.5,71,0.5845070422535211,-0.5630203256561312,0.6079067313809716,0.04488640572484037
8481206,20232024,D,PIT,33,29,21269,13,29,0.4482758620689655,14.0,29,0.4827586206896552,15,29,0.5172413793103449,15.0,29,0.5172413793103449,-0.25687310929323104,-0.10560133612117495,-0.362474445414406
8481219,20252026,D,BOS,61,60,55108,34,60,0.5666666666666667,31.0,60,0.5166666666666667,32,60,0.5333333333333333,32.0,60,0.5333333333333333,0.28287847555879164,-0.032971015255876424,0.24990746030291522
8481237,20232024,F,NYI,32,26,18266,8,26,0.3076923076923077,9.0,23,0.391304347826087,8,26,0.3076923076923077,6.0,23,0.2608695652173913,-0.5440058570474051,0.5358658307502568,-0.008140026297148273
8481237,20242025,F,NYI,77,54,42508,21,54,0.3888888888888889,20.5,53,0.3867924528301887,20,54,0.37037037037037035,20.5,53,0.3867924528301887,-0.8112025685909905,-0.05912954675705562,-0.8703321153480461
8481237,20252026,F,NYI,59,50,34578,24,50,0.48,23.5,49,0.47959183673469385,28,50,0.56,26.0,49,0.5306122448979592,-0.33992852421688236,0.3994616848356398,0.059533160618757464
8481422,20232024,F,MIN,40,27,20674,13,27,0.48148148148148145,10.5,24,0.4375,11,27,0.4074074074074074,7.0,24,0.2916666666666667,-0.45250396079368804,-0.06314057230526915,-0.5156445330989572
8481477,20222023,F,SJS,74,72,52543,31,72,0.4305555555555556,31.5,72,0.4375,31,72,0.4305555555555556,31.0,72,0.4305555555555556,-0.3603022106893339,0.1398829624998159,-0.22041924818951797
8481477,20232024,F,SJS,63,61,44874,18,61,0.29508196721311475,22.5,61,0.36885245901639346,26,61,0.4262295081967213,32.0,61,0.5245901639344263,-0.16437475480399621,0.06906840099070832,-0.09530635381328789
8481477,20242025,F,"FLA,SJS",59,38,30790,18,38,0.47368421052631576,14.5,37,0.3918918918918919,21,38,0.5526315789473685,20.0,37,0.5405405405405406,-0.1337917125006296,-0.3788730798703921,-0.5126647923710217
8481477,20252026,F,"MIN,SJS",50,35,27699,15,35,0.42857142857142855,12.0,34,0.35294117647058826,15,35,0.42857142857142855,13.0,34,0.38235294117647056,-0.3615243839220139,0.25147966248767917,-0.11004472143433475
8481481,20222023,F,LAK,81,70,52801,38,70,0.5428571428571428,34.5,70,0.4928571428571429,33,70,0.4714285714285714,30.5,70,0.4357142857142857,0.1789782863235403,-0.027836945588676443,0.15114134073486385
8481481,20232024,F,LAK,62,47,36208,25,47,0.5319148936170213,22.0,47,0.46808510638297873,21,47,0.44680851063829785,18.5,47,0.39361702127659576,-0.3943077486668436,0.00978045191512722,-0.3845272967517164
8481481,20242025,F,PIT,59,55,38525,22,55,0.4,19.5,51,0.38235294117647056,23,55,0.41818181818181815,21.0,51,0.4117647058823529,-0.775539960000869,0.20425726715768944,-0.5712826928431796
8481481,20252026,F,PIT,55,55,36823,28,55,0.509090909090909,34.0,55,0.6181818181818182,31,55,0.5636363636363636,28.5,55,0.5181818181818182,-0.08720097723964448,0.26169938650895785,0.17449840926931337
8481517,20222023,F,ANA,54,45,33184,11,45,0.24444444444444444,13.5,45,0.3,19,45,0.4222222222222222,21.5,45,0.4777777777777778,-0.25441807526461857,-0.42245385310320716,-0.6768719283678257
8481517,20232024,F,ANA,68,57,43190,19,57,0.3333333333333333,21.0,56,0.375,26,57,0.45614035087719296,24.0,56,0.42857142857142855,-0.4530264511014337,0.20907690576826354,-0.24394954533317015
8481517,20242025,F,ANA,62,55,39800,17,55,0.3090909090909091,14.5,54,0.26851851851851855,21,55,0.38181818181818183,16.5,54,0.3055555555555556,-0.5703537773815943,0.11754771005998066,-0.45280606732161366
8481522,20222023,F,BUF,74,67,51069,29,67,0.43283582089552236,36.0,67,0.5373134328358209,33,67,0.4925373134328358,38.5,67,0.5746268656716418,-0.705045211528375,0.5186254882771797,-0.18641972325119527
8481522,20232024,F,BUF,80,74,53376,36,74,0.4864864864864865,35.0,73,0.4794520547945205,37,74,0.5,36.5,73,0.5,-0.21910795589431853,-0.016145507903570167,-0.2352534637978887
8481522,20242025,F,BUF,77,74,55814,34,74,0.4594594594594595,37.0,73,0.5068493150684932,37,74,0.5,39.5,73,0.541095890410959,-0.1520861842576018,-0.014593171196969124,-0.1666793554545709
8481522,20252026,F,BUF,82,81,62244,49,81,0.6049382716049383,41.0,81,0.5061728395061729,41,81,0.5061728395061729,38.0,81,0.4691358024691358,-0.0013254708906131896,-0.09860955426218121,-0.0999350251527944
8481523,20222023,F,MTL,58,58,51873,36,58,0.6206896551724138,26.5,58,0.45689655172413796,35,58,0.603448275862069,31.5,58,0.5431034482758621,0.12148312534177652,0.6738173227771256,0.7953004481189021
8481523,20242025,F,MTL,57,57,44513,22,57,0.38596491228070173,25.5,56,0.45535714285714285,23,57,0.40350877192982454,29.5,56,0.5267857142857143,-0.24574755855218955,-0.02438686991734107,-0.2701344284695306
8481523,20252026,F,MTL,37,33,25407,16,33,0.48484848484848486,15.0,32,0.46875,14,33,0.42424242424242425,16.0,32,0.5,-0.003261848008696777,-0.2618015770524411,-0.2650634250611379
8481524,20222023,D,COL,42,42,45902,17,42,0.40476190476190477,19.0,42,0.4523809523809524,18,42,0.42857142857142855,14.0,42,0.3333333333333333,0.15298633281611096,-0.4196318558982637,-0.2666455230821527
8481524,20232024,D,"BUF,COL",73,73,74016,35,73,0.4794520547945205,26.5,73,0.363013698630137,30,73,0.410958904109589,28.5,73,0.3904109589041096,0.08145950927323709,-0.5324087899887306,-0.45094928071549356
8481524,20242025,D,BUF,78,78,86425,35,78,0.44871794871794873,34.5,78,0.4423076923076923,33,78,0.4230769230769231,38.0,78,0.48717948717948717,0.19686962860015456,-0.14975499828604732,0.04711463031410723
8481524,20252026,D,BUF,82,82,89315,39,82,0.47560975609756095,37.5,82,0.4573170731707317,39,82,0.47560975609756095,40.5,82,0.49390243902439024,0.0201986931840219,-0.17356362352986698,-0.15336493034584509
8481525,20252026,D,NYR,72,72,65756,30,72,0.4166666666666667,36.0,72,0.5,33,72,0.4583333333333333,37.0,72,0.5138888888888888,0.18792431004337207,-0.24451714197403662,-0.056592831930664556
8481527,20232024,D,VGK,26,26,23011,15,26,0.5769230769230769,17.0,26,0.6538461538461539,11,26,0.4230769230769231,18.5,26,0.7115384615384616,0.004713590395080569,0.0945933434859505,0.09930693388103107
8481527,20242025,D,VGK,37,36,31733,24,36,0.6666666666666666,21.5,36,0.5972222222222222,20,36,0.5555555555555556,21.0,36,0.5833333333333334,-0.03161661182873576,0.21915241713739597,0.1875358053086602
8481527,20252026,D,VGK,78,78,68920,50,78,0.6410256410256411,52.5,78,0.6730769230769231,41,78,0.5256410256410257,46.5,78,0.5961538461538461,0.16016604707829796,-0.03272527776619105,0.1274407693121069
8481528,20222023,F,BUF,81,81,62499,39,81,0.48148148148148145,35.0,81,0.43209876543209874,40,81,0.49382716049382713,40.0,81,0.49382716049382713,-0.010227386805300664,-0.1538569397259577,-0.16408432653125837
8481528,20232024,F,BUF,79,78,65602,37,78,0.47435897435897434,41.0,78,0.5256410256410257,39,78,0.5,37.0,78,0.47435897435897434,0.0888959273728398,0.04375933906939178,0.13265526644223158
8481528,20242025,F,"BUF,OTT",79,79,66169,36,79,0.45569620253164556,32.0,79,0.4050632911392405,41,79,0.5189873417721519,32.5,79,0.41139240506329117,-0.1212741639348427,-0.2576892269922708,-0.3789633909271135
8481528,20252026,F,OTT,82,82,67919,52,82,0.6341463414634146,56.0,82,0.6829268292682927,48,82,0.5853658536585366,51.0,82,0.6219512195121951,0.22537617997357584,0.28726033775516013,0.512636517728736
8481532,20242025,F,LAK,66,54,41967,32,54,0.5925925925925926,33.5,54,0.6203703703703703,25,54,0.46296296296296297,28.5,54,0.5277777777777778,0.22828459464539463,0.04839587869272899,0.2766804733381236
8481532,20252026,F,LAK,62,48,36596,32,48,0.6666666666666666,32.0,48,0.6666666666666666,26,48,0.5416666666666666,30.0,48,0.625,0.6738988469150522,-0.20826970503207676,0.46562914188297544
8481533,20222023,F,ANA,81,81,75004,27,81,0.3333333333333333,24.0,81,0.2962962962962963,43,81,0.5308641975308642,48.0,81,0.5925925925925926,0.47083351216180747,-0.051249831175817384,0.4195836809859901
8481533,20232024,F,ANA,31,30,25905,17,30,0.5666666666666667,17.0,30,0.5666666666666667,20,30,0.6666666666666666,20.0,30,0.6666666666666666,0.6689258335453947,-0.060237131588797954,0.6086887019565967
8481533,20242025,F,ANA,54,53,46581,14,53,0.2641509433962264,18.0,52,0.34615384615384615,26,53,0.49056603773584906,25.5,52,0.49038461538461536,0.020234935062937165,-0.2731704153541661,-0.2529354802912289
8481533,20252026,F,PHI,81,81,72823,49,81,0.6049382716049383,49.5,80,0.61875,50,81,0.6172839506172839,48.5,80,0.60625,0.7548686258049861,-0.26296313328734433,0.4919054925176418
8481535,20222023,F,VAN,25,23,16811,8,23,0.34782608695652173,9.5,23,0.41304347826086957,11,23,0.4782608695652174,12.0,23,0.5217391304347826,-0.01265612292580931,-0.610136051025731,-0.6227921739515403
8481535,20232024,F,VAN,80,75,52517,44,75,0.5866666666666667,45.0,75,0.6,40,75,0.5333333333333333,42.5,75,0.5666666666666667,0.24701075139542406,0.08074298579362216,0.3277537371890462
8481535,20242025,F,VAN,68,61,44210,34,61,0.5573770491803278,35.0,60,0.5833333333333334,38,61,0.6229508196721312,36.0,60,0.6,0.31589524889442355,0.048567842000957206,0.36446309089538076
8481535,20252026,F,VAN,37,34,23838,13,34,0.38235294117647056,12.5,34,0.36764705882352944,21,34,0.6176470588235294,20.0,34,0.5882352941176471,0.11828419645932131,0.16996334396208468,0.288247540421406
8481537,20232024,D,"CGY,SJS",52,52,44837,14,52,0.2692307692307692,15.5,52,0.2980769230769231,22,52,0.4230769230769231,24.0,52,0.46153846153846156,0.1113613982246533,-0.5754493342473572,-0.46408793602270393
8481540,20222023,F,MTL,46,45,41100,19,45,0.4222222222222222,13.5,45,0.3,21,45,0.4666666666666667,21.5,45,0.4777777777777778,-0.03567213998416596,0.16509565966803574,0.12942351968386978
8481540,20232024,F,MTL,82,82,77206,38,82,0.4634146341463415,34.0,82,0.4146341463414634,46,82,0.5609756097560976,40.0,82,0.4878048780487805,0.3117697678234528,0.10420104436471744,0.4159708121881702
8481540,20242025,F,MTL,78,78,70161,35,78,0.44871794871794873,32.0,78,0.41025641025641024,33,78,0.4230769230769231,31.5,78,0.40384615384615385,0.24133747622463453,-0.0930409978695943,0.14829647835504023
8481540,20252026,F,MTL,81,81,72449,43,81,0.5308641975308642,40.5,81,0.5,46,81,0.5679012345679012,42.5,81,0.5246913580246914,0.34624259984150685,0.2227299561464009,0.5689725559879077
8481541,20222023,D,NYI,17,15,12853,8,15,0.5333333333333333,4.5,15,0.3,6,15,0.4,6.5,15,0.43333333333333335,0.14466627956514655,-0.17667782658194264,-0.032011547016796094
8481541,20232024,D,NYI,34,30,24923,15,30,0.5,10.5,30,0.35,13,30,0.43333333333333335,11.5,30,0.38333333333333336,0.03545257136227331,0.08267704351558613,0.11812961487785945
8481542,20222023,D,DET,82,82,87825,38,82,0.4634146341463415,39.0,82,0.47560975609756095,43,82,0.524390243902439,38.5,82,0.4695121951219512,-0.17836701666486876,0.20605197048544044,0.02768495382057168
8481542,20232024,D,DET,82,82,86355,27,82,0.32926829268292684,24.0,82,0.2926829268292683,27,82,0.32926829268292684,25.5,82,0.31097560975609756,-0.043549030411699885,-0.29650556437596176,-0.34005459478766165
8481542,20242025,D,DET,78,78,96292,41,78,0.5256410256410257,41.5,78,0.532051282051282,41,78,0.5256410256410257,43.5,78,0.5576923076923077,-0.12946268482234524,0.43956519044709896,0.3101025056247537
8481542,20252026,D,DET,82,82,102291,50,82,0.6097560975609756,43.0,82,0.524390243902439,60,82,0.7317073170731707,50.0,82,0.6097560975609756,0.2787217738645311,0.8730416034159716,1.1517633772805027
8481543,20222023,F,STL,28,20,15078,10,20,0.5,10.5,20,0.525,13,20,0.65,13.5,20,0.675,0.0712834497171233,0.35842425203936124,0.42970770175648454
8481546,20222023,D,PHI,54,54,54678,30,54,0.5555555555555556,28.5,54,0.5277777777777778,30,54,0.5555555555555556,28.0,54,0.5185185185185185,0.2915347854581083,0.1484004728450663,0.4399352583031746
8481546,20232024,D,PHI,82,82,89153,48,82,0.5853658536585366,42.5,82,0.5182926829268293,37,82,0.45121951219512196,39.0,82,0.47560975609756095,-0.1617488778904268,0.05857277653739734,-0.10317610135302946
8481546,20242025,D,PHI,63,62,67797,36,62,0.5806451612903226,38.5,62,0.6209677419354839,31,62,0.5,38.0,62,0.6129032258064516,0.3393841779743325,-0.0721843307314951,0.2671998472428374
8481546,20252026,D,PHI,74,73,80523,36,73,0.4931506849315068,40.5,73,0.5547945205479452,32,73,0.4383561643835616,37.0,73,0.5068493150684932,-0.37652895425158395,0.2379797769827463,-0.13854917726883764
8481553,20232024,F,PHI,57,52,39681,23,52,0.4423076923076923,26.5,52,0.5096153846153846,23,52,0.4423076923076923,25.5,52,0.49038461538461536,-0.22521981621941745,-0.13803913157486036,-0.3632589477942778
8481553,20242025,F,PHI,76,74,57332,47,74,0.6351351351351351,45.0,73,0.6164383561643836,44,74,0.5945945945945946,40.5,73,0.5547945205479452,0.3080583089650659,0.10748981358002663,0.41554812254509255
8481553,20252026,F,"MIN,PHI",68,67,53214,33,67,0.4925373134328358,36.5,66,0.553030303030303,36,67,0.5373134328358209,36.5,66,0.553030303030303,-0.2513493686994561,0.3785672199948267,0.12721785129537055
8481554,20222023,F,NYR,82,82,64289,41,82,0.5,37.0,82,0.45121951219512196,46,82,0.5609756097560976,43.0,82,0.524390243902439,0.4425648012087735,-0.12498457206899038,0.3175802291397831
8481554,20232024,F,NYR,61,58,42314,27,58,0.46551724137931033,27.0,57,0.47368421052631576,28,58,0.4827586206896552,29.5,57,0.5175438596491229,-0.11595659708093065,0.01011049634743344,-0.1058461007334972
8481554,20242025,F,"NYR,SEA",76,75,62105,35,75,0.4666666666666667,37.5,74,0.5067567567567568,35,75,0.4666666666666667,40.0,74,0.5405405405405406,0.22739683110773568,-0.25662865518077993,-0.029231824073044255
8481554,20252026,F,SEA,64,63,47881,26,63,0.4126984126984127,29.0,63,0.4603174603174603,29,63,0.4603174603174603,34.5,63,0.5476190476190477,0.21023950809038938,-0.09692515678236502,0.11331435130802436
8481556,20232024,F,BOS,52,33,27343,12,33,0.36363636363636365,13.0,32,0.40625,11,33,0.3333333333333333,14.0,32,0.4375,-1.077161540164378,0.24446801050326306,-0.8326935296611149
8481556,20242025,F,BOS,76,63,43706,26,63,0.4126984126984127,23.5,60,0.39166666666666666,28,63,0.4444444444444444,24.0,60,0.4,-0.6250015567988554,0.28871771483456676,-0.3362838419642886
8481556,20252026,F,"BOS,CGY",35,25,18174,8,25,0.32,9.0,24,0.375,12,25,0.48,12.5,24,0.5208333333333334,-0.4330728079633581,-0.36947267663453465,-0.8025454845978928
8481557,20222023,F,MIN,81,81,70008,46,81,0.5679012345679012,42.0,80,0.525,46,81,0.5679012345679012,42.5,80,0.53125,-0.028832074511008887,0.316074647740769,0.2872425732297601
8481557,20232024,F,MIN,75,75,67615,47,75,0.6266666666666667,48.5,75,0.6466666666666666,50,75,0.6666666666666666,49.5,75,0.66,0.4482415022333188,0.2729717317843434,0.7212132340176622
8481557,20242025,F,MIN,79,79,78998,43,79,0.5443037974683544,47.0,78,0.6025641025641025,48,79,0.6075949367088608,47.5,78,0.6089743589743589,0.3992576033242361,0.2776528896374071,0.6769104929616432
8481557,20252026,F,MIN,76,76,71488,45,76,0.5921052631578947,45.5,76,0.5986842105263158,38,76,0.5,39.5,76,0.5197368421052632,-0.1791314662662411,0.3129961104269863,0.13386464416074517
8481559,20222023,F,NJD,78,78,75507,53,78,0.6794871794871795,49.0,78,0.6282051282051282,43,78,0.5512820512820513,38.0,78,0.48717948717948717,0.2585959753685425,0.04125488338709893,0.29985085875564144
8481559,20232024,F,NJD,62,61,62341,38,61,0.6229508196721312,38.0,61,0.6229508196721312,31,61,0.5081967213114754,32.5,61,0.5327868852459017,0.2853578334064113,-0.030423651288481235,0.25493418211793006
8481559,20242025,F,NJD,62,62,61518,41,62,0.6612903225806451,36.0,62,0.5806451612903226,40,62,0.6451612903225806,38.5,62,0.6209677419354839,0.6827866288312063,0.18044702663768852,0.8632336554688949
8481559,20252026,F,NJD,61,60,64562,35,60,0.5833333333333334,31.0,60,0.5166666666666667,38,60,0.6333333333333333,35.5,60,0.5916666666666667,0.6413389726354288,-0.01198335462196276,0.6293556180134661
8481560,20222023,F,LAK,56,39,31552,22,39,0.5641025641025641,18.0,39,0.46153846153846156,14,39,0.358974358974359,16.5,39,0.4230769230769231,0.0527643445418402,-0.43795856511744224,-0.38519422057560204
8481560,20232024,F,LAK,51,40,31326,25,40,0.625,23.5,40,0.5875,23,40,0.575,21.5,40,0.5375,0.6006540515398808,0.07832903146560044,0.6789830830054813
8481563,20242025,D,ANA,53,52,46288,16,52,0.3076923076923077,19.0,51,0.37254901960784315,20,52,0.38461538461538464,23.0,51,0.45098039215686275,-0.4252611899595704,-0.2174328917088948,-0.6426940816684652
8481563,20252026,D,ANA,60,59,52671,25,59,0.423728813559322,26.5,59,0.4491525423728814,28,59,0.4745762711864407,28.0,59,0.4745762711864407,-0.23763902783088442,-0.34744020665207076,-0.5850792344829552
8481564,20232024,D,BUF,41,40,31833,21,40,0.525,23.5,40,0.5875,24,40,0.6,25.0,40,0.625,0.13520704302180686,0.25051216747733074,0.3857192104991376
8481567,20232024,D,SJS,51,51,51518,17,51,0.3333333333333333,19.0,51,0.37254901960784315,24,51,0.47058823529411764,20.5,51,0.4019607843137255,-0.13332967175894783,-0.08581835989179476,-0.2191480316507426
8481567,20242025,D,SJS,56,56,50510,15,56,0.26785714285714285,19.5,56,0.3482142857142857,24,56,0.42857142857142855,24.0,56,0.42857142857142855,-0.21690613093174438,-0.4934792337635612,-0.7103853646953056
8481568,20232024,D,CHI,76,76,83924,35,76,0.4605263157894737,35.0,76,0.4605263157894737,50,76,0.6578947368421053,50.0,76,0.6578947368421053,0.14916250887474392,0.7019839240698622,0.8511464329446061
8481568,20242025,D,CHI,78,78,92059,30,78,0.38461538461538464,30.5,78,0.391025641025641,36,78,0.46153846153846156,36.0,78,0.46153846153846156,-0.0436493866204295,0.051558140522046436,0.007908753901616938
8481568,20252026,D,CHI,81,81,87365,28,81,0.345679012345679,29.5,81,0.36419753086419754,34,81,0.41975308641975306,35.0,81,0.43209876543209874,-0.06226083314775055,-0.12878643792306033,-0.19104727107081088
8481572,20242025,D,WPG,17,17,13402,8,17,0.47058823529411764,7.0,17,0.4117647058823529,5,17,0.29411764705882354,6.0,17,0.35294117647058826,-0.14832935808984482,-0.23737223281796815,-0.385701590907813
8481577,20222023,F,NSH,31,30,23769,14,30,0.4666666666666667,11.0,30,0.36666666666666664,19,30,0.6333333333333333,15.5,30,0.5166666666666667,-0.06944491944205344,-0.07447336399326154,-0.143918283435315
8481577,20232024,F,NSH,41,35,26247,18,35,0.5142857142857142,19.0,35,0.5428571428571428,16,35,0.45714285714285713,15.5,35,0.44285714285714284,0.11945320321023933,-0.23714568028267013,-0.1176924770724308
8481577,20242025,F,"NSH,PIT",60,55,40494,23,55,0.41818181818181815,24.5,55,0.44545454545454544,27,55,0.4909090909090909,27.5,55,0.5,-0.023200927605723898,-0.2568332052252664,-0.2800341328309903
8481580,20232024,F,WSH,80,79,61813,38,79,0.4810126582278481,43.0,79,0.5443037974683544,40,79,0.5063291139240507,44.5,79,0.5632911392405063,0.12276937465417914,-0.12243573646804728,0.00033363818613185714
8481580,20242025,F,WSH,79,79,65962,45,79,0.569620253164557,46.0,79,0.5822784810126582,42,79,0.5316455696202531,43.0,79,0.5443037974683544,0.6890554860866143,-0.3470720737677362,0.3419834123188781
8481580,20252026,F,WSH,78,78,60506,35,78,0.44871794871794873,32.5,78,0.4166666666666667,35,78,0.44871794871794873,32.5,78,0.4166666666666667,-0.00733814419366885,-0.44873317983901995,-0.4560713240326888
8481581,20232024,D,DAL,79,79,84858,49,79,0.620253164556962,51.5,79,0.6518987341772152,42,79,0.5316455696202531,44.5,79,0.5632911392405063,0.2735786807812266,-0.1372055173684279,0.1363731634127987
8481581,20242025,D,DAL,76,76,86189,41,76,0.5394736842105263,42.0,76,0.5526315789473685,46,76,0.6052631578947368,44.5,76,0.5855263157894737,0.3741639880261567,0.10854149798525903,0.4827054860114157
8481581,20252026,D,DAL,70,70,78010,33,70,0.4714285714285714,31.0,70,0.44285714285714284,32,70,0.45714285714285713,30.0,70,0.42857142857142855,0.3704580687844232,-0.6656734682443206,-0.2952153994598974
8481582,20232024,F,TOR,56,48,33467,25,48,0.5208333333333334,24.5,48,0.5104166666666666,22,48,0.4583333333333333,19.0,48,0.3958333333333333,0.06087798174350212,0.02391759518493597,0.08479557692843809
8481582,20242025,F,TOR,65,62,40728,33,62,0.532258064516129,29.5,62,0.47580645161290325,33,62,0.532258064516129,29.5,62,0.47580645161290325,-0.1075632086445868,-0.15688229240347606,-0.26444550104806286
8481582,20252026,F,TOR,78,71,51497,32,71,0.4507042253521127,30.0,71,0.4225352112676056,35,71,0.49295774647887325,35.0,71,0.49295774647887325,0.15233636258180638,-0.11995459625059723,0.03238176633120915
8481592,20222023,F,CGY,24,22,16987,12,22,0.5454545454545454,13.0,22,0.5909090909090909,14,22,0.6363636363636364,13.5,22,0.6136363636363636,0.5499069477687684,0.15010943990465053,0.7000163876734189
8481592,20242025,F,"CGY,PHI",46,34,27916,17,34,0.5,18.0,33,0.5454545454545454,18,34,0.5294117647058824,17.0,33,0.5151515151515151,0.06603841483164752,0.11510048385607208,0.1811388986877196
8481593,20232024,D,MTL,56,56,49231,23,56,0.4107142857142857,21.0,56,0.375,29,56,0.5178571428571429,25.0,56,0.44642857142857145,0.09758773578221014,-0.18108912251715514,-0.083501386734945
8481593,20242025,D,MTL,52,50,42674,33,50,0.66,29.0,50,0.58,36,50,0.72,32.0,50,0.64,0.3575610985520279,0.4201164113373297,0.7776775098893576
8481593,20252026,D,MTL,59,58,46275,35,58,0.603448275862069,34.0,58,0.5862068965517241,33,58,0.5689655172413793,31.0,58,0.5344827586206896,0.3477311101933349,-0.11209097664210699,0.23564013355122793
8481596,20222023,F,OTT,82,80,61508,38,80,0.475,39.0,80,0.4875,39,80,0.4875,38.0,80,0.475,0.09098793679363748,-0.2793835728281917,-0.18839563603455423
8481596,20232024,F,OTT,41,41,35999,27,41,0.6585365853658537,27.5,41,0.6707317073170732,27,41,0.6585365853658537,27.5,41,0.6707317073170732,0.5545167056235889,0.31640933607067856,0.8709260416942675
8481596,20242025,F,OTT,67,66,55485,38,66,0.5757575757575758,36.5,66,0.553030303030303,37,66,0.5606060606060606,37.0,66,0.5606060606060606,0.003634878071207215,0.1816233379990435,0.18525821607025073
8481596,20252026,F,OTT,72,71,62593,45,71,0.6338028169014085,42.0,71,0.5915492957746479,37,71,0.5211267605633803,36.0,71,0.5070422535211268,-0.31853524746916806,0.22093749693976017,-0.09759775052940789
8481598,20222023,D,EDM,46,37,30241,24,37,0.6486486486486487,24.0,37,0.6486486486486487,18,37,0.4864864864864865,17.5,37,0.47297297297297297,0.12700607971588518,0.3046535160057182,0.4316595957216034
8481598,20242025,D,STL,67,67,71833,41,67,0.6119402985074627,37.5,67,0.5597014925373134,35,67,0.5223880597014925,35.5,67,0.5298507462686567,0.3531683239422314,-0.055420383432063236,0.2977479405101682
8481598,20252026,D,STL,80,79,93342,42,79,0.5316455696202531,42.0,79,0.5316455696202531,45,79,0.569620253164557,46.0,79,0.5822784810126582,0.09769254882145706,0.09310085509383148,0.19079340391528854
8481599,20222023,D,ARI,30,30,24654,11,30,0.36666666666666664,10.0,30,0.3333333333333333,13,30,0.43333333333333335,14.5,30,0.48333333333333334,0.3543848137270804,-0.24911889163304402,0.1052659220940364
8481600,20252026,D,FLA,19,17,14353,8,17,0.47058823529411764,8.5,17,0.5,9,17,0.5294117647058824,10.0,17,0.5882352941176471,-0.13067646773661767,0.07236970864555614,-0.05830675909106153
8481601,20222023,F,NYI,50,43,31304,19,43,0.4418604651162791,19.5,43,0.45348837209302323,18,43,0.4186046511627907,21.0,43,0.4883720930232558,0.05817318939398852,0.10620738545441455,0.16438057484840307
8481601,20232024,F,NYI,75,73,52383,27,73,0.3698630136986301,28.5,72,0.3958333333333333,26,73,0.3561643835616438,29.0,72,0.4027777777777778,-0.5880532368400757,-0.003971758351368315,-0.592024995191444
8481601,20242025,F,NYI,71,71,59229,38,71,0.5352112676056338,36.0,70,0.5142857142857142,39,71,0.5492957746478874,34.0,70,0.4857142857142857,-0.06309724900609215,0.2946871399477815,0.23158989094168936
8481601,20252026,F,NYI,79,79,62430,38,79,0.4810126582278481,36.5,79,0.4620253164556962,39,79,0.4936708860759494,41.0,79,0.5189873417721519,0.009774083798209876,0.09285563681440312,0.102629720612613
8481604,20222023,F,VGK,18,17,13043,8,17,0.47058823529411764,10.0,16,0.625,7,17,0.4117647058823529,7.5,16,0.46875,-0.15769627945068931,0.2730411289309749,0.11534484948028556
8481604,20232024,F,VGK,47,47,33685,27,47,0.574468085106383,27.0,47,0.574468085106383,26,47,0.5531914893617021,27.0,47,0.574468085106383,0.34575438116267243,0.18777206049671724,0.5335264416593897
8481604,20242025,F,VGK,79,79,68555,46,79,0.5822784810126582,48.0,78,0.6153846153846154,43,79,0.5443037974683544,42.5,78,0.5448717948717948,0.04697110669572124,0.24476239182385262,0.29173349851957386
8481604,20252026,F,VGK,83,81,71883,53,81,0.654320987654321,53.0,81,0.654320987654321,45,81,0.5555555555555556,46.0,81,0.5679012345679012,-0.18037318116433498,0.29650409635555586,0.11613091519122087
8481605,20232024,D,ANA,71,71,66055,26,71,0.36619718309859156,26.5,71,0.3732394366197183,35,71,0.49295774647887325,37.0,71,0.5211267605633803,-0.025774713762680257,-0.1063640249074993,-0.13213873867017956
8481605,20242025,D,ANA,72,72,77002,35,72,0.4861111111111111,32.0,72,0.4444444444444444,47,72,0.6527777777777778,43.5,72,0.6041666666666666,0.21706766442848302,0.5155659149061087,0.7326335793345917
8481605,20252026,D,ANA,81,81,92510,36,81,0.4444444444444444,40.5,81,0.5,41,81,0.5061728395061729,45.5,81,0.5617283950617284,-0.09322192542462293,0.284806690142168,0.19158476471754504
8481606,20232024,D,LAK,71,70,52814,38,70,0.5428571428571428,34.5,68,0.5073529411764706,35,70,0.5,28.0,68,0.4117647058823529,0.24508243400359797,-0.08950388183212654,0.15557855217147143
8481606,20242025,D,LAK,76,75,66172,48,75,0.64,46.0,75,0.6133333333333333,43,75,0.5733333333333334,39.5,75,0.5266666666666666,0.19605367706693277,0.18968921981286768,0.38574289687980046
8481606,20252026,D,OTT,73,73,71001,59,73,0.8082191780821918,54.5,73,0.7465753424657534,53,73,0.726027397260274,50.5,73,0.6917808219178082,0.9684376167843816,0.10956673480508838,1.07800435158947
8481607,20242025,D,DET,57,56,51746,22,56,0.39285714285714285,24.0,56,0.42857142857142855,22,56,0.39285714285714285,26.0,56,0.4642857142857143,-0.16923081406122975,-0.13961038892842392,-0.3088412029896537
8481607,20252026,D,DET,82,82,67440,32,82,0.3902439024390244,37.5,82,0.4573170731707317,36,82,0.43902439024390244,41.0,82,0.5,-0.006612087664699562,-0.23912377450472055,-0.24573586216942012
8481609,20242025,D,"PIT,UTA",35,32,25276,14,32,0.4375,16.0,32,0.5,16,32,0.5,18.0,32,0.5625,0.17773483940610513,-0.2152866481781004,-0.037551808771995265
8481617,20222023,F,VAN,39,34,25203,16,34,0.47058823529411764,15.5,34,0.45588235294117646,16,34,0.47058823529411764,15.5,34,0.45588235294117646,-0.0655123311468202,0.02561691228838825,-0.03989541885843195
8481617,20232024,F,VAN,19,16,11385,9,16,0.5625,10.5,16,0.65625,9,16,0.5625,7.0,16,0.4375,-0.11890268794357173,0.04644583152536175,-0.07245685641820998
8481617,20242025,F,EDM,78,76,57255,55,76,0.7236842105263158,49.0,75,0.6533333333333333,49,76,0.6447368421052632,45.5,75,0.6066666666666667,0.06958869993253325,0.29339322225872255,0.3629819221912558
8481617,20252026,F,EDM,81,81,66298,45,81,0.5555555555555556,39.0,81,0.48148148148148145,42,81,0.5185185185185185,40.0,81,0.49382716049382713,0.15831027302376022,-0.05334430261549272,0.1049659704082675
8481618,20222023,F,COL,82,76,58516,42,76,0.5526315789473685,36.0,76,0.47368421052631576,33,76,0.4342105263157895,34.0,76,0.4473684210526316,-0.13046713995391235,-0.167689501718975,-0.29815664167288736
8481618,20232024,F,MTL,55,55,44710,22,55,0.4,26.0,55,0.4727272727272727,30,55,0.5454545454545454,29.0,55,0.5272727272727272,0.1869376813245105,-0.1988659260570782,-0.011928244732567705
8481618,20242025,F,MTL,78,77,59161,37,77,0.4805194805194805,41.0,77,0.5324675324675324,36,77,0.4675324675324675,45.0,77,0.5844155844155844,0.21116989978274336,-0.34964101558417804,-0.13847111580143467
8481618,20252026,F,MTL,42,41,29178,22,41,0.5365853658536586,20.5,40,0.5125,20,41,0.4878048780487805,19.0,40,0.475,-0.09652913502680915,-0.17977120645539468,-0.27630034148220384
8481624,20222023,F,VAN,46,46,37337,23,46,0.5,21.5,46,0.4673913043478261,30,46,0.6521739130434783,25.0,46,0.5434782608695652,0.343334165998296,-0.11262026387457347,0.23071390212372256
8481624,20232024,F,VAN,78,76,55941,48,76,0.631578947368421,44.5,75,0.5933333333333334,41,76,0.5394736842105263,39.5,75,0.5266666666666666,0.17516793296868416,0.034274375436839755,0.2094423084055239
8481624,20242025,F,CHI,76,76,60550,37,76,0.4868421052631579,35.5,74,0.4797297297297297,50,76,0.6578947368421053,47.0,74,0.6351351351351351,-0.05897790919967161,0.6874384376898917,0.62846052849022
8481624,20252026,F,CHI,77,77,66671,25,77,0.3246753246753247,27.5,77,0.35714285714285715,35,77,0.45454545454545453,40.5,77,0.525974025974026,-0.016633997251306987,-0.2326048542003405,-0.24923885145164748
8481641,20222023,F,DAL,70,63,43752,27,63,0.42857142857142855,26.0,61,0.4262295081967213,24,63,0.38095238095238093,26.5,61,0.4344262295081967,-0.7591971568027551,0.1369916540039151,-0.62220550279884
8481641,20232024,F,COL,56,31,28181,16,31,0.5161290322580645,17.5,29,0.603448275862069,16,31,0.5161290322580645,17.0,29,0.5862068965517241,-0.5979827349173266,0.16070759724155526,-0.4372751376757713
8481641,20242025,F,COL,75,68,48851,42,68,0.6176470588235294,41.5,66,0.6287878787878788,36,68,0.5294117647058824,39.0,66,0.5909090909090909,-0.3140598651349622,0.4667394391997113,0.15267957406474908
8481641,20252026,F,COL,50,35,26479,25,35,0.7142857142857143,22.0,35,0.6285714285714286,21,35,0.6,20.0,35,0.5714285714285714,-0.36841930494717,0.40047511222891474,0.03205580728174473
8481655,20242025,F,VGK,41,30,21435,13,30,0.43333333333333335,15.5,30,0.5166666666666667,14,30,0.4666666666666667,14.0,30,0.4666666666666667,-0.19812740086866887,-0.2101813871844418,-0.40830878805311066
8481655,20252026,F,"FLA,VGK",30,13,14929,9,13,0.6923076923076923,6.5,13,0.5,7,13,0.5384615384615384,7.0,13,0.5384615384615384,-0.21037153613256665,0.267786801303465,0.057415265170898344
8481656,20222023,F,WSH,58,53,36885,28,53,0.5283018867924528,31.0,53,0.5849056603773585,28,53,0.5283018867924528,33.5,53,0.6320754716981132,0.2099106248507958,0.32661777591675367,0.5365284007675495
8481656,20232024,F,WSH,78,73,55976,38,73,0.5205479452054794,41.0,73,0.5616438356164384,49,73,0.6712328767123288,46.0,73,0.6301369863013698,0.4763568843897059,-0.02488642666626184,0.4514704577234441
8481656,20242025,F,WSH,76,75,63489,42,75,0.56,43.0,74,0.581081081081081,41,75,0.5466666666666666,41.5,74,0.5608108108108109,0.40540509290301774,-0.2642361089042353,0.14116898399878242
8481656,20252026,F,WSH,76,75,66983,38,75,0.5066666666666667,41.5,75,0.5533333333333333,40,75,0.5333333333333333,42.5,75,0.5666666666666667,0.40241984897135286,-0.22734517336384075,0.1750746756075121
8481703,20232024,F,PIT,52,41,31614,24,41,0.5853658536585366,23.0,41,0.5609756097560976,24,41,0.5853658536585366,21.0,41,0.5121951219512195,0.0005417455337370924,0.4695493457885256,0.4700910913222627
8481704,20222023,F,NSH,45,43,32240,21,43,0.4883720930232558,22.5,42,0.5357142857142857,20,43,0.46511627906976744,21.0,42,0.5,0.38143351031633665,-0.07441931893944442,0.30701419137689223
8481704,20232024,F,NSH,44,42,32373,16,42,0.38095238095238093,16.0,41,0.3902439024390244,11,42,0.2619047619047619,12.0,41,0.2926829268292683,-0.6042607141609282,-0.31937178818764167,-0.9236325023485699
8481704,20242025,F,"COL,NSH,NYR",45,28,25354,12,28,0.42857142857142855,13.0,28,0.4642857142857143,13,28,0.4642857142857143,13.0,28,0.4642857142857143,-0.7705064710987892,-0.3617302941466005,-1.1322367652453897
8481708,20222023,D,NYR,16,16,13021,4,16,0.25,5.5,16,0.34375,4,16,0.25,5.0,16,0.3125,-0.042717525414330826,-0.6410718762798631,-0.6837894016941939
8481708,20232024,D,NYR,31,30,25577,14,30,0.4666666666666667,15.5,30,0.5166666666666667,16,30,0.5333333333333333,16.5,30,0.55,0.12867319535465205,-0.159246502100312,-0.030573306745659945
8481708,20242025,D,NYR,44,44,38777,21,44,0.4772727272727273,20.5,44,0.4659090909090909,21,44,0.4772727272727273,20.0,44,0.45454545454545453,-0.02028748478608211,0.1141000430798158,0.0938125582937337
8481711,20222023,F,ARI,64,62,49008,29,62,0.46774193548387094,34.0,62,0.5483870967741935,38,62,0.6129032258064516,40.0,62,0.6451612903225806,0.3389281349079929,0.25172407275865805,0.5906522076666509
8481711,20232024,F,ARI,82,81,67703,36,81,0.4444444444444444,38.5,81,0.47530864197530864,41,81,0.5061728395061729,40.0,81,0.49382716049382713,0.20999472392084462,-0.06602585984690768,0.14396886407393694
8481711,20242025,F,UTA,55,54,38580,31,54,0.5740740740740741,25.5,53,0.4811320754716981,28,54,0.5185185185185185,23.0,53,0.4339622641509434,-0.040922553876063805,0.046946458491310405,0.0060239046152466
8481711,20252026,F,TOR,71,69,52818,33,69,0.4782608695652174,32.0,68,0.47058823529411764,37,69,0.5362318840579711,39.0,68,0.5735294117647058,0.3906578855715819,0.09710065858195627,0.48775854415353814
8481716,20232024,F,CBJ,75,70,51498,32,70,0.45714285714285713,35.5,69,0.5144927536231884,40,70,0.5714285714285714,40.0,69,0.5797101449275363,0.19736467016173043,0.3106979686663114,0.5080626388280418
8481716,20242025,F,CBJ,69,69,61299,35,69,0.5072463768115942,35.5,69,0.5144927536231884,40,69,0.5797101449275363,36.5,69,0.5289855072463768,0.44107817423634277,-0.23351256924085373,0.20756560499548904
8481716,20252026,F,CBJ,63,58,45674,34,58,0.5862068965517241,32.5,58,0.5603448275862069,33,58,0.5689655172413793,31.5,58,0.5431034482758621,0.11646571277455608,-0.010711563994190154,0.10575414878036593
8481719,20252026,D,TBL,35,34,29017,17,34,0.5,20.0,34,0.5882352941176471,17,34,0.5,21.0,34,0.6176470588235294,0.15552292317639171,0.10981093444869572,0.26533385762508743
8481721,20252026,F,NJD,66,66,53574,39,66,0.5909090909090909,35.0,66,0.5303030303030303,41,66,0.6212121212121212,39.0,66,0.5909090909090909,0.3917936616539386,0.23413575681082488,0.6259294184647635
8481725,20222023,F,DET,21,20,13236,9,20,0.45,10.0,20,0.5,12,20,0.6,13.0,20,0.65,0.48252084592152533,0.21672990843343598,0.6992507543549613
8481725,20242025,F,DET,25,24,18785,15,24,0.625,10.0,24,0.4166666666666667,14,24,0.5833333333333334,9.0,24,0.375,0.6795204029097475,-0.4580828322157502,0.22143757069399728
8481725,20252026,F,"DET,PIT",59,57,36383,26,57,0.45614035087719296,29.5,57,0.5175438596491229,29,57,0.5087719298245614,33.0,57,0.5789473684210527,-0.12978941934265853,0.12242955575736447,-0.0073598635852940575
8481726,20242025,F,NYR,51,33,27012,12,33,0.36363636363636365,13.5,33,0.4090909090909091,19,33,0.5757575757575758,13.5,33,0.4090909090909091,-0.1747285896288231,0.08233901589676451,-0.09238957373205858
8481726,20252026,F,NYR,35,26,18860,11,26,0.4230769230769231,12.5,26,0.4807692307692308,11,26,0.4230769230769231,11.0,26,0.4230769230769231,0.028643638142661132,-0.30268365041849465,-0.2740400122758335
8481743,20242025,D,NSH,42,42,37771,22,42,0.5238095238095238,23.0,42,0.5476190476190477,20,42,0.47619047619047616,20.5,42,0.4880952380952381,-0.054715118613128944,-0.14035978742694155,-0.1950749060400705
8481754,20252026,F,ANA,29,24,19041,15,24,0.625,6.0,22,0.2727272727272727,14,24,0.5833333333333334,8.5,22,0.38636363636363635,-0.1427362574693798,0.5296346078949137,0.3868983504255339
8481789,20232024,F,SEA,77,70,50206,33,70,0.4714285714285714,31.5,69,0.45652173913043476,35,70,0.5,33.5,69,0.4855072463768116,-0.05229241294232745,-0.23574511452402058,-0.28803752746634803
8481789,20242025,F,SEA,61,45,32440,24,45,0.5333333333333333,22.5,43,0.5232558139534884,26,45,0.5777777777777777,29.0,43,0.6744186046511628,0.09324491886008879,0.31320462524054893,0.4064495441006377
8481789,20252026,F,"NYR,SEA",64,54,40009,24,54,0.4444444444444444,22.0,54,0.4074074074074074,27,54,0.5,22.5,54,0.4166666666666667,-0.2204221923711367,0.036994028475036966,-0.18342816389609973
8481806,20232024,D,CHI,24,24,20532,3,24,0.125,6.5,24,0.2708333333333333,5,24,0.20833333333333334,12.0,24,0.5,-0.26158719216146165,-0.8452973215561159,-1.1068845137175776
8481806,20242025,D,CHI,30,29,28096,11,29,0.3793103448275862,9.0,29,0.3103448275862069,14,29,0.4827586206896552,14.0,29,0.4827586206896552,-0.09713109223109107,0.15320962423964746,0.05607853200855639
8481806,20252026,D,CHI,78,76,68866,26,76,0.34210526315789475,19.0,76,0.25,37,76,0.4868421052631579,33.5,76,0.4407894736842105,0.13841938256666397,-0.28325726338460955,-0.14483788081794557
8482055,20222023,F,PIT,46,28,24662,13,28,0.4642857142857143,14.0,28,0.5,12,28,0.42857142857142855,10.0,28,0.35714285714285715,0.005185302911035361,-0.057720958524216215,-0.052535655613180854
8482055,20232024,F,PIT,79,78,64443,36,78,0.46153846153846156,39.5,78,0.5064102564102564,31,78,0.3974358974358974,38.5,78,0.4935897435897436,0.10728826451898676,-0.2628635617634383,-0.15557529724445152
8482055,20242025,F,"PIT,VAN",80,78,59762,37,78,0.47435897435897434,40.5,78,0.5192307692307693,40,78,0.5128205128205128,45.5,78,0.5833333333333334,0.14005737591822953,-0.10903712221039052,0.031020253707839007
8482055,20252026,F,VAN,81,81,61178,28,81,0.345679012345679,33.0,81,0.4074074074074074,41,81,0.5061728395061729,47.0,81,0.5802469135802469,0.2600934033911524,-0.25527922197923125,0.004814181411921137
8482062,20222023,F,NSH,69,58,43453,32,58,0.5517241379310345,29.0,57,0.5087719298245614,31,58,0.5344827586206896,29.0,57,0.5087719298245614,-0.2693517265679142,0.27520504507553456,0.005853318507620386
8482062,20232024,F,NSH,80,77,55817,37,77,0.4805194805194805,37.0,77,0.4805194805194805,34,77,0.44155844155844154,34.5,77,0.44805194805194803,-0.41978141948360737,0.15248451602681978,-0.2672969034567876
8482062,20242025,F,NSH,67,63,45357,30,63,0.47619047619047616,32.5,63,0.5158730158730159,31,63,0.49206349206349204,35.5,63,0.5634920634920635,-0.47065013589414284,0.15738242886419407,-0.31326770702994877
8482062,20252026,F,"NSH,VGK",63,60,42983,30,60,0.5,35.0,60,0.5833333333333334,27,60,0.45,25.5,60,0.425,-0.4687197655155422,0.12869988662078935,-0.3400198788947528
8482067,20222023,D,"ARI,CGY",30,27,21544,8,27,0.2962962962962963,10.0,27,0.37037037037037035,11,27,0.4074074074074074,10.0,27,0.37037037037037035,0.30595085152614176,-1.0132547393528584,-0.7073038878267166
8482070,20232024,F,TBL,30,27,19076,12,27,0.4444444444444444,10.5,26,0.40384615384615385,12,27,0.4444444444444444,12.0,26,0.46153846153846156,-0.595099541116888,-0.3558384920771931,-0.9509380331940811
8482070,20242025,F,TBL,63,54,40347,19,54,0.35185185185185186,22.0,53,0.41509433962264153,21,54,0.3888888888888889,20.0,53,0.37735849056603776,-0.8555858559385237,-0.35753003696168806,-1.2131158929002117
8482073,20222023,D,NYR,81,81,68424,37,81,0.4567901234567901,33.0,81,0.4074074074074074,34,81,0.41975308641975306,35.0,81,0.43209876543209874,-0.33670398614688235,-0.4095326161110875,-0.7462366022579698
8482073,20232024,D,NYR,82,82,69357,37,82,0.45121951219512196,39.5,82,0.4817073170731707,36,82,0.43902439024390244,35.5,82,0.4329268292682927,0.31588285105974734,-0.3595154160240237,-0.043632564964276366
8482073,20242025,D,NYR,77,77,71030,38,77,0.4935064935064935,34.5,77,0.44805194805194803,37,77,0.4805194805194805,38.5,77,0.5,0.11819076984129673,-0.16360022904089444,-0.04540945919959771
8482073,20252026,D,NYR,82,82,84683,32,82,0.3902439024390244,32.0,82,0.3902439024390244,34,82,0.4146341463414634,33.5,82,0.40853658536585363,-0.3475605069576375,-0.21061916023903393,-0.5581796671966714
8482074,20232024,F,CGY,63,61,48546,37,61,0.6065573770491803,32.0,61,0.5245901639344263,35,61,0.5737704918032787,31.0,61,0.5081967213114754,0.12328651467333263,0.1306069728310395,0.25389348750437213
8482074,20242025,F,CGY,54,53,43790,25,53,0.4716981132075472,29.5,52,0.5673076923076923,31,53,0.5849056603773585,32.5,52,0.625,0.240405906232235,0.16610783708464139,0.4065137433168764
8482074,20252026,F,CGY,74,71,53987,36,71,0.5070422535211268,32.0,70,0.45714285714285713,39,71,0.5492957746478874,36.5,70,0.5214285714285715,0.0966786561719446,-0.0009306160396205243,0.09574804013232407
8482077,20222023,F,EDM,51,26,25119,16,26,0.6153846153846154,17.0,25,0.68,15,26,0.5769230769230769,15.0,25,0.6,-0.0679349797380211,-0.0042085123427093585,-0.07214349208073045
8482077,20232024,F,EDM,38,31,23888,22,31,0.7096774193548387,22.0,30,0.7333333333333333,18,31,0.5806451612903226,21.0,30,0.7,-0.13803717351046618,0.07929110892390456,-0.05874606458656162
8482077,20242025,F,STL,77,74,66415,41,74,0.5540540540540541,42.0,74,0.5675675675675675,42,74,0.5675675675675675,38.5,74,0.5202702702702703,0.250498376888447,0.1077131237483635,0.3582115006368105
8482077,20252026,F,STL,58,58,52552,30,58,0.5172413793103449,33.5,57,0.5877192982456141,34,58,0.5862068965517241,33.0,57,0.5789473684210527,0.5845101847052141,0.04426199896365679,0.6287721836688709
8482078,20222023,F,DET,74,72,61338,26,72,0.3611111111111111,28.5,72,0.3958333333333333,35,72,0.4861111111111111,36.0,72,0.5,-0.2155407787068584,-0.146530633548434,-0.3620714122552924
8482078,20232024,F,DET,82,82,71831,36,82,0.43902439024390244,33.5,82,0.40853658536585363,44,82,0.5365853658536586,42.5,82,0.5182926829268293,0.16836929803199263,0.1373836544423921,0.3057529524743847
8482078,20242025,F,DET,78,77,72347,38,77,0.4935064935064935,42.0,77,0.5454545454545454,44,77,0.5714285714285714,47.5,77,0.6168831168831169,0.06254727655289294,0.4407962182927365,0.5033434948456295
8482078,20252026,F,DET,80,79,73912,37,79,0.46835443037974683,33.0,79,0.4177215189873418,47,79,0.5949367088607594,40.0,79,0.5063291139240507,0.12593079263765183,0.19993970058893673,0.32587049322658856
8482079,20222023,F,MIN,19,17,12157,3,17,0.17647058823529413,7.0,17,0.4117647058823529,7,17,0.4117647058823529,9.0,17,0.5294117647058824,-0.39836877927257985,-0.36386213757577446,-0.7622309168483543
8482079,20232024,F,MIN,82,82,67717,45,82,0.5487804878048781,45.5,80,0.56875,42,82,0.5121951219512195,43.0,80,0.5375,0.2735604035478252,-0.0525814350521574,0.22097896849566778
8482079,20242025,F,MIN,79,78,73375,46,78,0.5897435897435898,41.0,78,0.5256410256410257,50,78,0.6410256410256411,41.5,78,0.532051282051282,0.7120403888380491,0.017014087262625655,0.7290544761006748
8482079,20252026,F,"MIN,VAN",49,49,42495,21,49,0.42857142857142855,20.0,49,0.40816326530612246,24,49,0.4897959183673469,24.0,49,0.4897959183673469,-0.35870743451733045,-0.1565402365997106,-0.5152476711170411
8482087,20222023,D,MTL,44,44,43489,12,44,0.2727272727272727,13.0,44,0.29545454545454547,19,44,0.4318181818181818,16.5,44,0.375,-0.18117704656488565,-0.13133027402967024,-0.3125073205945559
8482087,20232024,D,MTL,70,68,71973,26,68,0.38235294117647056,23.5,68,0.34558823529411764,33,68,0.4852941176470588,29.0,68,0.4264705882352941,-0.043549992688505235,-0.07000092261665536,-0.1135509153051606
8482087,20242025,D,MTL,51,51,54679,25,51,0.49019607843137253,27.5,51,0.5392156862745098,26,51,0.5098039215686274,29.5,51,0.5784313725490197,0.11637361276827285,-0.11395324713829291,0.002420365629979937
8482087,20252026,D,MTL,39,39,39635,19,39,0.48717948717948717,19.0,39,0.48717948717948717,18,39,0.46153846153846156,17.0,39,0.4358974358974359,-0.07107873142038157,-0.016281035110154107,-0.08735976653053568
8482088,20252026,F,WSH,78,73,59485,40,73,0.547945205479452,41.5,73,0.5684931506849316,40,73,0.547945205479452,44.0,73,0.6027397260273972,0.28507839671250546,0.10778223333253534,0.3928606300450408
8482089,20222023,F,STL,43,41,28077,12,41,0.2926829268292683,15.0,41,0.36585365853658536,18,41,0.43902439024390244,17.5,41,0.4268292682926829,-0.4146313879925403,-0.005060926465445537,-0.4196923144579858
8482089,20232024,F,STL,77,75,60498,25,75,0.3333333333333333,27.0,74,0.36486486486486486,36,75,0.48,36.0,74,0.4864864864864865,-0.07197320442364719,-0.15303331428383382,-0.225006518707481
8482089,20242025,F,STL,80,80,66578,37,80,0.4625,35.0,80,0.4375,30,80,0.375,28.0,80,0.35,-0.058579363866019474,-0.32065610968565617,-0.37923547355167564
8482089,20252026,F,STL,68,67,53080,39,67,0.582089552238806,40.0,67,0.5970149253731343,39,67,0.582089552238806,38.5,67,0.5746268656716418,0.17910698506314793,0.23640722010086845,0.4155142051640164
8482090,20252026,F,"STL,TBL",43,25,21791,9,25,0.36,10.0,24,0.4166666666666667,8,25,0.32,10.0,24,0.4166666666666667,-0.7182440656489133,0.19617774344944827,-0.522066322199465
8482092,20222023,F,OTT,20,20,13255,12,20,0.6,11.5,20,0.575,11,20,0.55,12.0,20,0.6,0.4627992689778302,0.1474298799136773,0.6102291488915075
8482092,20232024,F,OTT,72,71,52583,35,71,0.49295774647887325,38.0,71,0.5352112676056338,36,71,0.5070422535211268,40.5,71,0.5704225352112676,0.07348818036326943,-0.009211862381920177,0.06427631798134925
8482092,20242025,F,OTT,76,73,61601,32,73,0.4383561643835616,33.5,72,0.4652777777777778,37,73,0.5068493150684932,34.5,72,0.4791666666666667,-0.15131923607150632,0.031330195751221535,-0.11998904032028479
8482092,20252026,F,OTT,77,76,62988,45,76,0.5921052631578947,39.5,75,0.5266666666666666,37,76,0.4868421052631579,32.0,75,0.4266666666666667,-0.12308250751754546,-0.1878152639231847,-0.31089777144073016
8482093,20222023,F,CAR,82,81,65731,57,81,0.7037037037037037,52.5,81,0.6481481481481481,42,81,0.5185185185185185,42.0,81,0.5185185185185185,0.42568466222851997,-0.2099500084961381,0.21573465373238188
8482093,20232024,F,CAR,81,81,72405,52,81,0.6419753086419753,53.5,80,0.66875,46,81,0.5679012345679012,48.0,80,0.6,-0.4179201040742475,0.5472847195033921,0.12936461542914457
8482093,20242025,F,CAR,69,69,61728,50,69,0.7246376811594203,46.5,69,0.6739130434782609,41,69,0.5942028985507246,41.0,69,0.5942028985507246,-0.21176969215671138,0.5720008083339614,0.36023111617725
8482093,20252026,F,CAR,71,70,61580,42,70,0.6,36.0,69,0.5217391304347826,36,70,0.5142857142857142,30.0,69,0.43478260869565216,-0.13062200472812524,-0.016373729264524073,-0.1469957339926493
8482094,20252026,D,MIN,32,28,20623,10,28,0.35714285714285715,12.0,28,0.42857142857142855,10,28,0.35714285714285715,12.0,28,0.42857142857142855,-0.5076658091616193,-0.3754419552928798,-0.8831077644544991
8482095,20242025,D,OTT,76,74,59480,32,74,0.43243243243243246,26.5,73,0.363013698630137,29,74,0.3918918918918919,28.0,73,0.3835616438356164,-0.4790990481686952,-0.1728318748267581,-0.6519309229954533
8482095,20252026,D,OTT,70,68,63245,40,68,0.5882352941176471,41.5,68,0.6102941176470589,34,68,0.5,41.0,68,0.6029411764705882,-0.028741718556153373,-0.14254431258207845,-0.17128603113823182
8482097,20222023,F,BUF,75,71,51833,33,71,0.4647887323943662,31.5,71,0.44366197183098594,31,71,0.43661971830985913,36.0,71,0.5070422535211268,0.18029263545414898,-0.16492823314974592,0.015364402304403058
8482097,20232024,F,BUF,27,27,20377,13,27,0.48148148148148145,15.0,27,0.5555555555555556,15,27,0.5555555555555556,15.0,27,0.5555555555555556,0.48821988175766373,0.005447387893333655,0.4936672696509974
8482097,20242025,F,BUF,70,67,52403,28,67,0.417910447761194,26.5,67,0.39552238805970147,30,67,0.44776119402985076,28.5,67,0.4253731343283582,0.02335928933147624,-0.22464800369779026,-0.20128871436631401
8482097,20252026,F,BUF,82,82,63920,38,82,0.4634146341463415,39.5,82,0.4817073170731707,39,82,0.47560975609756095,39.0,82,0.47560975609756095,0.33192031711515657,-0.5237772186908414,-0.1918569015756848
8482100,20252026,D,CAR,81,81,73082,53,81,0.654320987654321,46.0,81,0.5679012345679012,41,81,0.5061728395061729,36.0,81,0.4444444444444444,0.12881097235130623,-0.27763579035338726,-0.14882481800208103
8482103,20252026,F,NSH,39,29,21539,15,29,0.5172413793103449,13.0,27,0.48148148148148145,19,29,0.6551724137931034,14.0,27,0.5185185185185185,-0.31516433344848194,0.10875089794236015,-0.2064134355061218
8482105,20222023,D,OTT,77,77,74770,41,77,0.5324675324675324,40.0,77,0.5194805194805194,36,77,0.4675324675324675,37.0,77,0.4805194805194805,-0.230224593380854,0.10431552759953755,-0.12590906578131644
8482105,20232024,D,OTT,79,78,85012,41,78,0.5256410256410257,40.0,77,0.5194805194805194,46,78,0.5897435897435898,40.5,77,0.525974025974026,-0.03133862069362747,0.43554803746745296,0.4042094167738255
8482105,20242025,D,OTT,77,77,88770,43,77,0.5584415584415584,44.0,77,0.5714285714285714,42,77,0.5454545454545454,43.5,77,0.564935064935065,-0.25746973033336884,0.4232558076009012,0.16578607726753236
8482105,20252026,D,OTT,67,67,78551,42,67,0.6268656716417911,41.0,67,0.6119402985074627,37,67,0.5522388059701493,33.5,67,0.5,-0.3408910827789806,0.45208529033622935,0.11119420755724874
8482107,20252026,D,FLA,18,18,16458,11,18,0.6111111111111112,8.5,18,0.4722222222222222,12,18,0.6666666666666666,10.5,18,0.5833333333333334,0.2242988208355121,-0.38095358201429264,-0.15665476117878052
8482109,20222023,F,NYR,81,80,63303,40,80,0.5,35.5,79,0.44936708860759494,44,80,0.55,38.5,79,0.4873417721518987,0.14827384885537231,-0.17921579553344902,-0.030941946678076704
8482109,20232024,F,NYR,82,82,73253,52,82,0.6341463414634146,51.5,82,0.6280487804878049,58,82,0.7073170731707317,51.0,82,0.6219512195121951,1.1949397503265569,-0.3017577951899231,0.8931819551366338
8482109,20242025,F,NYR,78,78,69036,38,78,0.48717948717948717,37.0,78,0.47435897435897434,47,78,0.6025641025641025,43.0,78,0.5512820512820513,0.4746738792572165,-0.19590637675510525,0.27876750250211124
8482109,20252026,F,NYR,82,82,73165,44,82,0.5365853658536586,50.0,82,0.6097560975609756,48,82,0.5853658536585366,51.0,82,0.6219512195121951,0.3184913835472627,0.1718899807683063,0.490381364315569
8482110,20222023,F,NJD,82,80,68018,45,80,0.5625,42.5,79,0.5379746835443038,38,80,0.475,38.0,79,0.4810126582278481,-0.24349016283722724,0.13017949035685072,-0.11331067248037652
8482110,20232024,F,NJD,82,81,69526,36,81,0.4444444444444444,43.0,80,0.5375,36,81,0.4444444444444444,40.5,80,0.50625,-0.12567582839454738,0.011365195779806658,-0.11431063261474073
8482110,20242025,F,NJD,78,78,67684,38,78,0.48717948717948717,39.0,78,0.5,36,78,0.46153846153846156,41.5,78,0.532051282051282,-0.25342310332745566,0.044822256587296216,-0.20860084674015944
8482110,20252026,F,NJD,82,82,74510,49,82,0.5975609756097561,46.0,82,0.5609756097560976,49,82,0.5975609756097561,50.5,82,0.6158536585365854,0.06430049151593131,0.2794143434315166,0.3437148349474479
8482111,20222023,D,MTL,39,38,32827,16,38,0.42105263157894735,15.5,38,0.40789473684210525,21,38,0.5526315789473685,21.0,38,0.5526315789473685,0.07706970466663865,-0.23547626069148375,-0.1584065560248451
8482111,20232024,D,MTL,48,48,44894,19,48,0.3958333333333333,20.5,48,0.4270833333333333,27,48,0.5625,25.0,48,0.5208333333333334,0.15462627996357048,-0.003440008391036198,0.15118627157253428
8482111,20242025,D,"MTL,NSH",58,57,51914,29,57,0.5087719298245614,29.5,57,0.5175438596491229,30,57,0.5263157894736842,33.0,57,0.5789473684210527,0.12005900566090899,0.11978720041462276,0.23984620607553175
8482111,20252026,D,NSH,51,49,39105,24,49,0.4897959183673469,22.0,48,0.4583333333333333,27,49,0.5510204081632653,24.0,48,0.5,0.1626021206748569,-0.08179923917174481,0.0808028815031121
8482113,20222023,F,FLA,73,71,55651,39,71,0.5492957746478874,37.0,71,0.5211267605633803,36,71,0.5070422535211268,32.0,71,0.4507042253521127,-0.4220809679163535,0.40768054884212246,-0.014400419074231063
8482113,20232024,F,FLA,78,75,56030,40,75,0.5333333333333333,40.5,74,0.5472972972972973,33,75,0.44,41.5,74,0.5608108108108109,-0.08270087610189503,-0.22367050047273018,-0.3063713765746252
8482113,20242025,F,FLA,76,76,60066,39,76,0.5131578947368421,40.0,76,0.5263157894736842,37,76,0.4868421052631579,37.0,76,0.4868421052631579,-0.5057501811538319,0.2825561242387651,-0.22319405691506677
8482113,20252026,F,FLA,64,62,56514,33,62,0.532258064516129,31.5,62,0.5080645161290323,25,62,0.4032258064516129,31.0,62,0.5,-0.399542241704133,0.3947965322051026,-0.004745709499030415
8482116,20222023,F,OTT,78,77,73403,48,77,0.6233766233766234,45.5,77,0.5909090909090909,47,77,0.6103896103896104,46.0,77,0.5974025974025974,0.689105355574358,-0.004830535717019302,0.6842748198573387
8482116,20232024,F,OTT,75,75,75417,38,75,0.5066666666666667,35.0,74,0.47297297297297297,38,75,0.5066666666666667,38.5,74,0.5202702702702703,0.317472730342685,-0.19983377771658617,0.1176389526260988
8482116,20242025,F,OTT,79,79,76450,45,79,0.569620253164557,44.0,79,0.5569620253164557,48,79,0.6075949367088608,41.0,79,0.5189873417721519,0.317939873238708,0.10769422125449646,0.42563409449320444
8482116,20252026,F,OTT,80,80,74332,46,80,0.575,46.5,80,0.58125,43,80,0.5375,38.0,80,0.475,-0.06138259277731528,-0.09561064341219305,-0.15699323618950833
8482117,20222023,F,CHI,23,23,19001,6,23,0.2608695652173913,7.0,23,0.30434782608695654,10,23,0.43478260869565216,8.5,23,0.3695652173913043,0.22244855995626533,0.07205208660462192,0.29450064656088726
8482117,20232024,F,CHI,65,63,46422,12,63,0.19047619047619047,17.5,63,0.2777777777777778,25,63,0.3968253968253968,26.0,63,0.4126984126984127,-0.0815900842614723,-0.4640886793334631,-0.5456787635949354
8482117,20242025,F,CHI,68,65,42412,26,65,0.4,23.0,63,0.36507936507936506,30,65,0.46153846153846156,31.0,63,0.49206349206349204,-0.036623440049179834,-0.20063801539393467,-0.2372614554431145
8482117,20252026,F,"BOS,CHI,VAN",29,24,19019,9,24,0.375,10.5,24,0.4375,13,24,0.5416666666666666,12.0,24,0.5,0.27740267796092866,-0.42442388794686714,-0.14702120998593848
8482118,20242025,F,ANA,29,27,19942,8,27,0.2962962962962963,10.5,26,0.40384615384615385,14,27,0.5185185185185185,16.5,26,0.6346153846153846,-0.09862517853382347,-0.16351427272044283,-0.2621394512542663
8482122,20232024,D,MIN,82,82,96020,44,82,0.5365853658536586,44.0,82,0.5365853658536586,39,82,0.47560975609756095,41.0,82,0.5,-0.13551549888387315,-0.007101902953483563,-0.14261740183735672
8482122,20242025,D,MIN,75,74,94403,36,74,0.4864864864864865,29.0,74,0.3918918918918919,35,74,0.47297297297297297,27.5,74,0.3716216216216216,-0.017066001855792656,-0.18577972514781482,-0.20284572700360748
8482122,20252026,D,MIN,80,80,97200,44,80,0.55,42.5,80,0.53125,45,80,0.5625,42.0,80,0.525,0.3959646028436734,0.007553731817329101,0.4035183346610025
8482124,20222023,F,LAK,53,49,39319,31,49,0.6326530612244898,31.0,49,0.6326530612244898,24,49,0.4897959183673469,28.0,49,0.5714285714285714,0.08847452983508086,-0.008651704091696466,0.0798228257433844
8482124,20232024,F,LAK,80,80,67374,44,80,0.55,45.0,79,0.569620253164557,45,80,0.5625,41.5,79,0.5253164556962026,-0.15193765295902573,0.33370790762145464,0.1817702546624289
8482124,20242025,F,LAK,78,78,70963,46,78,0.5897435897435898,50.0,78,0.6410256410256411,43,78,0.5512820512820513,43.5,78,0.5576923076923077,0.14830777716337318,0.1730521917263106,0.32135996888968377
8482124,20252026,F,LAK,78,78,74034,45,78,0.5769230769230769,42.5,78,0.5448717948717948,44,78,0.5641025641025641,37.5,78,0.4807692307692308,0.2085445113485509,-0.017787047842200643,0.19075746350635026
8482125,20232024,F,NJD,82,62,49069,27,62,0.43548387096774194,22.5,60,0.375,25,62,0.4032258064516129,21.5,60,0.35833333333333334,-0.13305846876193295,-0.1512270105912501,-0.28428547935318305
8482125,20242025,F,VGK,51,48,32746,24,48,0.5,24.0,47,0.5106382978723404,26,48,0.5416666666666666,21.5,47,0.4574468085106383,-0.24299781064700188,-0.11819294293841942,-0.3611907535854213
8482125,20252026,F,VGK,29,24,18579,15,24,0.625,13.5,24,0.5625,12,24,0.5,12.0,24,0.5,-0.13930811788572184,-0.05924019280584325,-0.1985483106915651
8482126,20242025,D,PHI,39,39,36747,21,39,0.5384615384615384,21.5,39,0.5512820512820513,23,39,0.5897435897435898,23.5,39,0.6025641025641025,0.19625779934852483,0.19221242953579853,0.38847022888432337
8482126,20252026,D,PHI,61,57,50200,33,57,0.5789473684210527,32.0,57,0.5614035087719298,30,57,0.5263157894736842,27.5,57,0.4824561403508772,0.2915921497979843,-0.1568083439131458,0.13478380588483851
8482131,20252026,D,"FLA,OTT",42,42,34170,22,42,0.5238095238095238,21.0,42,0.5,19,42,0.4523809523809524,21.0,42,0.5,0.049676748747178756,-0.5349297903087398,-0.485253041561561
8482132,20242025,F,NYR,32,27,19418,9,27,0.3333333333333333,10.5,27,0.3888888888888889,13,27,0.48148148148148145,13.5,27,0.5,0.022251752608758668,-0.5578255581130516,-0.5355738055042929
8482133,20232024,F,SJS,27,27,20251,7,27,0.25925925925925924,11.0,27,0.4074074074074074,13,27,0.48148148148148145,16.5,27,0.6111111111111112,-0.06939027889743499,0.22040310700930954,0.15101282811187455
8482142,20232024,D,"ANA,PHI",34,34,33588,16,34,0.47058823529411764,16.5,34,0.4852941176470588,13,34,0.38235294117647056,14.5,34,0.4264705882352941,-0.32176862617124025,-0.11224892805171915,-0.4340175542229594
8482142,20242025,D,PHI,67,66,69862,29,66,0.4393939393939394,26.0,66,0.3939393939393939,25,66,0.3787878787878788,27.0,66,0.4090909090909091,-0.08124868407555352,-0.47927378540539944,-0.560522469480953
8482142,20252026,D,PHI,78,77,83933,38,77,0.4935064935064935,42.5,77,0.551948051948052,37,77,0.4805194805194805,33.5,77,0.43506493506493504,0.25885755037496727,-0.11861672435484971,0.14024082602011756
8482144,20242025,D,SJS,28,28,22633,12,28,0.42857142857142855,9.5,28,0.3392857142857143,16,28,0.5714285714285714,15.5,28,0.5535714285714286,-0.04054837653670962,0.39993682460501256,0.35938844806830295
8482145,20242025,F,DAL,69,66,45902,31,66,0.4696969696969697,39.5,65,0.6076923076923076,33,66,0.5,33.0,65,0.5076923076923077,-0.3321365129790883,0.38465335285471447,0.052516839875626165
8482145,20252026,F,DAL,82,80,64577,49,80,0.6125,50.5,79,0.6392405063291139,51,80,0.6375,53.0,79,0.6708860759493671,0.6520255562995145,-0.17211320378684825,0.4799123525126663
8482146,20222023,F,NSH,24,22,19801,8,22,0.36363636363636365,7.5,22,0.3409090909090909,13,22,0.5909090909090909,13.0,22,0.5909090909090909,0.01907687581366302,-0.1436037666820953,-0.12452689086843227
8482146,20232024,F,NSH,80,77,55637,45,77,0.5844155844155844,44.5,77,0.577922077922078,45,77,0.5844155844155844,43.0,77,0.5584415584415584,0.31487333639949844,0.13954528840380398,0.4544186248033024
8482146,20242025,F,NSH,64,60,46021,36,60,0.6,36.5,60,0.6083333333333333,37,60,0.6166666666666667,37.0,60,0.6166666666666667,0.005137928105933831,0.16701687251868602,0.17215480062461985
8482146,20252026,F,NSH,80,80,67812,46,80,0.575,53.0,80,0.6625,54,80,0.675,52.0,80,0.65,0.7298308501768678,0.2871327297899704,1.0169635799668382
8482148,20232024,F,WSH,51,42,31404,17,42,0.40476190476190477,18.5,42,0.44047619047619047,20,42,0.47619047619047616,17.5,42,0.4166666666666667,-0.15660104962367027,0.06774073690814042,-0.08886031271552985
8482148,20242025,F,WSH,27,19,14268,11,19,0.5789473684210527,8.0,19,0.42105263157894735,9,19,0.47368421052631576,6.0,19,0.3157894736842105,-0.3551631735332097,-0.4545139452044302,-0.8096771187376399
8482148,20252026,F,WSH,74,36,36787,19,36,0.5277777777777778,20.5,36,0.5694444444444444,19,36,0.5277777777777778,17.0,36,0.4722222222222222,0.3156883962681438,0.5203201597191986,0.8360085559873425
8482149,20222023,F,WPG,51,50,39194,32,50,0.64,30.0,50,0.6,27,50,0.54,29.0,50,0.58,0.19573565220289035,-0.031059865846766677,0.16467578635612368
8482149,20232024,F,WPG,71,67,49254,40,67,0.5970149253731343,34.0,66,0.5151515151515151,35,67,0.5223880597014925,32.5,66,0.49242424242424243,-0.24135795474361865,0.23662180461085658,-0.004736150132762074
8482149,20242025,F,WPG,79,78,61952,46,78,0.5897435897435898,40.0,77,0.5194805194805194,41,78,0.5256410256410257,38.0,77,0.4935064935064935,0.0854301156381525,0.14903897159965807,0.23446908723781057
8482149,20252026,F,WPG,67,65,53505,33,65,0.5076923076923077,33.0,65,0.5076923076923077,35,65,0.5384615384615384,30.5,65,0.46923076923076923,-0.05386706513268402,0.5407756824445777,0.4869086173118937
8482155,20232024,F,LAK,81,79,58156,38,79,0.4810126582278481,37.0,78,0.47435897435897434,33,79,0.4177215189873418,33.5,78,0.42948717948717946,0.12290122931004266,-0.6217767629014563,-0.4988755335914137
8482155,20242025,F,LAK,74,74,64356,43,74,0.581081081081081,43.5,73,0.5958904109589042,38,74,0.5135135135135135,39.0,73,0.5342465753424658,0.3771486062799365,0.030159376099295976,0.4073079823792325
8482155,20252026,F,LAK,81,81,71484,43,81,0.5308641975308642,45.5,81,0.5617283950617284,43,81,0.5308641975308642,37.0,81,0.4567901234567901,0.015481463597679657,-0.12846159026070003,-0.11298012666302037
8482157,20232024,F,NYR,81,75,50588,28,75,0.37333333333333335,31.5,74,0.42567567567567566,33,75,0.44,34.0,74,0.4594594594594595,-0.23843958725596126,0.17912598017258352,-0.05931360708337774
8482157,20242025,F,NYR,78,78,59243,32,78,0.41025641025641024,35.5,78,0.4551282051282051,39,78,0.5,38.5,78,0.4935897435897436,0.1792374748811496,-0.19620521820532932,-0.016967743324179718
8482157,20252026,F,NYR,82,82,67761,31,82,0.3780487804878049,36.5,80,0.45625,38,82,0.4634146341463415,39.5,80,0.49375,-0.28172593728055806,0.27032389075725805,-0.011402046523300013
8482159,20232024,F,PHI,77,77,66454,46,77,0.5974025974025974,42.0,77,0.5454545454545454,42,77,0.5454545454545454,43.0,77,0.5584415584415584,-0.031270412857649976,0.31535080591125286,0.2840803930536029
8482159,20242025,F,PHI,78,78,64651,46,78,0.5897435897435898,46.0,78,0.5897435897435898,43,78,0.5512820512820513,41.0,78,0.5256410256410257,0.04126329411324692,0.2540814437382266,0.2953447378514735
8482159,20252026,F,PHI,29,28,24341,17,28,0.6071428571428571,18.5,28,0.6607142857142857,14,28,0.5,17.5,28,0.625,-0.1223911580524879,0.4687063112312535,0.3463151531787656
8482165,20252026,D,CGY,57,57,59721,23,57,0.40350877192982454,19.5,57,0.34210526315789475,28,57,0.49122807017543857,28.0,57,0.49122807017543857,0.18172820036377813,-0.5109581225922941,-0.329229922228516
8482166,20242025,D,SJS,30,30,27840,9,30,0.3,9.5,30,0.31666666666666665,12,30,0.4,10.0,30,0.3333333333333333,-0.24664421791237778,0.43068695650119304,0.18404273858881526
8482166,20252026,D,SJS,50,48,45197,18,48,0.375,20.0,48,0.4166666666666667,18,48,0.375,24.0,48,0.5,-0.21628566267151061,-0.026827820996583984,-0.2431134836680946
8482172,20242025,F,CHI,29,27,19765,10,27,0.37037037037037035,11.5,27,0.42592592592592593,10,27,0.37037037037037035,15.5,27,0.5740740740740741,-0.04908943099546659,-0.66724110053404,-0.7163305315295065
8482172,20252026,F,CHI,53,38,29438,16,38,0.42105263157894735,14.5,38,0.3815789473684211,19,38,0.5,17.5,38,0.4605263157894737,-0.42180325707868116,0.32787675222428847,-0.09392650485439269
8482175,20222023,F,BUF,77,76,54284,34,76,0.4473684210526316,36.0,76,0.47368421052631576,36,76,0.47368421052631576,36.5,76,0.48026315789473684,0.3155607473463786,-0.5997220318246188,-0.2841612844782402
8482175,20232024,F,BUF,82,80,69177,40,80,0.5,39.0,80,0.4875,45,80,0.5625,41.0,80,0.5125,0.5011089764992609,0.02147286845413543,0.5225818449533963
8482175,20242025,F,BUF,73,72,65547,30,72,0.4166666666666667,30.5,72,0.4236111111111111,31,72,0.4305555555555556,34.0,72,0.4722222222222222,0.17078687347425126,-0.2570184122813597,-0.08623153880710843
8482175,20252026,F,UTA,81,81,66258,47,81,0.5802469135802469,43.0,81,0.5308641975308642,39,81,0.48148148148148145,43.5,81,0.5370370370370371,0.0929600462672151,-0.1277680152473013,-0.0348079689800862
8482176,20232024,D,CHI,32,32,28688,9,32,0.28125,12.0,32,0.375,18,32,0.5625,15.0,32,0.46875,0.06148307200108416,0.23607412317129217,0.29755719517237633
8482176,20242025,D,CHI,54,54,51454,22,54,0.4074074074074074,22.5,54,0.4166666666666667,30,54,0.5555555555555556,31.5,54,0.5833333333333334,0.2737736978604528,0.12280301063592614,0.39657670849637894
8482176,20252026,D,CHI,77,76,77887,28,76,0.3684210526315789,29.5,76,0.3881578947368421,35,76,0.4605263157894737,35.5,76,0.46710526315789475,-0.024238944256266493,-0.017790044550688666,-0.04202898880695516
8482177,20232024,F,MIN,16,14,10598,7,14,0.5,9.5,14,0.6785714285714286,5,14,0.35714285714285715,7.0,14,0.5,-0.6501373684862932,-0.14367657900651531,-0.7938139474928085
8482177,20242025,F,"BOS,MIN",71,57,43840,26,57,0.45614035087719296,24.5,55,0.44545454545454544,29,57,0.5087719298245614,26.0,55,0.4727272727272727,-0.6618425126068528,0.003920230731661256,-0.6579222818751915
8482177,20252026,F,BOS,77,74,56564,35,74,0.47297297297297297,34.5,74,0.46621621621621623,33,74,0.44594594594594594,33.5,74,0.4527027027027027,0.06518216074728311,-0.12112796462496345,-0.055945803877680333
8482178,20252026,D,ANA,66,60,48788,28,60,0.4666666666666667,27.0,58,0.46551724137931033,31,60,0.5166666666666667,30.0,58,0.5172413793103449,-0.22116360277738467,0.1742926522588859,-0.046870950518498766
8482192,20222023,D,CHI,16,16,13221,5,16,0.3125,5.0,16,0.3125,8,16,0.5,7.5,16,0.46875,0.358552444773959,-0.6382452447487763,-0.27969279997481733
8482192,20232024,D,CHI,33,32,29812,5,32,0.15625,5.5,32,0.171875,13,32,0.40625,8.0,32,0.25,0.062373001495539704,-0.7355919066424708,-0.6732189051469311
8482201,20242025,F,TBL,57,53,40031,28,53,0.5283018867924528,25.0,51,0.49019607843137253,25,53,0.4716981132075472,23.0,51,0.45098039215686275,-0.34808146245586524,-0.0843832316426738,-0.43246469409853905
8482201,20252026,F,TBL,74,66,50500,40,66,0.6060606060606061,40.5,65,0.6230769230769231,38,66,0.5757575757575758,35.0,65,0.5384615384615384,0.17403654732692475,0.20297051060614857,0.3770070579330733
8482222,20222023,F,SJS,68,68,62262,27,68,0.39705882352941174,32.0,68,0.47058823529411764,34,68,0.5,34.5,68,0.5073529411764706,-0.007174418864336118,0.06244093285467711,0.05526651399034099
8482222,20232024,F,SJS,46,44,37429,12,44,0.2727272727272727,13.0,44,0.29545454545454547,19,44,0.4318181818181818,21.0,44,0.4772727272727273,0.10249643362027605,-0.16259487381992033,-0.060098440199644276
8482241,20232024,F,PIT,33,21,17487,13,21,0.6190476190476191,13.0,21,0.6190476190476191,12,21,0.5714285714285714,11.0,21,0.5238095238095238,0.4404469241906761,-0.15573480691424013,0.28471211727643597
8482245,20222023,D,OTT,53,53,55072,28,53,0.5283018867924528,25.0,53,0.4716981132075472,29,53,0.5471698113207547,25.5,53,0.4811320754716981,-0.16311199344829674,0.14373884457454533,-0.01937314887375141
8482245,20232024,D,OTT,69,69,73093,44,69,0.6376811594202898,37.0,69,0.5362318840579711,39,69,0.5652173913043478,39.5,69,0.572463768115942,0.15768218344597296,0.2822277713135781,0.4399099547595511
8482245,20242025,D,OTT,53,52,56389,29,52,0.5576923076923077,32.0,52,0.6153846153846154,32,52,0.6153846153846154,34.0,52,0.6538461538461539,0.07251599905050288,0.47429642806414396,0.5468124271146468
8482245,20252026,D,OTT,81,81,86796,48,81,0.5925925925925926,46.5,81,0.5740740740740741,36,81,0.4444444444444444,35.0,81,0.43209876543209874,-0.4707119034953271,0.1177584158664069,-0.3529534876289202
8482259,20232024,F,TOR,56,43,33685,19,43,0.4418604651162791,20.5,43,0.47674418604651164,18,43,0.4186046511627907,19.0,43,0.4418604651162791,-0.4470134143905016,0.008090502092144014,-0.43892291229835756
8482259,20242025,F,TOR,70,68,53471,38,68,0.5588235294117647,34.5,68,0.5073529411764706,37,68,0.5441176470588235,35.5,68,0.5220588235294118,0.22192335343059577,-0.19481706423530865,0.027106289195287125
8482259,20252026,F,"SEA,TOR",77,77,64775,32,77,0.4155844155844156,31.0,77,0.4025974025974026,33,77,0.42857142857142855,32.5,77,0.42207792207792205,0.10796313622581977,-0.2050495029235484,-0.09708636669772863
8482408,20252026,F,LAK,58,28,29267,16,28,0.5714285714285714,18.5,28,0.6607142857142857,17,28,0.6071428571428571,15.5,28,0.5535714285714286,0.27482218866468466,-0.012398247145930075,0.2624239415187546
8482451,20232024,F,CBJ,17,16,11789,3,16,0.1875,5.0,16,0.3125,6,16,0.375,7.0,16,0.4375,-0.770380901025578,-0.49709804909290245,-1.2674789501184804
8482451,20242025,F,CBJ,47,42,29519,12,42,0.2857142857142857,9.0,41,0.21951219512195122,11,42,0.2619047619047619,11.0,41,0.2682926829268293,-0.996768221985183,0.08179582365925375,-0.9149723983259292
8482460,20242025,F,NYR,38,17,17910,6,17,0.35294117647058826,5.0,17,0.29411764705882354,8,17,0.47058823529411764,5.5,17,0.3235294117647059,-0.2740663952624942,-0.013888181594605697,-0.2879545768570999
8482460,20252026,F,NYR,26,14,12186,6,14,0.42857142857142855,6.0,14,0.42857142857142855,6,14,0.42857142857142855,6.0,14,0.42857142857142855,-0.20148460299459447,-0.024768338429957737,-0.2262529414245522
8482470,20252026,D,"COL,PIT",30,28,21542,16,28,0.5714285714285714,20.5,28,0.7321428571428571,14,28,0.5,18.5,28,0.6607142857142857,0.32416641756303965,-0.0026931587339387164,0.32147325882910094
8482475,20222023,F,CBJ,30,27,20606,11,27,0.4074074074074074,8.5,27,0.3148148148148148,15,27,0.5555555555555556,12.0,27,0.4444444444444444,-0.12410359684223371,0.41426239738718573,0.290158800544952
8482475,20232024,F,CBJ,53,50,40099,18,50,0.36,24.0,50,0.48,25,50,0.5,29.5,50,0.59,-0.001125940353141619,0.24868337111541905,0.24755743076227743
8482475,20242025,F,CBJ,30,30,24227,12,30,0.4,15.0,30,0.5,12,30,0.4,13.0,30,0.43333333333333335,0.09909059872868164,-0.11680942148529638,-0.01771882275661474
8482475,20252026,F,"CBJ,PIT",72,64,50477,36,64,0.5625,34.0,64,0.53125,37,64,0.578125,31.5,64,0.4921875,0.053672339607236275,-0.21983847062096862,-0.16616613101373234
8482476,20242025,F,MTL,62,55,37132,28,55,0.509090909090909,25.0,55,0.45454545454545453,30,55,0.5454545454545454,26.0,55,0.4727272727272727,-0.4598307733657596,0.5317384238500056,0.07190765048424597
8482476,20252026,F,NYI,82,82,68160,35,82,0.4268292682926829,33.0,82,0.4024390243902439,39,82,0.47560975609756095,36.0,82,0.43902439024390244,-0.03243026128843374,-0.19289957456055884,-0.22532983584899258
8482482,20242025,D,NSH,23,23,21963,14,23,0.6086956521739131,16.5,23,0.717391304347826,15,23,0.6521739130434783,16.0,23,0.6956521739130435,0.10245581975994966,0.3831304936691875,0.48558631342913716
8482482,20252026,D,NSH,57,54,50898,27,54,0.5,26.5,54,0.49074074074074076,26,54,0.48148148148148145,23.5,54,0.4351851851851852,0.20063993553144366,0.04442209185339063,0.2450620273848343
8482496,20222023,F,VAN,68,63,43546,23,63,0.36507936507936506,26.5,63,0.42063492063492064,24,63,0.38095238095238093,25.5,63,0.40476190476190477,-0.43512257217057115,-0.18631175503344233,-0.6214343272040135
8482496,20232024,F,VAN,43,24,22242,12,24,0.5,14.0,24,0.5833333333333334,10,24,0.4166666666666667,12.0,24,0.5,-0.43999301714172123,0.22833133063150957,-0.21166168651021167
8482511,20232024,D,BOS,41,40,36923,17,40,0.425,17.5,39,0.44871794871794873,15,40,0.375,15.0,39,0.38461538461538464,0.036305371196918124,-0.6504914916238906,-0.6141861204269725
8482511,20242025,D,BOS,73,73,71455,33,73,0.4520547945205479,31.0,73,0.4246575342465753,34,73,0.4657534246575342,38.5,73,0.5273972602739726,0.15217331847697446,-0.43520442872548726,-0.2830311102485128
8482511,20252026,D,BOS,73,73,62633,29,73,0.3972602739726027,32.5,73,0.4452054794520548,38,73,0.5205479452054794,42.5,73,0.5821917808219178,0.10019253348480417,-0.23512770606168631,-0.13493517257688215
8482516,20232024,D,STL,39,38,35856,14,38,0.3684210526315789,16.0,38,0.42105263157894735,16,38,0.42105263157894735,24.5,38,0.6447368421052632,-0.315645213477062,0.045892525156979946,-0.26975268832008203
8482516,20242025,D,STL,29,28,21058,15,28,0.5357142857142857,14.0,27,0.5185185185185185,14,28,0.5,12.0,27,0.4444444444444444,0.23656146599888617,-0.16141120435405254,0.07515026164483363
8482516,20252026,D,STL,29,27,20228,10,27,0.37037037037037035,11.0,27,0.4074074074074074,10,27,0.37037037037037035,8.5,27,0.3148148148148148,-0.4949457284103773,-0.14070504337434553,-0.6356507717847228
8482623,20252026,F,BUF,34,18,17857,12,18,0.6666666666666666,9.0,16,0.5625,10,18,0.5555555555555556,8.0,16,0.5,-0.7045671640946642,0.5177776005772339,-0.18678956351743037
8482624,20222023,D,VGK,14,14,12557,7,14,0.5,6.5,14,0.4642857142857143,4,14,0.2857142857142857,4.0,14,0.2857142857142857,-0.47330974815399784,-0.198612846193424,-0.6719225943474219
8482624,20232024,D,"CGY,VGK",24,24,26290,14,24,0.5833333333333334,16.5,24,0.6875,14,24,0.5833333333333334,14.0,24,0.5833333333333334,0.03577214810021001,0.29238218179121755,0.32815432989142757
8482624,20242025,D,CGY,44,43,42477,20,43,0.46511627906976744,18.5,43,0.43023255813953487,19,43,0.4418604651162791,20.5,43,0.47674418604651164,-0.1225765424623928,0.001861607649414676,-0.12071493481297813
8482634,20252026,F,BOS,43,33,26759,20,33,0.6060606060606061,18.5,33,0.5606060606060606,18,33,0.5454545454545454,21.0,33,0.6363636363636364,0.07920442487037915,0.28180908185389786,0.361013506724277
8482652,20222023,F,CGY,27,21,15332,10,21,0.47619047619047616,9.0,21,0.42857142857142855,6,21,0.2857142857142857,4.0,21,0.19047619047619047,0.05092245038691301,-0.2188102873405895,-0.16788783695367648
8482652,20232024,F,CGY,40,14,17549,8,14,0.5714285714285714,6.0,14,0.42857142857142855,8,14,0.5714285714285714,8.0,14,0.5714285714285714,-0.1682442286157313,-0.319630054555029,-0.4878742831707603
8482652,20242025,F,"CGY,SJS",24,10,11644,4,10,0.4,5.5,10,0.55,2,10,0.2,3.0,10,0.3,-0.08851329554930087,-0.034864767739366975,-0.12337806328866785
8482655,20222023,D,ARI,82,82,79324,30,82,0.36585365853658536,32.0,82,0.3902439024390244,42,82,0.5121951219512195,39.5,82,0.4817073170731707,-0.3974547215826756,0.3585737572248586,-0.03888096435781696
8482655,20232024,D,ARI,80,79,80875,40,79,0.5063291139240507,39.5,79,0.5,43,79,0.5443037974683544,37.5,79,0.47468354430379744,0.06230032765964966,0.04178874433722868,0.10408907199687834
8482655,20242025,D,TBL,51,51,49748,23,51,0.45098039215686275,25.5,51,0.5,24,51,0.47058823529411764,24.0,51,0.47058823529411764,-0.05926287142965769,-0.023598730725117534,-0.08286160215477523
8482655,20252026,D,TBL,79,79,85489,46,79,0.5822784810126582,46.5,78,0.5961538461538461,46,79,0.5822784810126582,39.5,78,0.5064102564102564,0.39494892984154895,-0.2381200003403272,0.15682892950122174
8482659,20242025,F,UTA,47,47,33525,29,47,0.6170212765957447,32.0,46,0.6956521739130435,30,47,0.6382978723404256,30.0,46,0.6521739130434783,0.038066487219691414,0.5386157488477443,0.5766822360674357
8482659,20252026,F,BUF,82,82,64995,48,82,0.5853658536585366,49.5,82,0.6036585365853658,47,82,0.573170731707317,49.5,82,0.6036585365853658,0.4661276647653323,0.05696431520961642,0.5230919799749487
8482660,20222023,F,CBJ,79,74,58530,28,74,0.3783783783783784,27.5,74,0.3716216216216216,39,74,0.527027027027027,30.0,74,0.40540540540540543,-0.1970508179637993,0.06938145226599524,-0.12766936569780407
8482660,20232024,F,CBJ,42,40,27914,17,40,0.425,19.0,40,0.475,19,40,0.475,19.5,40,0.4875,-0.10700145711316678,0.3320451549457899,0.22504369783262312
8482660,20242025,F,CBJ,64,63,56240,31,63,0.49206349206349204,34.0,63,0.5396825396825397,35,63,0.5555555555555556,33.0,63,0.5238095238095238,-0.008128987235636043,0.2966928318628237,0.28856384462718765
8482660,20252026,F,CBJ,76,69,52166,36,69,0.5217391304347826,37.5,69,0.5434782608695652,37,69,0.5362318840579711,30.5,69,0.4420289855072464,-0.08306317116393513,-0.19801608100899193,-0.28107925217292706
8482665,20222023,F,SEA,80,80,66185,48,80,0.6,44.5,80,0.55625,43,80,0.5375,39.5,80,0.49375,0.1099598778893891,0.031223039889929805,0.1411829177793189
8482665,20232024,F,SEA,77,77,67855,41,77,0.5324675324675324,41.5,77,0.538961038961039,45,77,0.5844155844155844,39.0,77,0.5064935064935064,0.14101296650823913,-0.012983028160681087,0.12802993834755805
8482665,20242025,F,SEA,79,79,74061,35,79,0.4430379746835443,38.0,78,0.48717948717948717,43,79,0.5443037974683544,39.0,78,0.5,0.030015812692171462,0.1931722916071319,0.22318810429930336
8482665,20252026,F,SEA,81,81,75951,35,81,0.43209876543209874,37.0,81,0.4567901234567901,43,81,0.5308641975308642,41.0,81,0.5061728395061729,-0.051559160208266785,0.2793094558989857,0.22775029569071892
8482666,20252026,D,NYR,29,29,23644,11,29,0.3793103448275862,14.5,29,0.5,16,29,0.5517241379310345,16.0,29,0.5517241379310345,0.4406710699643832,-0.5747948726939485,-0.13412380272956526
8482667,20232024,F,SJS,80,80,73008,29,80,0.3625,30.0,78,0.38461538461538464,42,80,0.525,46.0,78,0.5897435897435898,0.02175719363324835,0.41137709795980726,0.4331342915930556
8482667,20242025,F,SJS,73,72,69348,37,72,0.5138888888888888,33.5,71,0.47183098591549294,51,72,0.7083333333333334,41.0,71,0.5774647887323944,0.2782762996054171,0.6524774080111033,0.9307537076165204
8482667,20252026,F,SJS,77,77,69370,34,77,0.44155844155844154,35.5,77,0.461038961038961,40,77,0.5194805194805194,43.5,77,0.564935064935065,0.09511167183432523,0.004283747590031695,0.09939541942435692
8482671,20222023,D,BUF,79,79,92782,37,79,0.46835443037974683,32.5,79,0.41139240506329117,37,79,0.46835443037974683,30.0,79,0.379746835443038,0.35514247043782987,-0.3936944628096657,-0.03855199237183582
8482671,20232024,D,BUF,76,76,84957,35,76,0.4605263157894737,35.0,76,0.4605263157894737,39,76,0.5131578947368421,40.5,76,0.5328947368421053,0.05926341349055386,-0.08339931224715835,-0.02413589875660449
8482671,20242025,D,BUF,76,76,78638,33,76,0.4342105263157895,32.0,76,0.42105263157894735,43,76,0.5657894736842105,36.5,76,0.48026315789473684,0.14433003338170636,-0.14305407682946436,0.0012759565522419969
8482671,20252026,D,BUF,81,81,86072,39,81,0.48148148148148145,38.5,81,0.47530864197530864,38,81,0.4691358024691358,40.5,81,0.5,0.1350787807948457,-0.2846137655762053,-0.14953498478135963
8482679,20232024,F,CGY,34,32,22101,13,32,0.40625,11.5,32,0.359375,14,32,0.4375,11.0,32,0.34375,-0.26240647766923075,-0.317346329666504,-0.5797528073357348
8482679,20242025,F,CGY,74,73,66232,38,73,0.5205479452054794,34.5,73,0.4726027397260274,38,73,0.5205479452054794,39.5,73,0.541095890410959,0.11441090226604755,0.1707076983025102,0.28511860056855776
8482679,20252026,F,CGY,79,78,66044,33,78,0.4230769230769231,30.5,78,0.391025641025641,36,78,0.46153846153846156,33.5,78,0.42948717948717946,0.03620265789880728,-0.21871489140286027,-0.182512233504053
8482684,20232024,D,NJD,82,82,86804,46,82,0.5609756097560976,45.0,82,0.5487804878048781,48,82,0.5853658536585366,37.5,82,0.4573170731707317,0.09174988970771114,0.08381938191913818,0.17556927162684932
8482684,20242025,D,NJD,67,67,71513,40,67,0.5970149253731343,33.0,67,0.4925373134328358,32,67,0.47761194029850745,31.5,67,0.4701492537313433,0.24984930451075194,-0.24313832256248613,0.006710981948265804
8482684,20252026,D,NJD,68,68,78393,34,68,0.5,32.5,68,0.47794117647058826,34,68,0.5,33.0,68,0.4852941176470588,0.23533018825364138,-0.16191677850402897,0.07341340974961241
8482691,20242025,F,VAN,29,22,16530,10,22,0.45454545454545453,11.5,22,0.5227272727272727,11,22,0.5,13.5,22,0.6136363636363636,-0.024634266695591656,-0.12423353421793815,-0.1488678009135298
8482691,20252026,F,VAN,65,60,42405,20,60,0.3333333333333333,24.5,59,0.4152542372881356,25,60,0.4166666666666667,29.5,59,0.5,-0.07529021326076935,-0.012952124882418925,-0.08824233814318827
8482699,20222023,F,ARI,33,28,21211,8,28,0.2857142857142857,10.5,28,0.375,13,28,0.4642857142857143,14.0,28,0.5,-0.3595797206065723,-0.030558218010788174,-0.39013793861736046
8482699,20232024,F,ARI,45,43,35099,21,43,0.4883720930232558,25.5,43,0.5930232558139535,23,43,0.5348837209302325,25.0,43,0.5813953488372093,-0.047301466579199314,0.34710620427248084,0.29980473769328153
8482699,20242025,F,UTA,66,66,53864,34,66,0.5151515151515151,33.0,63,0.5238095238095238,28,66,0.42424242424242425,27.5,63,0.4365079365079365,-0.3446700466735666,0.02963818347985514,-0.31503186319371146
8482699,20252026,F,UTA,79,79,67792,46,79,0.5822784810126582,45.0,79,0.569620253164557,40,79,0.5063291139240507,38.5,79,0.4873417721518987,0.10358977192736418,-0.03823920142967285,0.06535057049769133
8482700,20242025,D,CHI,43,43,34957,10,43,0.23255813953488372,15.0,41,0.36585365853658536,14,43,0.32558139534883723,15.0,41,0.36585365853658536,-0.28728683042863734,-0.3515746677916285,-0.6388614982202658
8482702,20232024,F,DAL,24,24,18398,16,24,0.6666666666666666,19.0,24,0.7916666666666666,14,24,0.5833333333333334,12.0,24,0.5,0.6902795910297765,0.012209673394103504,0.70248926442388
8482702,20242025,F,"CAR,DAL",74,73,57294,40,73,0.547945205479452,38.0,72,0.5277777777777778,38,73,0.5205479452054794,31.5,72,0.4375,0.24768289109151453,-0.30521251058581234,-0.0575296194942978
8482702,20252026,F,CAR,81,81,62366,56,81,0.691358024691358,51.0,81,0.6296296296296297,45,81,0.5555555555555556,40.0,81,0.49382716049382713,0.7846532698159199,-0.24727437339542346,0.5373788964204964
8482703,20242025,F,CHI,25,23,16765,7,23,0.30434782608695654,8.5,23,0.3695652173913043,11,23,0.4782608695652174,10.5,23,0.45652173913043476,-0.006956151757474771,-0.23726601243119427,-0.24422216418866904
8482703,20252026,F,"CHI,EDM",60,49,36618,18,49,0.3673469387755102,18.5,49,0.37755102040816324,22,49,0.4489795918367347,22.0,49,0.4489795918367347,-0.7503402298898763,0.4412493387338987,-0.30909089115597754
8482705,20222023,F,CBJ,64,58,42899,26,58,0.4482758620689655,28.0,57,0.49122807017543857,30,58,0.5172413793103449,33.5,57,0.5877192982456141,0.0006784368831636023,0.12616101770530586,0.12683945458846946
8482705,20232024,F,CBJ,77,76,60444,26,76,0.34210526315789475,27.5,76,0.3618421052631579,37,76,0.4868421052631579,34.0,76,0.4473684210526316,-0.0718054067708489,-0.2754445502473257,-0.3472499570181746
8482705,20242025,F,CBJ,62,59,51486,15,59,0.2542372881355932,21.0,59,0.3559322033898305,22,59,0.3728813559322034,24.0,59,0.4067796610169492,-0.5308721976238959,-0.19043186039443682,-0.7213040580183327
8482705,20252026,F,CBJ,81,80,64507,50,80,0.625,45.5,80,0.56875,44,80,0.55,43.5,80,0.54375,0.18246831548060571,0.019067809926220924,0.20153612540682664
8482713,20242025,F,FLA,69,58,46230,39,58,0.6724137931034483,30.5,57,0.5350877192982456,33,58,0.5689655172413793,29.0,57,0.5087719298245614,0.161467707093216,-0.006354711410388791,0.15511299568282721
8482713,20252026,F,FLA,77,73,55167,49,73,0.6712328767123288,41.5,73,0.5684931506849316,46,73,0.6301369863013698,43.0,73,0.589041095890411,0.45771592292340735,0.2505083234351737,0.708224246358581
8482715,20252026,D,NSH,17,15,11705,5,15,0.3333333333333333,5.5,15,0.36666666666666664,9,15,0.6,7.0,15,0.4666666666666667,-0.08924124047689119,-0.5237657813487178,-0.613007021825609
8482720,20232024,F,TOR,80,75,58667,42,75,0.56,45.0,75,0.6,40,75,0.5333333333333333,39.5,75,0.5266666666666666,0.08452363449178302,-0.0007279165787905661,0.08379571791299245
8482720,20242025,F,TOR,74,74,66118,47,74,0.6351351351351351,46.0,74,0.6216216216216216,43,74,0.581081081081081,46.0,74,0.6216216216216216,0.3862915308323793,0.05851701911853313,0.44480854995091246
8482720,20252026,F,TOR,79,79,71717,29,79,0.3670886075949367,32.0,79,0.4050632911392405,36,79,0.45569620253164556,38.0,79,0.4810126582278481,-0.37856335650659556,-0.03199939911457372,-0.4105627556211693
8482726,20242025,F,LAK,47,26,23651,12,26,0.46153846153846156,11.0,26,0.4230769230769231,11,26,0.4230769230769231,11.0,26,0.4230769230769231,-0.7123261743439884,0.08346721463583529,-0.6288589597081531
8482726,20252026,F,LAK,52,20,23856,12,20,0.6,11.5,20,0.575,10,20,0.5,11.5,20,0.575,-0.41205470303598557,0.2599864389459472,-0.15206826409003837
8482730,20232024,D,LAK,16,12,11122,7,12,0.5833333333333334,7.5,12,0.625,5,12,0.4166666666666667,6.0,12,0.5,0.2405135687430433,-0.448719150745462,-0.20820558200241868
8482730,20242025,D,LAK,75,73,63482,41,73,0.5616438356164384,44.0,73,0.6027397260273972,36,73,0.4931506849315068,39.0,73,0.5342465753424658,0.4345026886543888,-0.3367768828633553,0.09772580579103352
8482730,20252026,D,LAK,81,81,80394,47,81,0.5802469135802469,50.5,81,0.6234567901234568,48,81,0.5925925925925926,45.5,81,0.5617283950617284,0.33149372981627545,-0.050670159874252274,0.2808235699420232
8482733,20252026,D,STL,66,65,58538,30,65,0.46153846153846156,30.5,65,0.46923076923076923,26,65,0.4,29.0,65,0.4461538461538462,-0.10786428519376745,-0.28537471667846104,-0.3932390018722285
8482737,20232024,F,STL,25,23,16304,8,23,0.34782608695652173,9.0,22,0.4090909090909091,13,23,0.5652173913043478,13.5,22,0.6136363636363636,-0.2168863890918442,0.013373942068306555,-0.20351244702353766
8482737,20242025,F,STL,70,68,47835,38,68,0.5588235294117647,38.0,68,0.5588235294117647,35,68,0.5147058823529411,40.0,68,0.5882352941176471,-0.0414667717308026,0.35348612240581767,0.3120193506750151
8482737,20252026,F,MTL,78,75,55627,45,75,0.6,41.5,75,0.5533333333333333,45,75,0.6,42.5,75,0.5666666666666667,0.06292967795227389,0.3127731373021221,0.37570281525439597
8482740,20222023,F,DAL,82,81,63560,42,81,0.5185185185185185,44.0,81,0.5432098765432098,36,81,0.4444444444444444,38.0,81,0.4691358024691358,0.08969755187961104,-0.3384949642920412,-0.24879741241243014
8482740,20232024,F,DAL,82,82,66566,50,82,0.6097560975609756,54.0,80,0.675,42,82,0.5121951219512195,42.0,80,0.525,0.19291598726577774,0.1390941007834825,0.33201008804926024
8482740,20242025,F,DAL,78,78,70595,35,78,0.44871794871794873,38.0,78,0.48717948717948717,40,78,0.5128205128205128,37.5,78,0.4807692307692308,-0.0551917811914544,0.04439209610616679,-0.010799685085287614
8482740,20252026,F,DAL,82,82,80047,45,82,0.5487804878048781,44.5,82,0.5426829268292683,48,82,0.5853658536585366,45.0,82,0.5487804878048781,0.5104171105930613,-0.40088745313421725,0.10952965745884402
8482742,20242025,F,NSH,58,51,37089,26,51,0.5098039215686274,28.0,51,0.5490196078431373,30,51,0.5882352941176471,29.5,51,0.5784313725490197,0.09555564669427818,-0.10226791636788146,-0.006712269673603277
8482742,20252026,F,NSH,24,22,15962,10,22,0.45454545454545453,11.5,22,0.5227272727272727,15,22,0.6818181818181818,15.0,22,0.6818181818181818,-0.02339897535576352,0.503413100401692,0.48001412504592844
8482745,20222023,F,ANA,80,76,62224,22,76,0.2894736842105263,24.0,76,0.3157894736842105,44,76,0.5789473684210527,39.0,76,0.5131578947368421,0.16187942650313314,0.3948969598886798,0.5567763863918129
8482745,20232024,F,ANA,64,60,51151,22,60,0.36666666666666664,23.0,60,0.38333333333333336,26,60,0.43333333333333335,29.0,60,0.48333333333333334,0.3824419170016429,-0.5148026584536858,-0.1323607414520429
8482745,20242025,F,ANA,73,73,62097,29,73,0.3972602739726027,27.5,72,0.3819444444444444,36,73,0.4931506849315068,34.5,72,0.4791666666666667,0.14682824346978762,-0.26021890320684227,-0.11339065973705464
8482745,20252026,F,ANA,74,70,55401,34,70,0.4857142857142857,35.5,69,0.5144927536231884,38,70,0.5428571428571428,37.0,69,0.5362318840579711,0.5363673344491047,-0.4743245403114331,0.06204279413767155
8482749,20232024,F,MTL,23,21,14997,12,21,0.5714285714285714,9.5,21,0.4523809523809524,13,21,0.6190476190476191,12.0,21,0.5714285714285714,0.5475127552488681,0.3666674361227882,0.9141801913716563
8482751,20252026,F,SEA,67,56,42170,28,56,0.5,26.0,54,0.48148148148148145,29,56,0.5178571428571429,32.5,54,0.6018518518518519,0.2886386684242219,0.13292081767177466,0.4215594860959966
8482758,20252026,F,PIT,39,37,26320,24,37,0.6486486486486487,22.5,37,0.6081081081081081,26,37,0.7027027027027027,23.5,37,0.6351351351351351,0.24435473215418702,0.4591128557644022,0.7034675879185892
8482762,20232024,D,DET,16,16,15612,7,16,0.4375,7.0,16,0.4375,7,16,0.4375,10.0,16,0.625,0.2503805409353008,-0.14973724861773263,0.10064329231756819
8482762,20242025,D,DET,74,73,81572,36,73,0.4931506849315068,38.5,73,0.5273972602739726,30,73,0.410958904109589,35.0,73,0.4794520547945205,0.12257455671193185,-0.1000304461725019,0.02254411053942995
8482762,20252026,D,DET,72,72,83732,38,72,0.5277777777777778,35.0,72,0.4861111111111111,46,72,0.6388888888888888,36.0,72,0.5,0.45336229736018785,0.18066084878934996,0.6340231461495378
8482765,20252026,F,"BUF,WPG",36,30,21720,14,30,0.4666666666666667,12.0,29,0.41379310344827586,13,30,0.43333333333333335,12.0,29,0.41379310344827586,-0.4669480467059688,0.2664146020380582,-0.20053344466791057
8482768,20242025,F,NSH,48,44,31104,18,44,0.4090909090909091,20.5,44,0.4659090909090909,17,44,0.38636363636363635,18.5,44,0.42045454545454547,0.1264692522819546,-0.354506993092476,-0.22803774081052142
8482768,20252026,F,NSH,69,61,43896,28,61,0.45901639344262296,28.0,60,0.4666666666666667,29,61,0.47540983606557374,29.0,60,0.48333333333333334,0.12301078935368093,-0.14083563026285573,-0.0178248409091748
8482775,20252026,F,MTL,82,76,56353,35,76,0.4605263157894737,33.5,76,0.4407894736842105,37,76,0.4868421052631579,35.5,76,0.46710526315789475,0.1998265377817421,-0.6902068443675442,-0.4903803065858021
8482803,20232024,D,ANA,26,26,26168,6,26,0.23076923076923078,6.5,26,0.25,11,26,0.4230769230769231,10.5,26,0.40384615384615385,-0.16676545882718785,-0.14300846016964286,-0.3097739189968307
8482803,20242025,D,ANA,60,60,57440,25,60,0.4166666666666667,25.5,60,0.425,30,60,0.5,28.5,60,0.475,0.3010700322528077,0.0826954566025706,0.3837654888553783
8482803,20252026,D,ANA,76,75,65249,35,75,0.4666666666666667,35.5,75,0.47333333333333333,41,75,0.5466666666666666,40.5,75,0.54,0.3091529221205662,-0.10208902961286936,0.20706389250769686
8482807,20242025,D,CHI,23,23,23355,7,23,0.30434782608695654,8.5,23,0.3695652173913043,13,23,0.5652173913043478,14.0,23,0.6086956521739131,0.025251255540124973,0.010791247659307501,0.036042503199432474
8482807,20252026,D,CHI,19,17,15088,4,17,0.23529411764705882,5.0,17,0.29411764705882354,8,17,0.47058823529411764,7.5,17,0.4411764705882353,-0.45030193970208,0.058715238807641956,-0.39158670089443803
8482809,20242025,F,CAR,76,66,52722,41,66,0.6212121212121212,40.5,63,0.6428571428571429,40,66,0.6060606060606061,40.0,63,0.6349206349206349,0.21933857005487623,0.5148072837205981,0.7341458537754744
8482809,20252026,F,CAR,81,81,64089,58,81,0.7160493827160493,54.0,81,0.6666666666666666,41,81,0.5061728395061729,41.5,81,0.5123456790123457,0.6756033389068108,-0.2732390236742308,0.40236431523258
8482824,20222023,D,SJS,16,16,12460,4,16,0.25,4.5,16,0.28125,5,16,0.3125,4.0,16,0.25,-0.7101940637289363,0.13994602575229642,-0.5702480379766399
8482858,20232024,D,SEA,36,35,35142,17,35,0.4857142857142857,19.0,35,0.5428571428571428,22,35,0.6285714285714286,19.5,35,0.5571428571428572,-0.2987496941485881,0.3163951897045514,0.017645495555963286
8482858,20242025,D,SEA,70,70,71189,27,70,0.38571428571428573,29.5,70,0.42142857142857143,34,70,0.4857142857142857,32.5,70,0.4642857142857143,-0.12370682162605595,-0.1375536265655275,-0.26126044819158345
8482858,20252026,D,SEA,66,66,60765,34,66,0.5151515151515151,34.0,66,0.5151515151515151,37,66,0.5606060606060606,36.5,66,0.553030303030303,0.3484345428444713,0.14003632849388925,0.48847087133836053
8482859,20242025,F,"OTT,SJS",53,27,26734,12,27,0.4444444444444444,13.5,27,0.5,10,27,0.37037037037037035,12.0,27,0.4444444444444444,-0.3399262038471773,0.28543487862156836,-0.054491325225608955
8482859,20252026,F,SJS,58,40,29889,18,40,0.45,18.5,40,0.4625,22,40,0.55,22.0,40,0.55,-0.6480410826717584,0.3491517253039551,-0.2988893573678033
8482861,20252026,D,"NYR,SJS",27,27,21897,9,27,0.3333333333333333,10.5,27,0.3888888888888889,10,27,0.37037037037037035,13.0,27,0.48148148148148145,0.20967841654770147,-0.6432326991927226,-0.43355428264502116
8482874,20252026,F,SEA,36,23,19025,11,23,0.4782608695652174,11.0,23,0.4782608695652174,15,23,0.6521739130434783,14.5,23,0.6304347826086957,0.3646288205469017,0.12072711966413818,0.4853559402110399
8482877,20252026,F,NYR,28,16,14719,6,16,0.375,7.0,16,0.4375,7,16,0.4375,6.0,16,0.375,0.07646564585658266,-0.014592979258699845,0.06187266659788282
8482896,20242025,F,BUF,21,16,11797,5,16,0.3125,8.5,16,0.53125,5,16,0.3125,9.0,16,0.5625,-0.7419970455451617,0.18692633577620832,-0.5550707097689533
8482896,20252026,F,BUF,46,33,26602,13,33,0.3939393939393939,12.0,31,0.3870967741935484,11,33,0.3333333333333333,8.0,31,0.25806451612903225,-0.7039221935593383,-0.24879884471236835,-0.9527210382717066
8482911,20252026,D,CAR,38,38,30217,22,38,0.5789473684210527,23.5,38,0.618421052631579,17,38,0.4473684210526316,20.0,38,0.5263157894736842,0.43269767152463334,-0.16520813811624535,0.267489533408388
8482929,20232024,D,TBL,37,37,31405,12,37,0.32432432432432434,14.5,37,0.3918918918918919,12,37,0.32432432432432434,13.0,37,0.35135135135135137,-0.5548047237089055,-0.050714666053444546,-0.6055193897623501
8482929,20242025,D,TBL,73,72,61041,34,72,0.4722222222222222,33.5,72,0.4652777777777778,33,72,0.4583333333333333,30.0,72,0.4166666666666667,-0.2079724768110891,-0.1936024815579489,-0.401574958369038
8482929,20252026,D,TBL,50,49,44397,30,49,0.6122448979591837,26.5,48,0.5520833333333334,27,49,0.5510204081632653,24.0,48,0.5,0.06386516204952786,0.0141808596202595,0.07804602166978736
8482947,20252026,F,COL,59,17,23763,7,17,0.4117647058823529,7.5,17,0.4411764705882353,5,17,0.29411764705882354,5.5,17,0.3235294117647059,-0.7200851404790471,0.08108615779972128,-0.6389989826793259
8482964,20222023,D,MTL,51,49,41347,16,49,0.32653061224489793,17.5,49,0.35714285714285715,22,49,0.4489795918367347,25.5,49,0.5204081632653061,5.4182298180993627e-05,-0.274321798150726,-0.274267615852545
8482964,20232024,D,MTL,44,43,35760,23,43,0.5348837209302325,20.5,43,0.47674418604651164,20,43,0.46511627906976744,24.0,43,0.5581395348837209,0.20311287299531244,-0.1351264499022018,0.06798642309311065
8482964,20242025,D,MTL,70,66,54469,34,66,0.5151515151515151,27.5,66,0.4166666666666667,31,66,0.4696969696969697,26.5,66,0.4015151515151515,-0.18039650608569113,-0.02137470488358817,-0.2017712109692793
8482964,20252026,D,MTL,65,51,41169,26,51,0.5098039215686274,24.0,50,0.48,22,51,0.43137254901960786,24.5,50,0.49,-0.4792855045263722,-0.06344789689262464,-0.5427334014189968
8483395,20252026,F,VAN,28,15,13864,6,15,0.4,9.0,15,0.6,10,15,0.6666666666666666,11.0,15,0.7333333333333333,0.2744952645588761,0.3316785073702735,0.6061737719291496
8483398,20252026,D,TBL,42,41,32573,19,41,0.4634146341463415,22.0,41,0.5365853658536586,18,41,0.43902439024390244,18.5,41,0.45121951219512196,-0.32186414008057174,-0.1047345126996686,-0.42659865278024034
8483406,20252026,F,LAK,35,22,18350,7,22,0.3181818181818182,12.0,22,0.5454545454545454,9,22,0.4090909090909091,11.5,22,0.5227272727272727,-0.18537005803690532,-0.0769026174081775,-0.2622726754450828
8483425,20242025,D,DAL,34,34,27773,18,34,0.5294117647058824,15.5,34,0.45588235294117646,16,34,0.47058823529411764,16.0,34,0.47058823529411764,-0.09470264186785782,-0.04472692586404259,-0.1394295677319004
8483425,20252026,D,DAL,50,50,40670,24,50,0.48,28.5,50,0.57,23,50,0.46,25.5,50,0.51,-0.015023337335424714,-0.23158085888090385,-0.24660419621632856
8483431,20232024,F,ARI,82,80,64195,39,80,0.4875,39.5,80,0.49375,43,80,0.5375,43.5,80,0.54375,0.07877873954971548,0.07930724048755833,0.1580859800372738
8483431,20242025,F,UTA,71,71,61499,39,71,0.5492957746478874,34.5,70,0.4928571428571429,28,71,0.39436619718309857,29.5,70,0.42142857142857143,-0.35593378468552705,-0.17123267726502212,-0.5271664619505492
8483431,20252026,F,UTA,53,53,45443,30,53,0.5660377358490566,28.5,53,0.5377358490566038,30,53,0.5660377358490566,29.0,53,0.5471698113207547,0.40509641222534887,-0.348027819818189,0.05706859240715989
8483432,20242025,F,CBJ,15,15,10960,5,15,0.3333333333333333,4.5,14,0.32142857142857145,10,15,0.6666666666666666,7.0,14,0.5,-0.41891493407783953,0.31856769501965676,-0.10034723905818277
8483445,20242025,F,ANA,79,77,58258,33,77,0.42857142857142855,31.5,77,0.4090909090909091,40,77,0.5194805194805194,36.5,77,0.474025974025974,0.17623871469176944,-0.035310900907741694,0.14092781378402774
8483445,20252026,F,ANA,75,73,61934,36,73,0.4931506849315068,36.0,73,0.4931506849315068,39,73,0.5342465753424658,38.5,73,0.5273972602739726,0.15477193161764147,-0.24205838704752303,-0.08728645542988156
8483447,20242025,F,TBL,51,48,34116,29,48,0.6041666666666666,23.5,47,0.5,23,48,0.4791666666666667,21.0,47,0.44680851063829785,-0.1429788921990438,-0.05865050887483614,-0.20162940107387994
8483448,20242025,D,NYI,33,31,28958,12,31,0.3870967741935484,13.0,31,0.41935483870967744,15,31,0.4838709677419355,15.0,31,0.4838709677419355,-0.10360815745370822,-0.4004291839081682,-0.5040373413618764
8483450,20252026,F,CHI,81,76,66425,32,76,0.42105263157894735,26.5,76,0.34868421052631576,34,76,0.4473684210526316,37.0,76,0.4868421052631579,0.3123433706623615,-0.4207953679308485,-0.10845199726848698
8483455,20252026,F,EDM,29,22,16473,6,22,0.2727272727272727,7.0,22,0.3181818181818182,6,22,0.2727272727272727,6.0,22,0.2727272727272727,-0.6161963404287412,-0.21208601963510443,-0.8282823600638456
8483457,20242025,D,MTL,78,78,89175,46,78,0.5897435897435898,45.5,78,0.5833333333333334,46,78,0.5897435897435898,48.5,78,0.6217948717948718,0.5433086875747297,0.10184062991465836,0.6451493174893881
8483457,20252026,D,MTL,82,82,96184,50,82,0.6097560975609756,47.0,82,0.573170731707317,53,82,0.6463414634146342,53.0,82,0.6463414634146342,0.5659065354165995,0.417644875294636,0.9835514107112355
8483460,20232024,D,CBJ,43,43,35205,17,43,0.3953488372093023,19.5,43,0.45348837209302323,21,43,0.4883720930232558,22.5,43,0.5232558139534884,0.05991310834027974,-0.141441355620886,-0.08152824728060626
8483460,20252026,D,"MIN,PHI",26,22,17139,10,22,0.45454545454545453,7.5,22,0.3409090909090909,9,22,0.4090909090909091,8.5,22,0.38636363636363635,0.3270321380364898,-0.9442449039174416,-0.6172127658809519
8483464,20242025,F,DET,73,72,56971,42,72,0.5833333333333334,37.0,72,0.5138888888888888,43,72,0.5972222222222222,41.5,72,0.5763888888888888,0.49713411204663194,-0.1633870788209273,0.33374703322570465
8483464,20252026,F,DET,81,79,56631,39,79,0.4936708860759494,42.0,79,0.5316455696202531,40,79,0.5063291139240507,47.0,79,0.5949367088607594,0.12850918887408058,0.1117573105185734,0.240266499392654
8483466,20232024,D,CHI,76,76,76617,18,76,0.23684210526315788,23.0,76,0.3026315789473684,34,76,0.4473684210526316,30.0,76,0.39473684210526316,0.19383227902358158,-0.6231332074980886,-0.42930092847450707
8483466,20242025,D,CHI,14,14,12855,5,14,0.35714285714285715,5.5,14,0.39285714285714285,5,14,0.35714285714285715,5.5,14,0.39285714285714285,0.07301884004015546,-0.09955747251457892,-0.02653863247442345
8483468,20242025,F,BUF,58,55,43365,28,55,0.509090909090909,25.0,55,0.45454545454545453,31,55,0.5636363636363636,30.0,55,0.5454545454545454,0.6040207763423973,-0.27118257063426165,0.3328382057081356
8483471,20252026,F,WPG,24,16,13244,5,16,0.3125,2.0,16,0.125,5,16,0.3125,2.0,16,0.125,-0.2735536745779912,-0.06752484432532135,-0.34107851890331253
8483472,20242025,D,UTA,15,14,12863,9,14,0.6428571428571429,7.5,14,0.5357142857142857,8,14,0.5714285714285714,8.5,14,0.6071428571428571,-0.3023764433803464,0.3707841882932479,0.06840774491290147
8483476,20242025,F,VAN,24,21,15738,10,21,0.47619047619047616,8.5,21,0.40476190476190477,10,21,0.47619047619047616,9.0,21,0.42857142857142855,0.15535732380981226,-0.040711252698554024,0.11464607111125824
8483485,20242025,D,CBJ,41,41,38250,19,41,0.4634146341463415,17.0,41,0.4146341463414634,23,41,0.5609756097560976,15.5,41,0.3780487804878049,-0.330133818843114,-0.02530753458767565,-0.35544135343078964
8483485,20252026,D,CBJ,75,74,74762,42,74,0.5675675675675675,40.0,74,0.5405405405405406,41,74,0.5540540540540541,34.0,74,0.4594594594594595,0.22818276601389087,-0.153754900164226,0.07442786584966488
8483487,20252026,F,PIT,24,20,15814,10,20,0.5,8.0,20,0.4,9,20,0.45,6.5,20,0.325,-0.18505121221321374,0.4115137669920603,0.22646255477884658
8483489,20242025,F,"BOS,TOR",17,16,11109,5,16,0.3125,3.0,16,0.1875,3,16,0.1875,5.0,16,0.3125,-0.7606197077224659,-0.4187463871841972,-1.179366094906663
8483489,20252026,F,BOS,82,80,60777,42,80,0.525,42.0,79,0.5316455696202531,48,80,0.6,46.5,79,0.5886075949367089,0.22431749663871692,0.12846429020702255,0.35278178684573946
8483490,20232024,D,ANA,63,63,56800,22,63,0.3492063492063492,24.0,62,0.3870967741935484,29,63,0.4603174603174603,31.5,62,0.5080645161290323,0.35545693638276443,-0.3668968980911038,-0.011439961708339386
8483490,20242025,D,ANA,65,65,58895,25,65,0.38461538461538464,24.5,65,0.3769230769230769,32,65,0.49230769230769234,35.0,65,0.5384615384615384,0.14717429057173703,-0.3464780889687451,-0.19930379839700807
8483490,20252026,D,ANA,72,72,65534,30,72,0.4166666666666667,36.5,72,0.5069444444444444,37,72,0.5138888888888888,35.0,72,0.4861111111111111,-0.03300370946317477,-0.2700713473652905,-0.30307505682846525
8483491,20232024,F,WSH,21,19,14084,9,19,0.47368421052631576,12.0,19,0.631578947368421,10,19,0.5263157894736842,11.0,19,0.5789473684210527,0.1587634697461664,-0.13169951767149435,0.02706395207467205
8483493,20242025,F,CHI,49,49,38988,18,49,0.3673469387755102,17.5,49,0.35714285714285715,25,49,0.5102040816326531,25.0,49,0.5102040816326531,0.014833816719232562,-0.11225526688815979,-0.09742145016892723
8483493,20252026,F,CHI,66,63,57773,22,63,0.3492063492063492,19.0,61,0.3114754098360656,26,63,0.4126984126984127,27.5,61,0.45081967213114754,-0.19812063085868514,0.12919161199450802,-0.06892901886417713
8483495,20232024,D,NJD,60,60,59831,32,60,0.5333333333333333,30.5,60,0.5083333333333333,30,60,0.5,34.5,60,0.575,0.28966145480381167,-0.24700433345862072,0.04265712134519095
8483495,20242025,D,NJD,25,25,19365,7,25,0.28,7.5,25,0.3,10,25,0.4,9.5,25,0.38,-0.43709882223128615,-0.8780339681516249,-1.315132790382911
8483495,20252026,D,NJD,68,68,69922,31,68,0.45588235294117646,30.0,68,0.4411764705882353,31,68,0.45588235294117646,32.0,68,0.47058823529411764,0.21901402625796784,-0.4246294323809652,-0.20561540612299734
8483497,20252026,F,SEA,27,22,15396,11,22,0.5,10.0,22,0.45454545454545453,13,22,0.5909090909090909,15.0,22,0.6818181818181818,0.46285539517668983,-0.12362468862877574,0.3392307065479141
8483499,20242025,F,MIN,24,19,13935,5,19,0.2631578947368421,5.0,19,0.2631578947368421,5,19,0.2631578947368421,6.0,19,0.3157894736842105,-0.2569559552826033,-0.5587186250278897,-0.815674580310493
8483499,20252026,F,"MIN,VAN",68,64,48160,17,64,0.265625,16.5,63,0.2619047619047619,22,64,0.34375,16.0,63,0.25396825396825395,-0.6401220558061604,-0.46203358578805,-1.1021556415942104
8483500,20252026,F,BUF,60,59,44259,36,59,0.6101694915254238,32.0,59,0.5423728813559322,37,59,0.6271186440677966,32.5,59,0.5508474576271186,-0.1300364454237597,0.29139325013608586,0.16135680471232616
8483503,20242025,D,PIT,25,25,19609,14,25,0.56,15.0,25,0.6,13,25,0.52,17.0,25,0.68,-0.3647417335807561,0.050244950731407556,-0.31449678284934857
8483505,20232024,F,BOS,33,30,22300,16,30,0.5333333333333333,18.5,30,0.6166666666666667,16,30,0.5333333333333333,16.5,30,0.55,0.34890169387283576,-0.16165911584240078,0.18724257803043498
8483505,20242025,F,BOS,33,30,21532,13,30,0.43333333333333335,14.5,28,0.5178571428571429,12,30,0.4,13.5,28,0.48214285714285715,0.10492481045332935,-0.25878826027673085,-0.1538634498234015
8483506,20252026,D,CHI,54,53,50082,17,53,0.32075471698113206,17.0,53,0.32075471698113206,23,53,0.4339622641509434,20.0,53,0.37735849056603776,0.15398764483899097,-0.23813032850202598,-0.08414268366303501
8483510,20252026,D,WPG,32,32,30751,15,32,0.46875,19.0,32,0.59375,17,32,0.53125,18.5,32,0.578125,0.2488187822901038,-0.06356278837057383,0.18525599391952996
8483512,20252026,F,EDM,81,79,60503,39,79,0.4936708860759494,40.0,78,0.5128205128205128,41,79,0.5189873417721519,40.0,78,0.5128205128205128,-0.01215384068108838,-0.21362112780083153,-0.2257749684819199
8483513,20252026,F,NSH,46,33,25256,10,33,0.30303030303030304,12.5,33,0.3787878787878788,7,33,0.21212121212121213,8.0,33,0.24242424242424243,-0.6813192060818318,-0.45108243139639814,-1.13240163747823
8483515,20222023,F,MTL,39,33,24317,9,33,0.2727272727272727,13.5,33,0.4090909090909091,14,33,0.42424242424242425,17.0,33,0.5151515151515151,-0.18243188640289665,-0.1899516344565506,-0.37238352085944726
8483515,20232024,F,MTL,82,82,73603,36,82,0.43902439024390244,40.0,82,0.4878048780487805,47,82,0.573170731707317,47.5,82,0.5792682926829268,0.5411418325354815,-0.12967556041104666,0.4114662721244349
8483515,20242025,F,MTL,75,75,65815,34,75,0.4533333333333333,30.5,75,0.4066666666666667,33,75,0.44,32.5,75,0.43333333333333335,0.29040505182448895,-0.10464856444576176,0.1857564873787272
8483515,20252026,F,MTL,82,82,75887,45,82,0.5487804878048781,40.5,82,0.49390243902439024,46,82,0.5609756097560976,40.0,82,0.4878048780487805,0.06430052873271697,-0.027183677521500638,0.03711685121121633
8483516,20252026,F,STL,69,67,59240,32,67,0.47761194029850745,35.0,67,0.5223880597014925,35,67,0.5223880597014925,34.5,67,0.5149253731343284,0.23580876517389493,-0.4353626723034605,-0.19955390712956556
8483524,20242025,F,SEA,76,76,54314,34,76,0.4473684210526316,35.0,75,0.4666666666666667,36,76,0.47368421052631576,37.5,75,0.5,0.21006900991874655,-0.11396159159227359,0.09610741832647296
8483524,20252026,F,SEA,73,72,50655,37,72,0.5138888888888888,34.0,70,0.4857142857142857,38,72,0.5277777777777778,41.5,70,0.5928571428571429,0.2610113644475036,0.19756612931218287,0.4585774937596865
8483525,20252026,F,MIN,73,69,51453,36,69,0.5217391304347826,36.0,68,0.5294117647058824,32,69,0.463768115942029,36.5,68,0.5367647058823529,-0.03111240151850092,-0.11040936155912906,-0.14152176307762998
8483553,20242025,F,NYI,35,25,19466,11,25,0.44,10.5,25,0.42,10,25,0.4,9.5,25,0.38,-0.5255084654378308,0.023405890137928154,-0.5021025752999027
8483553,20252026,F,NYI,49,40,27875,17,40,0.425,22.5,40,0.5625,22,40,0.55,26.0,40,0.65,-0.30307048968149664,0.5723063381943425,0.2692358485128459
8483565,20222023,D,CBJ,36,35,34671,12,35,0.34285714285714286,17.0,35,0.4857142857142857,18,35,0.5142857142857142,19.0,35,0.5428571428571428,0.1999493692137726,-0.0543904301084881,0.1455589391052845
8483565,20242025,D,NSH,56,56,55066,25,56,0.44642857142857145,27.0,56,0.48214285714285715,25,56,0.44642857142857145,24.0,56,0.42857142857142855,0.0654282038440428,0.17104176318003095,0.23646996702407375
8483565,20252026,D,"COL,NSH",60,59,49660,23,59,0.3898305084745763,30.5,59,0.5169491525423728,28,59,0.4745762711864407,27.0,59,0.4576271186440678,-0.1483767408343506,-0.16835267385913788,-0.3167294146934885
8483570,20222023,F,COL,39,20,20702,11,20,0.55,11.5,19,0.6052631578947368,7,20,0.35,10.5,19,0.5526315789473685,-0.19401824104765364,0.24193054199458963,0.04791230094693599
8483570,20232024,F,"ANA,COL",23,14,12118,6,14,0.42857142857142855,4.5,14,0.32142857142857145,6,14,0.42857142857142855,5.0,14,0.35714285714285715,-0.898311033705548,0.5146359817551771,-0.3836750519503709
8483570,20252026,F,SEA,51,40,30658,24,40,0.6,22.0,40,0.55,26,40,0.65,24.5,40,0.6125,0.6266505758258138,-0.015617780486693711,0.6110327953391201
8483573,20242025,F,WSH,23,18,13465,9,18,0.5,8.0,18,0.4444444444444444,11,18,0.6111111111111112,7.0,18,0.3888888888888889,0.04064298464716831,0.2820392025688281,0.3226821872159964
8483573,20252026,F,WSH,62,48,38951,24,48,0.5,27.5,48,0.5729166666666666,29,48,0.6041666666666666,32.0,48,0.6666666666666666,-0.15210187308749745,0.1802096845243688,0.028107811436871355
8483609,20242025,F,CGY,28,15,14100,6,15,0.4,7.5,15,0.5,5,15,0.3333333333333333,7.0,15,0.4666666666666667,0.08144397197781617,-0.3451117104861501,-0.2636677385083339
8483609,20252026,F,CGY,78,61,45539,22,61,0.36065573770491804,22.0,60,0.36666666666666664,24,61,0.39344262295081966,29.5,60,0.49166666666666664,-0.1468424410018767,-0.1261138723807429,-0.2729563133826196
8483619,20222023,D,CHI,17,17,14109,6,17,0.35294117647058826,6.5,17,0.38235294117647056,10,17,0.5882352941176471,11.0,17,0.6470588235294118,0.4150659764153808,0.1585205123172586,0.5735864887326394
8483620,20222023,D,CBJ,33,33,30233,12,33,0.36363636363636365,13.0,33,0.3939393939393939,15,33,0.45454545454545453,17.0,33,0.5151515151515151,0.11718619778463779,-0.07188901155317273,0.04529718623146506
8483630,20252026,F,SJS,23,19,15809,9,19,0.47368421052631576,9.5,19,0.5,11,19,0.5789473684210527,11.5,19,0.6052631578947368,0.34350391188705887,-0.02510882667536407,0.3183950852116948
8483676,20252026,F,OTT,30,7,11983,4,7,0.5714285714285714,4.5,7,0.6428571428571429,3,7,0.42857142857142855,4.0,7,0.5714285714285714,0.1353135369140639,0.07022799927098733,0.20554153618505122
8483678,20242025,D,VAN,24,22,17175,10,22,0.45454545454545453,9.5,22,0.4318181818181818,10,22,0.45454545454545453,9.0,22,0.4090909090909091,0.10068180088544931,-0.09854778940416375,0.002134011481285558
8483678,20252026,D,VAN,69,66,54880,19,66,0.2878787878787879,20.0,65,0.3076923076923077,25,66,0.3787878787878788,28.0,65,0.4307692307692308,-0.13249828950609244,-0.47742425609636063,-0.6099225456024531
8483690,20252026,F,NYR,74,68,49238,28,68,0.4117647058823529,30.0,68,0.4411764705882353,28,68,0.4117647058823529,26.5,68,0.3897058823529412,-0.08160020004317214,0.025953095802431658,-0.055647104240740486
8483731,20252026,F,PHI,17,17,11097,9,17,0.5294117647058824,6.0,17,0.35294117647058826,8,17,0.47058823529411764,7.5,17,0.4411764705882353,-0.21310352917147135,-0.2718410516332943,-0.48494458080476566
8483733,20252026,F,PHI,55,50,34572,27,50,0.54,24.5,50,0.49,26,50,0.52,22.5,50,0.45,-0.0827465381757091,-0.2643043151628719,-0.347050853338581
8483752,20252026,F,TBL,43,40,27779,21,40,0.525,20.5,39,0.5256410256410257,17,40,0.425,15.0,39,0.38461538461538464,-0.04096583801615106,-0.17451716255808503,-0.21548300057423608
8483756,20252026,F,LAK,22,20,14580,14,20,0.7,16.0,20,0.8,12,20,0.6,14.0,20,0.7,0.34971241116122,0.3088280299680797,0.6585404411292997
8483768,20242025,D,"NYR,VAN",27,27,22903,9,27,0.3333333333333333,11.0,27,0.4074074074074074,9,27,0.3333333333333333,11.0,27,0.4074074074074074,-0.30971989834560065,-0.6521047237237774,-0.961824622069378
8483768,20252026,D,VAN,24,22,18417,6,22,0.2727272727272727,5.5,22,0.25,6,22,0.2727272727272727,7.0,22,0.3181818181818182,-0.45884702430556046,-0.7933642153885048,-1.2522112396940652
8483808,20222023,F,VAN,81,81,64637,45,81,0.5555555555555556,45.5,81,0.5617283950617284,51,81,0.6296296296296297,51.0,81,0.6296296296296297,0.4271845252758193,0.48650268891379733,0.9136872141896166
8483808,20232024,F,"CGY,VAN",72,70,52278,39,70,0.5571428571428572,41.0,70,0.5857142857142857,37,70,0.5285714285714286,40.5,70,0.5785714285714286,0.020165530708613044,0.14583560303127063,0.16600113373988368
8483808,20242025,F,"CGY,LAK,PHI",63,61,50182,26,61,0.4262295081967213,29.5,60,0.49166666666666664,28,61,0.45901639344262296,31.0,60,0.5166666666666667,-0.15749535528807312,-0.1527430278778974,-0.3102383831659705
8483808,20252026,F,LAK,52,48,38227,26,48,0.5416666666666666,27.5,47,0.5851063829787234,27,48,0.5625,26.5,47,0.5638297872340425,0.1891845053479977,0.12003855596709068,0.30922306131508837
8483890,20252026,F,VGK,54,54,40528,35,54,0.6481481481481481,31.5,54,0.5833333333333334,25,54,0.46296296296296297,26.5,54,0.49074074074074076,0.31416386500765814,-0.3241048933230224,-0.009941028315364253
8483930,20242025,F,COL,40,20,20759,10,20,0.5,8.5,19,0.4473684210526316,9,20,0.45,8.0,19,0.42105263157894735,-0.606342827120748,0.18140440388253065,-0.4249384232382174
8484136,20242025,F,VAN,27,22,15535,7,22,0.3181818181818182,8.0,22,0.36363636363636365,10,22,0.45454545454545453,8.5,22,0.38636363636363635,-0.19777999126053203,0.10098158493901677,-0.09679840632151526
8484136,20252026,F,VAN,66,59,41443,21,59,0.3559322033898305,23.0,58,0.39655172413793105,26,59,0.4406779661016949,29.5,58,0.5086206896551724,0.20901641072310495,-0.2087929000519324,0.0002235106711725443
8484142,20252026,F,PHI,43,41,29858,20,41,0.4878048780487805,22.5,41,0.5487804878048781,21,41,0.5121951219512195,22.5,41,0.5487804878048781,0.16326195686559775,0.28840677797014935,0.4516687348357471
8484144,20232024,F,CHI,68,67,67190,13,67,0.19402985074626866,19.5,67,0.291044776119403,29,67,0.43283582089552236,27.0,67,0.40298507462686567,0.017868312611595938,-0.33442599661258976,-0.3165576840009938
8484144,20242025,F,CHI,78,78,81838,20,78,0.2564102564102564,23.5,78,0.30128205128205127,36,78,0.46153846153846156,34.5,78,0.4423076923076923,0.038910170353088525,-0.25429312311939345,-0.21538295276630492
8484144,20252026,F,CHI,69,69,70891,22,69,0.3188405797101449,23.0,69,0.3333333333333333,29,69,0.42028985507246375,28.0,69,0.4057971014492754,0.4133702876523193,-0.5219189355215801,-0.10854864786926077
8484145,20232024,F,BUF,71,67,53087,38,67,0.5671641791044776,38.0,67,0.5671641791044776,37,67,0.5522388059701493,40.5,67,0.6044776119402985,0.30506229294093856,0.035987587418680356,0.3410498803596189
8484145,20242025,F,BUF,71,66,51354,38,66,0.5757575757575758,34.5,65,0.5307692307692308,42,66,0.6363636363636364,35.0,65,0.5384615384615384,0.24564404420995034,0.37772881823019633,0.6233728624401467
8484145,20252026,F,BUF,65,64,50553,40,64,0.625,32.0,64,0.5,37,64,0.578125,31.5,64,0.4921875,0.37962214136146644,0.013299457822305794,0.39292159918377223
8484149,20252026,F,COL,56,27,26976,13,27,0.48148148148148145,12.0,27,0.4444444444444444,8,27,0.2962962962962963,10.0,27,0.37037037037037035,-0.645081809188341,-0.4593437540840877,-1.1044255632724287
8484150,20252026,D,CGY,33,32,28541,14,32,0.4375,12.5,32,0.390625,18,32,0.5625,15.5,32,0.484375,-0.05758161156049324,0.08787608316901485,0.03029447160852161
8484153,20232024,F,ANA,55,55,47782,24,55,0.43636363636363634,25.0,55,0.45454545454545453,30,55,0.5454545454545454,30.5,55,0.5545454545454546,0.5396891382367495,0.0993084654099663,0.6389976036467158
8484153,20242025,F,ANA,73,72,58632,23,72,0.3194444444444444,31.5,72,0.4375,27,72,0.375,38.5,72,0.5347222222222222,-0.19813763648499805,0.286373583269921,0.08823594678492297
8484153,20252026,F,ANA,69,69,62527,37,69,0.5362318840579711,34.5,69,0.5,36,69,0.5217391304347826,37.0,69,0.5362318840579711,0.08977179109674882,0.28646227865005836,0.3762340697468072
8484158,20252026,F,TOR,66,64,50646,27,64,0.421875,29.0,64,0.453125,36,64,0.5625,36.5,64,0.5703125,0.20939535044171098,0.0554823258221151,0.2648776762638261
8484160,20252026,F,DET,28,23,15383,12,23,0.5217391304347826,13.5,23,0.5869565217391305,11,23,0.4782608695652174,13.0,23,0.5652173913043478,-0.04940726325064393,-0.19797694826701928,-0.2473842115176632
8484164,20252026,F,STL,70,70,51797,25,70,0.35714285714285715,31.5,69,0.45652173913043476,27,70,0.38571428571428573,33.5,69,0.4855072463768116,-0.49069341509387865,-0.03657454264896165,-0.5272679577428403
8484166,20232024,F,CBJ,49,48,37310,21,48,0.4375,17.0,48,0.3541666666666667,21,48,0.4375,19.0,48,0.3958333333333333,0.049720525089648415,-0.07248067323145735,-0.022760148141808934
8484166,20242025,F,CBJ,78,77,70339,24,77,0.3116883116883117,27.5,77,0.35714285714285715,29,77,0.37662337662337664,26.0,77,0.33766233766233766,-0.277036343969149,-0.3096594111824391,-0.5866957551515881
8484166,20252026,F,CBJ,82,82,77098,41,82,0.5,46.5,82,0.5670731707317073,37,82,0.45121951219512196,46.5,82,0.5670731707317073,0.2511320092209366,-0.30524949827069436,-0.05411748904975777
8484177,20252026,F,NJD,33,33,22057,16,33,0.48484848484848486,15.0,33,0.45454545454545453,15,33,0.45454545454545453,15.0,33,0.45454545454545453,-0.2712117114205679,-0.05883209668049272,-0.3300438081010606
8484180,20252026,F,CGY,18,15,11338,10,15,0.6666666666666666,9.5,15,0.6333333333333333,10,15,0.6666666666666666,10.0,15,0.6666666666666666,0.1501235523970239,0.8218702563102838,0.9719938087073077
8484185,20252026,F,CHI,41,35,26427,12,35,0.34285714285714286,11.0,35,0.3142857142857143,15,35,0.42857142857142855,15.0,35,0.42857142857142855,-0.06428536497228388,-0.1087434500154214,-0.17302881498770528
8484186,20252026,F,WSH,75,72,54698,30,72,0.4166666666666667,32.0,72,0.4444444444444444,29,72,0.4027777777777778,29.0,72,0.4027777777777778,-0.18818404802946143,-0.31331114567867724,-0.5014951937081387
8484188,20252026,D,STL,17,17,14660,10,17,0.5882352941176471,8.5,17,0.5,11,17,0.6470588235294118,11.5,17,0.6764705882352942,0.5290869503754774,-0.02485481430612868,0.5042321360693487
8484197,20252026,F,CHI,51,48,33535,23,48,0.4791666666666667,20.5,48,0.4270833333333333,26,48,0.5416666666666666,23.0,48,0.4791666666666667,0.10491525029650584,0.3709456296402571,0.47586087993676296
8484210,20252026,F,NYR,49,49,41363,21,49,0.42857142857142855,25.5,49,0.5204081632653061,26,49,0.5306122448979592,23.5,49,0.47959183673469385,0.3392759971500068,-0.39453351724402186,-0.05525752009401508
8484221,20252026,F,NYI,65,59,45158,18,59,0.3050847457627119,23.5,59,0.3983050847457627,19,59,0.3220338983050847,22.0,59,0.3728813559322034,-0.4638468404194458,0.02148706949880763,-0.44235977092063816
8484223,20252026,D,DET,68,65,55202,28,65,0.4307692307692308,29.0,65,0.4461538461538462,27,65,0.4153846153846154,28.5,65,0.43846153846153846,-0.050910105586711385,-0.3820402217885692,-0.4329503273752806
8484227,20242025,F,SJS,70,70,55822,27,70,0.38571428571428573,29.5,70,0.42142857142857143,36,70,0.5142857142857142,40.0,70,0.5714285714285714,0.3508562587378885,-0.26958781929902775,0.08126843943886075
8484227,20252026,F,SJS,69,68,60409,31,68,0.45588235294117646,28.5,68,0.41911764705882354,36,68,0.5294117647058824,33.0,68,0.4852941176470588,0.37483623840387237,-0.2170558402825815,0.15778039812129085
8484230,20252026,F,STL,32,31,23113,11,31,0.3548387096774194,10.5,29,0.3620689655172414,13,31,0.41935483870967744,10.0,29,0.3448275862068966,-0.390402668510049,-0.05512098047465619,-0.4455236489847052
8484240,20252026,D,VAN,69,69,59432,22,69,0.3188405797101449,25.5,69,0.3695652173913043,32,69,0.463768115942029,32.0,69,0.463768115942029,-0.12041596875187954,-0.2742863299088989,-0.39470229866077844
8484241,20252026,F,NSH,70,61,43678,25,61,0.4098360655737705,23.0,61,0.3770491803278688,25,61,0.4098360655737705,27.0,61,0.4426229508196721,-0.05699841981352183,-0.32961061182203055,-0.3866090316355524
8484258,20232024,D,COL,23,23,17432,11,23,0.4782608695652174,12.0,23,0.5217391304347826,11,23,0.4782608695652174,13.5,23,0.5869565217391305,-0.22716220071394844,-0.35177305533179704,-0.5789352560457455
8484258,20242025,D,COL,72,72,62423,38,72,0.5277777777777778,42.0,71,0.5915492957746479,32,72,0.4444444444444444,34.0,71,0.4788732394366197,-0.0863744010309837,-0.09579663227926494,-0.18217103331024864
8484258,20252026,D,COL,81,81,75146,57,81,0.7037037037037037,55.5,81,0.6851851851851852,44,81,0.5432098765432098,44.5,81,0.5493827160493827,0.5443374759808948,0.14454076160673823,0.688878237587633
8484304,20232024,D,FLA,26,25,19479,14,25,0.56,12.0,25,0.48,11,25,0.44,10.0,25,0.4,-0.34119058114191114,-0.13322966736589503,-0.4744202485078062
8484304,20242025,D,FLA,72,68,54905,39,68,0.5735294117647058,41.0,67,0.6119402985074627,37,68,0.5441176470588235,42.0,67,0.6268656716417911,-0.11408536810429304,0.1705554413456627,0.056470073241369656
8484304,20252026,D,FLA,54,53,44634,27,53,0.5094339622641509,19.5,53,0.36792452830188677,29,53,0.5471698113207547,19.0,53,0.3584905660377358,-0.03913948947895429,-0.22142884665475648,-0.2605683361337108
8484305,20252026,D,BUF,43,34,26440,15,34,0.4411764705882353,14.0,34,0.4117647058823529,14,34,0.4117647058823529,13.5,34,0.39705882352941174,-0.24777044737018938,0.039029164866588584,-0.2087412825036008
8484321,20242025,D,OTT,39,37,28060,16,37,0.43243243243243246,16.0,37,0.43243243243243246,14,37,0.3783783783783784,13.5,37,0.36486486486486486,-0.20626295061857292,-0.19899391314444337,-0.4052568637630163
8484321,20252026,D,OTT,50,50,41164,26,50,0.52,28.5,50,0.57,18,50,0.36,22.0,50,0.44,-0.3691865698403318,-0.0969558286971215,-0.4661423985374533
8484386,20252026,D,UTA,27,25,22515,10,25,0.4,8.0,25,0.32,7,25,0.28,9.0,25,0.36,-0.236146860105809,-0.6622747022888702,-0.8984215623946792
8484387,20242025,F,PHI,77,75,63563,41,75,0.5466666666666666,40.5,75,0.54,38,75,0.5066666666666667,37.0,75,0.49333333333333335,0.24149602770572542,-0.15280907928913923,0.0886869484165862
8484387,20252026,F,PHI,81,81,59213,43,81,0.5308641975308642,43.5,81,0.5370370370370371,40,81,0.49382716049382713,41.0,81,0.5061728395061729,0.12665579127368565,0.11677481308977544,0.2434306043634611
8484388,20252026,F,UTA,29,29,18824,21,29,0.7241379310344828,20.5,29,0.7068965517241379,21,29,0.7241379310344828,20.0,29,0.6896551724137931,0.5222707674235321,0.27944050052301384,0.8017112679465459
8484471,20252026,F,DET,82,80,63787,37,80,0.4625,34.5,80,0.43125,43,80,0.5375,40.5,80,0.50625,0.14827989042002754,-0.03409302816888582,0.11418686225114172
8484509,20252026,F,EDM,23,20,13304,6,20,0.3,9.5,19,0.5,7,20,0.35,7.0,19,0.3684210526315789,-0.8193599730548446,0.6913960235310497,-0.12796394952379497
8484762,20252026,F,ANA,81,81,69401,45,81,0.5555555555555556,43.5,81,0.5370370370370371,52,81,0.6419753086419753,49.5,81,0.6111111111111112,0.5654114493498907,-0.15789067645882104,0.4075207728910697
8484768,20252026,D,CGY,36,34,30792,11,34,0.3235294117647059,13.0,34,0.38235294117647056,14,34,0.4117647058823529,17.5,34,0.5147058823529411,-0.22669079990096863,-0.09539085311998408,-0.3220816530209527
8484783,20242025,D,CHI,14,14,15818,2,14,0.14285714285714285,3.5,14,0.25,3,14,0.21428571428571427,5.0,14,0.35714285714285715,-0.4124939445097213,-0.3942797555628679,-0.8067737000725892
8484783,20252026,D,CHI,68,68,65846,25,68,0.36764705882352944,23.5,68,0.34558823529411764,36,68,0.5294117647058824,36.0,68,0.5294117647058824,0.18336656054111522,-0.3768879676617267,-0.1935214071206115
8484798,20252026,D,"MIN,VAN",75,75,74533,26,75,0.3466666666666667,35.0,75,0.4666666666666667,37,75,0.49333333333333335,35.0,75,0.4666666666666667,-0.07685666536487812,-0.30444164982465693,-0.38129831518953505
8484800,20252026,F,SEA,65,60,44769,30,60,0.5,26.0,58,0.4482758620689655,33,60,0.55,30.5,58,0.5258620689655172,0.3688026517632874,-0.19028973758808387,0.17851291417520354
8484801,20242025,F,SJS,66,66,64491,28,66,0.42424242424242425,30.0,66,0.45454545454545453,44,66,0.6666666666666666,38.0,66,0.5757575757575758,0.35641459443291157,0.1852039712563327,0.5416185656892443
8484801,20252026,F,SJS,82,81,83030,33,81,0.4074074074074074,36.0,81,0.4444444444444444,46,81,0.5679012345679012,44.5,81,0.5493827160493827,0.4956121075166222,-0.041217070887087814,0.4543950366295344
8484806,20252026,D,SJS,71,71,61401,33,71,0.4647887323943662,28.5,71,0.4014084507042254,38,71,0.5352112676056338,36.5,71,0.5140845070422535,0.20953366761961023,-0.30740362580600067,-0.09786995818639044
8484829,20252026,F,DAL,81,74,53638,38,74,0.5135135135135135,39.5,73,0.541095890410959,42,74,0.5675675675675675,35.5,73,0.4863013698630137,-0.16847147403847362,0.1926549583985171,0.024183484360043472
8484860,20252026,F,CGY,36,36,27605,13,36,0.3611111111111111,12.5,36,0.3472222222222222,16,36,0.4444444444444444,16.5,36,0.4583333333333333,0.010607787370896737,-0.32655314486234,-0.31594535749144326
8484873,20252026,D,WSH,14,14,12420,7,14,0.5,5.5,14,0.39285714285714285,6,14,0.42857142857142855,6.0,14,0.42857142857142855,-0.22362007792519867,-0.04205767803314897,-0.26567775595834764
8484901,20252026,F,TOR,23,14,11740,6,14,0.42857142857142855,3.5,14,0.25,7,14,0.5,5.0,14,0.35714285714285715,-0.9736495598717012,-0.22269573617647964,-1.1963452960481809
8484911,20242025,F,SJS,33,33,25262,13,33,0.3939393939393939,14.5,33,0.4393939393939394,13,33,0.3939393939393939,14.0,33,0.42424242424242425,-0.10155838871733436,0.3341034131562495,0.23254502443891512
8484911,20252026,F,SJS,80,80,65180,33,80,0.4125,36.0,79,0.45569620253164556,34,80,0.425,37.5,79,0.47468354430379744,0.038091725965017975,-0.11518736137895891,-0.07709563541394093
8484938,20252026,F,DAL,20,15,11302,5,15,0.3333333333333333,9.0,15,0.6,5,15,0.3333333333333333,8.0,15,0.5333333333333333,-0.44871051230416215,-0.34832902873884386,-0.797039541043006
8484958,20242025,F,NYI,73,72,58250,43,72,0.5972222222222222,41.0,72,0.5694444444444444,44,72,0.6111111111111112,44.5,72,0.6180555555555556,0.3536875502993664,0.10295707372923957,0.45664462402860595
8484958,20252026,F,"NJD,NYI",49,29,25111,12,29,0.41379310344827586,12.5,28,0.44642857142857145,13,29,0.4482758620689655,12.5,28,0.44642857142857145,-0.4079517690993075,0.09315836601210137,-0.31479340308720616
8484984,20252026,F,MTL,82,80,61951,39,80,0.4875,40.0,80,0.5,38,80,0.475,43.5,80,0.54375,-0.007104087406302639,0.07340317567056776,0.06629908826426512
8484994,20252026,F,SJS,27,25,21184,14,25,0.56,14.0,25,0.56,13,25,0.52,14.5,25,0.58,1.2191991806298264,-0.49828994528697823,0.7209092353428481
8485366,20252026,D,NYI,82,82,98743,42,82,0.5121951219512195,40.0,82,0.4878048780487805,47,82,0.573170731707317,43.0,82,0.524390243902439,0.17385205498622414,0.253879717175308,0.42773177216153213
8485391,20252026,F,CHI,12,12,10531,3,12,0.25,0.0,12,0.0,4,12,0.3333333333333333,6.0,12,0.5,0.1313278083499907,-1.0454881615188079,-0.9141603531688172
8485402,20252026,F,SJS,44,41,28923,19,41,0.4634146341463415,16.5,41,0.4024390243902439,19,41,0.4634146341463415,15.0,41,0.36585365853658536,0.598180625724209,-0.4059136710366684,0.19226695468754063
8485414,20252026,F,PIT,77,76,55901,36,76,0.47368421052631576,37.5,76,0.4934210526315789,38,76,0.5,38.0,76,0.5,0.06560115078802786,0.030166399455941573,0.09576755024396943
8485493,20252026,F,EDM,22,16,11577,9,16,0.5625,8.0,16,0.5,7,16,0.4375,7.0,16,0.4375,-0.70185433432601,0.27441200243334896,-0.427442331892661
8485512,20252026,F,ANA,38,30,22531,11,30,0.36666666666666664,12.0,30,0.4,9,30,0.3,12.0,30,0.4,-0.833425728763117,0.05577983720458146,-0.7776458915585356
8485702,20252026,F,NYI,44,41,30805,17,41,0.4146341463414634,20.0,40,0.5,18,41,0.43902439024390244,21.0,40,0.525,-0.07053495124402565,-0.30830378658482394,-0.3788387378288496
