player_id,season,team_abbrev,GP,TOI_total_sec,position,qualifying_GP,xG_QG_count,xG_qual_GP,NFI_QG_count,NFI_qual_GP,RelxG_QG_count,RelxG_qual_GP,RelNFI_QG_count,RelNFI_qual_GP,RelxG_F_pct,RelxG_A_pct,RelxG_pct
8470595,20222023,FLA,21,10853,F,9,2,9,4.0,9,3,9,4.0,9,-0.267759459849672,-1.124907057532389,-1.392666517382061
8470600,20222023,DAL,19,21633,D,19,8,19,6.5,19,8,19,6.0,19,0.1445957770932731,-0.49931829222665547,-0.3547225151333824
8470600,20232024,DAL,19,17045,D,18,7,18,7.5,18,7,18,5.5,18,-0.32824480678878,-0.15456533665824423,-0.4828101434470242
8470600,20242025,STL,5,3976,D,5,2,5,2.0,5,1,5,2.0,5,-0.8555256949213756,-0.4862676028323736,-1.3417932977537492
8470610,20222023,NYI,6,3813,F,6,2,6,2.5,6,4,6,3.0,6,-0.1908729883389566,0.13012660176437763,-0.06074638657457898
8470610,20232024,COL,11,8067,F,11,6,11,7.0,11,4,11,6.0,11,0.701827503653162,-0.9440408154054118,-0.2422133117522498
8470613,20222023,CAR,15,16771,D,15,10,15,9.0,15,10,15,8.5,15,0.19181127170937007,0.17782238726115107,0.36963365897052114
8470613,20232024,CAR,11,11702,D,11,6,11,7.0,11,6,11,6.0,11,-0.38862049785260266,-0.40633496043556594,-0.7949554582881686
8470613,20242025,CAR,15,15564,D,15,8,15,6.0,15,6,15,6.0,15,-0.14438255108182707,-0.2664938414292344,-0.41087639251106145
8470613,20252026,COL,13,11771,D,13,9,13,9.0,13,7,13,9.0,13,0.6104450622473849,-0.5982080575628612,0.012237004684523711
8470621,20222023,TBL,6,3096,F,4,3,4,3.5,4,3,4,3.0,4,-0.1300111609936434,1.0498241597966755,0.9198129988030321
8470621,20232024,EDM,19,10566,F,14,9,14,6.5,14,8,14,6.0,14,-0.35953689695912683,0.2513384370833871,-0.10819845987573973
8470621,20242025,EDM,22,14858,F,21,14,21,15.5,21,15,21,15.0,21,0.38521817748115206,0.3650956362430069,0.750313813724159
8470638,20222023,BOS,3,2480,F,3,1,3,1.0,3,1,3,1.0,3,-0.5736545508225652,0.28936736471901314,-0.2842871861035521
8470794,20222023,DAL,14,12700,F,14,9,14,7.0,14,8,14,9.0,14,0.6105177229296794,0.21655287870090723,0.8270706016305867
8470794,20232024,DAL,19,16283,F,19,9,19,11.0,19,7,19,10.5,19,-0.3089743223798489,0.14003913406243607,-0.16893518831741283
8470966,20222023,TOR,11,7478,D,8,2,8,4.0,8,2,8,2.0,8,-0.036708167886420284,-0.9593998617262711,-0.9961080296126914
8471214,20232024,WSH,4,3065,F,4,2,4,2.0,4,1,4,0.0,4,-0.08682231624481251,-0.6665401969361335,-0.753362513180946
8471214,20242025,WSH,10,7667,F,10,4,10,5.0,10,5,10,5.0,10,0.4074000909615103,-0.41597449520767027,-0.008574404246159961
8471215,20252026,PIT,3,2487,F,3,2,3,1.5,3,2,3,1.5,3,-0.6361714052180516,0.8617252733713254,0.22555386815327383
8471218,20222023,WPG,5,4223,F,5,4,5,3.0,5,3,5,3.5,5,-0.5437378092147152,0.8379094076881186,0.29417159847340346
8471218,20232024,NYR,1,524,F,1,0,1,0.0,1,0,1,0.0,1,-1.1957043492134443,-0.49502911138549033,-1.6907334605989346
8471276,20222023,BOS,4,3658,F,4,2,4,1.0,4,2,4,1.0,4,-0.7464197321603616,-0.977388844488317,-1.7238085766486786
8471303,20222023,LAK,4,2517,D,4,0,4,0.0,4,0,4,0.0,4,-1.325845895896612,-1.3603264115938223,-2.686172307490434
8471669,20222023,CAR,15,8721,F,9,5,9,4.0,9,4,9,4.0,9,-0.03675857142268679,0.27056894576784485,0.23381037434515806
8471675,20252026,PIT,3,3118,F,3,2,3,1.5,3,1,3,1.0,3,1.1918850196164157,-0.5047546283475557,0.68713039126886
8471677,20222023,COL,3,2409,D,3,0,3,0.0,3,0,3,0.0,3,-1.7300395464677156,-0.049341411118065004,-1.7793809575857806
8471677,20232024,COL,11,7930,D,11,6,11,7.0,11,4,11,7.0,11,-0.17429484525873784,-0.029615780467670216,-0.20391062572640806
8471685,20222023,LAK,6,6104,F,6,1,6,1.5,6,3,6,2.0,6,-0.7070130392118334,0.5568482198940825,-0.15016481931775094
8471685,20232024,LAK,5,4663,F,5,2,5,3.0,5,4,5,2.0,5,-0.37856621659132683,0.5314807757188813,0.15291455912755447
8471685,20242025,LAK,6,6105,F,6,3,6,3.0,6,3,6,4.0,6,-0.8138745468552573,-0.39965728288723223,-1.2135318297424895
8471685,20252026,LAK,4,3381,F,4,1,4,1.0,3,1,4,1.0,3,-1.2075938795161651,1.204710435440007,-0.002883444076158037
8471686,20222023,FLA,21,20673,D,21,5,21,6.0,21,9,21,8.0,21,0.036772976440830885,-1.0656409310970432,-1.0288679546562123
8471698,20232024,WSH,4,3265,F,4,2,4,1.5,4,2,4,1.0,4,0.5741488316149075,0.14644781154454356,0.720596643159451
8471699,20222023,COL,4,1913,F,1,0,1,0.0,1,0,1,0.0,1,-0.09145185622969443,-0.5805399347609765,-0.671991790990671
8471699,20232024,COL,11,4504,F,2,2,2,2.0,2,2,2,2.0,2,-0.19746999461048187,0.47142366399710967,0.2739536693866278
8471724,20252026,PIT,3,3673,D,3,2,3,2.0,3,2,3,1.0,3,-0.5178898438196065,0.693541689931567,0.1756518461119605
8471794,20222023,COL,1,452,,0,0,0,0.0,0,0,0,0.0,0,-2.3936761819456143,-1.2560200978943006,-3.649696279839915
8471817,20222023,MIN,6,2562,F,1,0,1,0.0,1,0,1,0.0,1,-0.8711378511613257,1.2435502414826456,0.3724123903213199
8471817,20232024,TOR,5,2144,F,1,1,1,0.0,0,0,1,0.0,0,-1.03750684981722,-0.4332227588714075,-1.4707296086886275
8473419,20222023,BOS,7,6466,F,7,4,7,2.0,7,3,7,2.0,7,-0.4775128470033376,0.5289954273546034,0.05148258035126574
8473419,20232024,BOS,11,9606,F,10,5,10,5.0,10,5,10,5.0,10,-0.24764767881794736,0.21137242955775193,-0.03627524926019543
8473419,20242025,FLA,23,16886,F,22,15,22,12.5,22,13,22,14.0,22,0.7653284241003293,-0.033096096372597916,0.7322323277277314
8473422,20222023,BOS,6,3533,F,5,3,5,3.0,5,3,5,4.0,5,-0.8222549253412739,0.289228833939867,-0.5330260914014069
8473422,20252026,MIN,11,6222,F,8,2,8,2.0,7,5,8,3.0,7,-0.10422098739842434,0.15413097337037795,0.04990998597195362
8473446,20222023,COL,7,5038,D,6,5,6,3.0,6,4,6,3.0,6,0.23558037666322162,0.20761578008047166,0.4431961567436933
8473446,20242025,COL,2,1332,D,2,1,2,2.0,2,1,2,2.0,2,-0.7725673739738399,-0.05902889806003442,-0.8315962720338743
8473449,20232024,FLA,17,7610,F,4,2,4,2.0,4,0,4,1.0,4,-0.7243506918700084,-0.6692920008574934,-1.3936426927275019
8473453,20232024,LAK,5,2486,F,3,2,3,2.5,3,3,3,3.0,3,-0.4843921751837228,1.3699802551340263,0.8855880799503035
8473453,20242025,LAK,2,455,F,0,0,0,0.0,0,0,0,0.0,0,0.36465754437728526,1.7163555300886553,2.0810130744659405
8473504,20222023,NYI,6,3496,F,4,2,4,2.0,4,2,4,2.0,4,-1.2657698213022144,0.46561980093720434,-0.80015002036501
8473504,20232024,NYI,5,2361,F,3,1,3,1.0,3,2,3,1.0,3,-0.26436812491971073,0.2414896669196791,-0.022878458000031632
8473507,20252026,MIN,3,1474,D,2,1,2,1.0,2,2,2,2.0,2,0.2612610817048613,0.5355880144162215,0.7968490961210828
8473512,20242025,OTT,6,4848,F,6,2,6,3.0,6,2,6,2.5,6,0.06205773741921994,-0.3651211113367909,-0.303063373917571
8473533,20222023,CAR,15,12028,F,15,10,15,8.0,15,10,15,6.5,15,0.012167338649779147,-0.24489372539961973,-0.23272638674984059
8473533,20232024,CAR,11,8887,F,11,8,11,8.5,11,5,11,6.0,11,0.4473027893289019,0.294993366019467,0.7422961553483689
8473533,20242025,CAR,15,11612,F,15,5,15,7.5,15,4,15,4.0,15,-0.5405344843807285,-0.11389185550143344,-0.6544263398821619
8473533,20252026,CAR,15,12059,F,15,12,15,10.5,15,9,15,8.5,15,-0.4053316336800461,0.5832554447376714,0.17792381105762534
8473548,20222023,VGK,4,2213,F,3,1,3,2.0,3,1,3,2.0,3,0.18063045657471477,-1.3535565053864542,-1.1729260488117395
8473986,20222023,TBL,6,5300,F,6,4,6,2.0,6,4,6,2.0,6,-0.022603586287363697,0.2949597991924713,0.2723562129051076
8473986,20252026,ANA,12,10981,F,12,3,12,3.5,12,4,12,3.0,12,-0.48778000195315174,-0.15266886218275433,-0.6404488641359061
8473994,20222023,DAL,17,12712,F,16,5,16,6.5,16,2,16,6.5,16,-0.19553324711473374,-0.611565033723902,-0.8070982808386358
8473994,20232024,DAL,19,15521,F,19,11,19,11.5,19,7,19,9.5,19,0.14071981948653578,0.03651909766908368,0.17723891715561946
8473994,20242025,DAL,18,11975,F,18,10,18,9.0,18,9,18,10.5,18,0.10409581561565728,0.10215217013507338,0.20624798575073067
8473994,20252026,DAL,6,3825,F,6,4,6,4.5,6,4,6,4.0,6,-0.009435941585331342,0.24966087663937464,0.2402249350540433
8474013,20222023,TBL,6,5058,D,6,3,6,2.5,6,3,6,4.0,6,0.989567304994587,-0.17618953330009024,0.8133777716944968
8474013,20232024,VAN,13,10950,D,13,6,13,6.5,13,6,13,6.0,13,-0.6351703903259305,0.6286486208840019,-0.006521769441928615
8474013,20252026,UTA,6,5230,D,6,2,6,2.5,6,1,6,2.0,6,-0.8752113377276585,-0.4039795878734229,-1.2791909256010814
8474031,20232024,BOS,6,3655,D,5,2,5,2.0,5,2,5,2.0,5,-0.6221801346987945,-0.20049716364157577,-0.8226772983403703
8474034,20222023,TBL,6,3138,F,4,1,4,1.5,3,2,4,2.0,3,-0.12623540708901748,0.9254903717667076,0.7992549646776901
8474034,20232024,BOS,13,6501,F,9,6,9,5.0,9,5,9,5.0,9,0.24727997707382943,0.37284043258763955,0.620120409661469
8474037,20232024,BOS,11,6543,F,10,7,10,7.5,10,6,10,7.0,10,0.1407696120376123,0.7967240701674274,0.9374936822050397
8474090,20222023,NJD,3,2340,D,3,0,3,0.5,3,0,3,0.0,3,-1.1629519451063217,-0.9006468135102184,-2.06359875861654
8474102,20242025,OTT,6,3977,F,6,3,6,3.5,6,3,6,3.0,6,0.2929868136279019,-0.12296381158019454,0.17002300204770737
8474141,20222023,NYR,7,5611,F,7,3,7,3.0,7,4,7,3.0,7,0.404727098704984,0.006283726156060876,0.4110108248610449
8474145,20232024,NYI,5,3228,D,4,0,4,0.5,4,1,4,1.0,4,-0.6778091590194872,-0.37618724154261773,-1.053996400562105
8474149,20222023,DAL,16,12040,F,14,7,14,7.0,14,4,14,5.5,14,0.23024667168260038,-0.35150321854405364,-0.12125654686145326
8474149,20232024,DAL,19,12769,F,19,9,19,13.5,19,8,19,13.0,19,0.5956895764788999,-0.24710645848104162,0.34858311799785824
8474149,20242025,DAL,16,10223,F,16,7,16,7.5,16,8,16,6.0,16,-0.3102170719499995,0.25447065714799555,-0.05574641480200393
8474151,20232024,NSH,6,6690,D,6,3,6,3.0,6,4,6,2.0,6,0.2788695380474657,-0.40479581398798437,-0.12592627594051864
8474151,20242025,TBL,5,4551,D,5,3,5,3.0,5,4,5,4.0,5,0.5828554815892655,0.20305699513044217,0.7859124767197077
8474157,20232024,WSH,4,2488,F,4,2,4,2.0,4,1,4,2.0,4,-0.7756501059857719,0.782664391430054,0.007014285444282065
8474157,20242025,TOR,11,7242,F,11,2,11,2.5,11,4,11,4.0,11,0.06260025233196731,-1.4713519086409956,-1.4087516563090283
8474166,20222023,VGK,22,22086,D,22,12,22,10.5,22,11,22,8.0,22,0.4103809519512458,-0.5816587480561983,-0.17127779610495253
8474166,20232024,VGK,6,5313,D,6,3,6,2.0,6,4,6,3.5,6,-0.2729432721247642,-0.0023985228971272754,-0.2753417950218915
8474189,20222023,COL,7,5250,F,7,5,7,3.5,6,3,7,3.0,6,-0.29144408890577456,0.6532280562310031,0.36178396732522855
8474189,20242025,WSH,9,5405,F,9,4,9,4.5,9,4,9,3.0,9,-0.7549964261303166,-0.2606019755532749,-1.0155984016835915
8474563,20222023,LAK,6,7887,D,6,2,6,2.0,6,3,6,3.0,6,-0.5402703876907373,0.6058951444897271,0.06562475679898983
8474563,20232024,LAK,5,6566,D,5,3,5,3.0,5,2,5,3.0,5,-0.18509900294767156,-0.467483982014397,-0.6525829849620686
8474563,20242025,LAK,6,8052,D,6,1,6,1.0,6,1,6,1.5,6,0.06875239015759105,-0.7443444375751787,-0.6755920474175876
8474563,20252026,LAK,4,4489,D,4,2,4,1.0,4,3,4,3.0,4,0.5301026304742673,0.047230263362440184,0.5773328938367075
8474564,20222023,TBL,6,4941,F,6,1,6,2.0,6,2,6,3.0,6,0.23016510833847859,-0.6464312834365908,-0.41626617509811226
8474564,20232024,TBL,5,4741,F,5,3,5,4.0,5,3,5,3.5,5,0.22018161415416282,-0.43161714591929723,-0.2114355317651344
8474565,20222023,VGK,21,23122,D,21,11,21,11.5,21,12,21,9.5,21,0.4781236323857674,-0.28154527738741475,0.19657835499835263
8474565,20232024,VGK,7,8256,D,7,3,7,1.5,7,4,7,4.0,7,-0.07701389481544685,0.20696367612545297,0.12994978131000612
8474565,20242025,VGK,10,10779,D,10,2,10,3.0,10,3,10,3.0,10,-0.1644581243166754,-0.5253074244700411,-0.6897655487867165
8474567,20222023,TBL,5,3263,D,4,2,4,2.5,4,2,4,3.0,4,0.8115130884615058,0.4003246380387888,1.2118377265002946
8474567,20242025,MIN,6,3753,D,5,1,5,2.0,5,2,5,3.0,5,-0.283638775574967,-0.6734741860019544,-0.9571129615769214
8474567,20252026,MIN,9,5753,D,7,2,7,2.5,6,3,7,3.0,6,-0.7326996601232099,0.0513417733113517,-0.6813578868118582
8474568,20222023,TOR,11,9857,D,11,9,11,10.0,11,10,11,9.5,11,1.3347973043601224,0.17992000073678138,1.5147173050969038
8474568,20232024,NSH,5,3706,D,5,1,5,3.5,5,1,5,3.0,5,-0.2743135326688446,-0.0901706486817071,-0.3644841813505517
8474568,20242025,WPG,11,8903,D,11,5,11,5.0,11,5,11,5.0,11,0.07659011867330956,0.3858527615685059,0.46244288024181546
8474568,20252026,BUF,2,653,D,0,0,0,0.0,0,0,0,0.0,0,2.120906282504375,2.2088165600973717,4.329722842601747
8474574,20232024,VAN,12,11519,D,12,5,12,5.0,12,2,12,5.0,12,-0.3647199670170136,-0.4782157774220126,-0.8429357444390262
8474574,20252026,DAL,5,4032,D,5,3,5,2.0,5,2,5,2.0,5,0.07864099902710597,-0.09459327062310496,-0.01595227159599899
8474578,20252026,PIT,3,4243,D,3,2,3,2.0,3,2,3,2.0,3,0.6722076730550257,-0.460939954922833,0.2112677181321927
8474586,20222023,SEA,14,12415,F,14,7,14,5.0,14,7,14,6.0,14,-0.4034960091834221,0.6081230243549389,0.20462701517151682
8474590,20232024,WSH,4,4748,D,4,2,4,2.0,4,3,4,3.0,4,0.6600405433448078,0.39470376741561997,1.0547443107604277
8474590,20242025,WSH,10,11270,D,10,3,10,3.5,10,5,10,3.0,10,-0.7933253199613035,0.024129088330975268,-0.7691962316303282
8474590,20252026,ANA,12,14186,D,12,6,12,6.0,11,7,12,6.0,11,-0.009525349280676387,0.28616976140247186,0.27664441212179547
8474600,20232024,NSH,6,7490,D,6,3,6,4.0,6,5,6,5.0,6,0.6108676050279678,0.458292413193091,1.0691600182210588
8474602,20222023,SEA,14,11136,D,14,6,14,6.5,14,8,14,8.5,14,0.02576976350460347,0.4571775171467247,0.4829472806513282
8474610,20222023,FLA,13,4111,,0,0,0,0.0,0,0,0,0.0,0,0.26144207054196844,-2.2212283097481627,-1.9597862392061942
8474613,20222023,CAR,11,6612,F,9,5,9,4.5,9,5,9,3.0,9,-0.46769734199505697,0.60828175283885,0.14058441084379303
8474641,20232024,EDM,17,12454,F,17,7,17,8.5,17,8,17,11.0,17,-0.5348195684610091,-0.12780309179399607,-0.6626226602550052
8474641,20242025,EDM,22,14952,F,22,9,22,8.5,22,7,22,8.0,22,-0.8847146134042883,0.04937851864074716,-0.8353360947635411
8474641,20252026,EDM,1,176,F,0,0,0,0.0,0,0,0,0.0,0,-2.023559806581455,0.29746814501047814,-1.726091661570977
8474673,20222023,TOR,11,12079,D,11,6,11,6.0,11,5,11,4.5,11,-0.13450662434640792,0.05922086263761228,-0.07528576170879564
8474673,20232024,TOR,1,778,D,1,1,1,0.5,1,0,1,1.0,1,-0.39142257968847205,0.2503022442298013,-0.14112033545867075
8474679,20222023,MIN,6,4110,F,6,3,6,2.5,6,1,6,1.0,6,-0.07179131173160247,-1.4562329269152747,-1.5280242386468772
8474679,20232024,NSH,6,5786,F,6,3,6,2.5,6,5,6,3.0,6,0.17872363209385256,0.7419656365506231,0.9206892686444756
8474679,20242025,MIN,6,3345,F,3,0,3,1.5,3,1,3,2.0,3,-0.48205555061619076,-0.13198142815368863,-0.6140369787698794
8474709,20222023,NYI,6,3420,F,5,2,5,3.0,5,1,5,3.0,5,-0.4795599105102393,-0.18537387638212532,-0.6649337868923646
8474709,20232024,NYI,3,1658,F,3,2,3,2.0,3,2,3,2.0,3,-0.039009144990440836,-0.06989098085920276,-0.10890012584964359
8474716,20222023,MIN,6,5868,D,6,2,6,3.5,6,2,6,2.5,6,-0.7527211309809416,0.22465677833717668,-0.528064352643765
8474716,20242025,MIN,6,6440,D,6,2,6,2.0,6,2,6,2.0,6,-0.21612603813017683,-0.0980619943455232,-0.31418803247570004
8474716,20252026,MIN,11,10288,D,11,5,11,4.0,11,3,11,3.5,11,-0.1545516580177071,-0.41283606283328167,-0.5673877208509888
8475149,20222023,MIN,6,4796,F,6,2,6,4.0,6,2,6,2.5,6,-1.019458460838889,0.4267642545727399,-0.5926942062661491
8475149,20242025,MIN,5,3650,F,5,1,5,1.0,4,2,5,2.0,4,1.06943737777956,-0.40764161902863094,0.6617957587509291
8475149,20252026,MIN,11,7606,F,11,4,11,2.5,11,5,11,4.0,11,-0.2078349274338287,-0.6487771188411546,-0.8566120462749833
8475151,20222023,NYI,6,4623,F,6,3,6,3.0,6,3,6,4.0,6,0.6121626640715303,-0.6171606156120988,-0.004997951540568479
8475151,20232024,NYI,5,4515,F,5,1,5,1.5,5,2,5,2.0,5,-0.8136164342480714,0.024429202897976676,-0.7891872313500947
8475158,20222023,TOR,11,10055,F,11,3,11,4.0,11,3,11,3.0,11,-0.7412677975459068,-0.1463606485571738,-0.8876284461030806
8475158,20232024,NSH,6,6394,F,6,4,6,3.5,6,6,6,5.0,6,0.008517486147929576,1.2753332095971317,1.2838506957450613
8475166,20222023,TOR,11,9937,F,11,3,11,6.0,11,3,11,4.0,11,0.3585762692727026,-0.5685764035277563,-0.2100001342550537
8475166,20232024,TOR,7,6531,F,7,5,7,3.5,7,6,7,4.0,7,0.0425270076117128,0.46334255915373546,0.5058695667654483
8475166,20242025,TOR,13,11682,F,13,7,13,6.0,13,7,13,8.5,13,0.08903522013562415,0.2704039561058402,0.3594391762414644
8475167,20222023,TBL,5,5438,D,4,2,4,2.0,4,2,4,2.0,4,0.7007731288199177,0.9044194727517885,1.6051926015717062
8475167,20232024,TBL,5,5657,D,5,2,5,2.0,5,3,5,2.0,5,0.17005965805494005,0.2524564553401696,0.42251611339510964
8475167,20242025,TBL,5,5539,D,5,3,5,3.5,5,3,5,4.0,5,0.23134412060315546,0.17117778995453925,0.4025219105576947
8475168,20232024,DAL,19,15506,F,19,8,19,9.0,19,7,19,6.0,19,-0.06361115954836105,0.13162774889115103,0.06801658934278998
8475168,20242025,DAL,18,14517,F,18,10,18,11.0,18,13,18,11.0,18,0.41774457902779183,0.1707424649979603,0.5884870440257521
8475168,20252026,DAL,6,5112,F,6,3,6,3.5,6,3,6,3.0,6,-0.5966086489378162,0.6216157588419331,0.02500710990411692
8475169,20222023,EDM,12,11592,F,12,7,12,7.0,12,4,12,5.0,12,0.25121210250856496,-0.736686135783235,-0.4854740332746701
8475169,20232024,EDM,20,15784,F,18,6,18,9.0,18,7,18,8.0,18,-0.09097895741689177,-0.49572127740298066,-0.5867002348198724
8475169,20242025,EDM,21,16610,,0,0,0,0.0,0,0,0,0.0,0,0.16807601803436611,-0.2613387114231531,-0.09326269338878701
8475170,20242025,STL,7,6019,F,7,3,7,2.5,7,2,7,3.0,7,0.09900358140050614,-0.41413186714799965,-0.3151282857474935
8475171,20232024,FLA,24,17614,D,24,18,24,14.0,24,17,24,13.0,24,0.27281740846030544,0.8070711522245515,1.079888560684857
8475171,20242025,TOR,13,12277,D,13,4,13,3.5,13,5,13,4.0,13,0.1639537070547883,-0.3336686800146045,-0.1697149729598162
8475172,20252026,COL,13,10815,F,13,7,13,7.0,13,7,13,6.5,13,0.0024414902407889905,0.009847384648002944,0.012288874888791934
8475177,20232024,TBL,1,460,D,0,0,0,0.0,0,0,0,0.0,0,-1.7764820204794876,-3.5417667809942097,-5.318248801473697
8475179,20232024,FLA,24,16556,D,24,14,24,12.5,24,15,24,13.0,24,-0.056933408734365365,0.40219564817779063,0.34526223944342527
8475179,20242025,FLA,23,18033,D,23,16,23,11.0,23,13,23,11.5,23,-0.0869022866164908,0.24495337742638723,0.15805109080989643
8475181,20242025,STL,7,5054,D,6,2,6,3.0,6,0,6,2.0,6,-0.14152307604604975,-0.3435723506577062,-0.48509542670375594
8475184,20222023,NYR,7,5933,F,7,3,7,3.5,7,4,7,5.5,7,-0.2624648297846417,1.4351054413576607,1.172640611573019
8475184,20232024,NYR,16,13465,F,16,3,16,2.0,16,4,16,5.0,16,-0.4200683434511787,-0.02244346148708498,-0.4425118049382637
8475184,20252026,ANA,12,8889,F,12,5,12,8.0,12,6,12,7.0,12,-0.05054054487364423,1.1596656370197957,1.1091250921461515
8475188,20222023,VGK,21,19920,D,21,12,21,12.0,21,12,21,14.0,21,-0.025744784784426322,0.21829207679444496,0.19254729201001863
8475188,20232024,VGK,7,7562,D,7,2,7,3.0,7,4,7,5.0,7,0.42402275519995936,-0.3131723850306125,0.11085037016934685
8475188,20242025,VGK,11,11303,D,11,6,11,6.5,11,6,11,6.0,11,0.22309913787919644,-0.019592899958118082,0.20350623792107836
8475188,20252026,VGK,21,20768,D,19,11,19,10.5,19,13,19,12.0,19,0.10790756388431788,0.6581310692771252,0.766038633161443
8475191,20222023,VGK,22,16922,F,22,12,22,13.5,22,11,22,11.0,22,-0.18939883122593582,0.18336007969447454,-0.006038751531461273
8475191,20242025,VGK,11,8107,F,11,4,11,5.5,10,6,11,6.0,10,-0.3207792890075263,-0.0656177974158676,-0.3863970864233939
8475191,20252026,VGK,7,4370,F,7,6,7,5.0,7,5,7,5.0,7,0.6762560821375798,0.3559393095706369,1.0321953917082167
8475193,20222023,NJD,12,8339,F,11,6,11,4.5,11,4,11,4.0,11,-0.2348325781119116,0.019552701021071872,-0.21527987709083973
8475193,20242025,NJD,4,1899,F,2,0,2,0.0,2,1,2,0.0,2,-1.4264158364054031,0.327345181287396,-1.0990706551180072
8475197,20232024,NSH,1,791,D,1,0,1,0.5,1,1,1,1.0,1,-0.5704522636574743,0.7945572105983831,0.22410494694090888
8475200,20222023,BOS,7,7536,D,7,5,7,5.0,7,5,7,4.0,7,0.4372460023920568,-0.9961317413007187,-0.5588857389086619
8475200,20232024,CAR,11,11708,D,11,5,11,5.5,11,6,11,4.5,11,0.04049967111261621,0.39028052860932716,0.43078019972194337
8475200,20242025,CAR,15,15533,D,15,8,15,7.5,15,6,15,4.5,15,-0.31395029158944565,-0.18182529767019284,-0.4957755892596385
8475208,20242025,NJD,5,6180,D,5,1,5,5.0,5,4,5,3.0,5,1.5519207670459827,0.05143125452486652,1.6033520215708492
8475208,20252026,LAK,4,3336,D,4,1,4,2.0,4,2,4,3.0,4,0.5545689970529193,-0.9713888400304183,-0.41681984297749897
8475218,20222023,EDM,12,12391,D,12,10,12,8.5,12,7,12,6.5,12,0.7420988841088265,-0.2034937511038426,0.5386051330049839
8475218,20232024,EDM,25,27089,D,25,17,25,14.0,25,16,25,13.0,25,0.6797652003856844,0.5291499778909483,1.2089151782766328
8475218,20242025,EDM,7,6282,D,7,2,7,2.5,7,4,7,5.0,7,-0.1236941113089216,-0.30137693173395563,-0.42507104304287724
8475218,20252026,EDM,6,6116,D,6,3,6,4.0,6,3,6,4.0,6,0.4925119562749867,-0.16297889520794095,0.3295330610670457
8475220,20222023,MIN,6,3500,F,4,3,4,3.0,4,1,4,3.0,4,0.8395510227574667,-1.1110633436754336,-0.27151232091796684
8475220,20242025,MIN,6,4715,F,6,3,6,3.5,6,4,6,4.0,6,0.4146834078463142,0.25268809535648673,0.6673715032028009
8475220,20252026,MIN,11,6102,F,9,4,9,3.0,7,3,9,3.0,7,-0.11925719774672827,-0.0022081835566938324,-0.1214653813034221
8475225,20232024,DAL,14,8216,F,13,4,13,5.5,13,4,13,5.0,13,-0.4451879923799402,-0.07098588546631746,-0.5161738778462577
8475231,20222023,NYI,6,3973,F,6,3,6,3.0,6,1,6,4.0,6,-0.7378718675521458,-0.0678736863692162,-0.805745553921362
8475231,20232024,NYI,5,3739,F,5,3,5,1.0,5,2,5,1.0,5,0.11016525617857043,0.1867378712645622,0.29690312744313263
8475233,20242025,MTL,5,2833,D,5,2,5,1.0,5,2,5,1.0,5,-0.21336752974479056,-0.21997468827242894,-0.4333422180172195
8475287,20222023,NJD,12,9469,F,12,6,12,5.5,12,7,12,5.5,12,-0.33692737249996885,0.3363686612575485,-0.0005587112424203511
8475287,20242025,NJD,5,4127,F,5,2,5,3.5,5,4,5,3.0,5,2.2887779335620952,-0.07149245414522998,2.2172854794168653
8475314,20222023,NYI,6,5006,F,6,4,6,2.0,6,3,6,2.0,6,-0.013574659777312537,0.5685774156513093,0.5550027558739967
8475314,20232024,NYI,5,4164,F,5,3,5,3.0,5,2,5,4.0,5,1.0988411478885731,0.9296959820970911,2.028537129985664
8475324,20232024,WSH,1,1070,D,1,0,1,0.5,1,0,1,0.0,1,-0.2987736592654353,-2.0854452322323054,-2.3842188914977407
8475324,20242025,OTT,6,6378,D,6,1,6,1.0,6,1,6,0.0,6,-0.21932020869407864,-0.6753291311956147,-0.8946493398896933
8475343,20232024,WSH,4,2291,F,3,1,3,1.5,3,1,3,1.5,3,-1.5276162676634235,0.2434415474549576,-1.284174720208466
8475343,20242025,WSH,10,7544,F,10,5,10,5.0,10,6,10,5.0,10,0.13280514591198456,0.72039170933148,0.8531968552434646
8475343,20252026,VGK,22,14286,F,22,10,22,10.5,20,9,22,10.0,20,-0.37979177728991864,-0.004253539546878571,-0.3840453168367972
8475413,20242025,NJD,5,2781,F,3,0,3,0.0,3,1,3,1.0,3,-1.3409503325492305,-0.7342508135444339,-2.075201146093664
8475455,20222023,WPG,5,5352,D,5,3,5,2.5,5,3,5,3.0,5,0.27529167702288637,0.1142141984881655,0.38950587551105187
8475455,20232024,WPG,3,3218,D,3,1,3,1.5,3,1,3,1.0,3,0.8956262331896312,-0.7083164212826354,0.1873098119069958
8475455,20242025,NJD,1,403,D,0,0,0,0.0,0,0,0,0.0,0,-2.073224352878333,-3.4260784304355716,-5.4993027833139045
8475462,20222023,FLA,21,16859,D,20,9,20,8.5,20,8,20,9.0,20,-0.20493655073013706,-0.05497640679694227,-0.2599129575270793
8475462,20252026,ANA,1,564,D,1,0,1,0.5,1,0,1,1.0,1,-0.37381288005468205,-0.34782577179690666,-0.7216386518515887
8475690,20232024,DAL,19,21068,D,18,10,18,12.0,18,11,18,11.0,18,0.2800172643943353,0.04388287796415247,0.32390014235848774
8475690,20242025,TOR,13,12868,D,13,8,13,8.0,13,11,13,6.0,13,0.16628924485433272,0.8360677700447958,1.0023570148991285
8475692,20222023,MIN,6,5523,F,6,4,6,4.5,6,5,6,3.5,6,0.6157660101924338,0.12139356790429412,0.7371595780967279
8475692,20242025,MIN,6,5276,F,6,1,6,2.0,6,2,6,1.0,6,-0.6004872607870637,-0.37546198939814523,-0.975949250185209
8475692,20252026,MIN,8,7239,F,8,4,8,4.0,8,4,8,4.0,8,0.17794404320641632,-0.24942282455935283,-0.0714787813529365
8475714,20222023,TOR,11,7396,F,11,6,11,6.5,11,8,11,6.5,11,0.01663578004197852,-0.17014534844784546,-0.15350956840586694
8475714,20232024,TOR,7,4448,F,6,2,6,2.0,6,1,6,1.0,6,-1.4079441908843835,0.8134467626566604,-0.5944974282277231
8475714,20242025,TOR,12,7609,,0,0,0,0.0,0,0,0,0.0,0,-0.35666400466670223,0.1301894471226528,-0.22647455754404944
8475718,20222023,TOR,8,7364,D,8,1,8,2.5,8,2,8,2.0,8,-0.7760261376682651,-0.1883697497736514,-0.9643958874419165
8475722,20232024,NSH,6,4326,F,6,4,6,4.0,6,3,6,5.0,6,0.6442257705933012,0.04797943337595223,0.6922052039692534
8475722,20252026,BUF,7,4244,F,5,5,5,3.5,5,3,5,3.0,5,1.6601205218112396,-0.6118706134723202,1.0482499083389194
8475726,20232024,WPG,5,3724,F,5,1,5,1.5,5,2,5,1.5,5,0.0326628688229631,-0.05478168264836292,-0.02211881382539982
8475744,20232024,CAR,10,5576,F,8,3,8,4.5,8,3,8,4.0,8,-0.21169762598158215,-0.6379705029605136,-0.8496681289420958
8475745,20222023,BOS,7,6043,F,7,2,7,3.0,7,2,7,2.0,7,0.02630869281158299,-0.6744790511148082,-0.6481703583032252
8475745,20232024,BOS,13,11588,F,13,5,13,6.0,13,5,13,7.0,13,-0.29958500709140434,-0.3752760458867588,-0.6748610529781631
8475745,20242025,COL,7,3921,F,6,3,6,2.5,6,1,6,0.0,6,-1.384370332571081,-0.38489914109728374,-1.7692694736683647
8475750,20222023,MIN,2,1421,D,2,1,2,1.0,2,1,2,1.0,2,-0.1844161914755591,0.4135981806854103,0.22918198920985122
8475750,20242025,MIN,2,1303,D,2,1,2,1.5,2,1,2,2.0,2,-0.3749195200589248,1.2526275399611035,0.8777080199021787
8475753,20242025,STL,7,7429,D,7,2,7,1.0,7,1,7,2.5,7,-1.320348194298308,-0.023041069282860205,-1.3433892635811682
8475754,20222023,NYI,6,4876,F,6,3,6,4.0,6,4,6,5.0,6,0.9581872169260519,-0.2291357532621885,0.7290514636638634
8475754,20232024,NYI,5,4804,F,5,1,5,1.5,5,2,5,2.5,5,-1.116019811250948,-0.48126853388932256,-1.5972883451402706
8475754,20242025,COL,7,6032,F,7,4,7,4.5,7,3,7,3.0,7,-0.6237065484964717,0.003478141709318816,-0.6202284067871529
8475754,20252026,COL,13,11404,F,13,6,13,7.0,13,4,13,7.0,13,-0.2891217918777591,-0.225544558870439,-0.5146663507481981
8475755,20232024,DAL,7,4134,,0,0,0,0.0,0,0,0,0.0,0,0.2132536073286868,0.22126635457740806,0.4345199619060949
8475755,20242025,DAL,17,11608,,0,0,0,0.0,0,0,0,0.0,0,0.3865582344342995,0.39603074112932246,0.782588975563622
8475755,20252026,DAL,1,715,D,1,0,1,1.0,1,0,1,1.0,1,-1.0259306384694187,0.36543280454493954,-0.6604978339244791
8475760,20222023,EDM,12,7978,F,10,4,10,2.5,10,2,10,3.0,10,-1.6712271619894203,-0.18152374820653838,-1.8527509101959587
8475762,20222023,BOS,7,5338,D,7,1,7,2.5,7,2,7,2.0,7,-0.5276677122415352,-0.29961894355285956,-0.8272866557943948
8475762,20232024,BOS,3,2368,D,3,0,3,0.5,3,0,3,0.0,3,-1.0426225649047833,-1.2881173995230308,-2.3307399644278144
8475764,20242025,STL,7,7532,D,7,5,7,4.5,7,6,7,6.0,7,1.6204215950573413,0.5919437988234793,2.2123653938808205
8475765,20222023,NYR,7,4749,F,7,3,7,1.5,7,3,7,3.5,7,0.07265188532480327,-0.6052958162343862,-0.532643930909583
8475765,20232024,FLA,24,15701,F,21,14,21,12.5,21,9,21,14.0,21,0.30594612335923754,-0.26497843270903476,0.04096769065020278
8475765,20252026,MIN,11,7253,F,11,5,11,4.5,11,4,11,4.0,11,-0.3377835635347137,0.16809422997979606,-0.16968933355491767
8475768,20222023,SEA,14,12791,F,14,7,14,7.5,14,8,14,8.0,14,0.06477999572769155,0.280748887395605,0.34552888312329655
8475780,20232024,COL,2,737,,0,0,0,0.0,0,0,0,0.0,0,-2.049210578137693,1.4294033671427617,-0.6198072109949311
8475784,20242025,EDM,5,3110,F,4,1,4,1.0,4,1,4,1.0,4,-0.12484763184147019,-1.4972225457487403,-1.6220701775902104
8475786,20222023,EDM,12,10716,F,12,8,12,6.0,12,6,12,6.0,12,0.26931139486405176,-0.0802564165494486,0.18905497831460316
8475786,20232024,EDM,25,24966,F,25,19,25,14.5,25,18,25,16.0,25,1.2628369535054969,0.23794970285067718,1.500786656356174
8475786,20242025,EDM,15,12807,F,14,12,14,9.5,14,9,14,9.0,14,1.4194053813872527,0.3412399122649372,1.76064529365219
8475786,20252026,EDM,6,5592,F,6,3,6,2.0,6,3,6,1.0,6,-0.7589825582758545,0.35442011330821854,-0.40456244496763594
8475791,20222023,BOS,7,4912,F,7,4,7,4.5,7,3,7,4.0,7,0.4116205228155416,-0.1817166541665629,0.22990386864897872
8475791,20242025,CAR,15,10245,F,14,10,14,9.0,14,8,14,9.0,14,0.7977541968041826,-0.7171544011559123,0.08059979564827024
8475791,20252026,CAR,15,10878,F,15,10,15,8.5,15,8,15,7.0,15,1.7007125609311355,-0.628132981345797,1.0725795795853386
8475794,20222023,DAL,19,14615,F,19,7,19,8.5,19,11,19,9.5,19,0.26844736735850105,-0.4650604172063022,-0.19661304984780115
8475794,20232024,DAL,19,15142,F,19,11,19,9.5,19,11,19,7.5,19,0.26690178155195543,-0.11682312860261623,0.1500786529493392
8475794,20242025,DAL,18,13327,F,18,11,18,12.0,18,10,18,11.5,18,0.38890061362980655,0.03805323032633101,0.42695384395613756
8475795,20232024,WSH,4,2263,,0,0,0,0.0,0,0,0,0.0,0,-0.2873986617056896,1.04549445091512,0.7580957892094304
8475798,20242025,DAL,18,14725,F,18,7,18,7.0,18,8,18,7.5,18,0.24819826359949015,-0.3357822783095621,-0.08758401471007193
8475798,20252026,ANA,12,11167,F,12,5,12,5.0,12,7,12,5.0,12,0.002685940910775564,0.3676171933376007,0.37030313424837624
8475799,20222023,WPG,5,4145,F,5,2,5,2.5,5,2,5,2.5,5,0.08208090804888268,-0.14947615777253276,-0.06739524972365007
8475799,20232024,WPG,5,3518,F,5,2,5,2.5,5,2,5,3.0,5,-0.3701282506069645,0.2582572064514679,-0.11187104415549665
8475799,20242025,WPG,13,9667,F,13,5,13,4.5,13,5,13,7.0,13,-0.38704687922253567,-0.6823650397809717,-1.0694119190035074
8475810,20252026,PIT,3,2874,F,3,2,3,2.0,3,2,3,2.0,3,1.2291395546545583,-0.19972567848365763,1.0294138761709006
8475825,20222023,DAL,15,13873,D,15,8,15,8.5,15,8,15,8.0,15,-0.05458516451640838,0.04122642862936088,-0.013358735887047501
8475842,20232024,EDM,10,4945,F,6,3,6,3.0,6,4,6,3.0,6,-0.7811470151906073,0.24189676019196504,-0.5392502549986422
8475842,20252026,BUF,1,342,F,0,0,0,0.0,0,0,0,0.0,0,-2.6762846565253176,-1.0444444681228129,-3.7207291246481304
8475848,20242025,MTL,5,3952,F,5,2,5,1.0,5,3,5,2.5,5,0.6756008952600427,-0.26807176412656153,0.4075291311334812
8475855,20222023,CAR,15,11237,F,15,9,15,11.0,15,10,15,10.0,15,0.5785513906425139,-0.23236342976439772,0.3461879608781162
8475906,20222023,MIN,4,3124,D,4,3,4,2.5,4,3,4,3.0,4,0.760882557186207,0.34537396625083394,1.106256523437041
8475906,20242025,EDM,19,17549,,0,0,0,0.0,0,0,0,0.0,0,0.44737984271196796,-0.9019450303177043,-0.4545651876057364
8475913,20222023,VGK,22,19198,F,22,10,22,12.0,22,9,22,11.0,22,-0.47945677108409246,-0.19259617486528358,-0.672052945949376
8475913,20232024,VGK,7,6435,F,7,0,7,0.0,7,1,7,1.0,7,-0.7913669244242723,-0.08696629988824922,-0.8783332243125215
8475913,20242025,VGK,10,9329,F,9,4,9,6.0,9,5,9,6.0,9,-0.4725130186544795,0.4330034459229757,-0.039509572731503795
8475913,20252026,VGK,17,14463,F,16,7,16,10.0,16,6,16,7.0,16,-0.27933871991022174,0.14552944698154313,-0.1338092729286786
8476278,20242025,DAL,11,5858,F,7,1,7,1.0,6,2,7,2.0,6,-1.0571135469930024,-0.5453668218032033,-1.6024803687962057
8476278,20252026,DAL,6,2854,F,2,0,2,0.0,2,0,2,0.0,2,-1.1363397191299722,-0.05977133099834919,-1.1961110501283214
8476292,20222023,NJD,12,9536,F,12,7,12,7.0,12,5,12,5.0,12,-0.45956050447095587,0.29109659570464164,-0.16846390876631423
8476292,20242025,NJD,5,3719,F,5,3,5,4.0,5,3,5,4.0,5,0.8117376469937669,0.23936043164944243,1.0510980786432094
8476312,20222023,COL,5,3004,D,4,2,4,1.0,4,1,4,1.0,4,0.04310345808144378,-0.1854348802846979,-0.14233142220325412
8476312,20232024,COL,11,10960,D,11,5,11,7.5,11,4,11,4.5,11,0.4679632526432642,-0.7940056161322402,-0.326042363488976
8476312,20242025,COL,7,6742,D,7,6,7,5.0,7,4,7,2.5,7,-0.2457019127147957,-0.07457385256597826,-0.32027576528077395
8476312,20252026,COL,9,7140,D,8,4,8,3.5,8,3,8,3.5,8,0.015369070017558606,-0.6638657101878103,-0.6484966401702517
8476331,20222023,WPG,5,5762,D,5,1,5,1.5,5,1,5,3.0,5,-0.3113528583191134,-1.00181844446912,-1.3131713027882335
8476331,20232024,WPG,5,5842,D,5,3,5,2.5,5,2,5,1.5,5,-0.1272705612956755,-0.23302942399901516,-0.36029998529469065
8476331,20242025,WPG,12,12722,D,12,4,12,3.0,12,2,12,2.0,12,-0.32752870823230373,-0.36292051585249796,-0.6904492240848017
8476372,20252026,PHI,7,4446,D,7,2,7,1.0,5,2,7,1.0,5,-0.510116412856997,0.43287014804406887,-0.07724626481292818
8476389,20222023,NYR,7,5310,F,7,3,7,2.5,7,5,7,3.0,7,1.2447745671796118,-0.6419298460673524,0.6028447211122594
8476389,20232024,NYR,16,16074,F,16,7,16,5.5,16,8,16,12.0,16,0.13455206093408933,0.21175988937601842,0.34631195031010775
8476392,20222023,WPG,5,4001,F,5,4,5,3.5,5,4,5,3.5,5,-0.08639894995957897,0.5727043957039231,0.4863054457443441
8476392,20232024,WPG,5,3750,F,5,3,5,2.5,5,2,5,3.5,5,-0.5080576474459058,1.1501109511604757,0.6420533037145699
8476392,20242025,WPG,13,10796,F,13,7,13,7.0,13,8,13,9.5,13,0.44258680778601955,0.13922999142145542,0.581816799207475
8476393,20222023,FLA,21,15285,F,19,8,19,9.0,19,10,19,12.0,19,0.3304420275325275,0.12812979258259594,0.45857182011512343
8476393,20232024,FLA,12,5664,F,5,2,5,2.0,4,2,5,2.0,4,-1.046923331024684,0.18448210338544135,-0.8624412276392426
8476393,20242025,OTT,5,2545,F,2,2,2,2.0,2,2,2,2.0,2,-0.20234711486060708,0.6106257918439177,0.40827867698331066
8476419,20222023,NYI,6,4460,F,6,1,6,2.0,6,1,6,2.0,6,-0.5340250236079735,-0.2765369534576183,-0.8105619770655919
8476419,20232024,NYI,4,3209,F,4,2,4,1.0,4,1,4,3.0,4,0.25794357770125464,-0.3525464741729323,-0.09460289647167763
8476422,20232024,NYI,5,4762,D,5,1,5,2.5,5,3,5,3.0,5,-0.16475420070228308,0.3895304655391185,0.22477626483683544
8476422,20252026,CAR,2,1094,D,1,1,1,1.0,1,1,1,1.0,1,0.8127424904164706,-0.40384379777000534,0.4088986926464653
8476429,20222023,NYI,6,6217,D,6,1,6,2.0,6,2,6,3.0,6,-1.7982266475104767,0.4045807385654223,-1.3936459089450544
8476438,20242025,VGK,8,5868,F,8,5,8,4.5,7,3,8,4.0,7,0.515534591424816,0.19594635735838573,0.7114809487832017
8476438,20252026,VGK,5,2421,F,3,2,3,1.0,3,2,3,1.0,3,1.6049866229837524,-0.3476472566749722,1.2573393663087802
8476441,20232024,TOR,7,6544,D,7,6,7,3.5,7,6,7,3.5,7,0.6662308613913408,0.021513129931774344,0.6877439913231151
8476441,20242025,LAK,6,7078,D,6,3,6,3.0,6,4,6,4.0,6,1.0183035898244617,0.2121189056460575,1.2304224954705192
8476441,20252026,LAK,4,3429,D,4,1,4,1.0,4,1,4,1.0,4,-0.6945943265234515,0.04255790628329503,-0.6520364202401565
8476442,20222023,COL,7,4077,F,5,2,5,1.5,5,3,5,2.0,5,-0.65394163807344,-0.3532916211337307,-1.0072332592071707
8476448,20222023,VGK,22,16968,F,22,15,22,15.5,22,13,22,13.5,22,0.17914975917245668,0.30472900567150596,0.48387876484396264
8476448,20232024,VGK,7,5399,F,7,3,7,3.0,7,4,7,6.0,7,0.2324549422345772,0.04663473213275138,0.27908967436732857
8476448,20242025,VGK,11,9411,F,10,5,10,6.5,10,7,10,7.0,10,-0.05737367873119048,0.9336535662784557,0.8762798875472653
8476448,20252026,VGK,15,12587,F,15,11,15,10.0,15,9,15,9.5,15,0.623826666941349,-0.04821300215095192,0.5756136647903971
8476453,20222023,TBL,6,5388,F,6,1,6,1.0,6,2,6,2.0,6,0.015136074665914823,-0.8239087075067837,-0.8087726328408689
8476453,20232024,TBL,5,5118,F,5,5,5,3.0,5,4,5,3.0,5,1.0182678455292533,0.16896375309060208,1.1872315986198554
8476453,20242025,TBL,5,5224,F,5,2,5,3.0,5,5,5,5.0,5,0.5010028694996291,0.8230002145115112,1.3240030840111403
8476454,20222023,EDM,12,10656,F,12,5,12,6.5,12,4,12,6.0,12,-1.1447601282855664,0.007927704175359818,-1.1368324241102066
8476454,20232024,EDM,25,22693,F,25,9,25,7.0,25,8,25,6.0,25,-0.7296931585725743,0.03926013044299248,-0.6904330281295818
8476454,20242025,EDM,22,18848,F,22,14,22,12.5,22,13,22,16.0,22,0.28595415123724965,0.44590753044664,0.7318616816838897
8476454,20252026,EDM,6,5005,F,6,3,6,3.0,6,2,6,2.0,6,-0.9645674969915157,0.7950342393023981,-0.16953325768911753
8476455,20242025,COL,5,4210,,0,0,0,0.0,0,0,0,0.0,0,-0.2669535530042393,0.4231357449163742,0.1561821919121349
8476455,20252026,COL,13,12259,F,13,8,13,9.0,13,9,13,7.5,13,-0.6087626008294342,1.0125687881047059,0.4038061872752716
8476457,20222023,SEA,14,17406,D,14,4,14,4.5,14,5,14,5.5,14,0.29863179001340256,-0.3302088678446795,-0.031577077831276945
8476459,20222023,NYR,7,5917,F,7,4,7,4.0,7,4,7,4.5,7,-0.7335763467791878,1.7068360716862612,0.9732597249070734
8476459,20232024,NYR,16,14339,F,16,5,16,2.5,15,7,16,5.0,15,-0.4328625264476249,0.08842613211656358,-0.3444363943310613
8476460,20222023,WPG,4,3048,F,3,2,3,2.0,3,2,3,2.5,3,1.810687682322593,-0.7236390434536837,1.0870486388689093
8476460,20232024,WPG,5,5562,F,5,1,5,2.0,5,3,5,2.5,5,0.24573368557998343,-0.984715579965207,-0.7389818943852235
8476460,20242025,WPG,11,10193,F,10,4,10,2.0,10,5,10,3.5,10,0.37442767534706967,0.04657287806002808,0.42100055340709774
8476461,20252026,PHI,7,5126,F,7,2,7,2.5,7,4,7,4.0,7,0.1272896566336923,0.2184256889074745,0.3457153455411668
8476462,20222023,NJD,12,12255,D,12,9,12,7.5,12,8,12,7.0,12,0.4181312657926908,0.010653314763235056,0.42878458055592583
8476462,20242025,NJD,5,5497,D,5,1,5,2.5,5,2,5,0.0,5,-1.069639788454835,-0.6178379030138408,-1.6874776914686758
8476463,20222023,MIN,6,6267,D,6,2,6,4.0,6,2,6,2.0,6,-0.0943907343885666,-0.22332107375803867,-0.31771180814660527
8476463,20242025,MIN,6,7497,D,6,4,6,2.5,6,4,6,4.0,6,0.1709456590049514,0.02872205774918868,0.19966771675414008
8476463,20252026,MIN,5,3967,D,4,2,4,1.0,4,2,4,2.0,4,-0.3235282375382682,0.5206029843367035,0.19707474679843529
8476467,20222023,SEA,14,14630,D,14,4,14,5.0,14,4,14,3.0,14,-0.46367408411069233,0.24555815690041172,-0.2181159272102806
8476468,20232024,VAN,13,12948,F,13,8,13,8.0,13,9,13,9.5,13,0.4198528390535117,0.41461558755723416,0.8344684266107458
8476469,20242025,MTL,5,3017,F,4,3,4,1.5,4,3,4,2.0,4,-0.9123903897046992,1.661899815910216,0.7495094262055169
8476469,20252026,LAK,3,1857,F,3,1,3,1.0,3,1,3,1.0,3,-1.4117938831118475,-0.23495074856588838,-1.6467446316777359
8476473,20252026,EDM,6,6597,D,6,3,6,3.0,6,2,6,3.0,6,-0.7678723223188493,0.38296333808064054,-0.38490898423820874
8476474,20222023,CAR,15,11462,F,14,8,14,7.5,14,5,14,5.5,14,-0.6036507984875423,-0.15739444925766533,-0.7610452477452077
8476474,20232024,CAR,11,4866,F,5,1,5,2.0,5,1,5,2.0,5,-0.059105940706884574,-0.41644368180943525,-0.4755496225163198
8476474,20242025,NJD,5,3357,F,5,1,5,1.0,5,2,5,1.0,5,-1.95475432551483,0.5177342714355637,-1.4370200540792664
8476479,20222023,LAK,6,5432,F,6,3,6,4.0,6,4,6,4.0,6,1.0607385110122025,0.6250663981735118,1.6858049091857144
8476479,20232024,LAK,5,4091,F,5,2,5,2.0,5,2,5,2.0,5,0.6509244707313173,-1.2774420194976965,-0.6265175487663792
8476479,20242025,LAK,6,5741,F,6,3,6,1.5,6,3,6,2.5,6,0.24295317854519105,0.47362643047142505,0.7165796090166161
8476479,20252026,MTL,12,8312,F,12,4,12,3.5,12,4,12,4.0,12,0.10583836450717232,-1.9547002217445475,-1.8488618572373752
8476480,20222023,WPG,5,3898,F,5,1,5,2.0,5,1,5,2.0,5,-0.7173459906293935,0.16037265394270772,-0.5569733366866858
8476480,20232024,WPG,4,2104,F,3,1,3,1.0,3,1,3,1.0,3,0.8216390477825497,0.29867832244444514,1.1203173702269948
8476480,20242025,WPG,13,9674,F,13,4,13,6.0,13,4,13,7.0,13,-0.31605310442816537,0.2580842551810987,-0.05796884924706669
8476483,20252026,PIT,3,2995,F,3,2,3,2.0,3,2,3,2.0,3,1.5106133513923765,-0.37401629061790254,1.136597060774474
8476525,20222023,DAL,10,7718,D,10,5,10,5.5,10,6,10,7.0,10,0.3801620345730323,0.19544169444855042,0.5756037290215827
8476525,20232024,WPG,1,834,D,1,1,1,1.0,1,1,1,1.0,1,-0.26791693046364706,1.4222167448318872,1.1542998143682401
8476525,20242025,WPG,4,3012,D,4,1,4,2.5,4,2,4,4.0,4,-0.5213147205987325,0.8571338851417312,0.33581916454299865
8476539,20222023,VGK,22,18784,F,22,13,22,15.5,22,13,22,15.5,22,0.8914840683536931,0.0694955290511281,0.9609795974048212
8476539,20232024,VGK,7,6832,F,7,3,7,1.0,7,5,7,3.0,7,0.610515473235034,0.07312486745880031,0.6836403406938343
8476624,20222023,NYR,7,3652,F,4,0,4,1.5,4,2,4,3.0,4,-0.7784220921013401,-0.8667904197229119,-1.645212511824252
8476624,20232024,NYR,16,9545,F,13,3,13,4.5,13,3,13,5.0,13,-1.1728670997910937,0.20425970255152093,-0.9686073972395728
8476779,20222023,COL,1,41,D,0,0,0,0.0,0,0,0,0.0,0,-2.4125694224626626,2.13329688354292,-0.2792725389197428
8476822,20222023,DAL,17,9661,F,13,6,13,6.5,13,5,13,7.0,13,-1.2523803864722944,0.96364549489911,-0.28873489157318444
8476822,20232024,TBL,5,2083,F,2,1,2,1.0,2,1,2,1.0,2,-0.30711766254954,1.0128018094081628,0.7056841468586228
8476822,20242025,TBL,5,2191,F,2,1,2,1.0,1,1,2,0.0,1,-0.8744219365514556,0.6062164150853289,-0.26820552146612675
8476822,20252026,PHI,7,4192,F,6,2,6,1.0,6,2,6,3.0,6,0.15418759321479225,0.2826639391959045,0.43685153241069674
8476826,20222023,SEA,14,13393,F,14,6,14,6.5,14,7,14,7.0,14,0.12101966835887756,-0.13907948159041972,-0.018059813231542154
8476826,20242025,TBL,5,3515,F,5,1,5,2.5,5,1,5,3.0,5,-1.0062949909410186,0.11962778224069792,-0.8866672087003207
8476853,20222023,TOR,11,13257,D,11,9,11,9.5,11,9,11,10.0,11,0.6159418065977671,0.4313635631213115,1.0473053697190786
8476853,20232024,TOR,7,8247,D,7,4,7,3.0,7,3,7,5.0,7,0.5061014339400023,0.07622602981632687,0.5823274637563292
8476853,20242025,TOR,13,13959,D,13,4,13,7.0,13,7,13,7.0,13,0.6892271341123883,-0.8000510961085796,-0.11082396199619127
8476854,20222023,BOS,7,7336,D,7,6,7,6.0,7,6,7,6.0,7,0.7910279836449203,1.368541167132737,2.1595691507776573
8476854,20232024,BOS,13,13825,D,13,6,13,8.5,13,8,13,7.0,13,0.834673944229195,-0.7356027578386786,0.09907118639051649
8476856,20222023,MIN,6,5793,D,6,4,6,4.0,6,3,6,2.0,6,0.06969347917784896,-0.32400593740695793,-0.254312458229109
8476856,20232024,TBL,5,3832,D,4,1,4,2.5,4,1,4,2.0,4,-0.06903134763705321,-0.2573264565732356,-0.3263578042102888
8476858,20232024,VAN,11,5742,F,7,6,7,3.5,7,6,7,5.0,7,0.03950479917622429,0.050494299462891856,0.08999909863911615
8476869,20222023,CAR,15,16153,D,15,8,15,8.5,15,6,15,7.0,15,-0.28453726139337254,-0.4135354148825443,-0.6980726762759168
8476869,20232024,CAR,11,10648,D,11,8,11,8.0,11,6,11,5.0,11,0.10578482229421882,0.58834169309754,0.6941265153917588
8476871,20242025,VGK,8,3601,F,4,2,4,3.0,4,3,4,3.0,4,0.8050662019832413,-0.44473612814091146,0.36033007384232985
8476872,20242025,TOR,13,8895,F,12,4,12,4.5,11,5,12,5.5,11,-0.4811606690502166,0.012361838517244372,-0.4687988305329722
8476872,20252026,LAK,4,3043,F,4,2,4,2.0,4,2,4,2.0,4,0.4300558148029914,-0.4681417982781215,-0.03808598347513015
8476873,20232024,NSH,6,3187,F,5,2,5,1.0,5,2,5,1.0,5,0.1326295235485213,-0.0466123343376279,0.08601718921089341
8476873,20242025,CAR,7,3872,F,6,5,6,4.5,6,5,6,5.0,6,-0.3438788595451485,0.9295135308191111,0.5856346712739626
8476873,20252026,CAR,15,8229,F,9,6,9,5.5,9,2,9,4.5,9,-1.0019575697203216,0.5178504732030025,-0.4841070965173191
8476875,20242025,MTL,5,5931,D,5,1,5,1.5,5,1,5,1.0,5,-0.7454358854460486,-0.9736911313015231,-1.7191270167475716
8476875,20252026,MTL,12,12963,D,12,5,12,5.5,12,6,12,7.0,12,0.1162806688281326,0.8255547528314255,0.9418354216595581
8476878,20242025,TBL,5,2562,F,2,2,2,1.0,1,2,2,1.0,1,-1.3144032113403734,1.7804706543995357,0.46606744305916226
8476879,20222023,EDM,12,10861,D,12,6,12,4.0,12,5,12,4.0,12,-0.616578464180932,-0.7043835960826419,-1.3209620602635739
8476879,20232024,EDM,24,22865,D,24,11,24,9.5,24,5,24,8.0,24,-0.74843561906067,-0.35208229444369765,-1.1005179135043677
8476879,20242025,DAL,18,19082,D,18,7,18,7.0,18,5,18,7.5,18,-0.183639707361972,-0.8830866434859592,-1.0667263508479312
8476879,20252026,LAK,4,3282,D,4,1,4,2.5,4,2,4,3.0,4,0.3318708533779233,-0.8314871183352217,-0.4996162649572984
8476880,20232024,WSH,4,3133,F,4,4,4,4.0,4,3,4,3.0,4,0.2778438963958094,1.0770979078648493,1.3549418042606587
8476880,20242025,WSH,10,9309,F,10,4,10,4.5,10,3,10,6.0,10,-0.6527409853795436,0.4226278401513226,-0.23011314522822102
8476881,20232024,VGK,7,6815,F,7,3,7,1.0,7,5,7,4.0,7,-0.2616088449998124,0.6308015876776552,0.36919274267784274
8476881,20242025,VGK,11,9590,F,11,6,11,6.5,10,5,11,5.0,10,-0.14399265328377764,0.6649170999058098,0.5209244466220322
8476881,20252026,VGK,22,13903,F,20,11,20,10.0,20,11,20,7.5,20,-0.1133088920758416,0.5248345293277246,0.41152563725188296
8476882,20222023,CAR,6,4103,F,6,4,6,3.0,6,4,6,3.0,6,0.07995093115146945,0.19828333869377657,0.278234269845246
8476882,20232024,CAR,11,8721,F,11,6,11,6.0,11,4,11,5.0,11,0.04253266014906343,-0.1932049018209101,-0.15067224167184667
8476885,20222023,NYR,7,6800,D,7,3,7,3.0,7,4,7,4.0,7,-0.24387092537496136,0.9880092176493545,0.7441382922743931
8476885,20232024,NYR,16,15843,D,16,4,16,3.5,16,8,16,9.5,16,-0.1276035462672529,-0.03816741919460309,-0.165770965461856
8476885,20252026,ANA,12,15056,D,12,8,12,8.0,12,9,12,9.0,12,0.6676908931715748,-0.15150671871242682,0.516184174459148
8476887,20232024,NSH,6,5839,F,6,4,6,4.5,6,5,6,4.0,6,0.001773163076211448,0.9547400314399419,0.9565131945161534
8476889,20222023,DAL,19,12245,F,18,11,18,11.0,18,12,18,10.0,18,-1.2418716934031349,0.8788576897461977,-0.36301400365693715
8476889,20232024,DAL,8,4655,F,5,1,5,2.0,5,2,5,2.0,5,-1.6804039457203626,0.9676158172430862,-0.7127881284772764
8476889,20242025,STL,7,4684,F,7,4,7,3.0,7,4,7,3.0,7,-0.3440578586573817,0.06107485331932416,-0.28298300533805754
8476889,20252026,DAL,6,3191,F,4,2,4,2.0,4,2,4,2.0,4,-0.3982036725105045,-0.1290226695796588,-0.5272263420901633
8476891,20222023,BOS,4,2566,D,4,3,4,3.0,4,1,4,2.0,4,-0.09005972047996469,0.5484245413131854,0.4583648208332207
8476891,20232024,BOS,3,2906,D,3,2,3,2.0,3,2,3,2.0,3,-0.26778993005489826,0.7502420734659536,0.48245214341105536
8476892,20242025,STL,7,7461,D,7,5,7,4.0,7,6,7,5.0,7,1.733008133502476,0.1336295177633282,1.8666376512658043
8476897,20222023,MIN,1,591,F,1,0,1,0.0,1,0,1,0.0,1,-1.2410187517488727,-0.1778015526661898,-1.4188203044150625
8476897,20242025,STL,7,4567,F,7,4,7,3.0,6,3,7,3.0,6,-0.5151336336364312,0.13306536340914388,-0.3820682702272873
8476902,20222023,DAL,19,18798,D,19,8,19,8.0,19,6,19,9.0,19,-0.707309491024644,-0.15012206006711315,-0.8574315510917572
8476902,20232024,DAL,19,23388,D,19,12,19,13.0,19,10,19,11.0,19,0.03415023813188789,-0.030685695591054607,0.003464542540833282
8476902,20242025,DAL,18,19856,D,18,7,18,7.5,18,6,18,6.0,18,-0.5265797945246944,-0.5755766610353961,-1.1021564555600905
8476902,20252026,DAL,6,6243,D,6,4,6,4.5,6,3,6,3.0,6,0.2540673107350422,-0.8710363788870705,-0.6169690681520283
8476905,20222023,VGK,22,18298,F,22,8,22,10.0,22,7,22,9.0,22,-0.6682690241877367,-0.32560311402971553,-0.9938721382174522
8476905,20232024,VGK,7,6313,F,7,2,7,1.0,7,3,7,2.0,7,-0.6664093335132877,0.11241540771151204,-0.5539939258017756
8476906,20222023,CAR,15,11942,D,15,9,15,7.5,15,10,15,7.0,15,0.2927518198349537,0.0821116900862644,0.3748635099212181
8476906,20242025,CAR,15,12591,D,15,8,15,11.5,15,10,15,9.0,15,0.37643761714681734,0.598537422632216,0.9749750397790333
8476906,20252026,CAR,15,11205,D,15,8,15,8.5,15,6,15,6.0,15,-0.2736525179510525,0.11952324658421043,-0.15412927136684207
8476907,20222023,CAR,8,5379,,0,0,0,0.0,0,0,0,0.0,0,0.8200414887403276,0.16870437077156852,0.9887458595118961
8476917,20222023,NYI,6,6719,D,6,4,6,2.5,6,4,6,2.0,6,0.695970350156939,0.33694245953852375,1.0329128096954627
8476917,20232024,NYI,5,5430,D,5,2,5,2.0,5,2,5,2.0,5,-0.9697550039497791,0.024950551926480102,-0.944804452023299
8476918,20222023,NYR,7,3281,F,3,1,3,1.5,3,2,3,2.0,3,-0.6442431505886173,-0.44299066195274817,-1.0872338125413654
8476918,20232024,NYR,12,6480,F,10,4,10,4.0,10,3,10,4.0,10,-0.843956565911933,0.35582543222735685,-0.48813113368457617
8476921,20222023,CAR,15,12543,F,15,10,15,10.5,15,10,15,10.0,15,0.5368909452152191,0.0728593079634754,0.6097502531786945
8476921,20232024,CAR,11,8509,F,11,8,11,7.5,11,7,11,8.0,11,0.25931735413218293,0.35714293831808863,0.6164602924502716
8476921,20242025,CAR,15,11584,F,15,7,15,7.0,15,5,15,6.0,15,-0.7739790244011433,0.24511731836902317,-0.5288617060321201
8476921,20252026,CAR,15,11230,F,15,12,15,11.0,15,9,15,8.0,15,-0.2754267966773951,0.6425742179141114,0.3671474212367163
8476923,20222023,NJD,12,10439,D,12,7,12,5.5,12,7,12,5.0,12,0.1846924957235867,0.25978465059421785,0.44447714631780455
8476925,20232024,NSH,6,4649,F,6,2,6,3.0,6,2,6,2.0,6,0.3516225714869674,-0.6888543017903841,-0.3372317303034167
8476925,20252026,VGK,22,14706,F,22,9,22,10.0,21,11,22,11.0,21,-0.28320637592425957,-0.15288708494357683,-0.4360934608678364
8476927,20222023,VGK,6,3401,F,5,2,5,2.0,5,2,5,2.0,5,-1.2632533562598958,0.5676371135798188,-0.6956162426800769
8476927,20232024,VAN,13,8314,F,13,4,13,3.5,12,2,13,3.0,12,-1.04661424022966,-0.24524197253433977,-1.2918562127639999
8476931,20222023,TOR,11,11255,D,11,5,11,5.5,10,2,11,3.0,10,-0.8194696768246006,0.09217793327020152,-0.7272917435543991
8476931,20232024,TOR,7,7185,D,7,2,7,2.5,7,2,7,3.0,7,-0.46464928105952485,0.274041885310788,-0.19060739574873686
8476931,20242025,TOR,13,14594,D,13,4,13,7.5,13,8,13,7.5,13,-0.4013036282355158,0.5963582249464328,0.19505459671091696
8476952,20242025,WPG,2,911,,0,0,0,0.0,0,0,0,0.0,0,-0.9105432030211457,-0.7347212059261778,-1.6452644089473236
8476958,20222023,CAR,15,15547,D,14,12,14,10.5,14,9,14,10.0,14,0.527990621952735,0.23697508446304205,0.7649657064157771
8476958,20232024,CAR,11,12065,D,11,5,11,5.0,11,3,11,4.5,11,-0.21565446912095387,-0.758787234556416,-0.9744417036773698
8476958,20242025,CAR,15,16939,D,15,7,15,5.5,15,6,15,6.0,15,0.049320412062192176,-0.5657553957145445,-0.5164349836523523
8476958,20252026,CAR,15,15939,D,15,7,15,7.0,15,7,15,6.5,15,-0.47109975615777877,-0.0521711964560283,-0.5232709526138071
8476967,20222023,EDM,12,9474,D,12,10,12,10.5,12,8,12,9.0,12,-0.12542895171815216,0.9175740856367507,0.7921451339185985
8476967,20232024,EDM,25,21692,D,25,8,25,9.5,25,6,25,10.5,25,-0.794503212446166,0.1188053651096852,-0.6756978473364808
8476967,20242025,EDM,22,24581,D,22,13,22,11.5,22,12,22,12.0,22,-0.37422964625886346,0.3184291185139303,-0.05580052774493316
8476967,20252026,COL,13,13799,D,13,5,13,5.0,13,3,13,4.0,13,-0.2677714170469905,-0.1089230146701019,-0.3766944317170924
8476979,20222023,TOR,2,1070,D,1,1,1,1.0,1,1,1,1.0,1,2.4213355567280286,0.01775931404352349,2.439094870771552
8476979,20232024,NYR,16,13770,D,16,6,16,4.0,16,11,16,7.0,16,0.16860565717381526,-0.05207640584619799,0.11652925132761727
8476981,20242025,MTL,5,3547,F,5,3,5,1.0,5,3,5,1.0,5,0.6363251666984691,-0.6362905256655509,3.464103291817011e-05
8476981,20252026,MTL,12,8193,F,12,3,12,4.0,12,4,12,5.0,12,0.42684094435463393,-1.911935936954563,-1.485094992599929
8476994,20242025,MIN,1,505,F,1,0,1,0.0,1,0,1,0.0,1,-0.5821057219496191,-0.42729397879618913,-1.0093997007458082
8477015,20232024,EDM,19,10948,F,15,7,15,5.0,13,5,15,5.0,13,-0.9040151608468132,0.0035789243496289203,-0.9004362364971843
8477015,20242025,EDM,20,14547,F,18,6,18,5.0,18,5,18,5.5,18,-0.7648886804342137,-0.4951502351489232,-1.2600389155831369
8477018,20222023,VGK,2,1382,D,2,1,2,1.5,2,1,2,1.0,2,-0.07006177014326598,0.9617802828112902,0.8917185126680243
8477018,20232024,VGK,1,770,D,1,1,1,1.0,1,1,1,1.0,1,0.3727758698441763,2.2540928217927707,2.626868691636947
8477018,20252026,VGK,7,5176,D,6,4,6,3.0,6,3,6,4.0,6,0.7036344333301261,-0.8500349143255401,-0.14640048099541403
8477021,20222023,TOR,11,7626,F,11,4,11,5.5,11,4,11,4.0,11,-0.731173665208559,-0.07168334999552961,-0.8028570152040886
8477021,20252026,UTA,6,4192,F,6,3,6,2.0,6,3,6,2.0,6,0.27314053980781194,-1.0831935469106737,-0.8100530071028618
8477070,20252026,UTA,3,1157,F,0,0,0,0.0,0,0,0,0.0,0,-1.034393183210667,-2.2785115748732827,-3.31290475808395
8477220,20222023,WPG,5,5104,D,5,2,5,2.0,5,2,5,2.0,5,-0.4621144567054758,-0.02770458057582692,-0.4898190372813027
8477220,20232024,WPG,3,2444,D,3,1,3,1.0,3,1,3,1.0,3,-0.5064947289636335,0.5151901188622285,0.008695389898595085
8477220,20242025,FLA,23,17426,D,23,17,23,14.0,23,16,23,14.0,23,0.3095622910544438,0.16100458670118822,0.470566877755632
8477220,20252026,UTA,6,5738,D,6,4,6,4.0,6,4,6,3.0,6,0.783827683799617,0.39631463648919674,1.1801423202888137
8477346,20252026,UTA,6,6093,D,6,2,6,1.0,6,2,6,2.0,6,-0.2155213614455156,-0.3418585427291325,-0.5573799041746481
8477353,20222023,NYR,7,3666,F,5,2,5,2.0,5,4,5,3.0,5,-0.7962146081394461,0.20042721890686144,-0.5957873892325847
8477353,20232024,TBL,5,2160,F,2,1,2,1.0,2,1,2,1.0,2,-0.46927540893885333,0.2994258610194285,-0.16984954791942486
8477357,20222023,WPG,5,1935,F,1,0,1,0.5,1,0,1,1.0,1,-1.7242579154644235,-1.0231841709588878,-2.7474420864233116
8477365,20222023,BOS,3,2365,D,3,0,3,0.5,3,1,3,2.0,3,-0.3044424650253359,-1.7086977121575475,-2.0131401771828834
8477369,20222023,SEA,14,10473,D,14,3,14,6.5,14,5,14,9.0,14,0.13908303045499526,-0.15856755646139176,-0.019484526006396496
8477369,20232024,VAN,12,9844,D,12,5,12,5.0,12,2,12,4.0,12,-0.2955945853810571,-0.4758872530237228,-0.7714818384047799
8477380,20232024,NYR,3,1488,F,2,0,2,0.0,2,0,2,0.0,2,-0.5879658339746789,-0.06003997875956202,-0.648005812734241
8477384,20242025,EDM,1,156,,0,0,0,0.0,0,0,0,0.0,0,9.18440898219858,0.24579606492895545,9.430205047127535
8477392,20222023,NYI,6,3869,F,6,4,6,4.0,6,4,6,4.0,6,0.6414938557657699,-0.09016169158448895,0.551332164181281
8477392,20232024,NYI,4,2851,F,4,1,4,1.0,4,1,4,1.0,4,-0.3616952866709826,-0.9236455267101693,-1.285340813381152
8477402,20242025,STL,7,6550,F,7,5,7,4.5,7,5,7,4.0,7,0.3034549977071239,0.7226504420761584,1.0261054397832823
8477404,20232024,CAR,11,10345,F,11,7,11,8.5,11,4,11,5.0,11,0.07987155946396696,0.05574245881184803,0.13561401827581498
8477404,20242025,TBL,5,4963,F,5,4,5,4.0,5,5,5,4.0,5,1.7289082045097413,0.30987200703739526,2.0387802115471363
8477406,20222023,EDM,5,2007,F,2,1,2,1.0,2,0,2,0.0,2,-1.314618410896445,0.5428648439832624,-0.7717535669131825
8477406,20232024,EDM,25,14365,F,21,8,21,10.5,20,8,21,10.0,20,-0.6858091292375634,0.12128009222854574,-0.5645290370090177
8477406,20242025,EDM,22,12350,F,19,7,19,5.5,19,8,19,5.0,19,-0.46791576668839197,0.033005330709996006,-0.43491043597839596
8477407,20222023,FLA,20,14995,F,20,7,20,6.0,20,10,20,7.0,20,0.14142517851516967,-0.8344013902699912,-0.6929762117548215
8477407,20232024,TBL,5,3327,F,5,2,5,2.0,5,2,5,1.0,5,0.378373650469205,-0.7084417533624365,-0.3300681028932315
8477409,20222023,FLA,21,19762,F,21,9,21,11.0,21,12,21,11.0,21,0.5128758504571644,-0.1535731228621926,0.35930272759497184
8477409,20232024,FLA,24,21938,F,24,16,24,11.0,23,12,24,10.0,23,0.36825587540345284,-0.11081439815912209,0.25744147724433075
8477409,20242025,FLA,23,20230,F,23,14,23,15.0,23,12,23,8.5,23,0.6825961655099579,-0.5195546271834193,0.16304153832653867
8477416,20222023,SEA,14,11995,F,14,6,14,7.0,14,8,14,8.0,14,0.5729386324021923,-0.650396400161545,-0.07745776775935265
8477425,20222023,NJD,8,4921,F,5,2,5,4.0,5,3,5,3.0,5,-0.1797370973654595,-0.7369984465864965,-0.916735543951956
8477425,20232024,COL,11,7108,F,11,4,11,5.5,11,2,11,4.0,11,-0.3874537504838993,-0.638622896431603,-1.0260766469155023
8477425,20242025,COL,1,536,F,1,0,1,0.0,1,0,1,0.0,1,-2.984525918346391,-1.5977613385531877,-4.582287256899579
8477426,20222023,TBL,6,4669,F,6,4,6,2.5,6,3,6,2.5,6,-0.5147865181144544,0.5275095960925302,0.012723077978075814
8477426,20232024,TBL,5,3890,F,5,2,5,1.5,5,2,5,1.0,5,-0.7314754226443809,-0.04045237692116466,-0.7719277995655456
8477426,20242025,TBL,5,3755,F,5,2,5,2.0,5,2,5,2.0,5,0.05749891469841106,-0.6856309817001969,-0.6281320670017858
8477435,20222023,NJD,10,9182,D,10,4,10,6.5,10,3,10,5.5,10,-0.1859099615825044,0.10720538219511822,-0.07870457938738618
8477446,20232024,NSH,6,4016,F,6,3,6,2.0,5,2,6,2.0,5,-0.873471723495628,-0.6807777122311103,-1.5542494357267382
8477446,20252026,MIN,11,7776,F,10,7,10,6.0,9,7,10,7.5,9,-0.33699164205252985,0.9080146019749225,0.5710229599223926
8477447,20222023,VGK,21,20510,D,21,17,21,13.5,21,13,21,12.0,21,0.16625180581624166,0.3526710256960408,0.5189228315122825
8477447,20232024,VGK,7,8116,D,7,2,7,3.0,7,3,7,5.0,7,0.37202315179978274,-0.6193155697564525,-0.24729241795666979
8477447,20242025,VGK,11,12202,D,11,7,11,7.0,11,6,11,7.0,11,0.18749015131739766,0.16698184200143684,0.3544719933188345
8477447,20252026,VGK,22,26811,D,22,16,22,13.5,22,16,22,14.5,22,0.23692507217743008,0.5486067039232638,0.7855317761006939
8477450,20252026,EDM,4,2495,F,4,3,4,2.0,4,2,4,2.0,4,0.30668077122070425,-0.5850693795348252,-0.27838860831412093
8477451,20222023,MIN,5,3976,F,5,4,5,3.5,5,3,5,3.0,5,0.8251247442064447,0.23608652990647605,1.0612112741129207
8477451,20242025,MIN,6,5136,F,6,2,6,2.0,6,3,6,3.0,6,0.4459616006502243,-0.4962254975642346,-0.05026389691401034
8477451,20252026,MIN,11,9931,F,11,5,11,6.0,11,7,11,5.0,11,0.6632503867216699,-0.22104208573390283,0.4422083009877671
8477454,20252026,DAL,1,461,F,0,0,0,0.0,0,0,0,0.0,0,-1.5718993222469662,0.5656283073352031,-1.006271014911763
8477456,20222023,COL,7,7325,F,7,3,7,3.5,7,3,7,3.0,7,-0.9748398517801369,0.34676817625538847,-0.6280716755247484
8477476,20222023,COL,7,6941,F,7,5,7,4.5,7,4,7,4.0,7,0.09837885410440173,-0.2145252553191197,-0.11614640121471798
8477476,20232024,COL,11,10717,F,11,10,11,8.5,11,8,11,7.5,11,0.7449965302068073,0.28840516427383545,1.0334016944806428
8477476,20242025,COL,7,6080,F,7,5,7,5.0,7,5,7,4.0,7,1.5912265668924066,-0.08260374816178029,1.5086228187306263
8477476,20252026,COL,11,9420,F,11,8,11,6.5,11,7,11,7.0,11,0.29368221590318244,0.3764850373718913,0.6701672532750738
8477478,20222023,VGK,18,9766,F,15,8,15,5.0,15,8,15,4.5,15,-0.20175397617463942,0.4193564352235075,0.2176024590488681
8477478,20232024,VGK,7,4199,F,7,2,7,2.0,7,2,7,2.5,7,-0.2001598206943811,0.09006668738063661,-0.11009313331374448
8477478,20242025,CAR,15,9018,F,10,7,10,6.5,9,5,10,6.0,9,-0.029917950345153432,-0.011427806339082025,-0.04134575668423546
8477478,20252026,CAR,15,7863,F,11,6,11,5.0,10,3,11,5.0,10,-0.9184085165359259,0.32143615677054704,-0.5969723597653789
8477479,20222023,BOS,7,5947,F,7,3,7,3.0,7,2,7,4.0,7,-0.44108494790185926,-0.35475756374477596,-0.7958425116466352
8477479,20232024,TOR,7,6272,F,7,5,7,5.0,7,4,7,4.0,7,1.560605790844776,-0.4707758344381181,1.0898299564066578
8477488,20222023,CAR,15,16465,D,15,10,15,7.0,15,4,15,3.5,15,-0.55513352444946,-0.41053734265666586,-0.9656708671061258
8477488,20232024,CAR,2,1482,D,1,1,1,1.0,1,1,1,1.0,1,2.0782989039413233,0.08174805145491959,2.160046955396243
8477488,20242025,NJD,5,5618,D,5,2,5,3.0,5,3,5,2.0,5,-0.15371451210454934,-0.2993942306224948,-0.45310874272704416
8477492,20222023,COL,7,8237,F,7,4,7,4.5,7,4,7,4.0,7,0.786060900080988,0.07454351632931333,0.8606044164103013
8477492,20232024,COL,11,12546,F,11,7,11,5.5,11,8,11,5.0,11,0.3925575535912871,0.6134506054170432,1.0060081590083303
8477492,20242025,COL,7,7116,F,7,5,7,4.0,7,4,7,3.0,7,1.4012887582804807,-0.5539381507015724,0.8473506075789083
8477492,20252026,COL,13,13195,F,13,9,13,8.5,13,8,13,8.0,13,0.062337527487200894,0.5551577121791373,0.6174952396663382
8477493,20222023,FLA,21,20103,F,20,9,20,7.5,20,10,20,8.0,20,-0.3054181566007421,0.5397812453404618,0.23436308873971967
8477493,20232024,FLA,24,23108,F,24,17,24,18.0,24,16,24,17.0,24,-0.053580462979070376,0.36836332577349773,0.31478286279442735
8477493,20242025,FLA,23,21042,F,23,14,23,13.0,23,14,23,10.0,23,-0.10553061144781051,0.17343999754373107,0.06790938609592057
8477494,20232024,COL,3,3241,F,3,2,3,0.0,3,2,3,0.0,3,-0.19627518292331425,-0.1819681241077329,-0.37824330703104714
8477494,20242025,COL,7,4862,F,6,3,6,2.5,6,1,6,1.0,6,-1.7152109697130908,-0.09179689734814067,-1.8070078670612315
8477495,20242025,FLA,23,25534,D,23,15,23,14.0,23,13,23,11.0,23,-0.5267234703475858,0.6218938654652248,0.09517039511763903
8477496,20232024,VAN,13,11639,F,13,6,13,6.0,12,7,13,6.0,12,-0.4559110764422214,0.054196303714475924,-0.4017147727277455
8477497,20232024,WPG,5,4602,F,5,1,5,1.0,5,1,5,1.5,5,-0.5362804769593412,-0.055752845725008715,-0.5920333226843499
8477498,20222023,EDM,11,11568,D,11,7,11,6.0,11,6,11,5.5,11,0.5521469874193081,-0.42625312499384815,0.12589386242545997
8477498,20232024,EDM,25,22615,D,24,11,24,8.5,24,7,24,8.0,24,-0.033412311286510565,-1.1178667548478818,-1.1512790661343923
8477498,20242025,EDM,22,24434,D,22,7,22,6.5,22,5,22,7.5,22,-0.6470382728773503,-0.25277909381548813,-0.8998173666928384
8477498,20252026,EDM,6,7229,D,6,3,6,2.0,6,2,6,2.0,6,-0.9022375909113596,0.32061324912048716,-0.5816243417908724
8477499,20252026,PHI,7,7122,D,7,3,7,1.0,7,4,7,3.0,7,1.257222686068949,-0.7513693515315709,0.5058533345373781
8477500,20222023,NYI,6,5522,F,6,4,6,3.5,6,4,6,3.0,6,-0.11191900984275982,0.8452270281587912,0.7333080183160314
8477500,20232024,NYI,5,5051,F,5,2,5,0.5,5,4,5,2.0,5,-0.21509950160259628,0.647450571651969,0.4323510700493727
8477501,20222023,COL,2,1849,F,2,2,2,1.0,2,2,2,1.0,2,0.44442475584203933,0.7864602384166841,1.2308849942587234
8477501,20232024,COL,8,8429,F,8,4,8,4.0,8,3,8,3.5,8,-0.36657942338204696,0.39163313915092135,0.025053715768874385
8477501,20242025,COL,7,6361,F,7,3,7,4.0,7,3,7,3.0,7,-0.8211587747929818,-0.09774613083467498,-0.9189049056276568
8477501,20252026,COL,12,8938,F,11,4,11,6.0,11,3,11,4.0,11,-0.3555600654287687,-1.1329662027668328,-1.4885262681956015
8477503,20222023,DAL,19,13634,F,19,8,19,8.0,19,9,19,6.0,19,0.16178798196289357,-0.8889788661522231,-0.7271908841893295
8477503,20232024,TOR,7,5852,F,7,5,7,4.5,7,4,7,5.0,7,2.1485508364353256,-0.5105775217607793,1.6379733146745463
8477503,20242025,TOR,13,8504,F,12,2,12,2.0,12,4,12,4.0,12,-0.14200647503314756,-1.0994840618448496,-1.2414905368779972
8477504,20222023,WPG,3,2340,D,2,2,2,2.0,2,2,2,2.0,2,1.2799364646607116,0.6951068898604713,1.975043354521183
8477504,20232024,WPG,5,6377,D,5,2,5,2.0,5,3,5,2.0,5,0.10375417058614689,0.16914927807592406,0.27290344866207095
8477504,20242025,WPG,12,12392,D,11,4,11,2.5,11,3,11,2.5,11,-0.017658219991155688,-0.17948026491132563,-0.19713848490248131
8477505,20222023,SEA,14,12799,F,14,6,14,4.0,14,6,14,5.0,14,-0.16961537253448244,-0.5519407295786865,-0.7215561021131689
8477505,20232024,NYR,16,11685,F,16,7,16,6.0,16,10,16,6.0,16,0.1297161670749023,-0.2655136110192631,-0.13579744394436077
8477506,20222023,NYI,6,6950,D,6,2,6,2.0,6,2,6,2.0,6,0.23598774705163272,-0.637178641494681,-0.40119089444304823
8477506,20232024,NYI,5,5838,D,5,1,5,2.0,5,3,5,2.0,5,-0.1438903721672693,-0.31929047812106104,-0.46318085028833034
8477507,20232024,VAN,13,13125,D,13,7,13,6.5,13,8,13,7.0,13,-0.1337602688943853,0.3351827415877169,0.20142247269333158
8477508,20222023,NJD,6,2451,F,2,1,2,1.0,2,1,2,1.0,2,0.9004365415914397,0.33450750227619386,1.2349440438676336
8477508,20252026,EDM,5,2220,F,3,0,3,1.0,3,1,3,1.0,3,-0.5845457425928711,-0.6101298995878,-1.194675642180671
8477511,20232024,VGK,3,2123,F,3,0,3,1.5,3,1,3,3.0,3,-0.31154879076630726,-0.38128897065399237,-0.6928377614202996
8477511,20252026,PIT,3,1872,F,3,1,3,1.0,3,1,3,1.0,3,-0.2911935870476303,-1.2094022737442254,-1.5005958607918557
8477527,20252026,ANA,5,2841,F,4,1,4,0.5,4,1,4,1.0,4,-0.9603951802992248,-1.5024452095297351,-2.46284038982896
8477573,20242025,STL,7,4556,F,7,4,7,3.0,7,3,7,3.0,7,-0.21693378983058476,0.09448280488988292,-0.12245098494070183
8477810,20222023,DAL,13,9277,D,13,10,13,8.0,13,9,13,8.0,13,0.11266886974695955,0.7317849825934326,0.8444538523403922
8477845,20232024,WSH,3,1755,D,2,1,2,1.0,2,1,2,1.0,2,-1.2278813929313932,-0.844479127685378,-2.0723605206167712
8477845,20242025,WSH,10,8361,D,10,6,10,5.0,10,7,10,7.0,10,0.9286210236052366,0.21438738685207248,1.143008410457309
8477887,20232024,BOS,1,470,,0,0,0,0.0,0,0,0,0.0,0,-1.40246884789737,0.7169058707845808,-0.6855629771127891
8477903,20222023,BOS,7,3407,F,3,3,3,2.0,3,1,3,1.0,3,-0.013853118063363201,-0.4379006100870657,-0.4517537281504289
8477903,20252026,PHI,5,2716,F,4,1,4,1.0,4,2,4,1.5,4,0.0733406509463499,-0.11809916173532509,-0.04475851078897519
8477919,20222023,MIN,6,4496,F,6,2,6,3.0,6,2,6,2.5,6,-0.129581487492048,-0.34324193375785406,-0.47282342124990207
8477919,20242025,MIN,6,4093,F,6,1,6,1.5,6,1,6,2.0,6,-0.6674560467486574,-0.9796366770997977,-1.6470927238484552
8477930,20222023,TBL,6,2986,F,2,1,2,2.0,2,1,2,2.0,2,-0.40459616969027223,0.58260748571394,0.17801131602366782
8477931,20222023,BOS,7,4017,F,5,2,5,2.0,5,3,5,2.0,5,-0.7523144436241334,0.4162203129273845,-0.33609413069674887
8477931,20242025,FLA,16,7737,F,6,3,6,1.0,6,2,6,1.0,6,-1.0638164723374117,0.06256033172330255,-1.0012561406141092
8477932,20222023,FLA,20,21155,D,20,9,20,9.0,20,10,20,11.0,20,-0.09517949146657578,0.6456346834066897,0.5504551919401139
8477932,20232024,FLA,24,25580,D,24,11,24,11.5,24,10,24,10.5,24,0.09013372384742135,-0.697463281600625,-0.6073295577532036
8477932,20242025,FLA,19,20029,D,19,12,19,11.0,19,9,19,10.0,19,0.41043028799011827,-0.356142772129975,0.05428751586014324
8477933,20222023,FLA,21,20610,F,21,9,21,6.5,21,9,21,7.0,21,-0.8164280799973886,1.1624097208611208,0.3459816408637322
8477933,20232024,FLA,24,23552,F,24,15,24,15.5,24,13,24,13.0,24,-0.28676414229495073,0.49378970623740837,0.20702556394245764
8477933,20242025,FLA,21,20247,F,20,15,20,12.0,20,11,20,11.0,20,-0.29016020012791177,0.22795037921974748,-0.06220982090816429
8477934,20222023,EDM,12,12766,F,12,10,12,9.0,12,8,12,9.0,12,0.6592789508817574,0.14421532227788125,0.8034942731596386
8477934,20232024,EDM,25,24433,F,25,13,25,11.5,25,14,25,11.0,25,0.8233215270998044,-0.08637059047960483,0.7369509366201996
8477934,20242025,EDM,22,22540,F,22,11,22,14.5,22,13,22,15.0,22,0.15198440238099842,0.11902273721221945,0.27100713959321787
8477934,20252026,EDM,6,6919,F,6,3,6,2.5,6,3,6,2.5,6,0.314992090538464,-0.4036854112271415,-0.08869332068867752
8477935,20222023,FLA,20,18621,F,20,6,20,8.0,20,13,20,14.0,20,0.1785368154160034,0.08134368572813067,0.2598805011441341
8477935,20232024,FLA,19,13999,F,18,8,18,9.5,18,11,18,8.0,18,0.7694587548713114,-0.43193970644979474,0.3375190484215167
8477935,20242025,FLA,23,18600,F,23,17,23,15.0,23,13,23,12.5,23,0.5643893859722242,0.00029497750483820084,0.5646843634770624
8477938,20222023,TBL,1,788,D,1,0,1,0.0,1,0,1,0.0,1,-1.5888306486356174,-0.33379765159695163,-1.922628300232569
8477938,20242025,WPG,8,6200,D,7,2,7,1.5,7,3,7,1.5,7,-0.5830085572099253,-0.1617865001706602,-0.7447950573805855
8477939,20222023,TOR,11,10111,F,11,7,11,7.5,11,4,11,6.0,11,0.9073532669975619,-0.4303041213747676,0.4770491456227943
8477939,20232024,TOR,4,4329,F,4,3,4,1.5,4,4,4,3.0,4,-0.03102444492941725,0.2017049471060517,0.17068050217663444
8477939,20242025,TOR,13,11692,F,13,5,13,9.0,13,10,13,10.0,13,0.4294278157276852,0.11569176971460626,0.5451195854422914
8477940,20222023,WPG,1,1226,F,1,0,1,0.0,1,1,1,1.0,1,-1.6164021843468506,1.2644161506076608,-0.3519860337391898
8477940,20232024,WPG,5,4092,F,5,2,5,2.0,5,2,5,2.0,5,-0.05952654966974169,0.055338168920466835,-0.004188380749274856
8477940,20242025,WPG,8,6426,F,8,4,8,3.5,8,5,8,3.5,8,-0.18795371426445429,0.676667565162508,0.48871385089805375
8477940,20252026,CAR,15,12040,F,15,11,15,10.0,15,9,15,9.5,15,0.08313100893253322,0.4877772777106075,0.5709082866431407
8477942,20222023,LAK,3,2724,F,3,1,3,0.5,3,1,3,0.5,3,-0.17872379952401785,0.27801920215311204,0.0992954026290942
8477942,20232024,LAK,5,4487,F,5,3,5,3.0,5,2,5,2.0,5,-0.5526675583557528,0.5969983354758406,0.044330777120087816
8477942,20242025,LAK,6,6315,F,6,5,6,4.5,6,5,6,5.0,6,0.5055062135870574,1.272468613125255,1.7779748267123123
8477947,20232024,WSH,4,2134,F,4,2,4,3.0,4,1,4,2.0,4,0.4739523242789565,-0.8680069214203749,-0.39405459714141844
8477948,20252026,PHI,7,8298,D,7,2,7,2.5,7,4,7,5.0,7,1.175955839308888,-0.39907086089937094,0.7768849784095171
8477949,20252026,BUF,7,5897,F,7,4,7,2.5,7,3,7,2.0,7,-0.4167474813967944,-0.4956740930933887,-0.9124215744901831
8477950,20232024,CAR,9,7395,D,9,7,9,6.5,9,7,9,6.0,9,0.23718792009216827,-0.053190715308708114,0.18399720478346016
8477951,20252026,UTA,6,5730,F,6,2,6,1.5,6,3,6,2.0,6,-0.31919125669069826,0.23326135135800108,-0.08592990533269718
8477953,20242025,EDM,12,7963,F,10,3,10,4.5,10,3,10,5.0,10,-0.9593853822357998,-0.6588819312889522,-1.618267313524752
8477953,20252026,EDM,6,5869,F,6,4,6,4.0,6,4,6,5.0,6,0.6339876313219612,0.1877511120381885,0.8217387433601497
8477955,20222023,SEA,8,5685,F,7,2,7,2.0,7,3,7,3.0,7,-0.040102893447671484,0.24302189177568367,0.2029189983280122
8477956,20222023,BOS,7,6526,F,7,5,7,4.5,7,4,7,4.0,7,-0.031906206683138816,-0.10637421789081669,-0.1382804245739555
8477956,20232024,BOS,13,12437,F,13,6,13,5.5,13,6,13,5.0,13,0.38037472575420495,-0.3187864311619335,0.06158829459227144
8477960,20222023,LAK,6,5694,F,6,2,6,1.5,6,3,6,3.0,6,-0.2769059730694696,0.33918366794073807,0.06227769487126844
8477960,20232024,LAK,5,4655,F,5,2,5,4.0,5,4,5,3.0,5,-0.49684404248467073,0.9348290937408237,0.43798505125615295
8477960,20242025,LAK,6,6120,F,6,2,6,3.5,6,3,6,4.0,6,-0.8484379847702161,-0.17720858852850618,-1.0256465732987223
8477960,20252026,LAK,4,3458,F,4,1,4,0.0,4,1,4,0.0,4,-1.3585663131570838,0.5147093270167566,-0.8438569861403271
8477964,20222023,VGK,22,17667,F,22,13,22,14.5,22,11,22,13.0,22,0.905164714513873,-0.3942989838733846,0.5108657306404885
8477964,20232024,VGK,7,5750,F,7,2,7,1.5,7,4,7,4.0,7,0.5513075465159916,-0.43829467758062846,0.11301286893536311
8477964,20242025,VGK,11,9828,F,11,5,11,5.5,11,3,11,3.0,11,0.2072007961447273,-0.7631934539572183,-0.555992657812491
8477964,20252026,VGK,22,18664,F,22,8,22,9.5,22,10,22,11.0,22,-0.10866535208178796,-0.6246710762849115,-0.7333364283666994
8477971,20232024,LAK,5,3668,D,5,3,5,2.0,5,3,5,2.0,5,-0.9144509889259038,0.7607437347898258,-0.153707254136078
8477979,20232024,WSH,3,1436,F,2,1,2,1.5,2,1,2,2.0,2,-1.2898982885953627,0.32285869791789024,-0.9670395906774725
8477986,20222023,FLA,21,25127,D,21,7,21,6.5,21,12,21,9.0,21,0.35829546981495763,-0.5836822219880093,-0.2253867521730517
8477986,20232024,FLA,24,25504,D,24,13,24,13.5,24,10,24,11.0,24,-0.11438924520197835,0.20321356615962038,0.08882432095764203
8477987,20222023,SEA,14,6808,F,6,3,6,2.5,6,3,6,2.0,6,-0.28720986202877463,0.2191329062269629,-0.06807695580181172
8477989,20242025,MTL,5,4195,F,5,4,5,1.5,5,3,5,1.5,5,0.5847470654039757,0.1918110812845737,0.7765581466885494
8477989,20252026,PHI,7,5194,F,7,2,7,2.5,7,4,7,4.0,7,-0.031081423895899185,0.2778999759987113,0.24681855210281212
8477998,20222023,EDM,12,7041,F,10,7,10,6.5,10,7,10,6.0,10,1.058980842774698,0.08219223909079654,1.1411730818654946
8477998,20232024,EDM,22,13228,F,18,8,18,7.5,18,7,18,7.0,18,0.022613128266804505,-0.2611048393827069,-0.2384917111159024
8477998,20242025,LAK,6,5406,F,6,3,6,1.5,6,3,6,2.5,6,0.35316624359608495,0.423605490043673,0.7767717336397579
8478010,20222023,TBL,6,5421,F,6,1,6,1.5,6,2,6,2.0,6,0.3633568297937231,-0.40054087120134385,-0.03718404140762077
8478010,20232024,TBL,5,4905,F,5,3,5,2.5,5,4,5,2.0,5,0.8955984994385067,0.05572272906736986,0.9513212285058765
8478010,20242025,TBL,5,5138,F,5,3,5,4.0,5,4,5,4.0,5,1.136355843164834,0.5241465582150724,1.6605024013799063
8478013,20242025,EDM,22,20540,D,22,13,22,11.0,22,14,22,10.5,22,0.7548876634434967,-0.12421204565813815,0.6306756177853585
8478013,20252026,EDM,6,5493,D,6,3,6,4.0,6,4,6,4.0,6,0.9878471961405948,-0.5941373805291903,0.3937098156114045
8478020,20222023,VGK,16,10727,F,13,8,13,8.0,13,7,13,4.5,13,0.08912455291285504,0.11899100034837717,0.2081155532612322
8478020,20232024,VGK,4,2658,F,4,3,4,1.0,4,3,4,2.0,4,1.243149230497361,0.05169744665738163,1.2948466771547427
8478020,20242025,OTT,6,5370,F,6,1,6,2.5,6,2,6,2.0,6,-0.9125673032133181,0.029188975769068648,-0.8833783274442495
8478028,20222023,DAL,2,1193,F,2,2,2,2.0,2,2,2,2.0,2,2.900659250567969,0.613568759782595,3.514228010350564
8478038,20222023,COL,7,7957,D,7,5,7,5.0,7,4,7,6.0,7,-0.031542013668667046,0.3307434779988616,0.29920146433019457
8478038,20232024,COL,10,11617,D,10,10,10,6.5,10,8,10,5.5,10,0.5179030416129584,0.5892996464401437,1.107202688053102
8478038,20242025,COL,7,7738,D,7,4,7,5.5,7,5,7,5.0,7,0.5462506225498491,-0.1306423928199305,0.4156082297299186
8478038,20252026,COL,13,15725,D,13,11,13,10.5,13,9,13,10.0,13,0.8622371045140929,0.5640986177106906,1.4263357222247834
8478042,20222023,LAK,6,5736,F,6,4,6,4.0,6,5,6,4.0,6,0.7437732539986399,1.1216859170047817,1.8654591710034216
8478042,20232024,LAK,5,4518,F,5,1,5,2.0,5,2,5,2.0,5,-0.05927006240474597,-0.8544207244831883,-0.9136907868879343
8478042,20242025,EDM,15,8496,F,11,5,11,4.0,11,3,11,3.0,11,-0.5377735310271978,0.025460771414655525,-0.5123127596125423
8478043,20222023,TOR,9,4924,F,6,3,6,3.5,6,2,6,2.0,6,-0.18906307601320238,-0.5901401576172387,-0.7792032336304411
8478043,20232024,VAN,11,5203,F,4,3,4,1.5,4,1,4,1.0,4,-0.6942551046458556,0.009210773458432797,-0.6850443311874228
8478046,20232024,BOS,8,5804,F,8,6,8,5.0,8,6,8,4.0,8,0.21918377013412682,0.41942278840151004,0.6386065585356369
8478047,20222023,TOR,7,5256,F,6,4,6,3.0,6,5,6,3.0,6,0.4333448455143216,0.42336987430361983,0.8567147198179415
8478047,20252026,DAL,1,543,F,1,1,1,1.0,1,1,1,1.0,1,1.2934150296668898,0.7900664915167619,2.0834815211836517
8478055,20222023,FLA,21,25016,D,21,10,21,11.0,21,14,21,13.0,21,-0.24370553164274078,0.7857395548364994,0.5420340231937586
8478055,20232024,FLA,24,26780,D,24,13,24,14.0,24,10,24,10.0,24,0.18252149972045206,-0.6883437928446048,-0.5058222931241527
8478055,20242025,FLA,23,24488,D,23,14,23,14.5,23,9,23,12.5,23,0.4028671952665053,-0.6474759298305612,-0.24460873456405596
8478057,20232024,VAN,13,9740,F,13,5,13,5.0,12,5,13,5.0,12,-0.8076235112604833,-0.16306217051806726,-0.9706856817785505
8478109,20242025,VGK,9,6421,F,8,3,8,5.0,8,3,8,3.0,8,-0.8505025122729406,0.3346176901309901,-0.5158848221419505
8478115,20222023,NYI,6,4594,F,6,3,6,3.0,6,3,6,4.0,6,0.6801323260289025,-0.42731260677745153,0.25281971925145097
8478115,20232024,NYI,5,4104,F,5,3,5,1.5,5,3,5,4.0,5,0.9769322412610195,-0.24774833682535302,0.7291839044356665
8478133,20242025,MTL,5,3806,F,5,2,5,1.0,5,4,5,1.0,5,-1.2056975502519083,0.9983913257977362,-0.20730622445417213
8478133,20252026,MTL,12,9736,F,12,6,12,6.5,12,8,12,8.0,12,-0.1327541122382523,1.2303031427431668,1.0975490305049145
8478136,20222023,MIN,6,5546,D,6,3,6,3.0,6,2,6,2.5,6,-0.171788184060917,0.034272292966217144,-0.13751589109469986
8478136,20242025,MIN,6,6536,D,6,2,6,1.5,6,5,6,3.0,6,0.15981484272736202,0.3597652232483721,0.5195800659757341
8478136,20252026,MIN,11,8851,D,10,2,10,3.5,10,4,10,4.0,10,-0.43624361814536483,-0.33107422247066376,-0.7673178406160286
8478146,20242025,OTT,1,433,F,0,0,0,0.0,0,0,0,0.0,0,-1.256167300709182,0.7830148129550341,-0.473152487754148
8478178,20222023,TBL,6,7049,D,6,3,6,1.5,6,1,6,1.0,6,-0.9464334623550552,-0.4073263340497153,-1.3537597964047705
8478178,20232024,TBL,3,2493,D,3,2,3,1.5,3,3,3,2.0,3,0.7170155323880008,0.36265918255580143,1.0796747149438022
8478178,20242025,TBL,4,2560,D,4,2,4,0.0,4,2,4,0.0,4,0.04883027256587846,-0.5337995970062699,-0.4849693244403914
8478233,20242025,WSH,10,5863,F,9,3,9,4.5,9,4,9,4.0,9,-0.36596051435948374,-0.6878429488404785,-1.0538034631999622
8478396,20232024,VGK,7,8346,D,7,1,7,1.0,7,4,7,4.0,7,-0.5540775265144333,0.5128667218183944,-0.04121080469603888
8478396,20242025,VGK,11,12458,D,11,4,11,5.5,11,5,11,4.0,11,-0.14167834595683404,-0.43886261692986883,-0.5805409628867029
8478396,20252026,VGK,22,24174,D,22,6,22,7.0,22,5,22,5.0,22,-0.5682988838880858,-0.40835508480946325,-0.9766539686975491
8478397,20252026,VGK,22,23890,D,22,7,22,7.5,22,10,22,8.5,22,-0.2719895333014648,-0.7499534672193269,-1.0219430005207917
8478398,20222023,WPG,5,5164,F,5,4,5,4.0,5,5,5,3.0,5,1.5128603253191162,0.2840259407129395,1.7968862660320557
8478398,20232024,WPG,5,5251,F,5,2,5,2.0,5,3,5,2.0,5,0.5738502350277201,-0.2940036103972563,0.27984662463046384
8478398,20242025,WPG,13,13013,F,13,4,13,4.5,13,7,13,5.5,13,0.4830602768134029,-0.09221667826286373,0.3908435985505392
8478399,20222023,NJD,11,11133,D,11,9,11,8.5,11,8,11,8.0,11,0.5219769034731025,0.14901424787041195,0.6709911513435145
8478399,20242025,NJD,3,3215,D,3,1,3,2.5,3,2,3,1.0,3,-0.5566427777013105,0.8434190041908196,0.28677622648950907
8478400,20222023,FLA,21,7643,F,3,0,3,1.0,3,0,3,1.5,3,-0.2904122239954883,-1.293842346625104,-1.5842545706205922
8478401,20222023,BOS,7,5610,F,7,7,7,6.5,7,7,7,7.0,7,1.1921354733171485,1.6777557027116325,2.869891176028781
8478401,20232024,BOS,13,10483,F,13,7,13,5.5,13,6,13,7.0,13,-0.32226470835864385,0.13207955759760548,-0.19018515076103837
8478402,20222023,EDM,12,12693,F,12,11,12,9.5,12,7,12,7.0,12,0.5460133016649689,0.38032643897366114,0.92633974063863
8478402,20232024,EDM,25,26822,F,25,18,25,12.5,25,21,25,14.0,25,1.2385029185548564,0.40138999365859673,1.6398929122134531
8478402,20242025,EDM,22,23582,F,22,17,22,15.0,22,15,22,16.0,22,0.9243506875473186,0.4419985481541451,1.3663492357014637
8478402,20252026,EDM,6,6879,F,6,4,6,3.5,6,3,6,3.0,6,-0.28065614335364275,0.5129566630442359,0.23230051969059318
8478403,20222023,VGK,22,19872,F,22,15,22,14.5,22,13,22,14.0,22,0.5235808636975818,-0.01690008811630861,0.5066807755812732
8478403,20232024,VGK,7,7419,F,7,4,7,2.0,7,4,7,4.0,7,0.2577347357909241,-0.006061028336806995,0.2516737074541171
8478403,20242025,VGK,11,11337,F,11,7,11,5.5,11,5,11,6.0,11,0.14470286783552533,0.10906682090451536,0.2537696887400407
8478403,20252026,VGK,22,21864,F,22,11,22,12.0,22,12,22,12.0,22,-0.36928931539940946,0.2741509610334969,-0.09513835436591256
8478407,20222023,SEA,14,16177,D,14,2,14,6.0,14,6,14,8.0,14,0.5206837211282045,-0.5667334829027646,-0.046049761774560105
8478413,20252026,BUF,7,3312,F,4,2,4,2.0,4,1,4,2.0,4,-1.5127719539649434,-0.33042684858463867,-1.843198802549582
8478414,20222023,NJD,11,9186,F,11,6,11,7.0,11,7,11,7.0,11,0.8612772226444028,-0.3469864818183739,0.5142907408260289
8478414,20242025,NJD,5,4751,F,5,4,5,4.0,5,5,5,4.0,5,1.3869171268306295,2.061686309987935,3.4486034368185643
8478416,20222023,TBL,1,372,D,0,0,0,0.0,0,0,0,0.0,0,-2.14527351721192,-0.8744809295598381,-3.019754446771758
8478416,20232024,TBL,5,4767,D,5,0,5,2.5,5,1,5,1.5,5,0.11202930790745125,-0.7015473863304083,-0.589518078422957
8478416,20242025,TBL,5,4425,D,5,2,5,1.0,5,3,5,2.0,5,0.7313615786372296,-0.26405175333469755,0.46730982530253207
8478420,20222023,COL,7,7324,F,7,5,7,4.5,7,6,7,6.0,7,0.6899076345968886,0.6369057580860267,1.3268133926829153
8478420,20232024,COL,11,12321,F,11,4,11,6.0,11,5,11,5.0,11,-0.17985711315318698,0.5818333271069358,0.40197621395374883
8478420,20242025,DAL,18,18181,F,18,8,18,9.0,18,11,18,10.0,18,0.7819766107051622,-0.009061735529868553,0.7729148751752937
8478420,20252026,DAL,6,5673,F,6,2,6,3.0,6,1,6,2.0,6,-0.1686538668964448,-0.6919242170727711,-0.8605780839692159
8478421,20242025,FLA,16,6490,F,5,3,5,2.0,5,3,5,2.0,5,-0.5645334703731719,-0.21427111119118036,-0.7788045815643523
8478424,20252026,ANA,3,1520,F,2,1,2,0.5,2,1,2,1.0,2,-0.6635508058388613,-1.994864040445366,-2.658414846284227
8478427,20222023,CAR,15,12775,F,15,9,15,7.5,15,7,15,8.0,15,0.0483421352997655,0.5136050515607524,0.5619471868605179
8478427,20232024,CAR,11,10740,F,11,8,11,9.0,11,6,11,8.0,11,0.32074420051400576,0.009074534419270641,0.3298187349332764
8478427,20242025,CAR,15,13287,F,15,9,15,6.5,15,8,15,6.0,15,0.24554054472744058,0.1413006248638573,0.3868411695912979
8478427,20252026,CAR,15,12453,F,15,8,15,8.0,15,7,15,4.5,15,-0.9901832982228638,0.40065879304524565,-0.5895245051776181
8478434,20222023,VGK,22,11765,F,17,10,17,7.5,17,5,17,4.5,17,-0.4101526343351156,0.3604557779789741,-0.04969685635614152
8478434,20232024,VGK,6,3718,F,6,2,6,0.5,6,2,6,0.5,6,-0.6262328726541118,-0.09064031518696991,-0.7168731878410817
8478434,20242025,VGK,11,6683,F,8,3,8,3.5,8,4,8,3.0,8,0.46758889949982274,0.16044792436147537,0.6280368238612981
8478434,20252026,VGK,21,11088,F,14,8,14,7.0,13,6,14,7.0,13,-0.3005166117519429,0.4555004222640344,0.15498381051209154
8478438,20232024,NSH,6,2784,F,2,2,2,1.0,2,2,2,0.0,2,0.2947435764223032,0.35730221068393764,0.6520457871062408
8478438,20252026,PIT,3,2155,F,3,2,3,1.5,3,1,3,1.5,3,-0.524517106297087,-0.3058091286471145,-0.8303262349442015
8478439,20252026,PHI,7,5654,F,7,3,7,3.5,7,5,7,5.0,7,0.2228711323194188,0.152101892772722,0.3749730250921408
8478440,20232024,WSH,4,3561,F,4,4,4,3.5,4,4,4,4.0,4,1.0661294661927387,0.6085476648932229,1.6746771310859616
8478440,20242025,WSH,10,8484,F,10,5,10,6.0,10,5,10,4.0,10,0.4125544118427551,-0.31994439657783236,0.09261001526492274
8478443,20222023,BOS,7,6837,D,7,4,7,4.0,7,3,7,3.0,7,-0.34360733015468714,0.819686131072108,0.47607880091742083
8478443,20232024,BOS,13,12214,D,13,5,13,7.5,13,6,13,7.0,13,-0.17440851607713292,-0.23420330005875467,-0.4086118161358876
8478443,20242025,TOR,13,12452,D,13,5,13,5.5,13,6,13,6.5,13,0.288845442367921,-0.5517498219686532,-0.2629043796007322
8478444,20232024,VAN,12,11580,F,12,7,12,7.0,12,8,12,8.0,12,0.5633605755867057,-0.13956541854310434,0.4237951570436014
8478445,20222023,NYI,6,4941,F,6,4,6,1.0,6,3,6,1.5,6,0.0365085561901739,0.04955125505381863,0.08605981124399253
8478445,20232024,NYI,5,5101,F,5,2,5,0.5,5,2,5,1.0,5,-0.22309133095859734,-0.1818205391152956,-0.40491187007389295
8478449,20222023,DAL,19,16030,F,19,13,19,13.0,19,17,19,15.0,19,1.1269267778039191,0.6861545613115607,1.8130813391154799
8478449,20232024,DAL,15,12139,F,14,8,14,9.0,14,8,14,9.0,14,0.019024568588251967,0.3538504446021984,0.37287501319045036
8478449,20242025,DAL,17,13723,F,17,8,17,6.5,16,10,17,9.0,16,0.02685013062093855,-0.0707746728833909,-0.04392454226245235
8478450,20232024,BOS,10,8641,D,10,6,10,7.5,10,6,10,7.0,10,0.008308871305204413,0.6784337186661802,0.6867425899713846
8478450,20252026,PIT,3,3518,D,3,2,3,2.0,3,1,3,1.0,3,-0.5367435377110241,-0.6889395197735313,-1.2256830574845554
8478452,20232024,COL,3,1907,D,3,3,3,2.5,3,2,3,3.0,3,0.3499873808280962,-0.13476292394305522,0.215224456885041
8478454,20232024,VAN,2,1269,D,2,0,2,0.0,2,0,2,0.0,2,-0.681234572555705,-1.593733306481954,-2.274967879037659
8478454,20252026,PHI,3,1672,D,3,2,3,2.0,3,2,3,2.0,3,-0.04744674440675767,1.0732646817179456,1.025817937311188
8478458,20232024,NYR,16,10943,F,15,3,15,4.5,15,4,15,6.5,15,0.23532355718905995,-0.8074684223526458,-0.5721448651635859
8478458,20242025,CAR,9,6278,F,9,4,9,3.0,9,2,9,2.0,9,-0.15957263765869234,-1.2379600928481902,-1.3975327305068825
8478458,20252026,EDM,6,4261,F,6,4,6,3.0,6,4,6,3.0,6,0.6001166297451075,-0.23669135772040972,0.36342527202469777
8478462,20222023,VGK,22,15590,F,21,14,21,8.5,21,10,21,6.5,21,-0.38617973103404646,0.40431186258795715,0.01813213155391069
8478462,20232024,VGK,7,4717,F,7,3,7,1.5,7,3,7,1.5,7,-0.4814847915662883,0.7007403781293964,0.21925558656310806
8478462,20242025,VGK,11,7581,F,10,4,10,4.5,10,5,10,5.0,10,0.23856435693337286,-0.5180956043384333,-0.2795312474050604
8478462,20252026,COL,13,8627,F,13,7,13,7.0,13,5,13,5.0,13,0.45051131307477243,-0.4178299698385963,0.03268134323617611
8478463,20232024,NSH,6,4028,F,5,1,5,1.0,5,2,5,1.0,5,0.2142969834555759,-0.5379456181577162,-0.32364863470214034
8478463,20242025,WSH,10,7379,F,10,7,10,4.5,9,7,10,3.5,9,1.0014680990107592,-0.3191743060943337,0.6822937929164254
8478466,20222023,SEA,10,3845,F,0,0,0,0.0,0,0,0,0.0,0,-0.6631508210656942,-0.013212088811374478,-0.6763629098770687
8478466,20242025,NJD,1,607,F,1,0,1,0.0,1,0,1,0.0,1,-1.1861825421726087,-2.067173092062372,-3.2533556342349805
8478468,20232024,NSH,6,5708,D,6,2,6,2.0,6,2,6,2.0,6,-0.125766122949313,-0.24925119124372896,-0.37501731419304196
8478468,20252026,VGK,12,9051,D,12,4,12,7.0,12,6,12,6.0,12,-0.21808833990330134,-0.28625894787599737,-0.5043472877792987
8478469,20242025,OTT,6,7243,D,6,3,6,4.0,6,4,6,3.0,6,0.33436200739541966,-0.2994012174575784,0.03496078993784124
8478472,20242025,STL,3,1782,F,2,1,2,0.5,2,1,2,0.0,2,0.21829851646364817,0.2556183214628951,0.47391683792654327
8478472,20252026,LAK,2,805,F,0,0,0,0.0,0,0,0,0.0,0,-1.373265744282971,-0.2994307158257734,-1.6726964601087444
8478474,20252026,UTA,6,5359,F,6,2,6,2.0,6,3,6,4.0,6,-0.0867170929743315,0.06356077960468864,-0.023156313369642856
8478476,20222023,WPG,1,723,,0,0,0,0.0,0,0,0,0.0,0,-0.8543806151555648,-3.6507248991092327,-4.505105514264797
8478483,20222023,TOR,11,12204,F,11,7,11,7.5,11,7,11,7.0,11,0.04573850477236041,0.618662882221205,0.6644013869935654
8478483,20232024,TOR,7,6958,F,7,5,7,4.5,7,5,7,6.0,7,0.42217577560061637,0.49497509381006033,0.9171508694106767
8478483,20242025,TOR,13,13252,F,13,6,13,7.0,13,9,13,8.0,13,-0.0799130300809443,0.7928548579425228,0.7129418278615784
8478483,20252026,VGK,22,21396,F,22,14,22,13.5,21,16,22,13.0,21,0.020868510797544815,0.5064252861950522,0.527293796992597
8478493,20222023,MIN,1,19,F,0,0,0,0.0,0,0,0,0.0,0,-2.326677933952629,2.1358355624726424,-0.19084237147998673
8478493,20242025,MIN,6,6074,F,6,4,6,3.5,6,3,6,4.0,6,-0.004999519392425267,1.0582025017690668,1.0532029823766416
8478493,20252026,MIN,6,5544,F,6,3,6,2.0,6,3,6,2.0,6,0.03654154866813819,0.28971960757393456,0.32626115624207275
8478498,20222023,BOS,7,5342,F,7,5,7,4.5,7,4,7,3.0,7,0.8899674622042717,-0.22818314285100527,0.6617843193532664
8478498,20232024,BOS,13,10900,F,13,3,13,3.0,13,2,13,2.0,13,-0.4715942481242754,-0.9700198936739701,-1.4416141417982455
8478507,20222023,NJD,12,12763,D,12,3,12,6.5,12,3,12,5.0,12,-0.31696458985388265,-0.6094621638539821,-0.9264267537078648
8478507,20252026,UTA,6,6021,D,6,5,6,4.0,6,4,6,4.0,6,1.0190305641065152,0.2633285394375262,1.2823591035440414
8478508,20232024,COL,10,5469,F,7,5,7,4.5,7,5,7,4.0,7,-0.7929228412815796,0.682060445572833,-0.11086239570874667
8478508,20242025,MIN,6,2960,F,3,0,3,0.0,3,0,3,0.0,3,-0.41019286884609274,-0.5877445989035133,-0.997937467749606
8478508,20252026,MIN,9,5537,F,8,4,8,3.5,8,3,8,3.0,8,-0.32608491906568027,0.37999888858772035,0.053913969522040084
8478519,20222023,TBL,6,4898,F,6,3,6,2.0,6,3,6,2.0,6,0.3167061528873223,-0.46714151765669865,-0.15043536476937636
8478519,20232024,TBL,5,4126,F,5,2,5,3.0,5,1,5,3.0,5,-0.4484698355376844,-0.12252261950030174,-0.5709924550379861
8478519,20242025,TBL,5,3599,F,4,0,4,0.5,4,0,4,1.0,4,-0.9832790359774128,-0.45196350867459145,-1.4352425446520043
8478542,20222023,COL,7,6934,F,7,3,7,3.5,7,2,7,2.0,7,0.19341578323929287,-0.5231369291337133,-0.3297211458944205
8478542,20232024,FLA,24,16636,F,23,14,23,13.5,22,13,23,13.0,22,0.4611386251979055,-0.027326059581262552,0.43381256561664294
8478542,20242025,FLA,21,15302,F,20,15,20,11.5,20,14,20,11.0,20,-0.08336043858624942,0.4625544339775003,0.37919399539125087
8478550,20222023,NYR,7,6050,F,7,2,7,2.0,7,2,7,3.0,7,-0.746887693721374,-0.0010261661618113926,-0.7479138598831854
8478550,20232024,NYR,16,15120,F,16,9,16,8.0,16,9,16,12.0,16,0.6276085691427196,0.411977331245875,1.0395859003885946
8478550,20252026,LAK,4,3794,F,4,0,4,0.0,4,1,4,0.0,4,-0.9525602799493038,0.32131605334290425,-0.6312442266063996
8478569,20222023,TOR,11,8001,F,11,6,11,5.0,11,4,11,6.0,11,-0.7136549319234065,0.03705573734122192,-0.6765991945821845
8478569,20252026,PIT,3,2249,F,3,1,3,1.0,3,1,3,1.0,3,-0.9223376740258009,0.545063683671303,-0.37727399035449793
8478585,20222023,EDM,11,6306,F,8,6,8,6.0,8,5,8,5.0,8,0.5019838198767053,0.4426021517002976,0.9445859715770029
8478585,20232024,EDM,19,8244,F,6,2,6,2.0,6,2,6,2.0,6,-0.9884339528728121,-0.32813264853113644,-1.3165666014039485
8478831,20222023,WPG,5,3316,F,3,0,3,0.5,3,0,3,1.0,3,-1.5349622114463588,0.12276435811082997,-1.4121978533355288
8478831,20232024,FLA,24,12352,F,11,5,11,3.0,11,4,11,2.0,11,-1.3419563147008855,0.21883206612136052,-1.123124248579525
8478831,20252026,UTA,6,4048,F,6,0,6,2.0,6,1,6,3.0,6,-1.1755899197418063,-0.3913076438314982,-1.5668975635733045
8478840,20222023,SEA,14,13208,D,14,4,14,6.5,14,6,14,6.0,14,-0.35507887648713,0.11748165868767435,-0.23759721779945564
8478843,20222023,COL,7,3146,F,3,1,3,1.0,2,1,3,2.0,2,-0.10591510925939307,0.07857520547664931,-0.027339903782743757
8478851,20232024,NSH,6,6081,D,6,2,6,2.0,6,3,6,2.0,6,-0.1889790701805878,-0.4715996609125148,-0.6605787310931026
8478851,20242025,MTL,5,5199,D,5,2,5,1.5,5,1,5,1.0,5,-0.005397393972998099,-0.5114278533649439,-0.516825247337942
8478851,20252026,MTL,12,11926,D,12,5,12,6.5,12,4,12,7.0,12,0.1055926092256656,-0.7834600350750471,-0.6778674258493815
8478854,20252026,PIT,3,2422,D,3,2,3,2.0,3,2,3,2.0,3,0.6735165720026339,-0.14529029384069636,0.5282262781619376
8478856,20232024,VAN,13,9662,F,13,5,13,5.5,12,6,13,6.0,12,-0.39392457969794425,-0.45091332703864406,-0.8448379067365883
8478859,20222023,NYR,7,5049,D,7,3,7,3.0,7,5,7,5.5,7,0.8773645387759179,-0.7473433404948557,0.13002119828106218
8478859,20232024,FLA,24,22473,D,24,13,24,14.0,24,10,24,11.0,24,-0.15393588005973102,-0.0492679305815531,-0.20320381064128412
8478859,20242025,FLA,22,20615,D,22,12,22,11.0,22,7,22,7.0,22,-0.35403047125407916,-0.009135860357199599,-0.36316633161127876
8478864,20222023,MIN,6,6077,F,6,6,6,5.5,6,5,6,4.0,6,0.887239372883807,0.7259148652842093,1.6131542381680164
8478864,20242025,MIN,6,6573,F,6,2,6,3.0,6,4,6,4.0,6,-0.13771252053793903,0.48995886528091726,0.3522463447429782
8478864,20252026,MIN,11,11731,F,11,6,11,6.0,11,6,11,7.0,11,0.5136264022932118,0.2699914924875131,0.7836178947807249
8478873,20252026,ANA,12,10549,F,12,8,12,7.0,12,8,12,6.0,12,0.8814701565682532,-0.003827629813146771,0.8776425267551065
8478874,20242025,OTT,6,2872,F,2,2,2,2.0,2,2,2,2.0,2,-0.2708902035081293,0.29771430846324765,0.026824104955118333
8478882,20222023,LAK,6,6010,D,6,3,6,3.5,6,6,6,5.5,6,1.4801840550746974,0.6718840173945662,2.1520680724692633
8478882,20232024,LAK,5,4746,D,5,1,5,2.0,5,1,5,1.0,5,-0.32813077849426553,-0.767949014689703,-1.0960797931839685
8478882,20242025,LAK,6,6196,D,6,2,6,3.0,6,4,6,4.0,6,0.5097353407445815,-0.0960640470861116,0.4136712936584699
8478891,20222023,WPG,5,4220,F,5,3,5,2.0,5,3,5,3.5,5,-0.12037682951163386,0.42611396642028554,0.3057371369086517
8478891,20232024,WPG,5,3778,F,5,3,5,3.5,5,3,5,4.0,5,-0.28296131224931464,0.9664082923947102,0.6834469801453955
8478891,20242025,WPG,13,9638,F,13,4,13,4.5,13,6,13,5.0,13,0.10283697490637489,-0.37560345348881086,-0.27276647858243597
8478904,20232024,FLA,16,5862,F,2,1,2,1.5,2,1,2,2.0,2,-0.9715705122419263,-0.862795203497756,-1.8343657157396822
8478904,20242025,TOR,13,8023,F,10,3,10,4.5,10,4,10,5.0,10,-0.15823265965721234,-0.5669552220119374,-0.7251878816691497
8478911,20222023,LAK,6,5907,D,6,3,6,4.5,6,6,6,6.0,6,1.637125530636222,0.5076890492193868,2.144814579855609
8478911,20232024,LAK,5,4802,D,5,2,5,3.0,5,2,5,2.0,5,0.6585026088432111,-0.9030058876368714,-0.2445032787936603
8478911,20242025,WSH,10,11794,D,10,4,10,6.0,10,5,10,5.0,10,-0.4053715789421988,0.061059565701845564,-0.3443120132403532
8478970,20222023,CAR,15,11205,D,15,9,15,7.5,15,8,15,5.5,15,0.051447759734168486,0.32338888564471224,0.37483664537888073
8478970,20232024,CAR,11,11207,D,11,7,11,7.5,11,7,11,5.5,11,-0.026646164713967746,0.12541869633167346,0.09877253161770572
8478970,20242025,CAR,9,8449,D,9,4,9,6.0,9,4,9,5.0,9,-0.39761542098110025,0.29698003224814595,-0.1006353887329543
8478970,20252026,CAR,15,15989,D,15,7,15,6.5,15,5,15,4.5,15,-0.7694000617015666,-0.10971455518296924,-0.8791146168845358
8478975,20222023,DAL,18,12664,F,17,5,17,4.5,17,8,17,5.0,17,-0.2316457799985736,-0.4383605708399747,-0.6700063508385483
8478975,20232024,DAL,13,10236,F,13,6,13,7.0,13,5,13,6.5,13,0.12293635340028075,-0.1697030154631518,-0.046766662062871056
8478975,20242025,DAL,18,13779,F,18,9,18,9.5,18,7,18,10.5,18,-0.16562491321709638,0.027792687924165005,-0.13783222529293138
8479066,20222023,FLA,13,8244,F,10,3,10,4.5,10,6,10,6.0,10,-0.3882782074953024,-0.5786341471626861,-0.9669123546579885
8479066,20232024,FLA,8,3212,F,0,0,0,0.0,0,0,0,0.0,0,-1.3106417299848658,1.2821914084543111,-0.028450321530554712
8479293,20222023,SEA,14,8907,F,12,3,12,5.0,12,3,12,6.0,12,-0.5991389885105867,-0.2635428597436196,-0.8626818482542062
8479293,20242025,WPG,13,6773,F,6,1,6,1.5,5,1,6,1.0,5,-0.5582866781301714,-0.10293483431245454,-0.661221512442626
8479293,20252026,UTA,6,2500,F,1,0,1,0.0,1,0,1,0.0,1,-0.24264113035442425,-1.6656327615608557,-1.90827389191528
8479314,20222023,FLA,20,18677,F,20,10,20,12.5,20,14,20,13.0,20,0.49007866020875523,0.7066081817090675,1.1966868419178227
8479314,20232024,FLA,24,20026,F,24,16,24,11.5,23,14,24,12.0,23,0.8193331627532157,-0.004123898606767984,0.8152092641464477
8479314,20242025,FLA,23,18009,F,22,13,22,13.5,22,12,22,11.5,22,0.18316451635289344,0.3132509691190839,0.49641548547197734
8479318,20222023,TOR,11,12238,F,11,7,11,8.0,11,7,11,8.0,11,0.21522808858107112,0.9126778577493395,1.1279059463304106
8479318,20232024,TOR,5,4489,F,5,3,5,3.0,5,2,5,3.0,5,0.9320432504501945,-0.19972889276632277,0.7323143576838718
8479318,20242025,TOR,13,12412,F,13,7,13,7.5,13,9,13,8.0,13,0.13779639549830902,0.9129382485380069,1.050734644036316
8479321,20232024,WSH,2,1452,,0,0,0,0.0,0,0,0,0.0,0,0.3976420678176886,1.081661177246411,1.4793032450640997
8479323,20222023,NYR,7,7132,D,7,4,7,4.5,7,6,7,6.0,7,0.023056115265136956,1.5040481662012017,1.5271042814663387
8479323,20232024,NYR,16,16522,D,16,7,16,6.5,16,11,16,10.0,16,0.2903037671698816,0.7403435011016382,1.0306472682715198
8479324,20222023,NYR,7,6528,D,7,3,7,3.5,7,4,7,4.0,7,0.08576567890067821,-0.14139245610309947,-0.05562677720242126
8479324,20232024,NYR,16,15270,D,16,3,16,5.0,16,6,16,6.0,16,-0.5456175579428824,-0.34849486945609387,-0.8941124273989762
8479324,20242025,COL,7,6530,D,7,4,7,3.5,7,2,7,2.5,7,-1.3348054420095212,0.12618161056942157,-1.2086238314400997
8479325,20222023,BOS,7,8165,D,7,3,7,4.0,7,3,7,3.0,7,-0.02384646063723661,-0.7205937454509654,-0.744440206088202
8479325,20232024,BOS,13,16123,D,13,7,13,9.0,13,6,13,6.0,13,0.24281583738557821,-0.03964750793297522,0.203168329452603
8479336,20222023,LAK,6,2993,F,3,0,3,0.0,3,0,3,0.0,3,-1.0038215235767742,-0.9594289933680993,-1.9632505169448735
8479336,20232024,LAK,5,1605,F,1,1,1,0.5,1,1,1,1.0,1,-0.6652379093213594,1.0622136385986503,0.39697572927729086
8479336,20252026,PHI,3,1700,F,2,0,2,0.0,2,0,2,0.0,2,0.5915062622043676,-0.49073033900481633,0.10077592319955131
8479339,20242025,MTL,2,1131,F,1,0,1,0.0,1,0,1,0.0,1,-1.9055540670034161,-1.7681552063081938,-3.67370927331161
8479343,20252026,UTA,6,5548,F,6,3,6,2.5,6,4,6,4.0,6,0.08757154496958064,0.3865306104118904,0.47410215538147105
8479344,20222023,CAR,7,3945,F,5,3,5,3.5,5,3,5,3.0,5,-0.205560446097663,0.6893913952018929,0.48383094910422986
8479345,20242025,WSH,10,12235,D,10,5,10,4.5,10,6,10,6.0,10,-0.3759687057900525,0.6688644168284732,0.2928957110384207
8479351,20222023,MIN,5,3286,F,5,3,5,4.0,5,2,5,3.0,5,0.19471989124753364,-0.5464871786046839,-0.35176728735715024
8479351,20232024,DAL,19,12437,F,17,9,17,8.0,17,8,17,8.0,17,-0.5204203230572804,0.5883801734575096,0.06795985040022923
8479351,20242025,DAL,18,12028,F,18,7,18,5.5,17,7,18,6.0,17,-0.7056793817827796,-0.13853858903427874,-0.8442179708170583
8479351,20252026,DAL,6,4392,F,6,4,6,4.0,6,4,6,3.0,6,0.04019455651387549,0.3403449439890076,0.3805395005028831
8479353,20222023,VGK,22,16009,F,19,9,19,7.5,19,5,19,6.5,19,-0.3594067250543582,-0.2563007534266757,-0.6157074784810339
8479353,20232024,VGK,7,4654,F,6,2,6,2.5,6,3,6,3.0,6,0.6248369253697661,-0.6369759937283526,-0.012139068358586469
8479353,20242025,VGK,11,7510,F,9,0,9,0.5,9,1,9,2.0,9,-0.5649015060264064,-1.1075403046953614,-1.6724418107217678
8479353,20252026,VGK,22,17140,F,22,14,22,12.5,22,14,22,12.0,22,0.6962409389464019,-0.23297486817962199,0.46326607076677995
8479359,20232024,WSH,4,2011,F,2,1,2,1.5,2,1,2,2.0,2,-1.6472252072290483,0.23027756400363053,-1.4169476432254178
8479359,20252026,BUF,7,2954,F,3,2,3,1.0,3,2,3,1.0,3,-1.6417385430385332,0.2371888329702192,-1.404549710068314
8479365,20222023,BOS,5,2704,F,4,2,4,3.0,4,3,4,3.0,4,1.213585653037101,-0.6412004272804883,0.5723852257566127
8479365,20232024,BOS,13,8642,F,13,8,13,8.5,13,9,13,10.0,13,1.2713998952644894,0.02704747379995487,1.2984473690644442
8479365,20242025,EDM,22,13211,F,17,7,17,7.0,17,6,17,7.5,17,-0.30833752321556274,-0.028727799742266136,-0.3370653229578289
8479365,20252026,EDM,4,2094,F,4,0,4,1.0,3,0,4,1.0,3,-1.120008684433233,0.2654094550581174,-0.8545992293751157
8479369,20232024,BOS,6,4364,D,6,4,6,2.0,6,3,6,1.0,6,-0.6434829927894239,0.3433895650093206,-0.3000934277801033
8479371,20232024,NSH,3,2304,D,3,2,3,2.0,3,2,3,2.0,3,0.2314314631766219,1.0449484803801163,1.2763799435567382
8479372,20222023,FLA,21,14227,D,21,10,21,9.5,20,9,21,10.0,20,0.41460379129852587,-0.16504043083592723,0.24956336046259864
8479378,20222023,WPG,1,521,D,1,0,1,0.0,1,0,1,0.0,1,-0.07573293697378669,-2.0196393321228125,-2.0953722690965995
8479378,20232024,WPG,3,1625,D,3,1,3,0.0,3,2,3,2.0,3,0.3923819825000736,-1.5497488090033293,-1.1573668265032557
8479378,20242025,WPG,5,3134,D,5,3,5,2.5,5,2,5,2.0,5,-0.419076091670598,0.9303668212747804,0.5112907296041824
8479378,20252026,BUF,3,1785,D,2,1,2,2.0,2,0,2,2.0,2,-1.464859361932029,0.05354751839686189,-1.411311843535167
8479379,20222023,FLA,1,303,F,0,0,0,0.0,0,0,0,0.0,0,1.5493251836500086,-1.5017189993313558,0.04760618431865282
8479385,20242025,STL,7,5666,F,7,5,7,3.5,7,4,7,4.0,7,0.746986403032273,0.016642903277439114,0.7636293063097122
8479390,20242025,WSH,7,4547,F,7,3,7,5.0,7,4,7,5.0,7,-0.3416422116684692,0.3757254560803518,0.034083244411882596
8479393,20232024,TOR,2,913,F,0,0,0,0.0,0,0,0,0.0,0,-0.7083246052125056,0.06616100399864844,-0.6421636012138572
8479395,20242025,NJD,2,1064,D,2,1,2,0.5,2,1,2,1.0,2,-0.1718844467294014,-0.4372833063078936,-0.609167753037295
8479398,20222023,COL,7,7390,D,7,5,7,3.5,7,5,7,3.0,7,-0.38861091958589533,0.3567641845324723,-0.03184673505342306
8479398,20232024,COL,9,9177,D,9,6,9,6.0,9,4,9,6.0,9,-0.0791480727753191,-0.780384634079164,-0.8595327068544831
8479398,20242025,COL,7,6102,D,7,6,7,5.0,7,5,7,3.0,7,1.14614228572499,-0.5254159572595329,0.6207263284654572
8479398,20252026,PIT,3,3254,D,3,2,3,1.5,3,2,3,1.0,3,0.15411997573763214,0.43471758265819704,0.5888375583958292
8479400,20222023,WPG,5,4761,F,5,3,5,3.0,5,3,5,4.0,5,1.4332525044035294,-0.27702394648306505,1.1562285579204643
8479400,20232024,LAK,5,3761,F,5,2,5,2.5,5,2,5,1.5,5,-0.48398128519146244,-0.3677643746889543,-0.8517456598804167
8479400,20242025,WSH,10,8543,F,10,4,10,4.0,10,5,10,5.0,10,-0.03457388906016101,-0.2525353431788977,-0.2871092322390587
8479407,20222023,NJD,12,10295,F,12,9,12,7.5,12,9,12,8.0,12,0.9021966493816382,0.7952213567541122,1.6974180061357504
8479407,20242025,NJD,5,4724,F,5,1,5,3.0,5,3,5,2.0,5,1.3258841283128358,0.25222524636825705,1.5781093746810928
8479410,20222023,TBL,6,7204,D,6,1,6,2.0,6,1,6,2.0,6,-1.3837609608372785,-0.26503460334476214,-1.6487955641820407
8479410,20232024,TBL,2,1565,D,2,1,2,1.0,2,0,2,0.0,2,0.17912656396919502,-0.1487170528673385,0.030409511101856523
8479410,20252026,UTA,6,6682,D,6,2,6,2.0,6,4,6,4.0,6,-0.5720628568521999,0.5460667713942957,-0.025996085457904217
8479414,20222023,NJD,12,6408,F,5,2,5,3.0,5,4,5,3.0,5,-0.3814410377646613,-0.4242246278375834,-0.8056656656022447
8479414,20242025,NJD,5,2835,F,4,1,4,1.0,4,1,4,2.0,4,-0.8836923358796835,-1.594522979351392,-2.4782153152310755
8479415,20222023,NJD,12,8544,F,9,2,9,3.5,9,3,9,4.0,9,-0.7087649081115215,-0.14225071745954976,-0.8510156255710712
8479420,20252026,BUF,7,6394,F,7,2,7,1.5,7,2,7,1.0,7,-1.3866987313031975,-1.1850509364203656,-2.571749667723563
8479421,20242025,LAK,2,302,D,0,0,0,0.0,0,0,0,0.0,0,-1.7189760196815633,2.94240984095757,1.2234338212760065
8479423,20242025,TOR,1,167,,0,0,0,0.0,0,0,0,0.0,0,-1.8563263317618282,0.9490112646299025,-0.9073150671319257
8479425,20232024,VAN,13,13112,D,13,10,13,8.0,13,7,13,7.0,13,0.7636489925489962,-0.15776006575069967,0.6058889267982965
8479442,20242025,EDM,8,6041,D,7,2,7,2.5,7,3,7,3.0,7,-0.8426211802302943,0.20238665091544705,-0.6402345293148473
8479520,20222023,MIN,6,3028,F,4,2,4,3.0,4,3,4,1.5,4,-0.0469613547317409,0.8003353211855642,0.7533739664538233
8479520,20232024,COL,11,4510,F,2,2,2,2.0,2,2,2,1.0,2,-0.7269020762387635,0.570059330907617,-0.1568427453311465
8479520,20242025,WSH,10,7084,F,10,6,10,5.0,10,8,10,5.0,10,0.15865022576619392,1.1993328950436346,1.3579831208098285
8479525,20222023,TBL,6,3958,F,6,3,6,3.0,6,4,6,4.5,6,0.14572170021137332,0.3691334834423414,0.5148551836537147
8479525,20232024,COL,11,6639,F,10,6,10,6.5,10,4,10,5.0,10,-0.10568356951849323,-0.6455083356773428,-0.751191905195836
8479525,20242025,COL,1,298,F,0,0,0,0.0,0,0,0,0.0,0,-2.4101424118106234,-2.170983664802232,-4.581126076612856
8479525,20252026,COL,11,6120,F,9,5,9,4.5,9,4,9,4.0,9,1.1671923133482434,-0.7402096735069748,0.4269826398412686
8479536,20222023,WPG,1,277,F,0,0,0,0.0,0,0,0,0.0,0,-1.8391506217763078,0.5128034340846754,-1.3263471876916324
8479536,20232024,WPG,1,384,F,0,0,0,0.0,0,0,0,0.0,0,-1.6787313856440056,-1.2798345990909823,-2.958565984734988
8479542,20222023,TBL,6,5422,F,6,3,6,1.5,6,3,6,1.0,6,0.18993682105993726,-0.46990986426109727,-0.27997304320116
8479542,20232024,TBL,5,4747,F,5,2,5,3.0,5,2,5,3.0,5,-0.7006630595936736,0.3403447194467142,-0.3603183401469594
8479542,20242025,TBL,3,2351,F,3,1,3,1.5,3,1,3,1.0,3,-0.22988874895911482,0.36226448608741246,0.13237573712829764
8479576,20222023,EDM,12,7716,D,9,6,9,5.5,9,5,9,5.0,9,-0.7742432718184293,0.6133487444198713,-0.16089452739855803
8479576,20232024,EDM,16,13680,D,16,6,16,6.5,15,5,16,6.5,15,-0.5686777459215904,0.22537168477091907,-0.3433060611506713
8479578,20222023,FLA,2,992,D,1,1,1,1.0,1,1,1,1.0,1,-0.02664738443417969,0.03156951767311078,0.004922133238931092
8479591,20222023,TBL,3,1707,F,2,2,2,1.5,2,2,2,1.0,2,-0.7645094835067547,1.0982564873829683,0.3337470038762136
8479591,20232024,TBL,5,3116,F,5,3,5,3.5,5,4,5,4.0,5,-0.19845652547323978,0.17076422291182825,-0.02769230256141153
8479619,20252026,UTA,6,3639,F,6,3,6,2.0,6,3,6,2.0,6,0.48247559537647877,-0.5786239283094696,-0.09614833293299085
8479638,20232024,BOS,9,5506,F,9,5,9,7.0,9,5,9,8.0,9,-0.5496700688626788,0.8311874843468703,0.2815174154841915
8479638,20242025,MIN,6,2462,F,2,0,2,0.0,2,0,2,0.0,2,-0.08319590956789424,-0.402115652385052,-0.4853115619529462
8479639,20252026,VGK,13,9883,,0,0,0,0.0,0,0,0,0.0,0,0.5402145060914534,0.27190178713314683,0.8121162932246002
8479661,20222023,TBL,3,1965,F,3,2,3,1.0,3,1,3,1.0,3,-0.07062604213740498,-0.6899973237251915,-0.7606233658625965
8479661,20232024,TBL,4,1948,F,1,0,1,0.0,1,0,1,0.0,1,-0.4134613785272734,0.7052271734361002,0.2917657949088268
8479675,20222023,LAK,6,5276,F,6,2,6,3.0,6,6,6,5.0,6,1.2602877929394767,0.6681602203036308,1.9284480132431074
8479675,20232024,LAK,5,4015,F,5,3,5,2.0,5,3,5,2.0,5,1.0463685314258877,-1.2886097465652029,-0.24224121513931518
8479675,20242025,LAK,6,5573,F,6,2,6,1.5,6,4,6,2.0,6,0.5023030984411903,-0.02016143207776322,0.48214166636342703
8479675,20252026,LAK,4,3429,F,4,3,4,1.5,4,4,4,3.0,4,1.4981020609010947,-0.14453023328872794,1.3535718276123667
8479705,20252026,ANA,12,7921,F,12,5,12,8.5,12,6,12,8.0,12,0.18248750822818716,0.30244213120631835,0.4849296394345055
8479772,20222023,LAK,1,331,F,0,0,0,0.0,0,0,0,0.0,0,-1.2654346996996542,-4.485286923384559,-5.750721623084214
8479944,20222023,TOR,6,2716,F,2,2,2,2.0,2,1,2,0.5,2,-0.5343413444746985,0.3216040181040709,-0.2127373263706276
8479977,20222023,EDM,12,8639,F,12,7,12,6.5,12,6,12,7.0,12,-0.38274332848565784,-0.15760274486898895,-0.5403460733546468
8479977,20252026,UTA,6,4135,F,6,3,6,3.5,6,3,6,3.0,6,0.742700290633719,0.619391691634783,1.362091982268502
8479980,20222023,VGK,22,21521,D,22,11,22,9.5,22,9,22,9.0,22,-0.5861057098498632,-0.0611578164309301,-0.6472635262807933
8479980,20232024,VGK,1,841,D,1,0,1,0.0,1,0,1,0.0,1,-0.39609754372272765,-0.0562113013248875,-0.45230884504761515
8479980,20242025,VGK,11,8896,D,11,5,11,4.5,11,6,11,5.0,11,0.020555831802635538,0.032500362657866155,0.05305619446050169
8479981,20242025,FLA,16,6404,F,5,3,5,1.0,5,2,5,1.0,5,-0.7339435536716385,0.0359409521507541,-0.6980026015208844
8479982,20252026,BUF,7,5500,D,7,2,7,4.0,7,0,7,5.0,7,-1.8537922164697211,-0.2710424517397447,-2.124834668209466
8479987,20222023,SEA,13,7974,F,10,5,10,4.0,10,4,10,5.0,10,0.27296198004967565,0.14327530330286242,0.41623728335253807
8479987,20232024,BOS,13,10917,F,13,5,13,6.0,13,5,13,5.0,13,-0.14497747504892988,-0.17673936396188994,-0.3217168390108198
8479994,20222023,LAK,4,1419,F,1,0,1,1.0,1,1,1,1.0,1,-0.43779767033505523,-2.1645363213159428,-2.602333991650998
8479994,20242025,WPG,5,2345,,0,0,0,0.0,0,0,0,0.0,0,0.03712917900764223,0.8120325568137485,0.8491617358213908
8479996,20242025,NJD,5,2804,F,4,1,4,1.0,4,1,4,1.0,4,-1.6801846860460146,-0.9028327801466949,-2.583017466192709
8479998,20222023,LAK,6,6824,D,6,2,6,2.0,6,3,6,2.0,6,-0.19698632533739202,-0.21097391779349772,-0.40796024313088974
8479998,20232024,LAK,5,5153,D,5,4,5,4.0,5,3,5,4.0,5,0.7283585559753312,-0.42884735865864876,0.2995111973166824
8479998,20242025,LAK,6,7593,D,6,1,6,2.0,6,2,6,2.5,6,-0.27199746466779473,-0.27611429267750776,-0.5481117573453025
8479998,20252026,LAK,4,4261,D,4,2,4,0.5,4,2,4,2.0,4,0.1190629720211025,0.061404010094066486,0.18046698211516898
8479999,20232024,COL,11,9467,F,11,7,11,8.0,11,4,11,6.5,11,0.24149793070723558,-0.6680498926145431,-0.4265519619073075
8480002,20222023,NJD,12,10960,F,12,9,12,7.5,12,8,12,8.0,12,0.1744752444934634,0.929024743975446,1.1034999884689094
8480002,20242025,NJD,5,4750,F,5,3,5,3.5,5,2,5,3.0,5,-0.3193926528507429,0.8333707942114934,0.5139781413607505
8480003,20222023,NJD,6,2985,F,3,1,3,1.5,3,1,3,1.0,3,-0.07052654346009746,-1.5909727419886623,-1.6614992854487598
8480003,20232024,BOS,8,4050,F,6,3,6,2.5,6,3,6,2.0,6,0.7858399217794114,0.3941188266374418,1.1799587484168532
8480003,20242025,FLA,13,6206,F,5,2,5,1.5,5,1,5,2.5,5,-0.6645149233893377,-0.3519260743328929,-1.0164409977222306
8480009,20222023,SEA,14,11773,F,14,7,14,6.5,14,7,14,7.0,14,0.22531833522445366,-0.34520658791022685,-0.11988825268577319
8480011,20222023,EDM,12,5233,F,6,4,6,3.5,6,2,6,3.0,6,-0.4393357661952453,0.03148518354852303,-0.40785058264672225
8480012,20232024,VAN,13,11406,F,13,8,13,6.0,13,10,13,7.0,13,0.263431405373,0.12581000972169454,0.38924141509469457
8480014,20222023,LAK,5,3846,F,5,2,5,2.0,5,2,5,2.0,5,-0.0603833710516426,0.03203913853690343,-0.028344232514739165
8480014,20232024,WPG,5,4448,F,5,2,5,2.5,5,2,5,3.0,5,0.5379972915049147,-0.5034383134767229,0.034558978028191856
8480014,20242025,WPG,9,8371,F,9,4,9,3.5,9,4,9,6.0,9,0.37410349039330426,0.10514700617911599,0.47925049657242025
8480015,20252026,PHI,3,2520,F,3,1,3,1.5,3,2,3,1.5,3,1.044770671378091,-0.45755041125991003,0.5872202601181811
8480018,20242025,MTL,5,5284,F,5,3,5,3.0,5,3,5,5.0,5,1.1528684254186108,0.18935147072204073,1.3422198961406515
8480018,20252026,MTL,12,11547,F,12,4,12,4.0,12,5,12,5.0,12,-0.20072052462743084,0.25479769131968144,0.0540771666922506
8480023,20242025,STL,7,6758,F,7,4,7,4.0,7,5,7,5.0,7,0.4500109882176051,0.3115599641921212,0.7615709524097263
8480027,20222023,DAL,19,17363,F,19,14,19,11.0,19,17,19,11.0,19,0.6366093742083132,0.6713248344949514,1.3079342087032646
8480027,20232024,DAL,19,17946,F,19,9,19,11.0,19,9,19,10.0,19,-0.36780013041922266,0.03357176238842019,-0.33422836803080247
8480027,20242025,DAL,11,8879,F,11,7,11,6.5,11,5,11,5.0,11,0.05196773822152423,0.5395180639031145,0.5914858021246387
8480027,20252026,DAL,6,5862,F,6,4,6,5.0,6,3,6,5.0,6,-0.18865656737327674,0.7338102807966074,0.5451537134233306
8480031,20232024,CAR,1,348,,0,0,0,0.0,0,0,0,0.0,0,-2.22914086621842,-3.8942702462790995,-6.12341111249752
8480036,20222023,DAL,19,24998,D,19,9,19,7.0,19,7,19,6.0,19,-0.07226668817094595,-0.5893203062205123,-0.6615869943914583
8480036,20232024,DAL,19,26216,D,19,10,19,11.0,19,7,19,13.0,19,-0.09224051919104781,-0.047164434910898834,-0.13940495410194664
8480036,20242025,DAL,8,8511,D,8,3,8,4.5,8,4,8,4.0,8,0.07780460534206801,0.561499111025606,0.639303716367674
8480036,20252026,DAL,6,7089,D,6,4,6,3.5,6,3,6,3.0,6,-0.2311325086138898,-0.26649586739342745,-0.49762837600731724
8480039,20222023,CAR,15,12912,F,15,5,15,4.0,15,3,15,1.0,15,-0.8470750104848896,-0.5912804717945526,-1.4383554822794422
8480039,20232024,CAR,11,8906,F,11,9,11,6.5,11,6,11,5.5,11,-0.4220808710829549,-0.21244868018571905,-0.6345295512686739
8480039,20242025,COL,7,6383,F,7,4,7,4.0,7,3,7,3.0,7,1.1677455706420345,-0.571076925755615,0.5966686448864196
8480039,20252026,COL,13,12982,F,13,9,13,9.0,13,8,13,9.5,13,0.012860209795897859,0.47196986526546736,0.4848300750613652
8480043,20222023,TOR,5,3789,D,4,2,4,2.0,4,1,4,2.0,4,-0.4648817784607857,-0.7393160947800377,-1.2041978732408234
8480043,20232024,TOR,6,5342,D,6,2,6,0.5,6,2,6,3.0,6,0.3425116913136854,-0.7806671992338567,-0.4381555079201713
8480049,20222023,WPG,5,3732,D,5,4,5,2.0,5,5,5,3.5,5,-0.23054513885161199,1.108340606453207,0.8777954676015951
8480049,20232024,WPG,5,3967,D,5,3,5,2.0,5,4,5,5.0,5,0.28313166062697404,0.5637952603065295,0.8469269209335035
8480049,20242025,WPG,13,14935,D,13,7,13,7.5,13,11,13,10.0,13,0.9167697096204928,-0.09534462632302887,0.8214250832974639
8480064,20252026,BUF,7,5609,F,7,4,7,4.0,7,4,7,4.0,7,0.6169878605308945,0.6541000737203855,1.27108793425128
8480068,20252026,ANA,11,6946,F,9,3,9,4.0,9,3,9,4.0,9,-0.6164858729537919,-0.2392135317368007,-0.8556994046905926
8480069,20222023,COL,6,7329,D,6,5,6,4.5,6,3,6,5.0,6,0.802161763104781,-0.2650087112075119,0.5371530518972691
8480069,20232024,COL,11,13507,D,11,8,11,6.5,11,6,11,4.0,11,-0.4211435955290015,0.7782329095821985,0.357089314053197
8480069,20242025,COL,7,8368,D,7,4,7,5.5,7,3,7,4.5,7,0.1446108227437488,0.18630670631699808,0.3309175290607469
8480069,20252026,COL,11,13025,D,11,8,11,8.0,11,8,11,8.0,11,0.13362043820705427,0.7410139354210505,0.8746343736281048
8480074,20242025,STL,3,1921,F,3,1,3,1.0,2,1,3,1.0,2,-0.652742521546632,-0.4008174793250556,-1.0535600008716877
8480074,20252026,MTL,12,7180,F,9,3,9,3.0,9,3,9,3.0,9,0.6574369057996843,-2.568878589628381,-1.9114416838286967
8480078,20222023,NYR,7,4611,F,7,2,7,4.0,7,2,7,4.0,7,0.22660797081803707,-0.8426205522652586,-0.6160125814472215
8480078,20232024,NYR,6,3937,,0,0,0,0.0,0,0,0,0.0,0,-0.5420385137144144,-0.4336559786753824,-0.9756944923897968
8480113,20222023,LAK,6,5186,F,6,2,6,4.0,6,5,6,5.0,6,0.11117270344538133,1.5147575898208232,1.6259302932662045
8480113,20232024,WPG,5,2697,F,4,2,4,0.5,4,2,4,1.5,4,-0.5336786436731087,0.700135595970274,0.16645695229716528
8480113,20242025,WPG,13,9123,F,11,4,11,2.0,11,3,11,3.0,11,-0.5013695984609807,-0.18232769666127702,-0.6836972951222577
8480144,20222023,TOR,11,7015,F,10,2,10,4.5,10,2,10,2.5,10,-0.9627554858477827,-0.16200162986575917,-1.1247571157135419
8480144,20232024,TOR,7,4516,F,7,2,7,2.0,7,2,7,2.0,7,-1.6556662923968142,0.11206689124324609,-1.543599401153568
8480144,20242025,TOR,1,619,F,1,0,1,0.5,1,0,1,0.0,1,-0.004420345806365411,-1.5434842671565083,-1.5479046129628737
8480145,20222023,WPG,5,6081,D,5,4,5,2.0,5,3,5,2.0,5,0.35381172991887766,0.12592904121890758,0.47974077113778524
8480145,20232024,WPG,5,5546,D,5,0,5,1.0,5,2,5,1.0,5,-0.23905598871458222,-0.7337230941118809,-0.9727790828264631
8480145,20242025,WPG,13,14395,D,13,5,13,6.0,13,6,13,8.5,13,0.18913688279082996,-0.3732407959849393,-0.18410391319410935
8480185,20222023,FLA,16,12533,F,15,7,15,8.0,15,10,15,10.0,15,0.12956514253150253,0.5898012658141902,0.7193664083456928
8480185,20232024,FLA,24,17593,F,24,12,24,11.5,23,11,24,10.0,23,-0.6184395345320215,0.1579139939694103,-0.4605255405626112
8480185,20242025,FLA,23,16582,F,21,12,21,12.0,21,12,21,9.0,21,-0.048248440930638736,-0.04714642411888459,-0.09539486504952333
8480188,20242025,OTT,6,4064,F,6,4,6,4.0,5,3,6,3.5,5,0.6234502254332646,0.7416591738096932,1.3651093992429577
8480192,20242025,NJD,3,2109,D,2,1,2,1.0,2,2,2,2.0,2,0.17979747311974936,0.7981538697921247,0.977951342911874
8480208,20242025,OTT,6,5316,F,6,4,6,2.5,6,3,6,2.0,6,0.7004513180846121,0.004410435320293393,0.7048617534049055
8480220,20252026,PHI,5,3756,F,5,0,5,1.5,5,1,5,2.0,5,-0.9380173298191075,0.21190251193107068,-0.7261148178880368
8480222,20222023,NYI,6,4490,D,6,1,6,4.0,6,2,6,3.0,6,-0.6248419272433452,-0.124169104366465,-0.7490110316098102
8480246,20222023,TBL,6,5889,D,6,3,6,3.0,6,4,6,4.0,6,0.970250122262279,-0.29305906366315426,0.6771910585991248
8480246,20232024,TBL,2,2015,D,2,0,2,0.5,2,1,2,0.0,2,-0.04071688999391965,-0.8037400357084827,-0.8444569257024024
8480246,20242025,TBL,5,3372,D,5,2,5,1.5,5,3,5,2.0,5,-0.7771464879176848,-0.2619955634167406,-1.0391420513344254
8480281,20242025,STL,7,4409,F,5,3,5,3.0,5,3,5,3.0,5,-0.14027437303357626,0.09814438436337802,-0.04212998867019824
8480289,20222023,WPG,5,3265,F,5,3,5,2.0,5,4,5,3.0,5,-0.12508435777947646,0.014166975082361866,-0.1109173826971146
8480289,20242025,WPG,13,7334,F,7,3,7,2.0,7,3,7,4.0,7,-0.40933336480275817,-0.47618415686168136,-0.8855175216644395
8480336,20222023,LAK,2,1496,D,2,0,2,1.0,2,0,2,1.0,2,-0.6454116149695932,-0.8563321095861305,-1.5017437245557237
8480336,20232024,COL,11,9894,D,11,6,11,6.0,11,5,11,6.0,11,-0.16408056167995344,-0.15222108915831667,-0.3163016508382701
8480336,20242025,CAR,12,10779,D,12,10,12,10.0,12,9,12,8.0,12,1.0882829191415229,0.24409789404774518,1.332380813189268
8480336,20252026,CAR,15,15339,D,15,11,15,10.0,15,9,15,8.0,15,0.649535566703638,-0.03727770576325007,0.6122578609403879
8480434,20222023,LAK,6,4504,D,6,0,6,1.0,6,0,6,2.0,6,-1.2607191766608485,-1.1641143728007424,-2.424833549461591
8480434,20252026,UTA,6,5003,D,6,3,6,3.0,6,4,6,3.0,6,-0.24301774169516266,-0.6384346141557455,-0.8814523558509082
8480448,20242025,COL,7,4301,F,6,4,6,4.5,6,5,6,3.0,6,0.3971748969551552,1.0333890843453004,1.4305639813004556
8480448,20252026,COL,13,7103,F,10,6,10,7.0,10,5,10,6.0,10,-0.36340937170201926,-0.2160539796421861,-0.5794633513442053
8480459,20232024,VAN,13,9547,F,13,9,13,7.5,13,8,13,9.0,13,0.8836413297775831,0.13696366452085984,1.020604994298443
8480727,20222023,VGK,22,20777,D,22,11,22,11.0,22,10,22,9.0,22,-0.41706635108551104,0.07049007955976361,-0.34657627152574744
8480727,20232024,VGK,6,4924,D,6,2,6,1.0,6,1,6,2.0,6,0.3425214020897791,-0.4641718439255591,-0.12165044183578
8480727,20242025,VGK,11,9788,D,11,8,11,7.0,11,8,11,9.0,11,0.23243191434001576,0.4621564432537917,0.6945883575938074
8480748,20232024,NSH,6,3737,F,6,1,6,1.5,5,1,6,1.0,5,-0.8742002233148747,-1.3099441730245744,-2.184144396339449
8480762,20242025,CAR,15,8606,F,13,7,13,6.5,13,6,13,5.0,13,-0.1746195466506797,-0.35594702057351135,-0.530566567224191
8480762,20252026,CAR,15,8210,F,11,6,11,5.5,10,3,11,5.0,10,-0.9251314168073477,0.6315135760963271,-0.2936178407110206
8480796,20232024,WSH,4,3773,D,4,1,4,1.5,4,1,4,1.0,4,-0.14792136131564515,-1.2409866473681608,-1.388908008683806
8480800,20232024,VAN,13,15150,D,13,11,13,9.0,13,10,13,8.0,13,0.7398970621082939,0.24286629783719205,0.9827633599454859
8480800,20252026,MIN,11,15507,D,11,8,11,5.0,11,8,11,5.0,11,0.6614183802674805,0.37650128042108566,1.0379196606885661
8480801,20242025,OTT,6,5404,F,6,4,6,3.5,6,4,6,2.5,6,0.8346029435684581,-0.47017347972001944,0.36442946384843866
8480802,20222023,EDM,12,7774,F,11,8,11,8.0,11,7,11,8.0,11,0.17802652448540845,0.3083096534826648,0.48633617796807327
8480802,20232024,EDM,24,15129,F,22,11,22,8.5,22,10,22,10.0,22,-0.3228105542234305,-0.03335380479180383,-0.35616435901523436
8480802,20252026,BUF,7,4846,F,6,4,6,4.5,6,5,6,5.0,6,-0.23440270086894444,1.1190324608433193,0.8846297599743749
8480803,20222023,EDM,12,12916,D,12,10,12,7.0,12,6,12,3.0,12,0.5418042448398794,-0.1529072460128975,0.3888969988269819
8480803,20232024,EDM,25,29461,D,25,18,25,17.0,25,22,25,17.0,25,1.3272301078395579,0.6994886950292041,2.026718802868762
8480803,20242025,EDM,22,25697,D,22,18,22,13.5,22,14,22,16.0,22,0.40645917830017364,0.5897855502964666,0.9962447285966403
8480803,20252026,EDM,6,7262,D,6,3,6,3.0,6,3,6,3.0,6,-0.12486811273669618,-0.015769648864089714,-0.1406377616007859
8480807,20252026,BUF,7,7761,D,7,6,7,5.0,7,6,7,5.0,7,0.6350801466781806,0.5906449346948963,1.225725081373077
8480813,20252026,MTL,9,4195,F,4,3,4,2.5,4,2,4,3.0,4,0.018676558613862415,0.5350901765890304,0.5537667352028928
8480817,20222023,NYR,7,7072,D,7,1,7,0.5,7,3,7,3.0,7,-0.4236735288251723,0.03420009922443512,-0.38947342960073716
8480817,20232024,NYR,16,15856,D,16,5,16,5.0,16,7,16,5.5,16,0.3319718176339048,-0.3356176899503387,-0.0036458723164338736
8480817,20252026,CAR,15,16121,D,15,9,15,11.0,15,10,15,9.0,15,0.6368011497290671,0.037300151816457294,0.6741013015455244
8480823,20232024,WSH,4,3681,D,4,3,4,3.5,4,4,4,4.0,4,1.5414950920171755,0.4451613038334157,1.9866563958505912
8480823,20242025,WSH,10,5945,,0,0,0,0.0,0,0,0,0.0,0,0.7531215103767681,-0.037720455026379884,0.7154010553503882
8480829,20222023,CAR,15,11248,F,14,6,14,6.0,14,5,14,6.0,14,-0.09966279647863496,-0.4449434532897625,-0.5446062497683974
8480829,20232024,CAR,11,6429,F,8,3,8,4.0,8,3,8,4.0,8,-0.849471070237128,-0.9507175715101888,-1.8001886417473167
8480829,20242025,CAR,14,8663,F,13,7,13,8.0,13,7,13,7.0,13,0.4097454359920327,0.5017689484098227,0.9115143844018554
8480830,20232024,CAR,11,9651,F,11,7,11,8.0,11,7,11,7.0,11,0.5072723865412345,0.28011016443626957,0.7873825509775041
8480830,20242025,CAR,15,12335,F,15,9,15,7.5,15,10,15,4.0,15,0.14610188932869805,0.23095436212842024,0.3770562514571183
8480830,20252026,CAR,15,11222,F,15,8,15,9.0,15,7,15,5.0,15,-0.68240478767382,0.0180140356042644,-0.6643907520695556
8480834,20242025,EDM,9,4410,D,4,2,4,3.0,4,2,4,2.5,4,-0.17556387312196842,-0.014598180152661566,-0.19016205327462998
8480834,20252026,EDM,6,4140,D,6,4,6,4.0,6,4,6,3.0,6,0.79822897472688,-0.1924380022373282,0.6057909724895518
8480835,20222023,CAR,13,8005,F,10,4,10,4.0,10,5,10,3.0,10,-0.20977910825902457,-0.5183491210702846,-0.7281282293293092
8480835,20232024,CAR,11,7110,F,11,6,11,4.5,11,8,11,3.5,11,-0.15494904986412283,0.5263074894337476,0.3713584395696248
8480835,20242025,COL,7,4389,F,7,5,7,6.0,7,6,7,4.5,7,0.17256486012937078,1.026001287541863,1.1985661476712337
8480835,20252026,COL,13,6754,F,9,5,9,4.0,8,4,9,2.5,8,-0.5885158677210076,0.2391150945761702,-0.3494007731448374
8480839,20252026,BUF,7,8036,D,7,4,7,4.5,7,4,7,4.0,7,-0.0369737369619525,-0.1659921167170597,-0.2029658536790122
8480840,20242025,DAL,11,5464,F,5,2,5,2.0,5,2,5,2.0,5,-1.0988572723352377,-0.18127869197361735,-1.280135964308855
8480840,20252026,DAL,6,3428,F,4,1,4,1.0,4,1,4,1.0,4,-1.0071985916292197,0.00021386318977700824,-1.0069847284394426
8480844,20222023,FLA,1,357,,0,0,0,0.0,0,0,0,0.0,0,-1.287799404770559,-6.6352103727117715,-7.9230097774823305
8480845,20222023,LAK,6,2224,F,2,0,2,0.0,2,0,2,0.0,2,-0.8061744532358419,-2.2774836283724262,-3.0836580816082684
8480848,20222023,DAL,15,10712,F,15,8,15,6.5,15,7,15,8.0,15,-0.37306193866778425,0.16403202876465484,-0.20902990990312942
8480848,20232024,DAL,6,3266,F,5,3,5,3.0,5,3,5,2.0,5,0.7891824030310528,-0.580254314147493,0.20892808888355985
8480849,20252026,UTA,1,527,F,1,0,1,0.0,1,0,1,0.0,1,-1.0779306029069355,-1.199763033575838,-2.2776936364827733
8480855,20252026,UTA,2,1090,F,2,1,2,1.5,2,1,2,2.0,2,0.0999299175373447,-0.11609994880516306,-0.016170031267818352
8480860,20222023,NJD,11,7034,D,10,6,10,5.0,10,5,10,5.0,10,0.2186282128474426,-0.03282966889954286,0.18579854394789974
8480865,20222023,NYI,6,5842,D,6,4,6,5.0,6,5,6,3.0,6,0.7982340194175199,0.3786650329314596,1.1768990523489795
8480865,20232024,NYI,5,5898,D,5,3,5,1.5,5,3,5,3.0,5,0.7787139528731908,0.04182220908649015,0.8205361619596809
8480865,20252026,MTL,12,12240,D,12,6,12,5.5,12,9,12,7.0,12,0.5111056041744066,0.6859082581013021,1.1970138622757087
8480873,20232024,WSH,1,1047,D,1,0,1,0.5,1,0,1,0.0,1,-0.9311956200008491,0.44262923589475056,-0.48856638410609854
8480873,20242025,WSH,10,10626,D,10,4,10,5.5,10,5,10,5.0,10,0.20727632775401617,-0.9084233805597632,-0.7011470528057471
8480878,20232024,DAL,12,3070,D,1,1,1,1.0,1,1,1,1.0,1,-0.5756947085697739,0.11989334544828956,-0.45580136312148434
8480878,20252026,DAL,4,3056,D,4,3,4,3.0,4,3,4,3.0,4,0.5566977781663249,0.4480527189168626,1.0047504970831875
8480880,20222023,BOS,3,1096,F,0,0,0,0.0,0,0,0,0.0,0,-1.5221433494445669,1.683814349406103,0.16167099996153622
8480880,20232024,BOS,5,2472,F,3,0,3,0.5,3,1,3,1.0,3,-1.0142478799590748,-0.21199228859126373,-1.2262401685503386
8480901,20222023,WPG,1,600,F,1,0,1,0.0,1,0,1,0.0,1,0.42514978212538956,-3.093707981325034,-2.6685581991996443
8480950,20232024,TOR,7,6038,D,7,3,7,3.0,7,4,7,4.0,7,0.17624370755328034,-0.19468348535538582,-0.018439777802105484
8480950,20242025,DAL,14,12065,D,13,7,13,7.0,13,8,13,8.0,13,-0.12471558586232545,-0.3130743537900771,-0.43778993965240254
8480950,20252026,DAL,2,1539,D,2,1,2,1.0,2,1,2,1.0,2,-0.5751222555003588,0.31896709741138896,-0.2561551580889698
8480980,20222023,MIN,6,2956,F,4,2,4,2.5,4,2,4,2.0,4,-0.716331341095513,0.8302035532275995,0.11387221213208654
8480980,20232024,TOR,6,3418,F,5,2,5,1.5,5,2,5,1.0,5,-1.3919563378767186,0.06245889156430051,-1.329497446312418
8480980,20252026,PIT,3,2321,F,3,2,3,2.0,3,1,3,2.0,3,-0.4990801710138202,0.9918296882831954,0.4927495172693752
8480995,20232024,TOR,7,4200,F,7,1,7,2.0,6,0,7,2.0,6,-1.3705277680039674,-0.3118607600950125,-1.6823885280989799
8480995,20242025,TOR,12,8073,F,11,5,11,5.5,11,7,11,5.0,11,0.018410237089161008,-0.12965551867066383,-0.11124528158150282
8481006,20242025,STL,3,2260,D,3,1,3,1.0,3,0,3,0.0,3,-0.7918937394346957,-0.32864040456102916,-1.1205341439957248
8481014,20222023,NYI,4,3585,D,4,2,4,1.5,4,2,4,1.0,4,0.5659954192401169,-0.11330309430522245,0.4526923249348944
8481014,20232024,NYI,5,5411,D,5,4,5,2.0,5,4,5,3.0,5,1.183897377160175,-0.2992681445738814,0.8846292325862937
8481016,20232024,NYI,1,358,,0,0,0,0.0,0,0,0,0.0,0,-1.4631299687439532,1.974315177314637,0.5111852085706838
8481019,20222023,WPG,3,1274,F,1,0,1,0.0,1,0,1,0.0,1,-1.4083072564875616,-0.33853634051969683,-1.7468435970072584
8481019,20232024,WPG,4,1592,F,0,0,0,0.0,0,0,0,0.0,0,0.13271638844026867,1.1628375764806604,1.2955539649209291
8481019,20242025,WPG,4,1636,F,1,0,1,0.0,0,1,1,0.0,0,-0.1456207331886865,1.5031360782549914,1.357515345066305
8481024,20232024,VAN,2,1123,,0,0,0,0.0,0,0,0,0.0,0,0.009886517219980462,-0.5835530283733306,-0.5736665111533501
8481032,20242025,NJD,5,3309,F,5,1,5,1.0,5,2,5,2.0,5,-1.2007330148217052,-0.5458331547711763,-1.7465661695928816
8481042,20232024,COL,2,762,,0,0,0,0.0,0,0,0,0.0,0,0.4108165325632167,-0.637463627543212,-0.22664709497999525
8481056,20232024,NSH,3,1460,D,2,0,2,1.0,2,0,2,2.0,2,-0.6648475722170926,-0.7190692296206205,-1.383916801837713
8481068,20222023,NJD,3,1518,F,1,1,1,1.0,1,1,1,1.0,1,0.510297055850347,0.5050401835079865,1.0153372393583335
8481122,20232024,TOR,7,6444,D,7,2,7,2.0,7,1,7,1.0,7,-0.9257153711093375,0.1376953374124319,-0.7880200336969057
8481122,20242025,TOR,13,12061,D,13,4,13,4.0,13,6,13,5.0,13,-0.7645306622067116,-0.05044139406624781,-0.8149720562729594
8481167,20222023,VGK,1,690,,0,0,0,0.0,0,0,0,0.0,0,2.00653975004479,-0.2828166906841201,1.7237230593606698
8481186,20222023,COL,7,4354,F,7,3,7,2.0,7,2,7,2.0,7,-0.22834313388475191,-0.6924061764492562,-0.9207493103340081
8481186,20242025,COL,7,4565,F,7,5,7,5.0,7,5,7,3.0,7,-0.03662307981599966,0.12393365413720359,0.08731057432120393
8481186,20252026,COL,13,7595,,0,0,0,0.0,0,0,0,0.0,0,0.23577411142956173,-0.3167270539454954,-0.08095294251593366
8481237,20232024,NYI,5,3116,F,4,2,4,3.0,4,3,4,3.0,4,0.9873746122908145,0.6632371419220888,1.6506117542129033
8481477,20242025,FLA,8,3252,F,2,0,2,0.5,2,0,2,0.0,2,-1.8474425586892813,0.07112144498776929,-1.776321113701512
8481477,20252026,MIN,8,3884,F,3,0,3,1.0,3,1,3,1.5,3,0.11916518698046019,-0.7202783026024728,-0.6011131156220126
8481481,20222023,LAK,3,1313,F,1,0,1,1.0,1,1,1,1.0,1,0.6125643274799297,-0.31435195070065536,0.29821237677927437
8481481,20232024,LAK,5,2398,F,2,1,2,1.5,2,1,2,1.0,2,0.0006105555969311283,1.1828569906574782,1.1834675462544093
8481481,20252026,PIT,3,2216,F,3,2,3,2.0,3,2,3,2.0,3,-0.035003354689287836,1.2699458949798528,1.234942540290565
8481522,20252026,BUF,7,4594,F,6,3,6,1.5,6,2,6,1.0,6,-1.2511908557066365,-1.834112574227356,-3.0853034299339925
8481523,20252026,MTL,12,5874,F,6,2,6,2.5,6,3,6,3.0,6,-0.03473168931379833,0.42335633821786667,0.38862464890406834
8481524,20222023,COL,7,8076,D,7,3,7,2.0,7,3,7,3.0,7,0.5500725404453446,-0.595280225803924,-0.04520768535857944
8481524,20252026,BUF,7,7272,D,7,5,7,2.0,7,3,7,3.0,7,0.38276799312709064,-1.573941136540138,-1.1911731434130473
8481527,20242025,VGK,1,784,D,1,0,1,0.0,1,0,1,0.0,1,-0.9705822935062838,-0.7768163319190124,-1.7473986254252962
8481527,20252026,VGK,13,8133,D,12,7,12,6.0,12,6,12,6.0,12,1.156867750045377,-0.4529539243459877,0.7039138256993893
8481528,20242025,OTT,6,4979,F,6,4,6,3.0,6,4,6,3.0,6,0.2957394248580858,0.1691796604324911,0.4649190852905769
8481532,20242025,LAK,3,1031,F,0,0,0,0.0,0,0,0,0.0,0,-1.603908631220653,-2.3751918086143027,-3.979100439834956
8481532,20252026,LAK,1,736,F,1,1,1,1.0,1,1,1,1.0,1,3.1273876547817467,1.855652172186136,4.983039826967882
8481533,20252026,PHI,7,6060,F,7,4,7,3.5,7,5,7,4.0,7,0.3522685716207259,0.5097452378591516,0.8620138094798775
8481535,20232024,VAN,11,6093,F,9,7,9,5.5,9,6,9,6.0,9,0.8292797692867158,0.0035193991857183082,0.8327991684724341
8481540,20242025,MTL,5,5046,F,5,3,5,3.5,5,2,5,4.5,5,1.0751602848632924,-0.270944597034946,0.8042156878283464
8481540,20252026,MTL,12,9964,F,12,5,12,5.5,12,7,12,7.0,12,0.09377132837284785,0.42194722246722227,0.5157185508400701
8481541,20222023,NYI,2,762,D,0,0,0,0.0,0,0,0,0.0,0,1.136235579577364,-2.619954011243628,-1.4837184316662642
8481546,20252026,PHI,7,7428,D,7,1,7,2.0,7,2,7,3.5,7,-0.5550544284202117,-0.14015286622015077,-0.6952072946403625
8481553,20252026,MIN,4,2695,F,4,2,4,1.5,2,4,4,2.0,2,-0.16388335727962966,1.2202800222365584,1.0563966649569287
8481554,20222023,NYR,7,4650,F,7,4,7,4.5,7,5,7,5.0,7,0.20877958806007912,0.33224448433423337,0.5410240723943125
8481554,20232024,NYR,15,9357,F,13,5,13,6.5,13,8,13,8.0,13,0.6322786118200041,-0.16348581771294457,0.46879279410705954
8481556,20232024,BOS,12,6004,F,8,2,8,2.5,8,4,8,3.0,8,-0.5811025260175451,-0.10747319427457347,-0.6885757202921186
8481557,20222023,MIN,6,5220,F,6,2,6,4.0,6,1,6,3.5,6,-1.0957260878602475,-0.30390647341916965,-1.3996325612794172
8481557,20242025,MIN,6,6874,F,6,3,6,4.0,6,3,6,3.0,6,0.26698557066650075,0.7802477641101433,1.047233334776644
8481557,20252026,MIN,11,10977,F,11,4,11,3.5,11,6,11,6.0,11,-0.2447662223150875,0.06208706034893696,-0.18267916196615053
8481559,20222023,NJD,12,11000,F,12,6,12,6.5,12,5,12,7.0,12,-0.20482950596238503,-0.013310211804957728,-0.21813971776734276
8481560,20222023,LAK,2,970,F,1,0,1,0.0,1,0,1,1.0,1,-0.7134694578834173,-0.7080717442959301,-1.4215412021793474
8481563,20252026,ANA,8,4128,D,5,3,5,3.0,5,3,5,3.0,5,-0.39081573299690664,-0.369510916801866,-0.7603266497987726
8481580,20232024,WSH,4,2633,F,4,2,4,0.5,4,1,4,0.0,4,-0.45204144391520695,-1.3922848778905816,-1.8443263218057886
8481580,20242025,WSH,10,8325,F,10,4,10,3.5,10,4,10,5.0,10,-0.11221541565935889,-0.7528369771044932,-0.865052392763852
8481581,20222023,DAL,19,16016,,0,0,0,0.0,0,0,0,0.0,0,0.6224959518850453,0.6222874553418332,1.2447834072268784
8481581,20232024,DAL,19,21506,D,19,11,19,9.5,19,11,19,11.0,19,0.48462208395935136,-0.14560069496684402,0.33902138899250733
8481581,20242025,DAL,18,22076,D,18,12,18,11.0,18,14,18,15.0,18,0.3079276743169834,0.44226657811629577,0.7501942524332792
8481581,20252026,DAL,6,6431,D,6,4,6,4.0,6,4,6,3.0,6,1.2290239396422897,-0.4379688157044692,0.7910551239378205
8481582,20232024,TOR,6,2964,F,3,1,3,1.0,3,1,3,2.0,3,-0.884570969217698,0.29834788507115095,-0.586223084146547
8481582,20242025,TOR,3,1526,F,3,1,3,1.0,2,2,3,1.0,2,-0.6113335783045935,1.6259161829607138,1.0145826046561204
8481593,20242025,MTL,2,1462,D,2,0,2,0.0,2,0,2,0.0,2,-0.17695080556176945,-2.94942327211316,-3.1263740776749294
8481593,20252026,MTL,5,3511,D,5,1,5,1.0,5,3,5,2.0,5,-0.6917754336343822,-1.0172061350679975,-1.7089815687023797
8481596,20242025,OTT,6,5673,F,6,1,6,2.0,6,1,6,1.0,6,-0.9015943707380611,-0.31312719879894035,-1.2147215695370015
8481598,20222023,EDM,9,3327,D,3,2,3,2.0,3,2,3,2.0,3,-0.6666966941328014,-0.08561291831756668,-0.7523096124503681
8481598,20232024,EDM,10,7870,,0,0,0,0.0,0,0,0,0.0,0,-0.6617406940047921,-0.7219309555011266,-1.3836716495059187
8481598,20242025,STL,7,6832,D,7,2,7,2.5,7,2,7,3.5,7,-0.5933429224217095,-0.40988065228389803,-1.0032235747056075
8481601,20232024,NYI,3,1894,F,3,1,3,1.0,3,1,3,1.0,3,-0.46703437241265244,-0.4225318375628331,-0.8895662099754855
8481604,20232024,VGK,1,425,F,0,0,0,0.0,0,0,0,0.0,0,-1.6971635223181178,-0.5755786799368026,-2.2727422022549204
8481604,20242025,VGK,8,6843,F,8,5,8,4.0,8,4,8,4.0,8,0.20361287033569342,0.2218024586201537,0.4254153289558471
8481604,20252026,VGK,22,17681,F,22,10,22,7.5,22,11,22,9.5,22,-0.3546623930331907,-0.04126928568580768,-0.39593167871899837
8481605,20252026,ANA,12,16367,D,12,7,12,7.5,12,8,12,8.0,12,0.5521621899974201,0.19604559829502533,0.7482077882924454
8481606,20232024,LAK,5,3961,D,5,5,5,4.5,5,4,5,4.0,5,0.21724731643060347,1.5967681146197954,1.8140154310503989
8481606,20242025,LAK,5,2099,D,1,0,1,0.0,1,1,1,0.0,1,-0.37819581387619583,-1.1067848142466366,-1.4849806281228324
8481617,20232024,VAN,2,974,F,1,0,1,0.0,1,1,1,0.0,1,-0.04439004991987705,-0.03311730944119651,-0.07750735936107356
8481617,20242025,EDM,22,12324,F,13,7,13,5.5,13,6,13,6.0,13,-0.5731766298468157,-0.12541330577208054,-0.6985899356188963
8481617,20252026,EDM,6,5290,F,6,4,6,4.0,6,4,6,4.0,6,1.6703192365626502,-0.39694361830732516,1.273375618255325
8481618,20222023,COL,7,3509,F,3,1,3,0.0,3,0,3,0.0,3,-0.6394653234026275,-0.2725368195211453,-0.9120021429237728
8481618,20242025,MTL,5,3891,F,5,2,5,2.0,5,2,5,2.0,5,-0.9367980312513806,-1.1252254263149184,-2.062023457566299
8481618,20252026,MTL,12,9611,F,12,7,12,6.0,12,9,12,8.0,12,-0.10269353264679415,0.7074766347846078,0.6047831021378136
8481624,20232024,VAN,11,6813,F,10,9,10,6.0,10,9,10,7.5,10,-0.1495576492991817,0.6018799559093486,0.4523223066101669
8481641,20222023,DAL,15,9519,F,14,5,14,6.5,14,4,14,4.5,14,-0.754032822382517,-0.04329010737642491,-0.7973229297589419
8481641,20232024,COL,8,4533,F,7,4,7,4.5,7,3,7,3.5,7,-0.21583435859549693,-0.488682023362657,-0.7045163819581539
8481641,20242025,COL,7,3535,F,4,1,4,1.5,4,1,4,1.0,4,-0.6780983507901297,0.16636975573902446,-0.5117285950511052
8481641,20252026,COL,5,2387,F,2,0,2,0.5,2,0,2,0.0,2,-0.6530962889862102,0.5122677756194323,-0.14082851336677793
8481655,20242025,VGK,1,354,F,0,0,0,0.0,0,0,0,0.0,0,-0.5751589835443849,1.6510071996552957,1.0758482161109109
8481656,20232024,WSH,4,2740,F,3,2,3,3.0,3,3,3,3.0,3,0.7921665116482592,0.4232621171194102,1.2154286287676694
8481656,20242025,WSH,6,5149,F,6,1,6,2.5,6,2,6,3.0,6,-0.6156817501681509,0.348986292690058,-0.26669545747809287
8481704,20232024,NSH,1,911,F,1,0,1,0.0,1,0,1,0.0,1,0.035314020766394894,-1.6263261123785306,-1.5910120916121357
8481719,20232024,TBL,3,2251,,0,0,0,0.0,0,0,0,0.0,0,0.22220656351544132,0.3086099405126621,0.5308165040281034
8481725,20252026,PIT,3,1685,F,2,1,2,1.0,2,0,2,0.0,2,-0.6218941620655951,-0.44113679746478507,-1.0630309595303802
8481789,20222023,SEA,10,6632,,0,0,0,0.0,0,0,0,0.0,0,0.030847802061744645,0.2952126901541394,0.32606049221588407
8482062,20232024,NSH,5,3060,F,4,0,4,1.0,4,0,4,1.0,4,-0.9211423483529757,-1.2941495480457805,-2.2152918963987562
8482062,20252026,VGK,22,13122,F,20,6,20,7.5,17,5,20,7.0,17,-0.1875883950626771,-0.23214735943712705,-0.41973575449980416
8482070,20232024,TBL,5,3074,F,4,1,4,2.5,4,2,4,2.0,4,-0.4008001895158164,0.2749527738998325,-0.1258474156159839
8482070,20242025,TBL,4,2156,F,3,1,3,0.0,3,1,3,0.0,3,-0.31266301141264474,-0.7077842708613273,-1.020447282273972
8482072,20252026,COL,3,1064,,0,0,0,0.0,0,0,0,0.0,0,-0.9607775800750777,-4.766906592355628,-5.727684172430706
8482073,20222023,NYR,7,5015,D,7,2,7,1.0,7,1,7,0.0,7,0.2024556092385983,-2.8028358605729364,-2.600380251334338
8482073,20232024,NYR,16,13829,D,16,3,16,3.0,16,7,16,6.0,16,0.05857789224081689,-0.5749925620845873,-0.5164146698437704
8482077,20232024,EDM,25,16087,F,22,9,22,11.5,22,9,22,13.5,22,-0.2123529416795793,0.05874713520600272,-0.15360580647357658
8482079,20242025,MIN,6,3227,F,4,1,4,1.0,4,1,4,1.0,4,-0.06260051125742505,0.19336962522199963,0.13076911396457458
8482087,20242025,MTL,5,5816,D,5,3,5,3.0,5,2,5,4.0,5,0.38747074719037444,0.7114381747608829,1.0989089219512573
8482087,20252026,MTL,12,11094,D,12,3,12,4.0,12,4,12,5.0,12,-0.2474650537697034,-0.7422473179713731,-0.9897123717410765
8482089,20242025,STL,7,5916,F,7,3,7,4.0,7,4,7,4.0,7,0.21525869127002029,-0.7585829820301266,-0.5433242907601064
8482092,20242025,OTT,6,5033,F,6,1,6,0.5,6,0,6,0.0,6,-1.2170942271672458,-0.19455529072365718,-1.411649517890903
8482093,20222023,CAR,15,12442,F,15,11,15,9.5,15,8,15,9.0,15,0.2985198739421846,0.46317839828125607,0.7616982722234407
8482093,20232024,CAR,11,10153,F,11,9,11,7.5,11,7,11,6.5,11,-0.2497132455112574,0.7141060214444215,0.4643927759331641
8482093,20242025,CAR,15,12273,F,15,8,15,7.5,15,7,15,7.0,15,-0.07617174284255235,0.17926644198460462,0.10309469914205227
8482093,20252026,CAR,15,12236,F,15,9,15,7.0,15,5,15,6.5,15,-0.9699786287129992,0.08008846019986882,-0.8898901685131304
8482094,20252026,MIN,5,3236,D,4,2,4,1.0,4,1,4,1.0,4,-0.6434145507197344,-1.259244718698481,-1.9026592694182154
8482095,20242025,OTT,6,5139,D,6,5,6,5.0,6,5,6,5.0,6,0.5835464308701537,0.47578368956382344,1.0593301204339771
8482097,20252026,BUF,7,5459,F,7,5,7,4.5,7,3,7,3.0,7,0.7312512780022278,0.89606500111559,1.6273162791178177
8482100,20242025,CAR,4,3182,,0,0,0,0.0,0,0,0,0.0,0,-0.07527888110575853,-0.24514469371680647,-0.320423574822565
8482100,20252026,CAR,13,8961,D,12,5,12,5.5,12,6,12,4.0,12,0.34275433526371746,-0.2971591827897848,0.04559515247393264
8482105,20242025,OTT,6,7380,D,6,3,6,4.0,6,3,6,3.5,6,-0.5514601286783729,0.10465669610515071,-0.4468034325732222
8482109,20222023,NYR,7,4502,F,7,4,7,5.0,7,5,7,5.0,7,1.127284081130461,-0.21617347813156407,0.9111106029988969
8482109,20232024,NYR,16,12772,F,16,8,16,9.0,16,11,16,13.0,16,0.8633076382283857,0.32369384232507326,1.187001480553459
8482110,20222023,NJD,12,8906,F,12,4,12,4.5,12,4,12,5.0,12,-0.3624583596864426,-0.4124816566697276,-0.7749400163561702
8482110,20242025,NJD,5,4311,F,5,1,5,3.5,5,4,5,3.0,5,0.8584658907483456,-0.3849146682497455,0.47355122249860004
8482113,20222023,FLA,21,17172,F,21,9,21,9.5,21,11,21,11.0,21,-0.3020915971069775,0.7891485959681304,0.48705699886115283
8482113,20232024,FLA,24,17415,F,24,15,24,13.0,23,17,24,13.0,23,0.6348064926452421,0.08104733735331249,0.7158538299985546
8482113,20242025,FLA,23,17082,F,23,13,23,13.5,23,13,23,10.0,23,0.37454343686009883,-0.14628191349429986,0.22826152336579897
8482116,20242025,OTT,6,5955,F,6,5,6,4.0,6,4,6,5.0,6,0.8858983366059612,0.2080544601113523,1.0939527967173135
8482122,20222023,MIN,6,4180,,0,0,0,0.0,0,0,0,0.0,0,1.097251519105074,-0.3586140869486525,0.7386374321564215
8482122,20242025,MIN,6,7923,D,6,3,6,2.5,6,4,6,5.0,6,0.4039983121095039,0.31557206018579853,0.7195703722953024
8482122,20252026,MIN,11,14869,D,11,7,11,5.0,11,8,11,5.5,11,0.8301027113607058,0.12038819197817086,0.9504909033388766
8482124,20222023,LAK,6,4710,F,6,0,6,1.0,6,1,6,1.0,6,-1.0633478407757002,-1.5434193117427912,-2.6067671525184917
8482124,20232024,LAK,5,4227,F,5,3,5,2.5,5,3,5,2.0,5,-0.23370153798932947,-0.2519491525942441,-0.4856506905835736
8482124,20242025,LAK,6,6299,F,6,4,6,4.0,6,5,6,3.5,6,0.36973574520619046,0.8155859423655225,1.185321687571713
8482124,20252026,LAK,4,3780,F,4,2,4,1.5,4,3,4,3.0,4,0.9342921091029865,-0.2027695390352795,0.731522570067707
8482126,20252026,PHI,3,1714,D,3,1,3,1.5,3,2,3,2.0,3,-0.5660585760482966,-0.019247057933468703,-0.5853056339817653
8482142,20252026,PHI,7,7651,D,7,0,7,1.5,7,1,7,3.0,7,-0.8961783340112206,0.397056755796628,-0.4991215782145926
8482145,20232024,DAL,1,428,,0,0,0,0.0,0,0,0,0.0,0,-1.2739625268118564,1.9829353296551804,0.708972802843324
8482145,20242025,DAL,3,1750,F,2,0,2,0.5,2,1,2,1.0,2,1.2868339307768277,-2.1905968453002864,-0.9037629145234587
8482145,20252026,DAL,6,4726,F,6,4,6,5.0,6,5,6,5.0,6,1.9517725875906633,0.32665641630109277,2.2784290038917563
8482146,20232024,NSH,6,3892,F,6,3,6,3.5,6,4,6,3.0,6,0.321497633769809,1.0271788349247786,1.3486764686945876
8482148,20232024,WSH,4,2264,F,3,1,3,2.0,3,0,3,1.0,3,0.1097984627004771,-0.9289891925020524,-0.8191907298015753
8482149,20232024,WPG,1,656,F,1,0,1,0.0,1,0,1,0.0,1,-1.3662841176188505,-1.1419904147290496,-2.5082745323479
8482149,20242025,WPG,13,9695,F,13,7,13,6.5,13,7,13,9.0,13,0.07460691041329537,0.5472123310940624,0.6218192415073578
8482155,20232024,LAK,5,3512,F,5,2,5,3.5,5,3,5,2.5,5,1.0388847051271357,0.2038571567191152,1.242741861846251
8482155,20242025,LAK,6,5774,F,6,4,6,4.0,6,4,6,4.0,6,0.5160791610447797,0.6252773815831505,1.1413565426279302
8482155,20252026,LAK,4,3965,F,4,1,4,1.5,4,3,4,3.0,4,0.3855097049390972,-0.5100588552500622,-0.12454915031096503
8482157,20232024,NYR,16,9542,F,12,6,12,4.5,11,8,12,6.0,11,0.2914880632724486,0.6977013149410665,0.989189378213515
8482159,20252026,PHI,7,5722,F,7,2,7,3.0,6,2,7,3.5,6,-1.2091154672251567,1.0342266251151984,-0.17488884210995836
8482175,20252026,UTA,6,3772,F,5,2,5,2.0,5,2,5,2.0,5,0.45934901609728307,-0.39754127059625244,0.06180774550103063
8482178,20252026,ANA,10,5349,D,8,2,8,2.5,7,2,8,2.0,7,-0.4308078049279649,-0.2180784921733201,-0.648886297101285
8482201,20242025,TBL,5,4038,F,5,2,5,1.5,5,2,5,2.0,5,0.14714050078999108,-1.4307311397504305,-1.2835906389604395
8482245,20242025,OTT,6,6504,D,6,1,6,2.0,6,1,6,1.0,6,-0.9026824509498788,-0.019800526438805255,-0.922482977388684
8482259,20242025,TOR,13,8145,F,12,2,12,3.5,11,6,12,4.0,11,-0.2214989145698183,-0.5602872880929608,-0.7817862026627791
8482408,20242025,LAK,6,1655,,0,0,0,0.0,0,0,0,0.0,0,-1.547122614870498,-1.8090642152279814,-3.3561868300984794
8482408,20252026,LAK,4,1583,F,0,0,0,0.0,0,0,0,0.0,0,-0.19844551640316088,-0.3628454281435176,-0.5612909445466785
8482460,20232024,NYR,11,3813,,0,0,0,0.0,0,0,0,0.0,0,-0.6633977194780438,-0.2888502857184774,-0.9522480051965212
8482470,20252026,PIT,3,1186,D,0,0,0,0.0,0,0,0,0.0,0,-0.5027211812797874,0.0037621674801928684,-0.4989590137995945
8482475,20252026,PIT,3,1984,F,2,1,2,1.0,2,1,2,1.0,2,-0.6911897709339241,-0.34705226066792116,-1.0382420316018452
8482476,20242025,MTL,5,2369,F,2,1,2,1.0,2,0,2,1.0,2,-1.0694836671232735,0.7655246636909534,-0.3039590034323201
8482496,20232024,VAN,5,2312,F,3,1,3,1.5,3,1,3,2.0,3,0.4323099961683945,-0.5369900970781283,-0.10468010090973379
8482511,20232024,BOS,11,9689,D,10,5,10,5.5,10,6,10,6.0,10,0.2403189093967224,0.4418295165193722,0.6821484259160946
8482655,20242025,TBL,5,3638,D,5,4,5,3.5,5,3,5,4.0,5,0.08085640801472582,0.7995587375437891,0.880415145558515
8482659,20252026,BUF,7,5886,F,7,6,7,5.5,7,5,7,5.0,7,0.306870434985127,1.4864348679266797,1.7933053029118067
8482665,20222023,SEA,14,11666,F,14,7,14,7.5,14,9,14,10.0,14,0.03347014566888529,0.8253395077195296,0.8588096533884149
8482666,20242025,CAR,5,2620,,0,0,0,0.0,0,0,0,0.0,0,-1.301910576212938,0.08074986107950544,-1.2211607151334325
8482671,20252026,BUF,7,7071,D,7,6,7,6.0,7,6,7,5.0,7,1.5059346765157446,0.7075493361233618,2.2134840126391064
8482684,20222023,NJD,3,3097,,0,0,0,0.0,0,0,0,0.0,0,-0.5297075044659882,0.11860143231378295,-0.4111060721522053
8482684,20242025,NJD,1,1085,D,1,0,1,0.0,1,1,1,0.0,1,-0.7997391193682906,-0.26425129559732063,-1.0639904149656112
8482699,20252026,UTA,6,5315,F,6,3,6,3.0,6,4,6,2.0,6,0.2041732046588618,1.219899458250779,1.4240726629096407
8482702,20232024,DAL,19,15274,F,19,11,19,9.0,18,8,19,7.5,18,0.33280865494656187,-0.2835409610546613,0.049267693891900555
8482702,20242025,CAR,15,10765,F,15,11,15,9.5,15,10,15,9.0,15,0.22435155854413757,0.42428987637466253,0.6486414349188001
8482702,20252026,CAR,15,11440,F,15,9,15,8.5,15,8,15,7.5,15,1.7914699687279918,-1.1186675975553124,0.6728023711726794
8482703,20252026,EDM,5,2436,F,3,0,3,1.0,2,1,3,1.0,2,-1.0470769559391528,0.4031271281738209,-0.6439498277653319
8482713,20242025,FLA,4,2335,F,3,0,3,1.5,3,0,3,0.0,3,-1.3840224814199684,-0.2733548433166608,-1.6573773247366292
8482720,20222023,TOR,7,4614,,0,0,0,0.0,0,0,0,0.0,0,1.26783037306144,0.3211256256826349,1.588955998744075
8482720,20232024,TOR,7,5483,F,7,3,7,2.5,7,3,7,3.0,7,0.502317969360611,-0.2798911103857824,0.2224268589748286
8482720,20242025,TOR,13,11834,F,13,8,13,8.5,13,10,13,9.5,13,0.41773558379112385,0.7387821258612208,1.1565177096523447
8482726,20242025,LAK,6,1371,F,0,0,0,0.0,0,0,0,0.0,0,-0.7961767979726029,-1.1678026319584025,-1.9639794299310054
8482726,20252026,LAK,4,1667,F,0,0,0,0.0,0,0,0,0.0,0,-0.40689257122166067,-0.6173723458477443,-1.024264917069405
8482730,20242025,LAK,6,3748,D,5,2,5,2.5,5,2,5,2.5,5,-0.37513732108020137,0.1764263411072533,-0.19871097997294807
8482730,20252026,LAK,4,3597,D,4,2,4,1.5,4,3,4,2.0,4,-0.4916668884443878,1.0292008769085985,0.5375339884642107
8482731,20252026,ANA,9,5145,,0,0,0,0.0,0,0,0,0.0,0,-0.939982122052871,-0.6802288482449566,-1.6202109702978276
8482737,20242025,STL,7,4693,F,7,2,7,2.0,6,2,7,2.0,6,-1.0080176527003857,0.15052116081967415,-0.8574964918807115
8482737,20252026,MTL,12,6447,F,10,2,10,3.0,10,4,10,4.0,10,-0.4585414716371341,1.0095803682441895,0.5510388966070554
8482740,20222023,DAL,19,15169,F,19,8,19,6.5,19,5,19,5.0,19,-0.3097769455260866,-0.5333021074485655,-0.8430790529746521
8482740,20232024,DAL,19,18384,F,19,10,19,10.5,19,10,19,11.5,19,0.17776323636294178,-0.33656823494500654,-0.15880499858206476
8482740,20242025,DAL,18,15564,F,18,10,18,10.0,18,11,18,10.0,18,-0.5712031287874719,0.6986809291336198,0.12747780034614786
8482740,20252026,DAL,6,5868,F,6,2,6,3.5,6,1,6,2.0,6,-0.03315340581183479,-0.9501545616569413,-0.9833079674687761
8482745,20252026,ANA,10,6182,F,9,2,9,5.0,9,4,9,5.0,9,-0.03917660491906272,0.17617351444824347,0.13699690952918075
8482775,20242025,MTL,3,1236,,0,0,0,0.0,0,0,0,0.0,0,-1.1233694874124363,0.49574957981602497,-0.6276199075964113
8482775,20252026,MTL,3,1352,F,2,1,2,0.5,2,1,2,1.0,2,0.26823178995024444,1.1045932451722984,1.3728250351225428
8482803,20252026,ANA,3,2185,D,3,2,3,1.5,3,2,3,1.5,3,1.0773280592819727,0.41966732943398855,1.4969953887159613
8482809,20242025,CAR,15,11418,F,14,6,14,4.5,14,7,14,3.5,14,-0.13171440338525242,0.006580012755625031,-0.1251343906296274
8482809,20252026,CAR,15,11527,F,15,10,15,8.5,15,7,15,5.5,15,1.948988069997783,-1.3112493864732573,0.6377386835245258
8482834,20222023,SEA,1,249,,0,0,0,0.0,0,0,0,0.0,0,3.180324470484072,-0.45137917065426336,2.7289452998298085
8482861,20232024,WSH,1,110,,0,0,0,0.0,0,0,0,0.0,0,-2.0583095046116937,-6.958418425319887,-9.01672792993158
8482896,20252026,BUF,2,920,F,1,1,1,1.0,1,1,1,1.0,1,0.5166346942856666,-1.4516996183778552,-0.9350649240921887
8482929,20232024,TBL,5,4212,D,5,2,5,3.5,5,3,5,3.0,5,-0.24970661455493603,0.38739975192630594,0.1376931373713699
8482929,20242025,TBL,5,3273,D,5,2,5,2.0,5,1,5,2.0,5,-1.0295347000449937,-0.6227553708495046,-1.6522900708944983
8482964,20242025,MTL,3,1913,D,3,2,3,1.5,3,1,3,1.0,3,-0.21915967618244725,0.5986320212679823,0.37947234508553507
8482964,20252026,MTL,7,2410,D,0,0,0,0.0,0,0,0,0.0,0,0.21323011267995584,0.4187104023568735,0.6319405150368294
8483406,20252026,LAK,1,265,F,0,0,0,0.0,0,0,0,0.0,0,0.3222088140393353,-2.487385673402766,-2.165176859363431
8483425,20242025,DAL,18,11295,D,16,9,16,9.0,16,9,16,8.0,16,0.657307775000636,0.3930121046425663,1.0503198796432023
8483425,20252026,DAL,6,4745,D,6,4,6,3.5,5,4,6,4.0,5,-1.0438188836690465,1.0920146620003655,0.04819577833131894
8483429,20242025,NJD,1,416,,0,0,0,0.0,0,0,0,0.0,0,-1.6008756858411894,2.9924014152278517,1.3915257293866623
8483431,20252026,UTA,6,5603,F,6,4,6,3.0,6,5,6,3.0,6,0.12946696359785115,1.4461506776556925,1.5756176412535436
8483445,20252026,ANA,12,9569,F,12,5,12,6.0,12,6,12,6.0,12,0.6238091886929555,-0.35358744454692514,0.2702217441460304
8483447,20242025,TBL,4,2418,F,3,2,3,2.0,3,2,3,2.0,3,-0.6358749210922623,-0.9789720919401317,-1.614847013032394
8483457,20242025,MTL,5,6427,D,5,4,5,3.5,5,5,5,5.0,5,1.1920992085133588,1.0479001528409646,2.2399993613543234
8483457,20252026,MTL,12,13395,D,12,4,12,3.0,12,6,12,5.0,12,0.08626173517989821,-0.05874713695009692,0.02751459822980129
8483490,20252026,ANA,12,12109,D,12,5,12,4.0,11,6,12,5.0,11,-0.44969590037384366,-0.04452106149637336,-0.494216961870217
8483491,20232024,WSH,1,479,F,0,0,0,0.0,0,0,0,0.0,0,1.6831810297450904,2.0303187494898376,3.713499779234928
8483495,20242025,NJD,4,3179,D,4,3,4,3.0,4,3,4,3.0,4,1.171185347284248,-0.424529393774582,0.746655953509666
8483512,20252026,EDM,6,4405,F,6,4,6,3.0,6,3,6,3.0,6,0.6663033876447302,-0.49864101791371507,0.16766236973101512
8483515,20242025,MTL,5,5196,F,5,3,5,3.0,5,3,5,5.0,5,1.0563267683160915,0.010087683528009261,1.0664144518441008
8483515,20252026,MTL,12,10644,F,12,5,12,5.0,12,5,12,6.0,12,-0.5123966094126335,0.6495652508955887,0.13716864148295516
8483516,20242025,STL,7,5848,,0,0,0,0.0,0,0,0,0.0,0,-0.28495633077866556,0.1571226291638388,-0.12783370161482677
8483525,20252026,MIN,9,5222,F,8,2,8,2.5,8,2,8,1.0,8,-0.4811616159481982,-1.0491556725720494,-1.5303172885202476
8483565,20252026,COL,5,2770,D,3,3,3,2.5,3,3,3,2.5,3,0.049899506284513784,0.38925621297020996,0.43915571925472374
8483570,20222023,COL,6,1903,F,0,0,0,0.0,0,0,0,0.0,0,0.5911243735261271,0.43213004562424406,1.0232544191503712
8483731,20252026,PHI,6,3968,F,4,1,4,1.0,4,1,4,1.0,4,0.7693339524990468,-0.9419108998147632,-0.17257694731571638
8483756,20252026,LAK,4,2554,F,4,2,4,2.5,4,2,4,3.0,4,1.2098179768333623,0.30638537363500706,1.5162033504683694
8483808,20242025,LAK,6,5076,F,6,3,6,4.0,6,3,6,4.0,6,-0.46293662443545536,-0.46306085434113253,-0.9259974787765879
8483808,20252026,LAK,1,470,F,0,0,0,0.0,0,0,0,0.0,0,-1.9657007460836142,0.7359127935470573,-1.229787952536557
8483890,20252026,VGK,1,436,F,0,0,0,0.0,0,0,0,0.0,0,-2.062029088019289,-0.3512881424016352,-2.4133172304209243
8484142,20252026,PHI,7,4566,F,7,3,7,1.5,7,3,7,4.0,7,0.09561509406145441,-0.1819657912733499,-0.08635069721189548
8484145,20252026,BUF,7,6247,F,7,5,7,4.5,7,5,7,4.0,7,0.38002075168084914,1.098092307585146,1.4781130592659952
8484148,20252026,PHI,1,621,,0,0,0,0.0,0,0,0,0.0,0,-0.8551406477149177,-1.3300401594650828,-2.1851808071800005
8484153,20252026,ANA,12,10495,F,11,8,11,7.0,11,9,11,7.0,11,0.7802075579973011,0.6529507595769886,1.4331583175742897
8484186,20242025,WSH,8,4425,,0,0,0,0.0,0,0,0,0.0,0,0.707936646048712,0.006953886371862783,0.7148905324205748
8484258,20242025,COL,5,3867,D,5,3,5,3.5,5,3,5,3.0,5,0.5143119915265095,0.416361823378703,0.9306738149052125
8484258,20252026,COL,11,10912,D,11,5,11,5.0,11,4,11,4.0,11,-0.9663702881895866,-0.15757751670903497,-1.1239478048986216
8484304,20242025,FLA,5,3453,D,5,2,5,2.0,5,4,5,3.0,5,-0.22606139389701374,-0.6171086094227145,-0.8431700033197282
8484305,20252026,BUF,2,892,D,1,0,1,0.0,1,0,1,0.0,1,-1.781608635509684,-0.9764031156727939,-2.7580117511824778
8484321,20242025,OTT,6,4347,D,6,5,6,4.0,6,5,6,4.0,6,0.9148385008013846,0.3350521501565604,1.249890650957945
8484387,20252026,PHI,5,2792,F,4,0,4,0.0,3,0,4,0.0,3,-0.6475984643302142,-1.5934868222003837,-2.241085286530598
8484509,20252026,EDM,5,2280,F,2,1,2,1.0,2,1,2,1.0,2,-1.104923857518622,0.054995171956046196,-1.0499286855625758
8484762,20252026,ANA,12,10263,F,11,3,11,4.0,11,6,11,3.0,11,-0.5701179532464373,-0.0958794230106168,-0.6659973762570541
8484779,20252026,PHI,1,662,,0,0,0,0.0,0,0,0,0.0,0,-1.432356534663049,-0.4517295714587455,-1.8840861061217944
8484797,20252026,BUF,4,2850,,0,0,0,0.0,0,0,0,0.0,0,2.644323479777118,-0.41682788458199616,2.227495595195122
8484798,20242025,MIN,4,2667,,0,0,0,0.0,0,0,0,0.0,0,-0.20235962221384285,-1.2318338458973628,-1.4341934681112056
8484829,20252026,DAL,6,4357,F,6,3,6,4.0,6,3,6,3.0,6,0.7831773859414182,-0.792889076093604,-0.00971169015218587
8484938,20252026,DAL,4,2315,F,3,3,3,1.5,3,2,3,1.0,3,-0.3604019987328657,0.8563957245793135,0.49599372584644774
8484984,20242025,MTL,5,3680,,0,0,0,0.0,0,0,0,0.0,0,-1.766809181911755,0.19332648354800064,-1.5734826983637544
8484984,20252026,MTL,12,9550,F,12,5,12,5.5,12,7,12,7.0,12,-0.2261064371444137,1.055547483330591,0.8294410461861772
8485406,20252026,PHI,7,5618,,0,0,0,0.0,0,0,0,0.0,0,-0.14105921089191864,0.29201860376425337,0.15095939287233473
8485414,20252026,PIT,3,1725,F,2,1,2,1.5,2,1,2,1.0,2,-0.922293874491326,-0.24290576568858402,-1.16519964017991
8485512,20252026,ANA,12,8084,F,12,3,12,4.5,12,3,12,5.0,12,-0.6531014340430368,-0.5621058051344971,-1.215207239177534
