season,game_id,player_id,team_abbrev,position,TOI_on_sec,attempts_for,attempts_ag,xG_for,xG_ag,NFI_for,NFI_ag
20222023,2022030111,8470595,FLA,F,1022,11,11,0.65486,0.70263,4,4
20222023,2022030111,8471276,BOS,F,1142,9,17,0.49671,1.34819,4,8
20222023,2022030111,8471686,FLA,D,960,8,6,0.45561,0.38174,3,1
20222023,2022030111,8473419,BOS,F,972,7,6,0.31313,0.21729,1,2
20222023,2022030111,8473422,BOS,F,437,6,10,0.24626,0.44715,1,5
20222023,2022030111,8475200,BOS,D,1218,19,13,1.38096,1.2064,8,7
20222023,2022030111,8475462,FLA,D,861,11,14,1.04604,1.11402,8,7
20222023,2022030111,8475745,BOS,F,915,9,11,0.77029,0.61968,4,4
20222023,2022030111,8475762,BOS,D,945,7,12,0.34121,0.54898,2,3
20222023,2022030111,8475791,BOS,F,755,8,10,0.88175,0.57798,4,4
20222023,2022030111,8476393,FLA,F,433,7,3,0.29726,0.09721,3,1
20222023,2022030111,8476854,BOS,D,1152,10,17,0.59278,0.7881,3,8
20222023,2022030111,8477365,BOS,D,830,9,14,0.50731,0.69485,4,4
20222023,2022030111,8477407,FLA,F,791,12,11,0.98295,0.72424,6,4
20222023,2022030111,8477409,FLA,F,997,13,13,1.00157,0.73318,6,5
20222023,2022030111,8477479,BOS,F,1006,12,16,0.74436,1.30106,6,7
20222023,2022030111,8477493,FLA,F,1099,12,10,0.89468,0.6599,5,5
20222023,2022030111,8477903,BOS,F,664,11,11,0.73749,0.44548,4,4
20222023,2022030111,8477931,BOS,F,610,8,8,0.35449,0.35832,2,4
20222023,2022030111,8477932,FLA,D,1318,20,17,0.96337,0.87749,7,5
20222023,2022030111,8477933,FLA,F,1214,10,10,0.52021,0.83345,3,4
20222023,2022030111,8477956,BOS,F,1033,8,16,0.3917,1.27021,3,7
20222023,2022030111,8477986,FLA,D,1496,12,13,1.00194,0.83467,4,4
20222023,2022030111,8478055,FLA,D,1301,22,17,1.10569,0.89524,8,6
20222023,2022030111,8478400,FLA,F,357,9,4,0.39002,0.3744,4,2
20222023,2022030111,8478401,BOS,F,787,11,6,0.582,0.21729,3,2
20222023,2022030111,8478443,BOS,D,1180,10,18,0.62918,0.86618,3,9
20222023,2022030111,8478498,BOS,F,797,9,6,0.50354,0.21729,3,2
20222023,2022030111,8479066,FLA,F,729,11,6,0.58519,0.477,4,3
20222023,2022030111,8479314,FLA,F,1212,12,12,0.71068,0.66005,5,4
20222023,2022030111,8479325,BOS,D,1164,18,10,1.19862,0.98245,6,5
20222023,2022030111,8479365,BOS,F,673,9,9,0.90297,0.6105,4,5
20222023,2022030111,8479372,FLA,D,570,10,6,0.47261,0.58504,6,3
20222023,2022030111,8479379,FLA,F,303,8,5,0.32964,0.3752,4,2
20222023,2022030111,8480185,FLA,F,882,11,11,0.65946,0.67127,5,3
20222023,2022030111,8482113,FLA,F,939,11,11,0.64562,0.57802,5,2
20222023,2022030112,8470595,FLA,F,504,4,4,0.80383,0.17362,2,0
20222023,2022030112,8471276,BOS,F,833,4,13,0.21846,1.15035,1,7
20222023,2022030112,8471686,FLA,D,861,5,12,0.51844,0.64333,3,3
20222023,2022030112,8473419,BOS,F,801,16,6,0.6192,0.60537,3,3
20222023,2022030112,8473422,BOS,F,645,5,3,0.29724,0.51854,1,1
20222023,2022030112,8475200,BOS,D,839,12,11,0.42379,1.8449,2,9
20222023,2022030112,8475462,FLA,D,765,8,14,1.17819,0.60711,3,2
20222023,2022030112,8475745,BOS,F,742,10,6,0.6468,0.7683,5,3
20222023,2022030112,8475762,BOS,D,693,7,8,0.4078,0.46677,2,2
20222023,2022030112,8475791,BOS,F,638,10,6,0.52288,0.52332,4,2
20222023,2022030112,8476393,FLA,F,513,6,6,0.8731,0.40293,2,1
20222023,2022030112,8476854,BOS,D,1027,17,7,0.67465,0.5402,3,1
20222023,2022030112,8477365,BOS,D,793,12,8,0.62627,0.8714,2,3
20222023,2022030112,8477407,FLA,F,587,4,11,0.06757,0.58808,1,3
20222023,2022030112,8477409,FLA,F,637,6,11,0.81182,0.47343,3,3
20222023,2022030112,8477479,BOS,F,811,5,11,0.1971,1.00027,0,6
20222023,2022030112,8477493,FLA,F,881,3,20,0.11545,0.85971,1,4
20222023,2022030112,8477903,BOS,F,421,5,3,0.19384,0.74705,0,2
20222023,2022030112,8477931,BOS,F,592,8,3,0.34866,0.74705,0,2
20222023,2022030112,8477932,FLA,D,1057,10,9,1.0926,0.33268,7,1
20222023,2022030112,8477933,FLA,F,888,3,16,0.10641,0.58488,1,3
20222023,2022030112,8477935,FLA,F,674,12,7,1.76283,0.31075,8,2
20222023,2022030112,8477956,BOS,F,796,5,13,0.24159,1.09368,1,7
20222023,2022030112,8477986,FLA,D,877,9,15,0.63253,0.77778,3,5
20222023,2022030112,8478055,FLA,D,1150,12,13,1.40876,0.49031,8,3
20222023,2022030112,8478400,FLA,F,421,4,4,0.80383,0.29633,2,1
20222023,2022030112,8478401,BOS,F,736,19,5,0.69392,0.2489,3,2
20222023,2022030112,8478443,BOS,D,870,17,6,0.69873,0.40578,3,1
20222023,2022030112,8478498,BOS,F,808,17,5,0.67411,0.57806,3,3
20222023,2022030112,8479066,FLA,F,579,6,8,0.15194,0.35221,2,2
20222023,2022030112,8479314,FLA,F,737,14,8,1.87089,0.39417,9,2
20222023,2022030112,8479325,BOS,D,913,10,12,0.47599,1.59883,3,9
20222023,2022030112,8479365,BOS,F,494,11,4,0.62682,0.67128,4,2
20222023,2022030112,8479372,FLA,D,656,8,13,0.9215,0.58393,2,2
20222023,2022030112,8480185,FLA,F,846,9,13,1.06646,0.489,6,2
20222023,2022030112,8482113,FLA,F,592,7,6,0.1939,0.2276,2,1
20222023,2022030113,8470595,FLA,F,623,2,12,0.00662,0.92665,0,5
20222023,2022030113,8471686,FLA,D,965,14,17,0.63362,0.91006,5,5
20222023,2022030113,8473419,BOS,F,868,14,13,1.05377,0.65325,6,6
20222023,2022030113,8473422,BOS,F,666,8,3,0.56315,0.14865,2,1
20222023,2022030113,8475200,BOS,D,1048,14,10,1.14789,0.4574,6,4
20222023,2022030113,8475462,FLA,D,808,3,10,0.03349,0.75279,0,4
20222023,2022030113,8475745,BOS,F,947,15,10,1.15491,0.61168,7,6
20222023,2022030113,8475762,BOS,D,869,12,11,1.05207,0.55801,6,5
20222023,2022030113,8475791,BOS,F,549,9,4,0.34464,0.17384,2,1
20222023,2022030113,8476393,FLA,F,470,3,7,0.01774,0.22689,0,1
20222023,2022030113,8476854,BOS,D,1018,14,9,1.14138,0.33259,5,3
20222023,2022030113,8476891,BOS,D,641,8,6,0.13756,0.31033,1,3
20222023,2022030113,8477407,FLA,F,663,6,9,0.32022,0.96421,2,4
20222023,2022030113,8477409,FLA,F,1050,12,10,0.64765,0.57043,7,3
20222023,2022030113,8477479,BOS,F,800,11,8,1.18573,0.31945,5,3
20222023,2022030113,8477493,FLA,F,856,8,12,0.22544,0.70855,1,4
20222023,2022030113,8477903,BOS,F,580,5,6,0.26063,0.20361,2,2
20222023,2022030113,8477931,BOS,F,677,4,6,0.02442,0.20361,0,2
20222023,2022030113,8477932,FLA,D,606,5,8,0.24323,0.74397,3,3
20222023,2022030113,8477933,FLA,F,851,9,9,0.42798,0.45752,4,3
20222023,2022030113,8477935,FLA,F,1004,9,12,0.44221,0.83422,5,5
20222023,2022030113,8477956,BOS,F,946,13,9,0.96833,0.32687,5,3
20222023,2022030113,8477986,FLA,D,1223,14,19,0.69288,1.08166,6,7
20222023,2022030113,8478055,FLA,D,1080,15,18,0.66458,1.80219,7,8
20222023,2022030113,8478400,FLA,F,493,2,9,0.00662,0.54875,0,3
20222023,2022030113,8478401,BOS,F,866,12,7,0.95094,0.22121,5,2
20222023,2022030113,8478443,BOS,D,923,11,11,0.58146,0.43766,4,4
20222023,2022030113,8478498,BOS,F,828,15,8,1.11867,0.50602,6,5
20222023,2022030113,8479066,FLA,F,718,8,9,0.44368,1.07478,4,5
20222023,2022030113,8479314,FLA,F,1062,9,9,0.4481,0.58218,5,3
20222023,2022030113,8479325,BOS,D,1229,17,7,1.3322,0.32469,6,3
20222023,2022030113,8479365,BOS,F,567,6,4,0.45376,0.17384,2,1
20222023,2022030113,8479372,FLA,D,661,3,5,0.15288,0.15558,1,1
20222023,2022030113,8480185,FLA,F,627,7,8,0.32078,0.43089,3,3
20222023,2022030113,8480880,BOS,F,347,2,3,0.00989,0.08899,0,1
20222023,2022030113,8482113,FLA,F,762,6,7,0.32398,0.71008,2,3
20222023,2022030114,8470595,FLA,F,604,7,13,0.1159,1.07375,0,9
20222023,2022030114,8471686,FLA,D,1009,21,12,0.89707,0.82378,4,8
20222023,2022030114,8473419,BOS,F,971,8,12,0.26313,0.81215,1,4
20222023,2022030114,8473422,BOS,F,726,6,8,0.30775,0.21567,3,1
20222023,2022030114,8474610,FLA,,543,9,5,0.39234,0.11336,2,1
20222023,2022030114,8475200,BOS,D,1008,12,9,0.75959,0.34159,5,1
20222023,2022030114,8475462,FLA,D,1125,8,17,0.28145,1.15296,1,9
20222023,2022030114,8475745,BOS,F,788,6,12,0.24961,0.81215,1,4
20222023,2022030114,8475762,BOS,D,742,6,11,0.30393,0.35924,2,1
20222023,2022030114,8475791,BOS,F,699,10,13,1.11451,0.46613,9,2
20222023,2022030114,8476393,FLA,F,529,7,10,0.1159,0.87787,0,6
20222023,2022030114,8476854,BOS,D,1105,16,8,1.19519,0.36713,10,2
20222023,2022030114,8476891,BOS,D,617,5,13,0.57688,0.48869,4,2
20222023,2022030114,8477409,FLA,F,1011,11,5,0.60343,0.20492,3,1
20222023,2022030114,8477479,BOS,F,805,9,7,0.47065,0.08446,4,0
20222023,2022030114,8477493,FLA,F,1086,10,5,0.43678,0.20492,2,1
20222023,2022030114,8477903,BOS,F,478,1,4,0.19525,0.11842,1,0
20222023,2022030114,8477931,BOS,F,587,2,5,0.28106,0.13432,1,0
20222023,2022030114,8477933,FLA,F,1070,6,5,0.22116,0.17362,1,1
20222023,2022030114,8477935,FLA,F,896,11,9,0.52576,0.885,2,7
20222023,2022030114,8477956,BOS,F,962,12,11,0.69211,0.59499,4,3
20222023,2022030114,8477986,FLA,D,1315,23,10,1.07052,0.72743,5,5
20222023,2022030114,8478055,FLA,D,1150,9,14,0.45172,0.99606,2,6
20222023,2022030114,8478400,FLA,F,398,7,6,0.1159,0.39313,0,3
20222023,2022030114,8478401,BOS,F,963,15,8,1.10955,0.11406,9,0
20222023,2022030114,8478443,BOS,D,1101,5,17,0.10682,0.83121,1,4
20222023,2022030114,8478498,BOS,F,695,9,13,0.73899,0.54038,6,2
20222023,2022030114,8479066,FLA,F,628,7,8,0.35214,0.45105,2,3
20222023,2022030114,8479314,FLA,F,927,13,4,0.70118,0.37812,3,2
20222023,2022030114,8479325,BOS,D,1218,12,12,0.92579,0.4733,6,2
20222023,2022030114,8479365,BOS,F,594,5,10,0.29388,0.37005,3,2
20222023,2022030114,8479372,FLA,D,493,5,2,0.08179,0.11426,0,0
20222023,2022030114,8479578,FLA,D,378,4,4,0.07861,0.31513,0,3
20222023,2022030114,8480185,FLA,F,801,10,5,0.35911,0.49387,1,3
20222023,2022030114,8480880,BOS,F,348,1,2,0.08581,0.02896,0,0
20222023,2022030114,8482113,FLA,F,765,7,5,0.35214,0.16156,2,1
20222023,2022030115,8470595,FLA,F,457,1,5,0.04919,0.20346,0,2
20222023,2022030115,8470638,BOS,F,866,21,6,1.1051,0.37305,7,1
20222023,2022030115,8471686,FLA,D,1045,7,19,0.37517,1.05916,2,6
20222023,2022030115,8473419,BOS,F,988,22,8,1.25583,0.15038,7,0
20222023,2022030115,8473422,BOS,F,541,4,6,0.11876,0.67807,1,4
20222023,2022030115,8474610,FLA,,323,1,4,0.04919,0.25802,0,1
20222023,2022030115,8475200,BOS,D,1253,19,12,1.19338,0.67065,7,5
20222023,2022030115,8475462,FLA,D,986,6,14,0.24105,0.68281,1,4
20222023,2022030115,8475745,BOS,F,956,12,11,0.78172,0.78361,5,6
20222023,2022030115,8475762,BOS,D,745,13,9,0.67959,0.83678,4,6
20222023,2022030115,8475791,BOS,F,821,12,8,0.52287,0.47336,3,3
20222023,2022030115,8476393,FLA,F,803,11,12,0.44375,0.80405,3,6
20222023,2022030115,8476854,BOS,D,977,21,6,1.1774,0.18435,8,0
20222023,2022030115,8476891,BOS,D,769,20,6,0.79718,0.54328,5,2
20222023,2022030115,8477407,FLA,F,863,8,22,0.79286,1.22323,4,7
20222023,2022030115,8477409,FLA,F,958,11,20,1.18345,1.10914,7,6
20222023,2022030115,8477479,BOS,F,774,15,3,0.64221,0.43693,4,2
20222023,2022030115,8477493,FLA,F,1057,9,21,0.8951,1.20461,5,8
20222023,2022030115,8477903,BOS,F,623,8,6,0.53895,0.44496,4,3
20222023,2022030115,8477931,BOS,F,619,6,4,0.39859,0.18052,3,0
20222023,2022030115,8477932,FLA,D,1220,12,26,0.81081,1.44542,4,9
20222023,2022030115,8477933,FLA,F,717,4,15,0.12244,0.6569,0,3
20222023,2022030115,8477935,FLA,F,905,11,13,0.63816,0.9411,4,7
20222023,2022030115,8477956,BOS,F,980,22,8,0.96916,0.50197,4,2
20222023,2022030115,8477986,FLA,D,883,6,17,0.56613,0.92535,3,6
20222023,2022030115,8478055,FLA,D,1325,10,26,0.57205,1.34354,2,8
20222023,2022030115,8478400,FLA,F,318,1,4,0.04919,0.13356,0,1
20222023,2022030115,8478401,BOS,F,815,17,6,0.75199,0.38773,4,2
20222023,2022030115,8478443,BOS,D,844,18,2,0.96856,0.11225,6,1
20222023,2022030115,8478498,BOS,F,897,20,8,1.14736,0.56604,7,4
20222023,2022030115,8479314,FLA,F,948,11,12,0.66013,0.72691,4,6
20222023,2022030115,8479325,BOS,D,1336,17,15,0.84239,1.06247,4,4
20222023,2022030115,8479372,FLA,D,618,9,6,0.84457,0.20222,6,1
20222023,2022030115,8480185,FLA,F,787,3,18,0.10877,0.69154,0,3
20222023,2022030115,8480880,BOS,F,401,3,1,0.25521,0.13805,2,0
20222023,2022030115,8482113,FLA,F,781,4,16,0.12244,0.53523,0,1
20222023,2022030116,8470595,FLA,F,357,2,8,0.11601,0.43064,1,2
20222023,2022030116,8470638,BOS,F,716,5,11,0.15246,0.70517,1,4
20222023,2022030116,8471276,BOS,F,980,16,13,0.79977,0.5844,4,4
20222023,2022030116,8471686,FLA,D,950,12,9,0.48123,0.60959,4,3
20222023,2022030116,8473419,BOS,F,855,6,14,0.22747,0.86134,1,5
20222023,2022030116,8473422,BOS,F,518,8,3,0.34444,0.14611,1,1
20222023,2022030116,8474610,FLA,,378,3,7,0.30085,0.31456,2,1
20222023,2022030116,8475200,BOS,D,1036,7,18,0.33351,1.42202,1,11
20222023,2022030116,8475462,FLA,D,782,6,8,0.4916,0.34171,3,1
20222023,2022030116,8475745,BOS,F,814,5,8,0.2332,0.72493,1,5
20222023,2022030116,8475762,BOS,D,702,9,9,0.40854,0.55866,2,4
20222023,2022030116,8475791,BOS,F,696,2,9,0.13315,0.73275,1,5
20222023,2022030116,8476393,FLA,F,699,10,5,0.91788,0.21979,6,2
20222023,2022030116,8476854,BOS,D,1049,16,8,0.76278,0.39167,4,2
20222023,2022030116,8477365,BOS,D,742,7,15,0.39302,1.02507,2,8
20222023,2022030116,8477407,FLA,F,679,11,13,0.91321,0.67197,7,2
20222023,2022030116,8477409,FLA,F,838,13,15,0.84445,0.79433,7,3
20222023,2022030116,8477479,BOS,F,921,5,13,0.31636,1.06616,1,7
20222023,2022030116,8477493,FLA,F,1036,11,13,0.64381,0.59446,5,2
20222023,2022030116,8477903,BOS,F,357,6,3,0.15189,0.29378,0,3
20222023,2022030116,8477931,BOS,F,473,8,3,0.34444,0.29378,1,3
20222023,2022030116,8477932,FLA,D,1082,17,14,1.40342,0.47434,10,2
20222023,2022030116,8477933,FLA,F,1012,12,7,0.37006,0.24648,2,1
20222023,2022030116,8477935,FLA,F,831,10,5,0.91788,0.21979,6,2
20222023,2022030116,8477956,BOS,F,1019,16,10,0.79977,0.49629,4,4
20222023,2022030116,8477986,FLA,D,1164,17,14,0.92489,0.83978,7,5
20222023,2022030116,8478055,FLA,D,1189,17,12,1.16533,0.41241,8,2
20222023,2022030116,8478400,FLA,F,357,3,7,0.24306,0.33973,2,1
20222023,2022030116,8478401,BOS,F,765,14,9,0.77473,0.48291,4,4
20222023,2022030116,8478443,BOS,D,912,16,3,0.67128,0.08226,3,0
20222023,2022030116,8478498,BOS,F,604,5,12,0.23681,0.76883,2,5
20222023,2022030116,8479314,FLA,F,847,10,5,0.82272,0.27182,6,3
20222023,2022030116,8479325,BOS,D,1163,9,19,0.44053,1.39807,2,10
20222023,2022030116,8479372,FLA,D,511,4,7,0.44929,0.33183,3,1
20222023,2022030116,8480185,FLA,F,743,10,5,0.40145,0.15098,2,1
20222023,2022030116,8482113,FLA,F,806,12,6,0.62706,0.25994,4,1
20222023,2022030117,8470595,FLA,F,348,4,6,0.0562,0.21139,0,1
20222023,2022030117,8470638,BOS,F,898,11,4,0.18157,0.42354,0,2
20222023,2022030117,8471276,BOS,F,703,11,4,0.49744,0.20525,1,1
20222023,2022030117,8471686,FLA,D,841,6,14,0.48352,0.66044,2,3
20222023,2022030117,8473419,BOS,F,1011,14,4,0.33909,0.42354,1,2
20222023,2022030117,8474610,FLA,,254,4,5,0.0562,0.10843,0,0
20222023,2022030117,8475200,BOS,D,1134,17,6,0.76547,0.46652,4,2
20222023,2022030117,8475462,FLA,D,783,12,7,0.6567,0.60567,2,3
20222023,2022030117,8475745,BOS,F,881,7,10,0.547,0.56202,2,2
20222023,2022030117,8475762,BOS,D,642,5,10,0.0741,0.60871,0,3
20222023,2022030117,8475791,BOS,F,754,4,10,0.44431,0.56202,2,2
20222023,2022030117,8476393,FLA,F,773,3,13,0.22961,0.57865,1,2
20222023,2022030117,8476854,BOS,D,1008,12,11,0.77118,0.57139,2,1
20222023,2022030117,8476891,BOS,D,539,10,3,0.28043,0.05101,2,0
20222023,2022030117,8477407,FLA,F,616,4,8,0.13887,0.76609,0,4
20222023,2022030117,8477409,FLA,F,772,7,11,0.32831,0.78633,0,3
20222023,2022030117,8477479,BOS,F,830,11,3,0.21092,0.22771,0,1
20222023,2022030117,8477493,FLA,F,949,6,9,0.35479,0.79816,1,4
20222023,2022030117,8477903,BOS,F,284,6,5,0.36492,0.39546,3,1
20222023,2022030117,8477931,BOS,F,459,9,8,0.46761,0.4256,3,1
20222023,2022030117,8477932,FLA,D,1011,7,13,0.46532,0.34422,2,1
20222023,2022030117,8477933,FLA,F,1043,15,8,1.1883,0.2245,5,1
20222023,2022030117,8477935,FLA,F,834,2,10,0.22217,0.38477,1,1
20222023,2022030117,8477956,BOS,F,790,13,5,0.59837,0.25959,2,1
20222023,2022030117,8477986,FLA,D,1172,6,19,0.48352,0.78992,2,3
20222023,2022030117,8478055,FLA,D,1153,7,13,0.46532,0.35977,2,1
20222023,2022030117,8478400,FLA,F,256,4,5,0.0562,0.10843,0,0
20222023,2022030117,8478401,BOS,F,678,11,7,0.52375,0.22638,2,1
20222023,2022030117,8478443,BOS,D,1007,12,12,0.8347,0.85307,3,3
20222023,2022030117,8478498,BOS,F,713,3,9,0.40249,0.68518,2,3
20222023,2022030117,8479314,FLA,F,958,2,13,0.22217,0.51131,1,2
20222023,2022030117,8479325,BOS,D,1142,16,8,0.6329,0.66038,3,3
20222023,2022030117,8479365,BOS,F,376,8,6,0.4607,0.42033,3,1
20222023,2022030117,8479372,FLA,D,494,12,6,0.6567,0.59876,2,3
20222023,2022030117,8480185,FLA,F,822,11,9,0.99142,0.27504,5,2
20222023,2022030117,8482113,FLA,F,807,13,11,0.97238,0.28507,4,1
20222023,2022030121,8470621,TBL,F,516,8,5,0.666,0.25824,5,3
20222023,2022030121,8470966,TOR,D,794,12,10,0.74753,1.16687,6,5
20222023,2022030121,8473986,TBL,F,761,9,9,0.75014,0.78843,2,5
20222023,2022030121,8474013,TBL,D,954,7,12,0.54327,0.88931,4,7
20222023,2022030121,8474034,TBL,F,551,9,6,0.82176,0.47412,6,4
20222023,2022030121,8474564,TBL,F,672,7,10,0.1505,0.64766,0,4
20222023,2022030121,8474568,TOR,D,767,10,5,1.11629,0.14965,7,1
20222023,2022030121,8474673,TOR,D,793,11,8,0.63427,0.24218,4,1
20222023,2022030121,8475158,TOR,F,582,10,5,0.53862,0.7635,3,3
20222023,2022030121,8475166,TOR,F,582,9,5,0.49935,0.7635,4,3
20222023,2022030121,8475167,TBL,D,395,10,5,0.97083,0.15768,4,0
20222023,2022030121,8475714,TOR,F,520,4,8,0.48519,0.28392,2,1
20222023,2022030121,8475718,TOR,D,799,11,8,0.62491,0.72448,5,4
20222023,2022030121,8476453,TBL,F,756,6,12,0.1038,0.81332,0,5
20222023,2022030121,8476853,TOR,D,826,11,6,0.79715,0.26357,6,2
20222023,2022030121,8476931,TOR,D,928,11,15,0.85573,0.92423,4,3
20222023,2022030121,8477021,TOR,F,583,6,6,0.41916,0.23115,3,1
20222023,2022030121,8477426,TBL,F,708,6,9,0.37143,0.65998,2,4
20222023,2022030121,8477930,TBL,F,460,6,6,0.5201,0.41989,4,4
20222023,2022030121,8477939,TOR,F,667,15,5,0.97421,0.7635,7,3
20222023,2022030121,8478010,TBL,F,742,7,12,0.1505,0.71485,0,4
20222023,2022030121,8478043,TOR,F,519,10,6,0.84483,0.51994,7,4
20222023,2022030121,8478047,TOR,F,447,5,6,0.24528,0.16638,1,0
20222023,2022030121,8478178,TBL,D,1006,8,17,0.21141,1.36571,0,8
20222023,2022030121,8478416,TBL,D,372,2,6,0.03265,0.34676,0,3
20222023,2022030121,8478483,TOR,F,922,9,9,0.72132,0.2209,3,0
20222023,2022030121,8478519,TBL,F,655,7,9,0.69346,0.80176,2,5
20222023,2022030121,8478569,TOR,F,788,5,9,0.29073,0.26296,3,1
20222023,2022030121,8479318,TOR,F,751,9,8,0.72132,0.21092,3,0
20222023,2022030121,8479410,TBL,D,1198,10,16,0.22314,1.43812,0,10
20222023,2022030121,8479525,TBL,F,604,4,5,0.22553,0.26919,1,2
20222023,2022030121,8479542,TBL,F,770,7,12,0.69346,0.92914,2,6
20222023,2022030121,8479591,TBL,F,280,2,3,0.05979,0.26462,0,1
20222023,2022030121,8479944,TOR,F,503,9,6,0.72152,0.51994,6,4
20222023,2022030121,8480144,TOR,F,523,8,5,0.70229,0.49986,6,4
20222023,2022030121,8480246,TBL,D,943,15,11,1.48968,0.70092,8,5
20222023,2022030122,8470621,TBL,F,704,10,7,0.53909,0.38731,2,1
20222023,2022030122,8470966,TOR,D,780,9,9,0.75652,0.67911,5,4
20222023,2022030122,8473986,TBL,F,667,1,6,0.04151,0.49782,0,3
20222023,2022030122,8474013,TBL,D,1091,11,13,1.03758,1.2485,6,7
20222023,2022030122,8474034,TBL,F,674,8,7,0.46889,0.49613,2,3
20222023,2022030122,8474564,TBL,F,821,13,10,0.5525,0.75116,4,7
20222023,2022030122,8474567,TBL,D,859,9,6,0.49631,0.59381,3,3
20222023,2022030122,8474568,TOR,D,920,11,9,1.04521,0.42133,6,2
20222023,2022030122,8474673,TOR,D,1077,16,9,1.22636,0.19239,8,1
20222023,2022030122,8475158,TOR,F,841,16,11,1.26919,0.65609,8,2
20222023,2022030122,8475166,TOR,F,865,11,11,0.87031,0.56358,7,4
20222023,2022030122,8475714,TOR,F,604,6,2,0.50857,0.04956,2,0
20222023,2022030122,8475718,TOR,D,1004,9,8,0.51566,0.60326,3,4
20222023,2022030122,8476453,TBL,F,817,13,11,0.57174,0.91061,4,7
20222023,2022030122,8476853,TOR,D,1118,13,12,1.00541,0.63736,7,3
20222023,2022030122,8476931,TOR,D,967,10,11,0.54186,0.46195,3,2
20222023,2022030122,8477021,TOR,F,702,8,10,0.7132,0.34156,6,3
20222023,2022030122,8477426,TBL,F,804,3,10,0.15685,0.77071,1,5
20222023,2022030122,8477930,TBL,F,690,11,8,0.62075,0.52582,2,1
20222023,2022030122,8477938,TBL,D,788,7,7,0.19661,0.61696,1,3
20222023,2022030122,8477939,TOR,F,821,11,12,0.87031,0.7272,7,5
20222023,2022030122,8478010,TBL,F,852,14,10,0.67859,0.75116,5,7
20222023,2022030122,8478043,TOR,F,641,6,6,0.2896,0.32971,2,2
20222023,2022030122,8478178,TBL,D,1088,9,16,0.16674,0.87112,1,6
20222023,2022030122,8478483,TOR,F,855,4,4,0.27352,0.37642,0,2
20222023,2022030122,8478519,TBL,F,664,1,6,0.04151,0.49782,0,3
20222023,2022030122,8478569,TOR,F,759,14,9,1.13067,0.39123,7,1
20222023,2022030122,8479318,TOR,F,839,4,6,0.25606,0.67612,0,4
20222023,2022030122,8479410,TBL,D,1088,11,14,0.26351,0.68005,1,6
20222023,2022030122,8479525,TBL,F,758,7,8,0.56746,0.73858,3,5
20222023,2022030122,8479542,TBL,F,773,1,6,0.04151,0.50116,0,2
20222023,2022030122,8479661,TBL,F,659,5,13,0.2127,0.80825,1,4
20222023,2022030122,8479944,TOR,F,678,7,4,0.29966,0.18194,2,1
20222023,2022030122,8480144,TOR,F,680,6,5,0.2896,0.06929,2,0
20222023,2022030122,8480246,TBL,D,965,11,12,0.83465,1.08058,4,7
20222023,2022030122,8482720,TOR,,653,9,7,0.86584,0.1304,5,0
20222023,2022030123,8470621,TBL,F,565,6,3,0.4572,0.18035,2,2
20222023,2022030123,8470966,TOR,D,782,6,10,0.38797,0.51359,4,3
20222023,2022030123,8473986,TBL,F,983,11,8,0.58935,0.52275,3,5
20222023,2022030123,8474013,TBL,D,736,9,5,0.64321,0.3648,4,4
20222023,2022030123,8474034,TBL,F,477,5,0,0.27198,0.0,2,0
20222023,2022030123,8474564,TBL,F,849,13,4,0.76203,0.10021,5,1
20222023,2022030123,8474567,TBL,D,611,12,5,0.85353,0.435,5,4
20222023,2022030123,8474568,TOR,D,809,10,13,0.57155,0.96264,6,5
20222023,2022030123,8474673,TOR,D,1200,4,17,0.23426,1.17954,2,6
20222023,2022030123,8475158,TOR,F,814,4,14,0.36161,1.22416,3,5
20222023,2022030123,8475166,TOR,F,763,4,10,0.19855,0.61184,2,3
20222023,2022030123,8475167,TBL,D,1143,18,7,1.52507,0.42138,8,4
20222023,2022030123,8475714,TOR,F,749,7,8,0.29878,0.46951,3,3
20222023,2022030123,8475718,TOR,D,902,5,12,0.409,0.73402,3,3
20222023,2022030123,8476453,TBL,F,887,14,6,0.83694,0.14447,5,1
20222023,2022030123,8476853,TOR,D,1103,13,18,0.83429,1.50775,8,8
20222023,2022030123,8476931,TOR,D,1024,4,12,0.18383,0.48442,1,3
20222023,2022030123,8477021,TOR,F,594,4,14,0.29562,1.1288,3,4
20222023,2022030123,8477426,TBL,F,709,10,5,0.83462,0.47541,3,4
20222023,2022030123,8477930,TBL,F,455,4,4,0.26113,0.19288,2,2
20222023,2022030123,8477939,TOR,F,823,5,11,0.29691,0.63205,3,4
20222023,2022030123,8478010,TBL,F,883,16,4,1.12795,0.10021,7,1
20222023,2022030123,8478043,TOR,F,460,1,8,0.02873,0.37021,0,2
20222023,2022030123,8478178,TBL,D,1249,16,11,0.83609,0.55673,3,5
20222023,2022030123,8478483,TOR,F,1024,12,12,0.67493,0.64533,7,4
20222023,2022030123,8478519,TBL,F,992,12,8,0.63147,0.54195,3,5
20222023,2022030123,8478569,TOR,F,713,3,14,0.30988,1.08446,2,5
20222023,2022030123,8479318,TOR,F,933,13,7,0.77329,0.27711,8,2
20222023,2022030123,8479410,TBL,D,1322,14,12,0.62938,0.65594,3,6
20222023,2022030123,8479525,TBL,F,549,10,5,0.77622,0.47541,4,4
20222023,2022030123,8479542,TBL,F,879,12,8,0.80584,0.59239,3,6
20222023,2022030123,8479661,TBL,F,619,10,8,0.71821,0.60532,3,5
20222023,2022030123,8479944,TOR,F,472,1,7,0.02873,0.34795,0,2
20222023,2022030123,8480144,TOR,F,694,3,8,0.07433,0.3723,0,2
20222023,2022030123,8480246,TBL,D,790,13,2,0.89468,0.18705,5,1
20222023,2022030123,8482720,TOR,,796,6,10,0.58999,0.90922,5,6
20222023,2022030124,8470621,TBL,F,340,5,4,0.22569,0.23943,2,2
20222023,2022030124,8470966,TOR,D,790,9,10,0.28901,0.68768,1,6
20222023,2022030124,8473986,TBL,F,1045,15,12,0.97263,0.69678,6,5
20222023,2022030124,8474013,TBL,D,705,9,6,0.68093,0.17882,6,1
20222023,2022030124,8474034,TBL,F,409,7,4,0.39393,0.23943,3,2
20222023,2022030124,8474564,TBL,F,776,9,7,0.30499,0.35207,2,5
20222023,2022030124,8474567,TBL,D,457,5,6,0.36983,0.19351,3,1
20222023,2022030124,8474568,TOR,D,981,12,14,0.89488,0.36777,7,2
20222023,2022030124,8474673,TOR,D,951,10,11,0.55103,0.7007,4,6
20222023,2022030124,8475158,TOR,F,885,7,11,0.24435,0.44679,1,4
20222023,2022030124,8475166,TOR,F,774,6,9,0.36289,0.38487,3,2
20222023,2022030124,8475167,TBL,D,1351,13,15,0.46075,0.70236,3,5
20222023,2022030124,8475714,TOR,F,906,12,12,0.66758,0.6211,4,3
20222023,2022030124,8475718,TOR,D,774,9,9,0.30574,0.55955,1,3
20222023,2022030124,8476453,TBL,F,803,10,8,0.31512,0.35167,2,3
20222023,2022030124,8476853,TOR,D,1316,13,18,0.78446,0.61752,6,3
20222023,2022030124,8476931,TOR,D,1089,9,12,0.3819,0.80068,3,6
20222023,2022030124,8477021,TOR,F,610,4,9,0.19157,0.50669,1,5
20222023,2022030124,8477426,TBL,F,829,8,7,0.36958,0.31286,3,1
20222023,2022030124,8477930,TBL,F,437,5,4,0.22569,0.23943,2,2
20222023,2022030124,8477939,TOR,F,682,8,10,0.38336,0.66066,3,5
20222023,2022030124,8478010,TBL,F,890,10,11,0.31512,0.45665,2,5
20222023,2022030124,8478043,TOR,F,445,6,8,0.19449,0.37913,1,2
20222023,2022030124,8478178,TBL,D,1237,20,12,0.88499,0.76179,5,5
20222023,2022030124,8478483,TOR,F,1239,14,9,0.98369,0.39198,8,2
20222023,2022030124,8478519,TBL,F,909,15,10,0.97263,0.62477,6,3
20222023,2022030124,8478569,TOR,F,722,5,10,0.20693,0.43518,1,4
20222023,2022030124,8479318,TOR,F,1234,13,12,0.82277,0.76896,6,5
20222023,2022030124,8479410,TBL,D,1177,17,11,0.91965,0.72407,6,5
20222023,2022030124,8479525,TBL,F,640,7,6,0.2779,0.28085,3,1
20222023,2022030124,8479542,TBL,F,1040,13,14,0.87406,0.73116,5,3
20222023,2022030124,8479661,TBL,F,687,7,6,0.35351,0.28543,3,1
20222023,2022030124,8479944,TOR,F,370,5,5,0.17779,0.19072,1,2
20222023,2022030124,8480144,TOR,F,431,6,5,0.19449,0.26633,1,2
20222023,2022030124,8480246,TBL,D,1095,10,12,0.41775,0.64647,3,5
20222023,2022030124,8482720,TOR,,763,7,11,0.38062,0.54844,3,3
20222023,2022030125,8470621,TBL,F,496,2,4,0.08405,0.15512,1,0
20222023,2022030125,8470966,TOR,D,770,7,7,0.48441,0.43779,3,3
20222023,2022030125,8473986,TBL,F,948,14,9,0.5412,0.47802,2,3
20222023,2022030125,8474013,TBL,D,758,9,6,0.38472,0.71884,2,3
20222023,2022030125,8474034,TBL,F,514,3,5,0.04538,0.17885,0,0
20222023,2022030125,8474564,TBL,F,982,12,9,0.70906,0.99197,4,6
20222023,2022030125,8474567,TBL,D,643,13,5,0.4402,0.71038,2,3
20222023,2022030125,8474568,TOR,D,887,9,12,0.98636,0.57156,5,2
20222023,2022030125,8474673,TOR,D,1110,11,14,0.62584,0.59402,4,3
20222023,2022030125,8475158,TOR,F,1100,4,8,0.12713,0.68192,1,4
20222023,2022030125,8475166,TOR,F,1031,10,12,1.0734,0.65314,5,3
20222023,2022030125,8475167,TBL,D,1380,20,10,0.96663,0.35114,4,2
20222023,2022030125,8475714,TOR,F,675,9,9,0.62105,0.29869,5,0
20222023,2022030125,8475718,TOR,D,746,5,7,0.15636,0.43779,1,3
20222023,2022030125,8476453,TBL,F,1102,13,9,0.74258,0.99197,4,6
20222023,2022030125,8476853,TOR,D,1420,12,16,1.32287,0.79124,7,3
20222023,2022030125,8476931,TOR,D,1134,11,18,0.62584,0.8137,4,4
20222023,2022030125,8477021,TOR,F,678,3,4,0.02551,0.33874,0,3
20222023,2022030125,8477426,TBL,F,771,9,4,0.48817,0.15191,2,1
20222023,2022030125,8477930,TBL,F,492,2,5,0.08405,0.17885,1,0
20222023,2022030125,8477939,TOR,F,1151,13,16,0.98337,0.61879,7,1
20222023,2022030125,8478010,TBL,F,1043,11,10,0.68298,0.9999,4,6
20222023,2022030125,8478043,TOR,F,375,0,8,0.0,0.33857,0,3
20222023,2022030125,8478178,TBL,D,1161,6,13,0.45582,1.04355,2,7
20222023,2022030125,8478483,TOR,F,1167,14,14,1.42045,0.82381,7,3
20222023,2022030125,8478519,TBL,F,843,14,9,0.56567,0.77441,2,5
20222023,2022030125,8478569,TOR,F,735,4,4,0.03984,0.32947,0,3
20222023,2022030125,8479318,TOR,F,1289,14,12,0.99183,0.489,7,0
20222023,2022030125,8479410,TBL,D,1229,8,13,0.4717,1.04355,3,7
20222023,2022030125,8479525,TBL,F,683,7,4,0.42341,0.37124,2,2
20222023,2022030125,8479542,TBL,F,958,15,12,0.6452,0.89106,3,6
20222023,2022030125,8479591,TBL,F,696,8,4,0.45522,0.15191,2,1
20222023,2022030125,8479944,TOR,F,334,1,6,0.01433,0.25653,0,3
20222023,2022030125,8480144,TOR,F,662,2,11,0.02279,0.39329,0,3
20222023,2022030125,8480246,TBL,D,1077,19,9,0.92921,0.34268,5,2
20222023,2022030125,8482720,TOR,,674,11,7,1.00397,0.2472,4,1
20222023,2022030126,8470621,TBL,F,475,1,6,0.01349,0.1854,1,2
20222023,2022030126,8470966,TOR,D,835,9,11,0.50825,0.52986,4,4
20222023,2022030126,8473986,TBL,F,896,14,5,0.63862,0.39299,5,2
20222023,2022030126,8474013,TBL,D,814,13,6,1.09514,0.28825,7,1
20222023,2022030126,8474034,TBL,F,513,1,5,0.01349,0.12762,1,1
20222023,2022030126,8474564,TBL,F,841,17,11,1.06387,1.22585,8,6
20222023,2022030126,8474567,TBL,D,693,8,4,0.62895,0.03751,4,0
20222023,2022030126,8474568,TOR,D,904,10,7,0.69373,0.50333,4,2
20222023,2022030126,8474673,TOR,D,1171,11,22,0.88343,1.16759,6,10
20222023,2022030126,8475158,TOR,F,888,7,14,0.52445,0.82174,2,5
20222023,2022030126,8475166,TOR,F,805,10,15,0.78385,0.95662,7,6
20222023,2022030126,8475167,TBL,D,1169,12,14,0.45733,1.19964,2,7
20222023,2022030126,8475714,TOR,F,701,2,13,0.08985,0.95859,1,6
20222023,2022030126,8476453,TBL,F,1023,15,13,1.06129,1.38466,7,8
20222023,2022030126,8476853,TOR,D,1158,13,7,1.07107,0.54708,5,2
20222023,2022030126,8476931,TOR,D,1349,11,25,0.91374,1.31735,6,11
20222023,2022030126,8476979,TOR,D,358,5,5,0.32792,0.1915,2,2
20222023,2022030126,8477021,TOR,F,765,5,7,0.14056,0.58291,1,5
20222023,2022030126,8477426,TBL,F,848,8,10,0.42217,0.36862,3,3
20222023,2022030126,8477930,TBL,F,452,1,3,0.01349,0.11533,1,1
20222023,2022030126,8477939,TOR,F,847,5,8,0.23137,0.22586,2,2
20222023,2022030126,8478010,TBL,F,1011,15,12,1.06129,1.15871,7,7
20222023,2022030126,8478047,TOR,F,822,8,9,0.76955,0.61303,3,5
20222023,2022030126,8478178,TBL,D,1308,19,11,1.06483,0.77371,10,6
20222023,2022030126,8478483,TOR,F,1038,14,13,1.19347,0.7406,8,5
20222023,2022030126,8478519,TBL,F,835,15,6,0.6931,0.61894,5,3
20222023,2022030126,8478569,TOR,F,890,11,8,0.87485,0.45707,4,4
20222023,2022030126,8479318,TOR,F,1105,15,14,1.20781,0.56573,8,5
20222023,2022030126,8479410,TBL,D,1190,15,11,0.69206,0.77371,7,6
20222023,2022030126,8479525,TBL,F,724,10,7,0.50976,0.29855,3,2
20222023,2022030126,8479542,TBL,F,1002,14,8,0.77639,0.60958,5,5
20222023,2022030126,8479591,TBL,F,731,6,7,0.30319,0.29855,2,2
20222023,2022030126,8480043,TOR,D,457,4,3,0.18284,0.14112,2,1
20222023,2022030126,8480144,TOR,F,743,6,7,0.147,0.43437,1,3
20222023,2022030126,8480246,TBL,D,1019,11,16,0.44179,1.45038,2,8
20222023,2022030126,8482720,TOR,,699,9,7,0.76426,0.1959,4,2
20222023,2022030131,8470610,NYI,F,545,8,8,0.64116,0.38001,4,1
20222023,2022030131,8470613,CAR,D,1068,18,11,0.85862,0.87646,5,5
20222023,2022030131,8471669,CAR,F,389,10,3,0.3394,0.14011,1,1
20222023,2022030131,8473504,NYI,F,488,3,9,0.30361,0.22762,3,1
20222023,2022030131,8473533,CAR,F,857,14,8,0.71169,0.25388,6,2
20222023,2022030131,8474613,CAR,F,416,9,3,0.2556,0.14011,1,1
20222023,2022030131,8474709,NYI,F,464,2,11,0.17829,0.34983,2,1
20222023,2022030131,8475151,NYI,F,871,10,19,0.30441,0.95554,3,6
20222023,2022030131,8475231,NYI,F,518,2,13,0.17829,0.43601,2,1
20222023,2022030131,8475314,NYI,F,941,10,11,0.39052,0.5539,3,4
20222023,2022030131,8475754,NYI,F,915,7,18,0.33479,0.90182,3,6
20222023,2022030131,8475855,CAR,F,820,15,8,0.8998,0.25388,7,2
20222023,2022030131,8476419,NYI,F,581,11,9,0.61848,0.39814,4,3
20222023,2022030131,8476429,NYI,D,883,8,13,0.28835,0.42809,2,1
20222023,2022030131,8476474,CAR,F,794,14,10,0.65591,0.50477,4,4
20222023,2022030131,8476869,CAR,D,969,16,12,0.63892,0.41613,4,5
20222023,2022030131,8476882,CAR,F,672,10,7,0.34643,0.48363,0,3
20222023,2022030131,8476906,CAR,D,728,15,9,0.6904,0.32128,3,4
20222023,2022030131,8476917,NYI,D,1138,10,18,0.78272,0.74937,5,6
20222023,2022030131,8476921,CAR,F,927,16,9,0.9346,0.33459,7,3
20222023,2022030131,8476958,CAR,D,1214,21,12,1.21609,0.87793,7,5
20222023,2022030131,8477392,NYI,F,498,6,7,0.5173,0.32956,3,1
20222023,2022030131,8477488,CAR,D,978,13,10,0.36556,0.32434,3,3
20222023,2022030131,8477500,NYI,F,1062,11,11,0.39676,0.5539,3,4
20222023,2022030131,8477506,NYI,D,1127,17,28,0.8962,1.41375,8,10
20222023,2022030131,8478115,NYI,F,828,11,17,0.46964,0.80853,4,5
20222023,2022030131,8478427,CAR,F,699,8,7,0.28778,0.3582,1,3
20222023,2022030131,8478445,NYI,F,1033,10,11,0.39052,0.51761,3,3
20222023,2022030131,8478970,CAR,D,659,13,7,0.50539,0.287,2,3
20222023,2022030131,8480039,CAR,F,877,13,13,0.52526,0.77136,3,6
20222023,2022030131,8480222,NYI,D,633,6,10,0.15112,0.33185,1,0
20222023,2022030131,8480829,CAR,F,861,16,12,0.79862,0.76989,4,6
20222023,2022030131,8480835,CAR,F,393,9,3,0.251,0.14011,1,1
20222023,2022030131,8480865,NYI,D,1166,8,14,0.56712,0.63688,5,3
20222023,2022030131,8481541,NYI,D,459,10,13,0.20112,0.71504,2,4
20222023,2022030131,8482093,CAR,F,634,10,6,0.40638,0.35673,1,3
20222023,2022030132,8470610,NYI,F,604,2,10,0.12417,0.37921,0,2
20222023,2022030132,8470613,CAR,D,1012,16,10,0.47392,0.61564,3,4
20222023,2022030132,8471669,CAR,F,558,9,6,0.27337,0.41037,1,4
20222023,2022030132,8473504,NYI,F,651,5,8,0.2951,0.27876,3,1
20222023,2022030132,8473533,CAR,F,881,13,10,0.60763,0.60225,5,4
20222023,2022030132,8474613,CAR,F,536,8,5,0.15866,0.2951,0,3
20222023,2022030132,8474709,NYI,F,674,7,7,0.48928,0.34855,5,1
20222023,2022030132,8475151,NYI,F,587,12,7,0.77182,0.14528,6,0
20222023,2022030132,8475231,NYI,F,659,5,6,0.3903,0.26829,4,1
20222023,2022030132,8475314,NYI,F,902,12,12,0.80669,0.48027,4,4
20222023,2022030132,8475754,NYI,F,647,14,9,0.79645,0.15575,6,0
20222023,2022030132,8475855,CAR,F,945,14,14,0.61268,0.73243,5,4
20222023,2022030132,8476419,NYI,F,691,2,9,0.12417,0.36269,0,1
20222023,2022030132,8476429,NYI,D,1320,7,18,0.15459,0.62132,0,2
20222023,2022030132,8476474,CAR,F,823,4,15,0.07191,0.8691,0,6
20222023,2022030132,8476869,CAR,D,1128,14,12,0.48188,0.74561,2,4
20222023,2022030132,8476882,CAR,F,631,11,3,0.50273,0.3148,2,1
20222023,2022030132,8476906,CAR,D,786,7,8,0.39018,0.59359,2,5
20222023,2022030132,8476917,NYI,D,1134,15,7,1.24072,0.2031,8,1
20222023,2022030132,8476921,CAR,F,891,14,10,0.61268,0.60225,5,4
20222023,2022030132,8476958,CAR,D,948,16,15,0.47392,0.75536,3,4
20222023,2022030132,8477392,NYI,F,677,3,9,0.4114,0.23176,2,1
20222023,2022030132,8477488,CAR,D,1135,16,13,0.67012,0.91064,3,7
20222023,2022030132,8477500,NYI,F,1004,13,15,0.8856,0.60399,5,5
20222023,2022030132,8477506,NYI,D,1202,16,18,0.94739,0.61227,7,4
20222023,2022030132,8478115,NYI,F,684,13,7,0.77638,0.13044,6,0
20222023,2022030132,8478427,CAR,F,858,9,3,0.38409,0.3148,1,1
20222023,2022030132,8478445,NYI,F,1015,14,12,0.7182,0.65295,4,5
20222023,2022030132,8478970,CAR,D,793,5,8,0.20194,0.55873,1,4
20222023,2022030132,8480039,CAR,F,758,4,13,0.07191,0.87286,0,7
20222023,2022030132,8480222,NYI,D,842,6,14,0.17522,0.44903,2,1
20222023,2022030132,8480829,CAR,F,694,6,15,0.08089,0.8691,0,6
20222023,2022030132,8480835,CAR,F,652,8,8,0.15866,0.62384,0,6
20222023,2022030132,8480865,NYI,D,1163,19,13,1.35505,0.47443,8,4
20222023,2022030132,8481541,NYI,D,303,5,4,0.52007,0.33181,5,2
20222023,2022030132,8482093,CAR,F,891,11,2,0.50273,0.29613,2,1
20222023,2022030133,8470610,NYI,F,608,8,11,0.52303,0.56486,5,3
20222023,2022030133,8470613,CAR,D,918,12,14,0.79126,0.90207,6,6
20222023,2022030133,8471669,CAR,F,408,5,2,0.33745,0.19458,2,1
20222023,2022030133,8473504,NYI,F,500,2,2,0.11836,0.04481,0,0
20222023,2022030133,8473533,CAR,F,805,11,8,0.57209,0.43864,6,4
20222023,2022030133,8474613,CAR,F,486,6,2,0.2517,0.19458,2,1
20222023,2022030133,8474709,NYI,F,547,5,5,0.24952,0.10116,0,1
20222023,2022030133,8475151,NYI,F,762,12,7,0.84059,0.38708,4,3
20222023,2022030133,8475231,NYI,F,591,4,5,0.22309,0.20682,1,2
20222023,2022030133,8475314,NYI,F,759,10,8,0.76007,0.63935,6,6
20222023,2022030133,8475754,NYI,F,786,12,7,1.06043,0.39526,5,3
20222023,2022030133,8475855,CAR,F,690,13,6,0.73838,0.29984,7,3
20222023,2022030133,8476419,NYI,F,784,10,12,0.54941,0.57658,5,3
20222023,2022030133,8476429,NYI,D,874,10,9,0.50316,0.25434,4,2
20222023,2022030133,8476474,CAR,F,772,5,11,0.18308,0.67092,1,4
20222023,2022030133,8476869,CAR,D,1020,12,17,0.51157,1.28439,3,7
20222023,2022030133,8476906,CAR,D,681,5,8,0.16847,0.57312,1,4
20222023,2022030133,8476917,NYI,D,1179,19,12,1.35147,0.57427,8,4
20222023,2022030133,8476921,CAR,F,710,13,5,0.72277,0.28828,6,3
20222023,2022030133,8476958,CAR,D,916,17,11,0.92565,0.64902,7,5
20222023,2022030133,8477392,NYI,F,573,10,8,0.7714,0.38866,6,3
20222023,2022030133,8477488,CAR,D,1160,13,15,0.57064,1.17628,5,7
20222023,2022030133,8477500,NYI,F,805,12,9,0.78371,0.55481,6,5
20222023,2022030133,8477506,NYI,D,1078,7,15,0.61002,0.93279,5,6
20222023,2022030133,8478115,NYI,F,738,13,8,0.98144,0.31266,5,2
20222023,2022030133,8478427,CAR,F,812,9,14,0.48495,1.19704,3,7
20222023,2022030133,8478445,NYI,F,776,10,11,0.68113,0.62082,5,5
20222023,2022030133,8478970,CAR,D,682,4,8,0.25737,0.4548,2,3
20222023,2022030133,8479344,CAR,F,405,5,2,0.23659,0.19458,1,1
20222023,2022030133,8480039,CAR,F,794,4,13,0.16232,0.80972,1,5
20222023,2022030133,8480222,NYI,D,534,10,8,0.60155,0.31696,5,3
20222023,2022030133,8480829,CAR,F,725,5,13,0.20134,0.78401,1,5
20222023,2022030133,8480835,CAR,F,707,7,17,0.44938,1.34872,3,8
20222023,2022030133,8480865,NYI,D,853,16,8,1.0786,0.58843,5,4
20222023,2022030133,8481014,NYI,D,765,10,10,0.88332,0.57499,5,5
20222023,2022030133,8482093,CAR,F,785,9,14,0.46964,1.10971,3,6
20222023,2022030134,8470610,NYI,F,706,9,6,0.32992,0.30951,2,2
20222023,2022030134,8470613,CAR,D,1048,16,10,0.64503,0.36447,4,3
20222023,2022030134,8471669,CAR,F,442,3,4,0.16386,0.21026,1,2
20222023,2022030134,8473504,NYI,F,467,3,3,0.18243,0.13065,2,0
20222023,2022030134,8473533,CAR,F,825,6,12,0.19594,0.66565,2,5
20222023,2022030134,8474709,NYI,F,562,3,3,0.18243,0.29366,2,1
20222023,2022030134,8475151,NYI,F,776,9,9,0.3577,0.45614,5,3
20222023,2022030134,8475231,NYI,F,585,3,6,0.18243,0.32621,2,1
20222023,2022030134,8475314,NYI,F,764,10,12,0.38868,0.26344,2,1
20222023,2022030134,8475754,NYI,F,834,11,9,0.52943,0.56582,6,3
20222023,2022030134,8475855,CAR,F,835,5,11,0.19484,0.64793,2,5
20222023,2022030134,8476419,NYI,F,721,7,9,0.36536,0.64,2,6
20222023,2022030134,8476429,NYI,D,882,9,13,0.20491,0.7005,0,4
20222023,2022030134,8476474,CAR,F,876,7,12,0.38972,0.66565,3,5
20222023,2022030134,8476869,CAR,D,993,13,14,0.91007,0.73682,6,6
20222023,2022030134,8476906,CAR,D,789,2,7,0.01474,0.36461,0,3
20222023,2022030134,8476907,CAR,,770,9,9,0.81551,0.49652,5,5
20222023,2022030134,8476917,NYI,D,930,10,11,0.55781,0.55165,5,5
20222023,2022030134,8476921,CAR,F,943,15,7,0.32336,0.21884,1,2
20222023,2022030134,8476958,CAR,D,1030,17,11,0.68224,0.45052,4,4
20222023,2022030134,8477392,NYI,F,712,9,12,0.53709,0.77524,3,6
20222023,2022030134,8477488,CAR,D,1022,15,14,0.95288,0.73682,6,6
20222023,2022030134,8477500,NYI,F,818,11,10,0.43004,0.09426,3,0
20222023,2022030134,8477506,NYI,D,1197,11,15,0.67419,0.87212,7,5
20222023,2022030134,8478115,NYI,F,747,8,8,0.31634,0.44949,4,3
20222023,2022030134,8478427,CAR,F,724,14,4,1.14823,0.19273,7,1
20222023,2022030134,8478445,NYI,F,782,10,12,0.59585,0.53353,3,4
20222023,2022030134,8478970,CAR,D,736,3,6,0.02034,0.27856,0,2
20222023,2022030134,8479344,CAR,F,499,4,4,0.097,0.21026,1,2
20222023,2022030134,8480039,CAR,F,898,13,11,0.36814,0.39726,1,4
20222023,2022030134,8480222,NYI,D,771,12,10,0.36677,0.51768,1,3
20222023,2022030134,8480829,CAR,F,844,11,11,0.11127,0.39726,0,4
20222023,2022030134,8480835,CAR,F,42,0,2,0.0,0.07984,0,0
20222023,2022030134,8480865,NYI,D,1024,10,9,0.54192,0.26006,5,2
20222023,2022030134,8481014,NYI,D,813,10,8,0.5862,0.32329,6,1
20222023,2022030134,8482093,CAR,F,741,12,6,1.03008,0.2155,7,1
20222023,2022030135,8470610,NYI,F,718,10,10,0.34966,0.45976,2,3
20222023,2022030135,8470613,CAR,D,1174,14,14,0.90463,0.75383,7,4
20222023,2022030135,8471669,CAR,F,615,9,1,0.73449,0.00472,4,0
20222023,2022030135,8473504,NYI,F,763,1,11,0.00472,0.8145,0,4
20222023,2022030135,8473533,CAR,F,876,14,11,0.88214,0.55901,6,3
20222023,2022030135,8474613,CAR,F,618,11,1,0.78611,0.00472,4,0
20222023,2022030135,8474709,NYI,F,659,7,10,0.2906,0.68336,5,3
20222023,2022030135,8475151,NYI,F,712,6,10,0.70681,0.6322,4,5
20222023,2022030135,8475231,NYI,F,909,2,14,0.07138,1.01044,1,5
20222023,2022030135,8475314,NYI,F,705,7,7,0.29519,0.55608,2,3
20222023,2022030135,8475754,NYI,F,801,7,9,0.78047,0.46979,5,4
20222023,2022030135,8475855,CAR,F,686,14,9,0.88214,0.45649,6,2
20222023,2022030135,8476419,NYI,F,836,8,8,0.29617,0.56029,2,4
20222023,2022030135,8476429,NYI,D,1066,5,16,0.12984,0.75443,1,4
20222023,2022030135,8476474,CAR,F,861,10,10,0.6747,0.49235,4,2
20222023,2022030135,8476869,CAR,D,1085,15,9,0.66619,0.61916,4,4
20222023,2022030135,8476906,CAR,D,756,9,7,0.76938,0.22863,4,4
20222023,2022030135,8476907,CAR,,593,6,10,0.20325,0.45339,1,6
20222023,2022030135,8476917,NYI,D,1189,12,17,0.51656,1.10489,3,6
20222023,2022030135,8476921,CAR,F,842,11,10,0.70265,0.71782,6,5
20222023,2022030135,8476958,CAR,D,1043,13,14,0.89583,0.75383,6,4
20222023,2022030135,8477392,NYI,F,674,14,10,0.45458,0.37356,4,2
20222023,2022030135,8477488,CAR,D,1174,17,9,0.75294,0.61916,4,4
20222023,2022030135,8477500,NYI,F,750,13,11,0.4536,0.38234,4,2
20222023,2022030135,8477506,NYI,D,1225,10,13,0.67755,0.86798,4,7
20222023,2022030135,8478115,NYI,F,752,8,12,0.80649,0.68135,5,6
20222023,2022030135,8478427,CAR,F,948,10,9,0.37177,0.38673,2,5
20222023,2022030135,8478445,NYI,F,623,7,5,0.29519,0.51798,2,4
20222023,2022030135,8478970,CAR,D,679,10,7,0.77213,0.22863,5,4
20222023,2022030135,8479344,CAR,F,698,10,1,0.78799,0.00472,4,0
20222023,2022030135,8480039,CAR,F,926,7,7,0.39889,0.60211,3,4
20222023,2022030135,8480222,NYI,D,834,8,12,0.4499,0.57086,5,3
20222023,2022030135,8480829,CAR,F,737,6,9,0.39215,0.65116,3,4
20222023,2022030135,8480865,NYI,D,798,15,10,0.71271,0.71313,7,4
20222023,2022030135,8481014,NYI,D,913,10,10,0.71668,0.74981,4,6
20222023,2022030135,8482093,CAR,F,900,9,12,0.32537,0.47164,2,5
20222023,2022030136,8470610,NYI,F,632,6,10,0.33205,0.38368,1,2
20222023,2022030136,8470613,CAR,D,1258,22,13,1.23157,0.33834,11,2
20222023,2022030136,8471669,CAR,F,464,6,8,0.23506,0.27168,1,1
20222023,2022030136,8473504,NYI,F,627,6,11,0.36669,0.512,1,5
20222023,2022030136,8473533,CAR,F,757,6,13,0.18787,1.09614,1,7
20222023,2022030136,8474613,CAR,F,533,7,9,0.24845,0.28332,1,1
20222023,2022030136,8474709,NYI,F,514,7,9,0.44828,0.6833,1,5
20222023,2022030136,8475151,NYI,F,915,12,14,0.57638,1.13989,3,6
20222023,2022030136,8475231,NYI,F,711,11,12,0.88686,0.50323,3,4
20222023,2022030136,8475314,NYI,F,935,10,11,0.57236,0.33678,3,4
20222023,2022030136,8475754,NYI,F,893,12,13,0.57638,1.04038,3,5
20222023,2022030136,8475855,CAR,F,802,15,8,0.90171,0.5366,6,3
20222023,2022030136,8476419,NYI,F,847,9,14,0.42909,0.74053,2,7
20222023,2022030136,8476429,NYI,D,1192,12,17,0.72887,1.00612,3,5
20222023,2022030136,8476474,CAR,F,857,6,13,0.2075,1.21009,1,7
20222023,2022030136,8476869,CAR,D,1155,11,15,0.56955,0.63853,4,3
20222023,2022030136,8476906,CAR,D,767,12,9,0.46912,0.85303,3,4
20222023,2022030136,8476907,CAR,,785,15,8,1.15248,0.38592,9,1
20222023,2022030136,8476917,NYI,D,1149,12,16,0.68019,0.98484,4,9
20222023,2022030136,8476921,CAR,F,951,20,6,1.12428,0.04916,8,0
20222023,2022030136,8476958,CAR,D,1157,25,12,1.69404,0.40753,12,2
20222023,2022030136,8477392,NYI,F,735,7,12,0.33867,0.59928,2,4
20222023,2022030136,8477488,CAR,D,1126,13,14,1.01633,0.7444,5,3
20222023,2022030136,8477500,NYI,F,1083,9,15,0.49259,0.6681,3,5
20222023,2022030136,8477506,NYI,D,1121,18,17,0.9487,0.75193,4,5
20222023,2022030136,8478115,NYI,F,845,11,14,0.25028,1.13324,2,6
20222023,2022030136,8478427,CAR,F,1000,18,11,1.26784,0.52039,10,1
20222023,2022030136,8478445,NYI,F,712,11,9,0.54008,0.45772,3,4
20222023,2022030136,8478970,CAR,D,814,13,12,0.48481,0.89939,3,4
20222023,2022030136,8479344,CAR,F,466,6,9,0.23506,0.27256,1,1
20222023,2022030136,8480039,CAR,F,896,10,13,0.36596,0.9179,2,5
20222023,2022030136,8480222,NYI,D,876,7,14,0.5712,0.97222,2,5
20222023,2022030136,8480829,CAR,F,961,18,5,1.04194,0.04836,7,0
20222023,2022030136,8480865,NYI,D,838,9,14,0.3717,0.87862,3,8
20222023,2022030136,8481014,NYI,D,1094,16,18,0.57248,0.87169,2,6
20222023,2022030136,8482093,CAR,F,982,17,7,1.22998,0.20951,10,0
20222023,2022030141,8474141,NYR,F,797,2,8,0.34209,0.41346,1,1
20222023,2022030141,8475184,NYR,F,878,2,9,0.34209,0.42908,1,1
20222023,2022030141,8475193,NJD,F,795,13,4,0.79518,0.36533,3,2
20222023,2022030141,8475287,NJD,F,807,12,6,0.8083,0.58129,5,3
20222023,2022030141,8475765,NYR,F,567,8,11,0.52621,0.76772,4,6
20222023,2022030141,8476292,NJD,F,695,10,7,0.61733,0.39884,6,2
20222023,2022030141,8476389,NYR,F,702,10,13,0.57058,0.90477,4,8
20222023,2022030141,8476459,NYR,F,850,2,6,0.34209,0.2957,1,0
20222023,2022030141,8476462,NJD,D,892,10,9,0.73576,0.53366,6,3
20222023,2022030141,8476624,NYR,F,551,4,8,0.32534,0.3251,2,1
20222023,2022030141,8476885,NYR,D,894,4,15,0.24613,0.92489,2,6
20222023,2022030141,8476918,NYR,F,482,4,6,0.32534,0.30235,2,1
20222023,2022030141,8476923,NJD,D,1090,17,12,1.03947,0.62528,8,5
20222023,2022030141,8477353,NYR,F,535,4,7,0.32534,0.31797,2,1
20222023,2022030141,8477425,NJD,F,386,6,5,0.33509,0.38412,1,3
20222023,2022030141,8477435,NJD,D,864,12,3,0.69866,0.45007,2,1
20222023,2022030141,8478399,NJD,D,830,10,7,0.72078,0.4437,6,2
20222023,2022030141,8478414,NJD,F,782,9,10,0.42404,0.58869,4,3
20222023,2022030141,8478507,NJD,D,877,14,7,0.70357,0.77611,1,4
20222023,2022030141,8478550,NYR,F,762,10,12,0.57058,0.77485,4,6
20222023,2022030141,8478859,NYR,D,925,11,17,0.84722,1.13184,5,6
20222023,2022030141,8479323,NYR,D,892,9,6,0.58312,0.27073,3,2
20222023,2022030141,8479324,NYR,D,882,7,7,0.66123,0.31229,4,2
20222023,2022030141,8479407,NJD,F,806,6,5,0.53135,0.16621,4,1
20222023,2022030141,8479414,NJD,F,358,6,5,0.33509,0.38412,1,3
20222023,2022030141,8479415,NJD,F,413,7,7,0.4005,0.42849,2,3
20222023,2022030141,8480002,NJD,F,895,12,4,0.77095,0.2957,4,1
20222023,2022030141,8480003,NJD,F,609,8,6,0.47645,0.62865,3,3
20222023,2022030141,8480078,NYR,F,734,7,11,0.34414,0.85648,2,5
20222023,2022030141,8480817,NYR,D,1027,7,16,0.31736,0.98661,2,6
20222023,2022030141,8480860,NJD,D,973,13,8,0.86586,0.33548,5,3
20222023,2022030141,8481554,NYR,F,803,9,11,0.38851,0.87577,2,6
20222023,2022030141,8481559,NJD,F,926,8,6,0.67812,0.27419,4,1
20222023,2022030141,8482073,NYR,D,913,8,16,0.50924,1.14487,2,6
20222023,2022030141,8482109,NYR,F,745,7,11,0.34414,0.87577,2,6
20222023,2022030141,8482110,NJD,F,978,17,4,0.97375,0.25082,5,2
20222023,2022030142,8474090,NJD,D,643,11,6,0.2361,0.43567,0,2
20222023,2022030142,8474141,NYR,F,813,9,6,0.71051,0.11002,4,1
20222023,2022030142,8475184,NYR,F,921,9,8,0.8018,0.35921,5,2
20222023,2022030142,8475193,NJD,F,531,6,7,0.13045,0.51087,1,3
20222023,2022030142,8475287,NJD,F,745,8,11,0.35019,0.85316,1,5
20222023,2022030142,8475765,NYR,F,556,9,11,0.41415,0.26549,2,2
20222023,2022030142,8476292,NJD,F,589,8,11,0.3327,0.5467,2,3
20222023,2022030142,8476389,NYR,F,705,11,12,0.59121,0.2764,3,2
20222023,2022030142,8476459,NYR,F,866,8,5,0.77249,0.10522,5,1
20222023,2022030142,8476462,NJD,D,817,7,12,0.07037,0.80288,1,4
20222023,2022030142,8476624,NYR,F,388,2,7,0.0311,0.45898,0,3
20222023,2022030142,8476885,NYR,D,850,9,14,0.48075,0.53623,2,3
20222023,2022030142,8476918,NYR,F,417,3,6,0.24024,0.45418,1,3
20222023,2022030142,8476923,NJD,D,683,11,9,0.32073,0.66702,1,3
20222023,2022030142,8477353,NYR,F,399,1,7,0.00961,0.46277,0,3
20222023,2022030142,8477425,NJD,F,352,2,6,0.00926,0.35834,0,2
20222023,2022030142,8477435,NJD,D,1095,14,12,0.77779,0.68352,5,4
20222023,2022030142,8478414,NJD,F,818,11,6,0.40814,0.53416,3,3
20222023,2022030142,8478507,NJD,D,1038,17,10,0.77856,0.91283,5,5
20222023,2022030142,8478550,NYR,F,809,10,11,0.41588,0.26549,2,2
20222023,2022030142,8478859,NYR,D,609,9,8,0.64071,0.27399,3,2
20222023,2022030142,8479323,NYR,D,987,13,7,1.12628,0.10065,7,1
20222023,2022030142,8479324,NYR,D,797,13,9,0.93219,0.34984,6,2
20222023,2022030142,8479407,NJD,F,872,16,9,0.88765,0.50965,6,3
20222023,2022030142,8479414,NJD,F,234,2,5,0.01752,0.32281,0,1
20222023,2022030142,8479415,NJD,F,436,7,5,0.14754,0.36256,1,1
20222023,2022030142,8480002,NJD,F,902,8,6,0.39049,0.38474,3,2
20222023,2022030142,8480078,NYR,F,593,8,8,0.51974,0.33029,2,1
20222023,2022030142,8480817,NYR,D,884,8,14,0.32479,0.77033,1,4
20222023,2022030142,8480860,NJD,D,532,3,10,0.1454,0.5363,2,3
20222023,2022030142,8481068,NJD,F,387,2,4,0.01992,0.11367,0,0
20222023,2022030142,8481554,NYR,F,545,9,7,0.66749,0.32178,3,1
20222023,2022030142,8481559,NJD,F,848,13,9,0.60797,0.50222,3,3
20222023,2022030142,8482073,NYR,D,619,7,9,0.43714,0.27825,2,2
20222023,2022030142,8482109,NYR,F,481,7,6,0.45662,0.08118,2,0
20222023,2022030142,8482110,NJD,F,715,9,7,0.16952,0.5356,1,3
20222023,2022030143,8474141,NYR,F,861,7,8,0.26262,0.53925,2,4
20222023,2022030143,8475184,NYR,F,916,7,7,0.26262,0.46471,2,3
20222023,2022030143,8475193,NJD,F,613,7,5,0.33614,0.10852,2,0
20222023,2022030143,8475287,NJD,F,727,6,6,0.20521,0.26494,1,1
20222023,2022030143,8475765,NYR,F,659,5,9,0.5618,1.01526,2,6
20222023,2022030143,8476292,NJD,F,658,6,7,0.23599,0.29925,1,1
20222023,2022030143,8476389,NYR,F,773,7,11,0.60104,1.06506,2,6
20222023,2022030143,8476459,NYR,F,907,6,10,0.24242,1.08199,2,6
20222023,2022030143,8476462,NJD,D,866,8,12,0.64571,0.31215,2,1
20222023,2022030143,8476624,NYR,F,491,9,5,0.35798,0.58624,2,2
20222023,2022030143,8476885,NYR,D,997,10,7,0.83707,0.76889,4,4
20222023,2022030143,8476918,NYR,F,437,7,2,0.20488,0.0498,1,0
20222023,2022030143,8476923,NJD,D,764,11,7,1.17578,0.4685,7,3
20222023,2022030143,8477353,NYR,F,507,9,3,0.40254,0.45932,2,2
20222023,2022030143,8477435,NJD,D,1034,9,8,0.68106,0.82604,5,4
20222023,2022030143,8477508,NJD,F,349,0,6,0.0,0.65442,0,4
20222023,2022030143,8478399,NJD,D,916,8,14,0.67192,0.3408,3,1
20222023,2022030143,8478414,NJD,F,823,14,8,1.82637,0.5343,10,3
20222023,2022030143,8478507,NJD,D,1126,8,9,0.6396,0.91706,5,5
20222023,2022030143,8478550,NYR,F,889,3,11,0.27391,1.17511,1,7
20222023,2022030143,8478859,NYR,D,626,8,5,0.40499,0.09943,1,1
20222023,2022030143,8479323,NYR,D,1054,11,14,0.39444,1.55131,3,9
20222023,2022030143,8479324,NYR,D,937,9,12,0.37347,1.34958,3,7
20222023,2022030143,8479407,NJD,F,919,14,8,1.76598,0.2576,9,2
20222023,2022030143,8479414,NJD,F,339,0,8,0.0,0.94231,0,5
20222023,2022030143,8479415,NJD,F,765,7,6,0.4899,0.15145,4,0
20222023,2022030143,8480002,NJD,F,882,13,7,1.73616,0.24718,9,2
20222023,2022030143,8480003,NJD,F,473,2,10,0.15298,0.96212,1,5
20222023,2022030143,8480078,NYR,F,609,9,5,0.72179,0.31302,3,2
20222023,2022030143,8480817,NYR,D,1011,9,8,0.80943,0.81035,4,4
20222023,2022030143,8480860,NJD,D,589,8,7,0.97387,0.38709,6,2
20222023,2022030143,8481554,NYR,F,552,6,4,0.3703,0.27156,2,2
20222023,2022030143,8481559,NJD,F,803,7,8,0.27141,0.30967,1,1
20222023,2022030143,8482073,NYR,D,623,8,8,0.35254,0.34262,1,3
20222023,2022030143,8482109,NYR,F,595,10,5,0.64766,0.31302,3,2
20222023,2022030143,8482110,NJD,F,714,7,4,0.49737,0.0981,4,0
20222023,2022030144,8474141,NYR,F,955,9,11,0.62031,1.28071,3,8
20222023,2022030144,8475184,NYR,F,869,7,8,0.4475,0.76766,2,5
20222023,2022030144,8475193,NJD,F,734,5,10,0.36829,0.61674,2,4
20222023,2022030144,8475287,NJD,F,901,12,11,1.39916,0.49485,8,3
20222023,2022030144,8475765,NYR,F,781,8,5,0.27086,0.24324,2,3
20222023,2022030144,8476292,NJD,F,797,7,10,0.68817,0.4571,4,3
20222023,2022030144,8476389,NYR,F,886,9,11,0.68542,0.77979,4,6
20222023,2022030144,8476459,NYR,F,860,7,5,0.2327,0.36645,1,4
20222023,2022030144,8476462,NJD,D,984,12,12,0.81689,0.70701,5,5
20222023,2022030144,8476624,NYR,F,462,4,4,0.10936,0.73559,1,3
20222023,2022030144,8476885,NYR,D,1030,9,10,0.39653,0.6562,3,3
20222023,2022030144,8476918,NYR,F,413,4,5,0.10936,0.76703,1,4
20222023,2022030144,8476923,NJD,D,695,9,6,0.91692,0.18091,4,1
20222023,2022030144,8477353,NYR,F,442,4,2,0.10936,0.25398,1,1
20222023,2022030144,8477435,NJD,D,1196,10,11,0.56161,0.67458,4,4
20222023,2022030144,8477508,NJD,F,294,5,3,0.40367,0.05106,3,0
20222023,2022030144,8478399,NJD,D,1034,13,15,0.91295,0.75463,6,5
20222023,2022030144,8478414,NJD,F,889,14,9,1.1506,0.42972,7,2
20222023,2022030144,8478507,NJD,D,1184,9,10,0.55262,0.60214,4,3
20222023,2022030144,8478550,NYR,F,1026,10,5,0.44367,0.24324,3,3
20222023,2022030144,8478859,NYR,D,791,9,9,0.56461,0.67367,3,3
20222023,2022030144,8479323,NYR,D,1091,9,9,0.43547,0.49591,3,4
20222023,2022030144,8479324,NYR,D,961,11,11,0.45857,0.98459,2,7
20222023,2022030144,8479407,NJD,F,877,12,7,0.64191,0.36702,4,2
20222023,2022030144,8479414,NJD,F,339,2,1,0.05041,0.01878,0,0
20222023,2022030144,8479415,NJD,F,611,4,6,0.19495,0.47935,1,3
20222023,2022030144,8480002,NJD,F,883,10,5,0.38471,0.21644,2,1
20222023,2022030144,8480003,NJD,F,457,5,4,0.17543,0.14884,1,1
20222023,2022030144,8480078,NYR,F,716,10,11,0.49486,0.50066,3,1
20222023,2022030144,8480817,NYR,D,971,13,11,0.57076,0.72423,3,4
20222023,2022030144,8480860,NJD,D,660,9,6,1.00399,0.12541,5,0
20222023,2022030144,8481554,NYR,F,725,9,13,0.52181,0.60456,3,2
20222023,2022030144,8481559,NJD,F,1061,13,15,1.40815,0.74374,8,5
20222023,2022030144,8482073,NYR,D,726,9,12,0.61874,1.23038,4,7
20222023,2022030144,8482109,NYR,F,741,9,13,0.52181,0.60456,3,2
20222023,2022030144,8482110,NJD,F,662,4,9,0.28202,0.54338,2,3
20222023,2022030145,8474141,NYR,F,695,4,11,0.27504,1.05129,2,6
20222023,2022030145,8475184,NYR,F,795,7,3,0.493,0.12106,4,1
20222023,2022030145,8475193,NJD,F,720,11,8,0.86516,0.5812,4,4
20222023,2022030145,8475287,NJD,F,715,8,9,0.51696,0.25896,4,3
20222023,2022030145,8475765,NYR,F,694,8,9,0.29072,0.80195,2,5
20222023,2022030145,8476292,NJD,F,815,10,9,0.46916,0.25896,3,3
20222023,2022030145,8476389,NYR,F,812,9,9,0.45166,0.80195,3,5
20222023,2022030145,8476459,NYR,F,841,7,3,0.33766,0.12106,3,1
20222023,2022030145,8476462,NJD,D,998,9,13,0.89496,0.44128,5,5
20222023,2022030145,8476624,NYR,F,457,3,8,0.18353,0.18822,1,2
20222023,2022030145,8476885,NYR,D,891,10,12,0.48971,0.64546,3,5
20222023,2022030145,8476918,NYR,F,390,4,7,0.18913,0.1131,1,1
20222023,2022030145,8476923,NJD,D,693,9,5,0.49256,0.2073,3,2
20222023,2022030145,8477353,NYR,F,510,4,8,0.18913,0.18822,1,2
20222023,2022030145,8477435,NJD,D,945,9,9,0.70973,0.55664,4,3
20222023,2022030145,8477508,NJD,F,295,2,4,0.44474,0.12286,2,0
20222023,2022030145,8478399,NJD,D,857,13,13,1.18808,0.39,7,5
20222023,2022030145,8478414,NJD,F,609,8,2,0.54055,0.08778,5,2
20222023,2022030145,8478507,NJD,D,1007,14,8,0.86967,0.50078,5,3
20222023,2022030145,8478550,NYR,F,796,8,9,0.29072,0.80195,2,5
20222023,2022030145,8478859,NYR,D,673,6,10,0.2216,0.99232,3,4
20222023,2022030145,8479323,NYR,D,963,14,6,0.66255,0.59478,5,4
20222023,2022030145,8479324,NYR,D,868,10,7,0.43703,0.63651,4,4
20222023,2022030145,8479407,NJD,F,924,13,10,0.8367,0.62779,3,4
20222023,2022030145,8479414,NJD,F,368,4,6,0.49651,0.18677,2,1
20222023,2022030145,8479415,NJD,F,515,7,6,0.88529,0.18677,5,1
20222023,2022030145,8480002,NJD,F,910,11,9,0.80345,0.6123,3,4
20222023,2022030145,8480003,NJD,F,539,5,5,0.32085,0.15982,3,3
20222023,2022030145,8480078,NYR,F,521,8,11,0.18109,1.17499,3,5
20222023,2022030145,8480817,NYR,D,1010,9,15,0.30649,0.69061,2,5
20222023,2022030145,8480860,NJD,D,537,8,6,0.41744,0.21188,2,2
20222023,2022030145,8481554,NYR,F,605,11,4,0.39905,0.31988,5,1
20222023,2022030145,8481559,NJD,F,772,7,10,0.21386,0.2827,1,3
20222023,2022030145,8482073,NYR,D,742,5,12,0.1905,1.01276,3,4
20222023,2022030145,8482109,NYR,F,537,8,11,0.18109,1.17499,3,5
20222023,2022030145,8482110,NJD,F,662,7,3,0.46543,0.09591,4,2
20222023,2022030146,8474141,NYR,F,691,8,11,0.88342,0.79651,5,4
20222023,2022030146,8475184,NYR,F,743,9,4,0.76432,0.11416,4,0
20222023,2022030146,8475193,NJD,F,969,6,7,0.59377,0.55734,2,4
20222023,2022030146,8475287,NJD,F,887,10,8,0.74826,0.50251,2,3
20222023,2022030146,8475765,NYR,F,734,8,8,0.70323,0.52879,3,0
20222023,2022030146,8476292,NJD,F,726,7,8,0.49293,0.50251,3,3
20222023,2022030146,8476389,NYR,F,702,8,11,0.92934,0.79651,5,4
20222023,2022030146,8476459,NYR,F,759,7,4,0.64024,0.11416,3,0
20222023,2022030146,8476462,NJD,D,996,18,6,1.48094,0.59936,5,5
20222023,2022030146,8476624,NYR,F,572,3,8,0.22351,0.93048,2,5
20222023,2022030146,8476885,NYR,D,1040,9,10,0.54827,0.52087,4,2
20222023,2022030146,8476918,NYR,F,524,2,8,0.12032,0.93048,1,5
20222023,2022030146,8476923,NJD,D,1014,6,9,0.59307,0.89528,3,5
20222023,2022030146,8477353,NYR,F,635,3,7,0.22351,0.76453,2,5
20222023,2022030146,8477435,NJD,D,915,11,11,0.80877,0.8845,5,5
20222023,2022030146,8477508,NJD,F,299,6,1,0.48701,0.13323,2,1
20222023,2022030146,8478399,NJD,D,824,10,7,0.73814,0.51144,4,4
20222023,2022030146,8478414,NJD,F,1039,12,10,0.98022,1.06491,4,6
20222023,2022030146,8478507,NJD,D,997,13,12,1.02292,0.84205,4,4
20222023,2022030146,8478550,NYR,F,901,7,9,0.44783,0.71794,4,2
20222023,2022030146,8478859,NYR,D,694,7,8,0.76974,0.70188,4,2
20222023,2022030146,8479323,NYR,D,1143,10,6,0.69555,0.44829,4,2
20222023,2022030146,8479324,NYR,D,1151,12,9,0.97429,0.95068,6,4
20222023,2022030146,8479407,NJD,F,987,8,8,0.69324,0.63915,4,5
20222023,2022030146,8479414,NJD,F,409,5,1,0.36137,0.13323,1,1
20222023,2022030146,8479415,NJD,F,428,7,2,0.49217,0.1503,2,1
20222023,2022030146,8480002,NJD,F,1085,4,7,0.21888,0.62208,1,5
20222023,2022030146,8480003,NJD,F,529,11,9,0.87708,0.9831,5,5
20222023,2022030146,8480078,NYR,F,848,8,9,0.4649,0.71794,4,2
20222023,2022030146,8480817,NYR,D,1009,8,16,0.61414,1.2033,5,7
20222023,2022030146,8480860,NJD,D,627,6,7,0.47434,0.78335,1,5
20222023,2022030146,8481554,NYR,F,741,6,5,0.38674,0.30331,3,2
20222023,2022030146,8481559,NJD,F,1145,13,7,1.10692,0.44142,4,2
20222023,2022030146,8482073,NYR,D,683,6,16,0.91399,1.45911,5,5
20222023,2022030146,8482109,NYR,F,774,9,11,0.98661,0.79651,6,4
20222023,2022030146,8482110,NJD,F,804,7,10,0.62542,1.04419,3,6
20222023,2022030147,8474141,NYR,F,799,14,10,0.73811,0.59949,4,4
20222023,2022030147,8475184,NYR,F,811,6,8,0.17133,1.18642,2,4
20222023,2022030147,8475193,NJD,F,774,11,6,1.31137,0.24791,7,2
20222023,2022030147,8475287,NJD,F,901,6,17,0.34844,0.62102,1,2
20222023,2022030147,8475765,NYR,F,758,6,7,0.17133,1.03816,2,4
20222023,2022030147,8476292,NJD,F,857,8,16,0.53901,0.49756,2,2
20222023,2022030147,8476389,NYR,F,730,13,10,0.70138,0.59949,4,4
20222023,2022030147,8476459,NYR,F,834,6,7,0.17133,1.03816,2,4
20222023,2022030147,8476462,NJD,D,1098,19,9,1.73391,0.2832,10,0
20222023,2022030147,8476624,NYR,F,731,11,8,0.33464,0.60924,2,3
20222023,2022030147,8476885,NYR,D,1098,22,8,0.80902,0.55974,4,3
20222023,2022030147,8476918,NYR,F,618,11,6,0.30467,0.52286,2,2
20222023,2022030147,8476923,NJD,D,773,7,20,0.61335,0.80506,3,4
20222023,2022030147,8477353,NYR,F,638,10,6,0.29791,0.52286,2,2
20222023,2022030147,8477425,NJD,F,390,3,8,0.06014,0.43135,0,2
20222023,2022030147,8477435,NJD,D,1040,11,9,1.35606,0.33404,6,3
20222023,2022030147,8478399,NJD,D,1153,14,12,1.05719,0.39442,7,0
20222023,2022030147,8478414,NJD,F,572,10,3,0.97057,0.1317,6,1
20222023,2022030147,8478507,NJD,D,1006,10,10,1.39562,0.44805,6,4
20222023,2022030147,8478550,NYR,F,867,7,13,0.3512,1.19561,1,9
20222023,2022030147,8478859,NYR,D,731,11,10,0.5038,1.21514,3,6
20222023,2022030147,8479323,NYR,D,1002,8,10,0.43577,0.76911,4,4
20222023,2022030147,8479324,NYR,D,932,6,13,0.20561,1.16702,0,6
20222023,2022030147,8479407,NJD,F,786,9,6,1.25434,0.40317,7,4
20222023,2022030147,8479414,NJD,F,449,3,12,0.13872,0.32967,1,0
20222023,2022030147,8479415,NJD,F,647,4,14,0.15602,0.60093,0,5
20222023,2022030147,8480002,NJD,F,891,10,6,1.35022,0.24791,7,2
20222023,2022030147,8480078,NYR,F,590,8,7,0.27667,0.86801,0,5
20222023,2022030147,8480817,NYR,D,1160,22,11,0.80116,0.81912,4,5
20222023,2022030147,8480860,NJD,D,602,3,16,0.07367,0.70327,0,5
20222023,2022030147,8481068,NJD,F,665,9,7,1.13711,0.18886,6,1
20222023,2022030147,8481554,NYR,F,679,8,9,0.27667,0.95439,0,6
20222023,2022030147,8481559,NJD,F,1003,13,15,0.94404,0.48929,4,1
20222023,2022030147,8482073,NYR,D,709,7,12,0.21268,1.69967,1,8
20222023,2022030147,8482109,NYR,F,629,14,5,0.65682,0.21001,3,1
20222023,2022030147,8482110,NJD,F,658,10,4,1.13472,0.26269,7,2
20222023,2022030151,8473446,COL,D,734,7,6,0.57869,0.29476,2,3
20222023,2022030151,8474189,COL,F,676,8,4,0.3768,0.14229,2,1
20222023,2022030151,8474586,SEA,F,803,7,8,0.29499,0.6296,2,3
20222023,2022030151,8474602,SEA,D,854,8,10,0.42354,0.75863,2,3
20222023,2022030151,8475768,SEA,F,788,8,9,0.28729,0.37695,1,2
20222023,2022030151,8476312,COL,D,611,6,7,0.46034,0.48702,2,3
20222023,2022030151,8476442,COL,F,439,2,4,0.03224,0.26012,0,2
20222023,2022030151,8476457,SEA,D,1362,20,19,0.97764,1.31412,7,8
20222023,2022030151,8476467,SEA,D,835,12,7,0.6507,0.18548,4,0
20222023,2022030151,8476826,SEA,F,1024,19,16,0.91676,0.87775,6,6
20222023,2022030151,8477369,SEA,D,814,9,11,0.45871,0.86344,2,4
20222023,2022030151,8477416,SEA,F,849,17,11,1.10599,0.75224,7,5
20222023,2022030151,8477456,COL,F,991,9,11,0.9765,0.53192,4,3
20222023,2022030151,8477476,COL,F,766,7,11,0.92557,0.51737,4,3
20222023,2022030151,8477492,COL,F,989,18,21,0.94798,1.12206,6,7
20222023,2022030151,8477501,COL,F,944,7,10,0.83432,0.51936,3,4
20222023,2022030151,8477505,SEA,F,918,10,13,0.61157,1.06855,3,5
20222023,2022030151,8477955,SEA,F,679,8,7,0.33151,0.77941,2,4
20222023,2022030151,8477987,SEA,F,401,6,5,0.30142,0.12838,2,0
20222023,2022030151,8478038,COL,D,1182,17,15,1.06635,0.86118,7,6
20222023,2022030151,8478407,SEA,D,1217,20,17,1.01055,1.2816,7,8
20222023,2022030151,8478420,COL,F,986,20,17,1.19185,0.63663,8,4
20222023,2022030151,8478466,SEA,F,343,4,2,0.30052,0.0106,3,0
20222023,2022030151,8478542,COL,F,998,19,21,0.98409,1.19852,6,7
20222023,2022030151,8478840,SEA,D,739,10,8,0.64455,0.27337,4,1
20222023,2022030151,8478843,COL,F,561,8,3,0.36901,0.38713,2,2
20222023,2022030151,8479293,SEA,F,673,7,9,0.34561,0.25899,2,1
20222023,2022030151,8479398,COL,D,1018,11,18,0.80274,0.62325,3,4
20222023,2022030151,8479987,SEA,F,635,6,9,0.22492,0.71668,1,3
20222023,2022030151,8480009,SEA,F,872,17,13,1.14504,1.04298,8,6
20222023,2022030151,8480069,COL,D,1182,19,18,1.08001,1.07594,7,6
20222023,2022030151,8481186,COL,F,486,2,8,0.08194,0.48697,0,3
20222023,2022030151,8481524,COL,D,1027,12,15,0.68851,0.82354,3,4
20222023,2022030151,8481618,COL,F,655,4,3,0.12061,0.24194,0,2
20222023,2022030151,8482665,SEA,F,711,7,6,0.29499,0.37283,2,1
20222023,2022030151,8483570,COL,F,289,4,3,0.17405,0.1163,1,1
20222023,2022030152,8471794,COL,,452,1,5,0.00828,0.42161,0,3
20222023,2022030152,8473446,COL,D,798,5,11,0.22688,0.71463,1,4
20222023,2022030152,8474189,COL,F,489,7,5,0.29291,0.25801,0,0
20222023,2022030152,8474586,SEA,F,813,6,12,0.16966,0.55052,0,3
20222023,2022030152,8474602,SEA,D,683,7,8,0.3595,0.42405,2,1
20222023,2022030152,8475768,SEA,F,938,14,12,0.70013,0.37582,4,0
20222023,2022030152,8476312,COL,D,661,5,7,0.15513,0.4254,0,3
20222023,2022030152,8476442,COL,F,424,2,7,0.04281,0.48339,0,3
20222023,2022030152,8476457,SEA,D,1243,15,22,0.77904,1.04335,6,8
20222023,2022030152,8476467,SEA,D,1030,7,14,0.21147,0.46444,0,1
20222023,2022030152,8476826,SEA,F,826,5,21,0.35087,0.89661,3,7
20222023,2022030152,8477369,SEA,D,647,6,11,0.33707,0.58615,2,2
20222023,2022030152,8477416,SEA,F,757,8,19,0.53521,0.75068,4,6
20222023,2022030152,8477456,COL,F,990,11,13,0.50168,0.45754,3,3
20222023,2022030152,8477476,COL,F,855,23,7,1.07942,0.32921,6,3
20222023,2022030152,8477492,COL,F,1096,28,9,1.27649,0.4089,8,3
20222023,2022030152,8477501,COL,F,905,14,11,0.61043,0.20599,4,1
20222023,2022030152,8477505,SEA,F,944,15,12,0.78643,0.54702,5,2
20222023,2022030152,8477955,SEA,F,713,7,6,0.29549,0.39984,1,3
20222023,2022030152,8477987,SEA,F,368,5,3,0.15164,0.16234,1,0
20222023,2022030152,8478038,COL,D,946,15,11,0.61136,0.38788,3,1
20222023,2022030152,8478407,SEA,D,1201,19,24,0.95867,1.04846,7,8
20222023,2022030152,8478420,COL,F,982,14,14,0.47167,0.64592,2,5
20222023,2022030152,8478466,SEA,F,460,4,5,0.14688,0.36399,1,1
20222023,2022030152,8478542,COL,F,828,26,6,1.38833,0.12928,9,1
20222023,2022030152,8478840,SEA,D,875,6,11,0.24638,0.48659,0,2
20222023,2022030152,8478843,COL,F,514,4,4,0.15824,0.24177,0,0
20222023,2022030152,8479293,SEA,F,539,7,7,0.24097,0.40571,2,1
20222023,2022030152,8479398,COL,D,981,12,14,0.49637,0.46201,2,1
20222023,2022030152,8479987,SEA,F,730,11,6,0.63189,0.21407,4,0
20222023,2022030152,8480009,SEA,F,725,7,21,0.43084,0.85234,3,7
20222023,2022030152,8480069,COL,D,1171,27,11,1.29499,0.6465,8,5
20222023,2022030152,8481186,COL,F,483,1,4,0.00828,0.32828,0,2
20222023,2022030152,8481524,COL,D,1157,27,8,1.37385,0.3643,9,4
20222023,2022030152,8481618,COL,F,524,3,8,0.13548,0.59118,0,3
20222023,2022030152,8482665,SEA,F,795,6,10,0.16966,0.45508,0,2
20222023,2022030153,8471699,COL,F,439,9,8,0.78873,0.42471,5,3
20222023,2022030153,8473446,COL,D,768,8,10,0.72206,0.32607,4,2
20222023,2022030153,8474189,COL,F,733,14,12,0.85625,0.69172,5,5
20222023,2022030153,8474586,SEA,F,988,11,15,0.51468,1.11679,3,7
20222023,2022030153,8474602,SEA,D,862,14,8,0.74634,0.56208,3,3
20222023,2022030153,8475768,SEA,F,950,9,13,0.6363,0.96247,5,7
20222023,2022030153,8476312,COL,D,740,9,16,0.8704,0.50584,6,3
20222023,2022030153,8476442,COL,F,726,9,6,0.70604,0.18582,6,1
20222023,2022030153,8476457,SEA,D,1083,13,17,0.6097,1.39692,5,9
20222023,2022030153,8476467,SEA,D,972,8,11,0.21037,0.71119,2,5
20222023,2022030153,8476826,SEA,F,1051,10,12,0.45848,0.96709,3,6
20222023,2022030153,8477369,SEA,D,726,11,14,0.69606,0.80609,3,5
20222023,2022030153,8477416,SEA,F,824,9,9,0.46328,0.66583,3,5
20222023,2022030153,8477456,COL,F,955,7,4,0.73033,0.09072,6,1
20222023,2022030153,8477476,COL,F,1043,9,9,0.45584,0.33424,3,2
20222023,2022030153,8477492,COL,F,1114,13,10,0.84415,0.37369,5,3
20222023,2022030153,8477505,SEA,F,878,8,12,0.51133,0.78196,4,6
20222023,2022030153,8477955,SEA,F,893,9,12,0.42847,0.85012,2,6
20222023,2022030153,8477987,SEA,F,376,6,8,0.1232,0.57033,1,3
20222023,2022030153,8478038,COL,D,1074,15,11,0.88281,0.56277,8,4
20222023,2022030153,8478407,SEA,D,1145,12,22,0.65742,1.63988,6,11
20222023,2022030153,8478420,COL,F,969,11,7,1.07398,0.20596,7,2
20222023,2022030153,8478466,SEA,F,222,5,1,0.17092,0.02407,2,0
20222023,2022030153,8478542,COL,F,954,12,11,0.83377,0.55076,5,3
20222023,2022030153,8478840,SEA,D,891,8,11,0.28312,0.77499,3,6
20222023,2022030153,8478843,COL,F,457,7,9,0.48147,0.63707,3,5
20222023,2022030153,8479293,SEA,F,760,6,8,0.17648,0.76246,1,5
20222023,2022030153,8479398,COL,D,1065,18,15,0.72771,0.83879,6,6
20222023,2022030153,8480009,SEA,F,873,9,8,0.36391,0.58488,3,4
20222023,2022030153,8480069,COL,D,1151,15,4,1.30787,0.25324,7,2
20222023,2022030153,8481186,COL,F,594,13,8,0.91819,0.45892,6,3
20222023,2022030153,8481524,COL,D,1044,17,10,1.27624,0.68625,7,5
20222023,2022030153,8481618,COL,F,341,7,8,0.46792,0.43406,3,2
20222023,2022030153,8482665,SEA,F,1004,12,14,0.51932,1.02456,3,6
20222023,2022030153,8482834,SEA,,249,5,5,0.36302,0.21199,3,1
20222023,2022030153,8483570,COL,F,422,7,7,0.46994,0.37177,3,3
20222023,2022030154,8471699,COL,F,445,3,5,0.04507,0.10103,0,0
20222023,2022030154,8473446,COL,D,461,5,5,0.34307,0.07527,1,1
20222023,2022030154,8474189,COL,F,659,9,7,0.55962,0.16851,5,1
20222023,2022030154,8474586,SEA,F,926,10,9,0.47702,0.46445,2,4
20222023,2022030154,8474602,SEA,D,496,7,6,0.16604,0.17382,1,1
20222023,2022030154,8475768,SEA,F,804,15,5,0.57687,0.24839,5,1
20222023,2022030154,8476312,COL,D,556,4,10,0.316,0.23156,1,3
20222023,2022030154,8476442,COL,F,671,4,10,0.18112,0.53109,1,4
20222023,2022030154,8476457,SEA,D,1214,18,9,0.86876,0.7356,7,5
20222023,2022030154,8476467,SEA,D,1147,13,11,0.98149,0.72173,5,4
20222023,2022030154,8476826,SEA,F,962,9,7,0.59334,0.35849,4,2
20222023,2022030154,8477369,SEA,D,489,14,6,0.83573,0.15241,7,1
20222023,2022030154,8477416,SEA,F,836,9,5,0.64302,0.3112,5,2
20222023,2022030154,8477456,COL,F,965,5,15,0.24158,0.9588,1,7
20222023,2022030154,8477476,COL,F,974,6,18,0.27182,1.4417,3,11
20222023,2022030154,8477492,COL,F,1127,10,15,0.63472,1.06845,3,8
20222023,2022030154,8477505,SEA,F,794,16,9,0.80721,0.65939,7,3
20222023,2022030154,8477955,SEA,F,84,2,0,0.23102,0.0,1,0
20222023,2022030154,8477987,SEA,F,803,13,10,0.75734,0.62457,4,4
20222023,2022030154,8478038,COL,D,987,8,13,0.33043,0.65879,3,4
20222023,2022030154,8478407,SEA,D,1156,16,10,0.69033,0.77024,7,6
20222023,2022030154,8478420,COL,F,915,7,14,0.66505,0.64928,3,4
20222023,2022030154,8478466,SEA,F,293,4,3,0.07688,0.17301,1,2
20222023,2022030154,8478542,COL,F,981,10,17,0.57546,1.3986,3,11
20222023,2022030154,8478840,SEA,D,989,12,6,0.90351,0.21048,5,1
20222023,2022030154,8478843,COL,F,281,5,4,0.2937,0.07123,2,1
20222023,2022030154,8479293,SEA,F,625,11,8,0.53316,0.44683,4,2
20222023,2022030154,8479398,COL,D,1100,11,16,0.7051,0.7108,5,4
20222023,2022030154,8479987,SEA,F,398,10,4,0.57645,0.26519,5,2
20222023,2022030154,8480009,SEA,F,818,8,6,0.61553,0.33617,5,2
20222023,2022030154,8480069,COL,D,1199,8,16,0.33397,1.33046,3,9
20222023,2022030154,8481186,COL,F,646,6,6,0.29967,0.13131,3,0
20222023,2022030154,8481524,COL,D,1129,12,20,0.73571,1.43898,5,11
20222023,2022030154,8481618,COL,F,345,2,4,0.08491,0.07144,1,0
20222023,2022030154,8482665,SEA,F,872,13,6,0.78095,0.25873,5,3
20222023,2022030154,8483570,COL,F,314,5,5,0.2937,0.07735,2,1
20222023,2022030155,8471677,COL,D,749,6,11,0.1202,0.44506,0,2
20222023,2022030155,8471699,COL,F,445,3,5,0.10952,0.33902,0,2
20222023,2022030155,8473446,COL,D,973,14,14,0.71652,0.54884,5,3
20222023,2022030155,8474189,COL,F,896,12,6,0.54414,0.32319,2,3
20222023,2022030155,8474586,SEA,F,824,7,10,0.47858,0.44193,3,2
20222023,2022030155,8474602,SEA,D,769,8,13,0.2894,0.66676,2,3
20222023,2022030155,8475768,SEA,F,991,10,5,0.31973,0.13636,1,1
20222023,2022030155,8476312,COL,D,436,5,6,0.23813,0.25929,1,1
20222023,2022030155,8476442,COL,F,558,7,9,0.31865,0.41379,2,2
20222023,2022030155,8476457,SEA,D,1318,16,8,0.57365,0.26092,1,2
20222023,2022030155,8476467,SEA,D,1226,13,13,0.97886,0.61517,5,5
20222023,2022030155,8476826,SEA,F,1209,15,11,0.93777,0.44988,6,3
20222023,2022030155,8477369,SEA,D,712,9,11,0.55981,0.57447,4,2
20222023,2022030155,8477416,SEA,F,967,13,7,0.86559,0.26886,6,1
20222023,2022030155,8477456,COL,F,1217,11,14,0.56212,0.59143,4,3
20222023,2022030155,8477476,COL,F,993,7,10,0.22518,0.6093,2,2
20222023,2022030155,8477492,COL,F,1402,14,15,0.5752,0.83429,4,4
20222023,2022030155,8477505,SEA,F,1026,12,5,0.38612,0.20804,1,2
20222023,2022030155,8477987,SEA,F,450,5,6,0.1149,0.30415,0,1
20222023,2022030155,8478038,COL,D,1288,10,13,0.42692,0.87845,3,5
20222023,2022030155,8478407,SEA,D,1178,18,6,0.54837,0.17456,3,1
20222023,2022030155,8478420,COL,F,1199,12,10,0.46121,0.49792,3,3
20222023,2022030155,8478466,SEA,F,341,5,6,0.12659,0.30743,0,1
20222023,2022030155,8478542,COL,F,1058,5,16,0.17904,0.64454,2,3
20222023,2022030155,8478840,SEA,D,1095,16,11,1.01807,0.4512,7,3
20222023,2022030155,8478843,COL,F,681,11,7,0.49978,0.35193,3,3
20222023,2022030155,8479293,SEA,F,802,12,10,0.40672,0.45732,1,3
20222023,2022030155,8479398,COL,D,1338,13,16,0.59004,0.7105,2,5
20222023,2022030155,8479987,SEA,F,687,11,5,0.37181,0.25849,2,3
20222023,2022030155,8480009,SEA,F,1112,13,12,0.91548,0.51059,6,4
20222023,2022030155,8481186,COL,F,730,6,11,0.33811,0.74641,1,3
20222023,2022030155,8481524,COL,D,1462,14,21,0.65127,1.13028,5,6
20222023,2022030155,8481618,COL,F,448,1,11,0.04118,0.37597,0,3
20222023,2022030155,8481789,SEA,,465,6,6,0.45226,0.32964,3,1
20222023,2022030155,8482665,SEA,F,831,11,10,0.57669,0.44193,4,2
20222023,2022030155,8483570,COL,F,236,4,5,0.26049,0.22019,1,2
20222023,2022030156,8471677,COL,D,834,5,11,0.1944,0.58323,0,3
20222023,2022030156,8471699,COL,F,584,5,9,0.29203,0.54687,1,5
20222023,2022030156,8473446,COL,D,593,9,9,0.62376,0.4896,3,5
20222023,2022030156,8474189,COL,F,759,5,8,0.2795,0.44707,2,4
20222023,2022030156,8474586,SEA,F,858,11,7,0.56301,0.34318,5,1
20222023,2022030156,8474602,SEA,D,789,7,7,0.57023,0.44761,4,2
20222023,2022030156,8475768,SEA,F,829,7,11,0.56,0.36871,2,2
20222023,2022030156,8476442,COL,F,548,7,8,0.34679,0.50997,1,5
20222023,2022030156,8476457,SEA,D,1055,7,15,0.46525,0.83375,2,4
20222023,2022030156,8476467,SEA,D,971,6,13,0.23589,0.55024,2,2
20222023,2022030156,8476826,SEA,F,821,4,15,0.19508,0.67797,2,2
20222023,2022030156,8477369,SEA,D,578,8,4,0.37728,0.31161,4,2
20222023,2022030156,8477416,SEA,F,816,4,15,0.32873,0.72036,4,3
20222023,2022030156,8477456,COL,F,845,5,7,0.2795,0.44316,2,4
20222023,2022030156,8477476,COL,F,984,14,6,0.61102,0.44803,2,4
20222023,2022030156,8477492,COL,F,1018,23,5,1.03073,0.30042,5,2
20222023,2022030156,8477505,SEA,F,808,8,9,0.48111,0.39753,3,3
20222023,2022030156,8477987,SEA,F,430,2,4,0.1475,0.24896,1,1
20222023,2022030156,8478038,COL,D,1100,15,7,0.55252,0.37376,4,3
20222023,2022030156,8478407,SEA,D,998,12,14,0.52315,0.6556,5,4
20222023,2022030156,8478420,COL,F,927,19,5,0.73078,0.30991,3,2
20222023,2022030156,8478466,SEA,F,468,4,5,0.19836,0.26078,1,1
20222023,2022030156,8478542,COL,F,807,10,6,0.53396,0.29555,4,2
20222023,2022030156,8478840,SEA,D,888,8,15,0.47892,0.50809,5,2
20222023,2022030156,8478843,COL,F,290,1,2,0.05119,0.031,0,0
20222023,2022030156,8479293,SEA,F,591,4,6,0.18887,0.38673,1,2
20222023,2022030156,8479398,COL,D,789,11,5,0.51645,0.16979,2,3
20222023,2022030156,8479987,SEA,F,543,6,10,0.27216,0.49781,1,4
20222023,2022030156,8480009,SEA,F,746,5,12,0.33264,0.55119,4,2
20222023,2022030156,8480069,COL,D,1067,14,7,0.55036,0.52936,4,4
20222023,2022030156,8481186,COL,F,657,8,10,0.43611,0.57428,2,5
20222023,2022030156,8481524,COL,D,953,14,9,0.86941,0.50498,3,4
20222023,2022030156,8481618,COL,F,374,4,3,0.31755,0.03491,2,0
20222023,2022030156,8481789,SEA,,456,7,2,0.20695,0.14089,4,1
20222023,2022030156,8482665,SEA,F,847,10,6,0.50167,0.36624,5,2
20222023,2022030156,8483570,COL,F,300,1,3,0.05119,0.03491,0,0
20222023,2022030157,8471677,COL,D,826,5,9,0.27245,0.42565,1,3
20222023,2022030157,8473446,COL,D,711,10,7,0.40883,0.30992,1,0
20222023,2022030157,8474189,COL,F,1038,6,9,0.28399,0.36093,2,1
20222023,2022030157,8474586,SEA,F,841,10,6,0.44315,0.33127,2,2
20222023,2022030157,8474602,SEA,D,736,9,13,0.32027,0.69196,2,2
20222023,2022030157,8475768,SEA,F,1027,7,21,0.26676,1.16461,1,8
20222023,2022030157,8476442,COL,F,711,9,9,0.50316,0.34906,2,4
20222023,2022030157,8476457,SEA,D,1618,19,15,0.80045,0.65077,5,3
20222023,2022030157,8476467,SEA,D,1419,14,18,0.73708,0.96702,2,8
20222023,2022030157,8476779,COL,D,41,0,0,0.0,0.0,0,0
20222023,2022030157,8476826,SEA,F,1197,17,11,0.75689,0.27174,3,1
20222023,2022030157,8477369,SEA,D,812,11,13,0.34616,0.69196,3,2
20222023,2022030157,8477416,SEA,F,1111,15,10,0.73928,0.23997,3,1
20222023,2022030157,8477456,COL,F,1362,7,16,0.3195,0.80039,1,3
20222023,2022030157,8477476,COL,F,1326,25,14,1.20025,0.70139,7,2
20222023,2022030157,8477492,COL,F,1491,26,16,1.28942,0.6604,8,2
20222023,2022030157,8477505,SEA,F,1181,9,23,0.30352,1.45789,1,9
20222023,2022030157,8477987,SEA,F,544,4,6,0.14704,0.17924,2,1
20222023,2022030157,8478038,COL,D,1380,26,15,1.40843,0.53049,10,3
20222023,2022030157,8478407,SEA,D,1364,14,17,0.56195,0.69128,3,3
20222023,2022030157,8478420,COL,F,1346,25,15,1.21559,0.54444,8,1
20222023,2022030157,8478466,SEA,F,397,6,6,0.16923,0.21451,2,1
20222023,2022030157,8478542,COL,F,1308,8,13,0.392,0.55684,2,2
20222023,2022030157,8478840,SEA,D,1131,12,18,0.56897,0.94399,1,8
20222023,2022030157,8478843,COL,F,362,6,3,0.17217,0.08215,1,0
20222023,2022030157,8479293,SEA,F,826,9,18,0.34727,1.04932,2,9
20222023,2022030157,8479398,COL,D,1099,14,11,0.58879,0.38215,2,0
20222023,2022030157,8479987,SEA,F,761,10,15,0.29858,0.82064,1,3
20222023,2022030157,8480009,SEA,F,1063,14,10,0.74931,0.23997,3,1
20222023,2022030157,8480069,COL,D,1559,27,19,1.39492,0.84926,9,5
20222023,2022030157,8481186,COL,F,758,9,10,0.61123,0.51177,3,5
20222023,2022030157,8481524,COL,D,1304,12,17,0.56356,0.64716,3,4
20222023,2022030157,8481618,COL,F,822,14,13,0.66071,0.54682,3,5
20222023,2022030157,8481789,SEA,,705,9,7,0.33449,0.54492,2,1
20222023,2022030157,8482665,SEA,F,899,11,8,0.46575,0.44139,2,2
20222023,2022030157,8483570,COL,F,342,6,4,0.30745,0.09733,2,0
20222023,2022030161,8470600,DAL,D,1084,20,12,0.57002,0.75569,0,3
20222023,2022030161,8470794,DAL,F,491,8,11,0.33549,0.85211,2,3
20222023,2022030161,8471817,MIN,F,438,6,5,0.36027,0.11022,2,1
20222023,2022030161,8473994,DAL,F,780,5,11,0.09324,0.25661,0,1
20222023,2022030161,8474149,DAL,F,793,6,10,0.1094,0.24711,0,1
20222023,2022030161,8474679,MIN,F,706,11,14,0.71768,0.55193,3,1
20222023,2022030161,8474716,MIN,D,951,7,11,0.30498,0.4519,1,1
20222023,2022030161,8475149,MIN,F,650,7,8,0.24787,0.31208,2,2
20222023,2022030161,8475220,MIN,F,645,8,13,0.77156,0.52685,3,1
20222023,2022030161,8475692,MIN,F,733,11,3,0.51592,0.059,2,0
20222023,2022030161,8475750,MIN,D,648,10,4,0.72748,0.06385,3,0
20222023,2022030161,8475794,DAL,F,714,9,10,0.39148,0.89129,1,6
20222023,2022030161,8475825,DAL,D,761,5,15,0.18107,0.64877,1,4
20222023,2022030161,8476463,MIN,D,1100,17,15,0.93371,0.52754,6,3
20222023,2022030161,8476525,DAL,D,769,7,9,0.33625,0.6569,3,3
20222023,2022030161,8476822,DAL,F,410,4,1,0.13212,0.01427,2,0
20222023,2022030161,8476856,MIN,D,1152,18,17,0.98532,0.53338,6,3
20222023,2022030161,8476889,DAL,F,553,5,5,0.10198,0.11022,1,0
20222023,2022030161,8476902,DAL,D,728,4,11,0.11703,0.58442,1,5
20222023,2022030161,8477451,MIN,F,817,13,4,0.55286,0.07137,2,0
20222023,2022030161,8477503,DAL,F,537,4,9,0.13489,0.58381,0,3
20222023,2022030161,8477919,MIN,F,751,12,9,0.66443,0.32956,5,2
20222023,2022030161,8478136,MIN,D,982,9,12,0.40017,0.44661,1,1
20222023,2022030161,8478449,DAL,F,938,15,15,0.61983,1.13701,2,5
20222023,2022030161,8478864,MIN,F,802,12,4,0.71355,0.07137,3,0
20222023,2022030161,8478975,DAL,F,723,6,9,0.17665,0.56102,0,3
20222023,2022030161,8479351,MIN,F,678,9,13,0.81514,0.52685,3,1
20222023,2022030161,8479520,MIN,F,518,6,5,0.38226,0.10262,2,1
20222023,2022030161,8480027,DAL,F,925,17,12,0.70789,1.15797,3,6
20222023,2022030161,8480036,DAL,D,1266,19,14,0.52068,0.8108,0,3
20222023,2022030161,8480848,DAL,F,595,8,3,0.20163,0.03856,1,0
20222023,2022030161,8480980,MIN,F,548,4,6,0.0824,0.1277,0,1
20222023,2022030161,8481557,MIN,F,816,9,9,0.36014,0.32445,3,2
20222023,2022030161,8481581,DAL,,786,7,11,0.35095,0.66614,3,2
20222023,2022030161,8482122,MIN,,626,11,3,0.77106,0.05272,3,0
20222023,2022030161,8482740,DAL,F,781,6,11,0.1094,0.31608,0,2
20222023,2022030162,8470600,DAL,D,863,13,9,0.62824,0.59783,3,4
20222023,2022030162,8471817,MIN,F,393,2,4,0.2336,0.14191,2,1
20222023,2022030162,8473994,DAL,F,815,12,13,0.94994,0.97104,5,7
20222023,2022030162,8474149,DAL,F,786,14,13,1.3782,0.93681,7,7
20222023,2022030162,8474679,MIN,F,704,7,7,0.1851,0.66401,2,4
20222023,2022030162,8474716,MIN,D,942,8,11,0.80288,0.9553,5,5
20222023,2022030162,8475149,MIN,F,848,7,8,0.4912,0.88534,4,4
20222023,2022030162,8475220,MIN,F,479,6,7,0.4843,0.84679,4,4
20222023,2022030162,8475692,MIN,F,1004,9,12,0.71615,1.02276,4,4
20222023,2022030162,8475750,MIN,D,773,5,9,0.12334,0.62907,1,3
20222023,2022030162,8475794,DAL,F,721,9,6,0.67243,0.39429,3,3
20222023,2022030162,8475825,DAL,D,808,5,8,0.45502,0.41455,3,4
20222023,2022030162,8476463,MIN,D,914,11,10,0.68737,1.02336,6,4
20222023,2022030162,8476525,DAL,D,804,15,8,1.43992,0.40314,7,3
20222023,2022030162,8476822,DAL,F,384,0,1,0.0,0.01065,0,0
20222023,2022030162,8476856,MIN,D,921,10,12,0.67672,1.14156,6,5
20222023,2022030162,8476889,DAL,F,580,3,3,0.11015,0.02598,1,0
20222023,2022030162,8476897,MIN,F,591,7,5,0.1851,0.37837,2,3
20222023,2022030162,8476902,DAL,D,829,4,8,0.43704,0.60714,3,5
20222023,2022030162,8477503,DAL,F,562,6,3,0.34743,0.18669,2,1
20222023,2022030162,8477919,MIN,F,679,7,5,0.1851,0.37837,2,3
20222023,2022030162,8478136,MIN,D,762,7,10,0.78675,0.74563,5,5
20222023,2022030162,8478449,DAL,F,699,8,6,0.65445,0.39429,3,3
20222023,2022030162,8478864,MIN,F,830,8,8,0.69418,0.56996,4,2
20222023,2022030162,8478975,DAL,F,561,5,1,0.49043,0.16901,2,1
20222023,2022030162,8479351,MIN,F,671,8,9,0.68314,0.57451,4,2
20222023,2022030162,8479520,MIN,F,529,3,6,0.25924,0.27875,2,2
20222023,2022030162,8480027,DAL,F,723,9,5,0.84754,0.37232,4,3
20222023,2022030162,8480036,DAL,D,994,10,10,0.68854,0.94563,2,7
20222023,2022030162,8480848,DAL,F,718,5,3,0.33901,0.19579,2,1
20222023,2022030162,8480980,MIN,F,557,4,6,0.32383,0.27875,3,2
20222023,2022030162,8481557,MIN,F,806,6,10,0.42661,1.17466,3,5
20222023,2022030162,8481581,DAL,,885,11,7,1.14736,0.35468,6,2
20222023,2022030162,8481641,DAL,F,569,3,3,0.11015,0.07444,1,1
20222023,2022030162,8482122,MIN,,726,5,6,0.12334,0.3012,1,2
20222023,2022030162,8482740,DAL,F,743,13,13,1.29445,1.01367,6,8
20222023,2022030163,8470600,DAL,D,766,11,8,0.21178,0.55593,1,4
20222023,2022030163,8471817,MIN,F,490,3,5,0.14343,0.14878,0,1
20222023,2022030163,8473994,DAL,F,892,4,7,0.06814,0.395,0,1
20222023,2022030163,8474149,DAL,F,751,5,4,0.08411,0.31237,0,1
20222023,2022030163,8474679,MIN,F,710,9,10,0.43959,0.37665,2,2
20222023,2022030163,8474716,MIN,D,1105,9,8,0.57764,0.37074,3,2
20222023,2022030163,8475149,MIN,F,688,3,3,0.31645,0.09041,2,1
20222023,2022030163,8475220,MIN,F,840,10,7,0.63361,0.27364,3,1
20222023,2022030163,8475692,MIN,F,794,7,6,0.50423,0.14615,4,1
20222023,2022030163,8475794,DAL,F,774,6,6,0.19315,0.41314,0,2
20222023,2022030163,8475825,DAL,D,913,4,5,0.17996,0.37792,1,3
20222023,2022030163,8475906,MIN,D,720,8,6,0.59431,0.11239,4,1
20222023,2022030163,8476463,MIN,D,943,8,8,0.54138,0.21337,4,1
20222023,2022030163,8476525,DAL,D,760,5,9,0.16301,0.61064,1,3
20222023,2022030163,8476822,DAL,F,463,5,3,0.14465,0.29716,1,2
20222023,2022030163,8476856,MIN,D,844,8,8,0.72142,0.20577,4,1
20222023,2022030163,8476889,DAL,F,416,5,4,0.14465,0.38789,1,3
20222023,2022030163,8476902,DAL,D,883,6,6,0.28521,0.4321,2,3
20222023,2022030163,8477451,MIN,F,738,7,6,0.57749,0.07868,4,0
20222023,2022030163,8477503,DAL,F,664,6,8,0.18882,0.64604,2,5
20222023,2022030163,8477919,MIN,F,846,7,9,0.24131,0.36075,1,2
20222023,2022030163,8478136,MIN,D,1022,8,9,0.55276,0.37454,2,2
20222023,2022030163,8478449,DAL,F,835,6,5,0.26646,0.27469,1,1
20222023,2022030163,8478493,MIN,F,19,0,0,0.0,0.0,0,0
20222023,2022030163,8478864,MIN,F,1029,7,6,0.50423,0.11998,4,1
20222023,2022030163,8478975,DAL,F,607,7,8,0.20606,0.64604,2,5
20222023,2022030163,8479520,MIN,F,606,8,8,0.7598,0.22318,4,1
20222023,2022030163,8480027,DAL,F,826,8,5,0.29869,0.30494,1,1
20222023,2022030163,8480036,DAL,D,1168,13,10,0.34136,0.67259,2,4
20222023,2022030163,8480848,DAL,F,782,7,10,0.27255,0.5448,3,4
20222023,2022030163,8480980,MIN,F,548,7,6,0.64163,0.19227,3,1
20222023,2022030163,8481557,MIN,F,812,5,3,0.37302,0.09041,3,1
20222023,2022030163,8481581,DAL,,718,7,10,0.21928,0.75806,1,3
20222023,2022030163,8481641,DAL,F,408,4,4,0.13325,0.38789,1,3
20222023,2022030163,8482122,MIN,,587,6,7,0.3958,0.12379,3,1
20222023,2022030163,8482740,DAL,F,806,6,7,0.10037,0.395,0,1
20222023,2022030164,8470600,DAL,D,1078,13,15,0.70803,0.5523,4,2
20222023,2022030164,8471817,MIN,F,456,5,4,0.10019,0.13726,1,0
20222023,2022030164,8473994,DAL,F,845,10,12,0.55525,0.81992,4,3
20222023,2022030164,8474149,DAL,F,730,12,10,0.82888,0.79654,6,3
20222023,2022030164,8474679,MIN,F,613,10,6,0.7543,0.37422,3,3
20222023,2022030164,8474716,MIN,D,979,11,8,0.78341,0.37889,4,3
20222023,2022030164,8475149,MIN,F,824,2,5,0.10528,0.12255,1,0
20222023,2022030164,8475220,MIN,F,677,11,6,0.92908,0.35626,4,2
20222023,2022030164,8475692,MIN,F,1186,16,13,0.76321,1.01029,3,6
20222023,2022030164,8475794,DAL,F,795,7,13,0.28607,0.57563,0,3
20222023,2022030164,8475825,DAL,D,1029,11,11,0.75515,0.50595,5,3
20222023,2022030164,8475906,MIN,D,938,8,12,0.66419,0.91731,4,4
20222023,2022030164,8476463,MIN,D,1128,16,12,0.52134,0.54296,2,2
20222023,2022030164,8476822,DAL,F,732,3,3,0.08464,0.07206,0,1
20222023,2022030164,8476856,MIN,D,1119,18,13,0.72322,0.66967,3,3
20222023,2022030164,8476889,DAL,F,741,3,3,0.10586,0.07206,0,1
20222023,2022030164,8476902,DAL,D,1104,8,15,0.54226,1.09475,4,6
20222023,2022030164,8477451,MIN,F,851,15,13,0.75783,0.93262,3,6
20222023,2022030164,8477503,DAL,F,708,10,10,0.45416,0.56329,1,3
20222023,2022030164,8477810,DAL,D,592,8,6,0.37598,0.15095,0,1
20222023,2022030164,8477919,MIN,F,766,11,8,0.88635,0.47064,4,3
20222023,2022030164,8478136,MIN,D,895,11,7,0.78341,0.27728,4,2
20222023,2022030164,8478449,DAL,F,740,7,11,0.39033,0.53246,2,3
20222023,2022030164,8478864,MIN,F,1300,19,14,1.01079,0.95035,5,5
20222023,2022030164,8478975,DAL,F,654,10,10,0.58555,0.56329,2,3
20222023,2022030164,8479351,MIN,F,590,4,7,0.18454,0.24501,2,0
20222023,2022030164,8479520,MIN,F,486,4,6,0.09857,0.34227,1,1
20222023,2022030164,8480027,DAL,F,771,9,11,0.56358,0.52023,2,3
20222023,2022030164,8480036,DAL,D,1386,13,17,0.70803,1.25885,4,6
20222023,2022030164,8480848,DAL,F,742,10,9,0.61447,0.52471,3,3
20222023,2022030164,8480980,MIN,F,483,3,6,0.08488,0.34227,1,1
20222023,2022030164,8481557,MIN,F,977,5,9,0.2318,0.33535,2,1
20222023,2022030164,8481581,DAL,,723,11,6,0.64289,0.37508,2,2
20222023,2022030164,8481641,DAL,F,541,3,2,0.10586,0.0655,0,1
20222023,2022030164,8482122,MIN,,696,6,11,0.46231,0.7906,3,3
20222023,2022030164,8482740,DAL,F,795,12,11,0.88881,0.80113,6,3
20222023,2022030165,8470600,DAL,D,899,6,9,0.35267,0.35623,3,3
20222023,2022030165,8471817,MIN,F,356,4,2,0.10764,0.09048,1,0
20222023,2022030165,8473994,DAL,F,496,3,8,0.1182,0.18754,1,2
20222023,2022030165,8474149,DAL,F,470,5,8,0.19796,0.18754,2,2
20222023,2022030165,8474679,MIN,F,607,3,4,0.19898,0.5355,1,1
20222023,2022030165,8474716,MIN,D,735,9,9,0.27264,0.45314,1,2
20222023,2022030165,8475149,MIN,F,857,11,1,0.42477,0.07238,1,0
20222023,2022030165,8475220,MIN,F,27,0,0,0.0,0.0,0,0
20222023,2022030165,8475692,MIN,F,783,10,8,0.60943,0.27606,4,3
20222023,2022030165,8475794,DAL,F,679,7,3,0.6696,0.17432,1,0
20222023,2022030165,8475825,DAL,D,830,4,12,0.42698,0.44381,0,1
20222023,2022030165,8475906,MIN,D,710,9,0,0.63625,0.0,4,0
20222023,2022030165,8476463,MIN,D,986,10,5,0.3188,0.53334,1,1
20222023,2022030165,8476822,DAL,F,505,0,6,0.0,0.31186,0,2
20222023,2022030165,8476856,MIN,D,964,10,3,0.38793,0.10994,2,2
20222023,2022030165,8476889,DAL,F,556,2,8,0.02111,0.37411,0,2
20222023,2022030165,8476902,DAL,D,819,2,11,0.00718,0.42523,0,1
20222023,2022030165,8477451,MIN,F,663,9,6,0.36188,0.28679,2,2
20222023,2022030165,8477503,DAL,F,626,1,10,0.00509,0.61064,0,3
20222023,2022030165,8477810,DAL,D,571,4,7,0.1893,0.53924,1,4
20222023,2022030165,8477919,MIN,F,607,10,4,0.39667,0.51039,2,0
20222023,2022030165,8478136,MIN,D,791,11,11,0.43692,0.45296,3,3
20222023,2022030165,8478449,DAL,F,620,7,3,0.77436,0.2011,2,1
20222023,2022030165,8478864,MIN,F,1101,13,8,0.80756,0.35947,5,3
20222023,2022030165,8478975,DAL,F,693,6,10,0.29384,0.67977,3,4
20222023,2022030165,8479351,MIN,F,579,6,5,0.48994,0.20145,3,2
20222023,2022030165,8479520,MIN,F,417,5,1,0.23736,0.0016,2,0
20222023,2022030165,8480027,DAL,F,637,4,3,0.55144,0.2011,0,1
20222023,2022030165,8480036,DAL,D,1057,7,9,0.36831,0.30263,3,2
20222023,2022030165,8480848,DAL,F,708,3,10,0.13096,0.59338,1,3
20222023,2022030165,8480980,MIN,F,367,4,1,0.10764,0.0016,1,0
20222023,2022030165,8481557,MIN,F,853,12,5,0.3783,0.61805,2,1
20222023,2022030165,8481581,DAL,,695,8,10,0.62645,0.67964,1,5
20222023,2022030165,8481641,DAL,F,530,1,9,0.00547,0.39269,0,2
20222023,2022030165,8482122,MIN,,618,9,2,0.69424,0.4198,5,0
20222023,2022030165,8482740,DAL,F,558,5,9,0.18403,0.20612,2,2
20222023,2022030166,8470600,DAL,D,1270,14,12,0.57202,1.14381,3,7
20222023,2022030166,8471817,MIN,F,429,4,5,0.18527,0.14229,1,2
20222023,2022030166,8473994,DAL,F,758,10,8,0.65323,0.66754,4,4
20222023,2022030166,8474149,DAL,F,889,13,12,1.23392,0.87645,6,5
20222023,2022030166,8474679,MIN,F,770,6,15,0.29607,1.18089,2,7
20222023,2022030166,8474716,MIN,D,1156,11,9,0.25682,0.63172,3,3
20222023,2022030166,8475149,MIN,F,929,10,8,0.5479,0.9564,2,4
20222023,2022030166,8475220,MIN,F,832,7,15,0.08364,0.92119,0,5
20222023,2022030166,8475692,MIN,F,1023,14,8,1.08431,0.63491,8,4
20222023,2022030166,8475794,DAL,F,914,14,7,0.93222,0.09974,6,0
20222023,2022030166,8475825,DAL,D,952,9,16,0.7191,0.50945,4,2
20222023,2022030166,8475906,MIN,D,756,12,8,0.65698,0.57874,3,4
20222023,2022030166,8476463,MIN,D,1196,13,16,0.9413,1.11409,4,7
20222023,2022030166,8476822,DAL,F,590,4,7,0.0769,0.44248,1,3
20222023,2022030166,8476856,MIN,D,793,7,16,0.31778,1.1106,1,7
20222023,2022030166,8476889,DAL,F,722,4,10,0.0769,0.53937,1,3
20222023,2022030166,8476902,DAL,D,973,9,16,0.7191,0.50945,4,2
20222023,2022030166,8477451,MIN,F,907,11,9,1.00794,0.78894,5,3
20222023,2022030166,8477503,DAL,F,657,8,11,0.97965,0.58049,5,4
20222023,2022030166,8477810,DAL,D,652,11,8,1.0045,0.25669,6,2
20222023,2022030166,8477919,MIN,F,847,11,10,0.4109,0.92627,2,5
20222023,2022030166,8478136,MIN,D,1094,12,11,0.44471,0.95454,4,5
20222023,2022030166,8478449,DAL,F,815,13,6,0.92147,0.08798,6,0
20222023,2022030166,8478864,MIN,F,1015,14,7,1.13774,0.75693,7,3
20222023,2022030166,8478975,DAL,F,754,10,11,1.17663,0.59272,5,4
20222023,2022030166,8479351,MIN,F,768,7,13,0.0908,0.79876,0,5
20222023,2022030166,8479520,MIN,F,472,4,7,0.18527,0.29659,1,3
20222023,2022030166,8480027,DAL,F,898,12,9,0.78384,0.12335,6,0
20222023,2022030166,8480036,DAL,D,1486,18,12,1.18332,1.14381,6,7
20222023,2022030166,8480848,DAL,F,631,6,10,0.55572,0.49128,3,3
20222023,2022030166,8480980,MIN,F,453,4,6,0.18527,0.24982,1,2
20222023,2022030166,8481557,MIN,F,956,16,9,0.51474,0.85145,4,5
20222023,2022030166,8481581,DAL,,709,15,8,1.50916,0.25669,9,2
20222023,2022030166,8481641,DAL,F,633,4,8,0.0769,0.52634,1,3
20222023,2022030166,8482122,MIN,,927,17,13,1.20231,1.09967,7,6
20222023,2022030166,8482740,DAL,F,820,11,9,0.81922,0.70211,4,4
20222023,2022030171,8471218,WPG,F,577,6,2,0.43055,0.13085,3,1
20222023,2022030171,8473548,VGK,F,611,8,9,0.18136,0.69272,0,4
20222023,2022030171,8474166,VGK,D,989,11,14,0.41721,1.03787,4,6
20222023,2022030171,8474565,VGK,D,1015,12,14,0.48363,1.03787,4,6
20222023,2022030171,8475188,VGK,D,903,7,6,0.29788,0.23106,1,1
20222023,2022030171,8475191,VGK,F,706,11,5,0.41878,0.42899,2,1
20222023,2022030171,8475455,WPG,D,927,11,11,0.70488,0.46547,3,5
20222023,2022030171,8475799,WPG,F,650,6,5,0.37002,0.31729,3,2
20222023,2022030171,8475913,VGK,F,972,6,15,0.22728,0.82485,1,4
20222023,2022030171,8476331,WPG,D,1195,11,11,0.63661,0.46949,3,1
20222023,2022030171,8476392,WPG,F,800,9,5,0.44807,0.19685,2,1
20222023,2022030171,8476448,VGK,F,669,12,4,0.48194,0.34027,3,1
20222023,2022030171,8476460,WPG,F,911,16,12,1.11186,0.34688,6,3
20222023,2022030171,8476480,WPG,F,633,5,4,0.33293,0.23474,3,1
20222023,2022030171,8476539,VGK,F,819,7,7,0.39759,0.34049,4,2
20222023,2022030171,8476905,VGK,F,920,6,13,0.16936,0.66675,1,4
20222023,2022030171,8477220,WPG,D,782,15,2,0.77546,0.01406,5,0
20222023,2022030171,8477357,WPG,F,428,2,3,0.0108,0.24841,0,2
20222023,2022030171,8477447,VGK,D,876,5,5,0.28342,0.1721,1,1
20222023,2022030171,8477504,WPG,D,1119,12,11,0.77455,0.33355,5,1
20222023,2022030171,8477964,VGK,F,764,2,12,0.14698,0.69306,2,4
20222023,2022030171,8478020,VGK,F,536,3,7,0.13901,0.38866,0,3
20222023,2022030171,8478398,WPG,F,955,19,11,1.28861,0.48356,6,4
20222023,2022030171,8478403,VGK,F,948,5,12,0.23724,0.64705,2,4
20222023,2022030171,8478434,VGK,F,421,2,5,0.1381,0.25193,1,1
20222023,2022030171,8478462,VGK,F,633,2,11,0.1381,0.66387,1,3
20222023,2022030171,8478831,WPG,F,569,3,1,0.05376,0.01472,0,0
20222023,2022030171,8478891,WPG,F,919,13,7,0.56209,0.36933,2,1
20222023,2022030171,8479353,VGK,F,452,5,8,0.15725,0.39133,1,2
20222023,2022030171,8479400,WPG,F,925,19,12,1.27523,0.34688,6,3
20222023,2022030171,8479980,VGK,D,902,5,15,0.22924,0.82988,1,4
20222023,2022030171,8480049,WPG,D,708,13,1,0.63056,0.00937,3,0
20222023,2022030171,8480145,WPG,D,886,10,10,0.69792,0.59672,3,5
20222023,2022030171,8480289,WPG,F,534,8,4,0.42938,0.1143,2,0
20222023,2022030171,8480727,VGK,D,883,6,18,0.17728,0.9112,1,4
20222023,2022030171,8481019,WPG,F,479,2,3,0.01667,0.02918,0,0
20222023,2022030172,8471218,WPG,F,750,8,8,0.59842,0.5753,1,3
20222023,2022030172,8473548,VGK,F,653,9,9,0.63842,0.85461,6,4
20222023,2022030172,8474166,VGK,D,889,14,13,0.75506,0.86699,5,4
20222023,2022030172,8474565,VGK,D,1160,21,15,1.29754,1.05627,9,4
20222023,2022030172,8475188,VGK,D,925,7,17,0.55593,1.19326,3,6
20222023,2022030172,8475191,VGK,F,642,10,7,0.75358,0.56579,6,2
20222023,2022030172,8475455,WPG,D,954,12,15,0.9503,1.12082,3,7
20222023,2022030172,8475799,WPG,F,874,10,13,0.69029,0.89208,1,5
20222023,2022030172,8475913,VGK,F,794,12,11,0.95208,0.60717,5,1
20222023,2022030172,8476331,WPG,D,1117,15,14,0.64794,1.04951,5,6
20222023,2022030172,8476392,WPG,F,648,8,9,0.33136,0.53799,2,5
20222023,2022030172,8476448,VGK,F,724,12,9,0.9252,0.85461,7,4
20222023,2022030172,8476460,WPG,F,949,19,18,1.51376,1.17156,8,7
20222023,2022030172,8476480,WPG,F,871,9,12,0.66503,0.73391,1,3
20222023,2022030172,8476539,VGK,F,816,12,10,0.46578,0.74477,2,4
20222023,2022030172,8476905,VGK,F,724,12,8,0.94061,0.32139,5,1
20222023,2022030172,8477220,WPG,D,848,6,12,0.25999,0.63097,1,4
20222023,2022030172,8477357,WPG,F,537,3,4,0.0994,0.25024,1,1
20222023,2022030172,8477447,VGK,D,919,14,15,1.05446,1.23975,6,6
20222023,2022030172,8477504,WPG,D,1167,21,13,1.26397,0.63363,8,3
20222023,2022030172,8477964,VGK,F,697,6,11,0.25921,0.62076,2,2
20222023,2022030172,8478020,VGK,F,840,10,7,0.33906,0.31135,1,1
20222023,2022030172,8478398,WPG,F,846,17,13,1.42189,0.81058,8,5
20222023,2022030172,8478403,VGK,F,896,10,14,0.42952,1.09476,2,4
20222023,2022030172,8478434,VGK,F,604,5,7,0.25335,0.31113,2,3
20222023,2022030172,8478462,VGK,F,655,8,6,0.4539,0.24692,3,3
20222023,2022030172,8478831,WPG,F,579,3,4,0.0994,0.25024,1,1
20222023,2022030172,8478891,WPG,F,654,7,8,0.3061,0.31253,2,4
20222023,2022030172,8479353,VGK,F,708,9,12,0.56684,1.01978,4,7
20222023,2022030172,8479400,WPG,F,825,17,13,1.42189,0.78749,8,6
20222023,2022030172,8479980,VGK,D,959,12,7,0.55109,0.36048,5,2
20222023,2022030172,8480049,WPG,D,632,5,7,0.46343,0.27711,2,3
20222023,2022030172,8480145,WPG,D,1047,15,15,1.44973,0.90722,5,7
20222023,2022030172,8480289,WPG,F,532,7,6,0.3061,0.2618,2,2
20222023,2022030172,8480727,VGK,D,830,7,7,0.35652,0.31861,2,2
20222023,2022030172,8481019,WPG,F,522,3,6,0.0994,0.34517,1,3
20222023,2022030173,8471218,WPG,F,937,8,12,0.3027,0.44751,3,1
20222023,2022030173,8473548,VGK,F,468,6,7,0.37176,0.32338,3,3
20222023,2022030173,8474166,VGK,D,970,12,9,0.47743,0.43042,1,3
20222023,2022030173,8474565,VGK,D,1077,13,10,0.73319,0.47954,3,3
20222023,2022030173,8475188,VGK,D,907,16,5,0.92949,0.16235,7,1
20222023,2022030173,8475191,VGK,F,744,6,9,0.29036,0.45194,2,4
20222023,2022030173,8475455,WPG,D,1064,9,9,0.40375,0.50206,3,3
20222023,2022030173,8475799,WPG,F,712,9,9,0.36105,0.42077,2,3
20222023,2022030173,8475913,VGK,F,708,9,3,0.46936,0.17535,3,1
20222023,2022030173,8476331,WPG,D,1169,14,18,0.67963,1.03959,7,7
20222023,2022030173,8476392,WPG,F,679,6,6,0.32457,0.31493,2,1
20222023,2022030173,8476448,VGK,F,687,12,7,0.77115,0.32338,6,3
20222023,2022030173,8476460,WPG,F,1089,5,14,0.19321,0.72618,2,3
20222023,2022030173,8476480,WPG,F,840,8,12,0.3027,0.44751,3,1
20222023,2022030173,8476539,VGK,F,812,14,6,0.63474,0.22583,3,2
20222023,2022030173,8476905,VGK,F,771,9,4,0.46936,0.17748,3,1
20222023,2022030173,8477220,WPG,D,981,9,20,0.31639,1.09664,2,7
20222023,2022030173,8477357,WPG,F,258,2,4,0.04408,0.18446,0,2
20222023,2022030173,8477447,VGK,D,945,17,6,1.0425,0.17602,8,1
20222023,2022030173,8477504,WPG,D,54,0,0,0.0,0.0,0,0
20222023,2022030173,8477964,VGK,F,569,12,6,0.90972,0.28241,7,2
20222023,2022030173,8478020,VGK,F,696,10,6,0.26743,0.22583,0,2
20222023,2022030173,8478398,WPG,F,998,7,11,0.32349,0.58739,2,4
20222023,2022030173,8478403,VGK,F,840,12,6,0.49739,0.18019,2,1
20222023,2022030173,8478434,VGK,F,516,7,8,0.44144,0.30737,3,2
20222023,2022030173,8478462,VGK,F,663,6,7,0.29324,0.35088,2,3
20222023,2022030173,8478831,WPG,F,323,2,4,0.04408,0.18446,0,2
20222023,2022030173,8478891,WPG,F,644,7,8,0.36166,0.54974,3,4
20222023,2022030173,8479353,VGK,F,685,8,3,0.39466,0.07175,2,0
20222023,2022030173,8479400,WPG,F,955,6,13,0.30982,0.7393,2,6
20222023,2022030173,8479980,VGK,D,774,9,9,0.42945,0.42549,3,4
20222023,2022030173,8480049,WPG,D,783,8,13,0.34063,0.5654,3,4
20222023,2022030173,8480145,WPG,D,1291,8,16,0.32346,0.92072,1,5
20222023,2022030173,8480289,WPG,F,664,8,9,0.37294,0.48824,3,3
20222023,2022030173,8480727,VGK,D,780,7,9,0.26168,0.39004,2,4
20222023,2022030173,8481019,WPG,F,273,4,7,0.15549,0.46945,2,4
20222023,2022030174,8471218,WPG,F,1025,9,5,0.35027,0.3488,3,3
20222023,2022030174,8473548,VGK,F,481,5,6,0.55448,0.34849,5,2
20222023,2022030174,8474166,VGK,D,1022,11,14,0.54332,0.53359,3,4
20222023,2022030174,8474565,VGK,D,1208,13,14,0.70005,0.52535,4,4
20222023,2022030174,8475188,VGK,D,1131,8,10,0.60754,0.62605,5,2
20222023,2022030174,8475191,VGK,F,756,5,7,0.42853,0.36089,4,2
20222023,2022030174,8475455,WPG,D,1313,14,11,0.71917,0.53277,5,3
20222023,2022030174,8475799,WPG,F,1047,12,10,0.80402,0.42363,4,2
20222023,2022030174,8475913,VGK,F,973,8,10,0.55457,0.3167,3,2
20222023,2022030174,8476331,WPG,D,1279,13,11,0.50834,0.69503,3,5
20222023,2022030174,8476392,WPG,F,935,15,9,0.5637,0.50398,4,4
20222023,2022030174,8476448,VGK,F,656,5,5,0.55448,0.31791,5,2
20222023,2022030174,8476460,WPG,F,99,1,0,0.14332,0.0,1,0
20222023,2022030174,8476480,WPG,F,868,3,8,0.24148,0.50755,3,4
20222023,2022030174,8476539,VGK,F,951,7,13,0.35411,0.75193,3,5
20222023,2022030174,8476905,VGK,F,933,8,10,0.48927,0.3167,3,2
20222023,2022030174,8477220,WPG,D,1158,17,12,0.8458,0.64154,6,5
20222023,2022030174,8477357,WPG,F,262,1,6,0.0193,0.31057,0,2
20222023,2022030174,8477447,VGK,D,1141,10,9,0.76101,0.60246,6,3
20222023,2022030174,8477964,VGK,F,735,10,10,0.36243,0.52444,2,3
20222023,2022030174,8478020,VGK,F,804,7,10,0.22382,0.57367,2,4
20222023,2022030174,8478398,WPG,F,1164,15,12,0.89727,0.44391,4,2
20222023,2022030174,8478403,VGK,F,1145,11,14,0.36706,0.78251,2,5
20222023,2022030174,8478434,VGK,F,646,10,7,0.25411,0.34618,1,2
20222023,2022030174,8478462,VGK,F,664,8,7,0.3545,0.34618,2,2
20222023,2022030174,8478831,WPG,F,928,9,10,0.35663,0.53443,3,4
20222023,2022030174,8478891,WPG,F,937,15,9,0.60901,0.50398,4,4
20222023,2022030174,8479353,VGK,F,839,9,9,0.44324,0.3043,2,2
20222023,2022030174,8479378,WPG,D,521,4,8,0.28697,0.58237,2,5
20222023,2022030174,8479400,WPG,F,1092,11,11,0.75273,0.57577,4,3
20222023,2022030174,8479536,WPG,F,277,1,3,0.0193,0.1209,0,1
20222023,2022030174,8479980,VGK,D,807,7,13,0.12592,0.63549,1,4
20222023,2022030174,8480049,WPG,D,737,6,7,0.22737,0.17098,1,1
20222023,2022030174,8480145,WPG,D,1316,18,13,0.93895,0.59931,5,3
20222023,2022030174,8480289,WPG,F,804,16,5,0.53287,0.43938,3,4
20222023,2022030174,8480727,VGK,D,892,8,12,0.25646,0.60366,2,5
20222023,2022030175,8471218,WPG,F,934,7,6,0.27168,0.22508,2,2
20222023,2022030175,8474166,VGK,D,1167,9,13,0.63714,0.4024,4,4
20222023,2022030175,8474565,VGK,D,1279,8,12,0.63531,0.39512,4,4
20222023,2022030175,8475191,VGK,F,931,8,10,0.31173,0.53688,2,4
20222023,2022030175,8475455,WPG,D,1094,12,8,0.54167,0.35392,5,2
20222023,2022030175,8475799,WPG,F,862,7,6,0.21026,0.45942,2,2
20222023,2022030175,8475913,VGK,F,1073,3,8,0.1946,0.23194,2,1
20222023,2022030175,8476331,WPG,D,1002,9,13,0.5114,1.05414,2,7
20222023,2022030175,8476392,WPG,F,939,7,3,0.54692,0.28528,3,2
20222023,2022030175,8476448,VGK,F,857,5,8,0.20991,0.45833,2,3
20222023,2022030175,8476480,WPG,F,686,8,5,0.10926,0.19411,0,1
20222023,2022030175,8476539,VGK,F,712,11,5,1.06231,0.15135,9,1
20222023,2022030175,8476905,VGK,F,952,2,8,0.05336,0.23194,1,1
20222023,2022030175,8477018,VGK,D,814,10,9,0.90043,0.29905,8,3
20222023,2022030175,8477220,WPG,D,1335,9,10,0.28517,0.58401,3,6
20222023,2022030175,8477357,WPG,F,450,5,7,0.12434,0.6004,1,5
20222023,2022030175,8477478,VGK,F,543,6,5,0.36598,0.12892,1,2
20222023,2022030175,8477940,WPG,F,1226,9,6,0.19472,0.31112,2,3
20222023,2022030175,8477964,VGK,F,730,10,6,0.99033,0.20281,9,1
20222023,2022030175,8478020,VGK,F,757,7,6,0.23975,0.09554,2,1
20222023,2022030175,8478398,WPG,F,1201,9,8,0.44066,0.38335,4,2
20222023,2022030175,8478403,VGK,F,1096,11,4,1.06231,0.09021,9,0
20222023,2022030175,8478434,VGK,F,629,6,8,0.36598,0.37652,1,5
20222023,2022030175,8478462,VGK,F,879,9,9,0.53706,0.36745,2,5
20222023,2022030175,8478476,WPG,,723,7,11,0.2496,1.11448,1,9
20222023,2022030175,8478831,WPG,F,917,8,10,0.23876,0.83901,3,7
20222023,2022030175,8478891,WPG,F,1066,7,4,0.46984,0.33739,3,3
20222023,2022030175,8479353,VGK,F,914,3,8,0.1946,0.27932,2,2
20222023,2022030175,8479400,WPG,F,964,6,9,0.25299,0.54424,3,4
20222023,2022030175,8479980,VGK,D,1547,9,11,0.3269,0.51146,2,3
20222023,2022030175,8480049,WPG,D,872,9,4,0.28989,0.26481,2,2
20222023,2022030175,8480145,WPG,D,1541,12,8,0.41813,0.35392,5,2
20222023,2022030175,8480289,WPG,F,731,5,6,0.13465,0.56777,1,4
20222023,2022030175,8480727,VGK,D,1200,9,7,0.33402,0.44648,2,2
20222023,2022030175,8480901,WPG,F,600,8,11,0.41069,0.84075,3,7
20222023,2022030175,8481167,VGK,,690,9,7,0.89148,0.49491,8,3
20222023,2022030181,8471303,LAK,D,805,4,15,0.16729,1.10768,2,6
20222023,2022030181,8471685,LAK,F,827,9,10,0.3149,1.16506,1,6
20222023,2022030181,8474563,LAK,D,1080,7,15,0.19996,1.77267,1,9
20222023,2022030181,8475169,EDM,F,713,11,7,1.26792,0.1918,7,0
20222023,2022030181,8475218,EDM,D,981,13,12,1.12156,0.68623,8,5
20222023,2022030181,8475760,EDM,F,617,9,5,0.60828,0.30483,2,3
20222023,2022030181,8475786,EDM,F,830,12,9,1.08178,0.53485,7,2
20222023,2022030181,8476454,EDM,F,949,14,9,1.13831,0.50117,8,4
20222023,2022030181,8476479,LAK,F,848,7,11,0.35142,1.00618,2,7
20222023,2022030181,8476879,EDM,D,913,14,11,1.56735,0.55094,9,2
20222023,2022030181,8476967,EDM,D,715,12,3,0.86832,0.12176,3,0
20222023,2022030181,8477406,EDM,F,590,10,5,0.71594,0.32285,4,4
20222023,2022030181,8477498,EDM,D,950,14,11,1.52839,0.55094,9,2
20222023,2022030181,8477934,EDM,F,697,11,6,1.26792,0.17341,7,0
20222023,2022030181,8477960,LAK,F,821,8,11,0.31367,1.19955,1,7
20222023,2022030181,8477998,EDM,F,452,11,3,0.83143,0.24953,4,0
20222023,2022030181,8478042,LAK,F,888,8,10,0.44315,0.98943,2,7
20222023,2022030181,8478402,EDM,F,935,13,11,1.13723,0.61277,8,4
20222023,2022030181,8478585,EDM,F,346,7,3,0.56213,0.26669,3,0
20222023,2022030181,8478882,LAK,D,733,15,9,0.99168,0.64872,4,5
20222023,2022030181,8478911,LAK,D,706,13,9,0.86895,0.63792,3,5
20222023,2022030181,8479336,LAK,F,413,6,9,0.41241,0.73591,2,3
20222023,2022030181,8479576,EDM,D,774,12,3,0.82221,0.12176,3,0
20222023,2022030181,8479675,LAK,F,866,10,10,0.50305,0.98943,3,7
20222023,2022030181,8479977,EDM,F,666,8,8,0.93927,0.2232,5,1
20222023,2022030181,8479994,LAK,F,270,5,8,0.44308,0.63785,3,3
20222023,2022030181,8479998,LAK,D,911,7,16,0.20969,1.80515,1,9
20222023,2022030181,8480011,EDM,F,507,7,6,0.59736,0.40509,2,3
20222023,2022030181,8480113,LAK,F,880,3,9,0.14646,0.53655,1,3
20222023,2022030181,8480434,LAK,D,886,6,16,0.28029,1.162,3,6
20222023,2022030181,8480802,EDM,F,431,7,5,0.55364,0.27926,3,0
20222023,2022030181,8480803,EDM,D,945,15,13,1.22631,0.69757,8,5
20222023,2022030181,8480845,LAK,F,506,2,13,0.24376,1.02365,1,5
20222023,2022030181,8481481,LAK,F,469,8,6,0.44885,0.37218,3,2
20222023,2022030181,8481560,LAK,F,665,5,11,0.20534,0.74024,2,3
20222023,2022030181,8482124,LAK,F,601,7,12,0.2507,1.30518,0,7
20222023,2022030182,8471303,LAK,D,587,4,6,0.16723,0.61721,1,3
20222023,2022030182,8471685,LAK,F,1133,9,7,0.31556,0.84576,2,6
20222023,2022030182,8474563,LAK,D,1422,10,17,0.42006,1.28467,3,8
20222023,2022030182,8475169,EDM,F,1025,14,7,0.97202,0.64696,6,4
20222023,2022030182,8475218,EDM,D,1085,20,9,1.56774,0.58462,8,3
20222023,2022030182,8475760,EDM,F,715,4,9,0.3163,0.26499,1,2
20222023,2022030182,8475786,EDM,F,1136,19,10,1.5151,0.53259,7,2
20222023,2022030182,8476454,EDM,F,1045,12,14,1.23552,0.65453,6,3
20222023,2022030182,8476479,LAK,F,1028,11,18,0.4089,1.19682,2,6
20222023,2022030182,8476879,EDM,D,1063,6,13,0.51185,0.51629,4,4
20222023,2022030182,8476967,EDM,D,691,5,7,0.63881,0.36413,2,2
20222023,2022030182,8477498,EDM,D,1332,14,15,1.36675,0.78724,7,4
20222023,2022030182,8477934,EDM,F,1110,16,14,1.2823,0.83469,8,5
20222023,2022030182,8477960,LAK,F,1030,10,6,0.50584,0.70593,4,5
20222023,2022030182,8477998,EDM,F,522,4,9,0.61169,0.43323,2,3
20222023,2022030182,8478042,LAK,F,1242,10,19,0.21862,1.27286,0,7
20222023,2022030182,8478402,EDM,F,1109,14,8,0.93707,0.45466,5,2
20222023,2022030182,8478585,EDM,F,508,6,2,0.5737,0.0289,3,0
20222023,2022030182,8478882,LAK,D,1038,16,15,0.90535,1.30036,5,6
20222023,2022030182,8478911,LAK,D,1068,16,13,0.84017,1.24393,5,5
20222023,2022030182,8479336,LAK,F,534,4,7,0.30854,0.77896,1,3
20222023,2022030182,8479576,EDM,D,772,4,8,0.2729,0.35379,1,2
20222023,2022030182,8479675,LAK,F,1015,12,18,0.62933,1.19682,3,6
20222023,2022030182,8479977,EDM,F,830,9,9,0.67894,0.39434,4,4
20222023,2022030182,8479998,LAK,D,1106,10,15,0.42006,1.02732,3,6
20222023,2022030182,8480011,EDM,F,462,8,4,0.74744,0.17523,4,1
20222023,2022030182,8480014,LAK,F,663,8,5,0.4972,0.30991,4,1
20222023,2022030182,8480113,LAK,F,824,8,5,0.28844,0.30991,3,1
20222023,2022030182,8480434,LAK,D,855,6,8,0.27901,0.78941,1,4
20222023,2022030182,8480802,EDM,F,728,5,7,0.52427,0.1277,2,1
20222023,2022030182,8480803,EDM,D,1029,20,7,1.5137,0.26522,8,2
20222023,2022030182,8480845,LAK,F,338,3,8,0.29428,0.91879,1,4
20222023,2022030182,8481481,LAK,F,599,8,7,0.53302,0.69772,4,2
20222023,2022030182,8481560,LAK,F,305,2,5,0.2442,0.39115,1,2
20222023,2022030182,8481598,EDM,D,243,5,3,0.39115,0.16059,2,1
20222023,2022030182,8482124,LAK,F,805,8,6,0.30389,0.76972,2,5
20222023,2022030183,8471303,LAK,D,578,1,10,0.10448,0.90279,1,5
20222023,2022030183,8471685,LAK,F,1063,11,18,0.44064,0.96069,4,7
20222023,2022030183,8474563,LAK,D,1135,11,14,0.59753,0.87284,5,6
20222023,2022030183,8475169,EDM,F,1031,19,14,1.17529,0.79602,7,7
20222023,2022030183,8475218,EDM,D,972,15,8,0.85572,0.35091,5,3
20222023,2022030183,8475760,EDM,F,652,5,6,0.55327,0.17688,3,1
20222023,2022030183,8475786,EDM,F,913,13,14,0.91949,0.85947,6,8
20222023,2022030183,8476454,EDM,F,787,15,4,0.67529,0.15198,4,1
20222023,2022030183,8476479,LAK,F,780,8,13,0.49186,0.55702,4,3
20222023,2022030183,8476879,EDM,D,880,22,10,1.66694,0.59276,9,5
20222023,2022030183,8476967,EDM,D,634,6,2,0.20012,0.08042,3,1
20222023,2022030183,8477498,EDM,D,948,24,12,1.69761,0.69833,10,6
20222023,2022030183,8477934,EDM,F,964,21,8,1.12956,0.45146,8,4
20222023,2022030183,8477960,LAK,F,908,5,18,0.24462,0.89665,1,6
20222023,2022030183,8477998,EDM,F,489,8,1,0.61453,0.07921,4,1
20222023,2022030183,8478042,LAK,F,790,9,11,0.46696,0.46012,4,2
20222023,2022030183,8478402,EDM,F,1051,15,14,0.89005,0.70119,6,6
20222023,2022030183,8478585,EDM,F,388,4,1,0.36463,0.00121,2,0
20222023,2022030183,8478882,LAK,D,982,12,18,0.53106,0.65566,5,3
20222023,2022030183,8478911,LAK,D,1033,13,21,0.63554,0.83823,6,4
20222023,2022030183,8479336,LAK,F,626,3,10,0.19933,0.65099,2,5
20222023,2022030183,8479576,EDM,D,637,6,3,0.22095,0.17634,2,2
20222023,2022030183,8479675,LAK,F,702,7,13,0.42065,0.56913,3,3
20222023,2022030183,8479772,LAK,F,331,2,6,0.10124,0.72925,1,4
20222023,2022030183,8479977,EDM,F,769,20,6,0.99428,0.30013,6,3
20222023,2022030183,8479994,LAK,F,225,1,7,0.00121,0.82455,0,5
20222023,2022030183,8479998,LAK,D,965,11,14,0.59753,1.0731,5,8
20222023,2022030183,8480011,EDM,F,348,4,3,0.36463,0.10245,2,1
20222023,2022030183,8480014,LAK,F,690,2,10,0.17513,0.84979,2,6
20222023,2022030183,8480113,LAK,F,791,5,8,0.31563,0.56553,4,4
20222023,2022030183,8480434,LAK,D,590,0,11,0.0,1.10223,0,7
20222023,2022030183,8480802,EDM,F,560,8,1,0.55953,0.07921,3,1
20222023,2022030183,8480803,EDM,D,1009,14,10,0.78318,0.45432,5,4
20222023,2022030183,8480845,LAK,F,222,4,4,0.20465,0.46254,2,2
20222023,2022030183,8481598,EDM,D,155,1,3,0.06918,0.11306,0,1
20222023,2022030183,8482124,LAK,F,811,15,14,0.63729,0.76314,6,5
20222023,2022030184,8471303,LAK,D,547,6,16,0.40311,0.65675,4,7
20222023,2022030184,8471685,LAK,F,1140,7,12,0.10881,0.85812,1,7
20222023,2022030184,8474563,LAK,D,1496,21,19,1.54853,1.20101,12,10
20222023,2022030184,8475169,EDM,F,1107,14,17,0.86057,1.31115,8,7
20222023,2022030184,8475218,EDM,D,1173,16,15,1.28146,0.75598,8,6
20222023,2022030184,8475760,EDM,F,716,14,8,0.74317,0.51391,5,4
20222023,2022030184,8475786,EDM,F,1116,15,17,0.80312,1.39743,6,10
20222023,2022030184,8476454,EDM,F,980,7,18,0.51713,1.60534,4,10
20222023,2022030184,8476479,LAK,F,976,22,14,1.92954,1.07179,13,7
20222023,2022030184,8476879,EDM,D,1062,15,16,0.75764,1.26502,9,10
20222023,2022030184,8476967,EDM,D,820,21,10,0.77817,0.86438,9,5
20222023,2022030184,8477498,EDM,D,1143,13,15,0.68588,1.09774,6,10
20222023,2022030184,8477934,EDM,F,1183,13,14,1.19309,0.85366,9,8
20222023,2022030184,8477942,LAK,F,1010,13,17,0.86687,0.59933,8,8
20222023,2022030184,8477960,LAK,F,1071,7,11,0.18578,0.88124,2,8
20222023,2022030184,8477998,EDM,F,776,21,8,0.91,0.48701,8,5
20222023,2022030184,8478042,LAK,F,950,20,12,1.7142,0.99647,12,6
20222023,2022030184,8478402,EDM,F,1286,16,17,1.32756,0.91936,10,8
20222023,2022030184,8478585,EDM,F,714,17,3,0.58361,0.18677,7,2
20222023,2022030184,8478882,LAK,D,1247,16,15,1.13245,1.01676,8,8
20222023,2022030184,8478911,LAK,D,1182,19,14,1.34031,0.98692,10,7
20222023,2022030184,8479336,LAK,F,385,0,11,0.0,0.39988,0,3
20222023,2022030184,8479576,EDM,D,414,8,8,0.40235,0.68791,4,5
20222023,2022030184,8479675,LAK,F,880,21,10,1.90198,0.88984,13,6
20222023,2022030184,8479977,EDM,F,852,9,18,0.74099,1.19921,5,10
20222023,2022030184,8479994,LAK,F,276,0,9,0.0,0.37973,0,3
20222023,2022030184,8479998,LAK,D,1356,18,18,1.34067,1.17117,10,9
20222023,2022030184,8480011,EDM,F,218,4,1,0.10981,0.07377,2,1
20222023,2022030184,8480014,LAK,F,867,14,16,1.04574,0.58571,10,7
20222023,2022030184,8480113,LAK,F,941,16,15,1.18411,0.56709,10,7
20222023,2022030184,8480434,LAK,D,562,6,16,0.40311,0.65675,4,7
20222023,2022030184,8480802,EDM,F,712,17,8,0.74499,0.70466,8,7
20222023,2022030184,8480803,EDM,D,1239,14,19,1.24976,1.13035,8,9
20222023,2022030184,8480845,LAK,F,259,0,8,0.0,0.34768,0,3
20222023,2022030184,8481598,EDM,D,539,11,3,0.5341,0.3668,4,3
20222023,2022030184,8482124,LAK,F,942,9,12,0.31524,0.95716,3,7
20222023,2022030185,8471685,LAK,F,864,11,9,0.88218,0.90695,4,4
20222023,2022030185,8474563,LAK,D,1360,16,16,0.56883,1.10352,3,7
20222023,2022030185,8475169,EDM,F,952,9,12,0.87872,1.18468,4,5
20222023,2022030185,8475218,EDM,D,931,12,10,1.01475,0.65413,4,3
20222023,2022030185,8475760,EDM,F,893,7,12,0.2572,0.90897,1,4
20222023,2022030185,8475786,EDM,F,803,9,11,0.37184,0.7464,2,3
20222023,2022030185,8476454,EDM,F,915,8,10,0.39375,0.60391,2,2
20222023,2022030185,8476479,LAK,F,862,13,5,0.74129,0.21456,3,1
20222023,2022030185,8476879,EDM,D,1026,6,14,0.40491,0.79846,3,4
20222023,2022030185,8476967,EDM,D,880,8,4,0.83387,0.18296,4,1
20222023,2022030185,8477498,EDM,D,1112,8,14,0.64473,0.44241,4,2
20222023,2022030185,8477934,EDM,F,1130,12,15,1.09852,1.01073,5,4
20222023,2022030185,8477942,LAK,F,776,4,9,0.34452,0.91418,2,5
20222023,2022030185,8477960,LAK,F,814,12,9,1.04634,0.90695,4,4
20222023,2022030185,8477998,EDM,F,786,6,5,0.80407,0.18998,4,2
20222023,2022030185,8478042,LAK,F,897,11,5,0.50913,0.21456,3,1
20222023,2022030185,8478402,EDM,F,1019,11,11,1.05247,1.03574,5,5
20222023,2022030185,8478585,EDM,F,814,6,6,0.80407,0.33923,4,2
20222023,2022030185,8478882,LAK,D,903,11,8,1.09497,0.60563,4,3
20222023,2022030185,8478911,LAK,D,878,10,8,1.18428,0.60563,4,3
20222023,2022030185,8479336,LAK,F,701,8,6,0.2813,0.43813,3,4
20222023,2022030185,8479576,EDM,D,792,8,5,0.83387,0.65789,4,3
20222023,2022030185,8479675,LAK,F,865,13,5,0.74129,0.21456,3,1
20222023,2022030185,8479977,EDM,F,594,5,9,0.52747,0.24227,4,3
20222023,2022030185,8479994,LAK,F,648,7,4,0.32043,0.33431,3,2
20222023,2022030185,8479998,LAK,D,1241,14,16,0.39782,1.10352,3,7
20222023,2022030185,8480011,EDM,F,519,3,6,0.38957,0.13833,3,2
20222023,2022030185,8480014,LAK,F,818,5,9,0.41252,0.91418,2,5
20222023,2022030185,8480113,LAK,F,773,10,6,0.81827,0.78296,3,2
20222023,2022030185,8480336,LAK,D,867,8,4,0.52795,0.7974,4,3
20222023,2022030185,8480434,LAK,D,864,9,4,0.59595,0.7974,4,3
20222023,2022030185,8480802,EDM,F,870,7,5,0.87962,0.15446,5,1
20222023,2022030185,8480803,EDM,D,976,12,12,1.01475,1.19706,4,5
20222023,2022030185,8480845,LAK,F,635,6,5,0.21691,0.47086,2,3
20222023,2022030185,8481598,EDM,D,462,3,9,0.32857,0.43689,3,4
20222023,2022030185,8482124,LAK,F,718,2,12,0.24052,1.20745,1,7
20222023,2022030186,8471685,LAK,F,1077,17,5,1.12248,0.62702,8,5
20222023,2022030186,8474563,LAK,D,1394,18,9,1.13849,0.75778,8,6
20222023,2022030186,8475169,EDM,F,1209,10,15,1.02037,0.6329,6,5
20222023,2022030186,8475218,EDM,D,1075,8,12,0.75292,0.65473,6,6
20222023,2022030186,8475760,EDM,F,822,4,17,0.31902,1.0085,2,9
20222023,2022030186,8475786,EDM,F,792,2,16,0.11657,0.9476,1,8
20222023,2022030186,8476454,EDM,F,740,1,15,0.09566,0.93659,1,8
20222023,2022030186,8476479,LAK,F,938,15,9,0.72503,0.6235,6,5
20222023,2022030186,8476879,EDM,D,1025,6,19,0.3931,1.17085,4,8
20222023,2022030186,8476967,EDM,D,821,19,8,1.44322,0.4561,9,1
20222023,2022030186,8477498,EDM,D,1207,9,20,0.4986,1.1605,4,9
20222023,2022030186,8477934,EDM,F,1379,14,13,1.39009,0.80699,9,5
20222023,2022030186,8477942,LAK,F,938,7,14,0.44694,0.97889,3,6
20222023,2022030186,8477960,LAK,F,1050,16,5,1.11161,0.62702,8,5
20222023,2022030186,8477998,EDM,F,562,12,5,0.81195,0.3311,6,2
20222023,2022030186,8478042,LAK,F,969,18,6,1.1848,0.47818,8,5
20222023,2022030186,8478402,EDM,F,1343,12,14,1.28189,0.6183,9,5
20222023,2022030186,8478585,EDM,F,604,13,6,0.81681,0.37699,6,2
20222023,2022030186,8478882,LAK,D,1107,18,11,0.89376,0.92169,7,6
20222023,2022030186,8478911,LAK,D,1040,16,11,0.77111,0.92169,7,6
20222023,2022030186,8479336,LAK,F,334,1,6,0.05199,0.59416,0,3
20222023,2022030186,8479576,EDM,D,634,16,5,0.95476,0.22023,6,1
20222023,2022030186,8479675,LAK,F,948,13,9,0.53773,0.6235,5,5
20222023,2022030186,8479977,EDM,F,595,10,6,0.59055,0.39868,5,2
20222023,2022030186,8479998,LAK,D,1245,18,8,1.24516,0.75677,8,6
20222023,2022030186,8480011,EDM,F,524,12,4,0.74675,0.22364,6,0
20222023,2022030186,8480014,LAK,F,808,6,16,0.32196,1.08419,2,7
20222023,2022030186,8480113,LAK,F,977,16,10,0.7359,0.77524,6,6
20222023,2022030186,8480336,LAK,D,629,4,15,0.20002,0.99526,1,7
20222023,2022030186,8480434,LAK,D,747,4,16,0.19438,0.99627,1,7
20222023,2022030186,8480802,EDM,F,720,14,6,0.83352,0.38309,6,2
20222023,2022030186,8480803,EDM,D,1171,8,13,0.9843,0.77361,7,7
20222023,2022030186,8480845,LAK,F,264,1,4,0.05199,0.18828,0,1
20222023,2022030186,8481481,LAK,F,245,2,5,0.07964,0.32357,0,2
20222023,2022030186,8481598,EDM,D,223,5,1,0.32357,0.0069,2,0
20222023,2022030186,8482124,LAK,F,833,5,16,0.29431,1.10064,2,7
20222023,2022030211,8470595,FLA,F,313,4,8,0.38641,0.70778,3,4
20222023,2022030211,8470966,TOR,D,779,13,11,0.88431,0.89757,6,7
20222023,2022030211,8471686,FLA,D,1088,12,13,0.95524,1.04634,3,6
20222023,2022030211,8474568,TOR,D,816,10,11,0.63132,0.9446,3,3
20222023,2022030211,8474610,FLA,,259,3,6,0.33667,0.52234,2,3
20222023,2022030211,8474673,TOR,D,985,9,13,0.84786,0.6284,5,3
20222023,2022030211,8475158,TOR,F,935,8,8,0.46504,0.5545,2,5
20222023,2022030211,8475166,TOR,F,1079,12,18,0.92859,1.13787,5,7
20222023,2022030211,8475462,FLA,D,777,8,9,0.61502,0.47973,4,3
20222023,2022030211,8475714,TOR,F,676,10,11,0.76643,0.8435,4,6
20222023,2022030211,8476393,FLA,F,789,12,6,1.05077,0.58497,5,3
20222023,2022030211,8476853,TOR,D,1253,12,15,0.67566,1.05501,3,4
20222023,2022030211,8476931,TOR,D,1113,9,14,0.90323,0.69903,6,4
20222023,2022030211,8477021,TOR,F,557,3,8,0.22217,0.31887,1,1
20222023,2022030211,8477407,FLA,F,700,9,8,0.44513,0.60605,3,4
20222023,2022030211,8477409,FLA,F,874,16,9,0.84557,0.60732,5,4
20222023,2022030211,8477493,FLA,F,1026,15,9,0.90798,0.72466,5,5
20222023,2022030211,8477932,FLA,D,1148,14,11,0.71883,0.986,5,6
20222023,2022030211,8477933,FLA,F,1019,7,11,0.62114,0.57776,3,4
20222023,2022030211,8477935,FLA,F,966,14,5,1.09423,0.43741,5,2
20222023,2022030211,8477939,TOR,F,1002,12,11,1.11539,0.61387,7,4
20222023,2022030211,8477986,FLA,D,1178,15,13,1.27343,0.87091,4,5
20222023,2022030211,8478047,TOR,F,737,9,7,0.57396,0.61829,3,4
20222023,2022030211,8478055,FLA,D,1340,16,12,1.19557,0.99761,10,6
20222023,2022030211,8478400,FLA,F,298,2,8,0.17517,0.76529,1,4
20222023,2022030211,8478483,TOR,F,1190,11,14,0.53531,1.26252,4,5
20222023,2022030211,8478569,TOR,F,629,6,7,0.26507,0.61205,1,5
20222023,2022030211,8479314,FLA,F,1083,18,8,1.24916,0.63049,6,3
20222023,2022030211,8479318,TOR,F,1209,11,9,0.7167,0.8517,6,3
20222023,2022030211,8479372,FLA,D,628,9,8,0.54611,0.29269,2,2
20222023,2022030211,8479944,TOR,F,359,4,6,0.36973,0.16592,2,0
20222023,2022030211,8480043,TOR,D,896,12,9,0.64207,1.00393,4,6
20222023,2022030211,8480144,TOR,F,503,2,6,0.2209,0.29582,1,1
20222023,2022030211,8480185,FLA,F,891,7,9,0.58059,0.29023,3,2
20222023,2022030211,8482113,FLA,F,888,4,11,0.26348,0.46679,1,3
20222023,2022030211,8482720,TOR,,779,12,7,0.91946,0.75705,7,2
20222023,2022030212,8470595,FLA,F,448,11,7,0.73845,0.35426,5,1
20222023,2022030212,8470966,TOR,D,754,8,15,0.69799,1.36441,3,6
20222023,2022030212,8471686,FLA,D,1362,18,16,1.25374,1.18419,6,5
20222023,2022030212,8474568,TOR,D,1075,18,11,1.39571,0.71188,7,4
20222023,2022030212,8474610,FLA,,379,9,7,0.63666,0.37491,5,1
20222023,2022030212,8474673,TOR,D,1120,16,11,0.99653,0.4432,6,1
20222023,2022030212,8475158,TOR,F,995,6,18,0.43724,1.08309,1,5
20222023,2022030212,8475166,TOR,F,1163,16,17,1.27799,1.40397,6,8
20222023,2022030212,8475462,FLA,D,825,5,10,0.13156,0.44248,1,1
20222023,2022030212,8475714,TOR,F,483,8,8,0.74724,0.83817,4,4
20222023,2022030212,8476393,FLA,F,913,12,12,0.36616,0.97096,1,5
20222023,2022030212,8476853,TOR,D,1482,20,12,1.56054,0.69203,8,5
20222023,2022030212,8476931,TOR,D,1121,14,10,0.72043,0.46305,4,0
20222023,2022030212,8477021,TOR,F,744,8,7,0.4096,0.46277,3,2
20222023,2022030212,8477407,FLA,F,887,7,14,0.36678,0.80661,1,3
20222023,2022030212,8477409,FLA,F,916,7,11,0.40866,0.83647,1,4
20222023,2022030212,8477493,FLA,F,1046,6,12,0.38951,0.71537,1,3
20222023,2022030212,8477932,FLA,D,1138,11,18,0.87091,1.31266,4,8
20222023,2022030212,8477933,FLA,F,939,7,9,0.8571,0.7472,3,5
20222023,2022030212,8477935,FLA,F,1005,8,15,0.25631,1.17185,1,6
20222023,2022030212,8477939,TOR,F,1021,14,18,1.0854,1.6053,5,8
20222023,2022030212,8477986,FLA,D,1334,22,14,1.56143,1.22382,6,6
20222023,2022030212,8478043,TOR,F,572,6,5,0.38599,0.36034,3,2
20222023,2022030212,8478047,TOR,F,880,16,7,1.04669,0.23889,5,0
20222023,2022030212,8478055,FLA,D,1256,15,17,1.13669,1.15794,4,8
20222023,2022030212,8478400,FLA,F,395,9,8,0.67021,0.40058,5,1
20222023,2022030212,8478483,TOR,F,1318,19,8,1.20936,0.43072,5,1
20222023,2022030212,8478569,TOR,F,640,5,8,0.33323,0.33215,2,1
20222023,2022030212,8479314,FLA,F,1028,13,12,0.61454,1.05024,2,6
20222023,2022030212,8479318,TOR,F,1369,20,7,1.40512,0.28143,7,0
20222023,2022030212,8479372,FLA,D,568,4,9,0.12906,0.63683,1,2
20222023,2022030212,8480043,TOR,D,671,7,15,0.55411,1.36441,2,6
20222023,2022030212,8480144,TOR,F,645,6,6,0.38599,0.46093,3,2
20222023,2022030212,8480185,FLA,F,843,10,11,1.0763,0.77095,4,5
20222023,2022030212,8482113,FLA,F,782,11,8,1.13338,0.73748,4,5
20222023,2022030212,8482720,TOR,,250,3,2,0.24564,0.06071,1,0
20222023,2022030213,8470595,FLA,F,452,6,7,0.27139,0.66106,2,5
20222023,2022030213,8470966,TOR,D,407,5,4,0.24485,0.25442,1,2
20222023,2022030213,8471686,FLA,D,1248,13,23,0.75782,1.85925,6,14
20222023,2022030213,8474568,TOR,D,1096,12,18,0.85399,0.83286,6,5
20222023,2022030213,8474610,FLA,,354,6,6,0.27139,0.51099,2,4
20222023,2022030213,8474673,TOR,D,1358,12,16,0.77597,1.41631,5,10
20222023,2022030213,8475158,TOR,F,1013,13,6,0.8522,0.34987,5,2
20222023,2022030213,8475166,TOR,F,926,10,11,0.64084,0.83954,5,7
20222023,2022030213,8475462,FLA,D,801,9,6,0.70792,0.25565,5,1
20222023,2022030213,8475714,TOR,F,770,11,8,0.47245,0.37942,3,3
20222023,2022030213,8475718,TOR,D,1018,13,8,0.75032,0.63333,4,4
20222023,2022030213,8476393,FLA,F,872,10,6,0.46755,0.48889,4,3
20222023,2022030213,8476853,TOR,D,1172,13,18,0.96612,0.82244,7,5
20222023,2022030213,8476931,TOR,D,1089,10,14,0.52997,0.90324,3,8
20222023,2022030213,8476979,TOR,D,712,15,5,1.14984,0.54642,8,3
20222023,2022030213,8477021,TOR,F,941,9,12,0.70932,0.86677,4,6
20222023,2022030213,8477407,FLA,F,1033,16,15,1.14618,1.12682,6,7
20222023,2022030213,8477409,FLA,F,1108,16,15,1.07044,1.12682,6,7
20222023,2022030213,8477493,FLA,F,1112,18,12,1.30218,0.85636,8,5
20222023,2022030213,8477932,FLA,D,1191,15,11,0.90151,0.71536,5,3
20222023,2022030213,8477933,FLA,F,993,9,11,0.68048,0.43686,5,2
20222023,2022030213,8477935,FLA,F,988,10,7,0.57005,0.4984,4,3
20222023,2022030213,8477939,TOR,F,1037,17,6,1.36165,0.48211,10,3
20222023,2022030213,8477986,FLA,D,1507,18,24,1.03026,1.68242,9,13
20222023,2022030213,8478043,TOR,F,655,9,9,0.56844,0.45968,4,4
20222023,2022030213,8478047,TOR,F,911,11,13,0.70698,0.62598,4,3
20222023,2022030213,8478055,FLA,D,1344,18,11,1.16415,0.5235,6,2
20222023,2022030213,8478400,FLA,F,364,6,7,0.27139,0.57345,2,5
20222023,2022030213,8478483,TOR,F,1171,10,19,0.60002,1.26016,4,9
20222023,2022030213,8478569,TOR,F,695,8,6,0.43742,0.35109,2,2
20222023,2022030213,8479314,FLA,F,1107,11,7,0.69002,0.4984,6,3
20222023,2022030213,8479318,TOR,F,1170,14,20,1.0096,1.05721,6,8
20222023,2022030213,8479372,FLA,D,644,8,5,0.51312,0.23488,4,1
20222023,2022030213,8480144,TOR,F,783,8,12,0.54767,1.0239,4,6
20222023,2022030213,8480185,FLA,F,955,8,13,0.64445,0.50883,5,3
20222023,2022030213,8482113,FLA,F,917,8,14,0.64445,0.61971,5,4
20222023,2022030214,8470595,FLA,F,315,0,4,0.0,0.22539,0,1
20222023,2022030214,8470966,TOR,D,409,3,3,0.12009,0.06698,1,0
20222023,2022030214,8471686,FLA,D,1100,8,15,0.25693,0.97928,1,6
20222023,2022030214,8474568,TOR,D,785,13,5,0.66088,0.42003,4,2
20222023,2022030214,8474610,FLA,,291,0,7,0.0,0.25885,0,1
20222023,2022030214,8474673,TOR,D,1097,9,12,1.16222,1.2861,6,5
20222023,2022030214,8475158,TOR,F,953,4,8,0.10123,0.49763,1,1
20222023,2022030214,8475166,TOR,F,896,9,7,0.46494,0.47442,2,3
20222023,2022030214,8475462,FLA,D,897,12,8,1.35144,0.94226,4,4
20222023,2022030214,8475714,TOR,F,667,8,3,0.57134,0.13953,4,1
20222023,2022030214,8475718,TOR,D,1137,8,11,1.0566,1.1917,5,5
20222023,2022030214,8476393,FLA,F,840,10,5,0.4081,0.48003,2,2
20222023,2022030214,8476853,TOR,D,1104,14,8,0.83027,0.52037,5,2
20222023,2022030214,8476931,TOR,D,650,5,5,0.10069,0.09981,0,0
20222023,2022030214,8477021,TOR,F,910,10,10,0.97143,0.51785,4,3
20222023,2022030214,8477407,FLA,F,790,6,7,0.10765,0.8366,0,4
20222023,2022030214,8477409,FLA,F,1008,10,11,0.54237,0.6898,3,3
20222023,2022030214,8477493,FLA,F,1020,9,13,0.51665,0.85949,3,5
20222023,2022030214,8477932,FLA,D,830,4,5,0.06824,0.11114,0,1
20222023,2022030214,8477933,FLA,F,942,7,5,1.10462,0.29757,3,2
20222023,2022030214,8477935,FLA,F,1101,12,7,0.49588,0.70229,2,4
20222023,2022030214,8477939,TOR,F,957,12,7,0.73056,0.37263,4,2
20222023,2022030214,8477986,FLA,D,1440,10,19,0.47896,1.65098,3,9
20222023,2022030214,8478043,TOR,F,690,9,5,0.72798,0.8519,3,3
20222023,2022030214,8478047,TOR,F,654,4,6,0.04948,0.4557,0,1
20222023,2022030214,8478055,FLA,D,906,8,6,0.21813,0.11245,1,1
20222023,2022030214,8478400,FLA,F,275,0,5,0.0,0.34221,0,2
20222023,2022030214,8478483,TOR,F,981,9,8,0.65684,0.22557,4,1
20222023,2022030214,8478569,TOR,F,780,4,11,0.16932,1.19217,2,3
20222023,2022030214,8479314,FLA,F,1126,13,10,0.68637,0.64097,4,4
20222023,2022030214,8479318,TOR,F,1046,10,7,0.80035,0.19985,5,1
20222023,2022030214,8479372,FLA,D,781,10,5,1.42358,0.27187,5,1
20222023,2022030214,8480043,TOR,D,856,7,8,0.29925,0.21229,2,0
20222023,2022030214,8480144,TOR,F,673,7,6,0.69648,0.76867,3,2
20222023,2022030214,8480185,FLA,F,802,6,7,0.94817,0.46908,2,3
20222023,2022030214,8482113,FLA,F,818,5,6,0.88611,0.29969,2,2
20222023,2022030215,8470595,FLA,F,301,4,4,0.14957,0.07991,0,0
20222023,2022030215,8470966,TOR,D,378,9,2,0.2778,0.14459,2,1
20222023,2022030215,8471686,FLA,D,1137,13,13,1.02736,0.86356,6,3
20222023,2022030215,8474568,TOR,D,817,10,12,0.92862,0.61094,4,4
20222023,2022030215,8474610,FLA,,231,5,9,0.26408,0.57344,1,2
20222023,2022030215,8474673,TOR,D,1217,16,10,0.58914,0.41011,1,2
20222023,2022030215,8475158,TOR,F,1049,16,7,0.96616,0.18975,7,1
20222023,2022030215,8475166,TOR,F,1053,16,8,0.84957,0.21706,7,1
20222023,2022030215,8475462,FLA,D,839,8,9,0.3098,0.239,1,2
20222023,2022030215,8475714,TOR,F,645,5,7,0.19637,0.52667,0,4
20222023,2022030215,8475718,TOR,D,984,10,9,0.31624,0.53058,2,3
20222023,2022030215,8476393,FLA,F,918,9,12,0.64634,0.4034,4,2
20222023,2022030215,8476853,TOR,D,1305,17,15,1.20273,0.78892,8,5
20222023,2022030215,8476931,TOR,D,791,16,9,0.75254,0.65646,4,3
20222023,2022030215,8477021,TOR,F,542,6,3,0.27008,0.11698,3,1
20222023,2022030215,8477407,FLA,F,896,10,15,0.38509,0.9786,1,3
20222023,2022030215,8477409,FLA,F,1094,13,12,0.64419,0.85785,3,2
20222023,2022030215,8477493,FLA,F,986,12,15,0.51698,0.95349,2,3
20222023,2022030215,8477932,FLA,D,1185,10,26,0.59946,1.28394,3,8
20222023,2022030215,8477933,FLA,F,1005,8,11,0.53002,0.34281,4,5
20222023,2022030215,8477935,FLA,F,1026,9,14,0.66835,0.44896,4,3
20222023,2022030215,8477939,TOR,F,1103,23,17,1.12991,1.16472,6,5
20222023,2022030215,8477986,FLA,D,1310,19,14,1.10141,0.87705,6,3
20222023,2022030215,8478043,TOR,F,567,7,6,0.33311,0.49891,0,3
20222023,2022030215,8478047,TOR,F,805,15,9,0.97816,0.41004,5,2
20222023,2022030215,8478055,FLA,D,1384,12,28,0.4886,1.33962,3,9
20222023,2022030215,8478400,FLA,F,285,4,7,0.17531,0.48397,0,2
20222023,2022030215,8478483,TOR,F,1299,18,15,0.73735,0.7601,4,4
20222023,2022030215,8478569,TOR,F,650,9,4,0.57287,0.04546,3,0
20222023,2022030215,8479314,FLA,F,1034,10,11,0.67419,0.43877,4,3
20222023,2022030215,8479318,TOR,F,1293,16,17,0.69296,1.14612,4,6
20222023,2022030215,8479372,FLA,D,593,6,5,0.21489,0.14339,1,1
20222023,2022030215,8480043,TOR,D,909,16,11,0.65305,0.59992,5,2
20222023,2022030215,8480144,TOR,F,678,10,9,0.35364,0.53647,0,3
20222023,2022030215,8480185,FLA,F,900,9,15,0.4223,0.5884,3,7
20222023,2022030215,8482113,FLA,F,916,9,15,0.53586,0.90414,4,7
20222023,2022030221,8470613,CAR,D,1073,11,6,0.7776,0.29992,4,1
20222023,2022030221,8471669,CAR,F,748,7,5,0.13852,0.21854,0,1
20222023,2022030221,8473533,CAR,F,696,8,7,0.62101,0.38462,4,4
20222023,2022030221,8474613,CAR,F,746,8,6,0.27044,0.22114,1,1
20222023,2022030221,8475193,NJD,F,814,10,6,0.64091,0.48117,2,2
20222023,2022030221,8475287,NJD,F,833,8,8,0.37373,0.58178,3,4
20222023,2022030221,8475855,CAR,F,732,4,9,0.43944,0.46013,2,1
20222023,2022030221,8476292,NJD,F,793,7,6,0.33251,0.52407,3,4
20222023,2022030221,8476462,NJD,D,1109,14,10,0.71777,0.45691,5,3
20222023,2022030221,8476474,CAR,F,668,10,4,0.67127,0.50717,4,4
20222023,2022030221,8476869,CAR,D,994,10,13,0.65672,0.57458,5,4
20222023,2022030221,8476906,CAR,D,884,8,8,0.40261,0.72332,2,5
20222023,2022030221,8476921,CAR,F,833,6,10,0.58079,0.46471,3,1
20222023,2022030221,8476923,NJD,D,1134,12,11,0.75556,0.75884,3,6
20222023,2022030221,8476958,CAR,D,1164,12,7,0.87249,0.30158,5,1
20222023,2022030221,8477425,NJD,F,810,7,9,0.5416,0.26496,4,1
20222023,2022030221,8477435,NJD,D,650,4,6,0.18096,0.40839,2,2
20222023,2022030221,8477488,CAR,D,1034,10,13,0.62475,0.57458,4,4
20222023,2022030221,8478399,NJD,D,1136,8,11,0.44346,0.79397,3,4
20222023,2022030221,8478427,CAR,F,659,7,5,0.38851,0.52995,3,4
20222023,2022030221,8478507,NJD,D,868,6,10,0.24989,0.50946,2,2
20222023,2022030221,8478970,CAR,D,794,9,9,0.43453,0.72498,2,5
20222023,2022030221,8479344,CAR,F,715,6,7,0.24191,0.24298,1,1
20222023,2022030221,8479407,NJD,F,770,8,6,0.42233,0.43156,2,3
20222023,2022030221,8479414,NJD,F,866,8,6,0.24756,0.24191,1,1
20222023,2022030221,8479415,NJD,F,960,9,12,0.40942,0.57322,3,3
20222023,2022030221,8480002,NJD,F,897,10,7,0.6161,0.59142,3,3
20222023,2022030221,8480003,NJD,F,378,1,6,0.18078,0.3192,1,2
20222023,2022030221,8480039,CAR,F,752,10,8,0.57242,0.3892,4,4
20222023,2022030221,8480829,CAR,F,878,8,11,0.73631,0.46637,4,1
20222023,2022030221,8480835,CAR,F,805,6,8,0.36185,0.40646,3,4
20222023,2022030221,8480860,NJD,D,975,12,12,0.85132,0.84113,5,5
20222023,2022030221,8481068,NJD,F,466,3,8,0.1863,0.50918,2,3
20222023,2022030221,8481559,NJD,F,968,9,10,0.46807,0.67694,4,5
20222023,2022030221,8482093,CAR,F,694,10,4,0.63058,0.50717,4,4
20222023,2022030221,8482110,NJD,F,518,4,6,0.37913,0.45764,2,2
20222023,2022030222,8470613,CAR,D,1110,23,12,1.28648,0.61396,9,5
20222023,2022030222,8471669,CAR,F,637,12,11,0.85689,0.76818,5,6
20222023,2022030222,8473533,CAR,F,751,5,10,0.33678,0.66168,1,5
20222023,2022030222,8474613,CAR,F,642,13,10,0.9205,0.67272,5,5
20222023,2022030222,8475193,NJD,F,611,6,12,0.24457,0.75614,3,6
20222023,2022030222,8475287,NJD,F,663,8,4,0.36554,0.23649,2,1
20222023,2022030222,8475855,CAR,F,719,13,6,0.718,0.29705,6,2
20222023,2022030222,8476292,NJD,F,853,11,7,0.63949,0.44894,4,2
20222023,2022030222,8476462,NJD,D,1062,10,16,0.66925,0.80173,4,6
20222023,2022030222,8476474,CAR,F,648,6,6,0.36853,0.09805,3,0
20222023,2022030222,8476869,CAR,D,1047,7,11,0.46867,0.48636,3,3
20222023,2022030222,8476906,CAR,D,723,12,8,0.81472,0.59767,5,4
20222023,2022030222,8476921,CAR,F,797,16,5,0.76867,0.29409,6,3
20222023,2022030222,8476923,NJD,D,966,7,7,0.31945,0.57436,2,4
20222023,2022030222,8476958,CAR,D,1139,18,13,0.97596,0.68628,7,6
20222023,2022030222,8477425,NJD,F,662,9,14,0.53249,0.93778,4,6
20222023,2022030222,8477435,NJD,D,547,7,10,0.32753,0.48113,2,3
20222023,2022030222,8477488,CAR,D,1010,8,11,0.53228,0.48636,3,3
20222023,2022030222,8477508,NJD,F,552,4,4,0.11109,0.15516,1,2
20222023,2022030222,8478399,NJD,D,1272,14,16,0.95884,0.83638,7,5
20222023,2022030222,8478414,NJD,F,877,8,8,0.5448,0.47658,3,2
20222023,2022030222,8478427,CAR,F,717,6,6,0.37313,0.13886,3,1
20222023,2022030222,8478507,NJD,D,1072,18,21,0.92282,1.46735,9,8
20222023,2022030222,8478970,CAR,D,698,8,9,0.56781,0.66999,3,5
20222023,2022030222,8479344,CAR,F,562,11,8,0.73413,0.53117,5,4
20222023,2022030222,8479407,NJD,F,661,10,11,0.40251,0.52726,4,4
20222023,2022030222,8479414,NJD,F,722,10,13,0.74365,0.87417,5,6
20222023,2022030222,8479415,NJD,F,662,9,13,0.53249,0.8757,4,5
20222023,2022030222,8480002,NJD,F,809,8,13,0.35899,0.73572,4,6
20222023,2022030222,8480039,CAR,F,872,7,10,0.50706,0.75565,1,6
20222023,2022030222,8480829,CAR,F,754,15,5,0.75616,0.20159,6,1
20222023,2022030222,8480835,CAR,F,737,4,11,0.26689,0.70545,1,5
20222023,2022030222,8480860,NJD,D,765,8,6,0.34273,0.48497,2,4
20222023,2022030222,8481559,NJD,F,933,8,7,0.69371,0.46117,4,1
20222023,2022030222,8482093,CAR,F,681,6,8,0.36214,0.18644,3,1
20222023,2022030222,8482110,NJD,F,604,5,8,0.1416,0.48377,1,4
20222023,2022030223,8470613,CAR,D,1143,14,10,0.92978,0.85178,6,5
20222023,2022030223,8471669,CAR,F,565,9,5,0.43873,0.14439,3,0
20222023,2022030223,8473533,CAR,F,744,8,12,0.37422,0.7114,4,5
20222023,2022030223,8474090,NJD,D,864,10,15,0.68876,1.00658,6,6
20222023,2022030223,8474613,CAR,F,790,9,9,0.43873,0.34631,3,2
20222023,2022030223,8475193,NJD,F,629,5,6,0.17801,0.48247,0,3
20222023,2022030223,8475287,NJD,F,735,9,5,0.58123,0.44134,3,3
20222023,2022030223,8475855,CAR,F,702,10,12,0.71355,0.8042,3,10
20222023,2022030223,8476292,NJD,F,953,20,12,0.98528,0.57366,11,2
20222023,2022030223,8476462,NJD,D,1121,22,14,1.07136,0.67677,11,3
20222023,2022030223,8476474,CAR,F,706,10,11,0.49569,0.52004,4,2
20222023,2022030223,8476869,CAR,D,945,9,22,0.25154,1.22645,2,14
20222023,2022030223,8476906,CAR,D,819,13,11,0.8001,0.2773,5,1
20222023,2022030223,8476921,CAR,F,723,9,16,0.68608,1.06745,3,12
20222023,2022030223,8476923,NJD,D,855,11,5,0.52035,0.20218,3,3
20222023,2022030223,8476958,CAR,D,1174,15,12,0.93183,0.88308,6,5
20222023,2022030223,8477425,NJD,F,670,7,13,0.5582,0.79182,4,3
20222023,2022030223,8477488,CAR,D,975,8,23,0.24949,1.25583,2,14
20222023,2022030223,8478399,NJD,D,1066,19,16,1.05113,0.64758,10,3
20222023,2022030223,8478414,NJD,F,808,13,10,0.73857,0.54916,5,6
20222023,2022030223,8478427,CAR,F,695,7,11,0.36694,0.53938,2,4
20222023,2022030223,8478507,NJD,D,1015,10,14,0.71376,0.9463,6,6
20222023,2022030223,8478970,CAR,D,818,13,10,0.8001,0.27538,5,1
20222023,2022030223,8479344,CAR,F,600,7,7,0.35416,0.27711,3,2
20222023,2022030223,8479407,NJD,F,893,21,9,1.12071,0.30838,12,2
20222023,2022030223,8479414,NJD,F,661,6,10,0.38647,0.48687,3,3
20222023,2022030223,8479415,NJD,F,983,9,11,0.43262,0.51689,2,3
20222023,2022030223,8480002,NJD,F,891,20,9,0.99785,0.19744,11,1
20222023,2022030223,8480039,CAR,F,821,8,15,0.40867,0.75699,3,5
20222023,2022030223,8480829,CAR,F,817,12,16,0.80153,0.98974,4,11
20222023,2022030223,8480835,CAR,F,862,11,9,0.49017,0.52626,4,4
20222023,2022030223,8480860,NJD,D,234,6,3,0.29842,0.28125,2,2
20222023,2022030223,8481559,NJD,F,765,11,10,0.50299,0.7855,4,7
20222023,2022030223,8482093,CAR,F,728,8,9,0.37579,0.47146,3,3
20222023,2022030223,8482110,NJD,F,830,11,13,0.6728,0.81073,5,6
20222023,2022030223,8482684,NJD,,756,10,5,0.42604,0.20218,2,3
20222023,2022030224,8470613,CAR,D,1229,11,10,0.48687,0.63078,2,4
20222023,2022030224,8471669,CAR,F,714,6,12,0.3576,0.44718,2,2
20222023,2022030224,8473533,CAR,F,703,9,5,0.94081,0.51217,6,4
20222023,2022030224,8474090,NJD,D,833,3,11,0.12404,0.66863,1,4
20222023,2022030224,8474613,CAR,F,730,5,9,0.30136,0.35268,1,2
20222023,2022030224,8475193,NJD,F,483,1,3,0.01229,0.20288,0,1
20222023,2022030224,8475287,NJD,F,813,8,6,0.3868,0.41949,2,3
20222023,2022030224,8475855,CAR,F,563,9,3,0.72613,0.14562,3,0
20222023,2022030224,8476292,NJD,F,826,6,3,0.40011,0.24096,2,1
20222023,2022030224,8476462,NJD,D,1114,18,9,1.02108,1.00074,6,4
20222023,2022030224,8476474,CAR,F,947,4,7,0.25726,0.37133,1,2
20222023,2022030224,8476869,CAR,D,1069,12,8,1.13547,0.30199,5,1
20222023,2022030224,8476906,CAR,D,892,12,11,1.03282,0.59102,5,3
20222023,2022030224,8476907,CAR,,741,8,11,0.61006,0.46705,3,2
20222023,2022030224,8476921,CAR,F,651,11,4,1.02249,0.21548,4,1
20222023,2022030224,8476923,NJD,D,933,4,7,0.18246,0.72062,0,3
20222023,2022030224,8476958,CAR,D,1195,11,10,0.74055,0.54105,3,3
20222023,2022030224,8477425,NJD,F,809,11,11,0.47415,0.50107,3,1
20222023,2022030224,8477488,CAR,D,1043,10,8,0.90534,0.39172,5,2
20222023,2022030224,8478399,NJD,D,895,14,12,1.05522,0.96258,6,4
20222023,2022030224,8478414,NJD,F,1029,6,16,0.45795,1.55737,3,8
20222023,2022030224,8478427,CAR,F,1033,6,7,0.30545,0.37133,1,2
20222023,2022030224,8478507,NJD,D,1061,6,14,0.30711,0.98681,2,6
20222023,2022030224,8478970,CAR,D,868,12,9,0.97627,0.54353,4,3
20222023,2022030224,8479407,NJD,F,907,7,6,0.4264,0.33802,2,1
20222023,2022030224,8479414,NJD,F,848,11,9,0.50354,0.54275,3,2
20222023,2022030224,8479415,NJD,F,1009,11,14,0.55121,0.70315,3,2
20222023,2022030224,8480002,NJD,F,950,7,4,0.40507,0.25982,2,1
20222023,2022030224,8480039,CAR,F,843,12,5,1.18952,0.42244,6,3
20222023,2022030224,8480829,CAR,F,712,12,3,1.03294,0.14562,4,0
20222023,2022030224,8480835,CAR,F,883,13,3,0.81682,0.37495,4,3
20222023,2022030224,8480860,NJD,D,540,6,4,0.16454,0.06564,1,0
20222023,2022030224,8481559,NJD,F,998,7,16,0.43047,1.68648,2,9
20222023,2022030224,8482093,CAR,F,1034,7,10,0.36594,0.55556,1,3
20222023,2022030224,8482110,NJD,F,779,5,14,0.35082,1.47023,2,7
20222023,2022030224,8482684,NJD,,1014,4,11,0.12824,0.87646,0,3
20222023,2022030225,8470613,CAR,D,1330,21,15,0.98334,0.73252,6,6
20222023,2022030225,8471669,CAR,F,747,9,7,0.63066,0.55764,4,4
20222023,2022030225,8473533,CAR,F,786,19,11,0.76088,0.55533,3,4
20222023,2022030225,8474613,CAR,F,722,8,8,0.4252,0.56422,3,4
20222023,2022030225,8475193,NJD,F,666,7,14,0.36053,0.6326,2,2
20222023,2022030225,8475287,NJD,F,742,9,13,0.36902,0.43522,2,2
20222023,2022030225,8475855,CAR,F,801,12,5,0.63794,0.40874,3,2
20222023,2022030225,8476292,NJD,F,974,8,18,0.53236,1.07132,3,7
20222023,2022030225,8476462,NJD,D,1198,8,27,0.24459,1.55765,1,8
20222023,2022030225,8476474,CAR,F,887,15,7,0.88238,0.30305,6,2
20222023,2022030225,8476869,CAR,D,1315,23,14,1.24397,1.08345,7,6
20222023,2022030225,8476906,CAR,D,852,12,7,0.74442,0.49169,4,3
20222023,2022030225,8476907,CAR,,691,11,6,0.74255,0.38072,4,3
20222023,2022030225,8476921,CAR,F,979,14,12,0.74983,1.05808,3,6
20222023,2022030225,8476923,NJD,D,839,13,8,1.26717,0.35105,7,2
20222023,2022030225,8476958,CAR,D,1336,20,17,1.01741,0.74626,7,6
20222023,2022030225,8477425,NJD,F,842,13,10,0.96623,0.48592,6,4
20222023,2022030225,8477435,NJD,D,896,4,11,0.43077,0.64169,2,4
20222023,2022030225,8477488,CAR,D,1315,22,14,0.99285,1.08829,5,6
20222023,2022030225,8477508,NJD,F,662,12,7,0.95986,0.31103,6,2
20222023,2022030225,8478399,NJD,D,1150,11,23,0.6396,1.05845,4,5
20222023,2022030225,8478414,NJD,F,940,8,14,0.45571,0.83968,4,4
20222023,2022030225,8478427,CAR,F,1022,15,8,0.92543,0.32282,7,2
20222023,2022030225,8478507,NJD,D,1512,16,20,0.69997,0.99016,6,8
20222023,2022030225,8478970,CAR,D,773,10,7,0.51691,0.49169,3,3
20222023,2022030225,8479407,NJD,F,893,9,12,0.54338,0.71346,3,5
20222023,2022030225,8479414,NJD,F,815,14,9,0.96835,0.43767,6,3
20222023,2022030225,8479415,NJD,F,1115,7,16,0.44469,0.93996,4,6
20222023,2022030225,8480002,NJD,F,965,9,17,0.54338,0.98863,3,6
20222023,2022030225,8480039,CAR,F,892,15,15,0.40389,0.95047,2,6
20222023,2022030225,8480829,CAR,F,914,11,11,0.43248,0.88116,2,5
20222023,2022030225,8480835,CAR,F,888,17,11,0.69204,0.55533,4,4
20222023,2022030225,8481559,NJD,F,778,9,17,0.49121,0.73174,3,3
20222023,2022030225,8482093,CAR,F,1049,16,10,0.96507,0.41329,7,3
20222023,2022030225,8482110,NJD,F,982,6,15,0.31613,0.66112,3,4
20222023,2022030225,8482684,NJD,,1327,22,19,1.3518,0.8999,10,5
20222023,2022030231,8470600,DAL,D,1145,12,17,0.96969,0.66473,5,2
20222023,2022030231,8470794,DAL,F,781,10,11,0.85075,0.8512,6,6
20222023,2022030231,8473994,DAL,F,777,14,7,0.81863,0.27572,3,0
20222023,2022030231,8474149,DAL,F,861,13,9,0.53987,0.5058,2,2
20222023,2022030231,8474586,SEA,F,900,15,8,1.1342,0.27229,7,2
20222023,2022030231,8474602,SEA,D,688,10,9,0.81456,0.21488,5,1
20222023,2022030231,8475768,SEA,F,983,10,10,0.56034,0.41525,4,2
20222023,2022030231,8475794,DAL,F,774,10,9,0.65477,0.31928,4,2
20222023,2022030231,8475825,DAL,D,957,12,12,0.70492,0.88433,4,6
20222023,2022030231,8476457,SEA,D,1262,21,17,1.01543,1.36615,6,6
20222023,2022030231,8476467,SEA,D,1064,11,10,0.46943,0.49011,2,5
20222023,2022030231,8476525,DAL,D,576,6,10,0.15365,0.51311,0,4
20222023,2022030231,8476822,DAL,F,355,2,10,0.1321,0.33588,1,2
20222023,2022030231,8476826,SEA,F,904,10,17,0.39622,1.21818,2,6
20222023,2022030231,8476889,DAL,F,538,4,13,0.15967,0.53952,1,5
20222023,2022030231,8476902,DAL,D,1167,13,16,0.61497,1.26057,4,8
20222023,2022030231,8477369,SEA,D,576,9,14,0.66804,0.76447,5,4
20222023,2022030231,8477416,SEA,F,807,7,18,0.34744,1.22954,2,8
20222023,2022030231,8477503,DAL,F,752,11,11,0.86137,0.8512,6,6
20222023,2022030231,8477505,SEA,F,857,7,9,0.32999,0.36721,2,3
20222023,2022030231,8477987,SEA,F,428,9,2,0.29099,0.2876,3,1
20222023,2022030231,8478407,SEA,D,1313,21,15,1.11095,1.20151,8,6
20222023,2022030231,8478449,DAL,F,838,9,8,0.64415,0.37867,4,3
20222023,2022030231,8478466,SEA,F,478,7,2,0.22469,0.20349,2,2
20222023,2022030231,8478840,SEA,D,1015,8,9,0.28707,0.373,2,4
20222023,2022030231,8478975,DAL,F,896,9,12,0.48913,0.9523,3,7
20222023,2022030231,8479293,SEA,F,572,6,2,0.18672,0.2876,2,1
20222023,2022030231,8479987,SEA,F,725,10,10,0.56034,0.41525,4,2
20222023,2022030231,8480009,SEA,F,870,9,17,0.31408,1.22992,3,8
20222023,2022030231,8480027,DAL,F,912,12,10,0.7652,0.52639,6,3
20222023,2022030231,8480036,DAL,D,1371,16,17,1.04793,0.67112,8,4
20222023,2022030231,8480848,DAL,F,562,4,11,0.15967,0.50646,1,4
20222023,2022030231,8481581,DAL,,747,15,8,0.91896,0.37162,5,4
20222023,2022030231,8481789,SEA,,642,14,7,1.0683,0.21971,5,1
20222023,2022030231,8482665,SEA,F,884,15,9,1.08161,0.46914,6,3
20222023,2022030231,8482740,DAL,F,907,13,9,0.53987,0.5058,2,2
20222023,2022030232,8470600,DAL,D,1150,18,18,1.77021,0.60706,5,2
20222023,2022030232,8470794,DAL,F,692,7,11,0.39721,0.23863,1,1
20222023,2022030232,8473994,DAL,F,732,9,9,0.66934,0.56741,2,3
20222023,2022030232,8474149,DAL,F,844,13,8,0.8068,0.32891,4,2
20222023,2022030232,8474586,SEA,F,893,9,10,0.32143,0.63606,1,4
20222023,2022030232,8474602,SEA,D,794,7,7,0.46275,0.55102,2,2
20222023,2022030232,8475768,SEA,F,857,14,18,0.31366,1.03916,2,7
20222023,2022030232,8475794,DAL,F,776,13,9,1.31944,0.21295,7,1
20222023,2022030232,8475825,DAL,D,941,12,9,0.56406,0.58374,6,3
20222023,2022030232,8476457,SEA,D,1072,12,12,0.36606,1.16891,2,5
20222023,2022030232,8476467,SEA,D,1015,12,19,0.45193,1.4187,2,9
20222023,2022030232,8476525,DAL,D,568,12,5,1.23632,0.13051,5,1
20222023,2022030232,8476822,DAL,F,513,7,3,0.52708,0.26117,4,1
20222023,2022030232,8476826,SEA,F,744,6,11,0.41346,0.56898,2,4
20222023,2022030232,8476889,DAL,F,550,8,4,0.53206,0.07943,3,0
20222023,2022030232,8476902,DAL,D,877,9,8,0.28262,0.33573,3,2
20222023,2022030232,8477369,SEA,D,665,6,5,0.23357,0.33088,1,2
20222023,2022030232,8477416,SEA,F,736,7,11,0.4396,0.56898,2,4
20222023,2022030232,8477503,DAL,F,611,8,11,0.64137,0.22231,2,1
20222023,2022030232,8477505,SEA,F,812,11,15,0.26506,1.26547,2,7
20222023,2022030232,8477987,SEA,F,356,5,5,0.06148,0.59183,0,1
20222023,2022030232,8478407,SEA,D,1066,15,16,0.39524,1.21956,2,4
20222023,2022030232,8478449,DAL,F,803,13,11,0.97682,0.27899,6,1
20222023,2022030232,8478466,SEA,F,447,10,7,0.11836,1.0136,0,3
20222023,2022030232,8478840,SEA,D,972,12,23,0.24153,1.43561,1,10
20222023,2022030232,8478975,DAL,F,690,10,8,0.52969,0.1025,4,0
20222023,2022030232,8479293,SEA,F,458,6,9,0.30399,1.14049,1,3
20222023,2022030232,8479987,SEA,F,684,7,12,0.20277,0.74546,2,6
20222023,2022030232,8480009,SEA,F,804,5,11,0.16545,0.56898,1,4
20222023,2022030232,8480027,DAL,F,866,12,10,0.90948,0.3036,5,2
20222023,2022030232,8480036,DAL,D,1348,20,18,1.5434,0.36646,8,1
20222023,2022030232,8480848,DAL,F,585,13,5,0.85396,0.31765,7,1
20222023,2022030232,8481581,DAL,,664,11,6,0.72807,0.12758,5,1
20222023,2022030232,8481789,SEA,,692,7,5,0.29244,0.4406,1,2
20222023,2022030232,8482665,SEA,F,848,9,9,0.32892,0.60741,1,3
20222023,2022030232,8482740,DAL,F,741,10,7,1.02377,0.31307,3,2
20222023,2022030233,8470600,DAL,D,1076,9,12,0.59519,0.87731,3,5
20222023,2022030233,8470794,DAL,F,748,12,10,0.63597,0.60623,2,3
20222023,2022030233,8473994,DAL,F,774,5,9,0.32576,0.69235,2,3
20222023,2022030233,8474149,DAL,F,852,8,9,0.51614,0.59463,2,3
20222023,2022030233,8474586,SEA,F,693,7,8,0.71424,0.16641,4,0
20222023,2022030233,8474602,SEA,D,814,9,6,0.60903,0.20873,1,0
20222023,2022030233,8475768,SEA,F,814,12,9,0.41852,0.63365,4,2
20222023,2022030233,8475794,DAL,F,588,10,9,0.47431,0.47863,3,3
20222023,2022030233,8475825,DAL,D,945,15,10,0.7099,0.3873,4,2
20222023,2022030233,8476457,SEA,D,1197,10,19,0.63559,1.21418,6,6
20222023,2022030233,8476467,SEA,D,995,17,10,0.96324,0.68124,6,3
20222023,2022030233,8476525,DAL,D,977,14,9,0.84766,0.50335,2,2
20222023,2022030233,8476822,DAL,F,580,3,4,0.17492,0.12738,1,1
20222023,2022030233,8476826,SEA,F,849,13,13,0.65504,0.76672,5,4
20222023,2022030233,8476889,DAL,F,628,4,2,0.18923,0.03552,1,0
20222023,2022030233,8476902,DAL,D,988,13,12,0.54069,0.44012,2,2
20222023,2022030233,8477369,SEA,D,846,10,7,0.63415,0.17224,1,0
20222023,2022030233,8477416,SEA,F,734,13,13,0.65436,0.76672,4,4
20222023,2022030233,8477503,DAL,F,635,10,10,0.40523,0.47154,1,2
20222023,2022030233,8477505,SEA,F,882,7,8,0.23253,0.63261,1,2
20222023,2022030233,8477987,SEA,F,595,6,5,0.36189,0.24644,1,2
20222023,2022030233,8478407,SEA,D,1024,6,17,0.22967,0.9489,3,5
20222023,2022030233,8478449,DAL,F,796,12,9,0.70505,0.46824,4,3
20222023,2022030233,8478466,SEA,F,396,2,4,0.05319,0.2356,0,2
20222023,2022030233,8478840,SEA,D,809,14,7,0.58244,0.37739,3,2
20222023,2022030233,8478975,DAL,F,700,12,12,0.53869,0.54198,1,3
20222023,2022030233,8479293,SEA,F,590,4,6,0.15174,0.44111,0,3
20222023,2022030233,8479987,SEA,F,815,10,8,0.33184,0.43898,2,1
20222023,2022030233,8480009,SEA,F,777,12,12,0.7383,0.7098,4,4
20222023,2022030233,8480027,DAL,F,776,12,10,0.74766,0.55721,4,4
20222023,2022030233,8480036,DAL,D,672,5,11,0.46908,0.86837,4,6
20222023,2022030233,8480848,DAL,F,699,4,7,0.17596,0.343,1,2
20222023,2022030233,8481581,DAL,,950,10,12,0.44016,0.57767,1,3
20222023,2022030233,8481789,SEA,,694,4,7,0.49338,0.21145,2,0
20222023,2022030233,8482665,SEA,F,592,9,6,0.67615,0.15453,3,0
20222023,2022030233,8482740,DAL,F,811,7,8,0.5151,0.56447,2,3
20222023,2022030234,8470600,DAL,D,1204,12,19,0.58035,1.84655,2,8
20222023,2022030234,8470794,DAL,F,956,5,7,0.31968,0.70875,1,4
20222023,2022030234,8473994,DAL,F,796,12,12,0.61119,0.79176,4,3
20222023,2022030234,8474149,DAL,F,775,9,8,0.41924,0.60684,3,3
20222023,2022030234,8474586,SEA,F,920,5,8,0.21641,0.49042,1,3
20222023,2022030234,8474602,SEA,D,867,5,7,0.633,0.46563,2,2
20222023,2022030234,8475768,SEA,F,885,11,7,1.18492,0.28205,6,1
20222023,2022030234,8475794,DAL,F,720,14,11,0.6807,1.2044,3,5
20222023,2022030234,8476457,SEA,D,1049,18,7,1.41166,0.33425,6,2
20222023,2022030234,8476467,SEA,D,951,7,11,0.50082,0.5508,3,3
20222023,2022030234,8476525,DAL,D,818,6,8,0.14314,0.31631,2,2
20222023,2022030234,8476822,DAL,F,612,0,8,0.0,0.23347,0,1
20222023,2022030234,8476826,SEA,F,801,12,8,1.03726,0.29661,4,1
20222023,2022030234,8476889,DAL,F,602,1,11,0.00851,0.79351,0,4
20222023,2022030234,8476902,DAL,D,988,6,10,0.14314,0.46169,2,3
20222023,2022030234,8477369,SEA,D,843,9,10,0.36758,0.61676,2,3
20222023,2022030234,8477416,SEA,F,838,12,9,1.10179,0.40158,4,2
20222023,2022030234,8477503,DAL,F,777,13,12,0.75994,1.25746,3,6
20222023,2022030234,8477505,SEA,F,863,10,9,1.13186,0.46719,5,2
20222023,2022030234,8477810,DAL,D,570,6,3,0.59029,0.12792,3,1
20222023,2022030234,8477955,SEA,F,693,8,3,0.55875,0.07245,4,0
20222023,2022030234,8477987,SEA,F,595,4,3,0.17334,0.21443,2,3
20222023,2022030234,8478407,SEA,D,1025,17,5,1.7449,0.17353,7,1
20222023,2022030234,8478449,DAL,F,927,10,6,0.46439,0.65569,3,3
20222023,2022030234,8478840,SEA,D,913,8,12,0.55388,0.57741,4,3
20222023,2022030234,8478975,DAL,F,152,1,1,0.17258,0.09914,1,1
20222023,2022030234,8479293,SEA,F,452,4,2,0.1028,0.18514,1,1
20222023,2022030234,8479987,SEA,F,729,11,8,1.03526,0.44441,5,2
20222023,2022030234,8480009,SEA,F,720,10,8,0.68463,0.3964,2,2
20222023,2022030234,8480027,DAL,F,980,7,6,0.34588,0.65569,1,3
20222023,2022030234,8480036,DAL,D,1463,13,20,0.58811,2.15119,2,9
20222023,2022030234,8481581,DAL,,745,8,4,0.6357,0.30818,3,1
20222023,2022030234,8481641,DAL,F,669,2,8,0.15155,0.35175,1,1
20222023,2022030234,8481789,SEA,,704,4,7,0.37433,0.44593,1,3
20222023,2022030234,8482665,SEA,F,767,5,6,0.21641,0.38096,1,1
20222023,2022030234,8482740,DAL,F,707,5,6,0.18156,0.4593,1,2
20222023,2022030235,8470600,DAL,D,1271,12,14,2.12377,0.34041,8,2
20222023,2022030235,8470794,DAL,F,1042,10,15,1.79778,0.49257,6,1
20222023,2022030235,8473994,DAL,F,875,5,9,0.66515,0.36892,3,2
20222023,2022030235,8474149,DAL,F,713,5,7,0.66515,0.33253,3,2
20222023,2022030235,8474586,SEA,F,1020,8,9,0.34807,0.70218,1,4
20222023,2022030235,8474602,SEA,D,1069,9,10,0.15377,0.84584,0,5
20222023,2022030235,8475768,SEA,F,1009,13,7,0.46228,1.60043,1,6
20222023,2022030235,8475794,DAL,F,712,4,9,0.2606,0.46107,1,1
20222023,2022030235,8475825,DAL,D,1047,8,9,0.74704,0.25747,4,0
20222023,2022030235,8476457,SEA,D,1365,20,9,1.09616,1.1876,4,4
20222023,2022030235,8476467,SEA,D,876,9,5,0.14358,1.01994,0,3
20222023,2022030235,8476822,DAL,F,691,5,3,0.32985,0.03141,2,0
20222023,2022030235,8476826,SEA,F,914,8,6,0.29007,0.84873,1,3
20222023,2022030235,8476889,DAL,F,724,6,2,0.34659,0.01945,2,0
20222023,2022030235,8476902,DAL,D,1100,9,9,0.7931,0.30157,4,0
20222023,2022030235,8477369,SEA,D,960,6,9,0.09102,0.67054,0,4
20222023,2022030235,8477416,SEA,F,717,8,7,0.1436,1.60078,1,5
20222023,2022030235,8477503,DAL,F,846,3,10,0.24386,0.50654,1,1
20222023,2022030235,8477505,SEA,F,1007,10,6,0.29052,1.45314,1,5
20222023,2022030235,8477810,DAL,D,818,2,10,0.09827,0.58066,0,2
20222023,2022030235,8477955,SEA,F,933,10,6,0.42954,0.54823,1,2
20222023,2022030235,8477987,SEA,F,558,6,4,0.38432,0.10554,1,0
20222023,2022030235,8478407,SEA,D,1258,18,9,1.06711,1.1876,4,4
20222023,2022030235,8478449,DAL,F,833,10,12,1.79778,0.41071,6,1
20222023,2022030235,8478840,SEA,D,834,6,6,0.08352,1.19524,0,4
20222023,2022030235,8479293,SEA,F,679,6,4,0.388,0.10554,1,0
20222023,2022030235,8479987,SEA,F,492,8,1,0.2241,0.1753,0,1
20222023,2022030235,8480009,SEA,F,711,6,5,0.0928,0.82184,0,3
20222023,2022030235,8480027,DAL,F,902,9,14,1.73384,0.43585,5,1
20222023,2022030235,8480036,DAL,D,1348,14,15,2.20807,0.47945,8,2
20222023,2022030235,8480848,DAL,F,777,5,3,0.32985,0.03141,2,0
20222023,2022030235,8481581,DAL,,836,3,11,0.13651,0.6756,0,2
20222023,2022030235,8481641,DAL,F,783,5,9,0.32454,0.49336,2,1
20222023,2022030235,8481789,SEA,,778,8,8,0.35646,0.52557,2,3
20222023,2022030235,8482665,SEA,F,931,11,9,0.54298,0.67286,2,4
20222023,2022030235,8482740,DAL,F,766,5,9,0.66515,0.36892,3,2
20222023,2022030236,8470600,DAL,D,1088,12,10,0.41266,0.53916,3,4
20222023,2022030236,8470794,DAL,F,1203,14,6,0.70761,0.10726,4,1
20222023,2022030236,8473994,DAL,F,834,6,8,0.38988,0.34866,3,3
20222023,2022030236,8474149,DAL,F,772,5,8,0.34146,0.36302,3,4
20222023,2022030236,8474586,SEA,F,832,6,8,0.32664,0.22513,2,2
20222023,2022030236,8474602,SEA,D,778,11,11,0.67715,0.57784,3,4
20222023,2022030236,8475768,SEA,F,828,8,12,0.34873,0.45598,3,3
20222023,2022030236,8475794,DAL,F,620,7,9,0.46153,0.58961,3,2
20222023,2022030236,8475825,DAL,D,822,16,10,0.87544,0.55545,5,2
20222023,2022030236,8476457,SEA,D,1213,7,9,0.36874,0.48189,3,4
20222023,2022030236,8476467,SEA,D,1131,10,11,0.4637,0.61401,3,3
20222023,2022030236,8476826,SEA,F,940,12,5,0.76141,0.51512,4,4
20222023,2022030236,8476889,DAL,F,541,9,3,0.35556,0.27157,2,1
20222023,2022030236,8476902,DAL,D,821,12,10,0.68302,0.67322,4,4
20222023,2022030236,8477369,SEA,D,806,8,12,0.42697,0.63763,2,4
20222023,2022030236,8477416,SEA,F,853,11,5,0.68427,0.51512,4,4
20222023,2022030236,8477503,DAL,F,712,7,8,0.46153,0.51756,3,2
20222023,2022030236,8477505,SEA,F,923,7,15,0.18121,0.81666,2,4
20222023,2022030236,8477810,DAL,D,662,10,4,0.72206,0.2266,5,1
20222023,2022030236,8477955,SEA,F,746,7,15,0.18121,0.81666,2,4
20222023,2022030236,8477987,SEA,F,389,3,7,0.30686,0.30925,1,2
20222023,2022030236,8478407,SEA,D,939,7,10,0.36365,0.56821,3,5
20222023,2022030236,8478449,DAL,F,1063,14,6,0.70761,0.10726,4,1
20222023,2022030236,8478840,SEA,D,1111,11,17,0.69775,0.85274,4,4
20222023,2022030236,8478975,DAL,F,746,10,10,0.77111,0.77149,4,4
20222023,2022030236,8479293,SEA,F,737,4,8,0.31786,0.3938,1,2
20222023,2022030236,8479987,SEA,F,359,2,7,0.22972,0.30925,1,2
20222023,2022030236,8480009,SEA,F,801,10,5,0.67327,0.51512,4,4
20222023,2022030236,8480027,DAL,F,1105,12,6,0.43148,0.10726,3,1
20222023,2022030236,8480036,DAL,D,1433,12,15,0.41266,0.69657,3,5
20222023,2022030236,8480848,DAL,F,524,9,4,0.35556,0.43909,2,2
20222023,2022030236,8481581,DAL,,971,7,5,0.57806,0.30696,4,2
20222023,2022030236,8481641,DAL,F,508,8,4,0.32211,0.43909,2,2
20222023,2022030236,8481789,SEA,,725,5,10,0.15912,0.50126,1,3
20222023,2022030236,8482665,SEA,F,759,6,8,0.32664,0.22513,2,2
20222023,2022030236,8482740,DAL,F,694,5,9,0.34146,0.43507,3,4
20222023,2022030237,8470600,DAL,D,1532,22,20,1.61303,0.98316,10,5
20222023,2022030237,8470794,DAL,F,1009,17,6,1.60874,0.25019,9,1
20222023,2022030237,8473994,DAL,F,819,12,8,0.64177,0.38624,6,2
20222023,2022030237,8474149,DAL,F,891,12,9,0.64177,0.43226,6,2
20222023,2022030237,8474586,SEA,F,1104,6,13,0.21512,1.17492,1,7
20222023,2022030237,8474602,SEA,D,937,7,12,0.28883,0.4648,2,4
20222023,2022030237,8475768,SEA,F,1088,12,9,0.93981,0.54205,5,4
20222023,2022030237,8475794,DAL,F,850,7,12,0.59542,0.7527,3,4
20222023,2022030237,8476457,SEA,D,1355,15,20,0.96798,1.59576,5,9
20222023,2022030237,8476467,SEA,D,998,10,10,0.25501,0.99168,0,6
20222023,2022030237,8476525,DAL,D,832,9,5,0.77142,0.25476,6,1
20222023,2022030237,8476822,DAL,F,706,8,4,0.37147,0.0561,2,0
20222023,2022030237,8476826,SEA,F,1151,10,16,0.30826,1.37156,1,9
20222023,2022030237,8476889,DAL,F,746,8,5,0.37147,0.14744,2,1
20222023,2022030237,8476902,DAL,D,1259,11,7,0.88987,0.32645,6,1
20222023,2022030237,8477369,SEA,D,999,11,17,0.34303,0.7786,2,6
20222023,2022030237,8477416,SEA,F,1150,6,16,0.26536,1.47328,1,10
20222023,2022030237,8477503,DAL,F,806,7,12,0.50385,0.78379,3,4
20222023,2022030237,8477505,SEA,F,906,10,9,0.68223,0.54291,3,3
20222023,2022030237,8477810,DAL,D,595,10,4,0.54612,0.17576,3,1
20222023,2022030237,8477955,SEA,F,944,10,7,0.785,0.33291,4,2
20222023,2022030237,8477987,SEA,F,515,5,13,0.16977,0.62727,1,5
20222023,2022030237,8478407,SEA,D,1293,12,22,0.95467,1.76092,5,10
20222023,2022030237,8478449,DAL,F,897,17,5,1.70031,0.15086,9,0
20222023,2022030237,8478840,SEA,D,946,8,7,0.17433,0.84304,0,5
20222023,2022030237,8478975,DAL,F,817,7,11,0.59542,0.74476,3,4
20222023,2022030237,8479293,SEA,F,603,9,14,0.30549,0.66565,2,5
20222023,2022030237,8479987,SEA,F,416,5,8,0.1527,0.23629,1,1
20222023,2022030237,8480009,SEA,F,881,7,11,0.13411,1.00798,0,6
20222023,2022030237,8480027,DAL,F,1008,18,7,1.65209,0.21281,9,0
20222023,2022030237,8480036,DAL,D,1747,23,20,1.78141,1.03657,11,5
20222023,2022030237,8481581,DAL,,741,13,6,0.83295,0.2058,4,1
20222023,2022030237,8481641,DAL,F,592,7,5,0.32812,0.14744,2,1
20222023,2022030237,8481789,SEA,,771,5,10,0.15487,1.00172,0,5
20222023,2022030237,8482665,SEA,F,926,7,6,0.35968,0.67566,2,3
20222023,2022030237,8482740,DAL,F,909,12,9,0.64177,0.40916,6,2
20222023,2022030241,8474166,VGK,D,1096,14,16,0.76042,0.82395,4,3
20222023,2022030241,8474565,VGK,D,1122,14,16,0.76042,0.82395,4,3
20222023,2022030241,8475169,EDM,F,932,12,9,0.55545,0.86432,3,6
20222023,2022030241,8475188,VGK,D,954,10,11,0.50153,0.43473,3,3
20222023,2022030241,8475191,VGK,F,786,6,9,0.40551,0.49131,4,3
20222023,2022030241,8475218,EDM,D,1085,18,16,1.03512,0.93266,5,5
20222023,2022030241,8475760,EDM,F,699,9,9,0.34822,0.58707,2,3
20222023,2022030241,8475786,EDM,F,1131,16,15,0.9297,0.79724,4,2
20222023,2022030241,8475913,VGK,F,889,9,13,0.40458,0.58153,1,3
20222023,2022030241,8476448,VGK,F,783,6,10,0.40551,0.51739,4,3
20222023,2022030241,8476454,EDM,F,920,7,10,0.41477,0.47199,3,2
20222023,2022030241,8476539,VGK,F,701,16,6,1.28233,0.27879,6,1
20222023,2022030241,8476879,EDM,D,964,5,11,0.27319,0.82852,1,4
20222023,2022030241,8476905,VGK,F,859,9,12,0.40458,0.57612,1,3
20222023,2022030241,8476967,EDM,D,643,9,8,0.29498,0.48299,1,4
20222023,2022030241,8477406,EDM,F,242,1,3,0.04573,0.14566,0,1
20222023,2022030241,8477447,VGK,D,911,13,11,0.57096,0.43473,3,3
20222023,2022030241,8477478,VGK,F,506,7,6,0.44321,0.30924,3,1
20222023,2022030241,8477498,EDM,D,1008,10,12,0.43917,0.69406,2,3
20222023,2022030241,8477934,EDM,F,1150,16,13,0.94088,0.98158,4,6
20222023,2022030241,8477964,VGK,F,789,14,6,1.03683,0.27879,5,1
20222023,2022030241,8477998,EDM,F,695,8,6,0.33314,0.43275,1,4
20222023,2022030241,8478020,VGK,F,679,5,9,0.32973,0.51198,3,3
20222023,2022030241,8478402,EDM,F,1187,19,13,0.99726,0.70717,4,2
20222023,2022030241,8478403,VGK,F,856,12,6,0.75997,0.27879,4,1
20222023,2022030241,8478434,VGK,F,531,6,7,0.35092,0.34176,2,1
20222023,2022030241,8478462,VGK,F,600,9,7,0.77012,0.34176,5,1
20222023,2022030241,8479353,VGK,F,792,9,14,0.46832,0.63472,1,3
20222023,2022030241,8479576,EDM,D,333,5,6,0.16873,0.41075,1,3
20222023,2022030241,8479977,EDM,F,726,4,11,0.20715,0.75441,2,3
20222023,2022030241,8479980,VGK,D,910,12,8,1.09192,0.45538,6,2
20222023,2022030241,8480011,EDM,F,587,6,13,0.1976,0.88667,1,6
20222023,2022030241,8480727,VGK,D,846,9,8,1.02249,0.45538,6,2
20222023,2022030241,8480802,EDM,F,640,6,6,0.1334,0.43275,0,4
20222023,2022030241,8480803,EDM,D,1200,21,16,1.20414,0.96658,6,4
20222023,2022030241,8481598,EDM,D,516,3,3,0.05167,0.39218,0,3
20222023,2022030242,8474166,VGK,D,826,16,8,0.64999,0.76206,4,4
20222023,2022030242,8474565,VGK,D,837,14,7,0.62638,0.70651,4,4
20222023,2022030242,8475169,EDM,F,728,8,14,0.68319,0.71557,2,4
20222023,2022030242,8475188,VGK,D,669,7,3,0.51238,0.2235,3,1
20222023,2022030242,8475191,VGK,F,520,7,6,0.39641,0.56281,1,3
20222023,2022030242,8475218,EDM,D,797,12,8,1.13569,0.70134,5,5
20222023,2022030242,8475760,EDM,F,618,6,11,0.29678,0.35927,1,3
20222023,2022030242,8475786,EDM,F,739,8,5,0.99718,0.14882,7,1
20222023,2022030242,8475913,VGK,F,585,6,5,0.42563,0.43386,2,2
20222023,2022030242,8476448,VGK,F,635,10,6,0.80077,0.56281,4,3
20222023,2022030242,8476454,EDM,F,778,1,6,0.1257,0.43608,1,2
20222023,2022030242,8476539,VGK,F,808,15,10,0.60855,0.77021,5,5
20222023,2022030242,8476879,EDM,D,714,9,11,0.82803,0.61592,6,3
20222023,2022030242,8476905,VGK,F,641,5,4,0.36299,0.39035,2,2
20222023,2022030242,8476967,EDM,D,698,5,8,0.3105,0.16749,1,0
20222023,2022030242,8477447,VGK,D,743,7,2,0.45204,0.16342,3,1
20222023,2022030242,8477478,VGK,F,409,5,1,0.32874,0.07394,3,0
20222023,2022030242,8477498,EDM,D,956,12,15,1.33482,0.76412,8,4
20222023,2022030242,8477934,EDM,F,861,5,3,0.39496,0.15943,2,1
20222023,2022030242,8477964,VGK,F,652,9,9,0.23464,0.60181,2,5
20222023,2022030242,8477998,EDM,F,483,11,5,0.98797,0.44657,7,2
20222023,2022030242,8478020,VGK,F,457,5,5,0.46758,0.50726,2,3
20222023,2022030242,8478402,EDM,F,731,5,4,0.52175,0.24116,2,2
20222023,2022030242,8478403,VGK,F,774,11,11,0.36867,0.9251,3,6
20222023,2022030242,8478434,VGK,F,331,2,2,0.02359,0.24087,0,1
20222023,2022030242,8478462,VGK,F,442,6,0,0.21353,0.0,1,0
20222023,2022030242,8478585,EDM,F,520,6,5,0.53846,0.20475,3,0
20222023,2022030242,8479353,VGK,F,624,7,7,0.47919,0.78758,2,3
20222023,2022030242,8479576,EDM,D,444,2,7,0.06242,0.17313,0,1
20222023,2022030242,8479977,EDM,F,658,4,11,0.26123,0.68634,1,5
20222023,2022030242,8479980,VGK,D,746,4,11,0.36068,0.96664,2,6
20222023,2022030242,8480011,EDM,F,408,2,13,0.0687,0.71223,0,5
20222023,2022030242,8480727,VGK,D,840,9,13,0.48279,1.08227,2,6
20222023,2022030242,8480802,EDM,F,636,9,10,0.90674,0.56651,7,2
20222023,2022030242,8480803,EDM,D,668,5,4,0.30688,0.25289,2,2
20222023,2022030242,8481598,EDM,D,307,0,5,0.0,0.44293,0,3
20222023,2022030243,8474166,VGK,D,975,10,11,0.74653,0.79559,4,3
20222023,2022030243,8474565,VGK,D,996,11,10,0.50484,0.73991,4,3
20222023,2022030243,8475169,EDM,F,1124,14,18,0.70292,1.7682,4,9
20222023,2022030243,8475188,VGK,D,972,11,7,1.14296,0.47469,6,3
20222023,2022030243,8475191,VGK,F,777,12,7,0.90722,0.44237,5,2
20222023,2022030243,8475218,EDM,D,966,13,13,0.94947,1.31237,5,7
20222023,2022030243,8475760,EDM,F,721,4,5,0.07556,0.52954,1,3
20222023,2022030243,8475786,EDM,F,662,7,7,0.75552,0.55321,2,3
20222023,2022030243,8475913,VGK,F,783,9,9,1.0781,0.67614,5,4
20222023,2022030243,8476448,VGK,F,834,11,7,0.80705,0.59335,5,3
20222023,2022030243,8476454,EDM,F,854,9,7,0.636,0.5,4,4
20222023,2022030243,8476539,VGK,F,894,13,10,0.95392,0.66005,5,2
20222023,2022030243,8476879,EDM,D,879,5,10,0.29603,0.95124,1,6
20222023,2022030243,8476905,VGK,F,611,7,9,0.96475,0.67614,5,4
20222023,2022030243,8476967,EDM,D,888,12,9,0.6604,0.63931,4,2
20222023,2022030243,8477447,VGK,D,964,11,9,0.89951,0.52638,5,4
20222023,2022030243,8477478,VGK,F,635,2,4,0.18278,0.09847,0,1
20222023,2022030243,8477498,EDM,D,935,7,11,0.65873,1.13,3,6
20222023,2022030243,8477934,EDM,F,1133,21,14,1.38647,0.90066,7,4
20222023,2022030243,8477964,VGK,F,987,13,10,0.94469,0.76648,6,3
20222023,2022030243,8477998,EDM,F,606,4,7,0.33079,0.82876,1,3
20222023,2022030243,8478020,VGK,F,723,9,9,0.65808,0.72569,4,4
20222023,2022030243,8478402,EDM,F,967,16,14,1.40714,1.13016,7,6
20222023,2022030243,8478403,VGK,F,886,13,9,0.84844,0.6355,4,2
20222023,2022030243,8478434,VGK,F,581,2,5,0.18278,0.12302,0,1
20222023,2022030243,8478462,VGK,F,653,4,6,0.32403,0.23081,2,2
20222023,2022030243,8478585,EDM,F,765,7,12,0.38384,1.14302,2,6
20222023,2022030243,8479353,VGK,F,695,8,11,1.04372,0.85303,5,5
20222023,2022030243,8479576,EDM,D,774,9,7,0.49947,0.45251,3,2
20222023,2022030243,8479977,EDM,F,743,7,6,0.39265,0.27776,3,2
20222023,2022030243,8479980,VGK,D,1025,11,15,0.97004,0.94575,4,5
20222023,2022030243,8480011,EDM,F,572,3,2,0.07937,0.14827,1,1
20222023,2022030243,8480727,VGK,D,962,13,12,1.55111,0.83838,6,4
20222023,2022030243,8480802,EDM,F,737,4,10,0.33079,1.04675,1,4
20222023,2022030243,8480803,EDM,D,963,12,14,0.87277,1.1582,4,6
20222023,2022030243,8481598,EDM,D,564,6,4,0.38383,0.24059,2,1
20222023,2022030244,8474166,VGK,D,834,7,10,0.34609,0.5325,1,4
20222023,2022030244,8474565,VGK,D,1078,7,17,0.31812,1.01279,1,6
20222023,2022030244,8475169,EDM,F,652,10,5,0.61218,0.54624,3,3
20222023,2022030244,8475188,VGK,D,899,5,11,0.54624,0.63704,3,3
20222023,2022030244,8475191,VGK,F,634,3,8,0.21568,0.42521,0,3
20222023,2022030244,8475218,EDM,D,799,12,6,0.78969,0.66895,5,3
20222023,2022030244,8475760,EDM,F,677,3,8,0.21482,0.37176,3,3
20222023,2022030244,8475786,EDM,F,817,10,1,0.54187,0.11354,2,0
20222023,2022030244,8475913,VGK,F,973,3,8,0.28051,0.389,2,2
20222023,2022030244,8476448,VGK,F,676,3,7,0.21568,0.40033,0,3
20222023,2022030244,8476454,EDM,F,899,11,1,0.55701,0.10857,2,1
20222023,2022030244,8476539,VGK,F,694,5,9,0.27043,0.48139,3,2
20222023,2022030244,8476879,EDM,D,801,9,5,0.48905,0.2685,2,3
20222023,2022030244,8476905,VGK,F,790,3,10,0.28051,0.61968,2,4
20222023,2022030244,8476967,EDM,D,879,7,5,0.22932,0.16826,2,0
20222023,2022030244,8477406,EDM,F,533,2,6,0.14822,0.25728,2,2
20222023,2022030244,8477447,VGK,D,873,5,7,0.54624,0.40241,3,3
20222023,2022030244,8477478,VGK,F,527,4,5,0.33318,0.40138,1,2
20222023,2022030244,8477498,EDM,D,907,12,6,0.83856,0.38204,5,3
20222023,2022030244,8477934,EDM,F,950,9,6,0.36166,0.65978,1,3
20222023,2022030244,8477964,VGK,F,575,5,9,0.27043,0.51528,3,2
20222023,2022030244,8477998,EDM,F,544,8,2,0.51829,0.07417,3,0
20222023,2022030244,8478020,VGK,F,407,2,8,0.10214,0.46693,0,4
20222023,2022030244,8478402,EDM,F,968,11,2,0.7344,0.22211,3,1
20222023,2022030244,8478403,VGK,F,774,5,8,0.27043,0.39088,3,1
20222023,2022030244,8478434,VGK,F,514,4,4,0.33318,0.26121,1,1
20222023,2022030244,8478462,VGK,F,579,5,4,0.44672,0.23734,1,2
20222023,2022030244,8478585,EDM,F,313,6,1,0.35147,0.00591,3,0
20222023,2022030244,8479353,VGK,F,736,3,9,0.28051,0.52376,2,3
20222023,2022030244,8479576,EDM,D,798,10,3,0.47572,0.04881,3,0
20222023,2022030244,8479977,EDM,F,688,6,6,0.21794,0.6145,1,3
20222023,2022030244,8479980,VGK,D,795,2,9,0.20156,0.56916,2,3
20222023,2022030244,8480011,EDM,F,648,5,6,0.29978,0.25728,3,2
20222023,2022030244,8480727,VGK,D,883,4,7,0.24135,0.42721,2,2
20222023,2022030244,8480802,EDM,F,508,8,1,0.51829,0.06826,3,0
20222023,2022030244,8480803,EDM,D,1026,11,5,0.79523,0.66304,4,3
20222023,2022030245,8474166,VGK,D,730,5,6,0.35051,0.26273,2,2
20222023,2022030245,8475169,EDM,F,823,9,10,0.62413,0.22549,4,3
20222023,2022030245,8475188,VGK,D,904,10,9,0.74532,0.35345,5,3
20222023,2022030245,8475191,VGK,F,554,6,6,0.46088,0.26581,4,2
20222023,2022030245,8475218,EDM,D,1134,7,15,0.4834,0.73239,4,6
20222023,2022030245,8475760,EDM,F,427,1,3,0.02245,0.27366,0,1
20222023,2022030245,8475786,EDM,F,706,6,8,0.31508,0.49956,2,3
20222023,2022030245,8475913,VGK,F,820,4,11,0.05734,0.6732,0,4
20222023,2022030245,8476448,VGK,F,644,8,7,0.52094,0.30518,4,3
20222023,2022030245,8476454,EDM,F,814,2,5,0.17555,0.23557,1,1
20222023,2022030245,8476539,VGK,F,685,7,2,0.34782,0.03864,1,0
20222023,2022030245,8476879,EDM,D,772,7,6,0.38029,0.32184,1,1
20222023,2022030245,8476905,VGK,F,814,3,9,0.05604,0.60864,1,3
20222023,2022030245,8476927,VGK,F,289,2,3,0.07685,0.0714,1,0
20222023,2022030245,8476967,EDM,D,871,10,5,0.46732,0.24886,2,1
20222023,2022030245,8477018,VGK,D,568,2,5,0.09662,0.22336,1,1
20222023,2022030245,8477406,EDM,F,264,1,3,0.02245,0.27366,0,1
20222023,2022030245,8477447,VGK,D,847,8,8,0.4935,0.31408,4,2
20222023,2022030245,8477478,VGK,F,380,0,5,0.0,0.11303,0,0
20222023,2022030245,8477934,EDM,F,854,9,6,0.66494,0.08594,4,1
20222023,2022030245,8477964,VGK,F,676,8,2,0.4226,0.08316,2,0
20222023,2022030245,8477998,EDM,F,419,9,2,0.17963,0.1865,1,1
20222023,2022030245,8478402,EDM,F,821,8,9,0.50816,0.53518,4,5
20222023,2022030245,8478403,VGK,F,832,7,4,0.32742,0.28303,1,1
20222023,2022030245,8478434,VGK,F,268,1,2,0.00146,0.0077,0,0
20222023,2022030245,8478462,VGK,F,566,7,6,0.49985,0.26581,5,2
20222023,2022030245,8478585,EDM,F,532,6,2,0.08739,0.09662,0,1
20222023,2022030245,8479353,VGK,F,620,7,9,0.17255,0.43155,2,3
20222023,2022030245,8479576,EDM,D,612,6,4,0.18092,0.28583,1,2
20222023,2022030245,8479977,EDM,F,649,7,6,0.43655,0.08288,2,0
20222023,2022030245,8479980,VGK,D,659,7,8,0.13724,0.47224,1,2
20222023,2022030245,8480011,EDM,F,210,1,2,0.02245,0.25182,0,1
20222023,2022030245,8480727,VGK,D,875,8,8,0.13931,0.47224,1,2
20222023,2022030245,8480802,EDM,F,522,7,2,0.08837,0.08953,0,1
20222023,2022030245,8480803,EDM,D,982,7,10,0.39527,0.37358,3,4
20222023,2022030245,8481598,EDM,D,318,7,2,0.1909,0.10734,1,2
20222023,2022030246,8474166,VGK,D,1258,11,23,1.1748,1.57577,4,9
20222023,2022030246,8474565,VGK,D,1078,10,20,1.17847,1.21548,3,7
20222023,2022030246,8475169,EDM,F,1296,16,5,1.04126,0.33858,5,1
20222023,2022030246,8475188,VGK,D,905,3,11,0.31415,1.19076,2,5
20222023,2022030246,8475191,VGK,F,954,6,11,0.75371,0.41607,2,1
20222023,2022030246,8475218,EDM,D,1393,18,5,1.18258,0.59139,7,2
20222023,2022030246,8475760,EDM,F,421,3,5,0.18675,0.27491,0,2
20222023,2022030246,8475786,EDM,F,1071,19,3,1.31744,0.1062,11,0
20222023,2022030246,8475913,VGK,F,921,5,15,0.3754,1.00672,1,5
20222023,2022030246,8476448,VGK,F,905,5,13,0.71436,0.67921,2,4
20222023,2022030246,8476454,EDM,F,975,8,7,0.76082,0.81107,4,5
20222023,2022030246,8476539,VGK,F,919,10,12,0.94069,1.20492,5,4
20222023,2022030246,8476879,EDM,D,762,6,7,0.39651,0.74073,1,4
20222023,2022030246,8476905,VGK,F,906,4,15,0.24493,1.1109,0,6
20222023,2022030246,8476927,VGK,F,657,3,4,0.09362,0.30534,1,2
20222023,2022030246,8476967,EDM,D,934,13,11,1.093,0.72783,3,2
20222023,2022030246,8477406,EDM,F,378,2,1,0.08443,0.04022,1,1
20222023,2022030246,8477447,VGK,D,958,5,13,0.39455,1.22287,2,5
20222023,2022030246,8477478,VGK,F,547,2,4,0.05427,0.30534,1,2
20222023,2022030246,8477498,EDM,D,1070,17,8,1.32099,0.83569,4,5
20222023,2022030246,8477934,EDM,F,1355,16,12,1.2148,1.18602,4,6
20222023,2022030246,8477964,VGK,F,865,10,12,0.94069,1.20492,5,4
20222023,2022030246,8477998,EDM,F,707,10,8,0.70083,0.78048,2,2
20222023,2022030246,8478402,EDM,F,1276,21,6,1.21297,0.35443,7,1
20222023,2022030246,8478403,VGK,F,947,11,13,1.07116,1.20793,6,4
20222023,2022030246,8478434,VGK,F,577,2,4,0.05427,0.30534,1,2
20222023,2022030246,8478462,VGK,F,920,5,11,0.68736,0.58961,2,3
20222023,2022030246,8478585,EDM,F,802,13,8,1.01453,0.879,3,2
20222023,2022030246,8479353,VGK,F,840,5,14,0.3754,0.99117,1,5
20222023,2022030246,8479576,EDM,D,732,7,8,0.38117,0.48448,1,2
20222023,2022030246,8479977,EDM,F,869,7,7,0.67254,0.81107,2,5
20222023,2022030246,8479980,VGK,D,1342,11,13,0.6978,0.70805,4,2
20222023,2022030246,8480011,EDM,F,230,3,1,0.28559,0.04022,0,1
20222023,2022030246,8480727,VGK,D,1048,7,7,0.55472,0.3118,3,0
20222023,2022030246,8480802,EDM,F,710,10,5,0.83551,0.68366,3,1
20222023,2022030246,8480803,EDM,D,1708,26,8,1.85048,0.93437,12,3
20222023,2022030311,8470595,FLA,F,525,4,6,0.1578,0.22255,1,1
20222023,2022030311,8470613,CAR,D,1041,11,12,0.76282,0.8823,5,5
20222023,2022030311,8471669,CAR,F,444,5,3,0.07189,0.03828,0,0
20222023,2022030311,8471686,FLA,D,890,11,11,0.62175,0.78501,4,6
20222023,2022030311,8473533,CAR,F,760,11,8,0.81517,0.45713,4,4
20222023,2022030311,8474613,CAR,F,393,4,2,0.05965,0.03329,0,0
20222023,2022030311,8475462,FLA,D,733,5,7,0.44539,0.08761,2,0
20222023,2022030311,8475855,CAR,F,740,10,9,0.60926,0.73955,5,4
20222023,2022030311,8476393,FLA,F,678,5,11,0.23616,0.61691,1,5
20222023,2022030311,8476474,CAR,F,759,7,1,0.38692,0.11952,2,1
20222023,2022030311,8476869,CAR,D,1051,16,7,0.88344,0.38905,5,3
20222023,2022030311,8476882,CAR,F,821,12,10,0.83302,0.54546,4,5
20222023,2022030311,8476906,CAR,D,680,7,0,0.25727,0.0,1,0
20222023,2022030311,8476921,CAR,F,757,9,6,0.59875,0.25976,5,1
20222023,2022030311,8476958,CAR,D,1086,12,14,0.77506,0.97295,5,6
20222023,2022030311,8477407,FLA,F,762,11,10,0.93415,0.80704,7,4
20222023,2022030311,8477409,FLA,F,905,13,12,0.97303,0.83918,7,4
20222023,2022030311,8477488,CAR,D,1100,15,10,0.8712,0.48469,5,4
20222023,2022030311,8477493,FLA,F,944,11,10,0.83782,0.80704,6,4
20222023,2022030311,8477932,FLA,D,1057,5,15,0.22403,1.01307,2,5
20222023,2022030311,8477933,FLA,F,940,1,7,0.11952,0.38936,1,2
20222023,2022030311,8477935,FLA,F,776,6,12,0.35798,0.63854,2,5
20222023,2022030311,8477986,FLA,D,1135,14,13,0.83279,0.95681,6,7
20222023,2022030311,8478055,FLA,D,1121,5,14,0.17802,0.85911,2,4
20222023,2022030311,8478400,FLA,F,432,3,5,0.03828,0.06859,0,0
20222023,2022030311,8478427,CAR,F,875,7,1,0.38936,0.11952,2,1
20222023,2022030311,8478970,CAR,D,686,7,1,0.25727,0.00499,1,0
20222023,2022030311,8479066,FLA,F,422,3,4,0.03828,0.05808,0,0
20222023,2022030311,8479314,FLA,F,800,7,12,0.27504,0.63854,1,5
20222023,2022030311,8479372,FLA,D,685,4,8,0.432,0.10545,2,0
20222023,2022030311,8480039,CAR,F,852,12,9,0.83302,0.46964,4,4
20222023,2022030311,8480185,FLA,F,717,1,7,0.11952,0.38936,1,2
20222023,2022030311,8480829,CAR,F,776,11,10,0.62711,0.75206,5,4
20222023,2022030311,8480835,CAR,F,531,6,5,0.08484,0.44225,0,2
20222023,2022030311,8482093,CAR,F,846,8,2,0.4016,0.12451,2,1
20222023,2022030311,8482113,FLA,F,693,1,6,0.01339,0.2354,0,1
20222023,2022030312,8470595,FLA,F,453,3,9,0.10329,0.55103,0,4
20222023,2022030312,8470613,CAR,D,1045,14,12,0.7747,0.57896,5,6
20222023,2022030312,8471669,CAR,F,462,9,3,0.73784,0.10329,5,0
20222023,2022030312,8471686,FLA,D,946,11,21,0.42323,1.63594,3,11
20222023,2022030312,8473533,CAR,F,848,14,7,0.83995,0.32864,7,2
20222023,2022030312,8475462,FLA,D,773,5,9,0.16732,0.3369,2,2
20222023,2022030312,8475855,CAR,F,760,8,12,0.64007,0.49291,3,6
20222023,2022030312,8476393,FLA,F,746,10,8,0.43788,0.37668,5,3
20222023,2022030312,8476474,CAR,F,849,9,4,0.40726,0.335,3,3
20222023,2022030312,8476869,CAR,D,1135,12,12,0.50051,0.56711,4,5
20222023,2022030312,8476882,CAR,F,822,11,6,0.61183,0.30446,6,1
20222023,2022030312,8476906,CAR,D,768,12,4,1.06675,0.34121,7,2
20222023,2022030312,8476907,CAR,,428,7,3,0.52603,0.10329,4,0
20222023,2022030312,8476921,CAR,F,790,9,15,0.66909,0.74453,4,9
20222023,2022030312,8476958,CAR,D,1103,18,12,1.03242,0.57896,6,6
20222023,2022030312,8477407,FLA,F,861,8,12,0.52523,0.8051,4,6
20222023,2022030312,8477409,FLA,F,894,10,13,0.60994,0.84715,5,7
20222023,2022030312,8477488,CAR,D,1095,14,12,0.68562,0.56711,5,5
20222023,2022030312,8477493,FLA,F,965,11,14,0.61111,1.13499,5,8
20222023,2022030312,8477932,FLA,D,1099,11,6,0.82213,0.23852,8,2
20222023,2022030312,8477933,FLA,F,895,3,10,0.29729,0.60041,2,3
20222023,2022030312,8477935,FLA,F,834,11,12,0.43905,0.61673,5,4
20222023,2022030312,8477986,FLA,D,1113,14,23,0.73717,1.72321,5,12
20222023,2022030312,8478055,FLA,D,1180,10,9,0.65739,0.44704,6,4
20222023,2022030312,8478400,FLA,F,446,5,8,0.17185,0.53485,1,4
20222023,2022030312,8478427,CAR,F,928,10,5,0.59357,0.36585,4,3
20222023,2022030312,8478970,CAR,D,745,11,4,0.92688,0.34121,7,2
20222023,2022030312,8479066,FLA,F,436,3,8,0.10329,0.53485,0,4
20222023,2022030312,8479314,FLA,F,798,12,9,0.49291,0.51646,6,4
20222023,2022030312,8479372,FLA,D,800,5,10,0.16732,0.53203,2,3
20222023,2022030312,8480039,CAR,F,910,11,9,0.69861,0.55608,5,4
20222023,2022030312,8480185,FLA,F,762,4,8,0.335,0.48376,3,2
20222023,2022030312,8480829,CAR,F,733,7,13,0.48845,0.6895,2,8
20222023,2022030312,8480835,CAR,F,497,8,3,0.53485,0.10329,4,0
20222023,2022030312,8482093,CAR,F,868,11,4,0.54967,0.335,4,3
20222023,2022030312,8482113,FLA,F,747,4,6,0.335,0.36845,3,2
20222023,2022030313,8470595,FLA,F,438,0,11,0.0,0.50268,0,2
20222023,2022030313,8470613,CAR,D,1218,18,5,0.85453,0.27062,5,2
20222023,2022030313,8471669,CAR,F,736,8,1,0.3141,0.02214,2,0
20222023,2022030313,8471686,FLA,D,1043,8,17,0.5327,0.76064,4,5
20222023,2022030313,8473533,CAR,F,834,10,3,0.40767,0.15142,2,1
20222023,2022030313,8475462,FLA,D,909,5,10,0.12012,0.46601,0,4
20222023,2022030313,8475855,CAR,F,675,8,1,0.3141,0.02214,2,0
20222023,2022030313,8476393,FLA,F,919,7,13,0.37871,0.65542,1,4
20222023,2022030313,8476474,CAR,F,846,12,10,1.06864,0.64741,7,3
20222023,2022030313,8476869,CAR,D,995,13,8,0.75094,0.5493,4,2
20222023,2022030313,8476882,CAR,F,543,12,0,0.5574,0.0,3,0
20222023,2022030313,8476906,CAR,D,933,12,2,0.77685,0.00507,5,0
20222023,2022030313,8476907,CAR,,635,13,1,0.44702,0.08464,2,1
20222023,2022030313,8476921,CAR,F,860,8,1,0.3326,0.02214,2,0
20222023,2022030313,8476958,CAR,D,996,16,6,0.63645,0.27464,5,2
20222023,2022030313,8477407,FLA,F,608,5,8,0.26747,0.54604,1,4
20222023,2022030313,8477409,FLA,F,888,6,12,0.39366,0.73492,2,5
20222023,2022030313,8477488,CAR,D,1073,13,8,0.69303,0.5493,4,2
20222023,2022030313,8477493,FLA,F,208,1,3,0.03133,0.24681,0,3
20222023,2022030313,8477932,FLA,D,993,0,15,0.0,1.05353,0,5
20222023,2022030313,8477933,FLA,F,1018,2,10,0.05262,0.7041,1,5
20222023,2022030313,8477935,FLA,F,989,7,12,0.37871,0.41061,1,2
20222023,2022030313,8477986,FLA,D,1142,12,18,0.75716,0.77481,4,5
20222023,2022030313,8478055,FLA,D,1139,2,15,0.17217,0.90665,0,5
20222023,2022030313,8478400,FLA,F,401,0,8,0.0,0.35982,0,1
20222023,2022030313,8478427,CAR,F,1078,13,10,1.15588,0.64741,8,3
20222023,2022030313,8478970,CAR,D,685,12,1,0.84856,0.00105,5,0
20222023,2022030313,8479066,FLA,F,675,1,11,0.00105,0.61562,0,4
20222023,2022030313,8479314,FLA,F,1046,8,17,0.5049,0.71997,2,4
20222023,2022030313,8479372,FLA,D,728,3,9,0.06783,0.59872,0,4
20222023,2022030313,8480039,CAR,F,1057,10,4,0.34004,0.15544,2,1
20222023,2022030313,8480185,FLA,F,829,6,11,0.4139,0.68676,3,3
20222023,2022030313,8480829,CAR,F,545,11,1,0.40253,0.00402,2,0
20222023,2022030313,8480835,CAR,F,589,8,3,0.42848,0.0708,3,0
20222023,2022030313,8482093,CAR,F,780,13,10,1.07208,0.64741,7,3
20222023,2022030313,8482113,FLA,F,889,2,10,0.05262,0.65779,1,5
20222023,2022030314,8470595,FLA,F,321,3,9,0.29174,0.95275,2,5
20222023,2022030314,8470613,CAR,D,1104,19,13,1.08878,1.06812,4,8
20222023,2022030314,8471669,CAR,F,792,9,11,0.6919,1.29544,6,7
20222023,2022030314,8471686,FLA,D,786,10,18,0.98008,1.65878,8,12
20222023,2022030314,8473533,CAR,F,905,10,6,0.59337,0.60125,2,4
20222023,2022030314,8475462,FLA,D,831,6,14,0.27456,0.81925,2,4
20222023,2022030314,8475855,CAR,F,767,7,9,0.55749,1.14142,4,6
20222023,2022030314,8476393,FLA,F,710,11,7,0.99782,0.57208,7,5
20222023,2022030314,8476474,CAR,F,169,3,3,0.25724,0.09274,0,2
20222023,2022030314,8476869,CAR,D,1252,19,12,1.36099,1.4752,10,8
20222023,2022030314,8476882,CAR,F,614,8,6,0.23914,0.66514,2,5
20222023,2022030314,8476906,CAR,D,884,10,13,1.06606,1.16987,4,9
20222023,2022030314,8476907,CAR,,736,11,7,0.52289,0.7088,4,6
20222023,2022030314,8476921,CAR,F,889,12,11,0.70747,1.18012,6,6
20222023,2022030314,8476958,CAR,D,46,1,0,0.00735,0.0,0,0
20222023,2022030314,8477407,FLA,F,726,7,7,0.67207,0.13314,3,0
20222023,2022030314,8477409,FLA,F,981,10,8,0.96195,0.22277,5,1
20222023,2022030314,8477488,CAR,D,1225,15,13,0.59201,1.37696,4,10
20222023,2022030314,8477493,FLA,F,886,10,7,0.96195,0.13314,5,0
20222023,2022030314,8477932,FLA,D,971,13,9,1.47348,0.33046,9,1
20222023,2022030314,8477933,FLA,F,868,7,17,0.75984,1.59319,7,8
20222023,2022030314,8477935,FLA,F,838,12,7,1.00447,0.56269,7,5
20222023,2022030314,8477986,FLA,D,923,11,15,1.14645,1.29984,9,9
20222023,2022030314,8478055,FLA,D,1015,11,9,1.31122,0.33046,8,1
20222023,2022030314,8478400,FLA,F,294,3,5,0.29174,0.13082,2,1
20222023,2022030314,8478427,CAR,F,727,13,9,1.04437,0.53969,5,6
20222023,2022030314,8478970,CAR,D,775,10,7,0.76359,0.36609,6,3
20222023,2022030314,8479066,FLA,F,548,5,11,0.58799,0.35037,4,2
20222023,2022030314,8479314,FLA,F,787,11,8,0.99782,0.58224,7,5
20222023,2022030314,8479372,FLA,D,750,7,10,0.27045,0.45015,2,1
20222023,2022030314,8480039,CAR,F,764,9,6,0.46732,0.60125,1,4
20222023,2022030314,8480185,FLA,F,326,3,10,0.18036,1.28401,3,6
20222023,2022030314,8480829,CAR,F,297,5,3,0.10975,0.29174,1,2
20222023,2022030314,8480835,CAR,F,419,10,5,0.95123,0.48074,5,3
20222023,2022030314,8482093,CAR,F,829,14,11,1.176,0.58603,6,6
20222023,2022030314,8482113,FLA,F,699,5,14,0.47661,0.79081,5,4
20222023,2022030321,8470600,DAL,D,1410,15,18,0.67554,1.59655,3,8
20222023,2022030321,8470794,DAL,F,1059,10,17,0.35383,1.12016,2,6
20222023,2022030321,8473994,DAL,F,857,7,9,0.44207,0.86121,3,3
20222023,2022030321,8474149,DAL,F,846,7,7,0.44207,0.58962,3,3
20222023,2022030321,8474166,VGK,D,1128,17,11,1.21505,0.43899,8,3
20222023,2022030321,8474565,VGK,D,1196,17,11,1.56567,0.43899,9,3
20222023,2022030321,8475188,VGK,D,1069,7,13,0.47491,0.5261,2,3
20222023,2022030321,8475191,VGK,F,906,16,7,0.80133,0.50404,7,3
20222023,2022030321,8475794,DAL,F,876,14,13,0.56923,1.05781,2,5
20222023,2022030321,8475913,VGK,F,859,10,12,0.75064,0.50523,4,3
20222023,2022030321,8476448,VGK,F,877,16,7,0.98771,0.50404,8,3
20222023,2022030321,8476525,DAL,D,838,8,10,0.1553,0.5518,1,3
20222023,2022030321,8476539,VGK,F,1067,14,8,1.21655,0.31462,5,1
20222023,2022030321,8476822,DAL,F,613,3,6,0.07955,0.29274,1,3
20222023,2022030321,8476889,DAL,F,813,6,8,0.14577,0.5448,1,4
20222023,2022030321,8476902,DAL,D,1147,8,18,0.32381,1.05621,2,6
20222023,2022030321,8476905,VGK,F,898,11,11,0.593,0.4271,3,2
20222023,2022030321,8476927,VGK,F,650,2,8,0.28726,0.21142,1,2
20222023,2022030321,8477447,VGK,D,1009,10,14,1.06231,0.56071,4,3
20222023,2022030321,8477478,VGK,F,539,2,8,0.28726,0.21142,1,2
20222023,2022030321,8477503,DAL,F,774,10,12,0.45052,0.87471,2,4
20222023,2022030321,8477810,DAL,D,846,12,8,0.64456,0.2977,4,3
20222023,2022030321,8477964,VGK,F,1004,13,9,1.03885,0.33673,4,1
20222023,2022030321,8478403,VGK,F,978,15,9,1.3776,0.33673,6,1
20222023,2022030321,8478434,VGK,F,592,2,9,0.28726,0.26125,1,2
20222023,2022030321,8478449,DAL,F,997,8,13,0.34175,0.62758,2,5
20222023,2022030321,8478462,VGK,F,846,17,6,0.82313,0.39819,7,2
20222023,2022030321,8478975,DAL,F,824,12,11,0.53762,0.77033,2,3
20222023,2022030321,8479353,VGK,F,848,9,11,0.41167,0.4271,2,2
20222023,2022030321,8479980,VGK,D,1181,18,11,0.82881,0.5142,5,2
20222023,2022030321,8480027,DAL,F,1069,10,14,0.35383,0.75426,2,6
20222023,2022030321,8480036,DAL,D,1535,17,20,0.69978,1.76518,3,9
20222023,2022030321,8480727,VGK,D,1158,14,10,0.45269,0.47959,3,2
20222023,2022030321,8481581,DAL,,908,10,9,0.45959,0.34925,3,2
20222023,2022030321,8481641,DAL,F,653,6,7,0.14577,0.33855,1,3
20222023,2022030321,8482740,DAL,F,850,12,9,0.57586,0.828,3,3
20222023,2022030322,8470600,DAL,D,1292,16,17,0.62535,1.04138,3,6
20222023,2022030322,8470794,DAL,F,1061,12,6,0.93734,0.24743,5,3
20222023,2022030322,8473994,DAL,F,928,7,17,0.70661,1.07463,3,5
20222023,2022030322,8474149,DAL,F,921,9,20,0.43621,1.42315,2,6
20222023,2022030322,8474166,VGK,D,1211,8,12,0.13474,0.76935,2,4
20222023,2022030322,8474565,VGK,D,1266,11,12,0.34605,0.53091,3,3
20222023,2022030322,8475188,VGK,D,914,12,8,0.86976,0.58163,6,4
20222023,2022030322,8475191,VGK,F,874,7,12,0.23765,0.77557,2,5
20222023,2022030322,8475794,DAL,F,669,8,5,0.53013,0.29835,4,3
20222023,2022030322,8475913,VGK,F,874,9,5,0.65578,0.43562,4,2
20222023,2022030322,8476448,VGK,F,922,9,14,0.29225,0.82505,2,5
20222023,2022030322,8476525,DAL,D,776,12,11,0.68721,0.58687,5,2
20222023,2022030322,8476539,VGK,F,929,14,14,0.90977,0.7093,4,5
20222023,2022030322,8476822,DAL,F,586,7,9,0.29903,0.38239,2,1
20222023,2022030322,8476889,DAL,F,681,7,8,0.29982,0.18438,2,0
20222023,2022030322,8476902,DAL,D,1050,12,13,0.88905,0.64431,5,3
20222023,2022030322,8476905,VGK,F,812,6,6,0.37595,0.47368,2,2
20222023,2022030322,8476927,VGK,F,570,8,3,0.35619,0.2036,3,1
20222023,2022030322,8477447,VGK,D,865,14,10,0.93692,0.54667,6,4
20222023,2022030322,8477478,VGK,F,506,7,4,0.31743,0.12704,2,0
20222023,2022030322,8477503,DAL,F,696,8,6,0.53013,0.35962,4,3
20222023,2022030322,8477810,DAL,D,801,9,9,0.56951,0.4324,5,3
20222023,2022030322,8477964,VGK,F,900,15,15,0.98591,0.80229,5,6
20222023,2022030322,8478403,VGK,F,870,15,14,1.11258,0.70904,5,5
20222023,2022030322,8478434,VGK,F,492,8,4,0.35689,0.29061,2,1
20222023,2022030322,8478449,DAL,F,925,14,7,0.94657,0.36925,5,3
20222023,2022030322,8478462,VGK,F,851,7,14,0.21453,0.77584,2,5
20222023,2022030322,8478975,DAL,F,757,10,6,0.54273,0.35962,4,3
20222023,2022030322,8479353,VGK,F,913,9,6,0.59598,0.50647,3,2
20222023,2022030322,8479980,VGK,D,1089,15,17,0.90625,1.09883,3,6
20222023,2022030322,8480027,DAL,F,1023,12,7,0.53199,0.36925,3,3
20222023,2022030322,8480036,DAL,D,1462,17,17,0.99184,1.09852,3,6
20222023,2022030322,8480727,VGK,D,1076,16,15,1.08022,0.89535,4,5
20222023,2022030322,8481581,DAL,,914,8,9,0.65978,0.47046,5,4
20222023,2022030322,8481641,DAL,F,591,9,8,0.4387,0.33347,3,1
20222023,2022030322,8482740,DAL,F,911,8,15,0.43485,1.00937,2,5
20222023,2022030323,8470600,DAL,D,815,18,3,0.88494,0.05744,5,0
20222023,2022030323,8470794,DAL,F,651,10,3,0.25644,0.22441,0,1
20222023,2022030323,8473994,DAL,F,42,1,0,0.11187,0.0,1,0
20222023,2022030323,8474149,DAL,F,146,4,1,0.12381,0.01861,1,0
20222023,2022030323,8474166,VGK,D,835,1,18,0.01861,0.88474,0,4
20222023,2022030323,8474565,VGK,D,823,3,16,0.15205,0.82607,1,4
20222023,2022030323,8475188,VGK,D,718,4,9,0.14306,0.41383,1,2
20222023,2022030323,8475191,VGK,F,643,6,12,0.1039,0.75027,0,4
20222023,2022030323,8475794,DAL,F,985,18,4,1.082,0.07865,6,0
20222023,2022030323,8475825,DAL,D,705,10,5,0.64046,0.17831,4,1
20222023,2022030323,8475913,VGK,F,659,0,14,0.0,0.71411,0,5
20222023,2022030323,8476448,VGK,F,607,6,6,0.1039,0.3609,0,1
20222023,2022030323,8476539,VGK,F,802,4,12,0.33538,0.20252,2,0
20222023,2022030323,8476889,DAL,F,665,9,1,0.52022,0.02064,3,0
20222023,2022030323,8476902,DAL,D,872,13,7,0.65101,0.38819,2,2
20222023,2022030323,8476905,VGK,F,683,0,15,0.0,0.8226,0,6
20222023,2022030323,8476927,VGK,F,521,3,5,0.138,0.16093,1,0
20222023,2022030323,8477447,VGK,D,828,5,10,0.24792,0.44619,2,2
20222023,2022030323,8477478,VGK,F,622,2,7,0.03314,0.2975,0,1
20222023,2022030323,8477503,DAL,F,582,9,3,0.55195,0.05801,3,0
20222023,2022030323,8477810,DAL,D,729,10,3,0.1971,0.11673,0,1
20222023,2022030323,8477964,VGK,F,750,5,11,0.36396,0.19143,2,0
20222023,2022030323,8478403,VGK,F,739,3,11,0.23052,0.19549,1,0
20222023,2022030323,8478434,VGK,F,453,2,4,0.03314,0.24404,0,1
20222023,2022030323,8478449,DAL,F,625,10,3,0.27684,0.22441,0,1
20222023,2022030323,8478462,VGK,F,649,6,8,0.1039,0.41161,0,1
20222023,2022030323,8478975,DAL,F,785,9,4,0.1285,0.14078,0,1
20222023,2022030323,8479353,VGK,F,369,0,8,0.0,0.33308,0,2
20222023,2022030323,8479980,VGK,D,824,5,13,0.17731,0.33238,0,1
20222023,2022030323,8480027,DAL,F,836,11,4,0.28463,0.24505,0,1
20222023,2022030323,8480036,DAL,D,914,12,5,0.34761,0.20596,1,0
20222023,2022030323,8480727,VGK,D,848,5,11,0.17731,0.27371,0,1
20222023,2022030323,8480848,DAL,F,618,5,4,0.08184,0.15075,0,1
20222023,2022030323,8481581,DAL,,885,13,2,0.42344,0.02679,2,0
20222023,2022030323,8481641,DAL,F,665,17,3,1.04728,0.05801,6,0
20222023,2022030323,8482740,DAL,F,749,11,5,0.25146,0.16936,1,1
20222023,2022030324,8470600,DAL,D,1313,16,14,0.98002,1.03987,4,5
20222023,2022030324,8470794,DAL,F,1054,17,8,0.74122,0.44963,4,2
20222023,2022030324,8474166,VGK,D,1317,16,22,1.28773,1.08627,3,7
20222023,2022030324,8474565,VGK,D,1452,19,21,1.38191,1.04973,4,7
20222023,2022030324,8475188,VGK,D,938,17,11,0.59974,0.73291,3,4
20222023,2022030324,8475191,VGK,F,937,13,13,0.35953,0.82731,2,4
20222023,2022030324,8475794,DAL,F,958,8,15,0.41702,0.73924,1,5
20222023,2022030324,8475825,DAL,D,1125,10,18,0.69861,1.114,5,3
20222023,2022030324,8475913,VGK,F,1071,12,11,0.94013,0.65613,3,3
20222023,2022030324,8476448,VGK,F,971,12,11,0.40363,0.47859,2,2
20222023,2022030324,8476539,VGK,F,930,11,13,0.61608,0.80418,3,4
20222023,2022030324,8476822,DAL,F,598,7,9,0.42573,0.50074,4,1
20222023,2022030324,8476889,DAL,F,731,10,10,0.58431,0.50625,4,1
20222023,2022030324,8476902,DAL,D,1117,15,18,0.8201,1.0454,6,3
20222023,2022030324,8476905,VGK,F,893,10,9,0.63309,0.63376,2,3
20222023,2022030324,8476927,VGK,F,714,8,13,0.43514,0.71396,1,7
20222023,2022030324,8477447,VGK,D,1179,20,11,0.76515,0.73291,4,4
20222023,2022030324,8477478,VGK,F,625,8,11,0.57451,0.61007,1,6
20222023,2022030324,8477503,DAL,F,902,16,10,1.05202,0.73851,7,2
20222023,2022030324,8477810,DAL,D,737,15,7,0.53773,0.32136,5,1
20222023,2022030324,8477964,VGK,F,954,11,14,0.72365,0.64954,4,3
20222023,2022030324,8478028,DAL,F,560,10,8,0.69346,0.47043,5,1
20222023,2022030324,8478403,VGK,F,938,14,15,1.09895,0.80968,5,4
20222023,2022030324,8478434,VGK,F,565,8,8,0.60864,0.39364,2,4
20222023,2022030324,8478449,DAL,F,962,19,9,0.93268,0.64051,5,3
20222023,2022030324,8478462,VGK,F,913,13,16,0.40596,0.78204,2,5
20222023,2022030324,8478975,DAL,F,965,6,15,0.17804,0.48379,0,2
20222023,2022030324,8479353,VGK,F,924,12,10,0.91312,0.54907,3,3
20222023,2022030324,8479980,VGK,D,1012,9,16,0.60312,0.85335,3,5
20222023,2022030324,8480027,DAL,F,1056,23,12,1.08103,0.83472,7,5
20222023,2022030324,8480036,DAL,D,1610,23,19,1.39965,1.15719,6,5
20222023,2022030324,8480727,VGK,D,1033,7,15,0.50397,0.81681,3,5
20222023,2022030324,8480848,DAL,F,924,16,12,1.05202,0.8812,7,2
20222023,2022030324,8481581,DAL,,1034,17,12,0.83587,0.4638,6,3
20222023,2022030324,8481641,DAL,F,855,9,10,0.68346,0.82476,4,2
20222023,2022030324,8482740,DAL,F,869,3,14,0.06698,0.64265,0,4
20222023,2022030325,8470600,DAL,D,1270,12,13,0.50074,1.00639,2,5
20222023,2022030325,8470794,DAL,F,1037,15,9,0.94849,0.28435,4,1
20222023,2022030325,8474166,VGK,D,1150,18,19,1.24356,1.20957,8,7
20222023,2022030325,8474565,VGK,D,1249,17,17,1.04189,1.1462,7,7
20222023,2022030325,8475188,VGK,D,998,6,14,0.52419,0.78239,2,2
20222023,2022030325,8475191,VGK,F,937,10,9,0.32022,0.64324,1,3
20222023,2022030325,8475794,DAL,F,838,8,9,0.3849,0.9177,2,5
20222023,2022030325,8475825,DAL,D,1073,13,12,1.21075,0.9147,5,5
20222023,2022030325,8475913,VGK,F,1018,9,7,0.77194,1.27119,4,4
20222023,2022030325,8476448,VGK,F,1071,10,15,0.32022,0.75754,1,4
20222023,2022030325,8476539,VGK,F,1158,10,18,0.8527,0.87776,5,3
20222023,2022030325,8476822,DAL,F,717,9,4,0.95849,0.08627,4,0
20222023,2022030325,8476889,DAL,F,838,8,6,0.90166,0.24313,3,1
20222023,2022030325,8476902,DAL,D,1125,14,12,1.22729,0.92518,5,5
20222023,2022030325,8476905,VGK,F,997,11,9,0.94506,1.50295,5,5
20222023,2022030325,8477447,VGK,D,1343,6,17,0.52419,0.86998,2,2
20222023,2022030325,8477478,VGK,F,480,2,8,0.16136,0.4846,1,3
20222023,2022030325,8477503,DAL,F,992,10,11,0.96506,0.93664,3,6
20222023,2022030325,8477810,DAL,D,891,14,4,0.942,0.18656,3,1
20222023,2022030325,8477964,VGK,F,1069,10,20,0.8527,0.8883,5,3
20222023,2022030325,8478020,VGK,F,874,10,7,0.92758,1.27119,5,4
20222023,2022030325,8478028,DAL,F,633,13,4,1.05594,0.08627,4,0
20222023,2022030325,8478403,VGK,F,1159,9,15,0.6808,0.61936,4,2
20222023,2022030325,8478434,VGK,F,523,4,8,0.31822,0.4846,2,3
20222023,2022030325,8478449,DAL,F,943,16,8,0.99632,0.28313,5,1
20222023,2022030325,8478462,VGK,F,915,10,11,0.32022,0.65378,1,3
20222023,2022030325,8478975,DAL,F,696,10,8,0.42907,0.80018,2,4
20222023,2022030325,8479353,VGK,F,424,4,5,0.31822,0.40748,2,2
20222023,2022030325,8479980,VGK,D,1145,9,11,0.49533,1.29537,2,4
20222023,2022030325,8480027,DAL,F,1085,13,8,0.88368,0.28313,4,1
20222023,2022030325,8480036,DAL,D,1500,19,17,1.19939,1.15134,5,6
20222023,2022030325,8480727,VGK,D,1065,10,10,0.697,1.27115,3,4
20222023,2022030325,8480848,DAL,F,915,12,11,0.99545,0.97476,3,6
20222023,2022030325,8481581,DAL,,1103,16,8,1.49449,0.34199,6,2
20222023,2022030325,8481641,DAL,F,779,8,11,0.91864,0.97072,3,6
20222023,2022030325,8482740,DAL,F,940,10,10,0.42429,0.92296,2,5
20222023,2022030326,8470600,DAL,D,1107,12,12,0.42181,0.99413,3,4
20222023,2022030326,8470794,DAL,F,916,11,13,0.38547,1.01996,3,5
20222023,2022030326,8473994,DAL,F,692,4,10,0.25897,1.06196,2,6
20222023,2022030326,8474166,VGK,D,977,14,4,1.22378,0.08952,7,0
20222023,2022030326,8474565,VGK,D,1084,14,5,1.22378,0.11938,7,0
20222023,2022030326,8475188,VGK,D,1018,14,8,1.11193,0.26135,6,3
20222023,2022030326,8475191,VGK,F,824,7,5,0.60738,0.25117,3,2
20222023,2022030326,8475794,DAL,F,652,6,11,0.13695,0.99922,0,6
20222023,2022030326,8475825,DAL,D,965,9,14,0.37397,0.8926,3,6
20222023,2022030326,8475913,VGK,F,770,10,7,0.39856,0.2521,3,2
20222023,2022030326,8476448,VGK,F,786,8,4,0.63088,0.25031,3,2
20222023,2022030326,8476539,VGK,F,814,8,9,0.60071,0.16347,3,0
20222023,2022030326,8476822,DAL,F,606,2,7,0.02396,0.52002,0,2
20222023,2022030326,8476889,DAL,F,620,1,7,0.01355,0.52002,0,2
20222023,2022030326,8476902,DAL,D,951,9,13,0.30728,0.91951,2,6
20222023,2022030326,8476905,VGK,F,743,9,7,0.53701,0.24878,4,2
20222023,2022030326,8477447,VGK,D,965,14,8,1.11193,0.2419,6,3
20222023,2022030326,8477478,VGK,F,576,10,3,1.04335,0.10124,5,1
20222023,2022030326,8477503,DAL,F,795,8,8,0.16722,0.4425,0,4
20222023,2022030326,8477810,DAL,D,813,3,9,0.11189,0.88798,0,6
20222023,2022030326,8477964,VGK,F,780,9,9,0.53616,0.17032,3,0
20222023,2022030326,8478020,VGK,F,840,8,4,0.7703,0.25031,4,2
20222023,2022030326,8478403,VGK,F,849,9,10,0.60198,0.19732,3,0
20222023,2022030326,8478434,VGK,F,617,12,4,1.12702,0.12126,6,1
20222023,2022030326,8478449,DAL,F,774,10,11,0.34031,0.74313,3,3
20222023,2022030326,8478462,VGK,F,662,11,2,1.04432,0.03357,5,0
20222023,2022030326,8478975,DAL,F,644,5,4,0.10784,0.24013,0,1
20222023,2022030326,8479353,VGK,F,873,12,8,0.7097,0.32157,5,3
20222023,2022030326,8479980,VGK,D,1003,10,11,0.56088,0.42586,3,2
20222023,2022030326,8480027,DAL,F,965,14,13,0.41947,0.79086,3,3
20222023,2022030326,8480036,DAL,D,1238,8,18,0.16107,1.33549,0,5
20222023,2022030326,8480727,VGK,D,1039,11,12,0.64328,0.43627,4,2
20222023,2022030326,8480848,DAL,F,932,5,7,0.24076,0.35739,2,3
20222023,2022030326,8481581,DAL,,1002,7,11,0.19826,0.84587,2,6
20222023,2022030326,8481641,DAL,F,743,1,10,0.00086,0.72124,0,5
20222023,2022030326,8482740,DAL,F,812,5,12,0.26606,1.19094,2,7
20222023,2022030411,8470595,FLA,F,477,7,6,0.4131,0.2454,2,1
20222023,2022030411,8471686,FLA,D,847,11,13,0.29738,0.6243,2,4
20222023,2022030411,8474166,VGK,D,828,12,19,0.63814,0.84738,4,5
20222023,2022030411,8474565,VGK,D,948,12,17,0.63814,0.79677,4,4
20222023,2022030411,8474610,FLA,,246,3,5,0.05418,0.22193,0,1
20222023,2022030411,8475188,VGK,D,973,11,9,0.59391,0.13582,4,1
20222023,2022030411,8475191,VGK,F,545,9,3,0.36129,0.1193,2,1
20222023,2022030411,8475462,FLA,D,548,13,10,0.77415,0.63937,3,3
20222023,2022030411,8475913,VGK,F,916,13,8,1.07663,0.24152,5,0
20222023,2022030411,8476393,FLA,F,889,16,14,1.07929,0.98461,7,8
20222023,2022030411,8476448,VGK,F,516,9,3,0.36129,0.1193,2,1
20222023,2022030411,8476539,VGK,F,836,10,18,0.76521,1.15421,5,4
20222023,2022030411,8476905,VGK,F,841,12,9,0.92077,0.24304,4,0
20222023,2022030411,8477407,FLA,F,598,8,10,0.39093,0.59682,2,4
20222023,2022030411,8477409,FLA,F,813,11,12,0.48468,0.68111,2,4
20222023,2022030411,8477447,VGK,D,959,11,7,0.59391,0.188,4,0
20222023,2022030411,8477478,VGK,F,544,6,9,0.39623,0.25489,4,2
20222023,2022030411,8477493,FLA,F,972,9,11,0.40619,0.66346,2,4
20222023,2022030411,8477932,FLA,D,1021,7,13,0.42637,1.04581,2,8
20222023,2022030411,8477933,FLA,F,908,12,11,0.39353,0.60358,0,4
20222023,2022030411,8477935,FLA,F,884,11,12,0.77742,0.91868,5,6
20222023,2022030411,8477964,VGK,F,853,10,23,0.58781,1.45629,5,6
20222023,2022030411,8477986,FLA,D,1160,21,11,0.74741,0.56554,4,3
20222023,2022030411,8478020,VGK,F,483,9,4,0.36129,0.16893,2,2
20222023,2022030411,8478055,FLA,D,1143,9,12,0.39556,0.94898,2,6
20222023,2022030411,8478400,FLA,F,301,4,4,0.06695,0.21697,1,1
20222023,2022030411,8478403,VGK,F,937,11,18,0.79819,1.25515,6,5
20222023,2022030411,8478434,VGK,F,560,6,8,0.28878,0.33656,4,3
20222023,2022030411,8478462,VGK,F,614,5,8,0.2558,0.23508,3,2
20222023,2022030411,8479066,FLA,F,455,9,5,0.28405,0.3599,0,2
20222023,2022030411,8479314,FLA,F,902,14,11,1.02868,0.91372,6,6
20222023,2022030411,8479353,VGK,F,631,11,6,0.83486,0.12233,3,1
20222023,2022030411,8479372,FLA,D,659,19,16,1.1991,0.93078,5,6
20222023,2022030411,8479980,VGK,D,802,14,12,1.104,0.86009,7,4
20222023,2022030411,8480727,VGK,D,798,14,14,1.104,0.97634,7,4
20222023,2022030411,8482113,FLA,F,637,11,9,0.29203,0.51929,0,4
20222023,2022030412,8470595,FLA,F,682,7,11,0.25312,0.91962,1,2
20222023,2022030412,8471686,FLA,D,856,13,12,0.7978,0.77975,4,2
20222023,2022030412,8474166,VGK,D,888,10,13,0.87439,0.8321,2,7
20222023,2022030412,8474565,VGK,D,846,9,12,0.83092,0.8115,3,7
20222023,2022030412,8475188,VGK,D,843,7,16,0.69148,0.60249,3,3
20222023,2022030412,8475191,VGK,F,653,9,9,0.75065,0.32638,3,2
20222023,2022030412,8475462,FLA,D,131,1,3,0.00576,0.05954,0,0
20222023,2022030412,8475913,VGK,F,957,9,15,0.40775,0.4594,1,3
20222023,2022030412,8476393,FLA,F,670,14,11,0.27273,0.96588,0,3
20222023,2022030412,8476448,VGK,F,574,7,8,0.65323,0.28423,3,2
20222023,2022030412,8476539,VGK,F,740,10,9,0.81181,0.38888,2,3
20222023,2022030412,8476905,VGK,F,994,12,16,0.45251,0.48,1,3
20222023,2022030412,8477407,FLA,F,642,13,6,0.74498,0.36432,7,1
20222023,2022030412,8477409,FLA,F,908,11,10,0.4423,0.80464,4,4
20222023,2022030412,8477447,VGK,D,918,9,15,0.83618,0.59656,2,3
20222023,2022030412,8477478,VGK,F,624,5,8,0.49935,0.56997,2,4
20222023,2022030412,8477493,FLA,F,775,14,5,0.73021,0.28963,7,1
20222023,2022030412,8477932,FLA,D,996,14,8,0.53595,0.5272,5,2
20222023,2022030412,8477933,FLA,F,851,6,7,0.22567,0.43224,1,2
20222023,2022030412,8477935,FLA,F,852,15,9,0.38715,0.67302,2,3
20222023,2022030412,8477964,VGK,F,589,7,12,0.49692,0.45802,1,4
20222023,2022030412,8477986,FLA,D,1156,18,10,0.61969,0.92116,5,4
20222023,2022030412,8478020,VGK,F,607,8,11,0.66985,0.31022,3,2
20222023,2022030412,8478055,FLA,D,1050,14,8,0.43351,0.54148,3,1
20222023,2022030412,8478400,FLA,F,504,9,6,0.35704,0.56923,2,1
20222023,2022030412,8478403,VGK,F,691,7,8,0.76705,0.36828,2,3
20222023,2022030412,8478434,VGK,F,577,3,6,0.26526,0.54991,1,4
20222023,2022030412,8478462,VGK,F,630,4,7,0.28188,0.55584,1,4
20222023,2022030412,8479066,FLA,F,794,8,8,0.43954,0.40226,2,0
20222023,2022030412,8479314,FLA,F,643,11,9,0.3523,0.4815,3,2
20222023,2022030412,8479353,VGK,F,835,9,14,0.40775,0.3741,1,2
20222023,2022030412,8479372,FLA,D,819,16,11,0.45559,0.98733,4,4
20222023,2022030412,8479578,FLA,D,614,6,8,0.56852,0.49288,3,1
20222023,2022030412,8479980,VGK,D,1034,12,13,0.48757,0.27975,2,2
20222023,2022030412,8480727,VGK,D,954,13,13,0.5888,0.29442,2,2
20222023,2022030412,8482113,FLA,F,889,15,8,0.92019,0.56167,7,2
20222023,2022030413,8470595,FLA,F,515,9,9,0.84323,0.85928,6,4
20222023,2022030413,8471686,FLA,D,765,8,11,0.70535,1.18653,5,7
20222023,2022030413,8474166,VGK,D,707,11,13,1.08002,0.70604,8,6
20222023,2022030413,8474565,VGK,D,837,10,10,0.87903,0.62581,7,6
20222023,2022030413,8474610,FLA,,209,4,4,0.50046,0.32534,2,0
20222023,2022030413,8475188,VGK,D,889,8,7,0.99381,0.65069,3,3
20222023,2022030413,8475191,VGK,F,642,7,7,0.83181,0.28839,5,2
20222023,2022030413,8475462,FLA,D,838,9,8,0.40635,0.84603,4,4
20222023,2022030413,8475913,VGK,F,747,6,12,0.90526,1.03487,4,5
20222023,2022030413,8476393,FLA,F,538,6,6,0.38755,0.48643,3,3
20222023,2022030413,8476448,VGK,F,619,6,4,0.71388,0.25495,4,2
20222023,2022030413,8476539,VGK,F,906,5,7,0.4384,0.477,2,5
20222023,2022030413,8476905,VGK,F,716,5,13,0.63768,1.0433,4,5
20222023,2022030413,8477407,FLA,F,687,13,4,0.60493,0.49038,5,4
20222023,2022030413,8477409,FLA,F,870,9,7,0.57521,1.08301,5,5
20222023,2022030413,8477447,VGK,D,911,7,6,0.87588,0.64071,2,3
20222023,2022030413,8477478,VGK,F,392,4,4,0.23967,0.15287,2,1
20222023,2022030413,8477493,FLA,F,960,9,3,0.47528,0.37738,3,3
20222023,2022030413,8477932,FLA,D,884,10,6,0.7073,0.60858,3,4
20222023,2022030413,8477933,FLA,F,1052,11,5,0.61668,0.40839,4,3
20222023,2022030413,8477935,FLA,F,820,7,10,0.24104,1.36353,2,9
20222023,2022030413,8477964,VGK,F,798,7,8,0.6844,0.73834,4,5
20222023,2022030413,8477986,FLA,D,910,9,9,0.7401,0.773,5,5
20222023,2022030413,8478020,VGK,F,373,5,4,0.58449,0.12944,3,1
20222023,2022030413,8478055,FLA,D,1119,17,6,0.96292,0.69657,6,4
20222023,2022030413,8478400,FLA,F,179,3,2,0.40825,0.03,1,0
20222023,2022030413,8478403,VGK,F,919,6,8,0.5514,0.48698,3,5
20222023,2022030413,8478434,VGK,F,382,6,3,0.37911,0.06852,3,0
20222023,2022030413,8478462,VGK,F,638,8,3,0.78101,0.1974,4,1
20222023,2022030413,8479066,FLA,F,491,3,6,0.25985,0.35401,1,1
20222023,2022030413,8479314,FLA,F,632,5,7,0.24798,1.09349,2,6
20222023,2022030413,8479353,VGK,F,661,5,10,0.59771,0.67921,2,4
20222023,2022030413,8479372,FLA,D,553,3,7,0.18548,0.79746,1,3
20222023,2022030413,8479980,VGK,D,845,7,10,0.79967,0.56222,5,3
20222023,2022030413,8480727,VGK,D,852,7,11,0.79967,0.53201,5,3
20222023,2022030413,8482113,FLA,F,753,5,10,0.40079,0.99349,2,5
20222023,2022030414,8470595,FLA,F,861,6,11,0.22584,1.12151,2,7
20222023,2022030414,8471686,FLA,D,1014,12,14,0.56784,1.10593,3,6
20222023,2022030414,8474166,VGK,D,1228,24,14,2.05384,0.72039,14,6
20222023,2022030414,8474565,VGK,D,1462,27,16,2.1605,0.85963,14,6
20222023,2022030414,8474610,FLA,,273,2,3,0.02019,0.22757,0,1
20222023,2022030414,8475188,VGK,D,1174,9,18,0.73375,0.7426,3,4
20222023,2022030414,8475191,VGK,F,1070,13,13,0.84959,0.19996,5,1
20222023,2022030414,8475462,FLA,D,942,11,13,0.46198,1.2474,3,8
20222023,2022030414,8475913,VGK,F,947,10,12,0.90537,0.54316,8,3
20222023,2022030414,8476393,FLA,F,560,9,8,0.29253,0.7068,2,3
20222023,2022030414,8476448,VGK,F,1090,15,12,1.01132,0.16607,6,1
20222023,2022030414,8476539,VGK,F,881,13,9,1.4955,0.73465,6,5
20222023,2022030414,8476905,VGK,F,956,12,12,1.12638,0.54316,9,3
20222023,2022030414,8477407,FLA,F,811,7,15,0.23426,1.38789,1,8
20222023,2022030414,8477409,FLA,F,1242,19,14,0.93777,1.59842,7,9
20222023,2022030414,8477447,VGK,D,1191,10,17,0.73945,0.69478,3,4
20222023,2022030414,8477478,VGK,F,638,9,8,0.82618,0.34035,4,2
20222023,2022030414,8477493,FLA,F,1212,14,13,0.38339,0.83204,1,4
20222023,2022030414,8477932,FLA,D,1166,15,12,0.72031,0.77749,5,6
20222023,2022030414,8477933,FLA,F,1258,15,15,0.61039,0.75465,2,5
20222023,2022030414,8477935,FLA,F,1269,17,13,0.91504,1.5865,7,8
20222023,2022030414,8477964,VGK,F,986,12,12,1.46846,0.79652,6,5
20222023,2022030414,8477986,FLA,D,1445,17,20,0.66353,1.84186,3,8
20222023,2022030414,8478020,VGK,F,834,13,11,0.84959,0.17494,5,1
20222023,2022030414,8478055,FLA,D,1354,18,18,0.7998,1.472,5,8
20222023,2022030414,8478400,FLA,F,506,3,5,0.1007,0.33723,1,2
20222023,2022030414,8478403,VGK,F,903,11,12,1.22746,0.82641,5,5
20222023,2022030414,8478434,VGK,F,676,9,9,0.61629,0.37278,3,2
20222023,2022030414,8478462,VGK,F,894,7,11,0.50159,0.35299,2,2
20222023,2022030414,8479066,FLA,F,899,9,19,0.40197,1.54852,2,10
20222023,2022030414,8479314,FLA,F,1000,16,9,0.85494,1.07146,6,6
20222023,2022030414,8479353,VGK,F,824,11,11,0.72252,0.52025,7,3
20222023,2022030414,8479372,FLA,D,1022,14,13,0.49367,1.28882,3,8
20222023,2022030414,8479980,VGK,D,972,10,11,1.06073,0.34275,5,1
20222023,2022030414,8480727,VGK,D,996,10,12,0.98523,0.35401,5,1
20222023,2022030414,8482113,FLA,F,973,16,10,0.60125,0.42766,2,3
20222023,2022030415,8470595,FLA,F,837,19,11,0.85504,0.61229,4,3
20222023,2022030415,8471686,FLA,D,960,14,15,0.75623,1.56013,4,6
20222023,2022030415,8474166,VGK,D,1061,12,24,1.39437,0.88049,6,4
20222023,2022030415,8474565,VGK,D,1109,15,19,1.64987,0.75876,6,4
20222023,2022030415,8474610,FLA,,371,3,11,0.10851,1.94437,1,6
20222023,2022030415,8475188,VGK,D,1217,20,12,1.76181,0.94253,8,5
20222023,2022030415,8475191,VGK,F,887,10,15,1.30503,0.5494,3,3
20222023,2022030415,8475462,FLA,D,905,18,13,0.71935,1.94749,3,7
20222023,2022030415,8475913,VGK,F,889,8,19,0.57799,0.97364,2,5
20222023,2022030415,8476393,FLA,F,1023,24,11,1.22645,0.67018,6,3
20222023,2022030415,8476448,VGK,F,865,10,12,1.30503,0.43392,3,2
20222023,2022030415,8476539,VGK,F,910,18,9,1.86559,0.27943,9,2
20222023,2022030415,8476905,VGK,F,844,7,15,0.44568,0.77984,1,3
20222023,2022030415,8477407,FLA,F,795,6,9,0.29879,0.56385,2,4
20222023,2022030415,8477409,FLA,F,998,15,11,0.65275,1.24317,3,5
20222023,2022030415,8477447,VGK,D,1165,20,12,1.64603,0.96462,7,5
20222023,2022030415,8477478,VGK,F,673,8,6,0.6795,0.69753,3,4
20222023,2022030415,8477493,FLA,F,1027,7,12,0.46562,0.87651,3,5
20222023,2022030415,8477932,FLA,D,1182,14,13,0.53679,0.67884,3,3
20222023,2022030415,8477933,FLA,F,1127,15,14,0.63283,1.43375,3,5
20222023,2022030415,8477935,FLA,F,1129,19,13,0.83741,1.42744,4,5
20222023,2022030415,8477964,VGK,F,945,20,12,2.06794,0.44946,10,2
20222023,2022030415,8477986,FLA,D,1244,16,19,1.01044,1.98582,6,8
20222023,2022030415,8478020,VGK,F,817,9,12,1.23573,0.45185,3,2
20222023,2022030415,8478055,FLA,D,1317,14,13,0.53679,0.67884,3,3
20222023,2022030415,8478400,FLA,F,363,3,9,0.10851,1.69591,1,5
20222023,2022030415,8478403,VGK,F,895,19,13,2.04166,0.45329,10,3
20222023,2022030415,8478434,VGK,F,710,10,8,0.93284,0.56166,4,3
20222023,2022030415,8478462,VGK,F,724,9,8,0.81978,0.59953,4,4
20222023,2022030415,8479066,FLA,F,870,22,12,1.01687,1.3582,5,5
20222023,2022030415,8479353,VGK,F,802,7,15,0.55968,0.57019,2,3
20222023,2022030415,8479372,FLA,D,994,20,17,0.97356,2.37318,5,9
20222023,2022030415,8479980,VGK,D,1148,12,17,1.43944,0.56385,4,3
20222023,2022030415,8480727,VGK,D,919,11,12,1.33278,0.42291,5,3
20222023,2022030415,8480844,FLA,,357,3,7,0.10851,0.94811,1,3
20222023,2022030415,8482113,FLA,F,1119,8,15,0.48845,1.06267,3,5
20232024,2023030111,8474564,TBL,F,839,10,5,0.62971,0.42033,4,2
20232024,2023030111,8475167,TBL,D,1245,11,13,0.6246,0.7196,3,3
20232024,2023030111,8475171,FLA,D,955,15,13,1.27324,0.35313,7,4
20232024,2023030111,8475179,FLA,D,753,12,9,0.98723,0.24958,6,4
20232024,2023030111,8475765,FLA,F,915,10,12,0.81185,0.72931,4,3
20232024,2023030111,8476393,FLA,F,527,5,5,0.06873,0.06513,0,0
20232024,2023030111,8476453,TBL,F,1068,14,8,0.64943,0.40823,2,2
20232024,2023030111,8476822,TBL,F,488,3,7,0.02894,0.32725,0,1
20232024,2023030111,8476856,TBL,D,1008,11,5,0.29172,0.10228,3,0
20232024,2023030111,8477353,TBL,F,627,3,8,0.02894,0.50796,0,2
20232024,2023030111,8477407,TBL,F,830,12,7,0.5309,0.39598,2,2
20232024,2023030111,8477409,FLA,F,819,7,12,0.65931,0.64801,4,5
20232024,2023030111,8477426,TBL,F,904,10,11,0.40098,1.00187,5,6
20232024,2023030111,8477493,FLA,F,1023,11,6,0.8241,0.33,4,1
20232024,2023030111,8477932,FLA,D,1133,8,13,0.58008,0.78306,2,3
20232024,2023030111,8477933,FLA,F,1080,10,7,0.81185,0.31411,4,1
20232024,2023030111,8477935,FLA,F,849,6,19,0.89626,1.075,5,7
20232024,2023030111,8477986,FLA,D,1186,9,14,0.37996,0.67141,2,4
20232024,2023030111,8478010,TBL,F,1076,14,9,0.64943,0.57083,2,3
20232024,2023030111,8478055,FLA,D,1109,8,11,0.34245,0.69045,1,3
20232024,2023030111,8478178,TBL,D,1016,15,14,0.72281,0.81498,3,4
20232024,2023030111,8478416,TBL,D,999,13,12,0.73544,1.07771,6,6
20232024,2023030111,8478519,TBL,F,793,10,4,0.62971,0.09502,4,0
20232024,2023030111,8478542,FLA,F,799,9,13,0.42031,0.65694,2,5
20232024,2023030111,8478831,FLA,F,465,5,3,0.06873,0.02232,0,0
20232024,2023030111,8478859,FLA,D,1090,10,14,0.42698,0.67049,2,4
20232024,2023030111,8479066,FLA,F,392,5,2,0.06873,0.01273,0,0
20232024,2023030111,8479314,FLA,F,791,7,12,0.69408,0.67288,4,5
20232024,2023030111,8479542,TBL,F,991,12,4,0.74824,0.09502,4,0
20232024,2023030111,8479591,TBL,F,731,10,12,0.40098,1.00402,5,6
20232024,2023030111,8479661,TBL,F,573,3,8,0.02894,0.25222,0,1
20232024,2023030111,8480185,FLA,F,914,8,11,0.2052,0.31901,1,3
20232024,2023030111,8480246,TBL,D,901,12,11,0.69512,1.06014,5,6
20232024,2023030111,8482070,TBL,F,683,10,9,0.40098,0.6563,5,4
20232024,2023030111,8482113,FLA,F,803,10,9,0.45576,0.28174,2,3
20232024,2023030111,8482929,TBL,D,975,12,8,0.34843,0.46511,2,2
20232024,2023030112,8474564,TBL,F,891,6,16,0.54581,1.11383,2,8
20232024,2023030112,8475167,TBL,D,920,14,12,1.08933,0.59576,6,8
20232024,2023030112,8475171,FLA,D,639,5,5,0.19831,0.11214,1,1
20232024,2023030112,8475177,TBL,D,460,2,10,0.06238,0.73834,0,3
20232024,2023030112,8475179,FLA,D,629,6,9,0.50693,0.19989,2,1
20232024,2023030112,8475765,FLA,F,637,10,11,0.4355,1.04922,6,5
20232024,2023030112,8476393,FLA,F,401,6,4,0.178,0.04113,2,0
20232024,2023030112,8476453,TBL,F,905,14,14,1.47639,1.01183,7,8
20232024,2023030112,8476822,TBL,F,260,5,6,0.04067,0.21628,0,2
20232024,2023030112,8476856,TBL,D,305,2,3,0.49476,0.22936,2,2
20232024,2023030112,8477353,TBL,F,143,1,4,0.00788,0.16603,0,1
20232024,2023030112,8477407,TBL,F,519,10,9,0.99047,0.44235,5,5
20232024,2023030112,8477409,FLA,F,762,15,4,1.28822,0.1026,7,1
20232024,2023030112,8477426,TBL,F,930,8,7,0.2647,0.59097,2,4
20232024,2023030112,8477493,FLA,F,895,12,11,0.46106,1.04922,6,5
20232024,2023030112,8477932,FLA,D,860,11,12,0.43988,1.39952,6,6
20232024,2023030112,8477933,FLA,F,982,14,11,0.64084,1.04922,6,5
20232024,2023030112,8477935,FLA,F,290,5,4,0.3241,0.1026,3,1
20232024,2023030112,8477986,FLA,D,976,20,4,1.4567,0.22926,10,2
20232024,2023030112,8478010,TBL,F,825,12,12,1.06634,0.61964,6,6
20232024,2023030112,8478055,FLA,D,912,13,12,0.57223,1.39952,6,6
20232024,2023030112,8478178,TBL,D,788,13,9,0.96277,0.45828,6,6
20232024,2023030112,8478416,TBL,D,919,3,11,0.41793,0.57551,1,3
20232024,2023030112,8478519,TBL,F,777,5,13,0.52801,0.72924,2,6
20232024,2023030112,8478542,FLA,F,471,4,3,0.08003,0.36751,1,1
20232024,2023030112,8478831,FLA,F,503,6,2,0.62882,0.43005,3,2
20232024,2023030112,8478859,FLA,D,893,15,8,0.78945,0.31701,7,2
20232024,2023030112,8478904,FLA,F,285,4,2,0.12536,0.14709,2,1
20232024,2023030112,8479314,FLA,F,762,12,10,1.09569,0.40406,7,3
20232024,2023030112,8479542,TBL,F,853,4,14,0.19674,0.82175,1,7
20232024,2023030112,8479591,TBL,F,680,4,6,0.19668,0.1666,1,1
20232024,2023030112,8480185,FLA,F,684,8,7,0.19969,0.6436,2,3
20232024,2023030112,8481719,TBL,,754,9,15,0.44797,0.94796,2,7
20232024,2023030112,8482070,TBL,F,656,6,4,0.17232,0.06673,1,0
20232024,2023030112,8482113,FLA,F,658,9,6,0.48794,0.09971,3,0
20232024,2023030112,8482929,TBL,D,718,7,10,0.1822,0.41829,1,3
20232024,2023030113,8473449,FLA,F,371,6,4,0.20656,0.11291,1,1
20232024,2023030113,8474564,TBL,F,1055,9,14,0.45844,0.74659,2,1
20232024,2023030113,8475167,TBL,D,1298,17,13,0.5487,0.8705,3,4
20232024,2023030113,8475171,FLA,D,749,11,6,0.59063,0.36707,2,2
20232024,2023030113,8475179,FLA,D,694,4,9,0.03637,0.43888,0,2
20232024,2023030113,8475765,FLA,F,849,9,12,0.61465,0.3743,2,1
20232024,2023030113,8476393,FLA,F,416,7,4,0.21378,0.1226,1,1
20232024,2023030113,8476453,TBL,F,1041,14,8,0.46886,0.38905,2,1
20232024,2023030113,8476822,TBL,F,379,2,6,0.14936,0.18013,2,1
20232024,2023030113,8476856,TBL,D,884,11,13,0.2671,0.9155,1,3
20232024,2023030113,8477353,TBL,F,423,1,6,0.06659,0.18013,1,1
20232024,2023030113,8477407,TBL,F,889,9,14,0.37217,0.69974,2,2
20232024,2023030113,8477409,FLA,F,1064,12,14,0.78716,0.48353,2,4
20232024,2023030113,8477426,TBL,F,888,11,4,0.43535,0.37693,2,2
20232024,2023030113,8477493,FLA,F,1140,11,17,0.62296,0.67903,2,2
20232024,2023030113,8477932,FLA,D,1278,13,13,0.65924,0.39705,3,4
20232024,2023030113,8477933,FLA,F,1129,12,20,0.74568,0.72884,2,3
20232024,2023030113,8477986,FLA,D,1126,13,16,0.73511,0.56765,1,2
20232024,2023030113,8478010,TBL,F,1087,14,9,0.46886,0.54159,2,2
20232024,2023030113,8478055,FLA,D,1416,21,17,1.20428,0.65299,5,5
20232024,2023030113,8478178,TBL,D,689,8,8,0.25129,0.14885,3,0
20232024,2023030113,8478416,TBL,D,1124,14,12,0.62944,0.72488,4,2
20232024,2023030113,8478519,TBL,F,967,8,16,0.26013,0.81919,2,1
20232024,2023030113,8478542,FLA,F,612,7,3,0.31165,0.0847,1,1
20232024,2023030113,8478831,FLA,F,661,6,5,0.31578,0.21827,1,1
20232024,2023030113,8478859,FLA,D,923,10,13,0.65882,0.43848,1,2
20232024,2023030113,8478904,FLA,F,350,5,4,0.19565,0.22387,1,2
20232024,2023030113,8479314,FLA,F,874,10,8,0.64873,0.29941,2,3
20232024,2023030113,8479542,TBL,F,1012,16,12,0.34232,0.70612,2,1
20232024,2023030113,8479591,TBL,F,618,11,5,0.399,0.39811,3,2
20232024,2023030113,8479661,TBL,F,462,1,7,0.06659,0.20765,1,1
20232024,2023030113,8480185,FLA,F,699,6,5,0.26961,0.26315,1,1
20232024,2023030113,8480246,TBL,D,1114,13,14,0.52049,0.64196,2,2
20232024,2023030113,8482070,TBL,F,722,11,5,0.49181,0.52947,3,3
20232024,2023030113,8482113,FLA,F,888,12,10,0.77254,0.21172,2,3
20232024,2023030113,8482929,TBL,D,820,10,9,0.46795,0.51281,3,1
20232024,2023030114,8473449,FLA,F,417,5,5,0.12315,0.46612,0,3
20232024,2023030114,8474564,TBL,F,879,12,11,0.78989,0.72954,5,4
20232024,2023030114,8475167,TBL,D,1020,15,11,0.8715,0.76887,6,5
20232024,2023030114,8475171,FLA,D,628,6,5,0.38065,0.23613,1,2
20232024,2023030114,8475179,FLA,D,703,10,5,0.61834,0.28233,4,3
20232024,2023030114,8475765,FLA,F,658,8,11,0.52432,0.44135,5,1
20232024,2023030114,8476393,FLA,F,488,7,7,0.23683,0.59283,1,3
20232024,2023030114,8476453,TBL,F,971,12,10,0.78989,0.74778,5,4
20232024,2023030114,8476822,TBL,F,484,7,3,0.51899,0.13696,4,1
20232024,2023030114,8476856,TBL,D,913,16,14,0.92668,0.99006,6,6
20232024,2023030114,8477353,TBL,F,453,7,2,0.51899,0.03432,4,0
20232024,2023030114,8477407,TBL,F,552,5,12,0.19578,0.75186,1,6
20232024,2023030114,8477409,FLA,F,702,12,11,0.70715,0.7675,4,5
20232024,2023030114,8477426,TBL,F,637,9,7,0.31958,0.42291,0,1
20232024,2023030114,8477493,FLA,F,865,11,11,0.60529,0.44135,5,1
20232024,2023030114,8477932,FLA,D,908,8,17,0.31941,1.09806,2,7
20232024,2023030114,8477933,FLA,F,844,12,10,0.70537,0.40299,6,1
20232024,2023030114,8477986,FLA,D,1050,18,11,1.06798,0.57107,7,1
20232024,2023030114,8478010,TBL,F,827,12,10,0.78989,0.54449,5,4
20232024,2023030114,8478055,FLA,D,990,11,20,0.53963,1.13565,4,7
20232024,2023030114,8478416,TBL,D,890,9,12,0.45997,0.54883,2,5
20232024,2023030114,8478519,TBL,F,749,6,13,0.32452,0.75674,2,6
20232024,2023030114,8478542,FLA,F,657,7,7,0.43511,0.24484,3,2
20232024,2023030114,8478831,FLA,F,765,5,5,0.321,0.27489,2,3
20232024,2023030114,8478859,FLA,D,1025,13,10,0.79619,0.58272,6,2
20232024,2023030114,8478904,FLA,F,343,6,6,0.23041,0.47127,1,3
20232024,2023030114,8479314,FLA,F,642,9,12,0.59747,0.83903,3,5
20232024,2023030114,8479410,TBL,D,740,8,13,0.42299,0.51602,1,4
20232024,2023030114,8479542,TBL,F,898,6,14,0.32452,0.77077,2,6
20232024,2023030114,8479591,TBL,F,578,10,5,0.44832,0.16779,1,0
20232024,2023030114,8479661,TBL,F,479,8,4,0.53857,0.14141,4,1
20232024,2023030114,8480185,FLA,F,684,6,5,0.3928,0.1513,2,2
20232024,2023030114,8481719,TBL,,703,9,7,0.56633,0.32221,3,1
20232024,2023030114,8482070,TBL,F,554,8,8,0.3,0.37873,0,3
20232024,2023030114,8482113,FLA,F,679,11,12,0.7044,0.76547,4,4
20232024,2023030114,8482929,TBL,D,896,11,9,0.65849,0.57621,4,3
20232024,2023030115,8473449,FLA,F,361,2,12,0.0223,0.76778,0,6
20232024,2023030115,8474564,TBL,F,1077,15,7,0.67471,0.46457,4,2
20232024,2023030115,8475167,TBL,D,1174,11,9,0.49346,0.50384,3,3
20232024,2023030115,8475171,FLA,D,676,7,10,0.57155,0.4396,2,2
20232024,2023030115,8475179,FLA,D,795,8,13,0.66294,0.74794,2,5
20232024,2023030115,8475765,FLA,F,521,2,8,0.14977,0.19802,0,1
20232024,2023030115,8476393,FLA,F,366,2,13,0.0223,0.79924,0,6
20232024,2023030115,8476453,TBL,F,1133,15,9,0.67471,0.63403,4,4
20232024,2023030115,8476822,TBL,F,472,9,1,0.38742,0.00091,3,0
20232024,2023030115,8476856,TBL,D,722,11,6,0.31515,0.46595,3,2
20232024,2023030115,8477353,TBL,F,514,11,4,0.4632,0.3707,3,1
20232024,2023030115,8477407,TBL,F,537,7,7,0.2172,0.38402,2,2
20232024,2023030115,8477409,FLA,F,889,13,9,1.11254,0.16386,5,0
20232024,2023030115,8477426,TBL,F,531,11,4,0.39156,0.18056,3,0
20232024,2023030115,8477493,FLA,F,857,9,7,0.78839,0.3155,4,2
20232024,2023030115,8477932,FLA,D,981,5,16,0.37485,0.50476,3,4
20232024,2023030115,8477933,FLA,F,1049,4,10,0.1832,0.26041,2,2
20232024,2023030115,8477986,FLA,D,959,9,20,0.44928,0.90808,0,6
20232024,2023030115,8478010,TBL,F,1090,17,9,0.8278,0.8787,5,5
20232024,2023030115,8478055,FLA,D,1097,10,13,0.54398,0.27492,4,2
20232024,2023030115,8478416,TBL,D,835,13,10,0.77745,0.8025,6,3
20232024,2023030115,8478519,TBL,F,840,10,8,0.4232,0.39492,3,1
20232024,2023030115,8478542,FLA,F,520,5,7,0.18141,0.1021,0,0
20232024,2023030115,8478831,FLA,F,695,6,9,0.27843,0.21413,0,1
20232024,2023030115,8478859,FLA,D,1002,5,19,0.30758,0.99002,1,7
20232024,2023030115,8478904,FLA,F,360,2,12,0.0223,0.76778,0,6
20232024,2023030115,8479314,FLA,F,762,11,15,0.94308,0.68745,3,4
20232024,2023030115,8479410,TBL,D,825,13,9,0.60554,0.56397,5,3
20232024,2023030115,8479542,TBL,F,993,14,7,0.68517,0.4102,5,2
20232024,2023030115,8479591,TBL,F,509,9,4,0.33124,0.18423,2,0
20232024,2023030115,8479661,TBL,F,434,9,2,0.36716,0.3426,2,1
20232024,2023030115,8480185,FLA,F,847,4,11,0.17021,0.42678,1,3
20232024,2023030115,8481719,TBL,,794,15,3,0.48226,0.0384,2,0
20232024,2023030115,8482070,TBL,F,459,9,5,0.25156,0.19363,1,0
20232024,2023030115,8482113,FLA,F,846,6,16,0.49134,0.52033,3,3
20232024,2023030115,8482929,TBL,D,803,21,6,0.71991,0.46172,4,1
20232024,2023030121,8471817,TOR,F,420,8,1,0.40572,0.0973,4,1
20232024,2023030121,8473419,BOS,F,824,4,14,0.13222,0.73081,0,4
20232024,2023030121,8474031,BOS,D,548,3,10,0.2179,0.59901,2,5
20232024,2023030121,8474034,BOS,F,490,2,5,0.17468,0.13447,2,0
20232024,2023030121,8475166,TOR,F,783,8,5,0.49152,0.20414,2,2
20232024,2023030121,8475714,TOR,F,875,9,7,0.38906,0.34783,3,2
20232024,2023030121,8475745,BOS,F,723,4,12,0.13222,0.66873,0,4
20232024,2023030121,8476441,TOR,D,752,10,2,0.43211,0.17395,2,2
20232024,2023030121,8476853,TOR,D,1012,20,12,1.08523,0.91645,11,7
20232024,2023030121,8476854,BOS,D,928,13,13,0.89366,0.77034,7,6
20232024,2023030121,8476891,BOS,D,923,5,15,0.18388,0.68514,1,5
20232024,2023030121,8476931,TOR,D,962,13,8,0.85188,0.22567,6,1
20232024,2023030121,8477479,TOR,F,715,17,9,0.85109,0.65502,6,5
20232024,2023030121,8477503,TOR,F,652,15,9,0.81058,0.65502,6,5
20232024,2023030121,8477956,BOS,F,711,6,3,0.34104,0.32575,3,2
20232024,2023030121,8478046,BOS,F,750,6,2,0.35226,0.31996,3,2
20232024,2023030121,8478401,BOS,F,773,5,9,0.33219,0.68875,3,5
20232024,2023030121,8478443,BOS,D,825,10,13,0.81433,0.66675,7,5
20232024,2023030121,8478483,TOR,F,848,11,4,0.68542,0.19529,5,2
20232024,2023030121,8478498,BOS,F,719,4,17,0.13222,0.90234,0,7
20232024,2023030121,8479318,TOR,F,918,17,9,0.96405,0.65502,8,5
20232024,2023030121,8479325,BOS,D,1218,9,20,0.40011,1.02491,2,8
20232024,2023030121,8479365,BOS,F,633,9,17,0.6475,0.84081,5,8
20232024,2023030121,8479369,BOS,D,857,2,13,0.081,0.66059,1,5
20232024,2023030121,8479987,BOS,F,750,4,11,0.07771,0.49428,0,5
20232024,2023030121,8480003,BOS,F,426,8,9,0.75332,0.3135,7,3
20232024,2023030121,8480043,TOR,D,842,15,8,0.73121,0.75259,4,7
20232024,2023030121,8480144,TOR,F,625,8,1,0.35253,0.0973,2,1
20232024,2023030121,8480880,BOS,F,660,4,15,0.07771,0.73413,0,7
20232024,2023030121,8480950,TOR,D,657,15,3,0.66155,0.12444,7,1
20232024,2023030121,8480980,TOR,F,552,8,1,0.36061,0.0973,3,1
20232024,2023030121,8480995,TOR,F,671,10,6,0.4933,0.33898,5,2
20232024,2023030121,8481122,TOR,D,1006,11,9,0.64476,0.39778,4,2
20232024,2023030121,8481556,BOS,F,531,7,12,0.73325,0.45658,7,4
20232024,2023030121,8481582,TOR,F,562,9,5,0.44123,0.15509,4,1
20232024,2023030121,8482720,TOR,F,483,6,6,0.365,0.38803,3,3
20232024,2023030122,8471817,TOR,F,595,4,4,0.05414,0.05113,0,0
20232024,2023030122,8473419,BOS,F,853,15,10,0.36454,0.74854,2,6
20232024,2023030122,8474031,BOS,D,893,7,12,0.14304,0.40402,1,2
20232024,2023030122,8474034,BOS,F,640,6,5,0.19225,0.05495,2,0
20232024,2023030122,8475166,TOR,F,777,3,8,0.08392,0.58795,1,5
20232024,2023030122,8475714,TOR,F,593,9,7,0.45841,0.12808,3,1
20232024,2023030122,8475745,BOS,F,767,12,9,0.25096,0.65423,1,6
20232024,2023030122,8476441,TOR,D,1154,7,15,0.32709,0.44644,2,5
20232024,2023030122,8476853,TOR,D,1054,22,11,1.26995,0.48061,9,2
20232024,2023030122,8476854,BOS,D,1139,15,17,0.68243,1.38369,4,10
20232024,2023030122,8476891,BOS,D,1035,11,8,0.48533,0.22804,4,2
20232024,2023030122,8476931,TOR,D,1004,8,11,0.36607,0.50322,3,3
20232024,2023030122,8477479,TOR,F,940,15,13,1.18835,0.33018,9,2
20232024,2023030122,8477503,TOR,F,779,19,12,1.38249,0.25925,10,1
20232024,2023030122,8477956,BOS,F,925,10,15,0.69007,0.86364,4,6
20232024,2023030122,8478046,BOS,F,764,7,12,0.50831,0.84001,3,5
20232024,2023030122,8478401,BOS,F,773,7,11,0.50082,0.7457,3,5
20232024,2023030122,8478443,BOS,D,975,12,12,0.31121,0.97127,1,7
20232024,2023030122,8478483,TOR,F,905,6,10,0.25671,0.81777,2,6
20232024,2023030122,8478498,BOS,F,834,12,10,0.25925,0.68086,1,6
20232024,2023030122,8479318,TOR,F,1033,19,14,1.35064,0.5579,10,3
20232024,2023030122,8479325,BOS,D,1249,17,12,0.93867,0.63428,8,5
20232024,2023030122,8479365,BOS,F,704,6,10,0.13086,0.49223,1,3
20232024,2023030122,8479369,BOS,D,525,6,9,0.09364,0.27292,0,2
20232024,2023030122,8479987,BOS,F,903,10,11,0.37629,0.42921,3,3
20232024,2023030122,8480003,BOS,F,567,7,4,0.43529,0.08612,4,0
20232024,2023030122,8480043,TOR,D,1017,9,15,0.54867,0.61724,4,5
20232024,2023030122,8480144,TOR,F,819,8,7,0.20357,0.20853,1,2
20232024,2023030122,8480880,BOS,F,551,7,5,0.12389,0.22218,1,2
20232024,2023030122,8480950,TOR,D,762,17,8,1.06704,0.2067,7,1
20232024,2023030122,8480980,TOR,F,616,8,5,0.20357,0.10069,1,1
20232024,2023030122,8480995,TOR,F,489,4,8,0.21467,0.27353,2,1
20232024,2023030122,8481122,TOR,D,836,7,8,0.3154,0.40011,3,2
20232024,2023030122,8481556,BOS,F,571,3,3,0.14895,0.02366,2,0
20232024,2023030122,8481582,TOR,F,429,5,3,0.22218,0.03463,2,0
20232024,2023030122,8482720,TOR,F,770,5,11,0.22268,0.63184,1,5
20232024,2023030123,8471817,TOR,F,366,3,7,0.23702,0.15243,0,0
20232024,2023030123,8473419,BOS,F,806,13,2,0.43698,0.02784,3,0
20232024,2023030123,8474031,BOS,D,413,5,6,0.12927,0.69767,0,1
20232024,2023030123,8474034,BOS,F,519,6,6,0.3258,0.24228,3,0
20232024,2023030123,8474037,BOS,F,587,8,7,0.61257,0.27749,3,1
20232024,2023030123,8475166,TOR,F,905,8,5,0.70781,0.0613,2,1
20232024,2023030123,8475714,TOR,F,718,4,3,0.07637,0.11702,0,1
20232024,2023030123,8475745,BOS,F,777,9,2,0.31643,0.00891,2,0
20232024,2023030123,8476441,TOR,D,979,5,11,0.67596,0.45992,2,4
20232024,2023030123,8476853,TOR,D,1064,10,13,0.45914,0.66885,2,3
20232024,2023030123,8476854,BOS,D,1160,13,9,0.66459,0.43683,5,2
20232024,2023030123,8476931,TOR,D,947,14,7,0.76183,0.17233,2,1
20232024,2023030123,8477479,TOR,F,876,13,13,0.72496,0.80274,3,5
20232024,2023030123,8477503,TOR,F,838,12,14,0.6401,0.74175,3,4
20232024,2023030123,8477956,BOS,F,873,7,12,0.19683,1.22222,2,3
20232024,2023030123,8478046,BOS,F,723,11,9,0.56317,0.36232,2,2
20232024,2023030123,8478401,BOS,F,714,5,8,0.16923,1.02346,1,3
20232024,2023030123,8478443,BOS,D,1123,14,6,0.50942,0.19615,3,1
20232024,2023030123,8478450,BOS,D,883,10,10,0.42305,0.69171,2,2
20232024,2023030123,8478483,TOR,F,1042,8,7,0.72992,0.22774,2,2
20232024,2023030123,8478498,BOS,F,780,4,9,0.05709,1.03409,0,3
20232024,2023030123,8479318,TOR,F,1002,13,13,0.71298,0.83088,3,5
20232024,2023030123,8479325,BOS,D,1244,12,14,0.61628,0.76243,4,3
20232024,2023030123,8479365,BOS,F,725,12,10,0.61922,0.33605,4,1
20232024,2023030123,8479987,BOS,F,765,11,4,0.25652,0.19513,2,0
20232024,2023030123,8480003,BOS,F,481,5,6,0.19622,0.16458,1,1
20232024,2023030123,8480043,TOR,D,865,8,10,0.72808,0.43055,2,3
20232024,2023030123,8480144,TOR,F,548,3,9,0.18831,0.30897,0,2
20232024,2023030123,8480950,TOR,D,699,7,13,0.23215,0.59694,1,3
20232024,2023030123,8480980,TOR,F,512,1,9,0.15041,0.29407,0,2
20232024,2023030123,8480995,TOR,F,610,5,4,0.09992,0.09995,0,0
20232024,2023030123,8481122,TOR,D,828,11,8,0.51157,0.27361,1,2
20232024,2023030123,8481556,BOS,F,445,2,6,0.15324,0.15586,1,1
20232024,2023030123,8481582,TOR,F,568,4,5,0.08463,0.21666,0,1
20232024,2023030123,8482511,BOS,D,727,8,9,0.25959,0.58203,2,1
20232024,2023030123,8482720,TOR,F,562,6,4,0.69589,0.04979,2,1
20232024,2023030124,8471817,TOR,F,345,2,8,0.01634,0.35402,0,3
20232024,2023030124,8473419,BOS,F,1045,9,12,0.28078,0.58218,2,3
20232024,2023030124,8474031,BOS,D,515,7,5,0.26219,0.16081,2,0
20232024,2023030124,8474034,BOS,F,336,7,3,0.24137,0.04419,1,0
20232024,2023030124,8474037,BOS,F,553,7,3,0.3499,0.02805,3,0
20232024,2023030124,8474673,TOR,D,778,7,8,0.38042,0.35282,2,2
20232024,2023030124,8475166,TOR,F,925,12,11,0.93208,0.33754,5,3
20232024,2023030124,8475714,TOR,F,511,4,3,0.03039,0.14696,0,1
20232024,2023030124,8475745,BOS,F,999,7,16,0.11652,0.76045,1,5
20232024,2023030124,8476441,TOR,D,829,9,6,0.48549,0.25158,3,1
20232024,2023030124,8476853,TOR,D,1225,13,13,0.77249,0.39478,3,3
20232024,2023030124,8476854,BOS,D,967,7,13,0.13966,0.54619,2,3
20232024,2023030124,8476931,TOR,D,873,14,12,0.38698,0.45045,2,4
20232024,2023030124,8477479,TOR,F,954,15,9,0.61279,0.36123,3,2
20232024,2023030124,8477503,TOR,F,904,12,7,0.49581,0.28035,2,2
20232024,2023030124,8477939,TOR,F,1110,11,11,0.83881,0.49359,4,4
20232024,2023030124,8477956,BOS,F,871,10,13,0.36557,0.55776,3,4
20232024,2023030124,8478046,BOS,F,680,5,5,0.30032,0.47191,3,1
20232024,2023030124,8478401,BOS,F,805,11,8,0.42756,0.16381,3,1
20232024,2023030124,8478443,BOS,D,1068,6,15,0.04931,0.62939,1,3
20232024,2023030124,8478450,BOS,D,845,6,5,0.23966,0.41982,2,1
20232024,2023030124,8478483,TOR,F,1027,12,9,0.80549,0.17689,4,0
20232024,2023030124,8478498,BOS,F,822,7,12,0.24843,0.46201,2,3
20232024,2023030124,8479318,TOR,F,615,12,4,0.32493,0.10955,1,1
20232024,2023030124,8479325,BOS,D,1195,16,11,0.77213,0.68748,5,4
20232024,2023030124,8479365,BOS,F,632,4,5,0.29818,0.41361,3,1
20232024,2023030124,8479987,BOS,F,763,7,8,0.17637,0.39903,1,2
20232024,2023030124,8480003,BOS,F,373,7,3,0.24137,0.02313,1,0
20232024,2023030124,8480144,TOR,F,548,3,9,0.02229,0.38421,0,3
20232024,2023030124,8480950,TOR,D,902,11,12,0.63103,0.38943,2,3
20232024,2023030124,8480995,TOR,F,584,1,5,0.00996,0.25168,0,2
20232024,2023030124,8481122,TOR,D,724,9,7,0.30013,0.3282,2,3
20232024,2023030124,8481556,BOS,F,396,6,5,0.20452,0.52691,1,1
20232024,2023030124,8481582,TOR,F,431,3,3,0.01643,0.01899,0,0
20232024,2023030124,8482511,BOS,D,911,16,13,0.70431,0.51167,4,3
20232024,2023030124,8482720,TOR,F,638,5,8,0.32654,0.33588,2,3
20232024,2023030125,8471817,TOR,F,418,1,10,0.00581,0.69204,0,3
20232024,2023030125,8473419,BOS,F,1005,11,16,0.63596,0.9647,5,2
20232024,2023030125,8474034,BOS,F,572,11,5,1.02923,0.23357,4,0
20232024,2023030125,8474037,BOS,F,680,2,7,0.16095,0.13389,1,1
20232024,2023030125,8475166,TOR,F,1134,15,6,0.64293,0.48229,2,3
20232024,2023030125,8475714,TOR,F,669,3,8,0.08447,0.53661,0,2
20232024,2023030125,8475745,BOS,F,978,12,16,0.52044,1.09816,4,2
20232024,2023030125,8476441,TOR,D,992,14,15,1.07453,0.9305,3,5
20232024,2023030125,8476853,TOR,D,1298,21,11,1.04378,0.48765,3,3
20232024,2023030125,8476854,BOS,D,1082,14,17,0.87459,1.09329,5,3
20232024,2023030125,8476891,BOS,D,948,10,10,0.71106,0.262,4,2
20232024,2023030125,8476931,TOR,D,1088,10,11,0.40164,0.65352,2,3
20232024,2023030125,8477479,TOR,F,848,16,10,0.76207,0.26556,3,2
20232024,2023030125,8477503,TOR,F,914,17,8,1.22785,0.23026,4,2
20232024,2023030125,8477939,TOR,F,1053,15,4,0.42112,0.42383,2,3
20232024,2023030125,8477956,BOS,F,1101,8,12,0.1569,1.13374,0,5
20232024,2023030125,8478046,BOS,F,732,7,6,0.23177,0.19205,1,2
20232024,2023030125,8478401,BOS,F,967,7,9,0.12763,0.40815,0,3
20232024,2023030125,8478443,BOS,D,1161,10,13,0.35207,0.48995,2,1
20232024,2023030125,8478450,BOS,D,663,6,1,0.56348,0.01061,3,0
20232024,2023030125,8478483,TOR,F,1024,14,12,0.93568,0.28916,4,2
20232024,2023030125,8478498,BOS,F,889,12,10,0.52593,0.42079,4,2
20232024,2023030125,8479325,BOS,D,1435,21,19,1.19271,1.16833,6,5
20232024,2023030125,8479365,BOS,F,561,9,2,0.88028,0.0661,4,0
20232024,2023030125,8479638,BOS,F,592,5,8,0.25269,0.09982,1,0
20232024,2023030125,8479987,BOS,F,804,6,10,0.24088,0.16635,1,0
20232024,2023030125,8480003,BOS,F,589,11,4,1.09715,0.1381,5,1
20232024,2023030125,8480043,TOR,D,987,6,11,0.3043,0.36279,1,1
20232024,2023030125,8480144,TOR,F,707,1,12,0.00581,0.73841,0,3
20232024,2023030125,8480950,TOR,D,925,14,12,0.38457,0.91476,2,5
20232024,2023030125,8480980,TOR,F,649,1,12,0.00581,0.73841,0,3
20232024,2023030125,8480995,TOR,F,595,5,8,0.10072,0.48572,0,2
20232024,2023030125,8481122,TOR,D,958,5,8,0.16146,0.56396,1,3
20232024,2023030125,8481582,TOR,F,440,1,5,0.01061,0.42163,0,1
20232024,2023030125,8482511,BOS,D,917,8,10,0.22923,0.3461,0,1
20232024,2023030125,8482720,TOR,F,966,16,7,0.85254,0.56585,3,4
20232024,2023030126,8473419,BOS,F,1034,14,9,0.8078,0.4057,8,2
20232024,2023030126,8474031,BOS,D,748,4,6,0.30123,0.41599,1,2
20232024,2023030126,8474034,BOS,F,491,3,8,0.12877,0.38316,1,2
20232024,2023030126,8474037,BOS,F,546,5,4,0.21266,0.35078,3,1
20232024,2023030126,8475166,TOR,F,1040,9,12,0.63093,0.59971,4,8
20232024,2023030126,8475714,TOR,F,590,1,1,0.10681,0.01183,1,0
20232024,2023030126,8475745,BOS,F,1000,12,9,0.66058,0.48377,6,3
20232024,2023030126,8476441,TOR,D,933,11,10,1.01112,0.51307,5,4
20232024,2023030126,8476853,TOR,D,1255,12,13,0.51189,0.5886,4,5
20232024,2023030126,8476854,BOS,D,1029,12,12,0.69662,0.9333,5,6
20232024,2023030126,8476931,TOR,D,1091,10,11,0.48463,0.70058,2,7
20232024,2023030126,8477479,TOR,F,1013,13,17,0.90778,1.00361,4,7
20232024,2023030126,8477503,TOR,F,972,11,19,0.84092,1.08812,4,7
20232024,2023030126,8477939,TOR,F,1009,9,13,0.64411,0.54552,3,7
20232024,2023030126,8477956,BOS,F,1055,17,4,1.06911,0.40109,8,4
20232024,2023030126,8478401,BOS,F,980,12,7,0.69944,0.58526,5,5
20232024,2023030126,8478443,BOS,D,962,11,11,0.61655,0.7787,4,5
20232024,2023030126,8478450,BOS,D,777,6,5,0.38247,0.18345,2,1
20232024,2023030126,8478483,TOR,F,1083,10,14,0.79295,0.8713,5,7
20232024,2023030126,8478498,BOS,F,1086,15,10,0.85428,0.98708,5,7
20232024,2023030126,8479325,BOS,D,1430,21,15,1.0131,0.72943,11,4
20232024,2023030126,8479365,BOS,F,734,7,6,0.37011,0.27296,4,1
20232024,2023030126,8479393,TOR,F,445,9,4,0.29058,0.18278,2,1
20232024,2023030126,8479638,BOS,F,493,3,8,0.19432,0.23785,2,0
20232024,2023030126,8479987,BOS,F,992,15,10,0.65442,0.68163,7,3
20232024,2023030126,8480003,BOS,F,505,3,11,0.12877,0.55957,1,3
20232024,2023030126,8480043,TOR,D,799,11,13,0.87099,0.68957,4,6
20232024,2023030126,8480144,TOR,F,661,3,2,0.20644,0.01787,2,0
20232024,2023030126,8480950,TOR,D,1070,9,17,0.50047,0.80418,5,6
20232024,2023030126,8480980,TOR,F,579,2,2,0.12632,0.01787,1,0
20232024,2023030126,8480995,TOR,F,551,9,6,0.24583,0.54013,1,4
20232024,2023030126,8481122,TOR,D,976,11,10,0.46914,0.71102,2,6
20232024,2023030126,8481556,BOS,F,549,5,10,0.23027,0.42351,1,2
20232024,2023030126,8481582,TOR,F,534,11,6,0.36074,0.48514,2,3
20232024,2023030126,8482511,BOS,D,1214,20,15,0.99705,0.80737,11,4
20232024,2023030126,8482720,TOR,F,1054,9,15,0.61895,0.64665,4,7
20232024,2023030127,8473419,BOS,F,949,13,7,0.4687,0.3389,2,2
20232024,2023030127,8474031,BOS,D,538,7,8,0.36348,0.08621,4,0
20232024,2023030127,8474034,BOS,F,510,5,6,0.16244,0.18045,0,1
20232024,2023030127,8474037,BOS,F,704,13,6,0.60174,0.08663,4,0
20232024,2023030127,8475166,TOR,F,967,6,14,0.44031,0.55148,4,3
20232024,2023030127,8475714,TOR,F,492,3,7,0.13049,0.23817,0,1
20232024,2023030127,8475745,BOS,F,948,12,12,0.48398,0.56406,2,3
20232024,2023030127,8476441,TOR,D,905,13,15,0.7049,0.60335,6,3
20232024,2023030127,8476853,TOR,D,1339,14,17,0.44859,0.65003,3,4
20232024,2023030127,8476854,BOS,D,1210,20,16,0.92024,0.68512,6,5
20232024,2023030127,8476931,TOR,D,1220,11,12,0.40776,0.67696,1,4
20232024,2023030127,8477479,TOR,F,926,14,11,0.56787,0.41632,3,1
20232024,2023030127,8477503,TOR,F,793,12,10,0.57732,0.38505,3,1
20232024,2023030127,8477939,TOR,F,1157,10,16,0.63617,0.59825,5,3
20232024,2023030127,8477956,BOS,F,1071,13,10,0.65698,0.495,3,4
20232024,2023030127,8478401,BOS,F,1000,10,9,0.55035,0.51124,3,4
20232024,2023030127,8478443,BOS,D,1086,15,13,0.68239,0.63874,2,5
20232024,2023030127,8478450,BOS,D,904,6,9,0.33493,0.20664,1,0
20232024,2023030127,8478483,TOR,F,1029,11,10,0.4647,0.40896,3,1
20232024,2023030127,8478498,BOS,F,905,10,10,0.41581,0.44489,2,3
20232024,2023030127,8479318,TOR,F,921,7,10,0.22124,0.37756,1,1
20232024,2023030127,8479325,BOS,D,1550,17,11,0.68514,0.59361,3,3
20232024,2023030127,8479365,BOS,F,848,13,8,0.5903,0.2058,4,0
20232024,2023030127,8479393,TOR,F,468,7,5,0.07969,0.27631,0,3
20232024,2023030127,8479638,BOS,F,720,12,5,0.52749,0.06281,4,0
20232024,2023030127,8479987,BOS,F,924,11,7,0.55771,0.46314,3,4
20232024,2023030127,8480003,BOS,F,484,4,7,0.13073,0.20473,0,1
20232024,2023030127,8480043,TOR,D,832,9,17,0.36432,0.78554,3,5
20232024,2023030127,8480144,TOR,F,608,7,7,0.07969,0.48505,0,4
20232024,2023030127,8480950,TOR,D,1023,8,12,0.31637,0.33664,2,0
20232024,2023030127,8480980,TOR,F,510,7,6,0.07969,0.48092,0,4
20232024,2023030127,8480995,TOR,F,700,3,9,0.05546,0.48542,0,2
20232024,2023030127,8481122,TOR,D,1116,8,8,0.28352,0.50934,1,2
20232024,2023030127,8481556,BOS,F,585,4,9,0.14193,0.39803,0,2
20232024,2023030127,8482511,BOS,D,1116,15,7,0.53926,0.4268,2,3
20232024,2023030127,8482720,TOR,F,1010,10,14,0.73471,0.54825,5,3
20232024,2023030131,8471214,WSH,F,826,6,13,0.3039,0.72101,2,3
20232024,2023030131,8471698,WSH,F,835,6,14,0.14328,0.72314,1,3
20232024,2023030131,8474157,WSH,F,499,3,5,0.03953,0.25592,0,2
20232024,2023030131,8474590,WSH,D,1177,13,17,0.61308,0.78675,4,5
20232024,2023030131,8475184,NYR,F,723,7,8,0.28006,0.52656,3,5
20232024,2023030131,8475343,WSH,F,567,5,9,0.14216,0.31907,1,1
20232024,2023030131,8475795,WSH,,637,6,6,0.34795,0.38308,3,1
20232024,2023030131,8476389,NYR,F,860,12,8,0.52724,0.27865,2,1
20232024,2023030131,8476459,NYR,F,800,10,9,0.50778,0.52766,4,5
20232024,2023030131,8476624,NYR,F,721,8,6,0.34935,0.20248,2,1
20232024,2023030131,8476880,WSH,F,907,12,11,0.74259,0.41954,5,3
20232024,2023030131,8476885,NYR,D,903,9,7,0.22916,0.312,0,2
20232024,2023030131,8476918,NYR,F,607,8,7,0.34935,0.19052,2,1
20232024,2023030131,8476979,NYR,D,846,10,5,0.27339,0.10179,0,1
20232024,2023030131,8477505,NYR,F,602,11,3,0.72269,0.05877,2,0
20232024,2023030131,8477845,WSH,D,978,5,17,0.0779,0.97474,0,5
20232024,2023030131,8477947,WSH,F,486,2,4,0.01002,0.29112,0,2
20232024,2023030131,8477979,WSH,F,563,5,9,0.15381,0.34782,1,1
20232024,2023030131,8478440,WSH,F,943,12,11,0.63308,0.53235,4,4
20232024,2023030131,8478458,NYR,F,624,10,12,0.35672,0.78636,3,6
20232024,2023030131,8478550,NYR,F,716,11,7,0.51598,0.28219,2,1
20232024,2023030131,8479323,NYR,D,790,15,6,1.13068,0.1607,5,1
20232024,2023030131,8479324,NYR,D,886,16,8,1.2361,0.21029,5,1
20232024,2023030131,8479359,WSH,F,572,5,9,0.14216,0.3184,1,1
20232024,2023030131,8480796,WSH,D,1006,15,19,0.51249,0.90903,4,5
20232024,2023030131,8480817,NYR,D,978,14,12,0.67743,0.577,5,4
20232024,2023030131,8480823,WSH,D,1218,11,15,0.54798,0.82409,3,3
20232024,2023030131,8481554,NYR,F,574,11,3,0.8512,0.03085,3,0
20232024,2023030131,8481580,WSH,F,643,4,15,0.19599,1.10306,1,5
20232024,2023030131,8481656,WSH,F,726,11,10,0.56411,0.60421,4,3
20232024,2023030131,8482073,NYR,D,868,13,12,0.5641,0.73762,5,5
20232024,2023030131,8482109,NYR,F,596,11,5,0.52322,0.07198,2,0
20232024,2023030131,8482148,WSH,F,608,4,7,0.07847,0.58513,1,2
20232024,2023030131,8482157,NYR,F,554,11,3,0.88062,0.05043,3,0
20232024,2023030131,8482460,NYR,,478,8,4,0.39288,0.14265,2,1
20232024,2023030131,8482861,WSH,,110,0,4,0.0,0.26949,0,1
20232024,2023030132,8471214,WSH,F,853,12,9,0.47571,0.43142,3,4
20232024,2023030132,8471698,WSH,F,847,12,8,0.47571,0.30613,3,3
20232024,2023030132,8474157,WSH,F,642,10,2,0.35643,0.07983,4,0
20232024,2023030132,8474590,WSH,D,1225,9,17,0.49038,0.82312,2,5
20232024,2023030132,8475184,NYR,F,636,2,3,0.03682,0.18533,0,1
20232024,2023030132,8475343,WSH,F,497,1,9,0.12272,0.63443,1,3
20232024,2023030132,8475795,WSH,,526,6,3,0.52479,0.01799,4,0
20232024,2023030132,8476389,NYR,F,766,7,12,0.31376,0.62476,3,4
20232024,2023030132,8476459,NYR,F,728,5,4,0.21751,0.09934,0,0
20232024,2023030132,8476624,NYR,F,641,9,5,0.43315,0.08296,2,1
20232024,2023030132,8476880,WSH,F,742,4,4,0.21568,0.0447,1,0
20232024,2023030132,8476885,NYR,D,839,6,9,0.30492,0.43076,1,4
20232024,2023030132,8476918,NYR,F,543,8,6,0.42726,0.18273,2,2
20232024,2023030132,8476979,NYR,D,663,7,10,0.30601,0.55348,1,5
20232024,2023030132,8477505,NYR,F,642,5,8,0.13332,0.43517,1,5
20232024,2023030132,8477845,WSH,D,658,14,4,0.41839,0.2348,4,1
20232024,2023030132,8477947,WSH,F,546,11,3,0.3635,0.08574,4,0
20232024,2023030132,8477979,WSH,F,347,0,5,0.0,0.24233,0,1
20232024,2023030132,8478440,WSH,F,862,5,5,0.22275,0.05411,1,0
20232024,2023030132,8478458,NYR,F,476,5,2,0.26959,0.06261,1,0
20232024,2023030132,8478550,NYR,F,693,8,12,0.3643,0.62476,3,4
20232024,2023030132,8479321,WSH,,662,13,5,0.25503,0.15219,2,2
20232024,2023030132,8479323,NYR,D,757,6,13,0.19789,0.25995,1,2
20232024,2023030132,8479324,NYR,D,968,6,14,0.19789,0.5159,1,3
20232024,2023030132,8479359,WSH,F,407,1,8,0.12272,0.51662,1,2
20232024,2023030132,8480796,WSH,D,787,7,13,0.34409,0.82511,2,4
20232024,2023030132,8480817,NYR,D,812,12,6,0.57567,0.4869,4,3
20232024,2023030132,8480823,WSH,D,685,8,6,0.44526,0.10375,5,0
20232024,2023030132,8481554,NYR,F,518,9,7,0.52477,0.18479,3,2
20232024,2023030132,8481580,WSH,F,694,12,12,0.47571,0.70636,3,5
20232024,2023030132,8481656,WSH,F,626,4,5,0.21568,0.05061,1,0
20232024,2023030132,8482073,NYR,D,706,10,4,0.50913,0.10823,3,1
20232024,2023030132,8482109,NYR,F,566,7,9,0.31856,0.61304,3,3
20232024,2023030132,8482148,WSH,F,442,11,2,0.3635,0.08316,4,0
20232024,2023030132,8482157,NYR,F,444,5,7,0.24421,0.18479,1,2
20232024,2023030132,8482460,NYR,,444,3,9,0.01764,0.25255,0,3
20232024,2023030133,8471214,WSH,F,725,6,6,0.47994,0.1981,2,1
20232024,2023030133,8471698,WSH,F,721,12,5,1.20468,0.16488,6,1
20232024,2023030133,8474157,WSH,F,522,7,7,0.30774,0.20715,2,0
20232024,2023030133,8474590,WSH,D,1033,13,8,0.92837,0.23953,6,1
20232024,2023030133,8475184,NYR,F,546,4,7,0.14863,0.33135,1,1
20232024,2023030133,8475343,WSH,F,505,3,0,0.0554,0.0,0,0
20232024,2023030133,8475795,WSH,,598,5,6,0.07884,0.20647,0,0
20232024,2023030133,8476389,NYR,F,946,4,8,0.16475,0.71152,1,4
20232024,2023030133,8476459,NYR,F,654,6,7,0.16272,0.33135,1,1
20232024,2023030133,8476624,NYR,F,473,1,8,0.00068,0.50585,0,5
20232024,2023030133,8476880,WSH,F,648,6,4,0.18045,0.1676,2,1
20232024,2023030133,8476885,NYR,D,729,5,4,0.13458,0.15726,0,2
20232024,2023030133,8476918,NYR,F,388,2,6,0.00372,0.39939,0,4
20232024,2023030133,8476979,NYR,D,655,6,5,0.14816,0.19712,0,2
20232024,2023030133,8477505,NYR,F,575,9,4,0.30579,0.41523,0,2
20232024,2023030133,8477845,WSH,D,119,0,2,0.0,0.07552,0,1
20232024,2023030133,8477947,WSH,F,521,7,12,0.55151,0.37996,4,0
20232024,2023030133,8478440,WSH,F,866,10,7,1.04299,0.24833,7,1
20232024,2023030133,8478458,NYR,F,496,6,8,0.17326,0.37121,1,1
20232024,2023030133,8478550,NYR,F,705,5,6,0.1758,0.53565,1,3
20232024,2023030133,8479321,WSH,,790,10,11,0.704,0.2539,5,1
20232024,2023030133,8479323,NYR,D,631,7,8,0.2464,0.74703,2,4
20232024,2023030133,8479324,NYR,D,756,8,8,0.2934,0.78554,2,5
20232024,2023030133,8479359,WSH,F,458,2,3,0.02731,0.07163,0,0
20232024,2023030133,8480796,WSH,D,892,7,7,0.45274,0.24654,3,1
20232024,2023030133,8480817,NYR,D,917,7,12,0.23938,0.78144,0,4
20232024,2023030133,8480823,WSH,D,891,13,6,1.20751,0.24592,6,0
20232024,2023030133,8481554,NYR,F,440,7,4,0.24774,0.37948,0,2
20232024,2023030133,8481580,WSH,F,550,5,6,0.28071,0.17846,1,1
20232024,2023030133,8481656,WSH,F,478,3,3,0.13537,0.07856,2,1
20232024,2023030133,8482073,NYR,D,801,6,11,0.19238,0.70307,0,3
20232024,2023030133,8482109,NYR,F,663,7,5,0.23638,0.46905,1,2
20232024,2023030133,8482148,WSH,F,519,6,7,0.30663,0.20715,2,0
20232024,2023030133,8482157,NYR,F,485,8,4,0.29221,0.37948,0,2
20232024,2023030133,8482460,NYR,,260,2,5,0.00372,0.22763,0,3
20232024,2023030133,8483491,WSH,F,479,5,0,0.48446,0.0,2,0
20232024,2023030134,8471214,WSH,F,661,8,4,0.42224,0.6958,3,2
20232024,2023030134,8471698,WSH,F,862,8,9,0.37846,0.4708,1,2
20232024,2023030134,8474157,WSH,F,825,7,8,0.29728,0.3849,0,1
20232024,2023030134,8474590,WSH,D,1313,19,12,1.12225,0.42346,7,2
20232024,2023030134,8475184,NYR,F,859,7,7,0.34925,0.5724,2,4
20232024,2023030134,8475324,WSH,D,1070,11,12,0.52567,1.13066,4,4
20232024,2023030134,8475343,WSH,F,722,6,4,0.22009,0.15797,2,1
20232024,2023030134,8475795,WSH,,502,6,4,0.18756,0.09674,2,0
20232024,2023030134,8476389,NYR,F,1010,11,10,0.37011,0.55198,3,5
20232024,2023030134,8476459,NYR,F,963,8,8,0.49073,0.3924,3,2
20232024,2023030134,8476624,NYR,F,595,5,11,0.34718,0.52776,0,4
20232024,2023030134,8476880,WSH,F,836,14,11,0.80152,0.40108,7,2
20232024,2023030134,8476885,NYR,D,1026,11,7,0.87713,0.387,3,3
20232024,2023030134,8476918,NYR,F,587,4,9,0.34091,0.41171,0,4
20232024,2023030134,8476979,NYR,D,1029,14,10,0.72212,0.66546,2,5
20232024,2023030134,8477505,NYR,F,682,5,9,0.5383,0.46396,1,3
20232024,2023030134,8477947,WSH,F,581,7,6,0.50466,0.79835,4,3
20232024,2023030134,8477979,WSH,F,526,5,3,0.21579,0.07119,2,0
20232024,2023030134,8478440,WSH,F,890,15,13,0.80467,0.68652,7,2
20232024,2023030134,8478458,NYR,F,818,7,7,0.34925,0.50289,2,3
20232024,2023030134,8478550,NYR,F,1029,10,12,0.36245,0.7599,3,5
20232024,2023030134,8479323,NYR,D,1077,13,13,1.17656,0.6348,4,4
20232024,2023030134,8479324,NYR,D,956,9,15,0.35794,1.01073,2,8
20232024,2023030134,8479359,WSH,F,574,4,3,0.10515,0.07119,1,0
20232024,2023030134,8480796,WSH,D,1088,11,15,0.72669,0.87131,4,4
20232024,2023030134,8480817,NYR,D,891,6,13,0.13879,0.59465,1,4
20232024,2023030134,8480823,WSH,D,887,16,4,0.89313,0.51332,8,1
20232024,2023030134,8480873,WSH,D,1047,8,11,0.34898,0.44735,3,3
20232024,2023030134,8481554,NYR,F,596,8,5,0.68881,0.14689,2,1
20232024,2023030134,8481580,WSH,F,746,6,7,0.29097,0.18536,0,2
20232024,2023030134,8481656,WSH,F,910,16,13,1.0769,0.50363,10,3
20232024,2023030134,8482073,NYR,D,868,6,12,0.21167,0.5105,2,4
20232024,2023030134,8482109,NYR,F,829,10,11,0.36245,0.72767,3,5
20232024,2023030134,8482148,WSH,F,695,8,6,0.58584,0.79747,5,3
20232024,2023030134,8482157,NYR,F,648,8,11,0.72508,0.32452,2,3
20232024,2023030134,8482460,NYR,,335,3,5,0.29837,0.32263,0,3
20232024,2023030141,8470613,CAR,D,1028,9,16,0.27749,1.2804,2,5
20232024,2023030141,8473504,NYI,F,536,7,10,0.1443,0.62791,1,2
20232024,2023030141,8473533,CAR,F,867,16,14,0.60124,0.59607,3,3
20232024,2023030141,8474145,NYI,D,803,6,12,0.2033,0.34023,1,3
20232024,2023030141,8474709,NYI,F,568,8,11,0.21657,0.80331,1,3
20232024,2023030141,8475151,NYI,F,926,7,12,0.49108,0.55207,3,3
20232024,2023030141,8475200,CAR,D,1012,18,7,0.99621,0.25769,5,2
20232024,2023030141,8475231,NYI,F,774,9,13,0.28255,0.51297,1,2
20232024,2023030141,8475314,NYI,F,826,13,7,1.11157,0.31464,5,2
20232024,2023030141,8475744,CAR,F,526,10,7,0.6557,0.18439,3,2
20232024,2023030141,8475754,NYI,F,972,9,21,0.35127,1.47366,3,7
20232024,2023030141,8476422,NYI,D,999,15,10,0.45789,0.50261,4,4
20232024,2023030141,8476474,CAR,F,390,10,3,0.6557,0.0303,3,0
20232024,2023030141,8476869,CAR,D,1039,18,12,1.22226,0.62526,5,2
20232024,2023030141,8476882,CAR,F,766,8,9,0.32835,1.06713,2,3
20232024,2023030141,8476917,NYI,D,1003,9,19,0.37285,1.39317,3,6
20232024,2023030141,8476921,CAR,F,886,19,13,0.69674,0.3314,3,2
20232024,2023030141,8476958,CAR,D,1074,10,20,0.45888,1.28077,3,7
20232024,2023030141,8477392,NYI,F,822,7,13,0.45825,0.75221,3,4
20232024,2023030141,8477404,CAR,F,991,8,13,0.89468,0.63939,4,4
20232024,2023030141,8477488,CAR,D,1057,18,16,1.31831,0.54807,5,3
20232024,2023030141,8477500,NYI,F,1022,11,12,0.45539,0.4664,1,1
20232024,2023030141,8477506,NYI,D,1035,8,18,0.42204,1.41164,4,6
20232024,2023030141,8478115,NYI,F,723,10,8,1.04137,0.50698,3,3
20232024,2023030141,8478427,CAR,F,999,10,8,0.94311,0.24843,4,2
20232024,2023030141,8478445,NYI,F,1087,17,16,0.46357,1.08085,3,5
20232024,2023030141,8478970,CAR,D,994,17,7,0.87779,0.21707,4,1
20232024,2023030141,8480039,CAR,F,782,8,8,0.32835,1.04005,2,3
20232024,2023030141,8480829,CAR,F,649,8,10,0.32835,1.10454,2,4
20232024,2023030141,8480830,CAR,F,764,15,7,0.52197,0.24579,3,1
20232024,2023030141,8480835,CAR,F,529,11,9,0.70277,0.1398,3,3
20232024,2023030141,8480865,NYI,D,1194,21,15,1.41,0.8236,3,3
20232024,2023030141,8481014,NYI,D,1085,19,16,1.34318,0.67969,5,2
20232024,2023030141,8481237,NYI,F,693,14,7,1.20524,0.48846,6,3
20232024,2023030141,8481601,NYI,F,503,5,5,0.09273,0.14695,0,1
20232024,2023030141,8482093,CAR,F,1077,12,16,1.06945,0.6866,4,3
20232024,2023030142,8470613,CAR,D,1121,20,4,0.98583,0.30093,4,1
20232024,2023030142,8473504,NYI,F,520,4,6,0.41407,0.25663,3,1
20232024,2023030142,8473533,CAR,F,759,24,1,1.19642,0.0441,6,0
20232024,2023030142,8474145,NYI,D,735,3,11,0.18558,0.47703,2,2
20232024,2023030142,8474709,NYI,F,610,4,6,0.41407,0.25663,3,1
20232024,2023030142,8475151,NYI,F,882,4,17,0.15743,1.08869,1,6
20232024,2023030142,8475200,CAR,D,1170,18,5,1.22751,0.24661,6,2
20232024,2023030142,8475231,NYI,F,789,3,20,0.10572,0.78433,0,3
20232024,2023030142,8475314,NYI,F,726,2,13,0.14225,0.80608,0,5
20232024,2023030142,8475744,CAR,F,605,9,5,0.45981,0.51965,2,4
20232024,2023030142,8475754,NYI,F,950,4,20,0.15743,1.28022,1,7
20232024,2023030142,8476419,NYI,F,676,1,10,0.02047,0.49551,0,3
20232024,2023030142,8476422,NYI,D,887,5,17,0.36851,0.45226,2,1
20232024,2023030142,8476474,CAR,F,570,8,4,0.27904,0.4585,1,4
20232024,2023030142,8476869,CAR,D,1089,19,7,1.14193,0.50817,7,2
20232024,2023030142,8476882,CAR,F,627,8,4,0.35855,0.19068,2,0
20232024,2023030142,8476917,NYI,D,1122,3,19,0.27118,1.13708,1,8
20232024,2023030142,8476921,CAR,F,837,27,2,1.41235,0.06645,7,0
20232024,2023030142,8476958,CAR,D,1216,29,3,1.05255,0.12572,4,0
20232024,2023030142,8477404,CAR,F,1047,14,2,0.90044,0.04269,5,0
20232024,2023030142,8477488,CAR,D,425,11,5,0.5861,0.2798,4,1
20232024,2023030142,8477500,NYI,F,968,4,20,0.2275,0.90337,0,4
20232024,2023030142,8477506,NYI,D,1154,5,22,0.45411,1.30909,1,9
20232024,2023030142,8478115,NYI,F,650,1,10,0.02047,0.65021,0,4
20232024,2023030142,8478427,CAR,F,1107,16,6,0.9223,0.24785,5,0
20232024,2023030142,8478445,NYI,F,862,4,21,0.2275,0.88598,0,4
20232024,2023030142,8478970,CAR,D,940,15,2,0.87754,0.17771,5,2
20232024,2023030142,8480039,CAR,F,608,8,2,0.36052,0.06902,2,0
20232024,2023030142,8480829,CAR,F,581,7,1,0.3572,0.00787,2,0
20232024,2023030142,8480830,CAR,F,989,15,6,0.97411,0.28665,5,0
20232024,2023030142,8480835,CAR,F,512,11,4,0.44542,0.4585,2,4
20232024,2023030142,8480865,NYI,D,969,5,22,0.17978,1.14203,1,4
20232024,2023030142,8481014,NYI,D,1058,5,21,0.17978,1.35397,1,6
20232024,2023030142,8481237,NYI,F,725,6,6,0.4751,0.25663,3,1
20232024,2023030142,8481601,NYI,F,694,2,19,0.0964,1.14291,1,6
20232024,2023030142,8482093,CAR,F,837,21,2,1.14103,0.06645,6,0
20232024,2023030143,8470613,CAR,D,1066,14,13,0.52508,0.69542,4,3
20232024,2023030143,8473504,NYI,F,447,3,8,0.09917,0.16921,1,0
20232024,2023030143,8473533,CAR,F,879,9,9,0.41039,0.11223,2,0
20232024,2023030143,8474145,NYI,D,648,4,17,0.1166,0.69796,1,4
20232024,2023030143,8474709,NYI,F,480,6,7,0.20445,0.13371,1,0
20232024,2023030143,8475151,NYI,F,834,5,7,0.32895,0.19038,2,1
20232024,2023030143,8475200,CAR,D,1071,8,16,0.38963,0.62511,3,3
20232024,2023030143,8475231,NYI,F,692,15,14,0.72825,0.52709,3,4
20232024,2023030143,8475314,NYI,F,960,12,7,0.43934,0.33285,4,2
20232024,2023030143,8475744,CAR,F,555,9,11,0.32886,0.4957,2,3
20232024,2023030143,8475754,NYI,F,954,6,7,0.33564,0.19038,2,1
20232024,2023030143,8476419,NYI,F,867,12,6,0.44336,0.32524,4,2
20232024,2023030143,8476422,NYI,D,956,8,18,0.60156,0.77715,2,5
20232024,2023030143,8476474,CAR,F,459,7,10,0.17354,0.31989,1,2
20232024,2023030143,8476869,CAR,D,1076,15,12,0.35163,0.45889,1,4
20232024,2023030143,8476882,CAR,F,768,12,11,0.25862,0.82967,2,5
20232024,2023030143,8476917,NYI,D,1134,16,11,0.77583,0.37513,6,2
20232024,2023030143,8476921,CAR,F,964,9,8,0.40922,0.0959,2,0
20232024,2023030143,8476958,CAR,D,1166,12,14,0.4479,0.70535,3,3
20232024,2023030143,8477392,NYI,F,675,5,6,0.32895,0.18277,2,1
20232024,2023030143,8477404,CAR,F,896,5,9,0.25528,0.45353,2,3
20232024,2023030143,8477500,NYI,F,1011,18,14,0.80946,0.50433,3,4
20232024,2023030143,8477506,NYI,D,1308,17,13,1.22708,0.45861,7,3
20232024,2023030143,8477950,CAR,D,908,12,10,0.21745,0.39705,0,4
20232024,2023030143,8478115,NYI,F,984,14,7,0.4898,0.33581,4,2
20232024,2023030143,8478427,CAR,F,911,4,7,0.18485,0.38238,1,3
20232024,2023030143,8478445,NYI,F,1059,17,13,0.79871,0.49376,3,4
20232024,2023030143,8478970,CAR,D,999,9,13,0.44663,0.55144,3,3
20232024,2023030143,8480039,CAR,F,808,12,11,0.24297,0.86583,2,4
20232024,2023030143,8480829,CAR,F,788,13,12,0.26506,0.72632,2,4
20232024,2023030143,8480830,CAR,F,887,7,9,0.36226,0.41868,2,4
20232024,2023030143,8480835,CAR,F,535,9,12,0.26604,0.3455,1,2
20232024,2023030143,8480865,NYI,D,1203,17,5,0.35531,0.03259,2,0
20232024,2023030143,8481014,NYI,D,1047,16,6,0.35688,0.03688,2,0
20232024,2023030143,8481237,NYI,F,624,4,9,0.14381,0.18195,1,0
20232024,2023030143,8482093,CAR,F,974,9,8,0.41039,0.10426,2,0
20232024,2023030144,8470613,CAR,D,1053,12,13,0.43724,1.16352,2,4
20232024,2023030144,8473504,NYI,F,369,1,4,0.04164,0.04992,0,0
20232024,2023030144,8473533,CAR,F,771,9,13,0.39971,0.63227,3,3
20232024,2023030144,8474145,NYI,D,478,5,6,0.26493,0.21576,1,1
20232024,2023030144,8475151,NYI,F,872,7,14,0.3068,0.69817,2,4
20232024,2023030144,8475200,CAR,D,1137,18,10,0.99824,0.20274,6,1
20232024,2023030144,8475231,NYI,F,746,11,7,0.31992,0.27609,1,2
20232024,2023030144,8475314,NYI,F,777,15,9,1.15493,0.21594,5,0
20232024,2023030144,8475744,CAR,F,420,5,1,0.08083,0.0265,0,1
20232024,2023030144,8475754,NYI,F,951,8,10,0.34195,0.52107,2,3
20232024,2023030144,8476419,NYI,F,819,14,20,1.14682,1.105,5,6
20232024,2023030144,8476422,NYI,D,832,11,8,0.38148,0.19047,1,0
20232024,2023030144,8476474,CAR,F,373,6,2,0.20668,0.06814,1,1
20232024,2023030144,8476869,CAR,D,824,11,10,0.4977,0.47017,3,3
20232024,2023030144,8476882,CAR,F,824,15,4,0.58477,0.05038,3,0
20232024,2023030144,8476917,NYI,D,1113,3,12,0.02449,0.50865,0,3
20232024,2023030144,8476921,CAR,F,758,11,16,0.71275,0.77089,5,3
20232024,2023030144,8476958,CAR,D,1041,13,17,0.57139,1.32918,3,6
20232024,2023030144,8477392,NYI,F,830,7,17,0.33384,1.20776,2,8
20232024,2023030144,8477404,CAR,F,983,12,11,0.82202,0.95281,5,4
20232024,2023030144,8477500,NYI,F,974,11,8,0.31992,0.30729,1,2
20232024,2023030144,8477506,NYI,D,1131,7,13,0.15443,0.63256,0,4
20232024,2023030144,8477950,CAR,D,788,11,8,0.51241,0.32951,3,1
20232024,2023030144,8478115,NYI,F,941,15,15,1.15493,1.00545,5,6
20232024,2023030144,8478427,CAR,F,1051,14,12,1.13952,0.99445,7,4
20232024,2023030144,8478445,NYI,F,910,11,8,0.34696,0.2859,1,2
20232024,2023030144,8478970,CAR,D,1085,17,10,0.97483,0.20554,6,1
20232024,2023030144,8480039,CAR,F,837,13,8,0.46474,0.19711,2,0
20232024,2023030144,8480829,CAR,F,737,13,8,0.32142,0.19711,1,0
20232024,2023030144,8480830,CAR,F,938,11,11,0.71008,0.95281,4,4
20232024,2023030144,8480835,CAR,F,502,5,5,0.05973,0.1,0,1
20232024,2023030144,8480865,NYI,D,1220,20,23,1.40722,1.29008,7,8
20232024,2023030144,8481014,NYI,D,1198,22,24,1.46811,1.4539,7,9
20232024,2023030144,8481016,NYI,,358,1,5,0.04164,0.05973,0,0
20232024,2023030144,8481237,NYI,F,467,1,7,0.04164,0.31291,0,2
20232024,2023030144,8482093,CAR,F,898,14,11,0.84259,0.60852,6,3
20232024,2023030145,8470613,CAR,D,1120,11,9,0.59241,0.272,3,0
20232024,2023030145,8473504,NYI,F,489,7,7,0.36587,0.42091,1,3
20232024,2023030145,8473533,CAR,F,926,10,11,0.4164,0.40776,3,1
20232024,2023030145,8474145,NYI,D,564,8,10,0.4055,0.80406,3,5
20232024,2023030145,8475151,NYI,F,1001,5,13,0.31037,0.6212,1,2
20232024,2023030145,8475200,CAR,D,1109,14,14,0.50831,0.57387,2,3
20232024,2023030145,8475231,NYI,F,738,12,12,0.56979,0.37937,3,1
20232024,2023030145,8475314,NYI,F,875,8,8,0.21901,0.46967,3,4
20232024,2023030145,8475744,CAR,F,593,9,9,0.45361,0.51873,3,2
20232024,2023030145,8475754,NYI,F,977,4,12,0.2522,0.3531,1,1
20232024,2023030145,8476419,NYI,F,847,8,9,0.21901,0.57807,3,4
20232024,2023030145,8476422,NYI,D,1088,7,13,0.48416,1.06633,3,6
20232024,2023030145,8476474,CAR,F,505,8,8,0.43002,0.45251,3,2
20232024,2023030145,8476869,CAR,D,1098,20,11,0.91992,0.55423,6,4
20232024,2023030145,8476882,CAR,F,913,12,8,0.69907,0.19835,2,0
20232024,2023030145,8476917,NYI,D,1058,12,15,0.3929,0.37662,3,2
20232024,2023030145,8476921,CAR,F,776,8,7,0.38435,0.21645,1,3
20232024,2023030145,8476958,CAR,D,1167,17,7,1.07619,0.33694,5,1
20232024,2023030145,8477392,NYI,F,524,5,9,0.10877,0.45728,0,3
20232024,2023030145,8477404,CAR,F,893,14,8,0.51955,0.53151,4,3
20232024,2023030145,8477500,NYI,F,1076,12,15,0.57722,0.75507,3,4
20232024,2023030145,8477506,NYI,D,1210,14,18,0.59383,0.6126,4,3
20232024,2023030145,8477950,CAR,D,832,19,8,0.94932,0.61111,5,5
20232024,2023030145,8478115,NYI,F,806,8,10,0.21901,0.59265,3,4
20232024,2023030145,8478427,CAR,F,941,18,4,0.96413,0.31954,4,2
20232024,2023030145,8478445,NYI,F,1183,12,20,0.56979,1.01029,3,3
20232024,2023030145,8478970,CAR,D,1059,10,15,0.25221,0.58193,2,3
20232024,2023030145,8480039,CAR,F,933,8,8,0.38435,0.28267,1,3
20232024,2023030145,8480829,CAR,F,505,8,9,0.43002,0.51873,3,2
20232024,2023030145,8480830,CAR,F,765,16,5,0.8203,0.37771,5,2
20232024,2023030145,8480835,CAR,F,789,10,8,0.32023,0.21901,1,3
20232024,2023030145,8480865,NYI,D,1312,10,18,0.46571,0.81317,1,3
20232024,2023030145,8481014,NYI,D,1023,13,16,0.58798,0.57008,2,3
20232024,2023030145,8481237,NYI,F,607,8,10,0.41661,0.49069,1,3
20232024,2023030145,8481601,NYI,F,697,7,10,0.56747,0.23599,2,1
20232024,2023030145,8482093,CAR,F,984,13,11,0.48676,0.35215,2,1
20232024,2023030151,8470600,DAL,D,993,8,7,0.50293,0.22121,4,1
20232024,2023030151,8470794,DAL,F,982,6,11,0.0638,0.48257,0,2
20232024,2023030151,8473994,DAL,F,883,13,9,0.70084,0.45929,5,2
20232024,2023030151,8474149,DAL,F,604,3,2,0.0696,0.13006,1,0
20232024,2023030151,8474565,VGK,D,1278,5,17,0.12498,0.47447,0,3
20232024,2023030151,8475168,DAL,F,881,9,5,0.43805,0.34944,3,2
20232024,2023030151,8475188,VGK,D,1105,14,8,0.945,0.43754,4,4
20232024,2023030151,8475690,DAL,D,1150,8,9,0.40381,0.42546,3,1
20232024,2023030151,8475794,DAL,F,841,10,4,0.45621,0.24075,3,1
20232024,2023030151,8475913,VGK,F,914,6,8,0.299,0.30567,1,3
20232024,2023030151,8476448,VGK,F,870,6,10,0.19107,0.44995,2,3
20232024,2023030151,8476539,VGK,F,909,11,11,0.64876,0.61245,2,3
20232024,2023030151,8476881,VGK,F,855,6,8,0.299,0.16586,1,2
20232024,2023030151,8476889,DAL,F,524,4,0,0.07768,0.0,1,0
20232024,2023030151,8476902,DAL,D,1174,10,10,0.38265,0.53932,2,3
20232024,2023030151,8476905,VGK,F,909,6,8,0.299,0.28766,1,3
20232024,2023030151,8477447,VGK,D,1114,14,8,0.93481,0.41411,4,3
20232024,2023030151,8477478,VGK,F,568,2,4,0.02671,0.05456,0,1
20232024,2023030151,8477511,VGK,F,777,7,10,0.37052,0.44995,3,3
20232024,2023030151,8477964,VGK,F,942,12,11,0.72172,0.61172,2,3
20232024,2023030151,8478396,VGK,D,1272,6,17,0.14307,0.45104,0,2
20232024,2023030151,8478403,VGK,F,1094,11,12,0.82596,0.77011,3,4
20232024,2023030151,8478434,VGK,F,666,3,5,0.09967,0.07272,0,1
20232024,2023030151,8478449,DAL,F,1014,6,12,0.18955,0.53621,1,2
20232024,2023030151,8478462,VGK,F,662,4,4,0.10192,0.05487,0,1
20232024,2023030151,8478975,DAL,F,928,11,5,0.47272,0.243,3,1
20232024,2023030151,8479351,DAL,F,588,4,0,0.07768,0.0,1,0
20232024,2023030151,8479353,VGK,F,727,7,11,0.37052,0.48685,3,3
20232024,2023030151,8479980,VGK,D,841,7,9,0.34007,0.55221,2,4
20232024,2023030151,8480027,DAL,F,1069,6,13,0.18955,0.71566,1,3
20232024,2023030151,8480036,DAL,D,1405,19,11,0.84313,0.48695,5,1
20232024,2023030151,8480727,VGK,D,905,8,9,0.34797,0.55221,2,4
20232024,2023030151,8480878,DAL,D,453,2,3,0.02863,0.06889,1,1
20232024,2023030151,8481581,DAL,D,1216,21,14,0.72043,1.09407,5,5
20232024,2023030151,8482702,DAL,F,842,15,11,0.85118,0.63758,6,3
20232024,2023030151,8482740,DAL,F,974,15,9,0.73551,0.45929,5,2
20232024,2023030152,8470600,DAL,D,903,14,10,0.55938,0.42137,3,2
20232024,2023030152,8470794,DAL,F,896,13,9,0.48135,0.128,2,0
20232024,2023030152,8473994,DAL,F,781,13,11,0.68795,0.49898,4,3
20232024,2023030152,8474149,DAL,F,620,6,1,0.21178,0.19475,2,1
20232024,2023030152,8474166,VGK,D,845,7,13,0.25173,0.79774,1,4
20232024,2023030152,8474565,VGK,D,1189,10,13,0.3196,0.34745,2,3
20232024,2023030152,8475168,DAL,F,911,9,8,0.35817,0.26995,2,2
20232024,2023030152,8475188,VGK,D,1103,13,15,0.72423,0.84147,4,4
20232024,2023030152,8475690,DAL,D,990,12,13,0.54376,0.59526,2,5
20232024,2023030152,8475794,DAL,F,936,11,9,0.42957,0.26105,2,2
20232024,2023030152,8475913,VGK,F,934,8,14,0.51087,0.74801,3,5
20232024,2023030152,8476448,VGK,F,618,7,5,0.11719,0.26946,1,1
20232024,2023030152,8476539,VGK,F,879,11,12,0.41692,0.4315,1,2
20232024,2023030152,8476881,VGK,F,1030,10,15,0.57835,0.77141,4,5
20232024,2023030152,8476889,DAL,F,424,2,2,0.07505,0.23025,1,1
20232024,2023030152,8476902,DAL,D,1125,18,6,0.88951,0.12146,5,0
20232024,2023030152,8476905,VGK,F,972,8,15,0.51087,0.77141,3,5
20232024,2023030152,8477447,VGK,D,1125,13,16,0.72423,0.84207,4,4
20232024,2023030152,8477478,VGK,F,701,5,10,0.26428,0.51489,1,3
20232024,2023030152,8477511,VGK,F,593,8,6,0.17169,0.29286,2,1
20232024,2023030152,8477964,VGK,F,756,10,12,0.35362,0.4315,1,2
20232024,2023030152,8478396,VGK,D,1110,9,13,0.3147,0.34745,2,3
20232024,2023030152,8478403,VGK,F,954,9,15,0.3368,0.68387,1,3
20232024,2023030152,8478434,VGK,F,678,3,9,0.19608,0.46357,1,3
20232024,2023030152,8478449,DAL,F,1027,15,9,0.6092,0.3103,3,1
20232024,2023030152,8478462,VGK,F,630,2,7,0.07558,0.18218,0,1
20232024,2023030152,8478975,DAL,F,622,5,7,0.22144,0.25509,1,2
20232024,2023030152,8479351,DAL,F,435,3,2,0.09845,0.19569,1,1
20232024,2023030152,8479353,VGK,F,634,10,6,0.35933,0.40112,3,2
20232024,2023030152,8480027,DAL,F,1095,17,10,0.84269,0.31124,4,1
20232024,2023030152,8480036,DAL,D,1362,17,13,0.75311,0.46003,4,2
20232024,2023030152,8480727,VGK,D,902,7,14,0.25173,0.79834,1,4
20232024,2023030152,8480878,DAL,D,600,9,4,0.50867,0.0775,3,0
20232024,2023030152,8481581,DAL,D,1176,14,14,0.72009,0.9155,5,5
20232024,2023030152,8482702,DAL,F,933,16,11,1.00129,0.71176,6,4
20232024,2023030152,8482740,DAL,F,905,16,11,0.94484,0.51962,5,3
20232024,2023030153,8470600,DAL,D,1020,20,12,1.44416,0.48986,11,3
20232024,2023030153,8470794,DAL,F,744,9,11,0.75752,0.40636,7,1
20232024,2023030153,8473994,DAL,F,780,12,4,0.65552,0.23781,3,1
20232024,2023030153,8474149,DAL,F,709,8,11,0.83344,0.29097,8,1
20232024,2023030153,8474166,VGK,D,870,8,19,0.26667,1.06762,3,8
20232024,2023030153,8474565,VGK,D,1157,16,17,0.72445,1.19421,2,8
20232024,2023030153,8475168,DAL,F,799,12,4,0.65389,0.19824,3,0
20232024,2023030153,8475188,VGK,D,1165,6,16,0.25965,1.23596,1,7
20232024,2023030153,8475225,DAL,F,601,10,3,0.29479,0.18951,2,2
20232024,2023030153,8475690,DAL,D,1328,19,11,1.10783,0.38527,9,1
20232024,2023030153,8475794,DAL,F,759,8,11,0.83344,0.26594,8,2
20232024,2023030153,8475913,VGK,F,816,4,12,0.22419,1.03768,2,7
20232024,2023030153,8476448,VGK,F,804,10,15,0.48004,0.92135,3,6
20232024,2023030153,8476539,VGK,F,941,11,9,0.34517,0.65165,0,4
20232024,2023030153,8476881,VGK,F,839,11,14,0.54687,0.77317,3,5
20232024,2023030153,8476902,DAL,D,1269,19,11,1.21857,0.5048,8,2
20232024,2023030153,8476905,VGK,F,786,6,13,0.23628,1.04197,2,7
20232024,2023030153,8477447,VGK,D,1146,6,15,0.1677,1.18204,0,7
20232024,2023030153,8477478,VGK,F,524,4,13,0.08809,0.69672,0,5
20232024,2023030153,8477511,VGK,F,753,9,14,0.37479,0.82274,2,6
20232024,2023030153,8477964,VGK,F,970,11,10,0.38598,0.75514,1,5
20232024,2023030153,8478396,VGK,D,1143,17,16,0.73302,1.01767,2,7
20232024,2023030153,8478403,VGK,F,992,11,11,0.38275,0.79556,1,5
20232024,2023030153,8478434,VGK,F,527,3,13,0.0871,0.69672,0,5
20232024,2023030153,8478449,DAL,F,823,18,9,1.46955,0.39474,9,1
20232024,2023030153,8478462,VGK,F,619,3,11,0.09557,0.5375,0,4
20232024,2023030153,8479351,DAL,F,743,11,5,0.29908,0.28744,2,2
20232024,2023030153,8479353,VGK,F,777,4,12,0.19225,1.03768,1,7
20232024,2023030153,8480027,DAL,F,912,16,9,1.28001,0.33014,8,1
20232024,2023030153,8480036,DAL,D,1362,25,13,1.69717,0.63199,9,4
20232024,2023030153,8480727,VGK,D,734,5,15,0.14123,0.81442,2,7
20232024,2023030153,8480848,DAL,F,682,11,5,0.29908,0.28744,2,2
20232024,2023030153,8480878,DAL,D,141,3,0,0.07912,0.0,1,0
20232024,2023030153,8481581,DAL,D,1124,14,11,1.15298,0.2808,7,0
20232024,2023030153,8482702,DAL,F,884,14,9,0.79138,0.3793,4,2
20232024,2023030153,8482740,DAL,F,904,16,6,1.41227,0.17119,9,0
20232024,2023030154,8470600,DAL,D,978,13,19,0.24276,0.62051,0,4
20232024,2023030154,8470794,DAL,F,931,8,14,0.23896,0.38888,1,1
20232024,2023030154,8473994,DAL,F,844,8,10,0.24155,0.40386,2,2
20232024,2023030154,8474149,DAL,F,761,6,15,0.32358,0.43706,3,2
20232024,2023030154,8474166,VGK,D,629,14,3,0.35534,0.12523,1,1
20232024,2023030154,8474565,VGK,D,1163,19,21,1.22735,1.2298,6,8
20232024,2023030154,8475168,DAL,F,938,5,11,0.21424,0.42702,2,3
20232024,2023030154,8475188,VGK,D,1166,17,10,0.92242,0.36279,5,3
20232024,2023030154,8475225,DAL,F,475,11,9,0.88124,0.44075,4,3
20232024,2023030154,8475690,DAL,D,1188,22,16,1.22593,0.33769,9,0
20232024,2023030154,8475794,DAL,F,855,5,16,0.34565,0.49999,3,2
20232024,2023030154,8475913,VGK,F,824,8,7,0.18343,0.33777,0,2
20232024,2023030154,8476448,VGK,F,772,16,4,1.03094,0.22071,4,3
20232024,2023030154,8476539,VGK,F,1016,17,17,1.01438,0.95882,5,6
20232024,2023030154,8476881,VGK,F,973,12,8,0.24803,0.19945,0,1
20232024,2023030154,8476902,DAL,D,1163,19,19,1.34546,1.17209,11,6
20232024,2023030154,8476905,VGK,F,889,8,7,0.18343,0.33777,0,2
20232024,2023030154,8477447,VGK,D,1143,20,11,1.02354,0.37326,5,3
20232024,2023030154,8477478,VGK,F,561,10,7,0.18476,0.20919,1,1
20232024,2023030154,8477964,VGK,F,778,13,17,0.94978,1.10761,5,7
20232024,2023030154,8478020,VGK,F,734,17,4,1.21387,0.22071,6,3
20232024,2023030154,8478396,VGK,D,1286,19,22,0.64543,1.23847,4,8
20232024,2023030154,8478403,VGK,F,1112,18,16,1.19731,0.94835,7,6
20232024,2023030154,8478434,VGK,F,506,10,7,0.1805,0.20919,1,1
20232024,2023030154,8478449,DAL,F,849,8,17,0.25675,1.29167,3,5
20232024,2023030154,8478462,VGK,F,619,12,8,0.25748,0.29576,2,2
20232024,2023030154,8479351,DAL,F,625,12,10,0.89879,0.45959,4,3
20232024,2023030154,8479353,VGK,F,616,15,3,1.13263,0.13414,5,2
20232024,2023030154,8480027,DAL,F,783,8,16,0.25675,1.25938,3,5
20232024,2023030154,8480036,DAL,D,1535,7,28,0.21915,1.90952,1,9
20232024,2023030154,8480727,VGK,D,741,15,3,1.01028,0.12343,3,1
20232024,2023030154,8480848,DAL,F,585,13,10,0.90461,0.45959,4,3
20232024,2023030154,8480878,DAL,D,69,1,1,0.00867,0.03015,0,1
20232024,2023030154,8481581,DAL,D,1186,10,21,0.43153,1.1144,3,4
20232024,2023030154,8482702,DAL,F,808,7,10,0.19461,0.40386,2,2
20232024,2023030154,8482740,DAL,F,936,12,18,0.40222,1.30489,5,5
20232024,2023030155,8470600,DAL,D,883,7,16,0.32461,0.60578,3,4
20232024,2023030155,8470794,DAL,F,756,7,7,0.5506,0.2663,4,3
20232024,2023030155,8473994,DAL,F,894,12,9,0.36373,0.36929,3,2
20232024,2023030155,8474149,DAL,F,551,7,7,0.56219,0.22058,3,0
20232024,2023030155,8474166,VGK,D,900,12,15,0.49628,0.47386,4,4
20232024,2023030155,8474565,VGK,D,954,12,12,0.52641,0.46465,4,3
20232024,2023030155,8475168,DAL,F,686,2,13,0.19621,0.63243,0,3
20232024,2023030155,8475188,VGK,D,849,8,7,0.32588,0.68867,0,4
20232024,2023030155,8475225,DAL,F,607,4,9,0.23571,0.46113,2,1
20232024,2023030155,8475690,DAL,D,1276,13,15,0.8107,0.50421,5,1
20232024,2023030155,8475794,DAL,F,664,1,10,0.00705,0.41102,0,2
20232024,2023030155,8475913,VGK,F,933,7,8,0.25937,0.33084,2,3
20232024,2023030155,8476448,VGK,F,653,8,7,0.48744,0.23078,3,2
20232024,2023030155,8476539,VGK,F,1014,17,7,0.52349,0.81105,2,4
20232024,2023030155,8476881,VGK,F,1038,12,7,0.45538,0.81105,2,4
20232024,2023030155,8476902,DAL,D,1218,9,13,0.49452,0.65424,4,3
20232024,2023030155,8476905,VGK,F,939,6,8,0.21017,0.33971,1,3
20232024,2023030155,8477018,VGK,D,770,11,3,0.46987,0.02853,3,0
20232024,2023030155,8477447,VGK,D,1066,13,12,0.44559,1.20984,0,8
20232024,2023030155,8477478,VGK,F,514,10,4,0.40821,0.10755,2,1
20232024,2023030155,8477964,VGK,F,621,7,4,0.29971,0.02804,1,0
20232024,2023030155,8478020,VGK,F,519,6,10,0.34202,0.33443,2,3
20232024,2023030155,8478396,VGK,D,1163,12,5,0.51883,0.12597,3,1
20232024,2023030155,8478403,VGK,F,1140,14,7,0.49033,0.81105,2,4
20232024,2023030155,8478449,DAL,F,808,5,7,0.46483,0.29227,3,3
20232024,2023030155,8478462,VGK,F,667,8,5,0.32747,0.11422,2,1
20232024,2023030155,8479351,DAL,F,779,6,7,0.32148,0.24696,3,0
20232024,2023030155,8479353,VGK,F,443,5,6,0.35039,0.22923,2,2
20232024,2023030155,8480027,DAL,F,809,5,9,0.46483,0.31197,3,3
20232024,2023030155,8480036,DAL,D,1171,12,16,0.55029,0.62001,4,5
20232024,2023030155,8480848,DAL,F,532,3,9,0.10501,0.48959,1,2
20232024,2023030155,8480878,DAL,D,177,0,0,0.0,0.0,0,0
20232024,2023030155,8481581,DAL,D,1010,13,8,0.8114,0.39862,4,1
20232024,2023030155,8481604,VGK,F,425,2,8,0.02031,0.33933,0,3
20232024,2023030155,8482702,DAL,F,783,15,8,0.7024,0.25298,4,1
20232024,2023030155,8482740,DAL,F,947,14,7,0.51324,0.21977,4,1
20232024,2023030156,8470600,DAL,D,923,15,9,0.97337,0.44591,5,2
20232024,2023030156,8470794,DAL,F,970,6,16,0.37357,0.59988,4,4
20232024,2023030156,8473994,DAL,F,845,8,10,0.33705,0.5824,2,2
20232024,2023030156,8474149,DAL,F,764,9,9,0.76002,0.79922,3,3
20232024,2023030156,8474166,VGK,D,969,13,6,0.59821,0.22183,4,3
20232024,2023030156,8474565,VGK,D,1221,19,12,0.81492,0.45821,5,5
20232024,2023030156,8475168,DAL,F,882,7,11,0.77086,0.82849,4,3
20232024,2023030156,8475188,VGK,D,1263,14,13,0.91869,1.14137,4,3
20232024,2023030156,8475225,DAL,F,537,8,7,0.56477,0.48111,3,2
20232024,2023030156,8475690,DAL,D,1267,12,18,1.21628,1.27778,4,7
20232024,2023030156,8475794,DAL,F,897,9,10,0.81533,0.81467,3,3
20232024,2023030156,8475913,VGK,F,959,10,11,0.58974,0.90114,3,4
20232024,2023030156,8476448,VGK,F,820,5,9,0.19509,1.08475,0,4
20232024,2023030156,8476539,VGK,F,954,19,7,0.89679,0.29862,6,2
20232024,2023030156,8476881,VGK,F,972,13,4,0.53142,0.18756,4,2
20232024,2023030156,8476902,DAL,D,1175,8,15,0.34026,0.5905,5,3
20232024,2023030156,8476905,VGK,F,964,12,9,0.80491,0.64092,5,2
20232024,2023030156,8477447,VGK,D,1164,15,14,0.94535,1.23247,4,4
20232024,2023030156,8477478,VGK,F,609,13,7,0.96806,0.24087,3,3
20232024,2023030156,8477964,VGK,F,859,11,12,0.74083,0.9177,4,4
20232024,2023030156,8478020,VGK,F,699,4,7,0.16843,0.94639,0,3
20232024,2023030156,8478396,VGK,D,1028,10,8,0.70612,0.77658,2,4
20232024,2023030156,8478403,VGK,F,998,12,6,0.46734,0.38442,3,3
20232024,2023030156,8478434,VGK,F,623,9,6,0.78044,0.20481,2,3
20232024,2023030156,8478449,DAL,F,856,6,13,0.42618,0.56628,3,4
20232024,2023030156,8478462,VGK,F,655,14,7,0.99472,0.25894,3,4
20232024,2023030156,8479351,DAL,F,585,7,6,0.82373,0.43845,3,2
20232024,2023030156,8479353,VGK,F,721,4,8,0.16843,0.98676,0,2
20232024,2023030156,8480027,DAL,F,1089,7,17,0.39537,0.61533,5,4
20232024,2023030156,8480036,DAL,D,1473,11,20,0.55656,1.19421,5,4
20232024,2023030156,8480727,VGK,D,855,13,9,0.88751,0.87146,3,5
20232024,2023030156,8480848,DAL,F,607,6,7,0.80193,0.48111,2,2
20232024,2023030156,8480878,DAL,D,273,0,5,0.0,0.3611,0,1
20232024,2023030156,8481581,DAL,D,1358,18,18,1.67516,1.02796,6,5
20232024,2023030156,8482702,DAL,F,898,9,8,0.61937,0.51308,1,2
20232024,2023030156,8482740,DAL,F,999,9,11,0.30499,0.55952,2,2
20232024,2023030157,8470600,DAL,D,1194,14,6,0.701,0.14818,3,1
20232024,2023030157,8470794,DAL,F,952,16,8,1.09323,0.63653,8,1
20232024,2023030157,8473994,DAL,F,845,15,9,0.9608,0.64611,7,1
20232024,2023030157,8474149,DAL,F,734,11,3,0.45225,0.1086,2,2
20232024,2023030157,8474166,VGK,D,1100,5,16,0.43578,0.72516,1,4
20232024,2023030157,8474565,VGK,D,1294,5,17,0.36359,0.82909,1,5
20232024,2023030157,8475168,DAL,F,872,12,4,0.38354,0.08529,1,1
20232024,2023030157,8475188,VGK,D,911,5,13,0.35148,0.5788,2,4
20232024,2023030157,8475225,DAL,F,726,8,4,0.3695,0.11022,3,1
20232024,2023030157,8475690,DAL,D,1438,20,14,1.02253,0.41298,5,3
20232024,2023030157,8475794,DAL,F,885,11,6,0.40086,0.13001,1,2
20232024,2023030157,8475913,VGK,F,1055,8,12,0.21014,0.57812,1,3
20232024,2023030157,8476448,VGK,F,862,9,7,0.51732,0.2339,2,2
20232024,2023030157,8476539,VGK,F,1119,12,11,0.44441,0.52293,3,4
20232024,2023030157,8476881,VGK,F,1108,14,11,0.47426,0.63442,2,5
20232024,2023030157,8476889,DAL,F,630,6,4,0.27414,0.06287,2,0
20232024,2023030157,8476902,DAL,D,1299,8,14,0.3135,0.53819,1,3
20232024,2023030157,8476905,VGK,F,854,4,10,0.13847,0.48952,1,3
20232024,2023030157,8477447,VGK,D,1358,13,16,0.43362,0.84177,3,6
20232024,2023030157,8477478,VGK,F,722,2,12,0.01287,0.78495,0,4
20232024,2023030157,8477964,VGK,F,824,4,9,0.13595,0.35709,1,2
20232024,2023030157,8478020,VGK,F,706,6,5,0.44045,0.17018,1,2
20232024,2023030157,8478396,VGK,D,1344,18,11,0.39318,0.65315,2,4
20232024,2023030157,8478403,VGK,F,1129,13,8,0.43959,0.3749,2,2
20232024,2023030157,8478434,VGK,F,718,3,14,0.01429,0.81642,0,4
20232024,2023030157,8478449,DAL,F,923,4,10,0.20737,0.21508,1,2
20232024,2023030157,8478462,VGK,F,865,3,15,0.05655,0.85879,1,5
20232024,2023030157,8479351,DAL,F,920,11,6,0.45967,0.12536,3,1
20232024,2023030157,8479353,VGK,F,736,6,9,0.44045,0.3619,1,3
20232024,2023030157,8480027,DAL,F,952,7,10,0.29108,0.23149,2,1
20232024,2023030157,8480036,DAL,D,1541,19,11,0.91988,0.56772,8,2
20232024,2023030157,8480727,VGK,D,787,10,9,0.23885,0.49411,1,3
20232024,2023030157,8480878,DAL,D,189,1,1,0.00177,0.11587,0,1
20232024,2023030157,8481581,DAL,D,1282,20,10,1.1634,0.43356,9,0
20232024,2023030157,8482702,DAL,F,847,6,10,0.19745,0.23149,1,1
20232024,2023030157,8482740,DAL,F,1061,16,10,1.09323,0.7417,8,2
20232024,2023030161,8470610,COL,F,953,11,9,0.49891,0.70202,2,3
20232024,2023030161,8471677,COL,D,697,8,9,0.46544,0.3177,3,1
20232024,2023030161,8471699,COL,F,437,4,1,0.30986,0.01058,2,0
20232024,2023030161,8475455,WPG,D,1156,18,16,1.01114,0.66749,3,3
20232024,2023030161,8475726,WPG,F,830,11,15,0.58054,0.909,2,4
20232024,2023030161,8475799,WPG,F,744,3,10,0.32505,0.78565,1,4
20232024,2023030161,8476312,COL,D,1010,29,10,1.24033,0.92402,6,3
20232024,2023030161,8476331,WPG,D,1419,8,26,0.54904,1.53343,3,8
20232024,2023030161,8476392,WPG,F,841,5,10,0.39445,0.70799,2,4
20232024,2023030161,8476460,WPG,F,1158,12,20,0.68276,0.9066,2,4
20232024,2023030161,8476480,WPG,F,472,1,5,0.27869,0.2985,1,2
20232024,2023030161,8477425,COL,F,740,17,9,1.22288,0.4759,6,2
20232024,2023030161,8477476,COL,F,1007,19,10,0.79011,0.74794,4,2
20232024,2023030161,8477492,COL,F,1274,12,10,0.57785,0.71783,2,3
20232024,2023030161,8477497,WPG,F,977,12,17,0.61008,0.91945,2,4
20232024,2023030161,8477501,COL,F,1124,22,11,0.85676,0.77742,4,2
20232024,2023030161,8477504,WPG,D,1403,9,21,0.56122,1.03376,2,5
20232024,2023030161,8477940,WPG,F,941,11,20,0.51035,1.26864,1,6
20232024,2023030161,8478038,COL,D,1229,23,12,1.23474,1.10106,5,4
20232024,2023030161,8478398,WPG,F,1022,13,17,0.80936,0.45574,4,2
20232024,2023030161,8478420,COL,F,1125,11,8,0.52626,0.67254,2,3
20232024,2023030161,8478452,COL,D,717,8,5,0.54292,0.20889,3,1
20232024,2023030161,8478508,COL,F,552,6,1,0.33404,0.01058,2,0
20232024,2023030161,8478891,WPG,F,936,5,13,0.39445,1.03969,2,6
20232024,2023030161,8479378,WPG,D,599,4,8,0.41612,0.57886,2,3
20232024,2023030161,8479520,COL,F,471,5,1,0.31874,0.01058,2,0
20232024,2023030161,8479525,COL,F,625,14,9,1.01633,0.4759,5,2
20232024,2023030161,8479999,COL,F,980,21,8,0.9226,0.70259,5,2
20232024,2023030161,8480014,WPG,F,925,12,20,0.68276,0.62466,2,2
20232024,2023030161,8480049,WPG,D,663,4,11,0.41612,0.68627,2,3
20232024,2023030161,8480069,COL,D,1322,13,10,1.0593,0.7399,5,3
20232024,2023030161,8480113,WPG,F,509,2,5,0.29168,0.2985,1,2
20232024,2023030161,8480145,WPG,D,1144,14,22,0.8897,1.16527,2,6
20232024,2023030161,8480336,COL,D,1261,23,12,1.12235,0.58131,6,2
20232024,2023030161,8481019,WPG,F,368,1,4,0.27869,0.2832,1,2
20232024,2023030161,8481641,COL,F,623,14,9,1.12328,0.4759,6,2
20232024,2023030162,8470610,COL,F,587,12,9,1.38941,0.57136,8,2
20232024,2023030162,8471677,COL,D,756,16,13,1.39838,0.72358,10,4
20232024,2023030162,8471699,COL,F,392,4,8,0.58439,0.61045,3,4
20232024,2023030162,8475455,WPG,D,1038,16,18,1.05293,1.54617,5,11
20232024,2023030162,8475726,WPG,F,635,11,6,0.36925,0.3723,2,4
20232024,2023030162,8475799,WPG,F,542,8,7,0.29818,0.2731,2,2
20232024,2023030162,8476312,COL,D,1031,19,12,1.68767,0.78325,12,3
20232024,2023030162,8476331,WPG,D,1029,13,9,0.49381,0.3708,2,2
20232024,2023030162,8476392,WPG,F,668,8,8,0.54399,0.3104,2,2
20232024,2023030162,8476460,WPG,F,1056,12,21,0.62442,1.95437,4,12
20232024,2023030162,8476480,WPG,F,531,9,5,0.90304,0.15923,4,2
20232024,2023030162,8477425,COL,F,630,10,6,0.59175,0.47779,6,3
20232024,2023030162,8477476,COL,F,781,13,10,1.13873,0.59125,9,2
20232024,2023030162,8477492,COL,F,971,14,13,0.75376,0.66896,4,4
20232024,2023030162,8477497,WPG,F,764,9,7,0.26159,0.42631,1,4
20232024,2023030162,8477501,COL,F,1017,12,14,0.39764,0.70453,3,4
20232024,2023030162,8477504,WPG,D,1135,13,9,0.57173,0.67069,4,4
20232024,2023030162,8477940,WPG,F,612,10,7,0.3588,0.58011,2,5
20232024,2023030162,8478038,COL,D,1130,15,11,0.87305,0.49568,6,3
20232024,2023030162,8478398,WPG,F,995,10,17,0.61461,1.66435,4,11
20232024,2023030162,8478420,COL,F,952,11,12,0.36626,0.49765,2,2
20232024,2023030162,8478452,COL,D,566,10,9,0.56504,0.5454,5,2
20232024,2023030162,8478508,COL,F,465,5,8,0.59045,0.39793,3,3
20232024,2023030162,8478891,WPG,F,608,8,8,0.54399,0.3104,2,2
20232024,2023030162,8479378,WPG,D,540,7,10,0.48571,0.36361,3,4
20232024,2023030162,8479520,COL,F,382,3,9,0.07642,0.50357,1,4
20232024,2023030162,8479525,COL,F,573,10,6,0.74858,0.47779,7,3
20232024,2023030162,8479999,COL,F,775,12,9,0.84005,0.52431,7,1
20232024,2023030162,8480014,WPG,F,924,11,16,0.6224,1.78385,4,11
20232024,2023030162,8480049,WPG,D,567,8,9,0.74409,0.59083,3,5
20232024,2023030162,8480069,COL,D,1177,8,15,0.25194,0.9161,1,5
20232024,2023030162,8480113,WPG,F,508,6,9,0.53335,0.29245,3,3
20232024,2023030162,8480145,WPG,D,1096,15,23,0.78971,1.9759,5,14
20232024,2023030162,8480336,COL,D,810,11,12,0.94973,0.67397,7,5
20232024,2023030162,8481019,WPG,F,404,6,6,0.53335,0.15013,3,2
20232024,2023030162,8481641,COL,F,580,10,4,0.59175,0.18138,6,1
20232024,2023030163,8470610,COL,F,775,12,11,0.94476,0.54864,6,5
20232024,2023030163,8471677,COL,D,723,7,9,0.41569,0.49446,4,4
20232024,2023030163,8471699,COL,F,366,2,1,0.04605,0.00764,0,0
20232024,2023030163,8475455,WPG,D,1024,14,18,0.5846,0.83693,6,5
20232024,2023030163,8475726,WPG,F,694,13,12,0.99277,0.78409,6,3
20232024,2023030163,8475799,WPG,F,695,10,11,0.49633,0.3681,3,0
20232024,2023030163,8476312,COL,D,811,14,15,0.80455,1.03097,2,6
20232024,2023030163,8476331,WPG,D,1069,13,12,0.85155,0.79355,5,4
20232024,2023030163,8476392,WPG,F,705,7,9,0.37477,0.36334,3,1
20232024,2023030163,8476460,WPG,F,1013,15,13,0.51117,0.77595,5,4
20232024,2023030163,8476480,WPG,F,615,5,6,0.34441,0.35583,1,3
20232024,2023030163,8477220,WPG,D,691,14,8,0.68128,0.42544,6,1
20232024,2023030163,8477425,COL,F,625,10,10,0.26581,0.82194,2,5
20232024,2023030163,8477476,COL,F,887,11,12,0.86786,0.56525,5,5
20232024,2023030163,8477492,COL,F,952,13,14,0.57522,0.63384,2,4
20232024,2023030163,8477497,WPG,F,727,15,8,0.88975,0.33272,6,1
20232024,2023030163,8477501,COL,F,911,12,12,0.48418,0.62268,1,4
20232024,2023030163,8477504,WPG,D,1073,15,10,0.99099,0.63932,6,4
20232024,2023030163,8477940,WPG,F,691,13,10,0.79175,0.62312,5,3
20232024,2023030163,8478038,COL,D,1098,12,14,0.53001,0.4404,2,3
20232024,2023030163,8478398,WPG,F,856,10,9,0.4152,0.47546,4,4
20232024,2023030163,8478420,COL,F,1026,13,15,0.57124,0.74797,2,4
20232024,2023030163,8478508,COL,F,568,1,8,0.01113,0.23375,0,2
20232024,2023030163,8478891,WPG,F,657,10,8,0.42848,0.21629,3,0
20232024,2023030163,8479398,COL,D,988,18,11,1.03655,0.89792,5,5
20232024,2023030163,8479520,COL,F,432,1,6,0.05865,0.11467,0,1
20232024,2023030163,8479525,COL,F,619,10,8,0.32411,0.71059,2,6
20232024,2023030163,8479999,COL,F,761,12,10,0.96968,0.48078,6,4
20232024,2023030163,8480014,WPG,F,772,8,9,0.39251,0.42426,4,3
20232024,2023030163,8480049,WPG,D,581,9,6,0.50366,0.19736,3,0
20232024,2023030163,8480069,COL,D,1132,12,20,0.48468,0.74963,3,7
20232024,2023030163,8480113,WPG,F,605,4,4,0.22671,0.20234,1,2
20232024,2023030163,8480145,WPG,D,1086,12,17,0.56306,0.76586,3,5
20232024,2023030163,8480336,COL,D,806,7,7,0.28516,0.46676,2,3
20232024,2023030163,8481019,WPG,F,434,3,5,0.16136,0.31164,0,2
20232024,2023030163,8481641,COL,F,434,8,7,0.21627,0.63246,1,2
20232024,2023030164,8470610,COL,F,735,15,7,1.25754,0.31153,6,2
20232024,2023030164,8471677,COL,D,874,9,11,0.81773,0.42283,5,3
20232024,2023030164,8471699,COL,F,623,7,8,0.63039,0.21202,4,1
20232024,2023030164,8475726,WPG,F,822,10,16,0.24462,0.70558,1,5
20232024,2023030164,8475799,WPG,F,705,9,15,0.23866,0.59343,1,4
20232024,2023030164,8476312,COL,D,1081,16,15,1.36859,0.57326,6,3
20232024,2023030164,8476331,WPG,D,1172,13,17,0.42518,1.25462,2,5
20232024,2023030164,8476392,WPG,F,730,3,5,0.13929,0.11396,0,1
20232024,2023030164,8476460,WPG,F,1121,15,12,0.63997,1.2334,3,5
20232024,2023030164,8476480,WPG,F,486,5,10,0.20672,0.70424,1,4
20232024,2023030164,8477220,WPG,D,781,8,12,0.25321,0.80439,1,5
20232024,2023030164,8477425,COL,F,499,5,10,0.23708,0.4623,1,3
20232024,2023030164,8477476,COL,F,975,13,8,1.03566,0.4214,6,2
20232024,2023030164,8477492,COL,F,1147,17,10,0.76082,0.24865,4,0
20232024,2023030164,8477497,WPG,F,985,11,18,0.31866,1.1332,2,7
20232024,2023030164,8477501,COL,F,1213,15,9,0.68169,0.20996,4,0
20232024,2023030164,8477504,WPG,D,1338,16,16,0.64762,1.29795,3,4
20232024,2023030164,8477940,WPG,F,841,10,4,0.50214,0.17991,2,0
20232024,2023030164,8478038,COL,D,1147,12,9,0.71483,0.38539,4,1
20232024,2023030164,8478398,WPG,F,1154,20,10,0.83982,1.05564,4,4
20232024,2023030164,8478420,COL,F,1209,21,10,0.95644,0.24865,5,0
20232024,2023030164,8478508,COL,F,743,4,9,0.42132,0.30428,2,2
20232024,2023030164,8478891,WPG,F,693,5,3,0.22042,0.09187,1,0
20232024,2023030164,8479378,WPG,D,486,9,12,0.27516,0.97071,1,5
20232024,2023030164,8479398,COL,D,1002,18,15,1.27035,0.51301,4,1
20232024,2023030164,8479520,COL,F,553,5,7,0.45899,0.18543,2,1
20232024,2023030164,8479525,COL,F,434,6,11,0.46894,0.48708,2,3
20232024,2023030164,8479536,WPG,F,384,3,8,0.06621,0.43753,0,3
20232024,2023030164,8479999,COL,F,798,16,8,1.36243,0.4214,7,2
20232024,2023030164,8480014,WPG,F,751,7,7,0.29626,0.68889,2,3
20232024,2023030164,8480049,WPG,D,1080,12,13,0.49869,0.72342,3,4
20232024,2023030164,8480069,COL,D,1028,11,7,0.45959,0.30139,3,2
20232024,2023030164,8480113,WPG,F,670,6,13,0.21533,0.9122,1,5
20232024,2023030164,8480145,WPG,D,1174,13,14,0.53069,0.67826,2,6
20232024,2023030164,8480336,COL,D,878,15,13,0.67681,0.42758,5,2
20232024,2023030164,8481042,COL,,383,0,8,0.0,0.42249,0,2
20232024,2023030165,8470610,COL,F,701,2,11,0.01178,0.9676,0,4
20232024,2023030165,8471677,COL,D,733,6,8,0.54272,0.22959,6,0
20232024,2023030165,8471699,COL,F,481,8,4,0.52665,0.04274,3,0
20232024,2023030165,8475726,WPG,F,743,6,5,0.17312,0.22447,1,1
20232024,2023030165,8475799,WPG,F,832,9,11,0.56942,0.57507,6,2
20232024,2023030165,8476312,COL,D,1246,11,13,0.59444,1.15891,3,6
20232024,2023030165,8476331,WPG,D,1153,14,15,1.21594,0.91239,7,6
20232024,2023030165,8476392,WPG,F,806,8,11,0.49991,0.57507,5,2
20232024,2023030165,8476460,WPG,F,1214,18,11,1.26957,0.50439,6,3
20232024,2023030165,8476525,WPG,D,834,14,12,0.46422,0.34985,4,3
20232024,2023030165,8477220,WPG,D,972,14,13,0.30922,0.41442,2,4
20232024,2023030165,8477425,COL,F,745,14,11,0.67212,0.24031,6,2
20232024,2023030165,8477476,COL,F,1021,4,11,0.05538,0.99407,0,4
20232024,2023030165,8477492,COL,F,1181,15,13,0.82006,0.87188,4,8
20232024,2023030165,8477497,WPG,F,1149,11,14,0.32716,0.88681,2,7
20232024,2023030165,8477501,COL,F,1109,12,12,0.69547,0.80237,3,7
20232024,2023030165,8477504,WPG,D,1428,16,18,1.33324,1.24048,8,8
20232024,2023030165,8477940,WPG,F,1007,11,9,0.35302,0.54668,2,3
20232024,2023030165,8478038,COL,D,1226,17,16,0.86171,0.57387,4,6
20232024,2023030165,8478398,WPG,F,1224,18,15,1.16107,0.79289,5,7
20232024,2023030165,8478420,COL,F,1260,16,12,0.79153,0.82101,3,7
20232024,2023030165,8478508,COL,F,926,8,9,0.48121,0.24126,2,3
20232024,2023030165,8478891,WPG,F,884,8,11,0.55815,0.57507,6,2
20232024,2023030165,8479398,COL,D,1264,11,19,0.24078,1.61237,0,11
20232024,2023030165,8479520,COL,F,562,7,4,0.54472,0.04274,3,0
20232024,2023030165,8479525,COL,F,718,13,13,0.65365,0.34373,6,3
20232024,2023030165,8479999,COL,F,984,3,12,0.0316,1.01897,0,4
20232024,2023030165,8480014,WPG,F,1076,17,8,1.26501,0.44506,6,3
20232024,2023030165,8480049,WPG,D,1076,11,8,0.55516,0.48829,4,1
20232024,2023030165,8480069,COL,D,1259,15,12,0.675,0.33062,3,3
20232024,2023030165,8480113,WPG,F,405,3,1,0.09495,0.00142,1,0
20232024,2023030165,8480145,WPG,D,1046,11,8,0.47002,0.52995,3,2
20232024,2023030165,8480336,COL,D,932,14,12,1.02073,0.44244,8,2
20232024,2023030165,8481019,WPG,F,386,3,3,0.07726,0.0569,1,0
20232024,2023030165,8481042,COL,,379,9,8,0.6189,0.13502,6,0
20232024,2023030165,8482149,WPG,F,656,8,12,0.17306,0.71924,1,6
20232024,2023030171,8474013,VAN,D,921,8,6,0.46296,0.14906,2,1
20232024,2023030171,8474151,NSH,D,1085,15,9,0.62306,0.54906,5,3
20232024,2023030171,8474568,NSH,D,581,5,11,0.21418,0.60723,2,3
20232024,2023030171,8474574,VAN,D,986,11,12,0.70705,0.45958,5,2
20232024,2023030171,8474600,NSH,D,1288,14,11,0.57734,0.65801,5,4
20232024,2023030171,8474679,NSH,F,899,9,10,0.37448,0.66132,2,4
20232024,2023030171,8475158,NSH,F,1091,9,8,0.41526,0.60511,2,3
20232024,2023030171,8475722,NSH,F,761,13,6,0.63755,0.35573,7,2
20232024,2023030171,8476468,VAN,F,908,19,11,1.14021,0.31514,9,4
20232024,2023030171,8476858,VAN,F,449,3,5,0.19061,0.2921,0,1
20232024,2023030171,8476873,NSH,F,570,4,10,0.03845,0.47725,0,3
20232024,2023030171,8476887,NSH,F,946,7,12,0.18989,0.86181,0,6
20232024,2023030171,8476925,NSH,F,743,9,8,0.3945,0.38916,5,2
20232024,2023030171,8476927,VAN,F,586,3,6,0.19061,0.30407,0,1
20232024,2023030171,8477369,VAN,D,912,10,13,0.67136,0.50255,4,2
20232024,2023030171,8477446,NSH,F,613,4,13,0.02011,0.82964,0,4
20232024,2023030171,8477496,VAN,F,848,7,6,0.4462,0.22624,2,1
20232024,2023030171,8477507,VAN,D,960,10,7,0.51666,0.16103,2,1
20232024,2023030171,8478043,VAN,F,526,6,7,0.33668,0.27699,2,2
20232024,2023030171,8478057,VAN,F,839,8,7,0.48007,0.23821,2,1
20232024,2023030171,8478438,NSH,F,446,7,6,0.2806,0.28979,1,4
20232024,2023030171,8478444,VAN,F,973,20,10,1.1639,0.30317,9,4
20232024,2023030171,8478463,NSH,F,525,5,9,0.2211,0.26857,1,3
20232024,2023030171,8478468,NSH,D,980,11,13,0.31959,0.84846,1,6
20232024,2023030171,8478851,NSH,D,1071,9,15,0.27323,0.97391,1,7
20232024,2023030171,8478856,VAN,F,688,7,6,0.4501,0.22624,2,1
20232024,2023030171,8479425,VAN,D,933,14,10,0.81609,0.49473,6,5
20232024,2023030171,8480012,VAN,F,880,9,12,0.45984,0.49306,3,6
20232024,2023030171,8480459,VAN,F,686,14,5,0.96577,0.0871,8,0
20232024,2023030171,8480748,NSH,F,607,4,10,0.06193,0.82808,0,4
20232024,2023030171,8480800,VAN,D,1009,17,10,1.05328,0.45399,7,5
20232024,2023030171,8481056,NSH,D,613,4,11,0.21354,0.59073,2,3
20232024,2023030171,8481535,VAN,F,533,7,6,0.35409,0.26492,2,2
20232024,2023030171,8481624,VAN,F,552,2,6,0.16302,0.30417,0,1
20232024,2023030171,8482062,NSH,F,605,4,8,0.06193,0.62759,0,2
20232024,2023030171,8482146,NSH,F,935,12,5,0.63561,0.14705,6,2
20232024,2023030172,8474013,VAN,D,825,12,7,0.3477,0.51156,2,2
20232024,2023030172,8474151,NSH,D,986,9,24,0.80487,1.23669,3,7
20232024,2023030172,8474568,NSH,D,755,4,10,0.13146,0.41783,3,3
20232024,2023030172,8474600,NSH,D,1041,11,23,0.95049,1.16008,5,7
20232024,2023030172,8474679,NSH,F,754,5,11,0.35063,0.48918,2,4
20232024,2023030172,8475158,NSH,F,786,6,9,0.3882,0.5007,3,4
20232024,2023030172,8475722,NSH,F,615,7,11,0.66904,0.29322,3,2
20232024,2023030172,8476468,VAN,F,884,20,3,0.87973,0.10061,7,1
20232024,2023030172,8476858,VAN,F,402,9,4,0.23514,0.0581,1,1
20232024,2023030172,8476873,NSH,F,489,4,5,0.04977,0.28998,1,2
20232024,2023030172,8476887,NSH,F,800,6,9,0.3882,0.43832,3,3
20232024,2023030172,8476925,NSH,F,714,6,12,0.66722,0.30205,3,2
20232024,2023030172,8476927,VAN,F,614,10,5,0.29734,0.19755,1,2
20232024,2023030172,8477369,VAN,D,670,9,4,0.41799,0.26922,3,2
20232024,2023030172,8477446,NSH,F,624,3,16,0.08818,0.92913,1,5
20232024,2023030172,8477496,VAN,F,740,11,4,0.92737,0.32616,5,2
20232024,2023030172,8477507,VAN,D,827,16,6,0.95439,0.16715,5,2
20232024,2023030172,8478043,VAN,F,511,9,5,0.23514,0.19755,1,2
20232024,2023030172,8478057,VAN,F,572,11,5,0.92737,0.36373,5,3
20232024,2023030172,8478438,NSH,F,432,1,7,0.03186,0.43693,1,2
20232024,2023030172,8478444,VAN,F,888,19,3,0.83131,0.10061,7,1
20232024,2023030172,8478454,VAN,D,531,8,6,0.29189,0.3689,2,3
20232024,2023030172,8478463,NSH,F,690,7,9,0.70562,0.19277,4,0
20232024,2023030172,8478468,NSH,D,853,4,10,0.15736,0.46685,1,2
20232024,2023030172,8478851,NSH,D,851,3,15,0.15637,0.75836,1,5
20232024,2023030172,8478856,VAN,F,714,13,5,1.03799,0.36373,5,3
20232024,2023030172,8479425,VAN,D,1022,19,4,0.83885,0.29682,5,3
20232024,2023030172,8480012,VAN,F,772,8,5,0.25205,0.55296,1,3
20232024,2023030172,8480459,VAN,F,587,14,3,0.64297,0.10061,6,1
20232024,2023030172,8480748,NSH,F,552,3,17,0.08818,1.08448,1,7
20232024,2023030172,8480800,VAN,D,1164,24,7,1.4868,0.74091,9,4
20232024,2023030172,8481056,NSH,D,558,3,6,0.15401,0.29781,3,2
20232024,2023030172,8481535,VAN,F,422,3,4,0.06437,0.51539,0,2
20232024,2023030172,8481624,VAN,F,449,5,5,0.17565,0.65484,0,3
20232024,2023030172,8482062,NSH,F,597,2,19,0.07308,1.14729,1,6
20232024,2023030172,8482146,NSH,F,522,1,7,0.03186,0.40238,1,2
20232024,2023030173,8474013,VAN,D,906,3,8,0.30799,0.18996,1,0
20232024,2023030173,8474151,NSH,D,1090,16,7,0.71651,0.44626,4,2
20232024,2023030173,8474568,NSH,D,624,8,5,0.32383,0.38017,2,1
20232024,2023030173,8474574,VAN,D,975,7,13,0.35493,0.59369,1,3
20232024,2023030173,8474600,NSH,D,1401,17,5,0.62426,0.35399,2,2
20232024,2023030173,8474679,NSH,F,1063,11,6,0.60207,0.22949,3,0
20232024,2023030173,8475158,NSH,F,1119,8,5,0.50267,0.17412,3,0
20232024,2023030173,8475722,NSH,F,480,7,4,0.46886,0.31389,3,1
20232024,2023030173,8476468,VAN,F,857,9,6,0.52791,0.1931,1,1
20232024,2023030173,8476858,VAN,F,536,0,6,0.0,0.40692,0,2
20232024,2023030173,8476873,NSH,F,412,6,4,0.23142,0.29775,0,2
20232024,2023030173,8476887,NSH,F,1118,11,6,0.60567,0.20603,4,0
20232024,2023030173,8476925,NSH,F,608,9,6,0.49272,0.54906,3,2
20232024,2023030173,8476927,VAN,F,654,1,5,0.03191,0.14387,0,0
20232024,2023030173,8477369,VAN,D,698,3,8,0.2387,0.39995,1,2
20232024,2023030173,8477446,NSH,F,532,5,2,0.06928,0.04868,0,0
20232024,2023030173,8477496,VAN,F,896,1,14,0.00561,0.86417,0,6
20232024,2023030173,8477507,VAN,D,916,4,9,0.3399,0.21504,1,0
20232024,2023030173,8478043,VAN,F,462,0,7,0.0,0.41431,0,2
20232024,2023030173,8478057,VAN,F,618,1,9,0.00561,0.47992,0,4
20232024,2023030173,8478438,NSH,F,510,8,3,0.30324,0.09449,1,1
20232024,2023030173,8478444,VAN,F,779,9,8,0.5175,0.53143,2,3
20232024,2023030173,8478463,NSH,F,432,5,4,0.312,0.4546,2,2
20232024,2023030173,8478468,NSH,D,739,8,6,0.48181,0.15849,3,0
20232024,2023030173,8478851,NSH,D,779,7,7,0.48982,0.15862,3,0
20232024,2023030173,8478856,VAN,F,574,1,5,0.00561,0.20578,0,2
20232024,2023030173,8479425,VAN,D,757,6,10,0.20343,0.66427,1,4
20232024,2023030173,8480012,VAN,F,666,6,7,0.3683,0.1818,2,0
20232024,2023030173,8480459,VAN,F,577,9,5,0.46566,0.26802,2,1
20232024,2023030173,8480748,NSH,F,505,4,3,0.05375,0.08059,0,0
20232024,2023030173,8480800,VAN,D,852,7,10,0.20904,0.65145,1,5
20232024,2023030173,8481056,NSH,D,289,2,2,0.07813,0.23517,0,1
20232024,2023030173,8481535,VAN,F,426,5,6,0.3277,0.1799,1,0
20232024,2023030173,8481624,VAN,F,603,8,9,0.42195,0.20232,1,0
20232024,2023030173,8482062,NSH,F,466,4,2,0.0405,0.04868,0,0
20232024,2023030173,8482146,NSH,F,753,9,3,0.38936,0.10167,2,1
20232024,2023030174,8474013,VAN,D,978,9,8,0.32138,0.37346,1,4
20232024,2023030174,8474151,NSH,D,1353,10,14,0.37459,0.9657,2,4
20232024,2023030174,8474568,NSH,D,963,9,13,0.28992,0.68733,4,3
20232024,2023030174,8474574,VAN,D,1126,6,17,0.5303,0.60639,2,4
20232024,2023030174,8474600,NSH,D,1168,12,7,0.59214,0.25055,2,0
20232024,2023030174,8474679,NSH,F,1116,10,7,0.48463,0.11469,4,0
20232024,2023030174,8475158,NSH,F,1197,10,6,0.46386,0.11189,4,0
20232024,2023030174,8475722,NSH,F,842,6,7,0.19527,0.57451,1,2
20232024,2023030174,8476468,VAN,F,1135,6,14,0.42849,0.60965,1,4
20232024,2023030174,8476858,VAN,F,610,6,4,0.21055,0.14813,1,1
20232024,2023030174,8476873,NSH,F,622,5,3,0.31121,0.24013,0,1
20232024,2023030174,8476887,NSH,F,1027,11,6,0.47101,0.11189,4,0
20232024,2023030174,8476925,NSH,F,882,5,6,0.1471,0.55178,0,2
20232024,2023030174,8476927,VAN,F,660,8,4,0.48088,0.14813,2,1
20232024,2023030174,8477369,VAN,D,924,6,18,0.29292,0.55153,1,3
20232024,2023030174,8477446,NSH,F,746,14,8,0.48676,0.44529,4,1
20232024,2023030174,8477496,VAN,F,868,5,13,0.17365,0.60522,0,2
20232024,2023030174,8477507,VAN,D,1258,9,13,0.51771,0.75276,2,5
20232024,2023030174,8478043,VAN,F,527,6,3,0.42095,0.10793,2,0
20232024,2023030174,8478057,VAN,F,843,5,12,0.17365,0.4095,0,2
20232024,2023030174,8478438,NSH,F,549,6,3,0.30443,0.24013,1,1
20232024,2023030174,8478444,VAN,F,1156,6,16,0.18998,0.65486,0,5
20232024,2023030174,8478463,NSH,F,825,5,6,0.23692,0.55178,1,2
20232024,2023030174,8478468,NSH,D,993,14,2,0.58757,0.13284,5,0
20232024,2023030174,8478851,NSH,D,1179,15,5,0.54158,0.4811,4,1
20232024,2023030174,8478856,VAN,F,755,6,13,0.19638,0.51769,0,2
20232024,2023030174,8479371,NSH,D,765,8,5,0.41664,0.18066,1,0
20232024,2023030174,8479425,VAN,D,977,9,6,0.76494,0.24777,2,1
20232024,2023030174,8480012,VAN,F,952,4,4,0.26607,0.13629,1,2
20232024,2023030174,8480459,VAN,F,828,7,13,0.43129,0.51158,1,4
20232024,2023030174,8480748,NSH,F,663,12,6,0.42895,0.40361,4,1
20232024,2023030174,8480800,VAN,D,1240,8,6,0.54664,0.27053,1,1
20232024,2023030174,8481535,VAN,F,634,5,4,0.5336,0.23394,2,2
20232024,2023030174,8481624,VAN,F,728,4,2,0.26607,0.12074,1,2
20232024,2023030174,8482062,NSH,F,662,11,6,0.37193,0.39572,4,1
20232024,2023030174,8482146,NSH,F,631,7,5,0.30159,0.30585,0,1
20232024,2023030175,8474013,VAN,D,870,9,7,0.64133,0.20575,6,0
20232024,2023030175,8474151,NSH,D,1015,12,11,0.34731,0.72875,2,5
20232024,2023030175,8474574,VAN,D,841,9,12,0.42942,0.47603,3,3
20232024,2023030175,8474600,NSH,D,1281,14,13,0.39409,0.75079,3,3
20232024,2023030175,8474679,NSH,F,875,12,7,0.45856,0.39152,3,3
20232024,2023030175,8475158,NSH,F,1039,17,7,0.63713,0.39152,5,3
20232024,2023030175,8475197,NSH,D,791,6,6,0.25563,0.29746,2,2
20232024,2023030175,8475722,NSH,F,683,6,10,0.17144,0.6244,2,3
20232024,2023030175,8476468,VAN,F,1088,16,13,1.0319,0.56631,7,4
20232024,2023030175,8476858,VAN,F,542,6,7,0.37562,0.19911,5,1
20232024,2023030175,8476873,NSH,F,548,4,6,0.15923,0.58193,1,4
20232024,2023030175,8476887,NSH,F,948,14,8,0.50756,0.41157,4,3
20232024,2023030175,8476925,NSH,F,710,4,9,0.10099,0.47526,1,2
20232024,2023030175,8476927,VAN,F,616,6,5,0.21328,0.13111,2,1
20232024,2023030175,8477369,VAN,D,767,7,13,0.48188,0.48304,4,4
20232024,2023030175,8477446,NSH,F,789,5,10,0.19243,0.45615,0,4
20232024,2023030175,8477496,VAN,F,894,7,7,0.18723,0.29224,0,2
20232024,2023030175,8477507,VAN,D,1060,11,8,0.68438,0.22846,5,0
20232024,2023030175,8478043,VAN,F,467,4,7,0.21944,0.19911,3,1
20232024,2023030175,8478057,VAN,F,678,6,7,0.16511,0.29224,0,2
20232024,2023030175,8478438,NSH,F,424,4,5,0.11793,0.32354,1,2
20232024,2023030175,8478444,VAN,F,1078,16,12,1.02983,0.499,7,4
20232024,2023030175,8478463,NSH,F,568,4,9,0.12244,0.46897,1,2
20232024,2023030175,8478468,NSH,D,964,8,14,0.37836,0.74486,3,6
20232024,2023030175,8478851,NSH,D,1021,14,13,0.51507,0.65073,3,6
20232024,2023030175,8478856,VAN,F,636,7,7,0.17843,0.29224,0,2
20232024,2023030175,8479371,NSH,D,684,6,7,0.2065,0.41863,1,2
20232024,2023030175,8479425,VAN,D,1022,13,10,0.67868,0.34399,3,4
20232024,2023030175,8480012,VAN,F,915,8,5,0.72658,0.05882,5,0
20232024,2023030175,8480459,VAN,F,603,11,10,0.55451,0.39154,3,4
20232024,2023030175,8480748,NSH,F,739,6,10,0.20742,0.45615,0,4
20232024,2023030175,8480800,VAN,D,1143,15,10,0.67553,0.35969,3,3
20232024,2023030175,8481535,VAN,F,562,5,5,0.35911,0.07635,2,0
20232024,2023030175,8481624,VAN,F,639,4,5,0.34579,0.14737,2,0
20232024,2023030175,8482062,NSH,F,730,8,10,0.25925,0.48228,1,4
20232024,2023030175,8482146,NSH,F,543,6,5,0.21106,0.32354,2,2
20232024,2023030176,8474013,VAN,D,952,11,10,0.62372,0.50251,4,3
20232024,2023030176,8474151,NSH,D,1161,12,9,0.62611,0.46114,4,1
20232024,2023030176,8474568,NSH,D,783,7,7,0.57666,0.15482,3,0
20232024,2023030176,8474574,VAN,D,1059,5,21,0.1971,0.74906,0,6
20232024,2023030176,8474600,NSH,D,1311,17,13,1.13789,0.67877,8,3
20232024,2023030176,8474679,NSH,F,1079,19,12,0.66615,0.7133,4,5
20232024,2023030176,8475158,NSH,F,1162,18,12,0.63585,0.53689,4,4
20232024,2023030176,8475722,NSH,F,945,7,9,0.49148,0.33308,3,1
20232024,2023030176,8476468,VAN,F,1110,14,14,1.05429,0.66559,7,5
20232024,2023030176,8476858,VAN,F,578,7,8,0.4945,0.29994,3,3
20232024,2023030176,8476873,NSH,F,546,12,1,0.81775,0.01651,6,0
20232024,2023030176,8476887,NSH,F,1000,17,10,0.60969,0.36828,4,3
20232024,2023030176,8476925,NSH,F,992,7,15,0.73556,1.11178,5,6
20232024,2023030176,8476927,VAN,F,682,4,8,0.14799,0.29994,1,3
20232024,2023030176,8477369,VAN,D,1025,5,19,0.30414,0.66859,1,5
20232024,2023030176,8477446,NSH,F,712,8,7,0.2994,0.23119,3,1
20232024,2023030176,8477496,VAN,F,1021,9,12,0.24665,1.12309,1,8
20232024,2023030176,8477507,VAN,D,1119,14,12,0.75712,0.76711,5,5
20232024,2023030176,8478043,VAN,F,532,3,8,0.1428,0.29994,1,3
20232024,2023030176,8478057,VAN,F,978,6,10,0.19745,0.8259,1,7
20232024,2023030176,8478438,NSH,F,423,6,1,0.47411,0.01651,3,0
20232024,2023030176,8478444,VAN,F,1047,17,14,1.273,0.60766,8,4
20232024,2023030176,8478463,NSH,F,988,4,15,0.49703,0.8889,3,5
20232024,2023030176,8478468,NSH,D,1179,14,19,0.6494,1.26278,5,9
20232024,2023030176,8478851,NSH,D,1180,16,15,0.7014,1.06278,5,8
20232024,2023030176,8478856,VAN,F,936,9,11,0.23098,1.03486,1,7
20232024,2023030176,8479371,NSH,D,855,12,7,0.59838,0.17245,5,1
20232024,2023030176,8479425,VAN,D,1129,17,7,1.00981,0.65905,6,4
20232024,2023030176,8480012,VAN,F,824,10,11,0.47883,0.44632,2,1
20232024,2023030176,8480459,VAN,F,894,12,9,0.8951,0.30173,6,3
20232024,2023030176,8480748,NSH,F,671,6,7,0.22045,0.40685,2,2
20232024,2023030176,8480800,VAN,D,1290,18,10,0.90085,0.97382,6,7
20232024,2023030176,8481535,VAN,F,537,8,6,0.27793,0.38526,1,1
20232024,2023030176,8481624,VAN,F,562,6,5,0.24959,0.11423,1,0
20232024,2023030176,8481704,NSH,F,911,4,14,0.44066,0.92446,3,5
20232024,2023030176,8482146,NSH,F,508,9,2,0.54663,0.14136,5,1
20232024,2023030181,8470621,EDM,F,869,13,13,0.79387,0.61014,5,5
20232024,2023030181,8471685,LAK,F,904,9,13,0.52714,0.65753,3,4
20232024,2023030181,8473453,LAK,F,640,10,7,0.15632,0.16662,1,1
20232024,2023030181,8474563,LAK,D,1204,17,16,0.99572,0.76129,6,3
20232024,2023030181,8474641,EDM,F,784,14,9,1.05384,0.41331,5,2
20232024,2023030181,8475169,EDM,F,883,15,13,0.99731,0.62672,6,5
20232024,2023030181,8475218,EDM,D,988,14,10,1.18551,0.48588,8,4
20232024,2023030181,8475786,EDM,F,822,15,11,1.40794,0.45185,7,3
20232024,2023030181,8475842,EDM,F,553,7,11,0.19379,0.3493,1,3
20232024,2023030181,8476454,EDM,F,780,9,10,0.29057,0.6105,2,3
20232024,2023030181,8476479,LAK,F,714,13,14,1.02073,0.91603,6,5
20232024,2023030181,8476879,EDM,D,1049,18,19,0.85099,0.82446,6,5
20232024,2023030181,8476967,EDM,D,934,13,13,0.49565,0.67337,0,5
20232024,2023030181,8477406,EDM,F,503,7,8,0.16604,0.24213,1,2
20232024,2023030181,8477498,EDM,D,1013,18,19,1.03853,0.82446,7,5
20232024,2023030181,8477934,EDM,F,807,8,12,0.28911,0.71813,2,5
20232024,2023030181,8477942,LAK,F,828,9,10,0.26294,0.82534,4,5
20232024,2023030181,8477960,LAK,F,840,8,11,0.49553,0.61841,3,4
20232024,2023030181,8477971,LAK,D,778,15,13,0.34381,0.81165,3,5
20232024,2023030181,8477998,EDM,F,741,11,9,0.5421,0.64583,3,4
20232024,2023030181,8478042,LAK,F,827,8,15,0.34294,0.94552,1,4
20232024,2023030181,8478402,EDM,F,844,16,9,1.26724,0.45235,6,3
20232024,2023030181,8478882,LAK,D,1026,8,16,0.21633,1.14387,2,7
20232024,2023030181,8478911,LAK,D,1007,10,19,0.64418,1.48026,5,10
20232024,2023030181,8479336,LAK,F,622,10,6,0.16616,0.15814,1,1
20232024,2023030181,8479400,LAK,F,770,10,13,0.26968,1.1505,4,6
20232024,2023030181,8479576,EDM,D,939,11,13,0.36699,0.67337,0,5
20232024,2023030181,8479675,LAK,F,727,14,15,1.05234,0.97442,6,5
20232024,2023030181,8479998,LAK,D,1079,17,15,0.99572,0.73219,6,3
20232024,2023030181,8480802,EDM,F,848,13,12,0.95483,0.54347,6,4
20232024,2023030181,8480803,EDM,D,995,16,10,1.49595,0.48588,9,4
20232024,2023030181,8481481,LAK,F,598,10,6,0.16616,0.18589,1,1
20232024,2023030181,8481606,LAK,D,819,17,11,0.77166,0.50436,6,2
20232024,2023030181,8482077,EDM,F,557,7,9,0.19379,0.2874,1,3
20232024,2023030181,8482124,LAK,F,898,12,15,0.31429,1.19065,4,7
20232024,2023030181,8482155,LAK,F,632,13,10,1.1769,0.36138,8,2
20232024,2023030182,8470621,EDM,F,640,5,4,0.20102,0.34292,2,3
20232024,2023030182,8471685,LAK,F,865,14,7,0.65354,0.29818,5,1
20232024,2023030182,8473453,LAK,F,513,6,5,0.38564,0.24245,3,2
20232024,2023030182,8474563,LAK,D,1259,21,14,1.23987,0.63802,7,6
20232024,2023030182,8474641,EDM,F,891,7,7,0.41777,0.13161,3,0
20232024,2023030182,8475169,EDM,F,813,8,5,0.28519,0.37015,3,3
20232024,2023030182,8475218,EDM,D,1005,8,12,0.54308,0.45473,3,3
20232024,2023030182,8475786,EDM,F,901,8,7,0.39556,0.17194,2,1
20232024,2023030182,8475842,EDM,F,430,3,5,0.10837,0.24736,1,1
20232024,2023030182,8476454,EDM,F,685,7,15,0.33381,1.05435,3,7
20232024,2023030182,8476479,LAK,F,826,7,6,0.29589,0.3915,1,4
20232024,2023030182,8476879,EDM,D,870,11,10,0.48409,0.49393,4,2
20232024,2023030182,8476967,EDM,D,880,9,9,0.34447,0.76961,3,5
20232024,2023030182,8477406,EDM,F,539,8,5,0.48929,0.17424,3,0
20232024,2023030182,8477498,EDM,D,935,14,10,0.55182,0.37995,4,1
20232024,2023030182,8477934,EDM,F,837,12,16,0.44826,1.06643,3,7
20232024,2023030182,8477942,LAK,F,837,10,10,0.82038,0.56123,4,3
20232024,2023030182,8477960,LAK,F,857,14,7,0.65252,0.29818,5,1
20232024,2023030182,8477971,LAK,D,722,7,8,0.36881,0.28519,2,3
20232024,2023030182,8477998,EDM,F,650,7,16,0.33351,1.09922,3,7
20232024,2023030182,8478042,LAK,F,851,8,7,0.30229,0.4131,1,4
20232024,2023030182,8478402,EDM,F,942,7,7,0.39405,0.13161,2,0
20232024,2023030182,8478882,LAK,D,990,7,6,0.20561,0.45148,2,2
20232024,2023030182,8478911,LAK,D,977,8,8,0.21201,0.49387,2,2
20232024,2023030182,8479336,LAK,F,25,1,0,0.00396,0.0,0,0
20232024,2023030182,8479400,LAK,F,762,6,14,0.48048,0.69072,2,5
20232024,2023030182,8479576,EDM,D,889,6,12,0.32448,0.9168,3,6
20232024,2023030182,8479675,LAK,F,864,7,5,0.29358,0.27606,1,3
20232024,2023030182,8479998,LAK,D,1082,18,13,1.23473,0.66111,7,5
20232024,2023030182,8480802,EDM,F,571,6,5,0.44498,0.37015,3,3
20232024,2023030182,8480803,EDM,D,1010,8,13,0.59082,0.61608,3,5
20232024,2023030182,8481481,LAK,F,473,6,2,0.38564,0.0843,3,1
20232024,2023030182,8481606,LAK,D,586,5,7,0.37007,0.30909,2,2
20232024,2023030182,8482077,EDM,F,572,6,7,0.40633,0.28667,2,1
20232024,2023030182,8482124,LAK,F,832,14,7,0.78987,0.43598,5,3
20232024,2023030182,8482155,LAK,F,755,6,14,0.38286,0.56644,3,3
20232024,2023030183,8470621,EDM,F,543,6,3,0.28457,0.2139,1,1
20232024,2023030183,8471685,LAK,F,732,10,11,0.45044,0.81922,3,4
20232024,2023030183,8473453,LAK,F,372,6,3,0.32566,0.07843,2,1
20232024,2023030183,8474563,LAK,D,1009,13,12,0.59592,1.77312,4,6
20232024,2023030183,8474641,EDM,F,646,10,5,0.68433,0.15808,4,1
20232024,2023030183,8475169,EDM,F,666,7,13,0.42339,0.54406,2,3
20232024,2023030183,8475218,EDM,D,733,11,10,1.73576,0.60503,5,4
20232024,2023030183,8475786,EDM,F,740,13,10,1.88232,0.45864,5,2
20232024,2023030183,8475842,EDM,F,364,0,8,0.0,0.28916,0,2
20232024,2023030183,8476454,EDM,F,691,8,11,0.43939,0.51076,2,3
20232024,2023030183,8476479,LAK,F,666,9,9,0.29365,1.60067,2,4
20232024,2023030183,8476879,EDM,D,880,12,15,0.61915,0.57416,2,4
20232024,2023030183,8476967,EDM,D,779,5,7,0.31943,0.27609,2,0
20232024,2023030183,8477406,EDM,F,374,2,8,0.08406,0.34289,1,2
20232024,2023030183,8477498,EDM,D,925,11,17,0.60315,0.62437,2,4
20232024,2023030183,8477934,EDM,F,772,11,15,1.70534,0.56501,4,3
20232024,2023030183,8477942,LAK,F,798,8,5,0.41707,0.17684,1,0
20232024,2023030183,8477960,LAK,F,761,10,9,0.38887,0.50157,3,2
20232024,2023030183,8477971,LAK,D,617,6,4,0.29187,0.14169,1,0
20232024,2023030183,8477998,EDM,F,631,6,4,0.28457,0.37212,1,2
20232024,2023030183,8478042,LAK,F,763,10,8,0.31675,1.56632,2,4
20232024,2023030183,8478402,EDM,F,772,15,9,1.96638,0.29332,6,2
20232024,2023030183,8478882,LAK,D,799,13,12,0.56749,0.75953,3,3
20232024,2023030183,8478911,LAK,D,811,13,12,0.48222,0.75953,3,3
20232024,2023030183,8479336,LAK,F,212,4,1,0.23893,0.03301,1,1
20232024,2023030183,8479400,LAK,F,640,6,5,0.36941,0.17602,1,0
20232024,2023030183,8479576,EDM,D,775,5,6,0.31943,0.26038,2,0
20232024,2023030183,8479675,LAK,F,632,10,10,0.29541,1.65545,2,4
20232024,2023030183,8479998,LAK,D,991,14,12,0.61902,1.77312,4,6
20232024,2023030183,8480802,EDM,F,662,5,4,0.26539,0.37212,1,2
20232024,2023030183,8480803,EDM,D,740,12,9,1.75176,0.57053,5,4
20232024,2023030183,8481481,LAK,F,354,6,3,0.31868,0.07843,2,1
20232024,2023030183,8481606,LAK,D,539,5,4,0.35404,0.14169,1,0
20232024,2023030183,8482077,EDM,F,406,1,6,0.00328,0.24578,0,1
20232024,2023030183,8482124,LAK,F,711,9,9,0.44024,0.72383,3,4
20232024,2023030183,8482155,LAK,F,658,8,11,0.51073,0.61323,2,2
20232024,2023030184,8470621,EDM,F,644,2,8,0.27919,0.2181,1,0
20232024,2023030184,8471685,LAK,F,1142,17,3,0.46386,0.14897,2,1
20232024,2023030184,8473453,LAK,F,637,12,1,0.35383,0.03784,2,0
20232024,2023030184,8474563,LAK,D,1573,15,10,0.54359,0.37879,3,0
20232024,2023030184,8474641,EDM,F,991,5,10,0.14001,0.39746,0,1
20232024,2023030184,8475169,EDM,F,983,7,24,0.33947,1.42689,1,8
20232024,2023030184,8475218,EDM,D,1221,7,11,0.14926,0.36532,0,2
20232024,2023030184,8475786,EDM,F,948,9,11,0.41709,0.38279,1,2
20232024,2023030184,8476454,EDM,F,1029,5,21,0.23735,1.32177,1,8
20232024,2023030184,8476479,LAK,F,987,17,10,1.30942,0.36287,8,0
20232024,2023030184,8476879,EDM,D,1216,6,33,0.41501,1.751,2,11
20232024,2023030184,8476967,EDM,D,914,5,11,0.46952,0.33531,1,2
20232024,2023030184,8477406,EDM,F,605,1,12,0.02348,0.41009,0,4
20232024,2023030184,8477498,EDM,D,1086,5,31,0.15339,1.64945,1,10
20232024,2023030184,8477934,EDM,F,1132,8,23,0.56225,1.33058,2,8
20232024,2023030184,8477942,LAK,F,1058,17,3,0.50817,0.26438,4,1
20232024,2023030184,8477960,LAK,F,1133,16,4,0.44907,0.19402,2,1
20232024,2023030184,8477971,LAK,D,864,15,4,0.47884,0.19478,4,0
20232024,2023030184,8477998,EDM,F,541,2,7,0.27919,0.20976,1,0
20232024,2023030184,8478042,LAK,F,1120,17,9,1.3377,0.2981,8,0
20232024,2023030184,8478402,EDM,F,1222,9,13,0.40988,0.47993,1,2
20232024,2023030184,8478585,EDM,F,561,2,9,0.06853,0.34388,0,4
20232024,2023030184,8478882,LAK,D,1005,25,7,1.41544,0.63815,7,3
20232024,2023030184,8478911,LAK,D,1001,24,6,1.41461,0.62844,7,3
20232024,2023030184,8479336,LAK,F,429,6,3,0.18412,0.28301,1,1
20232024,2023030184,8479400,LAK,F,702,9,5,0.31076,0.32461,2,1
20232024,2023030184,8479576,EDM,D,1015,7,11,0.55924,0.32155,1,1
20232024,2023030184,8479675,LAK,F,1000,17,9,1.32697,0.31782,7,0
20232024,2023030184,8479998,LAK,D,1096,13,8,0.39519,0.21789,2,0
20232024,2023030184,8480802,EDM,F,806,3,14,0.30267,0.38799,1,1
20232024,2023030184,8480803,EDM,D,1252,8,13,0.37204,0.45311,1,2
20232024,2023030184,8481481,LAK,F,609,12,1,0.35383,0.22278,2,1
20232024,2023030184,8481606,LAK,D,985,18,3,0.62807,0.06041,5,0
20232024,2023030184,8482077,EDM,F,565,4,13,0.11858,0.40437,0,4
20232024,2023030184,8482124,LAK,F,854,15,5,0.41861,0.4168,2,2
20232024,2023030184,8482155,LAK,F,636,10,4,0.29727,0.30649,2,1
20232024,2023030185,8470621,EDM,F,489,5,5,0.29832,0.11074,2,1
20232024,2023030185,8471685,LAK,F,1020,7,8,0.43291,0.62929,3,1
20232024,2023030185,8473453,LAK,F,324,1,3,0.02675,0.3005,0,2
20232024,2023030185,8474563,LAK,D,1521,9,16,0.4689,1.17586,2,4
20232024,2023030185,8474641,EDM,F,824,4,9,0.1548,0.5901,0,3
20232024,2023030185,8475169,EDM,F,963,6,12,0.3604,0.4498,1,2
20232024,2023030185,8475218,EDM,D,973,7,11,0.32012,0.52144,1,3
20232024,2023030185,8475786,EDM,F,1043,7,9,0.53851,0.46296,1,2
20232024,2023030185,8476454,EDM,F,968,8,7,0.70149,0.20555,2,1
20232024,2023030185,8476479,LAK,F,898,7,8,0.12482,0.42747,1,2
20232024,2023030185,8476879,EDM,D,1189,8,8,0.57747,0.44342,4,3
20232024,2023030185,8476967,EDM,D,784,5,8,0.28809,0.32748,1,1
20232024,2023030185,8477406,EDM,F,534,5,4,0.3613,0.22044,3,1
20232024,2023030185,8477498,EDM,D,1117,9,7,0.6299,0.40564,4,3
20232024,2023030185,8477934,EDM,F,1097,9,7,0.79911,0.16892,3,1
20232024,2023030185,8477942,LAK,F,966,7,6,0.26766,0.56441,1,2
20232024,2023030185,8477960,LAK,F,1064,7,7,0.43291,0.58028,3,1
20232024,2023030185,8477971,LAK,D,687,5,6,0.06956,0.36317,0,3
20232024,2023030185,8477998,EDM,F,605,6,3,0.48273,0.29054,3,2
20232024,2023030185,8478042,LAK,F,957,10,9,0.42215,0.44754,3,2
20232024,2023030185,8478402,EDM,F,1048,8,9,0.64903,0.46296,1,2
20232024,2023030185,8478585,EDM,F,515,5,3,0.28043,0.08917,2,0
20232024,2023030185,8478882,LAK,D,926,10,9,0.21581,0.76817,1,4
20232024,2023030185,8478911,LAK,D,1006,15,7,0.78531,0.56072,5,3
20232024,2023030185,8479336,LAK,F,317,3,2,0.12791,0.14451,0,1
20232024,2023030185,8479400,LAK,F,887,10,5,0.50236,0.38179,2,2
20232024,2023030185,8479576,EDM,D,805,5,10,0.26285,0.38101,1,1
20232024,2023030185,8479675,LAK,F,792,11,10,0.34368,0.42251,2,3
20232024,2023030185,8479998,LAK,D,905,10,5,0.59459,0.35412,4,0
20232024,2023030185,8480802,EDM,F,707,7,9,0.38236,0.59047,2,4
20232024,2023030185,8480803,EDM,D,1217,12,12,0.84245,0.53719,2,3
20232024,2023030185,8481481,LAK,F,364,4,4,0.248,0.32399,1,2
20232024,2023030185,8481606,LAK,D,1032,7,6,0.48201,0.26979,2,1
20232024,2023030185,8482077,EDM,F,562,4,7,0.24589,0.28262,2,2
20232024,2023030185,8482124,LAK,F,932,7,4,0.43636,0.18334,3,0
20232024,2023030185,8482155,LAK,F,831,10,5,0.55876,0.27779,2,2
20232024,2023030211,8473419,BOS,F,923,11,16,0.62971,0.60504,4,4
20232024,2023030211,8473449,FLA,F,531,4,6,0.16008,0.58638,1,2
20232024,2023030211,8474034,BOS,F,654,6,10,0.51372,0.48822,2,3
20232024,2023030211,8474037,BOS,F,541,7,3,0.69794,0.11217,4,1
20232024,2023030211,8475171,FLA,D,894,11,6,0.36971,0.39451,1,1
20232024,2023030211,8475179,FLA,D,825,7,5,0.23632,0.31985,2,1
20232024,2023030211,8475745,BOS,F,921,13,17,0.7587,0.6199,5,4
20232024,2023030211,8475762,BOS,D,935,9,9,0.47005,0.48878,4,4
20232024,2023030211,8475765,FLA,F,652,4,8,0.07095,0.61069,0,2
20232024,2023030211,8476393,FLA,F,536,6,4,0.33577,0.45739,3,1
20232024,2023030211,8476854,BOS,D,1189,16,19,1.08263,0.63558,4,2
20232024,2023030211,8477409,FLA,F,996,15,10,0.55308,0.57583,3,2
20232024,2023030211,8477493,FLA,F,919,14,9,0.51932,0.40399,3,1
20232024,2023030211,8477887,BOS,,470,3,4,0.07468,0.18794,1,2
20232024,2023030211,8477932,FLA,D,1020,13,18,0.48551,1.55314,3,7
20232024,2023030211,8477933,FLA,F,965,15,13,0.50392,0.76616,4,5
20232024,2023030211,8477956,BOS,F,989,15,11,1.26857,0.33766,4,2
20232024,2023030211,8477986,FLA,D,1183,20,13,0.68049,0.59702,4,3
20232024,2023030211,8478055,FLA,D,955,11,19,0.41805,1.55664,3,7
20232024,2023030211,8478401,BOS,F,921,11,14,0.44714,0.39161,0,1
20232024,2023030211,8478443,BOS,D,871,11,16,0.88929,0.45997,4,2
20232024,2023030211,8478450,BOS,D,966,14,7,1.02328,0.37867,4,3
20232024,2023030211,8478498,BOS,F,839,11,16,0.49342,0.58145,3,4
20232024,2023030211,8478542,FLA,F,780,6,12,0.1726,0.78378,0,3
20232024,2023030211,8478831,FLA,F,848,8,9,0.28654,0.55226,1,3
20232024,2023030211,8478859,FLA,D,1062,18,11,0.75212,0.51886,5,3
20232024,2023030211,8478904,FLA,F,480,3,4,0.13299,0.45739,1,1
20232024,2023030211,8479314,FLA,F,1001,15,9,0.55308,0.50678,3,2
20232024,2023030211,8479325,BOS,D,1206,12,17,0.7108,0.63246,3,4
20232024,2023030211,8479365,BOS,F,623,10,3,1.059,0.11537,5,1
20232024,2023030211,8479638,BOS,F,624,5,3,0.32472,0.11537,2,1
20232024,2023030211,8479987,BOS,F,1012,13,16,0.95802,0.49012,2,2
20232024,2023030211,8480185,FLA,F,762,15,10,0.59272,0.65301,4,5
20232024,2023030211,8481556,BOS,F,553,3,7,0.18441,0.36845,1,2
20232024,2023030211,8482113,FLA,F,816,15,14,0.53225,1.05637,4,6
20232024,2023030211,8482511,BOS,D,899,10,12,0.76397,0.34674,3,3
20232024,2023030212,8473419,BOS,F,682,6,7,0.35602,0.40363,2,3
20232024,2023030212,8473449,FLA,F,632,8,5,0.27097,0.20349,3,1
20232024,2023030212,8474034,BOS,F,546,3,9,0.02088,0.43521,0,4
20232024,2023030212,8474037,BOS,F,660,6,8,0.05989,0.78275,0,6
20232024,2023030212,8475171,FLA,D,677,14,2,0.84643,0.02406,6,0
20232024,2023030212,8475179,FLA,D,625,12,1,0.73013,0.0034,5,0
20232024,2023030212,8475745,BOS,F,777,7,12,0.37668,1.00812,2,5
20232024,2023030212,8475762,BOS,D,752,3,16,0.04431,0.9508,0,9
20232024,2023030212,8475765,FLA,F,581,8,6,0.42519,0.20022,4,1
20232024,2023030212,8476393,FLA,F,541,7,4,0.45537,0.02703,3,0
20232024,2023030212,8476854,BOS,D,822,7,11,0.32483,0.644,2,2
20232024,2023030212,8477409,FLA,F,710,13,5,0.63645,0.41587,5,3
20232024,2023030212,8477493,FLA,F,786,14,6,1.25462,0.34486,8,2
20232024,2023030212,8477932,FLA,D,1024,15,8,0.85753,0.3217,5,3
20232024,2023030212,8477933,FLA,F,701,10,5,1.11796,0.16269,6,1
20232024,2023030212,8477956,BOS,F,709,1,8,0.02874,0.43065,0,3
20232024,2023030212,8477986,FLA,D,874,9,7,0.51596,0.31571,5,1
20232024,2023030212,8478055,FLA,D,1093,20,9,1.18912,0.33665,8,3
20232024,2023030212,8478401,BOS,F,609,2,9,0.2052,0.49725,1,3
20232024,2023030212,8478443,BOS,D,826,10,14,0.38515,0.81907,3,3
20232024,2023030212,8478450,BOS,D,857,4,15,0.07305,0.73222,0,8
20232024,2023030212,8478498,BOS,F,585,5,6,0.17956,0.17131,1,1
20232024,2023030212,8478542,FLA,F,600,6,4,0.12753,0.22523,1,2
20232024,2023030212,8478831,FLA,F,687,6,4,0.18541,0.22523,2,2
20232024,2023030212,8478859,FLA,D,763,2,5,0.06807,0.2801,1,1
20232024,2023030212,8478904,FLA,F,531,6,2,0.20044,0.0123,2,0
20232024,2023030212,8479314,FLA,F,646,10,1,0.47399,0.02874,4,0
20232024,2023030212,8479325,BOS,D,873,2,8,0.18261,0.60814,1,4
20232024,2023030212,8479365,BOS,F,536,7,5,0.22924,0.13199,2,2
20232024,2023030212,8479638,BOS,F,613,5,10,0.21451,0.84306,2,6
20232024,2023030212,8479987,BOS,F,750,2,10,0.0494,0.59251,0,4
20232024,2023030212,8480003,BOS,F,625,1,11,0.00615,0.53103,0,5
20232024,2023030212,8480185,FLA,F,545,7,2,0.54815,0.01835,3,0
20232024,2023030212,8481556,BOS,F,556,3,12,0.19616,0.4731,2,3
20232024,2023030212,8482113,FLA,F,671,13,4,0.61478,0.05842,4,0
20232024,2023030212,8482511,BOS,D,911,6,8,0.27167,0.45301,2,4
20232024,2023030213,8473419,BOS,F,545,1,2,0.0164,0.09879,0,0
20232024,2023030213,8473449,FLA,F,442,8,3,0.43877,0.0534,1,1
20232024,2023030213,8474034,BOS,F,539,7,4,0.27043,0.152,2,1
20232024,2023030213,8474037,BOS,F,582,1,12,0.00447,0.3497,0,2
20232024,2023030213,8475171,FLA,D,661,4,6,0.08251,0.16862,1,1
20232024,2023030213,8475179,FLA,D,621,4,6,0.08251,0.16862,1,1
20232024,2023030213,8475745,BOS,F,897,1,11,0.0164,0.62154,0,2
20232024,2023030213,8475762,BOS,D,681,2,11,0.13065,0.76619,1,4
20232024,2023030213,8475765,FLA,F,809,9,6,0.54768,0.32461,3,3
20232024,2023030213,8476854,BOS,D,983,9,8,0.18656,0.25721,1,0
20232024,2023030213,8477409,FLA,F,783,8,5,0.25643,0.11,0,0
20232024,2023030213,8477493,FLA,F,855,8,4,0.26696,0.03855,1,0
20232024,2023030213,8477932,FLA,D,1046,20,4,1.00442,0.03893,3,0
20232024,2023030213,8477933,FLA,F,979,8,7,0.25946,0.333,1,3
20232024,2023030213,8477935,FLA,F,640,5,6,0.1642,0.33973,0,3
20232024,2023030213,8477956,BOS,F,1021,9,8,0.32238,0.41622,3,2
20232024,2023030213,8477986,FLA,D,1023,7,9,0.38367,0.46246,2,4
20232024,2023030213,8478055,FLA,D,1071,21,4,1.04187,0.03893,3,0
20232024,2023030213,8478401,BOS,F,690,7,8,0.333,0.45703,3,2
20232024,2023030213,8478443,BOS,D,661,3,10,0.04882,0.70822,0,2
20232024,2023030213,8478498,BOS,F,864,3,8,0.0618,0.41625,0,1
20232024,2023030213,8478542,FLA,F,652,10,5,0.60817,0.182,4,1
20232024,2023030213,8478831,FLA,F,489,4,3,0.07204,0.0534,0,1
20232024,2023030213,8478859,FLA,D,974,6,9,0.34622,0.46246,2,4
20232024,2023030213,8478904,FLA,F,378,3,3,0.04868,0.0534,0,1
20232024,2023030213,8479314,FLA,F,722,5,4,0.1642,0.10161,0,0
20232024,2023030213,8479325,BOS,D,1227,11,12,0.40317,0.55608,3,3
20232024,2023030213,8479365,BOS,F,572,3,10,0.07028,0.79016,1,3
20232024,2023030213,8479369,BOS,D,847,6,10,0.27435,0.24849,2,1
20232024,2023030213,8479638,BOS,F,653,5,7,0.1076,0.17835,1,1
20232024,2023030213,8479987,BOS,F,803,9,8,0.40678,0.53242,3,1
20232024,2023030213,8480185,FLA,F,737,11,5,0.61781,0.182,3,1
20232024,2023030213,8480880,BOS,F,523,5,8,0.17208,0.2035,1,1
20232024,2023030213,8481556,BOS,F,578,5,7,0.17208,0.19584,1,2
20232024,2023030213,8482113,FLA,F,733,14,6,0.9674,0.23833,5,1
20232024,2023030213,8482511,BOS,D,1027,8,11,0.3528,0.40501,3,2
20232024,2023030214,8473449,FLA,F,403,4,5,0.26713,0.13753,1,2
20232024,2023030214,8474034,BOS,F,377,4,11,0.12854,0.52162,1,1
20232024,2023030214,8474037,BOS,F,555,5,7,0.24688,0.1824,2,1
20232024,2023030214,8475171,FLA,D,586,9,6,0.42519,0.32608,1,2
20232024,2023030214,8475179,FLA,D,537,3,5,0.07665,0.28902,0,2
20232024,2023030214,8475745,BOS,F,923,10,8,0.99286,0.4461,5,2
20232024,2023030214,8475765,FLA,F,547,13,7,0.55375,0.54954,3,4
20232024,2023030214,8476854,BOS,D,951,9,22,0.59645,1.10711,4,4
20232024,2023030214,8477409,FLA,F,958,17,7,0.92531,0.83832,3,4
20232024,2023030214,8477493,FLA,F,884,17,6,0.88812,0.60599,4,5
20232024,2023030214,8477932,FLA,D,1086,31,9,1.66084,0.56902,7,5
20232024,2023030214,8477933,FLA,F,616,12,5,0.46713,0.53693,2,4
20232024,2023030214,8477935,FLA,F,652,12,7,0.58607,0.78015,2,3
20232024,2023030214,8477956,BOS,F,989,5,15,0.26967,0.64076,1,3
20232024,2023030214,8477986,FLA,D,942,10,9,0.25057,0.79734,1,4
20232024,2023030214,8478046,BOS,F,740,10,7,1.0194,0.40588,6,2
20232024,2023030214,8478055,FLA,D,1101,27,10,1.41623,0.61154,6,5
20232024,2023030214,8478401,BOS,F,621,5,8,0.27483,0.19157,3,1
20232024,2023030214,8478443,BOS,D,787,8,17,0.74477,0.81275,4,3
20232024,2023030214,8478450,BOS,D,841,9,7,0.84709,0.22485,5,1
20232024,2023030214,8478498,BOS,F,755,4,17,0.20098,0.98209,1,5
20232024,2023030214,8478542,FLA,F,608,14,6,0.61643,0.17423,3,1
20232024,2023030214,8478831,FLA,F,483,2,5,0.04884,0.13753,0,2
20232024,2023030214,8478859,FLA,D,760,8,7,0.14664,0.71776,1,4
20232024,2023030214,8478904,FLA,F,355,2,5,0.19299,0.13753,1,2
20232024,2023030214,8479314,FLA,F,882,13,7,0.62077,0.80669,2,4
20232024,2023030214,8479325,BOS,D,1021,10,19,0.48061,0.79251,5,3
20232024,2023030214,8479365,BOS,F,704,9,11,0.91758,0.54094,5,2
20232024,2023030214,8479369,BOS,D,653,5,8,0.43,0.34574,2,2
20232024,2023030214,8479638,BOS,F,563,5,7,0.33959,0.31349,4,2
20232024,2023030214,8479987,BOS,F,803,5,18,0.27004,0.99869,2,5
20232024,2023030214,8480185,FLA,F,678,12,4,0.30397,0.12999,1,1
20232024,2023030214,8480880,BOS,F,415,4,10,0.18812,0.36328,2,0
20232024,2023030214,8481556,BOS,F,410,3,12,0.11765,0.34872,1,0
20232024,2023030214,8482113,FLA,F,565,14,5,0.49367,0.13171,2,1
20232024,2023030214,8482511,BOS,D,710,5,16,0.21184,0.7218,2,3
20232024,2023030215,8473449,FLA,F,335,3,5,0.09407,0.04839,1,0
20232024,2023030215,8474034,BOS,F,408,9,2,0.60502,0.12267,2,1
20232024,2023030215,8474037,BOS,F,702,6,6,0.26868,0.14188,1,0
20232024,2023030215,8475171,FLA,D,675,5,7,0.20861,0.57482,0,4
20232024,2023030215,8475179,FLA,D,583,4,4,0.24971,0.19362,1,1
20232024,2023030215,8475745,BOS,F,932,8,3,0.46241,0.12862,3,0
20232024,2023030215,8475765,FLA,F,833,14,11,0.73034,0.92777,4,4
20232024,2023030215,8476854,BOS,D,1193,18,14,1.44874,0.64393,9,3
20232024,2023030215,8477409,FLA,F,898,5,6,0.1653,0.42832,0,3
20232024,2023030215,8477493,FLA,F,1102,13,8,0.64302,0.24734,3,1
20232024,2023030215,8477932,FLA,D,894,13,14,0.56955,0.94327,3,4
20232024,2023030215,8477933,FLA,F,1076,13,8,0.64302,0.24734,3,1
20232024,2023030215,8477935,FLA,F,568,5,8,0.1653,1.02097,0,5
20232024,2023030215,8477956,BOS,F,1061,14,12,1.11173,0.53852,7,3
20232024,2023030215,8477986,FLA,D,1189,6,11,0.10339,0.58715,0,5
20232024,2023030215,8478046,BOS,F,705,4,4,0.29286,0.13045,2,0
20232024,2023030215,8478055,FLA,D,942,15,11,0.58993,0.81018,3,3
20232024,2023030215,8478401,BOS,F,837,5,8,0.22062,0.17548,1,0
20232024,2023030215,8478443,BOS,D,1007,8,5,0.48089,0.17995,3,0
20232024,2023030215,8478450,BOS,D,978,8,8,0.37356,0.17144,2,0
20232024,2023030215,8478498,BOS,F,812,11,10,0.71406,0.52551,6,3
20232024,2023030215,8478542,FLA,F,658,3,11,0.03113,0.88979,0,7
20232024,2023030215,8478831,FLA,F,374,3,5,0.09407,0.04839,1,0
20232024,2023030215,8478859,FLA,D,867,5,14,0.14585,0.73235,1,6
20232024,2023030215,8478904,FLA,F,255,1,4,0.00193,0.04093,0,0
20232024,2023030215,8479314,FLA,F,898,5,7,0.1653,0.83044,0,4
20232024,2023030215,8479325,BOS,D,1148,18,13,1.33892,0.55697,8,3
20232024,2023030215,8479365,BOS,F,579,7,5,0.67975,0.17206,5,0
20232024,2023030215,8479369,BOS,D,586,6,6,0.24379,0.1966,1,1
20232024,2023030215,8479638,BOS,F,658,5,6,0.22809,0.14188,1,0
20232024,2023030215,8479987,BOS,F,762,11,13,0.94732,0.62077,6,4
20232024,2023030215,8480185,FLA,F,799,4,10,0.03595,0.61894,0,5
20232024,2023030215,8480880,BOS,F,323,6,1,0.13173,0.08732,0,1
20232024,2023030215,8481556,BOS,F,347,4,2,0.05966,0.0154,0,0
20232024,2023030215,8482113,FLA,F,728,3,11,0.03113,0.88979,0,7
20232024,2023030215,8482511,BOS,D,449,7,2,0.47197,0.11815,3,1
20232024,2023030216,8473419,BOS,F,940,8,8,0.60222,0.40564,5,4
20232024,2023030216,8474034,BOS,F,419,2,9,0.1088,0.32957,2,1
20232024,2023030216,8474037,BOS,F,433,4,8,0.55147,0.26416,3,1
20232024,2023030216,8475171,FLA,D,721,5,7,0.23519,0.4279,2,4
20232024,2023030216,8475179,FLA,D,557,6,9,0.3027,0.87057,1,5
20232024,2023030216,8475745,BOS,F,946,7,10,0.54688,0.68066,5,6
20232024,2023030216,8475765,FLA,F,768,11,7,0.40571,0.51396,4,4
20232024,2023030216,8476393,FLA,F,471,6,4,0.09328,0.12422,1,2
20232024,2023030216,8476854,BOS,D,1172,10,17,1.01568,0.88334,6,6
20232024,2023030216,8477409,FLA,F,1113,15,9,0.96628,0.57371,6,5
20232024,2023030216,8477493,FLA,F,1077,13,9,0.45764,0.742,4,6
20232024,2023030216,8477932,FLA,D,1276,16,9,0.58725,0.71706,4,6
20232024,2023030216,8477933,FLA,F,1070,13,9,0.6782,0.742,4,6
20232024,2023030216,8477935,FLA,F,704,11,5,0.61192,0.45638,4,3
20232024,2023030216,8477956,BOS,F,1061,13,13,1.15646,0.78811,6,6
20232024,2023030216,8477986,FLA,D,1125,18,8,1.14498,0.41794,9,4
20232024,2023030216,8478046,BOS,F,710,4,6,0.18476,0.16893,1,1
20232024,2023030216,8478055,FLA,D,1312,18,10,0.85033,0.83932,4,7
20232024,2023030216,8478401,BOS,F,793,8,4,0.73635,0.13767,3,1
20232024,2023030216,8478443,BOS,D,862,7,9,0.35744,0.46795,5,4
20232024,2023030216,8478450,BOS,D,927,8,14,0.45145,0.88531,4,5
20232024,2023030216,8478498,BOS,F,1010,11,14,0.7729,0.96818,7,7
20232024,2023030216,8478542,FLA,F,715,7,7,0.50215,0.80137,4,4
20232024,2023030216,8478831,FLA,F,408,6,5,0.09328,0.5592,1,3
20232024,2023030216,8478859,FLA,D,951,13,9,0.78047,0.73835,8,4
20232024,2023030216,8479066,FLA,F,339,6,3,0.26494,0.11653,2,2
20232024,2023030216,8479314,FLA,F,1015,12,7,0.67683,0.34567,5,3
20232024,2023030216,8479325,BOS,D,1327,10,16,0.64463,0.97111,6,5
20232024,2023030216,8479365,BOS,F,791,7,12,0.54688,0.72699,5,6
20232024,2023030216,8479369,BOS,D,896,7,13,0.56083,0.5114,3,5
20232024,2023030216,8479638,BOS,F,590,3,6,0.08765,0.20886,1,1
20232024,2023030216,8479987,BOS,F,886,10,15,0.65193,0.82706,5,6
20232024,2023030216,8480185,FLA,F,621,5,6,0.18325,0.79368,1,4
20232024,2023030216,8481556,BOS,F,483,2,9,0.1088,0.34555,2,2
20232024,2023030216,8482113,FLA,F,853,9,7,0.9179,0.24799,6,3
20232024,2023030216,8482511,BOS,D,808,9,7,0.94272,0.18181,6,3
20232024,2023030221,8470613,CAR,D,1233,12,12,0.61148,0.27612,3,0
20232024,2023030221,8473533,CAR,F,668,6,3,0.4014,0.28092,2,1
20232024,2023030221,8475184,NYR,F,726,6,7,0.29493,0.35293,1,1
20232024,2023030221,8475200,CAR,D,1087,10,8,0.4891,0.73239,2,3
20232024,2023030221,8475744,CAR,F,569,5,5,0.20083,0.41858,1,3
20232024,2023030221,8476389,NYR,F,1086,7,14,0.17418,0.53693,0,1
20232024,2023030221,8476459,NYR,F,750,7,7,0.3224,0.50874,1,3
20232024,2023030221,8476474,CAR,F,503,4,8,0.10755,0.46791,0,3
20232024,2023030221,8476624,NYR,F,742,6,6,0.42272,0.30529,3,2
20232024,2023030221,8476869,CAR,D,927,8,4,0.3717,0.07165,1,0
20232024,2023030221,8476882,CAR,F,713,6,4,0.42814,0.57887,2,3
20232024,2023030221,8476885,NYR,D,1076,13,9,0.86142,0.23613,5,0
20232024,2023030221,8476918,NYR,F,687,5,7,0.43502,0.36705,3,2
20232024,2023030221,8476921,CAR,F,779,10,7,0.4768,0.19969,2,0
20232024,2023030221,8476958,CAR,D,1016,12,15,0.61214,0.66501,3,3
20232024,2023030221,8476979,NYR,D,871,14,8,0.91143,0.21985,5,0
20232024,2023030221,8477404,CAR,F,1168,8,9,0.35089,0.24967,1,0
20232024,2023030221,8477505,NYR,F,901,8,6,0.56102,0.15356,2,0
20232024,2023030221,8477950,CAR,D,789,8,4,0.3717,0.07165,1,0
20232024,2023030221,8478427,CAR,F,1128,8,10,0.45405,0.25381,2,0
20232024,2023030221,8478458,NYR,F,631,5,6,0.29327,0.34914,1,1
20232024,2023030221,8478550,NYR,F,1007,11,11,0.31468,0.64536,0,3
20232024,2023030221,8478970,CAR,D,1036,8,11,0.4572,1.12128,2,6
20232024,2023030221,8479323,NYR,D,1202,4,13,0.30237,0.71287,1,3
20232024,2023030221,8479324,NYR,D,1276,7,10,0.3517,0.60618,1,3
20232024,2023030221,8480039,CAR,F,877,11,8,0.51916,0.49764,2,2
20232024,2023030221,8480817,NYR,D,895,8,8,0.27403,0.52394,0,3
20232024,2023030221,8480829,CAR,F,626,5,8,0.20083,0.48607,1,3
20232024,2023030221,8480830,CAR,F,1046,8,6,0.42855,0.1855,2,0
20232024,2023030221,8480835,CAR,F,746,10,9,0.51386,0.51574,2,2
20232024,2023030221,8481554,NYR,F,747,6,3,0.44252,0.03368,2,0
20232024,2023030221,8482073,NYR,D,906,8,10,0.23715,0.61435,0,3
20232024,2023030221,8482093,CAR,F,916,6,4,0.28792,0.27275,1,1
20232024,2023030221,8482109,NYR,F,702,9,10,0.29244,0.62974,0,3
20232024,2023030221,8482157,NYR,F,807,5,5,0.43125,0.19356,2,1
20232024,2023030221,8482460,NYR,,393,6,5,0.42272,0.294,3,1
20232024,2023030222,8470613,CAR,D,943,18,12,1.27098,0.84847,6,6
20232024,2023030222,8473533,CAR,F,635,24,5,1.57746,0.35086,7,5
20232024,2023030222,8475184,NYR,F,822,7,12,0.26885,0.73186,2,4
20232024,2023030222,8475200,CAR,D,854,12,9,0.52389,0.68377,3,4
20232024,2023030222,8476389,NYR,F,926,10,21,1.03104,1.4889,8,8
20232024,2023030222,8476459,NYR,F,857,2,15,0.02387,0.87961,0,7
20232024,2023030222,8476474,CAR,F,260,0,3,0.0,0.16989,0,2
20232024,2023030222,8476624,NYR,F,530,8,9,0.37628,0.41217,4,3
20232024,2023030222,8476869,CAR,D,802,19,6,1.1767,0.35538,9,4
20232024,2023030222,8476882,CAR,F,744,25,5,1.67459,0.24571,8,4
20232024,2023030222,8476885,NYR,D,826,8,18,0.56745,1.42411,5,6
20232024,2023030222,8476918,NYR,F,563,8,7,0.37628,0.20753,4,1
20232024,2023030222,8476921,CAR,F,746,10,10,0.45266,0.72916,4,5
20232024,2023030222,8476958,CAR,D,989,15,13,1.01928,0.955,4,7
20232024,2023030222,8476979,NYR,D,759,7,13,0.53197,0.73098,4,4
20232024,2023030222,8477404,CAR,F,776,13,9,0.7169,0.63605,5,4
20232024,2023030222,8477505,NYR,F,538,8,9,0.56296,0.33938,3,1
20232024,2023030222,8477950,CAR,D,728,18,5,1.14043,0.59936,7,5
20232024,2023030222,8478427,CAR,F,823,14,9,0.81403,0.95618,6,5
20232024,2023030222,8478458,NYR,F,717,5,15,0.28874,0.89612,2,6
20232024,2023030222,8478550,NYR,F,936,11,12,1.12951,0.66145,9,4
20232024,2023030222,8478970,CAR,D,919,14,11,0.55702,0.54632,5,4
20232024,2023030222,8479323,NYR,D,937,8,13,0.54323,0.64639,5,3
20232024,2023030222,8479324,NYR,D,843,5,19,0.14661,1.16959,3,6
20232024,2023030222,8480031,CAR,,348,1,8,0.042,0.57446,1,4
20232024,2023030222,8480039,CAR,F,811,14,7,0.78259,0.74321,4,3
20232024,2023030222,8480817,NYR,D,940,14,17,0.92941,0.91789,6,8
20232024,2023030222,8480829,CAR,F,377,0,5,0.0,0.38461,0,2
20232024,2023030222,8480830,CAR,F,807,18,8,1.23635,0.53758,7,3
20232024,2023030222,8480835,CAR,F,784,10,9,0.45266,0.3025,4,3
20232024,2023030222,8481554,NYR,F,378,4,6,0.19719,0.24991,2,1
20232024,2023030222,8482073,NYR,D,904,14,22,1.26963,1.49151,7,10
20232024,2023030222,8482093,CAR,F,633,15,6,0.78321,0.35224,5,5
20232024,2023030222,8482109,NYR,F,719,10,13,1.08472,0.82341,7,6
20232024,2023030222,8482157,NYR,F,619,9,14,0.60362,0.62524,3,5
20232024,2023030222,8482460,NYR,,243,2,5,0.03939,0.5247,1,2
20232024,2023030223,8470613,CAR,D,777,14,6,0.67995,0.26835,4,2
20232024,2023030223,8473533,CAR,F,679,14,9,0.56403,0.51382,3,3
20232024,2023030223,8475184,NYR,F,758,5,12,0.16707,0.60558,1,3
20232024,2023030223,8475200,CAR,D,954,20,10,0.7039,0.44084,5,4
20232024,2023030223,8475744,CAR,F,523,13,7,0.52617,0.20622,3,2
20232024,2023030223,8476389,NYR,F,841,11,11,0.50314,0.37949,5,2
20232024,2023030223,8476459,NYR,F,793,6,11,0.21809,0.57618,1,3
20232024,2023030223,8476474,CAR,F,320,9,5,0.46279,0.12513,2,1
20232024,2023030223,8476624,NYR,F,477,2,14,0.01665,0.5409,0,5
20232024,2023030223,8476869,CAR,D,784,13,11,0.5202,0.53368,2,2
20232024,2023030223,8476882,CAR,F,549,12,6,0.54266,0.26835,3,2
20232024,2023030223,8476885,NYR,D,958,9,15,0.36858,0.51289,3,4
20232024,2023030223,8476918,NYR,F,518,2,13,0.01665,0.53952,0,5
20232024,2023030223,8476921,CAR,F,512,10,6,0.50034,0.36737,3,1
20232024,2023030223,8476958,CAR,D,825,13,9,0.48686,0.46643,3,2
20232024,2023030223,8476979,NYR,D,719,9,14,0.47261,0.50777,2,4
20232024,2023030223,8477404,CAR,F,717,10,3,0.19968,0.12799,2,0
20232024,2023030223,8477505,NYR,F,644,7,11,0.41053,0.55105,1,2
20232024,2023030223,8477950,CAR,D,672,13,8,0.68604,0.26675,4,1
20232024,2023030223,8478427,CAR,F,728,11,6,0.34518,0.26529,4,1
20232024,2023030223,8478458,NYR,F,713,10,14,0.42565,0.76557,3,4
20232024,2023030223,8478550,NYR,F,672,13,9,0.60593,0.14046,5,1
20232024,2023030223,8478970,CAR,D,866,17,8,0.60757,0.35259,4,3
20232024,2023030223,8479323,NYR,D,852,7,13,0.32727,0.70407,3,4
20232024,2023030223,8479324,NYR,D,904,8,13,0.40356,0.71734,4,4
20232024,2023030223,8480039,CAR,F,707,11,9,0.69083,0.53981,4,3
20232024,2023030223,8480078,NYR,,587,5,12,0.34351,0.56524,1,2
20232024,2023030223,8480817,NYR,D,705,9,18,0.29714,0.61715,1,3
20232024,2023030223,8480829,CAR,F,626,13,10,0.52617,0.32206,3,3
20232024,2023030223,8480830,CAR,F,690,11,4,0.18967,0.20654,1,1
20232024,2023030223,8480835,CAR,F,578,9,5,0.42825,0.19378,1,1
20232024,2023030223,8481554,NYR,F,531,5,9,0.34351,0.39671,1,1
20232024,2023030223,8482073,NYR,D,749,11,17,0.51125,0.6253,1,3
20232024,2023030223,8482093,CAR,F,824,12,7,0.55101,0.32544,4,3
20232024,2023030223,8482109,NYR,F,523,9,8,0.37381,0.13908,3,1
20232024,2023030223,8482157,NYR,F,350,2,11,0.01665,0.327,0,4
20232024,2023030224,8470613,CAR,D,1093,20,13,1.52378,0.66322,10,2
20232024,2023030224,8473533,CAR,F,957,8,11,0.62958,0.63468,3,3
20232024,2023030224,8475184,NYR,F,1038,17,10,1.17678,0.59666,4,5
20232024,2023030224,8475200,CAR,D,1219,19,12,0.73776,0.87145,4,5
20232024,2023030224,8475744,CAR,F,475,6,9,0.22165,0.87577,2,4
20232024,2023030224,8476389,NYR,F,1066,10,14,0.7546,1.50576,4,7
20232024,2023030224,8476459,NYR,F,1099,15,11,1.01408,0.6901,4,5
20232024,2023030224,8476474,CAR,F,376,6,7,0.45529,0.40031,3,3
20232024,2023030224,8476624,NYR,F,597,2,11,0.06452,0.36214,1,4
20232024,2023030224,8476869,CAR,D,944,9,9,0.39681,0.62783,2,4
20232024,2023030224,8476882,CAR,F,1002,6,10,0.44678,0.80131,2,3
20232024,2023030224,8476885,NYR,D,858,11,19,0.77053,1.128,6,7
20232024,2023030224,8476918,NYR,F,531,2,10,0.06452,0.33663,1,3
20232024,2023030224,8476921,CAR,F,869,14,10,0.39412,0.75403,2,5
20232024,2023030224,8476958,CAR,D,1358,21,18,1.73253,1.00567,9,4
20232024,2023030224,8476979,NYR,D,986,11,21,0.90493,1.67109,6,9
20232024,2023030224,8477380,NYR,F,529,2,11,0.06452,0.37408,1,4
20232024,2023030224,8477404,CAR,F,923,22,13,1.90713,1.03954,12,4
20232024,2023030224,8477505,NYR,F,864,11,13,1.01196,0.41389,5,2
20232024,2023030224,8477950,CAR,D,833,10,14,0.64705,1.4276,4,7
20232024,2023030224,8478427,CAR,F,1014,20,9,1.72201,0.79909,11,3
20232024,2023030224,8478458,NYR,F,907,12,16,0.95829,1.34662,3,8
20232024,2023030224,8478550,NYR,F,1016,10,16,0.63344,1.64318,4,8
20232024,2023030224,8478970,CAR,D,1118,17,13,0.90143,1.15878,7,6
20232024,2023030224,8479323,NYR,D,1372,17,11,0.66381,0.30768,3,2
20232024,2023030224,8479324,NYR,D,1043,10,16,0.32279,1.28445,1,6
20232024,2023030224,8480039,CAR,F,910,18,9,0.65698,0.51252,4,4
20232024,2023030224,8480817,NYR,D,1093,17,14,1.73771,0.80926,7,6
20232024,2023030224,8480829,CAR,F,448,7,7,0.2358,0.64513,2,3
20232024,2023030224,8480830,CAR,F,853,17,11,1.55083,0.8948,10,3
20232024,2023030224,8480835,CAR,F,867,14,11,0.47573,0.76245,2,5
20232024,2023030224,8481554,NYR,F,805,11,12,1.01196,0.39974,5,2
20232024,2023030224,8482073,NYR,D,1066,12,15,1.31797,0.73888,5,6
20232024,2023030224,8482093,CAR,F,1108,6,9,0.21314,0.42017,1,2
20232024,2023030224,8482109,NYR,F,995,13,13,0.79627,0.94671,5,4
20232024,2023030224,8482157,NYR,F,729,12,7,1.02567,0.29353,5,2
20232024,2023030225,8470613,CAR,D,1031,5,9,0.41067,0.49166,3,3
20232024,2023030225,8473533,CAR,F,804,10,8,0.67467,0.46595,4,3
20232024,2023030225,8475184,NYR,F,850,5,8,0.3203,0.81174,2,4
20232024,2023030225,8475200,CAR,D,1027,14,6,1.19929,0.23822,8,2
20232024,2023030225,8475744,CAR,F,606,6,4,0.36282,0.11206,1,0
20232024,2023030225,8476389,NYR,F,1108,9,9,0.24844,0.45558,1,3
20232024,2023030225,8476459,NYR,F,802,5,7,0.3203,0.62336,2,3
20232024,2023030225,8476474,CAR,F,525,5,6,0.30055,0.27168,1,1
20232024,2023030225,8476624,NYR,F,740,6,16,0.34768,0.77734,2,5
20232024,2023030225,8476869,CAR,D,893,18,9,0.90226,0.52249,4,3
20232024,2023030225,8476882,CAR,F,839,10,7,0.67467,0.43042,4,3
20232024,2023030225,8476885,NYR,D,918,7,14,0.15678,0.85885,0,4
20232024,2023030225,8476918,NYR,F,571,3,9,0.05882,0.36778,0,2
20232024,2023030225,8476921,CAR,F,613,10,7,0.67292,0.23645,4,1
20232024,2023030225,8476958,CAR,D,957,5,8,0.1928,0.34445,1,2
20232024,2023030225,8476979,NYR,D,922,7,15,0.17158,0.91205,0,4
20232024,2023030225,8477404,CAR,F,944,10,5,0.59397,0.34935,4,3
20232024,2023030225,8477505,NYR,F,768,3,12,0.21186,0.77397,2,5
20232024,2023030225,8477950,CAR,D,760,19,8,0.94445,0.43076,4,2
20232024,2023030225,8478427,CAR,F,969,11,5,0.61925,0.34713,4,3
20232024,2023030225,8478458,NYR,F,721,5,9,0.3203,0.83702,2,4
20232024,2023030225,8478550,NYR,F,889,10,10,0.30168,0.59233,1,3
20232024,2023030225,8478970,CAR,D,1116,13,6,1.00985,0.22898,6,2
20232024,2023030225,8479323,NYR,D,1013,5,8,0.23669,0.4508,1,3
20232024,2023030225,8479324,NYR,D,924,4,7,0.22428,0.3976,1,3
20232024,2023030225,8480039,CAR,F,794,10,8,0.71441,0.26366,4,1
20232024,2023030225,8480817,NYR,D,997,12,15,0.74722,1.02001,6,6
20232024,2023030225,8480829,CAR,F,452,7,4,0.3881,0.11206,1,0
20232024,2023030225,8480830,CAR,F,808,11,2,0.61925,0.0348,4,1
20232024,2023030225,8480835,CAR,F,570,10,6,0.67292,0.20314,4,1
20232024,2023030225,8481554,NYR,F,691,6,11,0.50072,0.72062,4,5
20232024,2023030225,8482073,NYR,D,942,11,15,0.72001,1.02001,6,6
20232024,2023030225,8482093,CAR,F,840,11,7,0.69545,0.55814,4,4
20232024,2023030225,8482109,NYR,F,709,9,8,0.24844,0.40424,1,2
20232024,2023030225,8482157,NYR,F,676,5,7,0.44748,0.38843,4,2
20232024,2023030225,8482460,NYR,,361,3,5,0.05882,0.23657,0,1
20232024,2023030226,8470613,CAR,D,1237,13,21,0.44842,1.38726,1,7
20232024,2023030226,8473533,CAR,F,942,9,10,0.45606,0.58477,3,3
20232024,2023030226,8475184,NYR,F,1081,19,9,1.87038,0.75153,9,3
20232024,2023030226,8475200,CAR,D,1068,10,13,0.89846,1.09875,5,7
20232024,2023030226,8475744,CAR,F,704,11,7,0.52631,0.70086,3,3
20232024,2023030226,8476389,NYR,F,1353,23,12,1.17483,0.33195,6,2
20232024,2023030226,8476459,NYR,F,1067,17,10,1.47993,0.6751,8,3
20232024,2023030226,8476474,CAR,F,585,9,6,0.42946,0.54016,2,2
20232024,2023030226,8476624,NYR,F,591,4,7,0.03002,0.39859,0,3
20232024,2023030226,8476869,CAR,D,1172,14,12,0.52118,0.26786,3,0
20232024,2023030226,8476882,CAR,F,976,11,11,0.47602,0.74547,3,4
20232024,2023030226,8476885,NYR,D,1350,24,14,1.39745,0.90275,7,5
20232024,2023030226,8476918,NYR,F,582,5,8,0.12673,0.4439,1,3
20232024,2023030226,8476921,CAR,F,769,14,7,0.5847,0.54172,3,3
20232024,2023030226,8476958,CAR,D,1256,15,22,0.73742,1.40831,3,7
20232024,2023030226,8476979,NYR,D,827,11,14,0.41725,0.6956,2,3
20232024,2023030226,8477380,NYR,F,514,5,8,0.12673,0.4439,1,3
20232024,2023030226,8477404,CAR,F,1007,5,21,0.58491,0.87041,2,5
20232024,2023030226,8477505,NYR,F,703,3,12,0.07332,0.70824,0,2
20232024,2023030226,8477950,CAR,D,1085,13,11,0.3338,0.24262,3,0
20232024,2023030226,8478427,CAR,F,1069,4,25,0.4167,1.40008,2,8
20232024,2023030226,8478458,NYR,F,984,18,9,1.52638,0.65956,7,2
20232024,2023030226,8478550,NYR,F,1182,19,13,0.8189,0.5246,5,3
20232024,2023030226,8478970,CAR,D,1075,14,13,1.20237,1.10294,5,7
20232024,2023030226,8479323,NYR,D,1291,13,14,1.02718,0.50542,5,2
20232024,2023030226,8479324,NYR,D,1202,11,11,0.93917,0.4706,5,2
20232024,2023030226,8480039,CAR,F,839,13,7,0.62213,0.54172,3,3
20232024,2023030226,8480817,NYR,D,1262,23,13,1.33049,0.88426,7,5
20232024,2023030226,8480829,CAR,F,640,10,7,0.43818,0.59627,2,2
20232024,2023030226,8480830,CAR,F,1104,9,22,0.63055,0.92652,2,5
20232024,2023030226,8480835,CAR,F,698,15,4,0.63636,0.06816,2,0
20232024,2023030226,8481554,NYR,F,550,2,8,0.06909,0.4236,0,2
20232024,2023030226,8482073,NYR,D,882,10,14,0.3962,0.70899,2,3
20232024,2023030226,8482093,CAR,F,1062,11,11,0.47602,0.74547,3,4
20232024,2023030226,8482109,NYR,F,1089,20,12,0.89198,0.33195,5,2
20232024,2023030226,8482157,NYR,F,675,3,12,0.07332,0.55851,0,2
20232024,2023030231,8470600,DAL,D,1016,8,10,0.21651,0.32951,1,3
20232024,2023030231,8470610,COL,F,593,8,8,0.42593,0.22795,3,1
20232024,2023030231,8470794,DAL,F,818,6,11,0.19882,0.61249,1,2
20232024,2023030231,8471677,COL,D,595,3,6,0.19814,0.06222,2,0
20232024,2023030231,8471699,COL,F,428,1,2,0.05461,0.0485,1,0
20232024,2023030231,8473994,DAL,F,763,3,5,0.10475,0.3315,0,2
20232024,2023030231,8474149,DAL,F,564,5,8,0.06618,0.3801,0,3
20232024,2023030231,8475168,DAL,F,632,4,7,0.06237,0.37452,0,3
20232024,2023030231,8475225,DAL,F,632,5,4,0.04685,0.20372,0,2
20232024,2023030231,8475690,DAL,D,1033,10,11,0.11728,0.29395,0,1
20232024,2023030231,8475780,COL,,433,2,3,0.04132,0.09845,1,1
20232024,2023030231,8475794,DAL,F,583,4,8,0.12989,0.36915,1,3
20232024,2023030231,8476312,COL,D,923,10,5,0.55294,0.13976,3,1
20232024,2023030231,8476889,DAL,F,675,6,6,0.05788,0.26909,0,3
20232024,2023030231,8476902,DAL,D,1212,5,11,0.11325,0.25798,0,3
20232024,2023030231,8477425,COL,F,489,3,4,0.06146,0.12546,1,1
20232024,2023030231,8477476,COL,F,774,10,8,0.60105,0.22795,4,1
20232024,2023030231,8477492,COL,F,1198,17,5,0.77198,0.07427,3,0
20232024,2023030231,8477501,COL,F,1240,17,5,0.71295,0.05502,3,0
20232024,2023030231,8478038,COL,D,1173,17,6,0.71935,0.14453,5,0
20232024,2023030231,8478420,COL,F,1185,17,4,0.77198,0.05418,3,0
20232024,2023030231,8478449,DAL,F,680,5,9,0.15665,0.23228,1,1
20232024,2023030231,8478508,COL,F,557,4,3,0.19744,0.05626,2,0
20232024,2023030231,8479351,DAL,F,744,6,7,0.12935,0.23994,1,2
20232024,2023030231,8479398,COL,D,884,8,7,0.26885,0.25104,2,2
20232024,2023030231,8479520,COL,F,410,1,2,0.05461,0.0485,1,0
20232024,2023030231,8479525,COL,F,526,5,5,0.19075,0.1263,2,1
20232024,2023030231,8479999,COL,F,789,8,8,0.42593,0.22795,3,1
20232024,2023030231,8480027,DAL,F,868,5,12,0.15665,0.49028,1,2
20232024,2023030231,8480036,DAL,D,1123,5,15,0.2332,0.90806,2,5
20232024,2023030231,8480069,COL,D,1249,17,9,0.73172,0.25525,4,1
20232024,2023030231,8480336,COL,D,852,7,5,0.40234,0.06106,2,0
20232024,2023030231,8480878,DAL,D,213,3,2,0.08677,0.1836,0,2
20232024,2023030231,8481581,DAL,D,1123,7,13,0.14685,0.90024,1,4
20232024,2023030231,8482702,DAL,F,640,2,8,0.0144,0.18556,0,0
20232024,2023030231,8482740,DAL,F,907,6,8,0.247,0.62138,1,4
20232024,2023030232,8470600,DAL,D,806,5,11,0.11199,0.57545,0,4
20232024,2023030232,8470610,COL,F,720,11,7,0.49637,0.27831,1,2
20232024,2023030232,8470794,DAL,F,861,4,8,0.2929,0.40092,1,1
20232024,2023030232,8471677,COL,D,718,10,5,0.34896,0.4638,2,3
20232024,2023030232,8471699,COL,F,345,2,4,0.12374,0.07798,1,0
20232024,2023030232,8473994,DAL,F,759,2,7,0.06037,0.39076,0,1
20232024,2023030232,8474149,DAL,F,580,6,8,0.35029,0.5195,1,4
20232024,2023030232,8475168,DAL,F,679,10,8,0.29289,0.40287,1,3
20232024,2023030232,8475225,DAL,F,482,4,6,0.11776,0.40847,0,4
20232024,2023030232,8475690,DAL,D,983,11,9,0.34683,0.36025,2,1
20232024,2023030232,8475794,DAL,F,786,12,8,0.53694,0.40287,2,3
20232024,2023030232,8476312,COL,D,893,6,14,0.42067,0.54092,4,2
20232024,2023030232,8476902,DAL,D,998,15,11,0.73108,0.55786,3,3
20232024,2023030232,8477425,COL,F,670,9,7,0.39608,0.63497,3,3
20232024,2023030232,8477476,COL,F,899,11,6,0.81157,0.20995,4,0
20232024,2023030232,8477492,COL,F,975,8,14,0.43035,0.73627,2,3
20232024,2023030232,8477501,COL,F,865,8,6,0.30431,0.40083,0,2
20232024,2023030232,8478038,COL,D,940,12,8,0.7038,0.36459,3,1
20232024,2023030232,8478420,COL,F,995,10,14,0.46918,0.72063,3,3
20232024,2023030232,8478449,DAL,F,767,10,8,0.73407,0.29682,4,1
20232024,2023030232,8478508,COL,F,508,4,4,0.2169,0.07798,2,0
20232024,2023030232,8478975,DAL,F,720,13,8,0.59261,0.40287,2,3
20232024,2023030232,8479351,DAL,F,567,4,6,0.11776,0.40847,0,4
20232024,2023030232,8479398,COL,D,869,13,7,0.88492,0.38853,5,1
20232024,2023030232,8479520,COL,F,291,4,4,0.2169,0.07798,2,0
20232024,2023030232,8479525,COL,F,511,7,5,0.31665,0.18139,3,1
20232024,2023030232,8479999,COL,F,822,12,7,0.72752,0.49288,3,2
20232024,2023030232,8480027,DAL,F,741,7,8,0.43435,0.29682,3,1
20232024,2023030232,8480036,DAL,D,1261,12,13,1.00112,0.77047,4,4
20232024,2023030232,8480069,COL,D,1109,12,13,0.68045,0.50957,4,1
20232024,2023030232,8480336,COL,D,899,9,10,0.1811,0.6488,0,4
20232024,2023030232,8480878,DAL,D,304,5,7,0.08967,0.3897,0,3
20232024,2023030232,8481581,DAL,D,985,8,11,0.59455,0.56617,3,3
20232024,2023030232,8481641,COL,F,594,7,5,0.32028,0.38272,3,2
20232024,2023030232,8482702,DAL,F,592,8,9,0.49002,0.39769,3,1
20232024,2023030232,8482740,DAL,F,823,4,9,0.2929,0.50179,1,1
20232024,2023030233,8470600,DAL,D,844,7,13,0.24673,1.12515,1,5
20232024,2023030233,8470610,COL,F,682,10,12,0.48546,0.41384,5,2
20232024,2023030233,8470794,DAL,F,790,2,11,0.02614,0.44414,0,3
20232024,2023030233,8471677,COL,D,656,7,7,0.26873,0.27077,3,1
20232024,2023030233,8471699,COL,F,353,5,4,0.26696,0.56221,2,3
20232024,2023030233,8473994,DAL,F,728,1,10,0.02075,0.3752,0,2
20232024,2023030233,8474149,DAL,F,600,8,9,0.81749,0.96328,4,4
20232024,2023030233,8475168,DAL,F,603,6,5,0.18365,0.25059,0,3
20232024,2023030233,8475225,DAL,F,633,6,8,0.62138,0.86829,3,3
20232024,2023030233,8475690,DAL,D,1166,10,15,0.38036,1.25821,2,6
20232024,2023030233,8475794,DAL,F,661,7,6,0.40162,0.39668,1,4
20232024,2023030233,8476312,COL,D,819,10,12,0.64235,0.70064,4,4
20232024,2023030233,8476902,DAL,D,1173,8,17,0.61156,1.83736,4,7
20232024,2023030233,8477425,COL,F,547,5,4,0.16336,0.09901,2,1
20232024,2023030233,8477476,COL,F,1113,17,5,1.23532,0.23018,5,1
20232024,2023030233,8477492,COL,F,1171,22,6,2.2161,0.22802,9,2
20232024,2023030233,8477501,COL,F,950,11,12,1.13574,0.45492,6,2
20232024,2023030233,8478038,COL,D,1054,16,9,1.63683,0.49177,6,3
20232024,2023030233,8478420,COL,F,1221,19,5,2.00567,0.25614,8,1
20232024,2023030233,8478449,DAL,F,644,8,8,0.27606,0.30546,3,2
20232024,2023030233,8478508,COL,F,438,5,4,0.16991,0.63901,1,3
20232024,2023030233,8478975,DAL,F,637,8,7,0.22452,0.61278,0,6
20232024,2023030233,8479351,DAL,F,727,8,11,0.84235,1.21618,4,6
20232024,2023030233,8479398,COL,D,875,11,8,0.66578,0.56566,5,3
20232024,2023030233,8479520,COL,F,368,5,4,0.33944,0.56221,2,3
20232024,2023030233,8479525,COL,F,558,4,3,0.12488,0.09601,2,1
20232024,2023030233,8479999,COL,F,851,9,10,0.45275,0.34704,5,1
20232024,2023030233,8480027,DAL,F,757,7,12,0.26544,0.9226,3,3
20232024,2023030233,8480036,DAL,D,1270,10,14,0.45377,0.71146,3,6
20232024,2023030233,8480069,COL,D,1230,16,8,1.62383,0.33725,6,1
20232024,2023030233,8480336,COL,D,864,18,4,0.99998,0.29031,8,2
20232024,2023030233,8480878,DAL,D,196,4,5,0.46024,0.14687,2,1
20232024,2023030233,8481581,DAL,D,1054,9,14,0.48862,0.75845,2,7
20232024,2023030233,8481641,COL,F,523,5,3,0.16066,0.09601,1,1
20232024,2023030233,8482702,DAL,F,668,8,12,0.27606,0.95674,3,4
20232024,2023030233,8482740,DAL,F,974,3,17,0.04426,1.39942,0,7
20232024,2023030234,8470600,DAL,D,733,4,12,0.12901,0.56937,0,3
20232024,2023030234,8470610,COL,F,662,5,8,0.31088,0.84328,1,4
20232024,2023030234,8470794,DAL,F,798,10,14,0.57083,0.4089,6,3
20232024,2023030234,8471677,COL,D,807,4,9,0.34923,0.49251,2,4
20232024,2023030234,8471699,COL,F,418,2,5,0.11946,0.25409,2,2
20232024,2023030234,8473994,DAL,F,777,12,10,0.74611,0.31731,8,3
20232024,2023030234,8474149,DAL,F,711,12,9,0.90848,0.42415,4,2
20232024,2023030234,8475168,DAL,F,706,14,7,1.12076,0.34515,6,1
20232024,2023030234,8475225,DAL,F,550,2,6,0.10145,0.15603,1,2
20232024,2023030234,8475690,DAL,D,1093,8,24,0.50812,0.98753,4,6
20232024,2023030234,8475794,DAL,F,534,7,8,0.35701,0.348,3,3
20232024,2023030234,8476312,COL,D,1001,11,12,0.15477,0.63571,1,4
20232024,2023030234,8476902,DAL,D,1025,13,15,0.69259,0.48006,5,4
20232024,2023030234,8477425,COL,F,575,7,12,0.18283,0.69484,2,7
20232024,2023030234,8477476,COL,F,891,18,6,0.71158,0.31894,4,3
20232024,2023030234,8477492,COL,F,1003,23,7,0.85429,0.41184,5,4
20232024,2023030234,8477494,COL,F,825,10,7,0.45974,0.80835,2,4
20232024,2023030234,8478420,COL,F,1018,22,6,0.76016,0.22216,4,2
20232024,2023030234,8478449,DAL,F,290,1,3,0.0779,0.18759,1,1
20232024,2023030234,8478452,COL,D,624,6,7,0.40297,0.37835,2,2
20232024,2023030234,8478508,COL,F,576,4,7,0.15101,0.17814,2,1
20232024,2023030234,8478975,DAL,F,737,11,11,0.99159,0.41149,6,1
20232024,2023030234,8479351,DAL,F,669,3,8,0.13554,0.29119,1,3
20232024,2023030234,8479398,COL,D,1049,23,13,0.67468,1.09965,5,8
20232024,2023030234,8479520,COL,F,468,3,6,0.14967,0.17124,2,1
20232024,2023030234,8479525,COL,F,615,5,12,0.06464,0.67863,1,7
20232024,2023030234,8479999,COL,F,713,5,9,0.31088,0.94858,1,5
20232024,2023030234,8480027,DAL,F,947,6,11,0.20509,0.50549,1,3
20232024,2023030234,8480036,DAL,D,1224,17,8,1.25557,0.20294,9,1
20232024,2023030234,8480069,COL,D,1134,20,10,0.84263,0.45692,6,5
20232024,2023030234,8480336,COL,D,925,8,15,0.33468,1.09709,2,8
20232024,2023030234,8480878,DAL,D,347,4,2,0.14007,0.07082,1,1
20232024,2023030234,8481581,DAL,D,1094,18,11,1.33124,0.44824,11,3
20232024,2023030234,8481641,COL,F,505,4,9,0.0633,0.45118,1,4
20232024,2023030234,8482702,DAL,F,698,6,8,0.19568,0.36709,1,2
20232024,2023030234,8482740,DAL,F,879,12,13,0.67446,0.37605,7,3
20232024,2023030235,8470600,DAL,D,965,13,10,0.96674,0.29279,5,1
20232024,2023030235,8470610,COL,F,706,12,8,0.46553,0.63856,4,2
20232024,2023030235,8470794,DAL,F,925,6,11,0.63293,0.63131,3,3
20232024,2023030235,8471677,COL,D,657,4,11,0.26575,0.5357,3,3
20232024,2023030235,8471699,COL,F,364,3,6,0.21585,0.15243,1,2
20232024,2023030235,8473994,DAL,F,946,12,9,0.90914,0.68455,9,6
20232024,2023030235,8474149,DAL,F,647,7,9,0.32522,0.41456,2,1
20232024,2023030235,8475168,DAL,F,663,6,12,0.63293,0.77125,3,5
20232024,2023030235,8475225,DAL,F,586,7,9,0.14962,0.34023,0,2
20232024,2023030235,8475690,DAL,D,1005,15,13,1.03554,0.84536,10,6
20232024,2023030235,8475794,DAL,F,805,7,12,0.33409,0.71929,3,3
20232024,2023030235,8476312,COL,D,1068,14,8,0.60655,0.85129,5,4
20232024,2023030235,8476889,DAL,F,629,8,9,0.16992,0.34023,0,2
20232024,2023030235,8476902,DAL,D,1191,14,22,0.51977,1.46807,5,9
20232024,2023030235,8477425,COL,F,826,7,10,0.53734,0.70809,4,4
20232024,2023030235,8477476,COL,F,1082,14,13,1.1015,0.64789,5,7
20232024,2023030235,8477492,COL,F,1203,18,17,1.17789,0.73383,5,8
20232024,2023030235,8477494,COL,F,1175,18,16,1.20821,0.71074,5,8
20232024,2023030235,8478038,COL,D,1204,20,14,1.17691,0.68501,5,8
20232024,2023030235,8478420,COL,F,1029,16,9,0.53661,0.6736,4,2
20232024,2023030235,8478508,COL,F,136,3,3,0.25515,0.05279,2,1
20232024,2023030235,8478975,DAL,F,651,7,9,0.32522,0.41456,2,1
20232024,2023030235,8479351,DAL,F,720,8,9,0.15711,0.34023,0,2
20232024,2023030235,8479398,COL,D,952,15,11,0.75572,0.86958,5,3
20232024,2023030235,8479520,COL,F,285,4,6,0.09054,0.1595,0,2
20232024,2023030235,8479525,COL,F,721,7,10,0.53734,0.75358,4,4
20232024,2023030235,8479999,COL,F,845,15,6,0.51257,0.57653,4,2
20232024,2023030235,8480027,DAL,F,929,10,13,0.74048,0.81883,4,4
20232024,2023030235,8480036,DAL,D,1458,19,13,1.42128,0.54702,7,2
20232024,2023030235,8480069,COL,D,1376,22,17,1.22033,0.71594,5,8
20232024,2023030235,8480336,COL,D,775,5,13,0.49108,0.632,3,4
20232024,2023030235,8480878,DAL,D,108,1,2,0.00509,0.21384,0,2
20232024,2023030235,8481581,DAL,D,1169,12,20,0.3411,1.14926,3,6
20232024,2023030235,8481641,COL,F,654,3,7,0.13598,0.62674,1,3
20232024,2023030235,8482702,DAL,F,795,17,11,1.03699,0.87207,10,7
20232024,2023030235,8482740,DAL,F,1087,16,7,1.02063,0.4274,9,3
20232024,2023030236,8470600,DAL,D,938,8,8,0.21062,0.22986,1,1
20232024,2023030236,8470610,COL,F,953,13,11,0.55228,0.59907,3,2
20232024,2023030236,8470794,DAL,F,914,12,6,0.77252,0.13968,5,1
20232024,2023030236,8471677,COL,D,714,9,14,0.19496,0.46664,0,1
20232024,2023030236,8471699,COL,F,297,2,3,0.06503,0.02882,0,0
20232024,2023030236,8473994,DAL,F,797,6,9,0.31189,0.39473,1,2
20232024,2023030236,8474149,DAL,F,822,11,10,0.40256,0.46644,1,2
20232024,2023030236,8475168,DAL,F,980,12,7,0.77252,0.1564,5,1
20232024,2023030236,8475225,DAL,F,676,5,7,0.10735,0.23288,0,1
20232024,2023030236,8475690,DAL,D,1361,17,13,0.6866,0.50934,3,2
20232024,2023030236,8475755,DAL,,534,4,2,0.07374,0.04009,0,0
20232024,2023030236,8475780,COL,,304,2,2,0.06503,0.02724,0,0
20232024,2023030236,8475794,DAL,F,784,10,9,0.4404,0.44972,1,2
20232024,2023030236,8476312,COL,D,1077,13,9,0.556,0.39418,3,1
20232024,2023030236,8476889,DAL,F,634,4,6,0.05299,0.25967,0,1
20232024,2023030236,8476902,DAL,D,1369,17,14,0.68261,0.58183,3,2
20232024,2023030236,8477425,COL,F,762,3,8,0.05088,0.21823,0,1
20232024,2023030236,8477476,COL,F,1287,13,11,0.65442,0.45444,3,2
20232024,2023030236,8477492,COL,F,1471,16,10,0.69807,0.36346,3,1
20232024,2023030236,8477494,COL,F,1241,12,12,0.4439,0.43923,1,2
20232024,2023030236,8478038,COL,D,1416,14,12,0.76874,0.57959,4,4
20232024,2023030236,8478420,COL,F,1301,13,11,0.49409,0.72547,3,4
20232024,2023030236,8478975,DAL,F,875,14,7,0.56711,0.20518,3,0
20232024,2023030236,8479351,DAL,F,772,6,6,0.06951,0.18803,0,1
20232024,2023030236,8479398,COL,D,1294,11,8,0.48773,0.36213,3,1
20232024,2023030236,8479520,COL,F,288,3,2,0.06619,0.02724,0,0
20232024,2023030236,8479525,COL,F,739,3,10,0.05088,0.32761,0,2
20232024,2023030236,8479999,COL,F,1149,13,13,0.52971,0.79785,3,4
20232024,2023030236,8480027,DAL,F,1102,10,11,0.47637,0.47415,2,3
20232024,2023030236,8480036,DAL,D,1438,11,16,0.59161,0.73469,3,4
20232024,2023030236,8480069,COL,D,1491,13,12,0.50583,0.51573,2,3
20232024,2023030236,8480336,COL,D,892,6,13,0.1542,0.49845,0,2
20232024,2023030236,8481581,DAL,D,1274,11,13,0.57154,0.57165,2,3
20232024,2023030236,8481641,COL,F,620,6,9,0.33071,0.21642,2,0
20232024,2023030236,8482702,DAL,F,994,6,10,0.12593,0.49473,0,2
20232024,2023030236,8482740,DAL,F,986,6,11,0.12593,0.53958,0,2
20232024,2023030241,8470621,EDM,F,571,5,9,0.18311,0.17508,1,2
20232024,2023030241,8474013,VAN,D,752,16,3,0.85779,0.06652,6,0
20232024,2023030241,8474574,VAN,D,996,8,9,0.43896,0.41649,3,1
20232024,2023030241,8475169,EDM,F,778,5,15,0.14507,0.90859,1,6
20232024,2023030241,8475218,EDM,D,1224,12,7,0.80672,0.18147,4,0
20232024,2023030241,8475786,EDM,F,1152,10,13,0.63509,0.8386,4,4
20232024,2023030241,8476454,EDM,F,943,4,9,0.075,0.67945,0,4
20232024,2023030241,8476468,VAN,F,1033,11,5,0.64594,0.36683,3,1
20232024,2023030241,8476858,VAN,F,469,4,8,0.29981,0.32548,2,2
20232024,2023030241,8476879,EDM,D,822,7,16,0.12653,0.94849,0,6
20232024,2023030241,8476927,VAN,F,502,4,8,0.31949,0.32548,2,2
20232024,2023030241,8476967,EDM,D,671,7,9,0.27028,0.4631,4,3
20232024,2023030241,8477015,EDM,F,321,4,1,0.13507,0.00152,1,0
20232024,2023030241,8477369,VAN,D,872,5,5,0.14247,0.25167,1,1
20232024,2023030241,8477406,EDM,F,712,7,11,0.48114,0.90385,3,5
20232024,2023030241,8477496,VAN,F,774,10,9,0.64761,0.3453,4,3
20232024,2023030241,8477498,EDM,D,835,7,16,0.12653,0.94849,0,6
20232024,2023030241,8477507,VAN,D,985,16,5,0.66293,0.2018,4,0
20232024,2023030241,8477934,EDM,F,823,5,9,0.16499,0.40005,1,2
20232024,2023030241,8477998,EDM,F,569,5,3,0.22585,0.04363,2,0
20232024,2023030241,8478043,VAN,F,442,3,7,0.2968,0.3045,2,2
20232024,2023030241,8478057,VAN,F,707,10,8,0.44827,0.24859,3,2
20232024,2023030241,8478402,EDM,F,1269,11,13,0.63908,0.95028,4,5
20232024,2023030241,8478444,VAN,F,982,8,7,0.58606,0.51453,3,3
20232024,2023030241,8478585,EDM,F,323,4,4,0.05369,0.31949,0,2
20232024,2023030241,8478856,VAN,F,678,12,9,0.62528,0.26957,3,2
20232024,2023030241,8479425,VAN,D,1041,12,14,0.83008,0.64479,4,6
20232024,2023030241,8479576,EDM,D,850,6,12,0.17357,0.70218,3,5
20232024,2023030241,8480012,VAN,F,830,9,3,0.20917,0.06921,2,1
20232024,2023030241,8480459,VAN,F,977,10,7,0.60988,0.51453,3,3
20232024,2023030241,8480800,VAN,D,1138,11,14,0.71219,0.63237,4,6
20232024,2023030241,8480802,EDM,F,723,7,8,0.26166,0.15239,2,2
20232024,2023030241,8480803,EDM,D,1356,11,8,0.71001,0.40069,3,2
20232024,2023030241,8481535,VAN,F,565,10,2,0.46425,0.01822,3,0
20232024,2023030241,8481624,VAN,F,680,11,2,0.31407,0.01822,3,0
20232024,2023030241,8482077,EDM,F,617,8,7,0.32071,0.0937,2,1
20232024,2023030242,8470621,EDM,F,590,3,5,0.03913,0.16188,0,1
20232024,2023030242,8474013,VAN,D,865,3,11,0.03857,0.52509,0,3
20232024,2023030242,8474574,VAN,D,944,10,18,0.30888,1.32369,1,9
20232024,2023030242,8474641,EDM,F,679,2,10,0.01571,0.80339,0,3
20232024,2023030242,8475169,EDM,F,858,11,7,0.28159,0.24015,0,2
20232024,2023030242,8475218,EDM,D,1185,22,6,1.47035,0.2055,11,2
20232024,2023030242,8475786,EDM,F,1059,20,9,1.46153,0.17944,10,1
20232024,2023030242,8476454,EDM,F,863,6,7,0.23546,0.52528,1,1
20232024,2023030242,8476468,VAN,F,977,6,17,0.39982,0.92344,3,6
20232024,2023030242,8476858,VAN,F,411,4,11,0.076,0.51324,1,4
20232024,2023030242,8476879,EDM,D,713,6,9,0.04828,0.40991,0,3
20232024,2023030242,8476927,VAN,F,745,6,11,0.13704,0.656,1,5
20232024,2023030242,8476967,EDM,D,955,8,7,0.43097,0.50787,1,1
20232024,2023030242,8477369,VAN,D,720,6,16,0.24621,1.00887,2,7
20232024,2023030242,8477406,EDM,F,370,6,1,0.1509,0.18551,1,1
20232024,2023030242,8477496,VAN,F,988,5,8,0.0848,0.15386,0,0
20232024,2023030242,8477498,EDM,D,733,7,9,0.06108,0.45685,0,3
20232024,2023030242,8477507,VAN,D,906,6,10,0.06995,0.4943,0,3
20232024,2023030242,8477934,EDM,F,1193,23,9,1.5721,0.26863,11,2
20232024,2023030242,8477998,EDM,F,764,5,8,0.17113,0.58606,0,2
20232024,2023030242,8478043,VAN,F,422,4,6,0.11104,0.24651,1,1
20232024,2023030242,8478057,VAN,F,711,3,5,0.08216,0.11504,0,0
20232024,2023030242,8478402,EDM,F,1258,23,8,1.59519,0.26692,11,2
20232024,2023030242,8478444,VAN,F,957,9,17,0.42675,1.10941,3,7
20232024,2023030242,8478585,EDM,F,345,5,3,0.15002,0.2509,1,2
20232024,2023030242,8478856,VAN,F,837,6,6,0.10948,0.12358,0,0
20232024,2023030242,8479425,VAN,D,1084,10,10,0.84415,0.30927,5,1
20232024,2023030242,8479576,EDM,D,904,7,8,0.28946,0.58102,1,1
20232024,2023030242,8480012,VAN,F,839,9,11,0.61863,0.94119,2,6
20232024,2023030242,8480459,VAN,F,788,6,11,0.4131,0.48702,3,2
20232024,2023030242,8480800,VAN,D,1339,13,9,0.89826,0.26358,4,1
20232024,2023030242,8480802,EDM,F,492,3,4,0.08882,0.09006,0,1
20232024,2023030242,8480803,EDM,D,1341,24,9,1.62466,0.24487,11,2
20232024,2023030242,8481535,VAN,F,484,8,2,0.58306,0.16529,2,1
20232024,2023030242,8481624,VAN,F,643,6,6,0.56715,0.45262,2,4
20232024,2023030242,8482077,EDM,F,343,4,1,0.12562,0.05081,1,0
20232024,2023030243,8470621,EDM,F,546,7,3,0.35849,0.03185,2,1
20232024,2023030243,8474013,VAN,D,785,5,9,0.14357,0.31679,0,1
20232024,2023030243,8474574,VAN,D,1010,3,13,0.26603,0.60037,2,3
20232024,2023030243,8475169,EDM,F,771,12,8,0.40878,0.70436,2,2
20232024,2023030243,8475218,EDM,D,1303,17,9,0.72555,0.63973,5,5
20232024,2023030243,8475786,EDM,F,1205,15,8,0.90663,0.49568,6,4
20232024,2023030243,8476454,EDM,F,956,10,6,0.44467,0.69283,2,2
20232024,2023030243,8476468,VAN,F,953,8,9,0.27982,0.28032,2,2
20232024,2023030243,8476879,EDM,D,796,11,8,0.34586,0.68914,1,2
20232024,2023030243,8476927,VAN,F,716,5,14,0.15311,0.67153,2,4
20232024,2023030243,8476967,EDM,D,657,12,5,0.51372,0.22977,3,1
20232024,2023030243,8477015,EDM,F,350,6,4,0.17855,0.26331,1,1
20232024,2023030243,8477369,VAN,D,899,3,15,0.32414,0.5458,2,3
20232024,2023030243,8477406,EDM,F,248,4,3,0.16047,0.13867,1,0
20232024,2023030243,8477496,VAN,F,912,4,12,0.35932,0.46209,3,4
20232024,2023030243,8477498,EDM,D,845,12,9,0.36317,0.69099,1,2
20232024,2023030243,8477507,VAN,D,919,7,12,0.22458,0.44813,0,2
20232024,2023030243,8477934,EDM,F,1232,15,9,0.88168,0.62032,6,5
20232024,2023030243,8477998,EDM,F,458,9,3,0.45298,0.42798,2,1
20232024,2023030243,8478043,VAN,F,472,3,7,0.08996,0.31042,1,2
20232024,2023030243,8478057,VAN,F,677,2,7,0.19967,0.10821,1,1
20232024,2023030243,8478402,EDM,F,1282,16,9,0.90905,0.62032,6,5
20232024,2023030243,8478444,VAN,F,959,7,11,0.66342,0.60193,3,3
20232024,2023030243,8478585,EDM,F,364,6,3,0.25067,0.13867,1,0
20232024,2023030243,8478856,VAN,F,617,2,12,0.33214,0.21354,2,1
20232024,2023030243,8479425,VAN,D,951,12,17,1.06803,0.87475,6,6
20232024,2023030243,8479576,EDM,D,530,7,3,0.38817,0.15295,3,1
20232024,2023030243,8480012,VAN,F,774,9,12,0.75182,0.94039,3,5
20232024,2023030243,8480459,VAN,F,732,6,9,0.55679,0.44989,2,2
20232024,2023030243,8480800,VAN,D,1029,12,13,0.94099,0.78728,6,5
20232024,2023030243,8480802,EDM,F,589,8,3,0.38718,0.03185,2,1
20232024,2023030243,8480803,EDM,D,1400,18,8,1.01745,0.56476,6,5
20232024,2023030243,8481024,VAN,,544,6,7,0.36493,0.50906,1,3
20232024,2023030243,8481624,VAN,F,511,6,6,0.36493,0.31227,1,0
20232024,2023030243,8482077,EDM,F,643,10,4,0.21608,0.28517,0,2
20232024,2023030243,8482496,VAN,F,500,5,10,0.3351,0.47638,3,3
20232024,2023030244,8470621,EDM,F,505,4,3,0.13264,0.02621,1,0
20232024,2023030244,8474013,VAN,D,864,7,15,0.18025,0.6081,0,4
20232024,2023030244,8474574,VAN,D,899,4,16,0.16145,0.71856,0,5
20232024,2023030244,8475169,EDM,F,915,14,11,0.95618,0.37679,6,0
20232024,2023030244,8475218,EDM,D,1295,20,11,1.11696,0.66072,5,2
20232024,2023030244,8475786,EDM,F,992,18,10,0.99859,0.51201,4,2
20232024,2023030244,8476454,EDM,F,1111,17,11,0.87129,0.52137,3,2
20232024,2023030244,8476468,VAN,F,933,9,11,0.2831,0.57054,1,4
20232024,2023030244,8476879,EDM,D,991,5,8,0.23326,0.17349,2,1
20232024,2023030244,8476927,VAN,F,607,5,7,0.12828,0.5271,0,2
20232024,2023030244,8476967,EDM,D,920,4,8,0.13476,0.17349,1,1
20232024,2023030244,8477015,EDM,F,478,1,3,0.00612,0.11404,0,1
20232024,2023030244,8477406,EDM,F,632,2,7,0.00791,0.14569,0,1
20232024,2023030244,8477496,VAN,F,982,7,13,0.28248,0.52113,1,1
20232024,2023030244,8477498,EDM,D,764,11,9,0.71332,0.12884,4,0
20232024,2023030244,8477507,VAN,D,1075,13,13,0.29118,0.9894,0,4
20232024,2023030244,8477934,EDM,F,1026,14,16,1.05349,0.48752,7,0
20232024,2023030244,8477998,EDM,F,378,2,1,0.03235,0.0072,0,0
20232024,2023030244,8478043,VAN,F,443,5,4,0.0638,0.20461,0,2
20232024,2023030244,8478057,VAN,F,864,6,14,0.22916,0.91852,1,3
20232024,2023030244,8478402,EDM,F,1166,18,8,1.0671,0.42328,5,2
20232024,2023030244,8478444,VAN,F,1082,12,11,0.47119,0.60389,1,5
20232024,2023030244,8478454,VAN,D,738,8,8,0.20519,0.85619,0,5
20232024,2023030244,8478585,EDM,F,430,1,5,0.00612,0.13374,0,1
20232024,2023030244,8478856,VAN,F,903,6,15,0.22916,0.98374,1,3
20232024,2023030244,8479425,VAN,D,1117,12,13,0.64014,0.59925,3,2
20232024,2023030244,8479576,EDM,D,908,10,11,0.62251,0.21684,3,0
20232024,2023030244,8480012,VAN,F,1120,11,8,0.41412,0.69514,1,5
20232024,2023030244,8480459,VAN,F,781,10,9,0.31851,0.30142,1,3
20232024,2023030244,8480800,VAN,D,1290,16,7,0.62389,0.35558,3,2
20232024,2023030244,8480802,EDM,F,648,4,4,0.13264,0.03455,1,0
20232024,2023030244,8480803,EDM,D,1242,22,13,1.30627,0.74872,7,2
20232024,2023030244,8481024,VAN,,579,6,6,0.28329,0.2713,1,1
20232024,2023030244,8481624,VAN,F,753,8,6,0.32178,0.27851,1,3
20232024,2023030244,8482077,EDM,F,808,13,11,0.92619,0.37075,6,0
20232024,2023030244,8482496,VAN,F,389,5,4,0.12828,0.31472,0,1
20232024,2023030245,8470621,EDM,F,261,8,5,0.36508,0.1178,3,0
20232024,2023030245,8474013,VAN,D,575,3,4,0.11379,0.22725,0,2
20232024,2023030245,8474574,VAN,D,970,12,11,0.97122,0.3985,5,1
20232024,2023030245,8475169,EDM,F,745,11,14,0.64022,0.70478,6,3
20232024,2023030245,8475218,EDM,D,770,2,7,0.0584,0.72314,0,4
20232024,2023030245,8475786,EDM,F,925,6,11,0.19347,1.08662,1,7
20232024,2023030245,8476454,EDM,F,803,3,7,0.06245,0.37658,0,4
20232024,2023030245,8476468,VAN,F,820,8,5,0.43782,0.20291,3,0
20232024,2023030245,8476858,VAN,F,499,9,5,0.6715,0.27534,1,3
20232024,2023030245,8476879,EDM,D,845,12,18,0.55137,0.90719,3,6
20232024,2023030245,8476927,VAN,F,592,5,11,0.16758,0.76246,1,4
20232024,2023030245,8476967,EDM,D,853,13,18,0.56589,0.90719,2,6
20232024,2023030245,8477015,EDM,F,440,5,5,0.30705,0.09344,2,0
20232024,2023030245,8477369,VAN,D,858,9,9,0.46589,0.62607,3,2
20232024,2023030245,8477406,EDM,F,400,5,3,0.37119,0.02111,2,0
20232024,2023030245,8477496,VAN,F,810,13,10,0.79727,0.51887,7,5
20232024,2023030245,8477498,EDM,D,670,12,8,0.88798,0.34863,7,1
20232024,2023030245,8477507,VAN,D,921,11,12,0.97785,0.47662,3,4
20232024,2023030245,8477934,EDM,F,903,9,14,0.50241,1.1755,4,5
20232024,2023030245,8477998,EDM,F,471,12,4,0.52352,0.20412,1,1
20232024,2023030245,8478057,VAN,F,493,3,9,0.11875,0.70266,1,3
20232024,2023030245,8478402,EDM,F,963,5,11,0.24092,1.01682,1,7
20232024,2023030245,8478444,VAN,F,770,7,7,0.34396,0.26822,3,0
20232024,2023030245,8478585,EDM,F,445,5,4,0.55676,0.06678,3,1
20232024,2023030245,8478856,VAN,F,518,5,13,0.19705,0.7959,1,4
20232024,2023030245,8479425,VAN,D,792,10,14,0.46083,0.91727,4,7
20232024,2023030245,8479576,EDM,D,712,15,5,0.95906,0.16673,7,0
20232024,2023030245,8480012,VAN,F,673,12,7,0.74136,0.3646,6,4
20232024,2023030245,8480459,VAN,F,768,8,7,0.75432,0.26822,3,0
20232024,2023030245,8480800,VAN,D,854,19,12,0.90408,0.64007,7,4
20232024,2023030245,8480802,EDM,F,515,16,8,0.72332,0.37364,4,2
20232024,2023030245,8480803,EDM,D,1037,8,8,0.26308,0.84078,1,5
20232024,2023030245,8481535,VAN,F,514,10,8,0.62698,0.38402,6,4
20232024,2023030245,8481617,VAN,F,460,8,6,0.28997,0.22682,0,2
20232024,2023030245,8482077,EDM,F,713,8,10,0.44228,0.6033,3,3
20232024,2023030245,8482496,VAN,F,483,8,5,0.69393,0.15865,1,1
20232024,2023030246,8474013,VAN,D,891,4,14,0.12024,0.69277,1,4
20232024,2023030246,8474574,VAN,D,823,19,11,1.21462,0.74024,5,4
20232024,2023030246,8475169,EDM,F,740,16,9,1.08191,0.22219,4,2
20232024,2023030246,8475218,EDM,D,742,9,6,0.81144,0.17391,5,0
20232024,2023030246,8475786,EDM,F,902,13,14,0.7407,1.05063,3,5
20232024,2023030246,8475842,EDM,F,629,6,9,0.30597,0.58914,2,3
20232024,2023030246,8476454,EDM,F,881,11,14,0.60384,1.09062,3,6
20232024,2023030246,8476468,VAN,F,846,8,12,0.30404,1.01139,1,5
20232024,2023030246,8476858,VAN,F,706,6,10,0.3185,0.30766,2,2
20232024,2023030246,8476879,EDM,D,1143,14,13,0.70587,0.61521,3,4
20232024,2023030246,8476927,VAN,F,846,13,9,0.52956,0.51585,5,2
20232024,2023030246,8476967,EDM,D,1002,9,13,0.4284,0.60268,2,6
20232024,2023030246,8477015,EDM,F,552,4,1,0.28108,0.21654,2,1
20232024,2023030246,8477369,VAN,D,722,12,8,0.93364,0.77395,4,5
20232024,2023030246,8477406,EDM,F,617,3,6,0.27304,0.48399,2,2
20232024,2023030246,8477496,VAN,F,838,9,9,0.82179,0.52023,3,3
20232024,2023030246,8477498,EDM,D,1053,21,13,1.15211,1.12071,4,4
20232024,2023030246,8477507,VAN,D,965,6,17,0.15271,0.99697,1,5
20232024,2023030246,8477934,EDM,F,691,15,7,1.09293,0.15628,4,1
20232024,2023030246,8477998,EDM,F,741,8,6,0.38428,0.17447,2,1
20232024,2023030246,8478057,VAN,F,764,10,9,0.34622,0.52959,2,2
20232024,2023030246,8478402,EDM,F,909,14,14,0.77803,0.71812,3,3
20232024,2023030246,8478444,VAN,F,909,7,11,0.41071,0.74177,4,3
20232024,2023030246,8478585,EDM,F,576,5,4,0.27129,0.14616,2,1
20232024,2023030246,8478856,VAN,F,744,10,10,0.39231,0.672,2,2
20232024,2023030246,8479425,VAN,D,1050,9,15,0.55774,0.86511,4,2
20232024,2023030246,8479576,EDM,D,971,10,10,0.67789,0.94061,3,4
20232024,2023030246,8480012,VAN,F,913,11,10,0.83163,0.81503,3,4
20232024,2023030246,8480459,VAN,F,749,7,9,0.4085,0.71388,3,3
20232024,2023030246,8480800,VAN,D,1329,16,13,0.82699,0.71486,5,2
20232024,2023030246,8480802,EDM,F,810,8,7,0.37689,0.64895,2,3
20232024,2023030246,8480803,EDM,D,978,15,11,1.00819,0.35282,5,2
20232024,2023030246,8481535,VAN,F,670,10,10,0.82975,0.69841,3,4
20232024,2023030246,8481617,VAN,F,514,4,9,0.25795,0.30556,1,2
20232024,2023030246,8482077,EDM,F,701,14,8,0.98589,0.21182,4,2
20232024,2023030246,8482496,VAN,F,541,4,9,0.25795,0.34448,1,1
20232024,2023030247,8474013,VAN,D,766,11,5,0.76258,0.16276,5,0
20232024,2023030247,8474574,VAN,D,890,3,5,0.22876,0.17191,1,1
20232024,2023030247,8475169,EDM,F,822,10,15,0.40107,0.76536,1,5
20232024,2023030247,8475218,EDM,D,1118,10,7,0.40211,0.37871,2,2
20232024,2023030247,8475786,EDM,F,887,9,4,0.40136,0.25881,2,1
20232024,2023030247,8475842,EDM,F,606,5,3,0.1545,0.26469,3,2
20232024,2023030247,8476454,EDM,F,1077,8,7,0.38075,0.38843,1,2
20232024,2023030247,8476468,VAN,F,1404,12,5,1.01654,0.17752,8,0
20232024,2023030247,8476858,VAN,F,540,6,7,0.48027,0.19281,4,1
20232024,2023030247,8476879,EDM,D,1039,12,18,0.32059,1.02704,3,9
20232024,2023030247,8476927,VAN,F,494,4,9,0.09698,0.22795,1,3
20232024,2023030247,8476967,EDM,D,948,10,15,0.27184,0.77666,2,7
20232024,2023030247,8477015,EDM,F,778,5,3,0.15052,0.26469,2,2
20232024,2023030247,8477369,VAN,D,777,6,5,0.53986,0.17191,3,1
20232024,2023030247,8477406,EDM,F,749,5,2,0.1545,0.21239,3,1
20232024,2023030247,8477496,VAN,F,1068,12,6,0.68942,0.17788,3,0
20232024,2023030247,8477498,EDM,D,981,6,10,0.3608,0.85579,1,5
20232024,2023030247,8477507,VAN,D,1214,19,9,1.07421,0.36203,8,0
20232024,2023030247,8477934,EDM,F,867,7,16,0.21255,0.91394,0,6
20232024,2023030247,8477998,EDM,F,685,4,10,0.22944,0.73285,1,6
20232024,2023030247,8478043,VAN,F,399,4,5,0.20822,0.22395,2,2
20232024,2023030247,8478057,VAN,F,996,11,8,0.60346,0.33134,2,1
20232024,2023030247,8478402,EDM,F,1044,8,4,0.38075,0.28822,1,1
20232024,2023030247,8478585,EDM,F,564,2,8,0.07996,0.62943,1,6
20232024,2023030247,8478856,VAN,F,1062,11,8,0.7808,0.39504,4,0
20232024,2023030247,8479425,VAN,D,1237,12,13,0.63261,0.50663,5,5
20232024,2023030247,8479576,EDM,D,1106,3,7,0.2259,0.60541,1,3
20232024,2023030247,8480012,VAN,F,1248,12,4,1.01654,0.15967,8,1
20232024,2023030247,8480459,VAN,F,577,5,7,0.21747,0.46619,2,3
20232024,2023030247,8480800,VAN,D,1473,14,15,0.78557,0.69058,6,5
20232024,2023030247,8480802,EDM,F,608,6,10,0.28511,0.59852,2,5
20232024,2023030247,8480803,EDM,D,1123,11,7,0.48458,0.37871,3,2
20232024,2023030247,8481535,VAN,F,746,6,7,0.25613,0.34909,2,3
20232024,2023030247,8481624,VAN,F,693,8,3,0.49269,0.12485,4,2
20232024,2023030247,8482077,EDM,F,748,9,14,0.26822,0.71615,1,5
20232024,2023030247,8482496,VAN,F,399,4,9,0.17369,0.27244,2,2
20232024,2023030311,8475171,FLA,D,681,8,6,0.28614,0.27244,1,2
20232024,2023030311,8475179,FLA,D,797,11,5,0.37171,0.23343,1,1
20232024,2023030311,8475184,NYR,F,860,3,14,0.07845,0.51817,0,3
20232024,2023030311,8475765,FLA,F,828,10,7,0.2913,0.25636,2,2
20232024,2023030311,8476389,NYR,F,993,17,9,0.66093,0.57251,6,3
20232024,2023030311,8476393,FLA,F,609,5,9,0.20779,0.37084,1,3
20232024,2023030311,8476459,NYR,F,1028,7,16,0.33133,0.59461,1,4
20232024,2023030311,8476624,NYR,F,529,0,11,0.0,0.4145,0,1
20232024,2023030311,8476885,NYR,D,1079,13,14,0.60133,0.37779,5,3
20232024,2023030311,8476918,NYR,F,563,1,10,0.09227,0.401,1,1
20232024,2023030311,8476979,NYR,D,896,15,17,0.83967,0.75039,7,4
20232024,2023030311,8477409,FLA,F,955,15,13,0.93242,0.73676,5,6
20232024,2023030311,8477493,FLA,F,987,13,3,0.48948,0.11949,3,1
20232024,2023030311,8477505,NYR,F,696,9,8,0.61012,0.31287,5,2
20232024,2023030311,8477932,FLA,D,1170,14,12,0.77192,0.61809,6,5
20232024,2023030311,8477933,FLA,F,1029,11,3,0.35965,0.11949,3,1
20232024,2023030311,8477935,FLA,F,604,9,7,0.23905,0.32998,0,2
20232024,2023030311,8477986,FLA,D,1155,13,19,0.53984,0.86247,2,6
20232024,2023030311,8478055,FLA,D,1204,20,10,0.87669,0.54901,6,5
20232024,2023030311,8478458,NYR,F,724,6,10,0.2888,0.34741,1,1
20232024,2023030311,8478542,FLA,F,534,11,7,0.30646,0.32998,1,2
20232024,2023030311,8478550,NYR,F,1246,22,11,0.90697,0.71157,8,4
20232024,2023030311,8478831,FLA,F,598,7,7,0.21248,0.2594,1,2
20232024,2023030311,8478859,FLA,D,972,14,14,0.60474,0.66932,2,5
20232024,2023030311,8479066,FLA,F,471,3,3,0.12651,0.06309,1,0
20232024,2023030311,8479314,FLA,F,886,14,15,0.92736,0.8895,5,7
20232024,2023030311,8479323,NYR,D,1081,9,11,0.43947,0.73405,3,3
20232024,2023030311,8479324,NYR,D,1007,8,11,0.36951,0.6493,2,2
20232024,2023030311,8480078,NYR,,527,4,8,0.31927,0.1898,2,2
20232024,2023030311,8480185,FLA,F,673,11,10,0.36227,0.54617,1,4
20232024,2023030311,8480817,NYR,D,1072,9,14,0.38843,0.42064,3,3
20232024,2023030311,8481554,NYR,F,603,6,10,0.35768,0.40922,2,2
20232024,2023030311,8482073,NYR,D,747,12,13,0.56635,0.46911,4,2
20232024,2023030311,8482109,NYR,F,1008,20,10,0.86363,0.64697,8,4
20232024,2023030311,8482113,FLA,F,843,11,15,0.72179,0.78608,4,6
20232024,2023030311,8482157,NYR,F,465,4,3,0.29769,0.10769,2,1
20232024,2023030312,8475171,FLA,D,768,4,9,0.05558,0.21937,0,1
20232024,2023030312,8475179,FLA,D,740,7,7,0.23719,0.12717,2,1
20232024,2023030312,8475184,NYR,F,893,7,8,0.10586,0.52798,0,3
20232024,2023030312,8475765,FLA,F,808,10,10,0.58338,0.22534,3,1
20232024,2023030312,8476389,NYR,F,857,11,9,0.63856,0.1735,3,0
20232024,2023030312,8476393,FLA,F,449,6,4,0.31377,0.16378,2,1
20232024,2023030312,8476459,NYR,F,831,11,8,0.36283,0.53201,2,3
20232024,2023030312,8476624,NYR,F,652,2,7,0.02055,0.54191,0,4
20232024,2023030312,8476885,NYR,D,1121,14,9,0.39206,0.58641,2,4
20232024,2023030312,8476918,NYR,F,340,1,3,0.00503,0.25225,0,2
20232024,2023030312,8476979,NYR,D,919,8,11,0.46621,0.46573,2,2
20232024,2023030312,8477409,FLA,F,947,8,15,0.30234,0.88219,1,4
20232024,2023030312,8477493,FLA,F,1009,12,13,0.70189,0.48841,4,3
20232024,2023030312,8477505,NYR,F,745,10,8,0.33005,0.37184,2,1
20232024,2023030312,8477932,FLA,D,1224,11,14,0.49467,0.72167,3,4
20232024,2023030312,8477933,FLA,F,938,11,9,0.70077,0.20368,4,1
20232024,2023030312,8477935,FLA,F,862,12,3,0.57466,0.06975,3,1
20232024,2023030312,8477986,FLA,D,1099,17,10,0.94521,0.2969,4,1
20232024,2023030312,8478055,FLA,D,1285,9,17,0.548,0.96131,3,6
20232024,2023030312,8478458,NYR,F,753,10,8,0.31872,0.37184,2,1
20232024,2023030312,8478542,FLA,F,848,9,9,0.39317,0.19626,2,1
20232024,2023030312,8478550,NYR,F,1005,17,11,1.01642,0.3014,6,1
20232024,2023030312,8478831,FLA,F,432,2,4,0.13116,0.16018,1,1
20232024,2023030312,8478859,FLA,D,906,14,11,0.85025,0.37756,4,1
20232024,2023030312,8479066,FLA,F,475,6,3,0.24526,0.14212,2,1
20232024,2023030312,8479314,FLA,F,802,5,12,0.15774,0.78827,0,4
20232024,2023030312,8479323,NYR,D,1048,17,11,0.92758,0.41557,5,2
20232024,2023030312,8479324,NYR,D,1013,10,11,0.47229,0.51331,3,2
20232024,2023030312,8480078,NYR,,828,11,8,0.43208,0.52798,3,3
20232024,2023030312,8480185,FLA,F,694,7,6,0.43447,0.10234,2,1
20232024,2023030312,8480817,NYR,D,1089,16,10,0.40635,0.64022,2,4
20232024,2023030312,8482073,NYR,D,849,3,10,0.03949,0.50966,0,2
20232024,2023030312,8482109,NYR,F,811,12,7,0.60522,0.10841,2,0
20232024,2023030312,8482113,FLA,F,793,5,14,0.15774,0.63365,0,2
20232024,2023030312,8482157,NYR,F,734,7,9,0.18729,0.48382,1,2
20232024,2023030312,8482460,NYR,,587,3,7,0.03336,0.50341,0,4
20232024,2023030313,8475171,FLA,D,609,7,4,0.39239,0.30299,2,2
20232024,2023030313,8475179,FLA,D,560,6,4,0.17869,0.30299,0,2
20232024,2023030313,8475184,NYR,F,755,3,21,0.08619,1.36211,0,7
20232024,2023030313,8475765,FLA,F,514,9,5,0.51928,0.33285,2,1
20232024,2023030313,8476389,NYR,F,904,9,8,0.82515,0.79993,3,4
20232024,2023030313,8476393,FLA,F,393,1,2,0.006,0.03874,0,0
20232024,2023030313,8476459,NYR,F,938,5,27,0.16574,1.48526,1,7
20232024,2023030313,8476624,NYR,F,478,3,2,0.06379,0.02276,0,0
20232024,2023030313,8476885,NYR,D,1023,6,25,0.36616,1.86049,3,8
20232024,2023030313,8476979,NYR,D,674,5,11,0.20546,0.46495,0,2
20232024,2023030313,8477409,FLA,F,954,19,4,1.35065,0.62297,8,2
20232024,2023030313,8477493,FLA,F,824,12,7,1.14225,0.63946,6,2
20232024,2023030313,8477505,NYR,F,715,2,13,0.42548,1.12662,1,6
20232024,2023030313,8477932,FLA,D,997,21,6,1.14977,0.47703,5,2
20232024,2023030313,8477933,FLA,F,861,14,8,1.16745,0.66451,6,2
20232024,2023030313,8477935,FLA,F,807,15,5,0.91126,0.5374,5,3
20232024,2023030313,8477986,FLA,D,1047,15,7,1.23869,0.67569,7,1
20232024,2023030313,8478055,FLA,D,1077,22,6,1.15577,0.47703,5,2
20232024,2023030313,8478458,NYR,F,597,2,6,0.42548,0.40865,1,3
20232024,2023030313,8478542,FLA,F,723,13,5,0.83843,0.4361,4,2
20232024,2023030313,8478550,NYR,F,807,9,10,0.84997,0.35025,3,1
20232024,2023030313,8478831,FLA,F,347,2,3,0.02276,0.06379,0,0
20232024,2023030313,8478859,FLA,D,896,17,7,1.56997,0.67569,9,1
20232024,2023030313,8479066,FLA,F,372,3,3,0.06969,0.06379,0,0
20232024,2023030313,8479314,FLA,F,935,21,1,1.31503,0.16379,7,1
20232024,2023030313,8479323,NYR,D,1016,7,13,0.92596,0.85338,3,5
20232024,2023030313,8479324,NYR,D,957,6,9,0.69964,0.76108,1,5
20232024,2023030313,8480078,NYR,,737,3,19,0.08619,0.99699,0,5
20232024,2023030313,8480185,FLA,F,645,7,6,0.40502,0.58867,1,2
20232024,2023030313,8480817,NYR,D,908,5,22,0.49528,1.31273,3,6
20232024,2023030313,8481554,NYR,F,688,2,9,0.42548,1.05489,1,6
20232024,2023030313,8482073,NYR,D,705,5,9,0.21892,0.44638,0,2
20232024,2023030313,8482109,NYR,F,637,7,10,0.8007,0.38071,3,1
20232024,2023030313,8482113,FLA,F,720,16,2,0.7801,0.21506,3,0
20232024,2023030313,8482157,NYR,F,471,4,3,0.11912,0.21085,1,1
20232024,2023030313,8482460,NYR,,172,2,3,0.09384,0.31517,1,1
20232024,2023030314,8471218,NYR,F,524,6,7,0.1192,0.44728,0,2
20232024,2023030314,8473449,FLA,F,482,7,6,0.5569,0.44391,4,1
20232024,2023030314,8475171,FLA,D,819,13,7,0.71962,0.2284,5,1
20232024,2023030314,8475179,FLA,D,759,12,7,0.83028,0.22871,6,1
20232024,2023030314,8475184,NYR,F,881,5,15,0.31545,0.64362,1,3
20232024,2023030314,8475765,FLA,F,532,9,3,0.71277,0.22348,4,1
20232024,2023030314,8476389,NYR,F,921,10,10,0.81532,0.80639,3,5
20232024,2023030314,8476459,NYR,F,864,4,17,0.31017,0.855,1,4
20232024,2023030314,8476624,NYR,F,630,5,10,0.05434,0.56848,0,3
20232024,2023030314,8476885,NYR,D,1121,11,17,0.56669,0.8732,2,4
20232024,2023030314,8476979,NYR,D,778,9,8,0.55201,0.36042,2,3
20232024,2023030314,8477409,FLA,F,1006,14,7,0.94414,0.32365,5,2
20232024,2023030314,8477493,FLA,F,1024,12,7,0.77137,0.33459,5,2
20232024,2023030314,8477505,NYR,F,910,3,17,0.03398,0.9178,0,6
20232024,2023030314,8477932,FLA,D,982,17,3,0.93343,0.38489,4,1
20232024,2023030314,8477933,FLA,F,1053,12,6,0.68595,0.33235,4,2
20232024,2023030314,8477935,FLA,F,844,17,7,0.67253,0.21407,4,0
20232024,2023030314,8477986,FLA,D,1181,14,12,0.7802,0.56681,5,2
20232024,2023030314,8478055,FLA,D,1110,17,4,0.78221,0.42357,3,1
20232024,2023030314,8478458,NYR,F,613,3,10,0.06969,0.54461,0,4
20232024,2023030314,8478542,FLA,F,843,16,7,0.6395,0.21407,3,0
20232024,2023030314,8478550,NYR,F,750,6,7,0.69881,0.51969,2,3
20232024,2023030314,8478831,FLA,F,429,5,5,0.34687,0.44167,2,1
20232024,2023030314,8478859,FLA,D,1003,13,11,0.77092,0.59524,5,2
20232024,2023030314,8478904,FLA,F,371,5,5,0.49974,0.44167,3,1
20232024,2023030314,8479314,FLA,F,875,15,6,0.47487,0.20879,3,0
20232024,2023030314,8479323,NYR,D,1013,4,16,0.48612,0.9352,1,4
20232024,2023030314,8479324,NYR,D,828,2,12,0.01801,1.03436,0,6
20232024,2023030314,8480185,FLA,F,697,7,4,0.29551,0.2397,2,1
20232024,2023030314,8480817,NYR,D,1152,9,19,0.50326,0.76104,1,5
20232024,2023030314,8481554,NYR,F,770,5,10,0.27974,0.33951,1,1
20232024,2023030314,8482073,NYR,D,970,9,16,0.30153,1.04651,2,7
20232024,2023030314,8482109,NYR,F,750,8,8,0.74518,0.53997,3,3
20232024,2023030314,8482113,FLA,F,689,10,3,0.62484,0.22348,3,1
20232024,2023030314,8482157,NYR,F,855,6,13,0.08532,0.6509,1,5
20232024,2023030314,8482460,NYR,,377,5,3,0.11423,0.19767,0,2
20232024,2023030315,8473449,FLA,F,466,10,7,0.68602,0.41226,4,1
20232024,2023030315,8475171,FLA,D,743,16,8,1.17689,0.10594,5,0
20232024,2023030315,8475179,FLA,D,686,10,7,0.96644,0.14151,4,1
20232024,2023030315,8475184,NYR,F,961,8,11,0.30597,0.77511,2,5
20232024,2023030315,8475765,FLA,F,576,4,10,0.30402,0.28318,2,2
20232024,2023030315,8476389,NYR,F,1032,15,12,0.75094,0.80968,4,5
20232024,2023030315,8476459,NYR,F,1064,9,11,0.28654,0.78237,2,5
20232024,2023030315,8476624,NYR,F,519,4,10,0.0678,0.31936,0,1
20232024,2023030315,8476885,NYR,D,852,8,12,0.277,0.83095,2,4
20232024,2023030315,8476979,NYR,D,1092,11,19,0.65717,1.19233,5,5
20232024,2023030315,8477409,FLA,F,999,6,14,0.61133,0.51957,3,4
20232024,2023030315,8477493,FLA,F,1020,5,13,0.49622,0.50985,3,4
20232024,2023030315,8477505,NYR,F,792,10,16,0.30999,1.55684,2,10
20232024,2023030315,8477932,FLA,D,1222,13,14,0.85931,0.70099,5,3
20232024,2023030315,8477933,FLA,F,1124,8,13,0.72321,0.50985,4,4
20232024,2023030315,8477935,FLA,F,886,22,8,1.14725,0.21034,7,1
20232024,2023030315,8477986,FLA,D,1064,20,17,1.15034,0.57277,9,4
20232024,2023030315,8478055,FLA,D,1176,13,13,0.82532,0.69389,5,3
20232024,2023030315,8478458,NYR,F,670,7,17,0.14063,1.2993,1,10
20232024,2023030315,8478542,FLA,F,768,22,7,1.35829,0.19941,9,1
20232024,2023030315,8478550,NYR,F,1139,21,10,1.06348,0.49841,6,3
20232024,2023030315,8478831,FLA,F,440,9,6,0.55143,0.37856,3,1
20232024,2023030315,8478859,FLA,D,970,16,18,1.16478,0.62601,10,5
20232024,2023030315,8478904,FLA,F,258,3,3,0.20283,0.06502,1,0
20232024,2023030315,8479314,FLA,F,904,23,6,1.35941,0.16517,9,1
20232024,2023030315,8479323,NYR,D,1050,15,17,0.68933,1.04312,3,9
20232024,2023030315,8479324,NYR,D,691,9,15,0.2491,1.39077,2,12
20232024,2023030315,8480078,NYR,,595,8,5,0.15469,0.27375,1,1
20232024,2023030315,8480185,FLA,F,845,12,14,0.89797,0.63006,6,3
20232024,2023030315,8480817,NYR,D,1086,18,13,0.57453,0.8702,2,4
20232024,2023030315,8481554,NYR,F,772,9,23,0.26171,1.68125,2,10
20232024,2023030315,8482073,NYR,D,964,15,12,0.40829,0.81571,2,4
20232024,2023030315,8482109,NYR,F,981,18,11,0.81549,0.94276,4,7
20232024,2023030315,8482113,FLA,F,670,8,12,0.87664,0.35197,6,2
20232024,2023030315,8482157,NYR,F,499,5,6,0.06369,0.27579,0,0
20232024,2023030315,8482460,NYR,,163,0,0,0.0,0.0,0,0
20232024,2023030316,8473449,FLA,F,471,1,11,0.108,0.53349,1,3
20232024,2023030316,8475171,FLA,D,857,12,12,0.84378,0.57845,6,2
20232024,2023030316,8475179,FLA,D,835,8,10,0.58019,0.54431,5,2
20232024,2023030316,8475184,NYR,F,1076,13,12,0.56779,0.42955,2,4
20232024,2023030316,8475765,FLA,F,789,14,9,0.59382,0.32192,4,1
20232024,2023030316,8476389,NYR,F,1405,16,16,0.37259,0.89253,2,6
20232024,2023030316,8476459,NYR,F,1101,13,14,0.56909,0.49472,2,4
20232024,2023030316,8476624,NYR,F,630,6,10,0.24584,0.43815,1,1
20232024,2023030316,8476885,NYR,D,1164,20,14,0.56664,0.60122,2,3
20232024,2023030316,8476979,NYR,D,1134,18,14,0.52596,0.53257,2,2
20232024,2023030316,8477380,NYR,F,445,7,2,0.40067,0.27389,2,2
20232024,2023030316,8477409,FLA,F,1210,13,18,0.50436,0.49,3,2
20232024,2023030316,8477493,FLA,F,1213,12,17,0.45465,0.43865,3,2
20232024,2023030316,8477505,NYR,F,908,13,12,0.56779,0.42955,2,4
20232024,2023030316,8477932,FLA,D,1385,18,20,0.75816,0.78905,3,3
20232024,2023030316,8477933,FLA,F,1258,11,17,0.45277,0.43865,3,2
20232024,2023030316,8477935,FLA,F,844,13,8,0.88976,0.37699,4,1
20232024,2023030316,8477986,FLA,D,1196,13,14,0.7031,0.31951,5,2
20232024,2023030316,8478055,FLA,D,1397,17,21,0.6085,0.81851,3,3
20232024,2023030316,8478458,NYR,F,499,9,3,0.42307,0.1753,2,0
20232024,2023030316,8478542,FLA,F,852,15,7,0.98906,0.35881,5,1
20232024,2023030316,8478550,NYR,F,1328,16,15,0.41617,0.8976,2,6
20232024,2023030316,8478831,FLA,F,426,1,10,0.00118,0.51531,0,3
20232024,2023030316,8478859,FLA,D,1132,11,11,0.64027,0.25591,4,2
20232024,2023030316,8478904,FLA,F,376,0,9,0.0,0.41272,0,2
20232024,2023030316,8479314,FLA,F,849,14,8,0.9468,0.37699,5,1
20232024,2023030316,8479323,NYR,D,1392,16,13,0.71721,0.5676,3,3
20232024,2023030316,8479324,NYR,D,1016,13,10,0.65904,0.42927,3,2
20232024,2023030316,8480078,NYR,,663,8,10,0.31052,0.7053,1,3
20232024,2023030316,8480185,FLA,F,947,12,9,0.59029,0.37316,5,2
20232024,2023030316,8480817,NYR,D,1059,12,16,0.45682,1.13071,2,9
20232024,2023030316,8481554,NYR,F,694,8,11,0.30824,0.60242,1,3
20232024,2023030316,8482073,NYR,D,902,9,13,0.38007,0.92373,2,7
20232024,2023030316,8482109,NYR,F,1194,14,11,0.35377,0.56029,2,4
20232024,2023030316,8482113,FLA,F,957,15,9,0.79806,0.32192,6,1
20232024,2023030316,8482157,NYR,F,531,9,3,0.42307,0.32725,2,2
20232024,2023030321,8470600,DAL,D,873,9,16,0.33096,0.74761,2,5
20232024,2023030321,8470794,DAL,F,944,8,7,0.11224,0.6221,0,1
20232024,2023030321,8473994,DAL,F,923,16,11,1.12398,0.88991,6,4
20232024,2023030321,8474149,DAL,F,760,14,11,1.18017,0.71571,7,3
20232024,2023030321,8475168,DAL,F,908,8,9,0.11224,0.7522,0,2
20232024,2023030321,8475169,EDM,F,948,14,8,0.65188,0.27786,3,0
20232024,2023030321,8475218,EDM,D,1115,11,11,0.5973,0.74902,2,3
20232024,2023030321,8475225,DAL,F,519,1,6,0.02547,0.32038,0,2
20232024,2023030321,8475690,DAL,D,1024,15,10,1.06256,1.00743,5,3
20232024,2023030321,8475755,DAL,,573,4,11,0.18911,0.45143,2,3
20232024,2023030321,8475786,EDM,F,912,12,12,1.11115,0.77949,4,4
20232024,2023030321,8475794,DAL,F,735,12,11,1.15327,0.7229,7,3
20232024,2023030321,8475842,EDM,F,501,5,3,0.24815,0.02974,1,0
20232024,2023030321,8476454,EDM,F,902,9,10,0.42015,0.74246,1,4
20232024,2023030321,8476879,EDM,D,1057,13,12,0.55004,0.52268,3,3
20232024,2023030321,8476889,DAL,F,518,0,4,0.0,0.20319,0,1
20232024,2023030321,8476902,DAL,D,1185,19,9,1.05698,1.00578,5,3
20232024,2023030321,8476967,EDM,D,823,16,9,1.01455,0.71417,5,5
20232024,2023030321,8477015,EDM,F,585,5,4,0.24815,0.18035,1,1
20232024,2023030321,8477406,EDM,F,515,6,3,0.48019,0.14879,3,1
20232024,2023030321,8477498,EDM,D,1020,9,11,0.64656,0.5468,3,3
20232024,2023030321,8477934,EDM,F,923,14,8,0.96708,0.39815,3,1
20232024,2023030321,8477998,EDM,F,646,8,7,0.4788,0.44148,4,4
20232024,2023030321,8478402,EDM,F,918,12,11,1.11115,0.74382,4,4
20232024,2023030321,8478585,EDM,F,503,8,7,0.40126,0.40841,3,4
20232024,2023030321,8478975,DAL,F,831,9,9,0.1136,0.75939,0,2
20232024,2023030321,8479351,DAL,F,487,2,4,0.03465,0.20601,0,1
20232024,2023030321,8479576,EDM,D,858,11,6,0.62366,0.34149,5,3
20232024,2023030321,8480027,DAL,F,856,4,14,0.37561,0.52684,3,4
20232024,2023030321,8480036,DAL,D,1194,3,16,0.07665,0.88156,0,5
20232024,2023030321,8480802,EDM,F,668,7,8,0.37622,0.44408,3,4
20232024,2023030321,8480803,EDM,D,1118,16,9,1.32655,0.35222,4,1
20232024,2023030321,8481581,DAL,D,1019,8,14,0.51012,0.66485,4,3
20232024,2023030321,8482077,EDM,F,847,14,6,0.64381,0.24494,3,0
20232024,2023030321,8482702,DAL,F,744,6,14,0.29531,0.72114,2,5
20232024,2023030321,8482740,DAL,F,898,7,14,0.31303,0.69822,2,5
20232024,2023030322,8470600,DAL,D,959,9,14,0.38427,1.11551,3,7
20232024,2023030322,8470794,DAL,F,773,5,9,0.3061,0.48443,1,5
20232024,2023030322,8473994,DAL,F,852,11,17,0.57443,0.97729,3,6
20232024,2023030322,8474149,DAL,F,799,11,9,0.76411,0.91235,5,4
20232024,2023030322,8475168,DAL,F,873,6,9,0.34168,0.48443,1,5
20232024,2023030322,8475169,EDM,F,1053,17,14,0.94525,0.94285,7,6
20232024,2023030322,8475218,EDM,D,1366,17,11,0.99241,0.87737,6,4
20232024,2023030322,8475225,DAL,F,667,4,6,0.45667,0.38075,3,2
20232024,2023030322,8475690,DAL,D,1202,12,10,0.92955,0.48024,5,2
20232024,2023030322,8475755,DAL,,521,10,6,0.73353,0.64127,5,3
20232024,2023030322,8475786,EDM,F,1286,15,11,0.91119,0.58344,6,2
20232024,2023030322,8475794,DAL,F,966,8,12,0.71857,1.22801,4,5
20232024,2023030322,8475842,EDM,F,557,8,8,0.71038,0.59819,3,4
20232024,2023030322,8476454,EDM,F,1053,6,9,0.34529,0.40174,4,1
20232024,2023030322,8476879,EDM,D,978,10,12,0.78567,0.69472,3,4
20232024,2023030322,8476902,DAL,D,1555,13,17,1.0548,0.86976,5,4
20232024,2023030322,8476967,EDM,D,891,7,11,0.17263,0.471,0,3
20232024,2023030322,8477015,EDM,F,594,7,8,0.7094,0.69826,3,5
20232024,2023030322,8477406,EDM,F,551,10,5,0.85762,0.51281,4,3
20232024,2023030322,8477498,EDM,D,988,16,13,1.38952,0.93499,10,6
20232024,2023030322,8477934,EDM,F,1282,15,13,1.00547,0.87448,6,5
20232024,2023030322,8477998,EDM,F,620,8,6,0.28774,0.42032,2,3
20232024,2023030322,8478402,EDM,F,1339,15,9,0.97235,0.53917,6,2
20232024,2023030322,8478585,EDM,F,500,2,7,0.05858,0.37049,0,2
20232024,2023030322,8478975,DAL,F,812,7,11,0.31556,0.57453,2,6
20232024,2023030322,8479351,DAL,F,699,10,4,0.81764,0.07543,5,0
20232024,2023030322,8479576,EDM,D,871,11,11,0.5702,0.70051,4,5
20232024,2023030322,8480027,DAL,F,931,8,6,0.64342,0.24688,3,0
20232024,2023030322,8480036,DAL,D,1493,13,23,0.7754,1.34594,4,10
20232024,2023030322,8480802,EDM,F,634,9,6,0.30227,0.27716,2,2
20232024,2023030322,8480803,EDM,D,1526,21,12,1.22669,0.88813,9,4
20232024,2023030322,8480848,DAL,F,606,8,5,0.50156,0.50198,4,2
20232024,2023030322,8481581,DAL,D,1029,14,12,0.89764,0.6844,5,6
20232024,2023030322,8482077,EDM,F,864,11,9,0.60014,0.63117,5,4
20232024,2023030322,8482702,DAL,F,919,13,16,0.48032,0.78069,3,6
20232024,2023030322,8482740,DAL,F,1131,13,19,0.72155,1.05891,4,7
20232024,2023030323,8470600,DAL,D,854,12,12,1.11269,0.58499,4,4
20232024,2023030323,8470794,DAL,F,781,11,2,1.19493,0.18913,4,1
20232024,2023030323,8473994,DAL,F,667,7,9,0.54482,0.44373,1,4
20232024,2023030323,8474149,DAL,F,589,4,7,0.35572,0.2434,3,1
20232024,2023030323,8474641,EDM,F,677,6,14,0.2752,0.99179,2,3
20232024,2023030323,8475168,DAL,F,762,12,5,1.22519,0.25648,4,1
20232024,2023030323,8475169,EDM,F,906,12,10,0.29209,0.97646,1,3
20232024,2023030323,8475218,EDM,D,1076,14,11,0.77477,1.05941,6,8
20232024,2023030323,8475225,DAL,F,525,2,7,0.16849,0.2434,1,1
20232024,2023030323,8475690,DAL,D,961,12,8,0.64111,0.4443,5,3
20232024,2023030323,8475755,DAL,,693,10,10,0.8868,0.34651,3,4
20232024,2023030323,8475786,EDM,F,987,13,8,0.78828,0.75018,6,6
20232024,2023030323,8475794,DAL,F,887,9,14,0.52374,0.60924,5,4
20232024,2023030323,8475842,EDM,F,512,5,4,0.25696,0.18626,2,0
20232024,2023030323,8476454,EDM,F,911,10,7,0.56398,0.57007,3,5
20232024,2023030323,8476879,EDM,D,1115,10,12,0.46079,0.96667,2,2
20232024,2023030323,8476902,DAL,D,1321,8,11,0.79601,0.54258,3,3
20232024,2023030323,8476967,EDM,D,856,9,4,0.45946,0.13543,3,0
20232024,2023030323,8477015,EDM,F,650,4,13,0.24783,0.96153,2,3
20232024,2023030323,8477406,EDM,F,533,5,4,0.25696,0.18626,2,0
20232024,2023030323,8477498,EDM,D,1035,9,16,0.26435,1.34827,1,4
20232024,2023030323,8477934,EDM,F,1056,9,6,0.28238,0.79499,3,4
20232024,2023030323,8477998,EDM,F,614,7,9,0.32636,0.46405,2,2
20232024,2023030323,8478402,EDM,F,1037,12,9,0.74444,0.9466,5,7
20232024,2023030323,8478449,DAL,F,827,9,7,0.52374,0.45142,5,4
20232024,2023030323,8478585,EDM,F,440,3,4,0.14283,0.18626,1,0
20232024,2023030323,8478975,DAL,F,818,11,4,1.11883,0.24158,3,1
20232024,2023030323,8479351,DAL,F,690,3,7,0.17494,0.2519,1,1
20232024,2023030323,8479576,EDM,D,839,6,8,0.13671,0.51703,0,2
20232024,2023030323,8480027,DAL,F,974,9,11,0.52374,0.53071,5,4
20232024,2023030323,8480036,DAL,D,1349,8,13,1.02521,0.67039,5,3
20232024,2023030323,8480803,EDM,D,1158,17,11,0.94521,1.05941,8,8
20232024,2023030323,8481581,DAL,D,983,12,11,0.6244,0.40831,4,3
20232024,2023030323,8482077,EDM,F,883,9,5,0.2089,0.61488,1,3
20232024,2023030323,8482702,DAL,F,703,8,9,0.62569,0.44373,2,4
20232024,2023030323,8482740,DAL,F,893,8,13,0.6495,0.5257,2,4
20232024,2023030324,8470600,DAL,D,1129,8,11,0.42619,1.2388,2,3
20232024,2023030324,8470621,EDM,F,759,9,4,0.89699,0.23,3,0
20232024,2023030324,8470794,DAL,F,951,2,12,0.09033,1.45378,0,6
20232024,2023030324,8473994,DAL,F,832,6,8,0.47491,0.29074,2,2
20232024,2023030324,8474149,DAL,F,793,10,9,0.51965,0.30182,3,1
20232024,2023030324,8474641,EDM,F,827,6,5,0.20962,0.24001,3,2
20232024,2023030324,8475168,DAL,F,982,3,12,0.15182,1.03535,1,5
20232024,2023030324,8475169,EDM,F,790,6,4,0.23645,0.37119,3,1
20232024,2023030324,8475218,EDM,D,1343,19,13,1.34845,0.93104,5,5
20232024,2023030324,8475690,DAL,D,437,3,7,0.13643,0.93905,1,4
20232024,2023030324,8475755,DAL,,899,7,9,0.66439,0.2748,3,1
20232024,2023030324,8475786,EDM,F,1054,18,12,1.40005,0.82406,5,6
20232024,2023030324,8475794,DAL,F,718,8,6,0.66461,0.30154,4,1
20232024,2023030324,8476454,EDM,F,947,14,9,1.01042,0.6233,3,5
20232024,2023030324,8476879,EDM,D,949,10,7,0.57505,0.52122,5,2
20232024,2023030324,8476889,DAL,F,621,5,5,0.13275,0.14383,1,0
20232024,2023030324,8476902,DAL,D,1317,17,18,1.27969,0.89559,7,3
20232024,2023030324,8476967,EDM,D,1123,10,6,1.00481,0.29724,4,2
20232024,2023030324,8477015,EDM,F,558,2,6,0.00239,0.3937,0,2
20232024,2023030324,8477406,EDM,F,584,4,7,0.01869,0.43926,0,3
20232024,2023030324,8477498,EDM,D,1043,9,8,0.80629,0.45781,2,4
20232024,2023030324,8477934,EDM,F,1086,13,6,1.33444,0.31868,5,1
20232024,2023030324,8478402,EDM,F,1087,17,15,1.31136,1.10635,4,7
20232024,2023030324,8478449,DAL,F,855,8,6,0.77819,0.35809,5,2
20232024,2023030324,8478585,EDM,F,431,3,5,0.11791,0.33221,1,1
20232024,2023030324,8478975,DAL,F,884,3,12,0.15182,1.27818,1,5
20232024,2023030324,8479351,DAL,F,632,5,5,0.13275,0.12411,1,0
20232024,2023030324,8480027,DAL,F,971,9,9,0.77962,0.70361,5,3
20232024,2023030324,8480036,DAL,D,1542,12,19,0.98908,1.38659,6,6
20232024,2023030324,8480802,EDM,F,888,9,4,0.94153,0.34358,3,1
20232024,2023030324,8480803,EDM,D,1316,18,12,1.26537,0.76519,4,5
20232024,2023030324,8481581,DAL,D,1185,7,8,0.23324,0.44559,1,5
20232024,2023030324,8481598,EDM,,861,6,8,0.18045,0.75652,2,2
20232024,2023030324,8482077,EDM,F,877,7,4,0.29078,0.37119,3,1
20232024,2023030324,8482702,DAL,F,865,11,11,0.91533,0.70692,4,4
20232024,2023030324,8482740,DAL,F,1056,11,13,0.80175,1.07266,3,4
20232024,2023030325,8470600,DAL,D,713,8,7,0.19353,0.25552,1,1
20232024,2023030325,8470621,EDM,F,647,6,6,0.45133,0.29421,1,2
20232024,2023030325,8470794,DAL,F,694,7,7,0.46123,0.31891,3,0
20232024,2023030325,8473994,DAL,F,894,6,10,0.51514,0.3209,3,2
20232024,2023030325,8474149,DAL,F,589,4,9,0.12747,0.30936,1,3
20232024,2023030325,8474641,EDM,F,685,6,12,0.14366,0.98742,0,5
20232024,2023030325,8475168,DAL,F,975,10,11,0.4672,0.53956,4,2
20232024,2023030325,8475169,EDM,F,652,9,10,0.24095,0.76145,1,4
20232024,2023030325,8475218,EDM,D,1101,14,7,0.60505,0.37117,4,4
20232024,2023030325,8475690,DAL,D,1011,7,15,0.53033,0.61205,3,4
20232024,2023030325,8475755,DAL,,591,6,6,0.16515,0.12509,1,0
20232024,2023030325,8475786,EDM,F,1114,19,5,0.89549,0.29066,7,3
20232024,2023030325,8475794,DAL,F,965,12,8,0.57968,0.52898,3,2
20232024,2023030325,8475842,EDM,F,377,3,3,0.01871,0.06779,0,0
20232024,2023030325,8476454,EDM,F,958,15,5,0.6859,0.34168,5,4
20232024,2023030325,8476879,EDM,D,1003,6,8,0.17012,0.30831,0,2
20232024,2023030325,8476902,DAL,D,1256,9,15,0.69705,0.59799,6,4
20232024,2023030325,8476967,EDM,D,1096,14,12,0.43972,0.78827,2,3
20232024,2023030325,8477015,EDM,F,604,4,5,0.02978,0.13343,0,0
20232024,2023030325,8477406,EDM,F,673,5,5,0.12921,0.10626,1,0
20232024,2023030325,8477498,EDM,D,1192,16,14,0.7893,0.94338,3,4
20232024,2023030325,8477934,EDM,F,1154,8,9,0.4731,0.50934,1,3
20232024,2023030325,8478402,EDM,F,1128,19,4,0.89004,0.26951,7,3
20232024,2023030325,8478449,DAL,F,960,10,7,0.63198,0.2979,3,2
20232024,2023030325,8478975,DAL,F,856,7,8,0.30586,0.37554,3,1
20232024,2023030325,8479351,DAL,F,537,5,7,0.30126,0.29971,1,2
20232024,2023030325,8480027,DAL,F,1177,10,13,0.55019,0.67897,3,3
20232024,2023030325,8480036,DAL,D,1470,15,15,0.96561,0.75587,6,3
20232024,2023030325,8480802,EDM,F,851,7,8,0.46945,0.43717,1,2
20232024,2023030325,8480803,EDM,D,1247,17,8,0.91731,0.57715,6,5
20232024,2023030325,8480848,DAL,F,254,2,4,0.0578,0.14485,0,2
20232024,2023030325,8481581,DAL,D,1119,10,14,0.77464,0.7045,3,4
20232024,2023030325,8481598,EDM,,668,5,7,0.12952,0.35918,1,2
20232024,2023030325,8482077,EDM,F,624,7,12,0.14891,0.82227,0,4
20232024,2023030325,8482702,DAL,F,856,6,13,0.52778,0.42388,3,3
20232024,2023030325,8482740,DAL,F,1000,6,11,0.51675,0.33797,3,2
20232024,2023030326,8470600,DAL,D,321,4,2,0.22297,0.24814,1,2
20232024,2023030326,8470621,EDM,F,645,4,7,0.31746,0.57468,2,2
20232024,2023030326,8470794,DAL,F,803,13,3,0.71052,0.23703,5,1
20232024,2023030326,8473994,DAL,F,711,6,2,0.58786,0.14371,3,1
20232024,2023030326,8474149,DAL,F,572,11,3,0.41958,0.15524,3,1
20232024,2023030326,8474641,EDM,F,657,3,7,0.25881,0.72549,2,2
20232024,2023030326,8475168,DAL,F,774,8,4,0.88544,0.28805,3,2
20232024,2023030326,8475169,EDM,F,218,1,0,0.01067,0.0,0,0
20232024,2023030326,8475218,EDM,D,1064,2,17,0.14457,0.9932,1,7
20232024,2023030326,8475690,DAL,D,1155,18,4,1.2081,0.20416,6,1
20232024,2023030326,8475755,DAL,,323,1,2,0.03856,0.24814,0,2
20232024,2023030326,8475786,EDM,F,1159,4,23,0.21562,1.14679,1,6
20232024,2023030326,8475794,DAL,F,881,10,6,0.94955,0.32265,2,2
20232024,2023030326,8476454,EDM,F,1032,3,12,0.10319,0.61654,0,4
20232024,2023030326,8476879,EDM,D,993,4,12,0.27351,1.05756,2,5
20232024,2023030326,8476902,DAL,D,1363,20,6,1.191,0.27673,6,1
20232024,2023030326,8476967,EDM,D,975,4,17,0.31746,1.05355,2,4
20232024,2023030326,8477015,EDM,F,591,0,8,0.0,0.88326,0,4
20232024,2023030326,8477406,EDM,F,612,1,12,0.11243,0.83173,1,5
20232024,2023030326,8477498,EDM,D,988,4,15,0.31746,1.26717,2,5
20232024,2023030326,8477934,EDM,F,1189,5,13,0.18686,0.82036,1,4
20232024,2023030326,8478402,EDM,F,1378,8,22,0.64886,1.06761,4,6
20232024,2023030326,8478449,DAL,F,816,13,4,0.65909,0.25693,4,1
20232024,2023030326,8478585,EDM,F,318,0,5,0.0,0.3439,0,2
20232024,2023030326,8478975,DAL,F,865,11,8,1.13645,0.47689,5,3
20232024,2023030326,8479351,DAL,F,518,7,1,0.28191,0.11243,2,1
20232024,2023030326,8480027,DAL,F,984,16,2,0.80869,0.17375,4,1
20232024,2023030326,8480036,DAL,D,1545,19,8,1.30273,0.39409,7,2
20232024,2023030326,8480802,EDM,F,718,5,11,0.33216,0.8604,2,4
20232024,2023030326,8480803,EDM,D,1211,6,19,0.25022,1.1206,1,6
20232024,2023030326,8481581,DAL,D,1120,22,4,1.77774,0.28172,8,2
20232024,2023030326,8481598,EDM,,656,6,4,0.34976,0.24902,2,1
20232024,2023030326,8482077,EDM,F,549,5,6,0.29341,0.74089,2,3
20232024,2023030326,8482145,DAL,,428,5,1,0.11091,0.01067,1,0
20232024,2023030326,8482702,DAL,F,805,13,2,1.02875,0.14371,5,1
20232024,2023030326,8482740,DAL,F,1024,13,3,1.0329,0.15841,5,1
20232024,2023030411,8470621,EDM,F,461,5,6,0.14059,0.34499,2,2
20232024,2023030411,8473449,FLA,F,456,5,6,0.25475,0.61449,2,5
20232024,2023030411,8474641,EDM,F,695,6,3,0.45744,0.13955,4,1
20232024,2023030411,8475169,EDM,F,817,10,6,0.57422,0.30004,6,1
20232024,2023030411,8475171,FLA,D,697,3,8,0.28156,0.49407,1,4
20232024,2023030411,8475179,FLA,D,700,3,9,0.33261,0.5165,1,5
20232024,2023030411,8475218,EDM,D,1117,20,7,1.17762,0.61151,5,3
20232024,2023030411,8475765,FLA,F,623,5,4,0.36644,0.12317,2,3
20232024,2023030411,8475786,EDM,F,1082,19,11,1.42248,0.97154,6,6
20232024,2023030411,8476454,EDM,F,845,7,6,0.50579,0.44488,3,3
20232024,2023030411,8476879,EDM,D,940,7,5,0.62617,0.34839,5,3
20232024,2023030411,8476967,EDM,D,902,6,11,0.22667,0.63206,3,3
20232024,2023030411,8477015,EDM,F,567,3,3,0.21573,0.13955,2,1
20232024,2023030411,8477406,EDM,F,574,4,3,0.2232,0.13955,2,1
20232024,2023030411,8477409,FLA,F,1102,10,19,0.6822,1.58263,3,6
20232024,2023030411,8477493,FLA,F,1075,8,20,0.70044,1.58378,4,6
20232024,2023030411,8477498,EDM,D,806,9,5,0.89559,0.34839,7,3
20232024,2023030411,8477932,FLA,D,1245,13,18,0.90959,1.31453,5,5
20232024,2023030411,8477933,FLA,F,1168,10,18,0.79235,1.11339,4,5
20232024,2023030411,8477934,EDM,F,1034,19,8,1.37405,0.62836,6,3
20232024,2023030411,8477935,FLA,F,742,5,8,0.29149,0.34477,1,3
20232024,2023030411,8477986,FLA,D,1018,8,12,0.34904,0.85761,3,8
20232024,2023030411,8477998,EDM,F,605,8,4,0.85998,0.13842,7,1
20232024,2023030411,8478055,FLA,D,1246,14,16,1.0486,1.25457,6,5
20232024,2023030411,8478402,EDM,F,1170,20,12,1.44034,1.07355,6,7
20232024,2023030411,8478542,FLA,F,717,4,10,0.2147,0.81516,1,4
20232024,2023030411,8478831,FLA,F,446,4,6,0.15274,0.61449,1,5
20232024,2023030411,8478859,FLA,D,1016,7,13,0.33508,0.89514,2,7
20232024,2023030411,8478904,FLA,F,322,3,6,0.1335,0.61449,1,5
20232024,2023030411,8479314,FLA,F,757,4,7,0.2147,0.26164,1,2
20232024,2023030411,8480185,FLA,F,910,7,5,0.59784,0.12432,4,3
20232024,2023030411,8480802,EDM,F,562,5,5,0.31107,0.2397,4,1
20232024,2023030411,8480803,EDM,D,1280,23,9,1.54395,0.71787,7,3
20232024,2023030411,8481598,EDM,,934,11,11,0.86242,0.59826,7,3
20232024,2023030411,8482077,EDM,F,704,8,5,0.47374,0.32459,3,0
20232024,2023030411,8482113,FLA,F,795,7,5,0.48357,0.2063,3,4
20232024,2023030412,8473449,FLA,F,454,1,4,0.09824,0.05492,0,0
20232024,2023030412,8474641,EDM,F,697,6,10,0.22836,0.45551,1,4
20232024,2023030412,8475169,EDM,F,463,2,9,0.01406,0.33541,0,2
20232024,2023030412,8475171,FLA,D,667,7,4,0.29798,0.06486,1,0
20232024,2023030412,8475179,FLA,D,600,2,6,0.18859,0.10337,1,0
20232024,2023030412,8475218,EDM,D,1008,6,11,0.15128,0.49442,0,2
20232024,2023030412,8475765,FLA,F,441,6,5,0.26256,0.04981,1,0
20232024,2023030412,8475786,EDM,F,798,7,9,0.17763,0.3248,0,1
20232024,2023030412,8475842,EDM,F,416,2,3,0.00997,0.07627,0,0
20232024,2023030412,8476454,EDM,F,746,7,4,0.15853,0.18776,0,1
20232024,2023030412,8476967,EDM,D,756,10,10,0.20131,0.42375,1,3
20232024,2023030412,8477015,EDM,F,533,3,6,0.01363,0.23617,0,0
20232024,2023030412,8477406,EDM,F,532,4,4,0.02464,0.086,0,0
20232024,2023030412,8477409,FLA,F,671,9,4,0.32632,0.0979,1,0
20232024,2023030412,8477493,FLA,F,732,9,3,0.43676,0.14627,2,0
20232024,2023030412,8477498,EDM,D,260,1,3,0.01707,0.04031,0,0
20232024,2023030412,8477932,FLA,D,643,9,6,0.35191,0.20237,2,0
20232024,2023030412,8477933,FLA,F,728,8,3,0.18985,0.14627,1,0
20232024,2023030412,8477934,EDM,F,675,7,5,0.25294,0.29245,1,2
20232024,2023030412,8477935,FLA,F,695,10,6,0.42703,0.19341,3,1
20232024,2023030412,8477986,FLA,D,972,13,7,0.41798,0.17611,2,1
20232024,2023030412,8477998,EDM,F,114,0,2,0.0,0.01489,0,0
20232024,2023030412,8478055,FLA,D,732,9,6,0.35191,0.20237,2,0
20232024,2023030412,8478402,EDM,F,882,10,8,0.30421,0.30877,0,1
20232024,2023030412,8478542,FLA,F,618,8,5,0.48364,0.20447,3,1
20232024,2023030412,8478831,FLA,F,464,0,5,0.0,0.06055,0,0
20232024,2023030412,8478859,FLA,D,827,8,9,0.30859,0.21462,2,1
20232024,2023030412,8478904,FLA,F,405,1,4,0.03463,0.05492,1,0
20232024,2023030412,8479314,FLA,F,743,10,6,0.42703,0.25109,3,1
20232024,2023030412,8479576,EDM,D,708,5,6,0.0623,0.14644,0,0
20232024,2023030412,8480185,FLA,F,518,5,7,0.09469,0.10432,0,0
20232024,2023030412,8480802,EDM,F,398,1,8,0.00843,0.31938,0,2
20232024,2023030412,8480803,EDM,D,1104,8,10,0.26502,0.47992,0,2
20232024,2023030412,8481598,EDM,,678,8,8,0.23982,0.33212,1,3
20232024,2023030412,8482077,EDM,F,693,8,4,0.28005,0.23803,1,2
20232024,2023030412,8482113,FLA,F,528,5,5,0.09469,0.08162,0,0
20232024,2023030413,8470621,EDM,F,611,4,12,0.11628,0.60548,0,4
20232024,2023030413,8473449,FLA,F,386,6,3,0.11411,0.03048,0,0
20232024,2023030413,8474641,EDM,F,772,10,7,0.79007,0.45551,3,2
20232024,2023030413,8475171,FLA,D,640,10,4,0.97547,0.27673,5,2
20232024,2023030413,8475179,FLA,D,624,9,8,0.75978,0.59094,4,5
20232024,2023030413,8475218,EDM,D,1157,16,7,0.9422,0.39164,5,3
20232024,2023030413,8475765,FLA,F,632,6,9,0.57981,0.70849,3,4
20232024,2023030413,8475786,EDM,F,1064,14,8,0.96742,0.4298,6,3
20232024,2023030413,8476454,EDM,F,1015,13,5,0.77419,0.22195,4,2
20232024,2023030413,8476879,EDM,D,869,7,5,0.33352,0.28369,2,1
20232024,2023030413,8476967,EDM,D,841,7,5,0.32589,0.28369,2,1
20232024,2023030413,8477015,EDM,F,776,9,6,0.67779,0.42502,2,2
20232024,2023030413,8477406,EDM,F,753,7,6,0.39413,0.42502,1,2
20232024,2023030413,8477409,FLA,F,903,7,18,0.55393,0.91132,4,5
20232024,2023030413,8477493,FLA,F,1052,9,10,0.4215,0.44834,3,2
20232024,2023030413,8477498,EDM,D,948,14,19,0.78891,1.22639,4,7
20232024,2023030413,8477932,FLA,D,1222,12,17,0.55348,1.26087,4,7
20232024,2023030413,8477933,FLA,F,1029,8,9,0.38909,0.43039,3,2
20232024,2023030413,8477934,EDM,F,1060,14,16,1.04108,0.9696,5,6
20232024,2023030413,8477935,FLA,F,851,9,15,0.77953,0.88428,5,5
20232024,2023030413,8477986,FLA,D,1127,8,16,0.32586,0.96184,2,3
20232024,2023030413,8477998,EDM,F,673,8,8,0.42023,0.64835,3,3
20232024,2023030413,8478055,FLA,D,1338,13,17,0.57667,1.03045,4,5
20232024,2023030413,8478402,EDM,F,1118,17,8,1.11563,0.57786,6,4
20232024,2023030413,8478542,FLA,F,822,11,7,0.5487,0.40509,3,2
20232024,2023030413,8478585,EDM,F,320,6,3,0.28677,0.25466,2,1
20232024,2023030413,8478831,FLA,F,460,7,5,0.23797,0.32177,1,1
20232024,2023030413,8478859,FLA,D,965,11,15,0.61895,0.78931,3,3
20232024,2023030413,8478904,FLA,F,327,7,3,0.31244,0.03048,1,0
20232024,2023030413,8479314,FLA,F,933,11,16,0.81871,0.88602,5,5
20232024,2023030413,8480185,FLA,F,869,4,10,0.35602,0.97495,2,5
20232024,2023030413,8480802,EDM,F,504,8,10,0.30024,0.25726,2,2
20232024,2023030413,8480803,EDM,D,1243,18,7,1.22326,0.39164,6,3
20232024,2023030413,8481598,EDM,,857,12,19,0.75608,1.22639,4,7
20232024,2023030413,8482077,EDM,F,324,6,4,0.35551,0.43465,3,2
20232024,2023030413,8482113,FLA,F,656,7,8,0.58658,0.66745,3,4
20232024,2023030414,8470621,EDM,F,574,5,11,0.43252,0.51421,3,4
20232024,2023030414,8473449,FLA,F,551,4,10,0.06029,0.83658,0,5
20232024,2023030414,8474641,EDM,F,576,5,4,0.34372,0.16559,3,1
20232024,2023030414,8475171,FLA,D,719,11,5,0.55358,0.538,4,3
20232024,2023030414,8475179,FLA,D,720,10,11,0.32171,0.61698,3,5
20232024,2023030414,8475218,EDM,D,864,9,14,0.81249,0.76808,3,4
20232024,2023030414,8475765,FLA,F,415,6,5,0.27869,0.37204,3,2
20232024,2023030414,8475786,EDM,F,685,9,9,0.78875,0.39295,4,3
20232024,2023030414,8476454,EDM,F,710,7,8,0.42246,0.26248,1,2
20232024,2023030414,8476879,EDM,D,756,8,8,0.72845,0.18472,5,2
20232024,2023030414,8476967,EDM,D,672,7,6,0.6012,0.17305,4,2
20232024,2023030414,8477015,EDM,F,634,6,4,0.36484,0.16072,3,1
20232024,2023030414,8477406,EDM,F,683,7,4,0.53279,0.16072,4,1
20232024,2023030414,8477409,FLA,F,751,7,7,0.32724,0.67079,2,3
20232024,2023030414,8477493,FLA,F,826,13,7,0.53286,0.34249,4,2
20232024,2023030414,8477498,EDM,D,911,11,16,0.7484,0.66868,5,5
20232024,2023030414,8477932,FLA,D,816,8,10,0.57425,0.83293,3,4
20232024,2023030414,8477933,FLA,F,831,13,6,0.52331,0.3038,4,2
20232024,2023030414,8477934,EDM,F,731,8,10,0.59041,0.27415,2,2
20232024,2023030414,8477935,FLA,F,651,9,5,0.45852,0.68813,3,4
20232024,2023030414,8477986,FLA,D,1044,16,11,0.57826,0.85178,4,4
20232024,2023030414,8477998,EDM,F,564,10,14,0.90509,0.72545,5,5
20232024,2023030414,8478055,FLA,D,821,10,10,0.55929,0.92545,4,4
20232024,2023030414,8478402,EDM,F,699,10,10,0.98992,0.50703,5,5
20232024,2023030414,8478542,FLA,F,710,14,4,0.53487,0.14586,4,1
20232024,2023030414,8478585,EDM,F,461,3,3,0.1217,0.11213,1,1
20232024,2023030414,8478831,FLA,F,511,3,8,0.02992,0.56456,0,3
20232024,2023030414,8478859,FLA,D,832,11,9,0.27408,0.60128,3,4
20232024,2023030414,8478904,FLA,F,466,3,9,0.02992,0.67421,0,4
20232024,2023030414,8479314,FLA,F,691,6,7,0.21473,0.67079,2,3
20232024,2023030414,8480185,FLA,F,536,9,7,0.49122,0.49118,4,3
20232024,2023030414,8480802,EDM,F,539,4,8,0.23804,0.42089,2,3
20232024,2023030414,8480803,EDM,D,848,10,10,0.88581,0.48863,4,3
20232024,2023030414,8481598,EDM,,881,11,10,0.59007,0.37756,3,4
20232024,2023030414,8482077,EDM,F,654,10,11,0.81939,0.29476,3,2
20232024,2023030414,8482113,FLA,F,512,7,9,0.30906,0.7892,3,4
20232024,2023030415,8470621,EDM,F,345,4,6,0.12927,0.9696,1,3
20232024,2023030415,8473449,FLA,F,396,3,7,0.02744,0.15737,1,1
20232024,2023030415,8474641,EDM,F,682,5,11,0.26121,0.63066,2,4
20232024,2023030415,8475171,FLA,D,901,15,3,0.77679,0.15343,4,2
20232024,2023030415,8475179,FLA,D,670,7,5,0.47743,0.16347,1,2
20232024,2023030415,8475218,EDM,D,933,5,7,0.38604,0.51868,3,2
20232024,2023030415,8475765,FLA,F,473,11,2,0.78331,0.04541,4,1
20232024,2023030415,8475786,EDM,F,1130,4,13,0.2833,0.61357,1,3
20232024,2023030415,8476454,EDM,F,945,2,9,0.01645,0.60065,0,2
20232024,2023030415,8476879,EDM,D,889,6,12,0.16787,0.7931,0,2
20232024,2023030415,8476967,EDM,D,853,5,12,0.15082,0.77039,0,2
20232024,2023030415,8477015,EDM,F,671,5,14,0.20516,0.78473,2,5
20232024,2023030415,8477406,EDM,F,745,5,19,0.19813,1.12705,1,7
20232024,2023030415,8477409,FLA,F,814,10,4,0.2755,0.17827,1,1
20232024,2023030415,8477493,FLA,F,985,10,3,0.47614,0.10005,1,1
20232024,2023030415,8477498,EDM,D,766,5,20,0.09732,1.58724,1,9
20232024,2023030415,8477932,FLA,D,1003,17,6,1.27991,0.34548,5,1
20232024,2023030415,8477933,FLA,F,965,10,2,0.48713,0.07922,1,1
20232024,2023030415,8477934,EDM,F,1005,5,7,0.05342,0.53565,0,2
20232024,2023030415,8477935,FLA,F,938,14,3,1.48277,0.28806,6,1
20232024,2023030415,8477986,FLA,D,929,14,4,1.1093,0.12523,7,1
20232024,2023030415,8477998,EDM,F,664,2,5,0.2544,0.20883,1,1
20232024,2023030415,8478055,FLA,D,1111,17,7,1.27991,0.35355,5,1
20232024,2023030415,8478402,EDM,F,1145,5,13,0.30035,0.61357,1,3
20232024,2023030415,8478542,FLA,F,724,13,2,1.79272,0.27358,7,1
20232024,2023030415,8478585,EDM,F,378,3,8,0.05007,1.14084,1,4
20232024,2023030415,8478831,FLA,F,447,3,5,0.02744,0.12847,1,1
20232024,2023030415,8478859,FLA,D,811,8,5,0.8747,0.1272,4,1
20232024,2023030415,8479066,FLA,F,344,3,4,0.02744,0.09995,1,1
20232024,2023030415,8479314,FLA,F,1021,20,4,1.9583,0.35218,9,1
20232024,2023030415,8480185,FLA,F,733,7,5,0.44167,0.08238,2,1
20232024,2023030415,8480802,EDM,F,347,4,7,0.1363,0.99366,2,3
20232024,2023030415,8480803,EDM,D,1198,7,9,0.41237,0.55704,3,2
20232024,2023030415,8481598,EDM,,737,2,18,0.05394,1.57159,1,9
20232024,2023030415,8482077,EDM,F,487,1,5,0.01448,0.47825,0,2
20232024,2023030415,8482113,FLA,F,600,13,4,0.9172,0.1176,5,1
20232024,2023030416,8470621,EDM,F,434,6,5,0.0864,0.1724,0,1
20232024,2023030416,8474641,EDM,F,737,2,8,0.15912,0.35174,1,1
20232024,2023030416,8475171,FLA,D,807,10,1,0.48771,0.18658,3,1
20232024,2023030416,8475179,FLA,D,676,9,2,0.49096,0.30595,2,2
20232024,2023030416,8475218,EDM,D,989,12,8,0.81507,0.71118,5,5
20232024,2023030416,8475765,FLA,F,553,9,3,0.34447,0.09405,1,0
20232024,2023030416,8475786,EDM,F,801,11,7,0.65598,0.46057,4,4
20232024,2023030416,8476393,FLA,F,467,2,4,0.03923,0.14042,1,0
20232024,2023030416,8476454,EDM,F,803,10,6,0.64914,0.44346,4,4
20232024,2023030416,8476879,EDM,D,832,4,9,0.27055,0.468,1,2
20232024,2023030416,8476967,EDM,D,764,5,7,0.15639,0.3886,1,2
20232024,2023030416,8477015,EDM,F,697,3,9,0.09279,0.39847,0,1
20232024,2023030416,8477406,EDM,F,714,4,7,0.21216,0.33164,1,1
20232024,2023030416,8477409,FLA,F,935,6,6,0.58486,0.35828,3,1
20232024,2023030416,8477493,FLA,F,897,7,5,0.6015,0.26076,3,1
20232024,2023030416,8477498,EDM,D,879,7,11,0.1346,0.34168,0,1
20232024,2023030416,8477932,FLA,D,949,10,11,0.63659,0.52043,3,2
20232024,2023030416,8477933,FLA,F,933,7,7,0.6015,0.42641,3,2
20232024,2023030416,8477934,EDM,F,682,7,6,0.31005,0.49462,1,3
20232024,2023030416,8477935,FLA,F,708,7,13,0.45545,0.70948,3,5
20232024,2023030416,8477986,FLA,D,993,6,11,0.29421,0.34062,2,2
20232024,2023030416,8477998,EDM,F,715,5,6,0.29298,0.46185,1,2
20232024,2023030416,8478055,FLA,D,997,10,12,0.69314,0.69876,3,3
20232024,2023030416,8478402,EDM,F,840,12,6,0.67675,0.44346,4,4
20232024,2023030416,8478542,FLA,F,613,6,13,0.43834,0.65477,3,5
20232024,2023030416,8478585,EDM,F,400,6,5,0.10844,0.29953,0,1
20232024,2023030416,8478831,FLA,F,500,2,4,0.03923,0.14042,1,0
20232024,2023030416,8478859,FLA,D,864,6,15,0.27127,0.4427,3,2
20232024,2023030416,8479066,FLA,F,414,3,2,0.05634,0.12335,1,0
20232024,2023030416,8479314,FLA,F,852,9,12,0.4653,0.58664,3,4
20232024,2023030416,8480185,FLA,F,656,11,4,0.36192,0.11033,1,0
20232024,2023030416,8480802,EDM,F,555,6,7,0.0864,0.20451,0,1
20232024,2023030416,8480803,EDM,D,1059,15,8,0.84237,0.71118,5,5
20232024,2023030416,8481598,EDM,,831,9,9,0.27606,0.26228,0,1
20232024,2023030416,8482077,EDM,F,715,6,6,0.41235,0.26213,2,1
20232024,2023030416,8482113,FLA,F,697,10,5,0.34528,0.13765,1,0
20232024,2023030417,8470621,EDM,F,432,1,2,0.01654,0.08124,0,0
20232024,2023030417,8473449,FLA,F,456,3,2,0.09679,0.10861,0,1
20232024,2023030417,8474641,EDM,F,634,10,9,0.44487,0.30463,2,2
20232024,2023030417,8475171,FLA,D,845,12,6,0.40433,0.21175,2,1
20232024,2023030417,8475179,FLA,D,867,11,8,0.33478,0.3438,2,2
20232024,2023030417,8475218,EDM,D,1399,25,7,1.62342,0.09623,7,0
20232024,2023030417,8475765,FLA,F,747,7,11,0.33848,0.82968,3,4
20232024,2023030417,8475786,EDM,F,1318,20,8,1.35718,0.18011,5,0
20232024,2023030417,8476454,EDM,F,1039,10,8,0.29567,0.19747,0,1
20232024,2023030417,8476879,EDM,D,931,7,15,0.41661,0.43837,3,3
20232024,2023030417,8476967,EDM,D,843,6,15,0.21962,0.51632,2,4
20232024,2023030417,8477015,EDM,F,569,9,9,0.45417,0.30097,2,2
20232024,2023030417,8477406,EDM,F,613,7,9,0.37314,0.37225,2,2
20232024,2023030417,8477409,FLA,F,997,11,12,0.32119,0.40565,1,1
20232024,2023030417,8477493,FLA,F,1061,10,15,0.23231,0.92459,0,4
20232024,2023030417,8477498,EDM,D,822,4,10,0.07109,0.4624,0,3
20232024,2023030417,8477932,FLA,D,1216,9,16,0.20932,1.08743,0,4
20232024,2023030417,8477933,FLA,F,1144,11,15,0.24976,0.92459,0,4
20232024,2023030417,8477934,EDM,F,1176,18,14,1.42577,0.46936,8,4
20232024,2023030417,8477935,FLA,F,864,11,11,0.39407,0.64372,4,3
20232024,2023030417,8477986,FLA,D,1046,11,15,0.46672,0.8204,5,5
20232024,2023030417,8477998,EDM,F,779,8,14,0.34543,0.51432,3,5
20232024,2023030417,8478055,FLA,D,1288,9,20,0.20932,1.538,0,6
20232024,2023030417,8478402,EDM,F,1362,20,8,1.35544,0.11807,5,0
20232024,2023030417,8478542,FLA,F,792,11,12,0.39407,0.77564,4,4
20232024,2023030417,8478585,EDM,F,370,0,2,0.0,0.11442,0,0
20232024,2023030417,8478831,FLA,F,474,4,0,0.11424,0.0,0,0
20232024,2023030417,8478859,FLA,D,969,13,7,0.45841,0.22086,4,2
20232024,2023030417,8479066,FLA,F,405,4,2,0.11424,0.10861,0,1
20232024,2023030417,8479314,FLA,F,783,11,7,0.31197,0.23978,3,1
20232024,2023030417,8480185,FLA,F,900,8,11,0.34526,0.82968,3,4
20232024,2023030417,8480802,EDM,F,486,1,5,0.01654,0.32123,0,2
20232024,2023030417,8480803,EDM,D,1462,27,9,1.83457,0.19604,8,1
20232024,2023030417,8481598,EDM,,767,3,10,0.05693,0.4624,0,3
20232024,2023030417,8482077,EDM,F,631,4,11,0.24861,0.28357,3,3
20232024,2023030417,8482113,FLA,F,715,9,10,0.43414,0.54281,4,3
20242025,2024030111,8473512,OTT,F,799,18,5,0.43195,0.34976,3,1
20242025,2024030111,8474102,OTT,F,743,13,6,0.98852,0.41901,4,2
20242025,2024030111,8475166,TOR,F,805,3,12,0.07283,0.38251,1,1
20242025,2024030111,8475171,TOR,D,907,19,12,0.80965,0.49782,5,2
20242025,2024030111,8475324,OTT,D,1071,13,12,0.59849,0.67397,2,3
20242025,2024030111,8475690,TOR,D,1012,2,15,0.25995,0.41251,1,2
20242025,2024030111,8475714,TOR,,739,10,11,0.51984,0.90497,3,4
20242025,2024030111,8476853,TOR,D,943,10,17,0.37865,1.05853,2,4
20242025,2024030111,8476872,TOR,F,780,10,11,0.51984,0.90497,3,4
20242025,2024030111,8476931,TOR,D,1090,4,19,0.3311,0.45704,1,2
20242025,2024030111,8477503,TOR,F,732,6,10,0.11642,0.35476,0,1
20242025,2024030111,8477939,TOR,F,801,3,12,0.07283,0.38251,1,1
20242025,2024030111,8478020,OTT,F,768,8,7,0.53306,0.25206,2,2
20242025,2024030111,8478146,OTT,F,433,3,6,0.06975,0.12403,0,0
20242025,2024030111,8478443,TOR,D,935,2,18,0.0337,1.16231,0,4
20242025,2024030111,8478469,OTT,D,1273,23,15,0.95688,0.73497,5,4
20242025,2024030111,8478483,TOR,F,998,6,17,0.47442,0.60034,2,3
20242025,2024030111,8478874,OTT,F,468,3,6,0.06975,0.1277,0,0
20242025,2024030111,8478904,TOR,F,619,10,7,0.51984,0.80929,3,3
20242025,2024030111,8479318,TOR,F,863,6,14,0.47442,0.53344,2,3
20242025,2024030111,8480188,OTT,F,511,6,5,0.10841,0.11424,0,0
20242025,2024030111,8480208,OTT,F,852,14,9,0.92727,0.47546,3,3
20242025,2024030111,8480801,OTT,F,950,21,4,0.57172,0.34632,3,2
20242025,2024030111,8480995,TOR,F,646,4,9,0.12263,0.15384,1,0
20242025,2024030111,8481122,TOR,D,907,13,11,0.53585,0.41317,3,2
20242025,2024030111,8481528,OTT,F,689,12,8,0.88411,0.42953,3,3
20242025,2024030111,8481582,TOR,F,518,6,6,0.10736,0.11287,0,0
20242025,2024030111,8481596,OTT,F,946,10,7,0.53345,0.25206,2,2
20242025,2024030111,8482092,OTT,F,845,9,8,0.3707,0.26435,1,2
20242025,2024030111,8482095,OTT,D,654,9,6,0.63442,0.08825,2,0
20242025,2024030111,8482105,OTT,D,1279,25,6,0.81311,0.39428,4,3
20242025,2024030111,8482116,OTT,F,978,20,3,0.47161,0.35287,3,1
20242025,2024030111,8482245,OTT,D,995,15,5,0.45116,0.36719,1,2
20242025,2024030111,8482259,TOR,F,554,6,8,0.10736,0.14598,0,0
20242025,2024030111,8482720,TOR,F,1015,5,21,0.41556,0.71659,2,4
20242025,2024030111,8484321,OTT,D,609,8,7,0.58909,0.1062,2,0
20242025,2024030112,8473512,OTT,F,796,8,6,0.28476,0.39441,3,1
20242025,2024030112,8474102,OTT,F,565,1,7,0.05333,0.47652,1,3
20242025,2024030112,8475166,TOR,F,923,9,14,0.61806,0.51706,4,5
20242025,2024030112,8475171,TOR,D,1116,14,14,0.51399,0.44992,4,5
20242025,2024030112,8475324,OTT,D,1113,14,16,0.49575,1.07388,4,7
20242025,2024030112,8475690,TOR,D,1090,9,9,0.60241,0.31638,3,3
20242025,2024030112,8475714,TOR,,577,3,1,0.03047,0.00336,0,0
20242025,2024030112,8476393,OTT,F,455,4,3,0.1197,0.03355,1,0
20242025,2024030112,8476853,TOR,D,1152,16,7,0.81514,0.27598,7,3
20242025,2024030112,8476872,TOR,F,597,4,1,0.03173,0.00336,0,0
20242025,2024030112,8476931,TOR,D,1241,7,13,0.3892,0.44659,2,4
20242025,2024030112,8477503,TOR,F,731,7,6,0.14788,0.16782,0,1
20242025,2024030112,8477939,TOR,F,963,10,10,0.6485,0.36407,4,4
20242025,2024030112,8478020,OTT,F,1034,11,13,0.28853,0.43818,2,5
20242025,2024030112,8478443,TOR,D,915,12,6,0.74534,0.2087,5,2
20242025,2024030112,8478469,OTT,D,1365,16,20,0.55768,1.12374,5,7
20242025,2024030112,8478483,TOR,F,1222,14,15,0.85066,0.55453,7,5
20242025,2024030112,8478874,OTT,F,364,4,3,0.09549,0.03355,1,0
20242025,2024030112,8478904,TOR,F,601,3,1,0.01234,0.00336,0,0
20242025,2024030112,8479318,TOR,F,1101,14,11,0.85066,0.41703,7,5
20242025,2024030112,8480188,OTT,F,787,9,7,0.34854,0.16446,3,1
20242025,2024030112,8480208,OTT,F,1047,8,12,0.36588,0.75627,4,5
20242025,2024030112,8480801,OTT,F,927,10,7,0.3405,0.45086,4,3
20242025,2024030112,8480995,TOR,F,776,9,8,0.5985,0.3175,4,4
20242025,2024030112,8481122,TOR,D,986,8,12,0.15268,0.41537,1,4
20242025,2024030112,8481528,OTT,F,872,7,11,0.35682,0.59478,4,4
20242025,2024030112,8481582,TOR,F,516,6,4,0.07975,0.10049,0,1
20242025,2024030112,8481596,OTT,F,1080,9,15,0.27005,0.60274,2,6
20242025,2024030112,8482092,OTT,F,820,8,11,0.19033,0.50451,1,4
20242025,2024030112,8482095,OTT,D,650,3,2,0.07539,0.00942,1,0
20242025,2024030112,8482105,OTT,D,1386,14,14,0.45758,0.51518,5,4
20242025,2024030112,8482116,OTT,F,1047,11,4,0.41519,0.37831,5,1
20242025,2024030112,8482245,OTT,D,1311,10,12,0.32134,0.47948,3,4
20242025,2024030112,8482259,TOR,F,644,6,6,0.10893,0.14706,0,1
20242025,2024030112,8482720,TOR,F,1035,14,12,0.85066,0.40367,7,3
20242025,2024030112,8484321,OTT,D,613,3,2,0.07539,0.01706,1,0
20242025,2024030113,8473512,OTT,F,727,7,4,0.18867,0.31693,1,3
20242025,2024030113,8474102,OTT,F,537,5,5,0.23332,0.13038,1,0
20242025,2024030113,8474157,TOR,F,740,6,8,0.26223,0.23967,2,1
20242025,2024030113,8475166,TOR,F,765,12,5,0.58513,0.1357,4,1
20242025,2024030113,8475171,TOR,D,945,3,10,0.15155,0.50584,1,4
20242025,2024030113,8475324,OTT,D,1040,8,6,0.38559,0.30164,2,2
20242025,2024030113,8475690,TOR,D,895,9,6,0.46592,0.26793,3,1
20242025,2024030113,8475714,TOR,,590,6,6,0.13711,0.22034,0,1
20242025,2024030113,8476393,OTT,F,617,7,6,0.32162,0.16575,2,0
20242025,2024030113,8476853,TOR,D,1040,17,10,0.79834,0.31238,4,2
20242025,2024030113,8476872,TOR,F,593,5,7,0.13038,0.34349,0,2
20242025,2024030113,8476931,TOR,D,1001,7,7,0.44392,0.21965,3,1
20242025,2024030113,8477503,TOR,F,722,5,9,0.22686,0.32102,2,2
20242025,2024030113,8477939,TOR,F,791,11,9,0.61282,0.63597,5,4
20242025,2024030113,8478020,OTT,F,773,7,4,0.24782,0.26415,2,0
20242025,2024030113,8478443,TOR,D,938,10,13,0.46306,0.61404,2,3
20242025,2024030113,8478469,OTT,D,1065,10,5,0.40537,0.23871,2,1
20242025,2024030113,8478483,TOR,F,822,5,9,0.38548,0.66895,1,4
20242025,2024030113,8478874,OTT,F,510,5,5,0.23332,0.13038,1,0
20242025,2024030113,8478904,TOR,F,629,5,9,0.13038,0.47866,0,3
20242025,2024030113,8479318,TOR,F,855,4,7,0.32434,0.52126,1,3
20242025,2024030113,8480188,OTT,F,716,6,9,0.2287,0.31059,1,2
20242025,2024030113,8480208,OTT,F,794,9,13,0.57182,0.55525,3,4
20242025,2024030113,8480801,OTT,F,806,10,5,0.6585,0.41249,4,4
20242025,2024030113,8480995,TOR,F,723,8,4,0.40066,0.11488,3,1
20242025,2024030113,8481122,TOR,D,1000,6,12,0.21063,0.85578,1,5
20242025,2024030113,8481528,OTT,F,778,10,7,0.49995,0.35396,1,3
20242025,2024030113,8481596,OTT,F,867,8,8,0.394,0.4379,3,1
20242025,2024030113,8482092,OTT,F,708,5,6,0.17748,0.37788,1,1
20242025,2024030113,8482095,OTT,D,870,10,12,0.33369,0.47319,2,4
20242025,2024030113,8482105,OTT,D,1107,10,9,0.65636,0.55481,4,2
20242025,2024030113,8482116,OTT,F,923,10,6,0.704,0.34447,5,3
20242025,2024030113,8482245,OTT,D,994,10,9,0.39351,0.55481,3,2
20242025,2024030113,8482259,TOR,F,710,5,8,0.22686,0.23967,2,1
20242025,2024030113,8482720,TOR,F,742,6,6,0.37788,0.24382,1,1
20242025,2024030113,8484321,OTT,D,717,8,11,0.30533,0.41026,2,3
20242025,2024030114,8473512,OTT,F,788,7,8,0.27907,0.60989,2,3
20242025,2024030114,8474102,OTT,F,589,6,9,0.30116,0.40076,3,3
20242025,2024030114,8474157,TOR,F,554,8,14,0.14907,1.18663,1,7
20242025,2024030114,8475166,TOR,F,797,8,3,0.68388,0.04356,4,1
20242025,2024030114,8475171,TOR,D,956,13,10,1.12916,0.83699,3,4
20242025,2024030114,8475324,OTT,D,1096,11,11,0.30217,0.55458,3,4
20242025,2024030114,8475690,TOR,D,1103,9,9,0.97406,0.51557,5,4
20242025,2024030114,8475714,TOR,,757,5,7,0.23034,0.24068,1,1
20242025,2024030114,8476393,OTT,F,581,5,4,0.33408,0.23307,3,2
20242025,2024030114,8476853,TOR,D,1170,8,15,0.19123,0.81504,1,4
20242025,2024030114,8476872,TOR,F,809,5,8,0.23034,0.25083,1,1
20242025,2024030114,8476931,TOR,D,1265,14,11,0.97776,0.41873,5,3
20242025,2024030114,8477503,TOR,F,614,11,13,0.34867,1.17648,2,7
20242025,2024030114,8477939,TOR,F,777,11,3,0.88348,0.04356,5,1
20242025,2024030114,8478020,OTT,F,870,5,5,0.11157,0.52616,0,1
20242025,2024030114,8478443,TOR,D,1022,7,7,0.10934,0.28575,1,2
20242025,2024030114,8478469,OTT,D,1115,12,9,0.42065,0.45687,4,3
20242025,2024030114,8478483,TOR,F,1037,5,5,0.56747,0.07991,1,0
20242025,2024030114,8478874,OTT,F,597,7,7,0.48164,0.39756,4,3
20242025,2024030114,8478904,TOR,F,692,5,4,0.23034,0.15704,1,1
20242025,2024030114,8479318,TOR,F,967,5,5,0.56747,0.07991,1,0
20242025,2024030114,8480188,OTT,F,823,11,10,0.86668,0.2323,4,0
20242025,2024030114,8480208,OTT,F,828,10,5,0.6785,0.11859,3,0
20242025,2024030114,8480801,OTT,F,978,9,13,0.41824,0.93353,3,5
20242025,2024030114,8480995,TOR,F,766,10,5,0.50763,0.08207,4,1
20242025,2024030114,8481122,TOR,D,823,7,6,0.27917,0.22948,1,1
20242025,2024030114,8481528,OTT,F,936,9,4,0.29563,0.17888,2,1
20242025,2024030114,8481596,OTT,F,806,4,6,0.09058,0.53479,0,1
20242025,2024030114,8482092,OTT,F,740,5,3,0.11226,0.49262,0,1
20242025,2024030114,8482095,OTT,D,1035,12,14,1.04409,0.5287,5,3
20242025,2024030114,8482105,OTT,D,1236,5,7,0.08604,0.86516,0,2
20242025,2024030114,8482116,OTT,F,1067,9,13,0.68293,0.83293,3,4
20242025,2024030114,8482245,OTT,D,991,7,7,0.21404,0.72005,1,1
20242025,2024030114,8482259,TOR,F,668,9,12,0.52492,1.14812,2,7
20242025,2024030114,8482720,TOR,F,911,5,8,0.56747,0.16355,1,0
20242025,2024030114,8484321,OTT,D,750,11,10,1.03457,0.53536,5,3
20242025,2024030115,8473512,OTT,F,844,6,12,0.2751,0.56154,2,5
20242025,2024030115,8474102,OTT,F,701,4,6,0.30804,0.33628,1,2
20242025,2024030115,8474157,TOR,F,581,5,7,0.09999,0.33683,0,2
20242025,2024030115,8475166,TOR,F,982,10,7,0.49834,0.19929,4,2
20242025,2024030115,8475171,TOR,D,1051,8,7,0.44374,0.63876,3,3
20242025,2024030115,8475324,OTT,D,1002,9,12,0.43074,0.62108,3,6
20242025,2024030115,8475690,TOR,D,914,12,5,0.66124,0.19959,4,1
20242025,2024030115,8475714,TOR,,713,11,2,0.43776,0.35186,2,1
20242025,2024030115,8476393,OTT,F,455,5,5,0.25722,0.09979,2,0
20242025,2024030115,8476853,TOR,D,1153,16,10,0.88963,0.43542,7,3
20242025,2024030115,8476872,TOR,F,668,9,2,0.3157,0.0578,1,0
20242025,2024030115,8476931,TOR,D,1068,10,5,0.38352,0.19959,2,1
20242025,2024030115,8477503,TOR,F,797,6,10,0.2113,0.88173,1,5
20242025,2024030115,8477939,TOR,F,1063,11,6,0.47998,0.18869,5,2
20242025,2024030115,8478020,OTT,F,1064,4,9,0.11887,0.56359,1,4
20242025,2024030115,8478443,TOR,D,964,12,9,0.47093,0.44282,3,3
20242025,2024030115,8478469,OTT,D,991,11,10,0.41395,0.4871,3,5
20242025,2024030115,8478483,TOR,F,1043,8,6,0.57863,0.40379,5,2
20242025,2024030115,8478874,OTT,F,457,5,6,0.25722,0.11935,2,0
20242025,2024030115,8478904,TOR,F,595,9,3,0.3157,0.35414,1,1
20242025,2024030115,8479318,TOR,F,948,9,4,0.66673,0.22028,6,1
20242025,2024030115,8480188,OTT,F,520,6,6,0.55356,0.10884,3,0
20242025,2024030115,8480208,OTT,F,759,4,7,0.30804,0.44759,1,3
20242025,2024030115,8480801,OTT,F,733,8,11,0.59704,0.49802,3,5
20242025,2024030115,8480995,TOR,F,680,8,4,0.36415,0.25333,3,2
20242025,2024030115,8481122,TOR,D,809,6,6,0.20843,0.64616,1,3
20242025,2024030115,8481528,OTT,F,754,4,8,0.30804,0.46715,1,3
20242025,2024030115,8481596,OTT,F,1075,5,11,0.14447,0.61143,1,4
20242025,2024030115,8482092,OTT,F,1018,4,7,0.11887,0.46644,1,3
20242025,2024030115,8482095,OTT,D,941,7,15,0.5532,0.54083,3,2
20242025,2024030115,8482105,OTT,D,1236,6,10,0.34281,0.6127,2,4
20242025,2024030115,8482116,OTT,F,861,8,9,0.59704,0.40239,3,4
20242025,2024030115,8482245,OTT,D,1227,6,9,0.34281,0.58333,2,4
20242025,2024030115,8482259,TOR,F,643,6,7,0.11646,0.36489,0,2
20242025,2024030115,8482720,TOR,F,910,9,5,0.76157,0.23088,7,1
20242025,2024030115,8484321,OTT,D,799,3,11,0.47883,0.33604,1,1
20242025,2024030116,8473512,OTT,F,894,15,6,1.03574,0.55035,4,3
20242025,2024030116,8474102,OTT,F,842,8,8,0.36664,0.32815,3,1
20242025,2024030116,8474157,TOR,F,754,9,11,0.56854,0.92525,2,3
20242025,2024030116,8475166,TOR,F,950,11,11,0.5439,0.81086,3,4
20242025,2024030116,8475171,TOR,D,824,6,7,0.2707,0.58594,2,3
20242025,2024030116,8475324,OTT,D,1056,11,10,0.73264,0.7451,4,4
20242025,2024030116,8475690,TOR,D,1063,9,11,0.46299,0.52448,1,4
20242025,2024030116,8475714,TOR,,578,2,7,0.1661,0.39086,1,2
20242025,2024030116,8476393,OTT,F,437,2,7,0.12124,0.36466,1,3
20242025,2024030116,8476853,TOR,D,1119,18,10,1.03269,0.85098,6,3
20242025,2024030116,8476872,TOR,F,736,4,7,0.33184,0.38437,2,1
20242025,2024030116,8476931,TOR,D,1321,12,18,0.57725,0.93064,1,7
20242025,2024030116,8477503,TOR,F,651,10,4,0.53792,0.31281,3,3
20242025,2024030116,8477939,TOR,F,1056,13,12,0.73848,0.82557,4,3
20242025,2024030116,8478020,OTT,F,861,7,11,0.42538,0.60397,3,2
20242025,2024030116,8478443,TOR,D,1251,16,11,0.97544,0.76084,6,3
20242025,2024030116,8478469,OTT,D,1434,22,15,1.29305,0.94117,8,5
20242025,2024030116,8478483,TOR,F,1051,11,9,0.57547,0.61008,2,4
20242025,2024030116,8478874,OTT,F,476,2,9,0.12124,0.42331,1,3
20242025,2024030116,8478904,TOR,F,623,3,7,0.17716,0.43703,1,3
20242025,2024030116,8479318,TOR,F,1029,10,9,0.45835,0.61008,1,4
20242025,2024030116,8479423,TOR,,167,0,1,0.0,0.06234,0,0
20242025,2024030116,8480188,OTT,F,707,9,11,0.48477,0.44192,4,3
20242025,2024030116,8480208,OTT,F,1036,8,9,0.55696,0.29438,4,1
20242025,2024030116,8480801,OTT,F,1010,13,7,1.0171,0.55662,4,3
20242025,2024030116,8480995,TOR,F,620,10,4,0.40059,0.31281,2,3
20242025,2024030116,8481122,TOR,D,1030,9,8,0.42495,0.64696,2,4
20242025,2024030116,8481528,OTT,F,950,6,8,0.45467,0.28811,4,1
20242025,2024030116,8481596,OTT,F,899,7,12,0.42538,0.73507,3,3
20242025,2024030116,8482092,OTT,F,902,4,11,0.31321,0.60397,1,2
20242025,2024030116,8482095,OTT,D,989,11,11,0.54266,0.43105,4,2
20242025,2024030116,8482105,OTT,D,1136,6,11,0.66425,0.60998,3,2
20242025,2024030116,8482116,OTT,F,1079,16,6,1.11683,0.42552,4,2
20242025,2024030116,8482245,OTT,D,986,5,12,0.47836,0.56337,2,2
20242025,2024030116,8482259,TOR,F,745,12,4,0.48701,0.14576,3,2
20242025,2024030116,8482720,TOR,F,1026,10,10,0.63067,0.63128,3,4
20242025,2024030116,8484321,OTT,D,859,8,11,0.54648,0.45335,3,3
20242025,2024030121,8473419,FLA,F,862,9,9,1.27493,0.22016,4,1
20242025,2024030121,8474151,TBL,D,1114,11,8,0.36639,0.48245,2,2
20242025,2024030121,8475167,TBL,D,1076,15,6,0.67404,0.42544,5,3
20242025,2024030121,8475179,FLA,D,965,7,9,0.42512,0.3323,1,2
20242025,2024030121,8476453,TBL,F,1126,12,9,0.30635,0.43475,2,2
20242025,2024030121,8476822,TBL,F,578,5,1,0.07937,0.04558,0,0
20242025,2024030121,8476826,TBL,F,863,11,6,0.26354,0.38634,2,2
20242025,2024030121,8476878,TBL,F,711,5,2,0.0853,0.06331,0,0
20242025,2024030121,8477220,FLA,D,938,10,12,0.99366,0.47668,4,3
20242025,2024030121,8477404,TBL,F,889,17,3,0.91417,0.22735,7,2
20242025,2024030121,8477409,FLA,F,919,6,11,0.23828,0.47024,1,3
20242025,2024030121,8477426,TBL,F,942,15,7,0.58014,0.97533,4,3
20242025,2024030121,8477493,FLA,F,1016,8,11,0.33276,0.36105,1,2
20242025,2024030121,8477495,FLA,D,1257,7,14,0.58976,0.52828,5,4
20242025,2024030121,8477933,FLA,F,1056,7,13,0.28754,0.5373,2,3
20242025,2024030121,8477935,FLA,F,700,6,11,0.90739,0.51381,5,4
20242025,2024030121,8478010,TBL,F,1164,12,10,0.28751,0.58474,2,3
20242025,2024030121,8478055,FLA,D,1194,6,16,0.57203,0.55737,5,4
20242025,2024030121,8478178,TBL,D,707,6,10,0.30243,0.63825,2,3
20242025,2024030121,8478416,TBL,D,1001,12,6,0.40992,0.5405,3,4
20242025,2024030121,8478519,TBL,F,340,6,5,0.42694,0.38516,3,4
20242025,2024030121,8478542,FLA,F,712,5,7,0.32765,0.17247,2,1
20242025,2024030121,8478859,FLA,D,964,8,10,0.4707,0.34452,1,2
20242025,2024030121,8479314,FLA,F,690,4,8,0.32991,0.43969,4,3
20242025,2024030121,8479542,TBL,F,960,15,6,0.89682,0.58795,7,5
20242025,2024030121,8480003,FLA,F,558,3,8,0.09843,0.22924,0,2
20242025,2024030121,8480185,FLA,F,828,8,9,1.09497,0.16714,3,1
20242025,2024030121,8480246,TBL,D,632,9,5,0.18109,0.76539,0,3
20242025,2024030121,8481477,FLA,F,556,4,7,0.14769,0.17247,1,1
20242025,2024030121,8482113,FLA,F,878,5,8,0.60297,0.31902,3,2
20242025,2024030121,8482201,TBL,F,1069,9,13,0.24004,1.40522,0,7
20242025,2024030121,8482655,TBL,D,790,11,2,0.51514,0.04667,4,0
20242025,2024030121,8482713,FLA,F,742,4,9,0.32991,0.49646,4,4
20242025,2024030121,8482929,TBL,D,938,9,8,0.22365,1.06659,2,5
20242025,2024030121,8483447,TBL,F,761,5,8,0.07891,0.89303,0,2
20242025,2024030121,8484304,FLA,D,882,8,13,0.93035,0.49355,4,3
20242025,2024030122,8473419,FLA,F,809,6,12,0.24812,0.74804,1,6
20242025,2024030122,8474151,TBL,D,953,8,6,0.25488,0.264,1,2
20242025,2024030122,8475167,TBL,D,1094,10,9,0.89532,0.33974,7,1
20242025,2024030122,8475179,FLA,D,812,5,7,0.10791,0.21537,0,2
20242025,2024030122,8476453,TBL,F,774,11,4,0.75017,0.1208,5,0
20242025,2024030122,8476822,TBL,F,483,4,5,0.15481,0.19035,2,1
20242025,2024030122,8476826,TBL,F,592,5,6,0.10099,0.16914,1,0
20242025,2024030122,8476878,TBL,F,471,4,5,0.15481,0.19035,2,1
20242025,2024030122,8477220,FLA,D,600,7,11,0.18995,0.75701,0,6
20242025,2024030122,8477404,TBL,F,824,12,10,0.96216,0.34753,6,1
20242025,2024030122,8477409,FLA,F,716,8,4,0.23154,0.21152,2,1
20242025,2024030122,8477426,TBL,F,701,7,7,0.23864,0.1242,1,1
20242025,2024030122,8477493,FLA,F,643,5,5,0.19016,0.2241,2,1
20242025,2024030122,8477495,FLA,D,1124,9,11,0.3513,0.49375,2,2
20242025,2024030122,8477933,FLA,F,938,7,5,0.11313,0.2241,1,1
20242025,2024030122,8477935,FLA,F,714,6,10,0.20431,0.53447,0,3
20242025,2024030122,8478010,TBL,F,786,13,5,0.9633,0.18612,6,0
20242025,2024030122,8478055,FLA,D,1005,10,11,0.47567,0.49375,3,2
20242025,2024030122,8478416,TBL,D,931,11,6,0.32328,0.264,1,2
20242025,2024030122,8478519,TBL,F,624,4,6,0.0968,0.30866,1,2
20242025,2024030122,8478542,FLA,F,486,7,3,0.27074,0.31901,1,2
20242025,2024030122,8478859,FLA,D,836,8,7,0.3124,0.22416,1,2
20242025,2024030122,8479314,FLA,F,595,4,8,0.12937,0.21654,0,1
20242025,2024030122,8479542,TBL,F,908,7,9,0.26828,0.34578,2,2
20242025,2024030122,8480003,FLA,F,317,6,2,0.28676,0.09649,1,1
20242025,2024030122,8480185,FLA,F,716,4,12,0.09986,0.60793,0,5
20242025,2024030122,8480246,TBL,D,745,8,7,0.322,0.13036,3,0
20242025,2024030122,8481477,FLA,F,392,5,2,0.05563,0.09649,0,1
20242025,2024030122,8482070,TBL,F,355,4,5,0.15481,0.19035,2,1
20242025,2024030122,8482113,FLA,F,809,6,11,0.30422,0.59849,1,5
20242025,2024030122,8482201,TBL,F,623,7,4,0.28973,0.12319,1,0
20242025,2024030122,8482655,TBL,D,715,9,10,0.80827,0.38981,6,1
20242025,2024030122,8482713,FLA,F,606,5,9,0.21867,0.47089,0,3
20242025,2024030122,8482929,TBL,D,616,10,8,0.30335,0.18043,2,0
20242025,2024030122,8483447,TBL,F,585,6,3,0.22615,0.05604,1,0
20242025,2024030122,8484304,FLA,D,610,7,10,0.13111,0.73564,0,6
20242025,2024030123,8473419,FLA,F,553,6,4,0.37337,0.26794,3,2
20242025,2024030123,8474151,TBL,D,739,6,9,0.74323,0.71798,5,4
20242025,2024030123,8475167,TBL,D,991,7,15,0.36733,1.10936,2,7
20242025,2024030123,8475179,FLA,D,658,4,6,0.24169,0.19973,1,2
20242025,2024030123,8476453,TBL,F,978,10,12,0.67135,0.88335,5,7
20242025,2024030123,8476822,TBL,F,301,1,2,0.13195,0.02861,1,0
20242025,2024030123,8476826,TBL,F,494,3,4,0.24406,0.11288,2,1
20242025,2024030123,8476878,TBL,F,466,2,3,0.01613,0.0314,0,0
20242025,2024030123,8477220,FLA,D,717,5,4,0.24294,0.12824,1,1
20242025,2024030123,8477404,TBL,F,961,13,11,1.07465,0.76813,7,6
20242025,2024030123,8477409,FLA,F,775,12,7,0.88498,0.72137,5,4
20242025,2024030123,8477426,TBL,F,857,7,8,0.53925,0.71387,3,4
20242025,2024030123,8477493,FLA,F,772,10,6,0.73573,0.55179,4,3
20242025,2024030123,8477495,FLA,D,948,10,1,0.7157,0.01281,4,0
20242025,2024030123,8477932,FLA,D,818,15,12,1.01808,1.21118,8,7
20242025,2024030123,8477933,FLA,F,915,13,6,0.96716,0.66522,7,3
20242025,2024030123,8477935,FLA,F,743,14,5,0.86762,0.40294,6,3
20242025,2024030123,8478010,TBL,F,791,10,8,0.82559,0.61222,6,5
20242025,2024030123,8478055,FLA,D,908,13,14,0.95851,1.28267,7,8
20242025,2024030123,8478178,TBL,D,481,5,7,0.24483,0.5079,2,3
20242025,2024030123,8478416,TBL,D,744,6,12,0.64613,1.00416,4,6
20242025,2024030123,8478519,TBL,F,852,1,14,0.08765,0.93071,0,5
20242025,2024030123,8478542,FLA,F,670,12,5,0.77527,0.28633,5,2
20242025,2024030123,8478859,FLA,D,785,11,1,0.77402,0.01281,5,0
20242025,2024030123,8479314,FLA,F,696,10,4,0.63494,0.18107,3,2
20242025,2024030123,8480003,FLA,F,360,0,3,0.0,0.14808,0,1
20242025,2024030123,8480185,FLA,F,654,5,4,0.31522,0.1944,3,2
20242025,2024030123,8480246,TBL,D,652,6,6,0.31316,0.35296,2,4
20242025,2024030123,8481477,FLA,F,402,0,2,0.0,0.01613,0,0
20242025,2024030123,8482070,TBL,F,610,1,9,0.10325,0.46838,1,3
20242025,2024030123,8482113,FLA,F,558,5,7,0.37212,0.59893,3,4
20242025,2024030123,8482201,TBL,F,761,7,8,0.47954,0.74979,2,5
20242025,2024030123,8482655,TBL,D,668,4,7,0.2438,0.19674,1,1
20242025,2024030123,8482713,FLA,F,420,0,4,0.0,0.23696,0,1
20242025,2024030123,8482929,TBL,D,585,4,2,0.28896,0.06184,2,1
20242025,2024030123,8483447,TBL,F,416,2,8,0.09774,0.62707,0,3
20242025,2024030124,8473419,FLA,F,628,7,5,0.39947,0.18022,2,0
20242025,2024030124,8474151,TBL,D,887,13,20,0.88008,0.85711,5,5
20242025,2024030124,8475167,TBL,D,1113,11,13,0.30255,0.53042,1,1
20242025,2024030124,8475179,FLA,D,674,11,9,0.67248,0.30711,3,1
20242025,2024030124,8476453,TBL,F,1213,14,19,0.78501,0.79778,3,3
20242025,2024030124,8476822,TBL,F,377,3,3,0.06332,0.15175,0,1
20242025,2024030124,8476826,TBL,F,753,9,15,0.36428,0.58438,2,4
20242025,2024030124,8476878,TBL,F,508,6,3,0.37926,0.02728,1,0
20242025,2024030124,8477220,FLA,D,686,7,10,0.48566,0.24763,2,0
20242025,2024030124,8477404,TBL,F,1098,14,19,0.77705,0.92931,3,3
20242025,2024030124,8477409,FLA,F,869,20,8,0.82522,0.50574,4,3
20242025,2024030124,8477426,TBL,F,637,6,8,0.15426,0.3821,1,3
20242025,2024030124,8477493,FLA,F,875,20,8,0.82522,0.52637,4,3
20242025,2024030124,8477495,FLA,D,1133,13,10,0.27156,0.39985,1,3
20242025,2024030124,8477932,FLA,D,1022,18,12,0.79493,0.77453,4,3
20242025,2024030124,8477933,FLA,F,938,20,9,0.82522,0.58886,4,4
20242025,2024030124,8477935,FLA,F,880,11,13,0.48318,0.42438,2,2
20242025,2024030124,8478010,TBL,F,1158,15,24,0.97489,1.03654,4,3
20242025,2024030124,8478055,FLA,D,1155,24,16,1.07098,0.98074,6,4
20242025,2024030124,8478178,TBL,D,502,5,4,0.17756,0.14605,0,1
20242025,2024030124,8478416,TBL,D,840,12,20,0.79696,0.85711,4,5
20242025,2024030124,8478421,FLA,F,255,2,4,0.01054,0.28803,0,1
20242025,2024030124,8478519,TBL,F,851,8,10,0.27481,0.41055,2,2
20242025,2024030124,8478542,FLA,F,831,11,13,0.48318,0.42438,2,2
20242025,2024030124,8478859,FLA,D,735,7,5,0.14121,0.13244,0,1
20242025,2024030124,8479314,FLA,F,733,11,12,0.48318,0.34126,2,1
20242025,2024030124,8479542,TBL,F,483,4,6,0.07833,0.30162,1,2
20242025,2024030124,8480003,FLA,F,337,2,5,0.01054,0.31081,0,1
20242025,2024030124,8480185,FLA,F,728,7,6,0.39947,0.203,2,0
20242025,2024030124,8480246,TBL,D,601,8,3,0.32164,0.18483,1,1
20242025,2024030124,8481477,FLA,F,330,2,4,0.01054,0.28803,0,1
20242025,2024030124,8482070,TBL,F,585,8,7,0.28657,0.24214,0,2
20242025,2024030124,8482113,FLA,F,658,7,6,0.39947,0.18237,2,0
20242025,2024030124,8482201,TBL,F,609,6,6,0.12567,0.29178,1,1
20242025,2024030124,8482655,TBL,D,876,9,14,0.15719,0.53574,1,1
20242025,2024030124,8482929,TBL,D,533,4,6,0.20632,0.32556,0,2
20242025,2024030125,8473419,FLA,F,860,10,9,1.0343,0.75983,6,2
20242025,2024030125,8474151,TBL,D,858,11,7,0.89849,0.27769,4,2
20242025,2024030125,8475167,TBL,D,1265,16,9,1.19762,0.81027,7,4
20242025,2024030125,8475179,FLA,D,1108,3,14,0.18861,1.22189,2,7
20242025,2024030125,8476453,TBL,F,1133,13,5,0.97991,0.20086,7,1
20242025,2024030125,8476822,TBL,F,452,4,5,0.39751,0.60745,1,3
20242025,2024030125,8476826,TBL,F,813,9,12,0.33932,0.80076,1,4
20242025,2024030125,8476878,TBL,F,406,3,3,0.09294,0.21517,0,1
20242025,2024030125,8477220,FLA,D,589,9,4,0.52767,0.27898,3,1
20242025,2024030125,8477404,TBL,F,1191,11,8,0.68963,0.47604,4,4
20242025,2024030125,8477409,FLA,F,931,8,15,0.65759,1.26119,3,7
20242025,2024030125,8477426,TBL,F,618,11,7,0.71652,0.61264,3,3
20242025,2024030125,8477493,FLA,F,955,8,13,0.72072,1.23008,4,7
20242025,2024030125,8477495,FLA,D,1331,16,15,1.25183,0.9173,6,4
20242025,2024030125,8477933,FLA,F,1022,7,17,0.61412,1.33152,3,8
20242025,2024030125,8477935,FLA,F,825,9,6,0.27356,0.28659,1,2
20242025,2024030125,8478010,TBL,F,1239,11,8,0.95892,0.23884,7,1
20242025,2024030125,8478055,FLA,D,1271,16,13,1.21408,0.67664,6,4
20242025,2024030125,8478178,TBL,D,870,9,8,0.79319,0.57631,5,6
20242025,2024030125,8478416,TBL,D,909,13,6,1.01051,0.24999,4,1
20242025,2024030125,8478421,FLA,F,329,3,5,0.07197,0.57902,1,2
20242025,2024030125,8478519,TBL,F,932,9,8,0.48048,0.4912,3,4
20242025,2024030125,8478542,FLA,F,705,9,7,0.40476,0.44469,2,3
20242025,2024030125,8478859,FLA,D,1049,4,13,0.3244,1.23167,3,7
20242025,2024030125,8479314,FLA,F,504,6,3,0.16124,0.27035,0,2
20242025,2024030125,8480003,FLA,F,381,4,3,0.08946,0.03515,1,0
20242025,2024030125,8480185,FLA,F,884,8,5,0.83379,0.11195,5,0
20242025,2024030125,8480246,TBL,D,742,6,10,0.27358,0.80571,1,3
20242025,2024030125,8481477,FLA,F,370,4,5,0.18778,0.49782,2,2
20242025,2024030125,8482070,TBL,F,606,4,8,0.55187,0.77007,2,4
20242025,2024030125,8482113,FLA,F,931,8,8,0.85504,0.38236,5,1
20242025,2024030125,8482201,TBL,F,976,12,13,1.33173,1.02624,6,7
20242025,2024030125,8482655,TBL,D,589,7,8,0.45286,0.4508,2,2
20242025,2024030125,8482929,TBL,D,601,2,9,0.16745,0.79129,1,4
20242025,2024030125,8483447,TBL,F,656,9,6,0.65172,0.43922,2,1
20242025,2024030125,8484304,FLA,D,570,8,5,0.42963,0.46722,2,1
20242025,2024030131,8471214,WSH,F,694,8,9,0.86071,0.29541,4,1
20242025,2024030131,8474189,WSH,F,633,10,9,0.76199,0.14866,4,0
20242025,2024030131,8474590,WSH,D,1045,11,21,0.9748,1.36189,5,6
20242025,2024030131,8475233,MTL,D,626,8,7,0.22083,0.25947,1,3
20242025,2024030131,8475343,WSH,F,881,7,13,0.48471,1.13598,3,5
20242025,2024030131,8475848,MTL,F,721,7,7,0.15643,0.67425,0,2
20242025,2024030131,8476469,MTL,F,690,9,9,0.39919,0.39617,2,2
20242025,2024030131,8476875,MTL,D,1145,9,10,0.36967,1.05661,1,4
20242025,2024030131,8476880,WSH,F,1034,13,19,1.0247,1.28461,3,6
20242025,2024030131,8476981,MTL,F,741,7,8,0.13134,0.73868,0,3
20242025,2024030131,8477845,WSH,D,832,15,10,1.4854,0.28825,7,1
20242025,2024030131,8477989,MTL,F,829,8,9,0.18303,0.83859,0,2
20242025,2024030131,8478133,MTL,F,630,9,8,0.31126,0.38918,1,2
20242025,2024030131,8478233,WSH,F,610,10,8,0.74422,0.22516,4,0
20242025,2024030131,8478440,WSH,F,785,11,10,0.93224,0.3193,3,2
20242025,2024030131,8478463,WSH,F,783,9,13,0.80981,0.49368,3,2
20242025,2024030131,8478851,MTL,D,1070,16,11,1.08042,0.75757,4,2
20242025,2024030131,8478911,WSH,D,1294,13,15,0.69347,0.39532,2,1
20242025,2024030131,8479339,MTL,F,663,6,11,0.20244,0.99745,1,5
20242025,2024030131,8479345,WSH,D,1057,13,20,0.92276,1.25901,4,6
20242025,2024030131,8479390,WSH,F,660,6,8,0.47804,0.28159,3,1
20242025,2024030131,8479400,WSH,F,793,13,11,1.00974,0.3524,4,1
20242025,2024030131,8479520,WSH,F,825,7,6,0.52324,0.14547,4,1
20242025,2024030131,8480018,MTL,F,1010,22,9,1.28694,0.71401,6,3
20242025,2024030131,8480823,WSH,,778,14,6,1.46345,0.17856,7,1
20242025,2024030131,8480873,WSH,D,1127,12,13,0.76746,0.40305,3,1
20242025,2024030131,8481540,MTL,F,998,20,8,1.26952,0.87901,6,4
20242025,2024030131,8481580,WSH,F,818,11,18,1.04139,1.12077,3,5
20242025,2024030131,8481593,MTL,D,835,10,15,0.30519,1.33978,2,6
20242025,2024030131,8481618,MTL,F,708,9,15,0.3704,1.22711,1,7
20242025,2024030131,8482087,MTL,D,1165,18,17,0.44664,1.10915,2,5
20242025,2024030131,8482476,MTL,F,581,6,10,0.18435,0.52331,1,2
20242025,2024030131,8483457,MTL,D,1274,25,18,1.48993,1.78476,6,8
20242025,2024030131,8483515,MTL,F,1009,22,10,1.28694,1.01256,6,4
20242025,2024030131,8484186,WSH,,644,12,6,0.79022,0.09259,4,0
20242025,2024030131,8484984,MTL,,561,4,13,0.08718,1.07069,0,6
20242025,2024030132,8471214,WSH,F,774,9,12,0.35398,0.74814,3,3
20242025,2024030132,8474189,WSH,F,665,9,7,0.64481,0.50927,3,2
20242025,2024030132,8474590,WSH,D,1192,17,13,1.29675,0.66114,10,3
20242025,2024030132,8475233,MTL,D,519,9,7,0.68003,0.68743,3,4
20242025,2024030132,8475343,WSH,F,800,12,11,1.00302,0.5994,5,3
20242025,2024030132,8475848,MTL,F,1004,10,13,0.80005,0.96966,4,5
20242025,2024030132,8476469,MTL,F,413,3,5,0.11246,0.20435,0,1
20242025,2024030132,8476875,MTL,D,1411,12,21,0.51137,1.62868,3,10
20242025,2024030132,8476880,WSH,F,992,7,13,0.44176,0.52451,4,3
20242025,2024030132,8476981,MTL,F,798,10,14,0.76232,0.93451,3,4
20242025,2024030132,8477845,WSH,D,872,13,10,0.73845,0.53025,3,4
20242025,2024030132,8477989,MTL,F,1037,13,13,0.87178,0.6776,4,2
20242025,2024030132,8478133,MTL,F,817,12,8,0.59017,0.39542,1,3
20242025,2024030132,8478233,WSH,F,683,10,7,0.63192,0.46763,3,2
20242025,2024030132,8478440,WSH,F,873,11,14,0.66192,0.84649,5,4
20242025,2024030132,8478463,WSH,F,893,14,13,0.93714,0.8936,7,3
20242025,2024030132,8478851,MTL,D,1277,13,19,0.52451,1.48892,3,9
20242025,2024030132,8478911,WSH,D,1249,14,19,0.93918,1.18425,5,4
20242025,2024030132,8479339,MTL,F,468,2,4,0.03931,0.36125,0,3
20242025,2024030132,8479345,WSH,D,1266,15,16,1.16652,0.80049,9,4
20242025,2024030132,8479390,WSH,F,718,13,10,1.02481,0.59506,5,3
20242025,2024030132,8479400,WSH,F,967,11,11,0.65133,0.46148,5,2
20242025,2024030132,8479520,WSH,F,850,11,11,0.53251,0.55355,2,3
20242025,2024030132,8480018,MTL,F,1164,16,16,0.85708,1.20822,5,8
20242025,2024030132,8480823,WSH,,852,15,10,1.10324,0.51821,5,4
20242025,2024030132,8480873,WSH,D,1138,12,16,0.67802,1.05694,4,3
20242025,2024030132,8481540,MTL,F,1106,16,15,0.96321,1.26661,7,8
20242025,2024030132,8481580,WSH,F,926,11,12,0.94488,0.54994,6,3
20242025,2024030132,8481593,MTL,D,627,12,7,0.6586,0.83445,3,6
20242025,2024030132,8481618,MTL,F,912,12,14,0.48246,0.96102,1,6
20242025,2024030132,8482087,MTL,D,1170,19,15,1.17982,0.60977,5,3
20242025,2024030132,8482476,MTL,F,459,4,5,0.19687,0.3143,1,3
20242025,2024030132,8483457,MTL,D,1385,19,17,1.19695,0.67291,5,4
20242025,2024030132,8483515,MTL,F,1221,18,15,0.95314,1.20026,6,8
20242025,2024030132,8484186,WSH,,629,11,5,1.05516,0.37785,6,2
20242025,2024030132,8484984,MTL,,688,10,7,0.49807,0.39004,1,3
20242025,2024030133,8471214,WSH,F,719,7,18,0.32065,1.09039,1,6
20242025,2024030133,8474189,WSH,F,623,5,4,0.23739,0.19296,1,0
20242025,2024030133,8474590,WSH,D,1131,9,17,0.72022,0.70384,5,3
20242025,2024030133,8475233,MTL,D,504,5,4,0.18741,0.3088,0,2
20242025,2024030133,8475343,WSH,F,768,6,6,0.29143,0.33518,2,1
20242025,2024030133,8475848,MTL,F,713,17,7,0.7348,0.60415,2,4
20242025,2024030133,8476469,MTL,F,758,10,4,0.34014,0.14136,0,1
20242025,2024030133,8476875,MTL,D,1132,25,7,1.25437,0.54751,5,5
20242025,2024030133,8476880,WSH,F,569,3,13,0.26644,0.54205,2,2
20242025,2024030133,8476981,MTL,F,617,11,8,0.53505,0.39026,2,2
20242025,2024030133,8477845,WSH,D,919,8,8,0.4375,0.28463,3,1
20242025,2024030133,8477989,MTL,F,798,19,8,0.78176,0.49302,2,3
20242025,2024030133,8478133,MTL,F,712,7,3,0.34736,0.11829,2,1
20242025,2024030133,8478233,WSH,F,650,5,5,0.23088,0.38454,1,1
20242025,2024030133,8478440,WSH,F,836,9,20,0.52828,1.31456,3,7
20242025,2024030133,8478463,WSH,F,785,8,14,0.46799,0.81253,2,4
20242025,2024030133,8478851,MTL,D,1147,26,10,1.16446,0.60971,5,5
20242025,2024030133,8478911,WSH,D,1346,10,22,0.51199,1.53661,2,5
20242025,2024030133,8479345,WSH,D,1038,8,19,0.49055,0.87245,4,4
20242025,2024030133,8479390,WSH,F,750,7,7,0.31087,0.40739,2,1
20242025,2024030133,8479400,WSH,F,788,4,22,0.27568,0.94624,2,3
20242025,2024030133,8479520,WSH,F,796,7,7,0.30436,0.48973,2,2
20242025,2024030133,8480018,MTL,F,1009,21,9,1.50172,0.62363,6,3
20242025,2024030133,8480823,WSH,,584,6,5,0.16353,0.35122,1,2
20242025,2024030133,8480873,WSH,D,1029,7,25,0.34915,1.54161,1,5
20242025,2024030133,8481540,MTL,F,971,18,10,1.25964,0.69949,5,4
20242025,2024030133,8481580,WSH,F,773,4,20,0.33042,0.97824,3,3
20242025,2024030133,8481618,MTL,F,767,9,5,0.48592,0.19173,3,2
20242025,2024030133,8482087,MTL,D,1181,16,12,0.9732,0.5531,4,2
20242025,2024030133,8482476,MTL,F,549,4,4,0.18503,0.0966,2,0
20242025,2024030133,8482775,MTL,,486,1,4,0.00871,0.10153,0,1
20242025,2024030133,8482964,MTL,D,590,6,7,0.52626,0.34753,2,2
20242025,2024030133,8483457,MTL,D,1273,16,8,1.07206,0.30629,4,0
20242025,2024030133,8483515,MTL,F,1022,19,8,1.35454,0.44399,5,2
20242025,2024030133,8484186,WSH,,704,7,3,0.44502,0.16023,3,0
20242025,2024030133,8484984,MTL,,745,5,2,0.23197,0.10536,1,1
20242025,2024030134,8471214,WSH,F,750,15,8,0.82717,0.50022,5,2
20242025,2024030134,8474189,WSH,F,521,1,6,0.09617,0.27571,1,1
20242025,2024030134,8474590,WSH,D,1094,11,10,0.48243,0.59321,2,2
20242025,2024030134,8475233,MTL,D,647,3,4,0.02618,0.25686,0,2
20242025,2024030134,8475343,WSH,F,573,6,5,0.4654,0.115,2,1
20242025,2024030134,8475848,MTL,F,754,7,11,0.48287,0.60074,2,3
20242025,2024030134,8476469,MTL,F,606,6,4,0.10668,0.21636,0,2
20242025,2024030134,8476875,MTL,D,1131,10,14,0.50673,0.72169,3,2
20242025,2024030134,8476880,WSH,F,906,8,7,0.28775,0.25243,2,1
20242025,2024030134,8476981,MTL,F,658,8,10,0.43964,0.34286,1,2
20242025,2024030134,8477845,WSH,D,657,5,4,0.34194,0.08309,2,0
20242025,2024030134,8477989,MTL,F,668,8,12,0.50039,0.33424,2,3
20242025,2024030134,8478133,MTL,F,784,7,5,0.24038,0.25145,1,2
20242025,2024030134,8478233,WSH,F,498,3,5,0.17892,0.24771,1,1
20242025,2024030134,8478440,WSH,F,792,13,7,0.53425,0.45536,4,2
20242025,2024030134,8478463,WSH,F,623,11,6,0.56289,0.44256,3,2
20242025,2024030134,8478851,MTL,D,552,4,5,0.11224,0.18417,0,1
20242025,2024030134,8478911,WSH,D,971,15,10,0.7658,0.4807,5,4
20242025,2024030134,8479345,WSH,D,1315,14,13,0.83941,0.75315,4,4
20242025,2024030134,8479390,WSH,F,554,3,5,0.13682,0.18306,1,2
20242025,2024030134,8479400,WSH,F,856,10,9,0.48726,0.3854,2,2
20242025,2024030134,8479520,WSH,F,617,6,6,0.50307,0.21673,2,2
20242025,2024030134,8480018,MTL,F,907,8,12,0.43126,0.68686,3,4
20242025,2024030134,8480823,WSH,,495,0,5,0.0,0.10708,0,0
20242025,2024030134,8480873,WSH,D,846,15,8,0.73658,0.36411,5,2
20242025,2024030134,8481540,MTL,F,902,8,11,0.43126,0.85799,3,3
20242025,2024030134,8481580,WSH,F,731,13,6,0.57337,0.24287,3,1
20242025,2024030134,8481618,MTL,F,594,7,3,0.30113,0.13837,2,1
20242025,2024030134,8482087,MTL,D,1109,14,20,0.7866,1.09095,4,5
20242025,2024030134,8482476,MTL,F,376,2,2,0.01864,0.17982,0,2
20242025,2024030134,8482775,MTL,,333,2,4,0.01864,0.34514,0,1
20242025,2024030134,8482964,MTL,D,756,4,6,0.0442,0.37151,0,3
20242025,2024030134,8483457,MTL,D,1001,15,12,0.90539,0.57041,5,5
20242025,2024030134,8483515,MTL,F,909,8,14,0.43126,0.71837,3,4
20242025,2024030134,8484186,WSH,,545,1,5,0.09617,0.25496,1,1
20242025,2024030134,8484984,MTL,,649,4,1,0.16986,0.04761,1,0
20242025,2024030135,8471214,WSH,F,705,9,12,0.55996,0.80304,2,4
20242025,2024030135,8474189,WSH,F,601,4,7,0.08672,0.92537,0,5
20242025,2024030135,8474590,WSH,D,1244,11,9,0.32625,0.7347,2,4
20242025,2024030135,8475233,MTL,D,537,7,13,0.7424,0.7438,5,4
20242025,2024030135,8475343,WSH,F,941,13,5,1.02616,0.27887,5,1
20242025,2024030135,8475848,MTL,F,760,12,7,1.15532,0.32006,4,2
20242025,2024030135,8476469,MTL,F,550,6,5,0.55171,0.17864,4,0
20242025,2024030135,8476875,MTL,D,1112,15,16,0.78273,1.45214,3,7
20242025,2024030135,8476880,WSH,F,1226,15,11,0.77795,0.73763,5,5
20242025,2024030135,8476981,MTL,F,733,11,11,1.10801,0.72291,4,4
20242025,2024030135,8477845,WSH,D,880,12,10,0.85386,1.03894,5,6
20242025,2024030135,8477989,MTL,F,863,11,10,1.10801,0.6274,4,4
20242025,2024030135,8478133,MTL,F,863,5,10,0.23369,0.89681,2,3
20242025,2024030135,8478233,WSH,F,472,5,6,0.24007,0.87718,0,5
20242025,2024030135,8478440,WSH,F,803,9,14,0.55996,0.82773,2,4
20242025,2024030135,8478463,WSH,F,809,8,12,0.4668,0.91036,2,4
20242025,2024030135,8478851,MTL,D,1153,13,15,0.77151,1.32772,3,6
20242025,2024030135,8478911,WSH,D,1233,12,15,0.92132,0.80057,4,4
20242025,2024030135,8479345,WSH,D,1414,15,12,0.72515,0.9265,3,5
20242025,2024030135,8479400,WSH,F,855,12,8,0.65317,0.54224,4,4
20242025,2024030135,8479520,WSH,F,658,11,6,0.85281,0.20367,5,0
20242025,2024030135,8480018,MTL,F,1194,13,13,0.74445,0.53189,5,3
20242025,2024030135,8480823,WSH,,407,9,8,0.71487,0.85199,3,5
20242025,2024030135,8480873,WSH,D,1143,15,14,1.07057,0.79572,5,4
20242025,2024030135,8481540,MTL,F,1069,11,10,0.63325,0.31859,5,2
20242025,2024030135,8481580,WSH,F,909,11,10,0.60077,0.583,4,5
20242025,2024030135,8481618,MTL,F,910,7,14,0.34489,1.29195,2,6
20242025,2024030135,8481656,WSH,F,890,9,5,0.81104,0.15636,4,0
20242025,2024030135,8482087,MTL,D,1191,13,9,1.0924,0.27095,7,0
20242025,2024030135,8482476,MTL,F,404,5,4,0.48806,0.22985,3,1
20242025,2024030135,8482775,MTL,,417,5,6,0.48806,0.31996,3,1
20242025,2024030135,8482964,MTL,D,567,8,9,0.67383,0.43146,3,2
20242025,2024030135,8483457,MTL,D,1494,12,12,1.08555,0.38595,7,3
20242025,2024030135,8483515,MTL,F,1035,11,10,0.63325,0.49536,5,3
20242025,2024030135,8484186,WSH,,505,5,6,0.28262,0.87718,0,5
20242025,2024030135,8484984,MTL,,1037,5,11,0.23393,0.98461,1,4
20242025,2024030141,8470613,CAR,D,969,13,13,0.56721,0.66625,1,4
20242025,2024030141,8473533,CAR,F,741,11,11,0.57222,0.54957,3,3
20242025,2024030141,8475200,CAR,D,910,10,15,0.35879,0.31634,1,1
20242025,2024030141,8475208,NJD,D,1174,10,18,0.72911,0.95243,5,4
20242025,2024030141,8475287,NJD,F,835,14,12,0.4675,0.4366,3,3
20242025,2024030141,8475413,NJD,F,553,8,10,0.22775,0.4262,2,3
20242025,2024030141,8475455,NJD,D,403,4,11,0.04973,0.69831,0,4
20242025,2024030141,8475791,CAR,F,565,16,4,1.05702,0.05717,6,0
20242025,2024030141,8476292,NJD,F,564,12,8,0.60635,0.39271,4,3
20242025,2024030141,8476462,NJD,D,1061,15,26,0.45895,1.57449,3,7
20242025,2024030141,8476474,NJD,F,808,8,14,0.16894,1.10797,1,6
20242025,2024030141,8476906,CAR,D,843,22,10,1.53381,0.37415,10,4
20242025,2024030141,8476921,CAR,F,775,13,10,0.62824,0.54097,3,3
20242025,2024030141,8476958,CAR,D,1077,14,14,0.51725,0.67485,2,4
20242025,2024030141,8477478,CAR,F,645,15,10,0.59986,0.41773,3,4
20242025,2024030141,8477488,NJD,D,970,14,17,0.31358,0.56846,2,3
20242025,2024030141,8478414,NJD,F,827,16,13,0.64133,0.35279,4,1
20242025,2024030141,8478427,CAR,F,750,5,10,0.23283,0.22614,1,1
20242025,2024030141,8478458,CAR,F,650,16,12,0.66791,0.45945,3,4
20242025,2024030141,8478466,NJD,F,607,5,14,0.22313,0.82413,2,3
20242025,2024030141,8478970,CAR,D,855,12,13,0.58033,0.28189,2,1
20242025,2024030141,8479407,NJD,F,846,9,11,0.19317,0.56903,0,3
20242025,2024030141,8479414,NJD,F,517,10,9,0.4259,0.42003,4,3
20242025,2024030141,8479996,NJD,F,458,3,15,0.07896,1.07358,1,5
20242025,2024030141,8480002,NJD,F,817,13,10,0.58253,0.52077,3,3
20242025,2024030141,8480192,NJD,D,779,11,6,0.64374,0.31648,4,2
20242025,2024030141,8480336,CAR,D,859,24,11,1.45937,0.4,10,4
20242025,2024030141,8480762,CAR,F,623,14,12,0.61189,0.45945,3,4
20242025,2024030141,8480829,CAR,F,635,17,5,1.10022,0.12158,6,1
20242025,2024030141,8480830,CAR,F,603,16,3,1.05702,0.03912,6,0
20242025,2024030141,8481032,NJD,F,668,5,16,0.19263,1.00069,2,5
20242025,2024030141,8482093,CAR,F,788,5,13,0.23283,0.3172,1,2
20242025,2024030141,8482110,NJD,F,839,11,12,0.26203,0.46544,1,1
20242025,2024030141,8482684,NJD,D,1085,22,18,0.51837,0.94979,4,6
20242025,2024030141,8482702,CAR,F,723,11,10,0.56334,0.54097,3,3
20242025,2024030141,8482809,CAR,F,770,6,14,0.30976,0.34087,1,2
20242025,2024030142,8470613,CAR,D,1015,14,12,1.05497,0.41232,6,4
20242025,2024030142,8473533,CAR,F,714,14,15,0.65122,0.8632,4,3
20242025,2024030142,8475193,NJD,F,571,5,9,0.33398,0.566,2,4
20242025,2024030142,8475200,CAR,D,947,12,12,1.22527,0.93124,5,4
20242025,2024030142,8475208,NJD,D,1118,14,14,0.85603,0.99026,5,4
20242025,2024030142,8475287,NJD,F,795,9,12,0.77328,1.31799,3,6
20242025,2024030142,8475413,NJD,F,731,7,16,0.67503,1.19974,6,9
20242025,2024030142,8475791,CAR,F,667,14,7,0.82996,0.50733,7,4
20242025,2024030142,8476292,NJD,F,614,12,13,0.41494,1.29411,2,4
20242025,2024030142,8476462,NJD,D,1192,11,21,0.80632,1.46532,3,10
20242025,2024030142,8476474,NJD,F,654,4,7,0.14076,0.14366,0,1
20242025,2024030142,8476906,CAR,D,937,21,11,2.01674,0.76888,9,6
20242025,2024030142,8476921,CAR,F,749,13,12,0.59309,0.37259,4,2
20242025,2024030142,8476958,CAR,D,1188,17,12,1.17741,0.44213,7,2
20242025,2024030142,8477478,CAR,F,578,11,7,0.68086,0.43115,4,3
20242025,2024030142,8477488,NJD,D,1115,13,18,1.01608,1.87392,5,10
20242025,2024030142,8478414,NJD,F,912,13,14,0.53796,0.8597,3,5
20242025,2024030142,8478427,CAR,F,978,10,6,1.72874,0.34569,6,2
20242025,2024030142,8478458,CAR,F,626,11,7,0.79581,0.54752,4,5
20242025,2024030142,8478970,CAR,D,785,10,6,0.67731,0.72532,4,2
20242025,2024030142,8479395,NJD,D,538,8,12,0.39163,0.78943,4,5
20242025,2024030142,8479407,NJD,F,1001,9,11,0.79461,1.18409,3,6
20242025,2024030142,8479414,NJD,F,709,8,17,0.70367,1.78155,7,10
20242025,2024030142,8479996,NJD,F,520,5,6,0.19073,0.14648,1,1
20242025,2024030142,8480002,NJD,F,826,12,13,0.41494,1.15419,2,4
20242025,2024030142,8480192,NJD,D,1002,11,11,0.48635,0.88574,2,3
20242025,2024030142,8480336,CAR,D,893,20,13,1.4851,0.82807,9,6
20242025,2024030142,8480762,CAR,F,512,11,3,0.6999,0.28806,3,2
20242025,2024030142,8480829,CAR,F,626,12,5,0.64263,0.29757,6,2
20242025,2024030142,8480830,CAR,F,711,11,9,0.60678,0.55703,6,5
20242025,2024030142,8481032,NJD,F,671,7,11,0.43428,0.52905,4,5
20242025,2024030142,8482093,CAR,F,913,11,8,1.78687,0.76843,6,3
20242025,2024030142,8482110,NJD,F,830,8,11,0.74776,1.14688,3,4
20242025,2024030142,8482702,CAR,F,712,12,11,0.65247,0.34707,4,2
20242025,2024030142,8482809,CAR,F,861,11,9,1.78687,0.8363,6,3
20242025,2024030142,8483495,NJD,D,700,9,18,0.55155,1.63213,5,8
20242025,2024030143,8470613,CAR,D,940,12,18,0.3305,2.21729,2,7
20242025,2024030143,8473533,CAR,F,575,5,6,0.16452,0.57216,0,2
20242025,2024030143,8475193,NJD,F,308,2,4,0.05559,0.12913,0,0
20242025,2024030143,8475200,CAR,D,968,9,7,0.31349,0.43262,1,1
20242025,2024030143,8475208,NJD,D,1290,19,20,2.54095,0.87008,8,7
20242025,2024030143,8475287,NJD,F,795,19,8,2.2851,0.25055,7,1
20242025,2024030143,8475413,NJD,F,466,3,9,0.05304,0.39138,0,3
20242025,2024030143,8475791,CAR,F,781,7,17,0.19808,1.72542,3,6
20242025,2024030143,8476292,NJD,F,821,9,8,0.65123,0.14799,3,1
20242025,2024030143,8476462,NJD,D,1066,15,7,0.45001,0.20772,2,2
20242025,2024030143,8476474,NJD,F,622,5,7,0.17839,0.40684,0,3
20242025,2024030143,8476906,CAR,D,813,6,8,0.37361,0.55012,4,3
20242025,2024030143,8476921,CAR,F,565,9,5,0.50761,0.42796,3,2
20242025,2024030143,8476958,CAR,D,1030,15,21,0.38966,2.27542,2,7
20242025,2024030143,8477478,CAR,F,502,6,4,0.21901,0.205,1,0
20242025,2024030143,8477488,NJD,D,1213,12,12,1.03064,0.42906,3,2
20242025,2024030143,8478399,NJD,D,945,9,9,0.49593,0.16845,2,1
20242025,2024030143,8478414,NJD,F,1058,14,11,1.83539,0.25601,7,2
20242025,2024030143,8478427,CAR,F,839,8,10,0.21878,0.8992,1,3
20242025,2024030143,8478458,CAR,F,713,6,14,0.11384,1.45894,1,5
20242025,2024030143,8478970,CAR,D,997,10,8,0.37749,0.43458,2,1
20242025,2024030143,8479407,NJD,F,958,16,9,2.24517,0.32546,7,2
20242025,2024030143,8479414,NJD,F,446,5,7,0.16184,0.26047,1,2
20242025,2024030143,8479996,NJD,F,507,4,7,0.12063,0.34711,1,3
20242025,2024030143,8480002,NJD,F,1027,9,9,0.63111,0.22569,3,2
20242025,2024030143,8480192,NJD,D,328,4,4,0.40114,0.1009,2,0
20242025,2024030143,8480336,CAR,D,825,10,8,0.49677,0.56323,5,3
20242025,2024030143,8480762,CAR,F,704,6,16,0.09615,1.49092,1,5
20242025,2024030143,8480829,CAR,F,768,12,5,0.64362,0.30633,6,1
20242025,2024030143,8480830,CAR,F,764,11,4,0.57962,0.2953,5,1
20242025,2024030143,8481032,NJD,F,605,6,8,0.28636,0.50507,1,5
20242025,2024030143,8482093,CAR,F,865,8,9,0.21878,0.87825,1,3
20242025,2024030143,8482110,NJD,F,873,14,6,1.22699,0.17658,3,0
20242025,2024030143,8482702,CAR,F,626,5,6,0.1396,0.57216,0,2
20242025,2024030143,8482809,CAR,F,837,10,9,0.32267,0.87825,2,3
20242025,2024030143,8483495,NJD,D,751,10,10,1.53364,0.50531,5,4
20242025,2024030144,8470613,CAR,D,982,19,10,0.76048,0.30385,2,2
20242025,2024030144,8473533,CAR,F,745,5,14,0.28813,0.48435,1,2
20242025,2024030144,8475193,NJD,F,548,4,9,0.05797,0.35211,0,1
20242025,2024030144,8475200,CAR,D,1270,11,20,0.76511,1.03073,5,7
20242025,2024030144,8475208,NJD,D,1336,16,19,0.74417,0.99793,6,4
20242025,2024030144,8475287,NJD,F,931,11,12,0.37127,0.58071,4,3
20242025,2024030144,8475413,NJD,F,567,3,11,0.04417,0.55633,0,2
20242025,2024030144,8475791,CAR,F,707,10,8,0.44524,0.44082,3,3
20242025,2024030144,8476292,NJD,F,855,17,6,0.88939,0.15537,6,1
20242025,2024030144,8476462,NJD,D,1219,12,15,0.60844,0.6923,4,3
20242025,2024030144,8476474,NJD,F,685,1,9,0.01002,0.45889,0,2
20242025,2024030144,8476873,CAR,F,734,12,6,0.66656,0.26097,2,2
20242025,2024030144,8476906,CAR,D,953,12,4,0.60629,0.08962,2,1
20242025,2024030144,8476921,CAR,F,808,7,15,0.33102,0.49815,1,2
20242025,2024030144,8476958,CAR,D,1126,19,12,0.67181,0.43416,2,3
20242025,2024030144,8477478,CAR,F,701,7,12,0.27589,0.4738,2,2
20242025,2024030144,8477488,NJD,D,1205,11,18,0.41151,1.02951,5,4
20242025,2024030144,8478399,NJD,D,1125,12,14,0.58028,0.68109,4,3
20242025,2024030144,8478414,NJD,F,1034,17,7,0.91837,0.15709,6,1
20242025,2024030144,8478427,CAR,F,1005,16,6,0.61312,0.28694,3,4
20242025,2024030144,8478970,CAR,D,1149,9,18,0.48854,0.95574,4,7
20242025,2024030144,8479395,NJD,D,526,7,8,0.28836,0.18949,1,1
20242025,2024030144,8479407,NJD,F,1032,10,14,0.36533,0.59364,4,3
20242025,2024030144,8479414,NJD,F,584,3,11,0.02305,0.61993,0,2
20242025,2024030144,8479996,NJD,F,713,6,8,0.19563,0.45486,1,2
20242025,2024030144,8480002,NJD,F,1032,16,8,0.785,0.19777,7,1
20242025,2024030144,8480336,CAR,D,786,13,6,0.58488,0.15966,2,2
20242025,2024030144,8480762,CAR,F,791,15,7,0.79424,0.27477,2,2
20242025,2024030144,8480829,CAR,F,663,8,8,0.3007,0.44082,2,3
20242025,2024030144,8480830,CAR,F,866,9,5,0.31569,0.22069,1,3
20242025,2024030144,8481032,NJD,F,716,4,12,0.17419,0.73792,1,3
20242025,2024030144,8482093,CAR,F,952,7,11,0.29747,0.51762,2,4
20242025,2024030144,8482110,NJD,F,915,13,15,0.62625,0.70023,4,3
20242025,2024030144,8482702,CAR,F,779,15,7,0.78369,0.27477,2,2
20242025,2024030144,8482809,CAR,F,994,11,6,0.35369,0.28694,2,4
20242025,2024030144,8483495,NJD,D,919,12,9,0.341,0.18738,2,1
20242025,2024030145,8470613,CAR,D,1043,20,15,1.83807,1.0052,5,6
20242025,2024030145,8473533,CAR,F,879,16,11,0.71198,0.71994,3,5
20242025,2024030145,8475193,NJD,F,472,3,5,0.19591,0.33598,1,2
20242025,2024030145,8475200,CAR,D,1064,17,10,0.3211,0.61106,1,6
20242025,2024030145,8475208,NJD,D,1262,16,25,0.8852,1.12858,7,5
20242025,2024030145,8475287,NJD,F,771,10,9,0.8025,0.80522,6,2
20242025,2024030145,8475413,NJD,F,464,1,3,0.06252,0.13066,0,2
20242025,2024030145,8475791,CAR,F,614,10,8,1.12842,0.36576,3,2
20242025,2024030145,8476292,NJD,F,865,11,20,0.60364,0.82868,5,2
20242025,2024030145,8476462,NJD,D,959,5,17,0.41647,1.08568,3,2
20242025,2024030145,8476474,NJD,F,588,9,7,0.39368,0.22188,2,1
20242025,2024030145,8476873,CAR,F,576,5,2,0.1715,0.07227,1,0
20242025,2024030145,8476906,CAR,D,722,6,4,0.19726,0.19077,2,1
20242025,2024030145,8476921,CAR,F,925,13,11,0.44976,0.59781,1,4
20242025,2024030145,8476958,CAR,D,1176,23,15,1.93761,1.0052,5,6
20242025,2024030145,8477478,CAR,F,446,5,2,0.26486,0.11852,2,0
20242025,2024030145,8477488,NJD,D,1115,19,22,0.91996,0.92212,8,4
20242025,2024030145,8478399,NJD,D,1145,10,15,0.73348,1.15966,4,4
20242025,2024030145,8478414,NJD,F,920,9,14,0.54611,0.37833,5,0
20242025,2024030145,8478427,CAR,F,835,14,7,0.41226,0.63091,1,6
20242025,2024030145,8478970,CAR,D,1025,13,10,0.19653,0.61106,0,6
20242025,2024030145,8479407,NJD,F,887,10,12,0.80472,0.91869,6,3
20242025,2024030145,8479414,NJD,F,579,1,7,0.06252,0.21814,0,2
20242025,2024030145,8479996,NJD,F,606,6,11,0.2737,0.80974,2,2
20242025,2024030145,8480002,NJD,F,1048,10,20,0.54847,0.99642,4,3
20242025,2024030145,8480336,CAR,D,708,9,4,0.34051,0.19077,3,1
20242025,2024030145,8480762,CAR,F,566,6,2,0.27488,0.17862,0,1
20242025,2024030145,8480829,CAR,F,602,9,9,1.1198,0.38391,3,2
20242025,2024030145,8480830,CAR,F,838,14,8,0.46054,0.74256,3,7
20242025,2024030145,8481032,NJD,F,649,6,9,0.32108,0.28673,2,1
20242025,2024030145,8482093,CAR,F,925,18,11,0.68069,0.74103,1,5
20242025,2024030145,8482110,NJD,F,854,11,15,0.80624,1.31615,6,4
20242025,2024030145,8482702,CAR,F,608,9,7,0.56095,0.29813,2,2
20242025,2024030145,8482809,CAR,F,808,13,9,1.01098,0.57163,4,5
20242025,2024030145,8483429,NJD,,416,2,0,0.10457,0.0,0,0
20242025,2024030145,8483495,NJD,D,809,6,9,0.55438,0.53504,4,1
20242025,2024030151,8470600,STL,D,885,4,11,0.07593,0.43089,0,2
20242025,2024030151,8474568,WPG,D,932,11,8,0.49858,0.30594,4,2
20242025,2024030151,8475170,STL,F,851,1,11,0.01076,0.36963,0,2
20242025,2024030151,8475181,STL,D,835,3,11,0.02512,0.43678,0,2
20242025,2024030151,8475753,STL,D,996,8,14,0.44353,0.51013,3,5
20242025,2024030151,8475764,STL,D,1222,5,10,0.35512,0.43448,2,2
20242025,2024030151,8475799,WPG,F,731,8,2,0.28909,0.06157,3,0
20242025,2024030151,8476331,WPG,D,1078,12,5,0.46959,0.34011,2,2
20242025,2024030151,8476392,WPG,F,887,10,4,0.19567,0.07593,1,0
20242025,2024030151,8476460,WPG,F,1017,11,9,0.53155,0.42315,2,3
20242025,2024030151,8476480,WPG,F,770,8,1,0.28909,0.01076,3,0
20242025,2024030151,8476889,STL,F,706,5,8,0.26828,0.19852,1,2
20242025,2024030151,8476892,STL,D,1066,6,10,0.36276,0.43448,2,2
20242025,2024030151,8476897,STL,F,555,3,5,0.18271,0.29971,1,2
20242025,2024030151,8477402,STL,F,1067,9,9,0.42047,0.42185,3,2
20242025,2024030151,8477504,WPG,D,1177,13,7,0.56899,0.52549,2,3
20242025,2024030151,8477573,STL,F,681,3,9,0.0278,0.28214,0,3
20242025,2024030151,8478398,WPG,F,1042,11,9,0.53155,0.42315,2,3
20242025,2024030151,8478472,STL,F,560,4,5,0.1978,0.2884,1,2
20242025,2024030151,8478891,WPG,F,854,10,5,0.19567,0.2656,1,1
20242025,2024030151,8479293,WPG,F,788,10,4,0.19567,0.21479,1,1
20242025,2024030151,8479378,WPG,D,730,10,5,0.47519,0.08476,5,1
20242025,2024030151,8479385,STL,F,858,3,11,0.25124,0.35727,1,2
20242025,2024030151,8479994,WPG,,427,5,3,0.33877,0.18271,3,1
20242025,2024030151,8480023,STL,F,1067,9,9,0.42047,0.42185,3,2
20242025,2024030151,8480049,WPG,D,1193,12,5,0.32221,0.22116,3,1
20242025,2024030151,8480113,WPG,F,1001,11,9,0.53155,0.42315,2,3
20242025,2024030151,8480145,WPG,D,1052,9,6,0.34929,0.28698,2,1
20242025,2024030151,8480281,STL,F,632,2,7,0.01271,0.19046,0,2
20242025,2024030151,8480289,WPG,F,476,5,4,0.33877,0.37238,3,2
20242025,2024030151,8481019,WPG,F,432,5,3,0.33877,0.18271,3,1
20242025,2024030151,8481598,STL,D,1014,10,14,0.50198,0.51013,3,5
20242025,2024030151,8482089,STL,F,938,9,12,0.42627,0.47742,3,2
20242025,2024030151,8482149,WPG,F,783,9,1,0.3154,0.01076,3,0
20242025,2024030151,8482737,STL,F,723,3,5,0.18271,0.33877,1,3
20242025,2024030151,8483516,STL,,952,3,9,0.24544,0.37249,1,3
20242025,2024030152,8470600,STL,D,748,6,8,0.15208,0.50886,0,4
20242025,2024030152,8474568,WPG,D,825,10,6,1.10836,0.17588,8,1
20242025,2024030152,8475170,STL,F,945,9,7,0.37175,0.72742,2,5
20242025,2024030152,8475181,STL,D,564,8,7,0.24814,0.5785,1,4
20242025,2024030152,8475753,STL,D,900,8,7,0.31245,0.64777,2,4
20242025,2024030152,8475764,STL,D,873,10,7,0.43272,0.50839,2,3
20242025,2024030152,8475799,WPG,F,776,8,8,0.45543,0.31954,3,2
20242025,2024030152,8476331,WPG,D,1036,8,14,0.63465,0.50274,5,3
20242025,2024030152,8476392,WPG,F,797,10,9,1.11267,0.23878,8,1
20242025,2024030152,8476460,WPG,F,904,5,11,0.44844,0.47192,2,2
20242025,2024030152,8476480,WPG,F,745,5,7,0.23479,0.31876,1,2
20242025,2024030152,8476889,STL,F,523,5,9,0.10946,0.41774,1,3
20242025,2024030152,8476892,STL,D,919,10,8,0.46429,0.6595,3,3
20242025,2024030152,8476897,STL,F,632,6,5,0.13155,0.4794,0,2
20242025,2024030152,8477402,STL,F,999,10,4,0.48926,0.23797,3,1
20242025,2024030152,8477504,WPG,D,917,8,11,0.63842,0.42109,5,1
20242025,2024030152,8477573,STL,F,557,4,9,0.12443,0.41261,1,3
20242025,2024030152,8478398,WPG,F,976,4,13,0.41882,0.52498,2,2
20242025,2024030152,8478891,WPG,F,789,8,9,0.8689,0.26108,5,1
20242025,2024030152,8479293,WPG,F,628,7,7,0.81222,0.20742,5,1
20242025,2024030152,8479378,WPG,D,588,5,4,0.17955,0.15607,1,1
20242025,2024030152,8479385,STL,F,873,9,5,0.34912,0.67388,2,5
20242025,2024030152,8479994,WPG,,338,8,1,0.40882,0.01114,5,0
20242025,2024030152,8480023,STL,F,1065,13,7,0.55421,0.57296,2,4
20242025,2024030152,8480049,WPG,D,1177,14,12,1.06044,0.43584,6,2
20242025,2024030152,8480113,WPG,F,863,2,11,0.1987,0.45331,1,1
20242025,2024030152,8480145,WPG,D,982,9,11,0.5717,0.43454,2,2
20242025,2024030152,8480281,STL,F,467,3,6,0.08281,0.35556,1,2
20242025,2024030152,8480289,WPG,F,415,6,2,0.18728,0.03362,2,0
20242025,2024030152,8481006,STL,D,579,5,8,0.09947,0.54234,0,5
20242025,2024030152,8481019,WPG,F,266,6,1,0.26819,0.01114,3,0
20242025,2024030152,8481598,STL,D,757,11,7,0.41701,0.49877,2,3
20242025,2024030152,8482089,STL,F,825,9,9,0.29521,0.97396,1,6
20242025,2024030152,8482149,WPG,F,747,7,8,0.30852,0.33755,1,3
20242025,2024030152,8482737,STL,F,829,7,9,0.16184,0.66223,0,5
20242025,2024030152,8483516,STL,,935,12,8,0.5196,0.45804,2,3
20242025,2024030153,8474568,WPG,D,809,4,10,0.13027,0.41031,0,3
20242025,2024030153,8475170,STL,F,712,10,7,0.49247,0.32251,2,2
20242025,2024030153,8475181,STL,D,649,12,8,0.32767,0.25317,1,2
20242025,2024030153,8475753,STL,D,935,2,9,0.08891,0.28267,1,1
20242025,2024030153,8475764,STL,D,858,18,6,1.24161,0.24227,5,1
20242025,2024030153,8475799,WPG,F,751,5,10,0.19733,0.48459,1,2
20242025,2024030153,8476392,WPG,F,557,7,6,0.16183,0.36675,1,1
20242025,2024030153,8476460,WPG,F,833,10,11,0.48166,0.61791,2,3
20242025,2024030153,8476480,WPG,F,606,6,7,0.21457,0.40925,1,2
20242025,2024030153,8476525,WPG,D,675,12,3,0.55149,0.14916,4,0
20242025,2024030153,8476889,STL,F,487,4,6,0.20601,0.1122,2,1
20242025,2024030153,8476892,STL,D,782,16,9,1.13687,0.43278,5,2
20242025,2024030153,8476897,STL,F,565,7,3,0.16595,0.08195,0,0
20242025,2024030153,8477402,STL,F,842,9,7,0.72051,0.27493,3,1
20242025,2024030153,8477504,WPG,D,878,11,17,0.40025,0.9745,2,4
20242025,2024030153,8477573,STL,F,490,2,8,0.03616,0.28778,1,2
20242025,2024030153,8478398,WPG,F,794,11,11,0.48995,0.8747,2,4
20242025,2024030153,8478891,WPG,F,591,11,6,0.33861,0.12056,2,0
20242025,2024030153,8479293,WPG,F,470,9,5,0.1741,0.0901,1,0
20242025,2024030153,8479378,WPG,D,720,9,4,0.28321,0.21053,2,1
20242025,2024030153,8479385,STL,F,719,10,7,0.49247,0.29996,2,2
20242025,2024030153,8479994,WPG,,433,3,4,0.11056,0.13664,1,1
20242025,2024030153,8480023,STL,F,819,11,10,0.82502,0.45196,3,2
20242025,2024030153,8480049,WPG,D,959,7,11,0.28685,0.42348,1,2
20242025,2024030153,8480074,STL,F,533,8,3,0.25978,0.04901,0,0
20242025,2024030153,8480113,WPG,F,741,9,10,0.36224,0.78451,1,3
20242025,2024030153,8480145,WPG,D,957,9,17,0.28517,1.0304,1,4
20242025,2024030153,8480281,STL,F,453,3,9,0.11575,0.32217,2,2
20242025,2024030153,8480289,WPG,F,490,2,7,0.10911,0.20528,1,1
20242025,2024030153,8481006,STL,D,739,9,10,0.24258,0.35167,1,3
20242025,2024030153,8481019,WPG,F,400,2,5,0.10869,0.1498,1,1
20242025,2024030153,8481598,STL,D,917,5,11,0.16074,0.39892,1,1
20242025,2024030153,8482089,STL,F,652,12,7,0.58274,0.32251,3,2
20242025,2024030153,8482149,WPG,F,654,3,11,0.15721,0.55748,1,3
20242025,2024030153,8482737,STL,F,552,5,3,0.06501,0.08171,0,0
20242025,2024030153,8483516,STL,,761,12,7,0.8357,0.27493,3,1
20242025,2024030154,8474568,WPG,D,764,5,7,0.17072,0.53104,1,3
20242025,2024030154,8475170,STL,F,848,12,12,1.25945,0.4065,5,2
20242025,2024030154,8475181,STL,D,1033,9,12,0.66434,0.41692,3,2
20242025,2024030154,8475753,STL,D,1149,9,16,0.50232,0.39549,2,3
20242025,2024030154,8475764,STL,D,1044,11,8,0.90314,0.25838,5,1
20242025,2024030154,8475799,WPG,F,800,12,10,0.29202,0.67036,2,3
20242025,2024030154,8476331,WPG,D,1235,18,10,0.30643,0.6975,1,3
20242025,2024030154,8476392,WPG,F,928,14,7,0.47515,0.6888,3,4
20242025,2024030154,8476460,WPG,F,881,6,13,0.2505,1.29054,1,6
20242025,2024030154,8476480,WPG,F,825,11,9,0.28144,0.61796,2,2
20242025,2024030154,8476889,STL,F,853,7,4,0.36337,0.04877,2,0
20242025,2024030154,8476892,STL,D,1081,13,8,1.26929,0.25838,6,1
20242025,2024030154,8476897,STL,F,744,7,13,0.61309,0.40676,4,1
20242025,2024030154,8477402,STL,F,898,7,9,0.36258,0.23051,2,3
20242025,2024030154,8477504,WPG,D,1169,17,9,0.30077,0.68689,1,3
20242025,2024030154,8477573,STL,F,794,8,4,0.56761,0.04877,3,0
20242025,2024030154,8477938,WPG,D,778,4,7,0.14971,0.29778,1,2
20242025,2024030154,8478398,WPG,F,865,5,12,0.23992,1.14353,1,5
20242025,2024030154,8478891,WPG,F,864,14,5,0.47515,0.32265,3,3
20242025,2024030154,8479293,WPG,F,593,6,4,0.07327,0.2048,0,0
20242025,2024030154,8479385,STL,F,806,11,11,1.14932,0.3977,4,2
20242025,2024030154,8479994,WPG,,609,6,4,0.07327,0.09313,0,0
20242025,2024030154,8480023,STL,F,924,7,10,0.36258,0.23931,2,3
20242025,2024030154,8480049,WPG,D,1346,15,14,0.62422,1.329,4,6
20242025,2024030154,8480074,STL,F,635,4,12,0.32827,0.39458,2,1
20242025,2024030154,8480113,WPG,F,813,4,9,0.0955,0.88469,1,5
20242025,2024030154,8480145,WPG,D,1193,15,13,0.60887,1.08513,4,5
20242025,2024030154,8480281,STL,F,889,7,4,0.49661,0.04877,3,0
20242025,2024030154,8480289,WPG,F,900,14,4,0.47515,0.29498,3,3
20242025,2024030154,8481006,STL,D,942,8,13,0.54206,0.42649,3,2
20242025,2024030154,8481019,WPG,F,538,6,3,0.07327,0.08252,0,0
20242025,2024030154,8481598,STL,D,1114,10,17,0.74619,0.40506,3,3
20242025,2024030154,8482089,STL,F,853,12,12,1.12621,0.4065,4,2
20242025,2024030154,8482149,WPG,F,859,13,10,0.43644,0.64705,2,2
20242025,2024030154,8482737,STL,F,648,3,12,0.12403,0.4534,1,2
20242025,2024030154,8483516,STL,,933,5,8,0.18789,0.15951,1,2
20242025,2024030155,8470600,STL,D,999,7,18,0.43654,1.1977,3,6
20242025,2024030155,8474568,WPG,D,876,9,8,0.56066,0.68266,3,5
20242025,2024030155,8475170,STL,F,911,10,11,0.67733,0.39461,5,1
20242025,2024030155,8475181,STL,D,890,9,15,0.69158,0.87017,4,3
20242025,2024030155,8475753,STL,D,1122,13,10,0.52691,0.70298,4,4
20242025,2024030155,8475764,STL,D,1190,14,11,1.0757,0.61635,8,5
20242025,2024030155,8475799,WPG,F,855,11,15,0.39903,0.94976,2,7
20242025,2024030155,8476331,WPG,D,1205,13,15,0.41274,0.96177,2,8
20242025,2024030155,8476392,WPG,F,1042,12,14,0.83168,0.68705,4,3
20242025,2024030155,8476460,WPG,F,434,2,2,0.18879,0.10835,1,1
20242025,2024030155,8476480,WPG,F,943,15,6,1.10374,0.41114,8,4
20242025,2024030155,8476889,STL,F,702,11,11,0.75049,0.77437,7,6
20242025,2024030155,8476892,STL,D,1171,12,12,0.82158,0.73205,5,6
20242025,2024030155,8476897,STL,F,714,5,7,0.20324,0.4526,1,2
20242025,2024030155,8477402,STL,F,966,5,10,0.20236,0.74481,1,5
20242025,2024030155,8477504,WPG,D,1452,18,16,0.85328,0.97697,4,8
20242025,2024030155,8477573,STL,F,666,13,7,0.85495,0.62433,7,4
20242025,2024030155,8478398,WPG,F,1129,13,8,1.09116,0.51949,7,5
20242025,2024030155,8478891,WPG,F,847,14,13,0.71561,0.74205,3,5
20242025,2024030155,8479293,WPG,F,546,6,6,0.3129,0.42026,2,3
20242025,2024030155,8479378,WPG,D,587,2,6,0.15017,0.43312,1,4
20242025,2024030155,8479385,STL,F,901,9,13,0.78103,0.603,6,3
20242025,2024030155,8479994,WPG,,538,6,8,0.3129,0.62797,2,5
20242025,2024030155,8480014,WPG,F,1060,11,8,0.79834,0.51949,6,5
20242025,2024030155,8480023,STL,F,1008,6,10,0.3848,0.79293,2,5
20242025,2024030155,8480049,WPG,D,1297,19,11,1.68911,0.60029,11,3
20242025,2024030155,8480074,STL,F,753,6,9,0.22394,0.71665,1,5
20242025,2024030155,8480113,WPG,F,809,9,5,0.74626,0.18797,4,0
20242025,2024030155,8480145,WPG,D,985,17,12,1.43274,0.50015,9,2
20242025,2024030155,8480281,STL,F,753,16,8,1.12519,0.67146,8,4
20242025,2024030155,8480289,WPG,F,826,10,12,0.42514,0.87094,2,7
20242025,2024030155,8481598,STL,D,1010,13,12,0.60265,0.97945,6,6
20242025,2024030155,8482089,STL,F,1009,9,13,0.61379,0.49205,5,2
20242025,2024030155,8482149,WPG,F,795,8,5,0.7225,0.18797,4,0
20242025,2024030155,8482737,STL,F,644,4,7,0.13614,0.48639,1,2
20242025,2024030155,8483516,STL,,832,8,11,0.27918,0.89485,1,6
20242025,2024030156,8470600,STL,D,650,10,6,0.75006,0.15504,3,1
20242025,2024030156,8474568,WPG,D,648,9,11,0.45829,0.96372,4,6
20242025,2024030156,8475170,STL,F,704,6,9,0.46805,0.50661,2,4
20242025,2024030156,8475181,STL,D,389,7,2,0.63232,0.04649,3,0
20242025,2024030156,8475753,STL,D,981,7,11,0.58759,0.45045,2,3
20242025,2024030156,8475764,STL,D,954,9,10,0.85634,0.5875,5,7
20242025,2024030156,8475799,WPG,F,668,5,10,0.16228,0.78714,1,3
20242025,2024030156,8476331,WPG,D,713,3,10,0.10345,0.95904,1,5
20242025,2024030156,8476392,WPG,F,750,10,2,0.52902,0.09146,4,0
20242025,2024030156,8476480,WPG,F,694,7,6,0.35261,0.67223,5,4
20242025,2024030156,8476889,STL,F,550,7,7,0.51661,0.3649,3,4
20242025,2024030156,8476892,STL,D,972,11,9,0.98105,0.54323,6,7
20242025,2024030156,8476897,STL,F,550,5,3,0.2929,0.05568,1,0
20242025,2024030156,8476952,WPG,,406,5,6,0.19185,0.47829,1,2
20242025,2024030156,8477402,STL,F,708,7,7,0.77109,0.32222,4,4
20242025,2024030156,8477504,WPG,D,1086,8,9,0.26914,0.96052,3,5
20242025,2024030156,8477573,STL,F,515,7,6,0.51661,0.23513,3,2
20242025,2024030156,8477940,WPG,F,658,9,3,0.51656,0.26525,4,1
20242025,2024030156,8478398,WPG,F,771,6,6,0.3365,0.60342,5,4
20242025,2024030156,8478472,STL,F,468,7,2,0.48835,0.09492,2,1
20242025,2024030156,8478891,WPG,F,681,6,8,0.1736,0.53921,1,2
20242025,2024030156,8479293,WPG,F,462,3,7,0.05416,0.58657,0,3
20242025,2024030156,8479378,WPG,D,509,6,6,0.20958,0.44093,1,2
20242025,2024030156,8479385,STL,F,708,5,7,0.43349,0.40327,2,4
20242025,2024030156,8480014,WPG,F,744,6,7,0.3365,0.87874,5,5
20242025,2024030156,8480023,STL,F,828,8,9,0.96482,0.35079,5,4
20242025,2024030156,8480049,WPG,D,966,14,9,0.76926,0.72034,7,3
20242025,2024030156,8480113,WPG,F,506,2,6,0.04649,0.47829,0,2
20242025,2024030156,8480145,WPG,D,1051,8,7,0.3615,0.44021,4,1
20242025,2024030156,8480281,STL,F,499,6,5,0.51489,0.1494,3,1
20242025,2024030156,8480289,WPG,F,587,4,13,0.0407,1.00212,0,5
20242025,2024030156,8481598,STL,D,814,8,10,0.6774,0.38851,3,2
20242025,2024030156,8482089,STL,F,658,6,8,0.46805,0.4905,2,4
20242025,2024030156,8482149,WPG,F,568,9,4,0.51656,0.34442,4,2
20242025,2024030156,8482737,STL,F,727,7,1,0.63461,0.00919,3,0
20242025,2024030156,8483516,STL,,753,7,7,0.65767,0.25811,3,2
20242025,2024030157,8470600,STL,D,694,7,7,0.15618,0.14147,1,0
20242025,2024030157,8474568,WPG,D,988,13,10,0.64454,0.58937,3,1
20242025,2024030157,8475170,STL,F,1048,6,14,0.37243,0.79173,2,5
20242025,2024030157,8475181,STL,D,694,8,9,0.22842,0.30482,2,1
20242025,2024030157,8475753,STL,D,1346,6,15,0.15025,0.77733,0,4
20242025,2024030157,8475764,STL,D,1391,22,11,1.72011,0.35107,8,2
20242025,2024030157,8475799,WPG,F,698,11,5,0.27011,0.25283,1,1
20242025,2024030157,8476331,WPG,D,1218,16,14,0.50536,0.89117,2,5
20242025,2024030157,8476392,WPG,F,1157,15,9,0.66496,0.36247,3,1
20242025,2024030157,8476480,WPG,F,834,8,10,0.42361,0.7523,2,3
20242025,2024030157,8476889,STL,F,863,7,8,0.18969,0.37767,1,2
20242025,2024030157,8476892,STL,D,1470,21,13,1.64787,0.51442,7,3
20242025,2024030157,8476897,STL,F,807,12,10,0.58263,0.38907,2,1
20242025,2024030157,8476952,WPG,,505,2,7,0.0578,0.30463,1,1
20242025,2024030157,8477402,STL,F,1070,14,6,1.25832,0.16147,6,0
20242025,2024030157,8477504,WPG,D,129,0,3,0.0,0.29134,0,1
20242025,2024030157,8477573,STL,F,853,8,8,0.33359,0.30723,1,2
20242025,2024030157,8477938,WPG,D,1279,12,12,0.4974,0.71804,2,4
20242025,2024030157,8477940,WPG,F,982,9,8,0.4466,0.59231,2,3
20242025,2024030157,8478398,WPG,F,1268,14,13,0.71585,0.83802,4,4
20242025,2024030157,8478472,STL,F,754,9,11,0.45912,0.39722,2,2
20242025,2024030157,8478891,WPG,F,652,8,6,0.20073,0.20945,1,0
20242025,2024030157,8479293,WPG,F,572,1,9,0.00066,0.34338,0,1
20242025,2024030157,8479385,STL,F,801,9,5,0.72583,0.09547,3,0
20242025,2024030157,8480014,WPG,F,1094,9,15,0.27408,0.9865,1,4
20242025,2024030157,8480023,STL,F,1047,13,7,1.0268,0.17432,5,0
20242025,2024030157,8480049,WPG,D,1490,15,13,0.746,0.62262,4,2
20242025,2024030157,8480113,WPG,F,788,7,7,0.33823,0.30468,2,2
20242025,2024030157,8480145,WPG,D,1642,14,18,0.47314,0.94054,3,5
20242025,2024030157,8480281,STL,F,716,5,8,0.10587,0.3849,0,3
20242025,2024030157,8480289,WPG,F,834,10,9,0.28685,0.60714,1,4
20242025,2024030157,8481598,STL,D,1206,6,15,0.15025,0.77733,0,4
20242025,2024030157,8482089,STL,F,981,8,14,0.21494,0.70414,1,4
20242025,2024030157,8482149,WPG,F,1057,11,7,0.62018,0.52591,3,3
20242025,2024030157,8482737,STL,F,570,7,6,0.43429,0.17665,2,0
20242025,2024030157,8483516,STL,,682,7,8,0.37611,0.33979,2,2
20242025,2024030161,8473446,COL,D,639,7,8,0.64326,0.37392,3,2
20242025,2024030161,8473994,DAL,F,595,4,8,0.18722,0.25805,2,2
20242025,2024030161,8474149,DAL,F,618,4,5,0.24025,0.33612,2,1
20242025,2024030161,8475168,DAL,F,905,10,8,0.80924,0.49579,4,3
20242025,2024030161,8475745,COL,F,555,3,9,0.41929,0.63012,1,4
20242025,2024030161,8475754,COL,F,822,7,9,0.23232,0.65217,2,5
20242025,2024030161,8475755,DAL,,664,6,5,0.45261,0.57749,3,2
20242025,2024030161,8475794,DAL,F,797,10,9,0.80924,0.52978,4,3
20242025,2024030161,8475798,DAL,F,714,2,7,0.19044,0.3691,1,1
20242025,2024030161,8476312,COL,D,949,13,9,0.73173,0.64029,4,4
20242025,2024030161,8476879,DAL,D,917,8,22,0.22456,1.16925,2,4
20242025,2024030161,8476902,DAL,D,1005,2,18,0.08216,0.73556,1,2
20242025,2024030161,8477476,COL,F,904,18,5,1.123,0.11088,6,0
20242025,2024030161,8477492,COL,F,957,18,4,1.123,0.09618,6,0
20242025,2024030161,8477494,COL,F,886,6,7,0.12402,0.38438,1,4
20242025,2024030161,8477501,COL,F,992,6,8,0.12402,0.62305,1,5
20242025,2024030161,8478038,COL,D,1121,16,6,0.80655,0.37896,4,3
20242025,2024030161,8478420,DAL,F,797,4,10,0.18722,0.30201,2,2
20242025,2024030161,8478449,DAL,F,783,4,7,0.2976,0.49421,2,2
20242025,2024030161,8478975,DAL,F,758,10,9,0.80924,0.52978,4,3
20242025,2024030161,8479324,COL,D,949,10,9,0.61674,0.7997,3,4
20242025,2024030161,8479351,DAL,F,660,6,11,0.19157,0.93025,2,4
20242025,2024030161,8479398,COL,D,858,11,9,0.86488,0.48259,4,5
20242025,2024030161,8479525,COL,F,298,2,4,0.05749,0.34545,0,2
20242025,2024030161,8480039,COL,F,977,18,4,1.123,0.09618,6,0
20242025,2024030161,8480069,COL,D,1149,13,4,0.83288,0.09618,4,0
20242025,2024030161,8480448,COL,F,452,8,0,0.83521,0.0,3,0
20242025,2024030161,8480835,COL,F,548,8,0,0.83521,0.0,3,0
20242025,2024030161,8480840,DAL,F,566,6,10,0.19157,1.07754,2,5
20242025,2024030161,8480950,DAL,D,1124,11,9,0.77919,0.66938,4,6
20242025,2024030161,8481186,COL,F,685,8,6,0.58171,0.53776,3,3
20242025,2024030161,8481581,DAL,D,1268,13,11,0.84347,0.76687,6,6
20242025,2024030161,8481641,COL,F,526,3,9,0.16579,0.64454,1,4
20242025,2024030161,8482145,DAL,F,604,4,11,0.14176,1.09109,1,5
20242025,2024030161,8482740,DAL,F,824,2,10,0.08006,0.33034,1,2
20242025,2024030161,8483425,DAL,D,673,4,5,0.37495,0.57749,2,2
20242025,2024030162,8473446,COL,D,693,8,7,0.22518,0.39893,2,1
20242025,2024030162,8473994,DAL,F,695,14,6,1.11042,0.35348,6,1
20242025,2024030162,8474149,DAL,F,668,13,3,1.01709,0.0137,6,0
20242025,2024030162,8475168,DAL,F,819,7,10,0.34116,0.60271,0,3
20242025,2024030162,8475745,COL,F,622,5,5,0.02424,0.53449,0,2
20242025,2024030162,8475754,COL,F,802,11,7,0.48536,0.25639,1,1
20242025,2024030162,8475755,DAL,,648,8,4,0.70197,0.22975,2,2
20242025,2024030162,8475794,DAL,F,839,8,10,0.38168,0.60271,0,3
20242025,2024030162,8475798,DAL,F,927,8,7,0.62042,0.17258,2,1
20242025,2024030162,8476278,DAL,F,476,7,9,0.56663,0.53258,3,4
20242025,2024030162,8476312,COL,D,1001,11,13,0.43043,1.05594,1,3
20242025,2024030162,8476879,DAL,D,1065,17,14,1.41019,0.69495,8,4
20242025,2024030162,8476902,DAL,D,1206,15,16,1.36609,0.73148,8,4
20242025,2024030162,8477425,COL,F,536,5,5,0.02424,0.53449,0,2
20242025,2024030162,8477476,COL,F,894,11,15,0.71758,1.15357,3,5
20242025,2024030162,8477492,COL,F,972,12,19,0.7828,1.62724,4,8
20242025,2024030162,8477494,COL,F,852,12,7,0.49275,0.28168,1,1
20242025,2024030162,8477501,COL,F,969,12,11,0.55058,0.73006,2,4
20242025,2024030162,8478038,COL,D,1292,15,19,1.08878,1.39551,5,9
20242025,2024030162,8478420,DAL,F,979,10,12,0.7689,0.44102,3,1
20242025,2024030162,8478449,DAL,F,860,8,7,0.62042,0.17258,2,1
20242025,2024030162,8478975,DAL,F,833,9,14,0.42169,0.83718,0,4
20242025,2024030162,8479324,COL,D,1067,12,8,0.4121,0.46003,3,0
20242025,2024030162,8479351,DAL,F,646,12,7,0.85814,0.31368,6,3
20242025,2024030162,8479398,COL,D,774,8,11,0.28374,0.81232,2,2
20242025,2024030162,8480039,COL,F,904,10,16,0.68175,1.44506,3,7
20242025,2024030162,8480069,COL,D,1174,14,18,0.73979,1.34587,3,9
20242025,2024030162,8480448,COL,F,598,6,7,0.29761,0.31618,3,1
20242025,2024030162,8480835,COL,F,644,6,7,0.29761,0.31618,3,1
20242025,2024030162,8480840,DAL,F,535,7,7,0.58177,0.22677,4,2
20242025,2024030162,8480950,DAL,D,1010,13,15,0.6148,0.63071,2,2
20242025,2024030162,8481186,COL,F,726,7,10,0.39127,0.47307,4,2
20242025,2024030162,8481581,DAL,D,1302,16,13,0.74079,0.3975,2,1
20242025,2024030162,8481641,COL,F,565,5,5,0.02424,0.53449,0,2
20242025,2024030162,8482740,DAL,F,880,11,10,0.91458,0.50104,4,1
20242025,2024030162,8483425,DAL,D,728,7,6,0.63476,0.49563,2,3
20242025,2024030163,8473994,DAL,F,806,5,9,0.12753,0.32593,0,1
20242025,2024030163,8474149,DAL,F,770,4,6,0.0866,0.16735,0,1
20242025,2024030163,8475168,DAL,F,738,10,8,0.32485,0.81808,1,6
20242025,2024030163,8475745,COL,F,577,9,4,0.31281,0.15925,1,1
20242025,2024030163,8475754,COL,F,784,8,7,1.04144,0.1817,5,1
20242025,2024030163,8475755,DAL,,736,7,6,0.38627,0.45411,3,3
20242025,2024030163,8475794,DAL,F,643,7,8,0.27208,0.81808,1,6
20242025,2024030163,8475798,DAL,F,876,16,11,1.15706,1.11113,7,6
20242025,2024030163,8476278,DAL,F,498,1,8,0.01629,0.18734,0,0
20242025,2024030163,8476312,COL,D,965,10,10,1.28751,0.45106,7,3
20242025,2024030163,8476455,COL,,650,12,3,0.70568,0.03342,3,0
20242025,2024030163,8476879,DAL,D,954,6,13,0.1913,1.08287,1,6
20242025,2024030163,8476902,DAL,D,1077,7,13,0.22224,1.01693,1,5
20242025,2024030163,8477476,COL,F,848,9,7,1.00681,0.31839,6,2
20242025,2024030163,8477492,COL,F,1147,13,13,0.41977,0.86532,2,4
20242025,2024030163,8477494,COL,F,794,7,10,0.23226,0.76039,2,4
20242025,2024030163,8477501,COL,F,899,10,5,1.01382,0.27095,6,2
20242025,2024030163,8478038,COL,D,1149,12,10,0.50132,0.55355,2,2
20242025,2024030163,8478420,DAL,F,1000,16,10,1.04746,0.98858,7,5
20242025,2024030163,8478449,DAL,F,803,15,7,1.01855,0.70583,6,3
20242025,2024030163,8478975,DAL,F,704,5,7,0.11946,0.71627,0,5
20242025,2024030163,8479324,COL,D,864,8,12,0.69948,0.66933,4,5
20242025,2024030163,8479351,DAL,F,541,2,7,0.0778,0.18047,1,0
20242025,2024030163,8479398,COL,D,840,10,7,0.83891,0.29077,3,2
20242025,2024030163,8480039,COL,F,910,6,11,0.15676,0.80252,1,4
20242025,2024030163,8480069,COL,D,1233,15,13,0.64485,0.73116,5,3
20242025,2024030163,8480448,COL,F,567,4,8,0.23646,0.33994,1,2
20242025,2024030163,8480835,COL,F,598,6,7,0.55539,0.27929,4,2
20242025,2024030163,8480840,DAL,F,363,2,5,0.0778,0.04774,1,0
20242025,2024030163,8480950,DAL,D,1120,15,12,0.87457,0.62164,4,3
20242025,2024030163,8481186,COL,F,590,4,8,0.30495,0.31431,2,2
20242025,2024030163,8481581,DAL,D,1288,13,17,0.8543,1.11754,5,7
20242025,2024030163,8481641,COL,F,465,8,1,0.55748,0.03094,3,0
20242025,2024030163,8482740,DAL,F,889,1,10,0.03094,0.47683,0,3
20242025,2024030163,8483425,DAL,D,621,8,3,0.3756,0.06933,2,0
20242025,2024030163,8484258,COL,D,630,9,4,0.39035,0.20841,3,1
20242025,2024030164,8473994,DAL,F,777,8,18,0.34505,1.13619,3,6
20242025,2024030164,8474149,DAL,F,646,4,15,0.09285,1.0603,1,6
20242025,2024030164,8475168,DAL,F,885,5,16,0.26856,0.99355,1,5
20242025,2024030164,8475745,COL,F,594,8,5,0.45036,0.1059,3,2
20242025,2024030164,8475754,COL,F,863,24,6,1.05914,0.19209,4,0
20242025,2024030164,8475755,DAL,,1005,9,16,0.28095,1.08622,2,4
20242025,2024030164,8475794,DAL,F,548,2,13,0.05601,1.12656,0,7
20242025,2024030164,8475798,DAL,F,845,7,17,0.33792,0.99104,1,6
20242025,2024030164,8476278,DAL,F,744,8,15,0.36669,1.13478,3,4
20242025,2024030164,8476312,COL,D,952,16,7,1.09461,0.20012,3,1
20242025,2024030164,8476455,COL,,832,19,2,0.72223,0.07129,2,0
20242025,2024030164,8476879,DAL,D,1100,5,31,0.32003,1.87207,2,8
20242025,2024030164,8476902,DAL,D,961,3,29,0.15489,1.85046,1,8
20242025,2024030164,8477476,COL,F,748,20,11,1.63825,0.60547,9,4
20242025,2024030164,8477492,COL,F,1028,26,12,1.93694,0.69342,10,4
20242025,2024030164,8477494,COL,F,552,7,4,0.43057,0.10009,3,2
20242025,2024030164,8477501,COL,F,867,23,4,0.94186,0.09833,2,0
20242025,2024030164,8478038,COL,D,982,20,7,1.33219,0.27705,8,2
20242025,2024030164,8478420,DAL,F,978,7,16,0.19286,0.79547,1,3
20242025,2024030164,8478449,DAL,F,835,6,12,0.18061,0.72236,1,5
20242025,2024030164,8478975,DAL,F,729,4,15,0.12565,0.90272,0,4
20242025,2024030164,8479324,COL,D,970,13,7,0.59063,0.19927,3,0
20242025,2024030164,8479351,DAL,F,714,6,14,0.11371,1.1013,2,4
20242025,2024030164,8479398,COL,D,1084,27,9,1.98938,0.42467,9,4
20242025,2024030164,8480039,COL,F,915,24,11,1.89177,0.67332,12,4
20242025,2024030164,8480069,COL,D,1167,25,11,1.65003,0.4614,11,4
20242025,2024030164,8480448,COL,F,718,8,5,0.78007,0.09823,3,1
20242025,2024030164,8480835,COL,F,707,7,3,0.75206,0.02331,3,0
20242025,2024030164,8480950,DAL,D,957,11,18,0.43213,1.15154,3,8
20242025,2024030164,8481186,COL,F,609,8,4,0.78007,0.04341,3,0
20242025,2024030164,8481581,DAL,D,1147,12,18,0.48512,1.13536,3,8
20242025,2024030164,8481641,COL,F,670,12,5,0.74949,0.05802,6,1
20242025,2024030164,8482145,DAL,F,708,11,16,0.59012,1.01651,4,4
20242025,2024030164,8482740,DAL,F,865,4,19,0.09285,1.15203,1,6
20242025,2024030164,8483425,DAL,D,849,8,12,0.1688,0.99289,1,4
20242025,2024030164,8484258,COL,D,936,23,7,1.4317,0.27941,6,1
20242025,2024030165,8473994,DAL,F,827,7,8,0.26791,0.27994,1,2
20242025,2024030165,8474149,DAL,F,776,9,7,0.5461,0.27087,2,2
20242025,2024030165,8475168,DAL,F,692,8,9,0.51507,0.54954,3,5
20242025,2024030165,8475745,COL,F,709,6,11,0.19403,0.90683,1,5
20242025,2024030165,8475754,COL,F,799,11,11,0.56945,1.04208,7,5
20242025,2024030165,8475755,DAL,,748,9,5,0.45126,0.18537,2,1
20242025,2024030165,8475794,DAL,F,656,6,9,0.3607,0.41378,2,4
20242025,2024030165,8475798,DAL,F,694,9,17,0.96082,1.3201,5,9
20242025,2024030165,8476278,DAL,F,580,4,5,0.10839,0.2048,0,1
20242025,2024030165,8476312,COL,D,948,18,8,1.09745,1.00793,9,5
20242025,2024030165,8476455,COL,,797,16,9,0.83587,0.87634,9,4
20242025,2024030165,8476879,DAL,D,1102,9,17,0.48402,1.34806,2,9
20242025,2024030165,8476902,DAL,D,1080,8,13,0.46602,1.02132,2,6
20242025,2024030165,8477476,COL,F,800,9,7,0.7985,0.30373,5,1
20242025,2024030165,8477492,COL,F,902,17,7,1.10669,0.39156,7,1
20242025,2024030165,8477494,COL,F,821,7,11,0.27172,0.86098,2,5
20242025,2024030165,8477501,COL,F,760,11,9,0.77155,0.9395,7,4
20242025,2024030165,8478038,COL,D,962,12,10,0.88689,0.91695,8,5
20242025,2024030165,8478420,DAL,F,772,9,16,1.07133,1.37016,6,10
20242025,2024030165,8478449,DAL,F,758,10,16,1.31176,1.2913,7,9
20242025,2024030165,8478975,DAL,F,787,7,14,0.36678,0.68138,2,6
20242025,2024030165,8479324,COL,D,851,13,8,0.5114,0.59009,3,3
20242025,2024030165,8479351,DAL,F,584,4,2,0.28132,0.02446,1,0
20242025,2024030165,8479398,COL,D,826,12,11,0.8782,0.75849,6,3
20242025,2024030165,8480039,COL,F,803,13,7,0.80003,0.39156,6,1
20242025,2024030165,8480069,COL,D,1063,14,9,0.92263,0.67064,6,3
20242025,2024030165,8480448,COL,F,590,7,3,0.44132,0.15804,1,1
20242025,2024030165,8480835,COL,F,610,6,3,0.49138,0.33578,2,2
20242025,2024030165,8480840,DAL,F,546,3,1,0.10231,0.02277,0,0
20242025,2024030165,8480950,DAL,D,935,10,19,1.00137,1.02201,5,9
20242025,2024030165,8481186,COL,F,646,7,5,0.50183,0.47046,2,3
20242025,2024030165,8481581,DAL,D,1127,12,19,1.55532,1.00985,8,9
20242025,2024030165,8481641,COL,F,519,5,5,0.23806,0.37552,2,2
20242025,2024030165,8482740,DAL,F,895,10,9,0.74047,0.47053,3,3
20242025,2024030165,8483425,DAL,D,663,11,4,0.8135,0.11381,4,0
20242025,2024030165,8484258,COL,D,868,6,11,0.28305,0.40797,2,2
20242025,2024030166,8473994,DAL,F,713,9,14,0.27776,0.92678,1,7
20242025,2024030166,8474149,DAL,F,706,7,14,0.25108,0.93061,1,7
20242025,2024030166,8475168,DAL,F,962,12,14,0.40007,0.72415,2,6
20242025,2024030166,8475745,COL,F,524,9,8,0.34392,0.21793,2,1
20242025,2024030166,8475754,COL,F,1067,12,12,0.89641,0.63247,9,3
20242025,2024030166,8475755,DAL,,887,8,10,0.14256,0.53011,0,3
20242025,2024030166,8475794,DAL,F,907,12,16,0.40815,0.79774,2,6
20242025,2024030166,8475798,DAL,F,987,14,15,0.75029,0.88307,3,5
20242025,2024030166,8476278,DAL,F,602,5,17,0.13621,1.01223,1,7
20242025,2024030166,8476312,COL,D,974,10,13,0.60548,0.39969,4,2
20242025,2024030166,8476455,COL,,960,15,12,0.93806,0.57324,8,3
20242025,2024030166,8476879,DAL,D,1299,14,32,0.60942,1.99888,3,14
20242025,2024030166,8476902,DAL,D,1293,12,29,0.57922,1.86859,3,13
20242025,2024030166,8477476,COL,F,1038,24,10,1.4119,0.41028,10,1
20242025,2024030166,8477492,COL,F,1099,29,10,1.85299,0.44951,12,2
20242025,2024030166,8477494,COL,F,583,11,9,0.46602,0.33629,3,2
20242025,2024030166,8477501,COL,F,1025,12,12,0.87874,0.72192,8,4
20242025,2024030166,8478038,COL,D,1312,29,11,2.03213,0.42387,14,1
20242025,2024030166,8478420,DAL,F,984,11,15,0.65875,0.99789,3,6
20242025,2024030166,8478449,DAL,F,911,10,12,0.61139,0.73562,3,4
20242025,2024030166,8478975,DAL,F,862,10,15,0.32843,0.78099,2,6
20242025,2024030166,8479324,COL,D,1018,18,11,0.78362,0.59486,4,4
20242025,2024030166,8479351,DAL,F,725,4,22,0.13751,1.44286,1,10
20242025,2024030166,8479398,COL,D,994,18,15,1.11405,0.7172,9,4
20242025,2024030166,8480039,COL,F,996,30,8,1.83542,0.28842,13,1
20242025,2024030166,8480069,COL,D,1431,31,14,1.98839,0.56331,14,2
20242025,2024030166,8480448,COL,F,694,13,6,0.87587,0.17418,4,1
20242025,2024030166,8480835,COL,F,663,13,6,0.67646,0.17418,3,1
20242025,2024030166,8480840,DAL,F,691,3,20,0.11761,1.2465,1,9
20242025,2024030166,8480950,DAL,D,1079,14,27,0.67099,1.72367,4,12
20242025,2024030166,8481186,COL,F,649,12,8,0.71996,0.24582,3,1
20242025,2024030166,8481581,DAL,D,1439,19,26,0.83924,1.34863,4,10
20242025,2024030166,8481641,COL,F,474,9,8,0.36997,0.21793,3,1
20242025,2024030166,8482740,DAL,F,880,10,14,0.32512,0.79959,1,5
20242025,2024030166,8483425,DAL,D,390,6,3,0.12665,0.10099,0,0
20242025,2024030166,8484258,COL,D,728,20,7,1.05951,0.22935,7,1
20242025,2024030167,8473994,DAL,F,545,5,8,0.44799,0.16507,3,0
20242025,2024030167,8474149,DAL,F,593,5,11,0.44799,0.42623,3,1
20242025,2024030167,8475168,DAL,F,814,5,8,0.2083,0.38899,1,2
20242025,2024030167,8475745,COL,F,340,6,0,0.3774,0.0,4,0
20242025,2024030167,8475754,COL,F,895,6,10,0.11979,0.44632,0,2
20242025,2024030167,8475755,DAL,,702,7,6,0.27093,0.29067,0,1
20242025,2024030167,8475794,DAL,F,672,4,4,0.10317,0.25499,1,1
20242025,2024030167,8475798,DAL,F,733,8,12,0.68178,0.75846,3,4
20242025,2024030167,8476278,DAL,F,300,3,3,0.02262,0.1539,0,2
20242025,2024030167,8476312,COL,D,953,9,7,0.19205,0.14745,1,1
20242025,2024030167,8476455,COL,,971,7,9,0.13966,0.42988,0,2
20242025,2024030167,8476879,DAL,D,1079,7,15,0.54839,0.58301,4,4
20242025,2024030167,8476902,DAL,D,1042,5,13,0.50045,0.54413,4,4
20242025,2024030167,8477476,COL,F,848,9,10,0.38493,0.63058,2,5
20242025,2024030167,8477492,COL,F,1011,11,9,0.66148,0.61414,3,5
20242025,2024030167,8477494,COL,F,374,5,2,0.35753,0.11742,4,0
20242025,2024030167,8477501,COL,F,849,7,8,0.13966,0.3289,0,2
20242025,2024030167,8478038,COL,D,920,14,9,0.68491,0.60074,5,4
20242025,2024030167,8478420,DAL,F,1017,11,13,0.85214,0.62381,4,4
20242025,2024030167,8478449,DAL,F,854,6,11,0.56436,0.55795,3,3
20242025,2024030167,8478975,DAL,F,679,6,5,0.20979,0.295,1,1
20242025,2024030167,8479324,COL,D,811,7,6,0.29876,0.21886,2,2
20242025,2024030167,8479351,DAL,F,534,7,4,0.20527,0.16043,1,2
20242025,2024030167,8479398,COL,D,726,10,6,0.60303,0.58831,2,2
20242025,2024030167,8480039,COL,F,878,9,9,0.38493,0.60818,2,5
20242025,2024030167,8480069,COL,D,1151,14,9,0.55714,0.60074,4,4
20242025,2024030167,8480448,COL,F,682,10,4,0.57681,0.36546,2,1
20242025,2024030167,8480835,COL,F,619,8,4,0.30026,0.36546,1,1
20242025,2024030167,8480840,DAL,F,610,4,5,0.08636,0.21976,1,3
20242025,2024030167,8480950,DAL,D,791,9,8,0.6066,0.5175,4,2
20242025,2024030167,8481186,COL,F,660,10,4,0.57681,0.37142,2,1
20242025,2024030167,8481581,DAL,D,1225,14,11,0.79488,0.62699,4,3
20242025,2024030167,8481641,COL,F,316,5,0,0.35753,0.0,4,0
20242025,2024030167,8482740,DAL,F,851,5,9,0.44799,0.3722,3,1
20242025,2024030167,8483425,DAL,D,557,4,9,0.13059,0.35556,0,2
20242025,2024030167,8484258,COL,D,705,8,9,0.58197,0.69574,2,3
20242025,2024030171,8474565,VGK,D,1203,23,13,1.16814,0.51963,8,3
20242025,2024030171,8474567,MIN,D,602,8,14,0.4142,0.66229,3,3
20242025,2024030171,8474679,MIN,F,580,5,6,0.21992,0.33947,2,2
20242025,2024030171,8474716,MIN,D,1175,18,13,0.51918,0.837,3,8
20242025,2024030171,8475149,MIN,F,977,14,16,0.67964,1.08104,5,10
20242025,2024030171,8475188,VGK,D,1179,12,22,0.71649,1.15418,7,9
20242025,2024030171,8475191,VGK,F,826,7,10,0.26578,0.39724,3,2
20242025,2024030171,8475220,MIN,F,725,2,7,0.01214,0.36873,0,2
20242025,2024030171,8475692,MIN,F,1067,12,18,0.56764,1.12624,3,10
20242025,2024030171,8475913,VGK,F,970,11,17,0.67538,0.69329,5,4
20242025,2024030171,8476438,VGK,F,820,17,7,0.92696,0.20572,6,2
20242025,2024030171,8476448,VGK,F,950,7,9,0.30477,0.35925,3,2
20242025,2024030171,8476463,MIN,D,1530,15,17,0.91853,0.83472,5,6
20242025,2024030171,8476881,VGK,F,838,16,4,0.80582,0.03157,5,0
20242025,2024030171,8477447,VGK,D,1158,12,20,0.72042,1.01802,7,7
20242025,2024030171,8477451,MIN,F,827,14,9,0.66189,0.53078,4,5
20242025,2024030171,8477919,MIN,F,735,5,17,0.32506,1.12939,2,9
20242025,2024030171,8477964,VGK,F,919,14,18,0.84642,0.73128,6,4
20242025,2024030171,8478109,VGK,F,835,7,9,0.26578,0.35925,3,2
20242025,2024030171,8478136,MIN,D,1156,12,13,0.22472,0.79342,1,7
20242025,2024030171,8478396,VGK,D,1277,23,15,1.18704,0.62056,8,3
20242025,2024030171,8478403,VGK,F,980,14,18,0.89931,0.73128,7,4
20242025,2024030171,8478434,VGK,F,836,12,9,0.53839,0.56565,3,3
20242025,2024030171,8478462,VGK,F,795,8,8,0.32513,0.5616,2,3
20242025,2024030171,8478493,MIN,F,1188,17,12,0.67006,0.32503,4,1
20242025,2024030171,8478508,MIN,F,645,8,11,0.37474,0.67456,2,5
20242025,2024030171,8478864,MIN,F,1240,18,12,0.79133,0.23996,4,0
20242025,2024030171,8479353,VGK,F,799,7,11,0.29587,0.73575,2,5
20242025,2024030171,8479638,MIN,F,536,6,9,0.26766,0.51605,2,4
20242025,2024030171,8479980,VGK,D,1018,9,8,0.42356,0.25726,2,1
20242025,2024030171,8480727,VGK,D,1117,11,9,0.45441,0.3202,2,1
20242025,2024030171,8481557,MIN,F,1261,19,12,0.80263,0.32503,4,1
20242025,2024030171,8481604,VGK,F,803,15,3,0.85548,0.02752,6,0
20242025,2024030171,8482079,MIN,F,730,6,7,0.20084,0.34983,1,2
20242025,2024030171,8482122,MIN,D,1623,22,17,1.21893,0.8783,7,7
20242025,2024030171,8484798,MIN,,741,9,15,0.42014,0.66331,3,3
20242025,2024030172,8474565,VGK,D,1312,15,13,0.6249,0.69961,2,4
20242025,2024030172,8474567,MIN,D,732,4,11,0.25076,0.68183,2,5
20242025,2024030172,8474679,MIN,F,945,9,13,0.60885,0.64399,4,2
20242025,2024030172,8474716,MIN,D,1259,12,15,0.93231,0.72581,5,4
20242025,2024030172,8475149,MIN,F,769,7,15,0.68339,0.78433,4,5
20242025,2024030172,8475188,VGK,D,979,17,11,1.06623,0.90493,8,5
20242025,2024030172,8475191,VGK,F,911,13,6,0.76048,0.16029,5,1
20242025,2024030172,8475220,MIN,F,995,10,14,0.61996,0.56565,4,2
20242025,2024030172,8475692,MIN,F,827,6,16,0.32785,0.86114,2,6
20242025,2024030172,8475913,VGK,F,1012,10,11,0.22163,0.91795,1,5
20242025,2024030172,8476438,VGK,F,954,19,11,0.93729,0.73857,4,5
20242025,2024030172,8476448,VGK,F,876,12,6,0.71357,0.16029,5,1
20242025,2024030172,8476463,MIN,D,1496,15,28,0.63579,1.284,3,5
20242025,2024030172,8476881,VGK,F,999,18,11,0.80079,0.73857,3,5
20242025,2024030172,8477447,VGK,D,1004,18,11,0.9886,0.89781,6,5
20242025,2024030172,8477451,MIN,F,988,9,14,0.61743,0.70964,4,2
20242025,2024030172,8477919,MIN,F,881,6,20,0.31927,1.08293,2,7
20242025,2024030172,8477964,VGK,F,882,18,8,1.05281,0.28162,6,1
20242025,2024030172,8478109,VGK,F,882,11,6,0.5676,0.16029,4,1
20242025,2024030172,8478136,MIN,D,1217,12,15,0.79248,0.70748,4,4
20242025,2024030172,8478396,VGK,D,1381,19,8,0.82248,0.2612,4,2
20242025,2024030172,8478403,VGK,F,968,12,9,0.39153,0.71783,1,4
20242025,2024030172,8478434,VGK,F,688,13,5,0.89041,0.13789,5,0
20242025,2024030172,8478462,VGK,F,773,13,7,0.81528,0.33801,5,1
20242025,2024030172,8478493,MIN,F,1119,15,10,1.00226,0.40889,5,1
20242025,2024030172,8478508,MIN,F,621,3,12,0.11587,0.68214,1,5
20242025,2024030172,8478864,MIN,F,1160,13,14,0.53548,0.64171,2,2
20242025,2024030172,8479353,VGK,F,753,6,8,0.11561,0.77422,0,4
20242025,2024030172,8479638,MIN,F,506,2,10,0.01482,0.52595,0,4
20242025,2024030172,8479980,VGK,D,1125,15,15,0.72428,0.80309,3,4
20242025,2024030172,8480727,VGK,D,1120,23,8,1.07227,0.34276,5,2
20242025,2024030172,8481557,MIN,F,1216,16,14,1.00318,0.64171,5,2
20242025,2024030172,8481604,VGK,F,965,18,11,0.80079,0.73857,3,5
20242025,2024030172,8482079,MIN,F,525,3,10,0.01574,0.47185,0,4
20242025,2024030172,8482122,MIN,D,1557,18,30,0.92492,1.35251,5,5
20242025,2024030172,8484798,MIN,,732,5,9,0.37314,0.59499,3,5
20242025,2024030173,8474565,VGK,D,801,10,13,0.42708,0.5719,0,1
20242025,2024030173,8474567,MIN,D,447,4,8,0.04283,0.2964,0,2
20242025,2024030173,8474679,MIN,F,563,1,12,0.02359,0.84692,0,3
20242025,2024030173,8474716,MIN,D,915,8,14,0.47483,0.71205,1,3
20242025,2024030173,8475149,MIN,F,504,1,5,0.00092,0.14195,0,0
20242025,2024030173,8475188,VGK,D,783,9,4,0.57965,0.19925,3,1
20242025,2024030173,8475191,VGK,F,485,6,5,0.26606,0.07228,0,0
20242025,2024030173,8475220,MIN,F,631,3,16,0.11081,0.93885,0,5
20242025,2024030173,8475692,MIN,F,651,2,6,0.01263,0.18546,0,1
20242025,2024030173,8475913,VGK,F,913,8,13,0.34557,0.53967,0,1
20242025,2024030173,8476438,VGK,F,653,9,3,0.66415,0.10102,3,0
20242025,2024030173,8476448,VGK,F,473,5,4,0.21163,0.05809,0,0
20242025,2024030173,8476463,MIN,D,1048,11,13,0.42127,0.81335,1,2
20242025,2024030173,8476881,VGK,F,741,10,3,0.77012,0.05928,3,0
20242025,2024030173,8477447,VGK,D,795,10,4,0.59317,0.19925,3,1
20242025,2024030173,8477451,MIN,F,683,2,17,0.08931,0.97936,0,4
20242025,2024030173,8477919,MIN,F,554,2,9,0.02242,0.25872,0,1
20242025,2024030173,8477964,VGK,F,752,10,13,0.48407,0.51729,1,1
20242025,2024030173,8478109,VGK,F,469,4,4,0.16077,0.03873,0,0
20242025,2024030173,8478136,MIN,D,1034,7,14,0.36167,0.71205,1,3
20242025,2024030173,8478396,VGK,D,881,9,14,0.41356,0.58609,0,1
20242025,2024030173,8478403,VGK,F,905,9,14,0.41798,0.70338,1,2
20242025,2024030173,8478434,VGK,F,446,11,2,0.45838,0.16873,3,1
20242025,2024030173,8478462,VGK,F,462,11,2,0.42207,0.02652,3,0
20242025,2024030173,8478493,MIN,F,856,13,7,0.49791,0.35366,1,1
20242025,2024030173,8478508,MIN,F,394,4,7,0.20442,0.37551,1,1
20242025,2024030173,8478864,MIN,F,825,14,8,0.50962,0.40809,1,1
20242025,2024030173,8479353,VGK,F,430,12,2,0.51281,0.16873,3,1
20242025,2024030173,8479638,MIN,F,390,4,7,0.20442,0.4282,1,2
20242025,2024030173,8479980,VGK,D,756,16,4,0.81507,0.04043,4,0
20242025,2024030173,8480727,VGK,D,855,16,5,0.81507,0.05462,4,0
20242025,2024030173,8481557,MIN,F,862,15,5,0.58513,0.21368,1,0
20242025,2024030173,8481604,VGK,F,747,11,1,0.81936,0.02359,4,0
20242025,2024030173,8482079,MIN,F,422,5,6,0.21613,0.335,1,2
20242025,2024030173,8482122,MIN,D,1006,10,12,0.30811,0.74578,1,2
20242025,2024030173,8484798,MIN,,495,4,9,0.04283,0.36397,0,2
20242025,2024030174,8474565,VGK,D,1110,17,14,0.65725,1.24097,3,6
20242025,2024030174,8474567,MIN,D,687,7,12,0.5254,0.87749,4,4
20242025,2024030174,8474679,MIN,F,446,2,4,0.18921,0.2226,1,1
20242025,2024030174,8474716,MIN,D,1030,5,15,0.21401,0.5155,2,3
20242025,2024030174,8475188,VGK,D,1083,17,3,1.16069,0.169,7,1
20242025,2024030174,8475191,VGK,F,742,13,5,0.83713,0.48313,5,2
20242025,2024030174,8475220,MIN,F,910,7,13,0.55839,0.64181,4,4
20242025,2024030174,8475692,MIN,F,952,7,15,0.55839,1.03363,4,6
20242025,2024030174,8475913,VGK,F,1009,14,8,0.54562,0.45906,4,3
20242025,2024030174,8476438,VGK,F,604,6,8,0.40763,0.53308,2,2
20242025,2024030174,8476448,VGK,F,901,12,5,0.91429,0.26155,5,2
20242025,2024030174,8476463,MIN,D,1218,14,14,1.20056,0.83677,5,5
20242025,2024030174,8476871,VGK,F,303,7,1,0.41548,0.12779,1,1
20242025,2024030174,8476881,VGK,F,911,7,10,0.36742,0.4397,2,2
20242025,2024030174,8476994,MIN,F,505,3,7,0.20264,0.38413,1,2
20242025,2024030174,8477447,VGK,D,1260,17,4,1.16069,0.30435,7,1
20242025,2024030174,8477451,MIN,F,936,7,13,0.55521,0.78961,3,5
20242025,2024030174,8477919,MIN,F,709,3,8,0.24472,0.50491,2,2
20242025,2024030174,8477964,VGK,F,942,18,6,0.89909,0.58539,5,2
20242025,2024030174,8478136,MIN,D,1163,6,16,0.53114,0.59758,2,3
20242025,2024030174,8478396,VGK,D,1052,16,15,0.70882,1.37632,3,6
20242025,2024030174,8478403,VGK,F,1138,14,10,0.59616,0.85178,4,5
20242025,2024030174,8478434,VGK,F,540,10,1,0.6742,0.12779,2,1
20242025,2024030174,8478462,VGK,F,690,15,3,0.65771,0.50043,2,2
20242025,2024030174,8478493,MIN,F,1042,7,16,0.54577,0.90163,3,5
20242025,2024030174,8478508,MIN,F,388,8,6,0.53876,0.19777,2,0
20242025,2024030174,8478864,MIN,F,1157,8,16,0.5981,1.01104,3,6
20242025,2024030174,8479353,VGK,F,663,6,7,0.44798,0.4692,3,4
20242025,2024030174,8479638,MIN,F,310,6,4,0.51695,0.13276,2,0
20242025,2024030174,8479980,VGK,D,704,7,7,0.41182,0.33914,2,3
20242025,2024030174,8480727,VGK,D,746,9,7,0.44233,0.33914,2,3
20242025,2024030174,8481557,MIN,F,1271,9,18,0.60648,0.91786,3,5
20242025,2024030174,8481604,VGK,F,879,5,11,0.25489,0.81448,1,4
20242025,2024030174,8482079,MIN,F,400,8,6,0.53876,0.19777,2,0
20242025,2024030174,8482122,MIN,D,1311,11,15,0.77241,0.91885,3,5
20242025,2024030174,8484798,MIN,,699,7,12,0.5254,0.87749,4,4
20242025,2024030175,8474565,VGK,D,937,12,9,0.45484,0.50311,2,4
20242025,2024030175,8474567,MIN,D,655,3,9,0.26057,0.35038,2,2
20242025,2024030175,8474679,MIN,F,475,6,5,0.29979,0.05454,1,0
20242025,2024030175,8474716,MIN,D,997,13,19,0.441,0.9867,3,7
20242025,2024030175,8475149,MIN,F,714,8,10,0.18252,0.52174,2,3
20242025,2024030175,8475188,VGK,D,898,10,8,0.51578,0.23843,2,1
20242025,2024030175,8475191,VGK,F,688,8,9,0.27529,0.36734,2,3
20242025,2024030175,8475220,MIN,F,634,8,7,0.45934,0.18703,2,1
20242025,2024030175,8475692,MIN,F,817,10,10,0.38801,0.47986,3,2
20242025,2024030175,8475750,MIN,D,622,2,10,0.18444,0.37412,1,1
20242025,2024030175,8475913,VGK,F,932,10,6,0.57276,0.25691,4,2
20242025,2024030175,8476438,VGK,F,762,8,6,0.48105,0.25691,3,2
20242025,2024030175,8476448,VGK,F,836,10,4,0.532,0.0425,2,0
20242025,2024030175,8476463,MIN,D,1054,10,8,0.47307,0.28973,3,0
20242025,2024030175,8476871,VGK,F,354,7,6,0.14,0.43328,0,2
20242025,2024030175,8476881,VGK,F,933,8,9,0.50178,0.27254,4,2
20242025,2024030175,8477447,VGK,D,978,13,7,0.66116,0.21526,3,1
20242025,2024030175,8477451,MIN,F,826,6,10,0.11535,0.54547,1,4
20242025,2024030175,8477919,MIN,F,635,11,9,0.60198,0.28745,4,1
20242025,2024030175,8477964,VGK,F,639,5,6,0.1197,0.30346,1,3
20242025,2024030175,8478136,MIN,D,964,14,14,0.50765,0.66001,4,5
20242025,2024030175,8478396,VGK,D,1022,16,6,0.77512,0.35717,5,3
20242025,2024030175,8478403,VGK,F,917,12,5,0.63937,0.24387,3,1
20242025,2024030175,8478434,VGK,F,390,7,5,0.17338,0.23191,0,1
20242025,2024030175,8478462,VGK,F,661,8,6,0.27529,0.35019,2,3
20242025,2024030175,8478493,MIN,F,869,5,8,0.20199,0.3832,1,2
20242025,2024030175,8478508,MIN,F,509,1,7,0.037,0.29892,1,2
20242025,2024030175,8478864,MIN,F,937,10,11,0.401,0.51099,2,2
20242025,2024030175,8479353,VGK,F,461,10,8,0.29559,0.29427,1,1
20242025,2024030175,8479638,MIN,F,359,1,5,0.037,0.2226,1,2
20242025,2024030175,8479980,VGK,D,836,7,12,0.13243,0.52608,0,3
20242025,2024030175,8480727,VGK,D,798,10,8,0.3911,0.35697,3,2
20242025,2024030175,8481557,MIN,F,1054,6,12,0.39236,0.64505,2,3
20242025,2024030175,8481604,VGK,F,830,9,5,0.52531,0.24235,3,1
20242025,2024030175,8482079,MIN,F,512,3,8,0.17919,0.34032,1,2
20242025,2024030175,8482122,MIN,D,1187,8,8,0.33029,0.32384,1,1
20242025,2024030176,8474565,VGK,D,1064,8,13,0.17855,0.97168,0,5
20242025,2024030176,8474567,MIN,D,630,9,4,0.36748,0.11058,1,1
20242025,2024030176,8474679,MIN,F,336,3,6,0.16115,0.15095,0,0
20242025,2024030176,8474716,MIN,D,1064,11,6,0.76543,0.49173,5,2
20242025,2024030176,8475149,MIN,F,686,16,6,1.35883,0.15654,6,0
20242025,2024030176,8475188,VGK,D,1186,10,15,0.66013,0.84713,3,6
20242025,2024030176,8475191,VGK,F,636,7,11,0.41054,0.87782,3,3
20242025,2024030176,8475220,MIN,F,820,14,4,1.27501,0.09508,6,1
20242025,2024030176,8475692,MIN,F,962,9,4,0.46705,0.10879,2,1
20242025,2024030176,8475750,MIN,D,681,10,4,0.41727,0.04572,1,0
20242025,2024030176,8475913,VGK,F,1077,11,8,0.64855,0.43977,2,3
20242025,2024030176,8476438,VGK,F,688,5,7,0.26773,0.73275,2,3
20242025,2024030176,8476448,VGK,F,905,10,6,0.60804,0.34874,2,3
20242025,2024030176,8476463,MIN,D,1151,13,15,0.74705,0.74372,5,3
20242025,2024030176,8476871,VGK,F,390,3,8,0.06943,0.41302,0,3
20242025,2024030176,8476881,VGK,F,853,1,8,0.00974,0.59424,0,2
20242025,2024030176,8477447,VGK,D,1253,12,11,0.69102,0.52462,3,4
20242025,2024030176,8477451,MIN,F,876,18,4,1.28586,0.26735,6,2
20242025,2024030176,8477919,MIN,F,579,5,9,0.18418,0.24096,0,1
20242025,2024030176,8477964,VGK,F,743,5,10,0.16521,0.90444,1,3
20242025,2024030176,8478109,VGK,F,590,1,9,0.0118,0.6521,0,3
20242025,2024030176,8478136,MIN,D,1002,14,5,1.41851,0.32821,8,2
20242025,2024030176,8478396,VGK,D,1029,6,16,0.33557,1.62494,2,7
20242025,2024030176,8478403,VGK,F,1029,11,7,0.61984,0.36367,2,3
20242025,2024030176,8478434,VGK,F,694,4,8,0.03952,0.57431,0,4
20242025,2024030176,8478462,VGK,F,712,7,11,0.33816,1.05814,2,4
20242025,2024030176,8478493,MIN,F,1000,7,6,0.46858,0.35724,4,1
20242025,2024030176,8478508,MIN,F,403,3,4,0.09988,0.08572,1,1
20242025,2024030176,8478864,MIN,F,1254,14,12,0.6747,0.85793,4,4
20242025,2024030176,8479353,VGK,F,656,4,13,0.14267,0.55807,1,4
20242025,2024030176,8479638,MIN,F,361,4,1,0.28492,0.00086,2,0
20242025,2024030176,8479980,VGK,D,653,5,8,0.08382,0.25311,0,1
20242025,2024030176,8480727,VGK,D,669,5,11,0.27173,0.98145,2,4
20242025,2024030176,8481557,MIN,F,1210,9,9,0.76646,0.76495,5,3
20242025,2024030176,8482079,MIN,F,638,6,4,0.60538,0.24486,3,1
20242025,2024030176,8482122,MIN,D,1239,15,12,1.37226,0.50086,6,2
20242025,2024030181,8470621,EDM,F,780,12,6,0.63145,0.17371,3,1
20242025,2024030181,8471685,LAK,F,989,10,9,0.48436,0.3717,4,3
20242025,2024030181,8474563,LAK,D,1342,9,16,0.66523,0.84239,3,4
20242025,2024030181,8474641,EDM,F,581,9,7,0.23876,0.18929,0,1
20242025,2024030181,8475784,EDM,F,633,6,11,0.72346,0.95991,3,5
20242025,2024030181,8475786,EDM,F,954,9,11,0.45696,0.87945,2,5
20242025,2024030181,8476441,LAK,D,1170,15,10,0.90208,0.52705,5,3
20242025,2024030181,8476454,EDM,F,890,7,9,0.38972,0.48154,2,1
20242025,2024030181,8476479,LAK,F,929,9,8,0.72129,0.58591,3,4
20242025,2024030181,8476967,EDM,D,1271,13,10,0.80955,0.54783,4,2
20242025,2024030181,8477015,EDM,F,668,4,7,0.2116,0.19766,2,2
20242025,2024030181,8477384,EDM,,156,6,2,0.50565,0.09452,2,0
20242025,2024030181,8477406,EDM,F,552,10,6,0.59753,0.14613,2,1
20242025,2024030181,8477498,EDM,D,1307,13,18,0.5949,0.97914,4,5
20242025,2024030181,8477934,EDM,F,1111,13,7,0.89437,0.3398,6,2
20242025,2024030181,8477942,LAK,F,904,11,11,0.54939,0.39915,2,1
20242025,2024030181,8477960,LAK,F,1001,9,10,0.47759,0.56884,4,4
20242025,2024030181,8477998,LAK,F,879,9,6,0.66412,0.38971,3,4
20242025,2024030181,8478013,EDM,D,1039,14,11,0.87783,0.48462,5,3
20242025,2024030181,8478042,EDM,F,756,8,7,0.33209,0.27791,2,2
20242025,2024030181,8478402,EDM,F,1125,12,11,0.92628,0.91958,5,6
20242025,2024030181,8478882,LAK,D,1035,14,14,0.51289,1.1218,3,6
20242025,2024030181,8479365,EDM,F,551,5,7,0.62202,0.40573,4,1
20242025,2024030181,8479675,LAK,F,867,8,8,0.57674,0.58591,2,4
20242025,2024030181,8479998,LAK,D,1364,9,15,0.66162,0.83423,3,4
20242025,2024030181,8480803,EDM,D,1461,15,12,0.94999,0.81774,6,5
20242025,2024030181,8480834,EDM,D,664,6,9,0.35677,0.48451,3,3
20242025,2024030181,8481532,LAK,F,253,0,5,0.0,0.55265,0,3
20242025,2024030181,8481606,LAK,D,390,7,9,0.14048,0.74527,1,5
20242025,2024030181,8481617,EDM,F,619,8,4,0.41382,0.14183,5,0
20242025,2024030181,8482124,LAK,F,1076,13,14,0.64308,0.76749,3,3
20242025,2024030181,8482155,LAK,F,944,13,13,0.5053,0.60227,2,2
20242025,2024030181,8482408,LAK,,225,0,5,0.0,0.55265,0,3
20242025,2024030181,8482726,LAK,F,227,0,5,0.0,0.55265,0,3
20242025,2024030181,8482730,LAK,D,587,8,5,0.52606,0.26077,3,2
20242025,2024030181,8483808,LAK,F,747,11,7,0.49067,0.27231,4,2
20242025,2024030182,8470621,EDM,F,546,8,5,0.36069,0.21961,2,1
20242025,2024030182,8471685,LAK,F,931,12,9,0.73633,0.36559,5,3
20242025,2024030182,8474563,LAK,D,1012,11,16,0.57331,0.7028,3,4
20242025,2024030182,8474641,EDM,F,794,5,7,0.20166,0.30015,2,1
20242025,2024030182,8475169,EDM,,706,6,8,0.25618,0.531,1,2
20242025,2024030182,8475786,EDM,F,781,6,10,0.28637,0.39318,1,2
20242025,2024030182,8475906,EDM,,912,6,8,0.21737,0.42669,1,2
20242025,2024030182,8476441,LAK,D,1022,14,12,0.8305,0.35632,4,2
20242025,2024030182,8476454,EDM,F,802,6,10,0.16212,0.45925,0,2
20242025,2024030182,8476479,LAK,F,853,8,9,0.15281,0.45004,0,2
20242025,2024030182,8476967,EDM,D,881,10,10,0.42846,0.65143,4,4
20242025,2024030182,8477015,EDM,F,681,7,8,0.20786,0.51686,2,2
20242025,2024030182,8477406,EDM,F,534,7,7,0.16788,0.31474,1,2
20242025,2024030182,8477498,EDM,D,1059,18,11,0.60612,0.48871,2,2
20242025,2024030182,8477934,EDM,F,761,14,5,0.66202,0.20732,4,1
20242025,2024030182,8477942,LAK,F,892,8,11,0.5406,0.31874,3,2
20242025,2024030182,8477960,LAK,F,1024,12,11,0.76,0.42484,4,3
20242025,2024030182,8477998,LAK,F,687,7,8,0.1383,0.36818,0,2
20242025,2024030182,8478013,EDM,D,715,3,7,0.15768,0.33044,1,2
20242025,2024030182,8478042,EDM,F,625,9,7,0.24186,0.34302,1,2
20242025,2024030182,8478402,EDM,F,833,13,6,0.6606,0.21555,4,1
20242025,2024030182,8478882,LAK,D,766,11,4,0.42635,0.13456,2,1
20242025,2024030182,8479365,EDM,F,563,5,6,0.20166,0.43339,2,2
20242025,2024030182,8479421,LAK,D,156,2,0,0.03317,0.0,0,0
20242025,2024030182,8479675,LAK,F,814,9,11,0.18815,0.54345,0,3
20242025,2024030182,8479998,LAK,D,1156,9,17,0.44544,0.72465,2,4
20242025,2024030182,8480803,EDM,D,970,19,9,0.67768,0.39618,3,1
20242025,2024030182,8480834,EDM,D,869,6,11,0.29721,0.52899,3,3
20242025,2024030182,8481606,LAK,D,458,4,3,0.12196,0.13314,1,1
20242025,2024030182,8481617,EDM,F,387,7,5,0.16788,0.29959,1,3
20242025,2024030182,8482124,LAK,F,1005,9,10,0.52393,0.38709,2,2
20242025,2024030182,8482155,LAK,F,873,8,9,0.48694,0.22397,3,1
20242025,2024030182,8482408,LAK,,270,1,4,0.01903,0.0714,0,0
20242025,2024030182,8482726,LAK,F,174,0,4,0.0,0.0714,0,0
20242025,2024030182,8482730,LAK,D,563,5,10,0.39171,0.33305,2,2
20242025,2024030182,8483808,LAK,F,904,10,7,0.68757,0.35208,4,3
20242025,2024030183,8470621,EDM,F,604,12,5,0.87025,0.27537,3,1
20242025,2024030183,8471685,LAK,F,1147,8,25,0.57658,1.83679,5,6
20242025,2024030183,8473453,LAK,F,181,4,1,0.1888,0.12303,1,1
20242025,2024030183,8474563,LAK,D,1481,7,26,0.43772,1.20845,4,5
20242025,2024030183,8474641,EDM,F,668,9,5,0.26455,0.27972,1,3
20242025,2024030183,8475169,EDM,,750,11,8,0.62642,0.38412,4,3
20242025,2024030183,8475786,EDM,F,841,10,16,0.82616,0.71911,2,3
20242025,2024030183,8475906,EDM,,961,15,9,0.91094,0.49322,1,4
20242025,2024030183,8476441,LAK,D,1224,19,16,1.1014,1.13811,6,3
20242025,2024030183,8476454,EDM,F,806,8,14,0.80333,0.51661,2,2
20242025,2024030183,8476479,LAK,F,1009,8,14,0.24748,0.51462,2,2
20242025,2024030183,8476967,EDM,D,1261,22,12,0.96032,0.48927,5,4
20242025,2024030183,8477015,EDM,F,680,9,6,0.29353,0.32546,2,4
20242025,2024030183,8477406,EDM,F,566,8,7,0.37842,0.28441,2,2
20242025,2024030183,8477498,EDM,D,1343,20,14,0.9545,0.83519,2,4
20242025,2024030183,8477934,EDM,F,1200,25,8,1.33882,0.57177,4,3
20242025,2024030183,8477942,LAK,F,1094,14,10,0.71368,0.41833,3,0
20242025,2024030183,8477960,LAK,F,1061,7,20,0.52826,1.4325,5,4
20242025,2024030183,8477998,LAK,F,1109,7,19,0.29158,0.79312,2,4
20242025,2024030183,8478013,EDM,D,1154,20,9,1.37365,0.59905,5,5
20242025,2024030183,8478042,EDM,F,803,10,4,0.33434,0.24495,0,2
20242025,2024030183,8478402,EDM,F,1117,21,11,1.68599,0.5684,5,4
20242025,2024030183,8478882,LAK,D,1176,20,16,1.11508,1.19468,5,2
20242025,2024030183,8479365,EDM,F,624,10,9,0.39474,0.62495,2,3
20242025,2024030183,8479675,LAK,F,1070,9,14,0.2958,0.57015,2,2
20242025,2024030183,8479998,LAK,D,1438,7,27,0.43772,1.40327,4,6
20242025,2024030183,8480803,EDM,D,1123,15,15,0.93744,0.90831,3,4
20242025,2024030183,8480834,EDM,D,523,4,5,0.28389,0.1196,2,1
20242025,2024030183,8481606,LAK,D,175,4,1,0.18007,0.07639,1,0
20242025,2024030183,8481617,EDM,F,845,11,3,0.31456,0.37209,0,3
20242025,2024030183,8482124,LAK,F,1010,12,9,0.70946,0.2674,3,0
20242025,2024030183,8482155,LAK,F,905,12,11,0.70946,0.52904,3,2
20242025,2024030183,8482408,LAK,,258,4,2,0.1888,0.13022,1,1
20242025,2024030183,8482726,LAK,F,151,4,1,0.1888,0.12303,1,1
20242025,2024030183,8482730,LAK,D,600,7,7,0.17265,0.35264,2,2
20242025,2024030183,8483808,LAK,F,917,7,21,0.52826,1.44008,5,4
20242025,2024030184,8470621,EDM,F,747,7,5,0.30262,0.17726,2,0
20242025,2024030184,8471685,LAK,F,987,8,10,0.49994,0.29753,4,0
20242025,2024030184,8473453,LAK,F,274,3,2,0.13309,0.03119,0,0
20242025,2024030184,8474563,LAK,D,1393,21,19,1.8625,0.98108,9,3
20242025,2024030184,8474641,EDM,F,822,6,12,0.06746,1.40839,0,7
20242025,2024030184,8475169,EDM,,1020,16,17,0.50016,1.47666,1,8
20242025,2024030184,8475786,EDM,F,953,25,10,1.2947,0.64074,5,4
20242025,2024030184,8475906,EDM,,1152,20,22,0.92165,1.58924,5,7
20242025,2024030184,8476441,LAK,D,1455,18,26,1.04852,0.96449,4,6
20242025,2024030184,8476454,EDM,F,777,14,13,0.59248,0.72676,1,4
20242025,2024030184,8476479,LAK,F,1042,16,16,0.90855,0.81734,3,4
20242025,2024030184,8476967,EDM,D,1052,15,9,0.59647,0.56973,3,3
20242025,2024030184,8477015,EDM,F,751,5,16,0.05476,1.60186,0,8
20242025,2024030184,8477406,EDM,F,424,6,4,0.17008,0.02577,1,0
20242025,2024030184,8477498,EDM,D,1135,16,18,0.63926,1.28217,1,7
20242025,2024030184,8477934,EDM,F,1271,21,12,1.19689,0.54443,7,1
20242025,2024030184,8477942,LAK,F,1061,19,16,1.39789,0.67921,6,3
20242025,2024030184,8477960,LAK,F,874,7,10,0.47657,0.30536,3,0
20242025,2024030184,8477998,LAK,F,963,13,15,0.84019,0.68878,3,3
20242025,2024030184,8478013,EDM,D,1093,21,11,0.85919,0.70037,5,3
20242025,2024030184,8478042,EDM,F,549,7,4,0.17785,0.27524,1,1
20242025,2024030184,8478402,EDM,F,1229,22,15,1.36455,0.75762,7,4
20242025,2024030184,8478882,LAK,D,1327,16,23,0.54904,0.97334,3,6
20242025,2024030184,8479365,EDM,F,568,4,7,0.16123,0.29289,1,1
20242025,2024030184,8479421,LAK,D,146,2,0,0.00881,0.0,0,0
20242025,2024030184,8479675,LAK,F,971,14,15,1.14269,0.80478,4,4
20242025,2024030184,8479998,LAK,D,1461,19,18,1.54647,0.81471,8,2
20242025,2024030184,8480803,EDM,D,1333,16,14,0.85204,0.82071,3,4
20242025,2024030184,8480834,EDM,D,408,4,6,0.14669,0.50764,1,2
20242025,2024030184,8481617,EDM,F,387,5,5,0.14017,0.27717,1,1
20242025,2024030184,8482124,LAK,F,1126,17,20,1.34981,0.88802,7,5
20242025,2024030184,8482155,LAK,F,1149,18,20,1.06354,1.00982,6,6
20242025,2024030184,8482408,LAK,,147,1,6,0.0057,0.19794,0,2
20242025,2024030184,8482726,LAK,F,104,0,1,0.0,0.00908,0,0
20242025,2024030184,8482730,LAK,D,392,4,6,0.45452,0.28168,2,1
20242025,2024030184,8483808,LAK,F,664,4,6,0.38682,0.2227,3,0
20242025,2024030185,8470621,EDM,F,586,8,8,0.44071,0.67707,2,1
20242025,2024030185,8471685,LAK,F,1049,10,16,0.34846,1.16027,3,8
20242025,2024030185,8474563,LAK,D,1313,12,22,0.43682,2.01621,2,13
20242025,2024030185,8474641,EDM,F,637,9,2,0.57863,0.01497,5,0
20242025,2024030185,8475169,EDM,,961,19,10,1.79201,0.41274,11,3
20242025,2024030185,8475786,EDM,F,1013,21,9,2.01106,0.40822,13,3
20242025,2024030185,8475906,EDM,,957,20,6,1.56273,0.17759,11,1
20242025,2024030185,8476441,LAK,D,1142,12,21,0.71281,1.09869,2,5
20242025,2024030185,8476454,EDM,F,952,14,9,1.47873,0.36805,10,2
20242025,2024030185,8476479,LAK,F,970,11,12,0.69247,1.05659,2,6
20242025,2024030185,8476967,EDM,D,1287,16,14,1.05468,0.35802,7,2
20242025,2024030185,8477015,EDM,F,684,6,5,0.22817,0.06977,3,0
20242025,2024030185,8477406,EDM,F,602,12,7,0.87131,0.22649,3,2
20242025,2024030185,8477498,EDM,D,1280,14,16,0.8993,0.46648,6,1
20242025,2024030185,8477934,EDM,F,1107,15,11,0.65469,0.72548,3,1
20242025,2024030185,8477942,LAK,F,1146,11,15,0.4029,1.14878,1,6
20242025,2024030185,8477960,LAK,F,1099,9,17,0.24553,1.3176,2,9
20242025,2024030185,8477998,LAK,F,873,11,12,0.69247,0.98581,2,6
20242025,2024030185,8478013,EDM,D,1043,26,7,2.11021,0.70447,12,3
20242025,2024030185,8478042,EDM,F,487,13,7,0.99656,0.17993,4,1
20242025,2024030185,8478402,EDM,F,1071,16,10,0.86927,0.7167,5,1
20242025,2024030185,8478882,LAK,D,971,9,19,0.69026,1.29302,2,8
20242025,2024030185,8479365,EDM,F,639,7,2,0.33695,0.01497,4,0
20242025,2024030185,8479675,LAK,F,898,11,11,0.69247,1.04808,2,6
20242025,2024030185,8479998,LAK,D,1045,10,16,0.34184,1.61493,1,10
20242025,2024030185,8480803,EDM,D,1113,20,12,1.41925,0.89705,7,3
20242025,2024030185,8480834,EDM,D,497,4,3,0.32609,0.06637,1,0
20242025,2024030185,8481532,LAK,F,308,0,4,0.0,0.08065,0,1
20242025,2024030185,8481606,LAK,D,436,2,8,0.13748,0.62739,1,4
20242025,2024030185,8481617,EDM,F,410,10,7,0.8003,0.19058,3,1
20242025,2024030185,8482124,LAK,F,1011,7,18,0.27463,1.38679,0,7
20242025,2024030185,8482155,LAK,F,1022,12,18,0.42544,1.34614,1,7
20242025,2024030185,8482408,LAK,,318,0,5,0.0,0.29748,0,2
20242025,2024030185,8482726,LAK,F,245,1,5,0.01943,0.08471,0,1
20242025,2024030185,8482730,LAK,D,777,10,13,0.32232,0.54741,2,2
20242025,2024030185,8483808,LAK,F,986,7,18,0.23962,1.3201,2,9
20242025,2024030186,8470621,EDM,F,612,7,6,0.71749,0.75522,4,3
20242025,2024030186,8471685,LAK,F,1002,6,11,0.14801,1.3289,0,6
20242025,2024030186,8474563,LAK,D,1511,19,20,1.01184,1.65844,7,9
20242025,2024030186,8474641,EDM,F,638,7,9,1.0364,0.27184,4,0
20242025,2024030186,8475169,EDM,,990,11,13,0.6792,0.69089,5,5
20242025,2024030186,8475786,EDM,F,1142,14,11,0.61311,0.54374,5,4
20242025,2024030186,8475906,EDM,,948,18,8,1.5556,0.30231,9,3
20242025,2024030186,8476441,LAK,D,1065,12,12,0.94465,1.34888,4,8
20242025,2024030186,8476454,EDM,F,1019,10,11,0.66789,0.54374,5,4
20242025,2024030186,8476479,LAK,F,938,13,10,1.03827,0.67119,5,4
20242025,2024030186,8476967,EDM,D,1314,9,17,1.14121,0.91715,5,6
20242025,2024030186,8477015,EDM,F,826,8,9,1.31484,0.27184,5,0
20242025,2024030186,8477406,EDM,F,620,6,7,0.36493,0.70565,2,7
20242025,2024030186,8477498,EDM,D,1360,21,14,1.17124,0.95212,10,4
20242025,2024030186,8477934,EDM,F,1192,11,11,1.0189,1.045,6,6
20242025,2024030186,8477942,LAK,F,1218,11,15,0.82161,0.64659,6,6
20242025,2024030186,8477960,LAK,F,1061,7,11,0.27451,1.07189,1,5
20242025,2024030186,8477998,LAK,F,895,13,10,1.03827,0.67119,5,4
20242025,2024030186,8478013,EDM,D,1207,12,11,1.03247,0.92599,4,7
20242025,2024030186,8478042,EDM,F,457,5,5,0.32567,0.56374,2,5
20242025,2024030186,8478402,EDM,F,1118,14,9,1.07167,0.91108,6,5
20242025,2024030186,8478882,LAK,D,921,9,8,1.0595,0.37334,6,3
20242025,2024030186,8479365,EDM,F,523,6,8,0.87463,0.22717,3,0
20242025,2024030186,8479675,LAK,F,953,13,11,1.03827,0.94963,5,5
20242025,2024030186,8479998,LAK,D,1129,15,15,0.85156,1.05439,6,5
20242025,2024030186,8480803,EDM,D,1245,9,10,0.71584,0.94519,4,4
20242025,2024030186,8480834,EDM,D,349,4,8,0.67816,0.53804,3,4
20242025,2024030186,8481532,LAK,F,470,6,5,0.19393,0.83765,1,4
20242025,2024030186,8481606,LAK,D,640,8,8,0.50224,0.67693,3,4
20242025,2024030186,8481617,EDM,F,532,8,3,0.5289,0.34129,3,3
20242025,2024030186,8482124,LAK,F,1071,9,11,0.75849,0.42864,7,4
20242025,2024030186,8482155,LAK,F,881,10,9,0.89169,0.24246,8,3
20242025,2024030186,8482408,LAK,,437,3,5,0.14654,0.83765,1,4
20242025,2024030186,8482726,LAK,F,470,6,4,0.34563,0.6729,2,3
20242025,2024030186,8482730,LAK,D,829,3,9,0.10301,1.09128,1,5
20242025,2024030186,8483808,LAK,F,858,7,6,0.28398,0.9462,2,3
20242025,2024030211,8473419,FLA,F,671,12,7,0.67992,0.31994,4,3
20242025,2024030211,8474157,TOR,F,592,7,13,0.44887,0.9495,4,7
20242025,2024030211,8475166,TOR,F,905,10,11,0.55677,0.47309,4,4
20242025,2024030211,8475171,TOR,D,809,10,14,0.81213,1.04275,4,6
20242025,2024030211,8475179,FLA,D,905,15,9,1.16805,0.5622,9,4
20242025,2024030211,8475690,TOR,D,1004,10,13,0.72072,0.50783,6,2
20242025,2024030211,8475714,TOR,,554,2,9,0.02545,0.55369,0,3
20242025,2024030211,8476853,TOR,D,878,14,17,0.78213,1.13692,5,8
20242025,2024030211,8476872,TOR,F,676,2,13,0.02545,0.78839,0,5
20242025,2024030211,8476931,TOR,D,990,8,13,0.46652,0.55191,4,3
20242025,2024030211,8477220,FLA,D,696,14,8,0.79423,0.41508,4,3
20242025,2024030211,8477409,FLA,F,976,13,10,0.51138,0.94203,3,6
20242025,2024030211,8477493,FLA,F,1032,15,8,0.92009,0.74684,5,5
20242025,2024030211,8477495,FLA,D,1227,10,13,0.29482,0.89293,1,5
20242025,2024030211,8477503,TOR,F,440,6,8,0.32558,0.60723,2,3
20242025,2024030211,8477933,FLA,F,1027,18,10,1.03031,0.83102,6,5
20242025,2024030211,8477935,FLA,F,883,13,6,0.93279,0.43037,6,3
20242025,2024030211,8477939,TOR,F,742,10,10,0.65704,0.55665,5,5
20242025,2024030211,8478055,FLA,D,967,13,14,0.52933,0.9521,4,5
20242025,2024030211,8478421,FLA,F,253,3,5,0.04622,0.25885,0,1
20242025,2024030211,8478443,TOR,D,782,12,9,0.67517,0.4999,4,4
20242025,2024030211,8478483,TOR,F,1005,11,9,0.82073,0.36857,5,2
20242025,2024030211,8478542,FLA,F,701,7,6,0.35828,0.295,2,2
20242025,2024030211,8478859,FLA,D,682,10,7,0.83476,0.47946,6,4
20242025,2024030211,8478904,TOR,F,542,2,9,0.02545,0.55369,0,3
20242025,2024030211,8479314,FLA,F,947,7,6,0.35828,0.40601,2,3
20242025,2024030211,8479318,TOR,F,911,12,8,0.95675,0.35934,6,2
20242025,2024030211,8480003,FLA,F,248,2,6,0.11527,0.28967,1,1
20242025,2024030211,8480185,FLA,F,674,9,8,0.66456,0.35076,5,3
20242025,2024030211,8480995,TOR,F,434,8,4,0.49242,0.10536,3,0
20242025,2024030211,8481122,TOR,D,766,6,8,0.4318,0.45383,2,3
20242025,2024030211,8481477,FLA,F,312,3,6,0.1257,0.28967,1,1
20242025,2024030211,8482113,FLA,F,688,10,9,0.59271,0.37976,4,3
20242025,2024030211,8482259,TOR,F,434,6,9,0.32558,0.61766,2,3
20242025,2024030211,8482720,TOR,F,855,9,8,0.68464,0.35654,4,2
20242025,2024030211,8484304,FLA,D,599,11,7,0.52615,0.39151,2,3
20242025,2024030212,8473419,FLA,F,858,10,6,0.9282,0.14513,7,1
20242025,2024030212,8474157,TOR,F,623,8,7,0.23946,0.49566,2,4
20242025,2024030212,8475166,TOR,F,1017,9,9,0.30579,0.5518,3,5
20242025,2024030212,8475171,TOR,D,860,10,13,0.49757,0.76009,3,4
20242025,2024030212,8475179,FLA,D,804,6,9,0.52956,0.38353,3,3
20242025,2024030212,8475690,TOR,D,1153,5,18,0.1636,1.17243,1,8
20242025,2024030212,8475714,TOR,,678,5,10,0.09669,0.37597,1,2
20242025,2024030212,8476853,TOR,D,1043,12,10,0.44865,0.60858,5,5
20242025,2024030212,8476872,TOR,F,729,5,11,0.1991,0.41323,2,2
20242025,2024030212,8476931,TOR,D,1245,5,19,0.12368,1.25294,1,8
20242025,2024030212,8477220,FLA,D,660,8,6,0.67868,0.20668,4,2
20242025,2024030212,8477409,FLA,F,1270,18,9,0.96743,0.37698,5,3
20242025,2024030212,8477493,FLA,F,1176,16,6,0.87608,0.32727,5,2
20242025,2024030212,8477495,FLA,D,1469,15,9,0.8633,0.32288,8,3
20242025,2024030212,8477503,TOR,F,511,6,5,0.30816,0.48369,2,3
20242025,2024030212,8477932,FLA,D,1033,19,9,1.19664,0.3701,6,2
20242025,2024030212,8477933,FLA,F,1226,16,7,0.86205,0.36809,5,3
20242025,2024030212,8477935,FLA,F,940,12,10,0.71223,0.3725,4,3
20242025,2024030212,8477939,TOR,F,912,10,9,0.35081,0.6344,3,5
20242025,2024030212,8478055,FLA,D,1063,20,8,1.20555,0.35506,6,2
20242025,2024030212,8478443,TOR,D,996,14,10,0.49298,0.5982,4,5
20242025,2024030212,8478483,TOR,F,1180,5,18,0.3031,1.1224,2,7
20242025,2024030212,8478542,FLA,F,497,8,3,0.49542,0.30284,3,3
20242025,2024030212,8478859,FLA,D,1276,14,13,0.73223,0.51477,7,4
20242025,2024030212,8478904,TOR,F,755,4,14,0.17493,0.8697,2,5
20242025,2024030212,8479314,FLA,F,1041,13,9,0.74489,0.33168,4,2
20242025,2024030212,8479318,TOR,F,1256,9,17,0.39296,1.19152,2,7
20242025,2024030212,8480003,FLA,F,348,2,5,0.06784,0.23161,1,2
20242025,2024030212,8480185,FLA,F,874,10,6,0.9282,0.14513,7,1
20242025,2024030212,8480995,TOR,F,582,7,4,0.30776,0.44785,2,4
20242025,2024030212,8481122,TOR,D,1022,8,12,0.42654,0.81372,2,4
20242025,2024030212,8481477,FLA,F,480,2,6,0.06784,0.29238,1,2
20242025,2024030212,8482113,FLA,F,793,11,5,0.94683,0.08436,7,1
20242025,2024030212,8482259,TOR,F,487,5,3,0.19641,0.19832,1,1
20242025,2024030212,8482713,FLA,F,567,5,9,0.21193,0.25156,2,1
20242025,2024030212,8482720,TOR,F,1181,8,16,0.35436,1.0244,2,6
20242025,2024030213,8473419,FLA,F,974,9,5,0.45666,0.1167,2,1
20242025,2024030213,8474157,TOR,F,719,9,7,0.30716,0.38886,3,3
20242025,2024030213,8475166,TOR,F,1064,8,12,0.25591,0.54132,3,5
20242025,2024030213,8475171,TOR,D,975,9,12,0.40579,0.59136,3,5
20242025,2024030213,8475179,FLA,D,713,8,9,0.39428,1.00045,2,3
20242025,2024030213,8475690,TOR,D,977,11,9,0.79237,0.32508,6,2
20242025,2024030213,8475714,TOR,,640,6,13,0.8455,0.6762,3,4
20242025,2024030213,8476853,TOR,D,1047,8,14,0.8458,1.2875,2,3
20242025,2024030213,8476872,TOR,F,613,7,9,0.869,0.53971,3,4
20242025,2024030213,8476931,TOR,D,1132,13,7,0.72482,0.50484,6,4
20242025,2024030213,8477220,FLA,D,815,7,11,0.30081,1.05241,2,3
20242025,2024030213,8477409,FLA,F,645,7,8,0.4192,0.84522,2,4
20242025,2024030213,8477493,FLA,F,887,13,7,1.18488,0.55801,4,3
20242025,2024030213,8477495,FLA,D,1020,5,8,0.17237,0.28342,1,3
20242025,2024030213,8477503,TOR,F,485,5,6,0.25335,0.94009,0,1
20242025,2024030213,8477931,FLA,F,444,7,5,0.35424,0.35261,4,2
20242025,2024030213,8477932,FLA,D,1077,23,9,1.93037,0.50029,9,3
20242025,2024030213,8477933,FLA,F,921,13,7,1.18488,0.55801,4,3
20242025,2024030213,8477935,FLA,F,720,6,10,0.40777,0.83634,2,4
20242025,2024030213,8477939,TOR,F,891,8,10,0.2984,0.32762,4,3
20242025,2024030213,8478055,FLA,D,1235,21,10,1.72699,0.57979,8,4
20242025,2024030213,8478421,FLA,F,441,8,7,0.51277,0.40457,5,2
20242025,2024030213,8478443,TOR,D,977,7,20,0.80485,1.47075,2,4
20242025,2024030213,8478483,TOR,F,936,6,7,0.44173,0.36128,3,3
20242025,2024030213,8478542,FLA,F,856,12,7,1.17345,0.512,4,3
20242025,2024030213,8478859,FLA,D,1058,5,7,0.27085,0.31096,2,4
20242025,2024030213,8478904,TOR,F,619,7,7,0.96824,0.44527,3,2
20242025,2024030213,8479314,FLA,F,720,7,10,0.4192,0.83634,2,4
20242025,2024030213,8479318,TOR,F,804,7,8,0.4854,0.37898,4,2
20242025,2024030213,8479981,FLA,F,364,7,5,0.35424,0.35261,4,2
20242025,2024030213,8480185,FLA,F,913,8,5,0.29813,0.10187,1,1
20242025,2024030213,8480995,TOR,F,625,6,6,0.15529,1.04382,0,2
20242025,2024030213,8481122,TOR,D,787,6,9,0.15369,0.639,1,6
20242025,2024030213,8482113,FLA,F,909,9,5,0.45666,0.1167,2,1
20242025,2024030213,8482259,TOR,F,524,4,12,0.21197,1.21144,0,4
20242025,2024030213,8482720,TOR,F,913,8,7,0.49903,0.34463,4,3
20242025,2024030214,8473419,FLA,F,925,10,10,0.31043,0.45222,1,3
20242025,2024030214,8474157,TOR,F,710,6,15,0.24075,0.68801,2,5
20242025,2024030214,8475166,TOR,F,972,13,13,0.54712,0.49899,4,3
20242025,2024030214,8475171,TOR,D,917,11,9,0.2544,0.29206,2,2
20242025,2024030214,8475179,FLA,D,607,8,6,0.21508,0.16621,1,2
20242025,2024030214,8475690,TOR,D,785,7,8,0.33883,0.59029,2,4
20242025,2024030214,8475714,TOR,,366,2,6,0.11687,0.69169,1,3
20242025,2024030214,8476853,TOR,D,1167,9,26,0.29242,1.34851,2,7
20242025,2024030214,8476872,TOR,F,464,3,10,0.14195,0.86703,1,3
20242025,2024030214,8476931,TOR,D,958,9,14,0.44476,0.73833,3,5
20242025,2024030214,8477220,FLA,D,689,10,11,0.42126,0.34729,3,3
20242025,2024030214,8477409,FLA,F,760,9,12,0.42013,0.47913,2,4
20242025,2024030214,8477493,FLA,F,831,13,5,1.07352,0.20948,6,2
20242025,2024030214,8477495,FLA,D,985,14,5,1.14866,0.13564,5,0
20242025,2024030214,8477503,TOR,F,604,6,14,0.10684,0.36974,0,2
20242025,2024030214,8477931,FLA,F,442,10,3,0.22761,0.06212,3,0
20242025,2024030214,8477932,FLA,D,1056,17,14,0.79099,0.58107,6,5
20242025,2024030214,8477933,FLA,F,807,13,3,1.07352,0.11285,6,1
20242025,2024030214,8477935,FLA,F,748,11,15,0.66611,0.52722,3,4
20242025,2024030214,8477939,TOR,F,1019,12,14,0.46964,0.59415,4,3
20242025,2024030214,8478055,FLA,D,1050,16,13,0.62092,0.54431,5,4
20242025,2024030214,8478421,FLA,F,307,10,3,0.3766,0.03261,3,0
20242025,2024030214,8478443,TOR,D,663,7,17,0.17076,1.09858,1,5
20242025,2024030214,8478483,TOR,F,1004,9,6,0.37514,0.46617,3,4
20242025,2024030214,8478542,FLA,F,520,11,4,1.1527,0.10807,5,1
20242025,2024030214,8478859,FLA,D,931,14,5,1.06027,0.14818,4,0
20242025,2024030214,8478904,TOR,F,379,4,8,0.15216,0.94654,1,4
20242025,2024030214,8479314,FLA,F,706,8,9,0.41193,0.26704,2,2
20242025,2024030214,8479318,TOR,F,956,6,5,0.27543,0.32795,3,3
20242025,2024030214,8479981,FLA,F,243,7,2,0.15811,0.02781,1,0
20242025,2024030214,8480185,FLA,F,929,9,7,0.28153,0.29347,2,2
20242025,2024030214,8480995,TOR,F,485,5,13,0.08624,0.38072,0,2
20242025,2024030214,8481122,TOR,D,613,10,6,0.22011,0.21867,2,1
20242025,2024030214,8482113,FLA,F,905,10,8,0.30673,0.31203,2,2
20242025,2024030214,8482259,TOR,F,562,6,12,0.16223,0.44925,1,3
20242025,2024030214,8482720,TOR,F,923,10,4,0.4111,0.14942,3,1
20242025,2024030215,8473419,FLA,F,671,12,6,0.41257,0.53245,4,4
20242025,2024030215,8474157,TOR,F,631,11,8,0.5931,0.30841,5,2
20242025,2024030215,8475166,TOR,F,712,10,12,0.69517,0.63482,4,5
20242025,2024030215,8475171,TOR,D,842,13,10,0.61529,0.78849,4,4
20242025,2024030215,8475179,FLA,D,846,6,8,0.46397,0.24425,2,5
20242025,2024030215,8475690,TOR,D,877,12,14,0.60696,0.73667,4,4
20242025,2024030215,8476853,TOR,D,1013,15,16,0.82828,0.90032,7,5
20242025,2024030215,8476872,TOR,F,703,3,10,0.2331,0.64713,1,3
20242025,2024030215,8476931,TOR,D,980,13,13,0.66508,0.69996,5,4
20242025,2024030215,8477220,FLA,D,989,10,12,0.54985,0.45004,2,5
20242025,2024030215,8477409,FLA,F,876,13,6,0.36733,0.12391,2,1
20242025,2024030215,8477493,FLA,F,784,10,11,0.7793,0.60102,5,3
20242025,2024030215,8477495,FLA,D,1034,9,17,0.24382,0.89163,1,7
20242025,2024030215,8477503,TOR,F,629,9,7,0.36931,0.12463,5,1
20242025,2024030215,8477931,FLA,F,562,7,8,0.48144,0.18187,1,3
20242025,2024030215,8477932,FLA,D,1056,22,13,1.1298,0.70167,8,5
20242025,2024030215,8477933,FLA,F,777,11,11,0.78328,0.60102,5,3
20242025,2024030215,8477935,FLA,F,677,11,5,0.3276,0.16363,2,2
20242025,2024030215,8477939,TOR,F,843,12,13,0.7926,0.63635,5,5
20242025,2024030215,8478055,FLA,D,856,22,8,1.26202,0.5574,9,4
20242025,2024030215,8478421,FLA,F,563,4,7,0.44514,0.22159,1,4
20242025,2024030215,8478443,TOR,D,934,8,15,0.3863,0.49121,5,4
20242025,2024030215,8478483,TOR,F,827,9,12,0.39153,0.63252,3,3
20242025,2024030215,8478859,FLA,D,846,11,12,0.38634,0.70121,2,4
20242025,2024030215,8478904,TOR,F,777,9,11,0.40993,0.6548,5,3
20242025,2024030215,8479314,FLA,F,737,11,4,0.37297,0.15054,2,2
20242025,2024030215,8479318,TOR,F,786,9,11,0.39153,0.7368,3,4
20242025,2024030215,8479981,FLA,F,555,5,7,0.44714,0.25771,1,4
20242025,2024030215,8480003,FLA,F,795,11,16,0.78124,0.70573,5,5
20242025,2024030215,8480144,TOR,F,619,7,11,0.31709,0.6548,3,3
20242025,2024030215,8480185,FLA,F,730,13,11,0.42613,0.82658,4,7
20242025,2024030215,8481122,TOR,D,959,10,12,0.46383,0.41915,5,3
20242025,2024030215,8481582,TOR,F,492,7,4,0.3473,0.09423,4,1
20242025,2024030215,8482113,FLA,F,781,12,13,0.42956,0.95325,4,7
20242025,2024030215,8482259,TOR,F,594,7,5,0.19548,0.09576,3,1
20242025,2024030215,8482720,TOR,F,859,11,16,0.56362,0.83345,4,5
20242025,2024030216,8473419,FLA,F,626,3,3,0.08956,0.2196,0,2
20242025,2024030216,8474157,TOR,F,616,3,6,0.22754,0.34571,2,4
20242025,2024030216,8475166,TOR,F,850,12,17,0.64819,0.66266,6,2
20242025,2024030216,8475171,TOR,D,987,8,12,0.38846,0.22813,4,1
20242025,2024030216,8475179,FLA,D,683,9,3,0.26941,0.22141,2,2
20242025,2024030216,8475690,TOR,D,979,6,8,0.36611,0.30775,4,3
20242025,2024030216,8475714,TOR,,571,3,5,0.16432,0.08089,1,1
20242025,2024030216,8476853,TOR,D,1005,13,17,0.82623,0.84566,5,5
20242025,2024030216,8476872,TOR,F,727,3,8,0.0749,0.19359,1,1
20242025,2024030216,8476931,TOR,D,982,5,10,0.26138,0.47518,3,3
20242025,2024030216,8477220,FLA,D,705,9,7,0.35662,0.61804,3,5
20242025,2024030216,8477409,FLA,F,1237,16,6,0.56517,0.37323,4,3
20242025,2024030216,8477493,FLA,F,1169,9,8,0.29053,0.40559,2,4
20242025,2024030216,8477495,FLA,D,1266,12,3,0.54569,0.17285,3,2
20242025,2024030216,8477503,TOR,F,665,3,8,0.30734,0.40031,2,5
20242025,2024030216,8477931,FLA,F,429,4,10,0.28275,0.67376,1,5
20242025,2024030216,8477932,FLA,D,1018,19,12,0.66599,0.57991,4,4
20242025,2024030216,8477933,FLA,F,1253,11,8,0.33812,0.40559,3,4
20242025,2024030216,8477935,FLA,F,1042,17,5,0.59896,0.27461,5,2
20242025,2024030216,8477939,TOR,F,775,12,18,0.64819,0.70637,6,3
20242025,2024030216,8478055,FLA,D,1124,16,18,0.44594,0.99785,3,8
20242025,2024030216,8478421,FLA,F,385,6,3,0.34442,0.18351,2,1
20242025,2024030216,8478443,TOR,D,1014,13,8,0.91761,0.20679,6,2
20242025,2024030216,8478483,TOR,F,1049,7,4,0.53236,0.09407,4,1
20242025,2024030216,8478859,FLA,D,1004,8,9,0.40434,0.55706,3,5
20242025,2024030216,8478904,TOR,F,471,4,6,0.17963,0.0914,2,1
20242025,2024030216,8479314,FLA,F,1083,15,5,0.55891,0.27461,4,2
20242025,2024030216,8479318,TOR,F,928,8,3,0.54313,0.08318,4,1
20242025,2024030216,8479981,FLA,F,305,6,3,0.35218,0.18351,2,1
20242025,2024030216,8480003,FLA,F,805,10,12,0.32432,0.70031,3,6
20242025,2024030216,8480185,FLA,F,682,5,12,0.1068,0.80676,0,7
20242025,2024030216,8480995,TOR,F,937,12,20,0.54461,0.80391,5,3
20242025,2024030216,8481122,TOR,D,1139,7,17,0.38733,0.61597,4,4
20242025,2024030216,8482113,FLA,F,619,5,3,0.15899,0.2196,1,2
20242025,2024030216,8482259,TOR,F,739,3,9,0.30734,0.34209,2,4
20242025,2024030216,8482720,TOR,F,630,8,4,0.54313,0.21504,4,1
20242025,2024030217,8473419,FLA,F,939,23,10,1.94325,0.63619,9,5
20242025,2024030217,8474157,TOR,F,722,7,12,0.68473,1.15816,3,6
20242025,2024030217,8475166,TOR,F,940,6,21,0.19091,1.35724,2,4
20242025,2024030217,8475171,TOR,D,1088,12,20,0.39713,1.37243,4,7
20242025,2024030217,8475179,FLA,D,854,13,11,0.56275,0.57095,2,3
20242025,2024030217,8475690,TOR,D,1016,10,9,0.59331,0.28809,3,1
20242025,2024030217,8475714,TOR,,846,4,7,0.52763,0.12499,4,0
20242025,2024030217,8476853,TOR,D,1229,11,17,0.76823,1.00729,5,4
20242025,2024030217,8476872,TOR,F,800,6,6,0.54232,0.23782,4,1
20242025,2024030217,8476931,TOR,D,1321,12,18,0.67765,0.8573,3,2
20242025,2024030217,8477220,FLA,D,916,17,12,0.966,0.5871,3,3
20242025,2024030217,8477409,FLA,F,1132,19,11,0.98699,0.70323,6,4
20242025,2024030217,8477493,FLA,F,1001,13,5,0.42342,0.22316,1,2
20242025,2024030217,8477495,FLA,D,1335,17,11,1.34264,0.49667,4,4
20242025,2024030217,8477503,TOR,F,923,14,16,0.84355,1.30565,3,6
20242025,2024030217,8477931,FLA,F,595,10,10,0.51207,0.37848,1,1
20242025,2024030217,8477932,FLA,D,1348,18,10,0.54551,0.80206,2,4
20242025,2024030217,8477933,FLA,F,1016,13,5,0.42342,0.22316,1,2
20242025,2024030217,8477935,FLA,F,1127,18,11,0.89837,0.70323,6,4
20242025,2024030217,8477939,TOR,F,1059,11,19,0.33339,1.27307,2,4
20242025,2024030217,8478055,FLA,D,1278,24,11,0.94334,0.80946,5,4
20242025,2024030217,8478421,FLA,F,505,9,8,0.46148,0.36932,1,1
20242025,2024030217,8478443,TOR,D,1061,11,20,0.833,1.38503,4,4
20242025,2024030217,8478483,TOR,F,1078,10,19,0.31212,0.52162,2,1
20242025,2024030217,8478542,FLA,F,995,12,5,0.36013,0.22316,1,2
20242025,2024030217,8478859,FLA,D,1289,21,13,1.96846,0.52022,8,4
20242025,2024030217,8478904,TOR,F,721,6,8,0.54232,0.30745,4,1
20242025,2024030217,8479314,FLA,F,1048,11,10,0.34218,0.6628,1,3
20242025,2024030217,8479318,TOR,F,1008,10,15,0.31212,0.27125,2,0
20242025,2024030217,8479981,FLA,F,527,8,9,0.4555,0.37108,1,1
20242025,2024030217,8480185,FLA,F,818,15,10,1.35575,0.59752,4,4
20242025,2024030217,8480995,TOR,F,799,7,14,0.19763,1.34813,1,6
20242025,2024030217,8481122,TOR,D,1220,12,26,0.51714,1.41856,3,6
20242025,2024030217,8482113,FLA,F,772,14,8,1.33049,0.58836,4,4
20242025,2024030217,8482259,TOR,F,841,11,12,0.81366,1.07932,3,5
20242025,2024030217,8482720,TOR,F,834,10,16,0.37931,0.50835,3,2
20242025,2024030221,8470613,CAR,D,1075,21,6,1.20454,0.45091,10,3
20242025,2024030221,8471214,WSH,F,783,5,14,0.33358,0.75862,2,6
20242025,2024030221,8473533,CAR,F,880,14,5,0.70909,0.37746,3,2
20242025,2024030221,8474189,WSH,F,636,4,9,0.10305,0.55135,1,5
20242025,2024030221,8474590,WSH,D,1174,8,17,0.46519,1.28001,2,7
20242025,2024030221,8475200,CAR,D,1065,13,6,0.786,0.34086,4,2
20242025,2024030221,8475343,WSH,F,754,2,9,0.07218,0.38398,0,1
20242025,2024030221,8475791,CAR,F,743,10,3,0.76626,0.06032,8,1
20242025,2024030221,8476873,CAR,F,309,8,3,0.42429,0.01823,5,0
20242025,2024030221,8476880,WSH,F,1007,5,19,0.38933,1.30705,3,7
20242025,2024030221,8476906,CAR,D,918,14,6,0.89362,0.20587,6,3
20242025,2024030221,8476921,CAR,F,855,11,5,0.53358,0.41215,2,2
20242025,2024030221,8476958,CAR,D,1099,23,6,1.3407,0.45091,11,3
20242025,2024030221,8477478,CAR,F,444,8,4,0.39179,0.08571,4,1
20242025,2024030221,8477845,WSH,D,862,6,16,0.47789,0.88781,5,7
20242025,2024030221,8478233,WSH,F,576,3,7,0.09355,0.52685,1,5
20242025,2024030221,8478427,CAR,F,1082,17,6,1.14018,0.4881,6,5
20242025,2024030221,8478440,WSH,F,867,6,16,0.38291,0.88831,3,8
20242025,2024030221,8478463,WSH,F,791,5,18,0.38226,0.96456,3,8
20242025,2024030221,8478911,WSH,D,1297,3,17,0.05307,0.92974,1,8
20242025,2024030221,8478970,CAR,D,1042,11,5,0.72217,0.33937,4,2
20242025,2024030221,8479345,WSH,D,1230,8,23,0.5283,1.0268,4,5
20242025,2024030221,8479400,WSH,F,824,5,16,0.43801,1.15274,4,6
20242025,2024030221,8479520,WSH,F,703,6,9,0.47953,0.40188,4,2
20242025,2024030221,8480336,CAR,D,778,14,5,0.87534,0.20438,5,3
20242025,2024030221,8480762,CAR,F,426,8,3,0.42429,0.04491,5,0
20242025,2024030221,8480823,WSH,,506,4,6,0.37847,0.46767,3,3
20242025,2024030221,8480829,CAR,F,738,8,3,0.60282,0.11236,6,1
20242025,2024030221,8480830,CAR,F,1058,20,5,1.22831,0.43797,6,4
20242025,2024030221,8480873,WSH,D,1048,5,17,0.08938,1.22495,1,10
20242025,2024030221,8481580,WSH,F,819,2,15,0.07999,1.08601,1,6
20242025,2024030221,8481656,WSH,F,758,4,4,0.13101,0.21541,1,1
20242025,2024030221,8482093,CAR,F,865,12,4,0.65957,0.37597,3,2
20242025,2024030221,8482702,CAR,F,716,8,3,0.60282,0.06032,6,1
20242025,2024030221,8482809,CAR,F,1123,20,7,1.23708,0.51495,6,5
20242025,2024030221,8484186,WSH,,515,4,8,0.10305,0.48871,1,5
20242025,2024030222,8470613,CAR,D,995,8,15,0.44033,0.54415,3,3
20242025,2024030222,8471214,WSH,F,682,6,11,0.2004,0.37402,1,4
20242025,2024030222,8473533,CAR,F,809,13,7,0.54704,0.18657,3,1
20242025,2024030222,8474189,WSH,F,546,5,11,0.18305,0.90101,1,4
20242025,2024030222,8474590,WSH,D,1270,12,7,0.47008,0.30894,3,2
20242025,2024030222,8475200,CAR,D,1064,17,4,0.71041,0.14612,3,2
20242025,2024030222,8475343,WSH,F,757,13,9,0.92598,0.33222,6,2
20242025,2024030222,8475791,CAR,F,748,13,6,0.83166,0.29826,4,2
20242025,2024030222,8476880,WSH,F,965,10,6,0.21611,0.33243,1,2
20242025,2024030222,8476906,CAR,D,925,12,13,0.80241,0.8752,4,5
20242025,2024030222,8476921,CAR,F,832,11,7,0.50946,0.05644,3,0
20242025,2024030222,8476958,CAR,D,1110,9,16,0.43035,0.5565,3,3
20242025,2024030222,8477478,CAR,F,473,8,3,0.18736,0.05833,2,0
20242025,2024030222,8477845,WSH,D,920,6,16,0.34232,0.95893,2,5
20242025,2024030222,8478233,WSH,F,626,4,12,0.27266,0.95579,2,4
20242025,2024030222,8478427,CAR,F,990,7,13,0.53257,0.83046,2,6
20242025,2024030222,8478440,WSH,F,859,5,12,0.154,0.45666,1,4
20242025,2024030222,8478458,CAR,F,755,9,6,0.3617,0.38446,2,2
20242025,2024030222,8478463,WSH,F,654,14,8,0.93189,0.24244,6,0
20242025,2024030222,8478911,WSH,D,1071,14,16,0.75722,0.86367,5,5
20242025,2024030222,8478970,CAR,D,1003,14,3,0.66558,0.14436,3,2
20242025,2024030222,8479345,WSH,D,1251,18,11,0.89816,0.34464,6,1
20242025,2024030222,8479390,WSH,F,583,3,12,0.12851,0.98365,1,4
20242025,2024030222,8479400,WSH,F,925,10,8,0.44464,0.47063,3,2
20242025,2024030222,8479520,WSH,F,730,10,8,0.73649,0.25273,5,1
20242025,2024030222,8480336,CAR,D,962,15,13,0.96827,0.87291,5,5
20242025,2024030222,8480762,CAR,F,418,7,3,0.16138,0.06484,2,0
20242025,2024030222,8480823,WSH,,582,6,13,0.14957,1.08375,1,6
20242025,2024030222,8480829,CAR,F,590,10,7,0.69023,0.30618,5,2
20242025,2024030222,8480830,CAR,F,1011,7,16,0.53257,1.01995,2,7
20242025,2024030222,8480873,WSH,D,1055,8,13,0.52189,0.53933,3,3
20242025,2024030222,8481580,WSH,F,962,13,7,0.50422,0.38401,3,2
20242025,2024030222,8481656,WSH,F,822,3,10,0.01091,0.4633,0,4
20242025,2024030222,8482093,CAR,F,805,7,5,0.36129,0.04711,3,0
20242025,2024030222,8482702,CAR,F,829,14,10,0.8752,0.6258,4,4
20242025,2024030222,8482809,CAR,F,1027,9,13,0.64034,0.83046,2,6
20242025,2024030223,8470613,CAR,D,926,13,8,0.5499,0.25917,3,3
20242025,2024030223,8471214,WSH,F,789,11,7,0.91956,0.23223,5,1
20242025,2024030223,8473533,CAR,F,889,11,8,0.34441,0.59457,2,3
20242025,2024030223,8474189,WSH,F,649,7,6,0.47868,0.29968,3,1
20242025,2024030223,8474590,WSH,D,1062,4,11,0.2571,0.71904,2,3
20242025,2024030223,8475200,CAR,D,1084,15,8,0.5585,1.16069,2,4
20242025,2024030223,8475343,WSH,F,602,6,8,0.67204,0.43511,1,2
20242025,2024030223,8475791,CAR,F,717,10,5,0.47963,0.35918,2,2
20242025,2024030223,8476880,WSH,F,786,3,13,0.1815,0.53067,2,3
20242025,2024030223,8476906,CAR,D,1055,8,10,0.46718,0.49077,2,3
20242025,2024030223,8476921,CAR,F,741,11,6,0.18384,0.57776,1,3
20242025,2024030223,8476958,CAR,D,1030,17,11,0.83552,1.21307,5,5
20242025,2024030223,8477478,CAR,F,706,13,7,0.40025,1.10602,3,3
20242025,2024030223,8477845,WSH,D,815,9,12,0.63485,0.38887,3,2
20242025,2024030223,8478233,WSH,F,641,7,6,0.47868,0.38034,3,1
20242025,2024030223,8478427,CAR,F,894,11,7,0.57679,0.55345,3,4
20242025,2024030223,8478440,WSH,F,789,8,8,0.5616,0.32047,4,1
20242025,2024030223,8478458,CAR,F,627,8,4,0.37089,0.26114,1,1
20242025,2024030223,8478463,WSH,F,618,5,7,0.66326,0.37035,1,2
20242025,2024030223,8478911,WSH,D,1145,14,16,1.35971,0.68755,6,4
20242025,2024030223,8478970,CAR,D,692,8,5,0.31815,0.53967,1,3
20242025,2024030223,8479345,WSH,D,1177,4,18,0.2571,0.70308,2,3
20242025,2024030223,8479390,WSH,F,652,7,5,0.47868,0.27488,3,1
20242025,2024030223,8479400,WSH,F,1004,6,17,0.53934,0.76318,3,5
20242025,2024030223,8479520,WSH,F,580,5,8,0.66326,0.37217,1,2
20242025,2024030223,8480336,CAR,D,1202,17,12,0.86167,0.83995,5,4
20242025,2024030223,8480762,CAR,F,674,9,9,0.60672,0.76127,3,2
20242025,2024030223,8480823,WSH,,746,5,9,0.30283,0.46487,2,3
20242025,2024030223,8480829,CAR,F,672,9,9,0.48615,0.85065,3,3
20242025,2024030223,8480830,CAR,F,788,9,7,0.51428,0.55345,3,4
20242025,2024030223,8480873,WSH,D,1070,18,13,1.69173,0.62933,7,3
20242025,2024030223,8481580,WSH,F,944,6,17,0.53934,0.80314,3,5
20242025,2024030223,8481656,WSH,F,961,10,14,0.57904,0.60234,4,3
20242025,2024030223,8482093,CAR,F,834,8,5,0.41519,0.23724,2,2
20242025,2024030223,8482702,CAR,F,650,8,3,0.44204,0.25299,2,1
20242025,2024030223,8482809,CAR,F,822,10,11,0.56619,0.64726,2,5
20242025,2024030224,8470613,CAR,D,946,13,7,0.43287,0.40073,2,2
20242025,2024030224,8471214,WSH,F,815,14,11,0.74464,0.49263,6,3
20242025,2024030224,8473533,CAR,F,750,8,7,0.24038,0.50006,2,3
20242025,2024030224,8474189,WSH,F,531,1,10,0.05831,0.42413,0,3
20242025,2024030224,8474590,WSH,D,988,9,13,0.56647,0.5916,1,5
20242025,2024030224,8475200,CAR,D,996,16,18,1.08818,0.91846,7,7
20242025,2024030224,8475343,WSH,F,676,6,6,0.17594,0.23773,0,1
20242025,2024030224,8475791,CAR,F,686,13,3,0.59419,0.13329,4,0
20242025,2024030224,8476880,WSH,F,872,15,10,0.85593,0.14628,6,0
20242025,2024030224,8476906,CAR,D,818,11,4,0.25728,0.40792,2,1
20242025,2024030224,8476921,CAR,F,627,5,6,0.2008,0.47633,2,3
20242025,2024030224,8476958,CAR,D,1068,14,11,0.54357,0.6409,2,3
20242025,2024030224,8477478,CAR,F,546,6,7,0.37976,0.50006,3,3
20242025,2024030224,8477845,WSH,D,841,8,12,0.45052,0.58049,2,3
20242025,2024030224,8478233,WSH,F,554,2,9,0.29237,0.4121,1,3
20242025,2024030224,8478427,CAR,F,744,11,12,0.79221,0.47396,4,3
20242025,2024030224,8478440,WSH,F,873,15,12,0.89741,0.49629,7,2
20242025,2024030224,8478458,CAR,F,623,12,2,0.54772,0.29237,3,1
20242025,2024030224,8478463,WSH,F,668,5,5,0.15531,0.0597,0,0
20242025,2024030224,8478911,WSH,D,1035,14,15,0.69674,0.88227,7,4
20242025,2024030224,8478970,CAR,D,901,13,16,1.05854,0.66491,7,6
20242025,2024030224,8479345,WSH,D,1254,8,12,0.5761,0.44491,3,3
20242025,2024030224,8479400,WSH,F,702,9,10,0.58207,0.85583,3,6
20242025,2024030224,8479520,WSH,F,619,5,7,0.24711,0.25454,0,1
20242025,2024030224,8480336,CAR,D,807,10,6,0.45349,0.39454,3,1
20242025,2024030224,8480762,CAR,F,649,7,9,0.07819,0.4143,0,3
20242025,2024030224,8480823,WSH,,348,6,6,0.35875,0.20846,2,1
20242025,2024030224,8480829,CAR,F,704,6,10,0.15745,0.44734,1,3
20242025,2024030224,8480830,CAR,F,850,12,12,0.80509,0.66608,4,4
20242025,2024030224,8480873,WSH,D,1090,17,18,0.77888,1.00673,5,6
20242025,2024030224,8481580,WSH,F,790,10,10,0.42961,0.68593,3,4
20242025,2024030224,8481656,WSH,F,785,9,13,0.41012,0.96293,3,6
20242025,2024030224,8482093,CAR,F,707,13,9,0.81498,0.36986,4,2
20242025,2024030224,8482702,CAR,F,687,13,2,0.75094,0.29237,5,1
20242025,2024030224,8482809,CAR,F,782,7,14,0.09051,0.57517,0,4
20242025,2024030224,8484186,WSH,,502,2,11,0.29237,0.5436,1,4
20242025,2024030225,8470613,CAR,D,1076,11,12,0.68424,0.35633,4,1
20242025,2024030225,8471214,WSH,F,956,11,15,0.60261,0.90737,3,3
20242025,2024030225,8473533,CAR,F,842,15,9,1.30213,0.54113,6,3
20242025,2024030225,8474590,WSH,D,1070,6,17,0.35391,1.1458,2,7
20242025,2024030225,8475200,CAR,D,1118,11,10,0.65565,0.85004,5,5
20242025,2024030225,8475343,WSH,F,792,3,7,0.0874,0.47036,1,3
20242025,2024030225,8475791,CAR,F,820,12,8,0.72188,0.8296,2,6
20242025,2024030225,8476880,WSH,F,952,9,6,0.55938,0.31838,3,3
20242025,2024030225,8476906,CAR,D,840,10,8,1.00861,0.787,3,5
20242025,2024030225,8476921,CAR,F,737,12,8,1.11137,0.49657,5,3
20242025,2024030225,8476958,CAR,D,1139,15,14,0.87889,0.85684,4,3
20242025,2024030225,8477478,CAR,F,793,13,9,0.97767,0.54113,6,3
20242025,2024030225,8477845,WSH,D,763,13,8,1.32975,0.64398,7,2
20242025,2024030225,8478233,WSH,F,553,4,9,0.23997,0.66242,2,2
20242025,2024030225,8478427,CAR,F,854,8,6,0.38389,0.14222,4,1
20242025,2024030225,8478440,WSH,F,1007,13,14,1.10312,0.7488,5,3
20242025,2024030225,8478458,CAR,F,744,10,9,0.53817,0.89346,1,6
20242025,2024030225,8478463,WSH,F,755,12,9,1.05702,0.63791,4,4
20242025,2024030225,8478911,WSH,D,1153,10,11,0.30621,0.64408,2,4
20242025,2024030225,8479345,WSH,D,1233,15,8,0.942,0.36807,4,2
20242025,2024030225,8479390,WSH,F,630,3,4,0.0874,0.15888,1,0
20242025,2024030225,8479400,WSH,F,829,8,10,0.51763,0.67435,2,3
20242025,2024030225,8479520,WSH,F,706,3,7,0.0874,0.42813,1,2
20242025,2024030225,8480336,CAR,D,1209,16,12,1.0546,1.05358,7,6
20242025,2024030225,8480762,CAR,F,585,2,5,0.16039,0.41306,1,1
20242025,2024030225,8480823,WSH,,647,5,2,0.29949,0.1159,3,0
20242025,2024030225,8480829,CAR,F,564,2,5,0.16039,0.41306,1,1
20242025,2024030225,8480830,CAR,F,751,8,7,0.37385,0.20608,3,1
20242025,2024030225,8480873,WSH,D,1080,9,24,0.74838,1.85133,4,9
20242025,2024030225,8481580,WSH,F,653,5,8,0.28172,0.84209,3,6
20242025,2024030225,8481656,WSH,F,933,11,12,0.73836,0.90853,4,6
20242025,2024030225,8482093,CAR,F,847,10,7,0.54951,0.20608,4,1
20242025,2024030225,8482100,CAR,,631,7,2,0.48717,0.07595,1,2
20242025,2024030225,8482702,CAR,F,747,11,6,0.7141,0.32909,2,4
20242025,2024030225,8482809,CAR,F,645,2,8,0.16039,0.95813,1,3
20242025,2024030225,8484186,WSH,,381,5,4,0.6076,0.39652,4,1
20242025,2024030231,8473994,DAL,F,654,12,9,0.60505,0.45657,4,4
20242025,2024030231,8474149,DAL,F,489,4,3,0.88583,0.19012,1,1
20242025,2024030231,8474568,WPG,D,585,4,2,0.0416,0.12347,0,1
20242025,2024030231,8475168,DAL,F,738,14,8,0.68491,0.36218,5,2
20242025,2024030231,8475755,DAL,,617,14,3,1.33688,0.10352,4,0
20242025,2024030231,8475794,DAL,F,749,13,8,0.62732,0.40954,4,3
20242025,2024030231,8475798,DAL,F,712,15,13,0.98558,0.6334,7,5
20242025,2024030231,8475799,WPG,F,675,9,10,0.17673,1.47069,1,7
20242025,2024030231,8476331,WPG,D,958,8,16,0.49787,1.08748,3,6
20242025,2024030231,8476392,WPG,F,764,13,12,0.52711,1.46917,4,6
20242025,2024030231,8476460,WPG,F,986,14,4,1.06535,0.10496,8,1
20242025,2024030231,8476480,WPG,F,690,6,9,0.07241,0.62864,0,4
20242025,2024030231,8476525,WPG,D,890,5,4,0.09028,0.17305,1,1
20242025,2024030231,8476879,DAL,D,1281,9,16,0.37527,0.6144,2,6
20242025,2024030231,8476902,DAL,D,1273,9,16,0.37527,1.05991,2,8
20242025,2024030231,8477938,WPG,D,935,9,14,0.55644,0.99075,3,5
20242025,2024030231,8477940,WPG,F,804,9,11,0.37337,0.64999,2,4
20242025,2024030231,8478398,WPG,F,1040,14,5,1.06535,0.12801,8,0
20242025,2024030231,8478420,DAL,F,983,17,14,1.83745,0.58335,8,5
20242025,2024030231,8478449,DAL,F,763,13,12,0.90572,0.56453,6,5
20242025,2024030231,8478891,WPG,F,710,13,13,0.52711,1.50831,4,6
20242025,2024030231,8478975,DAL,F,778,2,8,0.09591,0.16858,1,1
20242025,2024030231,8479293,WPG,F,419,1,7,0.01347,0.32368,0,2
20242025,2024030231,8479351,DAL,F,674,4,6,0.88583,0.58305,1,4
20242025,2024030231,8480014,WPG,F,993,14,4,1.06535,0.09329,8,0
20242025,2024030231,8480027,DAL,F,764,2,8,0.09591,0.16858,1,1
20242025,2024030231,8480049,WPG,D,1212,22,17,1.11724,1.45815,9,7
20242025,2024030231,8480113,WPG,F,553,2,6,0.06289,0.28454,1,2
20242025,2024030231,8480145,WPG,D,1105,20,13,1.05325,1.31184,8,6
20242025,2024030231,8480289,WPG,F,465,1,8,0.01347,0.3696,0,2
20242025,2024030231,8480840,DAL,F,353,1,4,0.01169,0.51687,0,3
20242025,2024030231,8480950,DAL,D,961,10,14,0.86022,0.45421,7,3
20242025,2024030231,8481581,DAL,D,1123,11,18,0.86485,1.12325,7,7
20242025,2024030231,8482149,WPG,F,745,6,10,0.07241,0.68623,0,5
20242025,2024030231,8482740,DAL,F,952,2,8,0.09591,0.16858,1,1
20242025,2024030231,8483425,DAL,D,496,13,1,1.33225,0.00139,4,0
20242025,2024030232,8473994,DAL,F,599,8,6,0.66092,0.10101,2,0
20242025,2024030232,8474149,DAL,F,494,9,4,0.29027,0.21071,2,2
20242025,2024030232,8475168,DAL,F,719,7,7,0.47376,0.25141,3,2
20242025,2024030232,8475755,DAL,,679,8,6,0.28172,0.47119,1,4
20242025,2024030232,8475794,DAL,F,555,7,7,0.50091,0.27829,3,2
20242025,2024030232,8475798,DAL,F,728,3,6,0.14434,0.20395,1,1
20242025,2024030232,8475799,WPG,F,721,7,9,0.34779,0.76954,1,4
20242025,2024030232,8476331,WPG,D,909,14,13,0.76219,0.73257,4,4
20242025,2024030232,8476392,WPG,F,668,7,7,0.46511,0.39558,2,2
20242025,2024030232,8476460,WPG,F,865,9,13,0.25297,0.51227,1,3
20242025,2024030232,8476480,WPG,F,558,4,3,0.11929,0.35215,1,1
20242025,2024030232,8476525,WPG,D,643,5,8,0.2241,0.33224,2,1
20242025,2024030232,8476879,DAL,D,958,7,8,0.44706,0.16085,3,1
20242025,2024030232,8476902,DAL,D,1011,8,8,0.50227,0.18498,3,1
20242025,2024030232,8477504,WPG,D,1006,11,15,0.59414,0.83653,3,5
20242025,2024030232,8477938,WPG,D,665,8,6,0.2795,0.25305,2,1
20242025,2024030232,8477940,WPG,F,640,5,2,0.12983,0.06554,1,0
20242025,2024030232,8478398,WPG,F,846,7,15,0.23208,0.54187,1,4
20242025,2024030232,8478420,DAL,F,934,6,12,0.43555,0.63853,2,3
20242025,2024030232,8478449,DAL,F,642,1,4,0.03804,0.07248,0,0
20242025,2024030232,8478891,WPG,F,690,6,8,0.4573,0.48293,2,3
20242025,2024030232,8478975,DAL,F,645,10,5,0.34795,0.27571,3,2
20242025,2024030232,8479293,WPG,F,432,6,3,0.41315,0.08078,3,0
20242025,2024030232,8479351,DAL,F,541,5,6,0.33682,0.43458,2,2
20242025,2024030232,8480014,WPG,F,748,8,11,0.22438,0.41028,1,2
20242025,2024030232,8480027,DAL,F,855,14,8,0.49975,0.25572,2,1
20242025,2024030232,8480049,WPG,D,938,6,7,0.24921,0.31294,1,2
20242025,2024030232,8480113,WPG,F,441,5,6,0.28548,0.19773,2,2
20242025,2024030232,8480145,WPG,D,905,6,9,0.13656,0.44813,0,3
20242025,2024030232,8480289,WPG,F,500,5,6,0.28548,0.19773,2,2
20242025,2024030232,8480840,DAL,F,313,2,3,0.05472,0.29232,1,1
20242025,2024030232,8480950,DAL,D,744,13,11,0.67374,0.49924,4,1
20242025,2024030232,8481581,DAL,D,985,15,11,0.80363,0.46668,4,1
20242025,2024030232,8482149,WPG,F,560,6,4,0.15569,0.36679,1,1
20242025,2024030232,8482740,DAL,F,759,15,7,0.59016,0.35384,3,2
20242025,2024030232,8483425,DAL,D,608,7,6,0.20704,0.46276,1,4
20242025,2024030233,8473994,DAL,F,754,11,11,1.10512,0.48936,6,2
20242025,2024030233,8474149,DAL,F,628,7,6,0.79058,0.15643,5,1
20242025,2024030233,8475168,DAL,F,851,16,11,1.2677,0.37075,9,2
20242025,2024030233,8475755,DAL,,775,12,9,1.62748,0.18967,8,2
20242025,2024030233,8475794,DAL,F,825,14,11,1.09866,0.37075,7,2
20242025,2024030233,8475798,DAL,F,787,8,9,0.75247,0.28829,4,2
20242025,2024030233,8475799,WPG,F,862,10,4,0.38798,0.5354,2,3
20242025,2024030233,8476278,DAL,F,533,1,2,0.10888,0.0827,1,0
20242025,2024030233,8476331,WPG,D,1016,11,17,0.3962,1.11037,1,7
20242025,2024030233,8476392,WPG,F,843,12,7,0.43971,0.72007,3,5
20242025,2024030233,8476460,WPG,F,1085,10,15,0.49319,0.7275,2,4
20242025,2024030233,8476480,WPG,F,867,10,9,0.21865,0.79637,0,5
20242025,2024030233,8476525,WPG,D,804,8,4,0.30139,0.67333,2,3
20242025,2024030233,8476879,DAL,D,1174,14,12,1.20394,0.59542,4,2
20242025,2024030233,8476902,DAL,D,1313,16,13,1.39897,0.62403,5,2
20242025,2024030233,8477504,WPG,D,1315,16,19,0.65403,1.24419,2,8
20242025,2024030233,8477938,WPG,D,530,4,3,0.07217,0.66045,1,3
20242025,2024030233,8477940,WPG,F,909,10,7,0.21865,0.55455,0,4
20242025,2024030233,8478398,WPG,F,1085,10,16,0.49319,0.83638,2,5
20242025,2024030233,8478420,DAL,F,861,11,10,1.26051,0.33117,4,3
20242025,2024030233,8478449,DAL,F,908,7,10,0.70209,0.33117,3,3
20242025,2024030233,8478891,WPG,F,813,12,9,0.43971,1.00473,3,7
20242025,2024030233,8478975,DAL,F,850,15,13,1.11154,0.40645,7,2
20242025,2024030233,8479293,WPG,F,457,6,10,0.20986,1.64684,3,6
20242025,2024030233,8479351,DAL,F,650,3,2,0.49826,0.0827,0,0
20242025,2024030233,8480014,WPG,F,1054,10,15,0.49319,0.73434,2,4
20242025,2024030233,8480027,DAL,F,765,7,10,0.91858,0.49421,2,2
20242025,2024030233,8480049,WPG,D,1126,16,14,0.58348,1.53025,4,7
20242025,2024030233,8480113,WPG,F,563,4,7,0.15813,1.33677,2,4
20242025,2024030233,8480145,WPG,D,1233,17,17,0.61209,1.92775,4,8
20242025,2024030233,8480289,WPG,F,459,4,5,0.15813,1.09495,2,3
20242025,2024030233,8480950,DAL,D,948,9,14,0.53274,0.49598,5,3
20242025,2024030233,8481581,DAL,D,1325,14,15,1.01142,0.52459,9,3
20242025,2024030233,8482149,WPG,F,885,10,7,0.21865,0.73161,0,4
20242025,2024030233,8482740,DAL,F,776,11,13,1.10512,0.52506,6,2
20242025,2024030233,8483425,DAL,D,752,9,9,1.37179,0.18967,5,2
20242025,2024030234,8473994,DAL,F,649,5,13,0.29289,0.80213,1,4
20242025,2024030234,8474149,DAL,F,631,4,10,0.1878,0.72907,0,4
20242025,2024030234,8474568,WPG,D,764,12,5,0.69152,0.16776,3,0
20242025,2024030234,8475168,DAL,F,705,7,10,0.246,0.32324,2,0
20242025,2024030234,8475755,DAL,,419,8,5,0.39529,0.25369,2,0
20242025,2024030234,8475794,DAL,F,629,6,8,0.35716,0.17044,3,0
20242025,2024030234,8475798,DAL,F,930,10,14,0.49634,0.8757,4,5
20242025,2024030234,8475799,WPG,F,726,8,4,0.27343,0.2574,2,1
20242025,2024030234,8476331,WPG,D,1046,13,13,0.44395,0.78947,3,7
20242025,2024030234,8476392,WPG,F,782,13,6,0.63969,0.41943,3,3
20242025,2024030234,8476460,WPG,F,1132,13,15,1.01018,0.71025,5,5
20242025,2024030234,8476480,WPG,F,723,8,4,0.27343,0.2574,2,1
20242025,2024030234,8476879,DAL,D,996,13,11,0.60537,0.57952,5,4
20242025,2024030234,8476902,DAL,D,1219,15,13,0.81573,0.75692,5,5
20242025,2024030234,8477504,WPG,D,1263,18,16,1.12548,0.78614,6,6
20242025,2024030234,8477938,WPG,D,580,6,1,0.22799,0.12209,1,1
20242025,2024030234,8477940,WPG,F,865,10,7,0.50195,0.43981,3,3
20242025,2024030234,8478398,WPG,F,1053,13,14,1.06533,0.62939,5,5
20242025,2024030234,8478420,DAL,F,1256,16,20,1.00163,1.02018,7,6
20242025,2024030234,8478449,DAL,F,922,11,15,0.60143,1.12196,5,7
20242025,2024030234,8478891,WPG,F,588,8,6,0.30185,0.26993,0,1
20242025,2024030234,8478975,DAL,F,631,6,4,0.35716,0.04124,3,0
20242025,2024030234,8479293,WPG,F,418,10,3,0.27253,0.23092,0,1
20242025,2024030234,8479351,DAL,F,731,4,7,0.28122,0.36462,1,2
20242025,2024030234,8480014,WPG,F,860,12,8,0.65057,0.50746,4,3
20242025,2024030234,8480027,DAL,F,787,7,10,0.41113,0.39228,2,1
20242025,2024030234,8480036,DAL,D,667,3,14,0.17722,0.67193,2,3
20242025,2024030234,8480049,WPG,D,937,15,11,0.89248,0.64929,4,3
20242025,2024030234,8480113,WPG,F,750,9,10,0.77386,0.52273,4,5
20242025,2024030234,8480145,WPG,D,994,14,10,0.71519,0.60029,3,3
20242025,2024030234,8480289,WPG,F,348,9,3,0.27418,0.17044,0,1
20242025,2024030234,8480950,DAL,D,631,3,11,0.17811,0.6576,1,3
20242025,2024030234,8481581,DAL,D,1332,6,21,0.54803,1.00817,3,5
20242025,2024030234,8482149,WPG,F,719,9,4,0.32019,0.2574,2,1
20242025,2024030234,8482740,DAL,F,788,8,8,0.4398,0.36899,2,1
20242025,2024030234,8483425,DAL,D,433,8,5,0.39529,0.25369,2,0
20242025,2024030235,8473994,DAL,F,521,5,6,0.36959,0.25886,3,2
20242025,2024030235,8474149,DAL,F,491,4,3,0.06917,0.25735,0,2
20242025,2024030235,8474568,WPG,D,607,4,4,0.33763,0.06155,3,0
20242025,2024030235,8475168,DAL,F,736,8,7,0.49399,0.26553,5,2
20242025,2024030235,8475755,DAL,,460,4,6,0.13979,0.30288,1,4
20242025,2024030235,8475794,DAL,F,736,11,7,0.71197,0.26553,6,2
20242025,2024030235,8475798,DAL,F,718,3,5,0.13005,0.34053,1,3
20242025,2024030235,8475799,WPG,F,628,8,4,0.30347,0.22023,4,2
20242025,2024030235,8476331,WPG,D,889,7,8,0.27026,0.58836,3,4
20242025,2024030235,8476392,WPG,F,666,7,6,0.25644,0.30253,3,3
20242025,2024030235,8476460,WPG,F,925,4,9,0.28213,0.61479,2,5
20242025,2024030235,8476480,WPG,F,542,9,2,0.62894,0.08002,5,1
20242025,2024030235,8476879,DAL,D,755,5,9,0.3455,0.43085,2,3
20242025,2024030235,8476902,DAL,D,929,9,9,0.49967,0.27605,3,2
20242025,2024030235,8477504,WPG,D,1104,11,10,0.58144,0.65055,6,5
20242025,2024030235,8477938,WPG,D,415,2,3,0.29649,0.05141,2,0
20242025,2024030235,8477940,WPG,F,680,7,4,0.50377,0.12624,4,1
20242025,2024030235,8478398,WPG,F,920,4,11,0.28213,0.69709,2,6
20242025,2024030235,8478420,DAL,F,1068,3,8,0.19432,0.42029,2,5
20242025,2024030235,8478449,DAL,F,856,3,8,0.1775,0.46613,2,5
20242025,2024030235,8478891,WPG,F,587,7,6,0.25644,0.29232,3,3
20242025,2024030235,8478975,DAL,F,631,8,6,0.22181,0.43635,2,4
20242025,2024030235,8479293,WPG,F,300,2,1,0.13197,0.00519,1,0
20242025,2024030235,8479351,DAL,F,686,4,4,0.06917,0.31118,0,3
20242025,2024030235,8480014,WPG,F,841,4,5,0.28213,0.47289,2,3
20242025,2024030235,8480027,DAL,F,619,9,4,0.48749,0.2952,5,2
20242025,2024030235,8480036,DAL,D,663,4,1,0.25022,0.1185,2,1
20242025,2024030235,8480049,WPG,D,950,9,10,0.47843,0.48114,4,6
20242025,2024030235,8480113,WPG,F,427,1,4,0.05383,0.06917,1,0
20242025,2024030235,8480145,WPG,D,879,9,5,0.47843,0.26449,4,3
20242025,2024030235,8480289,WPG,F,412,1,6,0.05383,0.18576,1,2
20242025,2024030235,8480950,DAL,D,389,2,5,0.02497,0.36911,0,3
20242025,2024030235,8481581,DAL,D,962,10,5,0.53844,0.53419,6,4
20242025,2024030235,8482149,WPG,F,547,9,2,0.62894,0.08002,5,1
20242025,2024030235,8482740,DAL,F,665,4,5,0.33545,0.34707,3,3
20242025,2024030235,8483425,DAL,D,550,4,7,0.18465,0.4111,2,5
20242025,2024030236,8473994,DAL,F,830,23,10,1.05224,0.50921,6,2
20242025,2024030236,8474149,DAL,F,850,10,8,0.35112,0.76617,4,2
20242025,2024030236,8474568,WPG,D,1105,4,23,0.14114,1.13369,0,10
20242025,2024030236,8475168,DAL,F,978,25,14,1.14596,0.79874,6,3
20242025,2024030236,8475755,DAL,,557,6,12,0.19386,1.18072,2,5
20242025,2024030236,8475794,DAL,F,919,19,13,0.76002,0.70639,4,2
20242025,2024030236,8475798,DAL,F,1107,17,10,0.90391,0.51159,7,2
20242025,2024030236,8475799,WPG,F,776,14,17,0.70458,0.97223,5,6
20242025,2024030236,8476331,WPG,D,1419,21,16,1.05222,0.59424,5,4
20242025,2024030236,8476392,WPG,F,955,11,17,0.27781,1.00955,2,7
20242025,2024030236,8476460,WPG,F,1131,15,17,1.08293,1.05082,3,5
20242025,2024030236,8476480,WPG,F,877,4,15,0.19251,0.56142,0,3
20242025,2024030236,8476879,DAL,D,1126,16,11,1.02976,0.433,4,1
20242025,2024030236,8476902,DAL,D,1269,17,14,1.07759,0.53789,4,1
20242025,2024030236,8477504,WPG,D,896,16,7,0.42852,0.24441,2,3
20242025,2024030236,8477938,WPG,D,1018,5,22,0.30881,1.23301,1,9
20242025,2024030236,8477940,WPG,F,888,6,14,0.37772,0.54364,1,3
20242025,2024030236,8478398,WPG,F,1224,15,17,0.96943,1.05082,2,5
20242025,2024030236,8478420,DAL,F,1380,18,11,1.21225,0.35817,6,3
20242025,2024030236,8478449,DAL,F,941,13,9,0.79835,0.23925,6,1
20242025,2024030236,8478891,WPG,F,972,10,19,0.27615,1.09622,2,7
20242025,2024030236,8478975,DAL,F,1055,10,7,0.99701,0.78887,5,2
20242025,2024030236,8479293,WPG,F,688,0,5,0.0,0.27603,0,4
20242025,2024030236,8479351,DAL,F,857,10,7,0.39536,0.76451,4,2
20242025,2024030236,8480014,WPG,F,977,12,9,0.91585,0.73236,3,5
20242025,2024030236,8480027,DAL,F,882,8,9,0.32266,0.42521,3,3
20242025,2024030236,8480036,DAL,D,1336,30,7,1.60835,0.25805,12,2
20242025,2024030236,8480049,WPG,D,1344,16,22,1.27997,1.31639,5,5
20242025,2024030236,8480113,WPG,F,868,2,14,0.13185,0.44713,1,3
20242025,2024030236,8480145,WPG,D,1417,8,16,0.8928,1.1637,3,5
20242025,2024030236,8480289,WPG,F,622,5,4,0.49848,0.22093,3,3
20242025,2024030236,8480950,DAL,D,793,7,4,0.21157,0.10991,2,0
20242025,2024030236,8481581,DAL,D,1473,20,11,1.04082,0.38446,8,3
20242025,2024030236,8482149,WPG,F,776,11,11,0.72788,0.56701,2,3
20242025,2024030236,8482740,DAL,F,986,6,7,0.58928,0.28708,3,2
20242025,2024030236,8483425,DAL,D,621,10,11,0.52349,1.19943,4,4
20242025,2024030241,8470621,EDM,F,706,7,6,0.56095,0.2808,4,2
20242025,2024030241,8474641,EDM,F,887,10,15,0.87874,0.57659,4,5
20242025,2024030241,8475169,EDM,,838,12,4,0.60625,0.13321,3,0
20242025,2024030241,8475188,VGK,D,881,7,14,0.30396,0.76072,3,5
20242025,2024030241,8475191,VGK,F,579,4,14,0.05528,1.06291,1,6
20242025,2024030241,8475786,EDM,F,702,9,6,0.34027,0.26606,1,1
20242025,2024030241,8475906,EDM,,1062,12,9,0.61265,0.31258,2,2
20242025,2024030241,8475913,VGK,F,924,8,12,0.38518,0.39372,3,2
20242025,2024030241,8476438,VGK,F,721,3,6,0.06556,0.27472,0,0
20242025,2024030241,8476448,VGK,F,844,10,6,0.54146,0.4159,4,3
20242025,2024030241,8476454,EDM,F,689,7,6,0.41143,0.27149,3,1
20242025,2024030241,8476871,VGK,F,517,8,10,0.2903,0.35132,3,2
20242025,2024030241,8476881,VGK,F,860,3,7,0.06556,0.32594,0,0
20242025,2024030241,8476967,EDM,D,1201,8,15,0.25801,0.57,1,4
20242025,2024030241,8477015,EDM,F,888,10,11,0.7868,0.50135,3,5
20242025,2024030241,8477406,EDM,F,546,5,2,0.18054,0.02806,1,0
20242025,2024030241,8477447,VGK,D,996,10,12,0.54234,0.80676,5,5
20242025,2024030241,8477498,EDM,D,1195,18,10,1.20255,0.41104,6,4
20242025,2024030241,8477934,EDM,F,962,12,6,0.55462,0.2808,3,2
20242025,2024030241,8477964,VGK,F,895,9,14,0.37585,1.20452,2,7
20242025,2024030241,8478013,EDM,D,943,11,10,0.71088,0.34143,4,2
20242025,2024030241,8478042,EDM,F,527,8,5,0.29499,0.0689,2,0
20242025,2024030241,8478109,VGK,F,726,7,5,0.22636,0.20744,2,1
20242025,2024030241,8478396,VGK,D,1171,10,14,0.31012,0.59524,2,3
20242025,2024030241,8478402,EDM,F,1020,14,6,0.61543,0.33651,3,3
20242025,2024030241,8478403,VGK,F,1030,9,14,0.63989,0.54528,5,3
20242025,2024030241,8478434,VGK,F,818,6,5,0.19869,0.31989,0,1
20242025,2024030241,8478462,VGK,F,734,9,14,0.37585,1.16545,2,7
20242025,2024030241,8479353,VGK,F,620,9,5,0.19187,0.24751,2,2
20242025,2024030241,8479365,EDM,F,832,11,14,0.90505,0.57044,5,5
20242025,2024030241,8479980,VGK,D,768,9,9,0.36019,0.60986,2,2
20242025,2024030241,8480727,VGK,D,1232,9,14,0.37859,0.68916,3,4
20242025,2024030241,8480803,EDM,D,1231,23,9,1.34435,0.44403,9,3
20242025,2024030241,8480834,EDM,D,336,2,3,0.12084,0.15514,0,1
20242025,2024030241,8481527,VGK,D,784,10,10,0.2785,0.64686,1,2
20242025,2024030241,8481617,EDM,F,430,6,3,0.23885,0.03712,1,0
20242025,2024030242,8470621,EDM,F,561,10,7,0.67969,0.31243,3,2
20242025,2024030242,8474565,VGK,D,878,13,11,1.0807,0.53153,7,3
20242025,2024030242,8474641,EDM,F,714,6,11,0.42274,0.75912,3,6
20242025,2024030242,8475169,EDM,,848,13,7,0.74223,0.5269,5,3
20242025,2024030242,8475188,VGK,D,1067,15,10,0.84649,0.79489,7,4
20242025,2024030242,8475191,VGK,F,657,7,9,0.27633,0.58071,1,4
20242025,2024030242,8475786,EDM,F,771,11,9,0.73215,0.47059,5,4
20242025,2024030242,8475906,EDM,,938,11,10,0.39722,1.11083,2,5
20242025,2024030242,8475913,VGK,F,1031,12,10,0.88216,0.40395,7,2
20242025,2024030242,8476438,VGK,F,666,9,8,0.57355,0.49816,4,3
20242025,2024030242,8476448,VGK,F,749,9,10,0.503,0.78543,3,5
20242025,2024030242,8476454,EDM,F,742,10,12,0.69852,0.98557,5,4
20242025,2024030242,8476871,VGK,F,522,7,7,0.72628,0.31991,6,1
20242025,2024030242,8476881,VGK,F,810,10,9,0.62129,0.67023,5,4
20242025,2024030242,8476967,EDM,D,1323,10,17,0.34652,0.97961,3,8
20242025,2024030242,8477015,EDM,F,828,8,11,0.44131,0.8876,3,8
20242025,2024030242,8477406,EDM,F,546,7,4,0.31239,0.46428,0,3
20242025,2024030242,8477447,VGK,D,1241,16,10,0.95009,0.73348,8,3
20242025,2024030242,8477498,EDM,D,1192,13,16,0.66233,1.05494,2,8
20242025,2024030242,8477934,EDM,F,1049,12,16,0.73121,0.96491,3,7
20242025,2024030242,8477964,VGK,F,915,11,12,1.12458,0.43314,7,2
20242025,2024030242,8478013,EDM,D,896,16,16,1.08529,1.46786,6,8
20242025,2024030242,8478042,EDM,F,547,6,9,0.16396,1.22959,0,6
20242025,2024030242,8478109,VGK,F,808,11,9,0.67762,0.64936,6,4
20242025,2024030242,8478396,VGK,D,1070,14,15,1.04823,0.69137,6,4
20242025,2024030242,8478402,EDM,F,1073,10,14,0.57338,0.79743,3,6
20242025,2024030242,8478403,VGK,F,1061,16,11,1.37268,0.41551,9,2
20242025,2024030242,8478434,VGK,F,499,7,7,0.98641,0.38309,5,1
20242025,2024030242,8478462,VGK,F,522,8,5,0.78134,0.14594,6,0
20242025,2024030242,8479353,VGK,F,718,10,8,0.32128,0.7659,1,5
20242025,2024030242,8479365,EDM,F,656,6,11,0.38979,0.75053,3,6
20242025,2024030242,8479980,VGK,D,740,9,11,0.95052,0.5743,6,4
20242025,2024030242,8480727,VGK,D,869,11,13,1.02165,0.70865,6,4
20242025,2024030242,8480803,EDM,D,1267,16,16,1.28632,0.9331,6,9
20242025,2024030242,8480834,EDM,D,344,4,3,0.25654,0.35134,3,2
20242025,2024030242,8481617,EDM,F,448,6,6,0.16396,0.69757,0,5
20242025,2024030243,8470621,EDM,F,752,6,6,0.47166,0.35135,3,1
20242025,2024030243,8474565,VGK,D,1110,13,9,0.77322,0.96867,6,5
20242025,2024030243,8474641,EDM,F,750,5,7,0.07447,0.4766,0,6
20242025,2024030243,8475169,EDM,,747,10,6,1.09055,0.29418,4,1
20242025,2024030243,8475188,VGK,D,1097,6,13,0.47593,0.83609,2,5
20242025,2024030243,8475191,VGK,F,798,8,5,0.44969,0.15539,1,0
20242025,2024030243,8475786,EDM,F,898,20,9,1.51388,0.61472,7,2
20242025,2024030243,8475906,EDM,,943,11,9,1.07439,0.65458,4,3
20242025,2024030243,8475913,VGK,F,311,2,2,0.19051,0.3154,1,2
20242025,2024030243,8476448,VGK,F,979,8,5,0.47828,0.563,1,1
20242025,2024030243,8476454,EDM,F,873,14,6,0.97369,0.26559,5,1
20242025,2024030243,8476871,VGK,F,600,11,6,0.94025,0.35579,5,2
20242025,2024030243,8476881,VGK,F,767,13,10,0.81161,0.58262,7,3
20242025,2024030243,8476967,EDM,D,1267,15,12,1.05236,0.72939,7,6
20242025,2024030243,8477015,EDM,F,813,4,7,0.10405,0.4766,0,6
20242025,2024030243,8477406,EDM,F,547,4,7,0.21225,0.65753,1,4
20242025,2024030243,8477447,VGK,D,1195,7,16,0.50148,1.30621,2,6
20242025,2024030243,8477498,EDM,D,1245,10,17,0.48441,1.34454,2,7
20242025,2024030243,8477934,EDM,F,1076,13,11,1.43952,0.67923,6,2
20242025,2024030243,8477964,VGK,F,1112,4,11,0.30391,1.26553,1,5
20242025,2024030243,8478013,EDM,D,1053,12,7,1.24031,0.39481,4,1
20242025,2024030243,8478042,EDM,F,577,3,6,0.13586,0.52545,1,2
20242025,2024030243,8478109,VGK,F,603,6,7,0.32173,0.37224,3,2
20242025,2024030243,8478396,VGK,D,1225,12,8,0.76338,0.78641,6,3
20242025,2024030243,8478402,EDM,F,1199,18,10,1.74296,0.74701,8,2
20242025,2024030243,8478403,VGK,F,1116,8,15,0.50753,1.13904,2,6
20242025,2024030243,8478434,VGK,F,658,4,9,0.37719,0.67032,2,4
20242025,2024030243,8478462,VGK,F,680,6,7,0.57523,0.58781,4,3
20242025,2024030243,8479353,VGK,F,883,5,16,0.40604,0.91128,2,3
20242025,2024030243,8479365,EDM,F,663,4,5,0.06178,0.41044,0,4
20242025,2024030243,8479980,VGK,D,727,10,14,0.72881,1.05514,3,4
20242025,2024030243,8480727,VGK,D,814,8,10,0.69342,0.40276,3,1
20242025,2024030243,8480803,EDM,D,1256,16,8,1.10015,0.57549,5,2
20242025,2024030243,8480834,EDM,D,420,6,3,0.40366,0.23743,2,3
20242025,2024030243,8481604,VGK,F,865,9,12,0.54239,1.1145,4,5
20242025,2024030243,8481617,EDM,F,440,4,4,0.21225,0.40566,1,2
20242025,2024030244,8470621,EDM,F,439,4,5,0.06121,0.22696,0,2
20242025,2024030244,8474565,VGK,D,1049,8,9,0.4235,0.72868,2,5
20242025,2024030244,8474641,EDM,F,704,14,8,0.92379,0.25492,6,2
20242025,2024030244,8475169,EDM,,739,13,11,0.74248,0.5624,4,3
20242025,2024030244,8475188,VGK,D,1073,9,15,0.50745,0.80528,3,3
20242025,2024030244,8475191,VGK,F,821,8,10,0.3954,0.40206,2,3
20242025,2024030244,8475786,EDM,F,979,18,9,1.27284,0.60397,7,3
20242025,2024030244,8475906,EDM,,733,10,6,0.46918,0.53924,2,2
20242025,2024030244,8475913,VGK,F,1150,7,10,0.41743,0.49939,3,2
20242025,2024030244,8476448,VGK,F,831,9,9,0.39744,0.48257,2,4
20242025,2024030244,8476454,EDM,F,887,12,7,0.71045,0.52808,5,2
20242025,2024030244,8476871,VGK,F,527,4,8,0.22211,0.55157,1,3
20242025,2024030244,8476881,VGK,F,999,6,14,0.42603,0.72683,2,5
20242025,2024030244,8476967,EDM,D,1205,18,11,1.07594,0.6656,7,4
20242025,2024030244,8477015,EDM,F,814,12,7,0.79744,0.45571,5,2
20242025,2024030244,8477406,EDM,F,608,6,4,0.42583,0.22212,2,2
20242025,2024030244,8477447,VGK,D,1253,7,16,0.43959,0.91656,3,4
20242025,2024030244,8477498,EDM,D,1265,20,9,1.21312,0.33159,7,3
20242025,2024030244,8477934,EDM,F,1042,12,5,0.7727,0.54387,4,2
20242025,2024030244,8477953,EDM,F,825,7,3,0.29671,0.1739,2,1
20242025,2024030244,8477964,VGK,F,1000,8,8,0.37011,0.63483,1,4
20242025,2024030244,8478013,EDM,D,832,8,5,0.50269,0.48212,2,2
20242025,2024030244,8478109,VGK,F,649,5,11,0.33638,0.66207,2,5
20242025,2024030244,8478396,VGK,D,1062,7,9,0.41343,0.81779,2,6
20242025,2024030244,8478402,EDM,F,1006,16,7,0.87053,0.43963,5,2
20242025,2024030244,8478403,VGK,F,1187,7,10,0.69487,0.49939,4,2
20242025,2024030244,8478434,VGK,F,639,3,10,0.31023,0.56212,1,2
20242025,2024030244,8478462,VGK,F,699,3,9,0.03185,0.58686,0,2
20242025,2024030244,8479353,VGK,F,630,7,12,0.55819,0.95928,4,5
20242025,2024030244,8479365,EDM,F,462,5,4,0.20491,0.22212,1,2
20242025,2024030244,8479442,EDM,D,946,14,6,0.75935,0.23989,5,1
20242025,2024030244,8479980,VGK,D,717,7,18,0.53923,0.80747,3,5
20242025,2024030244,8480727,VGK,D,736,9,17,0.59745,0.7853,3,5
20242025,2024030244,8480803,EDM,D,1261,14,11,0.8408,0.66264,5,4
20242025,2024030244,8481604,VGK,F,945,6,15,0.22201,0.72465,2,5
20242025,2024030244,8481617,EDM,F,824,7,2,0.21273,0.14794,1,1
20242025,2024030245,8470621,EDM,F,636,4,7,0.38526,0.40398,1,4
20242025,2024030245,8474565,VGK,D,1315,14,11,0.54431,0.95615,2,3
20242025,2024030245,8474641,EDM,F,750,8,11,0.19927,0.36315,0,2
20242025,2024030245,8475169,EDM,,857,10,12,0.37402,0.58337,1,3
20242025,2024030245,8475188,VGK,D,1077,14,9,0.62467,0.27454,3,1
20242025,2024030245,8475191,VGK,F,964,12,9,0.47399,0.53329,3,1
20242025,2024030245,8475786,EDM,F,952,9,8,0.42437,0.17103,1,0
20242025,2024030245,8475906,EDM,,1033,10,13,0.35665,0.71285,1,3
20242025,2024030245,8476448,VGK,F,1067,13,11,0.50874,0.54411,4,1
20242025,2024030245,8476454,EDM,F,1063,10,12,0.42945,0.37781,1,1
20242025,2024030245,8476871,VGK,F,388,4,3,0.14295,0.05682,1,0
20242025,2024030245,8476881,VGK,F,879,13,6,0.47739,0.18197,3,0
20242025,2024030245,8476967,EDM,D,1199,7,16,0.67857,0.60392,2,4
20242025,2024030245,8477015,EDM,F,815,8,12,0.17418,0.37164,0,2
20242025,2024030245,8477406,EDM,F,468,3,6,0.38117,0.39437,1,4
20242025,2024030245,8477447,VGK,D,1069,15,8,0.70486,0.21222,4,1
20242025,2024030245,8477498,EDM,D,1081,10,11,0.23327,0.34611,1,3
20242025,2024030245,8477934,EDM,F,1096,9,11,0.40594,0.56933,2,3
20242025,2024030245,8477953,EDM,F,790,5,8,0.29427,0.36703,2,1
20242025,2024030245,8477964,VGK,F,1029,12,11,0.73842,0.65245,4,2
20242025,2024030245,8478013,EDM,D,986,10,13,0.33917,0.74096,1,3
20242025,2024030245,8478109,VGK,F,859,5,7,0.17557,0.35977,1,2
20242025,2024030245,8478396,VGK,D,1288,14,10,0.61917,0.89383,3,3
20242025,2024030245,8478402,EDM,F,1086,10,8,0.4201,0.17103,1,0
20242025,2024030245,8478403,VGK,F,1006,10,7,0.53612,0.52535,3,3
20242025,2024030245,8478434,VGK,F,475,6,5,0.18317,0.12488,1,0
20242025,2024030245,8478462,VGK,F,853,12,6,0.48095,0.18197,2,0
20242025,2024030245,8479353,VGK,F,897,6,7,0.44145,0.52535,2,3
20242025,2024030245,8479365,EDM,F,434,4,7,0.39732,0.4069,1,4
20242025,2024030245,8479442,EDM,D,807,6,10,0.17137,0.51005,1,4
20242025,2024030245,8479980,VGK,D,852,9,8,0.37047,0.13988,3,0
20242025,2024030245,8480727,VGK,D,832,8,8,0.36514,0.13988,3,0
20242025,2024030245,8480803,EDM,D,1278,10,13,0.77515,0.61536,2,3
20242025,2024030245,8481604,VGK,F,809,14,6,0.52117,0.18197,2,0
20242025,2024030245,8481617,EDM,F,744,2,7,0.10172,0.36266,1,1
20242025,2024030245,8481655,VGK,F,354,4,3,0.16301,0.05682,1,0
20242025,2024030311,8470613,CAR,D,1071,11,10,0.36651,0.5209,3,5
20242025,2024030311,8473419,FLA,F,646,5,9,0.28854,0.39152,2,3
20242025,2024030311,8473533,CAR,F,984,13,8,0.24983,0.44973,3,4
20242025,2024030311,8475179,FLA,D,858,12,14,0.49239,0.54584,3,4
20242025,2024030311,8475200,CAR,D,916,20,7,0.72722,0.13818,5,1
20242025,2024030311,8475791,CAR,F,704,12,4,0.50515,0.34597,4,1
20242025,2024030311,8476906,CAR,D,874,8,7,0.21329,0.43331,2,1
20242025,2024030311,8476921,CAR,F,880,12,8,0.18753,0.38909,2,2
20242025,2024030311,8476958,CAR,D,1174,15,10,0.73029,0.49905,5,5
20242025,2024030311,8477220,FLA,D,774,9,13,0.42963,0.46581,3,4
20242025,2024030311,8477409,FLA,F,648,7,12,0.16556,0.66161,1,4
20242025,2024030311,8477478,CAR,F,785,16,6,0.32533,0.23498,3,1
20242025,2024030311,8477493,FLA,F,871,6,5,0.35166,0.10074,2,2
20242025,2024030311,8477495,FLA,D,1208,5,17,0.21251,0.58026,1,4
20242025,2024030311,8477931,FLA,F,509,7,9,0.41774,0.21323,1,1
20242025,2024030311,8477932,FLA,D,1062,10,10,0.56562,0.5101,3,4
20242025,2024030311,8477933,FLA,F,1064,7,7,0.35779,0.11987,2,2
20242025,2024030311,8477935,FLA,F,738,8,13,0.20237,0.78128,2,5
20242025,2024030311,8478055,FLA,D,1071,9,10,0.54923,0.5101,3,4
20242025,2024030311,8478421,FLA,F,567,7,12,0.29693,0.31729,1,1
20242025,2024030311,8478427,CAR,F,886,10,7,0.74486,0.12792,5,1
20242025,2024030311,8478458,CAR,F,665,11,7,0.44285,0.55478,3,2
20242025,2024030311,8478542,FLA,F,887,7,8,0.38847,0.26578,3,4
20242025,2024030311,8478859,FLA,D,1049,5,18,0.24662,0.66029,1,4
20242025,2024030311,8479314,FLA,F,769,6,13,0.18393,0.78128,2,5
20242025,2024030311,8479981,FLA,F,505,6,9,0.25669,0.21381,1,1
20242025,2024030311,8480185,FLA,F,863,4,12,0.39704,0.52124,2,4
20242025,2024030311,8480336,CAR,D,1195,20,8,1.0218,0.31564,7,1
20242025,2024030311,8480762,CAR,F,480,7,5,0.19866,0.30799,1,1
20242025,2024030311,8480829,CAR,F,622,7,6,0.19866,0.20558,1,2
20242025,2024030311,8480830,CAR,F,938,8,8,0.62809,0.30586,4,3
20242025,2024030311,8482093,CAR,F,822,10,6,0.74486,0.15175,5,2
20242025,2024030311,8482113,FLA,F,903,5,14,0.43728,0.54095,2,4
20242025,2024030311,8482666,CAR,,714,8,8,0.21329,0.58892,2,1
20242025,2024030311,8482702,CAR,F,750,12,6,0.50515,0.4026,4,1
20242025,2024030311,8482809,CAR,F,687,5,4,0.17763,0.26775,1,1
20242025,2024030312,8470613,CAR,D,1479,10,11,0.18152,0.8847,1,5
20242025,2024030312,8473419,FLA,F,794,9,7,0.23473,0.28084,1,3
20242025,2024030312,8473533,CAR,F,774,6,3,0.29337,0.08124,2,0
20242025,2024030312,8475179,FLA,D,962,7,10,0.09226,0.4971,0,4
20242025,2024030312,8475200,CAR,D,1397,13,18,0.44856,0.74336,2,3
20242025,2024030312,8475791,CAR,F,864,7,11,0.20778,0.8196,1,4
20242025,2024030312,8476873,CAR,F,646,6,5,0.23014,0.04425,2,0
20242025,2024030312,8476906,CAR,D,888,9,4,0.42331,0.10111,3,1
20242025,2024030312,8476921,CAR,F,863,7,6,0.29025,0.17838,2,0
20242025,2024030312,8476958,CAR,D,1273,10,13,0.34135,0.88311,2,4
20242025,2024030312,8477220,FLA,D,972,6,7,0.08694,0.27722,0,1
20242025,2024030312,8477409,FLA,F,953,13,10,1.2292,0.32506,7,1
20242025,2024030312,8477478,CAR,F,816,11,5,0.25811,0.23437,0,0
20242025,2024030312,8477493,FLA,F,847,5,4,0.09836,0.20907,0,1
20242025,2024030312,8477495,FLA,D,1193,10,8,0.41947,0.17443,2,1
20242025,2024030312,8477931,FLA,F,764,3,6,0.04536,0.28344,0,2
20242025,2024030312,8477932,FLA,D,1073,12,9,1.06468,0.36585,6,2
20242025,2024030312,8477933,FLA,F,337,1,2,0.00021,0.03899,0,0
20242025,2024030312,8477935,FLA,F,920,12,10,1.17549,0.27773,7,1
20242025,2024030312,8478055,FLA,D,975,13,9,1.10923,0.36796,6,2
20242025,2024030312,8478421,FLA,F,610,5,4,0.09023,0.1976,0,1
20242025,2024030312,8478427,CAR,F,895,6,9,0.19704,0.55203,1,3
20242025,2024030312,8478458,CAR,F,875,8,12,0.25901,0.89889,1,5
20242025,2024030312,8478542,FLA,F,880,5,8,0.13274,0.45008,0,3
20242025,2024030312,8478859,FLA,D,1114,11,9,0.42479,0.27656,2,2
20242025,2024030312,8479314,FLA,F,885,10,9,1.14984,0.14962,7,0
20242025,2024030312,8479981,FLA,F,543,5,3,0.0591,0.15895,0,1
20242025,2024030312,8480185,FLA,F,907,9,7,0.23473,0.23523,1,2
20242025,2024030312,8480336,CAR,D,555,4,5,0.28631,0.33625,1,3
20242025,2024030312,8480762,CAR,F,595,6,5,0.23014,0.04425,2,0
20242025,2024030312,8480830,CAR,F,972,5,10,0.20004,1.08625,1,7
20242025,2024030312,8482093,CAR,F,724,6,5,0.2019,0.3959,1,3
20242025,2024030312,8482113,FLA,F,873,9,8,0.23469,0.33207,1,3
20242025,2024030312,8482666,CAR,,574,6,7,0.27807,0.20429,3,0
20242025,2024030312,8482702,CAR,F,878,6,12,0.27927,0.35999,2,2
20242025,2024030312,8482809,CAR,F,560,4,4,0.29163,0.03408,3,0
20242025,2024030313,8470613,CAR,D,993,9,16,0.18749,1.16611,1,5
20242025,2024030313,8473419,FLA,F,616,5,15,0.47145,0.41354,2,5
20242025,2024030313,8473533,CAR,F,662,9,4,0.40629,0.52457,3,2
20242025,2024030313,8475179,FLA,D,781,8,8,0.9803,0.12119,4,0
20242025,2024030313,8475200,CAR,D,890,15,15,0.64393,1.33708,4,8
20242025,2024030313,8475791,CAR,F,747,10,21,0.38752,1.80418,5,9
20242025,2024030313,8476873,CAR,F,493,6,7,0.12692,0.64252,1,3
20242025,2024030313,8476906,CAR,D,686,11,9,0.3069,0.61459,4,3
20242025,2024030313,8476921,CAR,F,775,9,7,0.33274,0.57511,2,3
20242025,2024030313,8476958,CAR,D,994,10,16,0.19231,1.16786,1,5
20242025,2024030313,8477220,FLA,D,727,5,8,0.7009,0.13037,3,0
20242025,2024030313,8477409,FLA,F,766,20,12,1.82965,0.45731,8,3
20242025,2024030313,8477478,CAR,F,474,8,7,0.26432,0.57492,2,3
20242025,2024030313,8477493,FLA,F,696,8,8,0.90206,0.19829,5,3
20242025,2024030313,8477495,FLA,D,920,20,13,1.86208,0.38634,9,5
20242025,2024030313,8477931,FLA,F,625,5,7,0.08655,0.3131,1,2
20242025,2024030313,8477932,FLA,D,938,12,12,0.83145,0.56819,3,4
20242025,2024030313,8477935,FLA,F,745,14,14,0.97709,0.47906,5,3
20242025,2024030313,8478055,FLA,D,1074,18,17,1.02133,0.65773,7,6
20242025,2024030313,8478421,FLA,F,530,6,6,0.38263,0.09865,3,1
20242025,2024030313,8478427,CAR,F,728,13,18,0.42685,1.53385,4,7
20242025,2024030313,8478542,FLA,F,787,8,8,0.64994,0.22567,4,2
20242025,2024030313,8478859,FLA,D,665,11,10,0.62556,0.35686,4,3
20242025,2024030313,8479314,FLA,F,713,21,9,1.83433,0.40469,8,2
20242025,2024030313,8479981,FLA,F,550,4,7,0.0592,0.31184,1,2
20242025,2024030313,8480003,FLA,F,723,8,6,0.76202,0.16979,4,2
20242025,2024030313,8480185,FLA,F,196,1,1,0.00505,0.0031,0,0
20242025,2024030313,8480762,CAR,F,501,5,9,0.11402,0.71727,1,3
20242025,2024030313,8480829,CAR,F,670,6,8,0.15028,0.30987,1,3
20242025,2024030313,8480830,CAR,F,625,7,5,0.16625,0.25551,1,2
20242025,2024030313,8482093,CAR,F,615,10,15,0.318,1.42902,2,7
20242025,2024030313,8482100,CAR,,899,15,12,0.66619,1.23011,5,7
20242025,2024030313,8482113,FLA,F,636,11,9,1.07246,0.25598,4,2
20242025,2024030313,8482666,CAR,,622,8,6,0.22386,0.50587,3,2
20242025,2024030313,8482702,CAR,F,729,13,4,0.52804,0.52457,5,2
20242025,2024030313,8482809,CAR,F,553,6,6,0.10979,0.14104,0,1
20242025,2024030314,8470613,CAR,D,999,16,8,1.21257,0.40231,7,1
20242025,2024030314,8473419,FLA,F,717,6,8,0.16887,0.2616,0,3
20242025,2024030314,8473533,CAR,F,662,3,8,0.19738,0.4304,2,1
20242025,2024030314,8475179,FLA,D,797,7,9,0.16471,0.34575,1,4
20242025,2024030314,8475200,CAR,D,967,13,12,0.4948,0.49561,4,1
20242025,2024030314,8475791,CAR,F,505,7,5,0.48745,0.13345,2,1
20242025,2024030314,8476873,CAR,F,582,8,5,0.21241,0.05304,1,0
20242025,2024030314,8476906,CAR,D,706,12,4,0.3712,0.12536,2,1
20242025,2024030314,8476921,CAR,F,770,7,9,0.26739,0.43093,2,2
20242025,2024030314,8476958,CAR,D,1168,19,8,1.39406,0.25311,8,0
20242025,2024030314,8477220,FLA,D,801,10,10,0.20449,0.40597,1,3
20242025,2024030314,8477409,FLA,F,691,9,17,0.51983,0.88781,1,5
20242025,2024030314,8477478,CAR,F,682,9,8,0.50831,0.1639,5,1
20242025,2024030314,8477493,FLA,F,908,7,9,0.12532,0.75841,1,6
20242025,2024030314,8477495,FLA,D,940,10,10,0.40496,0.76656,1,5
20242025,2024030314,8477931,FLA,F,435,4,1,0.09122,0.06614,1,0
20242025,2024030314,8477932,FLA,D,941,7,15,0.27748,0.80007,1,4
20242025,2024030314,8477935,FLA,F,693,10,17,0.53483,0.88781,1,5
20242025,2024030314,8478055,FLA,D,1010,5,21,0.32771,1.29977,1,6
20242025,2024030314,8478427,CAR,F,869,19,4,1.1744,0.14939,5,0
20242025,2024030314,8478542,FLA,F,766,5,9,0.10652,0.75841,1,6
20242025,2024030314,8479314,FLA,F,726,8,15,0.47541,0.84157,1,5
20242025,2024030314,8479981,FLA,F,416,5,6,0.10491,0.26158,1,0
20242025,2024030314,8480003,FLA,F,644,5,8,0.12733,0.62602,1,4
20242025,2024030314,8480185,FLA,F,657,4,9,0.07626,0.26905,0,1
20242025,2024030314,8480762,CAR,F,583,8,5,0.51172,0.05304,2,0
20242025,2024030314,8480829,CAR,F,524,7,7,0.40658,0.1798,4,2
20242025,2024030314,8480830,CAR,F,725,14,3,0.80152,0.03987,4,0
20242025,2024030314,8481477,FLA,F,410,4,2,0.08384,0.0755,1,0
20242025,2024030314,8482093,CAR,F,729,12,3,0.59093,0.13281,3,0
20242025,2024030314,8482100,CAR,,972,8,12,0.34313,0.2156,3,1
20242025,2024030314,8482113,FLA,F,691,5,9,0.08744,0.26905,0,1
20242025,2024030314,8482666,CAR,,380,6,4,0.16578,0.13327,0,2
20242025,2024030314,8482702,CAR,F,706,8,9,0.39527,0.45804,2,1
20242025,2024030314,8482809,CAR,F,533,8,5,0.41014,0.10491,4,1
20242025,2024030314,8484304,FLA,D,792,9,10,0.18202,0.37278,1,2
20242025,2024030315,8470613,CAR,D,1055,13,14,0.53857,0.83068,2,6
20242025,2024030315,8473419,FLA,F,591,7,5,0.36818,0.33921,1,2
20242025,2024030315,8473533,CAR,F,706,2,8,0.06737,0.61898,0,3
20242025,2024030315,8475179,FLA,D,583,9,6,0.6517,0.38835,3,2
20242025,2024030315,8475200,CAR,D,877,11,11,0.7636,0.71485,5,5
20242025,2024030315,8475791,CAR,F,377,6,3,0.16599,0.05056,1,0
20242025,2024030315,8476873,CAR,F,532,8,8,0.50558,0.40807,4,2
20242025,2024030315,8476906,CAR,D,613,3,7,0.15616,0.33784,1,1
20242025,2024030315,8476921,CAR,F,682,1,7,0.0519,0.60097,0,3
20242025,2024030315,8476958,CAR,D,1287,11,16,0.45841,0.80343,2,7
20242025,2024030315,8477220,FLA,D,637,9,6,0.62111,0.23393,4,1
20242025,2024030315,8477409,FLA,F,879,8,10,0.45636,0.50208,4,3
20242025,2024030315,8477478,CAR,F,427,7,9,0.43529,0.48841,3,3
20242025,2024030315,8477493,FLA,F,965,10,12,0.59732,0.66521,4,3
20242025,2024030315,8477495,FLA,D,941,9,10,0.51082,0.41065,4,2
20242025,2024030315,8477931,FLA,F,465,5,4,0.08789,0.27675,0,2
20242025,2024030315,8477932,FLA,D,1074,14,6,0.65319,0.43002,4,3
20242025,2024030315,8477933,FLA,F,919,7,10,0.50906,0.4901,3,2
20242025,2024030315,8477935,FLA,F,716,12,5,0.68249,0.16991,4,1
20242025,2024030315,8478055,FLA,D,920,12,8,0.61234,0.48232,3,3
20242025,2024030315,8478421,FLA,F,240,1,4,0.01543,0.08836,0,0
20242025,2024030315,8478427,CAR,F,938,10,11,0.62866,0.66666,3,6
20242025,2024030315,8478542,FLA,F,682,13,6,0.71542,0.22822,4,1
20242025,2024030315,8478859,FLA,D,726,7,14,0.43938,0.64935,4,3
20242025,2024030315,8479314,FLA,F,830,12,6,0.81419,0.20381,6,1
20242025,2024030315,8479981,FLA,F,343,6,2,0.25942,0.02349,2,0
20242025,2024030315,8480185,FLA,F,150,3,4,0.28318,0.4501,2,3
20242025,2024030315,8480762,CAR,F,499,10,9,0.64671,0.52337,4,3
20242025,2024030315,8480829,CAR,F,285,6,3,0.11117,0.05056,0,0
20242025,2024030315,8480830,CAR,F,835,9,12,0.60646,0.68467,3,6
20242025,2024030315,8482093,CAR,F,882,7,11,0.41724,0.63131,2,5
20242025,2024030315,8482100,CAR,,680,10,8,0.63941,0.65901,4,3
20242025,2024030315,8482113,FLA,F,519,6,7,0.44387,0.45469,3,3
20242025,2024030315,8482666,CAR,,330,2,4,0.03847,0.14273,0,0
20242025,2024030315,8482702,CAR,F,625,5,6,0.14496,0.40756,0,2
20242025,2024030315,8482809,CAR,F,416,4,3,0.1106,0.10169,1,0
20242025,2024030321,8470621,EDM,F,529,3,6,0.21081,0.58558,1,3
20242025,2024030321,8473994,DAL,F,608,8,6,0.39013,0.35596,1,2
20242025,2024030321,8474149,DAL,F,650,9,6,0.36549,0.24394,1,1
20242025,2024030321,8474641,EDM,F,657,9,10,0.3861,0.38509,2,2
20242025,2024030321,8475168,DAL,F,822,9,11,0.28813,0.6603,0,2
20242025,2024030321,8475169,EDM,,796,8,15,0.28673,0.87338,1,3
20242025,2024030321,8475786,EDM,F,866,18,8,1.18263,0.37846,8,1
20242025,2024030321,8475794,DAL,F,813,10,11,0.58069,0.4257,3,3
20242025,2024030321,8475798,DAL,F,760,7,10,0.51224,0.64008,2,4
20242025,2024030321,8475906,EDM,,917,15,8,1.0031,0.55325,6,1
20242025,2024030321,8476454,EDM,F,1046,18,7,1.10177,0.27622,8,0
20242025,2024030321,8476879,DAL,D,1111,13,18,0.80405,1.13672,2,7
20242025,2024030321,8476902,DAL,D,1041,14,18,0.88983,1.18644,3,7
20242025,2024030321,8476967,EDM,D,1145,11,10,0.68144,0.38986,3,2
20242025,2024030321,8477015,EDM,F,678,8,12,0.26926,0.46558,1,2
20242025,2024030321,8477406,EDM,F,555,2,6,0.06363,0.15967,0,1
20242025,2024030321,8477498,EDM,D,1145,16,20,0.82708,0.94898,5,2
20242025,2024030321,8477934,EDM,F,931,12,9,0.71103,0.83755,2,3
20242025,2024030321,8477953,EDM,F,703,9,4,0.39423,0.15334,1,0
20242025,2024030321,8478013,EDM,D,823,13,6,0.73059,0.49799,4,2
20242025,2024030321,8478402,EDM,F,1059,17,9,1.17144,0.59544,8,2
20242025,2024030321,8478420,DAL,F,929,9,12,0.69081,0.96131,3,6
20242025,2024030321,8478449,DAL,F,731,8,10,0.5588,0.64008,2,4
20242025,2024030321,8478975,DAL,F,834,10,11,0.51496,0.4257,2,3
20242025,2024030321,8479351,DAL,F,770,6,13,0.43058,0.69303,3,5
20242025,2024030321,8479365,EDM,F,479,4,4,0.38486,0.12591,2,1
20242025,2024030321,8479442,EDM,D,796,14,14,0.68886,0.47883,5,2
20242025,2024030321,8480027,DAL,F,744,6,11,0.21219,0.79935,1,3
20242025,2024030321,8480036,DAL,D,1177,8,14,0.40077,0.71321,2,3
20242025,2024030321,8480803,EDM,D,1060,9,5,0.52737,0.43669,1,3
20242025,2024030321,8480840,DAL,F,451,6,3,0.16315,0.14769,0,1
20242025,2024030321,8480950,DAL,D,583,8,7,0.32315,0.37929,2,2
20242025,2024030321,8481581,DAL,D,1287,12,15,0.35076,0.69085,0,3
20242025,2024030321,8481617,EDM,F,688,9,2,0.52517,0.00578,2,0
20242025,2024030321,8482740,DAL,F,839,5,13,0.18139,0.69452,0,2
20242025,2024030321,8483425,DAL,D,673,8,6,0.51412,0.35193,3,2
20242025,2024030322,8470621,EDM,F,576,8,6,0.62812,0.6039,3,2
20242025,2024030322,8473994,DAL,F,552,4,10,0.1582,0.80158,1,6
20242025,2024030322,8474149,DAL,F,570,6,7,0.32622,0.52708,3,4
20242025,2024030322,8474641,EDM,F,506,2,6,0.07236,0.31744,0,2
20242025,2024030322,8475168,DAL,F,791,14,9,0.88937,0.54635,5,3
20242025,2024030322,8475169,EDM,,701,7,10,0.44884,0.45697,4,4
20242025,2024030322,8475755,DAL,,677,15,5,0.92825,0.26807,6,1
20242025,2024030322,8475786,EDM,F,887,9,8,0.77582,0.26319,4,3
20242025,2024030322,8475794,DAL,F,659,12,6,0.52837,0.2894,3,0
20242025,2024030322,8475798,DAL,F,813,14,6,0.95774,0.38806,6,2
20242025,2024030322,8475906,EDM,,900,12,16,0.70414,1.36814,5,7
20242025,2024030322,8476278,DAL,F,477,4,7,0.31276,0.46383,1,4
20242025,2024030322,8476454,EDM,F,865,7,7,0.54745,0.19575,4,1
20242025,2024030322,8476879,DAL,D,998,9,11,0.33196,0.76992,3,8
20242025,2024030322,8476902,DAL,D,1010,3,11,0.22571,1.00536,1,6
20242025,2024030322,8476967,EDM,D,1104,10,14,0.60673,0.89135,5,4
20242025,2024030322,8477015,EDM,F,751,6,14,0.25279,0.93185,2,7
20242025,2024030322,8477406,EDM,F,644,8,13,0.53164,1.1466,3,6
20242025,2024030322,8477498,EDM,D,965,8,12,0.54086,0.70065,4,5
20242025,2024030322,8477934,EDM,F,857,11,11,0.48509,0.67085,4,3
20242025,2024030322,8477953,EDM,F,591,6,6,0.15446,0.30353,2,1
20242025,2024030322,8478013,EDM,D,718,13,9,0.7889,0.50618,4,4
20242025,2024030322,8478402,EDM,F,1039,8,7,0.6826,0.25317,3,3
20242025,2024030322,8478420,DAL,F,1025,15,7,1.08937,0.49461,8,3
20242025,2024030322,8478449,DAL,F,604,8,5,0.44774,0.18118,4,1
20242025,2024030322,8478975,DAL,F,642,10,8,0.50031,0.47098,3,2
20242025,2024030322,8479351,DAL,F,760,5,6,0.39823,0.27152,2,3
20242025,2024030322,8479365,EDM,F,591,6,7,0.51328,0.40774,3,3
20242025,2024030322,8479442,EDM,D,759,6,11,0.45132,0.5802,3,5
20242025,2024030322,8480027,DAL,F,674,5,6,0.32339,0.27152,1,3
20242025,2024030322,8480036,DAL,D,1106,11,14,0.83797,0.92567,4,4
20242025,2024030322,8480803,EDM,D,1056,10,8,0.81344,0.14984,4,1
20242025,2024030322,8481581,DAL,D,1062,16,12,0.93839,0.47713,6,4
20242025,2024030322,8481617,EDM,F,584,8,10,0.28771,0.74355,3,4
20242025,2024030322,8482740,DAL,F,925,9,10,0.36867,0.86522,2,5
20242025,2024030322,8483425,DAL,D,659,15,5,0.92825,0.26807,6,1
20242025,2024030323,8470621,EDM,F,765,6,4,0.41643,0.18647,2,1
20242025,2024030323,8473994,DAL,F,743,4,6,0.39562,0.24549,2,1
20242025,2024030323,8474149,DAL,F,643,3,7,0.20998,0.32637,2,2
20242025,2024030323,8474641,EDM,F,671,5,14,0.20151,0.77447,2,4
20242025,2024030323,8475168,DAL,F,774,12,5,1.04145,0.40202,6,2
20242025,2024030323,8475169,EDM,,864,8,19,0.51406,1.11594,3,5
20242025,2024030323,8475755,DAL,,794,16,5,0.85083,0.41491,5,2
20242025,2024030323,8475786,EDM,F,938,14,14,0.95907,0.90812,3,4
20242025,2024030323,8475794,DAL,F,828,9,6,0.90251,0.49332,4,3
20242025,2024030323,8475798,DAL,F,842,14,12,0.73561,0.94894,2,4
20242025,2024030323,8475906,EDM,,1121,8,19,0.48831,1.348,3,8
20242025,2024030323,8476278,DAL,F,627,11,3,0.309,0.03411,1,0
20242025,2024030323,8476454,EDM,F,857,11,12,0.72106,0.74651,2,3
20242025,2024030323,8476879,DAL,D,1121,9,12,0.75729,0.62714,3,1
20242025,2024030323,8476902,DAL,D,1056,16,13,1.32288,0.80166,7,5
20242025,2024030323,8476967,EDM,D,1082,13,20,0.90751,1.31384,3,5
20242025,2024030323,8477015,EDM,F,408,1,12,0.02056,0.71866,0,3
20242025,2024030323,8477406,EDM,F,544,2,6,0.09686,0.33522,1,2
20242025,2024030323,8477498,EDM,D,1141,8,17,0.50432,1.17403,4,10
20242025,2024030323,8477934,EDM,F,957,8,9,0.66201,0.46789,4,4
20242025,2024030323,8477953,EDM,F,826,5,14,0.26006,1.16998,2,8
20242025,2024030323,8478013,EDM,D,961,7,13,0.30916,0.89029,2,4
20242025,2024030323,8478402,EDM,F,1106,15,15,1.04013,0.91012,3,3
20242025,2024030323,8478420,DAL,F,1018,22,12,1.45727,0.94488,8,4
20242025,2024030323,8478975,DAL,F,773,9,7,0.72651,0.5742,4,4
20242025,2024030323,8479351,DAL,F,760,13,4,0.52174,0.12135,4,1
20242025,2024030323,8479365,EDM,F,717,5,8,0.21067,0.63433,2,4
20242025,2024030323,8479442,EDM,D,1003,6,10,0.40529,0.59015,3,3
20242025,2024030323,8480027,DAL,F,912,19,12,1.25004,0.86441,7,3
20242025,2024030323,8480036,DAL,D,1160,20,11,1.32133,0.75663,8,6
20242025,2024030323,8480803,EDM,D,965,14,13,0.98277,0.62567,3,2
20242025,2024030323,8480840,DAL,F,658,13,3,0.56044,0.11458,3,1
20242025,2024030323,8481581,DAL,D,1275,17,10,0.98424,0.58211,5,2
20242025,2024030323,8481617,EDM,F,709,4,11,0.29362,0.94526,3,7
20242025,2024030323,8482740,DAL,F,917,8,7,0.71057,0.32637,4,2
20242025,2024030323,8483425,DAL,D,808,15,5,0.79764,0.41491,5,2
20242025,2024030324,8470621,EDM,F,840,11,5,1.07805,0.27676,4,0
20242025,2024030324,8473994,DAL,F,542,9,2,0.39642,0.0699,1,0
20242025,2024030324,8474641,EDM,F,612,6,7,0.25388,0.31279,2,1
20242025,2024030324,8475168,DAL,F,796,22,9,1.16604,0.81812,8,4
20242025,2024030324,8475169,EDM,,607,4,9,0.43918,0.30593,3,1
20242025,2024030324,8475755,DAL,,630,12,6,0.31221,0.17983,3,1
20242025,2024030324,8475786,EDM,F,130,3,5,0.28453,0.39605,1,1
20242025,2024030324,8475794,DAL,F,770,21,10,1.16105,0.85354,8,5
20242025,2024030324,8475798,DAL,F,683,7,7,0.20353,0.09967,0,1
20242025,2024030324,8475906,EDM,,860,12,16,0.67034,0.78746,4,4
20242025,2024030324,8476278,DAL,F,527,7,6,0.22516,0.48141,0,2
20242025,2024030324,8476454,EDM,F,844,13,10,1.18305,0.84119,4,2
20242025,2024030324,8476879,DAL,D,960,16,15,1.2618,1.29315,4,4
20242025,2024030324,8476902,DAL,D,1042,9,15,0.49508,1.0409,1,7
20242025,2024030324,8476967,EDM,D,937,12,9,0.69138,0.44014,4,1
20242025,2024030324,8477406,EDM,F,636,6,14,0.26378,0.5135,2,4
20242025,2024030324,8477498,EDM,D,1039,8,19,0.41067,0.83399,2,4
20242025,2024030324,8477934,EDM,F,983,10,15,0.37363,0.85334,3,4
20242025,2024030324,8477953,EDM,F,609,6,10,0.11541,0.5301,1,3
20242025,2024030324,8478013,EDM,D,931,16,18,1.05413,1.09076,5,5
20242025,2024030324,8478042,EDM,F,623,10,13,0.37007,0.46468,2,3
20242025,2024030324,8478402,EDM,F,957,16,11,1.47673,0.88402,7,1
20242025,2024030324,8478420,DAL,F,957,7,13,0.5801,0.75418,1,4
20242025,2024030324,8478449,DAL,F,696,5,12,0.42334,0.74393,0,4
20242025,2024030324,8478975,DAL,F,721,20,9,1.09516,0.81812,7,4
20242025,2024030324,8479351,DAL,F,664,9,8,0.38932,0.48724,1,2
20242025,2024030324,8479365,EDM,F,757,8,16,0.31491,0.63465,2,5
20242025,2024030324,8479442,EDM,D,773,6,14,0.27726,0.60353,1,3
20242025,2024030324,8480027,DAL,F,811,6,14,0.28566,0.79355,0,5
20242025,2024030324,8480036,DAL,D,1092,14,15,0.59583,0.69331,2,6
20242025,2024030324,8480803,EDM,D,929,14,9,1.18248,0.73435,6,1
20242025,2024030324,8480840,DAL,F,378,5,4,0.22844,0.17998,0,1
20242025,2024030324,8481581,DAL,D,1131,21,12,1.36255,0.86275,5,3
20242025,2024030324,8481617,EDM,F,673,9,10,0.27617,0.34596,2,2
20242025,2024030324,8482740,DAL,F,776,8,8,0.3553,0.32975,1,1
20242025,2024030324,8483425,DAL,D,611,12,5,0.31221,0.21632,3,1
20242025,2024030325,8470621,EDM,F,752,6,6,0.533,0.46702,3,4
20242025,2024030325,8473994,DAL,F,565,3,8,0.12413,0.63014,1,5
20242025,2024030325,8474641,EDM,F,789,9,5,0.6021,0.20301,4,3
20242025,2024030325,8475168,DAL,F,792,9,5,0.41204,0.34668,5,2
20242025,2024030325,8475169,EDM,,646,9,10,0.52451,0.39799,4,2
20242025,2024030325,8475218,EDM,D,818,10,14,0.74546,1.18004,5,6
20242025,2024030325,8475755,DAL,,610,1,5,0.01977,0.45526,0,3
20242025,2024030325,8475784,EDM,F,655,10,10,0.60892,0.99923,4,6
20242025,2024030325,8475794,DAL,F,782,9,6,0.41204,0.4682,5,3
20242025,2024030325,8475798,DAL,F,869,3,12,0.10617,0.81952,1,6
20242025,2024030325,8475906,EDM,,898,4,17,0.06568,1.2136,0,8
20242025,2024030325,8476278,DAL,F,494,5,8,0.23385,0.62459,2,5
20242025,2024030325,8476454,EDM,F,910,6,8,0.30031,0.4676,2,4
20242025,2024030325,8476879,DAL,D,1086,12,15,1.24953,1.03297,7,8
20242025,2024030325,8476902,DAL,D,1029,10,12,0.55353,0.71587,6,6
20242025,2024030325,8476967,EDM,D,1225,16,4,1.40754,0.24533,11,1
20242025,2024030325,8477406,EDM,F,797,6,3,0.4258,0.12753,4,2
20242025,2024030325,8477498,EDM,D,1129,14,4,1.12869,0.23331,9,1
20242025,2024030325,8477934,EDM,F,802,10,14,0.60697,1.10791,5,5
20242025,2024030325,8477953,EDM,F,776,10,16,0.47808,1.20856,3,5
20242025,2024030325,8478013,EDM,D,1036,8,11,0.35016,0.49196,2,6
20242025,2024030325,8478042,EDM,F,654,10,1,0.70914,0.00555,7,0
20242025,2024030325,8478402,EDM,F,1040,8,11,0.54065,0.59752,3,4
20242025,2024030325,8478420,DAL,F,1243,6,12,0.27021,0.801,2,5
20242025,2024030325,8478449,DAL,F,856,2,11,0.03894,0.81808,0,6
20242025,2024030325,8478975,DAL,F,867,10,7,0.44031,0.47007,5,3
20242025,2024030325,8479351,DAL,F,531,4,7,0.18844,0.55622,2,4
20242025,2024030325,8479365,EDM,F,776,8,5,0.77588,0.20301,5,3
20242025,2024030325,8480027,DAL,F,1066,14,8,1.26589,0.38209,6,4
20242025,2024030325,8480036,DAL,D,1310,17,13,0.68142,0.73922,6,5
20242025,2024030325,8480803,EDM,D,1049,12,10,0.65185,0.5372,5,4
20242025,2024030325,8481581,DAL,D,1325,19,14,1.37742,0.9009,7,6
20242025,2024030325,8481617,EDM,F,615,4,1,0.41871,0.06723,4,1
20242025,2024030325,8482145,DAL,F,438,10,3,1.04884,0.15377,4,1
20242025,2024030325,8482740,DAL,F,1097,15,9,1.3113,0.45371,6,4
20242025,2024030325,8483425,DAL,D,603,1,5,0.01977,0.50516,0,4
20242025,2024030411,8470621,EDM,F,820,15,7,0.77914,0.35617,5,2
20242025,2024030411,8473419,FLA,F,820,15,14,0.88687,0.54538,6,4
20242025,2024030411,8474641,EDM,F,702,5,11,0.17136,0.60303,2,3
20242025,2024030411,8475169,EDM,,946,10,15,0.74953,0.90503,3,6
20242025,2024030411,8475179,FLA,D,728,14,3,0.77717,0.18158,6,1
20242025,2024030411,8475218,EDM,D,1004,11,12,0.7166,0.56472,4,3
20242025,2024030411,8475906,EDM,,949,16,11,0.82851,0.57944,5,3
20242025,2024030411,8476454,EDM,F,816,9,13,0.7089,0.7781,5,5
20242025,2024030411,8476967,EDM,D,1067,8,19,0.57787,1.34413,2,8
20242025,2024030411,8477015,EDM,F,753,8,12,0.23659,0.77939,2,4
20242025,2024030411,8477220,FLA,D,734,14,5,0.78376,0.48059,6,2
20242025,2024030411,8477406,EDM,F,547,5,7,0.33888,0.35275,1,3
20242025,2024030411,8477409,FLA,F,905,17,9,1.08579,1.05634,5,5
20242025,2024030411,8477493,FLA,F,1044,15,14,0.76986,0.59294,6,3
20242025,2024030411,8477495,FLA,D,1063,14,16,0.98583,0.61725,5,3
20242025,2024030411,8477498,EDM,D,1074,7,20,0.3246,1.184,2,7
20242025,2024030411,8477931,FLA,F,387,2,4,0.04793,0.17774,0,2
20242025,2024030411,8477932,FLA,D,1379,12,19,0.5653,1.4778,3,8
20242025,2024030411,8477933,FLA,F,1151,14,15,0.69095,0.61158,5,3
20242025,2024030411,8477934,EDM,F,961,18,8,0.89453,0.59344,3,3
20242025,2024030411,8477935,FLA,F,899,15,9,1.16428,1.11967,6,5
20242025,2024030411,8477953,EDM,F,791,9,8,0.85299,0.51316,4,4
20242025,2024030411,8478013,EDM,D,945,19,9,1.18647,0.7316,6,5
20242025,2024030411,8478042,EDM,F,616,5,12,0.36569,0.71294,1,4
20242025,2024030411,8478055,FLA,D,1244,11,19,0.48639,1.10966,2,6
20242025,2024030411,8478402,EDM,F,1075,19,12,1.04081,0.8098,6,5
20242025,2024030411,8478542,FLA,F,943,10,14,0.56348,0.45887,3,2
20242025,2024030411,8478859,FLA,D,1039,16,14,1.21676,0.68638,7,4
20242025,2024030411,8479314,FLA,F,936,12,8,1.01477,0.93844,5,4
20242025,2024030411,8479365,EDM,F,652,5,11,0.17136,0.64219,2,4
20242025,2024030411,8479981,FLA,F,251,1,1,0.03316,0.18123,0,1
20242025,2024030411,8480003,FLA,F,343,2,2,0.02337,0.19987,0,1
20242025,2024030411,8480185,FLA,F,819,12,13,0.80768,0.56155,7,4
20242025,2024030411,8480803,EDM,D,1130,15,11,0.91921,0.55675,5,4
20242025,2024030411,8481617,EDM,F,555,6,7,0.52011,0.39496,2,2
20242025,2024030411,8482113,FLA,F,765,9,11,0.49825,0.38628,3,2
20242025,2024030412,8470621,EDM,F,744,15,9,1.2252,0.5383,8,1
20242025,2024030412,8473419,FLA,F,675,13,15,1.20897,1.15574,6,8
20242025,2024030412,8474641,EDM,F,538,4,4,0.1012,0.49745,2,2
20242025,2024030412,8475169,EDM,,732,10,7,0.9603,0.44728,4,1
20242025,2024030412,8475179,FLA,D,716,14,6,1.06328,0.70827,5,4
20242025,2024030412,8475218,EDM,D,871,15,10,1.17709,0.50071,6,1
20242025,2024030412,8475906,EDM,,711,7,14,0.63319,0.91813,3,6
20242025,2024030412,8476454,EDM,F,764,6,8,0.57061,0.36673,3,1
20242025,2024030412,8476967,EDM,D,848,9,10,0.41655,0.97847,5,5
20242025,2024030412,8477015,EDM,F,672,6,5,0.28049,0.37992,2,1
20242025,2024030412,8477220,FLA,D,756,10,5,0.98102,0.43385,3,3
20242025,2024030412,8477406,EDM,F,527,7,11,0.41519,0.723,3,7
20242025,2024030412,8477409,FLA,F,775,13,7,0.89118,0.55104,5,3
20242025,2024030412,8477493,FLA,F,896,12,8,0.8446,0.6643,5,3
20242025,2024030412,8477495,FLA,D,979,13,13,0.96497,0.7366,5,7
20242025,2024030412,8477498,EDM,D,932,10,15,0.53243,1.26894,6,9
20242025,2024030412,8477931,FLA,F,333,4,3,0.21806,0.22124,1,1
20242025,2024030412,8477932,FLA,D,880,12,12,0.67895,0.85828,4,4
20242025,2024030412,8477933,FLA,F,903,12,7,0.78742,0.52858,4,3
20242025,2024030412,8477934,EDM,F,930,15,11,1.18467,0.90561,8,3
20242025,2024030412,8477935,FLA,F,614,7,6,0.24061,0.35229,1,2
20242025,2024030412,8477953,EDM,F,492,4,11,0.24434,0.94099,1,6
20242025,2024030412,8478013,EDM,D,698,8,7,0.80765,0.37541,3,1
20242025,2024030412,8478042,EDM,F,432,3,6,0.22595,0.3563,1,3
20242025,2024030412,8478055,FLA,D,889,10,12,0.63049,0.87884,4,5
20242025,2024030412,8478402,EDM,F,925,16,11,1.36092,0.58918,8,1
20242025,2024030412,8478542,FLA,F,646,5,8,0.12955,0.69585,0,4
20242025,2024030412,8478859,FLA,D,887,9,17,0.47591,1.31199,3,8
20242025,2024030412,8479314,FLA,F,642,5,6,0.14874,0.34594,1,1
20242025,2024030412,8479365,EDM,F,459,4,5,0.44436,0.37849,3,1
20242025,2024030412,8479981,FLA,F,323,3,3,0.19728,0.22124,1,1
20242025,2024030412,8480003,FLA,F,347,9,3,0.59866,0.22124,5,1
20242025,2024030412,8480185,FLA,F,681,8,13,0.83282,0.98266,2,8
20242025,2024030412,8480803,EDM,D,1016,16,13,1.37304,0.77856,7,2
20242025,2024030412,8481617,EDM,F,474,4,13,0.09972,1.04308,2,9
20242025,2024030412,8482113,FLA,F,738,11,15,1.09404,1.18495,5,9
20242025,2024030413,8470621,EDM,F,535,8,4,0.13426,0.30481,0,2
20242025,2024030413,8473419,FLA,F,437,5,6,0.39939,0.22996,2,1
20242025,2024030413,8474641,EDM,F,523,9,4,0.27558,0.09093,1,0
20242025,2024030413,8475169,EDM,,630,14,10,0.41489,0.67986,3,3
20242025,2024030413,8475179,FLA,D,513,7,8,0.42332,0.31947,2,1
20242025,2024030413,8475218,EDM,D,596,10,5,0.1747,0.43089,0,3
20242025,2024030413,8475906,EDM,,562,10,9,0.43516,0.81332,2,4
20242025,2024030413,8476454,EDM,F,500,8,2,0.15689,0.08243,0,1
20242025,2024030413,8476967,EDM,D,606,9,7,0.16829,0.137,1,0
20242025,2024030413,8477015,EDM,F,471,7,5,0.22635,0.11844,1,1
20242025,2024030413,8477220,FLA,D,552,5,6,0.45652,0.28229,3,1
20242025,2024030413,8477406,EDM,F,370,2,6,0.01356,0.243,0,2
20242025,2024030413,8477409,FLA,F,586,7,12,0.33831,0.17044,2,2
20242025,2024030413,8477493,FLA,F,594,6,13,0.21786,0.25916,1,2
20242025,2024030413,8477495,FLA,D,848,9,9,0.45809,0.0662,1,1
20242025,2024030413,8477498,EDM,D,535,9,9,0.2971,0.52259,1,3
20242025,2024030413,8477931,FLA,F,506,1,7,0.04823,0.26188,0,1
20242025,2024030413,8477932,FLA,D,778,4,12,0.18813,0.41241,1,2
20242025,2024030413,8477933,FLA,F,722,7,13,0.23327,0.1878,1,2
20242025,2024030413,8477934,EDM,F,804,12,7,0.39345,0.55953,3,2
20242025,2024030413,8477935,FLA,F,483,5,2,0.48478,0.02108,3,0
20242025,2024030413,8477953,EDM,F,328,6,6,0.31054,0.49396,1,2
20242025,2024030413,8478013,EDM,D,816,5,5,0.16904,0.19972,1,0
20242025,2024030413,8478042,EDM,F,378,3,3,0.03792,0.19107,0,1
20242025,2024030413,8478055,FLA,D,702,6,14,0.254,0.42808,2,2
20242025,2024030413,8478402,EDM,F,787,11,5,0.18609,0.30858,2,2
20242025,2024030413,8478421,FLA,F,414,2,4,0.09869,0.22708,1,1
20242025,2024030413,8478542,FLA,F,439,4,5,0.2642,0.15412,2,0
20242025,2024030413,8478859,FLA,D,688,6,9,0.40589,0.09193,2,1
20242025,2024030413,8479314,FLA,F,477,5,3,0.42185,0.11483,2,0
20242025,2024030413,8479365,EDM,F,370,5,2,0.22723,0.05843,1,0
20242025,2024030413,8479981,FLA,F,360,2,4,0.09869,0.22708,1,1
20242025,2024030413,8480185,FLA,F,528,7,10,0.57245,0.28784,2,1
20242025,2024030413,8480803,EDM,D,927,15,3,0.35609,0.20288,3,2
20242025,2024030413,8481617,EDM,F,397,2,3,0.02381,0.32856,0,2
20242025,2024030413,8482113,FLA,F,486,7,8,0.40233,0.2593,2,1
20242025,2024030414,8470621,EDM,F,630,10,2,0.55046,0.2451,4,2
20242025,2024030414,8473419,FLA,F,666,10,5,0.43099,0.23505,4,2
20242025,2024030414,8474641,EDM,F,723,9,10,0.54138,0.46089,4,4
20242025,2024030414,8475169,EDM,,538,3,12,0.18083,0.55176,1,3
20242025,2024030414,8475179,FLA,D,806,12,3,0.78553,0.25456,6,2
20242025,2024030414,8475218,EDM,D,1011,8,19,0.57703,0.59272,3,3
20242025,2024030414,8475784,EDM,F,530,8,6,0.47323,0.22436,3,2
20242025,2024030414,8476454,EDM,F,919,14,14,0.79158,1.10863,4,7
20242025,2024030414,8476967,EDM,D,1177,18,15,0.96515,1.15675,7,9
20242025,2024030414,8477015,EDM,F,957,10,15,0.59058,1.10067,3,8
20242025,2024030414,8477220,FLA,D,756,12,3,0.74986,0.25456,6,2
20242025,2024030414,8477406,EDM,F,569,5,6,0.36994,0.19642,2,2
20242025,2024030414,8477409,FLA,F,821,13,18,1.14925,1.16962,8,7
20242025,2024030414,8477493,FLA,F,982,11,18,0.86291,1.16962,5,7
20242025,2024030414,8477495,FLA,D,1122,15,14,0.67481,0.64753,4,4
20242025,2024030414,8477498,EDM,D,960,14,14,0.78732,0.80289,5,6
20242025,2024030414,8477931,FLA,F,358,1,3,0.10233,0.14529,1,1
20242025,2024030414,8477932,FLA,D,1007,8,14,0.64812,1.00117,4,6
20242025,2024030414,8477933,FLA,F,1039,10,20,0.85756,1.32889,5,8
20242025,2024030414,8477934,EDM,F,1047,8,12,0.54862,0.52534,4,4
20242025,2024030414,8477935,FLA,F,923,17,7,0.67103,0.3954,5,2
20242025,2024030414,8477953,EDM,F,357,3,10,0.10704,0.34614,0,2
20242025,2024030414,8478013,EDM,D,787,9,10,0.60656,0.46434,3,4
20242025,2024030414,8478055,FLA,D,943,11,18,0.78205,1.10502,6,6
20242025,2024030414,8478402,EDM,F,1164,14,13,0.72017,0.89602,4,6
20242025,2024030414,8478421,FLA,F,263,1,3,0.10233,0.14529,1,1
20242025,2024030414,8478542,FLA,F,701,13,7,0.50231,0.3954,4,2
20242025,2024030414,8478859,FLA,D,1008,16,14,0.53229,0.62788,4,4
20242025,2024030414,8479314,FLA,F,861,15,4,0.69691,0.22835,4,1
20242025,2024030414,8479365,EDM,F,640,9,8,0.54138,0.29073,4,3
20242025,2024030414,8479442,EDM,D,252,3,4,0.1344,0.31543,1,2
20242025,2024030414,8479981,FLA,F,299,1,4,0.10233,0.15307,1,1
20242025,2024030414,8480185,FLA,F,781,9,5,0.32392,0.23505,3,2
20242025,2024030414,8480803,EDM,D,1298,14,13,0.82026,0.90836,5,6
20242025,2024030414,8481617,EDM,F,454,6,2,0.42087,0.2451,3,2
20242025,2024030414,8482113,FLA,F,702,10,5,0.45712,0.23505,4,2
20242025,2024030415,8470621,EDM,F,789,7,9,0.20495,0.87317,1,6
20242025,2024030415,8473419,FLA,F,684,10,2,0.77086,0.03495,5,0
20242025,2024030415,8474641,EDM,F,519,1,6,0.00893,0.21783,0,1
20242025,2024030415,8475169,EDM,,627,1,3,0.01231,0.09877,0,1
20242025,2024030415,8475179,FLA,D,649,9,3,0.55743,0.04334,4,0
20242025,2024030415,8475218,EDM,D,901,13,9,0.45773,0.66691,2,5
20242025,2024030415,8475784,EDM,F,461,2,7,0.02945,0.27562,0,2
20242025,2024030415,8476454,EDM,F,901,3,9,0.50029,0.43806,2,5
20242025,2024030415,8476967,EDM,D,853,7,7,0.43677,0.33735,1,4
20242025,2024030415,8477015,EDM,F,748,6,8,0.52316,0.41224,2,5
20242025,2024030415,8477220,FLA,D,778,10,5,0.58382,0.40596,5,1
20242025,2024030415,8477406,EDM,F,536,4,4,0.03501,0.21716,0,2
20242025,2024030415,8477409,FLA,F,838,11,7,0.73125,0.15094,6,0
20242025,2024030415,8477493,FLA,F,895,9,5,0.61566,0.10875,6,0
20242025,2024030415,8477495,FLA,D,950,9,11,0.61319,0.36907,4,2
20242025,2024030415,8477498,EDM,D,974,2,13,0.00869,0.58493,0,5
20242025,2024030415,8477931,FLA,F,450,4,7,0.07019,0.41172,0,1
20242025,2024030415,8477932,FLA,D,1180,10,6,0.64432,0.12387,6,0
20242025,2024030415,8477933,FLA,F,978,7,8,0.44958,0.28435,5,1
20242025,2024030415,8477934,EDM,F,1077,13,9,0.35332,0.87317,1,6
20242025,2024030415,8477935,FLA,F,788,8,5,0.62847,0.17581,6,1
20242025,2024030415,8478013,EDM,D,753,6,7,0.06816,0.58918,0,3
20242025,2024030415,8478042,EDM,F,465,5,4,0.09949,0.23487,0,2
20242025,2024030415,8478055,FLA,D,1184,9,8,0.6016,0.27123,5,1
20242025,2024030415,8478402,EDM,F,1226,14,8,0.83232,0.78423,3,6
20242025,2024030415,8478421,FLA,F,397,2,5,0.04842,0.4061,0,1
20242025,2024030415,8478542,FLA,F,643,6,6,0.38012,0.15955,4,1
20242025,2024030415,8478859,FLA,D,816,8,11,0.44785,0.58433,4,2
20242025,2024030415,8479314,FLA,F,668,6,6,0.4549,0.15955,4,1
20242025,2024030415,8479365,EDM,F,585,5,6,0.04408,0.20008,0,1
20242025,2024030415,8479442,EDM,D,705,4,9,0.03515,0.44548,0,4
20242025,2024030415,8479981,FLA,F,427,4,6,0.04502,0.42005,0,1
20242025,2024030415,8480185,FLA,F,749,7,4,0.40963,0.18231,3,1
20242025,2024030415,8480803,EDM,D,1268,12,9,0.7913,0.81687,3,7
20242025,2024030415,8481617,EDM,F,532,5,8,0.05339,0.53588,0,5
20242025,2024030415,8482113,FLA,F,697,6,5,0.54949,0.20262,3,1
20242025,2024030416,8470621,EDM,F,909,9,5,0.3296,0.56008,3,3
20242025,2024030416,8473419,FLA,F,864,14,14,1.03952,0.92096,6,1
20242025,2024030416,8474641,EDM,F,767,6,11,0.07756,1.1621,0,7
20242025,2024030416,8475169,EDM,,1067,13,9,0.20152,0.66544,0,4
20242025,2024030416,8475179,FLA,D,1011,11,10,1.01595,0.20484,7,1
20242025,2024030416,8475218,EDM,D,1081,11,6,0.33005,0.77336,3,4
20242025,2024030416,8475784,EDM,F,831,8,11,0.2275,0.86877,0,7
20242025,2024030416,8475906,EDM,,992,15,15,0.90495,1.14066,1,8
20242025,2024030416,8476454,EDM,F,926,14,7,0.28697,0.21858,0,2
20242025,2024030416,8476967,EDM,D,1276,11,12,0.26108,0.89743,1,5
20242025,2024030416,8477015,EDM,F,661,7,9,0.71275,0.77599,1,6
20242025,2024030416,8477220,FLA,D,939,13,7,1.12771,0.08252,8,0
20242025,2024030416,8477406,EDM,F,612,5,8,0.68074,0.74786,1,6
20242025,2024030416,8477409,FLA,F,1262,13,11,1.26177,0.19993,6,2
20242025,2024030416,8477493,FLA,F,1203,7,7,0.4975,0.20131,1,2
20242025,2024030416,8477495,FLA,D,1241,12,18,0.61047,1.0647,4,3
20242025,2024030416,8477498,EDM,D,1078,10,10,0.24361,0.79493,1,5
20242025,2024030416,8477931,FLA,F,433,4,8,0.2993,0.1197,3,0
20242025,2024030416,8477932,FLA,D,1289,12,12,1.34025,0.32584,7,1
20242025,2024030416,8477933,FLA,F,1238,6,9,0.58594,0.22086,2,2
20242025,2024030416,8477934,EDM,F,1324,13,9,0.43248,0.83813,4,3
20242025,2024030416,8477935,FLA,F,1082,10,9,0.99547,0.10411,7,1
20242025,2024030416,8477953,EDM,F,875,13,9,0.17309,0.44581,0,2
20242025,2024030416,8478013,EDM,D,1111,16,18,0.89006,1.31999,1,9
20242025,2024030416,8478055,FLA,D,1370,13,13,1.36436,0.32758,7,1
20242025,2024030416,8478402,EDM,F,1327,14,9,0.43006,0.83813,4,3
20242025,2024030416,8478421,FLA,F,431,4,6,0.2993,0.10132,3,0
20242025,2024030416,8478542,FLA,F,955,8,6,0.75054,0.03593,6,1
20242025,2024030416,8478859,FLA,D,1168,9,16,0.4746,0.9569,3,4
20242025,2024030416,8479314,FLA,F,1002,12,8,1.06245,0.22992,7,1
20242025,2024030416,8479365,EDM,F,670,5,10,0.11761,1.05332,0,6
20242025,2024030416,8479981,FLA,F,393,4,6,0.2993,0.10132,3,0
20242025,2024030416,8480185,FLA,F,821,9,16,0.63452,1.15214,3,3
20242025,2024030416,8480803,EDM,D,1461,12,9,0.33159,1.00697,3,5
20242025,2024030416,8481617,EDM,F,577,8,8,0.77473,0.7258,2,5
20242025,2024030416,8482113,FLA,F,771,14,14,1.1744,1.05607,7,2
20252026,2025030144,8471215,PIT,F,784,9,7,0.41233,0.40509,2,2
20252026,2025030144,8471675,PIT,F,1029,12,10,0.64832,0.76937,3,4
20252026,2025030144,8471724,PIT,D,1141,15,7,0.81848,0.46346,4,2
20252026,2025030144,8474578,PIT,D,1368,14,14,0.46106,1.2139,1,5
20252026,2025030144,8475810,PIT,F,966,11,11,0.64571,0.80123,3,4
20252026,2025030144,8476372,PHI,D,584,1,5,0.00191,0.06034,0,0
20252026,2025030144,8476461,PHI,F,658,5,5,0.38432,0.2905,2,2
20252026,2025030144,8476483,PIT,F,894,10,10,0.63707,0.76937,3,4
20252026,2025030144,8476822,PHI,F,573,4,3,0.32277,0.27032,2,2
20252026,2025030144,8477499,PHI,D,1174,14,11,0.94969,0.54988,5,2
20252026,2025030144,8477511,PIT,F,525,8,3,0.27064,0.50909,0,1
20252026,2025030144,8477903,PHI,F,534,4,4,0.33818,0.27293,2,2
20252026,2025030144,8477948,PHI,D,1394,13,17,0.85496,0.86485,5,4
20252026,2025030144,8477989,PHI,F,824,9,9,0.45849,0.30862,2,2
20252026,2025030144,8478438,PIT,F,661,9,7,0.41233,0.40509,2,2
20252026,2025030144,8478439,PHI,F,919,14,11,0.91736,0.43904,5,3
20252026,2025030144,8478450,PIT,D,1183,13,12,0.53129,1.18097,2,5
20252026,2025030144,8478454,PHI,D,487,2,3,0.17685,0.06945,1,0
20252026,2025030144,8478569,PIT,F,770,9,3,0.46471,0.09727,3,1
20252026,2025030144,8478854,PIT,D,759,11,5,0.49213,0.16825,2,1
20252026,2025030144,8479398,PIT,D,1004,15,6,0.95219,0.4316,6,2
20252026,2025030144,8480015,PHI,F,730,7,12,0.77896,0.7914,2,2
20252026,2025030144,8480220,PHI,F,782,2,5,0.10364,0.15537,1,0
20252026,2025030144,8480980,PIT,F,860,10,2,0.47335,0.06541,3,1
20252026,2025030144,8481481,PIT,F,779,9,2,0.46471,0.06541,3,1
20252026,2025030144,8481533,PHI,F,996,7,18,0.83437,1.0389,3,4
20252026,2025030144,8481546,PHI,D,1071,8,19,0.71372,0.95882,2,4
20252026,2025030144,8481725,PIT,F,430,9,2,0.2901,0.09489,0,0
20252026,2025030144,8482142,PHI,D,1074,8,19,0.86451,1.08344,3,6
20252026,2025030144,8482159,PHI,F,857,4,12,0.20789,0.5864,1,1
20252026,2025030144,8482470,PIT,D,420,6,2,0.33163,0.10346,1,1
20252026,2025030144,8482475,PIT,F,682,8,8,0.39287,0.81929,2,3
20252026,2025030144,8484142,PHI,F,691,3,11,0.43644,0.49763,1,2
20252026,2025030144,8484387,PHI,F,535,1,9,0.03186,0.22597,0,0
20252026,2025030144,8485406,PHI,,991,9,12,0.52818,0.50309,3,4
20252026,2025030144,8485414,PIT,F,429,7,3,0.26803,0.50909,0,1
20252026,2025030145,8471215,PIT,F,863,4,4,0.14147,0.27906,1,2
20252026,2025030145,8471675,PIT,F,1122,12,15,0.94801,0.7154,4,2
20252026,2025030145,8471724,PIT,D,1346,13,8,0.65046,0.29646,3,2
20252026,2025030145,8474578,PIT,D,1465,16,17,1.37525,0.75566,9,4
20252026,2025030145,8475810,PIT,F,1020,14,11,1.02265,0.45142,5,1
20252026,2025030145,8476372,PHI,D,614,12,7,0.63447,0.40844,4,3
20252026,2025030145,8476461,PHI,F,634,4,5,0.26852,0.6594,2,3
20252026,2025030145,8476483,PIT,F,1173,15,17,1.06223,0.58527,5,2
20252026,2025030145,8476822,PHI,F,595,4,5,0.26852,0.67796,2,3
20252026,2025030145,8477499,PHI,D,1193,12,15,0.60051,1.10915,3,6
20252026,2025030145,8477511,PIT,F,702,9,5,0.6607,0.19474,6,1
20252026,2025030145,8477903,PHI,F,497,5,4,0.29858,0.52088,2,2
20252026,2025030145,8477948,PHI,D,1337,14,11,0.63504,0.83947,3,4
20252026,2025030145,8477989,PHI,F,850,12,9,0.32676,0.44092,2,3
20252026,2025030145,8478438,PIT,F,748,4,4,0.13711,0.35158,1,3
20252026,2025030145,8478439,PHI,F,962,11,16,0.22472,0.99495,1,6
20252026,2025030145,8478450,PIT,D,1090,12,18,0.78075,0.76589,6,4
20252026,2025030145,8478569,PIT,F,726,7,16,0.3498,0.53674,2,3
20252026,2025030145,8478854,PIT,D,913,11,12,0.8054,0.41043,5,1
20252026,2025030145,8479398,PIT,D,1140,10,8,0.59374,0.30233,2,2
20252026,2025030145,8480015,PHI,F,908,13,11,0.59895,0.79256,2,6
20252026,2025030145,8480220,PHI,F,885,7,9,0.26773,0.29551,1,1
20252026,2025030145,8480980,PIT,F,668,9,10,0.56307,0.39914,4,2
20252026,2025030145,8481481,PIT,F,748,12,12,0.75654,0.26901,5,2
20252026,2025030145,8481533,PHI,F,1049,12,10,0.56535,0.78406,2,6
20252026,2025030145,8481546,PHI,D,1267,9,16,0.24921,0.95883,1,6
20252026,2025030145,8481725,PIT,F,607,6,6,0.4527,0.29678,3,2
20252026,2025030145,8482126,PHI,D,591,9,7,0.37454,0.33552,2,2
20252026,2025030145,8482142,PHI,D,1250,13,10,0.32935,0.70837,1,5
20252026,2025030145,8482159,PHI,F,944,8,6,0.36977,0.15822,2,1
20252026,2025030145,8482470,PIT,D,369,4,8,0.15418,0.35955,1,1
20252026,2025030145,8482475,PIT,F,633,2,1,0.02791,0.11357,0,1
20252026,2025030145,8483731,PHI,F,929,9,6,0.38778,0.1315,2,1
20252026,2025030145,8484142,PHI,F,661,12,6,0.58094,0.37548,2,3
20252026,2025030145,8485406,PHI,,857,9,12,0.16106,0.70823,1,4
20252026,2025030145,8485414,PIT,F,614,5,3,0.41748,0.05877,3,0
20252026,2025030146,8471215,PIT,F,840,17,5,0.83206,0.29809,5,1
20252026,2025030146,8471675,PIT,F,967,22,9,1.22539,0.58011,3,3
20252026,2025030146,8471724,PIT,D,1186,15,13,0.734,0.90718,2,5
20252026,2025030146,8474578,PIT,D,1410,25,12,1.50177,0.73975,8,2
20252026,2025030146,8475810,PIT,F,888,19,8,0.97824,0.49393,3,2
20252026,2025030146,8476372,PHI,D,708,5,6,0.6116,0.31119,2,3
20252026,2025030146,8476461,PHI,F,887,6,13,0.25031,0.41431,1,1
20252026,2025030146,8476483,PIT,F,928,21,8,1.20317,0.56106,3,2
20252026,2025030146,8476822,PHI,F,672,4,13,0.15475,0.38498,0,1
20252026,2025030146,8477499,PHI,D,1024,12,18,1.02564,1.07992,4,5
20252026,2025030146,8477511,PIT,F,645,5,11,0.23256,0.86328,1,4
20252026,2025030146,8477948,PHI,D,1260,14,26,0.97099,1.40955,4,7
20252026,2025030146,8477989,PHI,F,807,8,12,0.47077,0.2899,3,1
20252026,2025030146,8478438,PIT,F,746,16,7,0.68884,0.61093,5,3
20252026,2025030146,8478439,PHI,F,727,8,9,0.45972,0.23625,3,1
20252026,2025030146,8478450,PIT,D,1245,21,12,0.77803,0.47259,5,2
20252026,2025030146,8478454,PHI,D,569,6,4,0.56893,0.15439,3,1
20252026,2025030146,8478569,PIT,F,753,4,6,0.29339,0.38974,1,2
20252026,2025030146,8478854,PIT,D,750,7,9,0.69813,0.87284,2,5
20252026,2025030146,8479398,PIT,D,1110,17,9,0.77685,0.86559,2,3
20252026,2025030146,8480015,PHI,F,882,8,8,0.60358,0.46236,3,2
20252026,2025030146,8480220,PHI,F,576,7,12,0.63792,1.14041,3,6
20252026,2025030146,8480980,PIT,F,793,5,5,0.31561,0.37939,1,2
20252026,2025030146,8481481,PIT,F,689,3,5,0.28293,0.33443,1,2
20252026,2025030146,8481533,PHI,F,909,7,8,0.67432,0.49163,2,2
20252026,2025030146,8481546,PHI,D,1246,12,19,0.49533,0.91532,3,2
20252026,2025030146,8481725,PIT,F,648,4,10,0.17564,0.73671,1,4
20252026,2025030146,8482142,PHI,D,1319,10,17,0.39826,0.80213,2,2
20252026,2025030146,8482159,PHI,F,774,6,13,0.25444,0.44194,1,1
20252026,2025030146,8482470,PIT,D,397,5,3,0.18372,0.21143,1,1
20252026,2025030146,8482475,PIT,F,669,15,5,0.64183,0.34718,5,1
20252026,2025030146,8483731,PHI,F,683,9,16,0.81664,1.23385,3,6
20252026,2025030146,8484142,PHI,F,715,8,9,0.45972,0.23625,3,1
20252026,2025030146,8484387,PHI,F,669,8,14,0.7957,1.18524,4,6
20252026,2025030146,8485406,PHI,,902,7,8,0.52483,0.49163,1,2
20252026,2025030146,8485414,PIT,F,682,4,8,0.13909,0.50922,1,1
20252026,2025030151,8470613,COL,D,778,13,13,0.9906,0.64441,6,5
20252026,2025030151,8471685,LAK,F,944,10,11,0.5463,0.79562,2,5
20252026,2025030151,8474563,LAK,D,1161,16,20,0.91957,0.90362,5,5
20252026,2025030151,8475172,COL,F,750,6,6,0.22841,0.30706,2,3
20252026,2025030151,8475208,LAK,D,750,13,15,0.75793,0.92663,5,5
20252026,2025030151,8475754,COL,F,825,14,13,0.75838,0.76734,4,3
20252026,2025030151,8476312,COL,D,821,13,13,0.6734,0.66611,4,6
20252026,2025030151,8476441,LAK,D,835,9,10,0.4205,0.92375,2,5
20252026,2025030151,8476455,COL,F,753,6,7,0.57254,0.31518,4,3
20252026,2025030151,8476469,LAK,F,696,5,6,0.29452,0.25808,3,2
20252026,2025030151,8476872,LAK,F,783,13,7,0.72446,0.3012,5,2
20252026,2025030151,8476879,LAK,D,786,10,12,0.61207,0.73166,5,4
20252026,2025030151,8476967,COL,D,1011,14,8,0.50465,0.61161,2,4
20252026,2025030151,8477476,COL,F,733,15,14,0.65528,0.61214,3,4
20252026,2025030151,8477492,COL,F,991,13,13,0.93775,0.63366,5,4
20252026,2025030151,8477501,COL,F,755,12,13,0.71228,0.78924,4,3
20252026,2025030151,8477960,LAK,F,907,10,10,0.50437,0.76755,1,5
20252026,2025030151,8478038,COL,D,1005,12,14,0.77422,0.63386,5,2
20252026,2025030151,8478462,COL,F,589,8,9,0.31777,0.51595,3,4
20252026,2025030151,8478472,LAK,F,399,1,9,0.03659,0.60528,1,2
20252026,2025030151,8478550,LAK,F,953,12,10,0.71302,0.76755,3,5
20252026,2025030151,8479675,LAK,F,790,17,15,0.84498,0.69035,4,4
20252026,2025030151,8479998,LAK,D,1040,9,16,0.43719,0.75891,2,4
20252026,2025030151,8480039,COL,F,924,12,11,0.92524,0.59168,5,4
20252026,2025030151,8480069,COL,D,1063,14,13,1.1322,0.62113,6,2
20252026,2025030151,8480448,COL,F,751,10,10,0.62844,0.59193,3,2
20252026,2025030151,8480835,COL,F,538,8,3,0.40923,0.18105,2,1
20252026,2025030151,8481186,COL,,626,8,3,0.40923,0.18105,2,1
20252026,2025030151,8481641,COL,F,478,8,3,0.40923,0.18105,2,1
20252026,2025030151,8482124,LAK,F,888,14,15,0.79065,0.70852,4,4
20252026,2025030151,8482155,LAK,F,965,12,15,0.65794,0.69035,4,4
20252026,2025030151,8482408,LAK,F,394,1,9,0.03659,0.60528,1,2
20252026,2025030151,8482726,LAK,F,393,1,8,0.03659,0.54399,1,2
20252026,2025030151,8482730,LAK,D,1025,13,7,0.63096,0.39795,3,3
20252026,2025030151,8483756,LAK,F,661,9,5,0.48132,0.23001,4,2
20252026,2025030151,8484258,COL,D,990,14,9,0.56745,0.6011,3,3
20252026,2025030152,8470613,COL,D,666,13,4,0.62249,0.05786,6,0
20252026,2025030152,8471685,LAK,F,755,4,8,0.0705,0.56308,0,5
20252026,2025030152,8474563,LAK,D,1133,9,16,0.37974,0.90426,3,4
20252026,2025030152,8475172,COL,F,625,6,4,0.27471,0.0848,3,1
20252026,2025030152,8475208,LAK,D,721,3,16,0.05789,0.85206,0,7
20252026,2025030152,8475754,COL,F,902,11,6,0.59836,0.10831,3,0
20252026,2025030152,8476312,COL,D,628,15,5,0.68266,0.15787,7,1
20252026,2025030152,8476441,LAK,D,817,6,11,0.11224,0.76387,0,8
20252026,2025030152,8476455,COL,F,749,13,4,0.78288,0.12343,5,1
20252026,2025030152,8476469,LAK,F,617,4,16,0.05649,0.91311,0,8
20252026,2025030152,8476872,LAK,F,787,6,19,0.15881,1.08537,1,9
20252026,2025030152,8476879,LAK,D,851,5,17,0.15659,0.99811,1,7
20252026,2025030152,8476967,COL,D,938,9,6,0.30018,0.10727,1,0
20252026,2025030152,8477476,COL,F,899,15,9,1.08282,0.37701,8,2
20252026,2025030152,8477492,COL,F,1046,22,8,1.57914,0.47248,10,3
20252026,2025030152,8477501,COL,F,871,11,6,0.59836,0.14775,3,1
20252026,2025030152,8477960,LAK,F,751,4,10,0.0705,0.59913,0,5
20252026,2025030152,8478038,COL,D,1101,19,11,1.39465,0.52559,10,4
20252026,2025030152,8478462,COL,F,617,6,4,0.27471,0.17794,3,1
20252026,2025030152,8478472,LAK,F,406,5,3,0.13179,0.06847,1,0
20252026,2025030152,8478550,LAK,F,897,5,13,0.08302,0.89782,0,9
20252026,2025030152,8479675,LAK,F,801,9,11,0.45786,0.85726,3,4
20252026,2025030152,8479998,LAK,D,1186,11,18,0.44034,1.10387,3,5
20252026,2025030152,8480039,COL,F,931,22,7,1.46525,0.23989,9,1
20252026,2025030152,8480069,COL,D,1191,19,13,1.56061,0.55374,11,4
20252026,2025030152,8480448,COL,F,560,9,4,0.33779,0.06514,1,0
20252026,2025030152,8480835,COL,F,377,6,3,0.33839,0.02513,4,0
20252026,2025030152,8481186,COL,,377,5,4,0.32792,0.12514,4,1
20252026,2025030152,8481641,COL,F,383,6,3,0.33839,0.02513,4,0
20252026,2025030152,8482124,LAK,F,952,9,14,0.39395,1.06723,2,6
20252026,2025030152,8482155,LAK,F,904,8,15,0.43194,1.08675,3,6
20252026,2025030152,8482408,LAK,F,407,4,4,0.10587,0.08677,1,0
20252026,2025030152,8482726,LAK,F,401,2,4,0.06746,0.08677,1,0
20252026,2025030152,8482730,LAK,D,768,8,10,0.23464,0.71031,1,7
20252026,2025030152,8483756,LAK,F,615,3,15,0.04397,0.68696,0,5
20252026,2025030152,8484258,COL,D,957,13,4,0.77189,0.07912,3,0
20252026,2025030153,8470613,COL,D,900,10,10,0.54671,0.67776,3,3
20252026,2025030153,8471685,LAK,F,836,9,6,0.2311,0.10383,0,0
20252026,2025030153,8474563,LAK,D,990,11,12,0.66419,0.68584,4,4
20252026,2025030153,8475172,COL,F,710,6,5,0.429,0.07748,3,1
20252026,2025030153,8475208,LAK,D,1014,10,15,0.81008,0.85653,5,5
20252026,2025030153,8475754,COL,F,824,11,11,0.4907,0.76973,2,3
20252026,2025030153,8476312,COL,D,286,4,5,0.34953,0.70965,2,4
20252026,2025030153,8476441,LAK,D,901,13,8,0.42915,0.373,2,3
20252026,2025030153,8476455,COL,F,868,6,6,0.29189,0.14328,2,1
20252026,2025030153,8476469,LAK,F,544,5,8,0.08593,0.34097,0,3
20252026,2025030153,8476872,LAK,F,649,5,11,0.08593,0.71668,0,5
20252026,2025030153,8476879,LAK,D,773,8,13,0.74556,0.70821,4,4
20252026,2025030153,8476967,COL,D,1123,9,13,0.65531,0.87926,4,6
20252026,2025030153,8477476,COL,F,786,7,11,0.46053,0.41498,4,3
20252026,2025030153,8477492,COL,F,878,9,13,0.52277,0.78559,4,5
20252026,2025030153,8477501,COL,F,776,9,12,0.44454,0.44376,2,1
20252026,2025030153,8477960,LAK,F,912,8,6,0.20489,0.17491,0,1
20252026,2025030153,8478038,COL,D,1239,18,13,0.82635,0.42137,6,2
20252026,2025030153,8478462,COL,F,765,7,5,0.30186,0.07748,2,1
20252026,2025030153,8478550,LAK,F,980,8,9,0.20489,0.43007,0,3
20252026,2025030153,8479525,COL,F,491,9,6,0.40602,0.30851,2,1
20252026,2025030153,8479675,LAK,F,854,14,11,1.04583,0.63137,6,3
20252026,2025030153,8479998,LAK,D,793,10,10,0.6443,0.61983,4,4
20252026,2025030153,8480039,COL,F,694,8,11,0.49672,0.75861,4,5
20252026,2025030153,8480069,COL,D,1132,14,10,0.85606,0.32238,6,1
20252026,2025030153,8480448,COL,F,486,9,6,0.55247,0.61546,3,3
20252026,2025030153,8480835,COL,F,482,8,5,0.36077,0.56091,2,3
20252026,2025030153,8481186,COL,,500,9,5,0.52393,0.56091,3,3
20252026,2025030153,8482124,LAK,F,942,13,10,1.01962,0.6121,6,4
20252026,2025030153,8482155,LAK,F,1063,15,12,1.04707,0.78037,6,5
20252026,2025030153,8482408,LAK,F,396,5,4,0.50225,0.26776,4,1
20252026,2025030153,8482726,LAK,F,474,5,8,0.50225,0.37021,4,2
20252026,2025030153,8482730,LAK,D,989,12,8,0.38452,0.29069,1,2
20252026,2025030153,8483756,LAK,F,495,6,9,0.56805,0.60798,4,4
20252026,2025030153,8483808,LAK,F,470,3,5,0.01889,0.2649,0,2
20252026,2025030153,8484258,COL,D,921,12,13,0.32009,0.66738,1,4
20252026,2025030154,8470613,COL,D,1089,19,8,0.91906,0.83951,5,4
20252026,2025030154,8471685,LAK,F,846,6,8,0.2594,0.30887,1,0
20252026,2025030154,8474563,LAK,D,1205,10,17,0.96885,0.88051,4,7
20252026,2025030154,8475172,COL,F,726,14,5,0.90555,0.18448,5,1
20252026,2025030154,8475208,LAK,D,851,9,11,0.61886,0.5365,4,2
20252026,2025030154,8475754,COL,F,724,6,10,0.18839,0.73552,1,5
20252026,2025030154,8476441,LAK,D,876,10,12,0.50808,0.51579,4,2
20252026,2025030154,8476455,COL,F,740,6,8,0.23668,0.78116,2,3
20252026,2025030154,8476872,LAK,F,824,10,13,1.01317,0.49874,6,3
20252026,2025030154,8476879,LAK,D,872,8,11,0.55183,0.59564,3,2
20252026,2025030154,8476967,COL,D,990,12,13,0.7064,0.49921,5,1
20252026,2025030154,8477476,COL,F,855,14,6,0.90555,0.34073,5,3
20252026,2025030154,8477492,COL,F,876,10,6,0.46005,0.78043,3,3
20252026,2025030154,8477501,COL,F,680,7,6,0.19042,0.33739,1,2
20252026,2025030154,8477960,LAK,F,888,6,13,0.2594,0.74032,1,3
20252026,2025030154,8478038,COL,D,981,12,10,0.43323,0.83771,3,5
20252026,2025030154,8478462,COL,F,770,14,6,0.90555,0.25151,5,2
20252026,2025030154,8478550,LAK,F,964,11,15,0.4672,0.56033,1,5
20252026,2025030154,8479525,COL,F,722,10,9,0.50331,0.69948,2,4
20252026,2025030154,8479675,LAK,F,984,10,11,0.58362,0.5222,2,5
20252026,2025030154,8479998,LAK,D,1242,10,16,0.96885,0.7086,4,7
20252026,2025030154,8480039,COL,F,816,9,8,0.45816,0.79739,3,3
20252026,2025030154,8480069,COL,D,1015,10,10,0.46941,0.87696,2,6
20252026,2025030154,8480448,COL,F,621,10,5,0.28726,0.20739,2,1
20252026,2025030154,8480835,COL,F,671,10,7,0.37881,0.32833,2,2
20252026,2025030154,8481186,COL,,658,10,8,0.37867,0.64247,2,4
20252026,2025030154,8481532,LAK,F,736,10,7,1.01317,0.20413,6,1
20252026,2025030154,8482124,LAK,F,998,10,13,0.58362,0.62611,2,5
20252026,2025030154,8482155,LAK,F,1033,5,13,0.37582,0.82149,2,4
20252026,2025030154,8482408,LAK,F,386,2,5,0.17257,0.38016,2,1
20252026,2025030154,8482726,LAK,F,399,2,7,0.17257,0.50955,2,3
20252026,2025030154,8482730,LAK,D,815,9,13,0.44105,0.62856,3,2
20252026,2025030154,8483406,LAK,F,265,2,5,0.17257,0.38016,2,1
20252026,2025030154,8483565,COL,D,741,9,3,0.48389,0.20787,2,2
20252026,2025030154,8483756,LAK,F,783,10,10,1.01317,0.24634,6,2
20252026,2025030154,8484258,COL,D,1059,18,12,0.85361,0.79626,5,4
20252026,2025030161,8473422,MIN,F,539,2,5,0.0131,0.18289,0,0
20252026,2025030161,8473994,DAL,F,528,5,10,0.2741,0.50503,1,2
20252026,2025030161,8474567,MIN,D,659,6,4,0.14453,0.15053,2,0
20252026,2025030161,8474574,DAL,D,769,6,9,0.2696,0.47171,0,4
20252026,2025030161,8474716,MIN,D,880,3,9,0.12909,0.56579,0,2
20252026,2025030161,8475149,MIN,F,652,11,7,0.33774,0.63736,2,4
20252026,2025030161,8475168,DAL,F,867,11,4,0.74681,0.10296,4,1
20252026,2025030161,8475220,MIN,F,618,2,6,0.0131,0.27262,0,0
20252026,2025030161,8475692,MIN,F,903,7,6,0.37321,0.22822,1,1
20252026,2025030161,8475765,MIN,F,755,4,6,0.27465,0.27079,2,1
20252026,2025030161,8476278,DAL,F,604,3,3,0.07407,0.17965,0,1
20252026,2025030161,8476463,MIN,D,987,5,9,0.18645,0.48623,1,2
20252026,2025030161,8476889,DAL,F,582,3,5,0.01536,0.23371,0,2
20252026,2025030161,8476902,DAL,D,1171,11,12,0.8588,0.54623,5,3
20252026,2025030161,8477446,MIN,F,569,3,5,0.01536,0.2128,0,0
20252026,2025030161,8477451,MIN,F,902,6,7,0.36037,0.22933,1,1
20252026,2025030161,8477454,DAL,F,461,4,3,0.07518,0.17965,0,1
20252026,2025030161,8478136,MIN,D,747,5,4,0.14238,0.06198,2,0
20252026,2025030161,8478420,DAL,F,980,5,10,0.39246,0.54767,1,3
20252026,2025030161,8478493,MIN,F,895,13,6,0.67209,0.63625,4,4
20252026,2025030161,8478508,MIN,F,691,5,5,0.28749,0.26968,2,1
20252026,2025030161,8478864,MIN,F,962,9,6,0.69698,0.22822,3,1
20252026,2025030161,8479351,DAL,F,887,6,11,0.40263,0.59184,1,4
20252026,2025030161,8480027,DAL,F,896,10,5,0.65708,0.1158,4,1
20252026,2025030161,8480036,DAL,D,1101,10,11,0.81776,0.57723,5,2
20252026,2025030161,8480800,MIN,D,1283,17,10,1.00648,0.76994,4,4
20252026,2025030161,8480840,DAL,F,516,2,6,0.05589,0.35108,0,1
20252026,2025030161,8480878,DAL,D,929,7,6,0.31934,0.27449,1,1
20252026,2025030161,8481557,MIN,F,775,14,6,0.67435,0.7248,4,4
20252026,2025030161,8481581,DAL,D,989,10,12,0.38844,0.77183,1,4
20252026,2025030161,8482122,MIN,D,1220,18,12,1.06169,0.78129,5,4
20252026,2025030161,8482145,DAL,F,803,14,4,0.89452,0.10296,5,1
20252026,2025030161,8482740,DAL,F,1010,5,11,0.39246,0.63472,1,3
20252026,2025030161,8483425,DAL,D,885,4,4,0.16182,0.02913,0,0
20252026,2025030161,8483525,MIN,F,547,5,7,0.28749,0.33068,2,1
20252026,2025030161,8484829,DAL,F,627,4,9,0.24308,0.46086,1,1
20252026,2025030162,8473422,MIN,F,468,6,5,0.43441,0.26795,2,2
20252026,2025030162,8473994,DAL,F,690,9,6,0.51716,0.3185,4,1
20252026,2025030162,8474567,MIN,D,624,5,9,0.39006,0.35235,2,2
20252026,2025030162,8474574,DAL,D,725,6,7,0.35648,0.31714,2,1
20252026,2025030162,8474716,MIN,D,840,8,14,0.69294,0.84494,3,6
20252026,2025030162,8475149,MIN,F,741,6,11,0.31881,0.70996,1,4
20252026,2025030162,8475168,DAL,F,741,11,3,0.71183,0.03467,5,0
20252026,2025030162,8475220,MIN,F,578,2,6,0.18666,0.09035,1,0
20252026,2025030162,8475765,MIN,F,698,6,12,0.49154,0.8442,2,7
20252026,2025030162,8476278,DAL,F,395,5,3,0.06773,0.36102,0,2
20252026,2025030162,8476463,MIN,D,880,10,16,0.88322,0.88232,4,6
20252026,2025030162,8476889,DAL,F,474,7,2,0.26378,0.18934,1,1
20252026,2025030162,8476902,DAL,D,966,18,12,0.90438,0.80329,5,2
20252026,2025030162,8477446,MIN,F,616,5,6,0.4224,0.29161,2,2
20252026,2025030162,8477451,MIN,F,783,6,16,0.48506,0.89779,2,7
20252026,2025030162,8478136,MIN,D,599,4,7,0.21838,0.22648,1,1
20252026,2025030162,8478420,DAL,F,818,12,15,0.6794,1.24557,3,4
20252026,2025030162,8478493,MIN,F,792,12,10,0.82855,0.60402,2,2
20252026,2025030162,8478508,MIN,F,182,1,0,0.18481,0.0,1,0
20252026,2025030162,8478864,MIN,F,1023,13,19,1.01988,1.00368,3,6
20252026,2025030162,8479351,DAL,F,750,8,7,0.4867,0.32407,4,1
20252026,2025030162,8480027,DAL,F,760,11,3,0.70632,0.03363,5,0
20252026,2025030162,8480036,DAL,D,1062,20,12,0.97112,0.80329,5,2
20252026,2025030162,8480800,MIN,D,1193,14,15,0.87676,0.88349,2,5
20252026,2025030162,8480840,DAL,F,466,7,2,0.27495,0.35649,1,2
20252026,2025030162,8480878,DAL,D,754,10,8,0.63848,0.81878,5,4
20252026,2025030162,8481553,MIN,F,615,7,8,0.43626,0.30539,2,2
20252026,2025030162,8481557,MIN,F,883,12,12,0.82855,0.65255,2,2
20252026,2025030162,8481581,DAL,D,924,12,8,0.69405,0.83933,5,4
20252026,2025030162,8482122,MIN,D,1167,14,13,0.87676,0.76328,2,4
20252026,2025030162,8482145,DAL,F,679,11,3,0.71214,0.03467,5,0
20252026,2025030162,8482740,DAL,F,796,12,15,0.52998,1.39865,2,5
20252026,2025030162,8483425,DAL,D,831,8,7,0.38835,0.33769,2,1
20252026,2025030162,8483525,MIN,F,516,4,6,0.22375,0.26179,1,2
20252026,2025030162,8484829,DAL,F,676,11,15,0.50846,1.24557,2,4
20252026,2025030162,8484938,DAL,F,712,7,7,0.47084,0.3371,4,1
20252026,2025030163,8473422,MIN,F,523,5,8,0.24841,0.3316,1,3
20252026,2025030163,8473994,DAL,F,581,11,5,0.43515,0.27291,1,1
20252026,2025030163,8474567,MIN,D,382,4,6,0.2489,0.23096,2,1
20252026,2025030163,8474574,DAL,D,775,2,7,0.07173,0.24276,0,1
20252026,2025030163,8474716,MIN,D,942,8,10,0.21213,0.53353,0,3
20252026,2025030163,8475149,MIN,F,684,10,5,0.27665,0.18332,1,1
20252026,2025030163,8475168,DAL,F,591,6,1,0.29377,0.00867,3,0
20252026,2025030163,8475220,MIN,F,389,0,6,0.0,0.55695,0,3
20252026,2025030163,8475765,MIN,F,729,5,8,0.111,0.31559,0,3
20252026,2025030163,8476278,DAL,F,548,2,1,0.04358,0.05885,0,0
20252026,2025030163,8476463,MIN,D,721,6,10,0.09661,0.53353,0,3
20252026,2025030163,8476889,DAL,F,538,5,1,0.535,0.05885,3,0
20252026,2025030163,8476902,DAL,D,764,6,8,0.3041,0.27242,1,1
20252026,2025030163,8477446,MIN,F,431,1,7,0.04645,0.58811,0,3
20252026,2025030163,8477451,MIN,F,738,5,6,0.11943,0.32809,0,1
20252026,2025030163,8478136,MIN,D,454,3,7,0.1145,0.53353,1,2
20252026,2025030163,8478420,DAL,F,609,2,8,0.11852,0.15615,1,0
20252026,2025030163,8478493,MIN,F,859,9,5,0.39951,0.19933,2,1
20252026,2025030163,8478864,MIN,F,1033,3,6,0.08645,0.32809,0,1
20252026,2025030163,8479351,DAL,F,661,11,4,0.5363,0.21228,2,1
20252026,2025030163,8480027,DAL,F,662,6,2,0.29377,0.04267,3,0
20252026,2025030163,8480036,DAL,D,944,5,6,0.26687,0.22406,1,1
20252026,2025030163,8480800,MIN,D,1296,9,7,0.35833,0.25139,1,2
20252026,2025030163,8480840,DAL,F,558,4,1,0.39662,0.05885,2,0
20252026,2025030163,8480878,DAL,D,808,17,4,1.02413,0.09824,7,0
20252026,2025030163,8481477,MIN,F,308,0,6,0.0,0.55695,0,3
20252026,2025030163,8481553,MIN,F,633,4,3,0.07654,0.11638,0,0
20252026,2025030163,8481557,MIN,F,791,9,8,0.42397,0.41104,2,2
20252026,2025030163,8481581,DAL,D,874,17,5,1.04679,0.16954,7,0
20252026,2025030163,8482122,MIN,D,1057,6,10,0.19255,0.71698,0,5
20252026,2025030163,8482145,DAL,F,684,11,4,0.83994,0.16814,6,1
20252026,2025030163,8482740,DAL,F,697,3,11,0.13604,0.30284,1,1
20252026,2025030163,8483425,DAL,D,770,3,7,0.0863,0.21791,0,1
20252026,2025030163,8483525,MIN,F,507,3,7,0.04612,0.28443,0,3
20252026,2025030163,8484829,DAL,F,612,4,11,0.17327,0.29771,1,1
20252026,2025030163,8484938,DAL,F,676,10,4,0.39792,0.1947,1,1
20252026,2025030164,8473422,MIN,F,534,3,10,0.14915,0.40775,1,3
20252026,2025030164,8473994,DAL,F,545,8,5,0.20341,0.16143,1,0
20252026,2025030164,8474567,MIN,D,630,5,10,0.0553,0.34226,0,2
20252026,2025030164,8474574,DAL,D,941,15,8,0.67082,0.24636,5,1
20252026,2025030164,8474716,MIN,D,982,12,7,0.42251,0.30896,3,2
20252026,2025030164,8475149,MIN,F,982,11,18,0.39377,0.88847,3,6
20252026,2025030164,8475168,DAL,F,846,9,16,0.42491,0.95388,3,6
20252026,2025030164,8475220,MIN,F,442,10,3,0.66277,0.08983,3,0
20252026,2025030164,8475765,MIN,F,602,4,11,0.16994,0.40833,1,3
20252026,2025030164,8476278,DAL,F,586,10,10,0.31118,0.79588,2,4
20252026,2025030164,8476463,MIN,D,948,9,8,0.28542,0.16665,2,0
20252026,2025030164,8476889,DAL,F,729,12,11,0.39458,0.92375,3,4
20252026,2025030164,8476902,DAL,D,1258,18,22,0.80145,1.68316,4,9
20252026,2025030164,8477446,MIN,F,561,10,5,0.68174,0.29164,3,2
20252026,2025030164,8477451,MIN,F,1017,17,10,0.97871,0.41091,6,2
20252026,2025030164,8478136,MIN,D,605,5,10,0.24823,0.31009,1,2
20252026,2025030164,8478420,DAL,F,870,14,9,0.607,0.36727,3,2
20252026,2025030164,8478493,MIN,F,1034,8,18,0.44589,0.77184,2,4
20252026,2025030164,8478864,MIN,F,1079,16,14,1.07288,0.4025,5,1
20252026,2025030164,8479351,DAL,F,713,7,5,0.17278,0.16143,1,0
20252026,2025030164,8480027,DAL,F,947,13,17,0.6803,0.98962,3,6
20252026,2025030164,8480036,DAL,D,1189,18,17,0.86355,1.36202,3,7
20252026,2025030164,8480800,MIN,D,1391,24,29,1.73236,1.49278,9,9
20252026,2025030164,8480840,DAL,F,722,11,10,0.32768,0.79588,2,4
20252026,2025030164,8480878,DAL,D,565,8,8,0.20427,0.15363,1,1
20252026,2025030164,8481477,MIN,F,384,9,4,0.65649,0.27686,3,2
20252026,2025030164,8481553,MIN,F,908,16,9,0.84222,0.537,5,3
20252026,2025030164,8481557,MIN,F,1086,9,19,0.59736,0.77298,3,4
20252026,2025030164,8481581,DAL,D,1143,17,13,0.68655,0.51282,5,3
20252026,2025030164,8482122,MIN,D,1327,23,24,1.80076,1.16298,9,7
20252026,2025030164,8482145,DAL,F,838,13,15,0.86927,0.94771,5,6
20252026,2025030164,8482740,DAL,F,857,14,7,0.77545,0.32536,5,2
20252026,2025030164,8483425,DAL,D,771,12,9,0.55708,0.48318,4,2
20252026,2025030164,8483525,MIN,F,455,4,11,0.16595,0.41747,1,3
20252026,2025030164,8484829,DAL,F,827,13,7,0.7111,0.32536,5,2
20252026,2025030164,8484938,DAL,F,724,8,6,0.19792,0.17271,0,1
20252026,2025030165,8473422,MIN,F,807,6,5,0.33956,0.33931,1,2
20252026,2025030165,8473994,DAL,F,793,12,5,0.54341,0.32367,3,1
20252026,2025030165,8474567,MIN,D,818,0,9,0.0,0.39234,0,2
20252026,2025030165,8474574,DAL,D,822,15,10,1.07004,0.99114,4,5
20252026,2025030165,8474716,MIN,D,1133,11,12,0.98573,0.75048,5,3
20252026,2025030165,8475149,MIN,F,582,6,6,0.12709,0.43624,0,2
20252026,2025030165,8475168,DAL,F,1081,3,9,0.18133,0.38045,1,1
20252026,2025030165,8475220,MIN,F,575,6,4,0.33227,0.18741,1,1
20252026,2025030165,8475692,MIN,F,871,7,10,0.59751,0.85015,3,3
20252026,2025030165,8475765,MIN,F,663,2,10,0.20703,0.59011,1,4
20252026,2025030165,8476278,DAL,F,436,6,1,0.31385,0.04366,2,0
20252026,2025030165,8476463,MIN,D,431,5,4,0.49485,0.18482,3,1
20252026,2025030165,8476889,DAL,F,516,5,2,0.29226,0.18285,2,1
20252026,2025030165,8476902,DAL,D,1051,5,11,0.24384,0.52829,3,2
20252026,2025030165,8477446,MIN,F,863,1,7,0.17794,0.28455,1,2
20252026,2025030165,8477451,MIN,F,809,11,11,0.8344,0.87174,4,3
20252026,2025030165,8478136,MIN,D,1035,3,11,0.31411,0.65108,1,3
20252026,2025030165,8478420,DAL,F,1235,12,9,0.99852,0.78028,5,4
20252026,2025030165,8478493,MIN,F,939,8,8,0.33368,0.52583,1,4
20252026,2025030165,8478508,MIN,F,668,4,8,0.3097,0.56737,1,4
20252026,2025030165,8478864,MIN,F,935,9,11,0.76579,0.80767,4,4
20252026,2025030165,8479351,DAL,F,729,11,4,0.6887,0.3432,4,1
20252026,2025030165,8480027,DAL,F,1270,5,9,0.41866,0.34709,3,1
20252026,2025030165,8480036,DAL,D,1410,6,11,0.57537,0.37077,4,1
20252026,2025030165,8480800,MIN,D,1418,13,14,0.53571,1.07774,1,7
20252026,2025030165,8480840,DAL,F,623,3,1,0.09799,0.04366,0,0
20252026,2025030165,8480950,DAL,D,715,8,2,0.3323,0.11835,2,0
20252026,2025030165,8481553,MIN,F,539,1,4,0.0674,0.07673,0,0
20252026,2025030165,8481557,MIN,F,950,7,9,0.26628,0.52718,1,4
20252026,2025030165,8481581,DAL,D,1174,19,11,1.44784,0.87232,8,4
20252026,2025030165,8482122,MIN,D,1376,15,12,0.69985,0.9864,2,6
20252026,2025030165,8482145,DAL,F,862,8,12,0.55085,0.57915,4,2
20252026,2025030165,8482740,DAL,F,1255,12,10,1.07039,0.79861,5,4
20252026,2025030165,8483425,DAL,D,767,9,1,0.37347,0.07469,1,0
20252026,2025030165,8484829,DAL,F,831,11,6,0.81434,0.53603,4,3
20252026,2025030165,8484938,DAL,F,203,5,1,0.09399,0.07469,0,0
20252026,2025030166,8473422,MIN,F,524,4,5,0.2263,0.1101,1,0
20252026,2025030166,8473507,MIN,D,433,5,5,0.13042,0.12475,0,0
20252026,2025030166,8473994,DAL,F,688,5,7,0.26836,0.28742,2,1
20252026,2025030166,8474567,MIN,D,602,6,7,0.1316,0.18955,0,0
20252026,2025030166,8474716,MIN,D,950,10,10,0.78343,0.71765,5,5
20252026,2025030166,8475149,MIN,F,806,7,8,0.54452,0.43401,3,4
20252026,2025030166,8475168,DAL,F,986,2,12,0.05088,0.67154,0,3
20252026,2025030166,8475220,MIN,F,597,5,8,0.27589,0.30643,1,2
20252026,2025030166,8475692,MIN,F,867,10,6,0.66606,0.30042,4,1
20252026,2025030166,8475755,DAL,D,715,5,6,0.22514,0.3184,1,0
20252026,2025030166,8475765,MIN,F,567,8,2,0.36581,0.10007,3,0
20252026,2025030166,8476278,DAL,F,285,4,2,0.11579,0.14916,0,2
20252026,2025030166,8476889,DAL,F,352,4,3,0.08775,0.23628,0,3
20252026,2025030166,8476902,DAL,D,1033,14,12,0.84032,0.51938,5,2
20252026,2025030166,8477446,MIN,F,609,8,2,0.30579,0.10007,2,0
20252026,2025030166,8477451,MIN,F,929,10,10,0.70359,0.51513,5,3
20252026,2025030166,8478047,DAL,F,543,9,4,0.50829,0.17922,3,1
20252026,2025030166,8478136,MIN,D,1080,8,10,0.49063,0.71765,2,5
20252026,2025030166,8478420,DAL,F,1161,9,10,0.36169,0.71401,3,5
20252026,2025030166,8478493,MIN,F,1025,8,12,0.52437,0.74583,2,6
20252026,2025030166,8478508,MIN,F,605,7,4,0.27869,0.14114,2,0
20252026,2025030166,8478864,MIN,F,1094,10,9,0.62702,0.58955,4,3
20252026,2025030166,8479351,DAL,F,652,4,8,0.33231,0.44064,2,3
20252026,2025030166,8480027,DAL,F,1327,10,13,0.48813,0.86226,4,3
20252026,2025030166,8480036,DAL,D,1383,10,11,0.40567,0.81894,3,7
20252026,2025030166,8480800,MIN,D,1437,15,12,1.01795,0.56393,7,4
20252026,2025030166,8480840,DAL,F,543,5,4,0.09386,0.254,0,3
20252026,2025030166,8480950,DAL,D,824,7,13,0.34877,0.59253,1,2
20252026,2025030166,8481477,MIN,F,452,3,5,0.19237,0.1101,1,0
20252026,2025030166,8481557,MIN,F,1162,7,16,0.46795,0.96054,2,8
20252026,2025030166,8481581,DAL,D,1327,17,10,0.89722,0.81519,7,8
20252026,2025030166,8482122,MIN,D,1601,14,14,0.89821,0.62873,6,4
20252026,2025030166,8482145,DAL,F,860,11,7,0.77448,0.4202,4,1
20252026,2025030166,8482740,DAL,F,1253,11,12,0.51082,0.74712,4,3
20252026,2025030166,8483425,DAL,D,721,5,6,0.22514,0.3878,1,1
20252026,2025030166,8484829,DAL,F,784,13,5,0.82103,0.21651,5,2
20252026,2025030171,8474013,UTA,D,817,9,14,0.2521,0.42679,2,2
20252026,2025030171,8475188,VGK,D,1187,12,16,0.74092,0.85126,3,4
20252026,2025030171,8475191,VGK,F,668,12,9,0.50251,0.31191,2,2
20252026,2025030171,8475343,VGK,F,605,6,7,0.63336,0.15498,5,1
20252026,2025030171,8475913,VGK,F,1006,13,4,0.73921,0.0834,3,0
20252026,2025030171,8476881,VGK,F,657,14,9,0.59325,0.33464,3,1
20252026,2025030171,8476925,VGK,F,674,8,8,0.68554,0.20762,5,1
20252026,2025030171,8477021,UTA,F,756,11,13,0.35639,0.69376,2,3
20252026,2025030171,8477220,UTA,D,1109,13,19,0.73636,0.91974,3,4
20252026,2025030171,8477346,UTA,D,1105,11,12,0.48781,0.88014,3,5
20252026,2025030171,8477447,VGK,D,1167,13,16,0.90648,0.96645,4,5
20252026,2025030171,8477951,UTA,F,918,5,9,0.11064,0.80265,0,5
20252026,2025030171,8477964,VGK,F,782,11,14,0.31716,1.11932,0,6
20252026,2025030171,8478396,VGK,D,1207,24,8,1.18361,0.25544,5,1
20252026,2025030171,8478397,VGK,D,1232,19,11,0.88372,0.3759,4,2
20252026,2025030171,8478403,VGK,F,1074,11,7,0.65315,0.48583,2,2
20252026,2025030171,8478434,VGK,F,739,10,10,0.44977,0.23242,2,1
20252026,2025030171,8478468,VGK,D,769,9,12,0.2856,0.50496,2,3
20252026,2025030171,8478474,UTA,F,894,8,14,0.29203,1.07557,1,6
20252026,2025030171,8478483,VGK,F,887,13,7,0.61902,0.17729,2,1
20252026,2025030171,8478507,UTA,D,985,17,11,0.87411,0.7056,3,3
20252026,2025030171,8478831,UTA,F,687,6,12,0.1359,0.54054,1,1
20252026,2025030171,8479293,UTA,F,472,2,8,0.07068,0.32613,1,1
20252026,2025030171,8479343,UTA,F,1017,7,13,0.18063,0.89857,0,5
20252026,2025030171,8479353,VGK,F,604,11,11,0.26135,0.54224,0,3
20252026,2025030171,8479410,UTA,D,1214,11,16,0.4962,0.94275,3,4
20252026,2025030171,8479619,UTA,F,591,11,11,0.33179,0.51915,1,2
20252026,2025030171,8479977,UTA,F,754,13,7,0.87366,0.20622,5,1
20252026,2025030171,8480434,UTA,D,732,10,13,0.34364,0.40937,2,2
20252026,2025030171,8480855,UTA,F,512,4,9,0.13029,0.3173,1,1
20252026,2025030171,8481527,VGK,D,578,9,9,0.28623,0.26931,2,1
20252026,2025030171,8481604,VGK,F,611,9,14,0.20151,0.99428,0,5
20252026,2025030171,8482062,VGK,F,785,11,8,0.77401,0.19105,6,1
20252026,2025030171,8482175,UTA,F,716,11,12,0.19557,0.48315,1,2
20252026,2025030171,8482699,UTA,F,945,15,9,1.02163,0.21299,5,1
20252026,2025030171,8483431,UTA,F,994,16,13,1.16887,0.35598,6,2
20252026,2025030172,8474013,UTA,D,564,6,8,0.4202,0.38838,3,3
20252026,2025030172,8475188,VGK,D,796,8,7,0.43379,0.49763,3,3
20252026,2025030172,8475191,VGK,F,564,7,2,0.44712,0.08597,4,1
20252026,2025030172,8475343,VGK,F,526,3,6,0.09735,0.34076,0,1
20252026,2025030172,8475913,VGK,F,827,7,11,0.44857,0.91948,3,6
20252026,2025030172,8476881,VGK,F,476,7,3,0.37555,0.18474,4,2
20252026,2025030172,8476925,VGK,F,562,6,5,0.22687,0.28966,1,1
20252026,2025030172,8477021,UTA,F,680,10,8,0.65426,0.42796,4,4
20252026,2025030172,8477070,UTA,F,321,1,10,0.00117,0.54057,0,5
20252026,2025030172,8477220,UTA,D,734,9,6,0.27464,0.31486,0,1
20252026,2025030172,8477346,UTA,D,922,6,11,0.54791,0.5347,4,5
20252026,2025030172,8477447,VGK,D,1011,11,9,0.55283,0.53443,3,3
20252026,2025030172,8477951,UTA,F,839,5,9,0.39673,0.52473,2,3
20252026,2025030172,8477964,VGK,F,691,6,14,0.4229,1.01656,3,6
20252026,2025030172,8478396,VGK,D,907,7,9,0.29372,0.55665,0,3
20252026,2025030172,8478397,VGK,D,839,5,8,0.18836,0.52102,0,3
20252026,2025030172,8478403,VGK,F,974,9,12,0.58926,0.93358,4,6
20252026,2025030172,8478434,VGK,F,506,8,3,0.40289,0.12251,4,1
20252026,2025030172,8478468,VGK,D,713,8,8,0.4789,0.49194,5,3
20252026,2025030172,8478474,UTA,F,694,6,7,0.43052,0.39145,3,2
20252026,2025030172,8478483,VGK,F,896,4,3,0.15374,0.08714,0,0
20252026,2025030172,8478507,UTA,D,910,7,10,0.43147,0.56185,3,3
20252026,2025030172,8478831,UTA,F,572,2,6,0.02506,0.29183,0,2
20252026,2025030172,8479293,UTA,F,275,1,5,0.00117,0.22327,0,1
20252026,2025030172,8479343,UTA,F,687,6,6,0.43308,0.30313,3,1
20252026,2025030172,8479353,VGK,F,650,4,5,0.07323,0.19588,0,1
20252026,2025030172,8479410,UTA,D,1042,10,9,0.90463,0.50259,6,4
20252026,2025030172,8479619,UTA,F,480,9,3,0.43617,0.15181,2,1
20252026,2025030172,8479977,UTA,F,517,8,1,0.67886,0.04222,4,0
20252026,2025030172,8480434,UTA,D,748,10,3,0.51359,0.12354,2,0
20252026,2025030172,8481527,VGK,D,460,7,7,0.46406,0.49077,5,3
20252026,2025030172,8481604,VGK,F,632,2,5,0.1275,0.21457,0,1
20252026,2025030172,8482062,VGK,F,404,6,3,0.25251,0.24781,1,1
20252026,2025030172,8482175,UTA,F,646,8,8,0.42157,0.49898,2,4
20252026,2025030172,8482699,UTA,F,720,9,3,0.6899,0.16315,4,1
20252026,2025030172,8483431,UTA,F,838,7,2,0.47017,0.04413,3,0
20252026,2025030173,8474013,UTA,D,1053,8,12,0.22194,1.08604,1,5
20252026,2025030173,8475188,VGK,D,946,17,10,1.07523,0.35059,6,0
20252026,2025030173,8475191,VGK,F,760,11,7,1.00644,0.24202,7,0
20252026,2025030173,8475343,VGK,F,558,15,8,0.7845,0.38198,6,1
20252026,2025030173,8475913,VGK,F,984,9,8,0.79224,0.45319,4,2
20252026,2025030173,8476881,VGK,F,961,8,6,0.61598,0.43554,3,3
20252026,2025030173,8476925,VGK,F,755,11,10,0.43553,0.4613,3,1
20252026,2025030173,8477021,UTA,F,760,6,17,0.22423,1.53615,1,7
20252026,2025030173,8477070,UTA,F,449,7,9,0.30889,0.62316,2,3
20252026,2025030173,8477220,UTA,D,963,13,9,0.8037,0.41318,3,2
20252026,2025030173,8477346,UTA,D,1068,11,21,0.50916,1.25401,2,7
20252026,2025030173,8477447,VGK,D,952,13,14,0.74569,0.56258,4,1
20252026,2025030173,8477951,UTA,F,1006,6,8,0.54922,0.4008,3,3
20252026,2025030173,8477964,VGK,F,840,9,10,0.61299,0.48074,2,2
20252026,2025030173,8478396,VGK,D,1179,14,15,0.71833,0.8382,5,5
20252026,2025030173,8478397,VGK,D,1084,15,12,0.58928,0.7006,3,4
20252026,2025030173,8478403,VGK,F,1111,9,10,0.63369,0.48074,2,2
20252026,2025030173,8478434,VGK,F,705,11,7,0.66126,0.45228,3,3
20252026,2025030173,8478468,VGK,D,784,11,7,0.85778,0.36191,4,1
20252026,2025030173,8478474,UTA,F,985,6,7,0.36741,0.37425,2,3
20252026,2025030173,8478483,VGK,F,1153,10,7,0.79976,0.18682,4,0
20252026,2025030173,8478507,UTA,D,1067,12,11,0.74751,0.71741,3,5
20252026,2025030173,8478831,UTA,F,715,7,10,0.30263,0.63314,2,3
20252026,2025030173,8479293,UTA,F,369,6,8,0.2527,0.52759,2,2
20252026,2025030173,8479343,UTA,F,830,6,4,0.56744,0.24293,3,3
20252026,2025030173,8479353,VGK,F,744,14,8,1.07994,0.41541,4,2
20252026,2025030173,8479410,UTA,D,1273,11,13,0.46028,0.8174,2,4
20252026,2025030173,8479619,UTA,F,563,4,14,0.19991,1.00026,1,5
20252026,2025030173,8479977,UTA,F,875,14,14,0.46041,0.9467,0,5
20252026,2025030173,8480434,UTA,D,796,9,20,0.24811,1.40956,1,7
20252026,2025030173,8481527,VGK,D,795,16,6,1.71129,0.17682,8,1
20252026,2025030173,8481604,VGK,F,959,7,8,0.39957,0.17671,2,1
20252026,2025030173,8482062,VGK,F,525,15,7,0.7245,0.31932,5,1
20252026,2025030173,8482175,UTA,F,685,6,16,0.41105,1.44136,2,7
20252026,2025030173,8482699,UTA,F,943,13,11,0.408,0.41003,0,2
20252026,2025030173,8483431,UTA,F,1042,14,11,0.43332,0.41003,0,2
20252026,2025030174,8474013,UTA,D,878,1,13,0.01932,1.0153,0,8
20252026,2025030174,8475188,VGK,D,1169,21,12,1.04933,0.56967,7,3
20252026,2025030174,8475191,VGK,F,806,8,13,0.61774,1.16515,6,6
20252026,2025030174,8475343,VGK,F,736,14,4,0.84815,0.23837,5,1
20252026,2025030174,8475913,VGK,F,865,10,8,0.6389,0.50846,6,1
20252026,2025030174,8476881,VGK,F,439,5,2,0.31834,0.03312,2,0
20252026,2025030174,8476925,VGK,F,635,12,4,0.81485,0.14213,5,0
20252026,2025030174,8477021,UTA,F,602,7,9,0.38329,0.35115,1,1
20252026,2025030174,8477070,UTA,F,387,2,7,0.07445,0.35574,1,2
20252026,2025030174,8477220,UTA,D,883,12,11,0.7323,0.50393,3,2
20252026,2025030174,8477346,UTA,D,1008,15,14,0.88634,0.92356,5,6
20252026,2025030174,8477447,VGK,D,1240,24,10,1.23282,0.50862,8,4
20252026,2025030174,8477951,UTA,F,977,11,15,0.74432,1.08379,4,9
20252026,2025030174,8477964,VGK,F,848,11,10,0.62802,0.31136,3,2
20252026,2025030174,8478396,VGK,D,1081,11,10,0.90288,0.36844,5,1
20252026,2025030174,8478397,VGK,D,1044,11,8,0.89936,0.29404,5,1
20252026,2025030174,8478403,VGK,F,969,13,12,0.67735,0.47513,3,3
20252026,2025030174,8478434,VGK,F,470,5,2,0.31834,0.12936,2,1
20252026,2025030174,8478468,VGK,D,671,5,9,0.42516,0.79939,4,3
20252026,2025030174,8478474,UTA,F,965,12,16,0.71357,0.99672,4,7
20252026,2025030174,8478483,VGK,F,846,8,10,0.61774,0.89134,6,4
20252026,2025030174,8478507,UTA,D,940,12,10,0.7323,0.40655,3,1
20252026,2025030174,8478831,UTA,F,605,2,9,0.07445,0.72367,1,4
20252026,2025030174,8479293,UTA,F,401,3,8,0.17762,0.52457,2,3
20252026,2025030174,8479343,UTA,F,1062,13,14,0.89902,0.92802,6,7
20252026,2025030174,8479353,VGK,F,734,9,5,0.38822,0.15344,2,1
20252026,2025030174,8479410,UTA,D,999,12,12,0.73174,0.84225,4,6
20252026,2025030174,8479619,UTA,F,552,7,7,0.40063,0.24842,0,1
20252026,2025030174,8479977,UTA,F,761,6,9,0.24179,0.55253,0,4
20252026,2025030174,8480434,UTA,D,981,3,17,0.14616,1.16635,1,9
20252026,2025030174,8481527,VGK,D,574,6,7,0.41229,0.73576,3,4
20252026,2025030174,8481604,VGK,F,599,8,10,0.61895,0.72389,3,5
20252026,2025030174,8482062,VGK,F,675,14,4,0.89616,0.14213,5,0
20252026,2025030174,8482175,UTA,F,458,5,6,0.31097,0.25295,0,1
20252026,2025030174,8482699,UTA,F,983,8,9,0.4154,0.74073,2,5
20252026,2025030174,8483431,UTA,F,1001,9,9,0.50613,0.68837,3,4
20252026,2025030175,8474013,UTA,D,959,12,10,0.59396,0.38814,3,1
20252026,2025030175,8475188,VGK,D,928,12,11,0.66066,0.46953,4,3
20252026,2025030175,8475191,VGK,F,517,9,5,0.46537,0.12416,1,1
20252026,2025030175,8475343,VGK,F,655,3,8,0.09286,0.34133,1,2
20252026,2025030175,8475913,VGK,F,1042,14,13,0.6901,0.7138,2,5
20252026,2025030175,8476881,VGK,F,633,2,6,0.10056,0.13318,0,1
20252026,2025030175,8476925,VGK,F,661,6,10,0.16941,0.50707,1,2
20252026,2025030175,8477021,UTA,F,667,5,11,0.29188,0.52991,1,3
20252026,2025030175,8477220,UTA,D,1055,15,12,0.94184,0.80628,6,4
20252026,2025030175,8477346,UTA,D,953,11,7,0.45524,0.26757,3,1
20252026,2025030175,8477447,VGK,D,1343,15,16,0.80361,0.59256,5,4
20252026,2025030175,8477951,UTA,F,1048,16,7,0.98831,0.27705,9,0
20252026,2025030175,8477964,VGK,F,1042,12,16,0.75673,1.04247,4,5
20252026,2025030175,8478396,VGK,D,1138,9,15,0.47461,0.81575,1,5
20252026,2025030175,8478397,VGK,D,1155,13,15,0.68957,0.85333,2,6
20252026,2025030175,8478403,VGK,F,1098,12,14,0.7666,0.81958,4,4
20252026,2025030175,8478434,VGK,F,482,2,5,0.10056,0.09673,0,1
20252026,2025030175,8478468,VGK,D,691,5,10,0.16461,0.68423,0,4
20252026,2025030175,8478474,UTA,F,948,16,5,0.90494,0.211,6,0
20252026,2025030175,8478483,VGK,F,881,13,10,0.51931,0.57478,1,5
20252026,2025030175,8478507,UTA,D,1077,15,16,1.03878,0.9077,7,4
20252026,2025030175,8478831,UTA,F,685,7,7,0.23383,0.4013,2,2
20252026,2025030175,8479293,UTA,F,419,7,6,0.37609,0.41783,4,2
20252026,2025030175,8479343,UTA,F,994,17,7,1.03504,0.40423,8,1
20252026,2025030175,8479353,VGK,F,848,6,12,0.14923,0.98942,0,7
20252026,2025030175,8479410,UTA,D,1118,10,7,0.43333,0.25574,3,1
20252026,2025030175,8479619,UTA,F,594,6,11,0.27393,0.66964,1,4
20252026,2025030175,8479977,UTA,F,646,10,6,0.54437,0.15161,2,0
20252026,2025030175,8480434,UTA,D,860,15,8,0.69433,0.33323,4,1
20252026,2025030175,8480849,UTA,F,527,5,9,0.1635,0.55097,1,4
20252026,2025030175,8481527,VGK,D,640,6,11,0.1656,0.74208,0,4
20252026,2025030175,8481604,VGK,F,928,8,9,0.5344,0.5159,3,4
20252026,2025030175,8482062,VGK,F,510,3,9,0.09286,0.3778,1,2
20252026,2025030175,8482175,UTA,F,505,7,4,0.27903,0.15175,1,0
20252026,2025030175,8482699,UTA,F,931,10,8,0.54437,0.30945,2,1
20252026,2025030175,8483431,UTA,F,965,11,9,0.60093,0.36325,2,1
20252026,2025030176,8474013,UTA,D,959,13,12,0.74286,0.88406,7,7
20252026,2025030176,8475188,VGK,D,1235,14,14,0.95617,0.79868,5,7
20252026,2025030176,8475191,VGK,F,545,5,8,0.40262,0.37845,3,3
20252026,2025030176,8475343,VGK,F,760,11,14,0.59709,0.91808,3,7
20252026,2025030176,8475913,VGK,F,788,14,5,0.81266,0.32442,5,3
20252026,2025030176,8476881,VGK,F,534,5,8,0.40262,0.37845,3,3
20252026,2025030176,8476925,VGK,F,825,10,14,0.50383,0.96644,3,7
20252026,2025030176,8477021,UTA,F,727,14,6,0.84961,0.44758,6,4
20252026,2025030176,8477220,UTA,D,994,11,14,0.79679,0.76209,5,2
20252026,2025030176,8477346,UTA,D,1037,10,15,0.53566,0.91766,5,6
20252026,2025030176,8477447,VGK,D,1258,16,15,1.09681,0.97176,6,8
20252026,2025030176,8477951,UTA,F,942,9,14,0.31099,0.80002,2,4
20252026,2025030176,8477964,VGK,F,880,9,9,0.74276,0.42885,4,4
20252026,2025030176,8478396,VGK,D,1189,16,13,1.06322,0.57826,7,4
20252026,2025030176,8478397,VGK,D,1082,15,12,0.98615,0.54219,6,4
20252026,2025030176,8478403,VGK,F,865,8,11,0.69756,0.50045,4,4
20252026,2025030176,8478434,VGK,F,486,5,6,0.40262,0.34686,3,3
20252026,2025030176,8478468,VGK,D,683,5,11,0.25891,0.75037,2,6
20252026,2025030176,8478474,UTA,F,873,9,14,0.42087,0.75603,3,4
20252026,2025030176,8478483,VGK,F,884,14,4,0.78718,0.21009,5,2
20252026,2025030176,8478507,UTA,D,1042,13,14,0.90945,0.76097,6,2
20252026,2025030176,8478831,UTA,F,784,9,10,0.64383,0.67134,6,4
20252026,2025030176,8479293,UTA,F,564,7,11,0.47895,0.7775,5,6
20252026,2025030176,8479343,UTA,F,958,8,14,0.30927,0.82367,2,4
20252026,2025030176,8479353,VGK,F,706,12,5,0.59292,0.37474,4,4
20252026,2025030176,8479410,UTA,D,1036,9,12,0.33148,0.83942,3,6
20252026,2025030176,8479619,UTA,F,859,15,5,0.92946,0.50215,7,3
20252026,2025030176,8479977,UTA,F,582,7,7,0.3358,0.54418,3,3
20252026,2025030176,8480434,UTA,D,886,19,9,0.81814,0.8047,7,7
20252026,2025030176,8480855,UTA,F,578,8,9,0.55278,0.50293,5,4
20252026,2025030176,8481527,VGK,D,614,10,11,0.60764,0.61336,4,5
20252026,2025030176,8481604,VGK,F,941,9,12,0.76534,0.41771,4,3
20252026,2025030176,8482062,VGK,F,818,12,17,0.74615,1.01715,4,7
20252026,2025030176,8482175,UTA,F,762,17,3,1.02485,0.22283,7,1
20252026,2025030176,8482699,UTA,F,793,6,11,0.32288,0.74919,3,4
20252026,2025030176,8483431,UTA,F,763,6,10,0.32288,0.65593,3,4
20252026,2025030181,8473986,ANA,F,1029,9,20,0.57548,1.29469,3,7
20252026,2025030181,8474590,ANA,D,1303,17,16,0.84803,1.06442,2,6
20252026,2025030181,8474641,EDM,F,176,2,5,0.02086,0.09789,0,0
20252026,2025030181,8475184,ANA,F,771,15,9,1.32513,0.32951,6,1
20252026,2025030181,8475218,EDM,D,1264,14,12,0.89698,0.7999,5,2
20252026,2025030181,8475462,ANA,D,564,6,11,0.31806,0.45112,1,1
20252026,2025030181,8475786,EDM,F,1137,11,6,0.5402,0.46969,2,2
20252026,2025030181,8475798,ANA,F,1108,8,13,0.51025,0.8146,3,4
20252026,2025030181,8476454,EDM,F,927,7,7,0.39366,0.33837,1,1
20252026,2025030181,8476473,EDM,D,1110,17,16,0.97819,0.97892,5,5
20252026,2025030181,8476885,ANA,D,1400,16,17,1.22871,0.94398,7,5
20252026,2025030181,8477450,EDM,F,656,7,12,0.63702,1.07196,3,5
20252026,2025030181,8477498,EDM,D,1222,20,17,0.91314,1.04193,5,5
20252026,2025030181,8477934,EDM,F,1149,21,12,1.22322,0.56492,7,3
20252026,2025030181,8477953,EDM,F,1011,19,12,1.14191,0.44277,7,2
20252026,2025030181,8478013,EDM,D,850,14,12,1.14507,0.77355,5,4
20252026,2025030181,8478402,EDM,F,1280,14,9,0.65011,0.63643,3,2
20252026,2025030181,8478458,EDM,F,676,9,14,0.62739,1.34353,2,6
20252026,2025030181,8478873,ANA,F,1035,19,14,1.58538,0.50242,7,1
20252026,2025030181,8479365,EDM,F,513,5,7,0.11813,0.13881,0,0
20252026,2025030181,8479705,ANA,F,671,4,8,0.13065,0.37167,0,1
20252026,2025030181,8480068,ANA,F,617,8,7,0.21207,0.44069,0,3
20252026,2025030181,8480803,EDM,D,1376,13,13,0.52251,0.89272,2,2
20252026,2025030181,8480834,EDM,D,620,9,8,0.43765,0.30258,2,2
20252026,2025030181,8481605,ANA,D,1457,19,15,1.20383,0.88984,6,5
20252026,2025030181,8481617,EDM,F,986,19,14,1.14542,0.67666,7,3
20252026,2025030181,8482178,ANA,D,601,3,6,0.0996,0.16776,0,0
20252026,2025030181,8482703,EDM,F,520,5,7,0.11813,0.13881,0,0
20252026,2025030181,8482731,ANA,,587,6,13,0.31806,0.59012,1,2
20252026,2025030181,8482745,ANA,F,652,11,7,0.36354,0.46365,1,3
20252026,2025030181,8483445,ANA,F,725,8,8,0.16107,0.57305,0,4
20252026,2025030181,8483490,ANA,D,1125,14,16,0.87291,0.97956,3,5
20252026,2025030181,8483512,EDM,F,811,14,12,0.78801,1.26456,4,6
20252026,2025030181,8484153,ANA,F,988,20,15,1.59739,0.83561,7,4
20252026,2025030181,8484762,ANA,F,980,9,16,0.54875,1.21629,3,7
20252026,2025030181,8485512,ANA,F,730,3,9,0.07509,0.36862,0,1
20252026,2025030182,8473986,ANA,F,733,7,5,0.24729,0.20063,2,0
20252026,2025030182,8474590,ANA,D,1141,9,10,0.54208,0.3885,4,2
20252026,2025030182,8475184,ANA,F,540,3,3,0.11569,0.16162,1,2
20252026,2025030182,8475218,EDM,D,956,12,9,0.98012,0.63262,7,5
20252026,2025030182,8475786,EDM,F,929,8,9,0.77556,0.46037,5,3
20252026,2025030182,8475798,ANA,F,785,7,5,0.24729,0.20063,2,0
20252026,2025030182,8476454,EDM,F,712,3,4,0.111,0.1407,1,1
20252026,2025030182,8476473,EDM,D,1085,9,15,0.39313,0.57254,2,3
20252026,2025030182,8476885,ANA,D,1240,14,12,0.64504,0.82373,5,5
20252026,2025030182,8477498,EDM,D,1123,8,14,0.35127,0.58948,2,4
20252026,2025030182,8477508,EDM,F,484,3,7,0.13978,0.29675,2,2
20252026,2025030182,8477934,EDM,F,1115,13,13,0.6406,0.72878,3,5
20252026,2025030182,8477953,EDM,F,871,12,10,0.6619,0.51958,4,3
20252026,2025030182,8478013,EDM,D,794,13,11,0.62698,0.49603,4,3
20252026,2025030182,8478402,EDM,F,970,10,7,0.89412,0.27681,6,2
20252026,2025030182,8478458,EDM,F,556,9,6,0.31544,0.34948,1,3
20252026,2025030182,8478873,ANA,F,823,10,14,0.62811,1.24529,4,8
20252026,2025030182,8479365,EDM,F,518,4,7,0.20547,0.29604,3,2
20252026,2025030182,8479705,ANA,F,717,10,10,0.46048,0.28514,3,2
20252026,2025030182,8480068,ANA,F,703,3,5,0.08444,0.21948,0,2
20252026,2025030182,8480803,EDM,D,1115,11,8,0.90405,0.48924,6,3
20252026,2025030182,8480834,EDM,D,567,11,7,0.52981,0.26667,3,2
20252026,2025030182,8481563,ANA,D,457,10,10,0.40112,0.68045,2,5
20252026,2025030182,8481605,ANA,D,1199,13,12,0.50916,0.82373,4,5
20252026,2025030182,8481617,EDM,F,876,14,14,0.70629,0.80989,4,5
20252026,2025030182,8482178,ANA,D,558,9,6,0.39774,0.15363,2,1
20252026,2025030182,8482703,EDM,F,527,3,6,0.11996,0.14433,1,0
20252026,2025030182,8482731,ANA,,507,7,10,0.18148,0.68045,0,5
20252026,2025030182,8482745,ANA,F,609,5,5,0.20835,0.24409,2,3
20252026,2025030182,8483445,ANA,F,908,12,15,0.69983,1.15333,4,7
20252026,2025030182,8483490,ANA,D,1172,12,10,0.83265,0.3885,6,2
20252026,2025030182,8483512,EDM,F,636,10,8,0.81705,0.45185,4,3
20252026,2025030182,8484153,ANA,F,854,12,11,0.69983,0.92731,4,7
20252026,2025030182,8484509,EDM,F,561,7,5,0.29087,0.09529,2,1
20252026,2025030182,8484762,ANA,F,662,8,5,0.28909,0.32672,2,1
20252026,2025030182,8485512,ANA,F,718,9,12,0.42678,0.56017,3,3
20252026,2025030183,8473986,ANA,F,973,12,8,0.50833,0.5437,1,2
20252026,2025030183,8474590,ANA,D,1232,17,17,0.74196,1.27385,2,4
20252026,2025030183,8475184,ANA,F,625,8,7,0.34955,0.37257,3,1
20252026,2025030183,8475218,EDM,D,1074,14,22,1.05541,1.16397,3,5
20252026,2025030183,8475786,EDM,F,752,4,13,0.15655,0.65709,0,2
20252026,2025030183,8475798,ANA,F,920,14,8,0.60921,0.5437,2,2
20252026,2025030183,8476454,EDM,F,788,4,14,0.53505,0.54327,2,1
20252026,2025030183,8476473,EDM,D,1148,13,17,0.76869,0.63457,3,2
20252026,2025030183,8476885,ANA,D,1366,25,14,1.17088,0.66265,6,2
20252026,2025030183,8477498,EDM,D,1235,15,19,0.78935,0.71443,3,5
20252026,2025030183,8477508,EDM,F,428,3,4,0.17278,0.17113,1,2
20252026,2025030183,8477934,EDM,F,1063,13,15,0.87619,0.79852,4,4
20252026,2025030183,8477953,EDM,F,998,12,15,0.78014,0.67474,4,4
20252026,2025030183,8478013,EDM,D,935,7,13,0.3003,0.55828,1,3
20252026,2025030183,8478402,EDM,F,1213,14,27,0.96973,1.22299,2,4
20252026,2025030183,8478458,EDM,F,828,14,19,1.04555,0.77765,3,3
20252026,2025030183,8478873,ANA,F,971,20,11,0.85561,0.37581,4,1
20252026,2025030183,8479365,EDM,F,577,4,4,0.12704,0.14398,0,2
20252026,2025030183,8479705,ANA,F,570,11,8,0.53997,0.8172,3,3
20252026,2025030183,8480068,ANA,F,742,7,8,0.26287,0.40074,2,1
20252026,2025030183,8480803,EDM,D,1055,14,21,1.20065,1.11612,4,4
20252026,2025030183,8480834,EDM,D,851,5,10,0.10416,0.31955,0,3
20252026,2025030183,8481563,ANA,D,552,9,3,0.34062,0.17278,3,1
20252026,2025030183,8481605,ANA,D,1409,28,11,1.39182,0.53956,7,2
20252026,2025030183,8481617,EDM,F,827,12,9,0.85903,0.43501,4,3
20252026,2025030183,8482178,ANA,D,484,9,7,0.29757,0.78903,1,3
20252026,2025030183,8482703,EDM,F,554,5,5,0.14884,0.15433,0,2
20252026,2025030183,8482731,ANA,,520,6,3,0.21274,0.17278,2,1
20252026,2025030183,8482745,ANA,F,808,9,8,0.27378,0.40074,2,1
20252026,2025030183,8483445,ANA,F,948,19,11,1.0729,0.37581,6,1
20252026,2025030183,8483490,ANA,D,1205,17,20,0.6489,1.39694,2,4
20252026,2025030183,8483512,EDM,F,860,12,19,0.5492,0.79891,1,4
20252026,2025030183,8484153,ANA,F,959,21,11,1.08381,0.37581,6,1
20252026,2025030183,8484509,EDM,F,624,5,9,0.10774,0.38276,0,2
20252026,2025030183,8484762,ANA,F,951,14,8,0.60921,0.5437,2,2
20252026,2025030183,8485512,ANA,F,551,9,7,0.29757,0.78903,1,3
20252026,2025030184,8473986,ANA,F,1005,11,11,0.61022,0.85806,3,3
20252026,2025030184,8474590,ANA,D,1204,13,16,0.77716,1.15382,3,4
20252026,2025030184,8475184,ANA,F,675,10,8,0.31982,0.32237,1,1
20252026,2025030184,8475218,EDM,D,969,7,11,0.38932,0.65384,1,4
20252026,2025030184,8475786,EDM,F,756,6,12,0.3505,0.5951,2,4
20252026,2025030184,8475798,ANA,F,914,12,13,0.64962,0.87952,3,3
20252026,2025030184,8476454,EDM,F,829,5,9,0.48863,0.58646,2,2
20252026,2025030184,8476473,EDM,D,1106,10,14,0.39644,0.61889,2,2
20252026,2025030184,8476885,ANA,D,1239,21,8,1.3288,0.52549,6,2
20252026,2025030184,8477450,EDM,F,739,7,8,0.52094,0.38254,3,2
20252026,2025030184,8477498,EDM,D,1102,14,15,0.716,0.68912,3,3
20252026,2025030184,8477508,EDM,F,503,6,9,0.35168,0.37987,2,2
20252026,2025030184,8477934,EDM,F,1032,10,16,0.42752,1.295,1,6
20252026,2025030184,8477953,EDM,F,896,10,7,0.46236,0.60842,1,1
20252026,2025030184,8478013,EDM,D,896,8,9,0.69893,0.71602,3,2
20252026,2025030184,8478402,EDM,F,877,9,8,0.80528,0.27065,3,0
20252026,2025030184,8478458,EDM,F,712,6,6,0.4402,0.16359,2,1
20252026,2025030184,8478873,ANA,F,742,7,8,0.36153,0.56241,2,2
20252026,2025030184,8479365,EDM,F,486,8,9,0.38548,0.62027,1,3
20252026,2025030184,8479705,ANA,F,616,9,2,0.79595,0.06144,3,1
20252026,2025030184,8480068,ANA,F,656,8,4,0.29128,0.19893,1,1
20252026,2025030184,8480803,EDM,D,1055,8,13,0.63799,0.74039,2,5
20252026,2025030184,8480834,EDM,D,797,9,8,0.75662,0.6997,3,2
20252026,2025030184,8481563,ANA,D,502,2,4,0.02001,0.11834,0,1
20252026,2025030184,8481605,ANA,D,1403,22,7,1.37586,0.48712,6,2
20252026,2025030184,8481617,EDM,F,863,8,11,0.55288,0.84976,2,4
20252026,2025030184,8482178,ANA,D,446,6,2,0.72825,0.06144,3,1
20252026,2025030184,8482731,ANA,,521,2,4,0.02001,0.11834,0,1
20252026,2025030184,8482745,ANA,F,767,8,7,0.29128,0.31574,1,1
20252026,2025030184,8483445,ANA,F,817,6,6,0.26173,0.52924,1,2
20252026,2025030184,8483490,ANA,D,1130,10,17,0.59612,1.19219,3,4
20252026,2025030184,8483512,EDM,F,728,7,5,0.56357,0.27498,2,1
20252026,2025030184,8484153,ANA,F,727,8,8,0.37785,0.56241,2,2
20252026,2025030184,8484509,EDM,F,348,2,5,0.04391,0.1503,0,1
20252026,2025030184,8484762,ANA,F,1013,13,12,0.74918,0.8846,4,3
20252026,2025030184,8485512,ANA,F,605,7,3,0.74023,0.15679,3,1
20252026,2025030185,8473986,ANA,F,819,8,6,0.28326,0.76776,2,4
20252026,2025030185,8474590,ANA,D,1223,15,7,0.52418,0.2803,2,1
20252026,2025030185,8475184,ANA,F,759,7,6,0.1256,0.35451,1,1
20252026,2025030185,8475218,EDM,D,935,11,10,0.95364,0.36852,4,2
20252026,2025030185,8475786,EDM,F,807,7,14,0.4889,0.28445,2,2
20252026,2025030185,8475798,ANA,F,779,7,6,0.26547,0.67261,2,3
20252026,2025030185,8476454,EDM,F,792,6,14,0.31846,0.28445,1,2
20252026,2025030185,8476473,EDM,D,1034,5,15,0.24123,0.56712,2,3
20252026,2025030185,8476885,ANA,D,1238,19,10,0.67167,0.75482,4,4
20252026,2025030185,8477450,EDM,F,503,5,4,0.32085,0.10589,3,0
20252026,2025030185,8477498,EDM,D,1118,5,15,0.38898,0.36192,3,2
20252026,2025030185,8477508,EDM,F,537,2,8,0.17088,0.50471,0,2
20252026,2025030185,8477934,EDM,F,1182,7,14,0.40538,0.41783,2,3
20252026,2025030185,8477953,EDM,F,980,6,10,0.25043,0.33242,1,2
20252026,2025030185,8478013,EDM,D,875,6,12,0.11445,0.49831,1,2
20252026,2025030185,8478402,EDM,F,1166,7,9,0.42087,0.33114,2,2
20252026,2025030185,8478458,EDM,F,624,6,5,0.48853,0.10717,4,0
20252026,2025030185,8478873,ANA,F,786,15,7,0.40127,0.22158,1,2
20252026,2025030185,8479705,ANA,F,644,9,2,0.48346,0.05489,2,0
20252026,2025030185,8480068,ANA,F,730,7,6,0.13882,0.35451,1,1
20252026,2025030185,8480803,EDM,D,1275,9,12,0.87347,0.40987,3,2
20252026,2025030185,8480834,EDM,D,569,6,10,0.22571,0.25176,1,1
20252026,2025030185,8481563,ANA,D,456,3,4,0.0329,0.36362,0,2
20252026,2025030185,8481605,ANA,D,1463,19,10,0.66147,0.91169,5,5
20252026,2025030185,8481617,EDM,F,629,8,9,0.51074,0.19776,2,1
20252026,2025030185,8482178,ANA,D,544,9,2,0.45146,0.05489,2,0
20252026,2025030185,8482703,EDM,F,454,2,9,0.17088,0.50599,0,2
20252026,2025030185,8482731,ANA,,691,6,8,0.10254,0.41968,0,2
20252026,2025030185,8482745,ANA,F,657,6,4,0.10836,0.21712,1,1
20252026,2025030185,8483445,ANA,F,798,13,8,0.36843,0.39202,1,3
20252026,2025030185,8483490,ANA,D,789,12,3,0.46474,0.06737,1,0
20252026,2025030185,8483512,EDM,F,624,6,5,0.48853,0.10717,4,0
20252026,2025030185,8484153,ANA,F,850,15,9,0.40253,0.36971,1,3
20252026,2025030185,8484509,EDM,F,464,1,10,0.16177,0.50727,0,2
20252026,2025030185,8484762,ANA,F,806,7,6,0.23566,0.72751,2,3
20252026,2025030185,8485512,ANA,F,528,8,1,0.42193,0.00911,2,0
20252026,2025030186,8473986,ANA,F,960,13,10,0.58962,1.04391,1,5
20252026,2025030186,8474590,ANA,D,1404,14,23,0.81311,1.79472,2,7
20252026,2025030186,8475184,ANA,F,905,10,8,0.6471,0.27674,3,2
20252026,2025030186,8475218,EDM,D,918,8,12,0.41548,0.469,2,1
20252026,2025030186,8475786,EDM,F,1211,13,12,0.64093,0.71663,3,4
20252026,2025030186,8475798,ANA,F,871,14,7,0.73979,0.76213,3,4
20252026,2025030186,8476454,EDM,F,957,12,8,0.5538,0.49302,2,2
20252026,2025030186,8476473,EDM,D,1114,17,8,0.77046,0.38488,3,0
20252026,2025030186,8476885,ANA,D,1426,16,16,1.02924,0.97725,6,5
20252026,2025030186,8477450,EDM,F,597,7,5,0.39,0.38247,1,2
20252026,2025030186,8477498,EDM,D,1429,15,14,0.61717,0.82257,2,4
20252026,2025030186,8477508,EDM,F,268,4,7,0.34669,0.39521,2,0
20252026,2025030186,8477934,EDM,F,1378,18,20,1.47903,1.09604,6,5
20252026,2025030186,8477953,EDM,F,1113,16,17,1.37313,0.95747,6,4
20252026,2025030186,8478013,EDM,D,1143,19,14,1.88463,1.10069,8,5
20252026,2025030186,8478402,EDM,F,1373,10,16,0.56778,1.03433,4,6
20252026,2025030186,8478458,EDM,F,865,8,3,0.50746,0.19307,2,2
20252026,2025030186,8478873,ANA,F,1017,14,12,0.81703,0.59988,3,3
20252026,2025030186,8479705,ANA,F,861,9,13,0.58663,0.87575,4,4
20252026,2025030186,8480068,ANA,F,932,8,17,0.65271,1.13593,2,3
20252026,2025030186,8480803,EDM,D,1386,12,17,0.612,1.00446,3,6
20252026,2025030186,8480834,EDM,D,736,12,13,1.45486,0.97314,6,4
20252026,2025030186,8481563,ANA,D,547,9,2,0.53502,0.09787,2,0
20252026,2025030186,8481605,ANA,D,1452,19,15,1.29037,0.85789,7,4
20252026,2025030186,8481617,EDM,F,1109,18,15,1.55248,0.82311,5,3
20252026,2025030186,8482178,ANA,D,703,6,11,0.33671,0.85829,3,4
20252026,2025030186,8482703,EDM,F,381,6,5,0.47171,0.37384,2,0
20252026,2025030186,8482731,ANA,,601,8,6,0.38701,0.64261,1,2
20252026,2025030186,8482745,ANA,F,533,6,7,0.51686,0.53421,2,1
20252026,2025030186,8483445,ANA,F,776,6,11,0.51686,0.65744,2,1
20252026,2025030186,8483490,ANA,D,1295,12,20,0.69999,1.36934,2,6
20252026,2025030186,8483512,EDM,F,746,7,5,0.39,0.37836,1,2
20252026,2025030186,8484153,ANA,F,982,12,11,0.73243,0.59081,3,3
20252026,2025030186,8484509,EDM,F,283,3,4,0.32159,0.28856,2,0
20252026,2025030186,8484762,ANA,F,802,13,8,0.70677,0.80167,2,4
20252026,2025030186,8485512,ANA,F,743,6,8,0.2896,0.47276,2,2
20252026,2025030211,8475722,BUF,F,736,7,5,0.52055,0.51693,4,3
20252026,2025030211,8476479,MTL,F,721,5,8,0.37164,0.85014,1,4
20252026,2025030211,8476875,MTL,D,1042,8,8,0.35018,0.51328,2,2
20252026,2025030211,8476981,MTL,F,763,9,8,0.5644,0.78034,1,4
20252026,2025030211,8477949,BUF,F,868,8,10,0.62156,0.36896,2,3
20252026,2025030211,8478133,MTL,F,839,9,5,0.68707,0.30475,5,2
20252026,2025030211,8478413,BUF,F,618,7,9,0.71126,0.50935,4,1
20252026,2025030211,8478851,MTL,D,914,8,8,0.45218,0.50308,3,1
20252026,2025030211,8479359,BUF,F,554,7,8,0.71126,0.49837,4,1
20252026,2025030211,8479378,BUF,D,755,6,6,0.50746,0.45261,3,1
20252026,2025030211,8479420,BUF,F,957,7,9,0.5224,0.35798,2,3
20252026,2025030211,8479982,BUF,D,995,6,10,0.48717,0.65147,3,2
20252026,2025030211,8480018,MTL,F,1081,11,5,0.46071,0.62492,1,2
20252026,2025030211,8480064,BUF,F,836,3,6,0.40729,0.48078,1,2
20252026,2025030211,8480074,MTL,F,641,7,8,0.4746,0.85014,1,4
20252026,2025030211,8480802,BUF,F,730,7,4,0.52055,0.32397,4,2
20252026,2025030211,8480807,BUF,D,1102,9,9,0.63205,0.44923,3,2
20252026,2025030211,8480813,MTL,F,463,3,6,0.15266,0.38169,1,3
20252026,2025030211,8480839,BUF,D,1098,11,8,1.37344,0.38771,6,2
20252026,2025030211,8480865,MTL,D,1365,14,13,0.76609,1.48847,3,8
20252026,2025030211,8481522,BUF,F,807,7,9,0.5224,0.35798,2,3
20252026,2025030211,8481523,MTL,F,526,4,7,0.16958,0.48085,1,3
20252026,2025030211,8481524,BUF,D,1107,10,11,0.82966,0.67161,4,5
20252026,2025030211,8481540,MTL,F,967,8,5,0.34083,0.62492,1,2
20252026,2025030211,8481618,MTL,F,892,9,5,0.68707,0.30475,5,2
20252026,2025030211,8482087,MTL,D,937,6,6,0.38467,0.42983,2,3
20252026,2025030211,8482097,BUF,F,818,7,5,0.52055,0.51693,4,3
20252026,2025030211,8482659,BUF,F,876,2,5,0.30813,0.28782,1,1
20252026,2025030211,8482671,BUF,D,977,6,12,0.49322,0.73153,3,4
20252026,2025030211,8482737,MTL,F,482,3,6,0.15266,0.38169,1,3
20252026,2025030211,8482896,BUF,F,617,7,9,0.71126,0.50935,4,1
20252026,2025030211,8482964,MTL,D,449,4,1,0.35358,0.11862,1,1
20252026,2025030211,8483457,MTL,D,1371,16,12,1.03746,1.26972,5,7
20252026,2025030211,8483515,MTL,F,1000,7,4,0.26795,0.59556,1,2
20252026,2025030211,8484145,BUF,F,837,3,5,0.40729,0.28782,1,1
20252026,2025030211,8484984,MTL,F,915,9,5,0.68707,0.30475,5,2
20252026,2025030212,8475722,BUF,F,432,5,8,0.20531,0.71774,2,5
20252026,2025030212,8476479,MTL,F,507,7,8,0.62119,0.34541,4,2
20252026,2025030212,8476875,MTL,D,992,10,11,1.19628,0.48907,7,3
20252026,2025030212,8476981,MTL,F,507,5,10,0.47881,0.52257,3,4
20252026,2025030212,8477949,BUF,F,723,9,9,0.34743,0.90851,1,6
20252026,2025030212,8478133,MTL,F,615,9,4,0.56907,0.18466,4,2
20252026,2025030212,8478413,BUF,F,347,3,5,0.27168,0.387,1,1
20252026,2025030212,8478851,MTL,D,929,7,8,0.80891,0.54067,5,2
20252026,2025030212,8479359,BUF,F,224,1,3,0.01492,0.08978,0,0
20252026,2025030212,8479378,BUF,D,417,5,9,0.18017,0.56078,2,4
20252026,2025030212,8479420,BUF,F,704,6,9,0.28893,0.93453,1,7
20252026,2025030212,8479982,BUF,D,548,4,6,0.25619,0.67297,2,3
20252026,2025030212,8480018,MTL,F,699,8,9,0.6631,0.39167,4,2
20252026,2025030212,8480064,BUF,F,702,10,8,0.58874,0.52746,4,3
20252026,2025030212,8480074,MTL,F,437,5,8,0.48136,0.48369,3,4
20252026,2025030212,8480802,BUF,F,670,10,7,0.41708,0.72496,2,5
20252026,2025030212,8480807,BUF,D,859,4,12,0.16302,1.10631,1,6
20252026,2025030212,8480813,MTL,F,514,6,8,0.72571,0.50856,4,2
20252026,2025030212,8480839,BUF,D,908,7,16,0.25615,1.43699,1,9
20252026,2025030212,8480865,MTL,D,700,14,13,1.13313,0.59368,6,3
20252026,2025030212,8481522,BUF,F,679,7,8,0.40099,0.61707,2,5
20252026,2025030212,8481523,MTL,F,442,4,7,0.5357,0.49999,2,2
20252026,2025030212,8481524,BUF,D,816,16,9,0.89702,0.88165,4,5
20252026,2025030212,8481540,MTL,F,605,10,9,0.8315,0.39167,6,2
20252026,2025030212,8481618,MTL,F,624,9,3,0.56907,0.03781,4,0
20252026,2025030212,8482087,MTL,D,774,11,12,0.68477,0.61737,5,5
20252026,2025030212,8482097,BUF,F,545,8,8,0.26381,0.64822,2,4
20252026,2025030212,8482659,BUF,F,739,10,7,0.58874,0.47276,4,3
20252026,2025030212,8482671,BUF,D,873,20,8,1.09091,0.59563,6,4
20252026,2025030212,8482737,MTL,F,482,3,8,0.4939,0.50856,2,2
20252026,2025030212,8482896,BUF,F,303,4,6,0.28025,0.61155,1,2
20252026,2025030212,8482964,MTL,D,382,4,4,0.29145,0.27314,1,1
20252026,2025030212,8483457,MTL,D,754,14,10,1.11886,0.50289,7,3
20252026,2025030212,8483515,MTL,F,692,10,6,0.79688,0.20086,5,1
20252026,2025030212,8484145,BUF,F,777,11,7,0.59731,0.51129,4,3
20252026,2025030212,8484984,MTL,F,512,9,2,0.40551,0.01638,3,0
20252026,2025030213,8475722,BUF,F,310,3,5,0.18491,0.33034,2,1
20252026,2025030213,8475842,BUF,F,342,3,4,0.07196,0.38271,1,2
20252026,2025030213,8476479,MTL,F,584,12,10,1.38597,1.0227,6,4
20252026,2025030213,8476875,MTL,D,991,10,9,1.23487,0.60871,5,4
20252026,2025030213,8476981,MTL,F,591,10,9,1.00604,0.94415,5,4
20252026,2025030213,8477949,BUF,F,809,11,12,0.75785,1.69995,5,7
20252026,2025030213,8478133,MTL,F,575,5,3,0.45981,0.21187,2,3
20252026,2025030213,8478413,BUF,F,563,4,4,0.11716,0.38271,1,2
20252026,2025030213,8478851,MTL,D,954,12,10,1.56238,0.54505,7,3
20252026,2025030213,8479359,BUF,F,492,3,4,0.07196,0.38271,1,2
20252026,2025030213,8479378,BUF,D,613,6,5,0.33138,0.45106,3,2
20252026,2025030213,8479420,BUF,F,853,11,12,0.8171,1.69995,5,7
20252026,2025030213,8479982,BUF,D,836,7,9,0.46042,0.74059,4,3
20252026,2025030213,8480018,MTL,F,760,5,10,0.40806,0.85215,1,5
20252026,2025030213,8480064,BUF,F,628,10,6,1.14473,0.27381,6,1
20252026,2025030213,8480074,MTL,F,574,9,9,1.05706,0.7666,4,2
20252026,2025030213,8480802,BUF,F,535,4,5,0.23011,0.33034,2,1
20252026,2025030213,8480807,BUF,D,996,12,5,1.35807,0.43049,7,1
20252026,2025030213,8480813,MTL,F,658,7,7,0.59558,0.45867,3,4
20252026,2025030213,8480839,BUF,D,991,10,11,0.72915,1.14546,4,4
20252026,2025030213,8480865,MTL,D,697,7,8,0.315,0.94082,1,7
20252026,2025030213,8481522,BUF,F,762,11,13,0.8171,1.84417,5,8
20252026,2025030213,8481523,MTL,F,607,8,7,0.92787,0.28853,4,3
20252026,2025030213,8481524,BUF,D,916,11,13,0.58441,1.57305,4,7
20252026,2025030213,8481540,MTL,F,739,4,9,0.39934,0.7278,1,4
20252026,2025030213,8481618,MTL,F,633,7,3,0.63483,0.21187,3,3
20252026,2025030213,8482087,MTL,D,895,8,15,0.83082,1.09422,3,6
20252026,2025030213,8482097,BUF,F,673,4,7,0.23011,0.49295,2,2
20252026,2025030213,8482659,BUF,F,674,10,4,1.20398,0.1112,6,0
20252026,2025030213,8482671,BUF,D,719,10,11,1.06437,1.03297,6,5
20252026,2025030213,8482737,MTL,F,504,5,4,0.43297,0.19631,2,2
20252026,2025030213,8482964,MTL,D,379,5,5,0.36435,0.32535,2,3
20252026,2025030213,8483457,MTL,D,933,12,9,1.0662,1.01365,4,5
20252026,2025030213,8483515,MTL,F,756,5,10,0.438,0.85215,1,5
20252026,2025030213,8484145,BUF,F,774,10,5,1.14473,0.12959,6,0
20252026,2025030213,8484984,MTL,F,670,4,3,0.3149,0.2589,1,3
20252026,2025030214,8474568,BUF,D,180,3,2,0.76685,0.05668,3,0
20252026,2025030214,8475722,BUF,F,541,12,7,1.94202,0.5666,9,2
20252026,2025030214,8476479,MTL,F,645,10,9,0.48057,1.27067,2,6
20252026,2025030214,8476875,MTL,D,858,15,9,1.05314,0.93272,6,5
20252026,2025030214,8476981,MTL,F,723,11,11,0.50615,1.39829,2,7
20252026,2025030214,8477949,BUF,F,757,7,10,0.33519,0.3118,2,2
20252026,2025030214,8478133,MTL,F,657,8,7,1.00712,0.66307,6,3
20252026,2025030214,8478413,BUF,F,364,2,4,0.10099,0.48059,0,2
20252026,2025030214,8478851,MTL,D,693,7,12,0.58115,1.23331,3,7
20252026,2025030214,8479359,BUF,F,339,4,4,0.29392,0.70124,1,3
20252026,2025030214,8479420,BUF,F,812,6,11,0.30654,0.39377,2,2
20252026,2025030214,8479982,BUF,D,869,9,8,0.67367,0.53579,4,1
20252026,2025030214,8480018,MTL,F,834,10,5,0.52195,0.5038,2,3
20252026,2025030214,8480064,BUF,F,494,1,8,0.16177,0.6113,0,3
20252026,2025030214,8480074,MTL,F,560,9,10,0.36647,1.2942,1,6
20252026,2025030214,8480802,BUF,F,258,2,2,0.10099,0.42722,0,2
20252026,2025030214,8480807,BUF,D,845,8,8,1.05668,0.72354,3,4
20252026,2025030214,8480813,MTL,F,256,3,5,0.13095,0.41769,1,1
20252026,2025030214,8480839,BUF,D,824,12,14,0.99401,0.43037,5,2
20252026,2025030214,8480865,MTL,D,965,18,9,1.2075,0.70736,5,3
20252026,2025030214,8481522,BUF,F,684,10,10,0.54636,0.40268,3,3
20252026,2025030214,8481523,MTL,F,272,3,5,0.11286,0.49997,0,2
20252026,2025030214,8481524,BUF,D,876,7,18,0.55939,1.37603,2,8
20252026,2025030214,8481540,MTL,F,707,9,3,0.49637,0.37618,2,2
20252026,2025030214,8481618,MTL,F,592,8,7,1.04947,0.66307,6,3
20252026,2025030214,8482087,MTL,D,720,9,12,0.76343,1.6332,3,8
20252026,2025030214,8482097,BUF,F,661,13,6,2.04611,0.33677,10,1
20252026,2025030214,8482659,BUF,F,648,2,10,0.18001,0.73307,0,4
20252026,2025030214,8482671,BUF,D,920,13,11,1.65986,1.06506,9,5
20252026,2025030214,8482737,MTL,F,305,3,4,0.11286,0.243,0,0
20252026,2025030214,8482964,MTL,D,220,0,6,0.0,0.93637,0,3
20252026,2025030214,8483457,MTL,D,1038,11,6,0.56054,0.46043,3,1
20252026,2025030214,8483515,MTL,F,768,9,4,0.49637,0.39799,2,2
20252026,2025030214,8484145,BUF,F,602,4,8,0.45879,0.6113,2,3
20252026,2025030214,8484797,BUF,,632,15,9,2.093,0.65059,10,3
20252026,2025030214,8484984,MTL,F,675,7,6,0.9675,0.64483,6,3
20252026,2025030215,8474568,BUF,D,473,4,4,0.21953,0.10051,1,1
20252026,2025030215,8475722,BUF,F,748,12,11,0.82506,0.77073,4,4
20252026,2025030215,8476479,MTL,F,946,7,9,0.63005,0.41181,4,2
20252026,2025030215,8476875,MTL,D,1540,16,23,1.29942,1.86827,8,9
20252026,2025030215,8476981,MTL,F,854,7,7,0.63005,0.32944,4,1
20252026,2025030215,8477949,BUF,F,999,11,13,0.71887,1.51273,5,10
20252026,2025030215,8478133,MTL,F,1049,7,8,1.0517,0.46666,4,3
20252026,2025030215,8478413,BUF,F,564,5,4,0.11216,0.6955,0,2
20252026,2025030215,8478851,MTL,D,1373,13,16,1.34433,1.34996,9,7
20252026,2025030215,8479359,BUF,F,522,5,1,0.11216,0.09737,0,1
20252026,2025030215,8479420,BUF,F,1198,9,12,0.52,1.83225,4,9
20252026,2025030215,8479982,BUF,D,617,7,11,0.27066,1.04548,1,5
20252026,2025030215,8480018,MTL,F,1206,12,22,0.96958,1.89758,4,10
20252026,2025030215,8480064,BUF,F,1211,22,11,1.7322,0.75987,9,3
20252026,2025030215,8480074,MTL,F,739,9,9,0.88333,0.41181,6,2
20252026,2025030215,8480802,BUF,F,769,9,1,0.40975,0.09737,1,1
20252026,2025030215,8480807,BUF,D,1488,27,15,2.02215,1.78287,10,8
20252026,2025030215,8480813,MTL,F,557,10,9,0.93953,0.40783,6,2
20252026,2025030215,8480839,BUF,D,1629,20,22,1.6806,2.24248,8,11
20252026,2025030215,8480865,MTL,D,1186,16,17,1.79704,1.13391,6,6
20252026,2025030215,8481522,BUF,F,876,8,13,0.38639,1.83424,2,9
20252026,2025030215,8481523,MTL,F,510,12,7,1.01035,0.24856,6,1
20252026,2025030215,8481524,BUF,D,1262,22,12,1.36719,1.32058,9,7
20252026,2025030215,8481540,MTL,F,969,9,22,0.76812,1.89758,3,10
20252026,2025030215,8481618,MTL,F,955,6,10,0.92906,0.5768,3,3
20252026,2025030215,8482087,MTL,D,1234,7,15,0.58646,0.75122,4,5
20252026,2025030215,8482097,BUF,F,932,12,7,0.84012,0.40514,4,2
20252026,2025030215,8482659,BUF,F,1285,18,13,1.43909,0.97857,8,4
20252026,2025030215,8482671,BUF,D,1267,16,8,0.80763,0.6898,5,4
20252026,2025030215,8482737,MTL,F,555,12,7,1.01035,0.29769,6,2
20252026,2025030215,8482964,MTL,D,436,2,5,0.09845,0.23196,1,2
20252026,2025030215,8483457,MTL,D,1162,18,20,2.05602,1.03244,8,5
20252026,2025030215,8483515,MTL,F,1113,9,23,0.82635,1.96143,4,11
20252026,2025030215,8484145,BUF,F,1259,22,10,1.7322,0.88744,9,4
20252026,2025030215,8484797,BUF,,673,11,12,0.72364,0.90137,5,5
20252026,2025030215,8484984,MTL,F,845,8,11,1.12411,0.64445,4,4
20252026,2025030216,8475722,BUF,F,666,8,7,0.51206,0.35677,1,2
20252026,2025030216,8476479,MTL,F,558,1,9,0.05475,0.80214,1,5
20252026,2025030216,8476875,MTL,D,939,5,15,0.2917,1.01929,2,7
20252026,2025030216,8476981,MTL,F,571,2,10,0.22835,0.8505,2,5
20252026,2025030216,8477949,BUF,F,768,8,5,1.02181,0.18564,5,1
20252026,2025030216,8478133,MTL,F,714,9,8,0.65373,0.73144,5,2
20252026,2025030216,8478413,BUF,F,341,3,4,0.24575,0.25923,1,2
20252026,2025030216,8478851,MTL,D,804,2,13,0.06439,1.0285,0,6
20252026,2025030216,8479359,BUF,F,347,2,4,0.03057,0.25923,0,2
20252026,2025030216,8479420,BUF,F,807,13,5,1.02122,0.34149,6,2
20252026,2025030216,8479982,BUF,D,739,5,9,0.20963,0.69262,0,4
20252026,2025030216,8480018,MTL,F,786,7,5,0.16826,0.60922,0,3
20252026,2025030216,8480064,BUF,F,741,12,6,1.00109,0.24196,4,1
20252026,2025030216,8480074,MTL,F,587,4,12,0.39118,1.17187,2,6
20252026,2025030216,8480802,BUF,F,866,11,7,1.15327,0.40427,7,2
20252026,2025030216,8480807,BUF,D,1076,15,6,1.21142,0.30677,6,3
20252026,2025030216,8480813,MTL,F,555,2,9,0.10356,0.26498,1,1
20252026,2025030216,8480839,BUF,D,951,9,4,0.96744,0.24639,4,1
20252026,2025030216,8480865,MTL,D,1180,12,12,0.64441,1.28221,3,5
20252026,2025030216,8481522,BUF,F,266,1,4,0.02543,0.26895,0,3
20252026,2025030216,8481523,MTL,F,607,3,9,0.1326,0.47502,1,2
20252026,2025030216,8481524,BUF,D,872,16,8,1.33476,0.51325,6,2
20252026,2025030216,8481540,MTL,F,655,6,5,0.16644,0.60922,0,3
20252026,2025030216,8481618,MTL,F,719,9,8,0.57089,0.79721,3,3
20252026,2025030216,8482087,MTL,D,919,9,10,0.5279,0.48934,4,1
20252026,2025030216,8482097,BUF,F,856,9,7,0.54936,0.35677,1,2
20252026,2025030216,8482659,BUF,F,731,7,5,0.80663,0.18564,4,1
20252026,2025030216,8482671,BUF,D,891,15,8,1.39629,0.18119,8,0
20252026,2025030216,8482737,MTL,F,737,5,11,0.22248,0.58635,2,2
20252026,2025030216,8482964,MTL,D,432,6,4,0.44505,0.2731,4,0
20252026,2025030216,8483457,MTL,D,1002,8,9,0.31281,0.9383,1,4
20252026,2025030216,8483515,MTL,F,700,6,5,0.16644,0.60922,0,3
20252026,2025030216,8484145,BUF,F,849,14,4,1.05852,0.28674,6,1
20252026,2025030216,8484305,BUF,D,687,4,7,0.12638,0.34604,0,4
20252026,2025030216,8484797,BUF,,685,8,5,0.44317,0.2827,1,2
20252026,2025030216,8484984,MTL,F,732,9,6,0.57071,0.57689,4,2
20252026,2025030217,8475722,BUF,F,811,13,11,1.33893,0.84613,8,5
20252026,2025030217,8476479,MTL,F,868,9,21,0.79469,2.07428,5,10
20252026,2025030217,8476875,MTL,D,1468,16,24,1.16741,1.70975,8,10
20252026,2025030217,8476981,MTL,F,829,8,17,0.64423,1.87415,4,11
20252026,2025030217,8477949,BUF,F,973,20,7,1.26753,0.49915,6,2
20252026,2025030217,8478133,MTL,F,1045,10,15,0.44705,1.04215,3,6
20252026,2025030217,8478413,BUF,F,515,7,8,0.3995,0.30055,2,1
20252026,2025030217,8478851,MTL,D,1326,14,22,1.10154,1.75216,8,10
20252026,2025030217,8479359,BUF,F,476,7,6,0.3995,0.26933,2,1
20252026,2025030217,8479420,BUF,F,1063,12,14,0.87631,1.19409,4,10
20252026,2025030217,8479982,BUF,D,896,10,13,0.77565,0.5463,4,2
20252026,2025030217,8480018,MTL,F,1398,14,21,1.07953,1.27255,8,7
20252026,2025030217,8480064,BUF,F,997,14,13,0.92946,1.0534,4,9
20252026,2025030217,8480074,MTL,F,865,9,18,0.79469,2.03136,5,11
20252026,2025030217,8480802,BUF,F,1018,21,7,1.49001,0.59729,7,3
20252026,2025030217,8480807,BUF,D,1395,23,12,1.68896,0.90124,9,6
20252026,2025030217,8480839,BUF,D,1635,23,14,1.51156,1.03162,9,7
20252026,2025030217,8480865,MTL,D,1214,12,16,1.02018,1.00954,7,5
20252026,2025030217,8481522,BUF,F,520,7,7,0.3995,0.30092,2,1
20252026,2025030217,8481523,MTL,F,456,6,10,0.48628,0.38633,2,0
20252026,2025030217,8481524,BUF,D,1423,22,20,1.75778,1.73432,8,12
20252026,2025030217,8481540,MTL,F,1050,12,10,0.92259,0.6828,7,4
20252026,2025030217,8481618,MTL,F,932,12,10,0.60399,0.34276,4,1
20252026,2025030217,8482087,MTL,D,1141,16,18,1.18532,1.45942,6,5
20252026,2025030217,8482097,BUF,F,974,15,11,1.48808,0.81339,8,5
20252026,2025030217,8482659,BUF,F,933,20,5,1.36353,0.43519,6,2
20252026,2025030217,8482671,BUF,D,1424,28,11,2.03743,0.70962,9,5
20252026,2025030217,8482737,MTL,F,435,5,9,0.45469,0.43815,2,1
20252026,2025030217,8482775,MTL,F,285,5,4,0.45469,0.17879,2,0
20252026,2025030217,8482964,MTL,D,112,3,0,0.28306,0.0,1,0
20252026,2025030217,8483457,MTL,D,1566,15,28,0.79441,2.13197,6,10
20252026,2025030217,8483515,MTL,F,1127,12,13,0.93883,0.87063,7,4
20252026,2025030217,8484145,BUF,F,1149,14,14,0.92946,1.19409,4,10
20252026,2025030217,8484305,BUF,D,205,2,6,0.29146,0.62882,1,4
20252026,2025030217,8484797,BUF,,860,12,11,1.21245,0.82435,7,5
20252026,2025030217,8484984,MTL,F,1052,12,14,0.70662,0.90031,5,5
20252026,2025030221,8473533,CAR,F,951,5,6,0.23228,0.41793,1,2
20252026,2025030221,8475791,CAR,F,507,8,4,0.5913,0.24168,4,0
20252026,2025030221,8476372,PHI,D,590,2,13,0.12563,0.69487,0,4
20252026,2025030221,8476422,CAR,D,624,11,3,0.84736,0.12664,5,0
20252026,2025030221,8476461,PHI,F,657,5,5,0.1754,0.25365,0,1
20252026,2025030221,8476822,PHI,F,573,3,5,0.07662,0.25365,0,1
20252026,2025030221,8476873,CAR,F,553,3,4,0.04775,0.17101,0,1
20252026,2025030221,8476906,CAR,D,761,10,4,0.69454,0.16051,4,0
20252026,2025030221,8476921,CAR,F,797,5,5,0.41574,0.35008,2,1
20252026,2025030221,8476958,CAR,D,1147,6,7,0.27788,0.31954,1,1
20252026,2025030221,8477478,CAR,F,519,3,4,0.04775,0.1733,0,1
20252026,2025030221,8477499,PHI,D,1029,10,7,0.56967,0.56193,2,3
20252026,2025030221,8477903,PHI,F,458,5,5,0.17769,0.25365,0,1
20252026,2025030221,8477940,CAR,F,786,5,7,0.23228,0.42232,1,2
20252026,2025030221,8477948,PHI,D,1122,9,4,0.569,0.33423,2,2
20252026,2025030221,8477989,PHI,F,882,9,8,0.56296,0.56303,3,3
20252026,2025030221,8478427,CAR,F,880,4,3,0.24312,0.03509,1,0
20252026,2025030221,8478439,PHI,F,926,10,8,0.64785,0.55261,3,3
20252026,2025030221,8478454,PHI,D,616,4,8,0.12514,0.4919,0,3
20252026,2025030221,8478970,CAR,D,1103,7,8,0.4307,0.35341,2,1
20252026,2025030221,8480220,PHI,F,788,3,6,0.13385,0.43681,0,3
20252026,2025030221,8480336,CAR,D,949,6,6,0.36312,0.37845,2,2
20252026,2025030221,8480762,CAR,F,530,3,3,0.04775,0.06653,0,0
20252026,2025030221,8480817,CAR,D,960,6,7,0.36312,0.40233,2,2
20252026,2025030221,8480830,CAR,F,807,7,4,0.61703,0.06896,3,0
20252026,2025030221,8481533,PHI,F,822,5,2,0.37266,0.03198,2,0
20252026,2025030221,8481546,PHI,D,953,4,8,0.14653,0.49114,1,2
20252026,2025030221,8482093,CAR,F,837,4,3,0.22573,0.03509,1,0
20252026,2025030221,8482142,PHI,D,1143,7,6,0.22879,0.40265,1,2
20252026,2025030221,8482159,PHI,F,863,3,7,0.13385,0.45861,0,3
20252026,2025030221,8482702,CAR,F,619,11,5,0.96521,0.25835,6,0
20252026,2025030221,8482809,CAR,F,626,11,7,0.79914,0.43068,5,2
20252026,2025030221,8483731,PHI,F,702,2,4,0.03405,0.23487,0,1
20252026,2025030221,8484142,PHI,F,764,4,9,0.16431,0.74412,1,4
20252026,2025030221,8484387,PHI,F,583,1,6,0.01187,0.60258,0,4
20252026,2025030221,8485406,PHI,,883,4,4,0.15603,0.07952,0,0
20252026,2025030222,8473533,CAR,F,682,9,2,0.46739,0.00268,2,0
20252026,2025030222,8475791,CAR,F,759,7,6,0.41246,0.92891,1,4
20252026,2025030222,8476372,PHI,D,601,2,5,0.00293,0.16996,0,0
20252026,2025030222,8476422,CAR,D,470,6,4,0.2697,0.61616,1,3
20252026,2025030222,8476461,PHI,F,624,8,6,0.89865,0.32419,4,1
20252026,2025030222,8476822,PHI,F,451,7,3,0.79899,0.22643,3,1
20252026,2025030222,8476873,CAR,F,447,2,5,0.23362,0.26814,1,1
20252026,2025030222,8476906,CAR,D,635,5,10,0.1901,0.79743,1,4
20252026,2025030222,8476921,CAR,F,610,8,2,0.19934,0.00268,1,0
20252026,2025030222,8476958,CAR,D,964,8,5,0.40965,0.48801,1,2
20252026,2025030222,8477478,CAR,F,469,5,8,0.20418,0.30318,1,1
20252026,2025030222,8477499,PHI,D,833,8,12,0.67158,0.83363,3,4
20252026,2025030222,8477940,CAR,F,534,7,3,0.4676,0.11647,2,1
20252026,2025030222,8477948,PHI,D,865,13,10,1.2747,0.60329,6,2
20252026,2025030222,8477989,PHI,F,600,2,8,0.11522,0.3716,1,2
20252026,2025030222,8478427,CAR,F,696,4,4,0.16442,0.1653,1,1
20252026,2025030222,8478439,PHI,F,705,2,8,0.01714,0.37198,0,2
20252026,2025030222,8478970,CAR,D,999,8,8,0.40965,0.62071,1,2
20252026,2025030222,8479336,PHI,F,467,8,3,0.824,0.12281,3,0
20252026,2025030222,8480220,PHI,F,725,4,8,0.06525,0.42592,0,2
20252026,2025030222,8480336,CAR,D,693,11,2,0.87629,0.03352,5,0
20252026,2025030222,8480762,CAR,F,445,4,5,0.26743,0.26814,2,1
20252026,2025030222,8480817,CAR,D,902,13,4,0.77263,0.12248,4,0
20252026,2025030222,8480830,CAR,F,559,5,4,0.35981,0.1653,2,1
20252026,2025030222,8481533,PHI,F,760,3,9,0.1168,0.49678,1,3
20252026,2025030222,8481546,PHI,D,764,8,9,0.72288,0.56004,3,3
20252026,2025030222,8482093,CAR,F,665,5,4,0.42508,0.1653,2,1
20252026,2025030222,8482126,PHI,D,572,2,8,0.0026,0.48788,0,3
20252026,2025030222,8482142,PHI,D,948,4,8,0.12134,0.39802,0,2
20252026,2025030222,8482159,PHI,F,817,3,5,0.01374,0.21876,0,0
20252026,2025030222,8482702,CAR,F,729,12,7,0.6803,0.96127,3,4
20252026,2025030222,8482809,CAR,F,774,11,7,0.8224,0.96127,4,4
20252026,2025030222,8483731,PHI,F,460,6,8,0.49594,0.51471,2,3
20252026,2025030222,8484142,PHI,F,560,4,4,0.41635,0.4047,2,2
20252026,2025030222,8484387,PHI,F,544,2,7,0.01249,0.41329,0,1
20252026,2025030222,8485406,PHI,,596,4,9,0.41635,0.68806,2,4
20252026,2025030223,8473533,CAR,F,636,7,6,0.44824,0.51414,3,3
20252026,2025030223,8475791,CAR,F,599,12,5,0.47253,0.33581,1,2
20252026,2025030223,8476372,PHI,D,706,4,6,0.27896,0.55129,2,3
20252026,2025030223,8476461,PHI,F,761,4,8,0.29914,0.39468,2,2
20252026,2025030223,8476822,PHI,F,629,3,8,0.1641,0.29,1,1
20252026,2025030223,8476873,CAR,F,421,4,5,0.55981,0.28796,3,2
20252026,2025030223,8476906,CAR,D,563,8,2,0.33015,0.09925,1,0
20252026,2025030223,8476921,CAR,F,659,8,5,0.4607,0.32329,3,2
20252026,2025030223,8476958,CAR,D,756,14,6,0.63849,0.41708,3,3
20252026,2025030223,8477478,CAR,F,400,4,4,0.55981,0.27896,3,2
20252026,2025030223,8477499,PHI,D,766,6,10,0.44712,0.71486,3,4
20252026,2025030223,8477903,PHI,F,495,2,7,0.09081,0.27754,0,1
20252026,2025030223,8477940,CAR,F,681,7,4,0.45835,0.40818,3,3
20252026,2025030223,8477948,PHI,D,978,7,17,0.52699,0.95088,3,5
20252026,2025030223,8477989,PHI,F,534,6,7,0.24389,0.37365,2,2
20252026,2025030223,8478427,CAR,F,757,7,2,0.19116,0.08917,0,1
20252026,2025030223,8478439,PHI,F,656,6,9,0.30818,0.46132,3,2
20252026,2025030223,8478970,CAR,D,850,13,9,0.58335,0.62973,3,5
20252026,2025030223,8479336,PHI,F,521,3,7,0.2392,0.64768,1,3
20252026,2025030223,8480336,CAR,D,870,9,9,0.81315,0.74543,4,5
20252026,2025030223,8480762,CAR,F,389,5,4,0.56105,0.27896,3,2
20252026,2025030223,8480817,CAR,D,942,10,5,0.86754,0.4558,4,3
20252026,2025030223,8480830,CAR,F,644,7,2,0.288,0.08917,1,1
20252026,2025030223,8481533,PHI,F,623,4,10,0.41371,0.36738,3,1
20252026,2025030223,8481546,PHI,D,979,7,13,0.40942,0.4906,2,2
20252026,2025030223,8482093,CAR,F,725,6,4,0.17981,0.17515,0,1
20252026,2025030223,8482100,CAR,D,633,8,3,0.3294,0.04459,1,0
20252026,2025030223,8482126,PHI,D,551,5,4,0.29012,0.38662,2,1
20252026,2025030223,8482142,PHI,D,790,5,12,0.43927,0.46783,4,1
20252026,2025030223,8482159,PHI,F,641,4,6,0.20375,0.49508,2,3
20252026,2025030223,8482702,CAR,F,612,13,4,0.58183,0.30467,2,2
20252026,2025030223,8482809,CAR,F,645,13,6,0.58183,0.50236,2,3
20252026,2025030223,8483731,PHI,F,474,5,10,0.54875,0.38575,4,1
20252026,2025030223,8484142,PHI,F,527,3,7,0.2392,0.61021,1,3
20252026,2025030223,8484387,PHI,F,461,4,5,0.20452,0.59225,1,3
20252026,2025030223,8485406,PHI,,631,6,9,0.55775,0.44758,4,2
20252026,2025030224,8473533,CAR,F,860,11,6,0.70932,0.94672,5,4
20252026,2025030224,8475791,CAR,F,805,17,8,0.94878,0.60291,6,3
20252026,2025030224,8476372,PHI,D,643,5,7,0.2252,0.50611,1,4
20252026,2025030224,8476461,PHI,F,905,3,16,0.59,1.02634,2,8
20252026,2025030224,8476822,PHI,F,699,3,11,0.59,0.57598,2,4
20252026,2025030224,8476873,CAR,F,652,9,3,0.53693,0.18441,3,0
20252026,2025030224,8476906,CAR,D,806,11,4,0.46978,0.38776,4,1
20252026,2025030224,8476921,CAR,F,776,9,6,0.60682,0.75609,4,3
20252026,2025030224,8476958,CAR,D,1037,19,5,1.10013,0.25805,7,2
20252026,2025030224,8477478,CAR,F,635,10,4,0.61391,0.30335,4,0
20252026,2025030224,8477499,PHI,D,1103,10,21,1.12584,1.09656,5,7
20252026,2025030224,8477903,PHI,F,732,3,12,0.59,0.65603,2,6
20252026,2025030224,8477940,CAR,F,810,10,4,0.63234,0.62443,4,3
20252026,2025030224,8477948,PHI,D,1342,12,24,1.16764,1.3504,5,8
20252026,2025030224,8477989,PHI,F,697,7,12,0.55697,0.9977,2,6
20252026,2025030224,8478427,CAR,F,846,13,6,0.66423,0.35777,3,2
20252026,2025030224,8478439,PHI,F,759,9,9,0.68863,0.73694,2,4
20252026,2025030224,8478970,CAR,D,1121,15,6,0.84479,0.40047,6,3
20252026,2025030224,8479336,PHI,F,712,3,12,0.09821,0.63322,1,3
20252026,2025030224,8480336,CAR,D,1115,17,12,1.26471,1.22317,6,5
20252026,2025030224,8480762,CAR,F,595,9,3,0.49293,0.18441,4,0
20252026,2025030224,8480817,CAR,D,1106,16,11,1.08857,1.08075,5,4
20252026,2025030224,8480830,CAR,F,747,10,5,0.60874,0.33829,3,2
20252026,2025030224,8481533,PHI,F,901,8,10,0.66435,0.44183,3,2
20252026,2025030224,8481546,PHI,D,1148,5,17,0.50522,1.01377,2,5
20252026,2025030224,8482093,CAR,F,809,13,3,0.78924,0.13605,3,1
20252026,2025030224,8482100,CAR,D,765,16,4,0.83956,0.38776,6,1
20252026,2025030224,8482142,PHI,D,1127,7,17,0.52599,0.98308,2,5
20252026,2025030224,8482159,PHI,F,826,6,10,0.49858,0.48282,3,2
20252026,2025030224,8482702,CAR,F,730,14,6,0.89329,0.38008,6,2
20252026,2025030224,8482809,CAR,F,803,16,9,0.91478,0.79243,6,4
20252026,2025030224,8483731,PHI,F,720,7,14,0.50998,1.11175,2,8
20252026,2025030224,8484142,PHI,F,648,5,11,0.22987,0.51041,1,2
20252026,2025030224,8484148,PHI,,621,3,8,0.18807,0.65762,1,5
20252026,2025030224,8484779,PHI,,662,3,12,0.09821,0.54441,1,2
20252026,2025030224,8485406,PHI,,758,6,12,0.49214,0.69388,3,4
20252026,2025030231,8470613,COL,D,931,16,11,1.27783,0.71056,8,3
20252026,2025030231,8473422,MIN,F,635,7,14,0.41844,1.31026,2,5
20252026,2025030231,8474567,MIN,D,835,6,17,0.23103,1.29176,2,7
20252026,2025030231,8474716,MIN,D,904,11,17,0.71527,1.26717,3,8
20252026,2025030231,8475149,MIN,F,686,7,16,0.31896,1.01446,1,8
20252026,2025030231,8475172,COL,F,744,13,12,1.11583,0.60916,7,3
20252026,2025030231,8475220,MIN,F,622,6,16,0.39372,1.57706,2,6
20252026,2025030231,8475692,MIN,F,1009,16,13,1.08549,0.73004,7,3
20252026,2025030231,8475754,COL,F,808,14,9,0.93553,0.79423,7,4
20252026,2025030231,8475765,MIN,F,816,12,11,0.47454,0.68706,2,4
20252026,2025030231,8476455,COL,F,706,14,10,0.75081,0.79156,4,4
20252026,2025030231,8476967,COL,D,1370,17,16,0.93722,0.98171,4,7
20252026,2025030231,8477446,MIN,F,789,11,7,0.51451,0.43403,3,3
20252026,2025030231,8477451,MIN,F,827,16,19,1.21227,1.11896,8,5
20252026,2025030231,8477476,COL,F,994,16,10,1.2408,0.45784,5,3
20252026,2025030231,8477492,COL,F,1040,15,18,0.8497,0.97558,2,7
20252026,2025030231,8477501,COL,F,755,13,8,0.83173,0.73224,6,4
20252026,2025030231,8478038,COL,D,1393,27,21,1.96418,0.99735,9,6
20252026,2025030231,8478136,MIN,D,832,9,17,0.61862,1.39881,3,7
20252026,2025030231,8478462,COL,F,605,10,11,0.66365,0.58053,5,3
20252026,2025030231,8478508,MIN,F,700,9,10,0.34076,0.71817,2,4
20252026,2025030231,8478864,MIN,F,1116,18,11,1.35106,0.62896,10,2
20252026,2025030231,8479525,COL,F,593,11,10,0.93548,0.52848,6,2
20252026,2025030231,8480039,COL,F,1013,16,18,0.9535,1.01873,3,7
20252026,2025030231,8480069,COL,D,933,14,17,1.09009,1.0713,6,7
20252026,2025030231,8480448,COL,F,658,11,7,0.79382,0.3423,4,3
20252026,2025030231,8480800,MIN,D,1564,27,17,1.70976,0.98128,11,5
20252026,2025030231,8480835,COL,F,680,10,7,0.79832,0.35462,3,3
20252026,2025030231,8481186,COL,,744,11,6,1.19544,0.18828,5,2
20252026,2025030231,8481477,MIN,F,618,5,15,0.36964,1.51113,2,6
20252026,2025030231,8481557,MIN,F,1009,13,11,0.67595,0.68384,5,6
20252026,2025030231,8482094,MIN,D,786,5,16,0.10641,1.27442,1,7
20252026,2025030231,8482122,MIN,D,1401,26,19,1.53461,1.1511,10,4
20252026,2025030231,8483525,MIN,F,647,6,9,0.21821,0.58074,1,5
20252026,2025030231,8483565,COL,D,606,12,6,0.93496,0.57831,6,3
20252026,2025030231,8484258,COL,D,1058,15,13,1.09036,0.57647,5,4
20252026,2025030232,8470613,COL,D,823,6,9,0.29174,0.66441,1,3
20252026,2025030232,8473422,MIN,F,403,4,2,0.03177,0.02211,0,0
20252026,2025030232,8473507,MIN,D,521,7,3,0.44957,0.15972,2,1
20252026,2025030232,8474716,MIN,D,873,9,6,0.46393,0.36776,3,3
20252026,2025030232,8475149,MIN,F,614,10,5,0.65899,0.33436,4,2
20252026,2025030232,8475172,COL,F,671,4,5,0.17657,0.27147,0,2
20252026,2025030232,8475220,MIN,F,515,5,3,0.05125,0.12018,0,0
20252026,2025030232,8475692,MIN,F,749,8,7,0.59407,0.33815,4,3
20252026,2025030232,8475754,COL,F,851,4,10,0.20606,0.4377,1,3
20252026,2025030232,8475765,MIN,F,627,5,6,0.31261,0.24802,2,1
20252026,2025030232,8476455,COL,F,839,2,7,0.04562,0.3827,0,3
20252026,2025030232,8476967,COL,D,1011,7,12,0.32453,0.54515,1,4
20252026,2025030232,8477446,MIN,F,770,6,6,0.33294,0.24802,2,1
20252026,2025030232,8477451,MIN,F,739,9,6,0.57268,0.32185,4,3
20252026,2025030232,8477476,COL,F,789,9,11,0.46797,0.52061,4,4
20252026,2025030232,8477492,COL,F,886,9,11,0.46797,0.46225,4,3
20252026,2025030232,8477501,COL,F,746,3,9,0.07089,0.47086,0,4
20252026,2025030232,8478038,COL,D,935,11,10,0.56849,0.48475,4,4
20252026,2025030232,8478136,MIN,D,901,13,6,0.60123,0.32641,4,3
20252026,2025030232,8478462,COL,F,555,3,8,0.23007,0.51272,1,2
20252026,2025030232,8478508,MIN,F,690,5,5,0.20085,0.18651,1,1
20252026,2025030232,8478864,MIN,F,979,11,8,0.74798,0.43622,6,3
20252026,2025030232,8479525,COL,F,538,4,7,0.25534,0.24778,1,1
20252026,2025030232,8480039,COL,F,821,9,8,0.46797,0.30795,4,2
20252026,2025030232,8480069,COL,D,1056,10,9,0.48984,0.53017,4,3
20252026,2025030232,8480448,COL,F,443,4,3,0.14876,0.44505,1,2
20252026,2025030232,8480800,MIN,D,1224,11,11,0.60994,0.45172,4,2
20252026,2025030232,8480835,COL,F,397,4,4,0.19011,0.46538,1,2
20252026,2025030232,8481186,COL,,447,5,4,0.21027,0.32494,1,2
20252026,2025030232,8481477,MIN,F,479,4,2,0.044,0.02211,0,0
20252026,2025030232,8481557,MIN,F,814,10,6,0.65684,0.38722,4,2
20252026,2025030232,8482094,MIN,D,563,8,2,0.47244,0.13956,2,1
20252026,2025030232,8482122,MIN,D,1174,10,12,0.63583,0.51323,5,2
20252026,2025030232,8483525,MIN,F,496,10,4,0.64543,0.27285,3,2
20252026,2025030232,8483565,COL,D,424,2,4,0.13176,0.1888,1,1
20252026,2025030232,8484258,COL,D,936,4,14,0.15204,0.81966,1,5
20252026,2025030233,8470613,COL,D,784,15,4,0.39039,0.36158,3,1
20252026,2025030233,8473422,MIN,F,591,4,5,0.16632,0.08533,1,0
20252026,2025030233,8474567,MIN,D,728,7,13,0.51743,0.34506,4,2
20252026,2025030233,8474716,MIN,D,890,8,9,0.5363,0.28869,4,1
20252026,2025030233,8475149,MIN,F,552,12,5,0.57557,0.17666,4,1
20252026,2025030233,8475172,COL,F,1147,11,7,0.27126,0.55481,2,3
20252026,2025030233,8475220,MIN,F,541,4,6,0.16632,0.14364,1,1
20252026,2025030233,8475692,MIN,F,878,14,12,0.60263,0.63036,2,4
20252026,2025030233,8475754,COL,F,1013,5,12,0.15445,0.72749,1,5
20252026,2025030233,8475765,MIN,F,672,6,16,0.45133,0.41453,2,2
20252026,2025030233,8476455,COL,F,1093,18,9,0.85443,0.52864,4,3
20252026,2025030233,8476967,COL,D,895,8,11,0.22823,0.52741,1,4
20252026,2025030233,8477446,MIN,F,1032,5,11,0.28231,0.19264,2,1
20252026,2025030233,8477451,MIN,F,1112,16,15,0.68854,0.7641,3,4
20252026,2025030233,8477476,COL,F,762,5,14,0.11843,0.63035,1,3
20252026,2025030233,8477492,COL,F,1142,17,14,0.8052,0.62473,3,3
20252026,2025030233,8477501,COL,F,688,6,8,0.17265,0.52298,2,3
20252026,2025030233,8478038,COL,D,1034,18,15,0.85607,0.70899,4,3
20252026,2025030233,8478136,MIN,D,757,6,15,0.34385,0.47626,2,3
20252026,2025030233,8478462,COL,F,751,8,8,0.12438,0.56856,0,3
20252026,2025030233,8478508,MIN,F,654,3,14,0.32936,0.38987,1,2
20252026,2025030233,8478864,MIN,F,1166,15,15,0.64653,0.73368,3,4
20252026,2025030233,8479525,COL,F,465,6,2,0.07313,0.10691,0,0
20252026,2025030233,8480039,COL,F,1215,17,13,0.8052,0.6032,3,3
20252026,2025030233,8480069,COL,D,1454,19,15,0.86916,0.56862,4,2
20252026,2025030233,8480448,COL,F,447,10,4,0.36913,0.26454,3,1
20252026,2025030233,8480800,MIN,D,1405,18,17,0.91565,0.72268,4,3
20252026,2025030233,8480835,COL,F,440,7,2,0.21416,0.00987,2,0
20252026,2025030233,8481186,COL,,453,10,3,0.36913,0.02893,3,0
20252026,2025030233,8481477,MIN,F,484,3,4,0.12431,0.14355,1,0
20252026,2025030233,8481557,MIN,F,1386,9,5,0.49558,0.2069,3,2
20252026,2025030233,8482094,MIN,D,746,7,8,0.29059,0.29082,1,2
20252026,2025030233,8482122,MIN,D,1524,19,18,0.9294,0.76419,4,5
20252026,2025030233,8483525,MIN,F,769,8,12,0.62851,0.45029,3,3
20252026,2025030233,8483565,COL,D,474,8,6,0.18639,0.31389,2,2
20252026,2025030233,8484258,COL,D,1063,12,13,0.35746,0.96685,2,6
20252026,2025030234,8470613,COL,D,969,19,10,1.54838,0.94524,9,4
20252026,2025030234,8473422,MIN,F,468,10,7,1.01308,0.46603,4,2
20252026,2025030234,8474567,MIN,D,475,6,9,0.59509,0.63575,4,2
20252026,2025030234,8474716,MIN,D,707,4,17,0.33529,1.22519,1,7
20252026,2025030234,8475149,MIN,F,544,1,14,0.00219,0.97904,0,8
20252026,2025030234,8475172,COL,F,792,12,11,0.89945,1.36726,6,7
20252026,2025030234,8475220,MIN,F,506,9,8,1.00092,0.34635,4,2
20252026,2025030234,8475692,MIN,F,989,4,14,0.15209,1.24657,1,9
20252026,2025030234,8475754,COL,F,788,20,7,1.52708,0.34037,10,3
20252026,2025030234,8475765,MIN,F,549,7,7,0.57107,0.24635,4,1
20252026,2025030234,8476312,COL,D,770,12,7,0.74486,0.76397,4,5
20252026,2025030234,8476455,COL,F,937,8,5,0.68109,0.14177,5,0
20252026,2025030234,8476967,COL,D,1012,17,5,1.3228,0.09793,8,0
20252026,2025030234,8477446,MIN,F,734,9,7,0.61629,0.51545,4,2
20252026,2025030234,8477451,MIN,F,1145,8,15,0.69384,1.11735,3,8
20252026,2025030234,8477492,COL,F,982,9,5,0.64443,0.13714,4,0
20252026,2025030234,8477501,COL,F,937,16,12,1.01275,1.50375,8,9
20252026,2025030234,8478038,COL,D,1393,23,8,1.48206,0.23477,11,2
20252026,2025030234,8478136,MIN,D,621,8,12,0.63167,0.95033,5,3
20252026,2025030234,8478462,COL,F,585,15,6,1.48786,0.25701,9,2
20252026,2025030234,8478508,MIN,F,630,8,6,0.61919,0.32944,4,0
20252026,2025030234,8478864,MIN,F,1193,5,16,0.24957,1.33252,2,8
20252026,2025030234,8479525,COL,F,454,14,5,1.28511,0.19706,7,1
20252026,2025030234,8480039,COL,F,1050,10,8,0.73268,0.64467,5,2
20252026,2025030234,8480069,COL,D,1198,14,6,0.97738,0.1267,6,1
20252026,2025030234,8480448,COL,F,393,6,2,0.23156,0.03614,0,0
20252026,2025030234,8480800,MIN,D,1753,12,20,0.88089,1.41151,4,11
20252026,2025030234,8480835,COL,F,392,6,2,0.23156,0.03614,0,0
20252026,2025030234,8481186,COL,,764,13,7,0.78766,0.93871,6,6
20252026,2025030234,8481477,MIN,F,429,7,7,0.56859,0.3356,3,2
20252026,2025030234,8481557,MIN,F,1094,4,18,0.14933,1.55556,1,10
20252026,2025030234,8481641,COL,F,447,6,2,0.23156,0.03614,0,0
20252026,2025030234,8482072,COL,,395,5,12,0.42638,1.58883,2,8
20252026,2025030234,8482094,MIN,D,665,4,14,0.33529,1.02327,1,7
20252026,2025030234,8482122,MIN,D,1418,14,18,0.97921,1.25581,5,10
20252026,2025030234,8483525,MIN,F,557,0,16,0.0,1.28253,0,8
20252026,2025030235,8470613,COL,D,1007,20,15,0.80253,0.89392,5,6
20252026,2025030235,8473422,MIN,F,730,4,6,0.3576,0.58548,2,5
20252026,2025030235,8473507,MIN,D,520,5,6,0.36159,0.53058,2,3
20252026,2025030235,8474716,MIN,D,1187,5,20,0.28155,1.08381,3,6
20252026,2025030235,8475149,MIN,F,763,11,8,0.44173,0.54013,3,5
20252026,2025030235,8475172,COL,F,842,9,5,0.46127,0.27923,3,1
20252026,2025030235,8475220,MIN,F,719,3,6,0.22837,0.55276,1,4
20252026,2025030235,8475692,MIN,F,973,5,22,0.32946,1.09604,3,4
20252026,2025030235,8475754,COL,F,820,9,8,0.79551,0.38806,5,3
20252026,2025030235,8475765,MIN,F,575,5,10,0.17339,0.65268,1,4
20252026,2025030235,8476312,COL,D,1038,13,4,0.67011,0.06898,5,1
20252026,2025030235,8476455,COL,F,1262,22,8,1.25592,0.25993,6,2
20252026,2025030235,8476967,COL,D,1433,21,15,1.29974,0.87147,9,5
20252026,2025030235,8477446,MIN,F,802,12,11,0.48008,0.75534,3,6
20252026,2025030235,8477451,MIN,F,930,3,16,0.27477,0.74871,2,2
20252026,2025030235,8477492,COL,F,1153,21,5,1.24165,0.22458,6,2
20252026,2025030235,8477501,COL,F,808,11,5,0.57244,0.27923,4,1
20252026,2025030235,8478038,COL,D,1564,25,9,1.76081,0.42439,10,3
20252026,2025030235,8478136,MIN,D,1220,7,20,0.53835,1.08948,4,6
20252026,2025030235,8478462,COL,F,772,12,8,0.87775,0.38657,5,3
20252026,2025030235,8478508,MIN,F,717,6,13,0.18698,0.76135,1,5
20252026,2025030235,8478864,MIN,F,1151,6,22,0.48345,1.1007,4,4
20252026,2025030235,8479525,COL,F,731,8,7,0.76163,0.38382,5,3
20252026,2025030235,8480039,COL,F,1189,20,5,1.20904,0.11224,6,1
20252026,2025030235,8480069,COL,D,1295,19,7,1.37669,0.2061,7,2
20252026,2025030235,8480448,COL,F,508,9,7,0.37532,0.43507,3,3
20252026,2025030235,8480800,MIN,D,1543,15,23,0.67048,1.32606,4,9
20252026,2025030235,8480835,COL,F,573,9,7,0.43534,0.42175,4,3
20252026,2025030235,8481186,COL,,726,8,6,0.49986,0.42936,4,2
20252026,2025030235,8481477,MIN,F,730,5,6,0.36977,0.42661,2,4
20252026,2025030235,8481557,MIN,F,1027,13,11,0.5226,0.62074,4,5
20252026,2025030235,8481641,COL,F,527,9,7,0.37909,0.42175,3,3
20252026,2025030235,8482072,COL,,215,0,2,0.0,0.2162,0,1
20252026,2025030235,8482094,MIN,D,476,3,6,0.11779,0.5394,1,3
20252026,2025030235,8482122,MIN,D,1604,17,23,0.7113,1.34055,4,9
20252026,2025030235,8483525,MIN,F,728,5,16,0.17339,1.02428,1,6
20252026,2025030241,8473986,ANA,F,805,6,7,0.29513,0.12541,1,0
20252026,2025030241,8474590,ANA,D,1057,11,10,0.90193,0.35546,6,2
20252026,2025030241,8475184,ANA,F,760,15,5,1.03877,0.49662,5,3
20252026,2025030241,8475188,VGK,D,1132,8,18,0.50602,0.90278,3,3
20252026,2025030241,8475343,VGK,F,612,7,10,0.28726,0.7301,1,3
20252026,2025030241,8475798,ANA,F,886,6,8,0.41726,0.12732,1,0
20252026,2025030241,8475913,VGK,F,775,9,9,0.38054,0.64814,2,4
20252026,2025030241,8476448,VGK,F,570,7,9,0.5035,0.41138,3,3
20252026,2025030241,8476881,VGK,F,517,6,5,0.39259,0.16169,2,1
20252026,2025030241,8476885,ANA,D,1016,22,13,1.15361,0.73235,5,3
20252026,2025030241,8476925,VGK,F,597,7,15,0.27834,0.98953,1,5
20252026,2025030241,8477018,VGK,D,465,10,7,0.41026,0.37934,1,2
20252026,2025030241,8477447,VGK,D,1052,12,15,0.64567,0.55804,3,2
20252026,2025030241,8477964,VGK,F,810,6,11,0.3363,0.49662,1,1
20252026,2025030241,8478396,VGK,D,960,8,14,0.46199,1.05578,3,7
20252026,2025030241,8478397,VGK,D,1012,11,16,0.64268,1.27368,4,8
20252026,2025030241,8478403,VGK,F,834,6,9,0.3363,0.47037,1,2
20252026,2025030241,8478434,VGK,F,543,7,7,0.51242,0.29211,3,2
20252026,2025030241,8478483,VGK,F,714,9,10,0.38054,0.69606,2,4
20252026,2025030241,8478873,ANA,F,875,18,6,1.29333,0.52037,7,3
20252026,2025030241,8479353,VGK,F,623,8,7,0.37901,0.60227,2,4
20252026,2025030241,8479705,ANA,F,674,9,13,0.45152,0.58447,3,2
20252026,2025030241,8480068,ANA,F,410,6,3,0.27933,0.29919,2,2
20252026,2025030241,8481527,VGK,D,666,11,8,0.46102,0.57662,1,3
20252026,2025030241,8481563,ANA,D,408,5,6,0.25237,0.41979,1,2
20252026,2025030241,8481604,VGK,F,645,6,7,0.3363,0.37813,1,1
20252026,2025030241,8481605,ANA,D,1285,23,12,1.27706,0.7683,5,3
20252026,2025030241,8482062,VGK,F,553,7,13,0.28726,0.91691,1,5
20252026,2025030241,8482178,ANA,D,517,7,11,0.31175,0.55039,2,2
20252026,2025030241,8482731,ANA,,389,6,3,0.33312,0.3301,2,2
20252026,2025030241,8482745,ANA,F,406,6,4,0.27933,0.3011,2,2
20252026,2025030241,8483445,ANA,F,637,11,6,0.65563,0.25958,3,1
20252026,2025030241,8483490,ANA,D,952,9,14,0.69773,0.4092,5,2
20252026,2025030241,8484153,ANA,F,889,17,7,1.13958,0.53069,6,3
20252026,2025030241,8484762,ANA,F,772,4,6,0.29036,0.17726,1,1
20252026,2025030241,8485512,ANA,F,517,9,11,0.47174,0.5504,3,2
20252026,2025030242,8473986,ANA,F,791,16,3,0.76985,0.07664,5,0
20252026,2025030242,8474590,ANA,D,994,18,12,1.0501,0.62995,7,2
20252026,2025030242,8475184,ANA,F,764,6,7,0.40096,0.43767,2,2
20252026,2025030242,8475188,VGK,D,878,7,9,0.53384,0.54439,3,4
20252026,2025030242,8475343,VGK,F,596,4,8,0.07594,0.72634,0,5
20252026,2025030242,8475798,ANA,F,783,16,1,0.76985,0.07427,5,0
20252026,2025030242,8475913,VGK,F,865,8,7,0.62567,0.36611,3,2
20252026,2025030242,8476448,VGK,F,628,2,7,0.23687,0.48906,1,3
20252026,2025030242,8476881,VGK,F,534,3,7,0.35676,0.48673,1,3
20252026,2025030242,8476885,ANA,D,1145,7,11,0.47511,0.98468,3,4
20252026,2025030242,8476925,VGK,F,519,6,7,0.40026,0.63192,1,5
20252026,2025030242,8477018,VGK,D,624,6,6,0.52174,0.4838,2,4
20252026,2025030242,8477447,VGK,D,1018,9,10,0.61666,0.58952,3,4
20252026,2025030242,8477527,ANA,F,478,4,9,0.32119,0.85429,3,3
20252026,2025030242,8477964,VGK,F,882,10,10,0.55714,0.32003,2,2
20252026,2025030242,8478396,VGK,D,1023,10,14,0.56238,0.91982,1,5
20252026,2025030242,8478397,VGK,D,1052,10,14,0.53426,0.7593,1,4
20252026,2025030242,8478403,VGK,F,916,10,9,0.60204,0.39001,2,3
20252026,2025030242,8478424,ANA,F,541,3,11,0.21637,1.0038,2,4
20252026,2025030242,8478434,VGK,F,463,1,7,0.03244,0.36852,0,2
20252026,2025030242,8478483,VGK,F,769,7,7,0.61057,0.58704,3,3
20252026,2025030242,8478873,ANA,F,783,8,6,0.71143,0.39389,4,2
20252026,2025030242,8479353,VGK,F,716,8,7,0.66604,0.56745,3,3
20252026,2025030242,8479705,ANA,F,499,4,4,0.50114,0.15317,3,0
20252026,2025030242,8480068,ANA,F,572,4,5,0.3508,0.27709,3,1
20252026,2025030242,8481527,VGK,D,632,6,7,0.52174,0.68945,2,5
20252026,2025030242,8481563,ANA,D,541,5,1,0.46793,0.03068,3,0
20252026,2025030242,8481604,VGK,F,669,10,7,0.70683,0.41429,2,3
20252026,2025030242,8481605,ANA,D,1109,7,13,0.37244,0.94363,2,3
20252026,2025030242,8482062,VGK,F,546,3,7,0.06537,0.63192,0,5
20252026,2025030242,8482731,ANA,,556,6,1,0.48524,0.03068,3,0
20252026,2025030242,8483445,ANA,F,771,15,4,0.74116,0.14992,5,0
20252026,2025030242,8483490,ANA,D,975,17,10,1.13546,0.671,8,3
20252026,2025030242,8484153,ANA,F,777,8,8,0.71143,0.41407,4,2
20252026,2025030242,8484762,ANA,F,474,4,3,0.32418,0.0977,2,0
20252026,2025030242,8485512,ANA,F,673,2,11,0.16106,1.00342,1,4
20252026,2025030243,8473986,ANA,F,820,13,8,0.4858,0.75918,2,6
20252026,2025030243,8474590,ANA,D,1116,9,9,0.28283,0.71407,1,5
20252026,2025030243,8475184,ANA,F,916,8,8,0.47127,0.51715,3,3
20252026,2025030243,8475188,VGK,D,1086,15,9,1.8838,0.36482,11,3
20252026,2025030243,8475343,VGK,F,751,7,9,0.54672,0.40985,3,2
20252026,2025030243,8475798,ANA,F,838,12,6,0.43,0.48534,2,4
20252026,2025030243,8475913,VGK,F,208,3,3,0.25469,0.30237,2,1
20252026,2025030243,8476448,VGK,F,986,7,8,0.65612,0.21461,3,0
20252026,2025030243,8476881,VGK,F,567,2,5,0.22329,0.25631,2,2
20252026,2025030243,8476885,ANA,D,1141,21,11,1.01111,0.90525,4,6
20252026,2025030243,8476925,VGK,F,831,7,10,0.60053,0.47334,3,3
20252026,2025030243,8477018,VGK,D,930,8,14,0.60257,0.43989,5,1
20252026,2025030243,8477447,VGK,D,1100,16,12,1.80995,0.40233,10,3
20252026,2025030243,8477527,ANA,F,640,8,2,0.42182,0.31979,1,1
20252026,2025030243,8477964,VGK,F,871,14,14,1.57209,0.78359,9,3
20252026,2025030243,8478396,VGK,D,1034,8,11,0.60963,0.79412,3,3
20252026,2025030243,8478397,VGK,D,1034,7,13,0.50903,0.82117,2,3
20252026,2025030243,8478403,VGK,F,1015,17,17,1.77894,0.88799,11,4
20252026,2025030243,8478424,ANA,F,615,8,5,0.40407,0.2651,1,1
20252026,2025030243,8478434,VGK,F,651,2,5,0.07078,0.18303,1,1
20252026,2025030243,8478483,VGK,F,1066,10,10,0.93612,0.29889,5,1
20252026,2025030243,8478873,ANA,F,1011,9,13,0.51297,1.64518,3,9
20252026,2025030243,8479353,VGK,F,897,8,11,0.67815,0.32922,4,1
20252026,2025030243,8479639,VGK,,917,10,12,0.62932,0.3991,5,1
20252026,2025030243,8479705,ANA,F,646,7,8,0.24699,0.43368,1,3
20252026,2025030243,8480068,ANA,F,854,5,13,0.24897,1.6091,1,9
20252026,2025030243,8481563,ANA,D,665,5,11,0.30301,1.40093,2,7
20252026,2025030243,8481604,VGK,F,764,11,11,1.2004,0.44165,8,1
20252026,2025030243,8481605,ANA,D,1252,23,13,1.05449,0.98595,4,6
20252026,2025030243,8482062,VGK,F,667,8,6,0.54862,0.32712,3,2
20252026,2025030243,8482731,ANA,,773,6,10,0.23522,1.47478,1,8
20252026,2025030243,8483445,ANA,F,820,8,10,0.31399,1.44052,1,7
20252026,2025030243,8483490,ANA,D,1047,8,9,0.3651,0.56142,2,4
20252026,2025030243,8484153,ANA,F,978,10,9,0.53134,0.67958,3,4
20252026,2025030243,8484762,ANA,F,859,11,11,0.39485,0.6656,2,6
20252026,2025030243,8485512,ANA,F,567,9,4,0.41557,0.24813,1,1
20252026,2025030244,8473986,ANA,F,947,6,8,0.46699,0.58692,1,3
20252026,2025030244,8474590,ANA,D,1050,10,4,0.31161,0.06545,0,0
20252026,2025030244,8475184,ANA,F,694,2,5,0.07458,0.29409,0,1
20252026,2025030244,8475188,VGK,D,876,8,7,0.39524,0.56349,1,3
20252026,2025030244,8475343,VGK,F,765,3,18,0.3922,0.92774,2,3
20252026,2025030244,8475798,ANA,F,909,6,10,0.54108,0.62807,2,3
20252026,2025030244,8476438,VGK,F,391,4,8,0.30086,0.34375,1,1
20252026,2025030244,8476448,VGK,F,900,6,5,0.45077,0.33581,2,1
20252026,2025030244,8476881,VGK,F,625,4,5,0.30086,0.29592,1,1
20252026,2025030244,8476885,ANA,D,1316,13,11,1.05542,0.86816,5,4
20252026,2025030244,8476925,VGK,F,617,3,9,0.3922,0.43449,2,1
20252026,2025030244,8477018,VGK,D,853,4,9,0.63519,0.38349,4,0
20252026,2025030244,8477447,VGK,D,1116,11,8,0.49372,0.57569,1,3
20252026,2025030244,8477527,ANA,F,674,6,4,0.20957,0.46615,1,2
20252026,2025030244,8477964,VGK,F,774,7,4,0.26131,0.15377,1,0
20252026,2025030244,8478396,VGK,D,1045,5,14,0.28351,0.68606,1,2
20252026,2025030244,8478397,VGK,D,884,4,13,0.25757,0.67386,1,2
20252026,2025030244,8478403,VGK,F,928,7,4,0.30483,0.11893,1,0
20252026,2025030244,8478434,VGK,F,406,2,12,0.23233,0.62914,1,2
20252026,2025030244,8478483,VGK,F,1128,8,5,0.56386,0.42379,2,2
20252026,2025030244,8478873,ANA,F,731,5,3,0.14342,0.38156,0,2
20252026,2025030244,8479353,VGK,F,818,5,4,0.38859,0.30022,2,1
20252026,2025030244,8479639,VGK,,812,5,9,0.64555,0.38349,4,0
20252026,2025030244,8479705,ANA,F,684,4,6,0.17719,0.29617,1,1
20252026,2025030244,8480068,ANA,F,590,16,2,0.8819,0.04893,3,0
20252026,2025030244,8481604,VGK,F,867,6,2,0.24161,0.10026,1,0
20252026,2025030244,8481605,ANA,D,1293,13,10,0.94405,0.6965,4,3
20252026,2025030244,8482062,VGK,F,640,3,14,0.3922,0.8353,2,3
20252026,2025030244,8482178,ANA,D,479,7,4,0.26601,0.45287,0,2
20252026,2025030244,8482745,ANA,F,506,16,2,0.8819,0.03932,3,0
20252026,2025030244,8482803,ANA,D,628,9,6,0.46105,0.64319,1,3
20252026,2025030244,8483445,ANA,F,568,16,1,0.8819,0.03056,3,0
20252026,2025030244,8483490,ANA,D,929,8,3,0.22794,0.04679,0,0
20252026,2025030244,8484153,ANA,F,717,2,2,0.07458,0.18972,0,1
20252026,2025030244,8484762,ANA,F,757,5,7,0.43053,0.64116,1,3
20252026,2025030244,8485512,ANA,F,794,6,7,0.13548,0.55679,0,2
20252026,2025030245,8473986,ANA,F,1032,9,11,0.42761,0.59218,1,2
20252026,2025030245,8474590,ANA,D,1313,25,19,1.08111,1.19153,6,5
20252026,2025030245,8475184,ANA,F,707,10,9,0.41747,0.41631,4,2
20252026,2025030245,8475188,VGK,D,197,0,2,0.0,0.07801,0,1
20252026,2025030245,8475343,VGK,F,482,6,3,0.34943,0.14221,3,0
20252026,2025030245,8475798,ANA,F,1080,13,15,0.55093,0.88063,1,5
20252026,2025030245,8476438,VGK,F,626,11,10,0.67418,0.72554,4,5
20252026,2025030245,8476448,VGK,F,875,10,21,0.83612,0.65302,3,3
20252026,2025030245,8476881,VGK,F,756,12,9,0.91897,0.70454,5,5
20252026,2025030245,8476885,ANA,D,1301,21,15,1.16138,1.05804,8,4
20252026,2025030245,8476925,VGK,F,766,12,10,0.70651,0.54388,4,3
20252026,2025030245,8477018,VGK,D,1035,20,19,1.53829,0.99722,9,6
20252026,2025030245,8477447,VGK,D,1469,19,20,1.12218,0.72557,7,3
20252026,2025030245,8477527,ANA,F,560,3,10,0.09603,0.83701,1,3
20252026,2025030245,8477964,VGK,F,966,14,14,0.70449,0.74742,2,6
20252026,2025030245,8478396,VGK,D,1366,20,18,1.31785,1.0717,4,7
20252026,2025030245,8478397,VGK,D,1289,19,21,1.48255,1.01859,7,7
20252026,2025030245,8478403,VGK,F,1080,16,14,0.85723,0.78663,3,6
20252026,2025030245,8478434,VGK,F,632,9,8,0.76087,0.44103,5,2
20252026,2025030245,8478483,VGK,F,951,10,19,0.82221,0.68579,3,4
20252026,2025030245,8478873,ANA,F,674,8,7,0.31679,0.30624,3,2
20252026,2025030245,8479353,VGK,F,922,10,20,0.82221,0.67123,3,3
20252026,2025030245,8479639,VGK,,982,10,14,0.46263,0.68171,1,4
20252026,2025030245,8479705,ANA,F,741,10,12,0.61412,0.91321,5,3
20252026,2025030245,8480068,ANA,F,140,4,3,0.26329,0.28334,2,1
20252026,2025030245,8481604,VGK,F,783,13,10,0.67216,0.6157,2,5
20252026,2025030245,8481605,ANA,D,1536,23,19,1.26576,1.49829,9,7
20252026,2025030245,8482062,VGK,F,566,9,3,0.76087,0.14221,5,0
20252026,2025030245,8482178,ANA,D,510,1,10,0.04391,0.71218,0,5
20252026,2025030245,8482745,ANA,F,699,20,10,1.00737,0.95699,7,6
20252026,2025030245,8482803,ANA,D,847,10,10,0.47785,0.4764,2,2
20252026,2025030245,8483445,ANA,F,1002,27,17,1.46098,1.28003,9,6
20252026,2025030245,8483490,ANA,D,742,13,15,0.48619,0.98706,3,5
20252026,2025030245,8484153,ANA,F,914,12,8,0.63778,0.38313,4,2
20252026,2025030245,8484762,ANA,F,1153,13,13,0.54992,0.85437,1,5
20252026,2025030245,8485512,ANA,F,866,13,17,0.57351,1.18181,4,5
20252026,2025030246,8473986,ANA,F,1067,13,16,1.02015,1.2138,4,6
20252026,2025030246,8474590,ANA,D,1149,21,6,1.55313,0.40098,10,2
20252026,2025030246,8475184,ANA,F,773,7,4,0.54141,0.12703,3,0
20252026,2025030246,8475343,VGK,F,693,3,7,0.19492,0.38865,1,1
20252026,2025030246,8475798,ANA,F,1294,20,13,1.71391,1.01354,10,5
20252026,2025030246,8476438,VGK,F,405,11,6,0.79117,0.3622,4,2
20252026,2025030246,8476448,VGK,F,888,7,18,0.91046,1.30698,4,8
20252026,2025030246,8476881,VGK,F,495,9,7,0.49304,0.48871,2,3
20252026,2025030246,8476885,ANA,D,1228,13,20,0.72638,1.74367,3,7
20252026,2025030246,8476925,VGK,F,541,8,5,0.62171,0.27017,3,1
20252026,2025030246,8477018,VGK,D,670,5,8,0.34343,0.73072,2,4
20252026,2025030246,8477447,VGK,D,1312,17,14,1.53237,0.68921,6,4
20252026,2025030246,8477527,ANA,F,489,6,5,0.14566,0.61732,1,2
20252026,2025030246,8477964,VGK,F,921,8,13,0.47647,0.76863,2,5
20252026,2025030246,8478396,VGK,D,1283,8,15,0.54613,0.94456,3,5
20252026,2025030246,8478397,VGK,D,1253,9,15,0.60804,0.94456,3,5
20252026,2025030246,8478403,VGK,F,1076,11,6,0.82335,0.19331,4,1
20252026,2025030246,8478424,ANA,F,364,3,4,0.12374,0.60913,1,2
20252026,2025030246,8478434,VGK,F,562,5,11,0.3633,0.5026,2,2
20252026,2025030246,8478483,VGK,F,992,8,10,0.92841,0.83185,4,5
20252026,2025030246,8478873,ANA,F,1101,12,8,1.22851,0.68771,6,4
20252026,2025030246,8479353,VGK,F,847,8,10,0.92841,0.83185,4,5
20252026,2025030246,8479639,VGK,,1064,15,14,1.43842,0.68921,6,4
20252026,2025030246,8479705,ANA,F,598,10,4,0.6019,0.21609,5,1
20252026,2025030246,8481527,VGK,D,551,4,8,0.31139,0.73072,2,4
20252026,2025030246,8481604,VGK,F,957,8,11,0.47647,0.75987,2,5
20252026,2025030246,8481605,ANA,D,1509,18,18,0.92876,1.64494,4,7
20252026,2025030246,8482062,VGK,F,541,1,7,0.16196,0.38865,1,1
20252026,2025030246,8482178,ANA,D,507,3,3,0.08498,0.24524,0,2
20252026,2025030246,8482745,ANA,F,545,6,8,0.13162,0.63308,0,4
20252026,2025030246,8482803,ANA,D,710,14,2,1.13094,0.18099,8,1
20252026,2025030246,8483445,ANA,F,799,8,8,0.45851,0.59297,2,3
20252026,2025030246,8483490,ANA,D,748,3,9,0.03347,0.56396,0,3
20252026,2025030246,8484153,ANA,F,860,9,3,0.61596,0.18737,3,1
20252026,2025030246,8484762,ANA,F,1034,12,8,0.54497,0.49189,4,2
20252026,2025030246,8485512,ANA,F,792,7,6,0.23845,0.77974,1,3
20252026,2025030311,8473533,CAR,F,645,11,1,0.75448,0.00091,4,0
20252026,2025030311,8475791,CAR,F,906,11,9,0.77038,0.88693,4,5
20252026,2025030311,8476479,MTL,F,825,3,14,0.19491,0.97875,1,4
20252026,2025030311,8476873,CAR,F,641,4,5,0.44029,0.4098,3,1
20252026,2025030311,8476875,MTL,D,1112,9,11,0.69574,0.96349,3,6
20252026,2025030311,8476906,CAR,D,1046,9,3,0.43867,0.20259,1,1
20252026,2025030311,8476921,CAR,F,687,12,3,0.76511,0.06133,4,0
20252026,2025030311,8476958,CAR,D,966,15,12,1.0418,1.2954,6,7
20252026,2025030311,8476981,MTL,F,757,3,11,0.19491,0.8345,1,4
20252026,2025030311,8477478,CAR,F,566,5,3,0.44971,0.37358,3,1
20252026,2025030311,8477940,CAR,F,793,13,2,0.80297,0.03577,4,0
20252026,2025030311,8478133,MTL,F,842,5,10,0.51441,0.85844,2,5
20252026,2025030311,8478427,CAR,F,887,13,10,0.83174,0.91805,4,4
20252026,2025030311,8478851,MTL,D,910,6,14,0.99458,0.70121,5,2
20252026,2025030311,8478970,CAR,D,900,14,12,1.03117,1.2954,6,7
20252026,2025030311,8480018,MTL,F,868,13,10,1.25756,0.65133,6,4
20252026,2025030311,8480074,MTL,F,714,2,11,0.17967,0.8345,1,4
20252026,2025030311,8480336,CAR,D,1050,18,9,1.37433,0.88713,8,3
20252026,2025030311,8480762,CAR,F,586,4,4,0.44029,0.38424,3,1
20252026,2025030311,8480817,CAR,D,1032,18,9,1.40848,0.88713,8,3
20252026,2025030311,8480830,CAR,F,757,12,9,0.82111,1.06328,4,5
20252026,2025030311,8480865,MTL,D,1024,11,9,0.73033,0.7743,3,5
20252026,2025030311,8481523,MTL,F,582,4,8,0.43348,0.50727,2,2
20252026,2025030311,8481540,MTL,F,763,13,10,1.43171,0.62065,7,4
20252026,2025030311,8481593,MTL,D,850,8,18,1.07232,1.18407,5,6
20252026,2025030311,8481618,MTL,F,816,4,12,0.32502,0.88175,1,5
20252026,2025030311,8482087,MTL,D,940,5,12,0.58247,0.75487,3,3
20252026,2025030311,8482093,CAR,F,793,12,8,0.82111,0.85763,4,4
20252026,2025030311,8482100,CAR,D,888,8,3,0.39389,0.20259,1,1
20252026,2025030311,8482702,CAR,F,884,13,9,0.81766,1.08192,4,6
20252026,2025030311,8482737,MTL,F,628,4,8,0.43348,0.50727,2,2
20252026,2025030311,8482775,MTL,F,539,4,8,0.43348,0.39694,2,2
20252026,2025030311,8482809,CAR,F,937,13,9,0.81766,1.08192,4,6
20252026,2025030311,8483457,MTL,D,1071,9,18,0.6948,1.3104,3,8
20252026,2025030311,8483515,MTL,F,883,12,12,1.24232,0.64396,6,4
20252026,2025030311,8484984,MTL,F,641,5,9,0.51441,0.81715,2,5
20252026,2025030312,8473533,CAR,F,708,7,5,0.57969,0.28699,4,1
20252026,2025030312,8475791,CAR,F,804,4,3,0.40683,0.42323,2,3
20252026,2025030312,8476479,MTL,F,723,6,12,0.8573,0.74318,5,5
20252026,2025030312,8476873,CAR,F,687,10,5,0.46595,0.27887,5,2
20252026,2025030312,8476875,MTL,D,931,2,14,0.1003,0.85366,0,6
20252026,2025030312,8476906,CAR,D,826,10,6,0.3224,0.54923,0,3
20252026,2025030312,8476921,CAR,F,783,8,5,0.41179,0.25562,3,1
20252026,2025030312,8476958,CAR,D,1092,15,6,0.88717,0.28917,7,1
20252026,2025030312,8476981,MTL,F,733,7,10,0.96232,0.66403,6,5
20252026,2025030312,8477478,CAR,F,495,8,4,0.30864,0.29057,3,2
20252026,2025030312,8477940,CAR,F,1028,9,6,0.53502,0.28917,4,1
20252026,2025030312,8478133,MTL,F,926,5,8,0.38733,0.22879,2,2
20252026,2025030312,8478427,CAR,F,911,12,4,0.46498,0.48968,2,2
20252026,2025030312,8478851,MTL,D,1069,7,10,0.76532,0.33548,4,2
20252026,2025030312,8478970,CAR,D,1154,13,6,0.84563,0.28917,7,1
20252026,2025030312,8480018,MTL,F,936,6,8,0.39201,0.49452,2,4
20252026,2025030312,8480074,MTL,F,667,6,9,0.75924,0.60887,5,4
20252026,2025030312,8480336,CAR,D,1068,11,6,0.56794,0.75927,5,5
20252026,2025030312,8480762,CAR,F,511,10,4,0.47608,0.20522,5,1
20252026,2025030312,8480817,CAR,D,1228,10,6,0.57902,0.75927,5,5
20252026,2025030312,8480830,CAR,F,822,13,5,0.50449,0.5947,3,3
20252026,2025030312,8480865,MTL,D,1255,8,16,0.58271,1.05178,3,8
20252026,2025030312,8481523,MTL,F,586,1,6,0.0555,0.28849,0,1
20252026,2025030312,8481540,MTL,F,853,6,7,0.30284,0.40005,1,3
20252026,2025030312,8481593,MTL,D,606,2,5,0.23379,0.22871,2,1
20252026,2025030312,8481618,MTL,F,920,4,8,0.27701,0.22879,2,2
20252026,2025030312,8482087,MTL,D,997,10,9,0.89196,0.2733,5,1
20252026,2025030312,8482093,CAR,F,923,10,5,0.35591,0.5947,1,3
20252026,2025030312,8482100,CAR,D,709,9,6,0.3078,0.54923,0,3
20252026,2025030312,8482702,CAR,F,835,5,4,0.24436,0.54213,1,4
20252026,2025030312,8482737,MTL,F,684,2,9,0.16411,0.4228,1,2
20252026,2025030312,8482775,MTL,F,528,2,7,0.16411,0.38296,1,2
20252026,2025030312,8482809,CAR,F,898,6,4,0.5112,0.54213,3,4
20252026,2025030312,8483457,MTL,D,1245,6,14,0.60541,0.76703,4,6
20252026,2025030312,8483515,MTL,F,908,6,10,0.30284,0.57367,1,4
20252026,2025030312,8484984,MTL,F,815,4,8,0.18425,0.22879,1,2
20252026,2025030313,8473533,CAR,F,839,6,5,0.23416,0.12793,1,0
20252026,2025030313,8475791,CAR,F,698,9,7,1.01913,0.50501,4,3
20252026,2025030313,8476479,MTL,F,665,4,13,0.23828,1.02877,1,4
20252026,2025030313,8476873,CAR,F,573,5,5,0.19209,0.18095,1,0
20252026,2025030313,8476875,MTL,D,1007,8,8,0.37259,0.20466,1,0
20252026,2025030313,8476906,CAR,D,831,12,6,0.65332,0.40293,3,2
20252026,2025030313,8476921,CAR,F,800,7,5,0.38409,0.12793,2,0
20252026,2025030313,8476958,CAR,D,988,6,10,0.28969,0.40706,1,3
20252026,2025030313,8476981,MTL,F,736,2,15,0.16743,1.06368,1,4
20252026,2025030313,8477478,CAR,F,523,3,4,0.17065,0.16928,1,0
20252026,2025030313,8477940,CAR,F,832,9,5,0.28002,0.12793,1,0
20252026,2025030313,8478133,MTL,F,843,3,7,0.18009,0.6587,0,3
20252026,2025030313,8478427,CAR,F,822,9,3,0.68101,0.13508,3,2
20252026,2025030313,8478851,MTL,D,892,6,18,0.30692,1.74365,1,7
20252026,2025030313,8478970,CAR,D,998,8,10,0.29051,0.40706,1,3
20252026,2025030313,8480018,MTL,F,1001,9,8,0.48629,0.26214,4,0
20252026,2025030313,8480074,MTL,F,652,4,13,0.23828,1.0189,1,4
20252026,2025030313,8480336,CAR,D,1079,15,4,1.43206,0.18019,5,0
20252026,2025030313,8480762,CAR,F,536,6,4,0.20369,0.16928,1,0
20252026,2025030313,8480813,MTL,F,476,4,4,0.08552,0.31628,0,2
20252026,2025030313,8480817,CAR,D,1080,13,3,1.485,0.13141,6,0
20252026,2025030313,8480830,CAR,F,794,11,4,0.79609,0.18796,3,2
20252026,2025030313,8480865,MTL,D,903,9,5,0.42396,0.13878,3,0
20252026,2025030313,8481523,MTL,F,425,5,3,0.10759,0.30468,0,2
20252026,2025030313,8481540,MTL,F,808,8,7,0.43341,0.16394,4,0
20252026,2025030313,8481593,MTL,D,764,4,4,0.2079,0.25209,1,2
20252026,2025030313,8481618,MTL,F,810,4,7,0.23297,0.73359,0,3
20252026,2025030313,8482087,MTL,D,1031,10,24,0.52698,1.90278,4,7
20252026,2025030313,8482093,CAR,F,762,8,4,0.53685,0.18796,2,2
20252026,2025030313,8482100,CAR,D,804,10,7,0.3812,0.45171,2,2
20252026,2025030313,8482702,CAR,F,712,12,7,1.15863,0.54622,4,3
20252026,2025030313,8482737,MTL,F,480,5,3,0.1343,0.30468,0,2
20252026,2025030313,8482809,CAR,F,801,11,7,1.14126,0.50501,4,3
20252026,2025030313,8483457,MTL,D,1164,4,6,0.19489,0.31129,0,2
20252026,2025030313,8483515,MTL,F,936,8,8,0.43341,0.26214,4,0
20252026,2025030313,8484984,MTL,F,906,3,7,0.18009,0.6587,0,3
20252026,2025030314,8473533,CAR,F,839,13,3,1.37828,0.17162,5,1
20252026,2025030314,8475791,CAR,F,729,24,2,2.33267,0.0662,9,0
20252026,2025030314,8476479,MTL,F,713,5,16,0.08903,1.33757,0,5
20252026,2025030314,8476873,CAR,F,559,11,5,1.09115,0.19307,4,1
20252026,2025030314,8476875,MTL,D,1149,12,19,0.57104,1.22058,1,4
20252026,2025030314,8476906,CAR,D,728,20,4,2.15517,0.38221,8,2
20252026,2025030314,8476921,CAR,F,832,13,5,1.36022,0.19701,5,1
20252026,2025030314,8476958,CAR,D,1007,15,9,0.87222,0.36558,3,1
20252026,2025030314,8476981,MTL,F,628,10,17,0.42896,1.36201,1,5
20252026,2025030314,8477478,CAR,F,715,13,7,1.29696,0.33303,6,2
20252026,2025030314,8477940,CAR,F,763,13,3,1.48792,0.09,5,0
20252026,2025030314,8478133,MTL,F,814,4,18,0.22593,1.56742,1,7
20252026,2025030314,8478427,CAR,F,827,11,9,0.72178,0.2022,3,0
20252026,2025030314,8478851,MTL,D,1141,3,24,0.02588,2.20653,0,10
20252026,2025030314,8478970,CAR,D,972,15,9,0.847,0.32368,3,1
20252026,2025030314,8480018,MTL,F,1070,14,20,0.69567,1.87387,2,7
20252026,2025030314,8480074,MTL,F,323,0,11,0.0,1.47319,0,5
20252026,2025030314,8480336,CAR,D,1051,23,8,2.36492,0.19664,10,0
20252026,2025030314,8480762,CAR,F,573,13,5,1.11006,0.19307,4,1
20252026,2025030314,8480813,MTL,F,323,0,5,0.0,0.82094,0,3
20252026,2025030314,8480817,CAR,D,1149,25,10,2.43134,0.26284,10,0
20252026,2025030314,8480830,CAR,F,809,11,11,0.72178,0.5214,3,1
20252026,2025030314,8480865,MTL,D,942,13,19,0.45768,1.00006,1,3
20252026,2025030314,8481523,MTL,F,392,1,8,0.01215,1.11235,0,5
20252026,2025030314,8481540,MTL,F,980,11,20,0.62518,1.76815,2,7
20252026,2025030314,8481593,MTL,D,690,3,14,0.14988,1.9951,1,8
20252026,2025030314,8481618,MTL,F,877,6,19,0.34413,1.83783,2,7
20252026,2025030314,8482087,MTL,D,756,2,20,0.01901,2.06335,0,7
20252026,2025030314,8482093,CAR,F,703,9,7,0.50924,0.17681,2,0
20252026,2025030314,8482100,CAR,D,673,21,4,2.36838,0.38221,9,2
20252026,2025030314,8482702,CAR,F,720,25,4,2.43491,0.33564,10,1
20252026,2025030314,8482737,MTL,F,597,6,11,0.09332,0.75951,0,2
20252026,2025030314,8482809,CAR,F,792,25,5,2.6466,0.38969,11,1
20252026,2025030314,8483457,MTL,D,1037,11,24,0.68967,2.76662,3,12
20252026,2025030314,8483515,MTL,F,924,5,16,0.12273,1.48502,0,7
20252026,2025030314,8484984,MTL,F,915,4,19,0.23264,1.4805,1,6
20252026,2025030315,8473533,CAR,F,706,6,3,0.64212,0.23517,3,1
20252026,2025030315,8475791,CAR,F,625,12,8,1.43584,0.51858,6,3
20252026,2025030315,8476479,MTL,F,557,5,8,0.34093,0.88837,2,3
20252026,2025030315,8476873,CAR,F,549,6,5,0.53899,0.414,2,3
20252026,2025030315,8476875,MTL,D,934,12,9,1.08833,0.78762,9,3
20252026,2025030315,8476906,CAR,D,704,11,11,1.2584,0.59586,4,4
20252026,2025030315,8476921,CAR,F,648,7,3,0.6979,0.23517,3,1
20252026,2025030315,8476958,CAR,D,930,10,9,0.70615,0.73109,3,5
20252026,2025030315,8476981,MTL,F,501,7,7,0.71641,0.90352,4,3
20252026,2025030315,8477478,CAR,F,503,3,6,0.30589,0.45072,1,4
20252026,2025030315,8477940,CAR,F,691,10,3,1.05706,0.23517,5,1
20252026,2025030315,8478133,MTL,F,817,8,6,0.44145,0.47906,3,2
20252026,2025030315,8478427,CAR,F,793,7,8,0.95173,0.47616,4,5
20252026,2025030315,8478851,MTL,D,921,11,15,0.64851,1.71671,6,6
20252026,2025030315,8478970,CAR,D,966,9,9,0.68882,0.73109,3,5
20252026,2025030315,8480018,MTL,F,908,8,13,0.63295,1.61639,5,8
20252026,2025030315,8480074,MTL,F,421,5,4,0.48325,0.3041,3,1
20252026,2025030315,8480336,CAR,D,986,9,4,1.03682,0.31696,5,3
20252026,2025030315,8480762,CAR,F,593,5,6,0.3606,0.45072,1,4
20252026,2025030315,8480813,MTL,F,393,4,1,0.25045,0.08735,1,0
20252026,2025030315,8480817,CAR,D,974,11,4,1.22559,0.31696,6,3
20252026,2025030315,8480830,CAR,F,640,5,7,0.32519,0.43944,1,4
20252026,2025030315,8480865,MTL,D,809,8,9,0.68547,0.67151,4,3
20252026,2025030315,8481523,MTL,F,469,5,4,0.12069,0.23234,1,1
20252026,2025030315,8481540,MTL,F,868,7,9,0.50742,0.91232,5,4
20252026,2025030315,8481593,MTL,D,601,5,8,0.2125,0.75383,1,4
20252026,2025030315,8481618,MTL,F,841,5,15,0.37248,1.67532,3,7
20252026,2025030315,8482087,MTL,D,750,7,9,0.34308,1.20813,2,5
20252026,2025030315,8482093,CAR,F,755,5,7,0.55242,0.43944,2,4
20252026,2025030315,8482100,CAR,D,636,9,11,1.19224,0.59586,4,4
20252026,2025030315,8482702,CAR,F,638,12,8,1.13108,0.51858,5,3
20252026,2025030315,8482737,MTL,F,558,6,4,0.1858,0.35959,1,2
20252026,2025030315,8482809,CAR,F,640,13,8,1.51306,0.51858,7,3
20252026,2025030315,8483457,MTL,D,1052,6,9,0.53067,1.07278,3,5
20252026,2025030315,8483515,MTL,F,837,6,10,0.44958,0.91127,4,4
20252026,2025030315,8484984,MTL,F,872,6,10,0.43032,1.03969,4,4
20252026,2025030321,8470613,COL,D,1016,13,9,0.74918,0.73512,5,4
20252026,2025030321,8475172,COL,F,974,20,9,1.7542,0.57814,10,4
20252026,2025030321,8475188,VGK,D,1354,12,12,0.44965,0.57112,3,4
20252026,2025030321,8475343,VGK,F,794,4,10,0.15001,0.94504,1,5
20252026,2025030321,8475754,COL,F,1045,13,4,0.60831,0.43373,4,2
20252026,2025030321,8476312,COL,D,1142,18,10,1.29687,0.2893,6,2
20252026,2025030321,8476438,VGK,F,490,9,5,0.34153,0.19635,1,2
20252026,2025030321,8476448,VGK,F,1110,10,17,0.50318,1.32203,3,7
20252026,2025030321,8476455,COL,F,1084,10,14,0.56021,0.58562,4,3
20252026,2025030321,8476881,VGK,F,645,8,5,0.32606,0.19635,1,2
20252026,2025030321,8476925,VGK,F,688,7,9,0.32471,0.44649,1,3
20252026,2025030321,8476967,COL,D,1374,29,12,2.49497,0.53798,12,3
20252026,2025030321,8477018,VGK,D,599,6,14,0.41588,1.02676,2,5
20252026,2025030321,8477447,VGK,D,1519,14,14,0.50171,0.68555,3,5
20252026,2025030321,8477476,COL,F,920,13,6,0.80254,0.20885,5,0
20252026,2025030321,8477492,COL,F,1097,12,15,0.68493,0.69464,4,4
20252026,2025030321,8477501,COL,F,819,14,9,0.93735,0.47047,5,3
20252026,2025030321,8477964,VGK,F,965,12,12,0.60527,0.79593,3,4
20252026,2025030321,8478038,COL,D,1439,18,16,1.4601,0.90438,8,5
20252026,2025030321,8478396,VGK,D,1351,17,22,1.34015,1.95938,7,10
20252026,2025030321,8478397,VGK,D,1290,17,21,1.07647,1.83311,6,10
20252026,2025030321,8478403,VGK,F,983,11,14,0.59561,0.96522,3,5
20252026,2025030321,8478434,VGK,F,598,4,6,0.14979,0.56009,1,3
20252026,2025030321,8478462,COL,F,713,11,6,0.85632,0.44923,6,2
20252026,2025030321,8478483,VGK,F,1216,13,20,0.84619,1.68793,5,8
20252026,2025030321,8479353,VGK,F,1039,12,19,0.83653,1.50577,5,8
20252026,2025030321,8479525,COL,F,595,14,6,1.3419,0.43768,7,3
20252026,2025030321,8479639,VGK,,493,6,11,0.39018,0.78606,1,4
20252026,2025030321,8480039,COL,F,1200,15,15,0.7946,0.96115,4,6
20252026,2025030321,8480448,COL,F,537,6,7,0.64079,0.29315,3,1
20252026,2025030321,8480835,COL,F,595,6,7,0.61872,0.31878,2,1
20252026,2025030321,8481186,COL,,616,7,7,0.6931,0.31746,3,1
20252026,2025030321,8481604,VGK,F,861,11,12,0.59561,0.73648,3,5
20252026,2025030321,8482062,VGK,F,712,2,12,0.13297,0.93529,1,5
20252026,2025030321,8482072,COL,,454,3,5,0.0935,0.19667,2,1
20252026,2025030321,8484258,COL,D,1253,13,18,0.76736,1.16915,5,5
20252026,2025030322,8470613,COL,D,989,14,7,0.61231,0.62652,3,3
20252026,2025030322,8475172,COL,F,929,9,10,0.54744,1.10815,3,6
20252026,2025030322,8475188,VGK,D,683,8,5,0.44516,0.33109,2,2
20252026,2025030322,8475343,VGK,F,668,6,7,0.22099,0.27086,1,0
20252026,2025030322,8475754,COL,F,927,10,9,0.2682,0.801,2,4
20252026,2025030322,8476312,COL,D,813,7,12,0.3223,1.08068,2,5
20252026,2025030322,8476438,VGK,F,509,6,6,0.58545,0.14832,3,0
20252026,2025030322,8476448,VGK,F,871,8,10,0.96794,0.44497,5,3
20252026,2025030322,8476455,COL,F,1056,14,6,0.75092,0.13261,4,0
20252026,2025030322,8476881,VGK,F,629,8,6,0.62568,0.14832,3,0
20252026,2025030322,8476925,VGK,F,660,7,7,0.608,0.19078,3,0
20252026,2025030322,8476967,COL,D,1008,10,10,0.47833,1.20656,3,5
20252026,2025030322,8477447,VGK,D,1260,11,16,0.64522,0.85518,2,6
20252026,2025030322,8477476,COL,F,844,10,8,0.33155,0.65042,1,2
20252026,2025030322,8477492,COL,F,1148,16,8,0.77704,0.17387,4,0
20252026,2025030322,8477501,COL,F,757,6,11,0.20585,1.24703,2,7
20252026,2025030322,8477964,VGK,F,825,8,13,0.24305,0.64239,1,5
20252026,2025030322,8478038,COL,D,1394,15,13,0.66119,0.69847,4,4
20252026,2025030322,8478396,VGK,D,1141,7,15,0.43754,0.58619,2,2
20252026,2025030322,8478397,VGK,D,1361,7,18,0.73104,0.51703,4,3
20252026,2025030322,8478403,VGK,F,948,6,11,0.22596,0.59937,1,5
20252026,2025030322,8478434,VGK,F,553,5,4,0.18396,0.21642,0,0
20252026,2025030322,8478462,COL,F,694,9,7,0.28913,0.55601,0,2
20252026,2025030322,8478483,VGK,F,1007,7,11,0.90855,0.36762,4,2
20252026,2025030322,8479353,VGK,F,831,8,12,0.97119,0.49788,5,3
20252026,2025030322,8479525,COL,F,498,7,8,0.3771,0.91449,1,5
20252026,2025030322,8479639,VGK,,842,12,11,0.84913,0.3478,5,1
20252026,2025030322,8480039,COL,F,1094,13,6,0.59297,0.16021,4,1
20252026,2025030322,8480448,COL,F,486,3,2,0.10005,0.05802,1,0
20252026,2025030322,8480835,COL,F,484,3,2,0.0429,0.06386,0,0
20252026,2025030322,8481186,COL,,472,5,3,0.23188,0.09413,2,0
20252026,2025030322,8481527,VGK,D,671,10,6,0.88669,0.41422,3,2
20252026,2025030322,8481604,VGK,F,881,6,13,0.22722,0.73019,1,6
20252026,2025030322,8482062,VGK,F,588,5,4,0.19473,0.21642,0,0
20252026,2025030322,8483565,COL,D,525,9,3,0.37107,0.07703,1,0
20252026,2025030322,8484258,COL,D,1138,15,10,0.56482,0.30844,3,1
20252026,2025030323,8470613,COL,D,866,10,6,0.63533,0.55942,3,2
20252026,2025030323,8475172,COL,F,825,9,5,0.47293,0.30727,2,2
20252026,2025030323,8475188,VGK,D,1118,8,8,0.38203,0.19018,2,0
20252026,2025030323,8475343,VGK,F,514,6,4,0.5424,0.2504,3,2
20252026,2025030323,8475754,COL,F,832,9,3,0.57785,0.13964,4,1
20252026,2025030323,8475913,VGK,F,568,1,9,0.03776,0.453,1,2
20252026,2025030323,8476312,COL,D,775,7,10,0.47941,0.64862,2,2
20252026,2025030323,8476448,VGK,F,756,10,7,0.55333,0.20277,4,0
20252026,2025030323,8476455,COL,F,1056,12,7,0.64604,0.34553,2,2
20252026,2025030323,8476881,VGK,F,517,2,7,0.13893,0.18281,1,0
20252026,2025030323,8476925,VGK,F,600,1,7,0.10117,0.18281,0,0
20252026,2025030323,8476967,COL,D,711,10,10,0.25281,0.45429,1,3
20252026,2025030323,8477447,VGK,D,1118,8,11,0.33745,0.3184,2,1
20252026,2025030323,8477476,COL,F,861,12,6,0.71171,0.19275,3,1
20252026,2025030323,8477492,COL,F,693,7,5,0.41056,0.28301,2,2
20252026,2025030323,8477501,COL,F,346,5,5,0.25863,0.52431,1,2
20252026,2025030323,8477964,VGK,F,892,6,13,0.15867,0.99446,0,5
20252026,2025030323,8478038,COL,D,947,13,7,0.75945,0.34186,4,2
20252026,2025030323,8478396,VGK,D,1060,4,20,0.1783,0.96794,0,4
20252026,2025030323,8478397,VGK,D,927,4,16,0.1783,0.86926,0,3
20252026,2025030323,8478403,VGK,F,947,6,14,0.15867,0.96589,0,5
20252026,2025030323,8478434,VGK,F,303,6,1,0.54793,0.00975,2,0
20252026,2025030323,8478462,COL,F,523,9,7,0.3977,0.58683,1,2
20252026,2025030323,8478483,VGK,F,955,10,12,0.51512,0.5438,3,2
20252026,2025030323,8479353,VGK,F,767,10,10,0.61121,0.33099,4,1
20252026,2025030323,8479525,COL,F,503,6,5,0.29902,0.45825,1,2
20252026,2025030323,8479639,VGK,,582,11,6,0.79524,0.60054,5,4
20252026,2025030323,8480039,COL,F,902,6,3,0.35195,0.13964,3,1
20252026,2025030323,8480069,COL,D,1134,14,7,0.66935,0.34186,3,2
20252026,2025030323,8480448,COL,F,612,7,7,0.21962,0.3973,1,2
20252026,2025030323,8480835,COL,F,545,4,8,0.10184,0.34609,0,2
20252026,2025030323,8481186,COL,,617,9,8,0.34525,0.34609,1,2
20252026,2025030323,8481527,VGK,D,510,11,3,0.83982,0.25742,5,2
20252026,2025030323,8481604,VGK,F,756,5,10,0.11454,0.59532,0,3
20252026,2025030323,8482062,VGK,F,332,6,2,0.58698,0.09361,3,1
20252026,2025030323,8484258,COL,D,681,11,6,0.4199,0.36509,1,3
20252026,2025030324,8470613,COL,D,953,11,11,0.80995,0.63181,3,4
20252026,2025030324,8475172,COL,F,1080,8,10,0.56008,0.66811,4,4
20252026,2025030324,8475188,VGK,D,1385,11,9,1.18934,0.25167,7,1
20252026,2025030324,8475343,VGK,F,622,8,6,0.82711,0.14387,6,1
20252026,2025030324,8475754,COL,F,1045,7,10,0.77685,0.82947,4,5
20252026,2025030324,8475913,VGK,F,804,11,7,0.85139,0.62934,5,2
20252026,2025030324,8476312,COL,D,867,4,14,0.14763,0.92657,1,7
20252026,2025030324,8476448,VGK,F,999,12,6,0.70901,0.2779,5,2
20252026,2025030324,8476455,COL,F,1116,10,6,0.32536,0.38681,0,4
20252026,2025030324,8476881,VGK,F,759,8,7,0.39653,0.63004,3,2
20252026,2025030324,8476925,VGK,F,678,8,6,0.528,0.15898,3,0
20252026,2025030324,8476967,COL,D,923,4,18,0.15778,1.13879,1,10
20252026,2025030324,8477447,VGK,D,1338,9,13,1.05524,1.06487,7,4
20252026,2025030324,8477476,COL,F,977,13,9,0.85225,0.43941,2,3
20252026,2025030324,8477492,COL,F,1263,13,5,0.64156,0.24121,2,2
20252026,2025030324,8477964,VGK,F,891,8,7,0.42981,0.30173,4,1
20252026,2025030324,8478038,COL,D,1300,13,7,1.06245,0.65498,3,3
20252026,2025030324,8478396,VGK,D,1176,10,10,0.31703,0.39855,2,2
20252026,2025030324,8478397,VGK,D,1106,9,13,0.315,1.15457,2,5
20252026,2025030324,8478403,VGK,F,1105,6,6,0.2126,0.43227,2,1
20252026,2025030324,8478434,VGK,F,463,5,4,0.50372,0.07438,4,0
20252026,2025030324,8478462,COL,F,688,4,13,0.56699,0.97825,2,6
20252026,2025030324,8478483,VGK,F,1148,10,4,0.4918,0.39692,3,3
20252026,2025030324,8479353,VGK,F,1031,14,5,0.91774,0.4227,5,2
20252026,2025030324,8479525,COL,F,530,1,9,0.01167,0.40946,0,2
20252026,2025030324,8479639,VGK,,788,16,2,0.90648,0.06742,7,0
20252026,2025030324,8480039,COL,F,1133,6,4,0.49025,0.23757,4,2
20252026,2025030324,8480069,COL,D,1554,11,8,0.57506,0.73132,2,4
20252026,2025030324,8480448,COL,F,601,3,9,0.04358,0.81234,0,6
20252026,2025030324,8480835,COL,F,580,2,7,0.02123,0.52618,0,4
20252026,2025030324,8481186,COL,,595,3,11,0.10993,0.86747,0,7
20252026,2025030324,8481527,VGK,D,688,13,1,0.77035,0.01024,7,0
20252026,2025030324,8481604,VGK,F,993,6,7,0.32166,0.28643,3,1
20252026,2025030324,8481641,COL,F,552,2,9,0.02123,0.43388,0,3
20252026,2025030324,8482062,VGK,F,558,6,7,0.64079,0.66642,5,3
20252026,2025030324,8484258,COL,D,856,5,10,0.19445,0.46997,2,4
20252026,2025030411,8473533,CAR,F,1002,13,11,0.79374,0.69793,4,5
20252026,2025030411,8475188,VGK,D,1184,13,7,0.95319,0.62577,5,2
20252026,2025030411,8475343,VGK,F,695,3,7,0.06958,0.23391,0,0
20252026,2025030411,8475791,CAR,F,720,14,4,0.88226,0.38514,2,3
20252026,2025030411,8475913,VGK,F,820,4,9,0.36888,0.62097,3,3
20252026,2025030411,8476448,VGK,F,935,10,13,0.84677,0.83401,4,3
20252026,2025030411,8476873,CAR,F,626,4,4,0.14595,0.27192,0,2
20252026,2025030411,8476881,VGK,F,739,6,11,0.4982,0.64891,3,3
20252026,2025030411,8476906,CAR,D,825,8,5,0.26622,0.37909,0,2
20252026,2025030411,8476921,CAR,F,882,15,10,0.99779,0.6463,5,4
20252026,2025030411,8476925,VGK,F,763,3,13,0.26306,0.79741,2,3
20252026,2025030411,8476958,CAR,D,1213,19,11,1.34343,0.8413,6,5
20252026,2025030411,8477447,VGK,D,1221,14,10,0.99936,0.77344,5,2
20252026,2025030411,8477478,CAR,F,648,6,3,0.23707,0.1661,0,1
20252026,2025030411,8477940,CAR,F,879,13,8,0.82171,0.40746,4,3
20252026,2025030411,8477964,VGK,F,940,13,15,0.87848,0.98702,6,5
20252026,2025030411,8478396,VGK,D,1175,13,28,0.90469,1.3793,6,7
20252026,2025030411,8478397,VGK,D,1273,12,28,0.95767,1.29548,7,6
20252026,2025030411,8478403,VGK,F,975,13,14,0.86516,0.97593,6,5
20252026,2025030411,8478427,CAR,F,856,11,10,0.75448,0.76616,5,4
20252026,2025030411,8478434,VGK,F,403,2,5,0.03488,0.10522,0,0
20252026,2025030411,8478468,VGK,D,714,1,7,0.00667,0.59903,0,2
20252026,2025030411,8478483,VGK,F,1074,7,11,0.63834,0.78626,5,3
20252026,2025030411,8478970,CAR,D,1149,16,11,0.98996,0.8413,4,5
20252026,2025030411,8479353,VGK,F,819,7,9,0.68275,0.75832,4,3
20252026,2025030411,8479639,VGK,,503,0,6,0.0,0.65662,0,3
20252026,2025030411,8480336,CAR,D,1112,15,13,0.92475,0.93185,4,6
20252026,2025030411,8480762,CAR,F,625,4,3,0.14595,0.1661,0,1
20252026,2025030411,8480817,CAR,D,1185,21,11,1.38219,0.74331,7,5
20252026,2025030411,8480830,CAR,F,852,10,9,0.72378,0.66034,5,3
20252026,2025030411,8481604,VGK,F,873,11,14,0.78124,0.97593,4,5
20252026,2025030411,8482062,VGK,F,651,3,8,0.06958,0.27057,0,0
20252026,2025030411,8482093,CAR,F,863,10,9,0.56152,0.76542,4,4
20252026,2025030411,8482100,CAR,D,728,7,5,0.42309,0.42939,1,2
20252026,2025030411,8482702,CAR,F,819,15,3,0.97065,0.33351,2,2
20252026,2025030411,8482809,CAR,F,789,14,5,0.95956,0.38588,2,3
20252026,2025030412,8473533,CAR,F,788,13,11,0.76875,0.75742,4,5
20252026,2025030412,8475188,VGK,D,223,2,3,0.06499,0.08707,0,1
20252026,2025030412,8475343,VGK,F,614,6,6,0.67556,0.3397,3,1
20252026,2025030412,8475791,CAR,F,841,8,3,0.53294,0.23604,3,1
20252026,2025030412,8475913,VGK,F,747,3,11,0.05521,0.56818,0,4
20252026,2025030412,8476448,VGK,F,872,8,10,0.91247,0.49717,4,2
20252026,2025030412,8476873,CAR,F,437,2,3,0.23021,0.09237,1,0
20252026,2025030412,8476881,VGK,F,674,3,9,0.04516,0.52792,0,4
20252026,2025030412,8476906,CAR,D,704,7,5,0.21482,0.15002,1,1
20252026,2025030412,8476921,CAR,F,737,13,9,0.71043,0.84737,3,5
20252026,2025030412,8476925,VGK,F,680,3,11,0.12386,0.63829,1,4
20252026,2025030412,8476958,CAR,D,1027,14,17,1.22335,1.66963,8,9
20252026,2025030412,8477447,VGK,D,1305,12,13,0.87072,0.70772,5,3
20252026,2025030412,8477478,CAR,F,445,4,4,0.26698,0.10855,1,0
20252026,2025030412,8477940,CAR,F,800,15,11,0.82405,0.875,4,5
20252026,2025030412,8477964,VGK,F,754,10,14,0.79869,0.94227,5,5
20252026,2025030412,8478396,VGK,D,1035,7,17,0.51513,0.72382,2,4
20252026,2025030412,8478397,VGK,D,947,12,17,1.36924,1.12472,7,6
20252026,2025030412,8478403,VGK,F,755,8,12,0.54244,0.69803,4,4
20252026,2025030412,8478427,CAR,F,770,13,7,0.52545,0.83228,3,5
20252026,2025030412,8478434,VGK,F,522,7,6,0.77044,0.3397,4,1
20252026,2025030412,8478468,VGK,D,1040,12,13,1.29291,0.90372,8,4
20252026,2025030412,8478483,VGK,F,923,7,11,0.6724,0.51291,3,2
20252026,2025030412,8478970,CAR,D,1025,15,16,1.2798,1.45099,8,8
20252026,2025030412,8479353,VGK,F,746,7,10,0.86481,0.46524,4,2
20252026,2025030412,8479639,VGK,,850,7,13,0.42803,0.62763,2,4
20252026,2025030412,8480336,CAR,D,922,16,4,0.59272,0.45086,2,2
20252026,2025030412,8480762,CAR,F,456,5,3,0.29625,0.09237,1,0
20252026,2025030412,8480817,CAR,D,1030,17,5,0.64917,0.6695,2,3
20252026,2025030412,8480830,CAR,F,639,11,7,0.46337,0.83228,3,5
20252026,2025030412,8481604,VGK,F,676,9,10,0.58005,0.59644,4,4
20252026,2025030412,8482062,VGK,F,547,7,4,0.77044,0.13617,4,0
20252026,2025030412,8482093,CAR,F,755,12,10,0.54772,0.87609,4,5
20252026,2025030412,8482100,CAR,D,792,7,6,0.21482,0.36866,1,2
20252026,2025030412,8482702,CAR,F,867,10,5,0.56293,0.58844,3,2
20252026,2025030412,8482809,CAR,F,827,8,4,0.53294,0.45468,3,2
20252026,2025030413,8473533,CAR,F,860,11,7,0.38166,0.2567,2,1
20252026,2025030413,8475188,VGK,D,1377,19,15,1.75059,0.90651,10,7
20252026,2025030413,8475343,VGK,F,824,6,11,0.24808,0.54154,3,4
20252026,2025030413,8475791,CAR,F,808,9,8,0.55463,0.72628,5,3
20252026,2025030413,8475913,VGK,F,1006,6,9,0.24571,0.38481,3,2
20252026,2025030413,8476448,VGK,F,912,18,9,1.58721,0.39607,7,3
20252026,2025030413,8476873,CAR,F,647,2,9,0.10632,0.58603,2,2
20252026,2025030413,8476881,VGK,F,599,9,8,0.27634,0.52866,0,4
20252026,2025030413,8476906,CAR,D,899,9,13,0.62333,0.76617,6,4
20252026,2025030413,8476921,CAR,F,814,11,9,0.4929,0.22455,3,4
20252026,2025030413,8476925,VGK,F,714,8,10,0.20009,0.60038,0,5
20252026,2025030413,8476958,CAR,D,1246,11,15,0.31348,0.73218,1,6
20252026,2025030413,8477447,VGK,D,1467,17,15,1.67929,0.90619,10,7
20252026,2025030413,8477478,CAR,F,411,0,8,0.0,0.49537,0,2
20252026,2025030413,8477940,CAR,F,958,14,6,0.66633,0.26604,4,1
20252026,2025030413,8477964,VGK,F,1002,7,8,0.31747,0.34932,4,2
20252026,2025030413,8478396,VGK,D,854,8,11,0.25142,0.54263,2,4
20252026,2025030413,8478397,VGK,D,1120,14,12,0.41679,0.58566,2,4
20252026,2025030413,8478403,VGK,F,1007,7,8,0.27962,0.34932,3,2
20252026,2025030413,8478427,CAR,F,903,13,9,0.51126,0.41034,3,3
20252026,2025030413,8478434,VGK,F,650,5,9,0.21018,0.47634,3,4
20252026,2025030413,8478468,VGK,D,1026,11,11,0.31093,0.37584,1,2
20252026,2025030413,8478483,VGK,F,934,18,9,1.60705,0.32835,7,2
20252026,2025030413,8478970,CAR,D,1237,12,14,0.34897,0.58297,1,5
20252026,2025030413,8479353,VGK,F,833,16,8,1.48664,0.36162,7,3
20252026,2025030413,8479639,VGK,,775,7,6,0.15316,0.24545,1,2
20252026,2025030413,8480336,CAR,D,1248,14,10,0.80884,0.78274,6,3
20252026,2025030413,8480762,CAR,F,746,2,9,0.12858,0.57589,1,2
20252026,2025030413,8480817,CAR,D,1176,13,10,0.7022,0.76298,5,3
20252026,2025030413,8480830,CAR,F,924,12,12,0.49576,0.55509,4,4
20252026,2025030413,8481604,VGK,F,675,8,5,0.18424,0.48547,0,4
20252026,2025030413,8482062,VGK,F,815,6,11,0.20064,0.54154,2,4
20252026,2025030413,8482093,CAR,F,1043,12,13,0.48355,0.69541,3,5
20252026,2025030413,8482100,CAR,D,797,11,13,0.76546,0.78593,7,4
20252026,2025030413,8482702,CAR,F,958,9,13,0.7819,1.02802,6,7
20252026,2025030413,8482809,CAR,F,898,10,12,0.74053,1.17276,6,6
20252026,2025030414,8473533,CAR,F,874,12,4,0.41302,0.23017,3,2
20252026,2025030414,8475188,VGK,D,1121,10,15,0.40577,0.95028,3,6
20252026,2025030414,8475343,VGK,F,610,3,5,0.1434,0.05429,0,0
20252026,2025030414,8475791,CAR,F,786,12,9,1.17385,0.28627,5,1
20252026,2025030414,8475913,VGK,F,1018,7,12,0.51247,0.55235,3,2
20252026,2025030414,8476448,VGK,F,801,5,8,0.23137,0.59039,1,3
20252026,2025030414,8476873,CAR,F,490,2,1,0.03252,0.0462,0,0
20252026,2025030414,8476881,VGK,F,700,9,5,0.36671,0.44987,3,4
20252026,2025030414,8476906,CAR,D,691,8,8,0.45878,0.48476,2,4
20252026,2025030414,8476921,CAR,F,775,8,7,0.35307,0.3355,2,3
20252026,2025030414,8476925,VGK,F,735,9,8,0.38904,0.50915,3,4
20252026,2025030414,8476958,CAR,D,1294,16,7,1.02927,0.2698,7,1
20252026,2025030414,8477447,VGK,D,1236,8,16,0.20753,1.09143,2,7
20252026,2025030414,8477478,CAR,F,503,3,2,0.05567,0.12287,0,1
20252026,2025030414,8477940,CAR,F,899,14,8,0.56267,0.64449,3,4
20252026,2025030414,8477964,VGK,F,853,5,13,0.23561,0.69026,1,3
20252026,2025030414,8478396,VGK,D,1080,8,10,0.45531,0.42029,2,1
20252026,2025030414,8478397,VGK,D,1016,10,14,0.57768,0.78658,3,3
20252026,2025030414,8478403,VGK,F,1022,7,11,0.51247,0.55147,3,2
20252026,2025030414,8478427,CAR,F,848,5,7,0.13203,0.51386,1,4
20252026,2025030414,8478434,VGK,F,377,1,4,0.0462,0.09386,0,0
20252026,2025030414,8478468,VGK,D,606,6,7,0.52565,0.37231,3,1
20252026,2025030414,8478483,VGK,F,1036,7,9,0.46232,0.55427,3,2
20252026,2025030414,8478970,CAR,D,1229,16,7,0.93702,0.39521,6,2
20252026,2025030414,8479353,VGK,F,691,6,9,0.26818,0.65138,1,3
20252026,2025030414,8479639,VGK,,622,4,3,0.21518,0.05567,1,0
20252026,2025030414,8480336,CAR,D,1075,9,8,0.49087,0.31359,2,1
20252026,2025030414,8480762,CAR,F,572,5,2,0.2253,0.12287,1,1
20252026,2025030414,8480817,CAR,D,1148,11,9,0.42845,0.48415,1,3
20252026,2025030414,8480830,CAR,F,726,4,5,0.09184,0.20032,1,1
20252026,2025030414,8481604,VGK,F,808,9,7,0.36671,0.50465,3,4
20252026,2025030414,8482062,VGK,F,574,1,4,0.0462,0.08415,0,0
20252026,2025030414,8482093,CAR,F,900,11,5,0.40273,0.38348,3,2
20252026,2025030414,8482100,CAR,D,441,5,7,0.33481,0.43961,1,3
20252026,2025030414,8482702,CAR,F,839,12,10,1.07381,0.34294,4,1
20252026,2025030414,8482809,CAR,F,727,7,9,0.76694,0.35171,3,1
20252026,2025030415,8473533,CAR,F,857,5,8,0.43116,0.42243,2,2
20252026,2025030415,8475188,VGK,D,1010,10,12,0.67662,0.49531,6,3
20252026,2025030415,8475343,VGK,F,689,9,7,0.78424,0.26532,4,2
20252026,2025030415,8475791,CAR,F,635,12,16,0.56564,1.06435,3,7
20252026,2025030415,8475913,VGK,F,1074,13,10,1.0891,0.69614,5,3
20252026,2025030415,8476448,VGK,F,484,7,6,0.45381,0.2239,4,1
20252026,2025030415,8476873,CAR,F,458,6,4,0.10748,0.28897,1,2
20252026,2025030415,8476881,VGK,F,676,13,6,0.99807,0.09079,5,0
20252026,2025030415,8476906,CAR,D,679,6,6,0.10072,0.46594,1,1
20252026,2025030415,8476921,CAR,F,712,3,6,0.12229,0.44589,0,1
20252026,2025030415,8476925,VGK,F,576,6,4,0.44253,0.24457,2,2
20252026,2025030415,8476958,CAR,D,1224,10,14,0.56931,0.96861,2,4
20252026,2025030415,8477447,VGK,D,1203,14,11,1.25987,0.38441,8,2
20252026,2025030415,8477478,CAR,F,508,5,4,0.10274,0.28897,1,2
20252026,2025030415,8477940,CAR,F,845,7,11,0.49552,0.73155,2,4
20252026,2025030415,8477964,VGK,F,657,14,10,1.05738,0.31218,7,1
20252026,2025030415,8478396,VGK,D,1069,14,12,0.88836,0.6983,4,3
20252026,2025030415,8478397,VGK,D,1028,16,13,0.88903,0.76284,4,4
20252026,2025030415,8478403,VGK,F,1104,12,8,0.90483,0.44152,4,1
20252026,2025030415,8478427,CAR,F,822,4,5,0.168,0.5671,0,2
20252026,2025030415,8478434,VGK,F,574,1,7,0.05193,0.26697,0,2
20252026,2025030415,8478468,VGK,D,598,9,4,0.69881,0.09734,3,0
20252026,2025030415,8478483,VGK,F,968,9,8,0.6309,0.27569,3,1
20252026,2025030415,8478970,CAR,D,1201,10,15,0.56931,0.92009,2,5
20252026,2025030415,8479353,VGK,F,690,15,7,0.87153,0.35492,6,1
20252026,2025030415,8479639,VGK,,653,15,4,1.09653,0.15768,5,0
20252026,2025030415,8480336,CAR,D,994,12,20,0.62791,1.09326,3,8
20252026,2025030415,8480762,CAR,F,553,5,5,0.10274,0.29726,1,2
20252026,2025030415,8480817,CAR,D,1100,13,21,0.63966,1.71965,3,11
20252026,2025030415,8480830,CAR,F,735,4,7,0.13404,0.51012,0,1
20252026,2025030415,8481604,VGK,F,905,17,5,0.92758,0.45959,5,2
20252026,2025030415,8482062,VGK,F,620,1,6,0.05193,0.26223,0,2
20252026,2025030415,8482093,CAR,F,893,6,11,0.47687,0.83368,2,5
20252026,2025030415,8482100,CAR,D,563,5,3,0.08897,0.50129,1,2
20252026,2025030415,8482702,CAR,F,797,13,22,0.5913,1.47611,3,9
20252026,2025030415,8482809,CAR,F,724,14,17,0.59604,1.17778,3,7
20252026,2025030416,8473533,CAR,F,812,6,5,0.45075,0.39748,3,3
20252026,2025030416,8475188,VGK,D,883,3,6,0.05961,0.31808,0,3
20252026,2025030416,8475191,VGK,F,510,4,4,0.30946,0.08893,2,1
20252026,2025030416,8475343,VGK,F,517,2,6,0.02145,0.42039,0,2
20252026,2025030416,8475791,CAR,F,656,10,6,0.44806,0.40516,3,3
20252026,2025030416,8475913,VGK,F,1066,7,11,0.46403,0.58679,3,3
20252026,2025030416,8476873,CAR,F,489,2,2,0.01305,0.0579,0,0
20252026,2025030416,8476881,VGK,F,771,4,3,0.3901,0.01522,3,0
20252026,2025030416,8476906,CAR,D,507,7,3,0.17098,0.2847,2,2
20252026,2025030416,8476921,CAR,F,718,7,6,0.38423,0.1099,3,0
20252026,2025030416,8476925,VGK,F,629,5,8,0.33444,0.21888,2,2
20252026,2025030416,8476958,CAR,D,1048,10,7,0.75734,0.17236,3,0
20252026,2025030416,8477447,VGK,D,1106,6,7,0.23978,0.30719,1,3
20252026,2025030416,8477478,CAR,F,523,4,1,0.04149,0.04833,0,0
20252026,2025030416,8477940,CAR,F,741,7,6,0.52107,0.41227,3,3
20252026,2025030416,8477964,VGK,F,578,7,10,0.23547,0.58398,1,4
20252026,2025030416,8478396,VGK,D,821,9,13,0.40746,0.6517,2,4
20252026,2025030416,8478397,VGK,D,862,9,17,0.39511,0.75128,2,4
20252026,2025030416,8478403,VGK,F,1078,6,9,0.42805,0.37922,3,2
20252026,2025030416,8478427,CAR,F,835,10,8,0.54176,0.15303,3,0
20252026,2025030416,8478468,VGK,D,756,6,6,0.40509,0.47741,3,2
20252026,2025030416,8478483,VGK,F,968,3,10,0.18894,0.58084,2,4
20252026,2025030416,8478970,CAR,D,1085,9,7,0.57106,0.17236,2,0
20252026,2025030416,8479353,VGK,F,584,8,7,0.23485,0.47643,1,3
20252026,2025030416,8480336,CAR,D,1127,11,10,0.5253,0.54694,4,4
20252026,2025030416,8480762,CAR,F,500,2,2,0.01305,0.0579,0,0
20252026,2025030416,8480817,CAR,D,1109,11,7,0.66907,0.28087,4,2
20252026,2025030416,8480830,CAR,F,767,8,7,0.46921,0.12469,3,0
20252026,2025030416,8481527,VGK,D,754,6,6,0.40552,0.39941,3,2
20252026,2025030416,8481604,VGK,F,898,10,7,0.4294,0.35185,2,2
20252026,2025030416,8482062,VGK,F,495,2,6,0.02145,0.33891,0,2
20252026,2025030416,8482093,CAR,F,810,7,7,0.57984,0.4538,3,3
20252026,2025030416,8482100,CAR,D,532,8,6,0.21349,0.55077,3,4
20252026,2025030416,8482702,CAR,F,681,10,6,0.44806,0.42393,3,3
20252026,2025030416,8482809,CAR,F,646,11,4,0.45029,0.36761,3,3
20252026,2025030416,8483890,VGK,F,436,3,4,0.04979,0.32159,0,2
