player_id,season,position,GP,TOI_total_sec,xG_QG_F_count,xG_QG_F_qual_GP,xG_QG_A_count,xG_QG_A_qual_GP,NFI_QG_F_count,NFI_QG_F_qual_GP,NFI_QG_A_count,NFI_QG_A_qual_GP,RelxG_QG_F_count,RelxG_QG_F_qual_GP,RelxG_QG_A_count,RelxG_QG_A_qual_GP,RelNFI_QG_F_count,RelNFI_QG_F_qual_GP,RelNFI_QG_A_count,RelNFI_QG_A_qual_GP,xG_QG_F_pct,xG_QG_A_pct,NFI_QG_F_pct,NFI_QG_A_pct,RelxG_QG_F_pct,RelxG_QG_A_pct,RelNFI_QG_F_pct,RelNFI_QG_A_pct
8470595,20222023,F,21,10892,5.0,10.0,5.0,10.0,5.0,10.0,6.0,10.0,3.0,10.0,5.0,10.0,2.0,10.0,5.0,10.0,0.5,0.5,0.5,0.6,0.3,0.5,0.2,0.5
8470600,20222023,D,19,21633,11.0,19.0,10.0,19.0,9.0,19.0,9.0,19.0,12.0,19.0,9.0,19.0,9.0,19.0,6.0,19.0,0.5789473684210527,0.5263157894736842,0.47368421052631576,0.47368421052631576,0.631578947368421,0.47368421052631576,0.47368421052631576,0.3157894736842105
8470600,20232024,D,19,17045,8.0,18.0,12.0,18.0,4.0,18.0,12.0,18.0,9.0,18.0,9.0,18.0,5.0,18.0,10.0,18.0,0.4444444444444444,0.6666666666666666,0.2222222222222222,0.6666666666666666,0.5,0.5,0.2777777777777778,0.5555555555555556
8470600,20242025,D,5,3976,2.0,5.0,2.0,5.0,1.0,5.0,3.0,5.0,2.0,5.0,3.0,5.0,1.0,5.0,4.0,5.0,0.4,0.4,0.2,0.6,0.4,0.6,0.2,0.8
8470610,20222023,F,6,3813,2.0,6.0,1.0,6.0,2.0,6.0,4.0,6.0,2.0,6.0,3.0,6.0,2.0,6.0,4.0,6.0,0.3333333333333333,0.16666666666666666,0.3333333333333333,0.6666666666666666,0.3333333333333333,0.5,0.3333333333333333,0.6666666666666666
8470610,20232024,F,11,8067,9.0,11.0,4.0,11.0,6.0,11.0,8.0,11.0,8.0,11.0,4.0,11.0,7.0,11.0,4.0,11.0,0.8181818181818182,0.36363636363636365,0.5454545454545454,0.7272727272727273,0.7272727272727273,0.36363636363636365,0.6363636363636364,0.36363636363636365
8470613,20222023,D,15,16771,12.0,15.0,6.0,15.0,11.0,15.0,6.0,15.0,11.0,15.0,7.0,15.0,8.0,15.0,6.0,15.0,0.8,0.4,0.7333333333333333,0.4,0.7333333333333333,0.4666666666666667,0.5333333333333333,0.4
8470613,20232024,D,11,11702,4.0,11.0,7.0,11.0,4.0,11.0,6.0,11.0,5.0,11.0,8.0,11.0,6.0,11.0,6.0,11.0,0.36363636363636365,0.6363636363636364,0.36363636363636365,0.5454545454545454,0.45454545454545453,0.7272727272727273,0.5454545454545454,0.5454545454545454
8470613,20242025,D,15,15564,7.0,15.0,10.0,15.0,7.0,15.0,8.0,15.0,5.0,15.0,7.0,15.0,3.0,15.0,7.0,15.0,0.4666666666666667,0.6666666666666666,0.4666666666666667,0.5333333333333333,0.3333333333333333,0.4666666666666667,0.2,0.4666666666666667
8470621,20222023,F,6,3096,3.0,4.0,4.0,4.0,3.0,4.0,3.0,4.0,2.0,4.0,4.0,4.0,4.0,4.0,4.0,4.0,0.75,1.0,0.75,0.75,0.5,1.0,1.0,1.0
8470621,20232024,F,19,10566,5.0,14.0,7.0,14.0,5.0,14.0,8.0,14.0,8.0,14.0,8.0,14.0,6.0,14.0,10.0,14.0,0.35714285714285715,0.5,0.35714285714285715,0.5714285714285714,0.5714285714285714,0.5714285714285714,0.42857142857142855,0.7142857142857143
8470621,20242025,F,22,14867,10.0,21.0,14.0,21.0,10.0,21.0,13.0,21.0,11.0,21.0,17.0,21.0,10.0,21.0,16.0,21.0,0.47619047619047616,0.6666666666666666,0.47619047619047616,0.6190476190476191,0.5238095238095238,0.8095238095238095,0.47619047619047616,0.7619047619047619
8470638,20222023,F,3,2480,1.0,3.0,2.0,3.0,1.0,3.0,2.0,3.0,1.0,3.0,2.0,3.0,1.0,3.0,2.0,3.0,0.3333333333333333,0.6666666666666666,0.3333333333333333,0.6666666666666666,0.3333333333333333,0.6666666666666666,0.3333333333333333,0.6666666666666666
8470794,20222023,F,14,12700,8.0,14.0,10.0,14.0,8.0,14.0,9.0,14.0,7.0,14.0,9.0,14.0,6.0,14.0,9.0,14.0,0.5714285714285714,0.7142857142857143,0.5714285714285714,0.6428571428571429,0.5,0.6428571428571429,0.42857142857142855,0.6428571428571429
8470794,20232024,F,19,16283,9.0,19.0,11.0,19.0,10.0,19.0,12.0,19.0,10.0,19.0,8.0,19.0,10.0,19.0,12.0,19.0,0.47368421052631576,0.5789473684210527,0.5263157894736842,0.631578947368421,0.5263157894736842,0.42105263157894735,0.5263157894736842,0.631578947368421
8470966,20222023,D,11,7501,5.0,8.0,5.0,8.0,7.0,8.0,3.0,8.0,4.0,8.0,6.0,8.0,5.0,8.0,4.0,8.0,0.625,0.625,0.875,0.375,0.5,0.75,0.625,0.5
8471214,20232024,F,4,3065,1.0,4.0,3.0,4.0,1.0,4.0,2.0,4.0,1.0,4.0,3.0,4.0,0.0,4.0,2.0,4.0,0.25,0.75,0.25,0.5,0.25,0.75,0.0,0.5
8471214,20242025,F,10,7667,7.0,10.0,4.0,10.0,5.0,10.0,5.0,10.0,5.0,10.0,5.0,10.0,3.0,10.0,4.0,10.0,0.7,0.4,0.5,0.5,0.5,0.5,0.3,0.4
8471218,20222023,F,5,4223,2.0,5.0,3.0,5.0,1.0,5.0,2.0,5.0,2.0,5.0,3.0,5.0,2.0,5.0,3.0,5.0,0.4,0.6,0.2,0.4,0.4,0.6,0.4,0.6
8471218,20232024,F,1,524,0.0,1.0,0.0,1.0,0.0,1.0,0.0,1.0,0.0,1.0,0.0,1.0,0.0,1.0,1.0,1.0,0.0,0.0,0.0,0.0,0.0,0.0,0.0,1.0
8471276,20222023,F,4,3658,2.0,4.0,1.0,4.0,2.0,4.0,1.0,4.0,2.0,4.0,1.0,4.0,2.0,4.0,2.0,4.0,0.5,0.25,0.5,0.25,0.5,0.25,0.5,0.5
8471303,20222023,D,4,2517,2.0,4.0,0.0,4.0,1.0,4.0,0.0,4.0,1.0,4.0,0.0,4.0,0.0,4.0,1.0,4.0,0.5,0.0,0.25,0.0,0.25,0.0,0.0,0.25
8471669,20222023,F,15,8721,6.0,9.0,4.0,9.0,5.0,9.0,4.0,9.0,4.0,9.0,6.0,9.0,4.0,9.0,4.0,9.0,0.6666666666666666,0.4444444444444444,0.5555555555555556,0.4444444444444444,0.4444444444444444,0.6666666666666666,0.4444444444444444,0.4444444444444444
8471677,20222023,D,3,2409,1.0,3.0,0.0,3.0,0.0,3.0,0.0,3.0,1.0,3.0,1.0,3.0,0.0,3.0,1.0,3.0,0.3333333333333333,0.0,0.0,0.0,0.3333333333333333,0.3333333333333333,0.0,0.3333333333333333
8471677,20232024,D,11,7930,4.0,11.0,5.0,11.0,6.0,11.0,5.0,11.0,2.0,11.0,4.0,11.0,6.0,11.0,3.0,11.0,0.36363636363636365,0.45454545454545453,0.5454545454545454,0.45454545454545453,0.18181818181818182,0.36363636363636365,0.5454545454545454,0.2727272727272727
8471685,20222023,F,6,6104,4.0,6.0,2.0,6.0,2.0,6.0,0.0,6.0,2.0,6.0,5.0,6.0,1.0,6.0,4.0,6.0,0.6666666666666666,0.3333333333333333,0.3333333333333333,0.0,0.3333333333333333,0.8333333333333334,0.16666666666666666,0.6666666666666666
8471685,20232024,F,5,4663,3.0,5.0,3.0,5.0,3.0,5.0,3.0,5.0,4.0,5.0,4.0,5.0,3.0,5.0,3.0,5.0,0.6,0.6,0.6,0.6,0.8,0.8,0.6,0.6
8471685,20242025,F,6,6105,2.0,6.0,3.0,6.0,2.0,6.0,4.0,6.0,3.0,6.0,5.0,6.0,4.0,6.0,4.0,6.0,0.3333333333333333,0.5,0.3333333333333333,0.6666666666666666,0.5,0.8333333333333334,0.6666666666666666,0.6666666666666666
8471686,20222023,D,21,20863,12.0,21.0,4.0,21.0,15.0,21.0,1.0,21.0,10.0,21.0,5.0,21.0,11.0,21.0,2.0,21.0,0.5714285714285714,0.19047619047619047,0.7142857142857143,0.047619047619047616,0.47619047619047616,0.23809523809523808,0.5238095238095238,0.09523809523809523
8471698,20232024,F,4,3265,2.0,4.0,2.0,4.0,2.0,4.0,2.0,4.0,2.0,4.0,2.0,4.0,1.0,4.0,2.0,4.0,0.5,0.5,0.5,0.5,0.5,0.5,0.25,0.5
8471699,20222023,F,4,1913,1.0,1.0,0.0,1.0,1.0,1.0,0.0,1.0,1.0,1.0,0.0,1.0,1.0,1.0,0.0,1.0,1.0,0.0,1.0,0.0,1.0,0.0,1.0,0.0
8471699,20232024,F,11,4542,2.0,2.0,2.0,2.0,2.0,2.0,2.0,2.0,2.0,2.0,1.0,2.0,2.0,2.0,2.0,2.0,1.0,1.0,1.0,1.0,1.0,0.5,1.0,1.0
8471817,20222023,F,6,2562,1.0,1.0,0.0,1.0,1.0,1.0,1.0,1.0,1.0,1.0,0.0,1.0,1.0,1.0,0.0,1.0,1.0,0.0,1.0,1.0,1.0,0.0,1.0,0.0
8471817,20232024,F,5,2144,0.0,1.0,1.0,1.0,0.0,1.0,1.0,1.0,0.0,1.0,1.0,1.0,0.0,1.0,1.0,1.0,0.0,1.0,0.0,1.0,0.0,1.0,0.0,1.0
8473419,20222023,F,7,6466,3.0,7.0,3.0,7.0,4.0,7.0,3.0,7.0,3.0,7.0,4.0,7.0,4.0,7.0,5.0,7.0,0.42857142857142855,0.42857142857142855,0.5714285714285714,0.42857142857142855,0.42857142857142855,0.5714285714285714,0.5714285714285714,0.7142857142857143
8473419,20232024,F,11,9606,6.0,10.0,5.0,10.0,4.0,10.0,5.0,10.0,3.0,10.0,5.0,10.0,4.0,10.0,5.0,10.0,0.6,0.5,0.4,0.5,0.3,0.5,0.4,0.5
8473419,20242025,F,23,16886,16.0,22.0,12.0,22.0,13.0,22.0,10.0,22.0,13.0,22.0,11.0,22.0,14.0,22.0,11.0,22.0,0.7272727272727273,0.5454545454545454,0.5909090909090909,0.45454545454545453,0.5909090909090909,0.5,0.6363636363636364,0.5
8473422,20222023,F,6,3533,1.0,5.0,3.0,5.0,1.0,5.0,3.0,5.0,1.0,5.0,3.0,5.0,0.0,5.0,4.0,5.0,0.2,0.6,0.2,0.6,0.2,0.6,0.0,0.8
8473446,20222023,D,7,5038,4.0,6.0,2.0,6.0,3.0,6.0,2.0,6.0,3.0,6.0,2.0,6.0,2.0,6.0,2.0,6.0,0.6666666666666666,0.3333333333333333,0.5,0.3333333333333333,0.5,0.3333333333333333,0.3333333333333333,0.3333333333333333
8473446,20242025,D,2,1332,1.0,2.0,1.0,2.0,1.0,2.0,2.0,2.0,1.0,2.0,2.0,2.0,2.0,2.0,2.0,2.0,0.5,0.5,0.5,1.0,0.5,1.0,1.0,1.0
8473449,20232024,F,17,7610,2.0,4.0,2.0,4.0,2.0,4.0,2.0,4.0,1.0,4.0,2.0,4.0,1.0,4.0,2.0,4.0,0.5,0.5,0.5,0.5,0.25,0.5,0.25,0.5
8473453,20232024,F,5,2486,1.0,3.0,2.0,3.0,1.0,3.0,2.0,3.0,1.0,3.0,2.0,3.0,1.0,3.0,2.0,3.0,0.3333333333333333,0.6666666666666666,0.3333333333333333,0.6666666666666666,0.3333333333333333,0.6666666666666666,0.3333333333333333,0.6666666666666666
8473453,20242025,F,2,498,0.0,0.0,0.0,0.0,0.0,0.0,0.0,0.0,0.0,0.0,0.0,0.0,0.0,0.0,0.0,0.0,,,,,,,,
8473504,20222023,F,6,3496,0.0,4.0,1.0,4.0,2.0,4.0,2.0,4.0,0.0,4.0,2.0,4.0,1.0,4.0,3.0,4.0,0.0,0.25,0.5,0.5,0.0,0.5,0.25,0.75
8473504,20232024,F,5,2361,3.0,3.0,1.0,3.0,2.0,3.0,2.0,3.0,3.0,3.0,2.0,3.0,2.0,3.0,2.0,3.0,1.0,0.3333333333333333,0.6666666666666666,0.6666666666666666,1.0,0.6666666666666666,0.6666666666666666,0.6666666666666666
8473512,20242025,F,6,4848,2.0,6.0,4.0,6.0,2.0,6.0,2.0,6.0,3.0,6.0,4.0,6.0,3.0,6.0,2.0,6.0,0.3333333333333333,0.6666666666666666,0.3333333333333333,0.3333333333333333,0.5,0.6666666666666666,0.5,0.3333333333333333
8473533,20222023,F,15,12028,11.0,15.0,4.0,15.0,12.0,15.0,3.0,15.0,9.0,15.0,6.0,15.0,9.0,15.0,7.0,15.0,0.7333333333333333,0.26666666666666666,0.8,0.2,0.6,0.4,0.6,0.4666666666666667
8473533,20232024,F,11,8887,6.0,11.0,5.0,11.0,7.0,11.0,5.0,11.0,7.0,11.0,6.0,11.0,8.0,11.0,5.0,11.0,0.5454545454545454,0.45454545454545453,0.6363636363636364,0.45454545454545453,0.6363636363636364,0.5454545454545454,0.7272727272727273,0.45454545454545453
8473533,20242025,F,15,11612,8.0,15.0,9.0,15.0,7.0,15.0,10.0,15.0,5.0,15.0,9.0,15.0,5.0,15.0,10.0,15.0,0.5333333333333333,0.6,0.4666666666666667,0.6666666666666666,0.3333333333333333,0.6,0.3333333333333333,0.6666666666666666
8473548,20222023,F,4,2213,2.0,3.0,0.0,3.0,2.0,3.0,0.0,3.0,2.0,3.0,0.0,3.0,2.0,3.0,0.0,3.0,0.6666666666666666,0.0,0.6666666666666666,0.0,0.6666666666666666,0.0,0.6666666666666666,0.0
8473986,20222023,F,6,5300,4.0,6.0,4.0,6.0,2.0,6.0,2.0,6.0,2.0,6.0,5.0,6.0,2.0,6.0,3.0,6.0,0.6666666666666666,0.6666666666666666,0.3333333333333333,0.3333333333333333,0.3333333333333333,0.8333333333333334,0.3333333333333333,0.5
8473994,20222023,F,17,12712,8.0,16.0,7.0,16.0,9.0,16.0,7.0,16.0,7.0,16.0,3.0,16.0,7.0,16.0,6.0,16.0,0.5,0.4375,0.5625,0.4375,0.4375,0.1875,0.4375,0.375
8473994,20232024,F,19,15521,10.0,19.0,12.0,19.0,10.0,19.0,12.0,19.0,7.0,19.0,12.0,19.0,6.0,19.0,11.0,19.0,0.5263157894736842,0.631578947368421,0.5263157894736842,0.631578947368421,0.3684210526315789,0.631578947368421,0.3157894736842105,0.5789473684210527
8473994,20242025,F,18,11975,10.0,18.0,11.0,18.0,10.0,18.0,9.0,18.0,10.0,18.0,9.0,18.0,10.0,18.0,10.0,18.0,0.5555555555555556,0.6111111111111112,0.5555555555555556,0.5,0.5555555555555556,0.5,0.5555555555555556,0.5555555555555556
8474013,20222023,D,6,5058,4.0,6.0,4.0,6.0,5.0,6.0,2.0,6.0,4.0,6.0,4.0,6.0,5.0,6.0,4.0,6.0,0.6666666666666666,0.6666666666666666,0.8333333333333334,0.3333333333333333,0.6666666666666666,0.6666666666666666,0.8333333333333334,0.6666666666666666
8474013,20232024,D,13,10950,5.0,13.0,10.0,13.0,4.0,13.0,8.0,13.0,4.0,13.0,8.0,13.0,4.0,13.0,8.0,13.0,0.38461538461538464,0.7692307692307693,0.3076923076923077,0.6153846153846154,0.3076923076923077,0.6153846153846154,0.3076923076923077,0.6153846153846154
8474031,20232024,D,6,3822,2.0,5.0,4.0,5.0,3.0,5.0,4.0,5.0,2.0,5.0,4.0,5.0,3.0,5.0,4.0,5.0,0.4,0.8,0.6,0.8,0.4,0.8,0.6,0.8
8474034,20222023,F,6,3138,2.0,4.0,3.0,4.0,2.0,4.0,2.0,4.0,1.0,4.0,4.0,4.0,3.0,4.0,4.0,4.0,0.5,0.75,0.5,0.5,0.25,1.0,0.75,1.0
8474034,20232024,F,13,6501,5.0,9.0,7.0,9.0,5.0,9.0,5.0,9.0,5.0,9.0,6.0,9.0,6.0,9.0,6.0,9.0,0.5555555555555556,0.7777777777777778,0.5555555555555556,0.5555555555555556,0.5555555555555556,0.6666666666666666,0.6666666666666666,0.6666666666666666
8474037,20232024,F,11,6547,6.0,10.0,8.0,10.0,7.0,10.0,7.0,10.0,6.0,10.0,6.0,10.0,5.0,10.0,7.0,10.0,0.6,0.8,0.7,0.7,0.6,0.6,0.5,0.7
8474090,20222023,D,3,2340,1.0,3.0,0.0,3.0,1.0,3.0,0.0,3.0,0.0,3.0,0.0,3.0,0.0,3.0,0.0,3.0,0.3333333333333333,0.0,0.3333333333333333,0.0,0.0,0.0,0.0,0.0
8474102,20242025,F,6,4021,1.0,6.0,3.0,6.0,3.0,6.0,4.0,6.0,3.0,6.0,2.0,6.0,3.0,6.0,4.0,6.0,0.16666666666666666,0.5,0.5,0.6666666666666666,0.5,0.3333333333333333,0.5,0.6666666666666666
8474141,20222023,F,7,5611,4.0,7.0,3.0,7.0,4.0,7.0,2.0,7.0,3.0,7.0,3.0,7.0,4.0,7.0,3.0,7.0,0.5714285714285714,0.42857142857142855,0.5714285714285714,0.2857142857142857,0.42857142857142855,0.42857142857142855,0.5714285714285714,0.42857142857142855
8474145,20232024,D,5,3228,1.0,4.0,2.0,4.0,1.0,4.0,1.0,4.0,2.0,4.0,2.0,4.0,2.0,4.0,2.0,4.0,0.25,0.5,0.25,0.25,0.5,0.5,0.5,0.5
8474149,20222023,F,16,12040,9.0,14.0,7.0,14.0,10.0,14.0,7.0,14.0,9.0,14.0,7.0,14.0,8.0,14.0,4.0,14.0,0.6428571428571429,0.5,0.7142857142857143,0.5,0.6428571428571429,0.5,0.5714285714285714,0.2857142857142857
8474149,20232024,F,19,12769,13.0,19.0,8.0,19.0,13.0,19.0,9.0,19.0,10.0,19.0,5.0,19.0,12.0,19.0,9.0,19.0,0.6842105263157895,0.42105263157894735,0.6842105263157895,0.47368421052631576,0.5263157894736842,0.2631578947368421,0.631578947368421,0.47368421052631576
8474149,20242025,F,16,10223,8.0,16.0,10.0,16.0,8.0,16.0,8.0,16.0,6.0,16.0,9.0,16.0,8.0,16.0,11.0,16.0,0.5,0.625,0.5,0.5,0.375,0.5625,0.5,0.6875
8474151,20232024,D,6,6690,4.0,6.0,4.0,6.0,2.0,6.0,4.0,6.0,5.0,6.0,2.0,6.0,2.0,6.0,2.0,6.0,0.6666666666666666,0.6666666666666666,0.3333333333333333,0.6666666666666666,0.8333333333333334,0.3333333333333333,0.3333333333333333,0.3333333333333333
8474151,20242025,D,5,4551,2.0,5.0,2.0,5.0,3.0,5.0,2.0,5.0,3.0,5.0,2.0,5.0,3.0,5.0,2.0,5.0,0.4,0.4,0.6,0.4,0.6,0.4,0.6,0.4
8474157,20232024,F,4,2488,2.0,4.0,2.0,4.0,2.0,4.0,3.0,4.0,2.0,4.0,2.0,4.0,1.0,4.0,3.0,4.0,0.5,0.5,0.5,0.75,0.5,0.5,0.25,0.75
8474157,20242025,F,11,7242,4.0,11.0,2.0,11.0,4.0,11.0,2.0,11.0,6.0,11.0,2.0,11.0,6.0,11.0,3.0,11.0,0.36363636363636365,0.18181818181818182,0.36363636363636365,0.18181818181818182,0.5454545454545454,0.18181818181818182,0.5454545454545454,0.2727272727272727
8474166,20222023,D,22,22102,13.0,22.0,7.0,22.0,10.0,22.0,7.0,22.0,13.0,22.0,8.0,22.0,12.0,22.0,7.0,22.0,0.5909090909090909,0.3181818181818182,0.45454545454545453,0.3181818181818182,0.5909090909090909,0.36363636363636365,0.5454545454545454,0.3181818181818182
8474166,20232024,D,6,5332,3.0,6.0,2.0,6.0,2.0,6.0,2.0,6.0,3.0,6.0,2.0,6.0,3.0,6.0,2.0,6.0,0.5,0.3333333333333333,0.3333333333333333,0.3333333333333333,0.5,0.3333333333333333,0.5,0.3333333333333333
8474189,20222023,F,7,5250,3.0,7.0,4.0,7.0,2.0,7.0,5.0,7.0,2.0,7.0,4.0,7.0,2.0,7.0,5.0,7.0,0.42857142857142855,0.5714285714285714,0.2857142857142857,0.7142857142857143,0.2857142857142857,0.5714285714285714,0.2857142857142857,0.7142857142857143
8474189,20242025,F,9,5405,4.0,9.0,3.0,9.0,3.0,9.0,4.0,9.0,3.0,9.0,4.0,9.0,3.0,9.0,4.0,9.0,0.4444444444444444,0.3333333333333333,0.3333333333333333,0.4444444444444444,0.3333333333333333,0.4444444444444444,0.3333333333333333,0.4444444444444444
8474563,20222023,D,6,7887,3.0,6.0,1.0,6.0,3.0,6.0,0.0,6.0,3.0,6.0,3.0,6.0,3.0,6.0,3.0,6.0,0.5,0.16666666666666666,0.5,0.0,0.5,0.5,0.5,0.5
8474563,20232024,D,5,6566,2.0,5.0,2.0,5.0,3.0,5.0,3.0,5.0,2.0,5.0,2.0,5.0,3.0,5.0,2.0,5.0,0.4,0.4,0.6,0.6,0.4,0.4,0.6,0.4
8474563,20242025,D,6,8052,2.0,6.0,3.0,6.0,2.0,6.0,3.0,6.0,2.0,6.0,4.0,6.0,2.0,6.0,3.0,6.0,0.3333333333333333,0.5,0.3333333333333333,0.5,0.3333333333333333,0.6666666666666666,0.3333333333333333,0.5
8474564,20222023,F,6,4941,4.0,6.0,2.0,6.0,4.0,6.0,0.0,6.0,3.0,6.0,2.0,6.0,3.0,6.0,1.0,6.0,0.6666666666666666,0.3333333333333333,0.6666666666666666,0.0,0.5,0.3333333333333333,0.5,0.16666666666666666
8474564,20232024,F,5,4741,3.0,5.0,2.0,5.0,3.0,5.0,2.0,5.0,0.0,5.0,1.0,5.0,1.0,5.0,2.0,5.0,0.6,0.4,0.6,0.4,0.0,0.2,0.2,0.4
8474565,20222023,D,21,23139,13.0,21.0,6.0,21.0,12.0,21.0,8.0,21.0,13.0,21.0,7.0,21.0,12.0,21.0,9.0,21.0,0.6190476190476191,0.2857142857142857,0.5714285714285714,0.38095238095238093,0.6190476190476191,0.3333333333333333,0.5714285714285714,0.42857142857142855
8474565,20232024,D,7,8256,3.0,7.0,1.0,7.0,3.0,7.0,2.0,7.0,3.0,7.0,2.0,7.0,5.0,7.0,2.0,7.0,0.42857142857142855,0.14285714285714285,0.42857142857142855,0.2857142857142857,0.42857142857142855,0.2857142857142857,0.7142857142857143,0.2857142857142857
8474565,20242025,D,10,10779,4.0,10.0,5.0,10.0,3.0,10.0,5.0,10.0,4.0,10.0,5.0,10.0,4.0,10.0,3.0,10.0,0.4,0.5,0.3,0.5,0.4,0.5,0.4,0.3
8474567,20222023,D,5,3263,2.0,4.0,1.0,4.0,2.0,4.0,1.0,4.0,2.0,4.0,1.0,4.0,2.0,4.0,1.0,4.0,0.5,0.25,0.5,0.25,0.5,0.25,0.5,0.25
8474567,20242025,D,6,3753,3.0,5.0,1.0,5.0,3.0,5.0,2.0,5.0,3.0,5.0,0.0,5.0,3.0,5.0,0.0,5.0,0.6,0.2,0.6,0.4,0.6,0.0,0.6,0.0
8474568,20222023,D,11,9928,10.0,11.0,5.0,11.0,11.0,11.0,5.0,11.0,10.0,11.0,5.0,11.0,10.0,11.0,5.0,11.0,0.9090909090909091,0.45454545454545453,1.0,0.45454545454545453,0.9090909090909091,0.45454545454545453,0.9090909090909091,0.45454545454545453
8474568,20232024,D,5,3706,1.0,5.0,3.0,5.0,3.0,5.0,3.0,5.0,4.0,5.0,2.0,5.0,4.0,5.0,2.0,5.0,0.2,0.6,0.6,0.6,0.8,0.4,0.8,0.4
8474568,20242025,D,11,8903,7.0,11.0,5.0,11.0,5.0,11.0,8.0,11.0,6.0,11.0,6.0,11.0,6.0,11.0,8.0,11.0,0.6363636363636364,0.45454545454545453,0.45454545454545453,0.7272727272727273,0.5454545454545454,0.5454545454545454,0.5454545454545454,0.7272727272727273
8474574,20232024,D,12,11519,3.0,12.0,5.0,12.0,4.0,12.0,6.0,12.0,4.0,12.0,5.0,12.0,3.0,12.0,5.0,12.0,0.25,0.4166666666666667,0.3333333333333333,0.5,0.3333333333333333,0.4166666666666667,0.25,0.4166666666666667
8474586,20222023,F,14,12415,6.0,14.0,5.0,14.0,7.0,14.0,8.0,14.0,5.0,14.0,9.0,14.0,6.0,14.0,8.0,14.0,0.42857142857142855,0.35714285714285715,0.5,0.5714285714285714,0.35714285714285715,0.6428571428571429,0.42857142857142855,0.5714285714285714
8474590,20232024,D,4,4748,3.0,4.0,2.0,4.0,2.0,4.0,2.0,4.0,3.0,4.0,1.0,4.0,2.0,4.0,2.0,4.0,0.75,0.5,0.5,0.5,0.75,0.25,0.5,0.5
8474590,20242025,D,10,11270,4.0,10.0,4.0,10.0,3.0,10.0,5.0,10.0,4.0,10.0,6.0,10.0,3.0,10.0,6.0,10.0,0.4,0.4,0.3,0.5,0.4,0.6,0.3,0.6
8474600,20232024,D,6,7490,3.0,6.0,4.0,6.0,3.0,6.0,5.0,6.0,3.0,6.0,5.0,6.0,3.0,6.0,4.0,6.0,0.5,0.6666666666666666,0.5,0.8333333333333334,0.5,0.8333333333333334,0.5,0.6666666666666666
8474602,20222023,D,14,11136,7.0,14.0,7.0,14.0,7.0,14.0,8.0,14.0,8.0,14.0,11.0,14.0,6.0,14.0,12.0,14.0,0.5,0.5,0.5,0.5714285714285714,0.5714285714285714,0.7857142857142857,0.42857142857142855,0.8571428571428571
8474613,20222023,F,11,6612,4.0,9.0,6.0,9.0,5.0,9.0,5.0,9.0,4.0,9.0,7.0,9.0,2.0,9.0,6.0,9.0,0.4444444444444444,0.6666666666666666,0.5555555555555556,0.5555555555555556,0.4444444444444444,0.7777777777777778,0.2222222222222222,0.6666666666666666
8474641,20232024,F,17,12454,5.0,17.0,8.0,17.0,7.0,17.0,7.0,17.0,6.0,17.0,8.0,17.0,6.0,17.0,8.0,17.0,0.29411764705882354,0.47058823529411764,0.4117647058823529,0.4117647058823529,0.35294117647058826,0.47058823529411764,0.35294117647058826,0.47058823529411764
8474641,20242025,F,22,14952,10.0,22.0,9.0,22.0,9.0,22.0,7.0,22.0,8.0,22.0,11.0,22.0,8.0,22.0,12.0,22.0,0.45454545454545453,0.4090909090909091,0.4090909090909091,0.3181818181818182,0.36363636363636365,0.5,0.36363636363636365,0.5454545454545454
8474673,20222023,D,11,12079,4.0,11.0,4.0,11.0,8.0,11.0,4.0,11.0,5.0,11.0,5.0,11.0,5.0,11.0,5.0,11.0,0.36363636363636365,0.36363636363636365,0.7272727272727273,0.36363636363636365,0.45454545454545453,0.45454545454545453,0.45454545454545453,0.45454545454545453
8474673,20232024,D,1,778,0.0,1.0,1.0,1.0,0.0,1.0,1.0,1.0,0.0,1.0,1.0,1.0,1.0,1.0,1.0,1.0,0.0,1.0,0.0,1.0,0.0,1.0,1.0,1.0
8474679,20222023,F,6,4110,4.0,6.0,2.0,6.0,1.0,6.0,4.0,6.0,4.0,6.0,2.0,6.0,1.0,6.0,2.0,6.0,0.6666666666666666,0.3333333333333333,0.16666666666666666,0.6666666666666666,0.6666666666666666,0.3333333333333333,0.16666666666666666,0.3333333333333333
8474679,20232024,F,6,5864,5.0,6.0,4.0,6.0,3.0,6.0,2.0,6.0,5.0,6.0,4.0,6.0,2.0,6.0,4.0,6.0,0.8333333333333334,0.6666666666666666,0.5,0.3333333333333333,0.8333333333333334,0.6666666666666666,0.3333333333333333,0.6666666666666666
8474679,20242025,F,6,3345,2.0,3.0,2.0,3.0,2.0,3.0,1.0,3.0,2.0,3.0,2.0,3.0,2.0,3.0,2.0,3.0,0.6666666666666666,0.6666666666666666,0.6666666666666666,0.3333333333333333,0.6666666666666666,0.6666666666666666,0.6666666666666666,0.6666666666666666
8474709,20222023,F,6,3420,2.0,5.0,2.0,5.0,3.0,5.0,3.0,5.0,2.0,5.0,3.0,5.0,2.0,5.0,3.0,5.0,0.4,0.4,0.6,0.6,0.4,0.6,0.4,0.6
8474709,20232024,F,3,1658,3.0,3.0,3.0,3.0,3.0,3.0,3.0,3.0,3.0,3.0,3.0,3.0,3.0,3.0,3.0,3.0,1.0,1.0,1.0,1.0,1.0,1.0,1.0,1.0
8474716,20222023,D,6,5868,3.0,6.0,5.0,6.0,3.0,6.0,5.0,6.0,3.0,6.0,5.0,6.0,3.0,6.0,4.0,6.0,0.5,0.8333333333333334,0.5,0.8333333333333334,0.5,0.8333333333333334,0.5,0.6666666666666666
8474716,20242025,D,6,6440,4.0,6.0,3.0,6.0,2.0,6.0,4.0,6.0,4.0,6.0,3.0,6.0,3.0,6.0,3.0,6.0,0.6666666666666666,0.5,0.3333333333333333,0.6666666666666666,0.6666666666666666,0.5,0.5,0.5
8475149,20222023,F,6,4796,1.0,6.0,5.0,6.0,1.0,6.0,6.0,6.0,0.0,6.0,5.0,6.0,1.0,6.0,5.0,6.0,0.16666666666666666,0.8333333333333334,0.16666666666666666,1.0,0.0,0.8333333333333334,0.16666666666666666,0.8333333333333334
8475149,20242025,F,5,3650,4.0,5.0,2.0,5.0,3.0,5.0,2.0,5.0,4.0,5.0,1.0,5.0,5.0,5.0,2.0,5.0,0.8,0.4,0.6,0.4,0.8,0.2,1.0,0.4
8475151,20222023,F,6,4623,4.0,6.0,2.0,6.0,5.0,6.0,2.0,6.0,4.0,6.0,2.0,6.0,5.0,6.0,3.0,6.0,0.6666666666666666,0.3333333333333333,0.8333333333333334,0.3333333333333333,0.6666666666666666,0.3333333333333333,0.8333333333333334,0.5
8475151,20232024,F,5,4515,0.0,5.0,1.0,5.0,0.0,5.0,2.0,5.0,0.0,5.0,2.0,5.0,1.0,5.0,3.0,5.0,0.0,0.2,0.0,0.4,0.0,0.4,0.2,0.6
8475158,20222023,F,11,10270,5.0,11.0,4.0,11.0,5.0,11.0,5.0,11.0,4.0,11.0,5.0,11.0,3.0,11.0,6.0,11.0,0.45454545454545453,0.36363636363636365,0.45454545454545453,0.45454545454545453,0.36363636363636365,0.45454545454545453,0.2727272727272727,0.5454545454545454
8475158,20232024,F,6,6394,3.0,6.0,4.0,6.0,3.0,6.0,4.0,6.0,3.0,6.0,5.0,6.0,2.0,6.0,4.0,6.0,0.5,0.6666666666666666,0.5,0.6666666666666666,0.5,0.8333333333333334,0.3333333333333333,0.6666666666666666
8475166,20222023,F,11,9956,7.0,11.0,6.0,11.0,9.0,11.0,5.0,11.0,5.0,11.0,7.0,11.0,8.0,11.0,5.0,11.0,0.6363636363636364,0.5454545454545454,0.8181818181818182,0.45454545454545453,0.45454545454545453,0.6363636363636364,0.7272727272727273,0.45454545454545453
8475166,20232024,F,7,6531,1.0,7.0,6.0,7.0,3.0,7.0,5.0,7.0,2.0,7.0,5.0,7.0,3.0,7.0,3.0,7.0,0.14285714285714285,0.8571428571428571,0.42857142857142855,0.7142857142857143,0.2857142857142857,0.7142857142857143,0.42857142857142855,0.42857142857142855
8475166,20242025,F,13,11682,7.0,13.0,7.0,13.0,7.0,13.0,8.0,13.0,10.0,13.0,8.0,13.0,8.0,13.0,10.0,13.0,0.5384615384615384,0.5384615384615384,0.5384615384615384,0.6153846153846154,0.7692307692307693,0.6153846153846154,0.6153846153846154,0.7692307692307693
8475167,20222023,D,5,5438,2.0,4.0,3.0,4.0,1.0,4.0,1.0,4.0,2.0,4.0,2.0,4.0,2.0,4.0,3.0,4.0,0.5,0.75,0.25,0.25,0.5,0.5,0.5,0.75
8475167,20232024,D,5,5657,3.0,5.0,2.0,5.0,2.0,5.0,3.0,5.0,2.0,5.0,2.0,5.0,2.0,5.0,1.0,5.0,0.6,0.4,0.4,0.6,0.4,0.4,0.4,0.2
8475167,20242025,D,5,5539,3.0,5.0,4.0,5.0,3.0,5.0,3.0,5.0,3.0,5.0,4.0,5.0,3.0,5.0,3.0,5.0,0.6,0.8,0.6,0.6,0.6,0.8,0.6,0.6
8475168,20232024,F,19,15506,10.0,19.0,12.0,19.0,8.0,19.0,11.0,19.0,7.0,19.0,11.0,19.0,7.0,19.0,8.0,19.0,0.5263157894736842,0.631578947368421,0.42105263157894735,0.5789473684210527,0.3684210526315789,0.5789473684210527,0.3684210526315789,0.42105263157894735
8475168,20242025,F,18,14517,11.0,18.0,8.0,18.0,11.0,18.0,11.0,18.0,13.0,18.0,12.0,18.0,12.0,18.0,11.0,18.0,0.6111111111111112,0.4444444444444444,0.6111111111111112,0.6111111111111112,0.7222222222222222,0.6666666666666666,0.6666666666666666,0.6111111111111112
8475169,20222023,F,12,11592,12.0,12.0,4.0,12.0,10.0,12.0,5.0,12.0,6.0,12.0,6.0,12.0,8.0,12.0,5.0,12.0,1.0,0.3333333333333333,0.8333333333333334,0.4166666666666667,0.5,0.5,0.6666666666666666,0.4166666666666667
8475169,20232024,F,20,15846,9.0,18.0,8.0,18.0,8.0,18.0,8.0,18.0,10.0,18.0,7.0,18.0,11.0,18.0,8.0,18.0,0.5,0.4444444444444444,0.4444444444444444,0.4444444444444444,0.5555555555555556,0.3888888888888889,0.6111111111111112,0.4444444444444444
8475170,20242025,F,7,6019,3.0,7.0,3.0,7.0,3.0,7.0,4.0,7.0,5.0,7.0,1.0,7.0,5.0,7.0,3.0,7.0,0.42857142857142855,0.42857142857142855,0.42857142857142855,0.5714285714285714,0.7142857142857143,0.14285714285714285,0.7142857142857143,0.42857142857142855
8475171,20232024,D,24,17614,9.0,24.0,18.0,24.0,9.0,24.0,19.0,24.0,11.0,24.0,21.0,24.0,11.0,24.0,18.0,24.0,0.375,0.75,0.375,0.7916666666666666,0.4583333333333333,0.875,0.4583333333333333,0.75
8475171,20242025,D,13,12277,5.0,13.0,6.0,13.0,6.0,13.0,4.0,13.0,6.0,13.0,4.0,13.0,5.0,13.0,4.0,13.0,0.38461538461538464,0.46153846153846156,0.46153846153846156,0.3076923076923077,0.46153846153846156,0.3076923076923077,0.38461538461538464,0.3076923076923077
8475177,20232024,D,1,460,0.0,0.0,0.0,0.0,0.0,0.0,0.0,0.0,0.0,0.0,0.0,0.0,0.0,0.0,0.0,0.0,,,,,,,,
8475179,20232024,D,24,16734,8.0,24.0,17.0,24.0,8.0,24.0,16.0,24.0,10.0,24.0,15.0,24.0,11.0,24.0,13.0,24.0,0.3333333333333333,0.7083333333333334,0.3333333333333333,0.6666666666666666,0.4166666666666667,0.625,0.4583333333333333,0.5416666666666666
8475179,20242025,D,23,18033,13.0,23.0,14.0,23.0,12.0,23.0,11.0,23.0,12.0,23.0,13.0,23.0,12.0,23.0,11.0,23.0,0.5652173913043478,0.6086956521739131,0.5217391304347826,0.4782608695652174,0.5217391304347826,0.5652173913043478,0.5217391304347826,0.4782608695652174
8475181,20242025,D,7,5054,2.0,6.0,4.0,6.0,2.0,6.0,5.0,6.0,2.0,6.0,4.0,6.0,2.0,6.0,5.0,6.0,0.3333333333333333,0.6666666666666666,0.3333333333333333,0.8333333333333334,0.3333333333333333,0.6666666666666666,0.3333333333333333,0.8333333333333334
8475184,20222023,F,7,5933,2.0,7.0,5.0,7.0,2.0,7.0,5.0,7.0,1.0,7.0,6.0,7.0,2.0,7.0,6.0,7.0,0.2857142857142857,0.7142857142857143,0.2857142857142857,0.7142857142857143,0.14285714285714285,0.8571428571428571,0.2857142857142857,0.8571428571428571
8475184,20232024,F,16,13465,5.0,16.0,8.0,16.0,4.0,16.0,4.0,16.0,5.0,16.0,9.0,16.0,3.0,16.0,11.0,16.0,0.3125,0.5,0.25,0.25,0.3125,0.5625,0.1875,0.6875
8475188,20222023,D,21,19920,11.0,21.0,14.0,21.0,14.0,21.0,16.0,21.0,10.0,21.0,14.0,21.0,11.0,21.0,13.0,21.0,0.5238095238095238,0.6666666666666666,0.6666666666666666,0.7619047619047619,0.47619047619047616,0.6666666666666666,0.5238095238095238,0.6190476190476191
8475188,20232024,D,7,7562,3.0,7.0,3.0,7.0,2.0,7.0,3.0,7.0,3.0,7.0,6.0,7.0,4.0,7.0,4.0,7.0,0.42857142857142855,0.42857142857142855,0.2857142857142857,0.42857142857142855,0.42857142857142855,0.8571428571428571,0.5714285714285714,0.5714285714285714
8475188,20242025,D,11,11303,5.0,11.0,6.0,11.0,5.0,11.0,6.0,11.0,7.0,11.0,8.0,11.0,6.0,11.0,5.0,11.0,0.45454545454545453,0.5454545454545454,0.45454545454545453,0.5454545454545454,0.6363636363636364,0.7272727272727273,0.5454545454545454,0.45454545454545453
8475191,20222023,F,22,16928,10.0,22.0,8.0,22.0,8.0,22.0,10.0,22.0,9.0,22.0,11.0,22.0,7.0,22.0,10.0,22.0,0.45454545454545453,0.36363636363636365,0.36363636363636365,0.45454545454545453,0.4090909090909091,0.5,0.3181818181818182,0.45454545454545453
8475191,20242025,F,11,8107,4.0,11.0,5.0,11.0,4.0,11.0,6.0,11.0,4.0,11.0,4.0,11.0,5.0,11.0,7.0,11.0,0.36363636363636365,0.45454545454545453,0.36363636363636365,0.5454545454545454,0.36363636363636365,0.36363636363636365,0.45454545454545453,0.6363636363636364
8475193,20222023,F,12,8339,5.0,11.0,5.0,11.0,4.0,11.0,5.0,11.0,4.0,11.0,6.0,11.0,2.0,11.0,5.0,11.0,0.45454545454545453,0.45454545454545453,0.36363636363636365,0.45454545454545453,0.36363636363636365,0.5454545454545454,0.18181818181818182,0.45454545454545453
8475193,20242025,F,4,1899,0.0,2.0,1.0,2.0,1.0,2.0,1.0,2.0,0.0,2.0,2.0,2.0,0.0,2.0,1.0,2.0,0.0,0.5,0.5,0.5,0.0,1.0,0.0,0.5
8475197,20232024,D,1,791,0.0,1.0,1.0,1.0,0.0,1.0,1.0,1.0,0.0,1.0,1.0,1.0,1.0,1.0,1.0,1.0,0.0,1.0,0.0,1.0,0.0,1.0,1.0,1.0
8475200,20222023,D,7,7721,5.0,7.0,4.0,7.0,5.0,7.0,3.0,7.0,4.0,7.0,5.0,7.0,3.0,7.0,3.0,7.0,0.7142857142857143,0.5714285714285714,0.7142857142857143,0.42857142857142855,0.5714285714285714,0.7142857142857143,0.42857142857142855,0.42857142857142855
8475200,20232024,D,11,11708,8.0,11.0,7.0,11.0,8.0,11.0,7.0,11.0,8.0,11.0,6.0,11.0,6.0,11.0,5.0,11.0,0.7272727272727273,0.6363636363636364,0.7272727272727273,0.6363636363636364,0.7272727272727273,0.5454545454545454,0.5454545454545454,0.45454545454545453
8475200,20242025,D,15,15578,9.0,15.0,8.0,15.0,9.0,15.0,7.0,15.0,7.0,15.0,5.0,15.0,6.0,15.0,9.0,15.0,0.6,0.5333333333333333,0.6,0.4666666666666667,0.4666666666666667,0.3333333333333333,0.4,0.6
8475208,20242025,D,5,6180,5.0,5.0,1.0,5.0,4.0,5.0,2.0,5.0,5.0,5.0,2.0,5.0,5.0,5.0,2.0,5.0,1.0,0.2,0.8,0.4,1.0,0.4,1.0,0.4
8475218,20222023,D,12,12391,10.0,12.0,3.0,12.0,12.0,12.0,4.0,12.0,8.0,12.0,3.0,12.0,9.0,12.0,4.0,12.0,0.8333333333333334,0.25,1.0,0.3333333333333333,0.6666666666666666,0.25,0.75,0.3333333333333333
8475218,20232024,D,25,27089,12.0,25.0,13.0,25.0,11.0,25.0,14.0,25.0,14.0,25.0,15.0,25.0,13.0,25.0,15.0,25.0,0.48,0.52,0.44,0.56,0.56,0.6,0.52,0.6
8475218,20242025,D,7,6282,2.0,7.0,3.0,7.0,3.0,7.0,5.0,7.0,2.0,7.0,4.0,7.0,4.0,7.0,5.0,7.0,0.2857142857142857,0.42857142857142855,0.42857142857142855,0.7142857142857143,0.2857142857142857,0.5714285714285714,0.5714285714285714,0.7142857142857143
8475220,20222023,F,6,3500,3.0,4.0,2.0,4.0,2.0,4.0,3.0,4.0,3.0,4.0,2.0,4.0,1.0,4.0,2.0,4.0,0.75,0.5,0.5,0.75,0.75,0.5,0.25,0.5
8475220,20242025,F,6,4715,4.0,6.0,4.0,6.0,3.0,6.0,4.0,6.0,4.0,6.0,4.0,6.0,4.0,6.0,4.0,6.0,0.6666666666666666,0.6666666666666666,0.5,0.6666666666666666,0.6666666666666666,0.6666666666666666,0.6666666666666666,0.6666666666666666
8475225,20232024,F,14,8216,5.0,13.0,5.0,13.0,4.0,13.0,6.0,13.0,3.0,13.0,6.0,13.0,4.0,13.0,6.0,13.0,0.38461538461538464,0.38461538461538464,0.3076923076923077,0.46153846153846156,0.23076923076923078,0.46153846153846156,0.3076923076923077,0.46153846153846156
8475231,20222023,F,6,3973,1.0,6.0,2.0,6.0,4.0,6.0,3.0,6.0,1.0,6.0,4.0,6.0,2.0,6.0,6.0,6.0,0.16666666666666666,0.3333333333333333,0.6666666666666666,0.5,0.16666666666666666,0.6666666666666666,0.3333333333333333,1.0
8475231,20232024,F,5,3783,2.0,5.0,2.0,5.0,2.0,5.0,3.0,5.0,2.0,5.0,3.0,5.0,2.0,5.0,4.0,5.0,0.4,0.4,0.4,0.6,0.4,0.6,0.4,0.8
8475233,20242025,D,5,2833,2.0,5.0,2.0,5.0,2.0,5.0,1.0,5.0,2.0,5.0,3.0,5.0,2.0,5.0,1.0,5.0,0.4,0.4,0.4,0.2,0.4,0.6,0.4,0.2
8475287,20222023,F,12,9469,5.0,12.0,9.0,12.0,5.0,12.0,6.0,12.0,6.0,12.0,7.0,12.0,4.0,12.0,8.0,12.0,0.4166666666666667,0.75,0.4166666666666667,0.5,0.5,0.5833333333333334,0.3333333333333333,0.6666666666666666
8475287,20242025,F,5,4127,3.0,5.0,1.0,5.0,4.0,5.0,3.0,5.0,3.0,5.0,4.0,5.0,4.0,5.0,2.0,5.0,0.6,0.2,0.8,0.6,0.6,0.8,0.8,0.4
8475314,20222023,F,6,5006,2.0,6.0,0.0,6.0,1.0,6.0,0.0,6.0,2.0,6.0,2.0,6.0,2.0,6.0,1.0,6.0,0.3333333333333333,0.0,0.16666666666666666,0.0,0.3333333333333333,0.3333333333333333,0.3333333333333333,0.16666666666666666
8475314,20232024,F,5,4164,2.0,5.0,4.0,5.0,3.0,5.0,3.0,5.0,3.0,5.0,5.0,5.0,3.0,5.0,3.0,5.0,0.4,0.8,0.6,0.6,0.6,1.0,0.6,0.6
8475324,20232024,D,1,1070,1.0,1.0,1.0,1.0,1.0,1.0,1.0,1.0,0.0,1.0,0.0,1.0,0.0,1.0,0.0,1.0,1.0,1.0,1.0,1.0,0.0,0.0,0.0,0.0
8475324,20242025,D,6,6455,1.0,6.0,4.0,6.0,1.0,6.0,3.0,6.0,2.0,6.0,3.0,6.0,4.0,6.0,2.0,6.0,0.16666666666666666,0.6666666666666666,0.16666666666666666,0.5,0.3333333333333333,0.5,0.6666666666666666,0.3333333333333333
8475343,20232024,F,4,2291,1.0,3.0,1.0,3.0,1.0,3.0,1.0,3.0,0.0,3.0,1.0,3.0,1.0,3.0,2.0,3.0,0.3333333333333333,0.3333333333333333,0.3333333333333333,0.3333333333333333,0.0,0.3333333333333333,0.3333333333333333,0.6666666666666666
8475343,20242025,F,10,7544,6.0,10.0,7.0,10.0,6.0,10.0,7.0,10.0,5.0,10.0,8.0,10.0,4.0,10.0,8.0,10.0,0.6,0.7,0.6,0.7,0.5,0.8,0.4,0.8
8475413,20242025,F,5,2781,2.0,3.0,0.0,3.0,1.0,3.0,0.0,3.0,1.0,3.0,0.0,3.0,1.0,3.0,0.0,3.0,0.6666666666666666,0.0,0.3333333333333333,0.0,0.3333333333333333,0.0,0.3333333333333333,0.0
8475455,20222023,D,5,5352,3.0,5.0,3.0,5.0,3.0,5.0,2.0,5.0,4.0,5.0,3.0,5.0,3.0,5.0,3.0,5.0,0.6,0.6,0.6,0.4,0.8,0.6,0.6,0.6
8475455,20232024,D,3,3218,2.0,3.0,0.0,3.0,2.0,3.0,2.0,3.0,0.0,3.0,1.0,3.0,1.0,3.0,2.0,3.0,0.6666666666666666,0.0,0.6666666666666666,0.6666666666666666,0.0,0.3333333333333333,0.3333333333333333,0.6666666666666666
8475455,20242025,D,1,403,0.0,0.0,0.0,0.0,0.0,0.0,0.0,0.0,0.0,0.0,0.0,0.0,0.0,0.0,0.0,0.0,,,,,,,,
8475462,20222023,D,21,16859,10.0,20.0,9.0,20.0,9.0,20.0,7.0,20.0,8.0,20.0,11.0,20.0,8.0,20.0,10.0,20.0,0.5,0.45,0.45,0.35,0.4,0.55,0.4,0.5
8475690,20232024,D,19,21068,12.0,18.0,12.0,18.0,11.0,18.0,12.0,18.0,13.0,18.0,11.0,18.0,11.0,18.0,12.0,18.0,0.6666666666666666,0.6666666666666666,0.6111111111111112,0.6666666666666666,0.7222222222222222,0.6111111111111112,0.6111111111111112,0.6666666666666666
8475690,20242025,D,13,12868,5.0,13.0,6.0,13.0,6.0,13.0,7.0,13.0,6.0,13.0,8.0,13.0,4.0,13.0,7.0,13.0,0.38461538461538464,0.46153846153846156,0.46153846153846156,0.5384615384615384,0.46153846153846156,0.6153846153846154,0.3076923076923077,0.5384615384615384
8475692,20222023,F,6,5523,3.0,6.0,3.0,6.0,4.0,6.0,3.0,6.0,3.0,6.0,3.0,6.0,3.0,6.0,3.0,6.0,0.5,0.5,0.6666666666666666,0.5,0.5,0.5,0.5,0.5
8475692,20242025,F,6,5276,4.0,6.0,2.0,6.0,1.0,6.0,3.0,6.0,3.0,6.0,2.0,6.0,2.0,6.0,2.0,6.0,0.6666666666666666,0.3333333333333333,0.16666666666666666,0.5,0.5,0.3333333333333333,0.3333333333333333,0.3333333333333333
8475714,20222023,F,11,7470,7.0,11.0,5.0,11.0,7.0,11.0,3.0,11.0,5.0,11.0,5.0,11.0,4.0,11.0,4.0,11.0,0.6363636363636364,0.45454545454545453,0.6363636363636364,0.2727272727272727,0.45454545454545453,0.45454545454545453,0.36363636363636365,0.36363636363636365
8475714,20232024,F,7,4448,2.0,6.0,4.0,6.0,2.0,6.0,5.0,6.0,1.0,6.0,5.0,6.0,1.0,6.0,5.0,6.0,0.3333333333333333,0.6666666666666666,0.3333333333333333,0.8333333333333334,0.16666666666666666,0.8333333333333334,0.16666666666666666,0.8333333333333334
8475718,20222023,D,8,7364,2.0,8.0,7.0,8.0,4.0,8.0,5.0,8.0,2.0,8.0,5.0,8.0,3.0,8.0,5.0,8.0,0.25,0.875,0.5,0.625,0.25,0.625,0.375,0.625
8475722,20232024,F,6,4326,2.0,6.0,3.0,6.0,3.0,6.0,5.0,6.0,3.0,6.0,3.0,6.0,4.0,6.0,3.0,6.0,0.3333333333333333,0.5,0.5,0.8333333333333334,0.5,0.5,0.6666666666666666,0.5
8475726,20232024,F,5,3724,3.0,5.0,1.0,5.0,3.0,5.0,2.0,5.0,2.0,5.0,3.0,5.0,3.0,5.0,2.0,5.0,0.6,0.2,0.6,0.4,0.4,0.6,0.6,0.4
8475744,20232024,F,10,5576,3.0,8.0,2.0,8.0,4.0,8.0,1.0,8.0,4.0,8.0,2.0,8.0,2.0,8.0,1.0,8.0,0.375,0.25,0.5,0.125,0.5,0.25,0.25,0.125
8475745,20222023,F,7,6043,3.0,7.0,0.0,7.0,3.0,7.0,1.0,7.0,1.0,7.0,3.0,7.0,3.0,7.0,2.0,7.0,0.42857142857142855,0.0,0.42857142857142855,0.14285714285714285,0.14285714285714285,0.42857142857142855,0.42857142857142855,0.2857142857142857
8475745,20232024,F,13,11588,6.0,13.0,5.0,13.0,5.0,13.0,7.0,13.0,3.0,13.0,5.0,13.0,5.0,13.0,5.0,13.0,0.46153846153846156,0.38461538461538464,0.38461538461538464,0.5384615384615384,0.23076923076923078,0.38461538461538464,0.38461538461538464,0.38461538461538464
8475745,20242025,F,7,3921,2.0,6.0,3.0,6.0,2.0,6.0,3.0,6.0,1.0,6.0,2.0,6.0,0.0,6.0,3.0,6.0,0.3333333333333333,0.5,0.3333333333333333,0.5,0.16666666666666666,0.3333333333333333,0.0,0.5
8475750,20222023,D,2,1421,1.0,2.0,1.0,2.0,1.0,2.0,1.0,2.0,1.0,2.0,1.0,2.0,1.0,2.0,1.0,2.0,0.5,0.5,0.5,0.5,0.5,0.5,0.5,0.5
8475750,20242025,D,2,1303,1.0,2.0,2.0,2.0,1.0,2.0,2.0,2.0,1.0,2.0,2.0,2.0,1.0,2.0,2.0,2.0,0.5,1.0,0.5,1.0,0.5,1.0,0.5,1.0
8475753,20242025,D,7,7463,1.0,7.0,2.0,7.0,2.0,7.0,4.0,7.0,2.0,7.0,1.0,7.0,3.0,7.0,2.0,7.0,0.14285714285714285,0.2857142857142857,0.2857142857142857,0.5714285714285714,0.2857142857142857,0.14285714285714285,0.42857142857142855,0.2857142857142857
8475754,20222023,F,6,4876,4.0,6.0,2.0,6.0,5.0,6.0,2.0,6.0,3.0,6.0,3.0,6.0,5.0,6.0,5.0,6.0,0.6666666666666666,0.3333333333333333,0.8333333333333334,0.3333333333333333,0.5,0.5,0.8333333333333334,0.8333333333333334
8475754,20232024,F,5,4804,0.0,5.0,3.0,5.0,0.0,5.0,3.0,5.0,0.0,5.0,3.0,5.0,0.0,5.0,3.0,5.0,0.0,0.6,0.0,0.6,0.0,0.6,0.0,0.6
8475754,20242025,F,7,6032,4.0,7.0,4.0,7.0,5.0,7.0,4.0,7.0,3.0,7.0,3.0,7.0,3.0,7.0,4.0,7.0,0.5714285714285714,0.5714285714285714,0.7142857142857143,0.5714285714285714,0.42857142857142855,0.42857142857142855,0.42857142857142855,0.5714285714285714
8475760,20222023,F,12,7978,5.0,10.0,3.0,10.0,4.0,10.0,4.0,10.0,3.0,10.0,5.0,10.0,1.0,10.0,5.0,10.0,0.5,0.3,0.4,0.4,0.3,0.5,0.1,0.5
8475762,20222023,D,7,5338,4.0,7.0,1.0,7.0,3.0,7.0,2.0,7.0,2.0,7.0,2.0,7.0,3.0,7.0,4.0,7.0,0.5714285714285714,0.14285714285714285,0.42857142857142855,0.2857142857142857,0.2857142857142857,0.2857142857142857,0.42857142857142855,0.5714285714285714
8475762,20232024,D,3,2368,0.0,3.0,2.0,3.0,0.0,3.0,1.0,3.0,0.0,3.0,1.0,3.0,0.0,3.0,0.0,3.0,0.0,0.6666666666666666,0.0,0.3333333333333333,0.0,0.3333333333333333,0.0,0.0
8475764,20242025,D,7,7532,5.0,7.0,4.0,7.0,5.0,7.0,5.0,7.0,5.0,7.0,6.0,7.0,7.0,7.0,6.0,7.0,0.7142857142857143,0.5714285714285714,0.7142857142857143,0.7142857142857143,0.7142857142857143,0.8571428571428571,1.0,0.8571428571428571
8475765,20222023,F,7,4749,3.0,7.0,2.0,7.0,4.0,7.0,1.0,7.0,3.0,7.0,3.0,7.0,4.0,7.0,3.0,7.0,0.42857142857142855,0.2857142857142857,0.5714285714285714,0.14285714285714285,0.42857142857142855,0.42857142857142855,0.5714285714285714,0.42857142857142855
8475765,20232024,F,24,15701,11.0,21.0,12.0,21.0,12.0,21.0,11.0,21.0,15.0,21.0,9.0,21.0,14.0,21.0,11.0,21.0,0.5238095238095238,0.5714285714285714,0.5714285714285714,0.5238095238095238,0.7142857142857143,0.42857142857142855,0.6666666666666666,0.5238095238095238
8475768,20222023,F,14,12878,8.0,14.0,4.0,14.0,7.0,14.0,6.0,14.0,6.0,14.0,6.0,14.0,6.0,14.0,9.0,14.0,0.5714285714285714,0.2857142857142857,0.5,0.42857142857142855,0.42857142857142855,0.42857142857142855,0.42857142857142855,0.6428571428571429
8475784,20242025,F,5,3110,2.0,4.0,1.0,4.0,3.0,4.0,0.0,4.0,3.0,4.0,1.0,4.0,3.0,4.0,1.0,4.0,0.5,0.25,0.75,0.0,0.75,0.25,0.75,0.25
8475786,20222023,F,12,10716,6.0,12.0,8.0,12.0,7.0,12.0,7.0,12.0,6.0,12.0,7.0,12.0,7.0,12.0,6.0,12.0,0.5,0.6666666666666666,0.5833333333333334,0.5833333333333334,0.5,0.5833333333333334,0.5833333333333334,0.5
8475786,20232024,F,25,24966,14.0,25.0,10.0,25.0,14.0,25.0,10.0,25.0,16.0,25.0,14.0,25.0,15.0,25.0,12.0,25.0,0.56,0.4,0.56,0.4,0.64,0.56,0.6,0.48
8475786,20242025,F,15,12807,9.0,14.0,9.0,14.0,8.0,14.0,6.0,14.0,11.0,14.0,7.0,14.0,8.0,14.0,6.0,14.0,0.6428571428571429,0.6428571428571429,0.5714285714285714,0.42857142857142855,0.7857142857142857,0.5,0.5714285714285714,0.42857142857142855
8475791,20222023,F,7,4912,2.0,7.0,2.0,7.0,2.0,7.0,3.0,7.0,2.0,7.0,2.0,7.0,4.0,7.0,3.0,7.0,0.2857142857142857,0.2857142857142857,0.2857142857142857,0.42857142857142855,0.2857142857142857,0.2857142857142857,0.5714285714285714,0.42857142857142855
8475791,20242025,F,15,10274,10.0,14.0,7.0,14.0,11.0,14.0,8.0,14.0,8.0,14.0,8.0,14.0,10.0,14.0,7.0,14.0,0.7142857142857143,0.5,0.7857142857142857,0.5714285714285714,0.5714285714285714,0.5714285714285714,0.7142857142857143,0.5
8475794,20222023,F,19,14615,11.0,19.0,8.0,19.0,10.0,19.0,9.0,19.0,10.0,19.0,8.0,19.0,7.0,19.0,6.0,19.0,0.5789473684210527,0.42105263157894735,0.5263157894736842,0.47368421052631576,0.5263157894736842,0.42105263157894735,0.3684210526315789,0.3157894736842105
8475794,20232024,F,19,15142,14.0,19.0,10.0,19.0,10.0,19.0,11.0,19.0,9.0,19.0,8.0,19.0,9.0,19.0,8.0,19.0,0.7368421052631579,0.5263157894736842,0.5263157894736842,0.5789473684210527,0.47368421052631576,0.42105263157894735,0.47368421052631576,0.42105263157894735
8475794,20242025,F,18,13327,11.0,18.0,9.0,18.0,11.0,18.0,7.0,18.0,12.0,18.0,8.0,18.0,11.0,18.0,11.0,18.0,0.6111111111111112,0.5,0.6111111111111112,0.3888888888888889,0.6666666666666666,0.4444444444444444,0.6111111111111112,0.6111111111111112
8475798,20242025,F,18,14725,9.0,18.0,7.0,18.0,9.0,18.0,6.0,18.0,9.0,18.0,8.0,18.0,8.0,18.0,8.0,18.0,0.5,0.3888888888888889,0.5,0.3333333333333333,0.5,0.4444444444444444,0.4444444444444444,0.4444444444444444
8475799,20222023,F,5,4145,1.0,5.0,3.0,5.0,2.0,5.0,3.0,5.0,3.0,5.0,3.0,5.0,2.0,5.0,5.0,5.0,0.2,0.6,0.4,0.6,0.6,0.6,0.4,1.0
8475799,20232024,F,5,3518,3.0,5.0,2.0,5.0,3.0,5.0,3.0,5.0,3.0,5.0,2.0,5.0,1.0,5.0,3.0,5.0,0.6,0.4,0.6,0.6,0.6,0.4,0.2,0.6
8475799,20242025,F,13,9709,6.0,13.0,6.0,13.0,5.0,13.0,6.0,13.0,6.0,13.0,6.0,13.0,6.0,13.0,6.0,13.0,0.46153846153846156,0.46153846153846156,0.38461538461538464,0.46153846153846156,0.46153846153846156,0.46153846153846156,0.46153846153846156,0.46153846153846156
8475825,20222023,D,15,13894,8.0,15.0,9.0,15.0,10.0,15.0,8.0,15.0,8.0,15.0,8.0,15.0,8.0,15.0,8.0,15.0,0.5333333333333333,0.6,0.6666666666666666,0.5333333333333333,0.5333333333333333,0.5333333333333333,0.5333333333333333,0.5333333333333333
8475842,20232024,F,10,4983,3.0,6.0,4.0,6.0,6.0,6.0,3.0,6.0,4.0,6.0,4.0,6.0,4.0,6.0,4.0,6.0,0.5,0.6666666666666666,1.0,0.5,0.6666666666666666,0.6666666666666666,0.6666666666666666,0.6666666666666666
8475848,20242025,F,5,3952,2.0,5.0,2.0,5.0,2.0,5.0,2.0,5.0,3.0,5.0,2.0,5.0,3.0,5.0,3.0,5.0,0.4,0.4,0.4,0.4,0.6,0.4,0.6,0.6
8475855,20222023,F,15,11237,11.0,15.0,8.0,15.0,12.0,15.0,8.0,15.0,8.0,15.0,7.0,15.0,9.0,15.0,9.0,15.0,0.7333333333333333,0.5333333333333333,0.8,0.5333333333333333,0.5333333333333333,0.4666666666666667,0.6,0.6
8475906,20222023,D,4,3124,1.0,4.0,3.0,4.0,3.0,4.0,2.0,4.0,2.0,4.0,2.0,4.0,3.0,4.0,3.0,4.0,0.25,0.75,0.75,0.5,0.5,0.5,0.75,0.75
8475913,20222023,F,22,19198,12.0,22.0,10.0,22.0,13.0,22.0,10.0,22.0,12.0,22.0,10.0,22.0,6.0,22.0,9.0,22.0,0.5454545454545454,0.45454545454545453,0.5909090909090909,0.45454545454545453,0.5454545454545454,0.45454545454545453,0.2727272727272727,0.4090909090909091
8475913,20232024,F,7,6435,2.0,7.0,3.0,7.0,0.0,7.0,1.0,7.0,3.0,7.0,3.0,7.0,2.0,7.0,1.0,7.0,0.2857142857142857,0.42857142857142855,0.0,0.14285714285714285,0.42857142857142855,0.42857142857142855,0.2857142857142857,0.14285714285714285
8475913,20242025,F,10,9329,4.0,9.0,7.0,9.0,3.0,9.0,7.0,9.0,3.0,9.0,7.0,9.0,4.0,9.0,6.0,9.0,0.4444444444444444,0.7777777777777778,0.3333333333333333,0.7777777777777778,0.3333333333333333,0.7777777777777778,0.4444444444444444,0.6666666666666666
8476278,20242025,F,11,5858,2.0,7.0,2.0,7.0,2.0,7.0,3.0,7.0,3.0,7.0,2.0,7.0,2.0,7.0,4.0,7.0,0.2857142857142857,0.2857142857142857,0.2857142857142857,0.42857142857142855,0.42857142857142855,0.2857142857142857,0.2857142857142857,0.5714285714285714
8476292,20222023,F,12,9536,10.0,12.0,7.0,12.0,9.0,12.0,7.0,12.0,8.0,12.0,6.0,12.0,7.0,12.0,8.0,12.0,0.8333333333333334,0.5833333333333334,0.75,0.5833333333333334,0.6666666666666666,0.5,0.5833333333333334,0.6666666666666666
8476292,20242025,F,5,3719,5.0,5.0,2.0,5.0,3.0,5.0,2.0,5.0,3.0,5.0,2.0,5.0,3.0,5.0,3.0,5.0,1.0,0.4,0.6,0.4,0.6,0.4,0.6,0.6
8476312,20222023,D,5,3004,2.0,4.0,3.0,4.0,1.0,4.0,2.0,4.0,1.0,4.0,3.0,4.0,1.0,4.0,3.0,4.0,0.5,0.75,0.25,0.5,0.25,0.75,0.25,0.75
8476312,20232024,D,11,10960,6.0,11.0,5.0,11.0,6.0,11.0,5.0,11.0,5.0,11.0,4.0,11.0,7.0,11.0,6.0,11.0,0.5454545454545454,0.45454545454545453,0.5454545454545454,0.45454545454545453,0.45454545454545453,0.36363636363636365,0.6363636363636364,0.5454545454545454
8476312,20242025,D,7,6742,5.0,7.0,4.0,7.0,3.0,7.0,5.0,7.0,2.0,7.0,3.0,7.0,2.0,7.0,5.0,7.0,0.7142857142857143,0.5714285714285714,0.42857142857142855,0.7142857142857143,0.2857142857142857,0.42857142857142855,0.2857142857142857,0.7142857142857143
8476331,20222023,D,5,5762,1.0,5.0,2.0,5.0,2.0,5.0,2.0,5.0,1.0,5.0,1.0,5.0,1.0,5.0,2.0,5.0,0.2,0.4,0.4,0.4,0.2,0.2,0.2,0.4
8476331,20232024,D,5,5842,3.0,5.0,1.0,5.0,2.0,5.0,1.0,5.0,1.0,5.0,1.0,5.0,1.0,5.0,1.0,5.0,0.6,0.2,0.4,0.2,0.2,0.2,0.2,0.2
8476331,20242025,D,12,12766,2.0,12.0,5.0,12.0,4.0,12.0,3.0,12.0,3.0,12.0,4.0,12.0,3.0,12.0,2.0,12.0,0.16666666666666666,0.4166666666666667,0.3333333333333333,0.25,0.25,0.3333333333333333,0.25,0.16666666666666666
8476389,20222023,F,7,5310,5.0,7.0,1.0,7.0,7.0,7.0,1.0,7.0,6.0,7.0,1.0,7.0,6.0,7.0,1.0,7.0,0.7142857142857143,0.14285714285714285,1.0,0.14285714285714285,0.8571428571428571,0.14285714285714285,0.8571428571428571,0.14285714285714285
8476389,20232024,F,16,16074,5.0,16.0,6.0,16.0,9.0,16.0,6.0,16.0,7.0,16.0,11.0,16.0,10.0,16.0,9.0,16.0,0.3125,0.375,0.5625,0.375,0.4375,0.6875,0.625,0.5625
8476392,20222023,F,5,4001,2.0,5.0,4.0,5.0,2.0,5.0,4.0,5.0,4.0,5.0,5.0,5.0,3.0,5.0,4.0,5.0,0.4,0.8,0.4,0.8,0.8,1.0,0.6,0.8
8476392,20232024,F,5,3750,3.0,5.0,3.0,5.0,2.0,5.0,4.0,5.0,2.0,5.0,3.0,5.0,1.0,5.0,4.0,5.0,0.6,0.6,0.4,0.8,0.4,0.6,0.2,0.8
8476392,20242025,F,13,10836,7.0,13.0,8.0,13.0,7.0,13.0,7.0,13.0,10.0,13.0,9.0,13.0,11.0,13.0,7.0,13.0,0.5384615384615384,0.6153846153846154,0.5384615384615384,0.5384615384615384,0.7692307692307693,0.6923076923076923,0.8461538461538461,0.5384615384615384
8476393,20222023,F,21,15319,13.0,19.0,9.0,19.0,12.0,19.0,7.0,19.0,12.0,19.0,11.0,19.0,13.0,19.0,11.0,19.0,0.6842105263157895,0.47368421052631576,0.631578947368421,0.3684210526315789,0.631578947368421,0.5789473684210527,0.6842105263157895,0.5789473684210527
8476393,20232024,F,12,5722,2.0,5.0,2.0,5.0,3.0,5.0,3.0,5.0,2.0,5.0,2.0,5.0,1.0,5.0,3.0,5.0,0.4,0.4,0.6,0.6,0.4,0.4,0.2,0.6
8476393,20242025,F,5,2545,1.0,2.0,2.0,2.0,1.0,2.0,1.0,2.0,1.0,2.0,1.0,2.0,2.0,2.0,1.0,2.0,0.5,1.0,0.5,0.5,0.5,0.5,1.0,0.5
8476419,20222023,F,6,4460,2.0,6.0,0.0,6.0,2.0,6.0,1.0,6.0,2.0,6.0,0.0,6.0,2.0,6.0,1.0,6.0,0.3333333333333333,0.0,0.3333333333333333,0.16666666666666666,0.3333333333333333,0.0,0.3333333333333333,0.16666666666666666
8476419,20232024,F,4,3209,1.0,4.0,3.0,4.0,3.0,4.0,1.0,4.0,2.0,4.0,2.0,4.0,3.0,4.0,1.0,4.0,0.25,0.75,0.75,0.25,0.5,0.5,0.75,0.25
8476422,20232024,D,5,4762,1.0,5.0,3.0,5.0,2.0,5.0,2.0,5.0,3.0,5.0,3.0,5.0,3.0,5.0,2.0,5.0,0.2,0.6,0.4,0.4,0.6,0.6,0.6,0.4
8476429,20222023,D,6,6221,2.0,6.0,1.0,6.0,1.0,6.0,5.0,6.0,2.0,6.0,3.0,6.0,1.0,6.0,6.0,6.0,0.3333333333333333,0.16666666666666666,0.16666666666666666,0.8333333333333334,0.3333333333333333,0.5,0.16666666666666666,1.0
8476438,20242025,F,8,5868,5.0,8.0,4.0,8.0,4.0,8.0,5.0,8.0,4.0,8.0,4.0,8.0,4.0,8.0,4.0,8.0,0.625,0.5,0.5,0.625,0.5,0.5,0.5,0.5
8476441,20232024,D,7,6544,3.0,7.0,3.0,7.0,4.0,7.0,3.0,7.0,3.0,7.0,2.0,7.0,5.0,7.0,3.0,7.0,0.42857142857142855,0.42857142857142855,0.5714285714285714,0.42857142857142855,0.42857142857142855,0.2857142857142857,0.7142857142857143,0.42857142857142855
8476441,20242025,D,6,7078,3.0,6.0,2.0,6.0,3.0,6.0,3.0,6.0,4.0,6.0,2.0,6.0,4.0,6.0,2.0,6.0,0.5,0.3333333333333333,0.5,0.5,0.6666666666666666,0.3333333333333333,0.6666666666666666,0.3333333333333333
8476442,20222023,F,7,4077,3.0,5.0,1.0,5.0,3.0,5.0,1.0,5.0,2.0,5.0,1.0,5.0,3.0,5.0,2.0,5.0,0.6,0.2,0.6,0.2,0.4,0.2,0.6,0.4
8476448,20222023,F,22,16968,11.0,22.0,11.0,22.0,12.0,22.0,11.0,22.0,9.0,22.0,13.0,22.0,8.0,22.0,12.0,22.0,0.5,0.5,0.5454545454545454,0.5,0.4090909090909091,0.5909090909090909,0.36363636363636365,0.5454545454545454
8476448,20232024,F,7,5399,3.0,7.0,3.0,7.0,3.0,7.0,3.0,7.0,4.0,7.0,4.0,7.0,4.0,7.0,3.0,7.0,0.42857142857142855,0.42857142857142855,0.42857142857142855,0.42857142857142855,0.5714285714285714,0.5714285714285714,0.5714285714285714,0.42857142857142855
8476448,20242025,F,11,9411,2.0,10.0,9.0,10.0,4.0,10.0,8.0,10.0,3.0,10.0,8.0,10.0,4.0,10.0,7.0,10.0,0.2,0.9,0.4,0.8,0.3,0.8,0.4,0.7
8476453,20222023,F,6,5388,4.0,6.0,2.0,6.0,4.0,6.0,1.0,6.0,4.0,6.0,2.0,6.0,3.0,6.0,2.0,6.0,0.6666666666666666,0.3333333333333333,0.6666666666666666,0.16666666666666666,0.6666666666666666,0.3333333333333333,0.5,0.3333333333333333
8476453,20232024,F,5,5187,3.0,5.0,2.0,5.0,3.0,5.0,2.0,5.0,1.0,5.0,2.0,5.0,2.0,5.0,3.0,5.0,0.6,0.4,0.6,0.4,0.2,0.4,0.4,0.6
8476453,20242025,F,5,5224,3.0,5.0,3.0,5.0,3.0,5.0,4.0,5.0,4.0,5.0,4.0,5.0,4.0,5.0,4.0,5.0,0.6,0.6,0.6,0.8,0.8,0.8,0.8,0.8
8476454,20222023,F,12,10656,5.0,12.0,8.0,12.0,6.0,12.0,8.0,12.0,2.0,12.0,8.0,12.0,4.0,12.0,7.0,12.0,0.4166666666666667,0.6666666666666666,0.5,0.6666666666666666,0.16666666666666666,0.6666666666666666,0.3333333333333333,0.5833333333333334
8476454,20232024,F,25,22741,5.0,25.0,16.0,25.0,8.0,25.0,11.0,25.0,7.0,25.0,14.0,25.0,6.0,25.0,11.0,25.0,0.2,0.64,0.32,0.44,0.28,0.56,0.24,0.44
8476454,20242025,F,22,18848,12.0,22.0,11.0,22.0,12.0,22.0,13.0,22.0,14.0,22.0,13.0,22.0,12.0,22.0,13.0,22.0,0.5454545454545454,0.5,0.5454545454545454,0.5909090909090909,0.6363636363636364,0.5909090909090909,0.5454545454545454,0.5909090909090909
8476457,20222023,D,14,17406,7.0,14.0,4.0,14.0,8.0,14.0,4.0,14.0,7.0,14.0,6.0,14.0,9.0,14.0,6.0,14.0,0.5,0.2857142857142857,0.5714285714285714,0.2857142857142857,0.5,0.42857142857142855,0.6428571428571429,0.42857142857142855
8476459,20222023,F,7,5917,2.0,7.0,4.0,7.0,2.0,7.0,4.0,7.0,1.0,7.0,6.0,7.0,2.0,7.0,6.0,7.0,0.2857142857142857,0.5714285714285714,0.2857142857142857,0.5714285714285714,0.14285714285714285,0.8571428571428571,0.2857142857142857,0.8571428571428571
8476459,20232024,F,16,14339,5.0,16.0,7.0,16.0,5.0,16.0,4.0,16.0,5.0,16.0,8.0,16.0,5.0,16.0,8.0,16.0,0.3125,0.4375,0.3125,0.25,0.3125,0.5,0.3125,0.5
8476460,20222023,F,4,3048,2.0,3.0,1.0,3.0,2.0,3.0,1.0,3.0,2.0,3.0,1.0,3.0,2.0,3.0,1.0,3.0,0.6666666666666666,0.3333333333333333,0.6666666666666666,0.3333333333333333,0.6666666666666666,0.3333333333333333,0.6666666666666666,0.3333333333333333
8476460,20232024,F,5,5562,4.0,5.0,2.0,5.0,2.0,5.0,1.0,5.0,2.0,5.0,3.0,5.0,1.0,5.0,3.0,5.0,0.8,0.4,0.4,0.2,0.4,0.6,0.2,0.6
8476460,20242025,F,11,10193,2.0,10.0,3.0,10.0,2.0,10.0,4.0,10.0,3.0,10.0,3.0,10.0,3.0,10.0,4.0,10.0,0.2,0.3,0.2,0.4,0.3,0.3,0.3,0.4
8476462,20222023,D,12,12255,7.0,12.0,7.0,12.0,9.0,12.0,6.0,12.0,7.0,12.0,6.0,12.0,6.0,12.0,8.0,12.0,0.5833333333333334,0.5833333333333334,0.75,0.5,0.5833333333333334,0.5,0.5,0.6666666666666666
8476462,20242025,D,5,5497,2.0,5.0,2.0,5.0,0.0,5.0,3.0,5.0,1.0,5.0,2.0,5.0,1.0,5.0,3.0,5.0,0.4,0.4,0.0,0.6,0.2,0.4,0.2,0.6
8476463,20222023,D,6,6267,2.0,6.0,4.0,6.0,3.0,6.0,5.0,6.0,2.0,6.0,4.0,6.0,3.0,6.0,4.0,6.0,0.3333333333333333,0.6666666666666666,0.5,0.8333333333333334,0.3333333333333333,0.6666666666666666,0.5,0.6666666666666666
8476463,20242025,D,6,7532,3.0,6.0,4.0,6.0,2.0,6.0,3.0,6.0,1.0,6.0,4.0,6.0,3.0,6.0,4.0,6.0,0.5,0.6666666666666666,0.3333333333333333,0.5,0.16666666666666666,0.6666666666666666,0.5,0.6666666666666666
8476467,20222023,D,14,14630,3.0,14.0,7.0,14.0,4.0,14.0,6.0,14.0,3.0,14.0,8.0,14.0,3.0,14.0,7.0,14.0,0.21428571428571427,0.5,0.2857142857142857,0.42857142857142855,0.21428571428571427,0.5714285714285714,0.21428571428571427,0.5
8476468,20232024,F,13,12948,8.0,13.0,8.0,13.0,6.0,13.0,6.0,13.0,7.0,13.0,9.0,13.0,8.0,13.0,7.0,13.0,0.6153846153846154,0.6153846153846154,0.46153846153846156,0.46153846153846156,0.5384615384615384,0.6923076923076923,0.6153846153846154,0.5384615384615384
8476469,20242025,F,5,3017,2.0,4.0,3.0,4.0,1.0,4.0,2.0,4.0,1.0,4.0,2.0,4.0,2.0,4.0,2.0,4.0,0.5,0.75,0.25,0.5,0.25,0.5,0.5,0.5
8476474,20222023,F,15,11462,6.0,14.0,5.0,14.0,7.0,14.0,5.0,14.0,4.0,14.0,6.0,14.0,4.0,14.0,8.0,14.0,0.42857142857142855,0.35714285714285715,0.5,0.35714285714285715,0.2857142857142857,0.42857142857142855,0.2857142857142857,0.5714285714285714
8476474,20232024,F,11,4866,2.0,5.0,1.0,5.0,2.0,5.0,1.0,5.0,2.0,5.0,1.0,5.0,2.0,5.0,1.0,5.0,0.4,0.2,0.4,0.2,0.4,0.2,0.4,0.2
8476474,20242025,F,5,3357,2.0,5.0,0.0,5.0,1.0,5.0,2.0,5.0,1.0,5.0,1.0,5.0,0.0,5.0,1.0,5.0,0.4,0.0,0.2,0.4,0.2,0.2,0.0,0.2
8476479,20222023,F,6,5432,4.0,6.0,3.0,6.0,4.0,6.0,1.0,6.0,4.0,6.0,3.0,6.0,4.0,6.0,3.0,6.0,0.6666666666666666,0.5,0.6666666666666666,0.16666666666666666,0.6666666666666666,0.5,0.6666666666666666,0.5
8476479,20232024,F,5,4091,2.0,5.0,1.0,5.0,2.0,5.0,2.0,5.0,2.0,5.0,1.0,5.0,2.0,5.0,2.0,5.0,0.4,0.2,0.4,0.4,0.4,0.2,0.4,0.4
8476479,20242025,F,6,5741,0.0,6.0,0.0,6.0,1.0,6.0,1.0,6.0,1.0,6.0,2.0,6.0,2.0,6.0,2.0,6.0,0.0,0.0,0.16666666666666666,0.16666666666666666,0.16666666666666666,0.3333333333333333,0.3333333333333333,0.3333333333333333
8476480,20222023,F,5,3898,2.0,5.0,3.0,5.0,3.0,5.0,3.0,5.0,2.0,5.0,3.0,5.0,2.0,5.0,4.0,5.0,0.4,0.6,0.6,0.6,0.4,0.6,0.4,0.8
8476480,20232024,F,4,2104,2.0,3.0,2.0,3.0,1.0,3.0,1.0,3.0,2.0,3.0,2.0,3.0,2.0,3.0,1.0,3.0,0.6666666666666666,0.6666666666666666,0.3333333333333333,0.3333333333333333,0.6666666666666666,0.6666666666666666,0.6666666666666666,0.3333333333333333
8476480,20242025,F,13,9674,6.0,13.0,7.0,13.0,4.0,13.0,8.0,13.0,7.0,13.0,7.0,13.0,7.0,13.0,8.0,13.0,0.46153846153846156,0.5384615384615384,0.3076923076923077,0.6153846153846154,0.5384615384615384,0.5384615384615384,0.5384615384615384,0.6153846153846154
8476525,20222023,D,10,7718,5.0,10.0,4.0,10.0,5.0,10.0,4.0,10.0,4.0,10.0,5.0,10.0,5.0,10.0,4.0,10.0,0.5,0.4,0.5,0.4,0.4,0.5,0.5,0.4
8476525,20232024,D,1,834,0.0,1.0,0.0,1.0,1.0,1.0,0.0,1.0,0.0,1.0,0.0,1.0,1.0,1.0,0.0,1.0,0.0,0.0,1.0,0.0,0.0,0.0,1.0,0.0
8476525,20242025,D,4,3012,1.0,4.0,3.0,4.0,1.0,4.0,3.0,4.0,2.0,4.0,4.0,4.0,2.0,4.0,4.0,4.0,0.25,0.75,0.25,0.75,0.5,1.0,0.5,1.0
8476539,20222023,F,22,18784,15.0,22.0,13.0,22.0,15.0,22.0,11.0,22.0,17.0,22.0,13.0,22.0,12.0,22.0,14.0,22.0,0.6818181818181818,0.5909090909090909,0.6818181818181818,0.5,0.7727272727272727,0.5909090909090909,0.5454545454545454,0.6363636363636364
8476539,20232024,F,7,6832,3.0,7.0,2.0,7.0,2.0,7.0,5.0,7.0,4.0,7.0,4.0,7.0,4.0,7.0,5.0,7.0,0.42857142857142855,0.2857142857142857,0.2857142857142857,0.7142857142857143,0.5714285714285714,0.5714285714285714,0.5714285714285714,0.7142857142857143
8476624,20222023,F,7,3652,2.0,4.0,1.0,4.0,2.0,4.0,1.0,4.0,2.0,4.0,2.0,4.0,2.0,4.0,3.0,4.0,0.5,0.25,0.5,0.25,0.5,0.5,0.5,0.75
8476624,20232024,F,16,9545,6.0,13.0,4.0,13.0,3.0,13.0,5.0,13.0,6.0,13.0,5.0,13.0,4.0,13.0,7.0,13.0,0.46153846153846156,0.3076923076923077,0.23076923076923078,0.38461538461538464,0.46153846153846156,0.38461538461538464,0.3076923076923077,0.5384615384615384
8476779,20222023,D,1,41,0.0,0.0,0.0,0.0,0.0,0.0,0.0,0.0,0.0,0.0,0.0,0.0,0.0,0.0,0.0,0.0,,,,,,,,
8476822,20222023,F,17,9661,5.0,13.0,9.0,13.0,5.0,13.0,10.0,13.0,4.0,13.0,10.0,13.0,4.0,13.0,8.0,13.0,0.38461538461538464,0.6923076923076923,0.38461538461538464,0.7692307692307693,0.3076923076923077,0.7692307692307693,0.3076923076923077,0.6153846153846154
8476822,20232024,F,5,2176,1.0,2.0,1.0,2.0,1.0,2.0,0.0,2.0,1.0,2.0,1.0,2.0,1.0,2.0,1.0,2.0,0.5,0.5,0.5,0.0,0.5,0.5,0.5,0.5
8476822,20242025,F,5,2191,0.0,2.0,2.0,2.0,1.0,2.0,2.0,2.0,0.0,2.0,1.0,2.0,0.0,2.0,1.0,2.0,0.0,1.0,0.5,1.0,0.0,0.5,0.0,0.5
8476826,20222023,F,14,13393,7.0,14.0,8.0,14.0,6.0,14.0,7.0,14.0,6.0,14.0,8.0,14.0,6.0,14.0,9.0,14.0,0.5,0.5714285714285714,0.42857142857142855,0.5,0.42857142857142855,0.5714285714285714,0.42857142857142855,0.6428571428571429
8476826,20242025,F,5,3515,1.0,5.0,3.0,5.0,0.0,5.0,3.0,5.0,0.0,5.0,4.0,5.0,1.0,5.0,3.0,5.0,0.2,0.6,0.0,0.6,0.0,0.8,0.2,0.6
8476853,20222023,D,11,13416,9.0,11.0,6.0,11.0,10.0,11.0,6.0,11.0,8.0,11.0,6.0,11.0,8.0,11.0,7.0,11.0,0.8181818181818182,0.5454545454545454,0.9090909090909091,0.5454545454545454,0.7272727272727273,0.5454545454545454,0.7272727272727273,0.6363636363636364
8476853,20232024,D,7,8247,3.0,7.0,2.0,7.0,2.0,7.0,5.0,7.0,6.0,7.0,3.0,7.0,4.0,7.0,4.0,7.0,0.42857142857142855,0.2857142857142857,0.2857142857142857,0.7142857142857143,0.8571428571428571,0.42857142857142855,0.5714285714285714,0.5714285714285714
8476853,20242025,D,13,13959,8.0,13.0,6.0,13.0,9.0,13.0,7.5,13.0,11.0,13.0,6.0,13.0,10.0,13.0,5.0,13.0,0.6153846153846154,0.46153846153846156,0.6923076923076923,0.5769230769230769,0.8461538461538461,0.46153846153846156,0.7692307692307693,0.38461538461538464
8476854,20222023,D,7,7402,4.0,7.0,5.0,7.0,5.0,7.0,5.0,7.0,4.0,7.0,5.0,7.0,5.0,7.0,6.0,7.0,0.5714285714285714,0.7142857142857143,0.7142857142857143,0.7142857142857143,0.5714285714285714,0.7142857142857143,0.7142857142857143,0.8571428571428571
8476854,20232024,D,13,13825,9.0,13.0,6.0,13.0,9.0,13.0,8.0,13.0,9.0,13.0,5.0,13.0,8.0,13.0,5.0,13.0,0.6923076923076923,0.46153846153846156,0.6923076923076923,0.6153846153846154,0.6923076923076923,0.38461538461538464,0.6153846153846154,0.38461538461538464
8476856,20222023,D,6,5793,3.0,6.0,4.0,6.0,3.0,6.0,4.0,6.0,3.0,6.0,3.0,6.0,2.0,6.0,3.0,6.0,0.5,0.6666666666666666,0.5,0.6666666666666666,0.5,0.5,0.3333333333333333,0.5
8476856,20232024,D,5,3832,2.0,4.0,2.0,4.0,2.0,4.0,2.0,4.0,1.0,4.0,1.0,4.0,1.0,4.0,1.0,4.0,0.5,0.5,0.5,0.5,0.25,0.25,0.25,0.25
8476858,20232024,F,11,5761,5.0,7.0,4.0,7.0,3.0,7.0,3.0,7.0,4.0,7.0,4.0,7.0,4.0,7.0,3.0,7.0,0.7142857142857143,0.5714285714285714,0.42857142857142855,0.42857142857142855,0.5714285714285714,0.5714285714285714,0.5714285714285714,0.42857142857142855
8476869,20222023,D,15,16153,9.0,15.0,7.0,15.0,10.5,15.0,5.0,15.0,5.0,15.0,8.0,15.0,5.0,15.0,6.0,15.0,0.6,0.4666666666666667,0.7,0.3333333333333333,0.3333333333333333,0.5333333333333333,0.3333333333333333,0.4
8476869,20232024,D,11,10648,5.0,11.0,7.0,11.0,6.0,11.0,8.0,11.0,4.0,11.0,8.0,11.0,6.0,11.0,7.0,11.0,0.45454545454545453,0.6363636363636364,0.5454545454545454,0.7272727272727273,0.36363636363636365,0.7272727272727273,0.5454545454545454,0.6363636363636364
8476871,20242025,F,8,3601,3.0,4.0,1.0,4.0,3.0,4.0,1.0,4.0,3.0,4.0,3.0,4.0,3.0,4.0,1.0,4.0,0.75,0.25,0.75,0.25,0.75,0.75,0.75,0.25
8476872,20242025,F,13,8895,3.0,12.0,7.0,12.0,3.0,12.0,7.0,12.0,3.0,12.0,7.0,12.0,4.0,12.0,7.0,12.0,0.25,0.5833333333333334,0.25,0.5833333333333334,0.25,0.5833333333333334,0.3333333333333333,0.5833333333333334
8476873,20232024,F,6,3187,1.0,5.0,2.0,5.0,1.0,5.0,2.0,5.0,1.0,5.0,3.0,5.0,1.0,5.0,3.0,5.0,0.2,0.4,0.2,0.4,0.2,0.6,0.2,0.6
8476873,20242025,F,7,3872,1.0,6.0,3.0,6.0,1.0,6.0,2.0,6.0,1.0,6.0,3.0,6.0,2.0,6.0,3.0,6.0,0.16666666666666666,0.5,0.16666666666666666,0.3333333333333333,0.16666666666666666,0.5,0.3333333333333333,0.5
8476875,20242025,D,5,5931,1.0,5.0,2.0,5.0,1.0,5.0,1.0,5.0,2.0,5.0,3.0,5.0,2.0,5.0,2.0,5.0,0.2,0.4,0.2,0.2,0.4,0.6,0.4,0.4
8476878,20242025,F,5,2562,0.0,2.0,2.0,2.0,0.0,2.0,2.0,2.0,0.0,2.0,2.0,2.0,0.0,2.0,2.0,2.0,0.0,1.0,0.0,1.0,0.0,1.0,0.0,1.0
8476879,20222023,D,12,10861,4.0,12.0,7.0,12.0,6.0,12.0,5.0,12.0,2.0,12.0,7.0,12.0,3.0,12.0,5.0,12.0,0.3333333333333333,0.5833333333333334,0.5,0.4166666666666667,0.16666666666666666,0.5833333333333334,0.25,0.4166666666666667
8476879,20232024,D,24,22865,7.0,24.0,11.0,24.0,6.0,24.0,12.0,24.0,5.0,24.0,9.0,24.0,9.0,24.0,10.0,24.0,0.2916666666666667,0.4583333333333333,0.25,0.5,0.20833333333333334,0.375,0.375,0.4166666666666667
8476879,20242025,D,18,19082,8.0,18.0,6.0,18.0,7.0,18.0,6.0,18.0,5.0,18.0,8.0,18.0,5.0,18.0,7.0,18.0,0.4444444444444444,0.3333333333333333,0.3888888888888889,0.3333333333333333,0.2777777777777778,0.4444444444444444,0.2777777777777778,0.3888888888888889
8476880,20232024,F,4,3133,2.0,4.0,3.0,4.0,2.0,4.0,3.0,4.0,2.0,4.0,2.0,4.0,2.0,4.0,2.0,4.0,0.5,0.75,0.5,0.75,0.5,0.5,0.5,0.5
8476880,20242025,F,10,9309,4.0,10.0,4.0,10.0,3.0,10.0,5.0,10.0,3.0,10.0,6.0,10.0,3.0,10.0,6.0,10.0,0.4,0.4,0.3,0.5,0.3,0.6,0.3,0.6
8476881,20232024,F,7,6815,2.0,7.0,5.0,7.0,3.0,7.0,3.0,7.0,5.0,7.0,5.0,7.0,4.0,7.0,5.0,7.0,0.2857142857142857,0.7142857142857143,0.42857142857142855,0.42857142857142855,0.7142857142857143,0.7142857142857143,0.5714285714285714,0.7142857142857143
8476881,20242025,F,11,9590,6.0,11.0,5.0,11.0,6.0,11.0,6.0,11.0,7.0,11.0,6.0,11.0,6.0,11.0,6.0,11.0,0.5454545454545454,0.45454545454545453,0.5454545454545454,0.5454545454545454,0.6363636363636364,0.5454545454545454,0.5454545454545454,0.5454545454545454
8476882,20222023,F,6,4103,5.0,6.0,4.0,6.0,3.0,6.0,3.0,6.0,2.0,6.0,4.0,6.0,4.0,6.0,4.0,6.0,0.8333333333333334,0.6666666666666666,0.5,0.5,0.3333333333333333,0.6666666666666666,0.6666666666666666,0.6666666666666666
8476882,20232024,F,11,8721,6.0,11.0,5.0,11.0,5.0,11.0,6.0,11.0,6.0,11.0,4.0,11.0,6.0,11.0,6.0,11.0,0.5454545454545454,0.45454545454545453,0.45454545454545453,0.5454545454545454,0.5454545454545454,0.36363636363636365,0.5454545454545454,0.5454545454545454
8476885,20222023,D,7,6800,3.0,7.0,3.0,7.0,4.0,7.0,2.0,7.0,2.0,7.0,3.0,7.0,2.0,7.0,4.0,7.0,0.42857142857142855,0.42857142857142855,0.5714285714285714,0.2857142857142857,0.2857142857142857,0.42857142857142855,0.2857142857142857,0.5714285714285714
8476885,20232024,D,16,15843,5.0,16.0,9.0,16.0,6.0,16.0,6.0,16.0,6.0,16.0,7.0,16.0,11.0,16.0,9.0,16.0,0.3125,0.5625,0.375,0.375,0.375,0.4375,0.6875,0.5625
8476887,20232024,F,6,5839,3.0,6.0,3.0,6.0,3.0,6.0,3.0,6.0,4.0,6.0,5.0,6.0,3.0,6.0,4.0,6.0,0.5,0.5,0.5,0.5,0.6666666666666666,0.8333333333333334,0.5,0.6666666666666666
8476889,20222023,F,19,12245,7.0,18.0,13.0,18.0,7.0,18.0,13.0,18.0,6.0,18.0,14.0,18.0,6.0,18.0,12.0,18.0,0.3888888888888889,0.7222222222222222,0.3888888888888889,0.7222222222222222,0.3333333333333333,0.7777777777777778,0.3333333333333333,0.6666666666666666
8476889,20232024,F,8,4655,1.0,6.0,4.0,6.0,0.0,6.0,4.0,6.0,1.0,6.0,5.0,6.0,0.0,6.0,4.0,6.0,0.16666666666666666,0.6666666666666666,0.0,0.6666666666666666,0.16666666666666666,0.8333333333333334,0.0,0.6666666666666666
8476889,20242025,F,7,4684,2.0,7.0,3.0,7.0,3.0,7.0,2.0,7.0,3.0,7.0,1.0,7.0,4.0,7.0,1.0,7.0,0.2857142857142857,0.42857142857142855,0.42857142857142855,0.2857142857142857,0.42857142857142855,0.14285714285714285,0.5714285714285714,0.14285714285714285
8476891,20222023,D,4,2566,3.0,4.0,3.0,4.0,3.0,4.0,3.0,4.0,3.0,4.0,3.0,4.0,3.0,4.0,2.0,4.0,0.75,0.75,0.75,0.75,0.75,0.75,0.75,0.5
8476891,20232024,D,3,2906,2.0,3.0,2.0,3.0,2.0,3.0,2.0,3.0,1.0,3.0,3.0,3.0,2.0,3.0,1.0,3.0,0.6666666666666666,0.6666666666666666,0.6666666666666666,0.6666666666666666,0.3333333333333333,1.0,0.6666666666666666,0.3333333333333333
8476892,20242025,D,7,7516,4.0,7.0,5.0,7.0,4.0,7.0,5.0,7.0,5.0,7.0,5.0,7.0,5.0,7.0,4.0,7.0,0.5714285714285714,0.7142857142857143,0.5714285714285714,0.7142857142857143,0.7142857142857143,0.7142857142857143,0.7142857142857143,0.5714285714285714
8476897,20222023,F,1,591,1.0,1.0,1.0,1.0,1.0,1.0,0.0,1.0,1.0,1.0,1.0,1.0,0.0,1.0,0.0,1.0,1.0,1.0,1.0,0.0,1.0,1.0,0.0,0.0
8476897,20242025,F,7,4567,2.0,7.0,5.0,7.0,2.0,7.0,7.0,7.0,2.0,7.0,4.0,7.0,1.0,7.0,7.0,7.0,0.2857142857142857,0.7142857142857143,0.2857142857142857,1.0,0.2857142857142857,0.5714285714285714,0.14285714285714285,1.0
8476902,20222023,D,19,18820,5.0,19.0,10.0,19.0,9.0,19.0,10.0,19.0,4.0,19.0,8.0,19.0,5.0,19.0,8.0,19.0,0.2631578947368421,0.5263157894736842,0.47368421052631576,0.5263157894736842,0.21052631578947367,0.42105263157894735,0.2631578947368421,0.42105263157894735
8476902,20232024,D,19,23388,11.0,19.0,10.0,19.0,11.0,19.0,14.0,19.0,7.0,19.0,9.0,19.0,10.0,19.0,11.0,19.0,0.5789473684210527,0.5263157894736842,0.5789473684210527,0.7368421052631579,0.3684210526315789,0.47368421052631576,0.5263157894736842,0.5789473684210527
8476902,20242025,D,18,19856,8.0,18.0,5.0,18.0,6.0,18.0,6.0,18.0,5.0,18.0,8.0,18.0,6.0,18.0,7.0,18.0,0.4444444444444444,0.2777777777777778,0.3333333333333333,0.3333333333333333,0.2777777777777778,0.4444444444444444,0.3333333333333333,0.3888888888888889
8476905,20222023,F,22,18298,13.0,22.0,10.0,22.0,12.0,22.0,9.0,22.0,8.0,22.0,11.0,22.0,9.0,22.0,8.0,22.0,0.5909090909090909,0.45454545454545453,0.5454545454545454,0.4090909090909091,0.36363636363636365,0.5,0.4090909090909091,0.36363636363636365
8476905,20232024,F,7,6313,2.0,7.0,3.0,7.0,1.0,7.0,2.0,7.0,3.0,7.0,3.0,7.0,3.0,7.0,2.0,7.0,0.2857142857142857,0.42857142857142855,0.14285714285714285,0.2857142857142857,0.42857142857142855,0.42857142857142855,0.42857142857142855,0.2857142857142857
8476906,20222023,D,15,11942,10.0,15.0,8.0,15.0,11.0,15.0,4.0,15.0,8.0,15.0,10.0,15.0,8.0,15.0,8.0,15.0,0.6666666666666666,0.5333333333333333,0.7333333333333333,0.26666666666666666,0.5333333333333333,0.6666666666666666,0.5333333333333333,0.5333333333333333
8476906,20242025,D,15,12591,10.0,15.0,10.0,15.0,9.0,15.0,9.0,15.0,8.0,15.0,12.0,15.0,10.0,15.0,9.0,15.0,0.6666666666666666,0.6666666666666666,0.6,0.6,0.5333333333333333,0.8,0.6666666666666666,0.6
8476917,20222023,D,6,6719,4.0,6.0,2.0,6.0,5.0,6.0,3.0,6.0,4.0,6.0,4.0,6.0,5.0,6.0,3.0,6.0,0.6666666666666666,0.3333333333333333,0.8333333333333334,0.5,0.6666666666666666,0.6666666666666666,0.8333333333333334,0.5
8476917,20232024,D,5,5430,1.0,5.0,2.0,5.0,2.0,5.0,3.0,5.0,2.0,5.0,3.0,5.0,2.0,5.0,2.0,5.0,0.2,0.4,0.4,0.6,0.4,0.6,0.4,0.4
8476918,20222023,F,7,3281,1.0,3.0,1.0,3.0,1.0,3.0,2.0,3.0,2.0,3.0,2.0,3.0,2.0,3.0,2.0,3.0,0.3333333333333333,0.3333333333333333,0.3333333333333333,0.6666666666666666,0.6666666666666666,0.6666666666666666,0.6666666666666666,0.6666666666666666
8476918,20232024,F,12,6480,5.0,10.0,3.0,10.0,5.0,10.0,3.0,10.0,5.0,10.0,4.0,10.0,4.0,10.0,4.0,10.0,0.5,0.3,0.5,0.3,0.5,0.4,0.4,0.4
8476921,20222023,F,15,12543,13.0,15.0,8.0,15.0,12.0,15.0,7.0,15.0,8.0,15.0,9.0,15.0,9.0,15.0,10.0,15.0,0.8666666666666667,0.5333333333333333,0.8,0.4666666666666667,0.5333333333333333,0.6,0.6,0.6666666666666666
8476921,20232024,F,11,8509,7.0,11.0,6.0,11.0,6.0,11.0,7.0,11.0,6.0,11.0,6.0,11.0,7.0,11.0,8.0,11.0,0.6363636363636364,0.5454545454545454,0.5454545454545454,0.6363636363636364,0.5454545454545454,0.5454545454545454,0.6363636363636364,0.7272727272727273
8476921,20242025,F,15,11584,7.0,15.0,6.0,15.0,5.0,15.0,11.0,15.0,6.0,15.0,8.0,15.0,5.0,15.0,10.0,15.0,0.4666666666666667,0.4,0.3333333333333333,0.7333333333333333,0.4,0.5333333333333333,0.3333333333333333,0.6666666666666666
8476923,20222023,D,12,10439,7.0,12.0,8.0,12.0,7.0,12.0,5.0,12.0,4.0,12.0,7.0,12.0,4.0,12.0,6.0,12.0,0.5833333333333334,0.6666666666666666,0.5833333333333334,0.4166666666666667,0.3333333333333333,0.5833333333333334,0.3333333333333333,0.5
8476925,20232024,F,6,4649,3.0,6.0,1.0,6.0,3.0,6.0,5.0,6.0,3.0,6.0,2.0,6.0,4.0,6.0,3.0,6.0,0.5,0.16666666666666666,0.5,0.8333333333333334,0.5,0.3333333333333333,0.6666666666666666,0.5
8476927,20222023,F,6,3443,1.0,5.0,3.0,5.0,1.0,5.0,3.0,5.0,1.0,5.0,4.0,5.0,3.0,5.0,3.0,5.0,0.2,0.6,0.2,0.6,0.2,0.8,0.6,0.6
8476927,20232024,F,13,8314,4.0,13.0,7.0,13.0,2.0,13.0,7.0,13.0,4.0,13.0,8.0,13.0,3.0,13.0,7.0,13.0,0.3076923076923077,0.5384615384615384,0.15384615384615385,0.5384615384615384,0.3076923076923077,0.6153846153846154,0.23076923076923078,0.5384615384615384
8476931,20222023,D,11,11262,5.0,11.0,5.0,11.0,7.0,11.0,6.0,11.0,2.0,11.0,6.0,11.0,2.0,11.0,6.0,11.0,0.45454545454545453,0.45454545454545453,0.6363636363636364,0.5454545454545454,0.18181818181818182,0.5454545454545454,0.18181818181818182,0.5454545454545454
8476931,20232024,D,7,7185,2.0,7.0,6.0,7.0,2.0,7.0,6.0,7.0,3.0,7.0,6.0,7.0,0.0,7.0,4.0,7.0,0.2857142857142857,0.8571428571428571,0.2857142857142857,0.8571428571428571,0.42857142857142855,0.8571428571428571,0.0,0.5714285714285714
8476931,20242025,D,13,14594,2.0,13.0,7.0,13.0,3.0,13.0,8.0,13.0,2.0,13.0,7.0,13.0,4.0,13.0,8.0,13.0,0.15384615384615385,0.5384615384615384,0.23076923076923078,0.6153846153846154,0.15384615384615385,0.5384615384615384,0.3076923076923077,0.6153846153846154
8476958,20222023,D,15,15547,12.0,14.0,7.0,14.0,11.0,14.0,5.0,14.0,12.0,14.0,5.0,14.0,11.0,14.0,8.0,14.0,0.8571428571428571,0.5,0.7857142857142857,0.35714285714285715,0.8571428571428571,0.35714285714285715,0.7857142857142857,0.5714285714285714
8476958,20232024,D,11,12065,4.0,11.0,5.0,11.0,5.0,11.0,6.0,11.0,6.0,11.0,3.0,11.0,5.0,11.0,4.0,11.0,0.36363636363636365,0.45454545454545453,0.45454545454545453,0.5454545454545454,0.5454545454545454,0.2727272727272727,0.45454545454545453,0.36363636363636365
8476958,20242025,D,15,16939,8.0,15.0,8.0,15.0,6.0,15.0,8.0,15.0,7.0,15.0,10.0,15.0,5.0,15.0,5.0,15.0,0.5333333333333333,0.5333333333333333,0.4,0.5333333333333333,0.4666666666666667,0.6666666666666666,0.3333333333333333,0.3333333333333333
8476967,20222023,D,12,9474,8.0,12.0,7.0,12.0,7.0,12.0,7.0,12.0,6.0,12.0,8.0,12.0,4.0,12.0,9.0,12.0,0.6666666666666666,0.5833333333333334,0.5833333333333334,0.5833333333333334,0.5,0.6666666666666666,0.3333333333333333,0.75
8476967,20232024,D,25,21692,7.0,25.0,16.0,25.0,8.0,25.0,13.0,25.0,10.0,25.0,14.0,25.0,11.0,25.0,11.0,25.0,0.28,0.64,0.32,0.52,0.4,0.56,0.44,0.44
8476967,20242025,D,22,24581,9.0,22.0,12.0,22.0,12.0,22.0,9.0,22.0,9.0,22.0,12.0,22.0,11.0,22.0,11.0,22.0,0.4090909090909091,0.5454545454545454,0.5454545454545454,0.4090909090909091,0.4090909090909091,0.5454545454545454,0.5,0.5
8476979,20222023,D,2,1070,1.0,1.0,1.0,1.0,1.0,1.0,1.0,1.0,1.0,1.0,1.0,1.0,1.0,1.0,1.0,1.0,1.0,1.0,1.0,1.0,1.0,1.0,1.0,1.0
8476979,20232024,D,16,13770,5.0,16.0,8.0,16.0,5.0,16.0,6.0,16.0,7.0,16.0,9.0,16.0,7.0,16.0,11.0,16.0,0.3125,0.5,0.3125,0.375,0.4375,0.5625,0.4375,0.6875
8476981,20242025,F,5,3547,2.0,5.0,2.0,5.0,2.0,5.0,2.0,5.0,3.0,5.0,1.0,5.0,2.0,5.0,3.0,5.0,0.4,0.4,0.4,0.4,0.6,0.2,0.4,0.6
8476994,20242025,F,1,505,0.0,1.0,0.0,1.0,0.0,1.0,0.0,1.0,0.0,1.0,1.0,1.0,0.0,1.0,1.0,1.0,0.0,0.0,0.0,0.0,0.0,1.0,0.0,1.0
8477015,20232024,F,19,10948,3.0,15.0,10.0,15.0,5.0,15.0,7.0,15.0,3.0,15.0,8.0,15.0,3.0,15.0,7.0,15.0,0.2,0.6666666666666666,0.3333333333333333,0.4666666666666667,0.2,0.5333333333333333,0.2,0.4666666666666667
8477015,20242025,F,20,14547,7.0,18.0,8.0,18.0,7.0,18.0,7.0,18.0,7.0,18.0,6.0,18.0,6.0,18.0,6.0,18.0,0.3888888888888889,0.4444444444444444,0.3888888888888889,0.3888888888888889,0.3888888888888889,0.3333333333333333,0.3333333333333333,0.3333333333333333
8477018,20222023,D,2,1382,1.0,2.0,1.0,2.0,1.0,2.0,1.0,2.0,1.0,2.0,0.0,2.0,1.0,2.0,1.0,2.0,0.5,0.5,0.5,0.5,0.5,0.0,0.5,0.5
8477018,20232024,D,1,770,0.0,1.0,1.0,1.0,1.0,1.0,1.0,1.0,0.0,1.0,1.0,1.0,1.0,1.0,1.0,1.0,0.0,1.0,1.0,1.0,0.0,1.0,1.0,1.0
8477021,20222023,F,11,7813,5.0,11.0,4.0,11.0,6.0,11.0,5.0,11.0,3.0,11.0,6.0,11.0,3.0,11.0,4.0,11.0,0.45454545454545453,0.36363636363636365,0.5454545454545454,0.45454545454545453,0.2727272727272727,0.5454545454545454,0.2727272727272727,0.36363636363636365
8477220,20222023,D,5,5104,2.0,5.0,1.0,5.0,2.0,5.0,1.0,5.0,2.0,5.0,2.0,5.0,2.0,5.0,1.0,5.0,0.4,0.2,0.4,0.2,0.4,0.4,0.4,0.2
8477220,20232024,D,3,2444,1.0,3.0,1.0,3.0,1.0,3.0,1.0,3.0,1.0,3.0,3.0,3.0,1.0,3.0,1.0,3.0,0.3333333333333333,0.3333333333333333,0.3333333333333333,0.3333333333333333,0.3333333333333333,1.0,0.3333333333333333,0.3333333333333333
8477220,20242025,D,23,17426,14.0,23.0,12.0,23.0,13.0,23.0,12.0,23.0,13.0,23.0,11.0,23.0,13.0,23.0,12.0,23.0,0.6086956521739131,0.5217391304347826,0.5652173913043478,0.5217391304347826,0.5652173913043478,0.4782608695652174,0.5652173913043478,0.5217391304347826
8477353,20222023,F,7,3666,2.0,5.0,3.0,5.0,2.0,5.0,2.0,5.0,3.0,5.0,4.0,5.0,3.0,5.0,4.0,5.0,0.4,0.6,0.4,0.4,0.6,0.8,0.6,0.8
8477353,20232024,F,5,2160,1.0,2.0,1.0,2.0,1.0,2.0,1.0,2.0,1.0,2.0,1.0,2.0,1.0,2.0,1.0,2.0,0.5,0.5,0.5,0.5,0.5,0.5,0.5,0.5
8477357,20222023,F,5,1935,0.0,1.0,0.0,1.0,0.0,1.0,0.0,1.0,0.0,1.0,0.0,1.0,0.0,1.0,0.0,1.0,0.0,0.0,0.0,0.0,0.0,0.0,0.0,0.0
8477365,20222023,D,3,2365,2.0,3.0,0.0,3.0,1.0,3.0,0.0,3.0,3.0,3.0,1.0,3.0,1.0,3.0,1.0,3.0,0.6666666666666666,0.0,0.3333333333333333,0.0,1.0,0.3333333333333333,0.3333333333333333,0.3333333333333333
8477369,20222023,D,14,10473,7.0,14.0,5.0,14.0,8.0,14.0,6.0,14.0,8.0,14.0,8.0,14.0,7.0,14.0,8.0,14.0,0.5,0.35714285714285715,0.5714285714285714,0.42857142857142855,0.5714285714285714,0.5714285714285714,0.5,0.5714285714285714
8477369,20232024,D,12,9844,6.0,12.0,5.0,12.0,5.0,12.0,7.0,12.0,5.0,12.0,5.0,12.0,4.0,12.0,5.0,12.0,0.5,0.4166666666666667,0.4166666666666667,0.5833333333333334,0.4166666666666667,0.4166666666666667,0.3333333333333333,0.4166666666666667
8477380,20232024,F,3,1488,1.0,2.0,0.0,2.0,1.0,2.0,0.0,2.0,1.0,2.0,0.0,2.0,1.0,2.0,0.0,2.0,0.5,0.0,0.5,0.0,0.5,0.0,0.5,0.0
8477392,20222023,F,6,3869,4.0,6.0,1.0,6.0,4.0,6.0,3.0,6.0,4.0,6.0,3.0,6.0,3.0,6.0,3.0,6.0,0.6666666666666666,0.16666666666666666,0.6666666666666666,0.5,0.6666666666666666,0.5,0.5,0.5
8477392,20232024,F,4,2851,0.0,4.0,1.0,4.0,1.0,4.0,1.0,4.0,0.0,4.0,1.0,4.0,1.0,4.0,1.0,4.0,0.0,0.25,0.25,0.25,0.0,0.25,0.25,0.25
8477402,20242025,F,7,6550,2.0,7.0,5.0,7.0,2.0,7.0,5.0,7.0,4.0,7.0,5.0,7.0,4.0,7.0,4.0,7.0,0.2857142857142857,0.7142857142857143,0.2857142857142857,0.7142857142857143,0.5714285714285714,0.7142857142857143,0.5714285714285714,0.5714285714285714
8477404,20232024,F,11,10345,5.0,11.0,6.0,11.0,7.0,11.0,7.0,11.0,3.0,11.0,7.0,11.0,6.0,11.0,7.0,11.0,0.45454545454545453,0.5454545454545454,0.6363636363636364,0.6363636363636364,0.2727272727272727,0.6363636363636364,0.5454545454545454,0.6363636363636364
8477404,20242025,F,5,4963,5.0,5.0,3.0,5.0,4.0,5.0,3.0,5.0,4.0,5.0,2.0,5.0,4.0,5.0,3.0,5.0,1.0,0.6,0.8,0.6,0.8,0.4,0.8,0.6
8477406,20222023,F,5,2033,1.0,2.0,2.0,2.0,1.0,2.0,0.0,2.0,0.0,2.0,2.0,2.0,0.0,2.0,0.0,2.0,0.5,1.0,0.5,0.0,0.0,1.0,0.0,0.0
8477406,20232024,F,25,14401,5.0,21.0,13.0,21.0,10.0,21.0,13.0,21.0,7.0,21.0,11.0,21.0,8.0,21.0,11.0,21.0,0.23809523809523808,0.6190476190476191,0.47619047619047616,0.6190476190476191,0.3333333333333333,0.5238095238095238,0.38095238095238093,0.5238095238095238
8477406,20242025,F,22,12350,6.0,19.0,10.0,19.0,8.0,19.0,5.0,19.0,4.0,19.0,10.0,19.0,4.0,19.0,6.0,19.0,0.3157894736842105,0.5263157894736842,0.42105263157894735,0.2631578947368421,0.21052631578947367,0.5263157894736842,0.21052631578947367,0.3157894736842105
8477407,20222023,F,20,14995,8.0,20.0,4.0,20.0,10.0,20.0,5.0,20.0,9.0,20.0,8.0,20.0,10.0,20.0,6.0,20.0,0.4,0.2,0.5,0.25,0.45,0.4,0.5,0.3
8477407,20232024,F,5,3382,2.0,5.0,1.0,5.0,1.0,5.0,3.0,5.0,3.0,5.0,1.0,5.0,2.0,5.0,2.0,5.0,0.4,0.2,0.2,0.6,0.6,0.2,0.4,0.4
8477409,20222023,F,21,19762,11.0,21.0,5.0,21.0,14.0,21.0,4.0,21.0,11.0,21.0,10.0,21.0,12.0,21.0,8.0,21.0,0.5238095238095238,0.23809523809523808,0.6666666666666666,0.19047619047619047,0.5238095238095238,0.47619047619047616,0.5714285714285714,0.38095238095238093
8477409,20232024,F,24,21938,14.0,24.0,14.0,24.0,12.0,24.0,15.0,24.0,12.0,24.0,14.0,24.0,12.0,24.0,14.0,24.0,0.5833333333333334,0.5833333333333334,0.5,0.625,0.5,0.5833333333333334,0.5,0.5833333333333334
8477409,20242025,F,23,20230,13.0,23.0,12.0,23.0,13.0,23.0,9.0,23.0,14.0,23.0,8.0,23.0,15.0,23.0,7.0,23.0,0.5652173913043478,0.5217391304347826,0.5652173913043478,0.391304347826087,0.6086956521739131,0.34782608695652173,0.6521739130434783,0.30434782608695654
8477416,20222023,F,14,11995,9.0,14.0,7.0,14.0,10.0,14.0,5.0,14.0,8.0,14.0,8.0,14.0,11.0,14.0,8.0,14.0,0.6428571428571429,0.5,0.7142857142857143,0.35714285714285715,0.5714285714285714,0.5714285714285714,0.7857142857142857,0.5714285714285714
8477425,20222023,F,8,4921,5.0,5.0,3.0,5.0,5.0,5.0,2.0,5.0,4.0,5.0,3.0,5.0,5.0,5.0,2.0,5.0,1.0,0.6,1.0,0.4,0.8,0.6,1.0,0.4
8477425,20232024,F,11,7108,7.0,11.0,4.0,11.0,7.0,11.0,4.0,11.0,6.0,11.0,4.0,11.0,6.0,11.0,4.0,11.0,0.6363636363636364,0.36363636363636365,0.6363636363636364,0.36363636363636365,0.5454545454545454,0.36363636363636365,0.5454545454545454,0.36363636363636365
8477425,20242025,F,1,536,0.0,1.0,1.0,1.0,0.0,1.0,1.0,1.0,0.0,1.0,1.0,1.0,0.0,1.0,1.0,1.0,0.0,1.0,0.0,1.0,0.0,1.0,0.0,1.0
8477426,20222023,F,6,4669,4.0,6.0,2.0,6.0,4.0,6.0,2.0,6.0,4.0,6.0,2.0,6.0,3.0,6.0,4.0,6.0,0.6666666666666666,0.3333333333333333,0.6666666666666666,0.3333333333333333,0.6666666666666666,0.3333333333333333,0.5,0.6666666666666666
8477426,20232024,F,5,3890,4.0,5.0,4.0,5.0,2.0,5.0,2.0,5.0,2.0,5.0,3.0,5.0,2.0,5.0,3.0,5.0,0.8,0.8,0.4,0.4,0.4,0.6,0.4,0.6
8477426,20242025,F,5,3755,3.0,5.0,4.0,5.0,3.0,5.0,3.0,5.0,3.0,5.0,4.0,5.0,2.0,5.0,2.0,5.0,0.6,0.8,0.6,0.6,0.6,0.8,0.4,0.4
8477435,20222023,D,10,9182,4.0,10.0,5.0,10.0,6.0,10.0,4.0,10.0,1.0,10.0,5.0,10.0,2.0,10.0,4.0,10.0,0.4,0.5,0.6,0.4,0.1,0.5,0.2,0.4
8477446,20232024,F,6,4016,2.0,6.0,3.0,6.0,2.0,6.0,3.0,6.0,2.0,6.0,2.0,6.0,2.0,6.0,2.0,6.0,0.3333333333333333,0.5,0.3333333333333333,0.5,0.3333333333333333,0.3333333333333333,0.3333333333333333,0.3333333333333333
8477447,20222023,D,21,20510,11.0,21.0,15.0,21.0,13.0,21.0,18.0,21.0,11.0,21.0,14.0,21.0,13.0,21.0,15.0,21.0,0.5238095238095238,0.7142857142857143,0.6190476190476191,0.8571428571428571,0.5238095238095238,0.6666666666666666,0.6190476190476191,0.7142857142857143
8477447,20232024,D,7,8116,4.0,7.0,1.0,7.0,2.0,7.0,2.0,7.0,4.0,7.0,3.0,7.0,5.0,7.0,5.0,7.0,0.5714285714285714,0.14285714285714285,0.2857142857142857,0.2857142857142857,0.5714285714285714,0.42857142857142855,0.7142857142857143,0.7142857142857143
8477447,20242025,D,11,12202,7.0,11.0,7.0,11.0,6.0,11.0,8.0,11.0,7.0,11.0,9.0,11.0,6.0,11.0,8.0,11.0,0.6363636363636364,0.6363636363636364,0.5454545454545454,0.7272727272727273,0.6363636363636364,0.8181818181818182,0.5454545454545454,0.7272727272727273
8477451,20222023,F,5,3976,3.0,5.0,2.0,5.0,3.0,5.0,4.0,5.0,4.0,5.0,3.0,5.0,2.0,5.0,3.0,5.0,0.6,0.4,0.6,0.8,0.8,0.6,0.4,0.6
8477451,20242025,F,6,5136,4.0,6.0,1.0,6.0,4.0,6.0,1.0,6.0,4.0,6.0,1.0,6.0,4.0,6.0,1.0,6.0,0.6666666666666666,0.16666666666666666,0.6666666666666666,0.16666666666666666,0.6666666666666666,0.16666666666666666,0.6666666666666666,0.16666666666666666
8477456,20222023,F,7,7325,2.0,7.0,5.0,7.0,2.0,7.0,4.0,7.0,1.0,7.0,5.0,7.0,0.0,7.0,5.0,7.0,0.2857142857142857,0.7142857142857143,0.2857142857142857,0.5714285714285714,0.14285714285714285,0.7142857142857143,0.0,0.7142857142857143
8477476,20222023,F,7,6941,3.0,7.0,5.0,7.0,3.0,7.0,3.0,7.0,3.0,7.0,5.0,7.0,2.0,7.0,5.0,7.0,0.42857142857142855,0.7142857142857143,0.42857142857142855,0.42857142857142855,0.42857142857142855,0.7142857142857143,0.2857142857142857,0.7142857142857143
8477476,20232024,F,11,10717,10.0,11.0,7.0,11.0,9.0,11.0,8.0,11.0,8.0,11.0,8.0,11.0,7.0,11.0,6.0,11.0,0.9090909090909091,0.6363636363636364,0.8181818181818182,0.7272727272727273,0.7272727272727273,0.7272727272727273,0.6363636363636364,0.5454545454545454
8477476,20242025,F,7,6080,5.0,7.0,3.0,7.0,5.0,7.0,4.0,7.0,6.0,7.0,3.0,7.0,5.0,7.0,4.0,7.0,0.7142857142857143,0.42857142857142855,0.7142857142857143,0.5714285714285714,0.8571428571428571,0.42857142857142855,0.7142857142857143,0.5714285714285714
8477478,20222023,F,18,9766,7.0,15.0,7.0,15.0,8.0,15.0,9.0,15.0,6.0,15.0,10.0,15.0,9.0,15.0,8.0,15.0,0.4666666666666667,0.4666666666666667,0.5333333333333333,0.6,0.4,0.6666666666666666,0.6,0.5333333333333333
8477478,20232024,F,7,4199,2.0,7.0,4.0,7.0,3.0,7.0,3.0,7.0,3.0,7.0,4.0,7.0,3.0,7.0,3.0,7.0,0.2857142857142857,0.5714285714285714,0.42857142857142855,0.42857142857142855,0.42857142857142855,0.5714285714285714,0.42857142857142855,0.42857142857142855
8477478,20242025,F,15,9018,8.0,10.0,5.0,10.0,6.0,10.0,5.0,10.0,7.0,10.0,3.0,10.0,6.0,10.0,4.0,10.0,0.8,0.5,0.6,0.5,0.7,0.3,0.6,0.4
8477479,20222023,F,7,5947,4.0,7.0,3.0,7.0,4.0,7.0,3.0,7.0,4.0,7.0,4.0,7.0,4.0,7.0,5.0,7.0,0.5714285714285714,0.42857142857142855,0.5714285714285714,0.42857142857142855,0.5714285714285714,0.5714285714285714,0.5714285714285714,0.7142857142857143
8477479,20232024,F,7,6272,5.0,7.0,2.0,7.0,5.0,7.0,4.0,7.0,7.0,7.0,3.0,7.0,6.0,7.0,4.0,7.0,0.7142857142857143,0.2857142857142857,0.7142857142857143,0.5714285714285714,1.0,0.42857142857142855,0.8571428571428571,0.5714285714285714
8477488,20222023,D,15,16465,9.0,15.0,7.0,15.0,11.0,15.0,5.0,15.0,5.0,15.0,8.0,15.0,5.0,15.0,5.0,15.0,0.6,0.4666666666666667,0.7333333333333333,0.3333333333333333,0.3333333333333333,0.5333333333333333,0.3333333333333333,0.3333333333333333
8477488,20232024,D,2,1482,1.0,1.0,0.0,1.0,1.0,1.0,1.0,1.0,1.0,1.0,0.0,1.0,1.0,1.0,1.0,1.0,1.0,0.0,1.0,1.0,1.0,0.0,1.0,1.0
8477488,20242025,D,5,5618,2.0,5.0,2.0,5.0,3.0,5.0,2.0,5.0,2.0,5.0,3.0,5.0,3.0,5.0,2.0,5.0,0.4,0.4,0.6,0.4,0.4,0.6,0.6,0.4
8477492,20222023,F,7,8237,5.0,7.0,3.0,7.0,5.0,7.0,5.0,7.0,4.0,7.0,4.0,7.0,4.0,7.0,5.0,7.0,0.7142857142857143,0.42857142857142855,0.7142857142857143,0.7142857142857143,0.5714285714285714,0.5714285714285714,0.5714285714285714,0.7142857142857143
8477492,20232024,F,11,12546,7.0,11.0,6.0,11.0,3.0,11.0,6.0,11.0,6.0,11.0,7.0,11.0,3.0,11.0,7.0,11.0,0.6363636363636364,0.5454545454545454,0.2727272727272727,0.5454545454545454,0.5454545454545454,0.6363636363636364,0.2727272727272727,0.6363636363636364
8477492,20242025,F,7,7116,5.0,7.0,2.0,7.0,4.0,7.0,3.0,7.0,6.0,7.0,2.0,7.0,5.0,7.0,3.0,7.0,0.7142857142857143,0.2857142857142857,0.5714285714285714,0.42857142857142855,0.8571428571428571,0.2857142857142857,0.7142857142857143,0.42857142857142855
8477493,20222023,F,21,20103,8.0,20.0,9.0,20.0,10.0,20.0,6.0,20.0,6.0,20.0,12.0,20.0,6.0,20.0,8.0,20.0,0.4,0.45,0.5,0.3,0.3,0.6,0.3,0.4
8477493,20232024,F,24,23108,9.0,24.0,18.0,24.0,9.0,24.0,17.0,24.0,11.0,24.0,17.0,24.0,12.0,24.0,16.0,24.0,0.375,0.75,0.375,0.7083333333333334,0.4583333333333333,0.7083333333333334,0.5,0.6666666666666666
8477493,20242025,F,23,21042,14.0,23.0,17.0,23.0,15.0,23.0,13.0,23.0,13.0,23.0,17.0,23.0,14.0,23.0,13.0,23.0,0.6086956521739131,0.7391304347826086,0.6521739130434783,0.5652173913043478,0.5652173913043478,0.7391304347826086,0.6086956521739131,0.5652173913043478
8477494,20232024,F,3,3241,1.0,3.0,0.0,3.0,1.0,3.0,1.0,3.0,1.0,3.0,0.0,3.0,0.0,3.0,1.0,3.0,0.3333333333333333,0.0,0.3333333333333333,0.3333333333333333,0.3333333333333333,0.0,0.0,0.3333333333333333
8477494,20242025,F,7,4862,2.0,6.0,3.0,6.0,4.0,6.0,2.0,6.0,2.0,6.0,3.0,6.0,0.0,6.0,2.0,6.0,0.3333333333333333,0.5,0.6666666666666666,0.3333333333333333,0.3333333333333333,0.5,0.0,0.3333333333333333
8477495,20242025,D,23,25534,11.0,23.0,16.0,23.0,11.0,23.0,16.0,23.0,8.0,23.0,16.0,23.0,9.0,23.0,14.0,23.0,0.4782608695652174,0.6956521739130435,0.4782608695652174,0.6956521739130435,0.34782608695652173,0.6956521739130435,0.391304347826087,0.6086956521739131
8477496,20232024,F,13,11666,5.0,13.0,9.0,13.0,5.0,13.0,7.0,13.0,5.0,13.0,6.0,13.0,5.0,13.0,8.0,13.0,0.38461538461538464,0.6923076923076923,0.38461538461538464,0.5384615384615384,0.38461538461538464,0.46153846153846156,0.38461538461538464,0.6153846153846154
8477497,20232024,F,5,4631,2.0,5.0,1.0,5.0,1.0,5.0,1.0,5.0,2.0,5.0,2.0,5.0,3.0,5.0,2.0,5.0,0.4,0.2,0.2,0.2,0.4,0.4,0.6,0.4
8477498,20222023,D,11,11568,7.0,11.0,4.0,11.0,9.0,11.0,5.0,11.0,4.0,11.0,6.0,11.0,3.0,11.0,4.0,11.0,0.6363636363636364,0.36363636363636365,0.8181818181818182,0.45454545454545453,0.36363636363636365,0.5454545454545454,0.2727272727272727,0.36363636363636365
8477498,20232024,D,25,22615,10.0,24.0,8.0,24.0,9.0,24.0,11.0,24.0,11.0,24.0,9.0,24.0,11.0,24.0,13.0,24.0,0.4166666666666667,0.3333333333333333,0.375,0.4583333333333333,0.4583333333333333,0.375,0.4583333333333333,0.5416666666666666
8477498,20242025,D,22,24434,12.0,22.0,11.0,22.0,11.0,22.0,10.0,22.0,7.0,22.0,11.0,22.0,10.0,22.0,8.0,22.0,0.5454545454545454,0.5,0.5,0.45454545454545453,0.3181818181818182,0.5,0.45454545454545453,0.36363636363636365
8477500,20222023,F,6,5522,3.0,6.0,3.0,6.0,3.0,6.0,2.0,6.0,3.0,6.0,4.0,6.0,2.0,6.0,4.0,6.0,0.5,0.5,0.5,0.3333333333333333,0.5,0.6666666666666666,0.3333333333333333,0.6666666666666666
8477500,20232024,F,5,5051,1.0,5.0,3.0,5.0,1.0,5.0,3.0,5.0,2.0,5.0,2.0,5.0,1.0,5.0,2.0,5.0,0.2,0.6,0.2,0.6,0.4,0.4,0.2,0.4
8477501,20222023,F,2,1849,2.0,2.0,2.0,2.0,1.0,2.0,1.0,2.0,1.0,2.0,2.0,2.0,1.0,2.0,1.0,2.0,1.0,1.0,0.5,0.5,0.5,1.0,0.5,0.5
8477501,20232024,F,8,8429,3.0,8.0,4.0,8.0,3.0,8.0,5.0,8.0,2.0,8.0,5.0,8.0,1.0,8.0,6.0,8.0,0.375,0.5,0.375,0.625,0.25,0.625,0.125,0.75
8477501,20242025,F,7,6361,4.0,7.0,4.0,7.0,3.0,7.0,3.0,7.0,3.0,7.0,5.0,7.0,3.0,7.0,3.0,7.0,0.5714285714285714,0.5714285714285714,0.42857142857142855,0.42857142857142855,0.42857142857142855,0.7142857142857143,0.42857142857142855,0.42857142857142855
8477503,20222023,F,19,13676,11.0,19.0,5.0,19.0,9.0,19.0,6.0,19.0,11.0,19.0,7.0,19.0,9.0,19.0,8.0,19.0,0.5789473684210527,0.2631578947368421,0.47368421052631576,0.3157894736842105,0.5789473684210527,0.3684210526315789,0.47368421052631576,0.42105263157894735
8477503,20232024,F,7,5852,5.0,7.0,1.0,7.0,6.0,7.0,4.0,7.0,7.0,7.0,3.0,7.0,6.0,7.0,4.0,7.0,0.7142857142857143,0.14285714285714285,0.8571428571428571,0.5714285714285714,1.0,0.42857142857142855,0.8571428571428571,0.5714285714285714
8477503,20242025,F,13,8504,3.0,12.0,5.0,12.0,3.0,12.0,5.0,12.0,5.0,12.0,6.0,12.0,7.0,12.0,5.0,12.0,0.25,0.4166666666666667,0.25,0.4166666666666667,0.4166666666666667,0.5,0.5833333333333334,0.4166666666666667
8477504,20222023,D,3,2340,1.0,2.0,2.0,2.0,2.0,2.0,2.0,2.0,1.0,2.0,2.0,2.0,2.0,2.0,2.0,2.0,0.5,1.0,1.0,1.0,0.5,1.0,1.0,1.0
8477504,20232024,D,5,6377,3.0,5.0,1.0,5.0,2.0,5.0,1.0,5.0,2.0,5.0,3.0,5.0,3.0,5.0,3.0,5.0,0.6,0.2,0.4,0.2,0.4,0.6,0.6,0.6
8477504,20242025,D,12,12392,5.0,11.0,4.0,11.0,2.0,11.0,2.0,11.0,5.0,11.0,5.0,11.0,5.0,11.0,3.0,11.0,0.45454545454545453,0.36363636363636365,0.18181818181818182,0.18181818181818182,0.45454545454545453,0.45454545454545453,0.45454545454545453,0.2727272727272727
8477505,20222023,F,14,12842,5.0,14.0,4.0,14.0,6.0,14.0,4.0,14.0,7.0,14.0,6.0,14.0,5.0,14.0,6.0,14.0,0.35714285714285715,0.2857142857142857,0.42857142857142855,0.2857142857142857,0.5,0.42857142857142855,0.35714285714285715,0.42857142857142855
8477505,20232024,F,16,11685,6.0,16.0,7.0,16.0,3.0,16.0,6.0,16.0,8.0,16.0,7.0,16.0,6.0,16.0,8.0,16.0,0.375,0.4375,0.1875,0.375,0.5,0.4375,0.375,0.5
8477506,20222023,D,6,6950,4.0,6.0,0.0,6.0,4.0,6.0,1.0,6.0,4.0,6.0,1.0,6.0,3.0,6.0,1.0,6.0,0.6666666666666666,0.0,0.6666666666666666,0.16666666666666666,0.6666666666666666,0.16666666666666666,0.5,0.16666666666666666
8477506,20232024,D,5,5838,1.0,5.0,1.0,5.0,2.0,5.0,3.0,5.0,2.0,5.0,1.0,5.0,3.0,5.0,2.0,5.0,0.2,0.2,0.4,0.6,0.4,0.2,0.6,0.4
8477507,20232024,D,13,13125,6.0,13.0,7.0,13.0,6.0,13.0,7.0,13.0,5.0,13.0,8.0,13.0,6.0,13.0,7.0,13.0,0.46153846153846156,0.5384615384615384,0.46153846153846156,0.5384615384615384,0.38461538461538464,0.6153846153846154,0.46153846153846156,0.5384615384615384
8477508,20222023,F,6,2451,1.0,2.0,1.0,2.0,1.0,2.0,1.0,2.0,1.0,2.0,1.0,2.0,1.0,2.0,1.0,2.0,0.5,0.5,0.5,0.5,0.5,0.5,0.5,0.5
8477511,20232024,F,3,2123,0.0,3.0,1.0,3.0,1.0,3.0,1.0,3.0,2.0,3.0,1.0,3.0,3.0,3.0,1.0,3.0,0.0,0.3333333333333333,0.3333333333333333,0.3333333333333333,0.6666666666666666,0.3333333333333333,1.0,0.3333333333333333
8477573,20242025,F,7,4556,2.0,7.0,2.0,7.0,3.0,7.0,2.0,7.0,2.0,7.0,3.0,7.0,3.0,7.0,2.0,7.0,0.2857142857142857,0.2857142857142857,0.42857142857142855,0.2857142857142857,0.2857142857142857,0.42857142857142855,0.42857142857142855,0.2857142857142857
8477810,20222023,D,13,9277,7.0,13.0,8.0,13.0,6.0,13.0,7.0,13.0,5.0,13.0,9.0,13.0,7.0,13.0,8.0,13.0,0.5384615384615384,0.6153846153846154,0.46153846153846156,0.5384615384615384,0.38461538461538464,0.6923076923076923,0.5384615384615384,0.6153846153846154
8477845,20232024,D,3,1755,1.0,2.0,1.0,2.0,1.0,2.0,1.0,2.0,1.0,2.0,1.0,2.0,1.0,2.0,1.0,2.0,0.5,0.5,0.5,0.5,0.5,0.5,0.5,0.5
8477845,20242025,D,10,8361,7.0,10.0,5.0,10.0,6.0,10.0,4.0,10.0,5.0,10.0,6.0,10.0,5.0,10.0,4.0,10.0,0.7,0.5,0.6,0.4,0.5,0.6,0.5,0.4
8477903,20222023,F,7,3407,2.0,3.0,0.0,3.0,2.0,3.0,0.0,3.0,1.0,3.0,1.0,3.0,2.0,3.0,2.0,3.0,0.6666666666666666,0.0,0.6666666666666666,0.0,0.3333333333333333,0.3333333333333333,0.6666666666666666,0.6666666666666666
8477919,20222023,F,6,4496,4.0,6.0,4.0,6.0,2.0,6.0,4.0,6.0,4.0,6.0,4.0,6.0,3.0,6.0,4.0,6.0,0.6666666666666666,0.6666666666666666,0.3333333333333333,0.6666666666666666,0.6666666666666666,0.6666666666666666,0.5,0.6666666666666666
8477919,20242025,F,6,4093,2.0,6.0,3.0,6.0,1.0,6.0,4.0,6.0,2.0,6.0,3.0,6.0,2.0,6.0,3.0,6.0,0.3333333333333333,0.5,0.16666666666666666,0.6666666666666666,0.3333333333333333,0.5,0.3333333333333333,0.5
8477930,20222023,F,6,2986,1.0,2.0,1.0,2.0,1.0,2.0,2.0,2.0,1.0,2.0,2.0,2.0,2.0,2.0,2.0,2.0,0.5,0.5,0.5,1.0,0.5,1.0,1.0,1.0
8477931,20222023,F,7,4017,2.0,5.0,2.0,5.0,0.0,5.0,3.0,5.0,1.0,5.0,2.0,5.0,0.0,5.0,3.0,5.0,0.4,0.4,0.0,0.6,0.2,0.4,0.0,0.6
8477931,20242025,F,16,7737,2.0,6.0,3.0,6.0,1.0,6.0,5.0,6.0,1.0,6.0,3.0,6.0,0.0,6.0,4.0,6.0,0.3333333333333333,0.5,0.16666666666666666,0.8333333333333334,0.16666666666666666,0.5,0.0,0.6666666666666666
8477932,20222023,D,20,21235,11.0,20.0,11.0,20.0,10.0,20.0,10.0,20.0,9.0,20.0,13.0,20.0,11.0,20.0,13.0,20.0,0.55,0.55,0.5,0.5,0.45,0.65,0.55,0.65
8477932,20232024,D,24,25580,12.0,24.0,12.0,24.0,11.0,24.0,13.0,24.0,11.0,24.0,8.0,24.0,11.0,24.0,12.0,24.0,0.5,0.5,0.4583333333333333,0.5416666666666666,0.4583333333333333,0.3333333333333333,0.4583333333333333,0.5
8477932,20242025,D,19,20052,12.0,19.0,13.0,19.0,13.0,19.0,11.0,19.0,10.0,19.0,9.0,19.0,11.0,19.0,11.0,19.0,0.631578947368421,0.6842105263157895,0.6842105263157895,0.5789473684210527,0.5263157894736842,0.47368421052631576,0.5789473684210527,0.5789473684210527
8477933,20222023,F,21,20633,10.0,21.0,13.0,21.0,9.0,21.0,10.0,21.0,8.0,21.0,16.0,21.0,6.0,21.0,15.0,21.0,0.47619047619047616,0.6190476190476191,0.42857142857142855,0.47619047619047616,0.38095238095238093,0.7619047619047619,0.2857142857142857,0.7142857142857143
8477933,20232024,F,24,23637,10.0,24.0,17.0,24.0,11.0,24.0,16.0,24.0,11.0,24.0,16.0,24.0,10.0,24.0,15.0,24.0,0.4166666666666667,0.7083333333333334,0.4583333333333333,0.6666666666666666,0.4583333333333333,0.6666666666666666,0.4166666666666667,0.625
8477933,20242025,F,21,20247,13.0,20.0,16.0,20.0,14.0,20.0,13.0,20.0,6.0,20.0,14.0,20.0,11.0,20.0,13.0,20.0,0.65,0.8,0.7,0.65,0.3,0.7,0.55,0.65
8477934,20222023,F,12,12766,10.0,12.0,6.0,12.0,9.0,12.0,5.0,12.0,5.0,12.0,7.0,12.0,6.0,12.0,8.0,12.0,0.8333333333333334,0.5,0.75,0.4166666666666667,0.4166666666666667,0.5833333333333334,0.5,0.6666666666666666
8477934,20232024,F,25,24433,15.0,25.0,15.0,25.0,15.0,25.0,12.0,25.0,17.0,25.0,13.0,25.0,15.0,25.0,12.0,25.0,0.6,0.6,0.6,0.48,0.68,0.52,0.6,0.48
8477934,20242025,F,22,22540,13.0,22.0,14.0,22.0,11.0,22.0,14.0,22.0,10.0,22.0,18.0,22.0,11.0,22.0,20.0,22.0,0.5909090909090909,0.6363636363636364,0.5,0.6363636363636364,0.45454545454545453,0.8181818181818182,0.5,0.9090909090909091
8477935,20222023,F,20,18644,12.0,20.0,9.0,20.0,10.0,20.0,7.0,20.0,13.0,20.0,15.0,20.0,12.0,20.0,11.0,20.0,0.6,0.45,0.5,0.35,0.65,0.75,0.6,0.55
8477935,20232024,F,19,13999,11.0,18.0,12.0,18.0,14.0,18.0,10.0,18.0,9.0,18.0,9.0,18.0,13.0,18.0,10.0,18.0,0.6111111111111112,0.6666666666666666,0.7777777777777778,0.5555555555555556,0.5,0.5,0.7222222222222222,0.5555555555555556
8477935,20242025,F,23,18600,15.0,23.0,12.0,23.0,16.0,23.0,13.0,23.0,15.0,23.0,11.0,23.0,14.0,23.0,11.0,23.0,0.6521739130434783,0.5217391304347826,0.6956521739130435,0.5652173913043478,0.6521739130434783,0.4782608695652174,0.6086956521739131,0.4782608695652174
8477938,20222023,D,1,788,0.0,1.0,0.0,1.0,0.0,1.0,0.0,1.0,0.0,1.0,0.0,1.0,0.0,1.0,0.0,1.0,0.0,0.0,0.0,0.0,0.0,0.0,0.0,0.0
8477938,20242025,D,8,6243,0.0,7.0,3.0,7.0,0.0,7.0,4.0,7.0,1.0,7.0,4.0,7.0,1.0,7.0,3.0,7.0,0.0,0.42857142857142855,0.0,0.5714285714285714,0.14285714285714285,0.5714285714285714,0.14285714285714285,0.42857142857142855
8477939,20222023,F,11,10329,8.0,11.0,4.0,11.0,9.0,11.0,5.0,11.0,8.0,11.0,6.0,11.0,6.0,11.0,5.0,11.0,0.7272727272727273,0.36363636363636365,0.8181818181818182,0.45454545454545453,0.7272727272727273,0.5454545454545454,0.5454545454545454,0.45454545454545453
8477939,20232024,F,4,4329,0.0,4.0,3.0,4.0,2.0,4.0,2.0,4.0,3.0,4.0,3.0,4.0,2.0,4.0,2.0,4.0,0.0,0.75,0.5,0.5,0.75,0.75,0.5,0.5
8477939,20242025,F,13,11692,7.0,13.0,8.0,13.0,10.0,13.0,6.0,13.0,10.0,13.0,7.0,13.0,10.0,13.0,7.0,13.0,0.5384615384615384,0.6153846153846154,0.7692307692307693,0.46153846153846156,0.7692307692307693,0.5384615384615384,0.7692307692307693,0.5384615384615384
8477940,20222023,F,1,1226,0.0,1.0,0.0,1.0,0.0,1.0,1.0,1.0,0.0,1.0,1.0,1.0,0.0,1.0,1.0,1.0,0.0,0.0,0.0,1.0,0.0,1.0,0.0,1.0
8477940,20232024,F,5,4092,3.0,5.0,2.0,5.0,2.0,5.0,2.0,5.0,3.0,5.0,3.0,5.0,3.0,5.0,2.0,5.0,0.6,0.4,0.4,0.4,0.6,0.6,0.6,0.4
8477940,20242025,F,8,6426,3.0,8.0,4.0,8.0,3.0,8.0,4.0,8.0,3.0,8.0,7.0,8.0,4.0,8.0,5.0,8.0,0.375,0.5,0.375,0.5,0.375,0.875,0.5,0.625
8477942,20222023,F,3,2724,1.0,3.0,0.0,3.0,1.0,3.0,0.0,3.0,0.0,3.0,1.0,3.0,1.0,3.0,0.0,3.0,0.3333333333333333,0.0,0.3333333333333333,0.0,0.0,0.3333333333333333,0.3333333333333333,0.0
8477942,20232024,F,5,4487,2.0,5.0,2.0,5.0,3.0,5.0,3.0,5.0,0.0,5.0,2.0,5.0,2.0,5.0,2.0,5.0,0.4,0.4,0.6,0.6,0.0,0.4,0.4,0.4
8477942,20242025,F,6,6315,4.0,6.0,5.0,6.0,4.0,6.0,3.0,6.0,4.0,6.0,5.0,6.0,4.0,6.0,5.0,6.0,0.6666666666666666,0.8333333333333334,0.6666666666666666,0.5,0.6666666666666666,0.8333333333333334,0.6666666666666666,0.8333333333333334
8477947,20232024,F,4,2134,2.0,4.0,3.0,4.0,3.0,4.0,3.0,4.0,2.0,4.0,3.0,4.0,3.0,4.0,3.0,4.0,0.5,0.75,0.75,0.75,0.5,0.75,0.75,0.75
8477950,20232024,D,9,7395,5.0,9.0,4.0,9.0,6.0,9.0,5.0,9.0,3.0,9.0,5.0,9.0,4.0,9.0,4.0,9.0,0.5555555555555556,0.4444444444444444,0.6666666666666666,0.5555555555555556,0.3333333333333333,0.5555555555555556,0.4444444444444444,0.4444444444444444
8477953,20242025,F,12,7963,3.0,10.0,5.0,10.0,4.0,10.0,5.0,10.0,3.0,10.0,6.0,10.0,4.0,10.0,5.0,10.0,0.3,0.5,0.4,0.5,0.3,0.6,0.4,0.5
8477955,20222023,F,8,5685,3.0,7.0,3.0,7.0,4.0,7.0,4.0,7.0,4.0,7.0,5.0,7.0,3.0,7.0,4.0,7.0,0.42857142857142855,0.42857142857142855,0.5714285714285714,0.5714285714285714,0.5714285714285714,0.7142857142857143,0.42857142857142855,0.5714285714285714
8477956,20222023,F,7,6526,4.0,7.0,3.0,7.0,4.0,7.0,4.0,7.0,2.0,7.0,3.0,7.0,3.0,7.0,4.0,7.0,0.5714285714285714,0.42857142857142855,0.5714285714285714,0.5714285714285714,0.2857142857142857,0.42857142857142855,0.42857142857142855,0.5714285714285714
8477956,20232024,F,13,12437,6.0,13.0,8.0,13.0,6.0,13.0,6.0,13.0,5.0,13.0,7.0,13.0,8.0,13.0,5.0,13.0,0.46153846153846156,0.6153846153846154,0.46153846153846156,0.46153846153846156,0.38461538461538464,0.5384615384615384,0.6153846153846154,0.38461538461538464
8477960,20222023,F,6,5694,3.0,6.0,2.0,6.0,3.0,6.0,0.0,6.0,3.0,6.0,4.0,6.0,3.0,6.0,4.0,6.0,0.5,0.3333333333333333,0.5,0.0,0.5,0.6666666666666666,0.5,0.6666666666666666
8477960,20232024,F,5,4655,3.0,5.0,3.0,5.0,3.0,5.0,3.0,5.0,4.0,5.0,4.0,5.0,4.0,5.0,3.0,5.0,0.6,0.6,0.6,0.6,0.8,0.8,0.8,0.6
8477960,20242025,F,6,6120,2.0,6.0,4.0,6.0,2.0,6.0,4.0,6.0,2.0,6.0,5.0,6.0,3.0,6.0,4.0,6.0,0.3333333333333333,0.6666666666666666,0.3333333333333333,0.6666666666666666,0.3333333333333333,0.8333333333333334,0.5,0.6666666666666666
8477964,20222023,F,22,17667,14.0,22.0,11.0,22.0,17.0,22.0,12.0,22.0,13.0,22.0,10.0,22.0,16.0,22.0,11.0,22.0,0.6363636363636364,0.5,0.7727272727272727,0.5454545454545454,0.5909090909090909,0.45454545454545453,0.7272727272727273,0.5
8477964,20232024,F,7,5750,2.0,7.0,2.0,7.0,2.0,7.0,3.0,7.0,3.0,7.0,4.0,7.0,3.0,7.0,4.0,7.0,0.2857142857142857,0.2857142857142857,0.2857142857142857,0.42857142857142855,0.42857142857142855,0.5714285714285714,0.42857142857142855,0.5714285714285714
8477964,20242025,F,11,9828,5.0,11.0,4.0,11.0,5.0,11.0,6.0,11.0,7.0,11.0,4.0,11.0,6.0,11.0,6.0,11.0,0.45454545454545453,0.36363636363636365,0.45454545454545453,0.5454545454545454,0.6363636363636364,0.36363636363636365,0.5454545454545454,0.5454545454545454
8477971,20232024,D,5,3668,1.0,5.0,3.0,5.0,2.0,5.0,2.0,5.0,0.0,5.0,3.0,5.0,1.0,5.0,2.0,5.0,0.2,0.6,0.4,0.4,0.0,0.6,0.2,0.4
8477979,20232024,F,3,1436,1.0,2.0,1.0,2.0,1.0,2.0,1.0,2.0,1.0,2.0,1.0,2.0,1.0,2.0,2.0,2.0,0.5,0.5,0.5,0.5,0.5,0.5,0.5,1.0
8477986,20222023,D,21,25347,16.0,21.0,6.0,21.0,15.0,21.0,4.0,21.0,12.0,21.0,8.0,21.0,14.0,21.0,5.0,21.0,0.7619047619047619,0.2857142857142857,0.7142857142857143,0.19047619047619047,0.5714285714285714,0.38095238095238093,0.6666666666666666,0.23809523809523808
8477986,20232024,D,24,25743,11.0,24.0,13.0,24.0,12.0,24.0,13.0,24.0,12.0,24.0,15.0,24.0,12.0,24.0,13.0,24.0,0.4583333333333333,0.5416666666666666,0.5,0.5416666666666666,0.5,0.625,0.5,0.5416666666666666
8477987,20222023,F,14,6856,4.0,6.0,3.0,6.0,4.0,6.0,2.0,6.0,2.0,6.0,3.0,6.0,3.0,6.0,2.0,6.0,0.6666666666666666,0.5,0.6666666666666666,0.3333333333333333,0.3333333333333333,0.5,0.5,0.3333333333333333
8477989,20242025,F,5,4195,3.0,5.0,1.0,5.0,2.0,5.0,2.0,5.0,3.0,5.0,0.0,5.0,3.0,5.0,3.0,5.0,0.6,0.2,0.4,0.4,0.6,0.0,0.6,0.6
8477998,20222023,F,12,7041,9.0,10.0,4.0,10.0,8.0,10.0,4.0,10.0,8.0,10.0,5.0,10.0,6.0,10.0,5.0,10.0,0.9,0.4,0.8,0.4,0.8,0.5,0.6,0.5
8477998,20232024,F,22,13228,8.0,18.0,12.0,18.0,9.0,18.0,11.0,18.0,9.0,18.0,10.0,18.0,11.0,18.0,9.0,18.0,0.4444444444444444,0.6666666666666666,0.5,0.6111111111111112,0.5,0.5555555555555556,0.6111111111111112,0.5
8477998,20242025,F,6,5406,2.0,6.0,1.0,6.0,2.0,6.0,1.0,6.0,2.0,6.0,2.0,6.0,3.0,6.0,2.0,6.0,0.3333333333333333,0.16666666666666666,0.3333333333333333,0.16666666666666666,0.3333333333333333,0.3333333333333333,0.5,0.3333333333333333
8478010,20222023,F,6,5421,4.0,6.0,2.0,6.0,4.0,6.0,0.0,6.0,4.0,6.0,2.0,6.0,4.0,6.0,1.0,6.0,0.6666666666666666,0.3333333333333333,0.6666666666666666,0.0,0.6666666666666666,0.3333333333333333,0.6666666666666666,0.16666666666666666
8478010,20232024,F,5,4905,4.0,5.0,2.0,5.0,3.0,5.0,2.0,5.0,3.0,5.0,2.0,5.0,3.0,5.0,3.0,5.0,0.8,0.4,0.6,0.4,0.6,0.4,0.6,0.6
8478010,20242025,F,5,5138,4.0,5.0,3.0,5.0,4.0,5.0,4.0,5.0,4.0,5.0,2.0,5.0,4.0,5.0,4.0,5.0,0.8,0.6,0.8,0.8,0.8,0.4,0.8,0.8
8478013,20242025,D,22,20540,15.0,22.0,10.0,22.0,12.0,22.0,10.0,22.0,12.0,22.0,11.0,22.0,10.0,22.0,10.0,22.0,0.6818181818181818,0.45454545454545453,0.5454545454545454,0.45454545454545453,0.5454545454545454,0.5,0.45454545454545453,0.45454545454545453
8478020,20222023,F,16,10727,4.0,13.0,5.0,13.0,5.0,13.0,7.0,13.0,3.0,13.0,7.0,13.0,3.0,13.0,6.0,13.0,0.3076923076923077,0.38461538461538464,0.38461538461538464,0.5384615384615384,0.23076923076923078,0.5384615384615384,0.23076923076923078,0.46153846153846156
8478020,20232024,F,4,2658,1.0,4.0,1.0,4.0,2.0,4.0,1.0,4.0,1.0,4.0,2.0,4.0,2.0,4.0,1.0,4.0,0.25,0.25,0.5,0.25,0.25,0.5,0.5,0.25
8478020,20242025,F,6,5370,2.0,6.0,3.0,6.0,2.0,6.0,3.0,6.0,2.0,6.0,3.0,6.0,2.0,6.0,3.0,6.0,0.3333333333333333,0.5,0.3333333333333333,0.5,0.3333333333333333,0.5,0.3333333333333333,0.5
8478028,20222023,F,2,1193,2.0,2.0,2.0,2.0,1.0,2.0,2.0,2.0,2.0,2.0,2.0,2.0,1.0,2.0,2.0,2.0,1.0,1.0,0.5,1.0,1.0,1.0,0.5,1.0
8478038,20222023,D,7,7957,5.0,7.0,5.0,7.0,3.0,7.0,5.0,7.0,3.0,7.0,7.0,7.0,3.0,7.0,6.0,7.0,0.7142857142857143,0.7142857142857143,0.42857142857142855,0.7142857142857143,0.42857142857142855,1.0,0.42857142857142855,0.8571428571428571
8478038,20232024,D,10,11617,8.0,10.0,7.0,10.0,7.0,10.0,7.0,10.0,6.0,10.0,8.0,10.0,6.0,10.0,7.0,10.0,0.8,0.7,0.7,0.7,0.6,0.8,0.6,0.7
8478038,20242025,D,7,7738,4.0,7.0,5.0,7.0,5.0,7.0,4.0,7.0,4.0,7.0,5.0,7.0,5.0,7.0,3.0,7.0,0.5714285714285714,0.7142857142857143,0.7142857142857143,0.5714285714285714,0.5714285714285714,0.7142857142857143,0.7142857142857143,0.42857142857142855
8478042,20222023,F,6,5736,4.0,6.0,2.0,6.0,4.0,6.0,2.0,6.0,5.0,6.0,3.0,6.0,4.0,6.0,3.0,6.0,0.6666666666666666,0.3333333333333333,0.6666666666666666,0.3333333333333333,0.8333333333333334,0.5,0.6666666666666666,0.5
8478042,20232024,F,5,4518,1.0,5.0,1.0,5.0,1.0,5.0,3.0,5.0,1.0,5.0,3.0,5.0,2.0,5.0,2.0,5.0,0.2,0.2,0.2,0.6,0.2,0.6,0.4,0.4
8478042,20242025,F,15,8496,4.0,11.0,8.0,11.0,4.0,11.0,7.0,11.0,3.0,11.0,6.0,11.0,3.0,11.0,6.0,11.0,0.36363636363636365,0.7272727272727273,0.36363636363636365,0.6363636363636364,0.2727272727272727,0.5454545454545454,0.2727272727272727,0.5454545454545454
8478043,20222023,F,9,5159,4.0,6.0,3.0,6.0,4.0,6.0,3.0,6.0,3.0,6.0,3.0,6.0,3.0,6.0,1.0,6.0,0.6666666666666666,0.5,0.6666666666666666,0.5,0.5,0.5,0.5,0.16666666666666666
8478043,20232024,F,11,5203,2.0,4.0,2.0,4.0,2.0,4.0,1.0,4.0,2.0,4.0,1.0,4.0,1.0,4.0,1.0,4.0,0.5,0.5,0.5,0.25,0.5,0.25,0.25,0.25
8478046,20232024,F,8,5804,4.0,8.0,5.0,8.0,4.0,8.0,5.0,8.0,3.0,8.0,5.0,8.0,4.0,8.0,4.0,8.0,0.5,0.625,0.5,0.625,0.375,0.625,0.5,0.5
8478047,20222023,F,7,5303,5.0,6.0,2.0,6.0,5.0,6.0,4.0,6.0,4.0,6.0,3.0,6.0,3.0,6.0,4.0,6.0,0.8333333333333334,0.3333333333333333,0.8333333333333334,0.6666666666666666,0.6666666666666666,0.5,0.5,0.6666666666666666
8478055,20222023,D,21,25112,13.0,21.0,8.0,21.0,12.0,21.0,9.0,21.0,8.0,21.0,15.0,21.0,8.0,21.0,16.0,21.0,0.6190476190476191,0.38095238095238093,0.5714285714285714,0.42857142857142855,0.38095238095238093,0.7142857142857143,0.38095238095238093,0.7619047619047619
8478055,20232024,D,24,26780,13.0,24.0,10.0,24.0,12.0,24.0,12.0,24.0,12.0,24.0,7.0,24.0,13.0,24.0,13.0,24.0,0.5416666666666666,0.4166666666666667,0.5,0.5,0.5,0.2916666666666667,0.5416666666666666,0.5416666666666666
8478055,20242025,D,23,24488,14.0,23.0,10.0,23.0,16.0,23.0,12.0,23.0,13.0,23.0,8.0,23.0,13.0,23.0,11.0,23.0,0.6086956521739131,0.43478260869565216,0.6956521739130435,0.5217391304347826,0.5652173913043478,0.34782608695652173,0.5652173913043478,0.4782608695652174
8478057,20232024,F,13,9740,3.0,13.0,7.0,13.0,2.0,13.0,8.0,13.0,2.0,13.0,5.0,13.0,4.0,13.0,7.0,13.0,0.23076923076923078,0.5384615384615384,0.15384615384615385,0.6153846153846154,0.15384615384615385,0.38461538461538464,0.3076923076923077,0.5384615384615384
8478109,20242025,F,9,6421,2.0,8.0,4.0,8.0,5.0,8.0,5.0,8.0,4.0,8.0,5.0,8.0,6.0,8.0,4.0,8.0,0.25,0.5,0.625,0.625,0.5,0.625,0.75,0.5
8478115,20222023,F,6,4594,4.0,6.0,2.0,6.0,5.0,6.0,3.0,6.0,3.0,6.0,3.0,6.0,5.0,6.0,3.0,6.0,0.6666666666666666,0.3333333333333333,0.8333333333333334,0.5,0.5,0.5,0.8333333333333334,0.5
8478115,20232024,F,5,4104,1.0,5.0,3.0,5.0,2.0,5.0,1.0,5.0,2.0,5.0,3.0,5.0,2.0,5.0,2.0,5.0,0.2,0.6,0.4,0.2,0.4,0.6,0.4,0.4
8478133,20242025,F,5,3806,2.0,5.0,3.0,5.0,0.0,5.0,3.0,5.0,1.0,5.0,4.0,5.0,0.0,5.0,4.0,5.0,0.4,0.6,0.0,0.6,0.2,0.8,0.0,0.8
8478136,20222023,D,6,5546,3.0,6.0,4.0,6.0,5.0,6.0,4.0,6.0,4.0,6.0,4.0,6.0,5.0,6.0,3.0,6.0,0.5,0.6666666666666666,0.8333333333333334,0.6666666666666666,0.6666666666666666,0.6666666666666666,0.8333333333333334,0.5
8478136,20242025,D,6,6536,2.0,6.0,3.0,6.0,2.0,6.0,4.0,6.0,3.0,6.0,3.0,6.0,4.0,6.0,2.0,6.0,0.3333333333333333,0.5,0.3333333333333333,0.6666666666666666,0.5,0.5,0.6666666666666666,0.3333333333333333
8478146,20242025,F,1,433,0.0,0.0,0.0,0.0,0.0,0.0,0.0,0.0,0.0,0.0,0.0,0.0,0.0,0.0,0.0,0.0,,,,,,,,
8478178,20222023,D,6,7049,2.0,6.0,2.0,6.0,2.0,6.0,1.0,6.0,2.0,6.0,1.0,6.0,2.0,6.0,2.0,6.0,0.3333333333333333,0.3333333333333333,0.3333333333333333,0.16666666666666666,0.3333333333333333,0.16666666666666666,0.3333333333333333,0.3333333333333333
8478178,20232024,D,3,2493,2.0,3.0,1.0,3.0,2.0,3.0,2.0,3.0,2.0,3.0,1.0,3.0,2.0,3.0,2.0,3.0,0.6666666666666666,0.3333333333333333,0.6666666666666666,0.6666666666666666,0.6666666666666666,0.3333333333333333,0.6666666666666666,0.6666666666666666
8478178,20242025,D,4,2560,2.0,4.0,1.0,4.0,2.0,4.0,1.0,4.0,1.0,4.0,2.0,4.0,2.0,4.0,1.0,4.0,0.5,0.25,0.5,0.25,0.25,0.5,0.5,0.25
8478233,20242025,F,10,5891,4.0,9.0,4.0,9.0,4.0,9.0,4.0,9.0,3.0,9.0,5.0,9.0,3.0,9.0,5.0,9.0,0.4444444444444444,0.4444444444444444,0.4444444444444444,0.4444444444444444,0.3333333333333333,0.5555555555555556,0.3333333333333333,0.5555555555555556
8478396,20232024,D,7,8346,1.0,7.0,3.0,7.0,0.0,7.0,4.0,7.0,1.0,7.0,4.0,7.0,4.0,7.0,5.0,7.0,0.14285714285714285,0.42857142857142855,0.0,0.5714285714285714,0.14285714285714285,0.5714285714285714,0.5714285714285714,0.7142857142857143
8478396,20242025,D,11,12458,6.0,11.0,4.0,11.0,4.0,11.0,7.0,11.0,4.0,11.0,5.0,11.0,4.0,11.0,4.0,11.0,0.5454545454545454,0.36363636363636365,0.36363636363636365,0.6363636363636364,0.36363636363636365,0.45454545454545453,0.36363636363636365,0.36363636363636365
8478398,20222023,F,5,5164,3.0,5.0,2.0,5.0,3.5,5.0,2.0,5.0,3.0,5.0,3.0,5.0,4.0,5.0,3.0,5.0,0.6,0.4,0.7,0.4,0.6,0.6,0.8,0.6
8478398,20232024,F,5,5251,5.0,5.0,2.0,5.0,4.0,5.0,1.0,5.0,3.0,5.0,3.0,5.0,2.0,5.0,2.0,5.0,1.0,0.4,0.8,0.2,0.6,0.6,0.4,0.4
8478398,20242025,F,13,13013,4.0,13.0,7.0,13.0,4.0,13.0,5.0,13.0,6.0,13.0,6.0,13.0,6.0,13.0,6.0,13.0,0.3076923076923077,0.5384615384615384,0.3076923076923077,0.38461538461538464,0.46153846153846156,0.46153846153846156,0.46153846153846156,0.46153846153846156
8478399,20222023,D,11,11133,9.0,11.0,4.0,11.0,9.0,11.0,4.0,11.0,8.0,11.0,3.0,11.0,8.0,11.0,7.0,11.0,0.8181818181818182,0.36363636363636365,0.8181818181818182,0.36363636363636365,0.7272727272727273,0.2727272727272727,0.7272727272727273,0.6363636363636364
8478399,20242025,D,3,3215,2.0,3.0,2.0,3.0,2.0,3.0,3.0,3.0,1.0,3.0,2.0,3.0,1.0,3.0,3.0,3.0,0.6666666666666666,0.6666666666666666,0.6666666666666666,1.0,0.3333333333333333,0.6666666666666666,0.3333333333333333,1.0
8478400,20222023,F,21,7643,0.0,3.0,0.0,3.0,1.0,3.0,0.0,3.0,0.0,3.0,0.0,3.0,0.0,3.0,1.0,3.0,0.0,0.0,0.3333333333333333,0.0,0.0,0.0,0.0,0.3333333333333333
8478401,20222023,F,7,5610,4.0,7.0,4.0,7.0,6.0,7.0,5.0,7.0,4.0,7.0,5.0,7.0,5.0,7.0,5.0,7.0,0.5714285714285714,0.5714285714285714,0.8571428571428571,0.7142857142857143,0.5714285714285714,0.7142857142857143,0.7142857142857143,0.7142857142857143
8478401,20232024,F,13,10549,2.0,13.0,8.0,13.0,5.0,13.0,8.0,13.0,4.0,13.0,8.0,13.0,5.0,13.0,9.0,13.0,0.15384615384615385,0.6153846153846154,0.38461538461538464,0.6153846153846154,0.3076923076923077,0.6153846153846154,0.38461538461538464,0.6923076923076923
8478402,20222023,F,12,12693,9.0,12.0,7.0,12.0,10.0,12.0,5.0,12.0,7.0,12.0,5.0,12.0,6.0,12.0,7.0,12.0,0.75,0.5833333333333334,0.8333333333333334,0.4166666666666667,0.5833333333333334,0.4166666666666667,0.5,0.5833333333333334
8478402,20232024,F,25,26822,12.0,25.0,13.0,25.0,13.0,25.0,11.0,25.0,14.0,25.0,14.0,25.0,10.0,25.0,13.0,25.0,0.48,0.52,0.52,0.44,0.56,0.56,0.4,0.52
8478402,20242025,F,22,23582,14.0,22.0,16.0,22.0,11.0,22.0,15.0,22.0,11.0,22.0,18.0,22.0,13.0,22.0,19.0,22.0,0.6363636363636364,0.7272727272727273,0.5,0.6818181818181818,0.5,0.8181818181818182,0.5909090909090909,0.8636363636363636
8478403,20222023,F,22,19872,13.0,22.0,12.0,22.0,16.0,22.0,12.0,22.0,14.0,22.0,14.0,22.0,14.0,22.0,14.0,22.0,0.5909090909090909,0.5454545454545454,0.7272727272727273,0.5454545454545454,0.6363636363636364,0.6363636363636364,0.6363636363636364,0.6363636363636364
8478403,20232024,F,7,7419,1.0,7.0,3.0,7.0,1.0,7.0,5.0,7.0,4.0,7.0,5.0,7.0,3.0,7.0,6.0,7.0,0.14285714285714285,0.42857142857142855,0.14285714285714285,0.7142857142857143,0.5714285714285714,0.7142857142857143,0.42857142857142855,0.8571428571428571
8478403,20242025,F,11,11337,5.0,11.0,8.0,11.0,4.0,11.0,9.0,11.0,4.0,11.0,7.0,11.0,7.0,11.0,7.0,11.0,0.45454545454545453,0.7272727272727273,0.36363636363636365,0.8181818181818182,0.36363636363636365,0.6363636363636364,0.6363636363636364,0.6363636363636364
8478407,20222023,D,14,16177,7.0,14.0,4.0,14.0,8.0,14.0,4.0,14.0,8.0,14.0,5.0,14.0,9.0,14.0,4.0,14.0,0.5,0.2857142857142857,0.5714285714285714,0.2857142857142857,0.5714285714285714,0.35714285714285715,0.6428571428571429,0.2857142857142857
8478414,20222023,F,11,9186,5.0,11.0,5.0,11.0,9.0,11.0,4.0,11.0,5.0,11.0,4.0,11.0,8.0,11.0,5.0,11.0,0.45454545454545453,0.45454545454545453,0.8181818181818182,0.36363636363636365,0.45454545454545453,0.36363636363636365,0.7272727272727273,0.45454545454545453
8478414,20242025,F,5,4751,4.0,5.0,3.0,5.0,4.0,5.0,4.0,5.0,4.0,5.0,5.0,5.0,4.0,5.0,5.0,5.0,0.8,0.6,0.8,0.8,0.8,1.0,0.8,1.0
8478416,20222023,D,1,372,0.0,0.0,0.0,0.0,0.0,0.0,0.0,0.0,0.0,0.0,0.0,0.0,0.0,0.0,0.0,0.0,,,,,,,,
8478416,20232024,D,5,4767,2.0,5.0,0.0,5.0,3.0,5.0,2.0,5.0,3.0,5.0,2.0,5.0,3.0,5.0,2.0,5.0,0.4,0.0,0.6,0.4,0.6,0.4,0.6,0.4
8478416,20242025,D,5,4425,2.0,5.0,2.0,5.0,3.0,5.0,2.0,5.0,3.0,5.0,1.0,5.0,4.0,5.0,1.0,5.0,0.4,0.4,0.6,0.4,0.6,0.2,0.8,0.2
8478420,20222023,F,7,7324,5.0,7.0,5.0,7.0,3.0,7.0,6.0,7.0,4.0,7.0,7.0,7.0,2.0,7.0,6.0,7.0,0.7142857142857143,0.7142857142857143,0.42857142857142855,0.8571428571428571,0.5714285714285714,1.0,0.2857142857142857,0.8571428571428571
8478420,20232024,F,11,12360,6.0,11.0,7.0,11.0,5.0,11.0,9.0,11.0,7.0,11.0,8.0,11.0,5.0,11.0,8.0,11.0,0.5454545454545454,0.6363636363636364,0.45454545454545453,0.8181818181818182,0.6363636363636364,0.7272727272727273,0.45454545454545453,0.7272727272727273
8478420,20242025,F,18,18181,10.0,18.0,6.0,18.0,9.0,18.0,6.0,18.0,9.0,18.0,7.0,18.0,9.0,18.0,7.0,18.0,0.5555555555555556,0.3333333333333333,0.5,0.3333333333333333,0.5,0.3888888888888889,0.5,0.3888888888888889
8478421,20242025,F,16,6490,2.0,5.0,2.0,5.0,1.0,5.0,4.0,5.0,2.0,5.0,3.0,5.0,1.0,5.0,4.0,5.0,0.4,0.4,0.2,0.8,0.4,0.6,0.2,0.8
8478427,20222023,F,15,12775,7.0,15.0,10.0,15.0,7.0,15.0,9.0,15.0,6.0,15.0,11.0,15.0,5.0,15.0,10.0,15.0,0.4666666666666667,0.6666666666666666,0.4666666666666667,0.6,0.4,0.7333333333333333,0.3333333333333333,0.6666666666666666
8478427,20232024,F,11,10740,7.0,11.0,7.0,11.0,8.0,11.0,8.0,11.0,4.0,11.0,7.0,11.0,5.0,11.0,7.0,11.0,0.6363636363636364,0.6363636363636364,0.7272727272727273,0.7272727272727273,0.36363636363636365,0.6363636363636364,0.45454545454545453,0.6363636363636364
8478427,20242025,F,15,13435,9.0,15.0,8.0,15.0,8.0,15.0,7.0,15.0,6.0,15.0,7.0,15.0,6.0,15.0,7.0,15.0,0.6,0.5333333333333333,0.5333333333333333,0.4666666666666667,0.4,0.4666666666666667,0.4,0.4666666666666667
8478434,20222023,F,22,11807,8.0,18.0,8.0,18.0,13.0,18.0,9.0,18.0,9.0,18.0,13.0,18.0,10.0,18.0,12.0,18.0,0.4444444444444444,0.4444444444444444,0.7222222222222222,0.5,0.5,0.7222222222222222,0.5555555555555556,0.6666666666666666
8478434,20232024,F,6,3718,2.0,6.0,3.0,6.0,1.0,6.0,2.0,6.0,3.0,6.0,3.0,6.0,2.0,6.0,2.0,6.0,0.3333333333333333,0.5,0.16666666666666666,0.3333333333333333,0.5,0.5,0.3333333333333333,0.3333333333333333
8478434,20242025,F,11,6683,3.0,8.0,2.0,8.0,4.0,8.0,5.0,8.0,4.0,8.0,4.0,8.0,2.0,8.0,5.0,8.0,0.375,0.25,0.5,0.625,0.5,0.5,0.25,0.625
8478438,20232024,F,6,2867,0.0,3.0,2.0,3.0,0.0,3.0,2.0,3.0,2.0,3.0,1.0,3.0,0.0,3.0,1.0,3.0,0.0,0.6666666666666666,0.0,0.6666666666666666,0.6666666666666666,0.3333333333333333,0.0,0.3333333333333333
8478440,20232024,F,4,3561,3.0,4.0,3.0,4.0,2.0,4.0,3.0,4.0,3.0,4.0,2.0,4.0,3.0,4.0,2.0,4.0,0.75,0.75,0.5,0.75,0.75,0.5,0.75,0.5
8478440,20242025,F,10,8484,6.0,10.0,4.0,10.0,6.0,10.0,4.0,10.0,5.0,10.0,4.0,10.0,5.0,10.0,3.0,10.0,0.6,0.4,0.6,0.4,0.5,0.4,0.5,0.3
8478443,20222023,D,7,6929,3.0,7.0,4.0,7.0,3.0,7.0,5.0,7.0,3.0,7.0,2.0,7.0,4.0,7.0,4.0,7.0,0.42857142857142855,0.5714285714285714,0.42857142857142855,0.7142857142857143,0.42857142857142855,0.2857142857142857,0.5714285714285714,0.5714285714285714
8478443,20232024,D,13,12214,8.0,13.0,8.0,13.0,6.0,13.0,6.0,13.0,7.0,13.0,7.0,13.0,5.0,13.0,8.0,13.0,0.6153846153846154,0.6153846153846154,0.46153846153846156,0.46153846153846156,0.5384615384615384,0.5384615384615384,0.38461538461538464,0.6153846153846154
8478443,20242025,D,13,12452,5.0,13.0,7.0,13.0,6.0,13.0,9.0,13.0,7.0,13.0,6.0,13.0,8.0,13.0,6.0,13.0,0.38461538461538464,0.5384615384615384,0.46153846153846156,0.6923076923076923,0.5384615384615384,0.46153846153846156,0.6153846153846154,0.46153846153846156
8478444,20232024,F,12,11580,6.0,12.0,6.0,12.0,6.0,12.0,5.0,12.0,7.0,12.0,6.0,12.0,7.0,12.0,6.0,12.0,0.5,0.5,0.5,0.4166666666666667,0.5833333333333334,0.5,0.5833333333333334,0.5
8478445,20222023,F,6,4941,3.0,6.0,1.0,6.0,2.0,6.0,1.0,6.0,3.0,6.0,3.0,6.0,2.0,6.0,2.0,6.0,0.5,0.16666666666666666,0.3333333333333333,0.16666666666666666,0.5,0.5,0.3333333333333333,0.3333333333333333
8478445,20232024,F,5,5101,1.0,5.0,2.0,5.0,1.0,5.0,2.0,5.0,1.0,5.0,1.0,5.0,1.0,5.0,3.0,5.0,0.2,0.4,0.2,0.4,0.2,0.2,0.2,0.6
8478449,20222023,F,19,16030,13.0,19.0,16.0,19.0,12.0,19.0,14.0,19.0,12.0,19.0,13.0,19.0,11.0,19.0,13.0,19.0,0.6842105263157895,0.8421052631578947,0.631578947368421,0.7368421052631579,0.631578947368421,0.6842105263157895,0.5789473684210527,0.6842105263157895
8478449,20232024,F,15,12139,8.0,14.0,9.0,14.0,8.0,14.0,9.0,14.0,7.0,14.0,7.0,14.0,8.0,14.0,10.0,14.0,0.5714285714285714,0.6428571428571429,0.5714285714285714,0.6428571428571429,0.5,0.5,0.5714285714285714,0.7142857142857143
8478449,20242025,F,17,13723,8.0,17.0,5.0,17.0,8.0,17.0,4.0,17.0,7.0,17.0,7.0,17.0,8.0,17.0,8.0,17.0,0.47058823529411764,0.29411764705882354,0.47058823529411764,0.23529411764705882,0.4117647058823529,0.4117647058823529,0.47058823529411764,0.47058823529411764
8478450,20232024,D,10,8641,4.0,10.0,9.0,10.0,5.0,10.0,9.0,10.0,5.0,10.0,8.0,10.0,4.0,10.0,8.0,10.0,0.4,0.9,0.5,0.9,0.5,0.8,0.4,0.8
8478452,20232024,D,3,1941,1.0,3.0,0.0,3.0,1.0,3.0,0.0,3.0,0.0,3.0,1.0,3.0,1.0,3.0,2.0,3.0,0.3333333333333333,0.0,0.3333333333333333,0.0,0.0,0.3333333333333333,0.3333333333333333,0.6666666666666666
8478454,20232024,D,2,1269,0.0,2.0,1.0,2.0,1.0,2.0,0.0,2.0,0.0,2.0,0.0,2.0,0.0,2.0,0.0,2.0,0.0,0.5,0.5,0.0,0.0,0.0,0.0,0.0
8478458,20232024,F,16,10943,6.0,15.0,7.0,15.0,5.0,15.0,8.0,15.0,9.0,15.0,9.0,15.0,6.0,15.0,8.0,15.0,0.4,0.4666666666666667,0.3333333333333333,0.5333333333333333,0.6,0.6,0.4,0.5333333333333333
8478458,20242025,F,9,6278,3.0,9.0,3.0,9.0,3.0,9.0,3.0,9.0,2.0,9.0,3.0,9.0,1.0,9.0,2.0,9.0,0.3333333333333333,0.3333333333333333,0.3333333333333333,0.3333333333333333,0.2222222222222222,0.3333333333333333,0.1111111111111111,0.2222222222222222
8478462,20222023,F,22,15606,11.0,21.0,10.0,21.0,11.0,21.0,12.0,21.0,10.0,21.0,12.0,21.0,8.0,21.0,11.0,21.0,0.5238095238095238,0.47619047619047616,0.5238095238095238,0.5714285714285714,0.47619047619047616,0.5714285714285714,0.38095238095238093,0.5238095238095238
8478462,20232024,F,7,4717,2.0,7.0,4.0,7.0,2.0,7.0,4.0,7.0,3.0,7.0,6.0,7.0,4.0,7.0,5.0,7.0,0.2857142857142857,0.5714285714285714,0.2857142857142857,0.5714285714285714,0.42857142857142855,0.8571428571428571,0.5714285714285714,0.7142857142857143
8478462,20242025,F,11,7581,4.0,10.0,3.0,10.0,4.0,10.0,5.0,10.0,6.0,10.0,4.0,10.0,6.0,10.0,6.0,10.0,0.4,0.3,0.4,0.5,0.6,0.4,0.6,0.6
8478463,20232024,F,6,4028,0.0,5.0,2.0,5.0,1.0,5.0,2.0,5.0,1.0,5.0,2.0,5.0,1.0,5.0,3.0,5.0,0.0,0.4,0.2,0.4,0.2,0.4,0.2,0.6
8478463,20242025,F,10,7379,7.0,10.0,5.0,10.0,4.0,10.0,5.0,10.0,6.0,10.0,5.0,10.0,4.0,10.0,4.0,10.0,0.7,0.5,0.4,0.5,0.6,0.5,0.4,0.4
8478466,20222023,F,10,3845,0.0,0.0,0.0,0.0,0.0,0.0,0.0,0.0,0.0,0.0,0.0,0.0,0.0,0.0,0.0,0.0,,,,,,,,
8478466,20242025,F,1,607,0.0,1.0,0.0,1.0,0.0,1.0,0.0,1.0,0.0,1.0,0.0,1.0,1.0,1.0,0.0,1.0,0.0,0.0,0.0,0.0,0.0,0.0,1.0,0.0
8478468,20232024,D,6,5708,1.0,6.0,3.0,6.0,2.0,6.0,3.0,6.0,2.0,6.0,3.0,6.0,2.0,6.0,3.0,6.0,0.16666666666666666,0.5,0.3333333333333333,0.5,0.3333333333333333,0.5,0.3333333333333333,0.5
8478469,20242025,D,6,7371,2.0,6.0,4.0,6.0,3.0,6.0,3.0,6.0,4.0,6.0,3.0,6.0,5.0,6.0,2.0,6.0,0.3333333333333333,0.6666666666666666,0.5,0.5,0.6666666666666666,0.5,0.8333333333333334,0.3333333333333333
8478472,20242025,F,3,1798,0.0,2.0,0.0,2.0,0.0,2.0,2.0,2.0,1.0,2.0,0.0,2.0,1.0,2.0,1.0,2.0,0.0,0.0,0.0,1.0,0.5,0.0,0.5,0.5
8478483,20222023,F,11,12227,6.0,11.0,7.0,11.0,9.0,11.0,6.0,11.0,6.0,11.0,8.0,11.0,6.0,11.0,8.0,11.0,0.5454545454545454,0.6363636363636364,0.8181818181818182,0.5454545454545454,0.5454545454545454,0.7272727272727273,0.5454545454545454,0.7272727272727273
8478483,20232024,F,7,6958,4.0,7.0,4.0,7.0,5.0,7.0,5.0,7.0,5.0,7.0,5.0,7.0,4.0,7.0,5.0,7.0,0.5714285714285714,0.5714285714285714,0.7142857142857143,0.7142857142857143,0.7142857142857143,0.7142857142857143,0.5714285714285714,0.7142857142857143
8478483,20242025,F,13,13252,5.0,13.0,8.0,13.0,5.0,13.0,8.0,13.0,6.0,13.0,7.0,13.0,3.0,13.0,8.0,13.0,0.38461538461538464,0.6153846153846154,0.38461538461538464,0.6153846153846154,0.46153846153846156,0.5384615384615384,0.23076923076923078,0.6153846153846154
8478493,20222023,F,1,19,0.0,0.0,0.0,0.0,0.0,0.0,0.0,0.0,0.0,0.0,0.0,0.0,0.0,0.0,0.0,0.0,,,,,,,,
8478493,20242025,F,6,6074,3.0,6.0,5.0,6.0,3.0,6.0,5.0,6.0,2.0,6.0,5.0,6.0,3.0,6.0,5.0,6.0,0.5,0.8333333333333334,0.5,0.8333333333333334,0.3333333333333333,0.8333333333333334,0.5,0.8333333333333334
8478498,20222023,F,7,5342,4.0,7.0,1.0,7.0,5.0,7.0,2.0,7.0,4.0,7.0,2.0,7.0,7.0,7.0,2.0,7.0,0.5714285714285714,0.14285714285714285,0.7142857142857143,0.2857142857142857,0.5714285714285714,0.2857142857142857,1.0,0.2857142857142857
8478498,20232024,F,13,10966,6.0,13.0,7.0,13.0,6.0,13.0,5.0,13.0,5.0,13.0,5.0,13.0,6.0,13.0,3.0,13.0,0.46153846153846156,0.5384615384615384,0.46153846153846156,0.38461538461538464,0.38461538461538464,0.38461538461538464,0.46153846153846156,0.23076923076923078
8478507,20222023,D,12,12763,7.0,12.0,5.0,12.0,8.0,12.0,3.0,12.0,5.0,12.0,8.0,12.0,5.0,12.0,4.0,12.0,0.5833333333333334,0.4166666666666667,0.6666666666666666,0.25,0.4166666666666667,0.6666666666666666,0.4166666666666667,0.3333333333333333
8478508,20232024,F,10,5469,3.0,7.0,4.0,7.0,3.0,7.0,5.0,7.0,0.0,7.0,4.0,7.0,2.0,7.0,5.0,7.0,0.42857142857142855,0.5714285714285714,0.42857142857142855,0.7142857142857143,0.0,0.5714285714285714,0.2857142857142857,0.7142857142857143
8478508,20242025,F,6,2960,0.0,3.0,0.0,3.0,1.0,3.0,0.0,3.0,0.0,3.0,0.0,3.0,1.0,3.0,0.0,3.0,0.0,0.0,0.3333333333333333,0.0,0.0,0.0,0.3333333333333333,0.0
8478519,20222023,F,6,4898,4.0,6.0,3.0,6.0,2.0,6.0,1.0,6.0,2.0,6.0,3.0,6.0,2.0,6.0,3.0,6.0,0.6666666666666666,0.5,0.3333333333333333,0.16666666666666666,0.3333333333333333,0.5,0.3333333333333333,0.5
8478519,20232024,F,5,4190,3.0,5.0,3.0,5.0,2.0,5.0,3.0,5.0,0.0,5.0,2.0,5.0,2.0,5.0,3.0,5.0,0.6,0.6,0.4,0.6,0.0,0.4,0.4,0.6
8478519,20242025,F,5,3599,1.0,4.0,2.0,4.0,0.0,4.0,3.0,4.0,0.0,4.0,2.0,4.0,1.0,4.0,3.0,4.0,0.25,0.5,0.0,0.75,0.0,0.5,0.25,0.75
8478542,20222023,F,7,6934,4.0,7.0,4.0,7.0,4.0,7.0,5.0,7.0,3.0,7.0,3.0,7.0,3.0,7.0,5.0,7.0,0.5714285714285714,0.5714285714285714,0.5714285714285714,0.7142857142857143,0.42857142857142855,0.42857142857142855,0.42857142857142855,0.7142857142857143
8478542,20232024,F,24,16636,11.0,23.0,14.0,23.0,14.0,23.0,14.0,23.0,10.0,23.0,13.0,23.0,12.0,23.0,14.0,23.0,0.4782608695652174,0.6086956521739131,0.6086956521739131,0.6086956521739131,0.43478260869565216,0.5652173913043478,0.5217391304347826,0.6086956521739131
8478542,20242025,F,21,15302,12.0,20.0,13.0,20.0,12.0,20.0,12.0,20.0,11.0,20.0,14.0,20.0,12.0,20.0,11.0,20.0,0.6,0.65,0.6,0.6,0.55,0.7,0.6,0.55
8478550,20222023,F,7,6050,3.0,7.0,3.0,7.0,4.0,7.0,3.0,7.0,1.0,7.0,3.0,7.0,2.0,7.0,3.0,7.0,0.42857142857142855,0.42857142857142855,0.5714285714285714,0.42857142857142855,0.14285714285714285,0.42857142857142855,0.2857142857142857,0.42857142857142855
8478550,20232024,F,16,15120,7.0,16.0,9.0,16.0,9.0,16.0,9.0,16.0,9.0,16.0,9.0,16.0,10.0,16.0,11.0,16.0,0.4375,0.5625,0.5625,0.5625,0.5625,0.5625,0.625,0.6875
8478569,20222023,F,11,8001,5.0,11.0,4.0,11.0,5.0,11.0,5.0,11.0,4.0,11.0,4.0,11.0,4.0,11.0,6.0,11.0,0.45454545454545453,0.36363636363636365,0.45454545454545453,0.45454545454545453,0.36363636363636365,0.36363636363636365,0.36363636363636365,0.5454545454545454
8478585,20222023,F,11,6306,5.0,8.0,6.0,8.0,6.0,8.0,7.0,8.0,5.0,8.0,6.0,8.0,4.0,8.0,7.0,8.0,0.625,0.75,0.75,0.875,0.625,0.75,0.5,0.875
8478585,20232024,F,19,8244,2.0,6.0,2.0,6.0,3.0,6.0,2.0,6.0,2.0,6.0,2.0,6.0,2.0,6.0,2.0,6.0,0.3333333333333333,0.3333333333333333,0.5,0.3333333333333333,0.3333333333333333,0.3333333333333333,0.3333333333333333,0.3333333333333333
8478831,20222023,F,5,3316,0.0,3.0,1.0,3.0,0.0,3.0,0.0,3.0,0.0,3.0,0.0,3.0,1.0,3.0,1.0,3.0,0.0,0.3333333333333333,0.0,0.0,0.0,0.0,0.3333333333333333,0.3333333333333333
8478831,20232024,F,24,12352,3.0,11.0,5.0,11.0,3.0,11.0,5.0,11.0,1.0,11.0,7.0,11.0,1.0,11.0,6.0,11.0,0.2727272727272727,0.45454545454545453,0.2727272727272727,0.45454545454545453,0.09090909090909091,0.6363636363636364,0.09090909090909091,0.5454545454545454
8478840,20222023,D,14,13208,5.0,14.0,7.0,14.0,7.0,14.0,8.0,14.0,5.0,14.0,7.0,14.0,5.0,14.0,9.0,14.0,0.35714285714285715,0.5,0.5,0.5714285714285714,0.35714285714285715,0.5,0.35714285714285715,0.6428571428571429
8478843,20222023,F,7,3146,1.0,3.0,2.0,3.0,2.0,3.0,2.0,3.0,1.0,3.0,2.0,3.0,1.0,3.0,2.0,3.0,0.3333333333333333,0.6666666666666666,0.6666666666666666,0.6666666666666666,0.3333333333333333,0.6666666666666666,0.3333333333333333,0.6666666666666666
8478851,20232024,D,6,6081,1.0,6.0,2.0,6.0,2.0,6.0,2.0,6.0,2.0,6.0,2.0,6.0,2.0,6.0,2.0,6.0,0.16666666666666666,0.3333333333333333,0.3333333333333333,0.3333333333333333,0.3333333333333333,0.3333333333333333,0.3333333333333333,0.3333333333333333
8478851,20242025,D,5,5199,2.0,5.0,2.0,5.0,2.0,5.0,2.0,5.0,2.0,5.0,3.0,5.0,2.0,5.0,2.0,5.0,0.4,0.4,0.4,0.4,0.4,0.6,0.4,0.4
8478856,20232024,F,13,9662,3.0,13.0,8.0,13.0,3.0,13.0,9.0,13.0,4.0,13.0,6.0,13.0,5.0,13.0,8.0,13.0,0.23076923076923078,0.6153846153846154,0.23076923076923078,0.6923076923076923,0.3076923076923077,0.46153846153846156,0.38461538461538464,0.6153846153846154
8478859,20222023,D,7,5049,4.0,7.0,3.0,7.0,5.0,7.0,3.0,7.0,6.0,7.0,5.0,7.0,5.0,7.0,3.0,7.0,0.5714285714285714,0.42857142857142855,0.7142857142857143,0.42857142857142855,0.8571428571428571,0.7142857142857143,0.7142857142857143,0.42857142857142855
8478859,20232024,D,24,22518,12.0,24.0,13.0,24.0,13.0,24.0,13.0,24.0,11.0,24.0,11.0,24.0,14.0,24.0,12.0,24.0,0.5,0.5416666666666666,0.5416666666666666,0.5416666666666666,0.4583333333333333,0.4583333333333333,0.5833333333333334,0.5
8478859,20242025,D,22,20615,10.0,22.0,13.0,22.0,9.0,22.0,10.0,22.0,10.0,22.0,13.0,22.0,7.0,22.0,10.0,22.0,0.45454545454545453,0.5909090909090909,0.4090909090909091,0.45454545454545453,0.45454545454545453,0.5909090909090909,0.3181818181818182,0.45454545454545453
8478864,20222023,F,6,6077,4.0,6.0,4.0,6.0,5.0,6.0,4.0,6.0,4.0,6.0,3.0,6.0,5.0,6.0,4.0,6.0,0.6666666666666666,0.6666666666666666,0.8333333333333334,0.6666666666666666,0.6666666666666666,0.5,0.8333333333333334,0.6666666666666666
8478864,20242025,F,6,6573,1.0,6.0,4.0,6.0,0.0,6.0,5.0,6.0,2.0,6.0,4.0,6.0,2.0,6.0,5.0,6.0,0.16666666666666666,0.6666666666666666,0.0,0.8333333333333334,0.3333333333333333,0.6666666666666666,0.3333333333333333,0.8333333333333334
8478874,20242025,F,6,2872,0.0,2.0,1.0,2.0,1.0,2.0,1.0,2.0,1.0,2.0,1.0,2.0,1.0,2.0,1.0,2.0,0.0,0.5,0.5,0.5,0.5,0.5,0.5,0.5
8478882,20222023,D,6,6010,5.0,6.0,2.0,6.0,6.0,6.0,2.0,6.0,4.0,6.0,6.0,6.0,4.0,6.0,6.0,6.0,0.8333333333333334,0.3333333333333333,1.0,0.3333333333333333,0.6666666666666666,1.0,0.6666666666666666,1.0
8478882,20232024,D,5,4794,3.0,5.0,2.0,5.0,3.0,5.0,3.0,5.0,2.0,5.0,0.0,5.0,2.0,5.0,1.0,5.0,0.6,0.4,0.6,0.6,0.4,0.0,0.4,0.2
8478882,20242025,D,6,6196,3.0,6.0,3.0,6.0,2.0,6.0,3.0,6.0,5.0,6.0,3.0,6.0,4.0,6.0,4.0,6.0,0.5,0.5,0.3333333333333333,0.5,0.8333333333333334,0.5,0.6666666666666666,0.6666666666666666
8478891,20222023,F,5,4220,3.0,5.0,3.0,5.0,2.0,5.0,3.0,5.0,4.0,5.0,4.0,5.0,3.0,5.0,3.0,5.0,0.6,0.6,0.4,0.6,0.8,0.8,0.6,0.6
8478891,20232024,F,5,3778,3.0,5.0,3.0,5.0,2.0,5.0,4.0,5.0,3.0,5.0,3.0,5.0,1.0,5.0,4.0,5.0,0.6,0.6,0.4,0.8,0.6,0.6,0.2,0.8
8478891,20242025,F,13,9679,6.0,13.0,7.0,13.0,5.0,13.0,5.0,13.0,8.0,13.0,6.0,13.0,8.0,13.0,6.0,13.0,0.46153846153846156,0.5384615384615384,0.38461538461538464,0.38461538461538464,0.6153846153846154,0.46153846153846156,0.6153846153846154,0.46153846153846156
8478904,20232024,F,16,5862,1.0,2.0,1.0,2.0,1.0,2.0,1.0,2.0,0.0,2.0,1.0,2.0,0.0,2.0,1.0,2.0,0.5,0.5,0.5,0.5,0.0,0.5,0.0,0.5
8478904,20242025,F,13,8023,5.0,11.0,7.0,11.0,4.0,11.0,7.0,11.0,3.0,11.0,7.0,11.0,5.0,11.0,8.0,11.0,0.45454545454545453,0.6363636363636364,0.36363636363636365,0.6363636363636364,0.2727272727272727,0.6363636363636364,0.45454545454545453,0.7272727272727273
8478911,20222023,D,6,5907,5.0,6.0,1.0,6.0,6.0,6.0,1.0,6.0,5.0,6.0,5.0,6.0,6.0,6.0,6.0,6.0,0.8333333333333334,0.16666666666666666,1.0,0.16666666666666666,0.8333333333333334,0.8333333333333334,1.0,1.0
8478911,20232024,D,5,4802,4.0,5.0,3.0,5.0,5.0,5.0,3.0,5.0,4.0,5.0,2.0,5.0,4.0,5.0,3.0,5.0,0.8,0.6,1.0,0.6,0.8,0.4,0.8,0.6
8478911,20242025,D,10,11794,4.0,10.0,5.0,10.0,6.0,10.0,6.0,10.0,2.0,10.0,6.0,10.0,5.0,10.0,6.0,10.0,0.4,0.5,0.6,0.6,0.2,0.6,0.5,0.6
8478970,20222023,D,15,11205,9.0,15.0,11.0,15.0,8.0,15.0,6.0,15.0,6.0,15.0,11.0,15.0,6.0,15.0,8.0,15.0,0.6,0.7333333333333333,0.5333333333333333,0.4,0.4,0.7333333333333333,0.4,0.5333333333333333
8478970,20232024,D,11,11207,8.0,11.0,5.0,11.0,8.0,11.0,7.0,11.0,7.0,11.0,5.0,11.0,8.0,11.0,6.0,11.0,0.7272727272727273,0.45454545454545453,0.7272727272727273,0.6363636363636364,0.6363636363636364,0.45454545454545453,0.7272727272727273,0.5454545454545454
8478970,20242025,D,9,8449,7.0,9.0,5.0,9.0,4.0,9.0,5.0,9.0,3.0,9.0,4.0,9.0,2.0,9.0,6.0,9.0,0.7777777777777778,0.5555555555555556,0.4444444444444444,0.5555555555555556,0.3333333333333333,0.4444444444444444,0.2222222222222222,0.6666666666666666
8478975,20222023,F,18,12664,12.0,17.0,5.0,17.0,9.0,17.0,6.0,17.0,10.0,17.0,5.0,17.0,10.0,17.0,5.0,17.0,0.7058823529411765,0.29411764705882354,0.5294117647058824,0.35294117647058826,0.5882352941176471,0.29411764705882354,0.5882352941176471,0.29411764705882354
8478975,20232024,F,13,10236,8.0,13.0,9.0,13.0,5.0,13.0,8.0,13.0,7.0,13.0,8.0,13.0,6.0,13.0,8.0,13.0,0.6153846153846154,0.6923076923076923,0.38461538461538464,0.6153846153846154,0.5384615384615384,0.6153846153846154,0.46153846153846156,0.6153846153846154
8478975,20242025,F,18,13779,10.0,18.0,8.0,18.0,10.0,18.0,8.0,18.0,10.0,18.0,10.0,18.0,9.0,18.0,10.0,18.0,0.5555555555555556,0.4444444444444444,0.5555555555555556,0.4444444444444444,0.5555555555555556,0.5555555555555556,0.5,0.5555555555555556
8479066,20222023,F,13,8244,6.0,10.0,4.0,10.0,6.0,10.0,5.0,10.0,3.0,10.0,5.0,10.0,5.0,10.0,6.0,10.0,0.6,0.4,0.6,0.5,0.3,0.5,0.5,0.6
8479066,20232024,F,8,3212,0.0,0.0,0.0,0.0,0.0,0.0,0.0,0.0,0.0,0.0,0.0,0.0,0.0,0.0,0.0,0.0,,,,,,,,
8479293,20222023,F,14,8907,4.0,12.0,4.0,12.0,3.0,12.0,6.0,12.0,3.0,12.0,5.0,12.0,6.0,12.0,7.0,12.0,0.3333333333333333,0.3333333333333333,0.25,0.5,0.25,0.4166666666666667,0.5,0.5833333333333334
8479293,20242025,F,13,6773,2.0,6.0,4.0,6.0,2.0,6.0,4.0,6.0,1.0,6.0,4.0,6.0,1.0,6.0,4.0,6.0,0.3333333333333333,0.6666666666666666,0.3333333333333333,0.6666666666666666,0.16666666666666666,0.6666666666666666,0.16666666666666666,0.6666666666666666
8479314,20222023,F,20,18677,16.0,20.0,9.0,20.0,11.0,20.0,5.0,20.0,13.0,20.0,14.0,20.0,13.0,20.0,12.0,20.0,0.8,0.45,0.55,0.25,0.65,0.7,0.65,0.6
8479314,20232024,F,24,20117,12.0,24.0,16.0,24.0,17.0,24.0,15.0,24.0,16.0,24.0,13.0,24.0,17.0,24.0,13.0,24.0,0.5,0.6666666666666666,0.7083333333333334,0.625,0.6666666666666666,0.5416666666666666,0.7083333333333334,0.5416666666666666
8479314,20242025,F,23,18009,13.0,22.0,12.0,22.0,12.0,22.0,16.0,22.0,13.0,22.0,13.0,22.0,10.0,22.0,14.0,22.0,0.5909090909090909,0.5454545454545454,0.5454545454545454,0.7272727272727273,0.5909090909090909,0.5909090909090909,0.45454545454545453,0.6363636363636364
8479318,20222023,F,11,12285,10.0,11.0,5.0,11.0,10.0,11.0,6.0,11.0,7.0,11.0,5.0,11.0,8.0,11.0,8.0,11.0,0.9090909090909091,0.45454545454545453,0.9090909090909091,0.5454545454545454,0.6363636363636364,0.45454545454545453,0.7272727272727273,0.7272727272727273
8479318,20232024,F,5,4489,4.0,5.0,1.0,5.0,3.0,5.0,3.0,5.0,4.0,5.0,1.0,5.0,3.0,5.0,3.0,5.0,0.8,0.2,0.6,0.6,0.8,0.2,0.6,0.6
8479318,20242025,F,13,12412,5.0,13.0,8.0,13.0,6.0,13.0,7.0,13.0,5.0,13.0,8.0,13.0,5.0,13.0,7.0,13.0,0.38461538461538464,0.6153846153846154,0.46153846153846156,0.5384615384615384,0.38461538461538464,0.6153846153846154,0.38461538461538464,0.5384615384615384
8479323,20222023,D,7,7132,3.0,7.0,4.0,7.0,4.0,7.0,4.0,7.0,4.0,7.0,5.0,7.0,4.0,7.0,6.0,7.0,0.42857142857142855,0.5714285714285714,0.5714285714285714,0.5714285714285714,0.5714285714285714,0.7142857142857143,0.5714285714285714,0.8571428571428571
8479323,20232024,D,16,16522,7.0,16.0,9.0,16.0,6.0,16.0,8.0,16.0,9.0,16.0,9.0,16.0,8.0,16.0,10.0,16.0,0.4375,0.5625,0.375,0.5,0.5625,0.5625,0.5,0.625
8479324,20222023,D,7,6528,4.0,7.0,2.0,7.0,3.0,7.0,2.0,7.0,3.0,7.0,4.0,7.0,2.0,7.0,4.0,7.0,0.5714285714285714,0.2857142857142857,0.42857142857142855,0.2857142857142857,0.42857142857142855,0.5714285714285714,0.2857142857142857,0.5714285714285714
8479324,20232024,D,16,15270,5.0,16.0,8.0,16.0,4.0,16.0,7.0,16.0,6.0,16.0,8.0,16.0,7.0,16.0,8.0,16.0,0.3125,0.5,0.25,0.4375,0.375,0.5,0.4375,0.5
8479324,20242025,D,7,6530,2.0,7.0,3.0,7.0,3.0,7.0,3.0,7.0,0.0,7.0,3.0,7.0,1.0,7.0,3.0,7.0,0.2857142857142857,0.42857142857142855,0.42857142857142855,0.42857142857142855,0.0,0.42857142857142855,0.14285714285714285,0.42857142857142855
8479325,20222023,D,7,8349,3.0,7.0,3.0,7.0,3.0,7.0,3.0,7.0,2.0,7.0,3.0,7.0,4.0,7.0,2.0,7.0,0.42857142857142855,0.42857142857142855,0.42857142857142855,0.42857142857142855,0.2857142857142857,0.42857142857142855,0.5714285714285714,0.2857142857142857
8479325,20232024,D,13,16305,7.0,13.0,7.0,13.0,6.0,13.0,8.0,13.0,5.0,13.0,7.0,13.0,8.0,13.0,4.0,13.0,0.5384615384615384,0.5384615384615384,0.46153846153846156,0.6153846153846154,0.38461538461538464,0.5384615384615384,0.6153846153846154,0.3076923076923077
8479336,20222023,F,6,2993,1.0,3.0,0.0,3.0,2.0,3.0,0.0,3.0,1.0,3.0,1.0,3.0,2.0,3.0,0.0,3.0,0.3333333333333333,0.0,0.6666666666666666,0.0,0.3333333333333333,0.3333333333333333,0.6666666666666666,0.0
8479336,20232024,F,5,1605,0.0,1.0,1.0,1.0,0.0,1.0,1.0,1.0,0.0,1.0,1.0,1.0,0.0,1.0,1.0,1.0,0.0,1.0,0.0,1.0,0.0,1.0,0.0,1.0
8479339,20242025,F,2,1131,0.0,1.0,0.0,1.0,0.0,1.0,0.0,1.0,0.0,1.0,0.0,1.0,0.0,1.0,0.0,1.0,0.0,0.0,0.0,0.0,0.0,0.0,0.0,0.0
8479344,20222023,F,7,3945,3.0,5.0,3.0,5.0,3.0,5.0,2.0,5.0,2.0,5.0,4.0,5.0,2.0,5.0,3.0,5.0,0.6,0.6,0.6,0.4,0.4,0.8,0.4,0.6
8479345,20242025,D,10,12235,7.0,10.0,6.0,10.0,5.0,10.0,6.0,10.0,5.0,10.0,7.0,10.0,4.0,10.0,7.0,10.0,0.7,0.6,0.5,0.6,0.5,0.7,0.4,0.7
8479351,20222023,F,5,3286,2.0,5.0,2.0,5.0,3.0,5.0,2.0,5.0,3.0,5.0,2.0,5.0,3.0,5.0,2.0,5.0,0.4,0.4,0.6,0.4,0.6,0.4,0.6,0.4
8479351,20232024,F,19,12437,5.0,17.0,9.0,17.0,6.0,17.0,10.0,17.0,5.0,17.0,12.0,17.0,6.0,17.0,8.0,17.0,0.29411764705882354,0.5294117647058824,0.35294117647058826,0.5882352941176471,0.29411764705882354,0.7058823529411765,0.35294117647058826,0.47058823529411764
8479351,20242025,F,18,12028,4.0,17.0,8.0,17.0,5.0,17.0,7.0,17.0,3.0,17.0,9.0,17.0,4.0,17.0,9.0,17.0,0.23529411764705882,0.47058823529411764,0.29411764705882354,0.4117647058823529,0.17647058823529413,0.5294117647058824,0.23529411764705882,0.5294117647058824
8479353,20222023,F,22,16009,12.0,19.0,11.0,19.0,10.0,19.0,6.0,19.0,8.0,19.0,9.0,19.0,7.0,19.0,6.0,19.0,0.631578947368421,0.5789473684210527,0.5263157894736842,0.3157894736842105,0.42105263157894735,0.47368421052631576,0.3684210526315789,0.3157894736842105
8479353,20232024,F,7,4654,2.0,6.0,0.0,6.0,3.0,6.0,3.0,6.0,3.0,6.0,2.0,6.0,3.0,6.0,3.0,6.0,0.3333333333333333,0.0,0.5,0.5,0.5,0.3333333333333333,0.5,0.5
8479353,20242025,F,11,7510,2.0,9.0,3.0,9.0,2.0,9.0,2.0,9.0,3.0,9.0,2.0,9.0,3.0,9.0,2.0,9.0,0.2222222222222222,0.3333333333333333,0.2222222222222222,0.2222222222222222,0.3333333333333333,0.2222222222222222,0.3333333333333333,0.2222222222222222
8479359,20232024,F,4,2011,0.0,2.0,1.0,2.0,1.0,2.0,1.0,2.0,0.0,2.0,1.0,2.0,1.0,2.0,2.0,2.0,0.0,0.5,0.5,0.5,0.0,0.5,0.5,1.0
8479365,20222023,F,5,2704,3.0,4.0,2.0,4.0,3.0,4.0,2.0,4.0,3.0,4.0,2.0,4.0,3.0,4.0,2.0,4.0,0.75,0.5,0.75,0.5,0.75,0.5,0.75,0.5
8479365,20232024,F,13,8642,10.0,13.0,8.0,13.0,9.0,13.0,7.0,13.0,10.0,13.0,8.0,13.0,10.0,13.0,9.0,13.0,0.7692307692307693,0.6153846153846154,0.6923076923076923,0.5384615384615384,0.7692307692307693,0.6153846153846154,0.7692307692307693,0.6923076923076923
8479365,20242025,F,22,13211,9.0,17.0,5.0,17.0,9.0,17.0,4.0,17.0,7.0,17.0,6.0,17.0,8.0,17.0,8.0,17.0,0.5294117647058824,0.29411764705882354,0.5294117647058824,0.23529411764705882,0.4117647058823529,0.35294117647058826,0.47058823529411764,0.47058823529411764
8479369,20232024,D,6,4364,2.0,6.0,4.0,6.0,0.0,6.0,2.0,6.0,0.0,6.0,4.0,6.0,1.0,6.0,3.0,6.0,0.3333333333333333,0.6666666666666666,0.0,0.3333333333333333,0.0,0.6666666666666666,0.16666666666666666,0.5
8479371,20232024,D,3,2304,1.0,3.0,3.0,3.0,1.0,3.0,3.0,3.0,1.0,3.0,3.0,3.0,1.0,3.0,3.0,3.0,0.3333333333333333,1.0,0.3333333333333333,1.0,0.3333333333333333,1.0,0.3333333333333333,1.0
8479372,20222023,D,21,14227,13.0,21.0,11.0,21.0,12.0,21.0,10.0,21.0,12.0,21.0,10.0,21.0,9.0,21.0,13.0,21.0,0.6190476190476191,0.5238095238095238,0.5714285714285714,0.47619047619047616,0.5714285714285714,0.47619047619047616,0.42857142857142855,0.6190476190476191
8479378,20222023,D,1,521,0.0,1.0,0.0,1.0,1.0,1.0,0.0,1.0,0.0,1.0,0.0,1.0,1.0,1.0,0.0,1.0,0.0,0.0,1.0,0.0,0.0,0.0,1.0,0.0
8479378,20232024,D,3,1627,3.0,3.0,1.0,3.0,2.0,3.0,1.0,3.0,3.0,3.0,1.0,3.0,3.0,3.0,1.0,3.0,1.0,0.3333333333333333,0.6666666666666666,0.3333333333333333,1.0,0.3333333333333333,1.0,0.3333333333333333
8479378,20242025,D,5,3134,2.0,5.0,4.0,5.0,2.0,5.0,3.0,5.0,2.0,5.0,3.0,5.0,2.0,5.0,2.0,5.0,0.4,0.8,0.4,0.6,0.4,0.6,0.4,0.4
8479379,20222023,F,1,303,0.0,0.0,0.0,0.0,0.0,0.0,0.0,0.0,0.0,0.0,0.0,0.0,0.0,0.0,0.0,0.0,,,,,,,,
8479385,20242025,F,7,5666,3.0,7.0,3.0,7.0,3.0,7.0,4.0,7.0,5.0,7.0,1.0,7.0,4.0,7.0,4.0,7.0,0.42857142857142855,0.42857142857142855,0.42857142857142855,0.5714285714285714,0.7142857142857143,0.14285714285714285,0.5714285714285714,0.5714285714285714
8479390,20242025,F,7,4547,4.0,7.0,5.0,7.0,5.0,7.0,4.0,7.0,2.0,7.0,3.0,7.0,4.0,7.0,4.0,7.0,0.5714285714285714,0.7142857142857143,0.7142857142857143,0.5714285714285714,0.2857142857142857,0.42857142857142855,0.5714285714285714,0.5714285714285714
8479393,20232024,F,2,913,0.0,0.0,0.0,0.0,0.0,0.0,0.0,0.0,0.0,0.0,0.0,0.0,0.0,0.0,0.0,0.0,,,,,,,,
8479395,20242025,D,2,1064,1.0,2.0,1.0,2.0,1.0,2.0,1.0,2.0,1.0,2.0,0.0,2.0,1.0,2.0,1.0,2.0,0.5,0.5,0.5,0.5,0.5,0.0,0.5,0.5
8479398,20222023,D,7,7390,3.0,7.0,2.0,7.0,2.0,7.0,4.0,7.0,1.0,7.0,4.0,7.0,1.0,7.0,6.0,7.0,0.42857142857142855,0.2857142857142857,0.2857142857142857,0.5714285714285714,0.14285714285714285,0.5714285714285714,0.14285714285714285,0.8571428571428571
8479398,20232024,D,9,9177,6.0,9.0,4.0,9.0,6.0,9.0,6.0,9.0,5.0,9.0,4.0,9.0,5.0,9.0,4.0,9.0,0.6666666666666666,0.4444444444444444,0.6666666666666666,0.6666666666666666,0.5555555555555556,0.4444444444444444,0.5555555555555556,0.4444444444444444
8479398,20242025,D,7,6102,6.0,7.0,5.0,7.0,5.0,7.0,5.0,7.0,5.0,7.0,3.0,7.0,5.0,7.0,4.0,7.0,0.8571428571428571,0.7142857142857143,0.7142857142857143,0.7142857142857143,0.7142857142857143,0.42857142857142855,0.7142857142857143,0.5714285714285714
8479400,20222023,F,5,4761,3.0,5.0,2.0,5.0,3.0,5.0,2.0,5.0,3.0,5.0,3.0,5.0,4.0,5.0,3.0,5.0,0.6,0.4,0.6,0.4,0.6,0.6,0.8,0.6
8479400,20232024,F,5,3761,2.0,5.0,3.0,5.0,1.0,5.0,3.0,5.0,1.0,5.0,2.0,5.0,1.0,5.0,2.0,5.0,0.4,0.6,0.2,0.6,0.2,0.4,0.2,0.4
8479400,20242025,F,10,8564,5.0,10.0,4.0,10.0,5.0,10.0,4.0,10.0,6.0,10.0,4.0,10.0,3.0,10.0,4.0,10.0,0.5,0.4,0.5,0.4,0.6,0.4,0.3,0.4
8479407,20222023,F,12,10295,10.0,12.0,7.0,12.0,9.0,12.0,7.0,12.0,8.0,12.0,8.0,12.0,7.0,12.0,7.0,12.0,0.8333333333333334,0.5833333333333334,0.75,0.5833333333333334,0.6666666666666666,0.6666666666666666,0.5833333333333334,0.5833333333333334
8479407,20242025,F,5,4724,3.0,5.0,1.0,5.0,3.0,5.0,3.0,5.0,3.0,5.0,4.0,5.0,3.0,5.0,4.0,5.0,0.6,0.2,0.6,0.6,0.6,0.8,0.6,0.8
8479410,20222023,D,6,7204,3.0,6.0,2.0,6.0,2.0,6.0,1.0,6.0,2.0,6.0,1.0,6.0,3.0,6.0,1.0,6.0,0.5,0.3333333333333333,0.3333333333333333,0.16666666666666666,0.3333333333333333,0.16666666666666666,0.5,0.16666666666666666
8479410,20232024,D,2,1565,1.0,2.0,2.0,2.0,1.0,2.0,1.0,2.0,1.0,2.0,1.0,2.0,1.0,2.0,0.0,2.0,0.5,1.0,0.5,0.5,0.5,0.5,0.5,0.0
8479414,20222023,F,12,6408,4.0,5.0,2.0,5.0,4.0,5.0,2.0,5.0,3.0,5.0,3.0,5.0,3.0,5.0,3.0,5.0,0.8,0.4,0.8,0.4,0.6,0.6,0.6,0.6
8479414,20242025,F,5,2835,2.0,4.0,0.0,4.0,2.0,4.0,0.0,4.0,2.0,4.0,1.0,4.0,2.0,4.0,0.0,4.0,0.5,0.0,0.5,0.0,0.5,0.25,0.5,0.0
8479415,20222023,F,12,8544,4.0,9.0,3.0,9.0,4.0,9.0,4.0,9.0,4.0,9.0,4.0,9.0,3.0,9.0,4.0,9.0,0.4444444444444444,0.3333333333333333,0.4444444444444444,0.4444444444444444,0.4444444444444444,0.4444444444444444,0.3333333333333333,0.4444444444444444
8479421,20242025,D,2,302,0.0,0.0,0.0,0.0,0.0,0.0,0.0,0.0,0.0,0.0,0.0,0.0,0.0,0.0,0.0,0.0,,,,,,,,
8479425,20232024,D,13,13112,9.0,13.0,7.0,13.0,9.0,13.0,6.0,13.0,8.0,13.0,7.0,13.0,11.0,13.0,6.0,13.0,0.6923076923076923,0.5384615384615384,0.6923076923076923,0.46153846153846156,0.6153846153846154,0.5384615384615384,0.8461538461538461,0.46153846153846156
8479442,20242025,D,8,6041,3.0,7.0,2.0,7.0,3.0,7.0,2.0,7.0,3.0,7.0,3.0,7.0,3.0,7.0,2.0,7.0,0.42857142857142855,0.2857142857142857,0.42857142857142855,0.2857142857142857,0.42857142857142855,0.42857142857142855,0.42857142857142855,0.2857142857142857
8479520,20222023,F,6,3028,2.0,4.0,2.0,4.0,3.0,4.0,3.0,4.0,2.0,4.0,2.0,4.0,2.0,4.0,1.0,4.0,0.5,0.5,0.75,0.75,0.5,0.5,0.5,0.25
8479520,20232024,F,11,4572,2.0,3.0,3.0,3.0,2.0,3.0,3.0,3.0,1.0,3.0,3.0,3.0,0.0,3.0,3.0,3.0,0.6666666666666666,1.0,0.6666666666666666,1.0,0.3333333333333333,1.0,0.0,1.0
8479520,20242025,F,10,7084,7.0,10.0,8.0,10.0,6.0,10.0,8.0,10.0,6.0,10.0,8.0,10.0,6.0,10.0,7.0,10.0,0.7,0.8,0.6,0.8,0.6,0.8,0.6,0.7
8479525,20222023,F,6,3958,6.0,6.0,2.0,6.0,4.0,6.0,2.0,6.0,6.0,6.0,2.0,6.0,6.0,6.0,3.0,6.0,1.0,0.3333333333333333,0.6666666666666666,0.3333333333333333,1.0,0.3333333333333333,1.0,0.5
8479525,20232024,F,11,6639,6.0,10.0,4.0,10.0,7.0,10.0,4.0,10.0,4.0,10.0,4.0,10.0,7.0,10.0,3.0,10.0,0.6,0.4,0.7,0.4,0.4,0.4,0.7,0.3
8479525,20242025,F,1,298,0.0,0.0,0.0,0.0,0.0,0.0,0.0,0.0,0.0,0.0,0.0,0.0,0.0,0.0,0.0,0.0,,,,,,,,
8479536,20222023,F,1,277,0.0,0.0,0.0,0.0,0.0,0.0,0.0,0.0,0.0,0.0,0.0,0.0,0.0,0.0,0.0,0.0,,,,,,,,
8479536,20232024,F,1,384,0.0,0.0,0.0,0.0,0.0,0.0,0.0,0.0,0.0,0.0,0.0,0.0,0.0,0.0,0.0,0.0,,,,,,,,
8479542,20222023,F,6,5422,3.0,6.0,1.0,6.0,3.0,6.0,1.0,6.0,2.0,6.0,3.0,6.0,2.0,6.0,1.0,6.0,0.5,0.16666666666666666,0.5,0.16666666666666666,0.3333333333333333,0.5,0.3333333333333333,0.16666666666666666
8479542,20232024,F,5,4795,2.0,5.0,3.0,5.0,3.0,5.0,3.0,5.0,2.0,5.0,2.0,5.0,3.0,5.0,3.0,5.0,0.4,0.6,0.6,0.6,0.4,0.4,0.6,0.6
8479542,20242025,F,3,2351,1.0,3.0,1.0,3.0,1.0,3.0,1.0,3.0,1.0,3.0,0.0,3.0,1.0,3.0,0.0,3.0,0.3333333333333333,0.3333333333333333,0.3333333333333333,0.3333333333333333,0.3333333333333333,0.0,0.3333333333333333,0.0
8479576,20222023,D,12,7716,6.0,9.0,5.0,9.0,5.0,9.0,5.0,9.0,4.0,9.0,6.0,9.0,4.0,9.0,5.0,9.0,0.6666666666666666,0.5555555555555556,0.5555555555555556,0.5555555555555556,0.4444444444444444,0.6666666666666666,0.4444444444444444,0.5555555555555556
8479576,20232024,D,16,13731,8.0,16.0,12.0,16.0,8.0,16.0,12.0,16.0,10.0,16.0,12.0,16.0,8.0,16.0,11.0,16.0,0.5,0.75,0.5,0.75,0.625,0.75,0.5,0.6875
8479578,20222023,D,2,992,1.0,1.0,0.0,1.0,1.0,1.0,1.0,1.0,1.0,1.0,0.0,1.0,1.0,1.0,0.0,1.0,1.0,0.0,1.0,1.0,1.0,0.0,1.0,0.0
8479591,20222023,F,3,1707,2.0,2.0,2.0,2.0,1.0,2.0,2.0,2.0,2.0,2.0,2.0,2.0,1.0,2.0,2.0,2.0,1.0,1.0,0.5,1.0,1.0,1.0,0.5,1.0
8479591,20232024,F,5,3225,3.0,5.0,4.0,5.0,3.0,5.0,4.0,5.0,2.0,5.0,3.0,5.0,2.0,5.0,3.0,5.0,0.6,0.8,0.6,0.8,0.4,0.6,0.4,0.6
8479638,20232024,F,9,5543,6.0,9.0,8.0,9.0,5.0,9.0,8.0,9.0,5.0,9.0,7.0,9.0,4.0,9.0,6.0,9.0,0.6666666666666666,0.8888888888888888,0.5555555555555556,0.8888888888888888,0.5555555555555556,0.7777777777777778,0.4444444444444444,0.6666666666666666
8479638,20242025,F,6,2462,0.0,2.0,0.0,2.0,1.0,2.0,0.0,2.0,0.0,2.0,0.0,2.0,1.0,2.0,0.0,2.0,0.0,0.0,0.5,0.0,0.0,0.0,0.5,0.0
8479661,20222023,F,3,1965,2.0,3.0,1.0,3.0,2.0,3.0,1.0,3.0,2.0,3.0,1.0,3.0,2.0,3.0,1.0,3.0,0.6666666666666666,0.3333333333333333,0.6666666666666666,0.3333333333333333,0.6666666666666666,0.3333333333333333,0.6666666666666666,0.3333333333333333
8479661,20232024,F,4,1948,0.0,1.0,0.0,1.0,0.0,1.0,0.0,1.0,0.0,1.0,0.0,1.0,0.0,1.0,0.0,1.0,0.0,0.0,0.0,0.0,0.0,0.0,0.0,0.0
8479675,20222023,F,6,5276,5.0,6.0,2.0,6.0,5.0,6.0,1.0,6.0,4.0,6.0,3.0,6.0,5.0,6.0,3.0,6.0,0.8333333333333334,0.3333333333333333,0.8333333333333334,0.16666666666666666,0.6666666666666666,0.5,0.8333333333333334,0.5
8479675,20232024,F,5,4015,2.0,5.0,2.0,5.0,2.0,5.0,1.0,5.0,3.0,5.0,2.0,5.0,3.0,5.0,3.0,5.0,0.4,0.4,0.4,0.2,0.6,0.4,0.6,0.6
8479675,20242025,F,6,5610,1.0,6.0,0.0,6.0,1.0,6.0,0.0,6.0,1.0,6.0,1.0,6.0,2.0,6.0,1.0,6.0,0.16666666666666666,0.0,0.16666666666666666,0.0,0.16666666666666666,0.16666666666666666,0.3333333333333333,0.16666666666666666
8479772,20222023,F,1,331,0.0,0.0,0.0,0.0,0.0,0.0,0.0,0.0,0.0,0.0,0.0,0.0,0.0,0.0,0.0,0.0,,,,,,,,
8479944,20222023,F,6,2716,2.0,2.0,1.0,2.0,1.0,2.0,1.0,2.0,0.0,2.0,1.0,2.0,1.0,2.0,0.0,2.0,1.0,0.5,0.5,0.5,0.0,0.5,0.5,0.0
8479977,20222023,F,12,8639,9.0,12.0,6.0,12.0,8.0,12.0,5.0,12.0,5.0,12.0,5.0,12.0,7.0,12.0,7.0,12.0,0.75,0.5,0.6666666666666666,0.4166666666666667,0.4166666666666667,0.4166666666666667,0.5833333333333334,0.5833333333333334
8479980,20222023,D,22,21564,7.0,22.0,12.0,22.0,8.0,22.0,11.0,22.0,5.0,22.0,11.0,22.0,8.0,22.0,12.0,22.0,0.3181818181818182,0.5454545454545454,0.36363636363636365,0.5,0.22727272727272727,0.5,0.36363636363636365,0.5454545454545454
8479980,20232024,D,1,841,0.0,1.0,0.0,1.0,0.0,1.0,0.0,1.0,1.0,1.0,0.0,1.0,1.0,1.0,0.0,1.0,0.0,0.0,0.0,0.0,1.0,0.0,1.0,0.0
8479980,20242025,D,11,8896,4.0,11.0,4.0,11.0,4.0,11.0,4.0,11.0,6.0,11.0,4.0,11.0,4.0,11.0,4.0,11.0,0.36363636363636365,0.36363636363636365,0.36363636363636365,0.36363636363636365,0.5454545454545454,0.36363636363636365,0.36363636363636365,0.36363636363636365
8479981,20242025,F,16,6404,1.0,5.0,2.0,5.0,1.0,5.0,3.0,5.0,1.0,5.0,2.0,5.0,0.0,5.0,3.0,5.0,0.2,0.4,0.2,0.6,0.2,0.4,0.0,0.6
8479987,20222023,F,13,8032,4.0,10.0,3.0,10.0,3.0,10.0,3.0,10.0,6.0,10.0,3.0,10.0,5.0,10.0,4.0,10.0,0.4,0.3,0.3,0.3,0.6,0.3,0.5,0.4
8479987,20232024,F,13,10917,5.0,13.0,10.0,13.0,4.0,13.0,7.0,13.0,4.0,13.0,8.0,13.0,5.0,13.0,7.0,13.0,0.38461538461538464,0.7692307692307693,0.3076923076923077,0.5384615384615384,0.3076923076923077,0.6153846153846154,0.38461538461538464,0.5384615384615384
8479994,20222023,F,4,1419,0.0,1.0,0.0,1.0,1.0,1.0,0.0,1.0,0.0,1.0,0.0,1.0,1.0,1.0,0.0,1.0,0.0,0.0,1.0,0.0,0.0,0.0,1.0,0.0
8479996,20242025,F,5,2804,2.0,4.0,0.0,4.0,2.0,4.0,2.0,4.0,1.0,4.0,1.0,4.0,1.0,4.0,2.0,4.0,0.5,0.0,0.5,0.5,0.25,0.25,0.25,0.5
8479998,20222023,D,6,6824,3.0,6.0,1.0,6.0,3.0,6.0,0.0,6.0,2.0,6.0,2.0,6.0,3.0,6.0,2.0,6.0,0.5,0.16666666666666666,0.5,0.0,0.3333333333333333,0.3333333333333333,0.5,0.3333333333333333
8479998,20232024,D,5,5153,2.0,5.0,3.0,5.0,3.0,5.0,3.0,5.0,3.0,5.0,3.0,5.0,4.0,5.0,3.0,5.0,0.4,0.6,0.6,0.6,0.6,0.6,0.8,0.6
8479998,20242025,D,6,7593,2.0,6.0,2.0,6.0,2.0,6.0,4.0,6.0,2.0,6.0,3.0,6.0,2.0,6.0,3.0,6.0,0.3333333333333333,0.3333333333333333,0.3333333333333333,0.6666666666666666,0.3333333333333333,0.5,0.3333333333333333,0.5
8479999,20232024,F,11,9467,8.0,11.0,6.0,11.0,8.0,11.0,9.0,11.0,7.0,11.0,6.0,11.0,9.0,11.0,5.0,11.0,0.7272727272727273,0.5454545454545454,0.7272727272727273,0.8181818181818182,0.6363636363636364,0.5454545454545454,0.8181818181818182,0.45454545454545453
8480002,20222023,F,12,10960,7.0,12.0,8.0,12.0,7.0,12.0,8.0,12.0,5.0,12.0,10.0,12.0,5.0,12.0,8.0,12.0,0.5833333333333334,0.6666666666666666,0.5833333333333334,0.6666666666666666,0.4166666666666667,0.8333333333333334,0.4166666666666667,0.6666666666666666
8480002,20242025,F,5,4750,3.0,5.0,3.0,5.0,2.0,5.0,4.0,5.0,3.0,5.0,5.0,5.0,2.0,5.0,4.0,5.0,0.6,0.6,0.4,0.8,0.6,1.0,0.4,0.8
8480003,20222023,F,6,2985,3.0,3.0,0.0,3.0,3.0,3.0,0.0,3.0,3.0,3.0,0.0,3.0,2.0,3.0,0.0,3.0,1.0,0.0,1.0,0.0,1.0,0.0,0.6666666666666666,0.0
8480003,20232024,F,8,4066,3.0,6.0,4.0,6.0,2.0,6.0,4.0,6.0,3.0,6.0,5.0,6.0,2.0,6.0,3.0,6.0,0.5,0.6666666666666666,0.3333333333333333,0.6666666666666666,0.5,0.8333333333333334,0.3333333333333333,0.5
8480003,20242025,F,13,6206,0.0,5.0,1.0,5.0,3.0,5.0,1.0,5.0,0.0,5.0,1.0,5.0,3.0,5.0,1.0,5.0,0.0,0.2,0.6,0.2,0.0,0.2,0.6,0.2
8480009,20222023,F,14,11773,8.0,14.0,8.0,14.0,8.0,14.0,6.0,14.0,7.0,14.0,10.0,14.0,7.0,14.0,9.0,14.0,0.5714285714285714,0.5714285714285714,0.5714285714285714,0.42857142857142855,0.5,0.7142857142857143,0.5,0.6428571428571429
8480011,20222023,F,12,5233,3.0,6.0,4.0,6.0,3.0,6.0,4.0,6.0,3.0,6.0,4.0,6.0,3.0,6.0,3.0,6.0,0.5,0.6666666666666666,0.5,0.6666666666666666,0.5,0.6666666666666666,0.5,0.5
8480012,20232024,F,13,11406,3.0,13.0,8.0,13.0,4.0,13.0,6.0,13.0,7.0,13.0,8.0,13.0,5.0,13.0,5.0,13.0,0.23076923076923078,0.6153846153846154,0.3076923076923077,0.46153846153846156,0.5384615384615384,0.6153846153846154,0.38461538461538464,0.38461538461538464
8480014,20222023,F,5,3846,2.0,5.0,0.0,5.0,3.0,5.0,1.0,5.0,2.0,5.0,2.0,5.0,3.0,5.0,1.0,5.0,0.4,0.0,0.6,0.2,0.4,0.4,0.6,0.2
8480014,20232024,F,5,4448,3.0,5.0,2.0,5.0,2.0,5.0,2.0,5.0,3.0,5.0,3.0,5.0,3.0,5.0,2.0,5.0,0.6,0.4,0.4,0.4,0.6,0.6,0.6,0.4
8480014,20242025,F,9,8371,3.0,9.0,5.0,9.0,4.0,9.0,3.0,9.0,3.0,9.0,8.0,9.0,4.0,9.0,4.0,9.0,0.3333333333333333,0.5555555555555556,0.4444444444444444,0.3333333333333333,0.3333333333333333,0.8888888888888888,0.4444444444444444,0.4444444444444444
8480018,20242025,F,5,5284,4.0,5.0,2.0,5.0,4.0,5.0,4.0,5.0,4.0,5.0,3.0,5.0,4.0,5.0,4.0,5.0,0.8,0.4,0.8,0.8,0.8,0.6,0.8,0.8
8480023,20242025,F,7,6758,2.0,7.0,5.0,7.0,3.0,7.0,5.0,7.0,4.0,7.0,4.0,7.0,4.0,7.0,3.0,7.0,0.2857142857142857,0.7142857142857143,0.42857142857142855,0.7142857142857143,0.5714285714285714,0.5714285714285714,0.5714285714285714,0.42857142857142855
8480027,20222023,F,19,17363,12.0,19.0,15.0,19.0,9.0,19.0,14.0,19.0,12.0,19.0,15.0,19.0,8.0,19.0,14.0,19.0,0.631578947368421,0.7894736842105263,0.47368421052631576,0.7368421052631579,0.631578947368421,0.7894736842105263,0.42105263157894735,0.7368421052631579
8480027,20232024,F,19,17946,11.0,19.0,10.0,19.0,11.0,19.0,13.0,19.0,9.0,19.0,12.0,19.0,13.0,19.0,12.0,19.0,0.5789473684210527,0.5263157894736842,0.5789473684210527,0.6842105263157895,0.47368421052631576,0.631578947368421,0.6842105263157895,0.631578947368421
8480027,20242025,F,11,8879,5.0,11.0,7.0,11.0,4.0,11.0,6.0,11.0,4.0,11.0,7.0,11.0,3.0,11.0,7.0,11.0,0.45454545454545453,0.6363636363636364,0.36363636363636365,0.5454545454545454,0.36363636363636365,0.6363636363636364,0.2727272727272727,0.6363636363636364
8480036,20222023,D,19,24998,9.0,19.0,10.0,19.0,7.0,19.0,11.0,19.0,10.0,19.0,10.0,19.0,8.0,19.0,10.0,19.0,0.47368421052631576,0.5263157894736842,0.3684210526315789,0.5789473684210527,0.5263157894736842,0.5263157894736842,0.42105263157894735,0.5263157894736842
8480036,20232024,D,19,26269,7.0,19.0,11.0,19.0,8.0,19.0,12.0,19.0,7.0,19.0,9.0,19.0,10.0,19.0,11.0,19.0,0.3684210526315789,0.5789473684210527,0.42105263157894735,0.631578947368421,0.3684210526315789,0.47368421052631576,0.5263157894736842,0.5789473684210527
8480036,20242025,D,8,8511,4.0,8.0,3.0,8.0,4.0,8.0,3.0,8.0,4.0,8.0,5.0,8.0,3.0,8.0,4.0,8.0,0.5,0.375,0.5,0.375,0.5,0.625,0.375,0.5
8480039,20222023,F,15,12912,8.0,15.0,4.0,15.0,8.0,15.0,1.0,15.0,3.0,15.0,4.0,15.0,3.0,15.0,4.0,15.0,0.5333333333333333,0.26666666666666666,0.5333333333333333,0.06666666666666667,0.2,0.26666666666666666,0.2,0.26666666666666666
8480039,20232024,F,11,8906,4.0,11.0,6.0,11.0,3.0,11.0,7.0,11.0,3.0,11.0,6.0,11.0,3.0,11.0,6.0,11.0,0.36363636363636365,0.5454545454545454,0.2727272727272727,0.6363636363636364,0.2727272727272727,0.5454545454545454,0.2727272727272727,0.5454545454545454
8480039,20242025,F,7,6383,4.0,7.0,2.0,7.0,4.0,7.0,3.0,7.0,5.0,7.0,2.0,7.0,4.0,7.0,3.0,7.0,0.5714285714285714,0.2857142857142857,0.5714285714285714,0.42857142857142855,0.7142857142857143,0.2857142857142857,0.5714285714285714,0.42857142857142855
8480043,20222023,D,5,3821,2.0,4.0,2.0,4.0,2.0,4.0,2.0,4.0,1.0,4.0,0.0,4.0,1.0,4.0,2.0,4.0,0.5,0.5,0.5,0.5,0.25,0.0,0.25,0.5
8480043,20232024,D,6,5342,2.0,6.0,2.0,6.0,4.0,6.0,2.0,6.0,3.0,6.0,2.0,6.0,3.0,6.0,1.0,6.0,0.3333333333333333,0.3333333333333333,0.6666666666666666,0.3333333333333333,0.5,0.3333333333333333,0.5,0.16666666666666666
8480049,20222023,D,5,3732,2.0,5.0,4.0,5.0,1.0,5.0,3.0,5.0,2.0,5.0,4.0,5.0,1.0,5.0,4.0,5.0,0.4,0.8,0.2,0.6,0.4,0.8,0.2,0.8
8480049,20232024,D,5,3967,4.0,5.0,2.0,5.0,3.0,5.0,3.0,5.0,5.0,5.0,4.0,5.0,4.0,5.0,4.0,5.0,0.8,0.4,0.6,0.6,1.0,0.8,0.8,0.8
8480049,20242025,D,13,14993,6.0,13.0,7.0,13.0,7.0,13.0,8.0,13.0,9.0,13.0,8.0,13.0,9.0,13.0,10.0,13.0,0.46153846153846156,0.5384615384615384,0.5384615384615384,0.6153846153846154,0.6923076923076923,0.6153846153846154,0.6923076923076923,0.7692307692307693
8480069,20222023,D,6,7329,5.0,6.0,4.0,6.0,4.0,6.0,3.0,6.0,5.0,6.0,4.0,6.0,3.0,6.0,2.0,6.0,0.8333333333333334,0.6666666666666666,0.6666666666666666,0.5,0.8333333333333334,0.6666666666666666,0.5,0.3333333333333333
8480069,20232024,D,11,13507,7.0,11.0,9.0,11.0,6.0,11.0,7.0,11.0,5.0,11.0,8.0,11.0,4.0,11.0,5.0,11.0,0.6363636363636364,0.8181818181818182,0.5454545454545454,0.6363636363636364,0.45454545454545453,0.7272727272727273,0.36363636363636365,0.45454545454545453
8480069,20242025,D,7,8368,5.0,7.0,6.0,7.0,6.0,7.0,5.0,7.0,5.0,7.0,4.0,7.0,4.0,7.0,3.0,7.0,0.7142857142857143,0.8571428571428571,0.8571428571428571,0.7142857142857143,0.7142857142857143,0.5714285714285714,0.5714285714285714,0.42857142857142855
8480074,20242025,F,3,1921,0.0,3.0,2.0,3.0,1.0,3.0,2.0,3.0,0.0,3.0,2.0,3.0,1.0,3.0,2.0,3.0,0.0,0.6666666666666666,0.3333333333333333,0.6666666666666666,0.0,0.6666666666666666,0.3333333333333333,0.6666666666666666
8480078,20222023,F,7,4611,3.0,7.0,4.0,7.0,4.0,7.0,4.0,7.0,3.0,7.0,4.0,7.0,4.0,7.0,4.0,7.0,0.42857142857142855,0.5714285714285714,0.5714285714285714,0.5714285714285714,0.42857142857142855,0.5714285714285714,0.5714285714285714,0.5714285714285714
8480113,20222023,F,6,5186,4.0,6.0,2.0,6.0,5.0,6.0,1.0,6.0,4.0,6.0,5.0,6.0,5.0,6.0,6.0,6.0,0.6666666666666666,0.3333333333333333,0.8333333333333334,0.16666666666666666,0.6666666666666666,0.8333333333333334,0.8333333333333334,1.0
8480113,20232024,F,5,2697,1.0,4.0,2.0,4.0,1.0,4.0,2.0,4.0,2.0,4.0,3.0,4.0,1.0,4.0,2.0,4.0,0.25,0.5,0.25,0.5,0.5,0.75,0.25,0.5
8480113,20242025,F,13,9123,2.0,11.0,4.0,11.0,3.0,11.0,5.0,11.0,3.0,11.0,5.0,11.0,4.0,11.0,8.0,11.0,0.18181818181818182,0.36363636363636365,0.2727272727272727,0.45454545454545453,0.2727272727272727,0.45454545454545453,0.36363636363636365,0.7272727272727273
8480144,20222023,F,11,7045,4.0,10.0,4.0,10.0,3.0,10.0,4.0,10.0,1.0,10.0,6.0,10.0,2.0,10.0,5.0,10.0,0.4,0.4,0.3,0.4,0.1,0.6,0.2,0.5
8480144,20232024,F,7,4516,0.0,7.0,3.0,7.0,0.0,7.0,3.0,7.0,0.0,7.0,3.0,7.0,0.0,7.0,3.0,7.0,0.0,0.42857142857142855,0.0,0.42857142857142855,0.0,0.42857142857142855,0.0,0.42857142857142855
8480144,20242025,F,1,619,0.0,1.0,0.0,1.0,1.0,1.0,0.0,1.0,0.0,1.0,0.0,1.0,0.0,1.0,0.0,1.0,0.0,0.0,1.0,0.0,0.0,0.0,0.0,0.0
8480145,20222023,D,5,6081,2.0,5.0,3.0,5.0,2.0,5.0,3.0,5.0,2.0,5.0,3.0,5.0,3.0,5.0,4.0,5.0,0.4,0.6,0.4,0.6,0.4,0.6,0.6,0.8
8480145,20232024,D,5,5546,1.0,5.0,1.0,5.0,1.0,5.0,2.0,5.0,2.0,5.0,2.0,5.0,0.0,5.0,2.0,5.0,0.2,0.2,0.2,0.4,0.4,0.4,0.0,0.4
8480145,20242025,D,13,14397,4.0,13.0,7.0,13.0,4.0,13.0,7.0,13.0,4.0,13.0,8.0,13.0,5.0,13.0,6.0,13.0,0.3076923076923077,0.5384615384615384,0.3076923076923077,0.5384615384615384,0.3076923076923077,0.6153846153846154,0.38461538461538464,0.46153846153846156
8480185,20222023,F,16,12575,8.0,15.0,8.0,15.0,10.0,15.0,6.0,15.0,9.0,15.0,10.0,15.0,8.0,15.0,9.0,15.0,0.5333333333333333,0.5333333333333333,0.6666666666666666,0.4,0.6,0.6666666666666666,0.5333333333333333,0.6
8480185,20232024,F,24,17593,13.0,24.0,11.0,24.0,10.0,24.0,14.0,24.0,10.0,24.0,9.0,24.0,8.0,24.0,11.0,24.0,0.5416666666666666,0.4583333333333333,0.4166666666666667,0.5833333333333334,0.4166666666666667,0.375,0.3333333333333333,0.4583333333333333
8480185,20242025,F,23,16653,12.0,21.0,11.0,21.0,10.0,21.0,12.0,21.0,8.0,21.0,10.0,21.0,7.0,21.0,10.0,21.0,0.5714285714285714,0.5238095238095238,0.47619047619047616,0.5714285714285714,0.38095238095238093,0.47619047619047616,0.3333333333333333,0.47619047619047616
8480188,20242025,F,6,4064,3.0,6.0,5.0,6.0,4.0,6.0,5.0,6.0,4.0,6.0,3.0,6.0,4.0,6.0,4.0,6.0,0.5,0.8333333333333334,0.6666666666666666,0.8333333333333334,0.6666666666666666,0.5,0.6666666666666666,0.6666666666666666
8480192,20242025,D,3,2109,1.0,2.0,2.0,2.0,0.0,2.0,2.0,2.0,1.0,2.0,2.0,2.0,1.0,2.0,2.0,2.0,0.5,1.0,0.0,1.0,0.5,1.0,0.5,1.0
8480208,20242025,F,6,5316,2.0,6.0,2.0,6.0,4.0,6.0,3.0,6.0,3.0,6.0,2.0,6.0,4.0,6.0,2.0,6.0,0.3333333333333333,0.3333333333333333,0.6666666666666666,0.5,0.5,0.3333333333333333,0.6666666666666666,0.3333333333333333
8480222,20222023,D,6,4490,2.0,6.0,0.0,6.0,2.0,6.0,3.0,6.0,2.0,6.0,2.0,6.0,2.0,6.0,4.0,6.0,0.3333333333333333,0.0,0.3333333333333333,0.5,0.3333333333333333,0.3333333333333333,0.3333333333333333,0.6666666666666666
8480246,20222023,D,6,5889,4.0,6.0,5.0,6.0,4.0,6.0,2.0,6.0,4.0,6.0,5.0,6.0,4.0,6.0,4.0,6.0,0.6666666666666666,0.8333333333333334,0.6666666666666666,0.3333333333333333,0.6666666666666666,0.8333333333333334,0.6666666666666666,0.6666666666666666
8480246,20232024,D,2,2080,2.0,2.0,0.0,2.0,1.0,2.0,1.0,2.0,2.0,2.0,0.0,2.0,2.0,2.0,0.0,2.0,1.0,0.0,0.5,0.5,1.0,0.0,1.0,0.0
8480246,20242025,D,5,3372,0.0,5.0,3.0,5.0,1.0,5.0,3.0,5.0,1.0,5.0,3.0,5.0,0.0,5.0,2.0,5.0,0.0,0.6,0.2,0.6,0.2,0.6,0.0,0.4
8480281,20242025,F,7,4409,2.0,5.0,2.0,5.0,3.0,5.0,2.0,5.0,2.0,5.0,2.0,5.0,2.0,5.0,2.0,5.0,0.4,0.4,0.6,0.4,0.4,0.4,0.4,0.4
8480289,20222023,F,5,3265,3.0,5.0,4.0,5.0,3.0,5.0,3.0,5.0,4.0,5.0,5.0,5.0,3.0,5.0,4.0,5.0,0.6,0.8,0.6,0.6,0.8,1.0,0.6,0.8
8480289,20242025,F,13,7334,2.0,7.0,4.0,7.0,2.0,7.0,1.0,7.0,3.0,7.0,4.0,7.0,3.0,7.0,2.0,7.0,0.2857142857142857,0.5714285714285714,0.2857142857142857,0.14285714285714285,0.42857142857142855,0.5714285714285714,0.42857142857142855,0.2857142857142857
8480336,20222023,D,2,1496,0.0,2.0,1.0,2.0,0.0,2.0,1.0,2.0,0.0,2.0,1.0,2.0,0.0,2.0,1.0,2.0,0.0,0.5,0.0,0.5,0.0,0.5,0.0,0.5
8480336,20232024,D,11,9894,5.0,11.0,3.0,11.0,6.0,11.0,4.5,11.0,5.0,11.0,5.0,11.0,5.0,11.0,4.0,11.0,0.45454545454545453,0.2727272727272727,0.5454545454545454,0.4090909090909091,0.45454545454545453,0.45454545454545453,0.45454545454545453,0.36363636363636365
8480336,20242025,D,12,10779,10.0,12.0,6.0,12.0,9.0,12.0,4.0,12.0,9.0,12.0,6.0,12.0,8.0,12.0,5.0,12.0,0.8333333333333334,0.5,0.75,0.3333333333333333,0.75,0.5,0.6666666666666666,0.4166666666666667
8480434,20222023,D,6,4504,3.0,6.0,1.0,6.0,2.0,6.0,1.0,6.0,1.0,6.0,3.0,6.0,2.0,6.0,2.0,6.0,0.5,0.16666666666666666,0.3333333333333333,0.16666666666666666,0.16666666666666666,0.5,0.3333333333333333,0.3333333333333333
8480448,20242025,F,7,4301,3.0,6.0,3.0,6.0,3.0,6.0,5.0,6.0,1.0,6.0,4.0,6.0,2.0,6.0,5.0,6.0,0.5,0.5,0.5,0.8333333333333334,0.16666666666666666,0.6666666666666666,0.3333333333333333,0.8333333333333334
8480459,20232024,F,13,9547,7.0,13.0,8.0,13.0,8.0,13.0,6.0,13.0,7.0,13.0,8.0,13.0,9.0,13.0,7.0,13.0,0.5384615384615384,0.6153846153846154,0.6153846153846154,0.46153846153846156,0.5384615384615384,0.6153846153846154,0.6923076923076923,0.5384615384615384
8480727,20222023,D,22,20777,9.0,22.0,14.0,22.0,10.0,22.0,13.0,22.0,6.0,22.0,13.0,22.0,7.0,22.0,12.0,22.0,0.4090909090909091,0.6363636363636364,0.45454545454545453,0.5909090909090909,0.2727272727272727,0.5909090909090909,0.3181818181818182,0.5454545454545454
8480727,20232024,D,6,4924,2.0,6.0,2.0,6.0,2.0,6.0,1.0,6.0,3.0,6.0,3.0,6.0,4.0,6.0,1.0,6.0,0.3333333333333333,0.3333333333333333,0.3333333333333333,0.16666666666666666,0.5,0.5,0.6666666666666666,0.16666666666666666
8480727,20242025,D,11,9788,7.0,11.0,5.0,11.0,7.0,11.0,5.0,11.0,7.0,11.0,6.0,11.0,7.0,11.0,5.0,11.0,0.6363636363636364,0.45454545454545453,0.6363636363636364,0.45454545454545453,0.6363636363636364,0.5454545454545454,0.6363636363636364,0.45454545454545453
8480748,20232024,F,6,3737,1.0,6.0,3.0,6.0,2.0,6.0,3.0,6.0,1.0,6.0,2.0,6.0,2.0,6.0,2.0,6.0,0.16666666666666666,0.5,0.3333333333333333,0.5,0.16666666666666666,0.3333333333333333,0.3333333333333333,0.3333333333333333
8480762,20242025,F,15,8606,7.0,13.0,4.0,13.0,6.0,13.0,4.0,13.0,6.0,13.0,4.0,13.0,4.0,13.0,7.0,13.0,0.5384615384615384,0.3076923076923077,0.46153846153846156,0.3076923076923077,0.46153846153846156,0.3076923076923077,0.3076923076923077,0.5384615384615384
8480796,20232024,D,4,3773,3.0,4.0,1.0,4.0,2.0,4.0,1.0,4.0,3.0,4.0,1.0,4.0,2.0,4.0,1.0,4.0,0.75,0.25,0.5,0.25,0.75,0.25,0.5,0.25
8480800,20232024,D,13,15150,7.0,13.0,7.0,13.0,7.0,13.0,7.0,13.0,8.0,13.0,6.0,13.0,8.0,13.0,5.0,13.0,0.5384615384615384,0.5384615384615384,0.5384615384615384,0.5384615384615384,0.6153846153846154,0.46153846153846156,0.6153846153846154,0.38461538461538464
8480801,20242025,F,6,5404,3.0,6.0,4.0,6.0,3.0,6.0,3.0,6.0,5.0,6.0,3.0,6.0,4.0,6.0,2.0,6.0,0.5,0.6666666666666666,0.5,0.5,0.8333333333333334,0.5,0.6666666666666666,0.3333333333333333
8480802,20222023,F,12,7774,8.0,11.0,6.0,11.0,8.0,11.0,8.0,11.0,8.0,11.0,7.0,11.0,7.0,11.0,8.0,11.0,0.7272727272727273,0.5454545454545454,0.7272727272727273,0.7272727272727273,0.7272727272727273,0.6363636363636364,0.6363636363636364,0.7272727272727273
8480802,20232024,F,24,15129,13.0,22.0,10.0,22.0,9.0,22.0,12.0,22.0,13.0,22.0,12.0,22.0,10.0,22.0,12.0,22.0,0.5909090909090909,0.45454545454545453,0.4090909090909091,0.5454545454545454,0.5909090909090909,0.5454545454545454,0.45454545454545453,0.5454545454545454
8480803,20222023,D,12,12916,7.0,12.0,5.0,12.0,10.0,12.0,4.0,12.0,6.0,12.0,5.0,12.0,7.0,12.0,5.0,12.0,0.5833333333333334,0.4166666666666667,0.8333333333333334,0.3333333333333333,0.5,0.4166666666666667,0.5833333333333334,0.4166666666666667
8480803,20232024,D,25,29461,13.0,25.0,18.0,25.0,12.0,25.0,14.0,25.0,17.0,25.0,17.0,25.0,12.0,25.0,16.0,25.0,0.52,0.72,0.48,0.56,0.68,0.68,0.48,0.64
8480803,20242025,D,22,25697,12.0,22.0,15.0,22.0,11.0,22.0,16.0,22.0,12.0,22.0,17.0,22.0,13.0,22.0,18.0,22.0,0.5454545454545454,0.6818181818181818,0.5,0.7272727272727273,0.5454545454545454,0.7727272727272727,0.5909090909090909,0.8181818181818182
8480817,20222023,D,7,7072,1.0,7.0,1.0,7.0,2.0,7.0,0.0,7.0,3.0,7.0,2.0,7.0,3.0,7.0,3.0,7.0,0.14285714285714285,0.14285714285714285,0.2857142857142857,0.0,0.42857142857142855,0.2857142857142857,0.42857142857142855,0.42857142857142855
8480817,20232024,D,16,15856,6.0,16.0,6.0,16.0,5.0,16.0,4.5,16.0,7.0,16.0,7.0,16.0,6.0,16.0,7.0,16.0,0.375,0.375,0.3125,0.28125,0.4375,0.4375,0.375,0.4375
8480823,20232024,D,4,3681,3.0,4.0,4.0,4.0,3.0,4.0,4.0,4.0,3.0,4.0,4.0,4.0,3.0,4.0,4.0,4.0,0.75,1.0,0.75,1.0,0.75,1.0,0.75,1.0
8480829,20222023,F,15,11248,8.0,14.0,5.0,14.0,9.0,14.0,5.0,14.0,5.0,14.0,6.0,14.0,7.0,14.0,5.0,14.0,0.5714285714285714,0.35714285714285715,0.6428571428571429,0.35714285714285715,0.35714285714285715,0.42857142857142855,0.5,0.35714285714285715
8480829,20232024,F,11,6429,4.0,8.0,2.0,8.0,4.0,8.0,2.0,8.0,4.0,8.0,3.0,8.0,4.0,8.0,2.0,8.0,0.5,0.25,0.5,0.25,0.5,0.375,0.5,0.25
8480829,20242025,F,14,8663,8.0,13.0,6.0,13.0,9.0,13.0,7.0,13.0,7.0,13.0,5.0,13.0,9.0,13.0,7.0,13.0,0.6153846153846154,0.46153846153846156,0.6923076923076923,0.5384615384615384,0.5384615384615384,0.38461538461538464,0.6923076923076923,0.5384615384615384
8480830,20232024,F,11,9651,7.0,11.0,7.0,11.0,6.0,11.0,6.0,11.0,5.0,11.0,7.0,11.0,8.0,11.0,9.0,11.0,0.6363636363636364,0.6363636363636364,0.5454545454545454,0.5454545454545454,0.45454545454545453,0.6363636363636364,0.7272727272727273,0.8181818181818182
8480830,20242025,F,15,12372,9.0,15.0,6.0,15.0,9.0,15.0,5.0,15.0,6.0,15.0,6.0,15.0,7.0,15.0,5.0,15.0,0.6,0.4,0.6,0.3333333333333333,0.4,0.4,0.4666666666666667,0.3333333333333333
8480834,20242025,D,9,4410,1.0,4.0,2.0,4.0,2.0,4.0,3.0,4.0,1.0,4.0,2.0,4.0,3.0,4.0,2.0,4.0,0.25,0.5,0.5,0.75,0.25,0.5,0.75,0.5
8480835,20222023,F,13,8005,6.0,10.0,3.0,10.0,7.0,10.0,2.0,10.0,3.0,10.0,3.0,10.0,5.0,10.0,3.0,10.0,0.6,0.3,0.7,0.2,0.3,0.3,0.5,0.3
8480835,20232024,F,11,7110,5.0,11.0,3.0,11.0,4.0,11.0,5.0,11.0,4.0,11.0,4.0,11.0,2.0,11.0,5.0,11.0,0.45454545454545453,0.2727272727272727,0.36363636363636365,0.45454545454545453,0.36363636363636365,0.36363636363636365,0.18181818181818182,0.45454545454545453
8480835,20242025,F,7,4389,4.0,7.0,3.0,7.0,5.0,7.0,6.0,7.0,2.0,7.0,4.0,7.0,3.0,7.0,5.0,7.0,0.5714285714285714,0.42857142857142855,0.7142857142857143,0.8571428571428571,0.2857142857142857,0.5714285714285714,0.42857142857142855,0.7142857142857143
8480840,20242025,F,11,5464,2.0,5.0,2.0,5.0,3.0,5.0,1.0,5.0,1.0,5.0,1.0,5.0,3.0,5.0,1.0,5.0,0.4,0.4,0.6,0.2,0.2,0.2,0.6,0.2
8480845,20222023,F,6,2224,0.0,2.0,0.0,2.0,0.0,2.0,0.0,2.0,0.0,2.0,0.0,2.0,0.0,2.0,0.0,2.0,0.0,0.0,0.0,0.0,0.0,0.0,0.0,0.0
8480848,20222023,F,15,10712,6.0,15.0,7.0,15.0,9.0,15.0,8.0,15.0,8.0,15.0,8.0,15.0,9.0,15.0,7.0,15.0,0.4,0.4666666666666667,0.6,0.5333333333333333,0.5333333333333333,0.5333333333333333,0.6,0.4666666666666667
8480848,20232024,F,6,3266,4.0,5.0,1.0,5.0,2.0,5.0,3.0,5.0,2.0,5.0,2.0,5.0,2.0,5.0,2.0,5.0,0.8,0.2,0.4,0.6,0.4,0.4,0.4,0.4
8480860,20222023,D,11,7034,5.0,10.0,6.0,10.0,7.0,10.0,5.0,10.0,4.0,10.0,5.0,10.0,5.0,10.0,5.0,10.0,0.5,0.6,0.7,0.5,0.4,0.5,0.5,0.5
8480865,20222023,D,6,5842,4.0,6.0,3.0,6.0,6.0,6.0,4.0,6.0,4.0,6.0,4.0,6.0,5.0,6.0,3.0,6.0,0.6666666666666666,0.5,1.0,0.6666666666666666,0.6666666666666666,0.6666666666666666,0.8333333333333334,0.5
8480865,20232024,D,5,5898,2.0,5.0,2.0,5.0,1.0,5.0,4.0,5.0,2.0,5.0,2.0,5.0,1.0,5.0,4.0,5.0,0.4,0.4,0.2,0.8,0.4,0.4,0.2,0.8
8480873,20232024,D,1,1047,0.0,1.0,1.0,1.0,0.0,1.0,1.0,1.0,0.0,1.0,1.0,1.0,0.0,1.0,0.0,1.0,0.0,1.0,0.0,1.0,0.0,1.0,0.0,0.0
8480873,20242025,D,10,10626,7.0,10.0,5.0,10.0,5.0,10.0,5.0,10.0,4.0,10.0,4.0,10.0,4.0,10.0,5.0,10.0,0.7,0.5,0.5,0.5,0.4,0.4,0.4,0.5
8480878,20232024,D,12,3096,1.0,1.0,1.0,1.0,1.0,1.0,1.0,1.0,1.0,1.0,1.0,1.0,1.0,1.0,1.0,1.0,1.0,1.0,1.0,1.0,1.0,1.0,1.0,1.0
8480880,20222023,F,3,1096,0.0,0.0,0.0,0.0,0.0,0.0,0.0,0.0,0.0,0.0,0.0,0.0,0.0,0.0,0.0,0.0,,,,,,,,
8480880,20232024,F,5,2472,0.0,3.0,0.0,3.0,0.0,3.0,0.0,3.0,0.0,3.0,1.0,3.0,1.0,3.0,1.0,3.0,0.0,0.0,0.0,0.0,0.0,0.3333333333333333,0.3333333333333333,0.3333333333333333
8480901,20222023,F,1,600,1.0,1.0,0.0,1.0,1.0,1.0,0.0,1.0,1.0,1.0,0.0,1.0,1.0,1.0,0.0,1.0,1.0,0.0,1.0,0.0,1.0,0.0,1.0,0.0
8480950,20232024,D,7,6038,3.0,7.0,2.0,7.0,3.0,7.0,3.0,7.0,6.0,7.0,3.0,7.0,5.0,7.0,3.0,7.0,0.42857142857142855,0.2857142857142857,0.42857142857142855,0.42857142857142855,0.8571428571428571,0.42857142857142855,0.7142857142857143,0.42857142857142855
8480950,20242025,D,14,12065,9.0,13.0,5.0,13.0,8.0,13.0,6.0,13.0,9.0,13.0,6.0,13.0,9.0,13.0,7.0,13.0,0.6923076923076923,0.38461538461538464,0.6153846153846154,0.46153846153846156,0.6923076923076923,0.46153846153846156,0.6923076923076923,0.5384615384615384
8480980,20222023,F,6,2956,2.0,4.0,2.0,4.0,2.0,4.0,3.0,4.0,2.0,4.0,2.0,4.0,2.0,4.0,1.0,4.0,0.5,0.5,0.5,0.75,0.5,0.5,0.5,0.25
8480980,20232024,F,6,3418,0.0,6.0,3.0,6.0,2.0,6.0,3.0,6.0,0.0,6.0,3.0,6.0,0.0,6.0,3.0,6.0,0.0,0.5,0.3333333333333333,0.5,0.0,0.5,0.0,0.5
8480995,20232024,F,7,4200,2.0,7.0,3.0,7.0,2.0,7.0,4.0,7.0,1.0,7.0,3.0,7.0,1.0,7.0,3.0,7.0,0.2857142857142857,0.42857142857142855,0.2857142857142857,0.5714285714285714,0.14285714285714285,0.42857142857142855,0.14285714285714285,0.42857142857142855
8480995,20242025,F,12,8073,5.0,11.0,6.0,11.0,6.0,11.0,6.0,11.0,7.0,11.0,6.0,11.0,7.0,11.0,6.0,11.0,0.45454545454545453,0.5454545454545454,0.5454545454545454,0.5454545454545454,0.6363636363636364,0.5454545454545454,0.6363636363636364,0.5454545454545454
8481006,20242025,D,3,2260,0.0,3.0,1.0,3.0,1.0,3.0,2.0,3.0,0.0,3.0,1.0,3.0,1.0,3.0,1.0,3.0,0.0,0.3333333333333333,0.3333333333333333,0.6666666666666666,0.0,0.3333333333333333,0.3333333333333333,0.3333333333333333
8481014,20222023,D,4,3585,3.0,4.0,1.0,4.0,3.0,4.0,1.0,4.0,3.0,4.0,2.0,4.0,3.0,4.0,2.0,4.0,0.75,0.25,0.75,0.25,0.75,0.5,0.75,0.5
8481014,20232024,D,5,5411,2.0,5.0,2.0,5.0,2.0,5.0,3.0,5.0,2.0,5.0,2.0,5.0,2.0,5.0,4.0,5.0,0.4,0.4,0.4,0.6,0.4,0.4,0.4,0.8
8481019,20222023,F,3,1274,0.0,1.0,0.0,1.0,0.0,1.0,0.0,1.0,0.0,1.0,0.0,1.0,0.0,1.0,0.0,1.0,0.0,0.0,0.0,0.0,0.0,0.0,0.0,0.0
8481019,20232024,F,4,1592,0.0,0.0,0.0,0.0,0.0,0.0,0.0,0.0,0.0,0.0,0.0,0.0,0.0,0.0,0.0,0.0,,,,,,,,
8481019,20242025,F,4,1636,0.0,1.0,1.0,1.0,0.0,1.0,1.0,1.0,0.0,1.0,1.0,1.0,0.0,1.0,1.0,1.0,0.0,1.0,0.0,1.0,0.0,1.0,0.0,1.0
8481032,20242025,F,5,3309,2.0,5.0,0.0,5.0,2.0,5.0,0.0,5.0,1.0,5.0,0.0,5.0,2.0,5.0,0.0,5.0,0.4,0.0,0.4,0.0,0.2,0.0,0.4,0.0
8481056,20232024,D,3,1460,1.0,2.0,1.0,2.0,1.0,2.0,0.0,2.0,2.0,2.0,1.0,2.0,2.0,2.0,1.0,2.0,0.5,0.5,0.5,0.0,1.0,0.5,1.0,0.5
8481068,20222023,F,3,1518,1.0,1.0,1.0,1.0,1.0,1.0,1.0,1.0,1.0,1.0,1.0,1.0,1.0,1.0,1.0,1.0,1.0,1.0,1.0,1.0,1.0,1.0,1.0,1.0
8481122,20232024,D,7,6444,1.0,7.0,6.0,7.0,1.0,7.0,5.0,7.0,1.0,7.0,5.0,7.0,1.0,7.0,5.0,7.0,0.14285714285714285,0.8571428571428571,0.14285714285714285,0.7142857142857143,0.14285714285714285,0.7142857142857143,0.14285714285714285,0.7142857142857143
8481122,20242025,D,13,12061,2.0,13.0,7.0,13.0,4.0,13.0,7.0,13.0,4.0,13.0,8.0,13.0,4.0,13.0,6.0,13.0,0.15384615384615385,0.5384615384615384,0.3076923076923077,0.5384615384615384,0.3076923076923077,0.6153846153846154,0.3076923076923077,0.46153846153846156
8481186,20222023,F,7,4354,4.0,6.0,1.0,6.0,4.0,6.0,1.0,6.0,5.0,6.0,1.0,6.0,5.0,6.0,1.0,6.0,0.6666666666666666,0.16666666666666666,0.6666666666666666,0.16666666666666666,0.8333333333333334,0.16666666666666666,0.8333333333333334,0.16666666666666666
8481186,20242025,F,7,4565,4.0,7.0,2.0,7.0,4.0,7.0,4.0,7.0,2.0,7.0,2.0,7.0,2.0,7.0,3.0,7.0,0.5714285714285714,0.2857142857142857,0.5714285714285714,0.5714285714285714,0.2857142857142857,0.2857142857142857,0.2857142857142857,0.42857142857142855
8481237,20232024,F,5,3116,3.0,4.0,2.0,4.0,3.0,4.0,3.0,4.0,4.0,4.0,2.0,4.0,3.0,4.0,3.0,4.0,0.75,0.5,0.75,0.75,1.0,0.5,0.75,0.75
8481477,20242025,F,8,3252,0.0,2.0,1.0,2.0,0.0,2.0,1.0,2.0,0.0,2.0,1.0,2.0,0.0,2.0,1.0,2.0,0.0,0.5,0.0,0.5,0.0,0.5,0.0,0.5
8481481,20222023,F,3,1313,1.0,1.0,0.0,1.0,1.0,1.0,1.0,1.0,1.0,1.0,1.0,1.0,1.0,1.0,1.0,1.0,1.0,0.0,1.0,1.0,1.0,1.0,1.0,1.0
8481481,20232024,F,5,2398,1.0,2.0,2.0,2.0,0.0,2.0,2.0,2.0,0.0,2.0,2.0,2.0,0.0,2.0,1.0,2.0,0.5,1.0,0.0,1.0,0.0,1.0,0.0,0.5
8481524,20222023,D,7,8076,4.0,7.0,1.0,7.0,3.0,7.0,2.0,7.0,4.0,7.0,1.0,7.0,5.0,7.0,0.0,7.0,0.5714285714285714,0.14285714285714285,0.42857142857142855,0.2857142857142857,0.5714285714285714,0.14285714285714285,0.7142857142857143,0.0
8481527,20242025,D,1,784,0.0,1.0,0.0,1.0,0.0,1.0,0.0,1.0,0.0,1.0,0.0,1.0,0.0,1.0,0.0,1.0,0.0,0.0,0.0,0.0,0.0,0.0,0.0,0.0
8481528,20242025,F,6,4979,1.0,6.0,3.0,6.0,2.0,6.0,3.0,6.0,2.0,6.0,1.0,6.0,4.0,6.0,2.0,6.0,0.16666666666666666,0.5,0.3333333333333333,0.5,0.3333333333333333,0.16666666666666666,0.6666666666666666,0.3333333333333333
8481532,20242025,F,3,1031,0.0,0.0,0.0,0.0,0.0,0.0,0.0,0.0,0.0,0.0,0.0,0.0,0.0,0.0,0.0,0.0,,,,,,,,
8481535,20232024,F,11,6093,6.0,9.0,6.0,9.0,5.0,9.0,5.0,9.0,5.0,9.0,4.0,9.0,5.0,9.0,4.0,9.0,0.6666666666666666,0.6666666666666666,0.5555555555555556,0.5555555555555556,0.5555555555555556,0.4444444444444444,0.5555555555555556,0.4444444444444444
8481540,20242025,F,5,5046,4.0,5.0,2.0,5.0,4.0,5.0,3.0,5.0,5.0,5.0,4.0,5.0,5.0,5.0,3.0,5.0,0.8,0.4,0.8,0.6,1.0,0.8,1.0,0.6
8481541,20222023,D,2,762,0.0,0.0,0.0,0.0,0.0,0.0,0.0,0.0,0.0,0.0,0.0,0.0,0.0,0.0,0.0,0.0,,,,,,,,
8481554,20222023,F,7,4650,2.0,7.0,5.0,7.0,5.0,7.0,4.0,7.0,3.0,7.0,5.0,7.0,4.0,7.0,5.0,7.0,0.2857142857142857,0.7142857142857143,0.7142857142857143,0.5714285714285714,0.42857142857142855,0.7142857142857143,0.5714285714285714,0.7142857142857143
8481554,20232024,F,15,9357,6.0,13.0,9.0,13.0,4.0,13.0,6.0,13.0,8.0,13.0,9.0,13.0,6.0,13.0,8.0,13.0,0.46153846153846156,0.6923076923076923,0.3076923076923077,0.46153846153846156,0.6153846153846154,0.6923076923076923,0.46153846153846156,0.6153846153846154
8481556,20232024,F,12,6004,3.0,8.0,4.0,8.0,4.0,8.0,2.0,8.0,3.0,8.0,3.0,8.0,3.0,8.0,4.0,8.0,0.375,0.5,0.5,0.25,0.375,0.375,0.375,0.5
8481557,20222023,F,6,5220,1.0,6.0,5.0,6.0,3.0,6.0,5.0,6.0,0.0,6.0,5.0,6.0,1.0,6.0,5.0,6.0,0.16666666666666666,0.8333333333333334,0.5,0.8333333333333334,0.0,0.8333333333333334,0.16666666666666666,0.8333333333333334
8481557,20242025,F,6,6874,2.0,6.0,4.0,6.0,2.0,6.0,5.0,6.0,2.0,6.0,5.0,6.0,2.0,6.0,5.0,6.0,0.3333333333333333,0.6666666666666666,0.3333333333333333,0.8333333333333334,0.3333333333333333,0.8333333333333334,0.3333333333333333,0.8333333333333334
8481559,20222023,F,12,11000,5.0,12.0,7.0,12.0,8.0,12.0,5.0,12.0,5.0,12.0,6.0,12.0,3.0,12.0,6.0,12.0,0.4166666666666667,0.5833333333333334,0.6666666666666666,0.4166666666666667,0.4166666666666667,0.5,0.25,0.5
8481560,20222023,F,2,970,0.0,1.0,0.0,1.0,0.0,1.0,0.0,1.0,0.0,1.0,1.0,1.0,1.0,1.0,1.0,1.0,0.0,0.0,0.0,0.0,0.0,1.0,1.0,1.0
8481580,20232024,F,4,2633,1.0,4.0,1.0,4.0,1.0,4.0,2.0,4.0,1.0,4.0,1.0,4.0,1.0,4.0,1.0,4.0,0.25,0.25,0.25,0.5,0.25,0.25,0.25,0.25
8481580,20242025,F,10,8390,4.0,10.0,3.0,10.0,5.0,10.0,3.0,10.0,3.0,10.0,3.0,10.0,4.0,10.0,3.0,10.0,0.4,0.3,0.5,0.3,0.3,0.3,0.4,0.3
8481581,20232024,D,19,21695,13.0,19.0,8.0,19.0,9.0,19.0,8.0,19.0,10.0,19.0,11.0,19.0,12.0,19.0,5.0,19.0,0.6842105263157895,0.42105263157894735,0.47368421052631576,0.42105263157894735,0.5263157894736842,0.5789473684210527,0.631578947368421,0.2631578947368421
8481581,20242025,D,18,22076,13.0,18.0,7.0,18.0,13.0,18.0,8.0,18.0,12.0,18.0,11.0,18.0,13.0,18.0,9.0,18.0,0.7222222222222222,0.3888888888888889,0.7222222222222222,0.4444444444444444,0.6666666666666666,0.6111111111111112,0.7222222222222222,0.5
8481582,20232024,F,6,2964,2.0,3.0,1.0,3.0,2.0,3.0,2.0,3.0,1.0,3.0,2.0,3.0,2.0,3.0,2.0,3.0,0.6666666666666666,0.3333333333333333,0.6666666666666666,0.6666666666666666,0.3333333333333333,0.6666666666666666,0.6666666666666666,0.6666666666666666
8481582,20242025,F,3,1526,0.0,3.0,1.0,3.0,1.0,3.0,2.0,3.0,0.0,3.0,2.0,3.0,1.0,3.0,3.0,3.0,0.0,0.3333333333333333,0.3333333333333333,0.6666666666666666,0.0,0.6666666666666666,0.3333333333333333,1.0
8481593,20242025,D,2,1462,2.0,2.0,0.0,2.0,1.0,2.0,0.0,2.0,1.0,2.0,1.0,2.0,1.0,2.0,0.0,2.0,1.0,0.0,0.5,0.0,0.5,0.5,0.5,0.0
8481596,20242025,F,6,5673,2.0,6.0,4.0,6.0,2.0,6.0,3.0,6.0,3.0,6.0,1.0,6.0,3.0,6.0,2.0,6.0,0.3333333333333333,0.6666666666666666,0.3333333333333333,0.5,0.5,0.16666666666666666,0.5,0.3333333333333333
8481598,20222023,D,9,3327,1.0,3.0,3.0,3.0,1.0,3.0,1.0,3.0,1.0,3.0,3.0,3.0,0.0,3.0,3.0,3.0,0.3333333333333333,1.0,0.3333333333333333,0.3333333333333333,0.3333333333333333,1.0,0.0,1.0
8481598,20242025,D,7,6832,4.0,7.0,2.0,7.0,3.0,7.0,4.0,7.0,3.0,7.0,1.0,7.0,4.0,7.0,2.0,7.0,0.5714285714285714,0.2857142857142857,0.42857142857142855,0.5714285714285714,0.42857142857142855,0.14285714285714285,0.5714285714285714,0.2857142857142857
8481601,20232024,F,3,1894,1.0,3.0,1.0,3.0,0.0,3.0,2.0,3.0,2.0,3.0,2.0,3.0,2.0,3.0,2.0,3.0,0.3333333333333333,0.3333333333333333,0.0,0.6666666666666666,0.6666666666666666,0.6666666666666666,0.6666666666666666,0.6666666666666666
8481604,20232024,F,1,425,0.0,0.0,0.0,0.0,0.0,0.0,0.0,0.0,0.0,0.0,0.0,0.0,0.0,0.0,0.0,0.0,,,,,,,,
8481604,20242025,F,8,6843,5.0,8.0,4.0,8.0,4.0,8.0,5.0,8.0,5.0,8.0,4.0,8.0,4.0,8.0,4.0,8.0,0.625,0.5,0.5,0.625,0.625,0.5,0.5,0.5
8481606,20232024,D,5,3961,3.0,5.0,4.0,5.0,2.0,5.0,4.0,5.0,3.0,5.0,5.0,5.0,2.0,5.0,5.0,5.0,0.6,0.8,0.4,0.8,0.6,1.0,0.4,1.0
8481606,20242025,D,5,2099,0.0,1.0,0.0,1.0,0.0,1.0,0.0,1.0,0.0,1.0,1.0,1.0,0.0,1.0,0.0,1.0,0.0,0.0,0.0,0.0,0.0,1.0,0.0,0.0
8481617,20232024,F,2,974,1.0,1.0,0.0,1.0,0.0,1.0,0.0,1.0,0.0,1.0,0.0,1.0,0.0,1.0,0.0,1.0,1.0,0.0,0.0,0.0,0.0,0.0,0.0,0.0
8481617,20242025,F,22,12324,7.0,13.0,8.0,13.0,8.0,13.0,6.0,13.0,4.0,13.0,8.0,13.0,6.0,13.0,7.0,13.0,0.5384615384615384,0.6153846153846154,0.6153846153846154,0.46153846153846156,0.3076923076923077,0.6153846153846154,0.46153846153846156,0.5384615384615384
8481618,20222023,F,7,3509,0.0,3.0,1.0,3.0,1.0,3.0,1.0,3.0,1.0,3.0,1.0,3.0,0.0,3.0,1.0,3.0,0.0,0.3333333333333333,0.3333333333333333,0.3333333333333333,0.3333333333333333,0.3333333333333333,0.0,0.3333333333333333
8481618,20242025,F,5,3926,1.0,5.0,0.0,5.0,2.0,5.0,2.0,5.0,1.0,5.0,2.0,5.0,2.0,5.0,2.0,5.0,0.2,0.0,0.4,0.4,0.2,0.4,0.4,0.4
8481624,20232024,F,11,6813,4.0,10.0,9.0,10.0,2.0,10.0,7.0,10.0,5.0,10.0,8.0,10.0,6.0,10.0,7.0,10.0,0.4,0.9,0.2,0.7,0.5,0.8,0.6,0.7
8481641,20222023,F,15,9519,6.0,14.0,8.0,14.0,6.0,14.0,8.0,14.0,5.0,14.0,7.0,14.0,4.0,14.0,9.0,14.0,0.42857142857142855,0.5714285714285714,0.42857142857142855,0.5714285714285714,0.35714285714285715,0.5,0.2857142857142857,0.6428571428571429
8481641,20232024,F,8,4533,4.0,7.0,3.0,7.0,3.0,7.0,3.0,7.0,3.0,7.0,4.0,7.0,4.0,7.0,3.0,7.0,0.5714285714285714,0.42857142857142855,0.42857142857142855,0.42857142857142855,0.42857142857142855,0.5714285714285714,0.5714285714285714,0.42857142857142855
8481641,20242025,F,7,3535,1.0,4.0,3.0,4.0,2.0,4.0,2.0,4.0,1.0,4.0,2.0,4.0,1.0,4.0,2.0,4.0,0.25,0.75,0.5,0.5,0.25,0.5,0.25,0.5
8481655,20242025,F,1,354,0.0,0.0,0.0,0.0,0.0,0.0,0.0,0.0,0.0,0.0,0.0,0.0,0.0,0.0,0.0,0.0,,,,,,,,
8481656,20232024,F,4,2740,2.0,3.0,2.0,3.0,2.0,3.0,2.0,3.0,2.0,3.0,2.0,3.0,2.0,3.0,2.0,3.0,0.6666666666666666,0.6666666666666666,0.6666666666666666,0.6666666666666666,0.6666666666666666,0.6666666666666666,0.6666666666666666,0.6666666666666666
8481656,20242025,F,6,5149,4.0,6.0,3.0,6.0,4.0,6.0,3.0,6.0,4.0,6.0,3.0,6.0,4.0,6.0,3.0,6.0,0.6666666666666666,0.5,0.6666666666666666,0.5,0.6666666666666666,0.5,0.6666666666666666,0.5
8481704,20232024,F,1,911,0.0,1.0,0.0,1.0,0.0,1.0,0.0,1.0,0.0,1.0,0.0,1.0,0.0,1.0,0.0,1.0,0.0,0.0,0.0,0.0,0.0,0.0,0.0,0.0
8482062,20232024,F,5,3060,1.0,4.0,1.0,4.0,2.0,4.0,1.0,4.0,1.0,4.0,0.0,4.0,2.0,4.0,0.0,4.0,0.25,0.25,0.5,0.25,0.25,0.0,0.5,0.0
8482070,20232024,F,5,3138,2.0,4.0,2.0,4.0,2.0,4.0,1.0,4.0,2.0,4.0,2.0,4.0,2.0,4.0,1.0,4.0,0.5,0.5,0.5,0.25,0.5,0.5,0.5,0.25
8482070,20242025,F,4,2156,1.0,3.0,0.0,3.0,0.0,3.0,1.0,3.0,1.0,3.0,0.0,3.0,0.0,3.0,2.0,3.0,0.3333333333333333,0.0,0.0,0.3333333333333333,0.3333333333333333,0.0,0.0,0.6666666666666666
8482073,20222023,D,7,5015,2.0,7.0,2.0,7.0,3.0,7.0,1.0,7.0,2.0,7.0,3.0,7.0,3.0,7.0,1.0,7.0,0.2857142857142857,0.2857142857142857,0.42857142857142855,0.14285714285714285,0.2857142857142857,0.42857142857142855,0.42857142857142855,0.14285714285714285
8482073,20232024,D,16,13865,6.0,16.0,7.0,16.0,6.0,16.0,7.0,16.0,7.0,16.0,7.0,16.0,8.0,16.0,8.0,16.0,0.375,0.4375,0.375,0.4375,0.4375,0.4375,0.5,0.5
8482077,20232024,F,25,16087,11.0,22.0,13.0,22.0,14.0,22.0,12.0,22.0,12.0,22.0,13.0,22.0,13.0,22.0,12.0,22.0,0.5,0.5909090909090909,0.6363636363636364,0.5454545454545454,0.5454545454545454,0.5909090909090909,0.5909090909090909,0.5454545454545454
8482079,20242025,F,6,3227,1.0,4.0,2.0,4.0,1.0,4.0,2.0,4.0,0.0,4.0,2.0,4.0,1.0,4.0,2.0,4.0,0.25,0.5,0.25,0.5,0.0,0.5,0.25,0.5
8482087,20242025,D,5,5816,5.0,5.0,1.0,5.0,3.0,5.0,3.0,5.0,3.0,5.0,2.0,5.0,4.0,5.0,4.0,5.0,1.0,0.2,0.6,0.6,0.6,0.4,0.8,0.8
8482089,20242025,F,7,5916,3.0,7.0,2.0,7.0,3.0,7.0,4.0,7.0,5.0,7.0,2.0,7.0,3.0,7.0,3.0,7.0,0.42857142857142855,0.2857142857142857,0.42857142857142855,0.5714285714285714,0.7142857142857143,0.2857142857142857,0.42857142857142855,0.42857142857142855
8482092,20242025,F,6,5033,1.0,6.0,3.0,6.0,0.0,6.0,4.0,6.0,0.0,6.0,1.0,6.0,0.0,6.0,4.0,6.0,0.16666666666666666,0.5,0.0,0.6666666666666666,0.0,0.16666666666666666,0.0,0.6666666666666666
8482093,20222023,F,15,12442,9.0,15.0,9.0,15.0,8.0,15.0,6.0,15.0,6.0,15.0,8.0,15.0,5.0,15.0,8.0,15.0,0.6,0.6,0.5333333333333333,0.4,0.4,0.5333333333333333,0.3333333333333333,0.5333333333333333
8482093,20232024,F,11,10153,6.0,11.0,7.0,11.0,7.0,11.0,7.0,11.0,6.0,11.0,8.0,11.0,7.0,11.0,6.0,11.0,0.5454545454545454,0.6363636363636364,0.6363636363636364,0.6363636363636364,0.5454545454545454,0.7272727272727273,0.6363636363636364,0.5454545454545454
8482093,20242025,F,15,12273,7.0,15.0,8.0,15.0,7.0,15.0,12.0,15.0,5.0,15.0,9.0,15.0,4.0,15.0,10.0,15.0,0.4666666666666667,0.5333333333333333,0.4666666666666667,0.8,0.3333333333333333,0.6,0.26666666666666666,0.6666666666666666
8482095,20242025,D,6,5215,4.0,5.0,3.0,5.0,2.0,5.0,4.0,5.0,4.0,5.0,3.0,5.0,4.0,5.0,4.0,5.0,0.8,0.6,0.4,0.8,0.8,0.6,0.8,0.8
8482105,20242025,D,6,7441,1.0,6.0,4.0,6.0,3.0,6.0,4.0,6.0,3.0,6.0,4.0,6.0,4.0,6.0,4.0,6.0,0.16666666666666666,0.6666666666666666,0.5,0.6666666666666666,0.5,0.6666666666666666,0.6666666666666666,0.6666666666666666
8482109,20222023,F,7,4502,5.0,7.0,4.0,7.0,6.0,7.0,3.0,7.0,5.0,7.0,4.0,7.0,6.0,7.0,4.0,7.0,0.7142857142857143,0.5714285714285714,0.8571428571428571,0.42857142857142855,0.7142857142857143,0.5714285714285714,0.8571428571428571,0.5714285714285714
8482109,20232024,F,16,12772,7.0,16.0,9.0,16.0,9.0,16.0,9.5,16.0,9.0,16.0,11.0,16.0,10.0,16.0,9.0,16.0,0.4375,0.5625,0.5625,0.59375,0.5625,0.6875,0.625,0.5625
8482110,20222023,F,12,8906,6.0,12.0,7.0,12.0,8.0,12.0,6.0,12.0,4.0,12.0,8.0,12.0,6.0,12.0,6.0,12.0,0.5,0.5833333333333334,0.6666666666666666,0.5,0.3333333333333333,0.6666666666666666,0.5,0.5
8482110,20242025,F,5,4311,3.0,5.0,2.0,5.0,3.0,5.0,3.0,5.0,2.0,5.0,4.0,5.0,2.0,5.0,4.0,5.0,0.6,0.4,0.6,0.6,0.4,0.8,0.4,0.8
8482113,20222023,F,21,17179,10.0,21.0,10.0,21.0,10.0,21.0,11.0,21.0,8.0,21.0,16.0,21.0,9.0,21.0,15.0,21.0,0.47619047619047616,0.47619047619047616,0.47619047619047616,0.5238095238095238,0.38095238095238093,0.7619047619047619,0.42857142857142855,0.7142857142857143
8482113,20232024,F,24,17415,18.0,24.0,15.0,24.0,19.0,24.0,13.0,24.0,16.0,24.0,11.0,24.0,17.0,24.0,13.0,24.0,0.75,0.625,0.7916666666666666,0.5416666666666666,0.6666666666666666,0.4583333333333333,0.7083333333333334,0.5416666666666666
8482113,20242025,F,23,17082,14.0,23.0,13.0,23.0,13.0,23.0,14.0,23.0,12.0,23.0,13.0,23.0,13.0,23.0,13.0,23.0,0.6086956521739131,0.5652173913043478,0.5652173913043478,0.6086956521739131,0.5217391304347826,0.5652173913043478,0.5652173913043478,0.5652173913043478
8482116,20242025,F,6,6037,4.0,6.0,6.0,6.0,4.0,6.0,5.0,6.0,6.0,6.0,6.0,6.0,5.0,6.0,3.0,6.0,0.6666666666666666,1.0,0.6666666666666666,0.8333333333333334,1.0,1.0,0.8333333333333334,0.5
8482122,20242025,D,6,7923,3.0,6.0,4.0,6.0,2.0,6.0,3.0,6.0,2.0,6.0,3.0,6.0,2.0,6.0,5.0,6.0,0.5,0.6666666666666666,0.3333333333333333,0.5,0.3333333333333333,0.5,0.3333333333333333,0.8333333333333334
8482124,20222023,F,6,4710,3.0,6.0,0.0,6.0,2.0,6.0,0.0,6.0,2.0,6.0,2.0,6.0,2.0,6.0,2.0,6.0,0.5,0.0,0.3333333333333333,0.0,0.3333333333333333,0.3333333333333333,0.3333333333333333,0.3333333333333333
8482124,20232024,F,5,4227,4.0,5.0,2.0,5.0,3.0,5.0,3.0,5.0,3.0,5.0,2.0,5.0,4.0,5.0,2.0,5.0,0.8,0.4,0.6,0.6,0.6,0.4,0.8,0.4
8482124,20242025,F,6,6299,4.0,6.0,3.0,6.0,4.0,6.0,4.0,6.0,4.0,6.0,4.0,6.0,5.0,6.0,5.0,6.0,0.6666666666666666,0.5,0.6666666666666666,0.6666666666666666,0.6666666666666666,0.6666666666666666,0.8333333333333334,0.8333333333333334
8482145,20242025,F,3,1750,1.0,2.0,0.0,2.0,1.0,2.0,0.0,2.0,1.0,2.0,0.0,2.0,1.0,2.0,1.0,2.0,0.5,0.0,0.5,0.0,0.5,0.0,0.5,0.5
8482146,20232024,F,6,3892,2.0,6.0,5.0,6.0,3.0,6.0,4.0,6.0,2.0,6.0,5.0,6.0,3.0,6.0,4.0,6.0,0.3333333333333333,0.8333333333333334,0.5,0.6666666666666666,0.3333333333333333,0.8333333333333334,0.5,0.6666666666666666
8482148,20232024,F,4,2264,2.0,3.0,3.0,3.0,2.0,3.0,3.0,3.0,0.0,3.0,2.0,3.0,2.0,3.0,2.0,3.0,0.6666666666666666,1.0,0.6666666666666666,1.0,0.0,0.6666666666666666,0.6666666666666666,0.6666666666666666
8482149,20232024,F,1,656,1.0,1.0,0.0,1.0,0.0,1.0,0.0,1.0,0.0,1.0,0.0,1.0,0.0,1.0,0.0,1.0,1.0,0.0,0.0,0.0,0.0,0.0,0.0,0.0
8482149,20242025,F,13,9695,7.0,13.0,8.0,13.0,4.0,13.0,7.0,13.0,8.0,13.0,9.0,13.0,8.0,13.0,9.0,13.0,0.5384615384615384,0.6153846153846154,0.3076923076923077,0.5384615384615384,0.6153846153846154,0.6923076923076923,0.6153846153846154,0.6923076923076923
8482155,20232024,F,5,3512,3.0,5.0,2.0,5.0,3.0,5.0,3.0,5.0,3.0,5.0,3.0,5.0,4.0,5.0,2.0,5.0,0.6,0.4,0.6,0.6,0.6,0.6,0.8,0.4
8482155,20242025,F,6,5774,5.0,6.0,4.0,6.0,5.0,6.0,4.0,6.0,5.0,6.0,4.0,6.0,5.0,6.0,5.0,6.0,0.8333333333333334,0.6666666666666666,0.8333333333333334,0.6666666666666666,0.8333333333333334,0.6666666666666666,0.8333333333333334,0.8333333333333334
8482157,20232024,F,16,9542,5.0,12.0,5.0,12.0,5.0,12.0,6.0,12.0,6.0,12.0,7.0,12.0,5.0,12.0,7.0,12.0,0.4166666666666667,0.4166666666666667,0.4166666666666667,0.5,0.5,0.5833333333333334,0.4166666666666667,0.5833333333333334
8482201,20242025,F,5,4038,1.0,5.0,1.0,5.0,1.0,5.0,2.0,5.0,1.0,5.0,2.0,5.0,1.0,5.0,3.0,5.0,0.2,0.2,0.2,0.4,0.2,0.4,0.2,0.6
8482245,20242025,D,6,6558,0.0,6.0,4.0,6.0,0.0,6.0,4.0,6.0,1.0,6.0,3.0,6.0,1.0,6.0,3.0,6.0,0.0,0.6666666666666666,0.0,0.6666666666666666,0.16666666666666666,0.5,0.16666666666666666,0.5
8482259,20242025,F,13,8145,2.0,12.0,4.0,12.0,4.0,12.0,6.0,12.0,5.0,12.0,5.0,12.0,5.0,12.0,6.0,12.0,0.16666666666666666,0.3333333333333333,0.3333333333333333,0.5,0.4166666666666667,0.4166666666666667,0.4166666666666667,0.5
8482476,20242025,F,5,2369,0.0,2.0,1.0,2.0,1.0,2.0,0.0,2.0,0.0,2.0,1.0,2.0,1.0,2.0,1.0,2.0,0.0,0.5,0.5,0.0,0.0,0.5,0.5,0.5
8482496,20232024,F,5,2312,3.0,3.0,1.0,3.0,1.0,3.0,1.0,3.0,1.0,3.0,1.0,3.0,1.0,3.0,2.0,3.0,1.0,0.3333333333333333,0.3333333333333333,0.3333333333333333,0.3333333333333333,0.3333333333333333,0.3333333333333333,0.6666666666666666
8482511,20232024,D,11,9705,4.0,10.0,5.0,10.0,3.0,10.0,5.0,10.0,6.0,10.0,6.0,10.0,5.0,10.0,4.0,10.0,0.4,0.5,0.3,0.5,0.6,0.6,0.5,0.4
8482655,20242025,D,5,3638,3.0,5.0,5.0,5.0,3.0,5.0,5.0,5.0,3.0,5.0,3.0,5.0,3.0,5.0,4.0,5.0,0.6,1.0,0.6,1.0,0.6,0.6,0.6,0.8
8482665,20222023,F,14,11666,6.0,14.0,5.0,14.0,8.0,14.0,6.0,14.0,6.0,14.0,9.0,14.0,8.0,14.0,8.0,14.0,0.42857142857142855,0.35714285714285715,0.5714285714285714,0.42857142857142855,0.42857142857142855,0.6428571428571429,0.5714285714285714,0.5714285714285714
8482684,20242025,D,1,1085,1.0,1.0,0.0,1.0,1.0,1.0,0.0,1.0,1.0,1.0,1.0,1.0,1.0,1.0,0.0,1.0,1.0,0.0,1.0,0.0,1.0,1.0,1.0,0.0
8482702,20232024,F,19,15274,10.0,19.0,9.0,19.0,9.0,19.0,9.0,19.0,8.0,19.0,9.0,19.0,8.0,19.0,8.0,19.0,0.5263157894736842,0.47368421052631576,0.47368421052631576,0.47368421052631576,0.42105263157894735,0.47368421052631576,0.42105263157894735,0.42105263157894735
8482702,20242025,F,15,10765,8.0,15.0,8.0,15.0,7.0,15.0,10.0,15.0,5.0,15.0,10.0,15.0,7.0,15.0,8.0,15.0,0.5333333333333333,0.5333333333333333,0.4666666666666667,0.6666666666666666,0.3333333333333333,0.6666666666666666,0.4666666666666667,0.5333333333333333
8482713,20242025,F,4,2335,2.0,3.0,0.0,3.0,2.0,3.0,0.0,3.0,3.0,3.0,0.0,3.0,1.0,3.0,0.0,3.0,0.6666666666666666,0.0,0.6666666666666666,0.0,1.0,0.0,0.3333333333333333,0.0
8482720,20232024,F,7,5483,3.0,7.0,5.0,7.0,2.0,7.0,3.0,7.0,2.0,7.0,5.0,7.0,3.0,7.0,1.0,7.0,0.42857142857142855,0.7142857142857143,0.2857142857142857,0.42857142857142855,0.2857142857142857,0.7142857142857143,0.42857142857142855,0.14285714285714285
8482720,20242025,F,13,11834,5.0,13.0,8.0,13.0,6.0,13.0,8.0,13.0,7.0,13.0,9.0,13.0,7.0,13.0,8.0,13.0,0.38461538461538464,0.6153846153846154,0.46153846153846156,0.6153846153846154,0.5384615384615384,0.6923076923076923,0.5384615384615384,0.6153846153846154
8482726,20242025,F,6,1371,0.0,0.0,0.0,0.0,0.0,0.0,0.0,0.0,0.0,0.0,0.0,0.0,0.0,0.0,0.0,0.0,,,,,,,,
8482730,20242025,D,6,3748,2.0,5.0,1.0,5.0,2.0,5.0,1.0,5.0,3.0,5.0,1.0,5.0,3.0,5.0,1.0,5.0,0.4,0.2,0.4,0.2,0.6,0.2,0.6,0.2
8482737,20242025,F,7,4696,2.0,7.0,6.0,7.0,2.0,7.0,6.0,7.0,2.0,7.0,6.0,7.0,2.0,7.0,6.0,7.0,0.2857142857142857,0.8571428571428571,0.2857142857142857,0.8571428571428571,0.2857142857142857,0.8571428571428571,0.2857142857142857,0.8571428571428571
8482740,20222023,F,19,15169,11.0,19.0,8.0,19.0,9.0,19.0,7.0,19.0,8.0,19.0,4.0,19.0,9.0,19.0,3.0,19.0,0.5789473684210527,0.42105263157894735,0.47368421052631576,0.3684210526315789,0.42105263157894735,0.21052631578947367,0.47368421052631576,0.15789473684210525
8482740,20232024,F,19,18384,11.0,19.0,10.0,19.0,9.0,19.0,11.0,19.0,10.0,19.0,9.0,19.0,10.0,19.0,8.0,19.0,0.5789473684210527,0.5263157894736842,0.47368421052631576,0.5789473684210527,0.5263157894736842,0.47368421052631576,0.5263157894736842,0.42105263157894735
8482740,20242025,F,18,15564,9.0,18.0,15.0,18.0,8.0,18.0,12.0,18.0,6.0,18.0,12.0,18.0,9.0,18.0,12.0,18.0,0.5,0.8333333333333334,0.4444444444444444,0.6666666666666666,0.3333333333333333,0.6666666666666666,0.5,0.6666666666666666
8482809,20242025,F,15,11418,9.0,14.0,6.0,14.0,6.0,14.0,6.0,14.0,8.0,14.0,7.0,14.0,5.0,14.0,5.0,14.0,0.6428571428571429,0.42857142857142855,0.42857142857142855,0.42857142857142855,0.5714285714285714,0.5,0.35714285714285715,0.35714285714285715
8482929,20232024,D,5,4297,4.0,5.0,4.0,5.0,2.0,5.0,4.0,5.0,3.0,5.0,4.0,5.0,2.0,5.0,5.0,5.0,0.8,0.8,0.4,0.8,0.6,0.8,0.4,1.0
8482929,20242025,D,5,3273,0.0,5.0,2.0,5.0,0.0,5.0,3.0,5.0,1.0,5.0,3.0,5.0,0.0,5.0,3.0,5.0,0.0,0.4,0.0,0.6,0.2,0.6,0.0,0.6
8482964,20242025,D,3,1913,1.0,3.0,1.0,3.0,1.0,3.0,1.0,3.0,1.0,3.0,0.0,3.0,1.0,3.0,0.0,3.0,0.3333333333333333,0.3333333333333333,0.3333333333333333,0.3333333333333333,0.3333333333333333,0.0,0.3333333333333333,0.0
8483425,20242025,D,18,11295,10.0,16.0,8.0,16.0,9.0,16.0,8.0,16.0,10.0,16.0,10.0,16.0,8.0,16.0,10.0,16.0,0.625,0.5,0.5625,0.5,0.625,0.625,0.5,0.625
8483447,20242025,F,4,2418,1.0,3.0,1.0,3.0,0.0,3.0,2.0,3.0,1.0,3.0,1.0,3.0,0.0,3.0,2.0,3.0,0.3333333333333333,0.3333333333333333,0.0,0.6666666666666666,0.3333333333333333,0.3333333333333333,0.0,0.6666666666666666
8483457,20242025,D,5,6427,5.0,5.0,3.0,5.0,4.0,5.0,2.0,5.0,4.0,5.0,4.0,5.0,4.0,5.0,3.0,5.0,1.0,0.6,0.8,0.4,0.8,0.8,0.8,0.6
8483491,20232024,F,1,479,0.0,0.0,0.0,0.0,0.0,0.0,0.0,0.0,0.0,0.0,0.0,0.0,0.0,0.0,0.0,0.0,,,,,,,,
8483495,20242025,D,4,3184,2.0,4.0,1.0,4.0,3.0,4.0,2.0,4.0,2.0,4.0,1.0,4.0,3.0,4.0,2.0,4.0,0.5,0.25,0.75,0.5,0.5,0.25,0.75,0.5
8483515,20242025,F,5,5196,4.0,5.0,2.0,5.0,4.0,5.0,3.0,5.0,5.0,5.0,4.0,5.0,5.0,5.0,4.0,5.0,0.8,0.4,0.8,0.6,1.0,0.8,1.0,0.8
8483570,20222023,F,6,1903,0.0,0.0,0.0,0.0,0.0,0.0,0.0,0.0,0.0,0.0,0.0,0.0,0.0,0.0,0.0,0.0,,,,,,,,
8483808,20242025,F,6,5076,2.0,6.0,3.0,6.0,4.0,6.0,5.0,6.0,2.0,6.0,5.0,6.0,5.0,6.0,4.0,6.0,0.3333333333333333,0.5,0.6666666666666666,0.8333333333333334,0.3333333333333333,0.8333333333333334,0.8333333333333334,0.6666666666666666
8484258,20242025,D,5,3867,3.0,5.0,4.0,5.0,3.0,5.0,4.0,5.0,2.0,5.0,3.0,5.0,2.0,5.0,4.0,5.0,0.6,0.8,0.6,0.8,0.4,0.6,0.4,0.8
8484304,20242025,D,5,3453,1.0,5.0,1.0,5.0,1.0,5.0,3.0,5.0,1.0,5.0,2.0,5.0,3.0,5.0,2.0,5.0,0.2,0.2,0.2,0.6,0.2,0.4,0.6,0.4
8484321,20242025,D,6,4347,3.0,5.0,2.0,5.0,2.0,5.0,2.0,5.0,3.0,5.0,2.0,5.0,4.0,5.0,2.0,5.0,0.6,0.4,0.4,0.4,0.6,0.4,0.8,0.4
8470595,all_playoffs,F,21,10892,5.0,10.0,5.0,10.0,5.0,10.0,6.0,10.0,3.0,10.0,5.0,10.0,2.0,10.0,5.0,10.0,0.5,0.5,0.5,0.6,0.3,0.5,0.2,0.5
8470600,all_playoffs,D,43,42654,21.0,42.0,24.0,42.0,14.0,42.0,24.0,42.0,23.0,42.0,21.0,42.0,15.0,42.0,20.0,42.0,0.5,0.5714285714285714,0.3333333333333333,0.5714285714285714,0.5476190476190477,0.5,0.35714285714285715,0.47619047619047616
8470610,all_playoffs,F,17,11880,11.0,17.0,5.0,17.0,8.0,17.0,12.0,17.0,10.0,17.0,7.0,17.0,9.0,17.0,8.0,17.0,0.6470588235294118,0.29411764705882354,0.47058823529411764,0.7058823529411765,0.5882352941176471,0.4117647058823529,0.5294117647058824,0.47058823529411764
8470613,all_playoffs,D,41,44037,23.0,41.0,23.0,41.0,22.0,41.0,20.0,41.0,21.0,41.0,22.0,41.0,17.0,41.0,19.0,41.0,0.5609756097560976,0.5609756097560976,0.5365853658536586,0.4878048780487805,0.5121951219512195,0.5365853658536586,0.4146341463414634,0.4634146341463415
8470621,all_playoffs,F,47,28529,18.0,39.0,25.0,39.0,18.0,39.0,24.0,39.0,21.0,39.0,29.0,39.0,20.0,39.0,30.0,39.0,0.46153846153846156,0.6410256410256411,0.46153846153846156,0.6153846153846154,0.5384615384615384,0.7435897435897436,0.5128205128205128,0.7692307692307693
8470638,all_playoffs,F,3,2480,1.0,3.0,2.0,3.0,1.0,3.0,2.0,3.0,1.0,3.0,2.0,3.0,1.0,3.0,2.0,3.0,0.3333333333333333,0.6666666666666666,0.3333333333333333,0.6666666666666666,0.3333333333333333,0.6666666666666666,0.3333333333333333,0.6666666666666666
8470794,all_playoffs,F,33,28983,17.0,33.0,21.0,33.0,18.0,33.0,21.0,33.0,17.0,33.0,17.0,33.0,16.0,33.0,21.0,33.0,0.5151515151515151,0.6363636363636364,0.5454545454545454,0.6363636363636364,0.5151515151515151,0.5151515151515151,0.48484848484848486,0.6363636363636364
8470966,all_playoffs,D,11,7501,5.0,8.0,5.0,8.0,7.0,8.0,3.0,8.0,4.0,8.0,6.0,8.0,5.0,8.0,4.0,8.0,0.625,0.625,0.875,0.375,0.5,0.75,0.625,0.5
8471214,all_playoffs,F,14,10732,8.0,14.0,7.0,14.0,6.0,14.0,7.0,14.0,6.0,14.0,8.0,14.0,3.0,14.0,6.0,14.0,0.5714285714285714,0.5,0.42857142857142855,0.5,0.42857142857142855,0.5714285714285714,0.21428571428571427,0.42857142857142855
8471218,all_playoffs,F,6,4747,2.0,6.0,3.0,6.0,1.0,6.0,2.0,6.0,2.0,6.0,3.0,6.0,2.0,6.0,4.0,6.0,0.3333333333333333,0.5,0.16666666666666666,0.3333333333333333,0.3333333333333333,0.5,0.3333333333333333,0.6666666666666666
8471276,all_playoffs,F,4,3658,2.0,4.0,1.0,4.0,2.0,4.0,1.0,4.0,2.0,4.0,1.0,4.0,2.0,4.0,2.0,4.0,0.5,0.25,0.5,0.25,0.5,0.25,0.5,0.5
8471303,all_playoffs,D,4,2517,2.0,4.0,0.0,4.0,1.0,4.0,0.0,4.0,1.0,4.0,0.0,4.0,0.0,4.0,1.0,4.0,0.5,0.0,0.25,0.0,0.25,0.0,0.0,0.25
8471669,all_playoffs,F,15,8721,6.0,9.0,4.0,9.0,5.0,9.0,4.0,9.0,4.0,9.0,6.0,9.0,4.0,9.0,4.0,9.0,0.6666666666666666,0.4444444444444444,0.5555555555555556,0.4444444444444444,0.4444444444444444,0.6666666666666666,0.4444444444444444,0.4444444444444444
8471677,all_playoffs,D,14,10339,5.0,14.0,5.0,14.0,6.0,14.0,5.0,14.0,3.0,14.0,5.0,14.0,6.0,14.0,4.0,14.0,0.35714285714285715,0.35714285714285715,0.42857142857142855,0.35714285714285715,0.21428571428571427,0.35714285714285715,0.42857142857142855,0.2857142857142857
8471685,all_playoffs,F,17,16872,9.0,17.0,8.0,17.0,7.0,17.0,7.0,17.0,9.0,17.0,14.0,17.0,8.0,17.0,11.0,17.0,0.5294117647058824,0.47058823529411764,0.4117647058823529,0.4117647058823529,0.5294117647058824,0.8235294117647058,0.47058823529411764,0.6470588235294118
8471686,all_playoffs,D,21,20863,12.0,21.0,4.0,21.0,15.0,21.0,1.0,21.0,10.0,21.0,5.0,21.0,11.0,21.0,2.0,21.0,0.5714285714285714,0.19047619047619047,0.7142857142857143,0.047619047619047616,0.47619047619047616,0.23809523809523808,0.5238095238095238,0.09523809523809523
8471698,all_playoffs,F,4,3265,2.0,4.0,2.0,4.0,2.0,4.0,2.0,4.0,2.0,4.0,2.0,4.0,1.0,4.0,2.0,4.0,0.5,0.5,0.5,0.5,0.5,0.5,0.25,0.5
8471699,all_playoffs,F,15,6455,3.0,3.0,2.0,3.0,3.0,3.0,2.0,3.0,3.0,3.0,1.0,3.0,3.0,3.0,2.0,3.0,1.0,0.6666666666666666,1.0,0.6666666666666666,1.0,0.3333333333333333,1.0,0.6666666666666666
8471817,all_playoffs,F,11,4706,1.0,2.0,1.0,2.0,1.0,2.0,2.0,2.0,1.0,2.0,1.0,2.0,1.0,2.0,1.0,2.0,0.5,0.5,0.5,1.0,0.5,0.5,0.5,0.5
8473419,all_playoffs,F,41,32958,25.0,39.0,20.0,39.0,21.0,39.0,18.0,39.0,19.0,39.0,20.0,39.0,22.0,39.0,21.0,39.0,0.6410256410256411,0.5128205128205128,0.5384615384615384,0.46153846153846156,0.48717948717948717,0.5128205128205128,0.5641025641025641,0.5384615384615384
8473422,all_playoffs,F,6,3533,1.0,5.0,3.0,5.0,1.0,5.0,3.0,5.0,1.0,5.0,3.0,5.0,0.0,5.0,4.0,5.0,0.2,0.6,0.2,0.6,0.2,0.6,0.0,0.8
8473446,all_playoffs,D,9,6370,5.0,8.0,3.0,8.0,4.0,8.0,4.0,8.0,4.0,8.0,4.0,8.0,4.0,8.0,4.0,8.0,0.625,0.375,0.5,0.5,0.5,0.5,0.5,0.5
8473449,all_playoffs,F,17,7610,2.0,4.0,2.0,4.0,2.0,4.0,2.0,4.0,1.0,4.0,2.0,4.0,1.0,4.0,2.0,4.0,0.5,0.5,0.5,0.5,0.25,0.5,0.25,0.5
8473453,all_playoffs,F,7,2984,1.0,3.0,2.0,3.0,1.0,3.0,2.0,3.0,1.0,3.0,2.0,3.0,1.0,3.0,2.0,3.0,0.3333333333333333,0.6666666666666666,0.3333333333333333,0.6666666666666666,0.3333333333333333,0.6666666666666666,0.3333333333333333,0.6666666666666666
8473504,all_playoffs,F,11,5857,3.0,7.0,2.0,7.0,4.0,7.0,4.0,7.0,3.0,7.0,4.0,7.0,3.0,7.0,5.0,7.0,0.42857142857142855,0.2857142857142857,0.5714285714285714,0.5714285714285714,0.42857142857142855,0.5714285714285714,0.42857142857142855,0.7142857142857143
8473512,all_playoffs,F,6,4848,2.0,6.0,4.0,6.0,2.0,6.0,2.0,6.0,3.0,6.0,4.0,6.0,3.0,6.0,2.0,6.0,0.3333333333333333,0.6666666666666666,0.3333333333333333,0.3333333333333333,0.5,0.6666666666666666,0.5,0.3333333333333333
8473533,all_playoffs,F,41,32527,25.0,41.0,18.0,41.0,26.0,41.0,18.0,41.0,21.0,41.0,21.0,41.0,22.0,41.0,22.0,41.0,0.6097560975609756,0.43902439024390244,0.6341463414634146,0.43902439024390244,0.5121951219512195,0.5121951219512195,0.5365853658536586,0.5365853658536586
8473548,all_playoffs,F,4,2213,2.0,3.0,0.0,3.0,2.0,3.0,0.0,3.0,2.0,3.0,0.0,3.0,2.0,3.0,0.0,3.0,0.6666666666666666,0.0,0.6666666666666666,0.0,0.6666666666666666,0.0,0.6666666666666666,0.0
8473986,all_playoffs,F,6,5300,4.0,6.0,4.0,6.0,2.0,6.0,2.0,6.0,2.0,6.0,5.0,6.0,2.0,6.0,3.0,6.0,0.6666666666666666,0.6666666666666666,0.3333333333333333,0.3333333333333333,0.3333333333333333,0.8333333333333334,0.3333333333333333,0.5
8473994,all_playoffs,F,54,40208,28.0,53.0,30.0,53.0,29.0,53.0,28.0,53.0,24.0,53.0,24.0,53.0,23.0,53.0,27.0,53.0,0.5283018867924528,0.5660377358490566,0.5471698113207547,0.5283018867924528,0.4528301886792453,0.4528301886792453,0.4339622641509434,0.5094339622641509
8474013,all_playoffs,D,19,16008,9.0,19.0,14.0,19.0,9.0,19.0,10.0,19.0,8.0,19.0,12.0,19.0,9.0,19.0,12.0,19.0,0.47368421052631576,0.7368421052631579,0.47368421052631576,0.5263157894736842,0.42105263157894735,0.631578947368421,0.47368421052631576,0.631578947368421
8474031,all_playoffs,D,6,3822,2.0,5.0,4.0,5.0,3.0,5.0,4.0,5.0,2.0,5.0,4.0,5.0,3.0,5.0,4.0,5.0,0.4,0.8,0.6,0.8,0.4,0.8,0.6,0.8
8474034,all_playoffs,F,19,9639,7.0,13.0,10.0,13.0,7.0,13.0,7.0,13.0,6.0,13.0,10.0,13.0,9.0,13.0,10.0,13.0,0.5384615384615384,0.7692307692307693,0.5384615384615384,0.5384615384615384,0.46153846153846156,0.7692307692307693,0.6923076923076923,0.7692307692307693
8474037,all_playoffs,F,11,6547,6.0,10.0,8.0,10.0,7.0,10.0,7.0,10.0,6.0,10.0,6.0,10.0,5.0,10.0,7.0,10.0,0.6,0.8,0.7,0.7,0.6,0.6,0.5,0.7
8474090,all_playoffs,D,3,2340,1.0,3.0,0.0,3.0,1.0,3.0,0.0,3.0,0.0,3.0,0.0,3.0,0.0,3.0,0.0,3.0,0.3333333333333333,0.0,0.3333333333333333,0.0,0.0,0.0,0.0,0.0
8474102,all_playoffs,F,6,4021,1.0,6.0,3.0,6.0,3.0,6.0,4.0,6.0,3.0,6.0,2.0,6.0,3.0,6.0,4.0,6.0,0.16666666666666666,0.5,0.5,0.6666666666666666,0.5,0.3333333333333333,0.5,0.6666666666666666
8474141,all_playoffs,F,7,5611,4.0,7.0,3.0,7.0,4.0,7.0,2.0,7.0,3.0,7.0,3.0,7.0,4.0,7.0,3.0,7.0,0.5714285714285714,0.42857142857142855,0.5714285714285714,0.2857142857142857,0.42857142857142855,0.42857142857142855,0.5714285714285714,0.42857142857142855
8474145,all_playoffs,D,5,3228,1.0,4.0,2.0,4.0,1.0,4.0,1.0,4.0,2.0,4.0,2.0,4.0,2.0,4.0,2.0,4.0,0.25,0.5,0.25,0.25,0.5,0.5,0.5,0.5
8474149,all_playoffs,F,51,35032,30.0,49.0,25.0,49.0,31.0,49.0,24.0,49.0,25.0,49.0,21.0,49.0,28.0,49.0,24.0,49.0,0.6122448979591837,0.5102040816326531,0.6326530612244898,0.4897959183673469,0.5102040816326531,0.42857142857142855,0.5714285714285714,0.4897959183673469
8474151,all_playoffs,D,11,11241,6.0,11.0,6.0,11.0,5.0,11.0,6.0,11.0,8.0,11.0,4.0,11.0,5.0,11.0,4.0,11.0,0.5454545454545454,0.5454545454545454,0.45454545454545453,0.5454545454545454,0.7272727272727273,0.36363636363636365,0.45454545454545453,0.36363636363636365
8474157,all_playoffs,F,15,9730,6.0,15.0,4.0,15.0,6.0,15.0,5.0,15.0,8.0,15.0,4.0,15.0,7.0,15.0,6.0,15.0,0.4,0.26666666666666666,0.4,0.3333333333333333,0.5333333333333333,0.26666666666666666,0.4666666666666667,0.4
8474166,all_playoffs,D,28,27434,16.0,28.0,9.0,28.0,12.0,28.0,9.0,28.0,16.0,28.0,10.0,28.0,15.0,28.0,9.0,28.0,0.5714285714285714,0.32142857142857145,0.42857142857142855,0.32142857142857145,0.5714285714285714,0.35714285714285715,0.5357142857142857,0.32142857142857145
8474189,all_playoffs,F,16,10655,7.0,16.0,7.0,16.0,5.0,16.0,9.0,16.0,5.0,16.0,8.0,16.0,5.0,16.0,9.0,16.0,0.4375,0.4375,0.3125,0.5625,0.3125,0.5,0.3125,0.5625
8474563,all_playoffs,D,17,22505,7.0,17.0,6.0,17.0,8.0,17.0,6.0,17.0,7.0,17.0,9.0,17.0,8.0,17.0,8.0,17.0,0.4117647058823529,0.35294117647058826,0.47058823529411764,0.35294117647058826,0.4117647058823529,0.5294117647058824,0.47058823529411764,0.47058823529411764
8474564,all_playoffs,F,11,9682,7.0,11.0,4.0,11.0,7.0,11.0,2.0,11.0,3.0,11.0,3.0,11.0,4.0,11.0,3.0,11.0,0.6363636363636364,0.36363636363636365,0.6363636363636364,0.18181818181818182,0.2727272727272727,0.2727272727272727,0.36363636363636365,0.2727272727272727
8474565,all_playoffs,D,38,42174,20.0,38.0,12.0,38.0,18.0,38.0,15.0,38.0,20.0,38.0,14.0,38.0,21.0,38.0,14.0,38.0,0.5263157894736842,0.3157894736842105,0.47368421052631576,0.39473684210526316,0.5263157894736842,0.3684210526315789,0.5526315789473685,0.3684210526315789
8474567,all_playoffs,D,11,7016,5.0,9.0,2.0,9.0,5.0,9.0,3.0,9.0,5.0,9.0,1.0,9.0,5.0,9.0,1.0,9.0,0.5555555555555556,0.2222222222222222,0.5555555555555556,0.3333333333333333,0.5555555555555556,0.1111111111111111,0.5555555555555556,0.1111111111111111
8474568,all_playoffs,D,27,22537,18.0,27.0,13.0,27.0,19.0,27.0,16.0,27.0,20.0,27.0,13.0,27.0,20.0,27.0,15.0,27.0,0.6666666666666666,0.48148148148148145,0.7037037037037037,0.5925925925925926,0.7407407407407407,0.48148148148148145,0.7407407407407407,0.5555555555555556
8474574,all_playoffs,D,12,11519,3.0,12.0,5.0,12.0,4.0,12.0,6.0,12.0,4.0,12.0,5.0,12.0,3.0,12.0,5.0,12.0,0.25,0.4166666666666667,0.3333333333333333,0.5,0.3333333333333333,0.4166666666666667,0.25,0.4166666666666667
8474586,all_playoffs,F,14,12415,6.0,14.0,5.0,14.0,7.0,14.0,8.0,14.0,5.0,14.0,9.0,14.0,6.0,14.0,8.0,14.0,0.42857142857142855,0.35714285714285715,0.5,0.5714285714285714,0.35714285714285715,0.6428571428571429,0.42857142857142855,0.5714285714285714
8474590,all_playoffs,D,14,16018,7.0,14.0,6.0,14.0,5.0,14.0,7.0,14.0,7.0,14.0,7.0,14.0,5.0,14.0,8.0,14.0,0.5,0.42857142857142855,0.35714285714285715,0.5,0.5,0.5,0.35714285714285715,0.5714285714285714
8474600,all_playoffs,D,6,7490,3.0,6.0,4.0,6.0,3.0,6.0,5.0,6.0,3.0,6.0,5.0,6.0,3.0,6.0,4.0,6.0,0.5,0.6666666666666666,0.5,0.8333333333333334,0.5,0.8333333333333334,0.5,0.6666666666666666
8474602,all_playoffs,D,14,11136,7.0,14.0,7.0,14.0,7.0,14.0,8.0,14.0,8.0,14.0,11.0,14.0,6.0,14.0,12.0,14.0,0.5,0.5,0.5,0.5714285714285714,0.5714285714285714,0.7857142857142857,0.42857142857142855,0.8571428571428571
8474613,all_playoffs,F,11,6612,4.0,9.0,6.0,9.0,5.0,9.0,5.0,9.0,4.0,9.0,7.0,9.0,2.0,9.0,6.0,9.0,0.4444444444444444,0.6666666666666666,0.5555555555555556,0.5555555555555556,0.4444444444444444,0.7777777777777778,0.2222222222222222,0.6666666666666666
8474641,all_playoffs,F,39,27406,15.0,39.0,17.0,39.0,16.0,39.0,14.0,39.0,14.0,39.0,19.0,39.0,14.0,39.0,20.0,39.0,0.38461538461538464,0.4358974358974359,0.41025641025641024,0.358974358974359,0.358974358974359,0.48717948717948717,0.358974358974359,0.5128205128205128
8474673,all_playoffs,D,12,12857,4.0,12.0,5.0,12.0,8.0,12.0,5.0,12.0,5.0,12.0,6.0,12.0,6.0,12.0,6.0,12.0,0.3333333333333333,0.4166666666666667,0.6666666666666666,0.4166666666666667,0.4166666666666667,0.5,0.5,0.5
8474679,all_playoffs,F,18,13319,11.0,15.0,8.0,15.0,6.0,15.0,7.0,15.0,11.0,15.0,8.0,15.0,5.0,15.0,8.0,15.0,0.7333333333333333,0.5333333333333333,0.4,0.4666666666666667,0.7333333333333333,0.5333333333333333,0.3333333333333333,0.5333333333333333
8474709,all_playoffs,F,9,5078,5.0,8.0,5.0,8.0,6.0,8.0,6.0,8.0,5.0,8.0,6.0,8.0,5.0,8.0,6.0,8.0,0.625,0.625,0.75,0.75,0.625,0.75,0.625,0.75
8474716,all_playoffs,D,12,12308,7.0,12.0,8.0,12.0,5.0,12.0,9.0,12.0,7.0,12.0,8.0,12.0,6.0,12.0,7.0,12.0,0.5833333333333334,0.6666666666666666,0.4166666666666667,0.75,0.5833333333333334,0.6666666666666666,0.5,0.5833333333333334
8475149,all_playoffs,F,11,8446,5.0,11.0,7.0,11.0,4.0,11.0,8.0,11.0,4.0,11.0,6.0,11.0,6.0,11.0,7.0,11.0,0.45454545454545453,0.6363636363636364,0.36363636363636365,0.7272727272727273,0.36363636363636365,0.5454545454545454,0.5454545454545454,0.6363636363636364
8475151,all_playoffs,F,11,9138,4.0,11.0,3.0,11.0,5.0,11.0,4.0,11.0,4.0,11.0,4.0,11.0,6.0,11.0,6.0,11.0,0.36363636363636365,0.2727272727272727,0.45454545454545453,0.36363636363636365,0.36363636363636365,0.36363636363636365,0.5454545454545454,0.5454545454545454
8475158,all_playoffs,F,17,16664,8.0,17.0,8.0,17.0,8.0,17.0,9.0,17.0,7.0,17.0,10.0,17.0,5.0,17.0,10.0,17.0,0.47058823529411764,0.47058823529411764,0.47058823529411764,0.5294117647058824,0.4117647058823529,0.5882352941176471,0.29411764705882354,0.5882352941176471
8475166,all_playoffs,F,31,28169,15.0,31.0,19.0,31.0,19.0,31.0,18.0,31.0,17.0,31.0,20.0,31.0,19.0,31.0,18.0,31.0,0.4838709677419355,0.6129032258064516,0.6129032258064516,0.5806451612903226,0.5483870967741935,0.6451612903225806,0.6129032258064516,0.5806451612903226
8475167,all_playoffs,D,15,16634,8.0,14.0,9.0,14.0,6.0,14.0,7.0,14.0,7.0,14.0,8.0,14.0,7.0,14.0,7.0,14.0,0.5714285714285714,0.6428571428571429,0.42857142857142855,0.5,0.5,0.5714285714285714,0.5,0.5
8475168,all_playoffs,F,37,30023,21.0,37.0,20.0,37.0,19.0,37.0,22.0,37.0,20.0,37.0,23.0,37.0,19.0,37.0,19.0,37.0,0.5675675675675675,0.5405405405405406,0.5135135135135135,0.5945945945945946,0.5405405405405406,0.6216216216216216,0.5135135135135135,0.5135135135135135
8475169,all_playoffs,F,53,44048,21.0,30.0,12.0,30.0,18.0,30.0,13.0,30.0,16.0,30.0,13.0,30.0,19.0,30.0,13.0,30.0,0.7,0.4,0.6,0.43333333333333335,0.5333333333333333,0.43333333333333335,0.6333333333333333,0.43333333333333335
8475170,all_playoffs,F,7,6019,3.0,7.0,3.0,7.0,3.0,7.0,4.0,7.0,5.0,7.0,1.0,7.0,5.0,7.0,3.0,7.0,0.42857142857142855,0.42857142857142855,0.42857142857142855,0.5714285714285714,0.7142857142857143,0.14285714285714285,0.7142857142857143,0.42857142857142855
8475171,all_playoffs,D,37,29891,14.0,37.0,24.0,37.0,15.0,37.0,23.0,37.0,17.0,37.0,25.0,37.0,16.0,37.0,22.0,37.0,0.3783783783783784,0.6486486486486487,0.40540540540540543,0.6216216216216216,0.4594594594594595,0.6756756756756757,0.43243243243243246,0.5945945945945946
8475177,all_playoffs,D,1,460,0.0,0.0,0.0,0.0,0.0,0.0,0.0,0.0,0.0,0.0,0.0,0.0,0.0,0.0,0.0,0.0,,,,,,,,
8475179,all_playoffs,D,47,34767,21.0,47.0,31.0,47.0,20.0,47.0,27.0,47.0,22.0,47.0,28.0,47.0,23.0,47.0,24.0,47.0,0.44680851063829785,0.6595744680851063,0.425531914893617,0.574468085106383,0.46808510638297873,0.5957446808510638,0.48936170212765956,0.5106382978723404
8475181,all_playoffs,D,7,5054,2.0,6.0,4.0,6.0,2.0,6.0,5.0,6.0,2.0,6.0,4.0,6.0,2.0,6.0,5.0,6.0,0.3333333333333333,0.6666666666666666,0.3333333333333333,0.8333333333333334,0.3333333333333333,0.6666666666666666,0.3333333333333333,0.8333333333333334
8475184,all_playoffs,F,23,19398,7.0,23.0,13.0,23.0,6.0,23.0,9.0,23.0,6.0,23.0,15.0,23.0,5.0,23.0,17.0,23.0,0.30434782608695654,0.5652173913043478,0.2608695652173913,0.391304347826087,0.2608695652173913,0.6521739130434783,0.21739130434782608,0.7391304347826086
8475188,all_playoffs,D,39,38785,19.0,39.0,23.0,39.0,21.0,39.0,25.0,39.0,20.0,39.0,28.0,39.0,21.0,39.0,22.0,39.0,0.48717948717948717,0.5897435897435898,0.5384615384615384,0.6410256410256411,0.5128205128205128,0.717948717948718,0.5384615384615384,0.5641025641025641
8475191,all_playoffs,F,33,25035,14.0,33.0,13.0,33.0,12.0,33.0,16.0,33.0,13.0,33.0,15.0,33.0,12.0,33.0,17.0,33.0,0.42424242424242425,0.3939393939393939,0.36363636363636365,0.48484848484848486,0.3939393939393939,0.45454545454545453,0.36363636363636365,0.5151515151515151
8475193,all_playoffs,F,16,10238,5.0,13.0,6.0,13.0,5.0,13.0,6.0,13.0,4.0,13.0,8.0,13.0,2.0,13.0,6.0,13.0,0.38461538461538464,0.46153846153846156,0.38461538461538464,0.46153846153846156,0.3076923076923077,0.6153846153846154,0.15384615384615385,0.46153846153846156
8475197,all_playoffs,D,1,791,0.0,1.0,1.0,1.0,0.0,1.0,1.0,1.0,0.0,1.0,1.0,1.0,1.0,1.0,1.0,1.0,0.0,1.0,0.0,1.0,0.0,1.0,1.0,1.0
8475200,all_playoffs,D,33,35007,22.0,33.0,19.0,33.0,22.0,33.0,17.0,33.0,19.0,33.0,16.0,33.0,15.0,33.0,17.0,33.0,0.6666666666666666,0.5757575757575758,0.6666666666666666,0.5151515151515151,0.5757575757575758,0.48484848484848486,0.45454545454545453,0.5151515151515151
8475208,all_playoffs,D,5,6180,5.0,5.0,1.0,5.0,4.0,5.0,2.0,5.0,5.0,5.0,2.0,5.0,5.0,5.0,2.0,5.0,1.0,0.2,0.8,0.4,1.0,0.4,1.0,0.4
8475218,all_playoffs,D,44,45762,24.0,44.0,19.0,44.0,26.0,44.0,23.0,44.0,24.0,44.0,22.0,44.0,26.0,44.0,24.0,44.0,0.5454545454545454,0.4318181818181818,0.5909090909090909,0.5227272727272727,0.5454545454545454,0.5,0.5909090909090909,0.5454545454545454
8475220,all_playoffs,F,12,8215,7.0,10.0,6.0,10.0,5.0,10.0,7.0,10.0,7.0,10.0,6.0,10.0,5.0,10.0,6.0,10.0,0.7,0.6,0.5,0.7,0.7,0.6,0.5,0.6
8475225,all_playoffs,F,14,8216,5.0,13.0,5.0,13.0,4.0,13.0,6.0,13.0,3.0,13.0,6.0,13.0,4.0,13.0,6.0,13.0,0.38461538461538464,0.38461538461538464,0.3076923076923077,0.46153846153846156,0.23076923076923078,0.46153846153846156,0.3076923076923077,0.46153846153846156
8475231,all_playoffs,F,11,7756,3.0,11.0,4.0,11.0,6.0,11.0,6.0,11.0,3.0,11.0,7.0,11.0,4.0,11.0,10.0,11.0,0.2727272727272727,0.36363636363636365,0.5454545454545454,0.5454545454545454,0.2727272727272727,0.6363636363636364,0.36363636363636365,0.9090909090909091
8475233,all_playoffs,D,5,2833,2.0,5.0,2.0,5.0,2.0,5.0,1.0,5.0,2.0,5.0,3.0,5.0,2.0,5.0,1.0,5.0,0.4,0.4,0.4,0.2,0.4,0.6,0.4,0.2
8475287,all_playoffs,F,17,13596,8.0,17.0,10.0,17.0,9.0,17.0,9.0,17.0,9.0,17.0,11.0,17.0,8.0,17.0,10.0,17.0,0.47058823529411764,0.5882352941176471,0.5294117647058824,0.5294117647058824,0.5294117647058824,0.6470588235294118,0.47058823529411764,0.5882352941176471
8475314,all_playoffs,F,11,9170,4.0,11.0,4.0,11.0,4.0,11.0,3.0,11.0,5.0,11.0,7.0,11.0,5.0,11.0,4.0,11.0,0.36363636363636365,0.36363636363636365,0.36363636363636365,0.2727272727272727,0.45454545454545453,0.6363636363636364,0.45454545454545453,0.36363636363636365
8475324,all_playoffs,D,7,7525,2.0,7.0,5.0,7.0,2.0,7.0,4.0,7.0,2.0,7.0,3.0,7.0,4.0,7.0,2.0,7.0,0.2857142857142857,0.7142857142857143,0.2857142857142857,0.5714285714285714,0.2857142857142857,0.42857142857142855,0.5714285714285714,0.2857142857142857
8475343,all_playoffs,F,14,9835,7.0,13.0,8.0,13.0,7.0,13.0,8.0,13.0,5.0,13.0,9.0,13.0,5.0,13.0,10.0,13.0,0.5384615384615384,0.6153846153846154,0.5384615384615384,0.6153846153846154,0.38461538461538464,0.6923076923076923,0.38461538461538464,0.7692307692307693
8475413,all_playoffs,F,5,2781,2.0,3.0,0.0,3.0,1.0,3.0,0.0,3.0,1.0,3.0,0.0,3.0,1.0,3.0,0.0,3.0,0.6666666666666666,0.0,0.3333333333333333,0.0,0.3333333333333333,0.0,0.3333333333333333,0.0
8475455,all_playoffs,D,9,8973,5.0,8.0,3.0,8.0,5.0,8.0,4.0,8.0,4.0,8.0,4.0,8.0,4.0,8.0,5.0,8.0,0.625,0.375,0.625,0.5,0.5,0.5,0.5,0.625
8475462,all_playoffs,D,21,16859,10.0,20.0,9.0,20.0,9.0,20.0,7.0,20.0,8.0,20.0,11.0,20.0,8.0,20.0,10.0,20.0,0.5,0.45,0.45,0.35,0.4,0.55,0.4,0.5
8475690,all_playoffs,D,32,33936,17.0,31.0,18.0,31.0,17.0,31.0,19.0,31.0,19.0,31.0,19.0,31.0,15.0,31.0,19.0,31.0,0.5483870967741935,0.5806451612903226,0.5483870967741935,0.6129032258064516,0.6129032258064516,0.6129032258064516,0.4838709677419355,0.6129032258064516
8475692,all_playoffs,F,12,10799,7.0,12.0,5.0,12.0,5.0,12.0,6.0,12.0,6.0,12.0,5.0,12.0,5.0,12.0,5.0,12.0,0.5833333333333334,0.4166666666666667,0.4166666666666667,0.5,0.5,0.4166666666666667,0.4166666666666667,0.4166666666666667
8475714,all_playoffs,F,30,19527,9.0,17.0,9.0,17.0,9.0,17.0,8.0,17.0,6.0,17.0,10.0,17.0,5.0,17.0,9.0,17.0,0.5294117647058824,0.5294117647058824,0.5294117647058824,0.47058823529411764,0.35294117647058826,0.5882352941176471,0.29411764705882354,0.5294117647058824
8475718,all_playoffs,D,8,7364,2.0,8.0,7.0,8.0,4.0,8.0,5.0,8.0,2.0,8.0,5.0,8.0,3.0,8.0,5.0,8.0,0.25,0.875,0.5,0.625,0.25,0.625,0.375,0.625
8475722,all_playoffs,F,6,4326,2.0,6.0,3.0,6.0,3.0,6.0,5.0,6.0,3.0,6.0,3.0,6.0,4.0,6.0,3.0,6.0,0.3333333333333333,0.5,0.5,0.8333333333333334,0.5,0.5,0.6666666666666666,0.5
8475726,all_playoffs,F,5,3724,3.0,5.0,1.0,5.0,3.0,5.0,2.0,5.0,2.0,5.0,3.0,5.0,3.0,5.0,2.0,5.0,0.6,0.2,0.6,0.4,0.4,0.6,0.6,0.4
8475744,all_playoffs,F,10,5576,3.0,8.0,2.0,8.0,4.0,8.0,1.0,8.0,4.0,8.0,2.0,8.0,2.0,8.0,1.0,8.0,0.375,0.25,0.5,0.125,0.5,0.25,0.25,0.125
8475745,all_playoffs,F,27,21552,11.0,26.0,8.0,26.0,10.0,26.0,11.0,26.0,5.0,26.0,10.0,26.0,8.0,26.0,10.0,26.0,0.4230769230769231,0.3076923076923077,0.38461538461538464,0.4230769230769231,0.19230769230769232,0.38461538461538464,0.3076923076923077,0.38461538461538464
8475750,all_playoffs,D,4,2724,2.0,4.0,3.0,4.0,2.0,4.0,3.0,4.0,2.0,4.0,3.0,4.0,2.0,4.0,3.0,4.0,0.5,0.75,0.5,0.75,0.5,0.75,0.5,0.75
8475753,all_playoffs,D,7,7463,1.0,7.0,2.0,7.0,2.0,7.0,4.0,7.0,2.0,7.0,1.0,7.0,3.0,7.0,2.0,7.0,0.14285714285714285,0.2857142857142857,0.2857142857142857,0.5714285714285714,0.2857142857142857,0.14285714285714285,0.42857142857142855,0.2857142857142857
8475754,all_playoffs,F,18,15712,8.0,18.0,9.0,18.0,10.0,18.0,9.0,18.0,6.0,18.0,9.0,18.0,8.0,18.0,12.0,18.0,0.4444444444444444,0.5,0.5555555555555556,0.5,0.3333333333333333,0.5,0.4444444444444444,0.6666666666666666
8475760,all_playoffs,F,12,7978,5.0,10.0,3.0,10.0,4.0,10.0,4.0,10.0,3.0,10.0,5.0,10.0,1.0,10.0,5.0,10.0,0.5,0.3,0.4,0.4,0.3,0.5,0.1,0.5
8475762,all_playoffs,D,10,7706,4.0,10.0,3.0,10.0,3.0,10.0,3.0,10.0,2.0,10.0,3.0,10.0,3.0,10.0,4.0,10.0,0.4,0.3,0.3,0.3,0.2,0.3,0.3,0.4
8475764,all_playoffs,D,7,7532,5.0,7.0,4.0,7.0,5.0,7.0,5.0,7.0,5.0,7.0,6.0,7.0,7.0,7.0,6.0,7.0,0.7142857142857143,0.5714285714285714,0.7142857142857143,0.7142857142857143,0.7142857142857143,0.8571428571428571,1.0,0.8571428571428571
8475765,all_playoffs,F,31,20450,14.0,28.0,14.0,28.0,16.0,28.0,12.0,28.0,18.0,28.0,12.0,28.0,18.0,28.0,14.0,28.0,0.5,0.5,0.5714285714285714,0.42857142857142855,0.6428571428571429,0.42857142857142855,0.6428571428571429,0.5
8475768,all_playoffs,F,14,12878,8.0,14.0,4.0,14.0,7.0,14.0,6.0,14.0,6.0,14.0,6.0,14.0,6.0,14.0,9.0,14.0,0.5714285714285714,0.2857142857142857,0.5,0.42857142857142855,0.42857142857142855,0.42857142857142855,0.42857142857142855,0.6428571428571429
8475784,all_playoffs,F,5,3110,2.0,4.0,1.0,4.0,3.0,4.0,0.0,4.0,3.0,4.0,1.0,4.0,3.0,4.0,1.0,4.0,0.5,0.25,0.75,0.0,0.75,0.25,0.75,0.25
8475786,all_playoffs,F,52,48489,29.0,51.0,27.0,51.0,29.0,51.0,23.0,51.0,33.0,51.0,28.0,51.0,30.0,51.0,24.0,51.0,0.5686274509803921,0.5294117647058824,0.5686274509803921,0.45098039215686275,0.6470588235294118,0.5490196078431373,0.5882352941176471,0.47058823529411764
8475791,all_playoffs,F,22,15186,12.0,21.0,9.0,21.0,13.0,21.0,11.0,21.0,10.0,21.0,10.0,21.0,14.0,21.0,10.0,21.0,0.5714285714285714,0.42857142857142855,0.6190476190476191,0.5238095238095238,0.47619047619047616,0.47619047619047616,0.6666666666666666,0.47619047619047616
8475794,all_playoffs,F,56,43084,36.0,56.0,27.0,56.0,31.0,56.0,27.0,56.0,31.0,56.0,24.0,56.0,27.0,56.0,25.0,56.0,0.6428571428571429,0.48214285714285715,0.5535714285714286,0.48214285714285715,0.5535714285714286,0.42857142857142855,0.48214285714285715,0.44642857142857145
8475798,all_playoffs,F,18,14725,9.0,18.0,7.0,18.0,9.0,18.0,6.0,18.0,9.0,18.0,8.0,18.0,8.0,18.0,8.0,18.0,0.5,0.3888888888888889,0.5,0.3333333333333333,0.5,0.4444444444444444,0.4444444444444444,0.4444444444444444
8475799,all_playoffs,F,23,17372,10.0,23.0,11.0,23.0,10.0,23.0,12.0,23.0,12.0,23.0,11.0,23.0,9.0,23.0,14.0,23.0,0.43478260869565216,0.4782608695652174,0.43478260869565216,0.5217391304347826,0.5217391304347826,0.4782608695652174,0.391304347826087,0.6086956521739131
8475825,all_playoffs,D,15,13894,8.0,15.0,9.0,15.0,10.0,15.0,8.0,15.0,8.0,15.0,8.0,15.0,8.0,15.0,8.0,15.0,0.5333333333333333,0.6,0.6666666666666666,0.5333333333333333,0.5333333333333333,0.5333333333333333,0.5333333333333333,0.5333333333333333
8475842,all_playoffs,F,10,4983,3.0,6.0,4.0,6.0,6.0,6.0,3.0,6.0,4.0,6.0,4.0,6.0,4.0,6.0,4.0,6.0,0.5,0.6666666666666666,1.0,0.5,0.6666666666666666,0.6666666666666666,0.6666666666666666,0.6666666666666666
8475848,all_playoffs,F,5,3952,2.0,5.0,2.0,5.0,2.0,5.0,2.0,5.0,3.0,5.0,2.0,5.0,3.0,5.0,3.0,5.0,0.4,0.4,0.4,0.4,0.6,0.4,0.6,0.6
8475855,all_playoffs,F,15,11237,11.0,15.0,8.0,15.0,12.0,15.0,8.0,15.0,8.0,15.0,7.0,15.0,9.0,15.0,9.0,15.0,0.7333333333333333,0.5333333333333333,0.8,0.5333333333333333,0.5333333333333333,0.4666666666666667,0.6,0.6
8475913,all_playoffs,F,39,34962,18.0,38.0,20.0,38.0,16.0,38.0,18.0,38.0,18.0,38.0,20.0,38.0,12.0,38.0,16.0,38.0,0.47368421052631576,0.5263157894736842,0.42105263157894735,0.47368421052631576,0.47368421052631576,0.5263157894736842,0.3157894736842105,0.42105263157894735
8476278,all_playoffs,F,11,5858,2.0,7.0,2.0,7.0,2.0,7.0,3.0,7.0,3.0,7.0,2.0,7.0,2.0,7.0,4.0,7.0,0.2857142857142857,0.2857142857142857,0.2857142857142857,0.42857142857142855,0.42857142857142855,0.2857142857142857,0.2857142857142857,0.5714285714285714
8476292,all_playoffs,F,17,13255,15.0,17.0,9.0,17.0,12.0,17.0,9.0,17.0,11.0,17.0,8.0,17.0,10.0,17.0,11.0,17.0,0.8823529411764706,0.5294117647058824,0.7058823529411765,0.5294117647058824,0.6470588235294118,0.47058823529411764,0.5882352941176471,0.6470588235294118
8476312,all_playoffs,D,23,20706,13.0,22.0,12.0,22.0,10.0,22.0,12.0,22.0,8.0,22.0,10.0,22.0,10.0,22.0,14.0,22.0,0.5909090909090909,0.5454545454545454,0.45454545454545453,0.5454545454545454,0.36363636363636365,0.45454545454545453,0.45454545454545453,0.6363636363636364
8476331,all_playoffs,D,22,24370,6.0,22.0,8.0,22.0,8.0,22.0,6.0,22.0,5.0,22.0,6.0,22.0,5.0,22.0,5.0,22.0,0.2727272727272727,0.36363636363636365,0.36363636363636365,0.2727272727272727,0.22727272727272727,0.2727272727272727,0.22727272727272727,0.22727272727272727
8476389,all_playoffs,F,23,21384,10.0,23.0,7.0,23.0,16.0,23.0,7.0,23.0,13.0,23.0,12.0,23.0,16.0,23.0,10.0,23.0,0.43478260869565216,0.30434782608695654,0.6956521739130435,0.30434782608695654,0.5652173913043478,0.5217391304347826,0.6956521739130435,0.43478260869565216
8476392,all_playoffs,F,23,18587,12.0,23.0,15.0,23.0,11.0,23.0,15.0,23.0,16.0,23.0,17.0,23.0,15.0,23.0,15.0,23.0,0.5217391304347826,0.6521739130434783,0.4782608695652174,0.6521739130434783,0.6956521739130435,0.7391304347826086,0.6521739130434783,0.6521739130434783
8476393,all_playoffs,F,38,23586,16.0,26.0,13.0,26.0,16.0,26.0,11.0,26.0,15.0,26.0,14.0,26.0,16.0,26.0,15.0,26.0,0.6153846153846154,0.5,0.6153846153846154,0.4230769230769231,0.5769230769230769,0.5384615384615384,0.6153846153846154,0.5769230769230769
8476419,all_playoffs,F,10,7669,3.0,10.0,3.0,10.0,5.0,10.0,2.0,10.0,4.0,10.0,2.0,10.0,5.0,10.0,2.0,10.0,0.3,0.3,0.5,0.2,0.4,0.2,0.5,0.2
8476422,all_playoffs,D,5,4762,1.0,5.0,3.0,5.0,2.0,5.0,2.0,5.0,3.0,5.0,3.0,5.0,3.0,5.0,2.0,5.0,0.2,0.6,0.4,0.4,0.6,0.6,0.6,0.4
8476429,all_playoffs,D,6,6221,2.0,6.0,1.0,6.0,1.0,6.0,5.0,6.0,2.0,6.0,3.0,6.0,1.0,6.0,6.0,6.0,0.3333333333333333,0.16666666666666666,0.16666666666666666,0.8333333333333334,0.3333333333333333,0.5,0.16666666666666666,1.0
8476438,all_playoffs,F,8,5868,5.0,8.0,4.0,8.0,4.0,8.0,5.0,8.0,4.0,8.0,4.0,8.0,4.0,8.0,4.0,8.0,0.625,0.5,0.5,0.625,0.5,0.5,0.5,0.5
8476441,all_playoffs,D,13,13622,6.0,13.0,5.0,13.0,7.0,13.0,6.0,13.0,7.0,13.0,4.0,13.0,9.0,13.0,5.0,13.0,0.46153846153846156,0.38461538461538464,0.5384615384615384,0.46153846153846156,0.5384615384615384,0.3076923076923077,0.6923076923076923,0.38461538461538464
8476442,all_playoffs,F,7,4077,3.0,5.0,1.0,5.0,3.0,5.0,1.0,5.0,2.0,5.0,1.0,5.0,3.0,5.0,2.0,5.0,0.6,0.2,0.6,0.2,0.4,0.2,0.6,0.4
8476448,all_playoffs,F,40,31778,16.0,39.0,23.0,39.0,19.0,39.0,22.0,39.0,16.0,39.0,25.0,39.0,16.0,39.0,22.0,39.0,0.41025641025641024,0.5897435897435898,0.48717948717948717,0.5641025641025641,0.41025641025641024,0.6410256410256411,0.41025641025641024,0.5641025641025641
8476453,all_playoffs,F,16,15799,10.0,16.0,7.0,16.0,10.0,16.0,7.0,16.0,9.0,16.0,8.0,16.0,9.0,16.0,9.0,16.0,0.625,0.4375,0.625,0.4375,0.5625,0.5,0.5625,0.5625
8476454,all_playoffs,F,59,52245,22.0,59.0,35.0,59.0,26.0,59.0,32.0,59.0,23.0,59.0,35.0,59.0,22.0,59.0,31.0,59.0,0.3728813559322034,0.5932203389830508,0.4406779661016949,0.5423728813559322,0.3898305084745763,0.5932203389830508,0.3728813559322034,0.5254237288135594
8476457,all_playoffs,D,14,17406,7.0,14.0,4.0,14.0,8.0,14.0,4.0,14.0,7.0,14.0,6.0,14.0,9.0,14.0,6.0,14.0,0.5,0.2857142857142857,0.5714285714285714,0.2857142857142857,0.5,0.42857142857142855,0.6428571428571429,0.42857142857142855
8476459,all_playoffs,F,23,20256,7.0,23.0,11.0,23.0,7.0,23.0,8.0,23.0,6.0,23.0,14.0,23.0,7.0,23.0,14.0,23.0,0.30434782608695654,0.4782608695652174,0.30434782608695654,0.34782608695652173,0.2608695652173913,0.6086956521739131,0.30434782608695654,0.6086956521739131
8476460,all_playoffs,F,20,18803,8.0,18.0,6.0,18.0,6.0,18.0,6.0,18.0,7.0,18.0,7.0,18.0,6.0,18.0,8.0,18.0,0.4444444444444444,0.3333333333333333,0.3333333333333333,0.3333333333333333,0.3888888888888889,0.3888888888888889,0.3333333333333333,0.4444444444444444
8476462,all_playoffs,D,17,17752,9.0,17.0,9.0,17.0,9.0,17.0,9.0,17.0,8.0,17.0,8.0,17.0,7.0,17.0,11.0,17.0,0.5294117647058824,0.5294117647058824,0.5294117647058824,0.5294117647058824,0.47058823529411764,0.47058823529411764,0.4117647058823529,0.6470588235294118
8476463,all_playoffs,D,12,13799,5.0,12.0,8.0,12.0,5.0,12.0,8.0,12.0,3.0,12.0,8.0,12.0,6.0,12.0,8.0,12.0,0.4166666666666667,0.6666666666666666,0.4166666666666667,0.6666666666666666,0.25,0.6666666666666666,0.5,0.6666666666666666
8476467,all_playoffs,D,14,14630,3.0,14.0,7.0,14.0,4.0,14.0,6.0,14.0,3.0,14.0,8.0,14.0,3.0,14.0,7.0,14.0,0.21428571428571427,0.5,0.2857142857142857,0.42857142857142855,0.21428571428571427,0.5714285714285714,0.21428571428571427,0.5
8476468,all_playoffs,F,13,12948,8.0,13.0,8.0,13.0,6.0,13.0,6.0,13.0,7.0,13.0,9.0,13.0,8.0,13.0,7.0,13.0,0.6153846153846154,0.6153846153846154,0.46153846153846156,0.46153846153846156,0.5384615384615384,0.6923076923076923,0.6153846153846154,0.5384615384615384
8476469,all_playoffs,F,5,3017,2.0,4.0,3.0,4.0,1.0,4.0,2.0,4.0,1.0,4.0,2.0,4.0,2.0,4.0,2.0,4.0,0.5,0.75,0.25,0.5,0.25,0.5,0.5,0.5
8476474,all_playoffs,F,31,19685,10.0,24.0,6.0,24.0,10.0,24.0,8.0,24.0,7.0,24.0,8.0,24.0,6.0,24.0,10.0,24.0,0.4166666666666667,0.25,0.4166666666666667,0.3333333333333333,0.2916666666666667,0.3333333333333333,0.25,0.4166666666666667
8476479,all_playoffs,F,17,15264,6.0,17.0,4.0,17.0,7.0,17.0,4.0,17.0,7.0,17.0,6.0,17.0,8.0,17.0,7.0,17.0,0.35294117647058826,0.23529411764705882,0.4117647058823529,0.23529411764705882,0.4117647058823529,0.35294117647058826,0.47058823529411764,0.4117647058823529
8476480,all_playoffs,F,22,15676,10.0,21.0,12.0,21.0,8.0,21.0,12.0,21.0,11.0,21.0,12.0,21.0,11.0,21.0,13.0,21.0,0.47619047619047616,0.5714285714285714,0.38095238095238093,0.5714285714285714,0.5238095238095238,0.5714285714285714,0.5238095238095238,0.6190476190476191
8476525,all_playoffs,D,15,11564,6.0,15.0,7.0,15.0,7.0,15.0,7.0,15.0,6.0,15.0,9.0,15.0,8.0,15.0,8.0,15.0,0.4,0.4666666666666667,0.4666666666666667,0.4666666666666667,0.4,0.6,0.5333333333333333,0.5333333333333333
8476539,all_playoffs,F,29,25616,18.0,29.0,15.0,29.0,17.0,29.0,16.0,29.0,21.0,29.0,17.0,29.0,16.0,29.0,19.0,29.0,0.6206896551724138,0.5172413793103449,0.5862068965517241,0.5517241379310345,0.7241379310344828,0.5862068965517241,0.5517241379310345,0.6551724137931034
8476624,all_playoffs,F,23,13197,8.0,17.0,5.0,17.0,5.0,17.0,6.0,17.0,8.0,17.0,7.0,17.0,6.0,17.0,10.0,17.0,0.47058823529411764,0.29411764705882354,0.29411764705882354,0.35294117647058826,0.47058823529411764,0.4117647058823529,0.35294117647058826,0.5882352941176471
8476779,all_playoffs,D,1,41,0.0,0.0,0.0,0.0,0.0,0.0,0.0,0.0,0.0,0.0,0.0,0.0,0.0,0.0,0.0,0.0,,,,,,,,
8476822,all_playoffs,F,27,14028,6.0,17.0,12.0,17.0,7.0,17.0,12.0,17.0,5.0,17.0,12.0,17.0,5.0,17.0,10.0,17.0,0.35294117647058826,0.7058823529411765,0.4117647058823529,0.7058823529411765,0.29411764705882354,0.7058823529411765,0.29411764705882354,0.5882352941176471
8476826,all_playoffs,F,19,16908,8.0,19.0,11.0,19.0,6.0,19.0,10.0,19.0,6.0,19.0,12.0,19.0,7.0,19.0,12.0,19.0,0.42105263157894735,0.5789473684210527,0.3157894736842105,0.5263157894736842,0.3157894736842105,0.631578947368421,0.3684210526315789,0.631578947368421
8476853,all_playoffs,D,31,35622,20.0,31.0,14.0,31.0,21.0,31.0,18.5,31.0,25.0,31.0,15.0,31.0,22.0,31.0,16.0,31.0,0.6451612903225806,0.45161290322580644,0.6774193548387096,0.5967741935483871,0.8064516129032258,0.4838709677419355,0.7096774193548387,0.5161290322580645
8476854,all_playoffs,D,20,21227,13.0,20.0,11.0,20.0,14.0,20.0,13.0,20.0,13.0,20.0,10.0,20.0,13.0,20.0,11.0,20.0,0.65,0.55,0.7,0.65,0.65,0.5,0.65,0.55
8476856,all_playoffs,D,11,9625,5.0,10.0,6.0,10.0,5.0,10.0,6.0,10.0,4.0,10.0,4.0,10.0,3.0,10.0,4.0,10.0,0.5,0.6,0.5,0.6,0.4,0.4,0.3,0.4
8476858,all_playoffs,F,11,5761,5.0,7.0,4.0,7.0,3.0,7.0,3.0,7.0,4.0,7.0,4.0,7.0,4.0,7.0,3.0,7.0,0.7142857142857143,0.5714285714285714,0.42857142857142855,0.42857142857142855,0.5714285714285714,0.5714285714285714,0.5714285714285714,0.42857142857142855
8476869,all_playoffs,D,26,26801,14.0,26.0,14.0,26.0,16.5,26.0,13.0,26.0,9.0,26.0,16.0,26.0,11.0,26.0,13.0,26.0,0.5384615384615384,0.5384615384615384,0.6346153846153846,0.5,0.34615384615384615,0.6153846153846154,0.4230769230769231,0.5
8476871,all_playoffs,F,8,3601,3.0,4.0,1.0,4.0,3.0,4.0,1.0,4.0,3.0,4.0,3.0,4.0,3.0,4.0,1.0,4.0,0.75,0.25,0.75,0.25,0.75,0.75,0.75,0.25
8476872,all_playoffs,F,13,8895,3.0,12.0,7.0,12.0,3.0,12.0,7.0,12.0,3.0,12.0,7.0,12.0,4.0,12.0,7.0,12.0,0.25,0.5833333333333334,0.25,0.5833333333333334,0.25,0.5833333333333334,0.3333333333333333,0.5833333333333334
8476873,all_playoffs,F,13,7059,2.0,11.0,5.0,11.0,2.0,11.0,4.0,11.0,2.0,11.0,6.0,11.0,3.0,11.0,6.0,11.0,0.18181818181818182,0.45454545454545453,0.18181818181818182,0.36363636363636365,0.18181818181818182,0.5454545454545454,0.2727272727272727,0.5454545454545454
8476875,all_playoffs,D,5,5931,1.0,5.0,2.0,5.0,1.0,5.0,1.0,5.0,2.0,5.0,3.0,5.0,2.0,5.0,2.0,5.0,0.2,0.4,0.2,0.2,0.4,0.6,0.4,0.4
8476878,all_playoffs,F,5,2562,0.0,2.0,2.0,2.0,0.0,2.0,2.0,2.0,0.0,2.0,2.0,2.0,0.0,2.0,2.0,2.0,0.0,1.0,0.0,1.0,0.0,1.0,0.0,1.0
8476879,all_playoffs,D,54,52808,19.0,54.0,24.0,54.0,19.0,54.0,23.0,54.0,12.0,54.0,24.0,54.0,17.0,54.0,22.0,54.0,0.35185185185185186,0.4444444444444444,0.35185185185185186,0.42592592592592593,0.2222222222222222,0.4444444444444444,0.3148148148148148,0.4074074074074074
8476880,all_playoffs,F,14,12442,6.0,14.0,7.0,14.0,5.0,14.0,8.0,14.0,5.0,14.0,8.0,14.0,5.0,14.0,8.0,14.0,0.42857142857142855,0.5,0.35714285714285715,0.5714285714285714,0.35714285714285715,0.5714285714285714,0.35714285714285715,0.5714285714285714
8476881,all_playoffs,F,18,16405,8.0,18.0,10.0,18.0,9.0,18.0,9.0,18.0,12.0,18.0,11.0,18.0,10.0,18.0,11.0,18.0,0.4444444444444444,0.5555555555555556,0.5,0.5,0.6666666666666666,0.6111111111111112,0.5555555555555556,0.6111111111111112
8476882,all_playoffs,F,17,12824,11.0,17.0,9.0,17.0,8.0,17.0,9.0,17.0,8.0,17.0,8.0,17.0,10.0,17.0,10.0,17.0,0.6470588235294118,0.5294117647058824,0.47058823529411764,0.5294117647058824,0.47058823529411764,0.47058823529411764,0.5882352941176471,0.5882352941176471
8476885,all_playoffs,D,23,22643,8.0,23.0,12.0,23.0,10.0,23.0,8.0,23.0,8.0,23.0,10.0,23.0,13.0,23.0,13.0,23.0,0.34782608695652173,0.5217391304347826,0.43478260869565216,0.34782608695652173,0.34782608695652173,0.43478260869565216,0.5652173913043478,0.5652173913043478
8476887,all_playoffs,F,6,5839,3.0,6.0,3.0,6.0,3.0,6.0,3.0,6.0,4.0,6.0,5.0,6.0,3.0,6.0,4.0,6.0,0.5,0.5,0.5,0.5,0.6666666666666666,0.8333333333333334,0.5,0.6666666666666666
8476889,all_playoffs,F,34,21584,10.0,31.0,20.0,31.0,10.0,31.0,19.0,31.0,10.0,31.0,20.0,31.0,10.0,31.0,17.0,31.0,0.3225806451612903,0.6451612903225806,0.3225806451612903,0.6129032258064516,0.3225806451612903,0.6451612903225806,0.3225806451612903,0.5483870967741935
8476891,all_playoffs,D,7,5472,5.0,7.0,5.0,7.0,5.0,7.0,5.0,7.0,4.0,7.0,6.0,7.0,5.0,7.0,3.0,7.0,0.7142857142857143,0.7142857142857143,0.7142857142857143,0.7142857142857143,0.5714285714285714,0.8571428571428571,0.7142857142857143,0.42857142857142855
8476892,all_playoffs,D,7,7516,4.0,7.0,5.0,7.0,4.0,7.0,5.0,7.0,5.0,7.0,5.0,7.0,5.0,7.0,4.0,7.0,0.5714285714285714,0.7142857142857143,0.5714285714285714,0.7142857142857143,0.7142857142857143,0.7142857142857143,0.7142857142857143,0.5714285714285714
8476897,all_playoffs,F,8,5158,3.0,8.0,6.0,8.0,3.0,8.0,7.0,8.0,3.0,8.0,5.0,8.0,1.0,8.0,7.0,8.0,0.375,0.75,0.375,0.875,0.375,0.625,0.125,0.875
8476902,all_playoffs,D,56,62064,24.0,56.0,25.0,56.0,26.0,56.0,30.0,56.0,16.0,56.0,25.0,56.0,21.0,56.0,26.0,56.0,0.42857142857142855,0.44642857142857145,0.4642857142857143,0.5357142857142857,0.2857142857142857,0.44642857142857145,0.375,0.4642857142857143
8476905,all_playoffs,F,29,24611,15.0,29.0,13.0,29.0,13.0,29.0,11.0,29.0,11.0,29.0,14.0,29.0,12.0,29.0,10.0,29.0,0.5172413793103449,0.4482758620689655,0.4482758620689655,0.3793103448275862,0.3793103448275862,0.4827586206896552,0.41379310344827586,0.3448275862068966
8476906,all_playoffs,D,30,24533,20.0,30.0,18.0,30.0,20.0,30.0,13.0,30.0,16.0,30.0,22.0,30.0,18.0,30.0,17.0,30.0,0.6666666666666666,0.6,0.6666666666666666,0.43333333333333335,0.5333333333333333,0.7333333333333333,0.6,0.5666666666666667
8476917,all_playoffs,D,11,12149,5.0,11.0,4.0,11.0,7.0,11.0,6.0,11.0,6.0,11.0,7.0,11.0,7.0,11.0,5.0,11.0,0.45454545454545453,0.36363636363636365,0.6363636363636364,0.5454545454545454,0.5454545454545454,0.6363636363636364,0.6363636363636364,0.45454545454545453
8476918,all_playoffs,F,19,9761,6.0,13.0,4.0,13.0,6.0,13.0,5.0,13.0,7.0,13.0,6.0,13.0,6.0,13.0,6.0,13.0,0.46153846153846156,0.3076923076923077,0.46153846153846156,0.38461538461538464,0.5384615384615384,0.46153846153846156,0.46153846153846156,0.46153846153846156
8476921,all_playoffs,F,41,32636,27.0,41.0,20.0,41.0,23.0,41.0,25.0,41.0,20.0,41.0,23.0,41.0,21.0,41.0,28.0,41.0,0.6585365853658537,0.4878048780487805,0.5609756097560976,0.6097560975609756,0.4878048780487805,0.5609756097560976,0.5121951219512195,0.6829268292682927
8476923,all_playoffs,D,12,10439,7.0,12.0,8.0,12.0,7.0,12.0,5.0,12.0,4.0,12.0,7.0,12.0,4.0,12.0,6.0,12.0,0.5833333333333334,0.6666666666666666,0.5833333333333334,0.4166666666666667,0.3333333333333333,0.5833333333333334,0.3333333333333333,0.5
8476925,all_playoffs,F,6,4649,3.0,6.0,1.0,6.0,3.0,6.0,5.0,6.0,3.0,6.0,2.0,6.0,4.0,6.0,3.0,6.0,0.5,0.16666666666666666,0.5,0.8333333333333334,0.5,0.3333333333333333,0.6666666666666666,0.5
8476927,all_playoffs,F,19,11757,5.0,18.0,10.0,18.0,3.0,18.0,10.0,18.0,5.0,18.0,12.0,18.0,6.0,18.0,10.0,18.0,0.2777777777777778,0.5555555555555556,0.16666666666666666,0.5555555555555556,0.2777777777777778,0.6666666666666666,0.3333333333333333,0.5555555555555556
8476931,all_playoffs,D,31,33041,9.0,31.0,18.0,31.0,12.0,31.0,20.0,31.0,7.0,31.0,19.0,31.0,6.0,31.0,18.0,31.0,0.2903225806451613,0.5806451612903226,0.3870967741935484,0.6451612903225806,0.22580645161290322,0.6129032258064516,0.1935483870967742,0.5806451612903226
8476958,all_playoffs,D,41,44551,24.0,40.0,20.0,40.0,22.0,40.0,19.0,40.0,25.0,40.0,18.0,40.0,21.0,40.0,17.0,40.0,0.6,0.5,0.55,0.475,0.625,0.45,0.525,0.425
8476967,all_playoffs,D,59,55747,24.0,59.0,35.0,59.0,27.0,59.0,29.0,59.0,25.0,59.0,34.0,59.0,26.0,59.0,31.0,59.0,0.4067796610169492,0.5932203389830508,0.4576271186440678,0.4915254237288136,0.423728813559322,0.576271186440678,0.4406779661016949,0.5254237288135594
8476979,all_playoffs,D,18,14840,6.0,17.0,9.0,17.0,6.0,17.0,7.0,17.0,8.0,17.0,10.0,17.0,8.0,17.0,12.0,17.0,0.35294117647058826,0.5294117647058824,0.35294117647058826,0.4117647058823529,0.47058823529411764,0.5882352941176471,0.47058823529411764,0.7058823529411765
8476981,all_playoffs,F,5,3547,2.0,5.0,2.0,5.0,2.0,5.0,2.0,5.0,3.0,5.0,1.0,5.0,2.0,5.0,3.0,5.0,0.4,0.4,0.4,0.4,0.6,0.2,0.4,0.6
8476994,all_playoffs,F,1,505,0.0,1.0,0.0,1.0,0.0,1.0,0.0,1.0,0.0,1.0,1.0,1.0,0.0,1.0,1.0,1.0,0.0,0.0,0.0,0.0,0.0,1.0,0.0,1.0
8477015,all_playoffs,F,39,25495,10.0,33.0,18.0,33.0,12.0,33.0,14.0,33.0,10.0,33.0,14.0,33.0,9.0,33.0,13.0,33.0,0.30303030303030304,0.5454545454545454,0.36363636363636365,0.42424242424242425,0.30303030303030304,0.42424242424242425,0.2727272727272727,0.3939393939393939
8477018,all_playoffs,D,3,2152,1.0,3.0,2.0,3.0,2.0,3.0,2.0,3.0,1.0,3.0,1.0,3.0,2.0,3.0,2.0,3.0,0.3333333333333333,0.6666666666666666,0.6666666666666666,0.6666666666666666,0.3333333333333333,0.3333333333333333,0.6666666666666666,0.6666666666666666
8477021,all_playoffs,F,11,7813,5.0,11.0,4.0,11.0,6.0,11.0,5.0,11.0,3.0,11.0,6.0,11.0,3.0,11.0,4.0,11.0,0.45454545454545453,0.36363636363636365,0.5454545454545454,0.45454545454545453,0.2727272727272727,0.5454545454545454,0.2727272727272727,0.36363636363636365
8477220,all_playoffs,D,31,24974,17.0,31.0,14.0,31.0,16.0,31.0,14.0,31.0,16.0,31.0,16.0,31.0,16.0,31.0,14.0,31.0,0.5483870967741935,0.45161290322580644,0.5161290322580645,0.45161290322580644,0.5161290322580645,0.5161290322580645,0.5161290322580645,0.45161290322580644
8477353,all_playoffs,F,12,5826,3.0,7.0,4.0,7.0,3.0,7.0,3.0,7.0,4.0,7.0,5.0,7.0,4.0,7.0,5.0,7.0,0.42857142857142855,0.5714285714285714,0.42857142857142855,0.42857142857142855,0.5714285714285714,0.7142857142857143,0.5714285714285714,0.7142857142857143
8477357,all_playoffs,F,5,1935,0.0,1.0,0.0,1.0,0.0,1.0,0.0,1.0,0.0,1.0,0.0,1.0,0.0,1.0,0.0,1.0,0.0,0.0,0.0,0.0,0.0,0.0,0.0,0.0
8477365,all_playoffs,D,3,2365,2.0,3.0,0.0,3.0,1.0,3.0,0.0,3.0,3.0,3.0,1.0,3.0,1.0,3.0,1.0,3.0,0.6666666666666666,0.0,0.3333333333333333,0.0,1.0,0.3333333333333333,0.3333333333333333,0.3333333333333333
8477369,all_playoffs,D,26,20317,13.0,26.0,10.0,26.0,13.0,26.0,13.0,26.0,13.0,26.0,13.0,26.0,11.0,26.0,13.0,26.0,0.5,0.38461538461538464,0.5,0.5,0.5,0.5,0.4230769230769231,0.5
8477380,all_playoffs,F,3,1488,1.0,2.0,0.0,2.0,1.0,2.0,0.0,2.0,1.0,2.0,0.0,2.0,1.0,2.0,0.0,2.0,0.5,0.0,0.5,0.0,0.5,0.0,0.5,0.0
8477392,all_playoffs,F,10,6720,4.0,10.0,2.0,10.0,5.0,10.0,4.0,10.0,4.0,10.0,4.0,10.0,4.0,10.0,4.0,10.0,0.4,0.2,0.5,0.4,0.4,0.4,0.4,0.4
8477402,all_playoffs,F,7,6550,2.0,7.0,5.0,7.0,2.0,7.0,5.0,7.0,4.0,7.0,5.0,7.0,4.0,7.0,4.0,7.0,0.2857142857142857,0.7142857142857143,0.2857142857142857,0.7142857142857143,0.5714285714285714,0.7142857142857143,0.5714285714285714,0.5714285714285714
8477404,all_playoffs,F,16,15308,10.0,16.0,9.0,16.0,11.0,16.0,10.0,16.0,7.0,16.0,9.0,16.0,10.0,16.0,10.0,16.0,0.625,0.5625,0.6875,0.625,0.4375,0.5625,0.625,0.625
8477406,all_playoffs,F,52,28784,12.0,42.0,25.0,42.0,19.0,42.0,18.0,42.0,11.0,42.0,23.0,42.0,12.0,42.0,17.0,42.0,0.2857142857142857,0.5952380952380952,0.4523809523809524,0.42857142857142855,0.2619047619047619,0.5476190476190477,0.2857142857142857,0.40476190476190477
8477407,all_playoffs,F,25,18377,10.0,25.0,5.0,25.0,11.0,25.0,8.0,25.0,12.0,25.0,9.0,25.0,12.0,25.0,8.0,25.0,0.4,0.2,0.44,0.32,0.48,0.36,0.48,0.32
8477409,all_playoffs,F,68,61930,38.0,68.0,31.0,68.0,39.0,68.0,28.0,68.0,37.0,68.0,32.0,68.0,39.0,68.0,29.0,68.0,0.5588235294117647,0.45588235294117646,0.5735294117647058,0.4117647058823529,0.5441176470588235,0.47058823529411764,0.5735294117647058,0.4264705882352941
8477416,all_playoffs,F,14,11995,9.0,14.0,7.0,14.0,10.0,14.0,5.0,14.0,8.0,14.0,8.0,14.0,11.0,14.0,8.0,14.0,0.6428571428571429,0.5,0.7142857142857143,0.35714285714285715,0.5714285714285714,0.5714285714285714,0.7857142857142857,0.5714285714285714
8477425,all_playoffs,F,20,12565,12.0,17.0,8.0,17.0,12.0,17.0,7.0,17.0,10.0,17.0,8.0,17.0,11.0,17.0,7.0,17.0,0.7058823529411765,0.47058823529411764,0.7058823529411765,0.4117647058823529,0.5882352941176471,0.47058823529411764,0.6470588235294118,0.4117647058823529
8477426,all_playoffs,F,16,12314,11.0,16.0,10.0,16.0,9.0,16.0,7.0,16.0,9.0,16.0,9.0,16.0,7.0,16.0,9.0,16.0,0.6875,0.625,0.5625,0.4375,0.5625,0.5625,0.4375,0.5625
8477435,all_playoffs,D,10,9182,4.0,10.0,5.0,10.0,6.0,10.0,4.0,10.0,1.0,10.0,5.0,10.0,2.0,10.0,4.0,10.0,0.4,0.5,0.6,0.4,0.1,0.5,0.2,0.4
8477446,all_playoffs,F,6,4016,2.0,6.0,3.0,6.0,2.0,6.0,3.0,6.0,2.0,6.0,2.0,6.0,2.0,6.0,2.0,6.0,0.3333333333333333,0.5,0.3333333333333333,0.5,0.3333333333333333,0.3333333333333333,0.3333333333333333,0.3333333333333333
8477447,all_playoffs,D,39,40828,22.0,39.0,23.0,39.0,21.0,39.0,28.0,39.0,22.0,39.0,26.0,39.0,24.0,39.0,28.0,39.0,0.5641025641025641,0.5897435897435898,0.5384615384615384,0.717948717948718,0.5641025641025641,0.6666666666666666,0.6153846153846154,0.717948717948718
8477451,all_playoffs,F,11,9112,7.0,11.0,3.0,11.0,7.0,11.0,5.0,11.0,8.0,11.0,4.0,11.0,6.0,11.0,4.0,11.0,0.6363636363636364,0.2727272727272727,0.6363636363636364,0.45454545454545453,0.7272727272727273,0.36363636363636365,0.5454545454545454,0.36363636363636365
8477456,all_playoffs,F,7,7325,2.0,7.0,5.0,7.0,2.0,7.0,4.0,7.0,1.0,7.0,5.0,7.0,0.0,7.0,5.0,7.0,0.2857142857142857,0.7142857142857143,0.2857142857142857,0.5714285714285714,0.14285714285714285,0.7142857142857143,0.0,0.7142857142857143
8477476,all_playoffs,F,25,23738,18.0,25.0,15.0,25.0,17.0,25.0,15.0,25.0,17.0,25.0,16.0,25.0,14.0,25.0,15.0,25.0,0.72,0.6,0.68,0.6,0.68,0.64,0.56,0.6
8477478,all_playoffs,F,40,22983,17.0,32.0,16.0,32.0,17.0,32.0,17.0,32.0,16.0,32.0,17.0,32.0,18.0,32.0,15.0,32.0,0.53125,0.5,0.53125,0.53125,0.5,0.53125,0.5625,0.46875
8477479,all_playoffs,F,14,12219,9.0,14.0,5.0,14.0,9.0,14.0,7.0,14.0,11.0,14.0,7.0,14.0,10.0,14.0,9.0,14.0,0.6428571428571429,0.35714285714285715,0.6428571428571429,0.5,0.7857142857142857,0.5,0.7142857142857143,0.6428571428571429
8477488,all_playoffs,D,22,23565,12.0,21.0,9.0,21.0,15.0,21.0,8.0,21.0,8.0,21.0,11.0,21.0,9.0,21.0,8.0,21.0,0.5714285714285714,0.42857142857142855,0.7142857142857143,0.38095238095238093,0.38095238095238093,0.5238095238095238,0.42857142857142855,0.38095238095238093
8477492,all_playoffs,F,25,27899,17.0,25.0,11.0,25.0,12.0,25.0,14.0,25.0,16.0,25.0,13.0,25.0,12.0,25.0,15.0,25.0,0.68,0.44,0.48,0.56,0.64,0.52,0.48,0.6
8477493,all_playoffs,F,68,64253,31.0,67.0,44.0,67.0,34.0,67.0,36.0,67.0,30.0,67.0,46.0,67.0,32.0,67.0,37.0,67.0,0.4626865671641791,0.6567164179104478,0.5074626865671642,0.5373134328358209,0.44776119402985076,0.6865671641791045,0.47761194029850745,0.5522388059701493
8477494,all_playoffs,F,10,8103,3.0,9.0,3.0,9.0,5.0,9.0,3.0,9.0,3.0,9.0,3.0,9.0,0.0,9.0,3.0,9.0,0.3333333333333333,0.3333333333333333,0.5555555555555556,0.3333333333333333,0.3333333333333333,0.3333333333333333,0.0,0.3333333333333333
8477495,all_playoffs,D,23,25534,11.0,23.0,16.0,23.0,11.0,23.0,16.0,23.0,8.0,23.0,16.0,23.0,9.0,23.0,14.0,23.0,0.4782608695652174,0.6956521739130435,0.4782608695652174,0.6956521739130435,0.34782608695652173,0.6956521739130435,0.391304347826087,0.6086956521739131
8477496,all_playoffs,F,13,11666,5.0,13.0,9.0,13.0,5.0,13.0,7.0,13.0,5.0,13.0,6.0,13.0,5.0,13.0,8.0,13.0,0.38461538461538464,0.6923076923076923,0.38461538461538464,0.5384615384615384,0.38461538461538464,0.46153846153846156,0.38461538461538464,0.6153846153846154
8477497,all_playoffs,F,5,4631,2.0,5.0,1.0,5.0,1.0,5.0,1.0,5.0,2.0,5.0,2.0,5.0,3.0,5.0,2.0,5.0,0.4,0.2,0.2,0.2,0.4,0.4,0.6,0.4
8477498,all_playoffs,D,58,58617,29.0,57.0,23.0,57.0,29.0,57.0,26.0,57.0,22.0,57.0,26.0,57.0,24.0,57.0,25.0,57.0,0.5087719298245614,0.40350877192982454,0.5087719298245614,0.45614035087719296,0.38596491228070173,0.45614035087719296,0.42105263157894735,0.43859649122807015
8477500,all_playoffs,F,11,10573,4.0,11.0,6.0,11.0,4.0,11.0,5.0,11.0,5.0,11.0,6.0,11.0,3.0,11.0,6.0,11.0,0.36363636363636365,0.5454545454545454,0.36363636363636365,0.45454545454545453,0.45454545454545453,0.5454545454545454,0.2727272727272727,0.5454545454545454
8477501,all_playoffs,F,17,16639,9.0,17.0,10.0,17.0,7.0,17.0,9.0,17.0,6.0,17.0,12.0,17.0,5.0,17.0,10.0,17.0,0.5294117647058824,0.5882352941176471,0.4117647058823529,0.5294117647058824,0.35294117647058826,0.7058823529411765,0.29411764705882354,0.5882352941176471
8477503,all_playoffs,F,39,28032,19.0,38.0,11.0,38.0,18.0,38.0,15.0,38.0,23.0,38.0,16.0,38.0,22.0,38.0,17.0,38.0,0.5,0.2894736842105263,0.47368421052631576,0.39473684210526316,0.6052631578947368,0.42105263157894735,0.5789473684210527,0.4473684210526316
8477504,all_playoffs,D,20,21109,9.0,18.0,7.0,18.0,6.0,18.0,5.0,18.0,8.0,18.0,10.0,18.0,10.0,18.0,8.0,18.0,0.5,0.3888888888888889,0.3333333333333333,0.2777777777777778,0.4444444444444444,0.5555555555555556,0.5555555555555556,0.4444444444444444
8477505,all_playoffs,F,30,24527,11.0,30.0,11.0,30.0,9.0,30.0,10.0,30.0,15.0,30.0,13.0,30.0,11.0,30.0,14.0,30.0,0.36666666666666664,0.36666666666666664,0.3,0.3333333333333333,0.5,0.43333333333333335,0.36666666666666664,0.4666666666666667
8477506,all_playoffs,D,11,12788,5.0,11.0,1.0,11.0,6.0,11.0,4.0,11.0,6.0,11.0,2.0,11.0,6.0,11.0,3.0,11.0,0.45454545454545453,0.09090909090909091,0.5454545454545454,0.36363636363636365,0.5454545454545454,0.18181818181818182,0.5454545454545454,0.2727272727272727
8477507,all_playoffs,D,13,13125,6.0,13.0,7.0,13.0,6.0,13.0,7.0,13.0,5.0,13.0,8.0,13.0,6.0,13.0,7.0,13.0,0.46153846153846156,0.5384615384615384,0.46153846153846156,0.5384615384615384,0.38461538461538464,0.6153846153846154,0.46153846153846156,0.5384615384615384
8477508,all_playoffs,F,6,2451,1.0,2.0,1.0,2.0,1.0,2.0,1.0,2.0,1.0,2.0,1.0,2.0,1.0,2.0,1.0,2.0,0.5,0.5,0.5,0.5,0.5,0.5,0.5,0.5
8477511,all_playoffs,F,3,2123,0.0,3.0,1.0,3.0,1.0,3.0,1.0,3.0,2.0,3.0,1.0,3.0,3.0,3.0,1.0,3.0,0.0,0.3333333333333333,0.3333333333333333,0.3333333333333333,0.6666666666666666,0.3333333333333333,1.0,0.3333333333333333
8477573,all_playoffs,F,7,4556,2.0,7.0,2.0,7.0,3.0,7.0,2.0,7.0,2.0,7.0,3.0,7.0,3.0,7.0,2.0,7.0,0.2857142857142857,0.2857142857142857,0.42857142857142855,0.2857142857142857,0.2857142857142857,0.42857142857142855,0.42857142857142855,0.2857142857142857
8477810,all_playoffs,D,13,9277,7.0,13.0,8.0,13.0,6.0,13.0,7.0,13.0,5.0,13.0,9.0,13.0,7.0,13.0,8.0,13.0,0.5384615384615384,0.6153846153846154,0.46153846153846156,0.5384615384615384,0.38461538461538464,0.6923076923076923,0.5384615384615384,0.6153846153846154
8477845,all_playoffs,D,13,10116,8.0,12.0,6.0,12.0,7.0,12.0,5.0,12.0,6.0,12.0,7.0,12.0,6.0,12.0,5.0,12.0,0.6666666666666666,0.5,0.5833333333333334,0.4166666666666667,0.5,0.5833333333333334,0.5,0.4166666666666667
8477903,all_playoffs,F,7,3407,2.0,3.0,0.0,3.0,2.0,3.0,0.0,3.0,1.0,3.0,1.0,3.0,2.0,3.0,2.0,3.0,0.6666666666666666,0.0,0.6666666666666666,0.0,0.3333333333333333,0.3333333333333333,0.6666666666666666,0.6666666666666666
8477919,all_playoffs,F,12,8589,6.0,12.0,7.0,12.0,3.0,12.0,8.0,12.0,6.0,12.0,7.0,12.0,5.0,12.0,7.0,12.0,0.5,0.5833333333333334,0.25,0.6666666666666666,0.5,0.5833333333333334,0.4166666666666667,0.5833333333333334
8477930,all_playoffs,F,6,2986,1.0,2.0,1.0,2.0,1.0,2.0,2.0,2.0,1.0,2.0,2.0,2.0,2.0,2.0,2.0,2.0,0.5,0.5,0.5,1.0,0.5,1.0,1.0,1.0
8477931,all_playoffs,F,23,11754,4.0,11.0,5.0,11.0,1.0,11.0,8.0,11.0,2.0,11.0,5.0,11.0,0.0,11.0,7.0,11.0,0.36363636363636365,0.45454545454545453,0.09090909090909091,0.7272727272727273,0.18181818181818182,0.45454545454545453,0.0,0.6363636363636364
8477932,all_playoffs,D,63,66867,35.0,63.0,36.0,63.0,34.0,63.0,34.0,63.0,30.0,63.0,30.0,63.0,33.0,63.0,36.0,63.0,0.5555555555555556,0.5714285714285714,0.5396825396825397,0.5396825396825397,0.47619047619047616,0.47619047619047616,0.5238095238095238,0.5714285714285714
8477933,all_playoffs,F,66,64517,33.0,65.0,46.0,65.0,34.0,65.0,39.0,65.0,25.0,65.0,46.0,65.0,27.0,65.0,43.0,65.0,0.5076923076923077,0.7076923076923077,0.5230769230769231,0.6,0.38461538461538464,0.7076923076923077,0.4153846153846154,0.6615384615384615
8477934,all_playoffs,F,59,59739,38.0,59.0,35.0,59.0,35.0,59.0,31.0,59.0,32.0,59.0,38.0,59.0,32.0,59.0,40.0,59.0,0.6440677966101694,0.5932203389830508,0.5932203389830508,0.5254237288135594,0.5423728813559322,0.6440677966101694,0.5423728813559322,0.6779661016949152
8477935,all_playoffs,F,62,51243,38.0,61.0,33.0,61.0,40.0,61.0,30.0,61.0,37.0,61.0,35.0,61.0,39.0,61.0,32.0,61.0,0.6229508196721312,0.5409836065573771,0.6557377049180327,0.4918032786885246,0.6065573770491803,0.5737704918032787,0.639344262295082,0.5245901639344263
8477938,all_playoffs,D,9,7031,0.0,8.0,3.0,8.0,0.0,8.0,4.0,8.0,1.0,8.0,4.0,8.0,1.0,8.0,3.0,8.0,0.0,0.375,0.0,0.5,0.125,0.5,0.125,0.375
8477939,all_playoffs,F,28,26350,15.0,28.0,15.0,28.0,21.0,28.0,13.0,28.0,21.0,28.0,16.0,28.0,18.0,28.0,14.0,28.0,0.5357142857142857,0.5357142857142857,0.75,0.4642857142857143,0.75,0.5714285714285714,0.6428571428571429,0.5
8477940,all_playoffs,F,14,11744,6.0,14.0,6.0,14.0,5.0,14.0,7.0,14.0,6.0,14.0,11.0,14.0,7.0,14.0,8.0,14.0,0.42857142857142855,0.42857142857142855,0.35714285714285715,0.5,0.42857142857142855,0.7857142857142857,0.5,0.5714285714285714
8477942,all_playoffs,F,14,13526,7.0,14.0,7.0,14.0,8.0,14.0,6.0,14.0,4.0,14.0,8.0,14.0,7.0,14.0,7.0,14.0,0.5,0.5,0.5714285714285714,0.42857142857142855,0.2857142857142857,0.5714285714285714,0.5,0.5
8477947,all_playoffs,F,4,2134,2.0,4.0,3.0,4.0,3.0,4.0,3.0,4.0,2.0,4.0,3.0,4.0,3.0,4.0,3.0,4.0,0.5,0.75,0.75,0.75,0.5,0.75,0.75,0.75
8477950,all_playoffs,D,9,7395,5.0,9.0,4.0,9.0,6.0,9.0,5.0,9.0,3.0,9.0,5.0,9.0,4.0,9.0,4.0,9.0,0.5555555555555556,0.4444444444444444,0.6666666666666666,0.5555555555555556,0.3333333333333333,0.5555555555555556,0.4444444444444444,0.4444444444444444
8477953,all_playoffs,F,12,7963,3.0,10.0,5.0,10.0,4.0,10.0,5.0,10.0,3.0,10.0,6.0,10.0,4.0,10.0,5.0,10.0,0.3,0.5,0.4,0.5,0.3,0.6,0.4,0.5
8477955,all_playoffs,F,8,5685,3.0,7.0,3.0,7.0,4.0,7.0,4.0,7.0,4.0,7.0,5.0,7.0,3.0,7.0,4.0,7.0,0.42857142857142855,0.42857142857142855,0.5714285714285714,0.5714285714285714,0.5714285714285714,0.7142857142857143,0.42857142857142855,0.5714285714285714
8477956,all_playoffs,F,20,18963,10.0,20.0,11.0,20.0,10.0,20.0,10.0,20.0,7.0,20.0,10.0,20.0,11.0,20.0,9.0,20.0,0.5,0.55,0.5,0.5,0.35,0.5,0.55,0.45
8477960,all_playoffs,F,17,16469,8.0,17.0,9.0,17.0,8.0,17.0,7.0,17.0,9.0,17.0,13.0,17.0,10.0,17.0,11.0,17.0,0.47058823529411764,0.5294117647058824,0.47058823529411764,0.4117647058823529,0.5294117647058824,0.7647058823529411,0.5882352941176471,0.6470588235294118
8477964,all_playoffs,F,40,33245,21.0,40.0,17.0,40.0,24.0,40.0,21.0,40.0,23.0,40.0,18.0,40.0,25.0,40.0,21.0,40.0,0.525,0.425,0.6,0.525,0.575,0.45,0.625,0.525
8477971,all_playoffs,D,5,3668,1.0,5.0,3.0,5.0,2.0,5.0,2.0,5.0,0.0,5.0,3.0,5.0,1.0,5.0,2.0,5.0,0.2,0.6,0.4,0.4,0.0,0.6,0.2,0.4
8477979,all_playoffs,F,3,1436,1.0,2.0,1.0,2.0,1.0,2.0,1.0,2.0,1.0,2.0,1.0,2.0,1.0,2.0,2.0,2.0,0.5,0.5,0.5,0.5,0.5,0.5,0.5,1.0
8477986,all_playoffs,D,45,51090,27.0,45.0,19.0,45.0,27.0,45.0,17.0,45.0,24.0,45.0,23.0,45.0,26.0,45.0,18.0,45.0,0.6,0.4222222222222222,0.6,0.37777777777777777,0.5333333333333333,0.5111111111111111,0.5777777777777777,0.4
8477987,all_playoffs,F,14,6856,4.0,6.0,3.0,6.0,4.0,6.0,2.0,6.0,2.0,6.0,3.0,6.0,3.0,6.0,2.0,6.0,0.6666666666666666,0.5,0.6666666666666666,0.3333333333333333,0.3333333333333333,0.5,0.5,0.3333333333333333
8477989,all_playoffs,F,5,4195,3.0,5.0,1.0,5.0,2.0,5.0,2.0,5.0,3.0,5.0,0.0,5.0,3.0,5.0,3.0,5.0,0.6,0.2,0.4,0.4,0.6,0.0,0.6,0.6
8477998,all_playoffs,F,40,25675,19.0,34.0,17.0,34.0,19.0,34.0,16.0,34.0,19.0,34.0,17.0,34.0,20.0,34.0,16.0,34.0,0.5588235294117647,0.5,0.5588235294117647,0.47058823529411764,0.5588235294117647,0.5,0.5882352941176471,0.47058823529411764
8478010,all_playoffs,F,16,15464,12.0,16.0,7.0,16.0,11.0,16.0,6.0,16.0,11.0,16.0,6.0,16.0,11.0,16.0,8.0,16.0,0.75,0.4375,0.6875,0.375,0.6875,0.375,0.6875,0.5
8478013,all_playoffs,D,22,20540,15.0,22.0,10.0,22.0,12.0,22.0,10.0,22.0,12.0,22.0,11.0,22.0,10.0,22.0,10.0,22.0,0.6818181818181818,0.45454545454545453,0.5454545454545454,0.45454545454545453,0.5454545454545454,0.5,0.45454545454545453,0.45454545454545453
8478020,all_playoffs,F,26,18755,7.0,23.0,9.0,23.0,9.0,23.0,11.0,23.0,6.0,23.0,12.0,23.0,7.0,23.0,10.0,23.0,0.30434782608695654,0.391304347826087,0.391304347826087,0.4782608695652174,0.2608695652173913,0.5217391304347826,0.30434782608695654,0.43478260869565216
8478028,all_playoffs,F,2,1193,2.0,2.0,2.0,2.0,1.0,2.0,2.0,2.0,2.0,2.0,2.0,2.0,1.0,2.0,2.0,2.0,1.0,1.0,0.5,1.0,1.0,1.0,0.5,1.0
8478038,all_playoffs,D,24,27312,17.0,24.0,17.0,24.0,15.0,24.0,16.0,24.0,13.0,24.0,20.0,24.0,14.0,24.0,16.0,24.0,0.7083333333333334,0.7083333333333334,0.625,0.6666666666666666,0.5416666666666666,0.8333333333333334,0.5833333333333334,0.6666666666666666
8478042,all_playoffs,F,26,18750,9.0,22.0,11.0,22.0,9.0,22.0,12.0,22.0,9.0,22.0,12.0,22.0,9.0,22.0,11.0,22.0,0.4090909090909091,0.5,0.4090909090909091,0.5454545454545454,0.4090909090909091,0.5454545454545454,0.4090909090909091,0.5
8478043,all_playoffs,F,20,10362,6.0,10.0,5.0,10.0,6.0,10.0,4.0,10.0,5.0,10.0,4.0,10.0,4.0,10.0,2.0,10.0,0.6,0.5,0.6,0.4,0.5,0.4,0.4,0.2
8478046,all_playoffs,F,8,5804,4.0,8.0,5.0,8.0,4.0,8.0,5.0,8.0,3.0,8.0,5.0,8.0,4.0,8.0,4.0,8.0,0.5,0.625,0.5,0.625,0.375,0.625,0.5,0.5
8478047,all_playoffs,F,7,5303,5.0,6.0,2.0,6.0,5.0,6.0,4.0,6.0,4.0,6.0,3.0,6.0,3.0,6.0,4.0,6.0,0.8333333333333334,0.3333333333333333,0.8333333333333334,0.6666666666666666,0.6666666666666666,0.5,0.5,0.6666666666666666
8478055,all_playoffs,D,68,76380,40.0,68.0,28.0,68.0,40.0,68.0,33.0,68.0,33.0,68.0,30.0,68.0,34.0,68.0,40.0,68.0,0.5882352941176471,0.4117647058823529,0.5882352941176471,0.4852941176470588,0.4852941176470588,0.4411764705882353,0.5,0.5882352941176471
8478057,all_playoffs,F,13,9740,3.0,13.0,7.0,13.0,2.0,13.0,8.0,13.0,2.0,13.0,5.0,13.0,4.0,13.0,7.0,13.0,0.23076923076923078,0.5384615384615384,0.15384615384615385,0.6153846153846154,0.15384615384615385,0.38461538461538464,0.3076923076923077,0.5384615384615384
8478109,all_playoffs,F,9,6421,2.0,8.0,4.0,8.0,5.0,8.0,5.0,8.0,4.0,8.0,5.0,8.0,6.0,8.0,4.0,8.0,0.25,0.5,0.625,0.625,0.5,0.625,0.75,0.5
8478115,all_playoffs,F,11,8698,5.0,11.0,5.0,11.0,7.0,11.0,4.0,11.0,5.0,11.0,6.0,11.0,7.0,11.0,5.0,11.0,0.45454545454545453,0.45454545454545453,0.6363636363636364,0.36363636363636365,0.45454545454545453,0.5454545454545454,0.6363636363636364,0.45454545454545453
8478133,all_playoffs,F,5,3806,2.0,5.0,3.0,5.0,0.0,5.0,3.0,5.0,1.0,5.0,4.0,5.0,0.0,5.0,4.0,5.0,0.4,0.6,0.0,0.6,0.2,0.8,0.0,0.8
8478136,all_playoffs,D,12,12082,5.0,12.0,7.0,12.0,7.0,12.0,8.0,12.0,7.0,12.0,7.0,12.0,9.0,12.0,5.0,12.0,0.4166666666666667,0.5833333333333334,0.5833333333333334,0.6666666666666666,0.5833333333333334,0.5833333333333334,0.75,0.4166666666666667
8478146,all_playoffs,F,1,433,0.0,0.0,0.0,0.0,0.0,0.0,0.0,0.0,0.0,0.0,0.0,0.0,0.0,0.0,0.0,0.0,,,,,,,,
8478178,all_playoffs,D,13,12102,6.0,13.0,4.0,13.0,6.0,13.0,4.0,13.0,5.0,13.0,4.0,13.0,6.0,13.0,5.0,13.0,0.46153846153846156,0.3076923076923077,0.46153846153846156,0.3076923076923077,0.38461538461538464,0.3076923076923077,0.46153846153846156,0.38461538461538464
8478233,all_playoffs,F,10,5891,4.0,9.0,4.0,9.0,4.0,9.0,4.0,9.0,3.0,9.0,5.0,9.0,3.0,9.0,5.0,9.0,0.4444444444444444,0.4444444444444444,0.4444444444444444,0.4444444444444444,0.3333333333333333,0.5555555555555556,0.3333333333333333,0.5555555555555556
8478396,all_playoffs,D,18,20804,7.0,18.0,7.0,18.0,4.0,18.0,11.0,18.0,5.0,18.0,9.0,18.0,8.0,18.0,9.0,18.0,0.3888888888888889,0.3888888888888889,0.2222222222222222,0.6111111111111112,0.2777777777777778,0.5,0.4444444444444444,0.5
8478398,all_playoffs,F,23,23428,12.0,23.0,11.0,23.0,11.5,23.0,8.0,23.0,12.0,23.0,12.0,23.0,12.0,23.0,11.0,23.0,0.5217391304347826,0.4782608695652174,0.5,0.34782608695652173,0.5217391304347826,0.5217391304347826,0.5217391304347826,0.4782608695652174
8478399,all_playoffs,D,14,14348,11.0,14.0,6.0,14.0,11.0,14.0,7.0,14.0,9.0,14.0,5.0,14.0,9.0,14.0,10.0,14.0,0.7857142857142857,0.42857142857142855,0.7857142857142857,0.5,0.6428571428571429,0.35714285714285715,0.6428571428571429,0.7142857142857143
8478400,all_playoffs,F,21,7643,0.0,3.0,0.0,3.0,1.0,3.0,0.0,3.0,0.0,3.0,0.0,3.0,0.0,3.0,1.0,3.0,0.0,0.0,0.3333333333333333,0.0,0.0,0.0,0.0,0.3333333333333333
8478401,all_playoffs,F,20,16159,6.0,20.0,12.0,20.0,11.0,20.0,13.0,20.0,8.0,20.0,13.0,20.0,10.0,20.0,14.0,20.0,0.3,0.6,0.55,0.65,0.4,0.65,0.5,0.7
8478402,all_playoffs,F,59,63097,35.0,59.0,36.0,59.0,34.0,59.0,31.0,59.0,32.0,59.0,37.0,59.0,29.0,59.0,39.0,59.0,0.5932203389830508,0.6101694915254238,0.576271186440678,0.5254237288135594,0.5423728813559322,0.6271186440677966,0.4915254237288136,0.6610169491525424
8478403,all_playoffs,F,40,38628,19.0,40.0,23.0,40.0,21.0,40.0,26.0,40.0,22.0,40.0,26.0,40.0,24.0,40.0,27.0,40.0,0.475,0.575,0.525,0.65,0.55,0.65,0.6,0.675
8478407,all_playoffs,D,14,16177,7.0,14.0,4.0,14.0,8.0,14.0,4.0,14.0,8.0,14.0,5.0,14.0,9.0,14.0,4.0,14.0,0.5,0.2857142857142857,0.5714285714285714,0.2857142857142857,0.5714285714285714,0.35714285714285715,0.6428571428571429,0.2857142857142857
8478414,all_playoffs,F,16,13937,9.0,16.0,8.0,16.0,13.0,16.0,8.0,16.0,9.0,16.0,9.0,16.0,12.0,16.0,10.0,16.0,0.5625,0.5,0.8125,0.5,0.5625,0.5625,0.75,0.625
8478416,all_playoffs,D,11,9564,4.0,10.0,2.0,10.0,6.0,10.0,4.0,10.0,6.0,10.0,3.0,10.0,7.0,10.0,3.0,10.0,0.4,0.2,0.6,0.4,0.6,0.3,0.7,0.3
8478420,all_playoffs,F,36,37865,21.0,36.0,18.0,36.0,17.0,36.0,21.0,36.0,20.0,36.0,22.0,36.0,16.0,36.0,21.0,36.0,0.5833333333333334,0.5,0.4722222222222222,0.5833333333333334,0.5555555555555556,0.6111111111111112,0.4444444444444444,0.5833333333333334
8478421,all_playoffs,F,16,6490,2.0,5.0,2.0,5.0,1.0,5.0,4.0,5.0,2.0,5.0,3.0,5.0,1.0,5.0,4.0,5.0,0.4,0.4,0.2,0.8,0.4,0.6,0.2,0.8
8478427,all_playoffs,F,41,36950,23.0,41.0,25.0,41.0,23.0,41.0,24.0,41.0,16.0,41.0,25.0,41.0,16.0,41.0,24.0,41.0,0.5609756097560976,0.6097560975609756,0.5609756097560976,0.5853658536585366,0.3902439024390244,0.6097560975609756,0.3902439024390244,0.5853658536585366
8478434,all_playoffs,F,39,22208,13.0,32.0,13.0,32.0,18.0,32.0,16.0,32.0,16.0,32.0,20.0,32.0,14.0,32.0,19.0,32.0,0.40625,0.40625,0.5625,0.5,0.5,0.625,0.4375,0.59375
8478438,all_playoffs,F,6,2867,0.0,3.0,2.0,3.0,0.0,3.0,2.0,3.0,2.0,3.0,1.0,3.0,0.0,3.0,1.0,3.0,0.0,0.6666666666666666,0.0,0.6666666666666666,0.6666666666666666,0.3333333333333333,0.0,0.3333333333333333
8478440,all_playoffs,F,14,12045,9.0,14.0,7.0,14.0,8.0,14.0,7.0,14.0,8.0,14.0,6.0,14.0,8.0,14.0,5.0,14.0,0.6428571428571429,0.5,0.5714285714285714,0.5,0.5714285714285714,0.42857142857142855,0.5714285714285714,0.35714285714285715
8478443,all_playoffs,D,33,31595,16.0,33.0,19.0,33.0,15.0,33.0,20.0,33.0,17.0,33.0,15.0,33.0,17.0,33.0,18.0,33.0,0.48484848484848486,0.5757575757575758,0.45454545454545453,0.6060606060606061,0.5151515151515151,0.45454545454545453,0.5151515151515151,0.5454545454545454
8478444,all_playoffs,F,12,11580,6.0,12.0,6.0,12.0,6.0,12.0,5.0,12.0,7.0,12.0,6.0,12.0,7.0,12.0,6.0,12.0,0.5,0.5,0.5,0.4166666666666667,0.5833333333333334,0.5,0.5833333333333334,0.5
8478445,all_playoffs,F,11,10042,4.0,11.0,3.0,11.0,3.0,11.0,3.0,11.0,4.0,11.0,4.0,11.0,3.0,11.0,5.0,11.0,0.36363636363636365,0.2727272727272727,0.2727272727272727,0.2727272727272727,0.36363636363636365,0.36363636363636365,0.2727272727272727,0.45454545454545453
8478449,all_playoffs,F,51,41892,29.0,50.0,30.0,50.0,28.0,50.0,27.0,50.0,26.0,50.0,27.0,50.0,27.0,50.0,31.0,50.0,0.58,0.6,0.56,0.54,0.52,0.54,0.54,0.62
8478450,all_playoffs,D,10,8641,4.0,10.0,9.0,10.0,5.0,10.0,9.0,10.0,5.0,10.0,8.0,10.0,4.0,10.0,8.0,10.0,0.4,0.9,0.5,0.9,0.5,0.8,0.4,0.8
8478452,all_playoffs,D,3,1941,1.0,3.0,0.0,3.0,1.0,3.0,0.0,3.0,0.0,3.0,1.0,3.0,1.0,3.0,2.0,3.0,0.3333333333333333,0.0,0.3333333333333333,0.0,0.0,0.3333333333333333,0.3333333333333333,0.6666666666666666
8478454,all_playoffs,D,2,1269,0.0,2.0,1.0,2.0,1.0,2.0,0.0,2.0,0.0,2.0,0.0,2.0,0.0,2.0,0.0,2.0,0.0,0.5,0.5,0.0,0.0,0.0,0.0,0.0
8478458,all_playoffs,F,25,17221,9.0,24.0,10.0,24.0,8.0,24.0,11.0,24.0,11.0,24.0,12.0,24.0,7.0,24.0,10.0,24.0,0.375,0.4166666666666667,0.3333333333333333,0.4583333333333333,0.4583333333333333,0.5,0.2916666666666667,0.4166666666666667
8478462,all_playoffs,F,40,27904,17.0,38.0,17.0,38.0,17.0,38.0,21.0,38.0,19.0,38.0,22.0,38.0,18.0,38.0,22.0,38.0,0.4473684210526316,0.4473684210526316,0.4473684210526316,0.5526315789473685,0.5,0.5789473684210527,0.47368421052631576,0.5789473684210527
8478463,all_playoffs,F,16,11407,7.0,15.0,7.0,15.0,5.0,15.0,7.0,15.0,7.0,15.0,7.0,15.0,5.0,15.0,7.0,15.0,0.4666666666666667,0.4666666666666667,0.3333333333333333,0.4666666666666667,0.4666666666666667,0.4666666666666667,0.3333333333333333,0.4666666666666667
8478466,all_playoffs,F,11,4452,0.0,1.0,0.0,1.0,0.0,1.0,0.0,1.0,0.0,1.0,0.0,1.0,1.0,1.0,0.0,1.0,0.0,0.0,0.0,0.0,0.0,0.0,1.0,0.0
8478468,all_playoffs,D,6,5708,1.0,6.0,3.0,6.0,2.0,6.0,3.0,6.0,2.0,6.0,3.0,6.0,2.0,6.0,3.0,6.0,0.16666666666666666,0.5,0.3333333333333333,0.5,0.3333333333333333,0.5,0.3333333333333333,0.5
8478469,all_playoffs,D,6,7371,2.0,6.0,4.0,6.0,3.0,6.0,3.0,6.0,4.0,6.0,3.0,6.0,5.0,6.0,2.0,6.0,0.3333333333333333,0.6666666666666666,0.5,0.5,0.6666666666666666,0.5,0.8333333333333334,0.3333333333333333
8478472,all_playoffs,F,3,1798,0.0,2.0,0.0,2.0,0.0,2.0,2.0,2.0,1.0,2.0,0.0,2.0,1.0,2.0,1.0,2.0,0.0,0.0,0.0,1.0,0.5,0.0,0.5,0.5
8478483,all_playoffs,F,31,32437,15.0,31.0,19.0,31.0,19.0,31.0,19.0,31.0,17.0,31.0,20.0,31.0,13.0,31.0,21.0,31.0,0.4838709677419355,0.6129032258064516,0.6129032258064516,0.6129032258064516,0.5483870967741935,0.6451612903225806,0.41935483870967744,0.6774193548387096
8478493,all_playoffs,F,7,6093,3.0,6.0,5.0,6.0,3.0,6.0,5.0,6.0,2.0,6.0,5.0,6.0,3.0,6.0,5.0,6.0,0.5,0.8333333333333334,0.5,0.8333333333333334,0.3333333333333333,0.8333333333333334,0.5,0.8333333333333334
8478498,all_playoffs,F,20,16308,10.0,20.0,8.0,20.0,11.0,20.0,7.0,20.0,9.0,20.0,7.0,20.0,13.0,20.0,5.0,20.0,0.5,0.4,0.55,0.35,0.45,0.35,0.65,0.25
8478507,all_playoffs,D,12,12763,7.0,12.0,5.0,12.0,8.0,12.0,3.0,12.0,5.0,12.0,8.0,12.0,5.0,12.0,4.0,12.0,0.5833333333333334,0.4166666666666667,0.6666666666666666,0.25,0.4166666666666667,0.6666666666666666,0.4166666666666667,0.3333333333333333
8478508,all_playoffs,F,16,8429,3.0,10.0,4.0,10.0,4.0,10.0,5.0,10.0,0.0,10.0,4.0,10.0,3.0,10.0,5.0,10.0,0.3,0.4,0.4,0.5,0.0,0.4,0.3,0.5
8478519,all_playoffs,F,16,12687,8.0,15.0,8.0,15.0,4.0,15.0,7.0,15.0,2.0,15.0,7.0,15.0,5.0,15.0,9.0,15.0,0.5333333333333333,0.5333333333333333,0.26666666666666666,0.4666666666666667,0.13333333333333333,0.4666666666666667,0.3333333333333333,0.6
8478542,all_playoffs,F,52,38872,27.0,50.0,31.0,50.0,30.0,50.0,31.0,50.0,24.0,50.0,30.0,50.0,27.0,50.0,30.0,50.0,0.54,0.62,0.6,0.62,0.48,0.6,0.54,0.6
8478550,all_playoffs,F,23,21170,10.0,23.0,12.0,23.0,13.0,23.0,12.0,23.0,10.0,23.0,12.0,23.0,12.0,23.0,14.0,23.0,0.43478260869565216,0.5217391304347826,0.5652173913043478,0.5217391304347826,0.43478260869565216,0.5217391304347826,0.5217391304347826,0.6086956521739131
8478569,all_playoffs,F,11,8001,5.0,11.0,4.0,11.0,5.0,11.0,5.0,11.0,4.0,11.0,4.0,11.0,4.0,11.0,6.0,11.0,0.45454545454545453,0.36363636363636365,0.45454545454545453,0.45454545454545453,0.36363636363636365,0.36363636363636365,0.36363636363636365,0.5454545454545454
8478585,all_playoffs,F,30,14550,7.0,14.0,8.0,14.0,9.0,14.0,9.0,14.0,7.0,14.0,8.0,14.0,6.0,14.0,9.0,14.0,0.5,0.5714285714285714,0.6428571428571429,0.6428571428571429,0.5,0.5714285714285714,0.42857142857142855,0.6428571428571429
8478831,all_playoffs,F,29,15668,3.0,14.0,6.0,14.0,3.0,14.0,5.0,14.0,1.0,14.0,7.0,14.0,2.0,14.0,7.0,14.0,0.21428571428571427,0.42857142857142855,0.21428571428571427,0.35714285714285715,0.07142857142857142,0.5,0.14285714285714285,0.5
8478840,all_playoffs,D,14,13208,5.0,14.0,7.0,14.0,7.0,14.0,8.0,14.0,5.0,14.0,7.0,14.0,5.0,14.0,9.0,14.0,0.35714285714285715,0.5,0.5,0.5714285714285714,0.35714285714285715,0.5,0.35714285714285715,0.6428571428571429
8478843,all_playoffs,F,7,3146,1.0,3.0,2.0,3.0,2.0,3.0,2.0,3.0,1.0,3.0,2.0,3.0,1.0,3.0,2.0,3.0,0.3333333333333333,0.6666666666666666,0.6666666666666666,0.6666666666666666,0.3333333333333333,0.6666666666666666,0.3333333333333333,0.6666666666666666
8478851,all_playoffs,D,11,11280,3.0,11.0,4.0,11.0,4.0,11.0,4.0,11.0,4.0,11.0,5.0,11.0,4.0,11.0,4.0,11.0,0.2727272727272727,0.36363636363636365,0.36363636363636365,0.36363636363636365,0.36363636363636365,0.45454545454545453,0.36363636363636365,0.36363636363636365
8478856,all_playoffs,F,13,9662,3.0,13.0,8.0,13.0,3.0,13.0,9.0,13.0,4.0,13.0,6.0,13.0,5.0,13.0,8.0,13.0,0.23076923076923078,0.6153846153846154,0.23076923076923078,0.6923076923076923,0.3076923076923077,0.46153846153846156,0.38461538461538464,0.6153846153846154
8478859,all_playoffs,D,53,48182,26.0,53.0,29.0,53.0,27.0,53.0,26.0,53.0,27.0,53.0,29.0,53.0,26.0,53.0,25.0,53.0,0.49056603773584906,0.5471698113207547,0.5094339622641509,0.49056603773584906,0.5094339622641509,0.5471698113207547,0.49056603773584906,0.4716981132075472
8478864,all_playoffs,F,12,12650,5.0,12.0,8.0,12.0,5.0,12.0,9.0,12.0,6.0,12.0,7.0,12.0,7.0,12.0,9.0,12.0,0.4166666666666667,0.6666666666666666,0.4166666666666667,0.75,0.5,0.5833333333333334,0.5833333333333334,0.75
8478874,all_playoffs,F,6,2872,0.0,2.0,1.0,2.0,1.0,2.0,1.0,2.0,1.0,2.0,1.0,2.0,1.0,2.0,1.0,2.0,0.0,0.5,0.5,0.5,0.5,0.5,0.5,0.5
8478882,all_playoffs,D,17,17000,11.0,17.0,7.0,17.0,11.0,17.0,8.0,17.0,11.0,17.0,9.0,17.0,10.0,17.0,11.0,17.0,0.6470588235294118,0.4117647058823529,0.6470588235294118,0.47058823529411764,0.6470588235294118,0.5294117647058824,0.5882352941176471,0.6470588235294118
8478891,all_playoffs,F,23,17677,12.0,23.0,13.0,23.0,9.0,23.0,12.0,23.0,15.0,23.0,13.0,23.0,12.0,23.0,13.0,23.0,0.5217391304347826,0.5652173913043478,0.391304347826087,0.5217391304347826,0.6521739130434783,0.5652173913043478,0.5217391304347826,0.5652173913043478
8478904,all_playoffs,F,29,13885,6.0,13.0,8.0,13.0,5.0,13.0,8.0,13.0,3.0,13.0,8.0,13.0,5.0,13.0,9.0,13.0,0.46153846153846156,0.6153846153846154,0.38461538461538464,0.6153846153846154,0.23076923076923078,0.6153846153846154,0.38461538461538464,0.6923076923076923
8478911,all_playoffs,D,21,22503,13.0,21.0,9.0,21.0,17.0,21.0,10.0,21.0,11.0,21.0,13.0,21.0,15.0,21.0,15.0,21.0,0.6190476190476191,0.42857142857142855,0.8095238095238095,0.47619047619047616,0.5238095238095238,0.6190476190476191,0.7142857142857143,0.7142857142857143
8478970,all_playoffs,D,35,30861,24.0,35.0,21.0,35.0,20.0,35.0,18.0,35.0,16.0,35.0,20.0,35.0,16.0,35.0,20.0,35.0,0.6857142857142857,0.6,0.5714285714285714,0.5142857142857142,0.45714285714285713,0.5714285714285714,0.45714285714285713,0.5714285714285714
8478975,all_playoffs,F,49,36679,30.0,48.0,22.0,48.0,24.0,48.0,22.0,48.0,27.0,48.0,23.0,48.0,25.0,48.0,23.0,48.0,0.625,0.4583333333333333,0.5,0.4583333333333333,0.5625,0.4791666666666667,0.5208333333333334,0.4791666666666667
8479066,all_playoffs,F,21,11456,6.0,10.0,4.0,10.0,6.0,10.0,5.0,10.0,3.0,10.0,5.0,10.0,5.0,10.0,6.0,10.0,0.6,0.4,0.6,0.5,0.3,0.5,0.5,0.6
8479293,all_playoffs,F,27,15680,6.0,18.0,8.0,18.0,5.0,18.0,10.0,18.0,4.0,18.0,9.0,18.0,7.0,18.0,11.0,18.0,0.3333333333333333,0.4444444444444444,0.2777777777777778,0.5555555555555556,0.2222222222222222,0.5,0.3888888888888889,0.6111111111111112
8479314,all_playoffs,F,67,56803,41.0,66.0,37.0,66.0,40.0,66.0,36.0,66.0,42.0,66.0,40.0,66.0,40.0,66.0,39.0,66.0,0.6212121212121212,0.5606060606060606,0.6060606060606061,0.5454545454545454,0.6363636363636364,0.6060606060606061,0.6060606060606061,0.5909090909090909
8479318,all_playoffs,F,29,29186,19.0,29.0,14.0,29.0,19.0,29.0,16.0,29.0,16.0,29.0,14.0,29.0,16.0,29.0,18.0,29.0,0.6551724137931034,0.4827586206896552,0.6551724137931034,0.5517241379310345,0.5517241379310345,0.4827586206896552,0.5517241379310345,0.6206896551724138
8479323,all_playoffs,D,23,23654,10.0,23.0,13.0,23.0,10.0,23.0,12.0,23.0,13.0,23.0,14.0,23.0,12.0,23.0,16.0,23.0,0.43478260869565216,0.5652173913043478,0.43478260869565216,0.5217391304347826,0.5652173913043478,0.6086956521739131,0.5217391304347826,0.6956521739130435
8479324,all_playoffs,D,30,28328,11.0,30.0,13.0,30.0,10.0,30.0,12.0,30.0,9.0,30.0,15.0,30.0,10.0,30.0,15.0,30.0,0.36666666666666664,0.43333333333333335,0.3333333333333333,0.4,0.3,0.5,0.3333333333333333,0.5
8479325,all_playoffs,D,20,24654,10.0,20.0,10.0,20.0,9.0,20.0,11.0,20.0,7.0,20.0,10.0,20.0,12.0,20.0,6.0,20.0,0.5,0.5,0.45,0.55,0.35,0.5,0.6,0.3
8479336,all_playoffs,F,11,4598,1.0,4.0,1.0,4.0,2.0,4.0,1.0,4.0,1.0,4.0,2.0,4.0,2.0,4.0,1.0,4.0,0.25,0.25,0.5,0.25,0.25,0.5,0.5,0.25
8479339,all_playoffs,F,2,1131,0.0,1.0,0.0,1.0,0.0,1.0,0.0,1.0,0.0,1.0,0.0,1.0,0.0,1.0,0.0,1.0,0.0,0.0,0.0,0.0,0.0,0.0,0.0,0.0
8479344,all_playoffs,F,7,3945,3.0,5.0,3.0,5.0,3.0,5.0,2.0,5.0,2.0,5.0,4.0,5.0,2.0,5.0,3.0,5.0,0.6,0.6,0.6,0.4,0.4,0.8,0.4,0.6
8479345,all_playoffs,D,10,12235,7.0,10.0,6.0,10.0,5.0,10.0,6.0,10.0,5.0,10.0,7.0,10.0,4.0,10.0,7.0,10.0,0.7,0.6,0.5,0.6,0.5,0.7,0.4,0.7
8479351,all_playoffs,F,42,27751,11.0,39.0,19.0,39.0,14.0,39.0,19.0,39.0,11.0,39.0,23.0,39.0,13.0,39.0,19.0,39.0,0.28205128205128205,0.48717948717948717,0.358974358974359,0.48717948717948717,0.28205128205128205,0.5897435897435898,0.3333333333333333,0.48717948717948717
8479353,all_playoffs,F,40,28173,16.0,34.0,14.0,34.0,15.0,34.0,11.0,34.0,14.0,34.0,13.0,34.0,13.0,34.0,11.0,34.0,0.47058823529411764,0.4117647058823529,0.4411764705882353,0.3235294117647059,0.4117647058823529,0.38235294117647056,0.38235294117647056,0.3235294117647059
8479359,all_playoffs,F,4,2011,0.0,2.0,1.0,2.0,1.0,2.0,1.0,2.0,0.0,2.0,1.0,2.0,1.0,2.0,2.0,2.0,0.0,0.5,0.5,0.5,0.0,0.5,0.5,1.0
8479365,all_playoffs,F,40,24557,22.0,34.0,15.0,34.0,21.0,34.0,13.0,34.0,20.0,34.0,16.0,34.0,21.0,34.0,19.0,34.0,0.6470588235294118,0.4411764705882353,0.6176470588235294,0.38235294117647056,0.5882352941176471,0.47058823529411764,0.6176470588235294,0.5588235294117647
8479369,all_playoffs,D,6,4364,2.0,6.0,4.0,6.0,0.0,6.0,2.0,6.0,0.0,6.0,4.0,6.0,1.0,6.0,3.0,6.0,0.3333333333333333,0.6666666666666666,0.0,0.3333333333333333,0.0,0.6666666666666666,0.16666666666666666,0.5
8479371,all_playoffs,D,3,2304,1.0,3.0,3.0,3.0,1.0,3.0,3.0,3.0,1.0,3.0,3.0,3.0,1.0,3.0,3.0,3.0,0.3333333333333333,1.0,0.3333333333333333,1.0,0.3333333333333333,1.0,0.3333333333333333,1.0
8479372,all_playoffs,D,21,14227,13.0,21.0,11.0,21.0,12.0,21.0,10.0,21.0,12.0,21.0,10.0,21.0,9.0,21.0,13.0,21.0,0.6190476190476191,0.5238095238095238,0.5714285714285714,0.47619047619047616,0.5714285714285714,0.47619047619047616,0.42857142857142855,0.6190476190476191
8479378,all_playoffs,D,9,5282,5.0,9.0,5.0,9.0,5.0,9.0,4.0,9.0,5.0,9.0,4.0,9.0,6.0,9.0,3.0,9.0,0.5555555555555556,0.5555555555555556,0.5555555555555556,0.4444444444444444,0.5555555555555556,0.4444444444444444,0.6666666666666666,0.3333333333333333
8479379,all_playoffs,F,1,303,0.0,0.0,0.0,0.0,0.0,0.0,0.0,0.0,0.0,0.0,0.0,0.0,0.0,0.0,0.0,0.0,,,,,,,,
8479385,all_playoffs,F,7,5666,3.0,7.0,3.0,7.0,3.0,7.0,4.0,7.0,5.0,7.0,1.0,7.0,4.0,7.0,4.0,7.0,0.42857142857142855,0.42857142857142855,0.42857142857142855,0.5714285714285714,0.7142857142857143,0.14285714285714285,0.5714285714285714,0.5714285714285714
8479390,all_playoffs,F,7,4547,4.0,7.0,5.0,7.0,5.0,7.0,4.0,7.0,2.0,7.0,3.0,7.0,4.0,7.0,4.0,7.0,0.5714285714285714,0.7142857142857143,0.7142857142857143,0.5714285714285714,0.2857142857142857,0.42857142857142855,0.5714285714285714,0.5714285714285714
8479393,all_playoffs,F,2,913,0.0,0.0,0.0,0.0,0.0,0.0,0.0,0.0,0.0,0.0,0.0,0.0,0.0,0.0,0.0,0.0,,,,,,,,
8479395,all_playoffs,D,2,1064,1.0,2.0,1.0,2.0,1.0,2.0,1.0,2.0,1.0,2.0,0.0,2.0,1.0,2.0,1.0,2.0,0.5,0.5,0.5,0.5,0.5,0.0,0.5,0.5
8479398,all_playoffs,D,23,22669,15.0,23.0,11.0,23.0,13.0,23.0,15.0,23.0,11.0,23.0,11.0,23.0,11.0,23.0,14.0,23.0,0.6521739130434783,0.4782608695652174,0.5652173913043478,0.6521739130434783,0.4782608695652174,0.4782608695652174,0.4782608695652174,0.6086956521739131
8479400,all_playoffs,F,20,17086,10.0,20.0,9.0,20.0,9.0,20.0,9.0,20.0,10.0,20.0,9.0,20.0,8.0,20.0,9.0,20.0,0.5,0.45,0.45,0.45,0.5,0.45,0.4,0.45
8479407,all_playoffs,F,17,15019,13.0,17.0,8.0,17.0,12.0,17.0,10.0,17.0,11.0,17.0,12.0,17.0,10.0,17.0,11.0,17.0,0.7647058823529411,0.47058823529411764,0.7058823529411765,0.5882352941176471,0.6470588235294118,0.7058823529411765,0.5882352941176471,0.6470588235294118
8479410,all_playoffs,D,8,8769,4.0,8.0,4.0,8.0,3.0,8.0,2.0,8.0,3.0,8.0,2.0,8.0,4.0,8.0,1.0,8.0,0.5,0.5,0.375,0.25,0.375,0.25,0.5,0.125
8479414,all_playoffs,F,17,9243,6.0,9.0,2.0,9.0,6.0,9.0,2.0,9.0,5.0,9.0,4.0,9.0,5.0,9.0,3.0,9.0,0.6666666666666666,0.2222222222222222,0.6666666666666666,0.2222222222222222,0.5555555555555556,0.4444444444444444,0.5555555555555556,0.3333333333333333
8479415,all_playoffs,F,12,8544,4.0,9.0,3.0,9.0,4.0,9.0,4.0,9.0,4.0,9.0,4.0,9.0,3.0,9.0,4.0,9.0,0.4444444444444444,0.3333333333333333,0.4444444444444444,0.4444444444444444,0.4444444444444444,0.4444444444444444,0.3333333333333333,0.4444444444444444
8479421,all_playoffs,D,2,302,0.0,0.0,0.0,0.0,0.0,0.0,0.0,0.0,0.0,0.0,0.0,0.0,0.0,0.0,0.0,0.0,,,,,,,,
8479425,all_playoffs,D,13,13112,9.0,13.0,7.0,13.0,9.0,13.0,6.0,13.0,8.0,13.0,7.0,13.0,11.0,13.0,6.0,13.0,0.6923076923076923,0.5384615384615384,0.6923076923076923,0.46153846153846156,0.6153846153846154,0.5384615384615384,0.8461538461538461,0.46153846153846156
8479442,all_playoffs,D,8,6041,3.0,7.0,2.0,7.0,3.0,7.0,2.0,7.0,3.0,7.0,3.0,7.0,3.0,7.0,2.0,7.0,0.42857142857142855,0.2857142857142857,0.42857142857142855,0.2857142857142857,0.42857142857142855,0.42857142857142855,0.42857142857142855,0.2857142857142857
8479520,all_playoffs,F,27,14684,11.0,17.0,13.0,17.0,11.0,17.0,14.0,17.0,9.0,17.0,13.0,17.0,8.0,17.0,11.0,17.0,0.6470588235294118,0.7647058823529411,0.6470588235294118,0.8235294117647058,0.5294117647058824,0.7647058823529411,0.47058823529411764,0.6470588235294118
8479525,all_playoffs,F,18,10895,12.0,16.0,6.0,16.0,11.0,16.0,6.0,16.0,10.0,16.0,6.0,16.0,13.0,16.0,6.0,16.0,0.75,0.375,0.6875,0.375,0.625,0.375,0.8125,0.375
8479536,all_playoffs,F,2,661,0.0,0.0,0.0,0.0,0.0,0.0,0.0,0.0,0.0,0.0,0.0,0.0,0.0,0.0,0.0,0.0,,,,,,,,
8479542,all_playoffs,F,14,12568,6.0,14.0,5.0,14.0,7.0,14.0,5.0,14.0,5.0,14.0,5.0,14.0,6.0,14.0,4.0,14.0,0.42857142857142855,0.35714285714285715,0.5,0.35714285714285715,0.35714285714285715,0.35714285714285715,0.42857142857142855,0.2857142857142857
8479576,all_playoffs,D,28,21447,14.0,25.0,17.0,25.0,13.0,25.0,17.0,25.0,14.0,25.0,18.0,25.0,12.0,25.0,16.0,25.0,0.56,0.68,0.52,0.68,0.56,0.72,0.48,0.64
8479578,all_playoffs,D,2,992,1.0,1.0,0.0,1.0,1.0,1.0,1.0,1.0,1.0,1.0,0.0,1.0,1.0,1.0,0.0,1.0,1.0,0.0,1.0,1.0,1.0,0.0,1.0,0.0
8479591,all_playoffs,F,8,4932,5.0,7.0,6.0,7.0,4.0,7.0,6.0,7.0,4.0,7.0,5.0,7.0,3.0,7.0,5.0,7.0,0.7142857142857143,0.8571428571428571,0.5714285714285714,0.8571428571428571,0.5714285714285714,0.7142857142857143,0.42857142857142855,0.7142857142857143
8479638,all_playoffs,F,15,8005,6.0,11.0,8.0,11.0,6.0,11.0,8.0,11.0,5.0,11.0,7.0,11.0,5.0,11.0,6.0,11.0,0.5454545454545454,0.7272727272727273,0.5454545454545454,0.7272727272727273,0.45454545454545453,0.6363636363636364,0.45454545454545453,0.5454545454545454
8479661,all_playoffs,F,7,3913,2.0,4.0,1.0,4.0,2.0,4.0,1.0,4.0,2.0,4.0,1.0,4.0,2.0,4.0,1.0,4.0,0.5,0.25,0.5,0.25,0.5,0.25,0.5,0.25
8479675,all_playoffs,F,17,14901,8.0,17.0,4.0,17.0,8.0,17.0,2.0,17.0,8.0,17.0,6.0,17.0,10.0,17.0,7.0,17.0,0.47058823529411764,0.23529411764705882,0.47058823529411764,0.11764705882352941,0.47058823529411764,0.35294117647058826,0.5882352941176471,0.4117647058823529
8479772,all_playoffs,F,1,331,0.0,0.0,0.0,0.0,0.0,0.0,0.0,0.0,0.0,0.0,0.0,0.0,0.0,0.0,0.0,0.0,,,,,,,,
8479944,all_playoffs,F,6,2716,2.0,2.0,1.0,2.0,1.0,2.0,1.0,2.0,0.0,2.0,1.0,2.0,1.0,2.0,0.0,2.0,1.0,0.5,0.5,0.5,0.0,0.5,0.5,0.0
8479977,all_playoffs,F,12,8639,9.0,12.0,6.0,12.0,8.0,12.0,5.0,12.0,5.0,12.0,5.0,12.0,7.0,12.0,7.0,12.0,0.75,0.5,0.6666666666666666,0.4166666666666667,0.4166666666666667,0.4166666666666667,0.5833333333333334,0.5833333333333334
8479980,all_playoffs,D,34,31301,11.0,34.0,16.0,34.0,12.0,34.0,15.0,34.0,12.0,34.0,15.0,34.0,13.0,34.0,16.0,34.0,0.3235294117647059,0.47058823529411764,0.35294117647058826,0.4411764705882353,0.35294117647058826,0.4411764705882353,0.38235294117647056,0.47058823529411764
8479981,all_playoffs,F,16,6404,1.0,5.0,2.0,5.0,1.0,5.0,3.0,5.0,1.0,5.0,2.0,5.0,0.0,5.0,3.0,5.0,0.2,0.4,0.2,0.6,0.2,0.4,0.0,0.6
8479987,all_playoffs,F,26,18949,9.0,23.0,13.0,23.0,7.0,23.0,10.0,23.0,10.0,23.0,11.0,23.0,10.0,23.0,11.0,23.0,0.391304347826087,0.5652173913043478,0.30434782608695654,0.43478260869565216,0.43478260869565216,0.4782608695652174,0.43478260869565216,0.4782608695652174
8479996,all_playoffs,F,5,2804,2.0,4.0,0.0,4.0,2.0,4.0,2.0,4.0,1.0,4.0,1.0,4.0,1.0,4.0,2.0,4.0,0.5,0.0,0.5,0.5,0.25,0.25,0.25,0.5
8479998,all_playoffs,D,17,19570,7.0,17.0,6.0,17.0,8.0,17.0,7.0,17.0,7.0,17.0,8.0,17.0,9.0,17.0,8.0,17.0,0.4117647058823529,0.35294117647058826,0.47058823529411764,0.4117647058823529,0.4117647058823529,0.47058823529411764,0.5294117647058824,0.47058823529411764
8479999,all_playoffs,F,11,9467,8.0,11.0,6.0,11.0,8.0,11.0,9.0,11.0,7.0,11.0,6.0,11.0,9.0,11.0,5.0,11.0,0.7272727272727273,0.5454545454545454,0.7272727272727273,0.8181818181818182,0.6363636363636364,0.5454545454545454,0.8181818181818182,0.45454545454545453
8480002,all_playoffs,F,17,15710,10.0,17.0,11.0,17.0,9.0,17.0,12.0,17.0,8.0,17.0,15.0,17.0,7.0,17.0,12.0,17.0,0.5882352941176471,0.6470588235294118,0.5294117647058824,0.7058823529411765,0.47058823529411764,0.8823529411764706,0.4117647058823529,0.7058823529411765
8480003,all_playoffs,F,27,13257,6.0,14.0,5.0,14.0,8.0,14.0,5.0,14.0,6.0,14.0,6.0,14.0,7.0,14.0,4.0,14.0,0.42857142857142855,0.35714285714285715,0.5714285714285714,0.35714285714285715,0.42857142857142855,0.42857142857142855,0.5,0.2857142857142857
8480009,all_playoffs,F,14,11773,8.0,14.0,8.0,14.0,8.0,14.0,6.0,14.0,7.0,14.0,10.0,14.0,7.0,14.0,9.0,14.0,0.5714285714285714,0.5714285714285714,0.5714285714285714,0.42857142857142855,0.5,0.7142857142857143,0.5,0.6428571428571429
8480011,all_playoffs,F,12,5233,3.0,6.0,4.0,6.0,3.0,6.0,4.0,6.0,3.0,6.0,4.0,6.0,3.0,6.0,3.0,6.0,0.5,0.6666666666666666,0.5,0.6666666666666666,0.5,0.6666666666666666,0.5,0.5
8480012,all_playoffs,F,13,11406,3.0,13.0,8.0,13.0,4.0,13.0,6.0,13.0,7.0,13.0,8.0,13.0,5.0,13.0,5.0,13.0,0.23076923076923078,0.6153846153846154,0.3076923076923077,0.46153846153846156,0.5384615384615384,0.6153846153846154,0.38461538461538464,0.38461538461538464
8480014,all_playoffs,F,19,16665,8.0,19.0,7.0,19.0,9.0,19.0,6.0,19.0,8.0,19.0,13.0,19.0,10.0,19.0,7.0,19.0,0.42105263157894735,0.3684210526315789,0.47368421052631576,0.3157894736842105,0.42105263157894735,0.6842105263157895,0.5263157894736842,0.3684210526315789
8480018,all_playoffs,F,5,5284,4.0,5.0,2.0,5.0,4.0,5.0,4.0,5.0,4.0,5.0,3.0,5.0,4.0,5.0,4.0,5.0,0.8,0.4,0.8,0.8,0.8,0.6,0.8,0.8
8480023,all_playoffs,F,7,6758,2.0,7.0,5.0,7.0,3.0,7.0,5.0,7.0,4.0,7.0,4.0,7.0,4.0,7.0,3.0,7.0,0.2857142857142857,0.7142857142857143,0.42857142857142855,0.7142857142857143,0.5714285714285714,0.5714285714285714,0.5714285714285714,0.42857142857142855
8480027,all_playoffs,F,49,44188,28.0,49.0,32.0,49.0,24.0,49.0,33.0,49.0,25.0,49.0,34.0,49.0,24.0,49.0,33.0,49.0,0.5714285714285714,0.6530612244897959,0.4897959183673469,0.673469387755102,0.5102040816326531,0.6938775510204082,0.4897959183673469,0.673469387755102
8480036,all_playoffs,D,46,59778,20.0,46.0,24.0,46.0,19.0,46.0,26.0,46.0,21.0,46.0,24.0,46.0,21.0,46.0,25.0,46.0,0.43478260869565216,0.5217391304347826,0.41304347826086957,0.5652173913043478,0.45652173913043476,0.5217391304347826,0.45652173913043476,0.5434782608695652
8480039,all_playoffs,F,33,28201,16.0,33.0,12.0,33.0,15.0,33.0,11.0,33.0,11.0,33.0,12.0,33.0,10.0,33.0,13.0,33.0,0.48484848484848486,0.36363636363636365,0.45454545454545453,0.3333333333333333,0.3333333333333333,0.36363636363636365,0.30303030303030304,0.3939393939393939
8480043,all_playoffs,D,11,9163,4.0,10.0,4.0,10.0,6.0,10.0,4.0,10.0,4.0,10.0,2.0,10.0,4.0,10.0,3.0,10.0,0.4,0.4,0.6,0.4,0.4,0.2,0.4,0.3
8480049,all_playoffs,D,23,22692,12.0,23.0,13.0,23.0,11.0,23.0,14.0,23.0,16.0,23.0,16.0,23.0,14.0,23.0,18.0,23.0,0.5217391304347826,0.5652173913043478,0.4782608695652174,0.6086956521739131,0.6956521739130435,0.6956521739130435,0.6086956521739131,0.782608695652174
8480069,all_playoffs,D,24,29204,17.0,24.0,19.0,24.0,16.0,24.0,15.0,24.0,15.0,24.0,16.0,24.0,11.0,24.0,10.0,24.0,0.7083333333333334,0.7916666666666666,0.6666666666666666,0.625,0.625,0.6666666666666666,0.4583333333333333,0.4166666666666667
8480074,all_playoffs,F,3,1921,0.0,3.0,2.0,3.0,1.0,3.0,2.0,3.0,0.0,3.0,2.0,3.0,1.0,3.0,2.0,3.0,0.0,0.6666666666666666,0.3333333333333333,0.6666666666666666,0.0,0.6666666666666666,0.3333333333333333,0.6666666666666666
8480113,all_playoffs,F,24,17006,7.0,21.0,8.0,21.0,9.0,21.0,8.0,21.0,9.0,21.0,13.0,21.0,10.0,21.0,16.0,21.0,0.3333333333333333,0.38095238095238093,0.42857142857142855,0.38095238095238093,0.42857142857142855,0.6190476190476191,0.47619047619047616,0.7619047619047619
8480144,all_playoffs,F,19,12180,4.0,18.0,7.0,18.0,4.0,18.0,7.0,18.0,1.0,18.0,9.0,18.0,2.0,18.0,8.0,18.0,0.2222222222222222,0.3888888888888889,0.2222222222222222,0.3888888888888889,0.05555555555555555,0.5,0.1111111111111111,0.4444444444444444
8480145,all_playoffs,D,23,26024,7.0,23.0,11.0,23.0,7.0,23.0,12.0,23.0,8.0,23.0,13.0,23.0,8.0,23.0,12.0,23.0,0.30434782608695654,0.4782608695652174,0.30434782608695654,0.5217391304347826,0.34782608695652173,0.5652173913043478,0.34782608695652173,0.5217391304347826
8480185,all_playoffs,F,63,46821,33.0,60.0,30.0,60.0,30.0,60.0,32.0,60.0,27.0,60.0,29.0,60.0,23.0,60.0,30.0,60.0,0.55,0.5,0.5,0.5333333333333333,0.45,0.48333333333333334,0.38333333333333336,0.5
8480188,all_playoffs,F,6,4064,3.0,6.0,5.0,6.0,4.0,6.0,5.0,6.0,4.0,6.0,3.0,6.0,4.0,6.0,4.0,6.0,0.5,0.8333333333333334,0.6666666666666666,0.8333333333333334,0.6666666666666666,0.5,0.6666666666666666,0.6666666666666666
8480192,all_playoffs,D,3,2109,1.0,2.0,2.0,2.0,0.0,2.0,2.0,2.0,1.0,2.0,2.0,2.0,1.0,2.0,2.0,2.0,0.5,1.0,0.0,1.0,0.5,1.0,0.5,1.0
8480208,all_playoffs,F,6,5316,2.0,6.0,2.0,6.0,4.0,6.0,3.0,6.0,3.0,6.0,2.0,6.0,4.0,6.0,2.0,6.0,0.3333333333333333,0.3333333333333333,0.6666666666666666,0.5,0.5,0.3333333333333333,0.6666666666666666,0.3333333333333333
8480222,all_playoffs,D,6,4490,2.0,6.0,0.0,6.0,2.0,6.0,3.0,6.0,2.0,6.0,2.0,6.0,2.0,6.0,4.0,6.0,0.3333333333333333,0.0,0.3333333333333333,0.5,0.3333333333333333,0.3333333333333333,0.3333333333333333,0.6666666666666666
8480246,all_playoffs,D,13,11341,6.0,13.0,8.0,13.0,6.0,13.0,6.0,13.0,7.0,13.0,8.0,13.0,6.0,13.0,6.0,13.0,0.46153846153846156,0.6153846153846154,0.46153846153846156,0.46153846153846156,0.5384615384615384,0.6153846153846154,0.46153846153846156,0.46153846153846156
8480281,all_playoffs,F,7,4409,2.0,5.0,2.0,5.0,3.0,5.0,2.0,5.0,2.0,5.0,2.0,5.0,2.0,5.0,2.0,5.0,0.4,0.4,0.6,0.4,0.4,0.4,0.4,0.4
8480289,all_playoffs,F,18,10599,5.0,12.0,8.0,12.0,5.0,12.0,4.0,12.0,7.0,12.0,9.0,12.0,6.0,12.0,6.0,12.0,0.4166666666666667,0.6666666666666666,0.4166666666666667,0.3333333333333333,0.5833333333333334,0.75,0.5,0.5
8480336,all_playoffs,D,25,22169,15.0,25.0,10.0,25.0,15.0,25.0,9.5,25.0,14.0,25.0,12.0,25.0,13.0,25.0,10.0,25.0,0.6,0.4,0.6,0.38,0.56,0.48,0.52,0.4
8480434,all_playoffs,D,6,4504,3.0,6.0,1.0,6.0,2.0,6.0,1.0,6.0,1.0,6.0,3.0,6.0,2.0,6.0,2.0,6.0,0.5,0.16666666666666666,0.3333333333333333,0.16666666666666666,0.16666666666666666,0.5,0.3333333333333333,0.3333333333333333
8480448,all_playoffs,F,7,4301,3.0,6.0,3.0,6.0,3.0,6.0,5.0,6.0,1.0,6.0,4.0,6.0,2.0,6.0,5.0,6.0,0.5,0.5,0.5,0.8333333333333334,0.16666666666666666,0.6666666666666666,0.3333333333333333,0.8333333333333334
8480459,all_playoffs,F,13,9547,7.0,13.0,8.0,13.0,8.0,13.0,6.0,13.0,7.0,13.0,8.0,13.0,9.0,13.0,7.0,13.0,0.5384615384615384,0.6153846153846154,0.6153846153846154,0.46153846153846156,0.5384615384615384,0.6153846153846154,0.6923076923076923,0.5384615384615384
8480727,all_playoffs,D,39,35489,18.0,39.0,21.0,39.0,19.0,39.0,19.0,39.0,16.0,39.0,22.0,39.0,18.0,39.0,18.0,39.0,0.46153846153846156,0.5384615384615384,0.48717948717948717,0.48717948717948717,0.41025641025641024,0.5641025641025641,0.46153846153846156,0.46153846153846156
8480748,all_playoffs,F,6,3737,1.0,6.0,3.0,6.0,2.0,6.0,3.0,6.0,1.0,6.0,2.0,6.0,2.0,6.0,2.0,6.0,0.16666666666666666,0.5,0.3333333333333333,0.5,0.16666666666666666,0.3333333333333333,0.3333333333333333,0.3333333333333333
8480762,all_playoffs,F,15,8606,7.0,13.0,4.0,13.0,6.0,13.0,4.0,13.0,6.0,13.0,4.0,13.0,4.0,13.0,7.0,13.0,0.5384615384615384,0.3076923076923077,0.46153846153846156,0.3076923076923077,0.46153846153846156,0.3076923076923077,0.3076923076923077,0.5384615384615384
8480796,all_playoffs,D,4,3773,3.0,4.0,1.0,4.0,2.0,4.0,1.0,4.0,3.0,4.0,1.0,4.0,2.0,4.0,1.0,4.0,0.75,0.25,0.5,0.25,0.75,0.25,0.5,0.25
8480800,all_playoffs,D,13,15150,7.0,13.0,7.0,13.0,7.0,13.0,7.0,13.0,8.0,13.0,6.0,13.0,8.0,13.0,5.0,13.0,0.5384615384615384,0.5384615384615384,0.5384615384615384,0.5384615384615384,0.6153846153846154,0.46153846153846156,0.6153846153846154,0.38461538461538464
8480801,all_playoffs,F,6,5404,3.0,6.0,4.0,6.0,3.0,6.0,3.0,6.0,5.0,6.0,3.0,6.0,4.0,6.0,2.0,6.0,0.5,0.6666666666666666,0.5,0.5,0.8333333333333334,0.5,0.6666666666666666,0.3333333333333333
8480802,all_playoffs,F,36,22903,21.0,33.0,16.0,33.0,17.0,33.0,20.0,33.0,21.0,33.0,19.0,33.0,17.0,33.0,20.0,33.0,0.6363636363636364,0.48484848484848486,0.5151515151515151,0.6060606060606061,0.6363636363636364,0.5757575757575758,0.5151515151515151,0.6060606060606061
8480803,all_playoffs,D,59,68074,32.0,59.0,38.0,59.0,33.0,59.0,34.0,59.0,35.0,59.0,39.0,59.0,32.0,59.0,39.0,59.0,0.5423728813559322,0.6440677966101694,0.559322033898305,0.576271186440678,0.5932203389830508,0.6610169491525424,0.5423728813559322,0.6610169491525424
8480817,all_playoffs,D,23,22928,7.0,23.0,7.0,23.0,7.0,23.0,4.5,23.0,10.0,23.0,9.0,23.0,9.0,23.0,10.0,23.0,0.30434782608695654,0.30434782608695654,0.30434782608695654,0.1956521739130435,0.43478260869565216,0.391304347826087,0.391304347826087,0.43478260869565216
8480829,all_playoffs,F,40,26340,20.0,35.0,13.0,35.0,22.0,35.0,14.0,35.0,16.0,35.0,14.0,35.0,20.0,35.0,14.0,35.0,0.5714285714285714,0.37142857142857144,0.6285714285714286,0.4,0.45714285714285713,0.4,0.5714285714285714,0.4
8480830,all_playoffs,F,26,22023,16.0,26.0,13.0,26.0,15.0,26.0,11.0,26.0,11.0,26.0,13.0,26.0,15.0,26.0,14.0,26.0,0.6153846153846154,0.5,0.5769230769230769,0.4230769230769231,0.4230769230769231,0.5,0.5769230769230769,0.5384615384615384
8480834,all_playoffs,D,9,4410,1.0,4.0,2.0,4.0,2.0,4.0,3.0,4.0,1.0,4.0,2.0,4.0,3.0,4.0,2.0,4.0,0.25,0.5,0.5,0.75,0.25,0.5,0.75,0.5
8480835,all_playoffs,F,31,19504,15.0,28.0,9.0,28.0,16.0,28.0,13.0,28.0,9.0,28.0,11.0,28.0,10.0,28.0,13.0,28.0,0.5357142857142857,0.32142857142857145,0.5714285714285714,0.4642857142857143,0.32142857142857145,0.39285714285714285,0.35714285714285715,0.4642857142857143
8480840,all_playoffs,F,11,5464,2.0,5.0,2.0,5.0,3.0,5.0,1.0,5.0,1.0,5.0,1.0,5.0,3.0,5.0,1.0,5.0,0.4,0.4,0.6,0.2,0.2,0.2,0.6,0.2
8480845,all_playoffs,F,6,2224,0.0,2.0,0.0,2.0,0.0,2.0,0.0,2.0,0.0,2.0,0.0,2.0,0.0,2.0,0.0,2.0,0.0,0.0,0.0,0.0,0.0,0.0,0.0,0.0
8480848,all_playoffs,F,21,13978,10.0,20.0,8.0,20.0,11.0,20.0,11.0,20.0,10.0,20.0,10.0,20.0,11.0,20.0,9.0,20.0,0.5,0.4,0.55,0.55,0.5,0.5,0.55,0.45
8480860,all_playoffs,D,11,7034,5.0,10.0,6.0,10.0,7.0,10.0,5.0,10.0,4.0,10.0,5.0,10.0,5.0,10.0,5.0,10.0,0.5,0.6,0.7,0.5,0.4,0.5,0.5,0.5
8480865,all_playoffs,D,11,11740,6.0,11.0,5.0,11.0,7.0,11.0,8.0,11.0,6.0,11.0,6.0,11.0,6.0,11.0,7.0,11.0,0.5454545454545454,0.45454545454545453,0.6363636363636364,0.7272727272727273,0.5454545454545454,0.5454545454545454,0.5454545454545454,0.6363636363636364
8480873,all_playoffs,D,11,11673,7.0,11.0,6.0,11.0,5.0,11.0,6.0,11.0,4.0,11.0,5.0,11.0,4.0,11.0,5.0,11.0,0.6363636363636364,0.5454545454545454,0.45454545454545453,0.5454545454545454,0.36363636363636365,0.45454545454545453,0.36363636363636365,0.45454545454545453
8480878,all_playoffs,D,12,3096,1.0,1.0,1.0,1.0,1.0,1.0,1.0,1.0,1.0,1.0,1.0,1.0,1.0,1.0,1.0,1.0,1.0,1.0,1.0,1.0,1.0,1.0,1.0,1.0
8480880,all_playoffs,F,8,3568,0.0,3.0,0.0,3.0,0.0,3.0,0.0,3.0,0.0,3.0,1.0,3.0,1.0,3.0,1.0,3.0,0.0,0.0,0.0,0.0,0.0,0.3333333333333333,0.3333333333333333,0.3333333333333333
8480901,all_playoffs,F,1,600,1.0,1.0,0.0,1.0,1.0,1.0,0.0,1.0,1.0,1.0,0.0,1.0,1.0,1.0,0.0,1.0,1.0,0.0,1.0,0.0,1.0,0.0,1.0,0.0
8480950,all_playoffs,D,21,18103,12.0,20.0,7.0,20.0,11.0,20.0,9.0,20.0,15.0,20.0,9.0,20.0,14.0,20.0,10.0,20.0,0.6,0.35,0.55,0.45,0.75,0.45,0.7,0.5
8480980,all_playoffs,F,12,6374,2.0,10.0,5.0,10.0,4.0,10.0,6.0,10.0,2.0,10.0,5.0,10.0,2.0,10.0,4.0,10.0,0.2,0.5,0.4,0.6,0.2,0.5,0.2,0.4
8480995,all_playoffs,F,19,12273,7.0,18.0,9.0,18.0,8.0,18.0,10.0,18.0,8.0,18.0,9.0,18.0,8.0,18.0,9.0,18.0,0.3888888888888889,0.5,0.4444444444444444,0.5555555555555556,0.4444444444444444,0.5,0.4444444444444444,0.5
8481006,all_playoffs,D,3,2260,0.0,3.0,1.0,3.0,1.0,3.0,2.0,3.0,0.0,3.0,1.0,3.0,1.0,3.0,1.0,3.0,0.0,0.3333333333333333,0.3333333333333333,0.6666666666666666,0.0,0.3333333333333333,0.3333333333333333,0.3333333333333333
8481014,all_playoffs,D,9,8996,5.0,9.0,3.0,9.0,5.0,9.0,4.0,9.0,5.0,9.0,4.0,9.0,5.0,9.0,6.0,9.0,0.5555555555555556,0.3333333333333333,0.5555555555555556,0.4444444444444444,0.5555555555555556,0.4444444444444444,0.5555555555555556,0.6666666666666666
8481019,all_playoffs,F,11,4502,0.0,2.0,1.0,2.0,0.0,2.0,1.0,2.0,0.0,2.0,1.0,2.0,0.0,2.0,1.0,2.0,0.0,0.5,0.0,0.5,0.0,0.5,0.0,0.5
8481032,all_playoffs,F,5,3309,2.0,5.0,0.0,5.0,2.0,5.0,0.0,5.0,1.0,5.0,0.0,5.0,2.0,5.0,0.0,5.0,0.4,0.0,0.4,0.0,0.2,0.0,0.4,0.0
8481056,all_playoffs,D,3,1460,1.0,2.0,1.0,2.0,1.0,2.0,0.0,2.0,2.0,2.0,1.0,2.0,2.0,2.0,1.0,2.0,0.5,0.5,0.5,0.0,1.0,0.5,1.0,0.5
8481068,all_playoffs,F,3,1518,1.0,1.0,1.0,1.0,1.0,1.0,1.0,1.0,1.0,1.0,1.0,1.0,1.0,1.0,1.0,1.0,1.0,1.0,1.0,1.0,1.0,1.0,1.0,1.0
8481122,all_playoffs,D,20,18505,3.0,20.0,13.0,20.0,5.0,20.0,12.0,20.0,5.0,20.0,13.0,20.0,5.0,20.0,11.0,20.0,0.15,0.65,0.25,0.6,0.25,0.65,0.25,0.55
8481186,all_playoffs,F,14,8919,8.0,13.0,3.0,13.0,8.0,13.0,5.0,13.0,7.0,13.0,3.0,13.0,7.0,13.0,4.0,13.0,0.6153846153846154,0.23076923076923078,0.6153846153846154,0.38461538461538464,0.5384615384615384,0.23076923076923078,0.5384615384615384,0.3076923076923077
8481237,all_playoffs,F,5,3116,3.0,4.0,2.0,4.0,3.0,4.0,3.0,4.0,4.0,4.0,2.0,4.0,3.0,4.0,3.0,4.0,0.75,0.5,0.75,0.75,1.0,0.5,0.75,0.75
8481477,all_playoffs,F,8,3252,0.0,2.0,1.0,2.0,0.0,2.0,1.0,2.0,0.0,2.0,1.0,2.0,0.0,2.0,1.0,2.0,0.0,0.5,0.0,0.5,0.0,0.5,0.0,0.5
8481481,all_playoffs,F,8,3711,2.0,3.0,2.0,3.0,1.0,3.0,3.0,3.0,1.0,3.0,3.0,3.0,1.0,3.0,2.0,3.0,0.6666666666666666,0.6666666666666666,0.3333333333333333,1.0,0.3333333333333333,1.0,0.3333333333333333,0.6666666666666666
8481524,all_playoffs,D,7,8076,4.0,7.0,1.0,7.0,3.0,7.0,2.0,7.0,4.0,7.0,1.0,7.0,5.0,7.0,0.0,7.0,0.5714285714285714,0.14285714285714285,0.42857142857142855,0.2857142857142857,0.5714285714285714,0.14285714285714285,0.7142857142857143,0.0
8481527,all_playoffs,D,1,784,0.0,1.0,0.0,1.0,0.0,1.0,0.0,1.0,0.0,1.0,0.0,1.0,0.0,1.0,0.0,1.0,0.0,0.0,0.0,0.0,0.0,0.0,0.0,0.0
8481528,all_playoffs,F,6,4979,1.0,6.0,3.0,6.0,2.0,6.0,3.0,6.0,2.0,6.0,1.0,6.0,4.0,6.0,2.0,6.0,0.16666666666666666,0.5,0.3333333333333333,0.5,0.3333333333333333,0.16666666666666666,0.6666666666666666,0.3333333333333333
8481532,all_playoffs,F,3,1031,0.0,0.0,0.0,0.0,0.0,0.0,0.0,0.0,0.0,0.0,0.0,0.0,0.0,0.0,0.0,0.0,,,,,,,,
8481535,all_playoffs,F,11,6093,6.0,9.0,6.0,9.0,5.0,9.0,5.0,9.0,5.0,9.0,4.0,9.0,5.0,9.0,4.0,9.0,0.6666666666666666,0.6666666666666666,0.5555555555555556,0.5555555555555556,0.5555555555555556,0.4444444444444444,0.5555555555555556,0.4444444444444444
8481540,all_playoffs,F,5,5046,4.0,5.0,2.0,5.0,4.0,5.0,3.0,5.0,5.0,5.0,4.0,5.0,5.0,5.0,3.0,5.0,0.8,0.4,0.8,0.6,1.0,0.8,1.0,0.6
8481541,all_playoffs,D,2,762,0.0,0.0,0.0,0.0,0.0,0.0,0.0,0.0,0.0,0.0,0.0,0.0,0.0,0.0,0.0,0.0,,,,,,,,
8481554,all_playoffs,F,22,14007,8.0,20.0,14.0,20.0,9.0,20.0,10.0,20.0,11.0,20.0,14.0,20.0,10.0,20.0,13.0,20.0,0.4,0.7,0.45,0.5,0.55,0.7,0.5,0.65
8481556,all_playoffs,F,12,6004,3.0,8.0,4.0,8.0,4.0,8.0,2.0,8.0,3.0,8.0,3.0,8.0,3.0,8.0,4.0,8.0,0.375,0.5,0.5,0.25,0.375,0.375,0.375,0.5
8481557,all_playoffs,F,12,12094,3.0,12.0,9.0,12.0,5.0,12.0,10.0,12.0,2.0,12.0,10.0,12.0,3.0,12.0,10.0,12.0,0.25,0.75,0.4166666666666667,0.8333333333333334,0.16666666666666666,0.8333333333333334,0.25,0.8333333333333334
8481559,all_playoffs,F,12,11000,5.0,12.0,7.0,12.0,8.0,12.0,5.0,12.0,5.0,12.0,6.0,12.0,3.0,12.0,6.0,12.0,0.4166666666666667,0.5833333333333334,0.6666666666666666,0.4166666666666667,0.4166666666666667,0.5,0.25,0.5
8481560,all_playoffs,F,2,970,0.0,1.0,0.0,1.0,0.0,1.0,0.0,1.0,0.0,1.0,1.0,1.0,1.0,1.0,1.0,1.0,0.0,0.0,0.0,0.0,0.0,1.0,1.0,1.0
8481580,all_playoffs,F,14,11023,5.0,14.0,4.0,14.0,6.0,14.0,5.0,14.0,4.0,14.0,4.0,14.0,5.0,14.0,4.0,14.0,0.35714285714285715,0.2857142857142857,0.42857142857142855,0.35714285714285715,0.2857142857142857,0.2857142857142857,0.35714285714285715,0.2857142857142857
8481581,all_playoffs,D,56,59787,26.0,37.0,15.0,37.0,22.0,37.0,16.0,37.0,22.0,37.0,22.0,37.0,25.0,37.0,14.0,37.0,0.7027027027027027,0.40540540540540543,0.5945945945945946,0.43243243243243246,0.5945945945945946,0.5945945945945946,0.6756756756756757,0.3783783783783784
8481582,all_playoffs,F,9,4490,2.0,6.0,2.0,6.0,3.0,6.0,4.0,6.0,1.0,6.0,4.0,6.0,3.0,6.0,5.0,6.0,0.3333333333333333,0.3333333333333333,0.5,0.6666666666666666,0.16666666666666666,0.6666666666666666,0.5,0.8333333333333334
8481593,all_playoffs,D,2,1462,2.0,2.0,0.0,2.0,1.0,2.0,0.0,2.0,1.0,2.0,1.0,2.0,1.0,2.0,0.0,2.0,1.0,0.0,0.5,0.0,0.5,0.5,0.5,0.0
8481596,all_playoffs,F,6,5673,2.0,6.0,4.0,6.0,2.0,6.0,3.0,6.0,3.0,6.0,1.0,6.0,3.0,6.0,2.0,6.0,0.3333333333333333,0.6666666666666666,0.3333333333333333,0.5,0.5,0.16666666666666666,0.5,0.3333333333333333
8481598,all_playoffs,D,26,18029,5.0,10.0,5.0,10.0,4.0,10.0,5.0,10.0,4.0,10.0,4.0,10.0,4.0,10.0,5.0,10.0,0.5,0.5,0.4,0.5,0.4,0.4,0.4,0.5
8481601,all_playoffs,F,3,1894,1.0,3.0,1.0,3.0,0.0,3.0,2.0,3.0,2.0,3.0,2.0,3.0,2.0,3.0,2.0,3.0,0.3333333333333333,0.3333333333333333,0.0,0.6666666666666666,0.6666666666666666,0.6666666666666666,0.6666666666666666,0.6666666666666666
8481604,all_playoffs,F,9,7268,5.0,8.0,4.0,8.0,4.0,8.0,5.0,8.0,5.0,8.0,4.0,8.0,4.0,8.0,4.0,8.0,0.625,0.5,0.5,0.625,0.625,0.5,0.5,0.5
8481606,all_playoffs,D,10,6060,3.0,6.0,4.0,6.0,2.0,6.0,4.0,6.0,3.0,6.0,6.0,6.0,2.0,6.0,5.0,6.0,0.5,0.6666666666666666,0.3333333333333333,0.6666666666666666,0.5,1.0,0.3333333333333333,0.8333333333333334
8481617,all_playoffs,F,24,13298,8.0,14.0,8.0,14.0,8.0,14.0,6.0,14.0,4.0,14.0,8.0,14.0,6.0,14.0,7.0,14.0,0.5714285714285714,0.5714285714285714,0.5714285714285714,0.42857142857142855,0.2857142857142857,0.5714285714285714,0.42857142857142855,0.5
8481618,all_playoffs,F,12,7435,1.0,8.0,1.0,8.0,3.0,8.0,3.0,8.0,2.0,8.0,3.0,8.0,2.0,8.0,3.0,8.0,0.125,0.125,0.375,0.375,0.25,0.375,0.25,0.375
8481624,all_playoffs,F,11,6813,4.0,10.0,9.0,10.0,2.0,10.0,7.0,10.0,5.0,10.0,8.0,10.0,6.0,10.0,7.0,10.0,0.4,0.9,0.2,0.7,0.5,0.8,0.6,0.7
8481641,all_playoffs,F,30,17587,11.0,25.0,14.0,25.0,11.0,25.0,13.0,25.0,9.0,25.0,13.0,25.0,9.0,25.0,14.0,25.0,0.44,0.56,0.44,0.52,0.36,0.52,0.36,0.56
8481655,all_playoffs,F,1,354,0.0,0.0,0.0,0.0,0.0,0.0,0.0,0.0,0.0,0.0,0.0,0.0,0.0,0.0,0.0,0.0,,,,,,,,
8481656,all_playoffs,F,10,7889,6.0,9.0,5.0,9.0,6.0,9.0,5.0,9.0,6.0,9.0,5.0,9.0,6.0,9.0,5.0,9.0,0.6666666666666666,0.5555555555555556,0.6666666666666666,0.5555555555555556,0.6666666666666666,0.5555555555555556,0.6666666666666666,0.5555555555555556
8481704,all_playoffs,F,1,911,0.0,1.0,0.0,1.0,0.0,1.0,0.0,1.0,0.0,1.0,0.0,1.0,0.0,1.0,0.0,1.0,0.0,0.0,0.0,0.0,0.0,0.0,0.0,0.0
8482062,all_playoffs,F,5,3060,1.0,4.0,1.0,4.0,2.0,4.0,1.0,4.0,1.0,4.0,0.0,4.0,2.0,4.0,0.0,4.0,0.25,0.25,0.5,0.25,0.25,0.0,0.5,0.0
8482070,all_playoffs,F,9,5294,3.0,7.0,2.0,7.0,2.0,7.0,2.0,7.0,3.0,7.0,2.0,7.0,2.0,7.0,3.0,7.0,0.42857142857142855,0.2857142857142857,0.2857142857142857,0.2857142857142857,0.42857142857142855,0.2857142857142857,0.2857142857142857,0.42857142857142855
8482073,all_playoffs,D,23,18880,8.0,23.0,9.0,23.0,9.0,23.0,8.0,23.0,9.0,23.0,10.0,23.0,11.0,23.0,9.0,23.0,0.34782608695652173,0.391304347826087,0.391304347826087,0.34782608695652173,0.391304347826087,0.43478260869565216,0.4782608695652174,0.391304347826087
8482077,all_playoffs,F,25,16087,11.0,22.0,13.0,22.0,14.0,22.0,12.0,22.0,12.0,22.0,13.0,22.0,13.0,22.0,12.0,22.0,0.5,0.5909090909090909,0.6363636363636364,0.5454545454545454,0.5454545454545454,0.5909090909090909,0.5909090909090909,0.5454545454545454
8482079,all_playoffs,F,6,3227,1.0,4.0,2.0,4.0,1.0,4.0,2.0,4.0,0.0,4.0,2.0,4.0,1.0,4.0,2.0,4.0,0.25,0.5,0.25,0.5,0.0,0.5,0.25,0.5
8482087,all_playoffs,D,5,5816,5.0,5.0,1.0,5.0,3.0,5.0,3.0,5.0,3.0,5.0,2.0,5.0,4.0,5.0,4.0,5.0,1.0,0.2,0.6,0.6,0.6,0.4,0.8,0.8
8482089,all_playoffs,F,7,5916,3.0,7.0,2.0,7.0,3.0,7.0,4.0,7.0,5.0,7.0,2.0,7.0,3.0,7.0,3.0,7.0,0.42857142857142855,0.2857142857142857,0.42857142857142855,0.5714285714285714,0.7142857142857143,0.2857142857142857,0.42857142857142855,0.42857142857142855
8482092,all_playoffs,F,6,5033,1.0,6.0,3.0,6.0,0.0,6.0,4.0,6.0,0.0,6.0,1.0,6.0,0.0,6.0,4.0,6.0,0.16666666666666666,0.5,0.0,0.6666666666666666,0.0,0.16666666666666666,0.0,0.6666666666666666
8482093,all_playoffs,F,41,34868,22.0,41.0,24.0,41.0,22.0,41.0,25.0,41.0,17.0,41.0,25.0,41.0,16.0,41.0,24.0,41.0,0.5365853658536586,0.5853658536585366,0.5365853658536586,0.6097560975609756,0.4146341463414634,0.6097560975609756,0.3902439024390244,0.5853658536585366
8482095,all_playoffs,D,6,5215,4.0,5.0,3.0,5.0,2.0,5.0,4.0,5.0,4.0,5.0,3.0,5.0,4.0,5.0,4.0,5.0,0.8,0.6,0.4,0.8,0.8,0.6,0.8,0.8
8482105,all_playoffs,D,6,7441,1.0,6.0,4.0,6.0,3.0,6.0,4.0,6.0,3.0,6.0,4.0,6.0,4.0,6.0,4.0,6.0,0.16666666666666666,0.6666666666666666,0.5,0.6666666666666666,0.5,0.6666666666666666,0.6666666666666666,0.6666666666666666
8482109,all_playoffs,F,23,17274,12.0,23.0,13.0,23.0,15.0,23.0,12.5,23.0,14.0,23.0,15.0,23.0,16.0,23.0,13.0,23.0,0.5217391304347826,0.5652173913043478,0.6521739130434783,0.5434782608695652,0.6086956521739131,0.6521739130434783,0.6956521739130435,0.5652173913043478
8482110,all_playoffs,F,17,13217,9.0,17.0,9.0,17.0,11.0,17.0,9.0,17.0,6.0,17.0,12.0,17.0,8.0,17.0,10.0,17.0,0.5294117647058824,0.5294117647058824,0.6470588235294118,0.5294117647058824,0.35294117647058826,0.7058823529411765,0.47058823529411764,0.5882352941176471
8482113,all_playoffs,F,68,51676,42.0,68.0,38.0,68.0,42.0,68.0,38.0,68.0,36.0,68.0,40.0,68.0,39.0,68.0,41.0,68.0,0.6176470588235294,0.5588235294117647,0.6176470588235294,0.5588235294117647,0.5294117647058824,0.5882352941176471,0.5735294117647058,0.6029411764705882
8482116,all_playoffs,F,6,6037,4.0,6.0,6.0,6.0,4.0,6.0,5.0,6.0,6.0,6.0,6.0,6.0,5.0,6.0,3.0,6.0,0.6666666666666666,1.0,0.6666666666666666,0.8333333333333334,1.0,1.0,0.8333333333333334,0.5
8482124,all_playoffs,F,17,15236,11.0,17.0,5.0,17.0,9.0,17.0,7.0,17.0,9.0,17.0,8.0,17.0,11.0,17.0,9.0,17.0,0.6470588235294118,0.29411764705882354,0.5294117647058824,0.4117647058823529,0.5294117647058824,0.47058823529411764,0.6470588235294118,0.5294117647058824
8482146,all_playoffs,F,6,3892,2.0,6.0,5.0,6.0,3.0,6.0,4.0,6.0,2.0,6.0,5.0,6.0,3.0,6.0,4.0,6.0,0.3333333333333333,0.8333333333333334,0.5,0.6666666666666666,0.3333333333333333,0.8333333333333334,0.5,0.6666666666666666
8482148,all_playoffs,F,4,2264,2.0,3.0,3.0,3.0,2.0,3.0,3.0,3.0,0.0,3.0,2.0,3.0,2.0,3.0,2.0,3.0,0.6666666666666666,1.0,0.6666666666666666,1.0,0.0,0.6666666666666666,0.6666666666666666,0.6666666666666666
8482149,all_playoffs,F,14,10351,8.0,14.0,8.0,14.0,4.0,14.0,7.0,14.0,8.0,14.0,9.0,14.0,8.0,14.0,9.0,14.0,0.5714285714285714,0.5714285714285714,0.2857142857142857,0.5,0.5714285714285714,0.6428571428571429,0.5714285714285714,0.6428571428571429
8482155,all_playoffs,F,11,9286,8.0,11.0,6.0,11.0,8.0,11.0,7.0,11.0,8.0,11.0,7.0,11.0,9.0,11.0,7.0,11.0,0.7272727272727273,0.5454545454545454,0.7272727272727273,0.6363636363636364,0.7272727272727273,0.6363636363636364,0.8181818181818182,0.6363636363636364
8482157,all_playoffs,F,16,9542,5.0,12.0,5.0,12.0,5.0,12.0,6.0,12.0,6.0,12.0,7.0,12.0,5.0,12.0,7.0,12.0,0.4166666666666667,0.4166666666666667,0.4166666666666667,0.5,0.5,0.5833333333333334,0.4166666666666667,0.5833333333333334
8482201,all_playoffs,F,5,4038,1.0,5.0,1.0,5.0,1.0,5.0,2.0,5.0,1.0,5.0,2.0,5.0,1.0,5.0,3.0,5.0,0.2,0.2,0.2,0.4,0.2,0.4,0.2,0.6
8482245,all_playoffs,D,6,6558,0.0,6.0,4.0,6.0,0.0,6.0,4.0,6.0,1.0,6.0,3.0,6.0,1.0,6.0,3.0,6.0,0.0,0.6666666666666666,0.0,0.6666666666666666,0.16666666666666666,0.5,0.16666666666666666,0.5
8482259,all_playoffs,F,13,8145,2.0,12.0,4.0,12.0,4.0,12.0,6.0,12.0,5.0,12.0,5.0,12.0,5.0,12.0,6.0,12.0,0.16666666666666666,0.3333333333333333,0.3333333333333333,0.5,0.4166666666666667,0.4166666666666667,0.4166666666666667,0.5
8482476,all_playoffs,F,5,2369,0.0,2.0,1.0,2.0,1.0,2.0,0.0,2.0,0.0,2.0,1.0,2.0,1.0,2.0,1.0,2.0,0.0,0.5,0.5,0.0,0.0,0.5,0.5,0.5
8482496,all_playoffs,F,5,2312,3.0,3.0,1.0,3.0,1.0,3.0,1.0,3.0,1.0,3.0,1.0,3.0,1.0,3.0,2.0,3.0,1.0,0.3333333333333333,0.3333333333333333,0.3333333333333333,0.3333333333333333,0.3333333333333333,0.3333333333333333,0.6666666666666666
8482511,all_playoffs,D,11,9705,4.0,10.0,5.0,10.0,3.0,10.0,5.0,10.0,6.0,10.0,6.0,10.0,5.0,10.0,4.0,10.0,0.4,0.5,0.3,0.5,0.6,0.6,0.5,0.4
8482655,all_playoffs,D,5,3638,3.0,5.0,5.0,5.0,3.0,5.0,5.0,5.0,3.0,5.0,3.0,5.0,3.0,5.0,4.0,5.0,0.6,1.0,0.6,1.0,0.6,0.6,0.6,0.8
8482665,all_playoffs,F,14,11666,6.0,14.0,5.0,14.0,8.0,14.0,6.0,14.0,6.0,14.0,9.0,14.0,8.0,14.0,8.0,14.0,0.42857142857142855,0.35714285714285715,0.5714285714285714,0.42857142857142855,0.42857142857142855,0.6428571428571429,0.5714285714285714,0.5714285714285714
8482702,all_playoffs,F,34,26039,18.0,34.0,17.0,34.0,16.0,34.0,19.0,34.0,13.0,34.0,19.0,34.0,15.0,34.0,16.0,34.0,0.5294117647058824,0.5,0.47058823529411764,0.5588235294117647,0.38235294117647056,0.5588235294117647,0.4411764705882353,0.47058823529411764
8482713,all_playoffs,F,4,2335,2.0,3.0,0.0,3.0,2.0,3.0,0.0,3.0,3.0,3.0,0.0,3.0,1.0,3.0,0.0,3.0,0.6666666666666666,0.0,0.6666666666666666,0.0,1.0,0.0,0.3333333333333333,0.0
8482720,all_playoffs,F,27,21931,8.0,20.0,13.0,20.0,8.0,20.0,11.0,20.0,9.0,20.0,14.0,20.0,10.0,20.0,9.0,20.0,0.4,0.65,0.4,0.55,0.45,0.7,0.5,0.45
8482726,all_playoffs,F,6,1371,0.0,0.0,0.0,0.0,0.0,0.0,0.0,0.0,0.0,0.0,0.0,0.0,0.0,0.0,0.0,0.0,,,,,,,,
8482730,all_playoffs,D,6,3748,2.0,5.0,1.0,5.0,2.0,5.0,1.0,5.0,3.0,5.0,1.0,5.0,3.0,5.0,1.0,5.0,0.4,0.2,0.4,0.2,0.6,0.2,0.6,0.2
8482737,all_playoffs,F,7,4696,2.0,7.0,6.0,7.0,2.0,7.0,6.0,7.0,2.0,7.0,6.0,7.0,2.0,7.0,6.0,7.0,0.2857142857142857,0.8571428571428571,0.2857142857142857,0.8571428571428571,0.2857142857142857,0.8571428571428571,0.2857142857142857,0.8571428571428571
8482740,all_playoffs,F,56,49117,31.0,56.0,33.0,56.0,26.0,56.0,30.0,56.0,24.0,56.0,25.0,56.0,28.0,56.0,23.0,56.0,0.5535714285714286,0.5892857142857143,0.4642857142857143,0.5357142857142857,0.42857142857142855,0.44642857142857145,0.5,0.4107142857142857
8482809,all_playoffs,F,15,11418,9.0,14.0,6.0,14.0,6.0,14.0,6.0,14.0,8.0,14.0,7.0,14.0,5.0,14.0,5.0,14.0,0.6428571428571429,0.42857142857142855,0.42857142857142855,0.42857142857142855,0.5714285714285714,0.5,0.35714285714285715,0.35714285714285715
8482929,all_playoffs,D,10,7570,4.0,10.0,6.0,10.0,2.0,10.0,7.0,10.0,4.0,10.0,7.0,10.0,2.0,10.0,8.0,10.0,0.4,0.6,0.2,0.7,0.4,0.7,0.2,0.8
8482964,all_playoffs,D,3,1913,1.0,3.0,1.0,3.0,1.0,3.0,1.0,3.0,1.0,3.0,0.0,3.0,1.0,3.0,0.0,3.0,0.3333333333333333,0.3333333333333333,0.3333333333333333,0.3333333333333333,0.3333333333333333,0.0,0.3333333333333333,0.0
8483425,all_playoffs,D,18,11295,10.0,16.0,8.0,16.0,9.0,16.0,8.0,16.0,10.0,16.0,10.0,16.0,8.0,16.0,10.0,16.0,0.625,0.5,0.5625,0.5,0.625,0.625,0.5,0.625
8483447,all_playoffs,F,4,2418,1.0,3.0,1.0,3.0,0.0,3.0,2.0,3.0,1.0,3.0,1.0,3.0,0.0,3.0,2.0,3.0,0.3333333333333333,0.3333333333333333,0.0,0.6666666666666666,0.3333333333333333,0.3333333333333333,0.0,0.6666666666666666
8483457,all_playoffs,D,5,6427,5.0,5.0,3.0,5.0,4.0,5.0,2.0,5.0,4.0,5.0,4.0,5.0,4.0,5.0,3.0,5.0,1.0,0.6,0.8,0.4,0.8,0.8,0.8,0.6
8483491,all_playoffs,F,1,479,0.0,0.0,0.0,0.0,0.0,0.0,0.0,0.0,0.0,0.0,0.0,0.0,0.0,0.0,0.0,0.0,,,,,,,,
8483495,all_playoffs,D,4,3184,2.0,4.0,1.0,4.0,3.0,4.0,2.0,4.0,2.0,4.0,1.0,4.0,3.0,4.0,2.0,4.0,0.5,0.25,0.75,0.5,0.5,0.25,0.75,0.5
8483515,all_playoffs,F,5,5196,4.0,5.0,2.0,5.0,4.0,5.0,3.0,5.0,5.0,5.0,4.0,5.0,5.0,5.0,4.0,5.0,0.8,0.4,0.8,0.6,1.0,0.8,1.0,0.8
8483570,all_playoffs,F,6,1903,0.0,0.0,0.0,0.0,0.0,0.0,0.0,0.0,0.0,0.0,0.0,0.0,0.0,0.0,0.0,0.0,,,,,,,,
8483808,all_playoffs,F,6,5076,2.0,6.0,3.0,6.0,4.0,6.0,5.0,6.0,2.0,6.0,5.0,6.0,5.0,6.0,4.0,6.0,0.3333333333333333,0.5,0.6666666666666666,0.8333333333333334,0.3333333333333333,0.8333333333333334,0.8333333333333334,0.6666666666666666
8484258,all_playoffs,D,5,3867,3.0,5.0,4.0,5.0,3.0,5.0,4.0,5.0,2.0,5.0,3.0,5.0,2.0,5.0,4.0,5.0,0.6,0.8,0.6,0.8,0.4,0.6,0.4,0.8
8484304,all_playoffs,D,5,3453,1.0,5.0,1.0,5.0,1.0,5.0,3.0,5.0,1.0,5.0,2.0,5.0,3.0,5.0,2.0,5.0,0.2,0.2,0.2,0.6,0.2,0.4,0.6,0.4
8484321,all_playoffs,D,6,4347,3.0,5.0,2.0,5.0,2.0,5.0,2.0,5.0,3.0,5.0,2.0,5.0,4.0,5.0,2.0,5.0,0.6,0.4,0.4,0.4,0.6,0.4,0.8,0.4
