player_id,position,state,zone,attempts,goals,toi_min,per60,per60_lo,per60_hi
8474564,F,ES,MNFI,282,15,5911.55,2.862,2.538,3.217
8474564,F,ES,FNFI,89,5,5911.55,0.903,0.725,1.112
8474564,F,PP,MNFI,143,13,1056.7,8.12,6.843,9.565
8474564,F,PP,FNFI,35,2,1056.7,1.987,1.384,2.764
8474564,F,PK,MNFI,0,0,182.15,0.0,0.0,1.215
8474564,F,PK,FNFI,0,0,182.15,0.0,0.0,1.215
8476934,F,ES,MNFI,73,6,2103.03,2.083,1.633,2.619
8476934,F,ES,FNFI,13,1,2103.03,0.371,0.197,0.634
8476934,F,PP,MNFI,0,0,329.6,0.0,0.0,0.672
8476934,F,PP,FNFI,0,0,329.6,0.0,0.0,0.672
8476934,F,PK,MNFI,7,0,69.32,6.059,2.436,12.484
8476934,F,PK,FNFI,1,0,69.32,0.866,0.022,4.823
8478046,F,ES,MNFI,204,13,3739.3,3.273,2.84,3.755
8478046,F,ES,FNFI,48,2,3739.3,0.77,0.568,1.021
8478046,F,PP,MNFI,16,2,413.43,2.322,1.327,3.771
8478046,F,PP,FNFI,3,0,413.43,0.435,0.09,1.272
8478046,F,PK,MNFI,8,1,110.5,4.344,1.875,8.559
8478046,F,PK,FNFI,0,0,110.5,0.0,0.0,2.003
8476292,F,ES,MNFI,209,15,4467.23,2.807,2.439,3.215
8476292,F,ES,FNFI,52,1,4467.23,0.698,0.522,0.916
8476292,F,PP,MNFI,25,3,563.18,2.663,1.724,3.932
8476292,F,PP,FNFI,1,0,563.18,0.107,0.003,0.594
8476292,F,PK,MNFI,2,0,118.83,1.01,0.122,3.648
8476292,F,PK,FNFI,1,0,118.83,0.505,0.013,2.813
8478542,F,ES,MNFI,291,9,5030.22,3.471,3.084,3.894
8478542,F,ES,FNFI,92,2,5030.22,1.097,0.885,1.346
8478542,F,PP,MNFI,59,10,802.93,4.409,3.356,5.687
8478542,F,PP,FNFI,17,1,802.93,1.27,0.74,2.034
8478542,F,PK,MNFI,5,0,170.3,1.762,0.572,4.111
8478542,F,PK,FNFI,1,0,170.3,0.352,0.009,1.963
8478866,F,ES,MNFI,24,1,682.27,2.111,1.352,3.14
8478866,F,ES,FNFI,11,0,682.27,0.967,0.483,1.731
8478866,F,PP,MNFI,4,0,52.77,4.548,1.239,11.646
8478866,F,PP,FNFI,0,0,52.77,0.0,0.0,4.195
8478866,F,PK,MNFI,0,0,5.93,0.0,0.0,37.303
8478866,F,PK,FNFI,0,0,5.93,0.0,0.0,37.303
8475810,F,ES,MNFI,232,11,5255.45,2.649,2.319,3.012
8475810,F,ES,FNFI,76,2,5255.45,0.868,0.684,1.086
8475810,F,PP,MNFI,84,5,1008.52,4.997,3.986,6.187
8475810,F,PP,FNFI,23,2,1008.52,1.368,0.867,2.053
8475810,F,PK,MNFI,10,0,187.12,3.207,1.538,5.897
8475810,F,PK,FNFI,1,0,187.12,0.321,0.008,1.787
8482055,F,ES,MNFI,164,10,3704.45,2.656,2.265,3.095
8482055,F,ES,FNFI,44,0,3704.45,0.713,0.518,0.957
8482055,F,PP,MNFI,4,0,439.35,0.546,0.149,1.399
8482055,F,PP,FNFI,1,0,439.35,0.137,0.003,0.761
8482055,F,PK,MNFI,9,2,81.45,6.63,3.032,12.585
8482055,F,PK,FNFI,1,0,81.45,0.737,0.019,4.104
8470619,F,ES,MNFI,19,4,581.27,1.961,1.181,3.063
8470619,F,ES,FNFI,8,0,581.27,0.826,0.357,1.627
8470619,F,PP,MNFI,0,0,114.72,0.0,0.0,1.929
8470619,F,PP,FNFI,0,0,114.72,0.0,0.0,1.929
8470619,F,PK,MNFI,1,1,25.53,2.35,0.059,13.093
8470619,F,PK,FNFI,0,0,25.53,0.0,0.0,8.668
8477953,F,ES,MNFI,161,7,3830.58,2.522,2.147,2.943
8477953,F,ES,FNFI,33,2,3830.58,0.517,0.356,0.726
8477953,F,PP,MNFI,23,0,459.35,3.004,1.904,4.508
8477953,F,PP,FNFI,2,0,459.35,0.261,0.032,0.944
8477953,F,PK,MNFI,6,2,113.28,3.178,1.166,6.917
8477953,F,PK,FNFI,0,0,113.28,0.0,0.0,1.954
8478519,F,ES,MNFI,247,12,5190.6,2.855,2.51,3.234
8478519,F,ES,FNFI,55,0,5190.6,0.636,0.479,0.828
8478519,F,PP,MNFI,20,4,926.22,1.296,0.791,2.001
8478519,F,PP,FNFI,3,1,926.22,0.194,0.04,0.568
8478519,F,PK,MNFI,24,2,199.47,7.219,4.626,10.742
8478519,F,PK,FNFI,7,0,199.47,2.106,0.847,4.338
8470604,F,ES,MNFI,99,4,2620.53,2.267,1.842,2.76
8470604,F,ES,FNFI,24,0,2620.53,0.55,0.352,0.818
8470604,F,PP,MNFI,28,0,535.12,3.14,2.086,4.537
8470604,F,PP,FNFI,5,0,535.12,0.561,0.182,1.308
8470604,F,PK,MNFI,3,1,132.4,1.36,0.28,3.973
8470604,F,PK,FNFI,1,0,132.4,0.453,0.011,2.525
8476927,F,ES,MNFI,119,6,3778.6,1.89,1.565,2.261
8476927,F,ES,FNFI,42,0,3778.6,0.667,0.481,0.901
8476927,F,PP,MNFI,1,1,557.02,0.108,0.003,0.6
8476927,F,PP,FNFI,0,0,557.02,0.0,0.0,0.397
8476927,F,PK,MNFI,9,2,107.82,5.009,2.29,9.508
8476927,F,PK,FNFI,2,0,107.82,1.113,0.135,4.021
8479525,F,ES,MNFI,247,9,4199.23,3.529,3.103,3.998
8479525,F,ES,FNFI,87,1,4199.23,1.243,0.996,1.533
8479525,F,PP,MNFI,41,5,528.77,4.652,3.339,6.311
8479525,F,PP,FNFI,0,0,528.77,0.0,0.0,0.419
8479525,F,PK,MNFI,0,0,123.4,0.0,0.0,1.794
8479525,F,PK,FNFI,0,0,123.4,0.0,0.0,1.794
8470621,F,ES,MNFI,137,10,3961.1,2.075,1.742,2.453
8470621,F,ES,FNFI,28,1,3961.1,0.424,0.282,0.613
8470621,F,PP,MNFI,12,1,551.08,1.307,0.675,2.282
8470621,F,PP,FNFI,3,0,551.08,0.327,0.067,0.955
8470621,F,PK,MNFI,0,0,126.33,0.0,0.0,1.752
8470621,F,PK,FNFI,0,0,126.33,0.0,0.0,1.752
8475722,F,ES,MNFI,174,13,4154.62,2.513,2.153,2.915
8475722,F,ES,FNFI,60,1,4154.62,0.867,0.661,1.115
8475722,F,PP,MNFI,32,4,564.53,3.401,2.326,4.801
8475722,F,PP,FNFI,8,1,564.53,0.85,0.367,1.675
8475722,F,PK,MNFI,0,0,116.57,0.0,0.0,1.899
8475722,F,PK,FNFI,0,0,116.57,0.0,0.0,1.899
8478043,F,ES,MNFI,108,7,3036.78,2.134,1.75,2.576
8478043,F,ES,FNFI,28,0,3036.78,0.553,0.368,0.8
8478043,F,PP,MNFI,4,0,378.37,0.634,0.173,1.624
8478043,F,PP,FNFI,0,0,378.37,0.0,0.0,0.585
8478043,F,PK,MNFI,9,3,70.87,7.62,3.484,14.465
8478043,F,PK,FNFI,3,0,70.87,2.54,0.524,7.423
8477930,F,ES,MNFI,71,4,1895.0,2.248,1.756,2.836
8477930,F,ES,FNFI,25,0,1895.0,0.792,0.512,1.168
8477930,F,PP,MNFI,0,0,336.65,0.0,0.0,0.657
8477930,F,PP,FNFI,0,0,336.65,0.0,0.0,0.657
8477930,F,PK,MNFI,1,0,60.28,0.995,0.025,5.545
8477930,F,PK,FNFI,0,0,60.28,0.0,0.0,3.672
8476453,F,ES,MNFI,392,23,6016.08,3.91,3.532,4.316
8476453,F,ES,FNFI,167,9,6016.08,1.666,1.423,1.938
8476453,F,PP,MNFI,115,4,1074.48,6.422,5.302,7.708
8476453,F,PP,FNFI,39,1,1074.48,2.178,1.549,2.977
8476453,F,PK,MNFI,1,0,202.18,0.297,0.008,1.653
8476453,F,PK,FNFI,0,0,202.18,0.0,0.0,1.095
8478010,F,ES,MNFI,308,19,5721.25,3.23,2.879,3.612
8478010,F,ES,FNFI,63,1,5721.25,0.661,0.508,0.845
8478010,F,PP,MNFI,193,18,1001.67,11.561,9.987,13.312
8478010,F,PP,FNFI,4,1,1001.67,0.24,0.065,0.613
8478010,F,PK,MNFI,0,0,192.98,0.0,0.0,1.147
8478010,F,PK,FNFI,0,0,192.98,0.0,0.0,1.147
8473986,F,ES,MNFI,237,19,5345.08,2.66,2.332,3.022
8473986,F,ES,FNFI,65,2,5345.08,0.73,0.563,0.93
8473986,F,PP,MNFI,48,4,1137.05,2.533,1.868,3.358
8473986,F,PP,FNFI,6,0,1137.05,0.317,0.116,0.689
8473986,F,PK,MNFI,13,0,224.98,3.467,1.846,5.929
8473986,F,PK,FNFI,1,0,224.98,0.267,0.007,1.486
8478472,F,ES,MNFI,130,7,3558.8,2.192,1.831,2.603
8478472,F,ES,FNFI,41,0,3558.8,0.691,0.496,0.938
8478472,F,PP,MNFI,6,0,552.9,0.651,0.239,1.417
8478472,F,PP,FNFI,0,0,552.9,0.0,0.0,0.4
8478472,F,PK,MNFI,17,3,102.6,9.942,5.791,15.917
8478472,F,PK,FNFI,0,0,102.6,0.0,0.0,2.157
8475768,F,ES,MNFI,203,12,4328.15,2.814,2.44,3.229
8475768,F,ES,FNFI,62,1,4328.15,0.859,0.659,1.102
8475768,F,PP,MNFI,27,1,610.23,2.655,1.749,3.862
8475768,F,PP,FNFI,1,0,610.23,0.098,0.002,0.548
8475768,F,PK,MNFI,1,0,108.83,0.551,0.014,3.072
8475768,F,PK,FNFI,0,0,108.83,0.0,0.0,2.034
8474586,F,ES,MNFI,249,23,5200.85,2.873,2.527,3.252
8474586,F,ES,FNFI,49,2,5200.85,0.565,0.418,0.747
8474586,F,PP,MNFI,41,4,781.27,3.149,2.26,4.272
8474586,F,PP,FNFI,6,0,781.27,0.461,0.169,1.003
8474586,F,PK,MNFI,0,0,125.17,0.0,0.0,1.768
8474586,F,PK,FNFI,0,0,125.17,0.0,0.0,1.768
8479987,F,ES,MNFI,186,16,4651.47,2.399,2.067,2.77
8479987,F,ES,FNFI,66,6,4651.47,0.851,0.658,1.083
8479987,F,PP,MNFI,33,4,617.25,3.208,2.208,4.505
8479987,F,PP,FNFI,13,1,617.25,1.264,0.673,2.161
8479987,F,PK,MNFI,0,0,128.58,0.0,0.0,1.721
8479987,F,PK,FNFI,0,0,128.58,0.0,0.0,1.721
8477505,F,ES,MNFI,133,10,5822.73,1.37,1.147,1.624
8477505,F,ES,FNFI,46,1,5822.73,0.474,0.347,0.632
8477505,F,PP,MNFI,32,3,1182.35,1.624,1.111,2.292
8477505,F,PP,FNFI,8,0,1182.35,0.406,0.175,0.8
8477505,F,PK,MNFI,4,0,208.15,1.153,0.314,2.952
8477505,F,PK,FNFI,3,0,208.15,0.865,0.178,2.527
8474157,F,ES,MNFI,93,6,1633.28,3.416,2.758,4.185
8474157,F,ES,FNFI,39,1,1633.28,1.433,1.019,1.959
8474157,F,PP,MNFI,17,0,222.62,4.582,2.669,7.336
8474157,F,PP,FNFI,4,0,222.62,1.078,0.294,2.76
8474157,F,PK,MNFI,0,0,42.35,0.0,0.0,5.226
8474157,F,PK,FNFI,0,0,42.35,0.0,0.0,5.226
8476539,F,ES,MNFI,282,20,5412.45,3.126,2.772,3.513
8476539,F,ES,FNFI,123,4,5412.45,1.364,1.133,1.627
8476539,F,PP,MNFI,101,7,787.95,7.691,6.264,9.345
8476539,F,PP,FNFI,26,2,787.95,1.98,1.293,2.901
8476539,F,PK,MNFI,0,0,137.63,0.0,0.0,1.608
8476539,F,PK,FNFI,0,0,137.63,0.0,0.0,1.608
8475149,F,ES,MNFI,181,14,4920.55,2.207,1.897,2.553
8475149,F,ES,FNFI,78,4,4920.55,0.951,0.752,1.187
8475149,F,PP,MNFI,29,2,788.97,2.205,1.477,3.167
8475149,F,PP,FNFI,12,0,788.97,0.913,0.472,1.594
8475149,F,PK,MNFI,5,2,156.43,1.918,0.623,4.475
8475149,F,PK,FNFI,1,0,156.43,0.384,0.01,2.137
8475191,F,ES,MNFI,194,14,4699.55,2.477,2.141,2.851
8475191,F,ES,FNFI,48,1,4699.55,0.613,0.452,0.813
8475191,F,PP,MNFI,32,1,730.48,2.628,1.798,3.711
8475191,F,PP,FNFI,8,1,730.48,0.657,0.284,1.295
8475191,F,PK,MNFI,11,4,145.77,4.528,2.26,8.101
8475191,F,PK,FNFI,0,0,145.77,0.0,0.0,1.518
8479293,F,ES,MNFI,109,7,3421.63,1.911,1.569,2.306
8479293,F,ES,FNFI,27,0,3421.63,0.473,0.312,0.689
8479293,F,PP,MNFI,0,0,556.43,0.0,0.0,0.398
8479293,F,PP,FNFI,0,0,556.43,0.0,0.0,0.398
8479293,F,PK,MNFI,12,1,90.95,7.916,4.091,13.828
8479293,F,PK,FNFI,1,0,90.95,0.66,0.017,3.676
8477955,F,ES,MNFI,236,22,4838.02,2.927,2.565,3.325
8477955,F,ES,FNFI,81,2,4838.02,1.005,0.798,1.249
8477955,F,PP,MNFI,95,7,944.33,6.036,4.883,7.379
8477955,F,PP,FNFI,38,3,944.33,2.414,1.709,3.314
8477955,F,PK,MNFI,15,3,151.72,5.932,3.32,9.784
8477955,F,PK,FNFI,9,1,151.72,3.559,1.628,6.757
8476448,F,ES,MNFI,207,14,3957.87,3.138,2.725,3.596
8476448,F,ES,FNFI,44,3,3957.87,0.667,0.485,0.895
8476448,F,PP,MNFI,44,3,754.0,3.501,2.544,4.7
8476448,F,PP,FNFI,7,0,754.0,0.557,0.224,1.148
8476448,F,PK,MNFI,8,0,122.43,3.921,1.693,7.725
8476448,F,PK,FNFI,3,0,122.43,1.47,0.303,4.297
8481522,F,ES,MNFI,150,12,4458.25,2.019,1.709,2.369
8481522,F,ES,FNFI,55,0,4458.25,0.74,0.558,0.963
8481522,F,PP,MNFI,7,1,487.78,0.861,0.346,1.774
8481522,F,PP,FNFI,0,0,487.78,0.0,0.0,0.454
8481522,F,PK,MNFI,3,0,96.12,1.873,0.386,5.473
8481522,F,PK,FNFI,0,0,96.12,0.0,0.0,2.303
8477987,F,ES,MNFI,214,15,4638.53,2.768,2.41,3.165
8477987,F,ES,FNFI,53,1,4638.53,0.686,0.514,0.897
8477987,F,PP,MNFI,49,1,564.45,5.209,3.853,6.886
8477987,F,PP,FNFI,5,0,564.45,0.531,0.173,1.24
8477987,F,PK,MNFI,0,0,119.78,0.0,0.0,1.848
8477987,F,PK,FNFI,0,0,119.78,0.0,0.0,1.848
8474149,F,ES,MNFI,133,8,3733.45,2.137,1.79,2.533
8474149,F,ES,FNFI,42,0,3733.45,0.675,0.486,0.912
8474149,F,PP,MNFI,30,2,426.32,4.222,2.849,6.027
8474149,F,PP,FNFI,2,0,426.32,0.281,0.034,1.017
8474149,F,PK,MNFI,0,0,80.27,0.0,0.0,2.757
8474149,F,PK,FNFI,0,0,80.27,0.0,0.0,2.757
8476905,F,ES,MNFI,127,10,5929.85,1.285,1.071,1.529
8476905,F,ES,FNFI,35,0,5929.85,0.354,0.247,0.493
8476905,F,PP,MNFI,44,4,1147.9,2.3,1.671,3.087
8476905,F,PP,FNFI,6,0,1147.9,0.314,0.115,0.683
8476905,F,PK,MNFI,8,1,201.65,2.38,1.028,4.69
8476905,F,PK,FNFI,2,1,201.65,0.595,0.072,2.15
8478891,F,ES,MNFI,150,9,4240.22,2.123,1.796,2.491
8478891,F,ES,FNFI,29,0,4240.22,0.41,0.275,0.589
8478891,F,PP,MNFI,4,1,505.27,0.475,0.129,1.216
8478891,F,PP,FNFI,0,0,505.27,0.0,0.0,0.438
8478891,F,PK,MNFI,7,1,89.13,4.712,1.894,9.709
8478891,F,PK,FNFI,0,0,89.13,0.0,0.0,2.483
8478434,F,ES,MNFI,129,6,4272.45,1.812,1.512,2.153
8478434,F,ES,FNFI,40,0,4272.45,0.562,0.401,0.765
8478434,F,PP,MNFI,1,0,350.9,0.171,0.004,0.953
8478434,F,PP,FNFI,0,0,350.9,0.0,0.0,0.631
8478434,F,PK,MNFI,2,1,65.5,1.832,0.222,6.618
8478434,F,PK,FNFI,0,0,65.5,0.0,0.0,3.379
8475772,F,ES,MNFI,27,0,707.95,2.288,1.508,3.329
8475772,F,ES,FNFI,8,0,707.95,0.678,0.293,1.336
8475772,F,PP,MNFI,0,0,118.77,0.0,0.0,1.864
8475772,F,PP,FNFI,0,0,118.77,0.0,0.0,1.864
8475772,F,PK,MNFI,0,0,19.78,0.0,0.0,11.188
8475772,F,PK,FNFI,0,0,19.78,0.0,0.0,11.188
8475820,F,ES,MNFI,36,0,894.82,2.414,1.691,3.342
8475820,F,ES,FNFI,8,1,894.82,0.536,0.232,1.057
8475820,F,PP,MNFI,10,0,167.3,3.586,1.72,6.595
8475820,F,PP,FNFI,0,0,167.3,0.0,0.0,1.323
8475820,F,PK,MNFI,1,0,37.72,1.591,0.04,8.863
8475820,F,PK,FNFI,0,0,37.72,0.0,0.0,5.868
8479414,F,ES,MNFI,68,6,2491.25,1.638,1.272,2.076
8479414,F,ES,FNFI,13,0,2491.25,0.313,0.167,0.535
8479414,F,PP,MNFI,5,0,321.28,0.934,0.303,2.179
8479414,F,PP,FNFI,0,0,321.28,0.0,0.0,0.689
8479414,F,PK,MNFI,3,1,60.15,2.993,0.617,8.745
8479414,F,PK,FNFI,0,0,60.15,0.0,0.0,3.68
8476981,F,ES,MNFI,256,21,4727.3,3.249,2.863,3.673
8476981,F,ES,FNFI,49,1,4727.3,0.622,0.46,0.822
8476981,F,PP,MNFI,25,2,731.8,2.05,1.326,3.026
8476981,F,PP,FNFI,5,0,731.8,0.41,0.133,0.957
8476981,F,PK,MNFI,8,2,144.32,3.326,1.436,6.554
8476981,F,PK,FNFI,2,0,144.32,0.832,0.101,3.004
8477989,F,ES,MNFI,124,9,4090.5,1.819,1.513,2.169
8477989,F,ES,FNFI,27,0,4090.5,0.396,0.261,0.576
8477989,F,PP,MNFI,25,1,833.6,1.799,1.164,2.656
8477989,F,PP,FNFI,2,0,833.6,0.144,0.017,0.52
8477989,F,PK,MNFI,7,1,148.22,2.834,1.139,5.838
8477989,F,PK,FNFI,1,0,148.22,0.405,0.01,2.255
8478483,F,ES,MNFI,297,21,6187.02,2.88,2.562,3.227
8478483,F,ES,FNFI,138,2,6187.02,1.338,1.124,1.581
8478483,F,PP,MNFI,94,10,1269.73,4.442,3.589,5.436
8478483,F,PP,FNFI,71,2,1269.73,3.355,2.62,4.232
8478483,F,PK,MNFI,27,3,243.32,6.658,4.388,9.687
8478483,F,PK,FNFI,4,0,243.32,0.986,0.269,2.525
8475726,F,ES,MNFI,315,24,5195.32,3.638,3.247,4.063
8475726,F,ES,FNFI,103,6,5195.32,1.19,0.971,1.443
8475726,F,PP,MNFI,129,5,932.42,8.301,6.93,9.863
8475726,F,PP,FNFI,18,1,932.42,1.158,0.686,1.831
8475726,F,PK,MNFI,7,0,159.58,2.632,1.058,5.423
8475726,F,PK,FNFI,3,0,159.58,1.128,0.233,3.296
8477494,F,ES,MNFI,120,6,3941.75,1.827,1.514,2.184
8477494,F,ES,FNFI,41,3,3941.75,0.624,0.448,0.847
8477494,F,PP,MNFI,28,3,608.07,2.763,1.836,3.993
8477494,F,PP,FNFI,8,0,608.07,0.789,0.341,1.555
8477494,F,PK,MNFI,0,0,107.17,0.0,0.0,2.065
8477494,F,PK,FNFI,0,0,107.17,0.0,0.0,2.065
8480144,F,ES,MNFI,128,9,4034.13,1.904,1.588,2.264
8480144,F,ES,FNFI,33,2,4034.13,0.491,0.338,0.689
8480144,F,PP,MNFI,0,0,662.03,0.0,0.0,0.334
8480144,F,PP,FNFI,0,0,662.03,0.0,0.0,0.334
8480144,F,PK,MNFI,10,0,129.82,4.622,2.216,8.5
8480144,F,PK,FNFI,5,0,129.82,2.311,0.75,5.393
8478131,F,ES,MNFI,47,2,597.18,4.722,3.47,6.279
8478131,F,ES,FNFI,9,0,597.18,0.904,0.413,1.717
8478131,F,PP,MNFI,7,2,83.08,5.055,2.032,10.416
8478131,F,PP,FNFI,1,0,83.08,0.722,0.018,4.024
8478131,F,PK,MNFI,4,0,26.1,9.195,2.505,23.544
8478131,F,PK,FNFI,1,0,26.1,2.299,0.058,12.808
8478047,F,ES,MNFI,234,9,5112.0,2.746,2.406,3.122
8478047,F,ES,FNFI,67,1,5112.0,0.786,0.609,0.999
8478047,F,PP,MNFI,75,7,679.15,6.626,5.212,8.306
8478047,F,PP,FNFI,13,2,679.15,1.148,0.612,1.964
8478047,F,PK,MNFI,0,0,152.1,0.0,0.0,1.455
8478047,F,PK,FNFI,0,0,152.1,0.0,0.0,1.455
8475848,F,ES,MNFI,253,16,3787.92,4.007,3.529,4.533
8475848,F,ES,FNFI,71,1,3787.92,1.125,0.878,1.419
8475848,F,PP,MNFI,33,2,544.53,3.636,2.503,5.106
8475848,F,PP,FNFI,4,0,544.53,0.441,0.12,1.128
8475848,F,PK,MNFI,0,0,109.52,0.0,0.0,2.021
8475848,F,PK,FNFI,0,0,109.52,0.0,0.0,2.021
8469455,F,ES,MNFI,29,2,638.3,2.726,1.826,3.915
8469455,F,ES,FNFI,9,0,638.3,0.846,0.387,1.606
8469455,F,PP,MNFI,9,1,100.93,5.35,2.446,10.156
8469455,F,PP,FNFI,2,0,100.93,1.189,0.144,4.295
8469455,F,PK,MNFI,0,0,21.5,0.0,0.0,10.295
8469455,F,PK,FNFI,0,0,21.5,0.0,0.0,10.295
8477941,F,ES,MNFI,63,3,1482.23,2.55,1.96,3.263
8477941,F,ES,FNFI,10,1,1482.23,0.405,0.194,0.744
8477941,F,PP,MNFI,15,2,197.95,4.547,2.545,7.499
8477941,F,PP,FNFI,4,0,197.95,1.212,0.33,3.104
8477941,F,PK,MNFI,0,0,43.58,0.0,0.0,5.078
8477941,F,PK,FNFI,0,0,43.58,0.0,0.0,5.078
8481540,F,ES,MNFI,253,22,5263.8,2.884,2.539,3.262
8481540,F,ES,FNFI,94,2,5263.8,1.071,0.866,1.311
8481540,F,PP,MNFI,82,2,786.25,6.258,4.977,7.767
8481540,F,PP,FNFI,14,1,786.25,1.068,0.584,1.793
8481540,F,PK,MNFI,0,0,151.52,0.0,0.0,1.461
8481540,F,PK,FNFI,0,0,151.52,0.0,0.0,1.461
8477021,F,ES,MNFI,132,9,4514.95,1.754,1.468,2.08
8477021,F,ES,FNFI,35,1,4514.95,0.465,0.324,0.647
8477021,F,PP,MNFI,5,0,763.85,0.393,0.128,0.917
8477021,F,PP,FNFI,0,0,763.85,0.0,0.0,0.29
8477021,F,PK,MNFI,9,0,150.48,3.588,1.641,6.812
8477021,F,PK,FNFI,4,1,150.48,1.595,0.435,4.083
8475166,F,ES,MNFI,309,21,5843.35,3.173,2.829,3.547
8475166,F,ES,FNFI,99,4,5843.35,1.017,0.826,1.238
8475166,F,PP,MNFI,153,18,890.33,10.311,8.742,12.08
8475166,F,PP,FNFI,20,2,890.33,1.348,0.823,2.082
8475166,F,PK,MNFI,0,0,164.33,0.0,0.0,1.347
8475166,F,PK,FNFI,0,0,164.33,0.0,0.0,1.347
8478115,F,ES,MNFI,170,10,3374.58,3.023,2.585,3.513
8478115,F,ES,FNFI,76,1,3374.58,1.351,1.065,1.691
8478115,F,PP,MNFI,14,0,370.45,2.268,1.24,3.805
8478115,F,PP,FNFI,3,0,370.45,0.486,0.1,1.42
8478115,F,PK,MNFI,5,1,107.52,2.79,0.906,6.512
8478115,F,PK,FNFI,3,0,107.52,1.674,0.345,4.893
8477476,F,ES,MNFI,254,17,4709.93,3.236,2.85,3.659
8477476,F,ES,FNFI,64,1,4709.93,0.815,0.628,1.041
8477476,F,PP,MNFI,68,3,912.82,4.47,3.471,5.666
8477476,F,PP,FNFI,4,0,912.82,0.263,0.072,0.673
8477476,F,PK,MNFI,9,3,176.33,3.062,1.4,5.813
8477476,F,PK,FNFI,0,0,176.33,0.0,0.0,1.255
8477939,F,ES,MNFI,334,22,5972.23,3.356,3.005,3.735
8477939,F,ES,FNFI,152,6,5972.23,1.527,1.294,1.79
8477939,F,PP,MNFI,116,7,1052.33,6.614,5.465,7.933
8477939,F,PP,FNFI,46,1,1052.33,2.623,1.92,3.498
8477939,F,PK,MNFI,4,0,203.52,1.179,0.321,3.019
8477939,F,PK,FNFI,1,0,203.52,0.295,0.007,1.643
8476469,F,ES,MNFI,178,13,3679.75,2.902,2.492,3.361
8476469,F,ES,FNFI,86,1,3679.75,1.402,1.122,1.732
8476469,F,PP,MNFI,16,0,686.22,1.399,0.8,2.272
8476469,F,PP,FNFI,1,0,686.22,0.087,0.002,0.487
8476469,F,PK,MNFI,15,4,137.05,6.567,3.675,10.831
8476469,F,PK,FNFI,1,1,137.05,0.438,0.011,2.439
8478133,F,ES,MNFI,164,9,4358.2,2.258,1.925,2.631
8478133,F,ES,FNFI,34,0,4358.2,0.468,0.324,0.654
8478133,F,PP,MNFI,1,0,853.55,0.07,0.002,0.392
8478133,F,PP,FNFI,0,0,853.55,0.0,0.0,0.259
8478133,F,PK,MNFI,24,4,156.15,9.222,5.909,13.721
8478133,F,PK,FNFI,2,0,156.15,0.768,0.093,2.776
8480018,F,ES,MNFI,227,16,6628.08,2.055,1.796,2.34
8480018,F,ES,FNFI,74,5,6628.08,0.67,0.526,0.841
8480018,F,PP,MNFI,69,3,1251.18,3.309,2.574,4.188
8480018,F,PP,FNFI,30,2,1251.18,1.439,0.971,2.054
8480018,F,PK,MNFI,13,2,231.97,3.363,1.79,5.75
8480018,F,PK,FNFI,4,0,231.97,1.035,0.282,2.649
8482109,F,ES,MNFI,238,15,5607.55,2.547,2.233,2.891
8482109,F,ES,FNFI,64,2,5607.55,0.685,0.527,0.874
8482109,F,PP,MNFI,34,2,697.27,2.926,2.026,4.088
8482109,F,PP,FNFI,15,1,697.27,1.291,0.722,2.129
8482109,F,PK,MNFI,0,0,146.2,0.0,0.0,1.514
8482109,F,PK,FNFI,0,0,146.2,0.0,0.0,1.514
8474189,F,ES,MNFI,197,11,4575.5,2.583,2.235,2.97
8474189,F,ES,FNFI,91,4,4575.5,1.193,0.961,1.465
8474189,F,PP,MNFI,12,0,725.67,0.992,0.513,1.733
8474189,F,PP,FNFI,3,0,725.67,0.248,0.051,0.725
8474189,F,PK,MNFI,11,1,150.32,4.391,2.192,7.856
8474189,F,PK,FNFI,2,0,150.32,0.798,0.097,2.884
8477511,F,ES,MNFI,154,12,3430.88,2.693,2.285,3.154
8477511,F,ES,FNFI,57,1,3430.88,0.997,0.755,1.292
8477511,F,PP,MNFI,23,2,443.32,3.113,1.973,4.671
8477511,F,PP,FNFI,4,1,443.32,0.541,0.148,1.386
8477511,F,PK,MNFI,0,0,88.07,0.0,0.0,2.513
8477511,F,PK,FNFI,0,0,88.07,0.0,0.0,2.513
8481554,F,ES,MNFI,103,10,4187.08,1.476,1.205,1.79
8481554,F,ES,FNFI,32,0,4187.08,0.459,0.314,0.647
8481554,F,PP,MNFI,12,0,502.67,1.432,0.74,2.502
8481554,F,PP,FNFI,0,0,502.67,0.0,0.0,0.44
8481554,F,PK,MNFI,0,0,104.93,0.0,0.0,2.109
8481554,F,PK,FNFI,1,0,104.93,0.572,0.014,3.186
8480078,F,ES,MNFI,167,11,2651.45,3.779,3.228,4.398
8480078,F,ES,FNFI,45,2,2651.45,1.018,0.743,1.363
8480078,F,PP,MNFI,24,0,371.82,3.873,2.481,5.763
8480078,F,PP,FNFI,2,0,371.82,0.323,0.039,1.166
8480078,F,PK,MNFI,1,0,78.4,0.765,0.019,4.264
8480078,F,PK,FNFI,0,0,78.4,0.0,0.0,2.823
8471698,F,ES,MNFI,76,7,2160.87,2.11,1.663,2.641
8471698,F,ES,FNFI,24,1,2160.87,0.666,0.427,0.992
8471698,F,PP,MNFI,80,11,349.55,13.732,10.889,17.091
8471698,F,PP,FNFI,4,0,349.55,0.687,0.187,1.758
8471698,F,PK,MNFI,0,0,81.07,0.0,0.0,2.73
8471698,F,PK,FNFI,0,0,81.07,0.0,0.0,2.73
8478466,F,ES,MNFI,168,13,2397.55,4.204,3.593,4.89
8478466,F,ES,FNFI,71,0,2397.55,1.777,1.388,2.241
8478466,F,PP,MNFI,45,1,346.42,7.794,5.685,10.429
8478466,F,PP,FNFI,12,0,346.42,2.078,1.074,3.631
8478466,F,PK,MNFI,0,0,73.32,0.0,0.0,3.019
8478466,F,PK,FNFI,0,0,73.32,0.0,0.0,3.019
8478550,F,ES,MNFI,360,39,6418.7,3.365,3.026,3.731
8478550,F,ES,FNFI,196,8,6418.7,1.832,1.585,2.107
8478550,F,PP,MNFI,159,10,1037.12,9.199,7.824,10.745
8478550,F,PP,FNFI,116,5,1037.12,6.711,5.545,8.049
8478550,F,PK,MNFI,1,0,169.07,0.355,0.009,1.977
8478550,F,PK,FNFI,0,0,169.07,0.0,0.0,1.309
8475343,F,ES,MNFI,130,10,4206.32,1.854,1.549,2.202
8475343,F,ES,FNFI,28,2,4206.32,0.399,0.265,0.577
8475343,F,PP,MNFI,0,0,668.3,0.0,0.0,0.331
8475343,F,PP,FNFI,0,0,668.3,0.0,0.0,0.331
8475343,F,PK,MNFI,11,0,123.27,5.354,2.673,9.58
8475343,F,PK,FNFI,0,0,123.27,0.0,0.0,1.796
8478211,F,ES,MNFI,55,3,1543.62,2.138,1.611,2.783
8478211,F,ES,FNFI,16,1,1543.62,0.622,0.355,1.01
8478211,F,PP,MNFI,0,0,82.38,0.0,0.0,2.687
8478211,F,PP,FNFI,0,0,82.38,0.0,0.0,2.687
8478211,F,PK,MNFI,0,0,14.62,0.0,0.0,15.142
8478211,F,PK,FNFI,0,0,14.62,0.0,0.0,15.142
8482148,F,ES,MNFI,51,4,1423.77,2.149,1.6,2.826
8482148,F,ES,FNFI,25,0,1423.77,1.054,0.682,1.555
8482148,F,PP,MNFI,4,0,109.4,2.194,0.598,5.617
8482148,F,PP,FNFI,1,0,109.4,0.548,0.014,3.056
8482148,F,PK,MNFI,0,0,18.47,0.0,0.0,11.986
8482148,F,PK,FNFI,0,0,18.47,0.0,0.0,11.986
8476459,F,ES,MNFI,187,10,6178.6,1.816,1.565,2.096
8476459,F,ES,FNFI,127,6,6178.6,1.233,1.028,1.467
8476459,F,PP,MNFI,114,6,1373.25,4.981,4.109,5.984
8476459,F,PP,FNFI,43,5,1373.25,1.879,1.36,2.531
8476459,F,PK,MNFI,15,1,248.37,3.624,2.028,5.977
8476459,F,PK,FNFI,2,0,248.37,0.483,0.059,1.745
8477903,F,ES,MNFI,134,8,3871.57,2.077,1.74,2.46
8477903,F,ES,FNFI,33,1,3871.57,0.511,0.352,0.718
8477903,F,PP,MNFI,0,0,508.8,0.0,0.0,0.435
8477903,F,PP,FNFI,0,0,508.8,0.0,0.0,0.435
8477903,F,PK,MNFI,7,0,108.42,3.874,1.558,7.982
8477903,F,PK,FNFI,2,0,108.42,1.107,0.134,3.998
8471214,F,ES,MNFI,427,27,5501.3,4.657,4.226,5.12
8471214,F,ES,FNFI,136,6,5501.3,1.483,1.244,1.755
8471214,F,PP,MNFI,176,3,1221.4,8.646,7.416,10.022
8471214,F,PP,FNFI,73,4,1221.4,3.586,2.811,4.509
8471214,F,PK,MNFI,0,0,265.93,0.0,0.0,0.832
8471214,F,PK,FNFI,0,0,265.93,0.0,0.0,0.832
8474176,F,ES,MNFI,17,0,666.03,1.531,0.892,2.452
8474176,F,ES,FNFI,4,0,666.03,0.36,0.098,0.923
8474176,F,PP,MNFI,0,0,80.0,0.0,0.0,2.767
8474176,F,PP,FNFI,0,0,80.0,0.0,0.0,2.767
8474176,F,PK,MNFI,2,0,21.15,5.674,0.687,20.496
8474176,F,PK,FNFI,0,0,21.15,0.0,0.0,10.465
8476880,F,ES,MNFI,185,18,4980.47,2.229,1.919,2.574
8476880,F,ES,FNFI,63,2,4980.47,0.759,0.583,0.971
8476880,F,PP,MNFI,88,9,994.85,5.307,4.257,6.539
8476880,F,PP,FNFI,5,1,994.85,0.302,0.098,0.704
8476880,F,PK,MNFI,14,2,181.65,4.624,2.528,7.759
8476880,F,PK,FNFI,2,0,181.65,0.661,0.08,2.386
8475744,F,ES,MNFI,109,4,3290.2,1.988,1.632,2.398
8475744,F,ES,FNFI,37,1,3290.2,0.675,0.475,0.93
8475744,F,PP,MNFI,38,2,648.23,3.517,2.489,4.828
8475744,F,PP,FNFI,10,1,648.23,0.926,0.444,1.702
8475744,F,PK,MNFI,5,0,155.17,1.933,0.628,4.512
8475744,F,PK,FNFI,0,0,155.17,0.0,0.0,1.426
8476624,F,ES,MNFI,110,4,4500.43,1.467,1.205,1.768
8476624,F,ES,FNFI,26,0,4500.43,0.347,0.226,0.508
8476624,F,PP,MNFI,1,0,746.43,0.08,0.002,0.448
8476624,F,PP,FNFI,0,0,746.43,0.0,0.0,0.297
8476624,F,PK,MNFI,13,0,148.08,5.267,2.805,9.007
8476624,F,PK,FNFI,4,0,148.08,1.621,0.442,4.15
8471817,F,ES,MNFI,64,1,2330.88,1.647,1.269,2.104
8471817,F,ES,FNFI,14,1,2330.88,0.36,0.197,0.605
8471817,F,PP,MNFI,0,0,134.3,0.0,0.0,1.648
8471817,F,PP,FNFI,0,0,134.3,0.0,0.0,1.648
8471817,F,PK,MNFI,0,0,19.78,0.0,0.0,11.188
8471817,F,PK,FNFI,0,0,19.78,0.0,0.0,11.188
8476458,F,ES,MNFI,125,9,5019.4,1.494,1.244,1.78
8476458,F,ES,FNFI,41,2,5019.4,0.49,0.352,0.665
8476458,F,PP,MNFI,32,1,745.07,2.577,1.763,3.638
8476458,F,PP,FNFI,8,0,745.07,0.644,0.278,1.269
8476458,F,PK,MNFI,5,0,136.47,2.198,0.714,5.13
8476458,F,PK,FNFI,1,1,136.47,0.44,0.011,2.45
8475184,F,ES,MNFI,214,11,5384.08,2.385,2.076,2.727
8475184,F,ES,FNFI,61,2,5384.08,0.68,0.52,0.873
8475184,F,PP,MNFI,34,3,1144.65,1.782,1.234,2.49
8475184,F,PP,FNFI,6,0,1144.65,0.315,0.115,0.685
8475184,F,PK,MNFI,15,2,218.53,4.118,2.305,6.793
8475184,F,PK,FNFI,4,0,218.53,1.098,0.299,2.812
8478104,F,ES,MNFI,37,3,1548.63,1.434,1.009,1.976
8478104,F,ES,FNFI,17,0,1548.63,0.659,0.384,1.055
8478104,F,PP,MNFI,2,0,130.15,0.922,0.112,3.331
8478104,F,PP,FNFI,1,0,130.15,0.461,0.012,2.569
8478104,F,PK,MNFI,0,0,33.65,0.0,0.0,6.577
8478104,F,PK,FNFI,0,0,33.65,0.0,0.0,6.577
8481523,F,ES,MNFI,100,4,3079.48,1.948,1.585,2.37
8481523,F,ES,FNFI,19,0,3079.48,0.37,0.223,0.578
8481523,F,PP,MNFI,25,3,481.5,3.115,2.016,4.599
8481523,F,PP,FNFI,2,0,481.5,0.249,0.03,0.9
8481523,F,PK,MNFI,0,0,106.8,0.0,0.0,2.072
8481523,F,PK,FNFI,0,0,106.8,0.0,0.0,2.072
8481186,F,ES,MNFI,160,10,3660.88,2.622,2.232,3.062
8481186,F,ES,FNFI,38,2,3660.88,0.623,0.441,0.855
8481186,F,PP,MNFI,0,0,539.9,0.0,0.0,0.41
8481186,F,PP,FNFI,0,0,539.9,0.0,0.0,0.41
8481186,F,PK,MNFI,11,2,108.97,6.057,3.024,10.837
8481186,F,PK,FNFI,2,0,108.97,1.101,0.133,3.978
8475172,F,ES,MNFI,366,25,5906.32,3.718,3.347,4.119
8475172,F,ES,FNFI,171,3,5906.32,1.737,1.487,2.018
8475172,F,PP,MNFI,151,9,980.15,9.243,7.828,10.841
8475172,F,PP,FNFI,18,1,980.15,1.102,0.653,1.741
8475172,F,PK,MNFI,3,0,188.42,0.955,0.197,2.792
8475172,F,PK,FNFI,1,0,188.42,0.318,0.008,1.774
8477330,F,ES,MNFI,146,6,2704.08,3.24,2.735,3.81
8477330,F,ES,FNFI,63,3,2704.08,1.398,1.074,1.789
8477330,F,PP,MNFI,51,4,417.63,7.327,5.455,9.634
8477330,F,PP,FNFI,16,0,417.63,2.299,1.314,3.733
8477330,F,PK,MNFI,0,0,86.93,0.0,0.0,2.546
8477330,F,PK,FNFI,0,0,86.93,0.0,0.0,2.546
8474141,F,ES,MNFI,234,18,5341.9,2.628,2.302,2.987
8474141,F,ES,FNFI,99,4,5341.9,1.112,0.904,1.354
8474141,F,PP,MNFI,89,2,795.22,6.715,5.393,8.264
8474141,F,PP,FNFI,42,5,795.22,3.169,2.284,4.283
8474141,F,PK,MNFI,0,0,138.6,0.0,0.0,1.597
8474141,F,PK,FNFI,0,0,138.6,0.0,0.0,1.597
8476455,F,ES,MNFI,85,4,1670.47,3.053,2.439,3.775
8476455,F,ES,FNFI,21,1,1670.47,0.754,0.467,1.153
8476455,F,PP,MNFI,14,1,278.38,3.017,1.65,5.063
8476455,F,PP,FNFI,3,0,278.38,0.647,0.133,1.89
8476455,F,PK,MNFI,0,0,44.55,0.0,0.0,4.968
8476455,F,PK,FNFI,0,0,44.55,0.0,0.0,4.968
8478420,F,ES,MNFI,356,23,6644.75,3.215,2.889,3.566
8478420,F,ES,FNFI,122,1,6644.75,1.102,0.915,1.315
8478420,F,PP,MNFI,109,1,1156.02,5.657,4.645,6.824
8478420,F,PP,FNFI,40,3,1156.02,2.076,1.483,2.827
8478420,F,PK,MNFI,0,0,199.65,0.0,0.0,1.109
8478420,F,PK,FNFI,0,0,199.65,0.0,0.0,1.109
8479370,F,ES,MNFI,153,8,3110.95,2.951,2.502,3.457
8479370,F,ES,FNFI,45,1,3110.95,0.868,0.633,1.161
8479370,F,PP,MNFI,0,0,401.1,0.0,0.0,0.552
8479370,F,PP,FNFI,1,0,401.1,0.15,0.004,0.833
8479370,F,PK,MNFI,6,1,87.68,4.106,1.507,8.936
8479370,F,PK,FNFI,2,0,87.68,1.369,0.166,4.944
8477456,F,ES,MNFI,184,10,5426.55,2.034,1.751,2.351
8477456,F,ES,FNFI,54,1,5426.55,0.597,0.449,0.779
8477456,F,PP,MNFI,53,5,1071.62,2.967,2.223,3.882
8477456,F,PP,FNFI,2,0,1071.62,0.112,0.014,0.405
8477456,F,PK,MNFI,7,1,184.98,2.27,0.913,4.678
8477456,F,PK,FNFI,6,0,184.98,1.946,0.714,4.236
8471794,F,ES,MNFI,34,3,681.62,2.993,2.073,4.182
8471794,F,ES,FNFI,10,0,681.62,0.88,0.422,1.619
8471794,F,PP,MNFI,0,0,117.23,0.0,0.0,1.888
8471794,F,PP,FNFI,0,0,117.23,0.0,0.0,1.888
8471794,F,PK,MNFI,6,1,28.32,12.713,4.666,27.672
8471794,F,PK,FNFI,0,0,28.32,0.0,0.0,7.816
8477126,F,ES,MNFI,26,0,675.58,2.309,1.508,3.383
8477126,F,ES,FNFI,3,0,675.58,0.266,0.055,0.779
8477126,F,PP,MNFI,0,0,79.23,0.0,0.0,2.793
8477126,F,PP,FNFI,0,0,79.23,0.0,0.0,2.793
8477126,F,PK,MNFI,1,0,14.37,4.176,0.106,23.269
8477126,F,PK,FNFI,0,0,14.37,0.0,0.0,15.406
8474870,F,ES,MNFI,82,4,2036.65,2.416,1.921,2.999
8474870,F,ES,FNFI,21,0,2036.65,0.619,0.383,0.946
8474870,F,PP,MNFI,16,0,289.9,3.311,1.893,5.378
8474870,F,PP,FNFI,6,0,289.9,1.242,0.456,2.703
8474870,F,PK,MNFI,0,0,66.02,0.0,0.0,3.353
8474870,F,PK,FNFI,0,0,66.02,0.0,0.0,3.353
8479337,F,ES,MNFI,431,34,6227.23,4.153,3.77,4.564
8479337,F,ES,FNFI,178,7,6227.23,1.715,1.472,1.986
8479337,F,PP,MNFI,138,6,1037.52,7.981,6.705,9.429
8479337,F,PP,FNFI,20,0,1037.52,1.157,0.706,1.786
8479337,F,PK,MNFI,6,0,183.18,1.965,0.721,4.278
8479337,F,PK,FNFI,1,0,183.18,0.328,0.008,1.825
8477501,F,ES,MNFI,245,11,4261.2,3.45,3.031,3.91
8477501,F,ES,FNFI,106,2,4261.2,1.493,1.222,1.805
8477501,F,PP,MNFI,39,5,901.15,2.597,1.846,3.55
8477501,F,PP,FNFI,2,0,901.15,0.133,0.016,0.481
8477501,F,PK,MNFI,7,1,187.98,2.234,0.898,4.603
8477501,F,PK,FNFI,6,0,187.98,1.915,0.703,4.168
8480798,F,ES,MNFI,177,11,3996.07,2.658,2.281,3.079
8480798,F,ES,FNFI,56,0,3996.07,0.841,0.635,1.092
8480798,F,PP,MNFI,39,1,621.98,3.762,2.675,5.143
8480798,F,PP,FNFI,15,3,621.98,1.447,0.81,2.387
8480798,F,PK,MNFI,1,0,124.2,0.483,0.012,2.692
8480798,F,PK,FNFI,0,0,124.2,0.0,0.0,1.782
8473604,F,ES,MNFI,64,3,2716.43,1.414,1.089,1.805
8473604,F,ES,FNFI,17,0,2716.43,0.375,0.219,0.601
8473604,F,PP,MNFI,24,1,476.07,3.025,1.938,4.501
8473604,F,PP,FNFI,4,1,476.07,0.504,0.137,1.291
8473604,F,PK,MNFI,4,1,90.58,2.649,0.722,6.784
8473604,F,PK,FNFI,0,0,90.58,0.0,0.0,2.443
8481618,F,ES,MNFI,232,22,4016.1,3.466,3.034,3.942
8481618,F,ES,FNFI,66,5,4016.1,0.986,0.763,1.254
8481618,F,PP,MNFI,50,2,597.7,5.019,3.725,6.617
8481618,F,PP,FNFI,6,0,597.7,0.602,0.221,1.311
8481618,F,PK,MNFI,1,0,137.3,0.437,0.011,2.435
8481618,F,PK,FNFI,1,0,137.3,0.437,0.011,2.435
8476915,F,ES,MNFI,39,2,890.28,2.628,1.869,3.593
8476915,F,ES,FNFI,4,0,890.28,0.27,0.073,0.69
8476915,F,PP,MNFI,1,0,150.3,0.399,0.01,2.224
8476915,F,PP,FNFI,0,0,150.3,0.0,0.0,1.473
8476915,F,PK,MNFI,3,0,36.12,4.984,1.028,14.565
8476915,F,PK,FNFI,0,0,36.12,0.0,0.0,6.128
8477444,F,ES,MNFI,238,12,4392.87,3.251,2.851,3.691
8477444,F,ES,FNFI,100,2,4392.87,1.366,1.111,1.661
8477444,F,PP,MNFI,60,2,573.45,6.278,4.791,8.081
8477444,F,PP,FNFI,19,1,573.45,1.988,1.197,3.104
8477444,F,PK,MNFI,0,0,116.9,0.0,0.0,1.893
8477444,F,PK,FNFI,0,0,116.9,0.0,0.0,1.893
8480012,F,ES,MNFI,248,18,5733.87,2.595,2.282,2.939
8480012,F,ES,FNFI,81,1,5733.87,0.848,0.673,1.053
8480012,F,PP,MNFI,124,6,1205.08,6.174,5.135,7.361
8480012,F,PP,FNFI,70,3,1205.08,3.485,2.717,4.403
8480012,F,PK,MNFI,6,2,187.72,1.918,0.704,4.174
8480012,F,PK,FNFI,2,0,187.72,0.639,0.077,2.309
8477450,F,ES,MNFI,193,18,4481.97,2.584,2.232,2.975
8477450,F,ES,FNFI,68,3,4481.97,0.91,0.707,1.154
8477450,F,PP,MNFI,6,0,657.47,0.548,0.201,1.192
8477450,F,PP,FNFI,0,0,657.47,0.0,0.0,0.337
8477450,F,PK,MNFI,11,1,132.07,4.997,2.495,8.942
8477450,F,PK,FNFI,2,0,132.07,0.909,0.11,3.282
8481617,F,ES,MNFI,128,10,3568.37,2.152,1.796,2.559
8481617,F,ES,FNFI,39,4,3568.37,0.656,0.466,0.896
8481617,F,PP,MNFI,8,0,305.95,1.569,0.677,3.091
8481617,F,PP,FNFI,2,0,305.95,0.392,0.047,1.417
8481617,F,PK,MNFI,2,0,57.63,2.082,0.252,7.521
8481617,F,PK,FNFI,1,0,57.63,1.041,0.026,5.8
8475413,F,ES,MNFI,20,2,682.43,1.758,1.074,2.716
8475413,F,ES,FNFI,3,0,682.43,0.264,0.054,0.771
8475413,F,PP,MNFI,0,0,59.78,0.0,0.0,3.702
8475413,F,PP,FNFI,0,0,59.78,0.0,0.0,3.702
8475413,F,PK,MNFI,0,0,10.2,0.0,0.0,21.699
8475413,F,PK,FNFI,0,0,10.2,0.0,0.0,21.699
8476454,F,ES,MNFI,199,14,5690.9,2.098,1.817,2.411
8476454,F,ES,FNFI,93,0,5690.9,0.981,0.791,1.201
8476454,F,PP,MNFI,120,10,1197.4,6.013,4.985,7.19
8476454,F,PP,FNFI,24,1,1197.4,1.203,0.771,1.789
8476454,F,PK,MNFI,11,1,209.08,3.157,1.576,5.648
8476454,F,PK,FNFI,6,0,209.08,1.722,0.632,3.748
8475786,F,ES,MNFI,283,21,5900.32,2.878,2.552,3.233
8475786,F,ES,FNFI,35,0,5900.32,0.356,0.248,0.495
8475786,F,PP,MNFI,29,2,974.05,1.786,1.196,2.566
8475786,F,PP,FNFI,1,0,974.05,0.062,0.002,0.343
8475786,F,PK,MNFI,8,1,172.6,2.781,1.201,5.48
8475786,F,PK,FNFI,2,0,172.6,0.695,0.084,2.511
8477998,F,ES,MNFI,259,16,4533.35,3.428,3.023,3.872
8477998,F,ES,FNFI,96,4,4533.35,1.271,1.029,1.552
8477998,F,PP,MNFI,8,0,559.25,0.858,0.371,1.691
8477998,F,PP,FNFI,3,1,559.25,0.322,0.066,0.941
8477998,F,PK,MNFI,11,1,129.67,5.09,2.541,9.107
8477998,F,PK,FNFI,6,0,129.67,2.776,1.019,6.043
8481535,F,ES,MNFI,138,10,2980.82,2.778,2.334,3.282
8481535,F,ES,FNFI,35,1,2980.82,0.705,0.491,0.98
8481535,F,PP,MNFI,14,0,251.62,3.338,1.825,5.601
8481535,F,PP,FNFI,1,0,251.62,0.238,0.006,1.329
8481535,F,PK,MNFI,1,0,47.58,1.261,0.032,7.026
8481535,F,PK,FNFI,0,0,47.58,0.0,0.0,4.651
8477500,F,ES,MNFI,261,25,6041.2,2.592,2.287,2.927
8477500,F,ES,FNFI,87,3,6041.2,0.864,0.692,1.066
8477500,F,PP,MNFI,223,21,1132.3,11.817,10.317,13.474
8477500,F,PP,FNFI,18,1,1132.3,0.954,0.565,1.507
8477500,F,PK,MNFI,14,5,204.57,4.106,2.245,6.89
8477500,F,PK,FNFI,3,0,204.57,0.88,0.181,2.571
8478402,F,ES,MNFI,351,27,6804.7,3.095,2.78,3.436
8478402,F,ES,FNFI,64,1,6804.7,0.564,0.435,0.721
8478402,F,PP,MNFI,172,17,1251.75,8.244,7.058,9.573
8478402,F,PP,FNFI,13,0,1251.75,0.623,0.332,1.066
8478402,F,PK,MNFI,12,1,224.08,3.213,1.66,5.613
8478402,F,PK,FNFI,0,0,224.08,0.0,0.0,0.988
8479344,F,ES,MNFI,104,3,2241.77,2.784,2.274,3.373
8479344,F,ES,FNFI,30,1,2241.77,0.803,0.542,1.146
8479344,F,PP,MNFI,9,0,227.55,2.373,1.085,4.505
8479344,F,PP,FNFI,0,0,227.55,0.0,0.0,0.973
8479344,F,PK,MNFI,0,0,44.42,0.0,0.0,4.983
8479344,F,PK,FNFI,0,0,44.42,0.0,0.0,4.983
8478856,F,ES,MNFI,239,12,5220.8,2.747,2.409,3.118
8478856,F,ES,FNFI,51,0,5220.8,0.586,0.436,0.771
8478856,F,PP,MNFI,45,2,828.1,3.26,2.378,4.363
8478856,F,PP,FNFI,10,0,828.1,0.725,0.347,1.332
8478856,F,PK,MNFI,2,0,160.13,0.749,0.091,2.707
8478856,F,PK,FNFI,1,0,160.13,0.375,0.009,2.088
8479977,F,ES,MNFI,134,14,3318.05,2.423,2.03,2.87
8479977,F,ES,FNFI,13,1,3318.05,0.235,0.125,0.402
8479977,F,PP,MNFI,10,0,400.25,1.499,0.719,2.757
8479977,F,PP,FNFI,2,0,400.25,0.3,0.036,1.083
8479977,F,PK,MNFI,6,0,89.62,4.017,1.474,8.744
8479977,F,PK,FNFI,1,1,89.62,0.67,0.017,3.73
8478585,F,ES,MNFI,84,6,2396.13,2.103,1.678,2.604
8478585,F,ES,FNFI,15,0,2396.13,0.376,0.21,0.62
8478585,F,PP,MNFI,1,0,316.82,0.189,0.005,1.055
8478585,F,PP,FNFI,0,0,316.82,0.0,0.0,0.699
8478585,F,PK,MNFI,7,2,71.22,5.897,2.371,12.151
8478585,F,PK,FNFI,1,0,71.22,0.842,0.021,4.694
8477934,F,ES,MNFI,244,23,6485.78,2.257,1.983,2.559
8477934,F,ES,FNFI,71,1,6485.78,0.657,0.513,0.828
8477934,F,PP,MNFI,120,16,1221.97,5.892,4.885,7.046
8477934,F,PP,FNFI,13,1,1221.97,0.638,0.34,1.092
8477934,F,PK,MNFI,8,1,202.6,2.369,1.023,4.668
8477934,F,PK,FNFI,2,1,202.6,0.592,0.072,2.14
8477996,F,ES,MNFI,26,2,970.4,1.608,1.05,2.355
8477996,F,ES,FNFI,12,0,970.4,0.742,0.383,1.296
8477996,F,PP,MNFI,0,0,147.77,0.0,0.0,1.498
8477996,F,PP,FNFI,0,0,147.77,0.0,0.0,1.498
8477996,F,PK,MNFI,3,0,28.8,6.25,1.289,18.265
8477996,F,PK,FNFI,0,0,28.8,0.0,0.0,7.685
8476468,F,ES,MNFI,265,26,5820.92,2.732,2.413,3.081
8476468,F,ES,FNFI,108,4,5820.92,1.113,0.913,1.344
8476468,F,PP,MNFI,117,4,1337.03,5.25,4.342,6.293
8476468,F,PP,FNFI,42,6,1337.03,1.885,1.358,2.548
8476468,F,PK,MNFI,6,3,206.13,1.746,0.641,3.801
8476468,F,PK,FNFI,2,0,206.13,0.582,0.071,2.103
8475163,F,ES,MNFI,41,2,860.83,2.858,2.051,3.877
8475163,F,ES,FNFI,5,0,860.83,0.348,0.113,0.813
8475163,F,PP,MNFI,3,0,127.37,1.413,0.291,4.13
8475163,F,PP,FNFI,0,0,127.37,0.0,0.0,1.738
8475163,F,PK,MNFI,0,0,27.6,0.0,0.0,8.019
8475163,F,PK,FNFI,0,0,27.6,0.0,0.0,8.019
8476871,F,ES,MNFI,136,10,2978.33,2.74,2.299,3.241
8476871,F,ES,FNFI,33,1,2978.33,0.665,0.458,0.934
8476871,F,PP,MNFI,15,1,408.18,2.205,1.234,3.637
8476871,F,PP,FNFI,0,0,408.18,0.0,0.0,0.542
8476871,F,PK,MNFI,5,1,77.28,3.882,1.26,9.059
8476871,F,PK,FNFI,0,0,77.28,0.0,0.0,2.864
8475236,F,ES,MNFI,24,0,837.93,1.719,1.101,2.557
8475236,F,ES,FNFI,8,0,837.93,0.573,0.247,1.129
8475236,F,PP,MNFI,1,0,102.55,0.585,0.015,3.26
8475236,F,PP,FNFI,0,0,102.55,0.0,0.0,2.158
8475236,F,PK,MNFI,0,0,18.93,0.0,0.0,11.69
8475236,F,PK,FNFI,0,0,18.93,0.0,0.0,11.69
8481528,F,ES,MNFI,311,25,5432.55,3.435,3.064,3.839
8481528,F,ES,FNFI,102,5,5432.55,1.127,0.919,1.368
8481528,F,PP,MNFI,103,7,935.37,6.607,5.393,8.013
8481528,F,PP,FNFI,37,2,935.37,2.373,1.671,3.271
8481528,F,PK,MNFI,21,2,195.45,6.447,3.991,9.854
8481528,F,PK,FNFI,4,0,195.45,1.228,0.335,3.144
8478109,F,ES,MNFI,218,22,3953.3,3.309,2.884,3.778
8478109,F,ES,FNFI,71,4,3953.3,1.078,0.842,1.359
8478109,F,PP,MNFI,73,2,531.08,8.247,6.465,10.37
8478109,F,PP,FNFI,21,0,531.08,2.373,1.469,3.627
8478109,F,PK,MNFI,1,0,111.43,0.538,0.014,3.0
8478109,F,PK,FNFI,0,0,111.43,0.0,0.0,1.986
8473449,F,ES,MNFI,147,8,2683.03,3.287,2.777,3.864
8473449,F,ES,FNFI,63,1,2683.03,1.409,1.083,1.803
8473449,F,PP,MNFI,15,1,451.02,1.995,1.117,3.291
8473449,F,PP,FNFI,9,0,451.02,1.197,0.547,2.273
8473449,F,PK,MNFI,8,2,98.28,4.884,2.108,9.623
8473449,F,PK,FNFI,2,0,98.28,1.221,0.148,4.411
8479420,F,ES,MNFI,369,36,5767.23,3.839,3.457,4.251
8479420,F,ES,FNFI,190,13,5767.23,1.977,1.706,2.279
8479420,F,PP,MNFI,125,12,960.67,7.807,6.499,9.302
8479420,F,PP,FNFI,39,2,960.67,2.436,1.732,3.33
8479420,F,PK,MNFI,5,0,184.02,1.63,0.529,3.805
8479420,F,PK,FNFI,0,0,184.02,0.0,0.0,1.203
8479999,F,ES,MNFI,158,10,4832.93,1.962,1.668,2.292
8479999,F,ES,FNFI,40,0,4832.93,0.497,0.355,0.676
8479999,F,PP,MNFI,35,2,659.65,3.184,2.217,4.427
8479999,F,PP,FNFI,5,0,659.65,0.455,0.148,1.061
8479999,F,PK,MNFI,2,0,155.4,0.772,0.094,2.789
8479999,F,PK,FNFI,1,0,155.4,0.386,0.01,2.151
8475784,F,ES,MNFI,293,17,4416.22,3.981,3.538,4.464
8475784,F,ES,FNFI,74,2,4416.22,1.005,0.789,1.262
8475784,F,PP,MNFI,69,6,604.62,6.847,5.328,8.666
8475784,F,PP,FNFI,17,1,604.62,1.687,0.983,2.701
8475784,F,PK,MNFI,0,0,118.3,0.0,0.0,1.871
8475784,F,PK,FNFI,0,0,118.3,0.0,0.0,1.871
8476878,F,ES,MNFI,148,7,3919.6,2.266,1.915,2.661
8476878,F,ES,FNFI,52,1,3919.6,0.796,0.594,1.044
8476878,F,PP,MNFI,3,1,558.9,0.322,0.066,0.941
8476878,F,PP,FNFI,0,0,558.9,0.0,0.0,0.396
8476878,F,PK,MNFI,5,0,127.37,2.355,0.765,5.497
8476878,F,PK,FNFI,2,0,127.37,0.942,0.114,3.403
8476994,F,ES,MNFI,78,7,2287.43,2.046,1.617,2.553
8476994,F,ES,FNFI,40,0,2287.43,1.049,0.75,1.429
8476994,F,PP,MNFI,5,0,193.45,1.551,0.504,3.619
8476994,F,PP,FNFI,1,0,193.45,0.31,0.008,1.728
8476994,F,PK,MNFI,1,0,40.52,1.481,0.037,8.251
8476994,F,PK,FNFI,0,0,40.52,0.0,0.0,5.463
8478075,F,ES,MNFI,33,4,817.25,2.423,1.668,3.402
8478075,F,ES,FNFI,16,0,817.25,1.175,0.671,1.908
8478075,F,PP,MNFI,0,0,77.37,0.0,0.0,2.861
8478075,F,PP,FNFI,0,0,77.37,0.0,0.0,2.861
8478075,F,PK,MNFI,0,0,13.25,0.0,0.0,16.704
8478075,F,PK,FNFI,0,0,13.25,0.0,0.0,16.704
8480448,F,ES,MNFI,164,10,3267.13,3.012,2.568,3.51
8480448,F,ES,FNFI,67,1,3267.13,1.23,0.954,1.563
8480448,F,PP,MNFI,0,0,541.28,0.0,0.0,0.409
8480448,F,PP,FNFI,0,0,541.28,0.0,0.0,0.409
8480448,F,PK,MNFI,19,2,117.65,9.69,5.834,15.132
8480448,F,PK,FNFI,5,0,117.65,2.55,0.828,5.951
8481596,F,ES,MNFI,177,10,3649.98,2.91,2.497,3.371
8481596,F,ES,FNFI,63,0,3649.98,1.036,0.796,1.325
8481596,F,PP,MNFI,89,6,754.05,7.082,5.687,8.715
8481596,F,PP,FNFI,17,0,754.05,1.353,0.788,2.166
8481596,F,PK,MNFI,16,3,128.53,7.469,4.269,12.129
8481596,F,PK,FNFI,1,0,128.53,0.467,0.012,2.601
8477015,F,ES,MNFI,135,7,3831.23,2.114,1.773,2.502
8477015,F,ES,FNFI,28,0,3831.23,0.439,0.291,0.634
8477015,F,PP,MNFI,23,2,663.72,2.079,1.318,3.12
8477015,F,PP,FNFI,2,0,663.72,0.181,0.022,0.653
8477015,F,PK,MNFI,24,3,126.32,11.4,7.304,16.962
8477015,F,PK,FNFI,2,0,126.32,0.95,0.115,3.432
8474589,F,ES,MNFI,25,2,608.13,2.467,1.596,3.641
8474589,F,ES,FNFI,5,0,608.13,0.493,0.16,1.151
8474589,F,PP,MNFI,10,0,90.07,6.662,3.195,12.251
8474589,F,PP,FNFI,0,0,90.07,0.0,0.0,2.457
8474589,F,PK,MNFI,0,0,13.62,0.0,0.0,16.255
8474589,F,PK,FNFI,0,0,13.62,0.0,0.0,16.255
8476919,F,ES,MNFI,36,2,1493.9,1.446,1.013,2.002
8476919,F,ES,FNFI,7,0,1493.9,0.281,0.113,0.579
8476919,F,PP,MNFI,4,0,187.78,1.278,0.348,3.272
8476919,F,PP,FNFI,2,0,187.78,0.639,0.077,2.308
8476919,F,PK,MNFI,1,0,42.5,1.412,0.036,7.866
8476919,F,PK,FNFI,0,0,42.5,0.0,0.0,5.208
8474190,F,ES,MNFI,46,0,747.35,3.693,2.704,4.926
8474190,F,ES,FNFI,3,0,747.35,0.241,0.05,0.704
8474190,F,PP,MNFI,2,0,47.03,2.551,0.309,9.216
8474190,F,PP,FNFI,0,0,47.03,0.0,0.0,4.706
8474190,F,PK,MNFI,0,0,10.15,0.0,0.0,21.806
8474190,F,PK,FNFI,0,0,10.15,0.0,0.0,21.806
8480029,F,ES,MNFI,50,4,992.93,3.021,2.243,3.983
8480029,F,ES,FNFI,5,0,992.93,0.302,0.098,0.705
8480029,F,PP,MNFI,4,0,167.58,1.432,0.39,3.667
8480029,F,PP,FNFI,0,0,167.58,0.0,0.0,1.321
8480029,F,PK,MNFI,10,1,36.43,16.468,7.897,30.286
8480029,F,PK,FNFI,1,0,36.43,1.647,0.042,9.176
8480064,F,ES,MNFI,114,11,3144.82,2.175,1.794,2.613
8480064,F,ES,FNFI,33,1,3144.82,0.63,0.433,0.884
8480064,F,PP,MNFI,52,8,641.6,4.863,3.632,6.377
8480064,F,PP,FNFI,10,0,641.6,0.935,0.448,1.72
8480064,F,PK,MNFI,2,0,111.08,1.08,0.131,3.902
8480064,F,PK,FNFI,0,0,111.08,0.0,0.0,1.992
8477482,F,ES,MNFI,71,0,1441.27,2.956,2.308,3.728
8477482,F,ES,FNFI,8,0,1441.27,0.333,0.144,0.656
8477482,F,PP,MNFI,8,0,185.67,2.585,1.116,5.094
8477482,F,PP,FNFI,3,0,185.67,0.969,0.2,2.833
8477482,F,PK,MNFI,0,0,38.25,0.0,0.0,5.786
8477482,F,PK,FNFI,0,0,38.25,0.0,0.0,5.786
8477426,F,ES,MNFI,227,13,4914.15,2.772,2.423,3.157
8477426,F,ES,FNFI,72,3,4914.15,0.879,0.688,1.107
8477426,F,PP,MNFI,17,1,756.82,1.348,0.785,2.158
8477426,F,PP,FNFI,1,0,756.82,0.079,0.002,0.442
8477426,F,PK,MNFI,10,1,170.12,3.527,1.691,6.486
8477426,F,PK,FNFI,1,0,170.12,0.353,0.009,1.965
8482116,F,ES,MNFI,295,19,6187.18,2.861,2.544,3.207
8482116,F,ES,FNFI,80,2,6187.18,0.776,0.615,0.966
8482116,F,PP,MNFI,135,7,1224.42,6.615,5.547,7.83
8482116,F,PP,FNFI,28,1,1224.42,1.372,0.912,1.983
8482116,F,PK,MNFI,13,1,224.88,3.468,1.847,5.931
8482116,F,PK,FNFI,2,0,224.88,0.534,0.065,1.928
8480208,F,ES,MNFI,248,18,5462.85,2.724,2.395,3.085
8480208,F,ES,FNFI,69,0,5462.85,0.758,0.59,0.959
8480208,F,PP,MNFI,93,9,910.27,6.13,4.948,7.51
8480208,F,PP,FNFI,14,1,910.27,0.923,0.505,1.548
8480208,F,PK,MNFI,1,0,159.32,0.377,0.01,2.098
8480208,F,PK,FNFI,0,0,159.32,0.0,0.0,1.389
8478020,F,ES,MNFI,158,14,4313.78,2.198,1.868,2.568
8478020,F,ES,FNFI,28,0,4313.78,0.389,0.259,0.563
8478020,F,PP,MNFI,12,0,356.13,2.022,1.045,3.532
8478020,F,PP,FNFI,0,0,356.13,0.0,0.0,0.621
8478020,F,PK,MNFI,1,0,63.12,0.951,0.024,5.297
8478020,F,PK,FNFI,1,0,63.12,0.951,0.024,5.297
8474034,F,ES,MNFI,70,4,2890.58,1.453,1.133,1.836
8474034,F,ES,FNFI,17,0,2890.58,0.353,0.206,0.565
8474034,F,PP,MNFI,10,0,294.82,2.035,0.976,3.743
8474034,F,PP,FNFI,0,0,294.82,0.0,0.0,0.751
8474034,F,PK,MNFI,0,0,61.27,0.0,0.0,3.613
8474034,F,PK,FNFI,0,0,61.27,0.0,0.0,3.613
8478477,F,ES,MNFI,18,0,661.12,1.634,0.968,2.582
8478477,F,ES,FNFI,1,0,661.12,0.091,0.002,0.506
8478477,F,PP,MNFI,0,0,90.7,0.0,0.0,2.44
8478477,F,PP,FNFI,0,0,90.7,0.0,0.0,2.44
8478477,F,PK,MNFI,1,0,14.77,4.063,0.103,22.639
8478477,F,PK,FNFI,0,0,14.77,0.0,0.0,14.989
8477454,F,ES,MNFI,100,8,2210.05,2.715,2.209,3.302
8477454,F,ES,FNFI,21,2,2210.05,0.57,0.353,0.871
8477454,F,PP,MNFI,0,0,239.92,0.0,0.0,0.923
8477454,F,PP,FNFI,0,0,239.92,0.0,0.0,0.923
8477454,F,PK,MNFI,0,0,48.27,0.0,0.0,4.586
8477454,F,PK,FNFI,1,0,48.27,1.243,0.031,6.926
8480821,F,ES,MNFI,115,6,2068.82,3.335,2.754,4.003
8480821,F,ES,FNFI,41,0,2068.82,1.189,0.853,1.613
8480821,F,PP,MNFI,18,0,241.78,4.467,2.647,7.059
8480821,F,PP,FNFI,2,0,241.78,0.496,0.06,1.793
8480821,F,PK,MNFI,1,0,64.38,0.932,0.024,5.192
8480821,F,PK,FNFI,0,0,64.38,0.0,0.0,3.438
8482078,F,ES,MNFI,277,29,5917.93,2.808,2.487,3.159
8482078,F,ES,FNFI,118,2,5917.93,1.196,0.99,1.433
8482078,F,PP,MNFI,87,5,917.27,5.691,4.558,7.02
8482078,F,PP,FNFI,20,0,917.27,1.308,0.799,2.02
8482078,F,PK,MNFI,2,0,176.15,0.681,0.083,2.461
8482078,F,PK,FNFI,1,0,176.15,0.341,0.009,1.898
8474040,F,ES,MNFI,49,3,1664.32,1.766,1.307,2.335
8474040,F,ES,FNFI,14,0,1664.32,0.505,0.276,0.847
8474040,F,PP,MNFI,8,0,244.8,1.961,0.847,3.864
8474040,F,PP,FNFI,1,0,244.8,0.245,0.006,1.366
8474040,F,PK,MNFI,5,0,56.13,5.344,1.735,12.472
8474040,F,PK,FNFI,1,0,56.13,1.069,0.027,5.955
8477952,F,ES,MNFI,101,8,2753.73,2.201,1.792,2.674
8477952,F,ES,FNFI,19,0,2753.73,0.414,0.249,0.646
8477952,F,PP,MNFI,11,3,370.42,1.782,0.889,3.188
8477952,F,PP,FNFI,2,0,370.42,0.324,0.039,1.17
8477952,F,PK,MNFI,0,0,91.9,0.0,0.0,2.408
8477952,F,PK,FNFI,0,0,91.9,0.0,0.0,2.408
8477946,F,ES,MNFI,260,19,5854.03,2.665,2.351,3.009
8477946,F,ES,FNFI,119,3,5854.03,1.22,1.01,1.46
8477946,F,PP,MNFI,150,15,1126.48,7.989,6.762,9.375
8477946,F,PP,FNFI,31,3,1126.48,1.651,1.122,2.344
8477946,F,PK,MNFI,12,1,203.38,3.54,1.829,6.184
8477946,F,PK,FNFI,1,0,203.38,0.295,0.007,1.644
8480459,F,ES,MNFI,199,18,4721.03,2.529,2.19,2.906
8480459,F,ES,FNFI,50,4,4721.03,0.635,0.472,0.838
8480459,F,PP,MNFI,22,0,838.85,1.574,0.986,2.382
8480459,F,PP,FNFI,6,0,838.85,0.429,0.157,0.934
8480459,F,PK,MNFI,14,3,188.72,4.451,2.433,7.468
8480459,F,PK,FNFI,4,0,188.72,1.272,0.347,3.256
8477479,F,ES,MNFI,173,8,5225.8,1.986,1.701,2.305
8477479,F,ES,FNFI,34,1,5225.8,0.39,0.27,0.546
8477479,F,PP,MNFI,27,0,713.73,2.27,1.496,3.302
8477479,F,PP,FNFI,3,1,713.73,0.252,0.052,0.737
8477479,F,PK,MNFI,2,1,157.38,0.762,0.092,2.754
8477479,F,PK,FNFI,0,0,157.38,0.0,0.0,1.406
8479992,F,ES,MNFI,117,10,4108.73,1.709,1.413,2.048
8479992,F,ES,FNFI,21,0,4108.73,0.307,0.19,0.469
8479992,F,PP,MNFI,5,0,658.57,0.456,0.148,1.063
8479992,F,PP,FNFI,1,0,658.57,0.091,0.002,0.508
8479992,F,PK,MNFI,9,1,109.53,4.93,2.254,9.359
8479992,F,PK,FNFI,1,0,109.53,0.548,0.014,3.052
8476480,F,ES,MNFI,131,6,4272.97,1.839,1.538,2.183
8476480,F,ES,FNFI,32,0,4272.97,0.449,0.307,0.634
8476480,F,PP,MNFI,13,0,669.33,1.165,0.62,1.993
8476480,F,PP,FNFI,4,0,669.33,0.359,0.098,0.918
8476480,F,PK,MNFI,3,0,144.97,1.242,0.256,3.629
8476480,F,PK,FNFI,0,0,144.97,0.0,0.0,1.527
8479066,F,ES,MNFI,131,10,3146.97,2.498,2.088,2.964
8479066,F,ES,FNFI,26,0,3146.97,0.496,0.324,0.726
8479066,F,PP,MNFI,0,0,263.52,0.0,0.0,0.84
8479066,F,PP,FNFI,0,0,263.52,0.0,0.0,0.84
8479066,F,PK,MNFI,4,0,50.72,4.732,1.289,12.116
8479066,F,PK,FNFI,1,0,50.72,1.183,0.03,6.591
8477493,F,ES,MNFI,186,8,4269.13,2.614,2.252,3.018
8477493,F,ES,FNFI,66,4,4269.13,0.928,0.717,1.18
8477493,F,PP,MNFI,66,4,967.02,4.095,3.167,5.21
8477493,F,PP,FNFI,39,2,967.02,2.42,1.721,3.308
8477493,F,PK,MNFI,12,2,163.28,4.41,2.278,7.703
8477493,F,PK,FNFI,1,0,163.28,0.367,0.009,2.047
8471887,F,ES,MNFI,37,0,865.87,2.564,1.805,3.534
8471887,F,ES,FNFI,6,0,865.87,0.416,0.153,0.905
8471887,F,PP,MNFI,11,0,144.47,4.569,2.281,8.174
8471887,F,PP,FNFI,2,0,144.47,0.831,0.101,3.001
8471887,F,PK,MNFI,0,0,27.73,0.0,0.0,7.981
8471887,F,PK,FNFI,0,0,27.73,0.0,0.0,7.981
8482113,F,ES,MNFI,179,13,4653.28,2.308,1.982,2.672
8482113,F,ES,FNFI,62,0,4653.28,0.799,0.613,1.025
8482113,F,PP,MNFI,34,3,963.3,2.118,1.467,2.959
8482113,F,PP,FNFI,13,0,963.3,0.81,0.431,1.385
8482113,F,PK,MNFI,22,2,187.48,7.041,4.412,10.66
8482113,F,PK,FNFI,8,0,187.48,2.56,1.105,5.045
8477404,F,ES,MNFI,377,27,6129.72,3.69,3.327,4.082
8477404,F,ES,FNFI,82,4,6129.72,0.803,0.638,0.996
8477404,F,PP,MNFI,108,9,1113.12,5.821,4.775,7.029
8477404,F,PP,FNFI,10,0,1113.12,0.539,0.258,0.991
8477404,F,PK,MNFI,3,0,227.73,0.79,0.163,2.31
8477404,F,PK,FNFI,2,0,227.73,0.527,0.064,1.903
8477409,F,ES,MNFI,344,22,5618.07,3.674,3.296,4.083
8477409,F,ES,FNFI,127,3,5618.07,1.356,1.131,1.614
8477409,F,PP,MNFI,114,8,879.65,7.776,6.414,9.341
8477409,F,PP,FNFI,43,1,879.65,2.933,2.123,3.951
8477409,F,PK,MNFI,3,0,160.98,1.118,0.231,3.268
8477409,F,PK,FNFI,0,0,160.98,0.0,0.0,1.375
8477935,F,ES,MNFI,307,16,4840.98,3.805,3.391,4.255
8477935,F,ES,FNFI,96,0,4840.98,1.19,0.964,1.453
8477935,F,PP,MNFI,89,3,977.87,5.461,4.386,6.72
8477935,F,PP,FNFI,24,1,977.87,1.473,0.944,2.191
8477935,F,PK,MNFI,7,0,200.98,2.09,0.84,4.306
8477935,F,PK,FNFI,1,0,200.98,0.299,0.008,1.663
8480015,F,ES,MNFI,358,16,5043.77,4.259,3.829,4.724
8480015,F,ES,FNFI,101,8,5043.77,1.201,0.979,1.46
8480015,F,PP,MNFI,70,2,709.72,5.918,4.613,7.477
8480015,F,PP,FNFI,29,1,709.72,2.452,1.642,3.521
8480015,F,PK,MNFI,5,1,142.63,2.103,0.683,4.908
8480015,F,PK,FNFI,0,0,142.63,0.0,0.0,1.552
8477933,F,ES,MNFI,274,16,5885.45,2.793,2.472,3.144
8477933,F,ES,FNFI,54,0,5885.45,0.551,0.414,0.718
8477933,F,PP,MNFI,150,28,1315.55,6.841,5.79,8.028
8477933,F,PP,FNFI,20,1,1315.55,0.912,0.557,1.409
8477933,F,PK,MNFI,26,3,227.85,6.847,4.472,10.032
8477933,F,PK,FNFI,4,0,227.85,1.053,0.287,2.697
8477407,F,ES,MNFI,154,10,3491.22,2.647,2.245,3.099
8477407,F,ES,FNFI,37,3,3491.22,0.636,0.448,0.876
8477407,F,PP,MNFI,39,5,425.05,5.505,3.915,7.526
8477407,F,PP,FNFI,10,0,425.05,1.412,0.677,2.596
8477407,F,PK,MNFI,1,0,88.55,0.678,0.017,3.775
8477407,F,PK,FNFI,0,0,88.55,0.0,0.0,2.5
8476456,F,ES,MNFI,220,13,5347.77,2.468,2.153,2.817
8476456,F,ES,FNFI,76,0,5347.77,0.853,0.672,1.067
8476456,F,PP,MNFI,65,3,988.58,3.945,3.045,5.028
8476456,F,PP,FNFI,39,2,988.58,2.367,1.683,3.236
8476456,F,PK,MNFI,8,1,209.37,2.293,0.99,4.517
8476456,F,PK,FNFI,0,0,209.37,0.0,0.0,1.057
8478495,F,ES,MNFI,89,3,1827.02,2.923,2.347,3.597
8478495,F,ES,FNFI,40,1,1827.02,1.314,0.938,1.789
8478495,F,PP,MNFI,23,1,221.73,6.224,3.945,9.339
8478495,F,PP,FNFI,1,0,221.73,0.271,0.007,1.508
8478495,F,PK,MNFI,0,0,53.0,0.0,0.0,4.176
8478495,F,PK,FNFI,0,0,53.0,0.0,0.0,4.176
8476889,F,ES,MNFI,109,4,4094.82,1.597,1.311,1.927
8476889,F,ES,FNFI,27,1,4094.82,0.396,0.261,0.576
8476889,F,PP,MNFI,1,0,563.95,0.106,0.003,0.593
8476889,F,PP,FNFI,0,0,563.95,0.0,0.0,0.392
8476889,F,PK,MNFI,9,3,119.38,4.523,2.068,8.587
8476889,F,PK,FNFI,0,0,119.38,0.0,0.0,1.854
8478449,F,ES,MNFI,278,26,4955.1,3.366,2.982,3.786
8478449,F,ES,FNFI,64,1,4955.1,0.775,0.597,0.99
8478449,F,PP,MNFI,94,10,971.38,5.806,4.692,7.105
8478449,F,PP,FNFI,8,0,971.38,0.494,0.213,0.974
8478449,F,PK,MNFI,11,2,164.47,4.013,2.003,7.18
8478449,F,PK,FNFI,1,0,164.47,0.365,0.009,2.033
8480216,F,ES,MNFI,47,3,885.05,3.186,2.341,4.237
8480216,F,ES,FNFI,18,0,885.05,1.22,0.723,1.929
8480216,F,PP,MNFI,11,1,88.53,7.455,3.721,13.339
8480216,F,PP,FNFI,0,0,88.53,0.0,0.0,2.5
8480216,F,PK,MNFI,0,0,24.8,0.0,0.0,8.925
8480216,F,PK,FNFI,0,0,24.8,0.0,0.0,8.925
8470794,F,ES,MNFI,157,9,3602.08,2.615,2.222,3.058
8470794,F,ES,FNFI,27,0,3602.08,0.45,0.296,0.654
8470794,F,PP,MNFI,68,9,558.9,7.3,5.669,9.255
8470794,F,PP,FNFI,5,0,558.9,0.537,0.174,1.253
8470794,F,PK,MNFI,1,0,109.85,0.546,0.014,3.043
8470794,F,PK,FNFI,0,0,109.85,0.0,0.0,2.015
8471228,F,ES,MNFI,37,0,854.18,2.599,1.83,3.582
8471228,F,ES,FNFI,8,0,854.18,0.562,0.243,1.107
8471228,F,PP,MNFI,6,0,113.28,3.178,1.166,6.917
8471228,F,PP,FNFI,7,0,113.28,3.708,1.491,7.639
8471228,F,PK,MNFI,0,0,24.1,0.0,0.0,9.184
8471228,F,PK,FNFI,0,0,24.1,0.0,0.0,9.184
8475794,F,ES,MNFI,188,10,3680.57,3.065,2.642,3.536
8475794,F,ES,FNFI,49,2,3680.57,0.799,0.591,1.056
8475794,F,PP,MNFI,53,3,673.63,4.721,3.536,6.175
8475794,F,PP,FNFI,4,0,673.63,0.356,0.097,0.912
8475794,F,PK,MNFI,0,0,135.95,0.0,0.0,1.628
8475794,F,PK,FNFI,0,0,135.95,0.0,0.0,1.628
8479328,F,ES,MNFI,43,4,1206.1,2.139,1.548,2.881
8479328,F,ES,FNFI,8,0,1206.1,0.398,0.172,0.784
8479328,F,PP,MNFI,2,0,65.73,1.826,0.221,6.595
8479328,F,PP,FNFI,0,0,65.73,0.0,0.0,3.367
8479328,F,PK,MNFI,0,0,11.92,0.0,0.0,18.573
8479328,F,PK,FNFI,0,0,11.92,0.0,0.0,18.573
8477290,F,ES,MNFI,32,2,938.87,2.045,1.399,2.887
8477290,F,ES,FNFI,11,0,938.87,0.703,0.351,1.258
8477290,F,PP,MNFI,0,0,129.33,0.0,0.0,1.711
8477290,F,PP,FNFI,0,0,129.33,0.0,0.0,1.711
8477290,F,PK,MNFI,3,1,25.35,7.101,1.464,20.751
8477290,F,PK,FNFI,0,0,25.35,0.0,0.0,8.731
8479291,F,ES,MNFI,48,3,1633.57,1.763,1.3,2.338
8479291,F,ES,FNFI,14,1,1633.57,0.514,0.281,0.863
8479291,F,PP,MNFI,1,0,299.63,0.2,0.005,1.116
8479291,F,PP,FNFI,0,0,299.63,0.0,0.0,0.739
8479291,F,PK,MNFI,8,0,56.87,8.441,3.644,16.632
8479291,F,PK,FNFI,0,0,56.87,0.0,0.0,3.892
8476822,F,ES,MNFI,126,6,3775.42,2.002,1.668,2.384
8476822,F,ES,FNFI,25,0,3775.42,0.397,0.257,0.587
8476822,F,PP,MNFI,0,0,574.27,0.0,0.0,0.385
8476822,F,PP,FNFI,0,0,574.27,0.0,0.0,0.385
8476822,F,PK,MNFI,12,1,129.78,5.548,2.867,9.691
8476822,F,PK,FNFI,0,0,129.78,0.0,0.0,1.705
8473994,F,ES,MNFI,211,17,4753.53,2.663,2.316,3.048
8473994,F,ES,FNFI,64,0,4753.53,0.808,0.622,1.032
8473994,F,PP,MNFI,77,9,849.83,5.436,4.29,6.795
8473994,F,PP,FNFI,8,0,849.83,0.565,0.244,1.113
8473994,F,PK,MNFI,2,0,168.72,0.711,0.086,2.569
8473994,F,PK,FNFI,0,0,168.72,0.0,0.0,1.312
8470610,F,ES,MNFI,85,6,2424.32,2.104,1.68,2.601
8470610,F,ES,FNFI,17,0,2424.32,0.421,0.245,0.674
8470610,F,PP,MNFI,14,2,433.98,1.936,1.058,3.248
8470610,F,PP,FNFI,3,0,433.98,0.415,0.086,1.212
8470610,F,PK,MNFI,10,2,93.13,6.442,3.089,11.848
8470610,F,PK,FNFI,0,0,93.13,0.0,0.0,2.377
8480830,F,ES,MNFI,263,19,4916.07,3.21,2.834,3.622
8480830,F,ES,FNFI,132,2,4916.07,1.611,1.348,1.91
8480830,F,PP,MNFI,92,9,785.4,7.028,5.666,8.62
8480830,F,PP,FNFI,31,1,785.4,2.368,1.609,3.361
8480830,F,PK,MNFI,0,0,157.15,0.0,0.0,1.408
8480830,F,PK,FNFI,0,0,157.15,0.0,0.0,1.408
8478904,F,ES,MNFI,125,7,3138.65,2.39,1.989,2.847
8478904,F,ES,FNFI,20,0,3138.65,0.382,0.234,0.59
8478904,F,PP,MNFI,0,0,428.12,0.0,0.0,0.517
8478904,F,PP,FNFI,0,0,428.12,0.0,0.0,0.517
8478904,F,PK,MNFI,14,3,81.88,10.258,5.608,17.212
8478904,F,PK,FNFI,1,0,81.88,0.733,0.019,4.083
8480039,F,ES,MNFI,304,19,5812.22,3.138,2.795,3.512
8480039,F,ES,FNFI,147,5,5812.22,1.517,1.282,1.784
8480039,F,PP,MNFI,56,1,1011.42,3.322,2.509,4.314
8480039,F,PP,FNFI,27,4,1011.42,1.602,1.056,2.33
8480039,F,PK,MNFI,3,0,216.18,0.833,0.172,2.433
8480039,F,PK,FNFI,0,0,216.18,0.0,0.0,1.024
8475754,F,ES,MNFI,350,40,5895.92,3.562,3.198,3.955
8475754,F,ES,FNFI,78,4,5895.92,0.794,0.627,0.991
8475754,F,PP,MNFI,103,8,1044.65,5.916,4.829,7.175
8475754,F,PP,FNFI,13,1,1044.65,0.747,0.398,1.277
8475754,F,PK,MNFI,20,2,195.28,6.145,3.753,9.49
8475754,F,PK,FNFI,3,0,195.28,0.922,0.19,2.694
8478427,F,ES,MNFI,283,24,5829.35,2.913,2.583,3.273
8478427,F,ES,FNFI,91,2,5829.35,0.937,0.754,1.15
8478427,F,PP,MNFI,126,9,1234.15,6.126,5.103,7.293
8478427,F,PP,FNFI,40,4,1234.15,1.945,1.389,2.648
8478427,F,PK,MNFI,31,0,274.52,6.776,4.604,9.617
8478427,F,PK,FNFI,5,0,274.52,1.093,0.355,2.55
8476419,F,ES,MNFI,148,10,5095.38,1.743,1.473,2.047
8476419,F,ES,FNFI,27,0,5095.38,0.318,0.21,0.463
8476419,F,PP,MNFI,37,1,941.88,2.357,1.66,3.249
8476419,F,PP,FNFI,4,0,941.88,0.255,0.069,0.652
8476419,F,PK,MNFI,26,1,198.33,7.866,5.138,11.525
8476419,F,PK,FNFI,6,0,198.33,1.815,0.666,3.951
8475151,F,ES,MNFI,217,17,4437.45,2.934,2.557,3.352
8475151,F,ES,FNFI,54,1,4437.45,0.73,0.549,0.953
8475151,F,PP,MNFI,53,2,706.87,4.499,3.37,5.884
8475151,F,PP,FNFI,1,0,706.87,0.085,0.002,0.473
8475151,F,PK,MNFI,4,1,138.05,1.739,0.474,4.451
8475151,F,PK,FNFI,0,0,138.05,0.0,0.0,1.603
8478445,F,ES,MNFI,229,13,5269.57,2.607,2.281,2.968
8478445,F,ES,FNFI,76,2,5269.57,0.865,0.682,1.083
8478445,F,PP,MNFI,48,4,729.68,3.947,2.91,5.233
8478445,F,PP,FNFI,13,0,729.68,1.069,0.569,1.828
8478445,F,PK,MNFI,0,0,143.87,0.0,0.0,1.538
8478445,F,PK,FNFI,0,0,143.87,0.0,0.0,1.538
8474613,F,ES,MNFI,56,2,1142.75,2.94,2.221,3.818
8474613,F,ES,FNFI,14,0,1142.75,0.735,0.402,1.233
8474613,F,PP,MNFI,0,0,111.57,0.0,0.0,1.984
8474613,F,PP,FNFI,0,0,111.57,0.0,0.0,1.984
8474613,F,PK,MNFI,1,0,30.98,1.937,0.049,10.79
8474613,F,PK,FNFI,0,0,30.98,0.0,0.0,7.144
8476389,F,ES,MNFI,266,16,6158.92,2.591,2.289,2.922
8476389,F,ES,FNFI,61,3,6158.92,0.594,0.455,0.763
8476389,F,PP,MNFI,147,5,1259.3,7.004,5.917,8.232
8476389,F,PP,FNFI,11,0,1259.3,0.524,0.262,0.938
8476389,F,PK,MNFI,11,1,233.43,2.827,1.411,5.059
8476389,F,PK,FNFI,3,0,233.43,0.771,0.159,2.253
8475855,F,ES,MNFI,84,4,2830.63,1.781,1.42,2.204
8475855,F,ES,FNFI,14,2,2830.63,0.297,0.162,0.498
8475855,F,PP,MNFI,1,1,361.4,0.166,0.004,0.925
8475855,F,PP,FNFI,0,0,361.4,0.0,0.0,0.612
8475855,F,PK,MNFI,5,0,113.97,2.632,0.855,6.143
8475855,F,PK,FNFI,1,0,113.97,0.526,0.013,2.933
8476882,F,ES,MNFI,170,12,5076.33,2.009,1.719,2.335
8476882,F,ES,FNFI,76,0,5076.33,0.898,0.708,1.124
8476882,F,PP,MNFI,50,7,1009.9,2.971,2.205,3.916
8476882,F,PP,FNFI,22,1,1009.9,1.307,0.819,1.979
8476882,F,PK,MNFI,17,4,232.0,4.397,2.561,7.039
8476882,F,PK,FNFI,5,1,232.0,1.293,0.42,3.018
8480789,F,ES,MNFI,118,4,1870.33,3.785,3.133,4.533
8480789,F,ES,FNFI,46,2,1870.33,1.476,1.08,1.968
8480789,F,PP,MNFI,33,2,191.98,10.313,7.099,14.484
8480789,F,PP,FNFI,8,0,191.98,2.5,1.079,4.926
8480789,F,PK,MNFI,0,0,44.63,0.0,0.0,4.959
8480789,F,PK,FNFI,0,0,44.63,0.0,0.0,4.959
8473533,F,ES,MNFI,220,20,5170.12,2.553,2.227,2.914
8473533,F,ES,FNFI,32,0,5170.12,0.371,0.254,0.524
8473533,F,PP,MNFI,14,1,743.15,1.13,0.618,1.896
8473533,F,PP,FNFI,2,0,743.15,0.161,0.02,0.583
8473533,F,PK,MNFI,24,2,149.22,9.65,6.183,14.359
8473533,F,PK,FNFI,0,0,149.22,0.0,0.0,1.483
8475799,F,ES,MNFI,203,10,4713.07,2.584,2.241,2.965
8475799,F,ES,FNFI,83,1,4713.07,1.057,0.842,1.31
8475799,F,PP,MNFI,24,3,624.6,2.305,1.477,3.43
8475799,F,PP,FNFI,8,0,624.6,0.768,0.332,1.514
8475799,F,PK,MNFI,0,0,139.42,0.0,0.0,1.588
8475799,F,PK,FNFI,0,0,139.42,0.0,0.0,1.588
8476921,F,ES,MNFI,217,14,4696.43,2.772,2.416,3.167
8476921,F,ES,FNFI,52,0,4696.43,0.664,0.496,0.871
8476921,F,PP,MNFI,1,0,580.07,0.103,0.003,0.576
8476921,F,PP,FNFI,0,0,580.07,0.0,0.0,0.382
8476921,F,PK,MNFI,9,1,154.95,3.485,1.594,6.616
8476921,F,PK,FNFI,2,0,154.95,0.774,0.094,2.798
8473504,F,ES,MNFI,59,5,2021.6,1.751,1.333,2.259
8473504,F,ES,FNFI,11,0,2021.6,0.326,0.163,0.584
8473504,F,PP,MNFI,0,0,303.45,0.0,0.0,0.729
8473504,F,PP,FNFI,0,0,303.45,0.0,0.0,0.729
8473504,F,PK,MNFI,6,0,54.85,6.563,2.409,14.286
8473504,F,PK,FNFI,0,0,54.85,0.0,0.0,4.035
8480829,F,ES,MNFI,169,14,3908.45,2.594,2.218,3.016
8480829,F,ES,FNFI,57,2,3908.45,0.875,0.663,1.134
8480829,F,PP,MNFI,35,0,532.77,3.942,2.746,5.482
8480829,F,PP,FNFI,8,0,532.77,0.901,0.389,1.775
8480829,F,PK,MNFI,1,1,134.28,0.447,0.011,2.49
8480829,F,PK,FNFI,0,0,134.28,0.0,0.0,1.648
8478463,F,ES,MNFI,246,9,4874.3,3.028,2.662,3.431
8478463,F,ES,FNFI,46,1,4874.3,0.566,0.415,0.755
8478463,F,PP,MNFI,53,3,643.67,4.94,3.701,6.462
8478463,F,PP,FNFI,5,0,643.67,0.466,0.151,1.088
8478463,F,PK,MNFI,2,1,123.3,0.973,0.118,3.516
8478463,F,PK,FNFI,0,0,123.3,0.0,0.0,1.795
8475314,F,ES,MNFI,231,16,5642.78,2.456,2.15,2.794
8475314,F,ES,FNFI,43,0,5642.78,0.457,0.331,0.616
8475314,F,PP,MNFI,31,4,727.43,2.557,1.737,3.629
8475314,F,PP,FNFI,3,0,727.43,0.247,0.051,0.723
8475314,F,PK,MNFI,0,0,157.25,0.0,0.0,1.408
8475314,F,PK,FNFI,0,0,157.25,0.0,0.0,1.408
8475231,F,ES,MNFI,152,6,4384.03,2.08,1.763,2.439
8475231,F,ES,FNFI,37,1,4384.03,0.506,0.357,0.698
8475231,F,PP,MNFI,1,0,598.58,0.1,0.003,0.558
8475231,F,PP,FNFI,0,0,598.58,0.0,0.0,0.37
8475231,F,PK,MNFI,8,0,116.0,4.138,1.786,8.153
8475231,F,PK,FNFI,0,0,116.0,0.0,0.0,1.908
8474573,F,ES,MNFI,71,5,1846.4,2.307,1.802,2.91
8474573,F,ES,FNFI,13,0,1846.4,0.422,0.225,0.722
8474573,F,PP,MNFI,9,0,302.4,1.786,0.817,3.39
8474573,F,PP,FNFI,2,0,302.4,0.397,0.048,1.433
8474573,F,PK,MNFI,2,0,71.45,1.679,0.203,6.067
8474573,F,PK,FNFI,0,0,71.45,0.0,0.0,3.098
8480074,F,ES,MNFI,111,9,2359.38,2.823,2.322,3.399
8480074,F,ES,FNFI,51,0,2359.38,1.297,0.966,1.705
8480074,F,PP,MNFI,3,0,316.58,0.569,0.117,1.662
8480074,F,PP,FNFI,1,0,316.58,0.19,0.005,1.056
8480074,F,PK,MNFI,5,0,70.38,4.262,1.384,9.947
8480074,F,PK,FNFI,2,0,70.38,1.705,0.206,6.159
8478458,F,ES,MNFI,185,15,4578.07,2.425,2.088,2.8
8478458,F,ES,FNFI,77,4,4578.07,1.009,0.796,1.261
8478458,F,PP,MNFI,36,2,661.87,3.263,2.286,4.518
8478458,F,PP,FNFI,6,0,661.87,0.544,0.2,1.184
8478458,F,PK,MNFI,8,1,153.67,3.124,1.349,6.155
8478458,F,PK,FNFI,0,0,153.67,0.0,0.0,1.44
8478432,F,ES,MNFI,80,3,2797.22,1.716,1.361,2.136
8478432,F,ES,FNFI,39,1,2797.22,0.837,0.595,1.144
8478432,F,PP,MNFI,3,0,400.9,0.449,0.093,1.312
8478432,F,PP,FNFI,0,0,400.9,0.0,0.0,0.552
8478432,F,PK,MNFI,3,1,70.68,2.547,0.525,7.442
8478432,F,PK,FNFI,1,0,70.68,0.849,0.021,4.73
8471217,F,ES,MNFI,27,2,603.73,2.683,1.768,3.904
8471217,F,ES,FNFI,3,0,603.73,0.298,0.061,0.871
8471217,F,PP,MNFI,2,0,92.68,1.295,0.157,4.677
8471217,F,PP,FNFI,0,0,92.68,0.0,0.0,2.388
8471217,F,PK,MNFI,0,0,20.0,0.0,0.0,11.067
8471217,F,PK,FNFI,1,0,20.0,3.0,0.076,16.715
8473548,F,ES,MNFI,106,2,2061.97,3.084,2.525,3.731
8473548,F,ES,FNFI,32,0,2061.97,0.931,0.637,1.315
8473548,F,PP,MNFI,18,1,260.87,4.14,2.454,6.543
8473548,F,PP,FNFI,5,0,260.87,1.15,0.373,2.684
8473548,F,PK,MNFI,0,0,55.42,0.0,0.0,3.994
8473548,F,PK,FNFI,0,0,55.42,0.0,0.0,3.994
8477503,F,ES,MNFI,214,14,4790.72,2.68,2.333,3.064
8477503,F,ES,FNFI,80,0,4790.72,1.002,0.794,1.247
8477503,F,PP,MNFI,58,1,615.75,5.652,4.292,7.306
8477503,F,PP,FNFI,18,2,615.75,1.754,1.04,2.772
8477503,F,PK,MNFI,0,0,140.3,0.0,0.0,1.578
8477503,F,PK,FNFI,0,0,140.3,0.0,0.0,1.578
8474849,F,ES,MNFI,20,1,537.85,2.231,1.363,3.446
8474849,F,ES,FNFI,6,0,537.85,0.669,0.246,1.457
8474849,F,PP,MNFI,0,0,84.48,0.0,0.0,2.62
8474849,F,PP,FNFI,0,0,84.48,0.0,0.0,2.62
8474849,F,PK,MNFI,1,0,15.65,3.834,0.097,21.361
8474849,F,PK,FNFI,1,0,15.65,3.834,0.097,21.361
8475728,F,ES,MNFI,28,2,585.63,2.869,1.906,4.146
8475728,F,ES,FNFI,10,0,585.63,1.025,0.491,1.884
8475728,F,PP,MNFI,1,0,90.15,0.666,0.017,3.708
8475728,F,PP,FNFI,2,0,90.15,1.331,0.161,4.808
8475728,F,PK,MNFI,2,0,18.28,6.563,0.795,23.709
8475728,F,PK,FNFI,0,0,18.28,0.0,0.0,12.106
8479339,F,ES,MNFI,154,9,2590.4,3.567,3.026,4.177
8479339,F,ES,FNFI,54,0,2590.4,1.251,0.94,1.632
8479339,F,PP,MNFI,55,2,382.77,8.621,6.495,11.222
8479339,F,PP,FNFI,20,0,382.77,3.135,1.915,4.842
8479339,F,PK,MNFI,0,0,82.52,0.0,0.0,2.682
8479339,F,PK,FNFI,0,0,82.52,0.0,0.0,2.682
8479343,F,ES,MNFI,255,22,6172.8,2.479,2.184,2.802
8479343,F,ES,FNFI,117,1,6172.8,1.137,0.941,1.363
8479343,F,PP,MNFI,74,7,1008.42,4.403,3.457,5.527
8479343,F,PP,FNFI,32,4,1008.42,1.904,1.302,2.688
8479343,F,PK,MNFI,6,1,193.35,1.862,0.683,4.053
8479343,F,PK,FNFI,0,0,193.35,0.0,0.0,1.145
8478474,F,ES,MNFI,290,25,4987.48,3.489,3.099,3.914
8478474,F,ES,FNFI,82,3,4987.48,0.986,0.785,1.224
8478474,F,PP,MNFI,40,9,994.68,2.413,1.724,3.286
8478474,F,PP,FNFI,4,0,994.68,0.241,0.066,0.618
8478474,F,PK,MNFI,10,2,193.23,3.105,1.489,5.71
8478474,F,PK,FNFI,2,0,193.23,0.621,0.075,2.243
8480762,F,ES,MNFI,176,9,3639.47,2.902,2.489,3.363
8480762,F,ES,FNFI,32,0,3639.47,0.528,0.361,0.745
8480762,F,PP,MNFI,1,0,416.45,0.144,0.004,0.803
8480762,F,PP,FNFI,0,0,416.45,0.0,0.0,0.531
8480762,F,PK,MNFI,19,1,111.87,10.191,6.135,15.914
8480762,F,PK,FNFI,2,0,111.87,1.073,0.13,3.875
8476432,F,ES,MNFI,189,12,4277.35,2.651,2.287,3.057
8476432,F,ES,FNFI,66,0,4277.35,0.926,0.716,1.178
8476432,F,PP,MNFI,34,4,731.93,2.787,1.93,3.895
8476432,F,PP,FNFI,1,0,731.93,0.082,0.002,0.457
8476432,F,PK,MNFI,12,0,138.38,5.203,2.688,9.088
8476432,F,PK,FNFI,2,0,138.38,0.867,0.105,3.132
8477416,F,ES,MNFI,301,23,5308.1,3.402,3.029,3.809
8477416,F,ES,FNFI,141,3,5308.1,1.594,1.342,1.88
8477416,F,PP,MNFI,138,13,727.62,11.38,9.56,13.444
8477416,F,PP,FNFI,39,3,727.62,3.216,2.287,4.396
8477416,F,PK,MNFI,0,0,146.42,0.0,0.0,1.512
8477416,F,PK,FNFI,0,0,146.42,0.0,0.0,1.512
8477951,F,ES,MNFI,266,15,5608.55,2.846,2.514,3.209
8477951,F,ES,FNFI,112,1,5608.55,1.198,0.987,1.442
8477951,F,PP,MNFI,123,11,995.48,7.413,6.161,8.845
8477951,F,PP,FNFI,8,0,995.48,0.482,0.208,0.95
8477951,F,PK,MNFI,6,0,198.8,1.811,0.665,3.941
8477951,F,PK,FNFI,0,0,198.8,0.0,0.0,1.113
8482705,F,ES,MNFI,276,12,4583.97,3.613,3.199,4.065
8482705,F,ES,FNFI,94,1,4583.97,1.23,0.994,1.506
8482705,F,PP,MNFI,16,1,643.5,1.492,0.853,2.423
8482705,F,PP,FNFI,2,0,643.5,0.186,0.023,0.674
8482705,F,PK,MNFI,9,1,131.72,4.1,1.875,7.783
8482705,F,PK,FNFI,5,0,131.72,2.278,0.74,5.315
8474161,F,ES,MNFI,45,2,1289.68,2.094,1.527,2.801
8474161,F,ES,FNFI,16,0,1289.68,0.744,0.425,1.209
8474161,F,PP,MNFI,15,1,183.1,4.915,2.751,8.107
8474161,F,PP,FNFI,9,0,183.1,2.949,1.349,5.599
8474161,F,PK,MNFI,0,0,42.92,0.0,0.0,5.157
8474161,F,PK,FNFI,0,0,42.92,0.0,0.0,5.157
8470626,F,ES,MNFI,29,0,808.22,2.153,1.442,3.092
8470626,F,ES,FNFI,6,0,808.22,0.445,0.163,0.97
8470626,F,PP,MNFI,1,0,107.72,0.557,0.014,3.103
8470626,F,PP,FNFI,0,0,107.72,0.0,0.0,2.055
8470626,F,PK,MNFI,1,0,20.9,2.871,0.073,15.995
8470626,F,PK,FNFI,1,1,20.9,2.871,0.073,15.995
8476374,F,ES,MNFI,127,9,4352.85,1.751,1.459,2.083
8476374,F,ES,FNFI,53,1,4352.85,0.731,0.547,0.956
8476374,F,PP,MNFI,1,1,618.0,0.097,0.002,0.541
8476374,F,PP,FNFI,0,0,618.0,0.0,0.0,0.358
8476374,F,PK,MNFI,11,0,138.8,4.755,2.374,8.508
8476374,F,PK,FNFI,4,0,138.8,1.729,0.471,4.427
8474679,F,ES,MNFI,139,10,4606.1,1.811,1.522,2.138
8474679,F,ES,FNFI,50,0,4606.1,0.651,0.483,0.859
8474679,F,PP,MNFI,38,2,840.98,2.711,1.919,3.721
8474679,F,PP,FNFI,15,0,840.98,1.07,0.599,1.765
8474679,F,PK,MNFI,17,4,189.27,5.389,3.139,8.629
8474679,F,PK,FNFI,2,0,189.27,0.634,0.077,2.29
8480009,F,ES,MNFI,239,18,4701.77,3.05,2.675,3.462
8480009,F,ES,FNFI,92,3,4701.77,1.174,0.946,1.44
8480009,F,PP,MNFI,68,2,639.35,6.381,4.955,8.09
8480009,F,PP,FNFI,16,0,639.35,1.502,0.858,2.438
8480009,F,PK,MNFI,2,0,124.7,0.962,0.117,3.476
8480009,F,PK,FNFI,0,0,124.7,0.0,0.0,1.775
8478508,F,ES,MNFI,216,7,4622.8,2.803,2.442,3.203
8478508,F,ES,FNFI,43,0,4622.8,0.558,0.404,0.752
8478508,F,PP,MNFI,3,0,704.42,0.256,0.053,0.747
8478508,F,PP,FNFI,0,0,704.42,0.0,0.0,0.314
8478508,F,PK,MNFI,5,1,132.33,2.267,0.736,5.29
8478508,F,PK,FNFI,8,0,132.33,3.627,1.566,7.147
8476925,F,ES,MNFI,147,9,4641.57,1.9,1.605,2.233
8476925,F,ES,FNFI,24,0,4641.57,0.31,0.199,0.462
8476925,F,PP,MNFI,18,0,934.43,1.156,0.685,1.827
8476925,F,PP,FNFI,2,0,934.43,0.128,0.016,0.464
8476925,F,PK,MNFI,13,2,152.2,5.125,2.729,8.764
8476925,F,PK,FNFI,2,0,152.2,0.788,0.095,2.848
8479661,F,ES,MNFI,142,8,4056.53,2.1,1.769,2.476
8479661,F,ES,FNFI,43,0,4056.53,0.636,0.46,0.857
8479661,F,PP,MNFI,4,1,582.87,0.412,0.112,1.054
8479661,F,PP,FNFI,0,0,582.87,0.0,0.0,0.38
8479661,F,PK,MNFI,4,0,98.48,2.437,0.664,6.24
8479661,F,PK,FNFI,3,0,98.48,1.828,0.377,5.341
8475793,F,ES,MNFI,68,7,2455.82,1.661,1.29,2.106
8475793,F,ES,FNFI,14,1,2455.82,0.342,0.187,0.574
8475793,F,PP,MNFI,52,6,437.05,7.139,5.332,9.362
8475793,F,PP,FNFI,8,1,437.05,1.098,0.474,2.164
8475793,F,PK,MNFI,0,0,83.15,0.0,0.0,2.662
8475793,F,PK,FNFI,0,0,83.15,0.0,0.0,2.662
8475168,F,ES,MNFI,229,12,5246.18,2.619,2.291,2.981
8475168,F,ES,FNFI,63,3,5246.18,0.721,0.554,0.922
8475168,F,PP,MNFI,76,7,818.47,5.571,4.39,6.973
8475168,F,PP,FNFI,21,2,818.47,1.539,0.953,2.353
8475168,F,PK,MNFI,0,0,165.3,0.0,0.0,1.339
8475168,F,PK,FNFI,0,0,165.3,0.0,0.0,1.339
8479316,F,ES,MNFI,192,15,3776.82,3.05,2.634,3.513
8479316,F,ES,FNFI,48,2,3776.82,0.763,0.562,1.011
8479316,F,PP,MNFI,16,0,630.15,1.523,0.871,2.474
8479316,F,PP,FNFI,1,0,630.15,0.095,0.002,0.531
8479316,F,PK,MNFI,5,0,115.03,2.608,0.847,6.086
8479316,F,PK,FNFI,3,0,115.03,1.565,0.323,4.573
8476393,F,ES,MNFI,158,13,3685.97,2.572,2.187,3.006
8476393,F,ES,FNFI,46,0,3685.97,0.749,0.548,0.999
8476393,F,PP,MNFI,5,1,333.6,0.899,0.292,2.099
8476393,F,PP,FNFI,3,0,333.6,0.54,0.111,1.577
8476393,F,PK,MNFI,0,0,55.65,0.0,0.0,3.977
8476393,F,PK,FNFI,0,0,55.65,0.0,0.0,3.977
8481577,F,ES,MNFI,135,9,2367.05,3.422,2.869,4.05
8481577,F,ES,FNFI,33,2,2367.05,0.836,0.576,1.175
8481577,F,PP,MNFI,24,1,315.15,4.569,2.928,6.799
8481577,F,PP,FNFI,3,0,315.15,0.571,0.118,1.669
8481577,F,PK,MNFI,0,0,77.88,0.0,0.0,2.842
8481577,F,PK,FNFI,0,0,77.88,0.0,0.0,2.842
8479996,F,ES,MNFI,132,9,2949.95,2.685,2.246,3.184
8479996,F,ES,FNFI,39,0,2949.95,0.793,0.564,1.084
8479996,F,PP,MNFI,21,2,431.83,2.918,1.806,4.46
8479996,F,PP,FNFI,1,0,431.83,0.139,0.004,0.774
8479996,F,PK,MNFI,2,0,74.75,1.605,0.194,5.799
8479996,F,PK,FNFI,0,0,74.75,0.0,0.0,2.961
8475798,F,ES,MNFI,174,6,5551.92,1.88,1.611,2.182
8475798,F,ES,FNFI,44,2,5551.92,0.476,0.346,0.638
8475798,F,PP,MNFI,54,2,1196.73,2.707,2.034,3.533
8475798,F,PP,FNFI,38,0,1196.73,1.905,1.348,2.615
8475798,F,PK,MNFI,11,0,230.67,2.861,1.428,5.12
8475798,F,PK,FNFI,0,0,230.67,0.0,0.0,0.96
8478398,F,ES,MNFI,411,39,6504.28,3.791,3.434,4.176
8478398,F,ES,FNFI,102,4,6504.28,0.941,0.767,1.142
8478398,F,PP,MNFI,123,4,1142.48,6.46,5.369,7.707
8478398,F,PP,FNFI,22,2,1142.48,1.155,0.724,1.749
8478398,F,PK,MNFI,7,0,205.08,2.048,0.823,4.22
8478398,F,PK,FNFI,3,0,205.08,0.878,0.181,2.565
8478873,F,ES,MNFI,282,26,5397.57,3.135,2.78,3.523
8478873,F,ES,FNFI,100,1,5397.57,1.112,0.904,1.352
8478873,F,PP,MNFI,66,0,834.13,4.747,3.672,6.04
8478873,F,PP,FNFI,20,1,834.13,1.439,0.879,2.222
8478873,F,PK,MNFI,5,1,156.58,1.916,0.622,4.471
8478873,F,PK,FNFI,2,0,156.58,0.766,0.093,2.768
8471218,F,ES,MNFI,137,4,2636.78,3.117,2.617,3.685
8471218,F,ES,FNFI,35,0,2636.78,0.796,0.555,1.108
8471218,F,PP,MNFI,20,2,411.8,2.914,1.78,4.5
8471218,F,PP,FNFI,0,0,411.8,0.0,0.0,0.537
8471218,F,PK,MNFI,2,0,79.6,1.508,0.183,5.446
8471218,F,PK,FNFI,0,0,79.6,0.0,0.0,2.781
8477940,F,ES,MNFI,326,25,4626.85,4.227,3.781,4.712
8477940,F,ES,FNFI,143,6,4626.85,1.854,1.563,2.184
8477940,F,PP,MNFI,96,4,689.92,8.349,6.763,10.195
8477940,F,PP,FNFI,29,1,689.92,2.522,1.689,3.622
8477940,F,PK,MNFI,0,0,123.38,0.0,0.0,1.794
8477940,F,PK,FNFI,0,0,123.38,0.0,0.0,1.794
8475164,F,ES,MNFI,71,5,2495.22,1.707,1.333,2.153
8475164,F,ES,FNFI,22,0,2495.22,0.529,0.332,0.801
8475164,F,PP,MNFI,28,2,554.15,3.032,2.015,4.382
8475164,F,PP,FNFI,2,0,554.15,0.217,0.026,0.782
8475164,F,PK,MNFI,5,0,96.37,3.113,1.011,7.265
8475164,F,PK,FNFI,0,0,96.37,0.0,0.0,2.297
8479400,F,ES,MNFI,235,8,4939.17,2.855,2.501,3.244
8479400,F,ES,FNFI,94,0,4939.17,1.142,0.923,1.397
8479400,F,PP,MNFI,62,7,802.27,4.637,3.555,5.944
8479400,F,PP,FNFI,9,0,802.27,0.673,0.308,1.278
8479400,F,PK,MNFI,0,0,155.85,0.0,0.0,1.42
8479400,F,PK,FNFI,0,0,155.85,0.0,0.0,1.42
8478431,F,ES,MNFI,58,4,1333.83,2.609,1.981,3.373
8478431,F,ES,FNFI,17,0,1333.83,0.765,0.445,1.224
8478431,F,PP,MNFI,3,0,64.0,2.812,0.58,8.219
8478431,F,PP,FNFI,0,0,64.0,0.0,0.0,3.458
8478431,F,PK,MNFI,0,0,10.18,0.0,0.0,21.735
8478431,F,PK,FNFI,0,0,10.18,0.0,0.0,21.735
8482149,F,ES,MNFI,171,7,3624.15,2.831,2.423,3.289
8482149,F,ES,FNFI,38,2,3624.15,0.629,0.445,0.864
8482149,F,PP,MNFI,48,5,472.13,6.1,4.498,8.088
8482149,F,PP,FNFI,3,0,472.13,0.381,0.079,1.114
8482149,F,PK,MNFI,0,0,83.88,0.0,0.0,2.639
8482149,F,PK,FNFI,0,0,83.88,0.0,0.0,2.639
8480870,F,ES,MNFI,25,1,808.8,1.855,1.2,2.738
8480870,F,ES,FNFI,12,1,808.8,0.89,0.46,1.555
8480870,F,PP,MNFI,0,0,138.58,0.0,0.0,1.597
8480870,F,PP,FNFI,0,0,138.58,0.0,0.0,1.597
8480870,F,PK,MNFI,4,1,20.53,11.688,3.185,29.927
8480870,F,PK,FNFI,0,0,20.53,0.0,0.0,10.779
8475235,F,ES,MNFI,81,3,2423.52,2.005,1.593,2.492
8475235,F,ES,FNFI,26,1,2423.52,0.644,0.42,0.943
8475235,F,PP,MNFI,0,0,219.12,0.0,0.0,1.01
8475235,F,PP,FNFI,0,0,219.12,0.0,0.0,1.01
8475235,F,PK,MNFI,2,1,53.4,2.247,0.272,8.118
8475235,F,PK,FNFI,1,0,53.4,1.124,0.028,6.26
8480806,F,ES,MNFI,103,6,3820.12,1.618,1.32,1.962
8480806,F,ES,FNFI,32,0,3820.12,0.503,0.344,0.71
8480806,F,PP,MNFI,4,0,616.98,0.389,0.106,0.996
8480806,F,PP,FNFI,0,0,616.98,0.0,0.0,0.359
8480806,F,PK,MNFI,9,1,107.37,5.029,2.3,9.548
8480806,F,PK,FNFI,1,0,107.37,0.559,0.014,3.114
8482745,F,ES,MNFI,152,9,3955.65,2.306,1.954,2.703
8482745,F,ES,FNFI,71,1,3955.65,1.077,0.841,1.358
8482745,F,PP,MNFI,50,3,603.4,4.972,3.69,6.555
8482745,F,PP,FNFI,8,0,603.4,0.795,0.343,1.567
8482745,F,PK,MNFI,1,1,102.77,0.584,0.015,3.253
8482745,F,PK,FNFI,0,0,102.77,0.0,0.0,2.154
8476392,F,ES,MNFI,193,6,4882.95,2.372,2.049,2.731
8476392,F,ES,FNFI,32,0,4882.95,0.393,0.269,0.555
8476392,F,PP,MNFI,10,0,816.92,0.734,0.352,1.351
8476392,F,PP,FNFI,0,0,816.92,0.0,0.0,0.271
8476392,F,PK,MNFI,14,3,148.93,5.64,3.083,9.463
8476392,F,PK,FNFI,2,0,148.93,0.806,0.098,2.911
8476483,F,ES,MNFI,319,17,5507.2,3.475,3.104,3.879
8476483,F,ES,FNFI,93,4,5507.2,1.013,0.818,1.241
8476483,F,PP,MNFI,105,10,771.15,8.17,6.682,9.89
8476483,F,PP,FNFI,14,0,771.15,1.089,0.596,1.828
8476483,F,PK,MNFI,2,0,164.15,0.731,0.089,2.641
8476483,F,PK,FNFI,1,0,164.15,0.366,0.009,2.037
8480031,F,ES,MNFI,45,4,1434.18,1.883,1.373,2.519
8480031,F,ES,FNFI,17,0,1434.18,0.711,0.414,1.139
8480031,F,PP,MNFI,3,0,153.1,1.176,0.242,3.436
8480031,F,PP,FNFI,4,0,153.1,1.568,0.427,4.014
8480031,F,PK,MNFI,0,0,29.8,0.0,0.0,7.427
8480031,F,PK,FNFI,0,0,29.8,0.0,0.0,7.427
8470612,F,ES,MNFI,33,0,890.37,2.224,1.531,3.123
8470612,F,ES,FNFI,8,1,890.37,0.539,0.233,1.062
8470612,F,PP,MNFI,6,0,122.45,2.94,1.079,6.399
8470612,F,PP,FNFI,2,0,122.45,0.98,0.119,3.54
8470612,F,PK,MNFI,0,0,25.1,0.0,0.0,8.818
8470612,F,PK,FNFI,0,0,25.1,0.0,0.0,8.818
8474641,F,ES,MNFI,153,18,4418.82,2.077,1.761,2.434
8474641,F,ES,FNFI,57,1,4418.82,0.774,0.586,1.003
8474641,F,PP,MNFI,55,5,836.95,3.943,2.97,5.132
8474641,F,PP,FNFI,9,0,836.95,0.645,0.295,1.225
8474641,F,PK,MNFI,8,1,146.35,3.28,1.416,6.463
8474641,F,PK,FNFI,4,0,146.35,1.64,0.447,4.199
8477429,F,ES,MNFI,144,8,4991.27,1.731,1.46,2.038
8477429,F,ES,FNFI,41,1,4991.27,0.493,0.354,0.669
8477429,F,PP,MNFI,39,1,983.13,2.38,1.693,3.254
8477429,F,PP,FNFI,2,0,983.13,0.122,0.015,0.441
8477429,F,PK,MNFI,13,2,188.42,4.14,2.204,7.079
8477429,F,PK,FNFI,2,0,188.42,0.637,0.077,2.301
8481533,F,ES,MNFI,231,11,4800.95,2.887,2.527,3.284
8481533,F,ES,FNFI,83,2,4800.95,1.037,0.826,1.286
8481533,F,PP,MNFI,61,2,714.3,5.124,3.919,6.582
8481533,F,PP,FNFI,30,2,714.3,2.52,1.7,3.597
8481533,F,PK,MNFI,0,0,123.95,0.0,0.0,1.786
8481533,F,PK,FNFI,0,0,123.95,0.0,0.0,1.786
8471669,F,ES,MNFI,61,3,1748.78,2.093,1.601,2.688
8471669,F,ES,FNFI,8,0,1748.78,0.274,0.118,0.541
8471669,F,PP,MNFI,6,2,294.98,1.22,0.448,2.656
8471669,F,PP,FNFI,1,0,294.98,0.203,0.005,1.133
8471669,F,PK,MNFI,2,0,63.88,1.878,0.227,6.786
8471669,F,PK,FNFI,0,0,63.88,0.0,0.0,3.465
8470606,F,ES,MNFI,37,0,799.15,2.778,1.956,3.829
8470606,F,ES,FNFI,9,0,799.15,0.676,0.309,1.283
8470606,F,PP,MNFI,4,0,112.05,2.142,0.584,5.484
8470606,F,PP,FNFI,0,0,112.05,0.0,0.0,1.975
8470606,F,PK,MNFI,0,0,21.3,0.0,0.0,10.391
8470606,F,PK,FNFI,0,0,21.3,0.0,0.0,10.391
8477960,F,ES,MNFI,333,30,5926.97,3.371,3.019,3.753
8477960,F,ES,FNFI,175,5,5926.97,1.772,1.519,2.054
8477960,F,PP,MNFI,122,2,1130.87,6.473,5.375,7.729
8477960,F,PP,FNFI,77,0,1130.87,4.085,3.224,5.106
8477960,F,PK,MNFI,15,4,209.83,4.289,2.401,7.074
8477960,F,PK,FNFI,1,0,209.83,0.286,0.007,1.593
8477962,F,ES,MNFI,61,4,1144.58,3.198,2.446,4.108
8477962,F,ES,FNFI,16,0,1144.58,0.839,0.479,1.362
8477962,F,PP,MNFI,0,0,92.07,0.0,0.0,2.404
8477962,F,PP,FNFI,0,0,92.07,0.0,0.0,2.404
8477962,F,PK,MNFI,0,0,13.33,0.0,0.0,16.6
8477962,F,PK,FNFI,0,0,13.33,0.0,0.0,16.6
8478042,F,ES,MNFI,292,10,3968.63,4.415,3.923,4.951
8478042,F,ES,FNFI,85,4,3968.63,1.285,1.026,1.589
8478042,F,PP,MNFI,31,2,528.57,3.519,2.391,4.995
8478042,F,PP,FNFI,4,0,528.57,0.454,0.124,1.163
8478042,F,PK,MNFI,1,0,97.78,0.614,0.016,3.419
8478042,F,PK,FNFI,0,0,97.78,0.0,0.0,2.264
8480113,F,ES,MNFI,176,9,4841.33,2.181,1.871,2.528
8480113,F,ES,FNFI,29,0,4841.33,0.359,0.241,0.516
8480113,F,PP,MNFI,61,3,880.93,4.155,3.178,5.337
8480113,F,PP,FNFI,3,0,880.93,0.204,0.042,0.597
8480113,F,PK,MNFI,2,1,152.48,0.787,0.095,2.843
8480113,F,PK,FNFI,0,0,152.48,0.0,0.0,1.452
8481481,F,ES,MNFI,143,9,3442.93,2.492,2.1,2.936
8481481,F,ES,FNFI,29,3,3442.93,0.505,0.338,0.726
8481481,F,PP,MNFI,1,0,556.62,0.108,0.003,0.601
8481481,F,PP,FNFI,1,0,556.62,0.108,0.003,0.601
8481481,F,PK,MNFI,16,1,99.37,9.661,5.522,15.689
8481481,F,PK,FNFI,0,0,99.37,0.0,0.0,2.227
8471685,F,ES,MNFI,196,15,6086.83,1.932,1.671,2.222
8471685,F,ES,FNFI,53,0,6086.83,0.522,0.391,0.683
8471685,F,PP,MNFI,72,4,1174.52,3.678,2.878,4.632
8471685,F,PP,FNFI,18,2,1174.52,0.92,0.545,1.453
8471685,F,PK,MNFI,3,0,213.17,0.844,0.174,2.468
8471685,F,PK,FNFI,0,0,213.17,0.0,0.0,1.038
8479675,F,ES,MNFI,168,6,4883.88,2.064,1.764,2.401
8479675,F,ES,FNFI,82,3,4883.88,1.007,0.801,1.25
8479675,F,PP,MNFI,37,2,845.02,2.627,1.85,3.621
8479675,F,PP,FNFI,4,0,845.02,0.284,0.077,0.727
8479675,F,PK,MNFI,18,2,187.3,5.766,3.417,9.113
8479675,F,PK,FNFI,2,0,187.3,0.641,0.078,2.314
8479991,F,ES,MNFI,27,1,714.82,2.266,1.494,3.297
8479991,F,ES,FNFI,2,0,714.82,0.168,0.02,0.606
8479991,F,PP,MNFI,0,0,59.02,0.0,0.0,3.75
8479991,F,PP,FNFI,0,0,59.02,0.0,0.0,3.75
8479991,F,PK,MNFI,0,0,14.77,0.0,0.0,14.989
8479991,F,PK,FNFI,0,0,14.77,0.0,0.0,14.989
8476479,F,ES,MNFI,197,13,5433.75,2.175,1.882,2.501
8476479,F,ES,FNFI,59,1,5433.75,0.651,0.496,0.84
8476479,F,PP,MNFI,31,1,1072.27,1.735,1.179,2.462
8476479,F,PP,FNFI,2,1,1072.27,0.112,0.014,0.404
8476479,F,PK,MNFI,9,0,207.53,2.602,1.19,4.939
8476479,F,PK,FNFI,4,0,207.53,1.156,0.315,2.961
8475913,F,ES,MNFI,175,11,4013.37,2.616,2.243,3.034
8475913,F,ES,FNFI,43,2,4013.37,0.643,0.465,0.866
8475913,F,PP,MNFI,36,2,738.67,2.924,2.048,4.048
8475913,F,PP,FNFI,3,0,738.67,0.244,0.05,0.712
8475913,F,PK,MNFI,11,1,126.08,5.235,2.613,9.366
8475913,F,PK,FNFI,1,0,126.08,0.476,0.012,2.651
8480014,F,ES,MNFI,158,15,4183.22,2.266,1.927,2.648
8480014,F,ES,FNFI,23,1,4183.22,0.33,0.209,0.495
8480014,F,PP,MNFI,43,6,614.72,4.197,3.037,5.653
8480014,F,PP,FNFI,1,0,614.72,0.098,0.002,0.544
8480014,F,PK,MNFI,0,0,87.32,0.0,0.0,2.535
8480014,F,PK,FNFI,0,0,87.32,0.0,0.0,2.535
8481560,F,ES,MNFI,107,4,2059.53,3.117,2.555,3.767
8481560,F,ES,FNFI,48,1,2059.53,1.398,1.031,1.854
8481560,F,PP,MNFI,52,6,328.7,9.492,7.089,12.447
8481560,F,PP,FNFI,9,0,328.7,1.643,0.751,3.119
8481560,F,PK,MNFI,0,0,55.55,0.0,0.0,3.984
8481560,F,PK,FNFI,0,0,55.55,0.0,0.0,3.984
8478874,F,ES,MNFI,107,7,1931.0,3.325,2.725,4.018
8478874,F,ES,FNFI,37,2,1931.0,1.15,0.809,1.585
8478874,F,PP,MNFI,16,3,253.68,3.784,2.163,6.145
8478874,F,PP,FNFI,2,0,253.68,0.473,0.057,1.709
8478874,F,PK,MNFI,0,0,51.13,0.0,0.0,4.329
8478874,F,PK,FNFI,0,0,51.13,0.0,0.0,4.329
8482110,F,ES,MNFI,230,11,5838.93,2.363,2.068,2.689
8482110,F,ES,FNFI,56,2,5838.93,0.575,0.435,0.747
8482110,F,PP,MNFI,45,2,911.05,2.964,2.162,3.966
8482110,F,PP,FNFI,4,0,911.05,0.263,0.072,0.674
8482110,F,PK,MNFI,16,3,192.12,4.997,2.856,8.115
8482110,F,PK,FNFI,4,0,192.12,1.249,0.34,3.199
8476918,F,ES,MNFI,116,7,3040.28,2.289,1.892,2.746
8476918,F,ES,FNFI,25,0,3040.28,0.493,0.319,0.728
8476918,F,PP,MNFI,1,0,349.32,0.172,0.004,0.957
8476918,F,PP,FNFI,0,0,349.32,0.0,0.0,0.634
8476918,F,PK,MNFI,14,0,86.37,9.726,5.317,16.319
8476918,F,PK,FNFI,0,0,86.37,0.0,0.0,2.563
8479511,F,ES,MNFI,27,0,696.62,2.326,1.533,3.384
8479511,F,ES,FNFI,7,1,696.62,0.603,0.242,1.242
8479511,F,PP,MNFI,0,0,64.67,0.0,0.0,3.423
8479511,F,PP,FNFI,1,1,64.67,0.928,0.023,5.17
8479511,F,PK,MNFI,2,0,18.0,6.667,0.807,24.082
8479511,F,PK,FNFI,0,0,18.0,0.0,0.0,12.296
8479542,F,ES,MNFI,353,27,5884.45,3.599,3.234,3.995
8479542,F,ES,FNFI,118,3,5884.45,1.203,0.996,1.441
8479542,F,PP,MNFI,30,2,1116.25,1.613,1.088,2.302
8479542,F,PP,FNFI,4,0,1116.25,0.215,0.059,0.55
8479542,F,PK,MNFI,41,3,230.9,10.654,7.645,14.453
8479542,F,PK,FNFI,11,1,230.9,2.858,1.427,5.114
8477341,F,ES,MNFI,43,4,1062.23,2.429,1.758,3.272
8477341,F,ES,FNFI,13,1,1062.23,0.734,0.391,1.256
8477341,F,PP,MNFI,5,0,107.85,2.782,0.903,6.491
8477341,F,PP,FNFI,1,0,107.85,0.556,0.014,3.1
8477341,F,PK,MNFI,0,0,23.33,0.0,0.0,9.486
8477341,F,PK,FNFI,0,0,23.33,0.0,0.0,9.486
8480002,F,ES,MNFI,283,25,5956.87,2.85,2.528,3.203
8480002,F,ES,FNFI,75,5,5956.87,0.755,0.594,0.947
8480002,F,PP,MNFI,119,12,1168.47,6.111,5.062,7.312
8480002,F,PP,FNFI,17,0,1168.47,0.873,0.509,1.398
8480002,F,PK,MNFI,18,1,192.68,5.605,3.322,8.858
8480002,F,PK,FNFI,3,0,192.68,0.934,0.193,2.73
8481559,F,ES,MNFI,396,26,5253.77,4.522,4.088,4.991
8481559,F,ES,FNFI,120,4,5253.77,1.37,1.136,1.639
8481559,F,PP,MNFI,118,4,861.73,8.216,6.801,9.839
8481559,F,PP,FNFI,39,4,861.73,2.715,1.931,3.712
8481559,F,PK,MNFI,5,0,151.03,1.986,0.645,4.635
8481559,F,PK,FNFI,0,0,151.03,0.0,0.0,1.465
8479404,F,ES,MNFI,27,0,489.78,3.308,2.18,4.812
8479404,F,ES,FNFI,3,0,489.78,0.368,0.076,1.074
8479404,F,PP,MNFI,1,0,54.27,1.106,0.028,6.16
8479404,F,PP,FNFI,0,0,54.27,0.0,0.0,4.079
8479404,F,PK,MNFI,0,0,9.6,0.0,0.0,23.055
8479404,F,PK,FNFI,0,0,9.6,0.0,0.0,23.055
8478401,F,ES,MNFI,225,15,5323.27,2.536,2.215,2.89
8478401,F,ES,FNFI,74,2,5323.27,0.834,0.655,1.047
8478401,F,PP,MNFI,81,6,1014.52,4.79,3.804,5.954
8478401,F,PP,FNFI,25,0,1014.52,1.479,0.957,2.183
8478401,F,PK,MNFI,11,0,214.37,3.079,1.537,5.509
8478401,F,PK,FNFI,4,0,214.37,1.12,0.305,2.867
8479415,F,ES,MNFI,88,3,2340.25,2.256,1.81,2.78
8479415,F,ES,FNFI,27,0,2340.25,0.692,0.456,1.007
8479415,F,PP,MNFI,1,0,275.72,0.218,0.006,1.212
8479415,F,PP,FNFI,1,0,275.72,0.218,0.006,1.212
8479415,F,PK,MNFI,8,0,61.58,7.794,3.365,15.358
8479415,F,PK,FNFI,1,0,61.58,0.974,0.025,5.428
8479407,F,ES,MNFI,291,14,5921.15,2.949,2.62,3.308
8479407,F,ES,FNFI,121,4,5921.15,1.226,1.017,1.465
8479407,F,PP,MNFI,80,10,1063.25,4.514,3.58,5.619
8479407,F,PP,FNFI,19,1,1063.25,1.072,0.646,1.674
8479407,F,PK,MNFI,12,1,191.48,3.76,1.943,6.568
8479407,F,PK,FNFI,0,0,191.48,0.0,0.0,1.156
8475193,F,ES,MNFI,191,12,3484.57,3.289,2.839,3.79
8475193,F,ES,FNFI,48,0,3484.57,0.827,0.609,1.096
8475193,F,PP,MNFI,27,2,416.12,3.893,2.566,5.664
8475193,F,PP,FNFI,3,0,416.12,0.433,0.089,1.264
8475193,F,PK,MNFI,0,0,89.02,0.0,0.0,2.486
8475193,F,PK,FNFI,0,0,89.02,0.0,0.0,2.486
8480025,F,ES,MNFI,57,1,1863.12,1.836,1.39,2.378
8480025,F,ES,FNFI,18,0,1863.12,0.58,0.344,0.916
8480025,F,PP,MNFI,6,0,195.33,1.843,0.676,4.011
8480025,F,PP,FNFI,0,0,195.33,0.0,0.0,1.133
8480025,F,PK,MNFI,2,0,49.35,2.432,0.294,8.784
8480025,F,PK,FNFI,0,0,49.35,0.0,0.0,4.485
8473544,F,ES,MNFI,33,3,1113.42,1.778,1.224,2.497
8473544,F,ES,FNFI,10,0,1113.42,0.539,0.258,0.991
8473544,F,PP,MNFI,7,1,183.62,2.287,0.92,4.713
8473544,F,PP,FNFI,1,0,183.62,0.327,0.008,1.821
8473544,F,PK,MNFI,0,0,42.37,0.0,0.0,5.224
8473544,F,PK,FNFI,0,0,42.37,0.0,0.0,5.224
8478439,F,ES,MNFI,275,26,5791.48,2.849,2.522,3.206
8478439,F,ES,FNFI,120,6,5791.48,1.243,1.031,1.487
8478439,F,PP,MNFI,98,3,1003.27,5.861,4.758,7.143
8478439,F,PP,FNFI,35,0,1003.27,2.093,1.458,2.911
8478439,F,PK,MNFI,25,7,214.27,7.001,4.53,10.334
8478439,F,PK,FNFI,3,0,214.27,0.84,0.173,2.455
8480797,F,ES,MNFI,182,11,5249.77,2.08,1.789,2.405
8480797,F,ES,FNFI,61,1,5249.77,0.697,0.533,0.896
8480797,F,PP,MNFI,31,0,818.63,2.272,1.544,3.225
8480797,F,PP,FNFI,12,1,818.63,0.88,0.454,1.536
8480797,F,PK,MNFI,10,2,195.6,3.067,1.471,5.641
8480797,F,PK,FNFI,0,0,195.6,0.0,0.0,1.132
8476461,F,ES,MNFI,144,4,3702.12,2.334,1.968,2.748
8476461,F,ES,FNFI,44,0,3702.12,0.713,0.518,0.957
8476461,F,PP,MNFI,30,1,583.17,3.087,2.083,4.406
8476461,F,PP,FNFI,2,0,583.17,0.206,0.025,0.743
8476461,F,PK,MNFI,2,0,140.88,0.852,0.103,3.077
8476461,F,PK,FNFI,1,0,140.88,0.426,0.011,2.373
8474715,F,ES,MNFI,106,8,2254.55,2.821,2.31,3.412
8474715,F,ES,FNFI,46,1,2254.55,1.224,0.896,1.633
8474715,F,PP,MNFI,18,0,389.47,2.773,1.643,4.383
8474715,F,PP,FNFI,5,0,389.47,0.77,0.25,1.798
8474715,F,PK,MNFI,8,1,104.62,4.588,1.981,9.041
8474715,F,PK,FNFI,5,0,104.62,2.868,0.931,6.692
8476872,F,ES,MNFI,162,10,4759.27,2.042,1.74,2.382
8476872,F,ES,FNFI,70,2,4759.27,0.882,0.688,1.115
8476872,F,PP,MNFI,9,1,800.72,0.674,0.308,1.28
8476872,F,PP,FNFI,8,1,800.72,0.599,0.259,1.181
8476872,F,PK,MNFI,16,2,168.73,5.689,3.252,9.239
8476872,F,PK,FNFI,4,1,168.73,1.422,0.388,3.642
8477979,F,ES,MNFI,101,7,2199.3,2.755,2.244,3.348
8477979,F,ES,FNFI,40,2,2199.3,1.091,0.78,1.486
8477979,F,PP,MNFI,1,0,125.65,0.478,0.012,2.661
8477979,F,PP,FNFI,0,0,125.65,0.0,0.0,1.762
8477979,F,PK,MNFI,0,0,18.13,0.0,0.0,12.206
8477979,F,PK,FNFI,0,0,18.13,0.0,0.0,12.206
8478051,F,ES,MNFI,34,4,662.12,3.081,2.134,4.305
8478051,F,ES,FNFI,7,0,662.12,0.634,0.255,1.307
8478051,F,PP,MNFI,0,0,40.63,0.0,0.0,5.447
8478051,F,PP,FNFI,0,0,40.63,0.0,0.0,5.447
8478051,F,PK,MNFI,1,0,7.5,8.0,0.203,44.573
8478051,F,PK,FNFI,0,0,7.5,0.0,0.0,29.511
8474037,F,ES,MNFI,160,8,4183.75,2.295,1.953,2.679
8474037,F,ES,FNFI,47,1,4183.75,0.674,0.495,0.896
8474037,F,PP,MNFI,16,1,585.68,1.639,0.937,2.662
8474037,F,PP,FNFI,1,0,585.68,0.102,0.003,0.571
8474037,F,PK,MNFI,0,0,101.93,0.0,0.0,2.171
8474037,F,PK,FNFI,0,0,101.93,0.0,0.0,2.171
8473512,F,ES,MNFI,254,19,5824.35,2.617,2.305,2.959
8473512,F,ES,FNFI,92,3,5824.35,0.948,0.764,1.162
8473512,F,PP,MNFI,55,2,1209.08,2.729,2.056,3.553
8473512,F,PP,FNFI,23,2,1209.08,1.141,0.724,1.713
8473512,F,PK,MNFI,15,2,197.38,4.56,2.552,7.52
8473512,F,PK,FNFI,0,0,197.38,0.0,0.0,1.121
8478146,F,ES,MNFI,28,2,914.78,1.837,1.22,2.654
8478146,F,ES,FNFI,10,0,914.78,0.656,0.315,1.206
8478146,F,PP,MNFI,2,0,136.15,0.881,0.107,3.184
8478146,F,PP,FNFI,0,0,136.15,0.0,0.0,1.626
8478146,F,PK,MNFI,3,0,25.1,7.171,1.479,20.958
8478146,F,PK,FNFI,0,0,25.1,0.0,0.0,8.818
8475220,F,ES,MNFI,119,11,3954.0,1.806,1.496,2.161
8475220,F,ES,FNFI,22,0,3954.0,0.334,0.209,0.505
8475220,F,PP,MNFI,8,2,669.63,0.717,0.309,1.412
8475220,F,PP,FNFI,2,0,669.63,0.179,0.022,0.647
8475220,F,PK,MNFI,0,0,136.98,0.0,0.0,1.616
8475220,F,PK,FNFI,0,0,136.98,0.0,0.0,1.616
8477919,F,ES,MNFI,162,11,4669.25,2.082,1.773,2.428
8477919,F,ES,FNFI,60,2,4669.25,0.771,0.588,0.992
8477919,F,PP,MNFI,43,3,899.48,2.868,2.076,3.864
8477919,F,PP,FNFI,7,2,899.48,0.467,0.188,0.962
8477919,F,PK,MNFI,5,1,159.77,1.878,0.61,4.382
8477919,F,PK,FNFI,1,0,159.77,0.376,0.01,2.092
8477451,F,ES,MNFI,273,15,4889.28,3.35,2.965,3.772
8477451,F,ES,FNFI,105,1,4889.28,1.289,1.054,1.56
8477451,F,PP,MNFI,72,3,831.7,5.194,4.064,6.541
8477451,F,PP,FNFI,9,0,831.7,0.649,0.297,1.233
8477451,F,PK,MNFI,3,0,148.08,1.216,0.251,3.552
8477451,F,PK,FNFI,1,0,148.08,0.405,0.01,2.258
8474683,F,ES,MNFI,48,2,1382.62,2.083,1.536,2.762
8474683,F,ES,FNFI,9,0,1382.62,0.391,0.179,0.741
8474683,F,PP,MNFI,2,0,251.93,0.476,0.058,1.721
8474683,F,PP,FNFI,0,0,251.93,0.0,0.0,0.879
8474683,F,PK,MNFI,2,0,49.47,2.426,0.294,8.763
8474683,F,PK,FNFI,1,0,49.47,1.213,0.031,6.758
8475692,F,ES,MNFI,243,18,5346.43,2.727,2.395,3.092
8475692,F,ES,FNFI,78,3,5346.43,0.875,0.692,1.092
8475692,F,PP,MNFI,92,3,948.22,5.821,4.693,7.139
8475692,F,PP,FNFI,52,2,948.22,3.29,2.457,4.315
8475692,F,PK,MNFI,0,0,140.92,0.0,0.0,1.571
8475692,F,PK,FNFI,0,0,140.92,0.0,0.0,1.571
8478864,F,ES,MNFI,320,24,5801.08,3.31,2.957,3.693
8478864,F,ES,FNFI,127,2,5801.08,1.314,1.095,1.563
8478864,F,PP,MNFI,164,9,988.28,9.957,8.491,11.603
8478864,F,PP,FNFI,57,2,988.28,3.461,2.621,4.484
8478864,F,PK,MNFI,0,0,137.43,0.0,0.0,1.61
8478864,F,PK,FNFI,0,0,137.43,0.0,0.0,1.61
8479368,F,ES,MNFI,63,4,1741.53,2.171,1.668,2.777
8479368,F,ES,FNFI,18,0,1741.53,0.62,0.368,0.98
8479368,F,PP,MNFI,2,0,128.78,0.932,0.113,3.366
8479368,F,PP,FNFI,3,0,128.78,1.398,0.288,4.085
8479368,F,PK,MNFI,1,0,16.3,3.681,0.093,20.509
8479368,F,PK,FNFI,0,0,16.3,0.0,0.0,13.579
8475760,F,ES,MNFI,167,11,3920.98,2.555,2.183,2.974
8475760,F,ES,FNFI,51,0,3920.98,0.78,0.581,1.026
8475760,F,PP,MNFI,13,1,566.48,1.377,0.733,2.355
8475760,F,PP,FNFI,1,0,566.48,0.106,0.003,0.59
8475760,F,PK,MNFI,4,0,96.03,2.499,0.681,6.399
8475760,F,PK,FNFI,1,0,96.03,0.625,0.016,3.481
8476437,F,ES,MNFI,32,4,512.9,3.743,2.56,5.285
8476437,F,ES,FNFI,8,0,512.9,0.936,0.404,1.844
8476437,F,PP,MNFI,1,0,43.95,1.365,0.035,7.606
8476437,F,PP,FNFI,0,0,43.95,0.0,0.0,5.036
8476437,F,PK,MNFI,0,0,13.3,0.0,0.0,16.642
8476437,F,PK,FNFI,0,0,13.3,0.0,0.0,16.642
8481477,F,ES,MNFI,106,3,3338.05,1.905,1.56,2.304
8481477,F,ES,FNFI,36,0,3338.05,0.647,0.453,0.896
8481477,F,PP,MNFI,3,0,547.65,0.329,0.068,0.961
8481477,F,PP,FNFI,0,0,547.65,0.0,0.0,0.404
8481477,F,PK,MNFI,6,2,103.82,3.468,1.273,7.548
8481477,F,PK,FNFI,2,0,103.82,1.156,0.14,4.175
8479520,F,ES,MNFI,138,6,3625.8,2.284,1.919,2.698
8479520,F,ES,FNFI,43,1,3625.8,0.712,0.515,0.958
8479520,F,PP,MNFI,1,0,500.98,0.12,0.003,0.667
8479520,F,PP,FNFI,2,0,500.98,0.24,0.029,0.865
8479520,F,PK,MNFI,3,0,69.32,2.597,0.536,7.589
8479520,F,PK,FNFI,0,0,69.32,0.0,0.0,3.193
8477942,F,ES,MNFI,274,17,5415.87,3.036,2.687,3.417
8477942,F,ES,FNFI,137,3,5415.87,1.518,1.274,1.794
8477942,F,PP,MNFI,124,6,903.03,8.239,6.853,9.823
8477942,F,PP,FNFI,53,2,903.03,3.521,2.638,4.606
8477942,F,PK,MNFI,1,0,164.48,0.365,0.009,2.032
8477942,F,PK,FNFI,2,0,164.48,0.73,0.088,2.635
8478413,F,ES,MNFI,107,4,3309.93,1.94,1.59,2.344
8478413,F,ES,FNFI,40,1,3309.93,0.725,0.518,0.987
8478413,F,PP,MNFI,6,0,495.87,0.726,0.266,1.58
8478413,F,PP,FNFI,1,0,495.87,0.121,0.003,0.674
8478413,F,PK,MNFI,5,0,82.8,3.623,1.176,8.455
8478413,F,PK,FNFI,1,0,82.8,0.725,0.018,4.037
8478493,F,ES,MNFI,164,8,5134.75,1.916,1.634,2.233
8478493,F,ES,FNFI,73,0,5134.75,0.853,0.669,1.073
8478493,F,PP,MNFI,58,6,1186.07,2.934,2.228,3.793
8478493,F,PP,FNFI,6,0,1186.07,0.304,0.111,0.661
8478493,F,PK,MNFI,8,2,159.33,3.013,1.301,5.936
8478493,F,PK,FNFI,7,0,159.33,2.636,1.06,5.431
8475745,F,ES,MNFI,161,12,5573.8,1.733,1.476,2.022
8475745,F,ES,FNFI,36,2,5573.8,0.388,0.271,0.537
8475745,F,PP,MNFI,29,2,1118.25,1.556,1.042,2.235
8475745,F,PP,FNFI,3,0,1118.25,0.161,0.033,0.47
8475745,F,PK,MNFI,10,1,243.4,2.465,1.182,4.533
8475745,F,PK,FNFI,3,0,243.4,0.74,0.153,2.161
8475791,F,ES,MNFI,193,11,3909.0,2.962,2.559,3.411
8475791,F,ES,FNFI,68,1,3909.0,1.044,0.811,1.323
8475791,F,PP,MNFI,35,2,639.27,3.285,2.288,4.569
8475791,F,PP,FNFI,8,1,639.27,0.751,0.324,1.479
8475791,F,PK,MNFI,0,0,129.18,0.0,0.0,1.713
8475791,F,PK,FNFI,0,0,129.18,0.0,0.0,1.713
8481641,F,ES,MNFI,121,5,2960.98,2.452,2.035,2.93
8481641,F,ES,FNFI,38,2,2960.98,0.77,0.545,1.057
8481641,F,PP,MNFI,0,0,336.28,0.0,0.0,0.658
8481641,F,PP,FNFI,0,0,336.28,0.0,0.0,0.658
8481641,F,PK,MNFI,8,1,73.93,6.492,2.803,12.792
8481641,F,PK,FNFI,1,0,73.93,0.812,0.021,4.522
8475225,F,ES,MNFI,176,11,2821.13,3.743,3.211,4.339
8475225,F,ES,FNFI,62,4,2821.13,1.319,1.011,1.69
8475225,F,PP,MNFI,31,2,272.33,6.83,4.641,9.694
8475225,F,PP,FNFI,6,0,272.33,1.322,0.485,2.877
8475225,F,PK,MNFI,0,0,56.9,0.0,0.0,3.89
8475225,F,PK,FNFI,0,0,56.9,0.0,0.0,3.89
8477956,F,ES,MNFI,462,32,6158.63,4.501,4.1,4.931
8477956,F,ES,FNFI,202,11,6158.63,1.968,1.706,2.259
8477956,F,PP,MNFI,189,15,1123.92,10.09,8.702,11.635
8477956,F,PP,FNFI,102,1,1123.92,5.445,4.44,6.61
8477956,F,PK,MNFI,0,0,221.05,0.0,0.0,1.001
8477956,F,PK,FNFI,0,0,221.05,0.0,0.0,1.001
8473419,F,ES,MNFI,226,15,4984.08,2.721,2.377,3.099
8473419,F,ES,FNFI,60,1,4984.08,0.722,0.551,0.93
8473419,F,PP,MNFI,96,7,1077.33,5.347,4.331,6.529
8473419,F,PP,FNFI,23,4,1077.33,1.281,0.812,1.922
8473419,F,PK,MNFI,12,1,214.68,3.354,1.733,5.858
8473419,F,PK,FNFI,2,0,214.68,0.559,0.068,2.019
8477931,F,ES,MNFI,98,1,2599.85,2.262,1.836,2.756
8477931,F,ES,FNFI,29,2,2599.85,0.669,0.448,0.961
8477931,F,PP,MNFI,0,0,397.05,0.0,0.0,0.557
8477931,F,PP,FNFI,0,0,397.05,0.0,0.0,0.557
8477931,F,PK,MNFI,5,0,75.35,3.981,1.293,9.291
8477931,F,PK,FNFI,0,0,75.35,0.0,0.0,2.937
8478498,F,ES,MNFI,221,14,4991.3,2.657,2.318,3.031
8478498,F,ES,FNFI,70,1,4991.3,0.841,0.656,1.063
8478498,F,PP,MNFI,57,4,898.58,3.806,2.883,4.931
8478498,F,PP,FNFI,9,0,898.58,0.601,0.275,1.141
8478498,F,PK,MNFI,6,0,184.97,1.946,0.714,4.236
8478498,F,PK,FNFI,1,0,184.97,0.324,0.008,1.807
8475287,F,ES,MNFI,200,13,4914.8,2.442,2.115,2.804
8475287,F,ES,FNFI,68,2,4914.8,0.83,0.645,1.052
8475287,F,PP,MNFI,24,0,883.33,1.63,1.044,2.426
8475287,F,PP,FNFI,6,1,883.33,0.408,0.15,0.887
8475287,F,PK,MNFI,7,0,193.58,2.17,0.872,4.47
8475287,F,PK,FNFI,3,0,193.58,0.93,0.192,2.717
8470638,F,ES,MNFI,174,10,2079.03,5.022,4.303,5.826
8470638,F,ES,FNFI,47,1,2079.03,1.356,0.997,1.804
8470638,F,PP,MNFI,109,11,454.72,14.383,11.81,17.35
8470638,F,PP,FNFI,10,0,454.72,1.32,0.633,2.427
8470638,F,PK,MNFI,7,0,89.85,4.674,1.879,9.631
8470638,F,PK,FNFI,1,0,89.85,0.668,0.017,3.721
8473422,F,ES,MNFI,105,5,3941.37,1.598,1.307,1.935
8473422,F,ES,FNFI,30,1,3941.37,0.457,0.308,0.652
8473422,F,PP,MNFI,16,2,636.93,1.507,0.862,2.448
8473422,F,PP,FNFI,2,0,636.93,0.188,0.023,0.681
8473422,F,PK,MNFI,4,0,119.63,2.006,0.547,5.136
8473422,F,PK,FNFI,1,0,119.63,0.502,0.013,2.794
8479365,F,ES,MNFI,202,10,3894.62,3.112,2.698,3.572
8479365,F,ES,FNFI,46,5,3894.62,0.709,0.519,0.945
8479365,F,PP,MNFI,6,1,370.07,0.973,0.357,2.117
8479365,F,PP,FNFI,1,1,370.07,0.162,0.004,0.903
8479365,F,PK,MNFI,4,0,80.78,2.971,0.809,7.607
8479365,F,PK,FNFI,0,0,80.78,0.0,0.0,2.74
8480901,F,ES,MNFI,48,1,942.18,3.057,2.254,4.053
8480901,F,ES,FNFI,9,0,942.18,0.573,0.262,1.088
8480901,F,PP,MNFI,0,0,111.42,0.0,0.0,1.987
8480901,F,PP,FNFI,0,0,111.42,0.0,0.0,1.987
8480901,F,PK,MNFI,3,0,24.02,7.495,1.546,21.903
8480901,F,PK,FNFI,0,0,24.02,0.0,0.0,9.216
8479335,F,ES,MNFI,45,2,1469.58,1.837,1.34,2.458
8479335,F,ES,FNFI,10,0,1469.58,0.408,0.196,0.751
8479335,F,PP,MNFI,2,0,177.37,0.677,0.082,2.444
8479335,F,PP,FNFI,1,0,177.37,0.338,0.009,1.885
8479335,F,PK,MNFI,5,1,43.3,6.928,2.25,16.169
8479335,F,PK,FNFI,0,0,43.3,0.0,0.0,5.112
8477070,F,ES,MNFI,102,3,2114.97,2.894,2.359,3.513
8477070,F,ES,FNFI,23,1,2114.97,0.652,0.414,0.979
8477070,F,PP,MNFI,0,0,184.63,0.0,0.0,1.199
8477070,F,PP,FNFI,0,0,184.63,0.0,0.0,1.199
8477070,F,PK,MNFI,1,0,26.08,2.3,0.058,12.817
8477070,F,PK,FNFI,0,0,26.08,0.0,0.0,8.486
8476329,F,ES,MNFI,71,7,2257.33,1.887,1.474,2.38
8476329,F,ES,FNFI,21,0,2257.33,0.558,0.346,0.853
8476329,F,PP,MNFI,15,1,386.58,2.328,1.303,3.84
8476329,F,PP,FNFI,2,0,386.58,0.31,0.038,1.121
8476329,F,PK,MNFI,0,0,65.63,0.0,0.0,3.372
8476329,F,PK,FNFI,0,0,65.63,0.0,0.0,3.372
8479379,F,ES,MNFI,34,2,966.28,2.111,1.462,2.95
8479379,F,ES,FNFI,9,0,966.28,0.559,0.256,1.061
8479379,F,PP,MNFI,0,0,32.65,0.0,0.0,6.779
8479379,F,PP,FNFI,0,0,32.65,0.0,0.0,6.779
8479379,F,PK,MNFI,0,0,6.8,0.0,0.0,32.549
8479379,F,PK,FNFI,0,0,6.8,0.0,0.0,32.549
8478366,F,ES,MNFI,242,16,4678.17,3.104,2.725,3.52
8478366,F,ES,FNFI,119,6,4678.17,1.526,1.264,1.826
8478366,F,PP,MNFI,63,4,811.77,4.657,3.578,5.958
8478366,F,PP,FNFI,17,2,811.77,1.257,0.732,2.012
8478366,F,PK,MNFI,7,0,141.32,2.972,1.195,6.124
8478366,F,PK,FNFI,3,0,141.32,1.274,0.263,3.722
8479944,F,ES,MNFI,87,3,2673.3,1.953,1.564,2.409
8479944,F,ES,FNFI,19,0,2673.3,0.426,0.257,0.666
8479944,F,PP,MNFI,0,0,292.15,0.0,0.0,0.758
8479944,F,PP,FNFI,0,0,292.15,0.0,0.0,0.758
8479944,F,PK,MNFI,2,0,68.7,1.747,0.212,6.31
8479944,F,PK,FNFI,1,0,68.7,0.873,0.022,4.866
8479383,F,ES,MNFI,71,1,1752.58,2.431,1.898,3.066
8479383,F,ES,FNFI,20,2,1752.58,0.685,0.418,1.057
8479383,F,PP,MNFI,3,0,192.68,0.934,0.193,2.73
8479383,F,PP,FNFI,1,0,192.68,0.311,0.008,1.735
8479383,F,PK,MNFI,6,0,48.5,7.423,2.724,16.156
8479383,F,PK,FNFI,1,0,48.5,1.237,0.031,6.893
8479718,F,ES,MNFI,22,0,535.8,2.464,1.544,3.73
8479718,F,ES,FNFI,10,0,535.8,1.12,0.537,2.059
8479718,F,PP,MNFI,2,0,60.1,1.997,0.242,7.213
8479718,F,PP,FNFI,2,0,60.1,1.997,0.242,7.213
8479718,F,PK,MNFI,0,0,15.32,0.0,0.0,14.45
8479718,F,PK,FNFI,0,0,15.32,0.0,0.0,14.45
8476887,F,ES,MNFI,292,15,5425.58,3.229,2.869,3.622
8476887,F,ES,FNFI,150,4,5425.58,1.659,1.404,1.947
8476887,F,PP,MNFI,156,3,914.33,10.237,8.694,11.975
8476887,F,PP,FNFI,67,5,914.33,4.397,3.407,5.584
8476887,F,PK,MNFI,0,0,153.12,0.0,0.0,1.446
8476887,F,PK,FNFI,0,0,153.12,0.0,0.0,1.446
8477964,F,ES,MNFI,273,25,5656.78,2.896,2.562,3.26
8477964,F,ES,FNFI,65,1,5656.78,0.689,0.532,0.879
8477964,F,PP,MNFI,36,4,633.28,3.411,2.389,4.722
8477964,F,PP,FNFI,2,0,633.28,0.189,0.023,0.684
8477964,F,PK,MNFI,6,1,160.98,2.236,0.821,4.867
8477964,F,PK,FNFI,0,0,160.98,0.0,0.0,1.375
8482089,F,ES,MNFI,130,13,3557.32,2.193,1.832,2.604
8482089,F,ES,FNFI,26,0,3557.32,0.439,0.286,0.643
8482089,F,PP,MNFI,6,1,465.07,0.774,0.284,1.685
8482089,F,PP,FNFI,3,1,465.07,0.387,0.08,1.131
8482089,F,PK,MNFI,1,0,91.47,0.656,0.017,3.655
8482089,F,PK,FNFI,0,0,91.47,0.0,0.0,2.42
8474102,F,ES,MNFI,165,9,4299.2,2.303,1.965,2.682
8474102,F,ES,FNFI,49,1,4299.2,0.684,0.506,0.904
8474102,F,PP,MNFI,85,3,689.17,7.4,5.911,9.151
8474102,F,PP,FNFI,20,1,689.17,1.741,1.064,2.689
8474102,F,PK,MNFI,0,0,147.02,0.0,0.0,1.505
8474102,F,PK,FNFI,0,0,147.02,0.0,0.0,1.505
8477402,F,ES,MNFI,260,20,5692.17,2.741,2.418,3.095
8477402,F,ES,FNFI,70,0,5692.17,0.738,0.575,0.932
8477402,F,PP,MNFI,95,11,992.68,5.742,4.646,7.019
8477402,F,PP,FNFI,8,0,992.68,0.484,0.209,0.953
8477402,F,PK,MNFI,7,1,188.8,2.225,0.894,4.583
8477402,F,PK,FNFI,2,0,188.8,0.636,0.077,2.296
8475765,F,ES,MNFI,305,24,4932.18,3.71,3.306,4.151
8475765,F,ES,FNFI,58,2,4932.18,0.706,0.536,0.912
8475765,F,PP,MNFI,86,6,730.83,7.06,5.647,8.72
8475765,F,PP,FNFI,23,1,730.83,1.888,1.197,2.833
8475765,F,PK,MNFI,0,0,128.95,0.0,0.0,1.716
8475765,F,PK,FNFI,0,0,128.95,0.0,0.0,1.716
8476438,F,ES,MNFI,221,15,4557.72,2.909,2.538,3.319
8476438,F,ES,FNFI,69,3,4557.72,0.908,0.707,1.15
8476438,F,PP,MNFI,31,2,663.55,2.803,1.905,3.979
8476438,F,PP,FNFI,8,1,663.55,0.723,0.312,1.425
8476438,F,PK,MNFI,10,3,152.38,3.937,1.888,7.241
8476438,F,PK,FNFI,3,0,152.38,1.181,0.244,3.452
8475170,F,ES,MNFI,225,23,5598.23,2.411,2.107,2.748
8475170,F,ES,FNFI,48,0,5598.23,0.514,0.379,0.682
8475170,F,PP,MNFI,84,4,903.32,5.579,4.45,6.908
8475170,F,PP,FNFI,18,2,903.32,1.196,0.709,1.89
8475170,F,PK,MNFI,5,1,170.97,1.755,0.57,4.095
8475170,F,PK,FNFI,0,0,170.97,0.0,0.0,1.295
8479385,F,ES,MNFI,435,40,5608.27,4.654,4.227,5.112
8479385,F,ES,FNFI,202,8,5608.27,2.161,1.873,2.481
8479385,F,PP,MNFI,148,10,784.6,11.318,9.568,13.295
8479385,F,PP,FNFI,42,1,784.6,3.212,2.315,4.341
8479385,F,PK,MNFI,0,0,147.33,0.0,0.0,1.502
8479385,F,PK,FNFI,0,0,147.33,0.0,0.0,1.502
8480023,F,ES,MNFI,236,24,5707.27,2.481,2.175,2.819
8480023,F,ES,FNFI,40,0,5707.27,0.421,0.3,0.573
8480023,F,PP,MNFI,83,9,1002.67,4.967,3.956,6.157
8480023,F,PP,FNFI,24,2,1002.67,1.436,0.92,2.137
8480023,F,PK,MNFI,13,1,190.17,4.102,2.184,7.014
8480023,F,PK,FNFI,2,0,190.17,0.631,0.076,2.279
8475098,F,ES,MNFI,18,0,528.17,2.045,1.212,3.232
8475098,F,ES,FNFI,3,0,528.17,0.341,0.07,0.996
8475098,F,PP,MNFI,1,0,70.55,0.85,0.022,4.738
8475098,F,PP,FNFI,0,0,70.55,0.0,0.0,3.137
8475098,F,PK,MNFI,1,0,25.98,2.309,0.058,12.866
8475098,F,PK,FNFI,0,0,25.98,0.0,0.0,8.518
8475158,F,ES,MNFI,199,12,5637.9,2.118,1.834,2.433
8475158,F,ES,FNFI,33,0,5637.9,0.351,0.242,0.493
8475158,F,PP,MNFI,76,6,1125.27,4.052,3.193,5.072
8475158,F,PP,FNFI,4,0,1125.27,0.213,0.058,0.546
8475158,F,PK,MNFI,11,1,192.03,3.437,1.716,6.15
8475158,F,PK,FNFI,3,0,192.03,0.937,0.193,2.739
8474150,F,ES,MNFI,280,12,5798.58,2.897,2.568,3.257
8474150,F,ES,FNFI,115,1,5798.58,1.19,0.982,1.428
8474150,F,PP,MNFI,31,0,1076.18,1.728,1.174,2.453
8474150,F,PP,FNFI,10,0,1076.18,0.558,0.267,1.025
8474150,F,PK,MNFI,34,1,244.25,8.352,5.784,11.671
8474150,F,PK,FNFI,4,0,244.25,0.983,0.268,2.516
8476439,F,ES,MNFI,44,3,845.65,3.122,2.268,4.191
8476439,F,ES,FNFI,11,0,845.65,0.78,0.39,1.396
8476439,F,PP,MNFI,0,0,56.0,0.0,0.0,3.952
8476439,F,PP,FNFI,0,0,56.0,0.0,0.0,3.952
8476439,F,PK,MNFI,0,0,9.12,0.0,0.0,24.278
8476439,F,PK,FNFI,0,0,9.12,0.0,0.0,24.278
8479314,F,ES,MNFI,230,16,4829.75,2.857,2.5,3.251
8479314,F,ES,FNFI,59,0,4829.75,0.733,0.558,0.945
8479314,F,PP,MNFI,57,4,976.3,3.503,2.653,4.539
8479314,F,PP,FNFI,18,0,976.3,1.106,0.656,1.748
8479314,F,PK,MNFI,2,1,176.63,0.679,0.082,2.454
8479314,F,PK,FNFI,0,0,176.63,0.0,0.0,1.253
8478233,F,ES,MNFI,359,23,4689.9,4.593,4.13,5.093
8478233,F,ES,FNFI,53,0,4689.9,0.678,0.508,0.887
8478233,F,PP,MNFI,53,4,714.5,4.451,3.334,5.822
8478233,F,PP,FNFI,3,0,714.5,0.252,0.052,0.736
8478233,F,PK,MNFI,14,1,180.7,4.649,2.541,7.8
8478233,F,PK,FNFI,3,0,180.7,0.996,0.205,2.911
8473473,F,ES,MNFI,86,7,1719.47,3.001,2.4,3.706
8473473,F,ES,FNFI,23,1,1719.47,0.803,0.509,1.204
8473473,F,PP,MNFI,6,1,169.8,2.12,0.778,4.615
8473473,F,PP,FNFI,1,0,169.8,0.353,0.009,1.969
8473473,F,PK,MNFI,0,0,48.52,0.0,0.0,4.562
8473473,F,PK,FNFI,0,0,48.52,0.0,0.0,4.562
8479346,F,ES,MNFI,121,11,2257.77,3.216,2.668,3.842
8479346,F,ES,FNFI,34,0,2257.77,0.904,0.626,1.263
8479346,F,PP,MNFI,25,2,371.28,4.04,2.615,5.964
8479346,F,PP,FNFI,0,0,371.28,0.0,0.0,0.596
8479346,F,PK,MNFI,10,3,97.18,6.174,2.961,11.354
8479346,F,PK,FNFI,1,0,97.18,0.617,0.016,3.44
8477496,F,ES,MNFI,245,23,5689.62,2.584,2.27,2.928
8477496,F,ES,FNFI,100,4,5689.62,1.055,0.858,1.283
8477496,F,PP,MNFI,106,9,1168.18,5.444,4.457,6.585
8477496,F,PP,FNFI,9,1,1168.18,0.462,0.211,0.878
8477496,F,PK,MNFI,16,1,238.83,4.02,2.298,6.527
8477496,F,PK,FNFI,4,1,238.83,1.005,0.274,2.573
8477497,F,ES,MNFI,170,11,4113.67,2.48,2.121,2.882
8477497,F,ES,FNFI,59,0,4113.67,0.861,0.655,1.11
8477497,F,PP,MNFI,67,8,789.62,5.091,3.946,6.465
8477497,F,PP,FNFI,4,0,789.62,0.304,0.083,0.778
8477497,F,PK,MNFI,18,4,133.17,8.11,4.807,12.818
8477497,F,PK,FNFI,1,0,133.17,0.451,0.011,2.51
8476346,F,ES,MNFI,227,16,3823.78,3.562,3.114,4.057
8476346,F,ES,FNFI,46,0,3823.78,0.722,0.528,0.963
8476346,F,PP,MNFI,63,3,554.18,6.821,5.241,8.727
8476346,F,PP,FNFI,30,0,554.18,3.248,2.191,4.637
8476346,F,PK,MNFI,0,0,104.82,0.0,0.0,2.112
8476346,F,PK,FNFI,0,0,104.82,0.0,0.0,2.112
8473453,F,ES,MNFI,101,5,3017.97,2.008,1.636,2.44
8473453,F,ES,FNFI,56,0,3017.97,1.113,0.841,1.446
8473453,F,PP,MNFI,1,1,455.3,0.132,0.003,0.734
8473453,F,PP,FNFI,0,0,455.3,0.0,0.0,0.486
8473453,F,PK,MNFI,2,0,99.82,1.202,0.146,4.343
8473453,F,PK,FNFI,2,0,99.82,1.202,0.146,4.343
8478414,F,ES,MNFI,414,16,5954.75,4.171,3.779,4.593
8478414,F,ES,FNFI,149,4,5954.75,1.501,1.27,1.763
8478414,F,PP,MNFI,105,12,764.12,8.245,6.743,9.981
8478414,F,PP,FNFI,22,0,764.12,1.727,1.083,2.615
8478414,F,PK,MNFI,0,0,136.15,0.0,0.0,1.626
8478414,F,PK,FNFI,0,0,136.15,0.0,0.0,1.626
8478099,F,ES,MNFI,100,6,1937.62,3.097,2.52,3.766
8478099,F,ES,FNFI,45,1,1937.62,1.393,1.016,1.865
8478099,F,PP,MNFI,17,0,210.62,4.843,2.821,7.754
8478099,F,PP,FNFI,3,0,210.62,0.855,0.176,2.498
8478099,F,PK,MNFI,0,0,46.75,0.0,0.0,4.734
8478099,F,PK,FNFI,1,0,46.75,1.283,0.032,7.151
8474062,F,ES,MNFI,11,0,476.25,1.386,0.692,2.48
8474062,F,ES,FNFI,4,0,476.25,0.504,0.137,1.29
8474062,F,PP,MNFI,2,0,73.82,1.626,0.197,5.872
8474062,F,PP,FNFI,0,0,73.82,0.0,0.0,2.998
8474062,F,PK,MNFI,2,0,14.57,8.238,0.998,29.758
8474062,F,PK,FNFI,0,0,14.57,0.0,0.0,15.194
8474053,F,ES,MNFI,97,4,2468.48,2.358,1.912,2.876
8474053,F,ES,FNFI,19,0,2468.48,0.462,0.278,0.721
8474053,F,PP,MNFI,44,1,499.63,5.284,3.839,7.093
8474053,F,PP,FNFI,21,1,499.63,2.522,1.561,3.855
8474053,F,PK,MNFI,10,2,95.6,6.276,3.01,11.542
8474053,F,PK,FNFI,2,0,95.6,1.255,0.152,4.534
8474009,F,ES,MNFI,73,8,2296.77,1.907,1.495,2.398
8474009,F,ES,FNFI,20,0,2296.77,0.522,0.319,0.807
8474009,F,PP,MNFI,12,1,454.0,1.586,0.819,2.77
8474009,F,PP,FNFI,0,0,454.0,0.0,0.0,0.488
8474009,F,PK,MNFI,1,0,105.9,0.567,0.014,3.157
8474009,F,PK,FNFI,1,0,105.9,0.567,0.014,3.157
8476460,F,ES,MNFI,288,28,6596.8,2.619,2.326,2.94
8476460,F,ES,FNFI,42,0,6596.8,0.382,0.275,0.516
8476460,F,PP,MNFI,93,9,981.63,5.684,4.588,6.964
8476460,F,PP,FNFI,9,1,981.63,0.55,0.252,1.044
8476460,F,PK,MNFI,0,0,156.3,0.0,0.0,1.416
8476460,F,PK,FNFI,0,0,156.3,0.0,0.0,1.416
8471699,F,ES,MNFI,78,8,2284.97,2.048,1.619,2.556
8471699,F,ES,FNFI,32,0,2284.97,0.84,0.575,1.186
8471699,F,PP,MNFI,0,0,371.57,0.0,0.0,0.596
8471699,F,PP,FNFI,0,0,371.57,0.0,0.0,0.596
8471699,F,PK,MNFI,6,1,60.27,5.973,2.192,13.002
8471699,F,PK,FNFI,0,0,60.27,0.0,0.0,3.673
8482667,F,ES,MNFI,117,5,3764.27,1.865,1.542,2.235
8482667,F,ES,FNFI,35,0,3764.27,0.558,0.389,0.776
8482667,F,PP,MNFI,48,2,661.7,4.352,3.209,5.771
8482667,F,PP,FNFI,7,0,661.7,0.635,0.255,1.308
8482667,F,PK,MNFI,5,1,120.05,2.499,0.811,5.832
8482667,F,PK,FNFI,0,0,120.05,0.0,0.0,1.844
8481061,F,ES,MNFI,20,1,486.38,2.467,1.507,3.81
8481061,F,ES,FNFI,5,0,486.38,0.617,0.2,1.439
8481061,F,PP,MNFI,1,0,57.2,1.049,0.027,5.844
8481061,F,PP,FNFI,0,0,57.2,0.0,0.0,3.869
8481061,F,PK,MNFI,1,0,20.37,2.946,0.075,16.414
8481061,F,PK,FNFI,0,0,20.37,0.0,0.0,10.867
8478870,F,ES,MNFI,52,4,954.65,3.268,2.441,4.286
8478870,F,ES,FNFI,14,1,954.65,0.88,0.481,1.476
8478870,F,PP,MNFI,2,0,106.8,1.124,0.136,4.059
8478870,F,PP,FNFI,0,0,106.8,0.0,0.0,2.072
8478870,F,PK,MNFI,2,0,24.95,4.81,0.582,17.374
8478870,F,PK,FNFI,0,0,24.95,0.0,0.0,8.871
8476881,F,ES,MNFI,237,14,5601.97,2.538,2.225,2.883
8476881,F,ES,FNFI,71,3,5601.97,0.76,0.594,0.959
8476881,F,PP,MNFI,112,14,968.2,6.941,5.715,8.351
8476881,F,PP,FNFI,5,0,968.2,0.31,0.101,0.723
8476881,F,PK,MNFI,7,1,167.57,2.506,1.008,5.164
8476881,F,PK,FNFI,1,0,167.57,0.358,0.009,1.995
8478424,F,ES,MNFI,96,4,2189.82,2.63,2.131,3.212
8478424,F,ES,FNFI,31,1,2189.82,0.849,0.577,1.206
8478424,F,PP,MNFI,1,0,178.87,0.335,0.008,1.869
8478424,F,PP,FNFI,0,0,178.87,0.0,0.0,1.237
8478424,F,PK,MNFI,2,0,32.28,3.717,0.45,13.427
8478424,F,PK,FNFI,0,0,32.28,0.0,0.0,6.856
8478967,F,ES,MNFI,22,0,605.85,2.179,1.365,3.299
8478967,F,ES,FNFI,5,0,605.85,0.495,0.161,1.156
8478967,F,PP,MNFI,1,0,60.85,0.986,0.025,5.494
8478967,F,PP,FNFI,1,0,60.85,0.986,0.025,5.494
8478967,F,PK,MNFI,0,0,11.55,0.0,0.0,19.163
8478967,F,PK,FNFI,0,0,11.55,0.0,0.0,19.163
8479373,F,ES,MNFI,44,4,736.43,3.585,2.605,4.812
8479373,F,ES,FNFI,5,0,736.43,0.407,0.132,0.951
8479373,F,PP,MNFI,13,0,83.53,9.338,4.972,15.968
8479373,F,PP,FNFI,1,0,83.53,0.718,0.018,4.002
8479373,F,PK,MNFI,0,0,22.23,0.0,0.0,9.955
8479373,F,PK,FNFI,0,0,22.23,0.0,0.0,9.955
8476442,F,ES,MNFI,73,5,2303.05,1.902,1.491,2.391
8476442,F,ES,FNFI,36,1,2303.05,0.938,0.657,1.298
8476442,F,PP,MNFI,1,0,356.47,0.168,0.004,0.938
8476442,F,PP,FNFI,0,0,356.47,0.0,0.0,0.621
8476442,F,PK,MNFI,2,0,56.52,2.123,0.257,7.67
8476442,F,PK,FNFI,2,0,56.52,2.123,0.257,7.67
8479318,F,ES,MNFI,455,37,5832.1,4.681,4.261,5.132
8479318,F,ES,FNFI,180,11,5832.1,1.852,1.591,2.143
8479318,F,PP,MNFI,165,20,996.03,9.939,8.481,11.577
8479318,F,PP,FNFI,55,3,996.03,3.313,2.496,4.313
8479318,F,PK,MNFI,10,1,196.27,3.057,1.466,5.622
8479318,F,PK,FNFI,1,1,196.27,0.306,0.008,1.703
8478067,F,ES,MNFI,77,2,1614.7,2.861,2.258,3.576
8478067,F,ES,FNFI,19,0,1614.7,0.706,0.425,1.103
8478067,F,PP,MNFI,5,0,203.65,1.473,0.478,3.438
8478067,F,PP,FNFI,1,0,203.65,0.295,0.007,1.642
8478067,F,PK,MNFI,2,0,50.62,2.371,0.287,8.564
8478067,F,PK,FNFI,0,0,50.62,0.0,0.0,4.373
8476399,F,ES,MNFI,299,14,5328.85,3.367,2.996,3.771
8476399,F,ES,FNFI,121,2,5328.85,1.362,1.13,1.628
8476399,F,PP,MNFI,17,0,782.73,1.303,0.759,2.086
8476399,F,PP,FNFI,5,0,782.73,0.383,0.124,0.894
8476399,F,PK,MNFI,27,4,194.48,8.33,5.489,12.119
8476399,F,PK,FNFI,4,0,194.48,1.234,0.336,3.16
8480011,F,ES,MNFI,85,9,1728.4,2.951,2.357,3.649
8480011,F,ES,FNFI,23,1,1728.4,0.798,0.506,1.198
8480011,F,PP,MNFI,2,0,126.4,0.949,0.115,3.429
8480011,F,PP,FNFI,1,0,126.4,0.475,0.012,2.645
8480011,F,PK,MNFI,0,0,22.95,0.0,0.0,9.644
8480011,F,PK,FNFI,0,0,22.95,0.0,0.0,9.644
8478444,F,ES,MNFI,302,13,5522.42,3.281,2.922,3.673
8478444,F,ES,FNFI,106,3,5522.42,1.152,0.943,1.393
8478444,F,PP,MNFI,117,16,948.67,7.4,6.12,8.869
8478444,F,PP,FNFI,17,1,948.67,1.075,0.626,1.721
8478444,F,PK,MNFI,1,0,171.1,0.351,0.009,1.954
8478444,F,PK,FNFI,0,0,171.1,0.0,0.0,1.294
8474884,F,ES,MNFI,87,6,2584.95,2.019,1.617,2.491
8474884,F,ES,FNFI,38,1,2584.95,0.882,0.624,1.211
8474884,F,PP,MNFI,33,0,363.53,5.447,3.749,7.649
8474884,F,PP,FNFI,15,0,363.53,2.476,1.386,4.083
8474884,F,PK,MNFI,0,0,81.8,0.0,0.0,2.706
8474884,F,PK,FNFI,0,0,81.8,0.0,0.0,2.706
8482475,F,ES,MNFI,210,17,2927.85,4.303,3.741,4.927
8482475,F,ES,FNFI,93,6,2927.85,1.906,1.538,2.335
8482475,F,PP,MNFI,31,2,355.48,5.232,3.555,7.427
8482475,F,PP,FNFI,23,2,355.48,3.882,2.461,5.825
8482475,F,PK,MNFI,1,0,84.05,0.714,0.018,3.977
8482475,F,PK,FNFI,0,0,84.05,0.0,0.0,2.633
8479390,F,ES,MNFI,150,8,4362.1,2.063,1.746,2.421
8479390,F,ES,FNFI,32,1,4362.1,0.44,0.301,0.621
8479390,F,PP,MNFI,31,1,604.4,3.077,2.091,4.368
8479390,F,PP,FNFI,3,0,604.4,0.298,0.061,0.87
8479390,F,PK,MNFI,6,1,126.58,2.844,1.044,6.19
8479390,F,PK,FNFI,0,0,126.58,0.0,0.0,1.749
8478975,F,ES,MNFI,262,23,4409.85,3.565,3.146,4.024
8478975,F,ES,FNFI,69,1,4409.85,0.939,0.73,1.188
8478975,F,PP,MNFI,39,2,614.32,3.809,2.709,5.207
8478975,F,PP,FNFI,7,1,614.32,0.684,0.275,1.409
8478975,F,PK,MNFI,0,0,103.3,0.0,0.0,2.143
8478975,F,PK,FNFI,0,0,103.3,0.0,0.0,2.143
8481068,F,ES,MNFI,254,19,5033.65,3.028,2.667,3.424
8481068,F,ES,FNFI,118,5,5033.65,1.407,1.164,1.684
8481068,F,PP,MNFI,65,6,824.43,4.731,3.651,6.029
8481068,F,PP,FNFI,16,0,824.43,1.164,0.666,1.891
8481068,F,PK,MNFI,19,1,187.03,6.095,3.67,9.518
8481068,F,PK,FNFI,3,0,187.03,0.962,0.198,2.813
8476826,F,ES,MNFI,155,9,5184.93,1.794,1.522,2.099
8476826,F,ES,FNFI,70,1,5184.93,0.81,0.631,1.023
8476826,F,PP,MNFI,19,1,905.63,1.259,0.758,1.966
8476826,F,PP,FNFI,2,0,905.63,0.133,0.016,0.479
8476826,F,PK,MNFI,14,2,174.03,4.827,2.639,8.098
8476826,F,PK,FNFI,4,0,174.03,1.379,0.376,3.531
8477492,F,ES,MNFI,470,39,6781.12,4.159,3.791,4.552
8477492,F,ES,FNFI,223,10,6781.12,1.973,1.723,2.25
8477492,F,PP,MNFI,131,6,1204.28,6.527,5.457,7.745
8477492,F,PP,FNFI,91,3,1204.28,4.534,3.65,5.567
8477492,F,PK,MNFI,1,0,181.97,0.33,0.008,1.837
8477492,F,PK,FNFI,0,0,181.97,0.0,0.0,1.216
8477839,F,ES,MNFI,150,11,3360.73,2.678,2.267,3.142
8477839,F,ES,FNFI,37,1,3360.73,0.661,0.465,0.911
8477839,F,PP,MNFI,12,2,462.65,1.556,0.804,2.718
8477839,F,PP,FNFI,0,0,462.65,0.0,0.0,0.478
8477839,F,PK,MNFI,8,2,122.43,3.921,1.693,7.725
8477839,F,PK,FNFI,0,0,122.43,0.0,0.0,1.808
8481580,F,ES,MNFI,169,9,3871.02,2.619,2.239,3.046
8481580,F,ES,FNFI,40,4,3871.02,0.62,0.443,0.844
8481580,F,PP,MNFI,18,4,613.68,1.76,1.043,2.781
8481580,F,PP,FNFI,3,0,613.68,0.293,0.06,0.857
8481580,F,PK,MNFI,4,0,122.2,1.964,0.535,5.029
8481580,F,PK,FNFI,1,0,122.2,0.491,0.012,2.736
8479356,F,ES,MNFI,59,2,957.52,3.697,2.814,4.769
8479356,F,ES,FNFI,18,1,957.52,1.128,0.668,1.783
8479356,F,PP,MNFI,8,0,56.08,8.559,3.695,16.864
8479356,F,PP,FNFI,1,0,56.08,1.07,0.027,5.961
8479356,F,PK,MNFI,0,0,14.08,0.0,0.0,15.716
8479356,F,PK,FNFI,0,0,14.08,0.0,0.0,15.716
8474709,F,ES,MNFI,80,4,2328.93,2.061,1.634,2.565
8474709,F,ES,FNFI,19,1,2328.93,0.489,0.295,0.764
8474709,F,PP,MNFI,0,0,136.52,0.0,0.0,1.621
8474709,F,PP,FNFI,0,0,136.52,0.0,0.0,1.621
8474709,F,PK,MNFI,0,0,25.2,0.0,0.0,8.783
8474709,F,PK,FNFI,0,0,25.2,0.0,0.0,8.783
8480845,F,ES,MNFI,62,2,1905.27,1.952,1.497,2.503
8480845,F,ES,FNFI,24,1,1905.27,0.756,0.484,1.125
8480845,F,PP,MNFI,0,0,241.43,0.0,0.0,0.917
8480845,F,PP,FNFI,0,0,241.43,0.0,0.0,0.917
8480845,F,PK,MNFI,1,0,41.62,1.442,0.037,8.033
8480845,F,PK,FNFI,1,0,41.62,1.442,0.037,8.033
8479336,F,ES,MNFI,129,7,2532.07,3.057,2.552,3.632
8479336,F,ES,FNFI,47,1,2532.07,1.114,0.818,1.481
8479336,F,PP,MNFI,3,1,229.77,0.783,0.162,2.289
8479336,F,PP,FNFI,0,0,229.77,0.0,0.0,0.963
8479336,F,PK,MNFI,0,0,42.98,0.0,0.0,5.149
8479336,F,PK,FNFI,0,0,42.98,0.0,0.0,5.149
8478438,F,ES,MNFI,178,9,3314.87,3.222,2.766,3.731
8478438,F,ES,FNFI,42,1,3314.87,0.76,0.548,1.028
8478438,F,PP,MNFI,46,8,460.18,5.998,4.391,8.0
8478438,F,PP,FNFI,11,2,460.18,1.434,0.716,2.566
8478438,F,PK,MNFI,0,0,105.93,0.0,0.0,2.089
8478438,F,PK,FNFI,1,0,105.93,0.566,0.014,3.156
8475178,F,ES,MNFI,24,1,1058.98,1.36,0.871,2.023
8475178,F,ES,FNFI,10,0,1058.98,0.567,0.272,1.042
8475178,F,PP,MNFI,2,1,73.25,1.638,0.198,5.918
8475178,F,PP,FNFI,0,0,73.25,0.0,0.0,3.022
8475178,F,PK,MNFI,0,0,15.57,0.0,0.0,14.218
8475178,F,PK,FNFI,0,0,15.57,0.0,0.0,14.218
8479351,F,ES,MNFI,151,10,4299.05,2.107,1.785,2.472
8479351,F,ES,FNFI,61,1,4299.05,0.851,0.651,1.094
8479351,F,PP,MNFI,10,1,604.93,0.992,0.476,1.824
8479351,F,PP,FNFI,1,0,604.93,0.099,0.003,0.553
8479351,F,PK,MNFI,7,1,109.35,3.841,1.544,7.914
8479351,F,PK,FNFI,4,0,109.35,2.195,0.598,5.62
8476913,F,ES,MNFI,61,3,1396.75,2.62,2.004,3.366
8476913,F,ES,FNFI,19,0,1396.75,0.816,0.491,1.275
8476913,F,PP,MNFI,1,0,109.12,0.55,0.014,3.064
8476913,F,PP,FNFI,0,0,109.12,0.0,0.0,2.028
8476913,F,PK,MNFI,0,0,25.72,0.0,0.0,8.607
8476913,F,PK,FNFI,0,0,25.72,0.0,0.0,8.607
8479353,F,ES,MNFI,137,12,3663.4,2.244,1.884,2.653
8479353,F,ES,FNFI,16,1,3663.4,0.262,0.15,0.426
8479353,F,PP,MNFI,1,0,389.7,0.154,0.004,0.858
8479353,F,PP,FNFI,0,0,389.7,0.0,0.0,0.568
8479353,F,PK,MNFI,2,0,79.18,1.515,0.184,5.474
8479353,F,PK,FNFI,1,0,79.18,0.758,0.019,4.222
8477478,F,ES,MNFI,127,8,2856.58,2.668,2.224,3.174
8477478,F,ES,FNFI,26,1,2856.58,0.546,0.357,0.8
8477478,F,PP,MNFI,1,0,207.35,0.289,0.007,1.612
8477478,F,PP,FNFI,0,0,207.35,0.0,0.0,1.067
8477478,F,PK,MNFI,0,0,36.63,0.0,0.0,6.042
8477478,F,PK,FNFI,0,0,36.63,0.0,0.0,6.042
8478462,F,ES,MNFI,207,18,4510.43,2.754,2.391,3.155
8478462,F,ES,FNFI,50,1,4510.43,0.665,0.494,0.877
8478462,F,PP,MNFI,21,0,761.03,1.656,1.025,2.531
8478462,F,PP,FNFI,2,0,761.03,0.158,0.019,0.57
8478462,F,PK,MNFI,8,0,157.73,3.043,1.314,5.996
8478462,F,PK,FNFI,1,0,157.73,0.38,0.01,2.119
8480801,F,ES,MNFI,284,18,5533.45,3.079,2.732,3.459
8480801,F,ES,FNFI,84,0,5533.45,0.911,0.727,1.128
8480801,F,PP,MNFI,109,6,1016.23,6.436,5.284,7.763
8480801,F,PP,FNFI,29,0,1016.23,1.712,1.147,2.459
8480801,F,PK,MNFI,0,0,181.2,0.0,0.0,1.221
8480801,F,PK,FNFI,0,0,181.2,0.0,0.0,1.221
8475752,F,ES,MNFI,83,4,1512.23,3.293,2.623,4.082
8475752,F,ES,FNFI,18,0,1512.23,0.714,0.423,1.129
8475752,F,PP,MNFI,0,0,97.27,0.0,0.0,2.276
8475752,F,PP,FNFI,0,0,97.27,0.0,0.0,2.276
8475752,F,PK,MNFI,1,0,26.88,2.232,0.057,12.435
8475752,F,PK,FNFI,0,0,26.88,0.0,0.0,8.233
8480185,F,ES,MNFI,213,14,4927.28,2.594,2.257,2.966
8480185,F,ES,FNFI,35,0,4927.28,0.426,0.297,0.593
8480185,F,PP,MNFI,12,1,882.12,0.816,0.422,1.426
8480185,F,PP,FNFI,0,0,882.12,0.0,0.0,0.251
8480185,F,PK,MNFI,14,1,200.6,4.187,2.289,7.026
8480185,F,PK,FNFI,4,0,200.6,1.196,0.326,3.063
8478440,F,ES,MNFI,230,18,5604.58,2.462,2.154,2.802
8478440,F,ES,FNFI,52,4,5604.58,0.557,0.416,0.73
8478440,F,PP,MNFI,55,4,869.65,3.795,2.859,4.939
8478440,F,PP,FNFI,16,3,869.65,1.104,0.631,1.793
8478440,F,PK,MNFI,0,0,171.77,0.0,0.0,1.289
8478440,F,PK,FNFI,0,0,171.77,0.0,0.0,1.289
8477846,F,ES,MNFI,40,4,1468.93,1.634,1.167,2.225
8477846,F,ES,FNFI,9,0,1468.93,0.368,0.168,0.698
8477846,F,PP,MNFI,3,0,223.65,0.805,0.166,2.352
8477846,F,PP,FNFI,0,0,223.65,0.0,0.0,0.99
8477846,F,PK,MNFI,1,0,34.03,1.763,0.045,9.823
8477846,F,PK,FNFI,0,0,34.03,0.0,0.0,6.503
8477947,F,ES,MNFI,80,5,2399.87,2.0,1.586,2.489
8477947,F,ES,FNFI,14,0,2399.87,0.35,0.191,0.587
8477947,F,PP,MNFI,5,0,253.47,1.184,0.384,2.762
8477947,F,PP,FNFI,3,0,253.47,0.71,0.146,2.075
8477947,F,PK,MNFI,0,0,56.53,0.0,0.0,3.915
8477947,F,PK,FNFI,0,0,56.53,0.0,0.0,3.915
8476952,F,ES,MNFI,36,4,815.33,2.649,1.855,3.668
8476952,F,ES,FNFI,7,0,815.33,0.515,0.207,1.061
8476952,F,PP,MNFI,0,0,111.08,0.0,0.0,1.992
8476952,F,PP,FNFI,0,0,111.08,0.0,0.0,1.992
8476952,F,PK,MNFI,2,0,19.13,6.272,0.76,22.656
8476952,F,PK,FNFI,0,0,19.13,0.0,0.0,11.568
8477401,F,ES,MNFI,39,1,796.93,2.936,2.088,4.014
8477401,F,ES,FNFI,21,0,796.93,1.581,0.979,2.417
8477401,F,PP,MNFI,0,0,64.5,0.0,0.0,3.432
8477401,F,PP,FNFI,0,0,64.5,0.0,0.0,3.432
8477401,F,PK,MNFI,0,0,13.22,0.0,0.0,16.746
8477401,F,PK,FNFI,1,0,13.22,4.54,0.115,25.294
8477406,F,ES,MNFI,73,6,3685.53,1.188,0.932,1.494
8477406,F,ES,FNFI,18,0,3685.53,0.293,0.174,0.463
8477406,F,PP,MNFI,0,0,488.25,0.0,0.0,0.453
8477406,F,PP,FNFI,0,0,488.25,0.0,0.0,0.453
8477406,F,PK,MNFI,7,0,93.63,4.486,1.803,9.242
8477406,F,PK,FNFI,0,0,93.63,0.0,0.0,2.364
8479772,F,ES,MNFI,72,4,1610.85,2.682,2.098,3.377
8479772,F,ES,FNFI,28,0,1610.85,1.043,0.693,1.507
8479772,F,PP,MNFI,1,0,107.03,0.561,0.014,3.123
8479772,F,PP,FNFI,0,0,107.03,0.0,0.0,2.068
8479772,F,PK,MNFI,0,0,28.12,0.0,0.0,7.872
8479772,F,PK,FNFI,0,0,28.12,0.0,0.0,7.872
8475714,F,ES,MNFI,133,14,3021.55,2.641,2.211,3.13
8475714,F,ES,FNFI,26,0,3021.55,0.516,0.337,0.756
8475714,F,PP,MNFI,26,4,582.27,2.679,1.75,3.926
8475714,F,PP,FNFI,1,0,582.27,0.103,0.003,0.574
8475714,F,PK,MNFI,7,0,111.15,3.779,1.519,7.786
8475714,F,PK,FNFI,0,0,111.15,0.0,0.0,1.991
8482222,F,ES,MNFI,98,3,2714.93,2.166,1.758,2.639
8482222,F,ES,FNFI,19,1,2714.93,0.42,0.253,0.656
8482222,F,PP,MNFI,27,1,319.08,5.077,3.346,7.387
8482222,F,PP,FNFI,3,0,319.08,0.564,0.116,1.649
8482222,F,PK,MNFI,0,0,76.77,0.0,0.0,2.883
8482222,F,PK,FNFI,0,0,76.77,0.0,0.0,2.883
8479546,F,ES,MNFI,28,3,513.65,3.271,2.173,4.727
8479546,F,ES,FNFI,5,0,513.65,0.584,0.19,1.363
8479546,F,PP,MNFI,0,0,37.02,0.0,0.0,5.979
8479546,F,PP,FNFI,0,0,37.02,0.0,0.0,5.979
8479546,F,PK,MNFI,0,0,6.13,0.0,0.0,36.087
8479546,F,PK,FNFI,0,0,6.13,0.0,0.0,36.087
8480021,F,ES,MNFI,36,2,947.85,2.279,1.596,3.155
8480021,F,ES,FNFI,10,0,947.85,0.633,0.304,1.164
8480021,F,PP,MNFI,1,0,113.68,0.528,0.013,2.941
8480021,F,PP,FNFI,0,0,113.68,0.0,0.0,1.947
8480021,F,PK,MNFI,0,0,18.2,0.0,0.0,12.161
8480021,F,PK,FNFI,0,0,18.2,0.0,0.0,12.161
8481147,F,ES,MNFI,49,3,1302.6,2.257,1.67,2.984
8481147,F,ES,FNFI,16,0,1302.6,0.737,0.421,1.197
8481147,F,PP,MNFI,0,0,162.6,0.0,0.0,1.361
8481147,F,PP,FNFI,0,0,162.6,0.0,0.0,1.361
8481147,F,PK,MNFI,2,0,36.53,3.285,0.398,11.865
8481147,F,PK,FNFI,0,0,36.53,0.0,0.0,6.058
8477473,F,ES,MNFI,20,1,702.75,1.708,1.043,2.637
8477473,F,ES,FNFI,17,1,702.75,1.451,0.846,2.324
8477473,F,PP,MNFI,2,0,73.07,1.642,0.199,5.933
8477473,F,PP,FNFI,0,0,73.07,0.0,0.0,3.029
8477473,F,PK,MNFI,0,0,13.95,0.0,0.0,15.866
8477473,F,PK,FNFI,0,0,13.95,0.0,0.0,15.866
8479514,F,ES,MNFI,42,2,1439.62,1.75,1.262,2.366
8479514,F,ES,FNFI,4,0,1439.62,0.167,0.045,0.427
8479514,F,PP,MNFI,3,0,212.03,0.849,0.175,2.481
8479514,F,PP,FNFI,1,0,212.03,0.283,0.007,1.577
8479514,F,PK,MNFI,1,0,40.55,1.48,0.037,8.244
8479514,F,PK,FNFI,0,0,40.55,0.0,0.0,5.458
8475842,F,ES,MNFI,77,3,3349.93,1.379,1.088,1.724
8475842,F,ES,FNFI,39,1,3349.93,0.699,0.497,0.955
8475842,F,PP,MNFI,6,0,452.5,0.796,0.292,1.732
8475842,F,PP,FNFI,0,0,452.5,0.0,0.0,0.489
8475842,F,PK,MNFI,3,0,92.95,1.937,0.399,5.659
8475842,F,PK,FNFI,2,0,92.95,1.291,0.156,4.664
8477508,F,ES,MNFI,81,7,2767.4,1.756,1.395,2.183
8477508,F,ES,FNFI,17,0,2767.4,0.369,0.215,0.59
8477508,F,PP,MNFI,0,0,352.9,0.0,0.0,0.627
8477508,F,PP,FNFI,0,0,352.9,0.0,0.0,0.627
8477508,F,PK,MNFI,6,0,59.07,6.095,2.237,13.266
8477508,F,PK,FNFI,1,0,59.07,1.016,0.026,5.66
8480027,F,ES,MNFI,402,30,6166.53,3.911,3.538,4.313
8480027,F,ES,FNFI,139,11,6166.53,1.352,1.137,1.597
8480027,F,PP,MNFI,147,14,946.7,9.317,7.871,10.95
8480027,F,PP,FNFI,81,4,946.7,5.134,4.077,6.381
8480027,F,PK,MNFI,0,0,161.63,0.0,0.0,1.369
8480027,F,PK,FNFI,0,0,161.63,0.0,0.0,1.369
8478057,F,ES,MNFI,94,8,2976.87,1.895,1.531,2.319
8478057,F,ES,FNFI,16,0,2976.87,0.322,0.184,0.524
8478057,F,PP,MNFI,0,0,374.72,0.0,0.0,0.591
8478057,F,PP,FNFI,0,0,374.72,0.0,0.0,0.591
8478057,F,PK,MNFI,2,0,75.3,1.594,0.193,5.757
8478057,F,PK,FNFI,0,0,75.3,0.0,0.0,2.939
8477887,F,ES,MNFI,43,3,1276.57,2.021,1.463,2.722
8477887,F,ES,FNFI,22,0,1276.57,1.034,0.648,1.566
8477887,F,PP,MNFI,0,0,178.63,0.0,0.0,1.239
8477887,F,PP,FNFI,0,0,178.63,0.0,0.0,1.239
8477887,F,PK,MNFI,2,0,37.3,3.217,0.39,11.621
8477887,F,PK,FNFI,2,0,37.3,3.217,0.39,11.621
8480980,F,ES,MNFI,141,12,3065.48,2.76,2.323,3.255
8480980,F,ES,FNFI,53,2,3065.48,1.037,0.777,1.357
8480980,F,PP,MNFI,3,0,533.02,0.338,0.07,0.987
8480980,F,PP,FNFI,0,0,533.02,0.0,0.0,0.415
8480980,F,PK,MNFI,21,3,84.72,14.873,9.207,22.735
8480980,F,PK,FNFI,5,0,84.72,3.541,1.15,8.264
8481517,F,ES,MNFI,90,6,2305.22,2.343,1.884,2.879
8481517,F,ES,FNFI,55,1,2305.22,1.432,1.078,1.863
8481517,F,PP,MNFI,2,1,302.92,0.396,0.048,1.431
8481517,F,PP,FNFI,0,0,302.92,0.0,0.0,0.731
8481517,F,PK,MNFI,8,2,44.05,10.897,4.704,21.471
8481517,F,PK,FNFI,2,0,44.05,2.724,0.33,9.841
8480849,F,ES,MNFI,177,7,4250.45,2.499,2.144,2.895
8480849,F,ES,FNFI,52,1,4250.45,0.734,0.548,0.963
8480849,F,PP,MNFI,41,2,767.17,3.207,2.301,4.35
8480849,F,PP,FNFI,6,0,767.17,0.469,0.172,1.021
8480849,F,PK,MNFI,3,0,119.72,1.504,0.31,4.394
8480849,F,PK,FNFI,1,0,119.72,0.501,0.013,2.792
8479580,F,ES,MNFI,51,1,1191.67,2.568,1.912,3.376
8479580,F,ES,FNFI,8,0,1191.67,0.403,0.174,0.794
8479580,F,PP,MNFI,0,0,203.22,0.0,0.0,1.089
8479580,F,PP,FNFI,0,0,203.22,0.0,0.0,1.089
8479580,F,PK,MNFI,2,0,45.9,2.614,0.317,9.444
8479580,F,PK,FNFI,1,0,45.9,1.307,0.033,7.283
8480007,F,ES,MNFI,30,1,755.38,2.383,1.608,3.402
8480007,F,ES,FNFI,9,0,755.38,0.715,0.327,1.357
8480007,F,PP,MNFI,0,0,59.18,0.0,0.0,3.74
8480007,F,PP,FNFI,0,0,59.18,0.0,0.0,3.74
8480007,F,PK,MNFI,1,0,14.5,4.138,0.105,23.055
8480007,F,PK,FNFI,0,0,14.5,0.0,0.0,15.264
8480813,F,ES,MNFI,122,12,3979.68,1.839,1.527,2.196
8480813,F,ES,FNFI,34,0,3979.68,0.513,0.355,0.716
8480813,F,PP,MNFI,6,0,480.07,0.75,0.275,1.632
8480813,F,PP,FNFI,0,0,480.07,0.0,0.0,0.461
8480813,F,PK,MNFI,5,0,99.42,3.018,0.98,7.042
8480813,F,PK,FNFI,0,0,99.42,0.0,0.0,2.226
8471675,F,ES,MNFI,226,21,6189.08,2.191,1.915,2.496
8471675,F,ES,FNFI,45,0,6189.08,0.436,0.318,0.584
8471675,F,PP,MNFI,79,4,985.38,4.81,3.808,5.995
8471675,F,PP,FNFI,32,2,985.38,1.948,1.333,2.751
8471675,F,PK,MNFI,0,0,197.15,0.0,0.0,1.123
8471675,F,PK,FNFI,0,0,197.15,0.0,0.0,1.123
8479981,F,ES,MNFI,40,2,1297.7,1.849,1.321,2.518
8479981,F,ES,FNFI,10,0,1297.7,0.462,0.222,0.85
8479981,F,PP,MNFI,0,0,61.93,0.0,0.0,3.574
8479981,F,PP,FNFI,0,0,61.93,0.0,0.0,3.574
8479981,F,PK,MNFI,0,0,9.02,0.0,0.0,24.547
8479981,F,PK,FNFI,0,0,9.02,0.0,0.0,24.547
8482093,F,ES,MNFI,219,22,5153.45,2.55,2.223,2.911
8482093,F,ES,FNFI,49,1,5153.45,0.57,0.422,0.754
8482093,F,PP,MNFI,58,4,962.7,3.615,2.745,4.673
8482093,F,PP,FNFI,18,0,962.7,1.122,0.665,1.773
8482093,F,PK,MNFI,14,2,225.7,3.722,2.035,6.244
8482093,F,PK,FNFI,1,0,225.7,0.266,0.007,1.481
8479968,F,ES,MNFI,34,0,1017.07,2.006,1.389,2.803
8479968,F,ES,FNFI,14,1,1017.07,0.826,0.452,1.386
8479968,F,PP,MNFI,5,0,101.55,2.954,0.959,6.894
8479968,F,PP,FNFI,2,0,101.55,1.182,0.143,4.269
8479968,F,PK,MNFI,0,0,26.03,0.0,0.0,8.502
8479968,F,PK,FNFI,0,0,26.03,0.0,0.0,8.502
8479543,F,ES,MNFI,59,5,1519.22,2.33,1.774,3.006
8479543,F,ES,FNFI,22,1,1519.22,0.869,0.545,1.315
8479543,F,PP,MNFI,0,0,111.23,0.0,0.0,1.99
8479543,F,PP,FNFI,0,0,111.23,0.0,0.0,1.99
8479543,F,PK,MNFI,1,0,18.95,3.166,0.08,17.641
8479543,F,PK,FNFI,0,0,18.95,0.0,0.0,11.68
8480748,F,ES,MNFI,128,8,3092.07,2.484,2.072,2.953
8480748,F,ES,FNFI,72,2,3092.07,1.397,1.093,1.759
8480748,F,PP,MNFI,21,2,448.27,2.811,1.74,4.297
8480748,F,PP,FNFI,4,0,448.27,0.535,0.146,1.371
8480748,F,PK,MNFI,5,1,93.52,3.208,1.042,7.486
8480748,F,PK,FNFI,1,0,93.52,0.642,0.016,3.575
8475766,F,ES,MNFI,58,7,1595.57,2.181,1.656,2.82
8475766,F,ES,FNFI,19,1,1595.57,0.714,0.43,1.116
8475766,F,PP,MNFI,0,0,222.08,0.0,0.0,0.997
8475766,F,PP,FNFI,0,0,222.08,0.0,0.0,0.997
8475766,F,PK,MNFI,3,1,54.9,3.279,0.676,9.582
8475766,F,PK,FNFI,1,0,54.9,1.093,0.028,6.089
8482125,F,ES,MNFI,72,6,1932.1,2.236,1.749,2.816
8482125,F,ES,FNFI,28,2,1932.1,0.87,0.578,1.257
8482125,F,PP,MNFI,18,0,200.4,5.389,3.194,8.517
8482125,F,PP,FNFI,3,0,200.4,0.898,0.185,2.625
8482125,F,PK,MNFI,0,0,45.1,0.0,0.0,4.908
8482125,F,PK,FNFI,0,0,45.1,0.0,0.0,4.908
8476960,F,ES,MNFI,69,7,1836.65,2.254,1.754,2.853
8476960,F,ES,FNFI,29,0,1836.65,0.947,0.634,1.361
8476960,F,PP,MNFI,15,0,242.27,3.715,2.079,6.127
8476960,F,PP,FNFI,9,0,242.27,2.229,1.019,4.231
8476960,F,PK,MNFI,0,0,53.35,0.0,0.0,4.149
8476960,F,PK,FNFI,0,0,53.35,0.0,0.0,4.149
8478831,F,ES,MNFI,85,7,3188.7,1.599,1.278,1.978
8478831,F,ES,FNFI,43,0,3188.7,0.809,0.586,1.09
8478831,F,PP,MNFI,1,0,608.35,0.099,0.002,0.55
8478831,F,PP,FNFI,1,0,608.35,0.099,0.002,0.55
8478831,F,PK,MNFI,9,2,113.03,4.777,2.185,9.069
8478831,F,PK,FNFI,5,0,113.03,2.654,0.862,6.194
8480802,F,ES,MNFI,161,6,4433.28,2.179,1.855,2.543
8480802,F,ES,FNFI,41,1,4433.28,0.555,0.398,0.753
8480802,F,PP,MNFI,14,1,846.0,0.993,0.543,1.666
8480802,F,PP,FNFI,1,0,846.0,0.071,0.002,0.395
8480802,F,PK,MNFI,11,1,183.03,3.606,1.8,6.452
8480802,F,PK,FNFI,4,0,183.03,1.311,0.357,3.357
8480003,F,ES,MNFI,131,12,3466.78,2.267,1.896,2.69
8480003,F,ES,FNFI,39,3,3466.78,0.675,0.48,0.923
8480003,F,PP,MNFI,1,0,356.4,0.168,0.004,0.938
8480003,F,PP,FNFI,1,0,356.4,0.168,0.004,0.938
8480003,F,PK,MNFI,3,0,78.93,2.28,0.47,6.664
8480003,F,PK,FNFI,0,0,78.93,0.0,0.0,2.804
8481032,F,ES,MNFI,150,7,3294.82,2.732,2.312,3.205
8481032,F,ES,FNFI,33,1,3294.82,0.601,0.414,0.844
8481032,F,PP,MNFI,11,1,236.65,2.789,1.392,4.99
8481032,F,PP,FNFI,2,1,236.65,0.507,0.061,1.832
8481032,F,PK,MNFI,0,0,40.62,0.0,0.0,5.449
8481032,F,PK,FNFI,0,0,40.62,0.0,0.0,5.449
8477446,F,ES,MNFI,99,7,3255.0,1.825,1.483,2.222
8477446,F,ES,FNFI,37,0,3255.0,0.682,0.48,0.94
8477446,F,PP,MNFI,0,0,477.77,0.0,0.0,0.463
8477446,F,PP,FNFI,0,0,477.77,0.0,0.0,0.463
8477446,F,PK,MNFI,6,1,89.45,4.025,1.477,8.76
8477446,F,PK,FNFI,0,0,89.45,0.0,0.0,2.474
8479671,F,ES,MNFI,74,6,3139.65,1.414,1.11,1.775
8479671,F,ES,FNFI,32,0,3139.65,0.612,0.418,0.863
8479671,F,PP,MNFI,0,0,264.53,0.0,0.0,0.837
8479671,F,PP,FNFI,0,0,264.53,0.0,0.0,0.837
8479671,F,PK,MNFI,3,0,56.2,3.203,0.661,9.36
8479671,F,PK,FNFI,1,0,56.2,1.068,0.027,5.948
8480068,F,ES,MNFI,121,8,3693.72,1.965,1.631,2.349
8480068,F,ES,FNFI,39,2,3693.72,0.634,0.45,0.866
8480068,F,PP,MNFI,3,0,585.65,0.307,0.063,0.898
8480068,F,PP,FNFI,0,0,585.65,0.0,0.0,0.378
8480068,F,PK,MNFI,12,2,130.2,5.53,2.857,9.66
8480068,F,PK,FNFI,4,0,130.2,1.843,0.502,4.72
8481656,F,ES,MNFI,151,10,4080.35,2.22,1.88,2.604
8481656,F,ES,FNFI,44,0,4080.35,0.647,0.47,0.869
8481656,F,PP,MNFI,0,0,513.65,0.0,0.0,0.431
8481656,F,PP,FNFI,0,0,513.65,0.0,0.0,0.431
8481656,F,PK,MNFI,7,1,93.02,4.515,1.815,9.303
8481656,F,PK,FNFI,0,0,93.02,0.0,0.0,2.379
8479536,F,ES,MNFI,44,3,916.82,2.88,2.092,3.866
8479536,F,ES,FNFI,14,0,916.82,0.916,0.501,1.537
8479536,F,PP,MNFI,0,0,87.77,0.0,0.0,2.522
8479536,F,PP,FNFI,0,0,87.77,0.0,0.0,2.522
8479536,F,PK,MNFI,1,0,16.42,3.655,0.093,20.363
8479536,F,PK,FNFI,2,0,16.42,7.31,0.885,26.405
8476410,F,ES,MNFI,47,1,618.35,4.561,3.351,6.065
8476410,F,ES,FNFI,16,0,618.35,1.553,0.887,2.521
8476410,F,PP,MNFI,2,0,43.82,2.739,0.332,9.893
8476410,F,PP,FNFI,1,0,43.82,1.369,0.035,7.629
8476410,F,PK,MNFI,0,0,8.47,0.0,0.0,26.142
8476410,F,PK,FNFI,0,0,8.47,0.0,0.0,26.142
8476851,F,ES,MNFI,41,0,777.37,3.165,2.271,4.293
8476851,F,ES,FNFI,3,0,777.37,0.232,0.048,0.677
8476851,F,PP,MNFI,2,0,68.85,1.743,0.211,6.296
8476851,F,PP,FNFI,1,0,68.85,0.871,0.022,4.855
8476851,F,PK,MNFI,0,0,16.47,0.0,0.0,13.441
8476851,F,PK,FNFI,0,0,16.47,0.0,0.0,13.441
8475763,F,ES,MNFI,132,5,3732.18,2.122,1.776,2.517
8475763,F,ES,FNFI,55,2,3732.18,0.884,0.666,1.151
8475763,F,PP,MNFI,26,0,595.38,2.62,1.712,3.839
8475763,F,PP,FNFI,16,1,595.38,1.612,0.922,2.618
8475763,F,PK,MNFI,3,0,127.28,1.414,0.292,4.133
8475763,F,PK,FNFI,0,0,127.28,0.0,0.0,1.739
8476278,F,ES,MNFI,113,4,2971.92,2.281,1.88,2.743
8476278,F,ES,FNFI,41,0,2971.92,0.828,0.594,1.123
8476278,F,PP,MNFI,4,1,401.67,0.598,0.163,1.53
8476278,F,PP,FNFI,0,0,401.67,0.0,0.0,0.551
8476278,F,PK,MNFI,8,0,85.95,5.585,2.411,11.004
8476278,F,PK,FNFI,1,0,85.95,0.698,0.018,3.889
8482652,F,ES,MNFI,42,3,780.95,3.227,2.326,4.362
8482652,F,ES,FNFI,11,0,780.95,0.845,0.422,1.512
8482652,F,PP,MNFI,0,0,57.77,0.0,0.0,3.831
8482652,F,PP,FNFI,0,0,57.77,0.0,0.0,3.831
8482652,F,PK,MNFI,0,0,11.1,0.0,0.0,19.94
8482652,F,PK,FNFI,0,0,11.1,0.0,0.0,19.94
8477353,F,ES,MNFI,131,6,2530.2,3.106,2.597,3.686
8477353,F,ES,FNFI,38,0,2530.2,0.901,0.638,1.237
8477353,F,PP,MNFI,0,0,394.77,0.0,0.0,0.561
8477353,F,PP,FNFI,0,0,394.77,0.0,0.0,0.561
8477353,F,PK,MNFI,20,3,81.3,14.76,9.016,22.796
8477353,F,PK,FNFI,0,0,81.3,0.0,0.0,2.722
8479941,F,ES,MNFI,64,2,2167.52,1.772,1.364,2.262
8479941,F,ES,FNFI,19,0,2167.52,0.526,0.317,0.821
8479941,F,PP,MNFI,12,0,275.27,2.616,1.352,4.569
8479941,F,PP,FNFI,0,0,275.27,0.0,0.0,0.804
8479941,F,PK,MNFI,1,1,53.52,1.121,0.028,6.247
8479941,F,PK,FNFI,0,0,53.52,0.0,0.0,4.136
8476897,F,ES,MNFI,94,5,3493.35,1.614,1.305,1.976
8476897,F,ES,FNFI,27,1,3493.35,0.464,0.306,0.675
8476897,F,PP,MNFI,12,1,589.45,1.221,0.631,2.134
8476897,F,PP,FNFI,2,0,589.45,0.204,0.025,0.735
8476897,F,PK,MNFI,5,1,128.75,2.33,0.757,5.438
8476897,F,PK,FNFI,0,0,128.75,0.0,0.0,1.719
8478400,F,ES,MNFI,39,2,1138.05,2.056,1.462,2.811
8478400,F,ES,FNFI,13,0,1138.05,0.685,0.365,1.172
8478400,F,PP,MNFI,3,0,141.15,1.275,0.263,3.727
8478400,F,PP,FNFI,1,0,141.15,0.425,0.011,2.368
8478400,F,PK,MNFI,0,0,27.65,0.0,0.0,8.005
8478400,F,PK,FNFI,0,0,27.65,0.0,0.0,8.005
8480355,F,ES,MNFI,87,3,2572.55,2.029,1.625,2.503
8480355,F,ES,FNFI,19,2,2572.55,0.443,0.267,0.692
8480355,F,PP,MNFI,1,0,270.38,0.222,0.006,1.236
8480355,F,PP,FNFI,0,0,270.38,0.0,0.0,0.819
8480355,F,PK,MNFI,2,1,45.53,2.635,0.319,9.52
8480355,F,PK,FNFI,2,0,45.53,2.635,0.319,9.52
8481133,F,ES,MNFI,30,2,738.05,2.439,1.645,3.482
8481133,F,ES,FNFI,11,0,738.05,0.894,0.446,1.6
8481133,F,PP,MNFI,0,0,31.38,0.0,0.0,7.053
8481133,F,PP,FNFI,0,0,31.38,0.0,0.0,7.053
8481133,F,PK,MNFI,0,0,5.52,0.0,0.0,40.121
8481133,F,PK,FNFI,0,0,5.52,0.0,0.0,40.121
8480188,F,ES,MNFI,245,17,4312.32,3.409,2.995,3.863
8480188,F,ES,FNFI,107,2,4312.32,1.489,1.22,1.799
8480188,F,PP,MNFI,47,2,537.23,5.249,3.857,6.98
8480188,F,PP,FNFI,16,1,537.23,1.787,1.021,2.902
8480188,F,PK,MNFI,3,1,109.83,1.639,0.338,4.789
8480188,F,PK,FNFI,0,0,109.83,0.0,0.0,2.015
8477392,F,ES,MNFI,45,4,1589.32,1.699,1.239,2.273
8477392,F,ES,FNFI,7,0,1589.32,0.264,0.106,0.544
8477392,F,PP,MNFI,0,0,79.95,0.0,0.0,2.768
8477392,F,PP,FNFI,0,0,79.95,0.0,0.0,2.768
8477392,F,PK,MNFI,1,0,11.83,5.07,0.128,28.251
8477392,F,PK,FNFI,1,0,11.83,5.07,0.128,28.251
8479393,F,ES,MNFI,145,5,2860.82,3.041,2.566,3.578
8479393,F,ES,FNFI,72,0,2860.82,1.51,1.182,1.902
8479393,F,PP,MNFI,7,1,321.58,1.306,0.525,2.691
8479393,F,PP,FNFI,3,0,321.58,0.56,0.115,1.636
8479393,F,PK,MNFI,6,0,68.9,5.225,1.917,11.373
8479393,F,PK,FNFI,1,0,68.9,0.871,0.022,4.852
8480028,F,ES,MNFI,215,12,4750.88,2.715,2.364,3.104
8480028,F,ES,FNFI,82,2,4750.88,1.036,0.824,1.285
8480028,F,PP,MNFI,54,3,693.5,4.672,3.51,6.096
8480028,F,PP,FNFI,16,0,693.5,1.384,0.791,2.248
8480028,F,PK,MNFI,1,0,145.0,0.414,0.01,2.306
8480028,F,PK,FNFI,1,0,145.0,0.414,0.01,2.306
8479359,F,ES,MNFI,70,5,2508.22,1.674,1.305,2.116
8479359,F,ES,FNFI,16,0,2508.22,0.383,0.219,0.622
8479359,F,PP,MNFI,0,0,438.8,0.0,0.0,0.504
8479359,F,PP,FNFI,0,0,438.8,0.0,0.0,0.504
8479359,F,PK,MNFI,4,0,73.73,3.255,0.887,8.334
8479359,F,PK,FNFI,1,0,73.73,0.814,0.021,4.534
8477380,F,ES,MNFI,89,5,1960.48,2.724,2.187,3.352
8477380,F,ES,FNFI,53,3,1960.48,1.622,1.215,2.122
8477380,F,PP,MNFI,11,1,173.02,3.815,1.904,6.825
8477380,F,PP,FNFI,1,0,173.02,0.347,0.009,1.932
8477380,F,PK,MNFI,1,0,45.3,1.325,0.034,7.38
8477380,F,PK,FNFI,0,0,45.3,0.0,0.0,4.886
8479933,F,ES,MNFI,19,1,467.65,2.438,1.468,3.807
8479933,F,ES,FNFI,6,2,467.65,0.77,0.283,1.676
8479933,F,PP,MNFI,5,0,45.9,6.536,2.122,15.253
8479933,F,PP,FNFI,1,0,45.9,1.307,0.033,7.283
8479933,F,PK,MNFI,0,0,9.0,0.0,0.0,24.593
8479933,F,PK,FNFI,0,0,9.0,0.0,0.0,24.593
8479366,F,ES,MNFI,21,1,628.77,2.004,1.24,3.063
8479366,F,ES,FNFI,2,0,628.77,0.191,0.023,0.689
8479366,F,PP,MNFI,0,0,64.98,0.0,0.0,3.406
8479366,F,PP,FNFI,0,0,64.98,0.0,0.0,3.406
8479366,F,PK,MNFI,0,0,12.88,0.0,0.0,17.18
8479366,F,PK,FNFI,0,0,12.88,0.0,0.0,17.18
8479315,F,ES,MNFI,40,1,1293.3,1.856,1.326,2.527
8479315,F,ES,FNFI,22,0,1293.3,1.021,0.64,1.545
8479315,F,PP,MNFI,0,0,129.77,0.0,0.0,1.706
8479315,F,PP,FNFI,0,0,129.77,0.0,0.0,1.706
8479315,F,PK,MNFI,4,0,32.2,7.453,2.031,19.084
8479315,F,PK,FNFI,0,0,32.2,0.0,0.0,6.874
8478512,F,ES,MNFI,20,1,722.03,1.662,1.015,2.567
8478512,F,ES,FNFI,5,0,722.03,0.415,0.135,0.97
8478512,F,PP,MNFI,0,0,54.23,0.0,0.0,4.081
8478512,F,PP,FNFI,0,0,54.23,0.0,0.0,4.081
8478512,F,PK,MNFI,0,0,14.87,0.0,0.0,14.888
8478512,F,PK,FNFI,0,0,14.87,0.0,0.0,14.888
8480008,F,ES,MNFI,60,3,1043.23,3.451,2.633,4.442
8480008,F,ES,FNFI,21,2,1043.23,1.208,0.748,1.846
8480008,F,PP,MNFI,10,1,138.63,4.328,2.075,7.959
8480008,F,PP,FNFI,2,0,138.63,0.866,0.105,3.127
8480008,F,PK,MNFI,0,0,30.38,0.0,0.0,7.285
8480008,F,PK,FNFI,0,0,30.38,0.0,0.0,7.285
8482634,F,ES,MNFI,26,3,561.97,2.776,1.813,4.067
8482634,F,ES,FNFI,7,0,561.97,0.747,0.3,1.54
8482634,F,PP,MNFI,3,0,63.12,2.852,0.588,8.334
8482634,F,PP,FNFI,0,0,63.12,0.0,0.0,3.507
8482634,F,PK,MNFI,0,0,14.12,0.0,0.0,15.679
8482634,F,PK,FNFI,0,0,14.12,0.0,0.0,15.679
8477460,F,ES,MNFI,26,0,635.03,2.457,1.605,3.599
8477460,F,ES,FNFI,4,0,635.03,0.378,0.103,0.968
8477460,F,PP,MNFI,0,0,74.68,0.0,0.0,2.964
8477460,F,PP,FNFI,0,0,74.68,0.0,0.0,2.964
8477460,F,PK,MNFI,0,0,12.85,0.0,0.0,17.224
8477460,F,PK,FNFI,0,0,12.85,0.0,0.0,17.224
8481058,F,ES,MNFI,34,2,1091.3,1.869,1.295,2.612
8481058,F,ES,FNFI,17,1,1091.3,0.935,0.544,1.496
8481058,F,PP,MNFI,3,0,141.07,1.276,0.263,3.729
8481058,F,PP,FNFI,2,0,141.07,0.851,0.103,3.073
8481058,F,PK,MNFI,0,0,30.35,0.0,0.0,7.293
8481058,F,PK,FNFI,0,0,30.35,0.0,0.0,7.293
8477527,F,ES,MNFI,50,1,1886.65,1.59,1.18,2.096
8477527,F,ES,FNFI,9,0,1886.65,0.286,0.131,0.543
8477527,F,PP,MNFI,1,0,92.9,0.646,0.016,3.598
8477527,F,PP,FNFI,0,0,92.9,0.0,0.0,2.382
8477527,F,PK,MNFI,0,0,11.33,0.0,0.0,19.529
8477527,F,PK,FNFI,0,0,11.33,0.0,0.0,19.529
8477573,F,ES,MNFI,86,6,2522.65,2.045,1.636,2.526
8477573,F,ES,FNFI,33,4,2522.65,0.785,0.54,1.102
8477573,F,PP,MNFI,2,0,245.28,0.489,0.059,1.767
8477573,F,PP,FNFI,0,0,245.28,0.0,0.0,0.902
8477573,F,PK,MNFI,2,0,38.93,3.082,0.373,11.134
8477573,F,PK,FNFI,0,0,38.93,0.0,0.0,5.685
8479994,F,ES,MNFI,32,3,872.23,2.201,1.506,3.108
8479994,F,ES,FNFI,4,0,872.23,0.275,0.075,0.705
8479994,F,PP,MNFI,0,0,80.77,0.0,0.0,2.74
8479994,F,PP,FNFI,0,0,80.77,0.0,0.0,2.74
8479994,F,PK,MNFI,2,0,9.65,12.435,1.506,44.92
8479994,F,PK,FNFI,0,0,9.65,0.0,0.0,22.936
8479972,F,ES,MNFI,29,1,734.3,2.37,1.587,3.403
8479972,F,ES,FNFI,8,0,734.3,0.654,0.282,1.288
8479972,F,PP,MNFI,0,0,102.03,0.0,0.0,2.169
8479972,F,PP,FNFI,0,0,102.03,0.0,0.0,2.169
8479972,F,PK,MNFI,3,0,14.83,12.135,2.502,35.463
8479972,F,PK,FNFI,1,0,14.83,4.045,0.102,22.537
8476873,F,ES,MNFI,119,9,2323.85,3.072,2.545,3.677
8476873,F,ES,FNFI,22,0,2323.85,0.568,0.356,0.86
8476873,F,PP,MNFI,0,0,338.5,0.0,0.0,0.654
8476873,F,PP,FNFI,0,0,338.5,0.0,0.0,0.654
8476873,F,PK,MNFI,8,2,71.77,6.688,2.888,13.179
8476873,F,PK,FNFI,3,0,71.77,2.508,0.517,7.33
8482117,F,ES,MNFI,85,4,2239.07,2.278,1.819,2.816
8482117,F,ES,FNFI,26,0,2239.07,0.697,0.455,1.021
8482117,F,PP,MNFI,17,1,267.68,3.81,2.22,6.101
8482117,F,PP,FNFI,4,0,267.68,0.897,0.244,2.296
8482117,F,PK,MNFI,0,0,63.7,0.0,0.0,3.475
8482117,F,PK,FNFI,0,0,63.7,0.0,0.0,3.475
8480281,F,ES,MNFI,110,4,3413.48,1.934,1.589,2.33
8480281,F,ES,FNFI,35,0,3413.48,0.615,0.429,0.856
8480281,F,PP,MNFI,0,0,408.68,0.0,0.0,0.542
8480281,F,PP,FNFI,1,0,408.68,0.147,0.004,0.818
8480281,F,PK,MNFI,7,0,74.22,5.659,2.275,11.66
8480281,F,PK,FNFI,1,0,74.22,0.808,0.02,4.504
8480848,F,ES,MNFI,92,1,2670.28,2.067,1.666,2.535
8480848,F,ES,FNFI,29,0,2670.28,0.652,0.436,0.936
8480848,F,PP,MNFI,1,0,364.9,0.164,0.004,0.916
8480848,F,PP,FNFI,1,0,364.9,0.164,0.004,0.916
8480848,F,PK,MNFI,6,0,64.55,5.577,2.047,12.139
8480848,F,PK,FNFI,1,0,64.55,0.93,0.024,5.179
8481557,F,ES,MNFI,296,21,5425.38,3.274,2.911,3.668
8481557,F,ES,FNFI,152,3,5425.38,1.681,1.424,1.97
8481557,F,PP,MNFI,140,7,1013.6,8.287,6.971,9.779
8481557,F,PP,FNFI,53,1,1013.6,3.137,2.35,4.104
8481557,F,PK,MNFI,4,2,161.87,1.483,0.404,3.796
8481557,F,PK,FNFI,0,0,161.87,0.0,0.0,1.367
8473563,F,ES,MNFI,43,3,1319.62,1.955,1.415,2.634
8473563,F,ES,FNFI,13,0,1319.62,0.591,0.315,1.011
8473563,F,PP,MNFI,13,1,204.58,3.813,2.03,6.52
8473563,F,PP,FNFI,4,0,204.58,1.173,0.32,3.004
8473563,F,PK,MNFI,1,0,54.95,1.092,0.028,6.084
8473563,F,PK,FNFI,0,0,54.95,0.0,0.0,4.028
8480835,F,ES,MNFI,133,7,2839.27,2.811,2.353,3.331
8480835,F,ES,FNFI,53,1,2839.27,1.12,0.839,1.465
8480835,F,PP,MNFI,23,1,444.8,3.103,1.967,4.655
8480835,F,PP,FNFI,2,0,444.8,0.27,0.033,0.975
8480835,F,PK,MNFI,5,0,94.4,3.178,1.032,7.416
8480835,F,PK,FNFI,1,0,94.4,0.636,0.016,3.541
8476474,F,ES,MNFI,65,6,3005.17,1.298,1.002,1.654
8476474,F,ES,FNFI,10,0,3005.17,0.2,0.096,0.367
8476474,F,PP,MNFI,18,2,500.42,2.158,1.279,3.411
8476474,F,PP,FNFI,3,0,500.42,0.36,0.074,1.051
8476474,F,PK,MNFI,0,0,90.52,0.0,0.0,2.445
8476474,F,PK,FNFI,0,0,90.52,0.0,0.0,2.445
8482062,F,ES,MNFI,94,6,3190.9,1.768,1.428,2.163
8482062,F,ES,FNFI,18,0,3190.9,0.338,0.201,0.535
8482062,F,PP,MNFI,0,0,490.7,0.0,0.0,0.451
8482062,F,PP,FNFI,0,0,490.7,0.0,0.0,0.451
8482062,F,PK,MNFI,11,0,88.93,7.421,3.705,13.279
8482062,F,PK,FNFI,2,0,88.93,1.349,0.163,4.874
8481624,F,ES,MNFI,162,12,4328.75,2.245,1.913,2.619
8481624,F,ES,FNFI,54,4,4328.75,0.748,0.562,0.977
8481624,F,PP,MNFI,13,2,675.32,1.155,0.615,1.975
8481624,F,PP,FNFI,3,1,675.32,0.267,0.055,0.779
8481624,F,PK,MNFI,14,1,142.17,5.909,3.23,9.914
8481624,F,PK,FNFI,6,0,142.17,2.532,0.929,5.512
8478569,F,ES,MNFI,147,8,3394.22,2.599,2.195,3.054
8478569,F,ES,FNFI,31,0,3394.22,0.548,0.372,0.778
8478569,F,PP,MNFI,2,0,548.98,0.219,0.026,0.79
8478569,F,PP,FNFI,0,0,548.98,0.0,0.0,0.403
8478569,F,PK,MNFI,4,0,82.93,2.894,0.788,7.41
8478569,F,PK,FNFI,1,0,82.93,0.723,0.018,4.031
8476867,F,ES,MNFI,44,3,907.65,2.909,2.113,3.905
8476867,F,ES,FNFI,12,0,907.65,0.793,0.41,1.386
8476867,F,PP,MNFI,0,0,65.95,0.0,0.0,3.356
8476867,F,PP,FNFI,0,0,65.95,0.0,0.0,3.356
8476867,F,PK,MNFI,2,1,16.52,7.265,0.88,26.245
8476867,F,PK,FNFI,1,0,16.52,3.633,0.092,20.24
8477949,F,ES,MNFI,244,20,5371.53,2.725,2.394,3.09
8477949,F,ES,FNFI,79,6,5371.53,0.882,0.699,1.1
8477949,F,PP,MNFI,56,8,1079.0,3.114,2.352,4.044
8477949,F,PP,FNFI,18,1,1079.0,1.001,0.593,1.582
8477949,F,PK,MNFI,23,3,219.57,6.285,3.984,9.431
8477949,F,PK,FNFI,2,0,219.57,0.547,0.066,1.974
8475169,F,ES,MNFI,194,15,3394.93,3.429,2.963,3.947
8475169,F,ES,FNFI,75,1,3394.93,1.326,1.043,1.662
8475169,F,PP,MNFI,31,0,492.45,3.777,2.566,5.361
8475169,F,PP,FNFI,11,0,492.45,1.34,0.669,2.398
8475169,F,PK,MNFI,0,0,94.12,0.0,0.0,2.352
8475169,F,PK,FNFI,0,0,94.12,0.0,0.0,2.352
8471215,F,ES,MNFI,193,17,4835.37,2.395,2.069,2.758
8471215,F,ES,FNFI,82,1,4835.37,1.018,0.809,1.263
8471215,F,PP,MNFI,119,8,815.78,8.752,7.251,10.473
8471215,F,PP,FNFI,68,4,815.78,5.001,3.884,6.34
8471215,F,PK,MNFI,0,0,151.23,0.0,0.0,1.464
8471215,F,PK,FNFI,0,0,151.23,0.0,0.0,1.464
8479705,F,ES,MNFI,31,1,837.48,2.221,1.509,3.152
8479705,F,ES,FNFI,10,0,837.48,0.716,0.344,1.318
8479705,F,PP,MNFI,0,0,50.63,0.0,0.0,4.371
8479705,F,PP,FNFI,0,0,50.63,0.0,0.0,4.371
8479705,F,PK,MNFI,0,0,6.75,0.0,0.0,32.79
8479705,F,PK,FNFI,0,0,6.75,0.0,0.0,32.79
8478421,F,ES,MNFI,137,5,2565.38,3.204,2.69,3.788
8478421,F,ES,FNFI,30,2,2565.38,0.702,0.473,1.002
8478421,F,PP,MNFI,0,0,234.1,0.0,0.0,0.945
8478421,F,PP,FNFI,0,0,234.1,0.0,0.0,0.945
8478421,F,PK,MNFI,1,0,39.75,1.509,0.038,8.41
8478421,F,PK,FNFI,0,0,39.75,0.0,0.0,5.568
8482124,F,ES,MNFI,190,11,4638.55,2.458,2.121,2.833
8482124,F,ES,FNFI,54,2,4638.55,0.698,0.525,0.911
8482124,F,PP,MNFI,34,3,676.23,3.017,2.089,4.216
8482124,F,PP,FNFI,6,0,676.23,0.532,0.195,1.159
8482124,F,PK,MNFI,4,1,126.98,1.89,0.515,4.839
8482124,F,PK,FNFI,0,0,126.98,0.0,0.0,1.743
8478403,F,ES,MNFI,227,17,5133.85,2.653,2.319,3.021
8478403,F,ES,FNFI,93,6,5133.85,1.087,0.877,1.332
8478403,F,PP,MNFI,67,2,910.42,4.416,3.422,5.608
8478403,F,PP,FNFI,27,2,910.42,1.779,1.173,2.589
8478403,F,PK,MNFI,10,1,147.43,4.07,1.952,7.484
8478403,F,PK,FNFI,0,0,147.43,0.0,0.0,1.501
8482241,F,ES,MNFI,22,1,527.8,2.501,1.567,3.786
8482241,F,ES,FNFI,3,0,527.8,0.341,0.07,0.997
8482241,F,PP,MNFI,0,0,43.08,0.0,0.0,5.137
8482241,F,PP,FNFI,0,0,43.08,0.0,0.0,5.137
8482241,F,PK,MNFI,0,0,11.83,0.0,0.0,18.704
8482241,F,PK,FNFI,0,0,11.83,0.0,0.0,18.704
8481093,F,ES,MNFI,38,1,1019.78,2.236,1.582,3.069
8481093,F,ES,FNFI,2,0,1019.78,0.118,0.014,0.425
8481093,F,PP,MNFI,8,1,165.88,2.894,1.249,5.702
8481093,F,PP,FNFI,0,0,165.88,0.0,0.0,1.334
8481093,F,PK,MNFI,2,0,29.02,4.136,0.501,14.939
8481093,F,PK,FNFI,0,0,29.02,0.0,0.0,7.628
8481532,F,ES,MNFI,74,6,1594.58,2.784,2.186,3.496
8481532,F,ES,FNFI,10,0,1594.58,0.376,0.18,0.692
8481532,F,PP,MNFI,1,0,122.18,0.491,0.012,2.736
8481532,F,PP,FNFI,1,0,122.18,0.491,0.012,2.736
8481532,F,PK,MNFI,0,0,32.1,0.0,0.0,6.895
8481532,F,PK,FNFI,0,0,32.1,0.0,0.0,6.895
8479619,F,ES,MNFI,115,5,2499.02,2.761,2.28,3.314
8479619,F,ES,FNFI,25,1,2499.02,0.6,0.388,0.886
8479619,F,PP,MNFI,5,1,224.83,1.334,0.433,3.114
8479619,F,PP,FNFI,2,0,224.83,0.534,0.065,1.928
8479619,F,PK,MNFI,1,0,41.93,1.431,0.036,7.972
8479619,F,PK,FNFI,0,0,41.93,0.0,0.0,5.278
8482175,F,ES,MNFI,226,17,4299.87,3.154,2.756,3.593
8482175,F,ES,FNFI,87,2,4299.87,1.214,0.972,1.497
8482175,F,PP,MNFI,31,1,571.88,3.252,2.21,4.617
8482175,F,PP,FNFI,10,1,571.88,1.049,0.503,1.929
8482175,F,PK,MNFI,0,0,125.45,0.0,0.0,1.764
8482175,F,PK,FNFI,0,0,125.45,0.0,0.0,1.764
8477944,F,ES,MNFI,68,8,1173.28,3.477,2.7,4.408
8477944,F,ES,FNFI,24,1,1173.28,1.227,0.786,1.826
8477944,F,PP,MNFI,16,0,152.17,6.309,3.606,10.245
8477944,F,PP,FNFI,8,3,152.17,3.154,1.362,6.215
8477944,F,PK,MNFI,0,0,27.08,0.0,0.0,8.172
8477944,F,PK,FNFI,0,0,27.08,0.0,0.0,8.172
8480205,F,ES,MNFI,88,0,1597.98,3.304,2.65,4.071
8480205,F,ES,FNFI,18,0,1597.98,0.676,0.401,1.068
8480205,F,PP,MNFI,17,1,185.33,5.504,3.206,8.812
8480205,F,PP,FNFI,7,0,185.33,2.266,0.911,4.669
8480205,F,PK,MNFI,0,0,43.03,0.0,0.0,5.143
8480205,F,PK,FNFI,0,0,43.03,0.0,0.0,5.143
8482079,F,ES,MNFI,132,14,3288.7,2.408,2.015,2.856
8482079,F,ES,FNFI,33,0,3288.7,0.602,0.414,0.846
8482079,F,PP,MNFI,29,2,484.83,3.589,2.404,5.154
8482079,F,PP,FNFI,12,1,484.83,1.485,0.767,2.594
8482079,F,PK,MNFI,0,0,83.75,0.0,0.0,2.643
8482079,F,PK,FNFI,0,0,83.75,0.0,0.0,2.643
8482665,F,ES,MNFI,205,21,4876.6,2.522,2.189,2.892
8482665,F,ES,FNFI,71,2,4876.6,0.874,0.682,1.102
8482665,F,PP,MNFI,70,3,789.62,5.319,4.146,6.72
8482665,F,PP,FNFI,11,0,789.62,0.836,0.417,1.496
8482665,F,PK,MNFI,3,0,144.9,1.242,0.256,3.63
8482665,F,PK,FNFI,0,0,144.9,0.0,0.0,1.527
8480326,F,ES,MNFI,37,2,692.03,3.208,2.259,4.422
8480326,F,ES,FNFI,11,0,692.03,0.954,0.476,1.706
8480326,F,PP,MNFI,15,2,149.22,6.031,3.376,9.948
8480326,F,PP,FNFI,0,0,149.22,0.0,0.0,1.483
8480326,F,PK,MNFI,1,0,24.8,2.419,0.061,13.48
8480326,F,PK,FNFI,0,0,24.8,0.0,0.0,8.925
8479367,F,ES,MNFI,12,0,454.22,1.585,0.819,2.769
8479367,F,ES,FNFI,4,0,454.22,0.528,0.144,1.353
8479367,F,PP,MNFI,0,0,39.57,0.0,0.0,5.594
8479367,F,PP,FNFI,0,0,39.57,0.0,0.0,5.594
8479367,F,PK,MNFI,0,0,4.73,0.0,0.0,46.76
8479367,F,PK,FNFI,0,0,4.73,0.0,0.0,46.76
8480289,F,ES,MNFI,111,5,3075.17,2.166,1.782,2.608
8480289,F,ES,FNFI,36,0,3075.17,0.702,0.492,0.972
8480289,F,PP,MNFI,0,0,423.33,0.0,0.0,0.523
8480289,F,PP,FNFI,0,0,423.33,0.0,0.0,0.523
8480289,F,PK,MNFI,6,0,74.0,4.865,1.785,10.589
8480289,F,PK,FNFI,0,0,74.0,0.0,0.0,2.991
8482097,F,ES,MNFI,224,18,3179.68,4.227,3.691,4.818
8482097,F,ES,FNFI,68,4,3179.68,1.283,0.996,1.627
8482097,F,PP,MNFI,38,4,497.75,4.581,3.242,6.287
8482097,F,PP,FNFI,8,1,497.75,0.964,0.416,1.9
8482097,F,PK,MNFI,2,0,105.98,1.132,0.137,4.09
8482097,F,PK,FNFI,0,0,105.98,0.0,0.0,2.088
8480853,F,ES,MNFI,34,2,813.83,2.507,1.736,3.503
8480853,F,ES,FNFI,9,0,813.83,0.664,0.303,1.26
8480853,F,PP,MNFI,0,0,79.9,0.0,0.0,2.77
8480853,F,PP,FNFI,0,0,79.9,0.0,0.0,2.77
8480853,F,PK,MNFI,2,0,20.4,5.882,0.712,21.249
8480853,F,PK,FNFI,1,0,20.4,2.941,0.074,16.387
8479322,F,ES,MNFI,25,0,732.93,2.047,1.324,3.021
8479322,F,ES,FNFI,10,0,732.93,0.819,0.393,1.505
8479322,F,PP,MNFI,1,0,38.88,1.543,0.039,8.597
8479322,F,PP,FNFI,0,0,38.88,0.0,0.0,5.692
8479322,F,PK,MNFI,0,0,9.72,0.0,0.0,22.779
8479322,F,PK,FNFI,0,0,9.72,0.0,0.0,22.779
8481582,F,ES,MNFI,112,12,2332.07,2.882,2.373,3.467
8481582,F,ES,FNFI,54,4,2332.07,1.389,1.044,1.813
8481582,F,PP,MNFI,24,2,256.03,5.624,3.604,8.368
8481582,F,PP,FNFI,6,0,256.03,1.406,0.516,3.06
8481582,F,PK,MNFI,0,0,65.37,0.0,0.0,3.386
8481582,F,PK,FNFI,0,0,65.37,0.0,0.0,3.386
8481711,F,ES,MNFI,147,10,3759.47,2.346,1.982,2.757
8481711,F,ES,FNFI,74,3,3759.47,1.181,0.927,1.483
8481711,F,PP,MNFI,24,0,498.32,2.89,1.852,4.3
8481711,F,PP,FNFI,15,0,498.32,1.806,1.011,2.979
8481711,F,PK,MNFI,0,0,103.45,0.0,0.0,2.14
8481711,F,PK,FNFI,0,0,103.45,0.0,0.0,2.14
8481703,F,ES,MNFI,21,3,635.65,1.982,1.227,3.03
8481703,F,ES,FNFI,11,0,635.65,1.038,0.518,1.858
8481703,F,PP,MNFI,2,0,83.18,1.443,0.175,5.211
8481703,F,PP,FNFI,2,0,83.18,1.443,0.175,5.211
8481703,F,PK,MNFI,0,0,12.65,0.0,0.0,17.497
8481703,F,PK,FNFI,0,0,12.65,0.0,0.0,17.497
8476326,F,ES,MNFI,15,0,556.47,1.617,0.905,2.668
8476326,F,ES,FNFI,1,0,556.47,0.108,0.003,0.601
8476326,F,PP,MNFI,0,0,103.98,0.0,0.0,2.129
8476326,F,PP,FNFI,0,0,103.98,0.0,0.0,2.129
8476326,F,PK,MNFI,1,0,25.73,2.332,0.059,12.991
8476326,F,PK,FNFI,1,0,25.73,2.332,0.059,12.991
8477425,F,ES,MNFI,114,7,2629.93,2.601,2.145,3.124
8477425,F,ES,FNFI,30,0,2629.93,0.684,0.462,0.977
8477425,F,PP,MNFI,4,1,285.88,0.84,0.229,2.149
8477425,F,PP,FNFI,3,0,285.88,0.63,0.13,1.84
8477425,F,PK,MNFI,3,1,63.77,2.823,0.582,8.249
8477425,F,PK,FNFI,0,0,63.77,0.0,0.0,3.471
8480220,F,ES,MNFI,150,7,4053.0,2.221,1.879,2.606
8480220,F,ES,FNFI,40,3,4053.0,0.592,0.423,0.806
8480220,F,PP,MNFI,34,1,699.75,2.915,2.019,4.074
8480220,F,PP,FNFI,7,0,699.75,0.6,0.241,1.237
8480220,F,PK,MNFI,8,1,158.33,3.032,1.309,5.973
8480220,F,PK,FNFI,1,0,158.33,0.379,0.01,2.111
8481604,F,ES,MNFI,151,12,3133.08,2.892,2.449,3.391
8481604,F,ES,FNFI,52,2,3133.08,0.996,0.744,1.306
8481604,F,PP,MNFI,46,5,405.38,6.808,4.985,9.081
8481604,F,PP,FNFI,13,0,405.38,1.924,1.025,3.29
8481604,F,PK,MNFI,0,0,59.17,0.0,0.0,3.741
8481604,F,PK,FNFI,0,0,59.17,0.0,0.0,3.741
8479591,F,ES,MNFI,116,3,2763.85,2.518,2.081,3.02
8479591,F,ES,FNFI,46,1,2763.85,0.999,0.731,1.332
8479591,F,PP,MNFI,6,0,184.73,1.949,0.715,4.242
8479591,F,PP,FNFI,1,0,184.73,0.325,0.008,1.81
8479591,F,PK,MNFI,0,0,58.57,0.0,0.0,3.779
8479591,F,PK,FNFI,0,0,58.57,0.0,0.0,3.779
8482660,F,ES,MNFI,149,8,3342.88,2.674,2.262,3.14
8482660,F,ES,FNFI,41,1,3342.88,0.736,0.528,0.998
8482660,F,PP,MNFI,35,0,453.95,4.626,3.222,6.434
8482660,F,PP,FNFI,6,1,453.95,0.793,0.291,1.726
8482660,F,PK,MNFI,2,0,82.43,1.456,0.176,5.259
8482660,F,PK,FNFI,0,0,82.43,0.0,0.0,2.685
8481553,F,ES,MNFI,92,6,2636.15,2.094,1.688,2.568
8481553,F,ES,FNFI,21,2,2636.15,0.478,0.296,0.731
8481553,F,PP,MNFI,28,0,353.4,4.754,3.159,6.871
8481553,F,PP,FNFI,14,0,353.4,2.377,1.299,3.988
8481553,F,PK,MNFI,0,0,77.98,0.0,0.0,2.838
8481553,F,PK,FNFI,0,0,77.98,0.0,0.0,2.838
8480855,F,ES,MNFI,121,6,3507.4,2.07,1.718,2.473
8480855,F,ES,FNFI,27,0,3507.4,0.462,0.304,0.672
8480855,F,PP,MNFI,2,0,595.6,0.201,0.024,0.728
8480855,F,PP,FNFI,0,0,595.6,0.0,0.0,0.372
8480855,F,PK,MNFI,7,0,91.87,4.572,1.838,9.42
8480855,F,PK,FNFI,2,0,91.87,1.306,0.158,4.719
8483570,F,ES,MNFI,47,3,1169.53,2.411,1.772,3.206
8483570,F,ES,FNFI,18,0,1169.53,0.923,0.547,1.459
8483570,F,PP,MNFI,1,0,133.87,0.448,0.011,2.497
8483570,F,PP,FNFI,0,0,133.87,0.0,0.0,1.653
8483570,F,PK,MNFI,0,0,21.42,0.0,0.0,10.335
8483570,F,PK,FNFI,0,0,21.42,0.0,0.0,10.335
8482133,F,ES,MNFI,30,1,553.35,3.253,2.195,4.644
8482133,F,ES,FNFI,9,0,553.35,0.976,0.446,1.853
8482133,F,PP,MNFI,8,0,71.57,6.707,2.896,13.216
8482133,F,PP,FNFI,2,0,71.57,1.677,0.203,6.057
8482133,F,PK,MNFI,0,0,21.73,0.0,0.0,10.184
8482133,F,PK,FNFI,0,0,21.73,0.0,0.0,10.184
8482070,F,ES,MNFI,31,1,1096.32,1.697,1.153,2.408
8482070,F,ES,FNFI,8,0,1096.32,0.438,0.189,0.863
8482070,F,PP,MNFI,10,0,98.4,6.098,2.924,11.214
8482070,F,PP,FNFI,0,0,98.4,0.0,0.0,2.249
8482070,F,PK,MNFI,0,0,23.27,0.0,0.0,9.513
8482070,F,PK,FNFI,0,0,23.27,0.0,0.0,9.513
8481655,F,ES,MNFI,21,2,669.32,1.883,1.165,2.878
8481655,F,ES,FNFI,6,0,669.32,0.538,0.197,1.171
8481655,F,PP,MNFI,4,0,64.53,3.719,1.013,9.522
8481655,F,PP,FNFI,0,0,64.53,0.0,0.0,3.43
8481655,F,PK,MNFI,1,0,13.62,4.406,0.112,24.551
8481655,F,PK,FNFI,0,0,13.62,0.0,0.0,16.255
8481043,F,ES,MNFI,37,1,1459.6,1.521,1.071,2.096
8481043,F,ES,FNFI,20,0,1459.6,0.822,0.502,1.27
8481043,F,PP,MNFI,0,0,162.75,0.0,0.0,1.36
8481043,F,PP,FNFI,0,0,162.75,0.0,0.0,1.36
8481043,F,PK,MNFI,5,0,35.1,8.547,2.775,19.946
8481043,F,PK,FNFI,0,0,35.1,0.0,0.0,6.306
8471276,F,ES,MNFI,38,1,936.95,2.433,1.722,3.34
8471276,F,ES,FNFI,10,1,936.95,0.64,0.307,1.178
8471276,F,PP,MNFI,14,0,193.0,4.352,2.379,7.302
8471276,F,PP,FNFI,7,0,193.0,2.176,0.875,4.484
8471276,F,PK,MNFI,0,0,42.2,0.0,0.0,5.245
8471276,F,PK,FNFI,0,0,42.2,0.0,0.0,5.245
8480880,F,ES,MNFI,50,2,1216.77,2.466,1.83,3.251
8480880,F,ES,FNFI,6,0,1216.77,0.296,0.109,0.644
8480880,F,PP,MNFI,0,0,106.35,0.0,0.0,2.081
8480880,F,PP,FNFI,0,0,106.35,0.0,0.0,2.081
8480880,F,PK,MNFI,0,0,21.05,0.0,0.0,10.515
8480880,F,PK,FNFI,0,0,21.05,0.0,0.0,10.515
8483515,F,ES,MNFI,172,7,4004.55,2.577,2.206,2.992
8483515,F,ES,FNFI,47,3,4004.55,0.704,0.517,0.936
8483515,F,PP,MNFI,44,4,576.02,4.583,3.33,6.153
8483515,F,PP,FNFI,8,0,576.02,0.833,0.36,1.642
8483515,F,PK,MNFI,0,0,101.0,0.0,0.0,2.191
8483515,F,PK,FNFI,0,0,101.0,0.0,0.0,2.191
8478843,F,ES,MNFI,52,1,636.27,4.904,3.662,6.43
8478843,F,ES,FNFI,14,1,636.27,1.32,0.722,2.215
8478843,F,PP,MNFI,2,0,62.08,1.933,0.234,6.982
8478843,F,PP,FNFI,0,0,62.08,0.0,0.0,3.565
8478843,F,PK,MNFI,0,0,7.48,0.0,0.0,29.577
8478843,F,PK,FNFI,0,0,7.48,0.0,0.0,29.577
8483630,F,ES,MNFI,18,3,447.5,2.413,1.43,3.814
8483630,F,ES,FNFI,3,0,447.5,0.402,0.083,1.176
8483630,F,PP,MNFI,1,1,62.47,0.961,0.024,5.352
8483630,F,PP,FNFI,1,0,62.47,0.961,0.024,5.352
8483630,F,PK,MNFI,0,0,5.83,0.0,0.0,37.943
8483630,F,PK,FNFI,0,0,5.83,0.0,0.0,37.943
8482077,F,ES,MNFI,164,15,2800.6,3.514,2.996,4.094
8482077,F,ES,FNFI,63,3,2800.6,1.35,1.037,1.727
8482077,F,PP,MNFI,19,2,346.5,3.29,1.981,5.138
8482077,F,PP,FNFI,8,1,346.5,1.385,0.598,2.73
8482077,F,PK,MNFI,0,0,65.63,0.0,0.0,3.372
8482077,F,PK,FNFI,1,0,65.63,0.914,0.023,5.093
8483808,F,ES,MNFI,165,12,3426.6,2.889,2.465,3.365
8483808,F,ES,FNFI,70,5,3426.6,1.226,0.955,1.549
8483808,F,PP,MNFI,45,9,574.35,4.701,3.429,6.29
8483808,F,PP,FNFI,9,2,574.35,0.94,0.43,1.785
8483808,F,PK,MNFI,0,0,83.12,0.0,0.0,2.663
8483808,F,PK,FNFI,0,0,83.12,0.0,0.0,2.663
8482740,F,ES,MNFI,261,20,4681.68,3.345,2.951,3.776
8482740,F,ES,FNFI,55,3,4681.68,0.705,0.531,0.917
8482740,F,PP,MNFI,107,11,833.57,7.702,6.312,9.307
8482740,F,PP,FNFI,6,0,833.57,0.432,0.158,0.94
8482740,F,PK,MNFI,9,3,153.5,3.518,1.609,6.678
8482740,F,PK,FNFI,1,0,153.5,0.391,0.01,2.178
8481725,F,ES,MNFI,57,2,1146.88,2.982,2.259,3.864
8481725,F,ES,FNFI,23,0,1146.88,1.203,0.763,1.805
8481725,F,PP,MNFI,1,0,89.73,0.669,0.017,3.725
8481725,F,PP,FNFI,0,0,89.73,0.0,0.0,2.467
8481725,F,PK,MNFI,0,0,12.8,0.0,0.0,17.292
8481725,F,PK,FNFI,0,0,12.8,0.0,0.0,17.292
8477357,F,ES,MNFI,12,0,551.78,1.305,0.674,2.279
8477357,F,ES,FNFI,5,0,551.78,0.544,0.177,1.269
8477357,F,PP,MNFI,0,0,91.6,0.0,0.0,2.416
8477357,F,PP,FNFI,0,0,91.6,0.0,0.0,2.416
8477357,F,PK,MNFI,1,0,14.65,4.096,0.104,22.819
8477357,F,PK,FNFI,1,0,14.65,4.096,0.104,22.819
8481019,F,ES,MNFI,30,1,1011.67,1.779,1.2,2.54
8481019,F,ES,FNFI,14,0,1011.67,0.83,0.454,1.393
8481019,F,PP,MNFI,2,0,108.33,1.108,0.134,4.001
8481019,F,PP,FNFI,0,0,108.33,0.0,0.0,2.043
8481019,F,PK,MNFI,1,0,20.73,2.894,0.073,16.124
8481019,F,PK,FNFI,0,0,20.73,0.0,0.0,10.675
8482496,F,ES,MNFI,38,0,1302.18,1.751,1.239,2.403
8482496,F,ES,FNFI,8,0,1302.18,0.369,0.159,0.726
8482496,F,PP,MNFI,0,0,182.25,0.0,0.0,1.214
8482496,F,PP,FNFI,0,0,182.25,0.0,0.0,1.214
8482496,F,PK,MNFI,1,0,32.85,1.826,0.046,10.177
8482496,F,PK,FNFI,0,0,32.85,0.0,0.0,6.738
8482699,F,ES,MNFI,180,13,2970.73,3.635,3.124,4.207
8482699,F,ES,FNFI,79,5,2970.73,1.596,1.263,1.989
8482699,F,PP,MNFI,63,9,505.15,7.483,5.75,9.574
8482699,F,PP,FNFI,19,3,505.15,2.257,1.359,3.524
8482699,F,PK,MNFI,3,1,105.18,1.711,0.353,5.001
8482699,F,PK,FNFI,1,0,105.18,0.57,0.014,3.178
8483524,F,ES,MNFI,60,4,1905.4,1.889,1.442,2.432
8483524,F,ES,FNFI,13,0,1905.4,0.409,0.218,0.7
8483524,F,PP,MNFI,17,3,258.35,3.948,2.3,6.321
8483524,F,PP,FNFI,2,0,258.35,0.464,0.056,1.678
8483524,F,PK,MNFI,0,0,50.03,0.0,0.0,4.424
8483524,F,PK,FNFI,0,0,50.03,0.0,0.0,4.424
8470595,F,ES,MNFI,24,2,828.5,1.738,1.114,2.586
8470595,F,ES,FNFI,9,0,828.5,0.652,0.298,1.237
8470595,F,PP,MNFI,1,0,158.62,0.378,0.01,2.108
8470595,F,PP,FNFI,0,0,158.62,0.0,0.0,1.395
8470595,F,PK,MNFI,2,0,36.48,3.289,0.398,11.882
8470595,F,PK,FNFI,3,0,36.48,4.934,1.017,14.419
8480995,F,ES,MNFI,109,6,2451.0,2.668,2.191,3.219
8480995,F,ES,FNFI,26,0,2451.0,0.636,0.416,0.933
8480995,F,PP,MNFI,4,0,244.33,0.982,0.268,2.515
8480995,F,PP,FNFI,1,0,244.33,0.246,0.006,1.368
8480995,F,PK,MNFI,1,0,47.87,1.253,0.032,6.984
8480995,F,PK,FNFI,1,1,47.87,1.253,0.032,6.984
8481704,F,ES,MNFI,35,2,1671.02,1.257,0.875,1.748
8481704,F,ES,FNFI,14,1,1671.02,0.503,0.275,0.843
8481704,F,PP,MNFI,7,1,193.27,2.173,0.874,4.478
8481704,F,PP,FNFI,1,0,193.27,0.31,0.008,1.73
8481704,F,PK,MNFI,0,0,47.2,0.0,0.0,4.689
8481704,F,PK,FNFI,0,0,47.2,0.0,0.0,4.689
8481013,F,ES,MNFI,66,8,2307.78,1.716,1.327,2.183
8481013,F,ES,FNFI,36,0,2307.78,0.936,0.656,1.296
8481013,F,PP,MNFI,8,3,252.88,1.898,0.819,3.74
8481013,F,PP,FNFI,0,0,252.88,0.0,0.0,0.875
8481013,F,PK,MNFI,1,0,57.18,1.049,0.027,5.846
8481013,F,PK,FNFI,0,0,57.18,0.0,0.0,3.871
8481601,F,ES,MNFI,136,10,3425.52,2.382,1.999,2.818
8481601,F,ES,FNFI,32,3,3425.52,0.56,0.383,0.791
8481601,F,PP,MNFI,11,0,477.65,1.382,0.69,2.472
8481601,F,PP,FNFI,7,1,477.65,0.879,0.354,1.812
8481601,F,PK,MNFI,10,3,100.65,5.961,2.859,10.963
8481601,F,PK,FNFI,0,0,100.65,0.0,0.0,2.199
8482146,F,ES,MNFI,123,2,3155.6,2.339,1.944,2.79
8482146,F,ES,FNFI,28,1,3155.6,0.532,0.354,0.769
8482146,F,PP,MNFI,27,0,443.33,3.654,2.408,5.317
8482146,F,PP,FNFI,3,0,443.33,0.406,0.084,1.187
8482146,F,PK,MNFI,0,0,97.72,0.0,0.0,2.265
8482146,F,PK,FNFI,0,0,97.72,0.0,0.0,2.265
8480893,F,ES,MNFI,280,31,4244.07,3.958,3.508,4.45
8480893,F,ES,FNFI,99,3,4244.07,1.4,1.138,1.704
8480893,F,PP,MNFI,76,5,609.92,7.476,5.891,9.358
8480893,F,PP,FNFI,28,2,609.92,2.754,1.83,3.981
8480893,F,PK,MNFI,1,1,104.97,0.572,0.014,3.185
8480893,F,PK,FNFI,0,0,104.97,0.0,0.0,2.109
8481422,F,ES,MNFI,13,1,486.15,1.604,0.854,2.744
8481422,F,ES,FNFI,5,1,486.15,0.617,0.2,1.44
8481422,F,PP,MNFI,0,0,52.92,0.0,0.0,4.183
8481422,F,PP,FNFI,1,0,52.92,1.134,0.029,6.317
8481422,F,PK,MNFI,0,0,11.8,0.0,0.0,18.757
8481422,F,PK,FNFI,0,0,11.8,0.0,0.0,18.757
8480245,F,ES,MNFI,21,0,513.05,2.456,1.52,3.754
8480245,F,ES,FNFI,3,0,513.05,0.351,0.072,1.025
8480245,F,PP,MNFI,0,0,32.27,0.0,0.0,6.859
8480245,F,PP,FNFI,0,0,32.27,0.0,0.0,6.859
8480245,F,PK,MNFI,0,0,11.4,0.0,0.0,19.415
8480245,F,PK,FNFI,0,0,11.4,0.0,0.0,19.415
8482691,F,ES,MNFI,42,4,1096.35,2.299,1.657,3.107
8482691,F,ES,FNFI,25,0,1096.35,1.368,0.885,2.02
8482691,F,PP,MNFI,3,0,93.47,1.926,0.397,5.628
8482691,F,PP,FNFI,0,0,93.47,0.0,0.0,2.368
8482691,F,PK,MNFI,1,0,11.62,5.165,0.131,28.777
8482691,F,PK,FNFI,1,0,11.62,5.165,0.131,28.777
8482451,F,ES,MNFI,24,3,760.43,1.894,1.213,2.818
8482451,F,ES,FNFI,9,0,760.43,0.71,0.325,1.348
8482451,F,PP,MNFI,0,0,82.63,0.0,0.0,2.678
8482451,F,PP,FNFI,0,0,82.63,0.0,0.0,2.678
8482451,F,PK,MNFI,2,1,23.68,5.067,0.614,18.303
8482451,F,PK,FNFI,0,0,23.68,0.0,0.0,9.346
8478028,F,ES,MNFI,33,2,734.38,2.696,1.856,3.786
8478028,F,ES,FNFI,12,0,734.38,0.98,0.507,1.713
8478028,F,PP,MNFI,0,0,87.77,0.0,0.0,2.522
8478028,F,PP,FNFI,0,0,87.77,0.0,0.0,2.522
8478028,F,PK,MNFI,0,0,18.75,0.0,0.0,11.804
8478028,F,PK,FNFI,0,0,18.75,0.0,0.0,11.804
8482259,F,ES,MNFI,125,23,2633.88,2.848,2.37,3.393
8482259,F,ES,FNFI,32,0,2633.88,0.729,0.499,1.029
8482259,F,PP,MNFI,7,1,269.85,1.556,0.626,3.207
8482259,F,PP,FNFI,2,1,269.85,0.445,0.054,1.606
8482259,F,PK,MNFI,1,0,66.2,0.906,0.023,5.05
8482259,F,PK,FNFI,0,0,66.2,0.0,0.0,3.343
8481592,F,ES,MNFI,36,0,903.35,2.391,1.675,3.31
8481592,F,ES,FNFI,16,0,903.35,1.063,0.607,1.726
8481592,F,PP,MNFI,9,0,97.65,5.53,2.529,10.498
8481592,F,PP,FNFI,0,0,97.65,0.0,0.0,2.267
8481592,F,PK,MNFI,0,0,24.95,0.0,0.0,8.871
8481592,F,PK,FNFI,1,0,24.95,2.405,0.061,13.399
8482092,F,ES,MNFI,125,8,3174.6,2.363,1.967,2.815
8482092,F,ES,FNFI,20,0,3174.6,0.378,0.231,0.584
8482092,F,PP,MNFI,17,3,581.6,1.754,1.022,2.808
8482092,F,PP,FNFI,1,0,581.6,0.103,0.003,0.575
8482092,F,PK,MNFI,4,1,100.65,2.385,0.65,6.105
8482092,F,PK,FNFI,0,0,100.65,0.0,0.0,2.199
8476858,F,ES,MNFI,30,1,1132.6,1.589,1.072,2.269
8476858,F,ES,FNFI,10,0,1132.6,0.53,0.254,0.974
8476858,F,PP,MNFI,0,0,120.37,0.0,0.0,1.839
8476858,F,PP,FNFI,0,0,120.37,0.0,0.0,1.839
8476858,F,PK,MNFI,2,0,27.25,4.404,0.533,15.908
8476858,F,PK,FNFI,1,0,27.25,2.202,0.056,12.268
8482157,F,ES,MNFI,133,10,2989.18,2.67,2.235,3.164
8482157,F,ES,FNFI,37,0,2989.18,0.743,0.523,1.024
8482157,F,PP,MNFI,10,1,393.58,1.524,0.731,2.804
8482157,F,PP,FNFI,2,0,393.58,0.305,0.037,1.101
8482157,F,PK,MNFI,0,0,80.15,0.0,0.0,2.761
8482157,F,PK,FNFI,0,0,80.15,0.0,0.0,2.761
8480252,F,ES,MNFI,33,2,454.78,4.354,2.997,6.114
8480252,F,ES,FNFI,14,0,454.78,1.847,1.01,3.099
8480252,F,PP,MNFI,7,0,66.15,6.349,2.553,13.082
8480252,F,PP,FNFI,1,0,66.15,0.907,0.023,5.054
8480252,F,PK,MNFI,0,0,18.52,0.0,0.0,11.953
8480252,F,PK,FNFI,0,0,18.52,0.0,0.0,11.953
8479423,F,ES,MNFI,29,0,546.65,3.183,2.132,4.571
8479423,F,ES,FNFI,11,0,546.65,1.207,0.603,2.16
8479423,F,PP,MNFI,6,0,54.55,6.599,2.422,14.364
8479423,F,PP,FNFI,3,1,54.55,3.3,0.68,9.643
8479423,F,PK,MNFI,0,0,10.37,0.0,0.0,21.35
8479423,F,PK,FNFI,0,0,10.37,0.0,0.0,21.35
8482159,F,ES,MNFI,140,10,2711.1,3.098,2.606,3.656
8482159,F,ES,FNFI,42,4,2711.1,0.93,0.67,1.256
8482159,F,PP,MNFI,26,0,419.95,3.715,2.427,5.443
8482159,F,PP,FNFI,10,0,419.95,1.429,0.685,2.628
8482159,F,PK,MNFI,3,1,88.98,2.023,0.417,5.912
8482159,F,PK,FNFI,1,0,88.98,0.674,0.017,3.757
8481754,F,ES,MNFI,21,0,627.47,2.008,1.243,3.07
8481754,F,ES,FNFI,10,0,627.47,0.956,0.459,1.759
8481754,F,PP,MNFI,0,0,44.75,0.0,0.0,4.946
8481754,F,PP,FNFI,0,0,44.75,0.0,0.0,4.946
8481754,F,PK,MNFI,0,0,9.53,0.0,0.0,23.217
8481754,F,PK,FNFI,0,0,9.53,0.0,0.0,23.217
8483464,F,ES,MNFI,63,4,1906.77,1.982,1.523,2.536
8483464,F,ES,FNFI,24,1,1906.77,0.755,0.484,1.124
8483464,F,PP,MNFI,11,1,268.35,2.459,1.228,4.401
8483464,F,PP,FNFI,3,0,268.35,0.671,0.138,1.96
8483464,F,PK,MNFI,0,0,44.3,0.0,0.0,4.996
8483464,F,PK,FNFI,0,0,44.3,0.0,0.0,4.996
8482720,F,ES,MNFI,101,12,3315.42,1.828,1.489,2.221
8482720,F,ES,FNFI,25,0,3315.42,0.452,0.293,0.668
8482720,F,PP,MNFI,13,1,518.37,1.505,0.801,2.573
8482720,F,PP,FNFI,1,0,518.37,0.116,0.003,0.645
8482720,F,PK,MNFI,2,0,96.32,1.246,0.151,4.501
8482720,F,PK,FNFI,0,0,96.32,0.0,0.0,2.298
8482679,F,ES,MNFI,154,10,2589.42,3.568,3.027,4.179
8482679,F,ES,FNFI,81,3,2589.42,1.877,1.491,2.333
8482679,F,PP,MNFI,36,3,339.95,6.354,4.45,8.796
8482679,F,PP,FNFI,5,0,339.95,0.882,0.287,2.059
8482679,F,PK,MNFI,0,0,55.47,0.0,0.0,3.99
8482679,F,PK,FNFI,0,0,55.47,0.0,0.0,3.99
8484144,F,ES,MNFI,189,14,3667.65,3.092,2.667,3.566
8484144,F,ES,FNFI,70,2,3667.65,1.145,0.893,1.447
8484144,F,PP,MNFI,58,4,491.92,7.074,5.372,9.145
8484144,F,PP,FNFI,40,0,491.92,4.879,3.486,6.644
8484144,F,PK,MNFI,1,0,94.12,0.638,0.016,3.552
8484144,F,PK,FNFI,0,0,94.12,0.0,0.0,2.352
8483489,F,ES,MNFI,48,7,1237.7,2.327,1.716,3.085
8483489,F,ES,FNFI,18,1,1237.7,0.873,0.517,1.379
8483489,F,PP,MNFI,10,1,210.03,2.857,1.37,5.254
8483489,F,PP,FNFI,1,0,210.03,0.286,0.007,1.592
8483489,F,PK,MNFI,3,0,44.48,4.046,0.834,11.825
8483489,F,PK,FNFI,0,0,44.48,0.0,0.0,4.976
8481556,F,ES,MNFI,26,2,1487.43,1.049,0.685,1.537
8481556,F,ES,FNFI,9,0,1487.43,0.363,0.166,0.689
8481556,F,PP,MNFI,0,0,230.05,0.0,0.0,0.962
8481556,F,PP,FNFI,0,0,230.05,0.0,0.0,0.962
8481556,F,PK,MNFI,2,0,48.48,2.475,0.3,8.941
8481556,F,PK,FNFI,1,0,48.48,1.238,0.031,6.895
8483505,F,ES,MNFI,46,1,763.52,3.615,2.647,4.822
8483505,F,ES,FNFI,7,0,763.52,0.55,0.221,1.133
8483505,F,PP,MNFI,2,0,91.67,1.309,0.159,4.729
8483505,F,PP,FNFI,0,0,91.67,0.0,0.0,2.415
8483505,F,PK,MNFI,0,0,31.82,0.0,0.0,6.957
8483505,F,PK,FNFI,0,0,31.82,0.0,0.0,6.957
8482155,F,ES,MNFI,211,10,3234.38,3.914,3.404,4.479
8482155,F,ES,FNFI,64,1,3234.38,1.187,0.914,1.516
8482155,F,PP,MNFI,17,0,389.47,2.619,1.526,4.193
8482155,F,PP,FNFI,3,0,389.47,0.462,0.095,1.351
8482155,F,PK,MNFI,5,1,88.3,3.398,1.103,7.929
8482155,F,PK,FNFI,0,0,88.3,0.0,0.0,2.507
8484145,F,ES,MNFI,71,5,2596.53,1.641,1.281,2.069
8484145,F,ES,FNFI,21,0,2596.53,0.485,0.3,0.742
8484145,F,PP,MNFI,10,2,407.63,1.472,0.706,2.707
8484145,F,PP,FNFI,1,0,407.63,0.147,0.004,0.82
8484145,F,PK,MNFI,5,0,99.35,3.02,0.98,7.047
8484145,F,PK,FNFI,2,0,99.35,1.208,0.146,4.363
8484166,F,ES,MNFI,174,9,3082.65,3.387,2.902,3.929
8484166,F,ES,FNFI,56,1,3082.65,1.09,0.823,1.415
8484166,F,PP,MNFI,41,4,429.02,5.734,4.115,7.779
8484166,F,PP,FNFI,7,0,429.02,0.979,0.394,2.017
8484166,F,PK,MNFI,1,0,80.03,0.75,0.019,4.177
8484166,F,PK,FNFI,0,0,80.03,0.0,0.0,2.766
8482713,F,ES,MNFI,87,2,1765.08,2.957,2.369,3.648
8482713,F,ES,FNFI,49,0,1765.08,1.666,1.232,2.202
8482713,F,PP,MNFI,20,1,272.2,4.409,2.693,6.809
8482713,F,PP,FNFI,12,0,272.2,2.645,1.367,4.62
8482713,F,PK,MNFI,0,0,46.0,0.0,0.0,4.812
8482713,F,PK,FNFI,0,0,46.0,0.0,0.0,4.812
8481789,F,ES,MNFI,96,5,2048.38,2.812,2.278,3.434
8481789,F,ES,FNFI,25,1,2048.38,0.732,0.474,1.081
8481789,F,PP,MNFI,0,0,187.18,0.0,0.0,1.182
8481789,F,PP,FNFI,2,0,187.18,0.641,0.078,2.316
8481789,F,PK,MNFI,2,1,31.73,3.782,0.458,13.66
8481789,F,PK,FNFI,0,0,31.73,0.0,0.0,6.975
8483431,F,ES,MNFI,103,10,2858.18,2.162,1.765,2.622
8483431,F,ES,FNFI,37,1,2858.18,0.777,0.547,1.071
8483431,F,PP,MNFI,22,0,474.62,2.781,1.743,4.211
8483431,F,PP,FNFI,6,1,474.62,0.759,0.278,1.651
8483431,F,PK,MNFI,3,1,103.65,1.737,0.358,5.075
8483431,F,PK,FNFI,0,0,103.65,0.0,0.0,2.135
8482088,F,ES,MNFI,33,3,1025.5,1.931,1.329,2.712
8482088,F,ES,FNFI,12,0,1025.5,0.702,0.363,1.226
8482088,F,PP,MNFI,5,0,110.37,2.718,0.883,6.343
8482088,F,PP,FNFI,2,0,110.37,1.087,0.132,3.928
8482088,F,PK,MNFI,0,0,27.23,0.0,0.0,8.127
8482088,F,PK,FNFI,1,0,27.23,2.203,0.056,12.275
8484153,F,ES,MNFI,133,10,2825.3,2.824,2.365,3.347
8484153,F,ES,FNFI,55,5,2825.3,1.168,0.88,1.52
8484153,F,PP,MNFI,35,1,481.52,4.361,3.038,6.065
8484153,F,PP,FNFI,7,0,481.52,0.872,0.351,1.797
8484153,F,PK,MNFI,3,2,89.9,2.002,0.413,5.851
8484153,F,PK,FNFI,1,0,89.9,0.667,0.017,3.719
8481716,F,ES,MNFI,78,7,2644.65,1.77,1.399,2.209
8481716,F,ES,FNFI,20,0,2644.65,0.454,0.277,0.701
8481716,F,PP,MNFI,17,1,346.67,2.942,1.714,4.711
8481716,F,PP,FNFI,2,1,346.67,0.346,0.042,1.25
8481716,F,PK,MNFI,0,0,59.92,0.0,0.0,3.694
8481716,F,PK,FNFI,0,0,59.92,0.0,0.0,3.694
8482074,F,ES,MNFI,85,4,2440.32,2.09,1.669,2.584
8482074,F,ES,FNFI,35,2,2440.32,0.861,0.599,1.197
8482074,F,PP,MNFI,24,0,336.7,4.277,2.74,6.364
8482074,F,PP,FNFI,6,0,336.7,1.069,0.392,2.327
8482074,F,PK,MNFI,0,0,66.03,0.0,0.0,3.352
8482074,F,PK,FNFI,0,0,66.03,0.0,0.0,3.352
8481028,F,ES,MNFI,76,2,1923.43,2.371,1.868,2.967
8481028,F,ES,FNFI,42,1,1923.43,1.31,0.944,1.771
8481028,F,PP,MNFI,3,0,139.52,1.29,0.266,3.77
8481028,F,PP,FNFI,1,0,139.52,0.43,0.011,2.396
8481028,F,PK,MNFI,0,0,26.13,0.0,0.0,8.469
8481028,F,PK,FNFI,0,0,26.13,0.0,0.0,8.469
8482751,F,ES,MNFI,46,2,875.48,3.153,2.308,4.205
8482751,F,ES,FNFI,7,0,875.48,0.48,0.193,0.988
8482751,F,PP,MNFI,0,0,90.58,0.0,0.0,2.443
8482751,F,PP,FNFI,0,0,90.58,0.0,0.0,2.443
8482751,F,PK,MNFI,2,0,13.58,8.834,1.07,31.913
8482751,F,PK,FNFI,1,0,13.58,4.417,0.112,24.611
8483512,F,ES,MNFI,47,3,1060.1,2.66,1.955,3.537
8483512,F,ES,FNFI,15,0,1060.1,0.849,0.475,1.4
8483512,F,PP,MNFI,1,0,145.58,0.412,0.01,2.296
8483512,F,PP,FNFI,0,0,145.58,0.0,0.0,1.52
8483512,F,PK,MNFI,1,1,35.6,1.685,0.043,9.39
8483512,F,PK,FNFI,1,0,35.6,1.685,0.043,9.39
8481024,F,ES,MNFI,38,3,1059.55,2.152,1.523,2.954
8481024,F,ES,FNFI,10,0,1059.55,0.566,0.272,1.041
8481024,F,PP,MNFI,4,0,128.18,1.872,0.51,4.794
8481024,F,PP,FNFI,1,0,128.18,0.468,0.012,2.608
8481024,F,PK,MNFI,0,0,23.68,0.0,0.0,9.346
8481024,F,PK,FNFI,0,0,23.68,0.0,0.0,9.346
8482765,F,ES,MNFI,21,3,506.58,2.487,1.54,3.802
8482765,F,ES,FNFI,10,0,506.58,1.184,0.568,2.178
8482765,F,PP,MNFI,2,1,48.8,2.459,0.298,8.883
8482765,F,PP,FNFI,2,0,48.8,2.459,0.298,8.883
8482765,F,PK,MNFI,0,0,5.82,0.0,0.0,38.051
8482765,F,PK,FNFI,0,0,5.82,0.0,0.0,38.051
8483468,F,ES,MNFI,61,7,901.72,4.059,3.105,5.214
8483468,F,ES,FNFI,23,1,901.72,1.53,0.97,2.296
8483468,F,PP,MNFI,5,0,109.63,2.736,0.888,6.386
8483468,F,PP,FNFI,3,0,109.63,1.642,0.339,4.798
8483468,F,PK,MNFI,0,0,33.53,0.0,0.0,6.6
8483468,F,PK,FNFI,0,0,33.53,0.0,0.0,6.6
8481726,F,ES,MNFI,33,3,855.38,2.315,1.593,3.251
8481726,F,ES,FNFI,3,1,855.38,0.21,0.043,0.615
8481726,F,PP,MNFI,0,0,31.3,0.0,0.0,7.071
8481726,F,PP,FNFI,0,0,31.3,0.0,0.0,7.071
8481726,F,PK,MNFI,0,0,10.4,0.0,0.0,21.282
8481726,F,PK,FNFI,0,0,10.4,0.0,0.0,21.282
8483491,F,ES,MNFI,23,0,504.92,2.733,1.733,4.101
8483491,F,ES,FNFI,9,0,504.92,1.069,0.489,2.03
8483491,F,PP,MNFI,1,0,30.42,1.973,0.05,10.991
8483491,F,PP,FNFI,0,0,30.42,0.0,0.0,7.277
8483491,F,PK,MNFI,0,0,11.82,0.0,0.0,18.731
8483491,F,PK,FNFI,0,0,11.82,0.0,0.0,18.731
8482476,F,ES,MNFI,102,7,1794.15,3.411,2.781,4.141
8482476,F,ES,FNFI,39,4,1794.15,1.304,0.927,1.783
8482476,F,PP,MNFI,19,2,223.48,5.101,3.071,7.966
8482476,F,PP,FNFI,3,0,223.48,0.805,0.166,2.354
8482476,F,PK,MNFI,0,0,52.2,0.0,0.0,4.24
8482476,F,PK,FNFI,0,0,52.2,0.0,0.0,4.24
8482201,F,ES,MNFI,46,5,1528.77,1.805,1.322,2.408
8482201,F,ES,FNFI,14,1,1528.77,0.549,0.3,0.922
8482201,F,PP,MNFI,4,0,128.62,1.866,0.508,4.778
8482201,F,PP,FNFI,1,0,128.62,0.467,0.012,2.599
8482201,F,PK,MNFI,0,0,30.43,0.0,0.0,7.273
8482201,F,PK,FNFI,0,0,30.43,0.0,0.0,7.273
8481237,F,ES,MNFI,36,2,1595.22,1.354,0.948,1.875
8481237,F,ES,FNFI,14,0,1595.22,0.527,0.288,0.884
8481237,F,PP,MNFI,0,0,90.08,0.0,0.0,2.457
8481237,F,PP,FNFI,0,0,90.08,0.0,0.0,2.457
8481237,F,PK,MNFI,0,0,18.05,0.0,0.0,12.262
8481237,F,PK,FNFI,1,0,18.05,3.324,0.084,18.521
8482460,F,ES,MNFI,16,0,592.03,1.622,0.927,2.633
8482460,F,ES,FNFI,1,0,592.03,0.101,0.003,0.565
8482460,F,PP,MNFI,0,0,36.03,0.0,0.0,6.142
8482460,F,PP,FNFI,0,0,36.03,0.0,0.0,6.142
8482460,F,PK,MNFI,0,0,4.53,0.0,0.0,48.823
8482460,F,PK,FNFI,0,0,4.53,0.0,0.0,48.823
8479638,F,ES,MNFI,62,3,1678.62,2.216,1.699,2.841
8479638,F,ES,FNFI,7,0,1678.62,0.25,0.101,0.516
8479638,F,PP,MNFI,3,1,181.13,0.994,0.205,2.904
8479638,F,PP,FNFI,1,0,181.13,0.331,0.008,1.846
8479638,F,PK,MNFI,0,0,46.67,0.0,0.0,4.743
8479638,F,PK,FNFI,0,0,46.67,0.0,0.0,4.743
8482737,F,ES,MNFI,111,9,1999.73,3.33,2.74,4.011
8482737,F,ES,FNFI,38,0,1999.73,1.14,0.807,1.565
8482737,F,PP,MNFI,34,7,207.58,9.827,6.806,13.733
8482737,F,PP,FNFI,5,1,207.58,1.445,0.469,3.373
8482737,F,PK,MNFI,0,0,32.67,0.0,0.0,6.775
8482737,F,PK,FNFI,0,0,32.67,0.0,0.0,6.775
8482702,F,ES,MNFI,123,5,2300.97,3.207,2.666,3.827
8482702,F,ES,FNFI,77,0,2300.97,2.008,1.585,2.509
8482702,F,PP,MNFI,25,3,320.73,4.677,3.027,6.904
8482702,F,PP,FNFI,4,0,320.73,0.748,0.204,1.916
8482702,F,PK,MNFI,0,0,64.23,0.0,0.0,3.446
8482702,F,PK,FNFI,0,0,64.23,0.0,0.0,3.446
8482859,F,ES,MNFI,27,1,1014.48,1.597,1.052,2.323
8482859,F,ES,FNFI,6,0,1014.48,0.355,0.13,0.772
8482859,F,PP,MNFI,0,0,116.78,0.0,0.0,1.895
8482859,F,PP,FNFI,0,0,116.78,0.0,0.0,1.895
8482859,F,PK,MNFI,2,0,13.53,8.867,1.074,32.031
8482859,F,PK,FNFI,0,0,13.53,0.0,0.0,16.355
8482172,F,ES,MNFI,26,0,985.62,1.583,1.034,2.319
8482172,F,ES,FNFI,8,1,985.62,0.487,0.21,0.96
8482172,F,PP,MNFI,0,0,93.88,0.0,0.0,2.358
8482172,F,PP,FNFI,0,0,93.88,0.0,0.0,2.358
8482172,F,PK,MNFI,4,0,21.47,11.18,3.046,28.626
8482172,F,PK,FNFI,1,0,21.47,2.795,0.071,15.573
8482177,F,ES,MNFI,49,7,1851.3,1.588,1.175,2.1
8482177,F,ES,FNFI,10,0,1851.3,0.324,0.155,0.596
8482177,F,PP,MNFI,0,0,241.58,0.0,0.0,0.916
8482177,F,PP,FNFI,0,0,241.58,0.0,0.0,0.916
8482177,F,PK,MNFI,5,0,50.92,5.892,1.913,13.75
8482177,F,PK,FNFI,0,0,50.92,0.0,0.0,4.347
8482659,F,ES,MNFI,81,4,1788.07,2.718,2.158,3.378
8482659,F,ES,FNFI,16,1,1788.07,0.537,0.307,0.872
8482659,F,PP,MNFI,16,1,231.45,4.148,2.371,6.736
8482659,F,PP,FNFI,4,0,231.45,1.037,0.283,2.655
8482659,F,PK,MNFI,0,0,46.33,0.0,0.0,4.777
8482659,F,PK,FNFI,0,0,46.33,0.0,0.0,4.777
8482145,F,ES,MNFI,51,3,1852.23,1.652,1.23,2.172
8482145,F,ES,FNFI,21,0,1852.23,0.68,0.421,1.04
8482145,F,PP,MNFI,8,0,226.8,2.116,0.914,4.17
8482145,F,PP,FNFI,3,0,226.8,0.794,0.164,2.319
8482145,F,PK,MNFI,1,0,50.22,1.195,0.03,6.657
8482145,F,PK,FNFI,0,0,50.22,0.0,0.0,4.408
8484911,F,ES,MNFI,57,3,1606.38,2.129,1.612,2.758
8484911,F,ES,FNFI,10,0,1606.38,0.374,0.179,0.687
8484911,F,PP,MNFI,4,0,279.38,0.859,0.234,2.199
8484911,F,PP,FNFI,3,0,279.38,0.644,0.133,1.883
8484911,F,PK,MNFI,5,3,43.7,6.865,2.229,16.021
8484911,F,PK,FNFI,2,0,43.7,2.746,0.333,9.919
8483499,F,ES,MNFI,56,2,1091.98,3.077,2.324,3.996
8483499,F,ES,FNFI,26,1,1091.98,1.429,0.933,2.093
8483499,F,PP,MNFI,2,0,95.13,1.261,0.153,4.557
8483499,F,PP,FNFI,0,0,95.13,0.0,0.0,2.327
8483499,F,PK,MNFI,0,0,20.97,0.0,0.0,10.556
8483499,F,PK,FNFI,0,0,20.97,0.0,0.0,10.556
8483493,F,ES,MNFI,86,6,1659.15,3.11,2.488,3.841
8483493,F,ES,FNFI,29,0,1659.15,1.049,0.702,1.506
8483493,F,PP,MNFI,16,0,270.1,3.554,2.032,5.772
8483493,F,PP,FNFI,5,0,270.1,1.111,0.361,2.592
8483493,F,PK,MNFI,5,1,57.12,5.252,1.705,12.257
8483493,F,PK,FNFI,1,0,57.12,1.05,0.027,5.853
8482809,F,ES,MNFI,102,8,1958.72,3.124,2.548,3.793
8482809,F,ES,FNFI,16,0,1958.72,0.49,0.28,0.796
8482809,F,PP,MNFI,32,3,317.67,6.044,4.134,8.532
8482809,F,PP,FNFI,0,0,317.67,0.0,0.0,0.697
8482809,F,PK,MNFI,0,0,64.08,0.0,0.0,3.454
8482809,F,PK,FNFI,0,0,64.08,0.0,0.0,3.454
8484149,F,ES,MNFI,24,0,460.33,3.128,2.004,4.654
8484149,F,ES,FNFI,4,0,460.33,0.521,0.142,1.335
8484149,F,PP,MNFI,4,0,66.28,3.621,0.987,9.271
8484149,F,PP,FNFI,1,0,66.28,0.905,0.023,5.043
8484149,F,PK,MNFI,0,0,18.43,0.0,0.0,12.007
8484149,F,PK,FNFI,0,0,18.43,0.0,0.0,12.007
8483609,F,ES,MNFI,39,1,1035.32,2.26,1.607,3.09
8483609,F,ES,FNFI,32,0,1035.32,1.855,1.268,2.618
8483609,F,PP,MNFI,0,0,71.95,0.0,0.0,3.076
8483609,F,PP,FNFI,0,0,71.95,0.0,0.0,3.076
8483609,F,PK,MNFI,0,0,12.77,0.0,0.0,17.337
8483609,F,PK,FNFI,0,0,12.77,0.0,0.0,17.337
8483445,F,ES,MNFI,109,9,2019.07,3.239,2.66,3.907
8483445,F,ES,FNFI,70,1,2019.07,2.08,1.622,2.628
8483445,F,PP,MNFI,31,1,299.83,6.203,4.215,8.805
8483445,F,PP,FNFI,14,1,299.83,2.802,1.532,4.701
8483445,F,PK,MNFI,1,0,47.23,1.27,0.032,7.078
8483445,F,PK,FNFI,1,0,47.23,1.27,0.032,7.078
8484221,F,ES,MNFI,19,4,834.07,1.367,0.823,2.134
8484221,F,ES,FNFI,7,0,834.07,0.504,0.202,1.038
8484221,F,PP,MNFI,4,0,103.98,2.308,0.629,5.91
8484221,F,PP,FNFI,0,0,103.98,0.0,0.0,2.129
8484221,F,PK,MNFI,0,0,21.85,0.0,0.0,10.13
8484221,F,PK,FNFI,0,0,21.85,0.0,0.0,10.13
8481042,F,ES,MNFI,14,0,585.8,1.434,0.784,2.406
8481042,F,ES,FNFI,5,0,585.8,0.512,0.166,1.195
8481042,F,PP,MNFI,3,1,62.22,2.893,0.597,8.455
8481042,F,PP,FNFI,0,0,62.22,0.0,0.0,3.557
8481042,F,PK,MNFI,0,0,8.63,0.0,0.0,25.637
8481042,F,PK,FNFI,0,0,8.63,0.0,0.0,25.637
8482775,F,ES,MNFI,49,2,1067.67,2.754,2.037,3.64
8482775,F,ES,FNFI,12,0,1067.67,0.674,0.348,1.178
8482775,F,PP,MNFI,7,0,207.35,2.026,0.814,4.173
8482775,F,PP,FNFI,0,0,207.35,0.0,0.0,1.067
8482775,F,PK,MNFI,0,0,39.57,0.0,0.0,5.594
8482775,F,PK,FNFI,0,0,39.57,0.0,0.0,5.594
8484958,F,ES,MNFI,67,2,1389.35,2.893,2.242,3.675
8484958,F,ES,FNFI,24,0,1389.35,1.036,0.664,1.542
8484958,F,PP,MNFI,2,0,124.2,0.966,0.117,3.49
8484958,F,PP,FNFI,3,0,124.2,1.449,0.299,4.235
8484958,F,PK,MNFI,0,0,24.55,0.0,0.0,9.016
8484958,F,PK,FNFI,0,0,24.55,0.0,0.0,9.016
8484801,F,ES,MNFI,138,18,2460.63,3.365,2.827,3.976
8484801,F,ES,FNFI,86,3,2460.63,2.097,1.677,2.59
8484801,F,PP,MNFI,64,3,450.92,8.516,6.558,10.875
8484801,F,PP,FNFI,36,3,450.92,4.79,3.355,6.632
8484801,F,PK,MNFI,0,0,67.28,0.0,0.0,3.29
8484801,F,PK,FNFI,1,0,67.28,0.892,0.023,4.969
8484227,F,ES,MNFI,100,4,1937.93,3.096,2.519,3.766
8484227,F,ES,FNFI,33,1,1937.93,1.022,0.703,1.435
8484227,F,PP,MNFI,25,2,319.77,4.691,3.036,6.925
8484227,F,PP,FNFI,12,1,319.77,2.252,1.163,3.933
8484227,F,PK,MNFI,0,0,53.22,0.0,0.0,4.159
8484227,F,PK,FNFI,0,0,53.22,0.0,0.0,4.159
8484387,F,ES,MNFI,74,10,2049.02,2.167,1.701,2.72
8484387,F,ES,FNFI,39,0,2049.02,1.142,0.812,1.561
8484387,F,PP,MNFI,20,2,308.48,3.89,2.376,6.008
8484387,F,PP,FNFI,9,1,308.48,1.75,0.8,3.323
8484387,F,PK,MNFI,0,0,55.48,0.0,0.0,3.989
8484387,F,PK,FNFI,0,0,55.48,0.0,0.0,3.989
8480840,F,ES,MNFI,39,0,1438.37,1.627,1.157,2.224
8480840,F,ES,FNFI,2,0,1438.37,0.083,0.01,0.301
8480840,F,PP,MNFI,0,0,228.92,0.0,0.0,0.967
8480840,F,PP,FNFI,0,0,228.92,0.0,0.0,0.967
8480840,F,PK,MNFI,1,0,37.73,1.59,0.04,8.86
8480840,F,PK,FNFI,0,0,37.73,0.0,0.0,5.866
8483447,F,ES,MNFI,21,1,698.32,1.804,1.117,2.758
8483447,F,ES,FNFI,6,0,698.32,0.516,0.189,1.122
8483447,F,PP,MNFI,8,1,48.03,9.993,4.314,19.69
8483447,F,PP,FNFI,0,0,48.03,0.0,0.0,4.608
8483447,F,PK,MNFI,0,0,16.8,0.0,0.0,13.175
8483447,F,PK,FNFI,0,0,16.8,0.0,0.0,13.175
8482742,F,ES,MNFI,31,1,884.18,2.104,1.429,2.986
8482742,F,ES,FNFI,13,0,884.18,0.882,0.47,1.509
8482742,F,PP,MNFI,1,0,99.27,0.604,0.015,3.368
8482742,F,PP,FNFI,2,0,99.27,1.209,0.146,4.367
8482742,F,PK,MNFI,0,0,24.85,0.0,0.0,8.907
8482742,F,PK,FNFI,0,0,24.85,0.0,0.0,8.907
8482726,F,ES,MNFI,30,5,792.0,2.273,1.533,3.244
8482726,F,ES,FNFI,5,0,792.0,0.379,0.123,0.884
8482726,F,PP,MNFI,0,0,26.97,0.0,0.0,8.208
8482726,F,PP,FNFI,0,0,26.97,0.0,0.0,8.208
8482726,F,PK,MNFI,0,0,5.75,0.0,0.0,38.493
8482726,F,PK,FNFI,0,0,5.75,0.0,0.0,38.493
8483733,F,ES,MNFI,23,1,633.67,2.178,1.381,3.268
8483733,F,ES,FNFI,4,1,633.67,0.379,0.103,0.97
8483733,F,PP,MNFI,2,0,40.97,2.929,0.355,10.581
8483733,F,PP,FNFI,1,0,40.97,1.465,0.037,8.16
8483733,F,PK,MNFI,0,0,6.1,0.0,0.0,36.284
8483733,F,PK,FNFI,0,0,6.1,0.0,0.0,36.284
8482768,F,ES,MNFI,58,3,1250.93,2.782,2.112,3.596
8482768,F,ES,FNFI,23,1,1250.93,1.103,0.699,1.655
8482768,F,PP,MNFI,4,1,131.02,1.832,0.499,4.69
8482768,F,PP,FNFI,1,0,131.02,0.458,0.012,2.552
8482768,F,PK,MNFI,1,0,35.65,1.683,0.043,9.377
8482768,F,PK,FNFI,0,0,35.65,0.0,0.0,6.208
8484136,F,ES,MNFI,27,5,950.6,1.704,1.123,2.48
8484136,F,ES,FNFI,8,0,950.6,0.505,0.218,0.995
8484136,F,PP,MNFI,1,0,76.05,0.789,0.02,4.396
8484136,F,PP,FNFI,0,0,76.05,0.0,0.0,2.91
8484136,F,PK,MNFI,0,0,14.52,0.0,0.0,15.247
8484136,F,PK,FNFI,0,0,14.52,0.0,0.0,15.247
8482896,F,ES,MNFI,11,0,640.65,1.03,0.514,1.843
8482896,F,ES,FNFI,2,0,640.65,0.187,0.023,0.677
8482896,F,PP,MNFI,0,0,80.25,0.0,0.0,2.758
8482896,F,PP,FNFI,0,0,80.25,0.0,0.0,2.758
8482896,F,PK,MNFI,0,0,13.57,0.0,0.0,16.314
8482896,F,PK,FNFI,0,0,13.57,0.0,0.0,16.314
8484829,F,ES,MNFI,18,2,933.2,1.157,0.686,1.829
8484829,F,ES,FNFI,8,0,933.2,0.514,0.222,1.013
8484829,F,PP,MNFI,3,0,144.12,1.249,0.258,3.65
8484829,F,PP,FNFI,0,0,144.12,0.0,0.0,1.536
8484829,F,PK,MNFI,1,0,23.42,2.562,0.065,14.276
8484829,F,PK,FNFI,0,0,23.42,0.0,0.0,9.452
8482703,F,ES,MNFI,35,2,889.72,2.36,1.644,3.283
8482703,F,ES,FNFI,4,0,889.72,0.27,0.073,0.691
8482703,F,PP,MNFI,5,1,79.72,3.763,1.222,8.782
8482703,F,PP,FNFI,0,0,79.72,0.0,0.0,2.776
8482703,F,PK,MNFI,0,0,18.67,0.0,0.0,11.857
8482703,F,PK,FNFI,0,0,18.67,0.0,0.0,11.857
8482408,F,ES,MNFI,25,1,581.73,2.579,1.669,3.806
8482408,F,ES,FNFI,3,0,581.73,0.309,0.064,0.904
8482408,F,PP,MNFI,0,0,21.5,0.0,0.0,10.295
8482408,F,PP,FNFI,0,0,21.5,0.0,0.0,10.295
8482408,F,PK,MNFI,0,0,6.93,0.0,0.0,31.923
8482408,F,PK,FNFI,0,0,6.93,0.0,0.0,31.923
8483573,F,ES,MNFI,39,2,873.6,2.679,1.905,3.662
8483573,F,ES,FNFI,10,0,873.6,0.687,0.329,1.263
8483573,F,PP,MNFI,6,2,103.37,3.483,1.278,7.58
8483573,F,PP,FNFI,0,0,103.37,0.0,0.0,2.141
8483573,F,PK,MNFI,0,0,21.07,0.0,0.0,10.506
8483573,F,PK,FNFI,0,0,21.07,0.0,0.0,10.506
8483553,F,ES,MNFI,19,1,790.1,1.443,0.869,2.253
8483553,F,ES,FNFI,12,0,790.1,0.911,0.471,1.592
8483553,F,PP,MNFI,0,0,31.68,0.0,0.0,6.986
8483553,F,PP,FNFI,0,0,31.68,0.0,0.0,6.986
8483553,F,PK,MNFI,0,0,7.9,0.0,0.0,28.017
8483553,F,PK,FNFI,0,0,7.9,0.0,0.0,28.017
8479022,F,ES,MNFI,22,0,588.32,2.244,1.406,3.397
8479022,F,ES,FNFI,13,0,588.32,1.326,0.706,2.267
8479022,F,PP,MNFI,0,0,46.85,0.0,0.0,4.724
8479022,F,PP,FNFI,0,0,46.85,0.0,0.0,4.724
8479022,F,PK,MNFI,0,0,8.05,0.0,0.0,27.495
8479022,F,PK,FNFI,0,0,8.05,0.0,0.0,27.495
8484197,F,ES,MNFI,15,0,617.03,1.459,0.816,2.406
8484197,F,ES,FNFI,2,1,617.03,0.194,0.024,0.703
8484197,F,PP,MNFI,4,0,67.4,3.561,0.97,9.117
8484197,F,PP,FNFI,1,1,67.4,0.89,0.023,4.96
8484197,F,PK,MNFI,0,0,16.63,0.0,0.0,13.307
8484197,F,PK,FNFI,0,0,16.63,0.0,0.0,13.307
8482758,F,ES,MNFI,22,0,520.5,2.536,1.589,3.84
8482758,F,ES,FNFI,9,0,520.5,1.037,0.474,1.969
8482758,F,PP,MNFI,3,1,59.32,3.035,0.626,8.868
8482758,F,PP,FNFI,0,0,59.32,0.0,0.0,3.731
8482758,F,PK,MNFI,0,0,10.1,0.0,0.0,21.914
8482758,F,PK,FNFI,0,0,10.1,0.0,0.0,21.914
8484186,F,ES,MNFI,44,3,987.17,2.674,1.943,3.59
8484186,F,ES,FNFI,41,2,987.17,2.492,1.788,3.381
8484186,F,PP,MNFI,16,1,136.73,7.021,4.013,11.402
8484186,F,PP,FNFI,5,0,136.73,2.194,0.712,5.12
8484186,F,PK,MNFI,1,0,28.58,2.099,0.053,11.696
8484186,F,PK,FNFI,0,0,28.58,0.0,0.0,7.743
8483516,F,ES,MNFI,66,3,1056.92,3.747,2.898,4.767
8483516,F,ES,FNFI,17,1,1056.92,0.965,0.562,1.545
8483516,F,PP,MNFI,8,0,125.78,3.816,1.648,7.519
8483516,F,PP,FNFI,3,0,125.78,1.431,0.295,4.182
8483516,F,PK,MNFI,0,0,25.23,0.0,0.0,8.771
8483516,F,PK,FNFI,0,0,25.23,0.0,0.0,8.771
8484210,F,ES,MNFI,36,1,736.97,2.931,2.053,4.058
8484210,F,ES,FNFI,4,1,736.97,0.326,0.089,0.834
8484210,F,PP,MNFI,4,0,77.0,3.117,0.849,7.98
8484210,F,PP,FNFI,0,0,77.0,0.0,0.0,2.874
8484210,F,PK,MNFI,0,0,21.78,0.0,0.0,10.161
8484210,F,PK,FNFI,0,0,21.78,0.0,0.0,10.161
8483500,F,ES,MNFI,25,2,789.22,1.901,1.23,2.806
8483500,F,ES,FNFI,9,1,789.22,0.684,0.313,1.299
8483500,F,PP,MNFI,4,1,83.13,2.887,0.787,7.392
8483500,F,PP,FNFI,2,0,83.13,1.443,0.175,5.214
8483500,F,PK,MNFI,0,0,13.62,0.0,0.0,16.255
8483500,F,PK,FNFI,0,0,13.62,0.0,0.0,16.255
8484241,F,ES,MNFI,29,3,750.97,2.317,1.552,3.328
8484241,F,ES,FNFI,10,0,750.97,0.799,0.383,1.469
8484241,F,PP,MNFI,7,1,100.3,4.187,1.684,8.628
8484241,F,PP,FNFI,3,0,100.3,1.795,0.37,5.245
8484241,F,PK,MNFI,1,1,29.68,2.021,0.051,11.262
8484241,F,PK,FNFI,0,0,29.68,0.0,0.0,7.456
8483450,F,ES,MNFI,41,4,1120.42,2.196,1.576,2.979
8483450,F,ES,FNFI,11,0,1120.42,0.589,0.294,1.054
8483450,F,PP,MNFI,6,0,188.37,1.911,0.701,4.16
8483450,F,PP,FNFI,0,0,188.37,0.0,0.0,1.175
8483450,F,PK,MNFI,1,0,35.5,1.69,0.043,9.417
8483450,F,PK,FNFI,0,0,35.5,0.0,0.0,6.235
8484984,F,ES,MNFI,42,2,1041.5,2.42,1.744,3.271
8484984,F,ES,FNFI,12,0,1041.5,0.691,0.357,1.208
8484984,F,PP,MNFI,13,0,163.07,4.783,2.547,8.18
8484984,F,PP,FNFI,6,0,163.07,2.208,0.81,4.805
8484984,F,PK,MNFI,0,0,25.42,0.0,0.0,8.708
8484984,F,PK,FNFI,0,0,25.42,0.0,0.0,8.708
8485414,F,ES,MNFI,47,4,932.52,3.024,2.222,4.021
8485414,F,ES,FNFI,25,2,932.52,1.609,1.041,2.375
8485414,F,PP,MNFI,15,2,162.87,5.526,3.093,9.114
8485414,F,PP,FNFI,2,0,162.87,0.737,0.089,2.662
8485414,F,PK,MNFI,1,0,33.37,1.798,0.046,10.019
8485414,F,PK,FNFI,1,0,33.37,1.798,0.046,10.019
8483690,F,ES,MNFI,34,0,820.63,2.486,1.722,3.474
8483690,F,ES,FNFI,7,0,820.63,0.512,0.206,1.055
8483690,F,PP,MNFI,2,1,140.07,0.857,0.104,3.095
8483690,F,PP,FNFI,0,0,140.07,0.0,0.0,1.58
8483690,F,PK,MNFI,2,0,30.37,3.952,0.479,14.275
8483690,F,PK,FNFI,1,0,30.37,1.976,0.05,11.009
8484860,F,ES,MNFI,26,1,460.08,3.391,2.215,4.968
8484860,F,ES,FNFI,16,0,460.08,2.087,1.193,3.388
8484860,F,PP,MNFI,0,0,61.58,0.0,0.0,3.594
8484860,F,PP,FNFI,3,0,61.58,2.923,0.603,8.542
8484860,F,PK,MNFI,0,0,11.98,0.0,0.0,18.47
8484860,F,PK,FNFI,0,0,11.98,0.0,0.0,18.47
8484471,F,ES,MNFI,33,0,1063.75,1.861,1.281,2.614
8484471,F,ES,FNFI,4,1,1063.75,0.226,0.061,0.578
8484471,F,PP,MNFI,8,2,162.48,2.954,1.275,5.821
8484471,F,PP,FNFI,1,0,162.48,0.369,0.009,2.057
8484471,F,PK,MNFI,0,0,31.47,0.0,0.0,7.034
8484471,F,PK,FNFI,0,0,31.47,0.0,0.0,7.034
8485702,F,ES,MNFI,23,0,514.87,2.68,1.699,4.022
8485702,F,ES,FNFI,7,1,514.87,0.816,0.328,1.681
8485702,F,PP,MNFI,6,0,62.33,5.775,2.119,12.571
8485702,F,PP,FNFI,2,0,62.33,1.925,0.233,6.954
8485702,F,PK,MNFI,0,0,10.37,0.0,0.0,21.35
8485702,F,PK,FNFI,0,0,10.37,0.0,0.0,21.35
8484762,F,ES,MNFI,63,5,1158.15,3.264,2.508,4.176
8484762,F,ES,FNFI,32,0,1158.15,1.658,1.134,2.34
8484762,F,PP,MNFI,3,0,187.58,0.96,0.198,2.804
8484762,F,PP,FNFI,5,0,187.58,1.599,0.519,3.732
8484762,F,PK,MNFI,0,0,28.82,0.0,0.0,7.681
8484762,F,PK,FNFI,0,0,28.82,0.0,0.0,7.681
8481721,F,ES,MNFI,39,2,911.75,2.566,1.825,3.508
8481721,F,ES,FNFI,44,1,911.75,2.896,2.104,3.887
8481721,F,PP,MNFI,4,1,85.93,2.793,0.761,7.151
8481721,F,PP,FNFI,0,0,85.93,0.0,0.0,2.576
8481721,F,PK,MNFI,0,0,13.07,0.0,0.0,16.939
8481721,F,PK,FNFI,0,0,13.07,0.0,0.0,16.939
8484158,F,ES,MNFI,28,1,844.48,1.989,1.322,2.875
8484158,F,ES,FNFI,16,1,844.48,1.137,0.65,1.846
8484158,F,PP,MNFI,6,0,94.2,3.822,1.402,8.318
8484158,F,PP,FNFI,2,1,94.2,1.274,0.154,4.602
8484158,F,PK,MNFI,0,0,20.48,0.0,0.0,10.806
8484158,F,PK,FNFI,0,0,20.48,0.0,0.0,10.806
8483525,F,ES,MNFI,32,0,857.55,2.239,1.531,3.161
8483525,F,ES,FNFI,8,0,857.55,0.56,0.242,1.103
8483525,F,PP,MNFI,3,1,90.05,1.999,0.412,5.842
8483525,F,PP,FNFI,1,0,90.05,0.666,0.017,3.712
8483525,F,PK,MNFI,0,0,19.55,0.0,0.0,11.321
8483525,F,PK,FNFI,0,0,19.55,0.0,0.0,11.321
8485402,F,ES,MNFI,18,2,482.05,2.24,1.328,3.541
8485402,F,ES,FNFI,3,0,482.05,0.373,0.077,1.091
8485402,F,PP,MNFI,4,0,62.03,3.869,1.054,9.906
8485402,F,PP,FNFI,0,0,62.03,0.0,0.0,3.568
8485402,F,PK,MNFI,0,0,10.77,0.0,0.0,20.557
8485402,F,PK,FNFI,0,0,10.77,0.0,0.0,20.557
8484800,F,ES,MNFI,23,1,746.58,1.848,1.172,2.774
8484800,F,ES,FNFI,17,0,746.58,1.366,0.796,2.187
8484800,F,PP,MNFI,4,0,68.62,3.498,0.953,8.955
8484800,F,PP,FNFI,1,0,68.62,0.874,0.022,4.872
8484800,F,PK,MNFI,0,0,14.7,0.0,0.0,15.057
8484800,F,PK,FNFI,0,0,14.7,0.0,0.0,15.057
8483752,F,ES,MNFI,18,2,462.98,2.333,1.383,3.687
8483752,F,ES,FNFI,9,0,462.98,1.166,0.533,2.214
8483752,F,PP,MNFI,2,0,43.72,2.745,0.332,9.916
8483752,F,PP,FNFI,0,0,43.72,0.0,0.0,5.063
8483752,F,PK,MNFI,0,0,10.8,0.0,0.0,20.494
8483752,F,PK,FNFI,0,0,10.8,0.0,0.0,20.494
8484164,F,ES,MNFI,37,4,872.82,2.543,1.791,3.506
8484164,F,ES,FNFI,6,0,872.82,0.412,0.151,0.898
8484164,F,PP,MNFI,7,0,109.43,3.838,1.543,7.908
8484164,F,PP,FNFI,0,0,109.43,0.0,0.0,2.023
8484164,F,PK,MNFI,0,0,23.38,0.0,0.0,9.465
8484164,F,PK,FNFI,0,0,23.38,0.0,0.0,9.465
8483890,F,ES,MNFI,21,1,676.17,1.863,1.154,2.848
8483890,F,ES,FNFI,4,0,676.17,0.355,0.097,0.909
8483890,F,PP,MNFI,1,0,67.52,0.889,0.022,4.951
8483890,F,PP,FNFI,0,0,67.52,0.0,0.0,3.278
8483890,F,PK,MNFI,0,0,18.23,0.0,0.0,12.139
8483890,F,PK,FNFI,0,0,18.23,0.0,0.0,12.139
8484185,F,ES,MNFI,20,2,440.45,2.724,1.664,4.208
8484185,F,ES,FNFI,7,0,440.45,0.954,0.383,1.965
8484185,F,PP,MNFI,1,1,54.38,1.103,0.028,6.147
8484185,F,PP,FNFI,1,0,54.38,1.103,0.028,6.147
8484185,F,PK,MNFI,0,0,14.92,0.0,0.0,14.838
8484185,F,PK,FNFI,0,0,14.92,0.0,0.0,14.838
8484142,F,ES,MNFI,17,1,497.63,2.05,1.194,3.282
8484142,F,ES,FNFI,2,0,497.63,0.241,0.029,0.871
8484142,F,PP,MNFI,4,1,67.63,3.549,0.967,9.086
8484142,F,PP,FNFI,1,0,67.63,0.887,0.022,4.943
8484142,F,PK,MNFI,0,0,8.18,0.0,0.0,27.047
8484142,F,PK,FNFI,0,0,8.18,0.0,0.0,27.047
