player_id,position,state,zone,attempts,goals,toi_min,per60,per60_lo,per60_hi
8465009,D,ES,CNFI,249,21,1227.25,12.174,10.708,13.783
8465009,D,ES,MNFI,324,11,1227.25,15.84,14.162,17.662
8465009,D,ES,FNFI,119,3,1227.25,5.818,4.82,6.962
8465009,D,ES,TNFI,692,35,1227.25,33.832,31.358,36.449
8465009,D,PP,CNFI,40,7,124.55,19.269,13.766,26.239
8465009,D,PP,MNFI,46,4,124.55,22.16,16.224,29.558
8465009,D,PP,FNFI,26,0,124.55,12.525,8.182,18.352
8465009,D,PP,TNFI,112,11,124.55,53.954,44.426,64.921
8465009,D,PK,CNFI,0,0,25.87,0.0,0.0,8.557
8465009,D,PK,MNFI,1,1,25.87,2.32,0.059,12.924
8465009,D,PK,FNFI,0,0,25.87,0.0,0.0,8.557
8465009,D,PK,TNFI,1,1,25.87,2.32,0.059,12.924
8470281,D,ES,CNFI,216,25,1063.08,12.191,10.619,13.93
8470281,D,ES,MNFI,231,10,1063.08,13.038,11.41,14.832
8470281,D,ES,FNFI,85,3,1063.08,4.797,3.832,5.932
8470281,D,ES,TNFI,532,38,1063.08,30.026,27.528,32.689
8470281,D,PP,CNFI,50,6,155.03,19.351,14.362,25.511
8470281,D,PP,MNFI,46,2,155.03,17.803,13.034,23.746
8470281,D,PP,FNFI,22,1,155.03,8.514,5.336,12.891
8470281,D,PP,TNFI,118,9,155.03,45.668,37.8,54.689
8470281,D,PK,CNFI,1,0,38.35,1.565,0.04,8.717
8470281,D,PK,MNFI,3,1,38.35,4.694,0.968,13.717
8470281,D,PK,FNFI,0,0,38.35,0.0,0.0,5.771
8470281,D,PK,TNFI,4,1,38.35,6.258,1.705,16.023
8470600,D,ES,CNFI,1073,84,5746.8,11.203,10.542,11.894
8470600,D,ES,MNFI,979,48,5746.8,10.221,9.591,10.882
8470600,D,ES,FNFI,536,10,5746.8,5.596,5.132,6.091
8470600,D,ES,TNFI,2588,142,5746.8,27.02,25.989,28.082
8470600,D,PP,CNFI,210,23,733.72,17.173,14.929,19.659
8470600,D,PP,MNFI,163,13,733.72,13.329,11.362,15.54
8470600,D,PP,FNFI,119,6,733.72,9.731,8.062,11.645
8470600,D,PP,TNFI,492,42,733.72,40.234,36.756,43.951
8470600,D,PK,CNFI,17,5,174.38,5.849,3.407,9.365
8470600,D,PK,MNFI,14,2,174.38,4.817,2.633,8.082
8470600,D,PK,FNFI,3,0,174.38,1.032,0.213,3.017
8470600,D,PK,TNFI,34,7,174.38,11.698,8.101,16.347
8470613,D,ES,CNFI,1293,121,7255.4,10.693,10.118,11.292
8470613,D,ES,MNFI,1222,69,7255.4,10.106,9.547,10.688
8470613,D,ES,FNFI,680,8,7255.4,5.623,5.209,6.062
8470613,D,ES,TNFI,3195,198,7255.4,26.422,25.513,27.354
8470613,D,PP,CNFI,372,19,1269.62,17.58,15.839,19.461
8470613,D,PP,MNFI,305,4,1269.62,14.414,12.841,16.126
8470613,D,PP,FNFI,148,1,1269.62,6.994,5.913,8.216
8470613,D,PP,TNFI,825,24,1269.62,38.988,36.373,41.742
8470613,D,PK,CNFI,35,10,300.92,6.979,4.861,9.706
8470613,D,PK,MNFI,35,7,300.92,6.979,4.861,9.706
8470613,D,PK,FNFI,16,0,300.92,3.19,1.824,5.181
8470613,D,PK,TNFI,86,17,300.92,17.148,13.716,21.177
8470966,D,ES,CNFI,564,61,3151.12,10.739,9.871,11.663
8470966,D,ES,MNFI,632,34,3151.12,12.034,11.114,13.01
8470966,D,ES,FNFI,257,4,3151.12,4.894,4.313,5.53
8470966,D,ES,TNFI,1453,99,3151.12,27.666,26.262,29.126
8470966,D,PP,CNFI,123,10,496.22,14.873,12.361,17.745
8470966,D,PP,MNFI,164,3,496.22,19.83,16.911,23.108
8470966,D,PP,FNFI,67,1,496.22,8.101,6.278,10.288
8470966,D,PP,TNFI,354,14,496.22,42.804,38.461,47.503
8470966,D,PK,CNFI,8,0,103.38,4.643,2.004,9.148
8470966,D,PK,MNFI,14,0,103.38,8.125,4.442,13.633
8470966,D,PK,FNFI,5,0,103.38,2.902,0.942,6.772
8470966,D,PK,TNFI,27,0,103.38,15.67,10.327,22.799
8471274,D,ES,CNFI,453,42,2318.52,11.723,10.668,12.854
8471274,D,ES,MNFI,404,23,2318.52,10.455,9.46,11.526
8471274,D,ES,FNFI,261,5,2318.52,6.754,5.96,7.625
8471274,D,ES,TNFI,1118,70,2318.52,28.932,27.261,30.679
8471274,D,PP,CNFI,47,13,288.75,9.766,7.176,12.987
8471274,D,PP,MNFI,60,6,288.75,12.468,9.514,16.048
8471274,D,PP,FNFI,29,3,288.75,6.026,4.036,8.654
8471274,D,PP,TNFI,136,22,288.75,28.26,23.71,33.428
8471274,D,PK,CNFI,6,1,55.42,6.496,2.384,14.14
8471274,D,PK,MNFI,9,0,55.42,9.744,4.456,18.498
8471274,D,PK,FNFI,2,0,55.42,2.165,0.262,7.822
8471274,D,PK,TNFI,17,1,55.42,18.406,10.722,29.47
8471303,D,ES,CNFI,331,21,1468.98,13.52,12.102,15.057
8471303,D,ES,MNFI,328,11,1468.98,13.397,11.986,14.928
8471303,D,ES,FNFI,139,0,1468.98,5.677,4.773,6.704
8471303,D,ES,TNFI,798,32,1468.98,32.594,30.371,34.936
8471303,D,PP,CNFI,77,11,181.05,25.518,20.138,31.893
8471303,D,PP,MNFI,83,6,181.05,27.506,21.909,34.098
8471303,D,PP,FNFI,28,1,181.05,9.279,6.166,13.411
8471303,D,PP,TNFI,188,18,181.05,62.303,53.715,71.874
8471303,D,PK,CNFI,0,0,34.92,0.0,0.0,6.339
8471303,D,PK,MNFI,0,0,34.92,0.0,0.0,6.339
8471303,D,PK,FNFI,0,0,34.92,0.0,0.0,6.339
8471303,D,PK,TNFI,0,0,34.92,0.0,0.0,6.339
8471677,D,ES,CNFI,910,88,3972.73,13.744,12.865,14.666
8471677,D,ES,MNFI,782,36,3972.73,11.811,10.997,12.668
8471677,D,ES,FNFI,355,7,3972.73,5.362,4.818,5.949
8471677,D,ES,TNFI,2047,131,3972.73,30.916,29.591,32.285
8471677,D,PP,CNFI,177,9,453.77,23.404,20.083,27.117
8471677,D,PP,MNFI,187,9,453.77,24.726,21.309,28.536
8471677,D,PP,FNFI,97,1,453.77,12.826,10.401,15.647
8471677,D,PP,TNFI,461,19,453.77,60.956,55.518,66.783
8471677,D,PK,CNFI,2,1,92.37,1.299,0.157,4.693
8471677,D,PK,MNFI,1,0,92.37,0.65,0.016,3.619
8471677,D,PK,FNFI,0,0,92.37,0.0,0.0,2.396
8471677,D,PK,TNFI,3,1,92.37,1.949,0.402,5.695
8471686,D,ES,CNFI,605,61,2726.42,13.314,12.274,14.419
8471686,D,ES,MNFI,517,26,2726.42,11.378,10.418,12.402
8471686,D,ES,FNFI,241,10,2726.42,5.304,4.655,6.017
8471686,D,ES,TNFI,1363,97,2726.42,29.995,28.424,31.631
8471686,D,PP,CNFI,156,15,369.08,25.36,21.537,29.667
8471686,D,PP,MNFI,159,9,369.08,25.848,21.986,30.192
8471686,D,PP,FNFI,87,1,369.08,14.143,11.328,17.446
8471686,D,PP,TNFI,402,25,369.08,65.351,59.118,72.062
8471686,D,PK,CNFI,0,0,83.18,0.0,0.0,2.661
8471686,D,PK,MNFI,3,0,83.18,2.164,0.446,6.324
8471686,D,PK,FNFI,0,0,83.18,0.0,0.0,2.661
8471686,D,PK,TNFI,3,0,83.18,2.164,0.446,6.324
8471709,D,ES,CNFI,731,73,3291.25,13.326,12.378,14.328
8471709,D,ES,MNFI,770,56,3291.25,14.037,13.063,15.065
8471709,D,ES,FNFI,395,10,3291.25,7.201,6.508,7.947
8471709,D,ES,TNFI,1896,139,3291.25,34.564,33.026,36.156
8471709,D,PP,CNFI,163,15,391.38,24.988,21.299,29.133
8471709,D,PP,MNFI,207,6,391.38,31.734,27.558,36.364
8471709,D,PP,FNFI,77,2,391.38,11.804,9.316,14.753
8471709,D,PP,TNFI,447,23,391.38,68.526,62.32,75.183
8471709,D,PK,CNFI,0,0,54.85,0.0,0.0,4.035
8471709,D,PK,MNFI,1,0,54.85,1.094,0.028,6.095
8471709,D,PK,FNFI,0,0,54.85,0.0,0.0,4.035
8471709,D,PK,TNFI,1,0,54.85,1.094,0.028,6.095
8471724,D,ES,CNFI,1479,120,7275.27,12.197,11.584,12.835
8471724,D,ES,MNFI,1379,70,7275.27,11.373,10.78,11.989
8471724,D,ES,FNFI,774,10,7275.27,6.383,5.941,6.849
8471724,D,ES,TNFI,3632,200,7275.27,29.954,28.987,30.944
8471724,D,PP,CNFI,217,36,1206.6,10.791,9.403,12.326
8471724,D,PP,MNFI,221,11,1206.6,10.99,9.588,12.538
8471724,D,PP,FNFI,179,8,1206.6,8.901,7.645,10.305
8471724,D,PP,TNFI,617,55,1206.6,30.681,28.308,33.201
8471724,D,PK,CNFI,60,8,247.92,14.521,11.081,18.691
8471724,D,PK,MNFI,61,4,247.92,14.763,11.293,18.964
8471724,D,PK,FNFI,16,1,247.92,3.872,2.213,6.288
8471724,D,PK,TNFI,137,13,247.92,33.156,27.837,39.196
8471735,D,ES,CNFI,182,18,911.35,11.982,10.305,13.855
8471735,D,ES,MNFI,221,8,911.35,14.55,12.695,16.6
8471735,D,ES,FNFI,94,1,911.35,6.189,5.001,7.573
8471735,D,ES,TNFI,497,27,911.35,32.721,29.907,35.728
8471735,D,PP,CNFI,3,3,127.27,1.414,0.292,4.133
8471735,D,PP,MNFI,4,3,127.27,1.886,0.514,4.828
8471735,D,PP,FNFI,1,1,127.27,0.471,0.012,2.627
8471735,D,PP,TNFI,8,7,127.27,3.772,1.628,7.432
8471735,D,PK,CNFI,5,0,27.08,11.077,3.597,25.85
8471735,D,PK,MNFI,11,1,27.08,24.369,12.165,43.603
8471735,D,PK,FNFI,2,0,27.08,4.431,0.537,16.005
8471735,D,PK,TNFI,18,1,27.08,39.877,23.634,63.023
8471873,D,ES,CNFI,333,36,1435.55,13.918,12.463,15.496
8471873,D,ES,MNFI,308,11,1435.55,12.873,11.475,14.394
8471873,D,ES,FNFI,126,3,1435.55,5.266,4.387,6.27
8471873,D,ES,TNFI,767,50,1435.55,32.057,29.829,34.409
8471873,D,PP,CNFI,97,7,204.9,28.404,23.034,34.651
8471873,D,PP,MNFI,92,3,204.9,26.94,21.717,33.039
8471873,D,PP,FNFI,72,0,204.9,21.083,16.497,26.551
8471873,D,PP,TNFI,261,10,204.9,76.428,67.436,86.284
8471873,D,PK,CNFI,0,0,33.53,0.0,0.0,6.6
8471873,D,PK,MNFI,0,0,33.53,0.0,0.0,6.6
8471873,D,PK,FNFI,0,0,33.53,0.0,0.0,6.6
8471873,D,PK,TNFI,0,0,33.53,0.0,0.0,6.6
8472382,D,ES,CNFI,241,17,1066.6,13.557,11.899,15.381
8472382,D,ES,MNFI,289,13,1066.6,16.257,14.437,18.244
8472382,D,ES,FNFI,113,2,1066.6,6.357,5.239,7.642
8472382,D,ES,TNFI,643,32,1066.6,36.171,33.429,39.078
8472382,D,PP,CNFI,47,4,127.8,22.066,16.213,29.343
8472382,D,PP,MNFI,43,0,127.8,20.188,14.61,27.193
8472382,D,PP,FNFI,36,4,127.8,16.901,11.838,23.399
8472382,D,PP,TNFI,126,8,127.8,59.155,49.278,70.431
8472382,D,PK,CNFI,0,0,31.27,0.0,0.0,7.079
8472382,D,PK,MNFI,0,0,31.27,0.0,0.0,7.079
8472382,D,PK,FNFI,0,0,31.27,0.0,0.0,7.079
8472382,D,PK,TNFI,0,0,31.27,0.0,0.0,7.079
8473446,D,ES,CNFI,669,63,3255.37,12.33,11.414,13.301
8473446,D,ES,MNFI,645,32,3255.37,11.888,10.988,12.842
8473446,D,ES,FNFI,313,10,3255.37,5.769,5.147,6.445
8473446,D,ES,TNFI,1627,105,3255.37,29.987,28.548,31.481
8473446,D,PP,CNFI,241,17,468.42,30.87,27.095,35.023
8473446,D,PP,MNFI,229,5,468.42,29.333,25.656,33.388
8473446,D,PP,FNFI,146,3,468.42,18.701,15.791,21.993
8473446,D,PP,TNFI,616,25,468.42,78.904,72.795,85.389
8473446,D,PK,CNFI,0,0,78.43,0.0,0.0,2.822
8473446,D,PK,MNFI,0,0,78.43,0.0,0.0,2.822
8473446,D,PK,FNFI,0,0,78.43,0.0,0.0,2.822
8473446,D,PK,TNFI,0,0,78.43,0.0,0.0,2.822
8473507,D,ES,CNFI,997,114,4937.92,12.114,11.374,12.89
8473507,D,ES,MNFI,1011,52,4937.92,12.285,11.539,13.066
8473507,D,ES,FNFI,529,11,4937.92,6.428,5.892,7.0
8473507,D,ES,TNFI,2537,177,4937.92,30.827,29.639,32.05
8473507,D,PP,CNFI,233,16,792.53,17.64,15.447,20.056
8473507,D,PP,MNFI,195,10,792.53,14.763,12.763,16.987
8473507,D,PP,FNFI,110,1,792.53,8.328,6.844,10.037
8473507,D,PP,TNFI,538,27,792.53,40.73,37.361,44.322
8473507,D,PK,CNFI,21,2,164.37,7.666,4.745,11.718
8473507,D,PK,MNFI,24,6,164.37,8.761,5.613,13.036
8473507,D,PK,FNFI,5,0,164.37,1.825,0.593,4.259
8473507,D,PK,TNFI,50,8,164.37,18.252,13.547,24.063
8474013,D,ES,CNFI,1130,125,6175.58,10.979,10.348,11.638
8474013,D,ES,MNFI,1063,53,6175.58,10.328,9.716,10.968
8474013,D,ES,FNFI,523,8,6175.58,5.081,4.655,5.536
8474013,D,ES,TNFI,2716,186,6175.58,26.388,25.405,27.399
8474013,D,PP,CNFI,513,14,895.05,34.389,31.477,37.498
8474013,D,PP,MNFI,361,7,895.05,24.2,21.768,26.829
8474013,D,PP,FNFI,207,4,895.05,13.876,12.05,15.901
8474013,D,PP,TNFI,1081,25,895.05,72.465,68.209,76.917
8474013,D,PK,CNFI,1,0,166.02,0.361,0.009,2.014
8474013,D,PK,MNFI,0,0,166.02,0.0,0.0,1.333
8474013,D,PK,FNFI,0,0,166.02,0.0,0.0,1.333
8474013,D,PK,TNFI,1,0,166.02,0.361,0.009,2.014
8474027,D,ES,CNFI,377,41,1833.67,12.336,11.122,13.646
8474027,D,ES,MNFI,426,18,1833.67,13.939,12.647,15.328
8474027,D,ES,FNFI,189,8,1833.67,6.184,5.334,7.132
8474027,D,ES,TNFI,992,67,1833.67,32.46,30.471,34.544
8474027,D,PP,CNFI,98,5,208.98,28.136,22.842,34.289
8474027,D,PP,MNFI,85,6,208.98,24.404,19.493,30.176
8474027,D,PP,FNFI,35,0,208.98,10.049,6.999,13.975
8474027,D,PP,TNFI,218,11,208.98,62.589,54.556,71.472
8474027,D,PK,CNFI,1,1,42.62,1.408,0.036,7.844
8474027,D,PK,MNFI,0,0,42.62,0.0,0.0,5.194
8474027,D,PK,FNFI,0,0,42.62,0.0,0.0,5.194
8474027,D,PK,TNFI,1,1,42.62,1.408,0.036,7.844
8474031,D,ES,CNFI,762,74,3407.2,13.419,12.483,14.406
8474031,D,ES,MNFI,710,25,3407.2,12.503,11.6,13.457
8474031,D,ES,FNFI,365,14,3407.2,6.428,5.785,7.122
8474031,D,ES,TNFI,1837,113,3407.2,32.349,30.887,33.863
8474031,D,PP,CNFI,115,22,582.03,11.855,9.788,14.23
8474031,D,PP,MNFI,140,13,582.03,14.432,12.141,17.031
8474031,D,PP,FNFI,50,5,582.03,5.154,3.826,6.795
8474031,D,PP,TNFI,305,40,582.03,31.441,28.012,35.176
8474031,D,PK,CNFI,31,5,120.17,15.479,10.517,21.97
8474031,D,PK,MNFI,19,1,120.17,9.487,5.712,14.815
8474031,D,PK,FNFI,8,0,120.17,3.994,1.725,7.871
8474031,D,PK,TNFI,58,6,120.17,28.96,21.99,37.437
8474056,D,ES,CNFI,229,23,1253.93,10.958,9.584,12.472
8474056,D,ES,MNFI,264,21,1253.93,12.632,11.154,14.252
8474056,D,ES,FNFI,119,4,1253.93,5.694,4.717,6.814
8474056,D,ES,TNFI,612,48,1253.93,29.284,27.009,31.699
8474056,D,PP,CNFI,24,5,122.17,11.787,7.552,17.538
8474056,D,PP,MNFI,22,2,122.17,10.805,6.771,16.359
8474056,D,PP,FNFI,13,0,122.17,6.385,3.4,10.918
8474056,D,PP,TNFI,59,7,122.17,28.977,22.058,37.378
8474056,D,PK,CNFI,4,0,28.68,8.367,2.28,21.423
8474056,D,PK,MNFI,5,1,28.68,10.459,3.396,24.408
8474056,D,PK,FNFI,0,0,28.68,0.0,0.0,7.716
8474056,D,PK,TNFI,9,1,28.68,18.826,8.609,35.738
8474090,D,ES,CNFI,540,38,2729.0,11.872,10.892,12.917
8474090,D,ES,MNFI,471,25,2729.0,10.355,9.441,11.334
8474090,D,ES,FNFI,244,6,2729.0,5.365,4.713,6.082
8474090,D,ES,TNFI,1255,69,2729.0,27.593,26.087,29.162
8474090,D,PP,CNFI,149,10,316.58,28.239,23.887,33.155
8474090,D,PP,MNFI,106,3,316.58,20.089,16.448,24.298
8474090,D,PP,FNFI,85,7,316.58,16.11,12.868,19.92
8474090,D,PP,TNFI,340,20,316.58,64.438,57.77,71.665
8474090,D,PK,CNFI,3,0,67.75,2.657,0.548,7.764
8474090,D,PK,MNFI,0,0,67.75,0.0,0.0,3.267
8474090,D,PK,FNFI,1,0,67.75,0.886,0.022,4.934
8474090,D,PK,TNFI,4,0,67.75,3.542,0.965,9.07
8474145,D,ES,CNFI,386,37,1817.88,12.74,11.501,14.077
8474145,D,ES,MNFI,383,26,1817.88,12.641,11.407,13.973
8474145,D,ES,FNFI,149,3,1817.88,4.918,4.16,5.774
8474145,D,ES,TNFI,918,66,1817.88,30.299,28.37,32.324
8474145,D,PP,CNFI,121,5,236.15,30.743,25.51,36.734
8474145,D,PP,MNFI,147,7,236.15,37.349,31.556,43.898
8474145,D,PP,FNFI,56,0,236.15,14.228,10.748,18.477
8474145,D,PP,TNFI,324,12,236.15,82.321,73.6,91.79
8474145,D,PK,CNFI,0,0,42.6,0.0,0.0,5.196
8474145,D,PK,MNFI,0,0,42.6,0.0,0.0,5.196
8474145,D,PK,FNFI,0,0,42.6,0.0,0.0,5.196
8474145,D,PK,TNFI,0,0,42.6,0.0,0.0,5.196
8474151,D,ES,CNFI,1113,79,5991.7,11.145,10.5,11.82
8474151,D,ES,MNFI,1233,58,5991.7,12.347,11.667,13.056
8474151,D,ES,FNFI,612,11,5991.7,6.128,5.652,6.634
8474151,D,ES,TNFI,2958,148,5991.7,29.621,28.563,30.708
8474151,D,PP,CNFI,426,17,937.23,27.272,24.743,29.989
8474151,D,PP,MNFI,407,10,937.23,26.055,23.585,28.714
8474151,D,PP,FNFI,169,6,937.23,10.819,9.249,12.579
8474151,D,PP,TNFI,1002,33,937.23,64.146,60.235,68.244
8474151,D,PK,CNFI,9,3,181.77,2.971,1.358,5.64
8474151,D,PK,MNFI,10,2,181.77,3.301,1.583,6.071
8474151,D,PK,FNFI,2,0,181.77,0.66,0.08,2.385
8474151,D,PK,TNFI,21,5,181.77,6.932,4.291,10.596
8474162,D,ES,CNFI,161,17,883.77,10.93,9.307,12.755
8474162,D,ES,MNFI,197,8,883.77,13.375,11.572,15.378
8474162,D,ES,FNFI,74,3,883.77,5.024,3.945,6.307
8474162,D,ES,TNFI,432,28,883.77,29.329,26.628,32.23
8474162,D,PP,CNFI,27,1,112.37,14.417,9.501,20.976
8474162,D,PP,MNFI,57,2,112.37,30.436,23.052,39.433
8474162,D,PP,FNFI,21,1,112.37,11.213,6.941,17.141
8474162,D,PP,TNFI,105,4,112.37,56.066,45.857,67.872
8474162,D,PK,CNFI,0,0,30.0,0.0,0.0,7.378
8474162,D,PK,MNFI,0,0,30.0,0.0,0.0,7.378
8474162,D,PK,FNFI,0,0,30.0,0.0,0.0,7.378
8474162,D,PK,TNFI,0,0,30.0,0.0,0.0,7.378
8474166,D,ES,CNFI,822,49,3358.12,14.687,13.7,15.726
8474166,D,ES,MNFI,774,29,3358.12,13.829,12.872,14.839
8474166,D,ES,FNFI,310,6,3358.12,5.539,4.939,6.191
8474166,D,ES,TNFI,1906,84,3358.12,34.055,32.543,35.619
8474166,D,PP,CNFI,141,16,357.18,23.685,19.937,27.933
8474166,D,PP,MNFI,100,2,357.18,16.798,13.668,20.431
8474166,D,PP,FNFI,53,2,357.18,8.903,6.669,11.645
8474166,D,PP,TNFI,294,20,357.18,49.386,43.902,55.367
8474166,D,PK,CNFI,7,1,75.98,5.528,2.222,11.389
8474166,D,PK,MNFI,3,1,75.98,2.369,0.489,6.923
8474166,D,PK,FNFI,1,0,75.98,0.79,0.02,4.4
8474166,D,PK,TNFI,11,2,75.98,8.686,4.336,15.542
8474207,D,ES,CNFI,469,53,2132.07,13.198,12.031,14.449
8474207,D,ES,MNFI,459,29,2132.07,12.917,11.762,14.155
8474207,D,ES,FNFI,206,7,2132.07,5.797,5.033,6.645
8474207,D,ES,TNFI,1134,89,2132.07,31.913,30.082,33.826
8474207,D,PP,CNFI,156,12,352.82,26.529,22.53,31.034
8474207,D,PP,MNFI,169,5,352.82,28.74,24.57,33.415
8474207,D,PP,FNFI,89,1,352.82,15.135,12.155,18.625
8474207,D,PP,TNFI,414,18,352.82,70.405,63.785,77.525
8474207,D,PK,CNFI,0,0,76.02,0.0,0.0,2.912
8474207,D,PK,MNFI,0,0,76.02,0.0,0.0,2.912
8474207,D,PK,FNFI,1,0,76.02,0.789,0.02,4.398
8474207,D,PK,TNFI,1,0,76.02,0.789,0.02,4.398
8474563,D,ES,CNFI,1092,87,6104.95,10.732,10.105,11.388
8474563,D,ES,MNFI,902,39,6104.95,8.865,8.296,9.463
8474563,D,ES,FNFI,540,16,6104.95,5.307,4.869,5.774
8474563,D,ES,TNFI,2534,142,6104.95,24.904,23.944,25.893
8474563,D,PP,CNFI,268,27,1071.93,15.001,13.259,16.909
8474563,D,PP,MNFI,232,17,1071.93,12.986,11.369,14.769
8474563,D,PP,FNFI,100,6,1071.93,5.597,4.554,6.808
8474563,D,PP,TNFI,600,50,1071.93,33.584,30.95,36.382
8474563,D,PK,CNFI,30,4,197.43,9.117,6.151,13.015
8474563,D,PK,MNFI,36,7,197.43,10.94,7.663,15.146
8474563,D,PK,FNFI,6,0,197.43,1.823,0.669,3.969
8474563,D,PK,TNFI,72,11,197.43,21.881,17.12,27.555
8474565,D,ES,CNFI,1093,76,5597.47,11.716,11.032,12.432
8474565,D,ES,MNFI,1088,41,5597.47,11.662,10.98,12.377
8474565,D,ES,FNFI,446,8,5597.47,4.781,4.347,5.246
8474565,D,ES,TNFI,2627,125,5597.47,28.159,27.093,29.257
8474565,D,PP,CNFI,303,9,904.55,20.098,17.899,22.494
8474565,D,PP,MNFI,267,6,904.55,17.71,15.65,19.967
8474565,D,PP,FNFI,145,2,904.55,9.618,8.116,11.317
8474565,D,PP,TNFI,715,17,904.55,47.427,44.014,51.034
8474565,D,PK,CNFI,30,3,189.97,9.475,6.393,13.527
8474565,D,PK,MNFI,43,4,189.97,13.581,9.829,18.294
8474565,D,PK,FNFI,10,1,189.97,3.158,1.515,5.808
8474565,D,PK,TNFI,83,8,189.97,26.215,20.88,32.498
8474567,D,ES,CNFI,751,56,3920.53,11.493,10.686,12.346
8474567,D,ES,MNFI,781,39,3920.53,11.952,11.129,12.821
8474567,D,ES,FNFI,417,12,3920.53,6.382,5.784,7.025
8474567,D,ES,TNFI,1949,107,3920.53,29.828,28.518,31.182
8474567,D,PP,CNFI,149,25,401.97,22.241,18.813,26.112
8474567,D,PP,MNFI,131,9,401.97,19.554,16.349,23.203
8474567,D,PP,FNFI,71,6,401.97,10.598,8.277,13.368
8474567,D,PP,TNFI,351,40,401.97,52.392,47.054,58.17
8474567,D,PK,CNFI,0,0,66.25,0.0,0.0,3.341
8474567,D,PK,MNFI,4,4,66.25,3.623,0.987,9.275
8474567,D,PK,FNFI,0,0,66.25,0.0,0.0,3.341
8474567,D,PK,TNFI,4,4,66.25,3.623,0.987,9.275
8474568,D,ES,CNFI,920,77,4464.73,12.364,11.577,13.189
8474568,D,ES,MNFI,905,47,4464.73,12.162,11.382,12.981
8474568,D,ES,FNFI,419,25,4464.73,5.631,5.104,6.197
8474568,D,ES,TNFI,2244,149,4464.73,30.156,28.921,31.43
8474568,D,PP,CNFI,210,23,506.68,24.868,21.618,28.468
8474568,D,PP,MNFI,188,17,506.68,22.262,19.194,25.682
8474568,D,PP,FNFI,82,2,506.68,9.71,7.723,12.053
8474568,D,PP,TNFI,480,42,506.68,56.84,51.868,62.16
8474568,D,PK,CNFI,0,0,104.15,0.0,0.0,2.125
8474568,D,PK,MNFI,1,0,104.15,0.576,0.015,3.21
8474568,D,PK,FNFI,0,0,104.15,0.0,0.0,2.125
8474568,D,PK,TNFI,1,0,104.15,0.576,0.015,3.21
8474574,D,ES,CNFI,1397,111,6541.17,12.814,12.151,13.504
8474574,D,ES,MNFI,1212,57,6541.17,11.117,10.5,11.761
8474574,D,ES,FNFI,680,19,6541.17,6.237,5.777,6.724
8474574,D,ES,TNFI,3289,187,6541.17,30.169,29.147,31.218
8474574,D,PP,CNFI,403,32,964.05,25.082,22.692,27.654
8474574,D,PP,MNFI,296,16,964.05,18.422,16.383,20.645
8474574,D,PP,FNFI,166,8,964.05,10.331,8.82,12.028
8474574,D,PP,TNFI,865,56,964.05,53.835,50.307,57.546
8474574,D,PK,CNFI,7,4,175.9,2.388,0.96,4.92
8474574,D,PK,MNFI,6,3,175.9,2.047,0.751,4.455
8474574,D,PK,FNFI,3,0,175.9,1.023,0.211,2.991
8474574,D,PK,TNFI,16,7,175.9,5.458,3.12,8.863
8474578,D,ES,CNFI,1402,110,7303.93,11.517,10.922,12.136
8474578,D,ES,MNFI,1360,79,7303.93,11.172,10.586,11.782
8474578,D,ES,FNFI,669,18,7303.93,5.496,5.087,5.928
8474578,D,ES,TNFI,3431,207,7303.93,28.185,27.25,29.144
8474578,D,PP,CNFI,145,38,1115.6,7.798,6.581,9.176
8474578,D,PP,MNFI,136,24,1115.6,7.314,6.137,8.652
8474578,D,PP,FNFI,81,7,1115.6,4.356,3.46,5.415
8474578,D,PP,TNFI,362,69,1115.6,19.469,17.515,21.582
8474578,D,PK,CNFI,47,8,209.1,13.486,9.909,17.934
8474578,D,PK,MNFI,67,7,209.1,19.225,14.899,24.415
8474578,D,PK,FNFI,15,2,209.1,4.304,2.409,7.099
8474578,D,PK,TNFI,129,17,209.1,37.016,30.904,43.982
8474590,D,ES,CNFI,1278,112,6657.5,11.518,10.895,12.167
8474590,D,ES,MNFI,1088,61,6657.5,9.805,9.231,10.406
8474590,D,ES,FNFI,629,14,6657.5,5.669,5.234,6.13
8474590,D,ES,TNFI,2995,187,6657.5,26.992,26.034,27.976
8474590,D,PP,CNFI,348,24,1301.33,16.045,14.403,17.823
8474590,D,PP,MNFI,288,9,1301.33,13.279,11.789,14.904
8474590,D,PP,FNFI,220,6,1301.33,10.143,8.847,11.576
8474590,D,PP,TNFI,856,39,1301.33,39.467,36.867,42.202
8474590,D,PK,CNFI,36,5,245.47,8.8,6.163,12.182
8474590,D,PK,MNFI,50,2,245.47,12.222,9.071,16.113
8474590,D,PK,FNFI,10,0,245.47,2.444,1.172,4.495
8474590,D,PK,TNFI,96,7,245.47,23.466,19.007,28.655
8474600,D,ES,CNFI,1259,105,7090.6,10.654,10.073,11.259
8474600,D,ES,MNFI,1366,45,7090.6,11.559,10.954,12.189
8474600,D,ES,FNFI,647,15,7090.6,5.475,5.061,5.913
8474600,D,ES,TNFI,3272,165,7090.6,27.687,26.747,28.653
8474600,D,PP,CNFI,181,48,1224.52,8.869,7.624,10.259
8474600,D,PP,MNFI,157,24,1224.52,7.693,6.537,8.995
8474600,D,PP,FNFI,60,8,1224.52,2.94,2.243,3.784
8474600,D,PP,TNFI,398,80,1224.52,19.502,17.632,21.515
8474600,D,PK,CNFI,57,4,212.6,16.087,12.184,20.842
8474600,D,PK,MNFI,60,2,212.6,16.933,12.922,21.796
8474600,D,PK,FNFI,15,0,212.6,4.233,2.369,6.982
8474600,D,PK,TNFI,132,6,212.6,37.253,31.169,44.177
8474602,D,ES,CNFI,599,63,3176.95,11.313,10.425,12.256
8474602,D,ES,MNFI,600,32,3176.95,11.332,10.443,12.276
8474602,D,ES,FNFI,281,12,3176.95,5.307,4.705,5.965
8474602,D,ES,TNFI,1480,107,3176.95,27.951,26.545,29.413
8474602,D,PP,CNFI,25,22,435.62,3.443,2.228,5.083
8474602,D,PP,MNFI,16,14,435.62,2.204,1.26,3.579
8474602,D,PP,FNFI,10,8,435.62,1.377,0.66,2.533
8474602,D,PP,TNFI,51,44,435.62,7.025,5.23,9.236
8474602,D,PK,CNFI,23,7,78.4,17.602,11.158,26.412
8474602,D,PK,MNFI,20,2,78.4,15.306,9.349,23.639
8474602,D,PK,FNFI,5,0,78.4,3.827,1.242,8.93
8474602,D,PK,TNFI,48,9,78.4,36.735,27.085,48.705
8474612,D,ES,CNFI,816,80,3641.47,13.445,12.538,14.4
8474612,D,ES,MNFI,810,41,3641.47,13.346,12.443,14.298
8474612,D,ES,FNFI,454,10,3641.47,7.481,6.808,8.201
8474612,D,ES,TNFI,2080,131,3641.47,34.272,32.815,35.777
8474612,D,PP,CNFI,209,12,488.53,25.669,22.306,29.395
8474612,D,PP,MNFI,245,8,488.53,30.09,26.44,34.103
8474612,D,PP,FNFI,123,11,488.53,15.106,12.555,18.024
8474612,D,PP,TNFI,577,31,488.53,70.865,65.2,76.891
8474612,D,PK,CNFI,1,1,99.57,0.603,0.015,3.358
8474612,D,PK,MNFI,2,2,99.57,1.205,0.146,4.354
8474612,D,PK,FNFI,0,0,99.57,0.0,0.0,2.223
8474612,D,PK,TNFI,3,3,99.57,1.808,0.373,5.283
8474618,D,ES,CNFI,454,45,2137.17,12.746,11.6,13.974
8474618,D,ES,MNFI,472,24,2137.17,13.251,12.083,14.502
8474618,D,ES,FNFI,214,4,2137.17,6.008,5.23,6.869
8474618,D,ES,TNFI,1140,73,2137.17,32.005,30.174,33.918
8474618,D,PP,CNFI,94,7,241.17,23.386,18.899,28.619
8474618,D,PP,MNFI,114,2,241.17,28.362,23.395,34.072
8474618,D,PP,FNFI,49,1,241.17,12.191,9.019,16.117
8474618,D,PP,TNFI,257,10,241.17,63.939,56.36,72.253
8474618,D,PK,CNFI,2,1,59.27,2.025,0.245,7.314
8474618,D,PK,MNFI,0,0,59.27,0.0,0.0,3.735
8474618,D,PK,FNFI,0,0,59.27,0.0,0.0,3.735
8474618,D,PK,TNFI,2,1,59.27,2.025,0.245,7.314
8474628,D,ES,CNFI,104,7,746.78,8.356,6.827,10.124
8474628,D,ES,MNFI,179,7,746.78,14.382,12.352,16.65
8474628,D,ES,FNFI,67,2,746.78,5.383,4.172,6.836
8474628,D,ES,TNFI,350,16,746.78,28.121,25.251,31.227
8474628,D,PP,CNFI,4,0,73.23,3.277,0.893,8.391
8474628,D,PP,MNFI,18,4,73.23,14.747,8.74,23.307
8474628,D,PP,FNFI,5,0,73.23,4.096,1.33,9.56
8474628,D,PP,TNFI,27,4,73.23,22.121,14.578,32.185
8474628,D,PK,CNFI,3,0,23.58,7.633,1.574,22.305
8474628,D,PK,MNFI,2,1,23.58,5.088,0.616,18.381
8474628,D,PK,FNFI,1,0,23.58,2.544,0.064,14.175
8474628,D,PK,TNFI,6,1,23.58,15.265,5.602,33.226
8474673,D,ES,CNFI,938,90,4756.28,11.833,11.088,12.615
8474673,D,ES,MNFI,882,52,4756.28,11.126,10.404,11.886
8474673,D,ES,FNFI,411,9,4756.28,5.185,4.696,5.711
8474673,D,ES,TNFI,2231,151,4756.28,28.144,26.988,29.336
8474673,D,PP,CNFI,201,19,550.23,21.918,18.992,25.167
8474673,D,PP,MNFI,202,8,550.23,22.027,19.094,25.283
8474673,D,PP,FNFI,115,5,550.23,12.54,10.353,15.053
8474673,D,PP,TNFI,518,32,550.23,56.485,51.725,61.566
8474673,D,PK,CNFI,5,1,125.4,2.392,0.777,5.583
8474673,D,PK,MNFI,5,2,125.4,2.392,0.777,5.583
8474673,D,PK,FNFI,0,0,125.4,0.0,0.0,1.765
8474673,D,PK,TNFI,10,3,125.4,4.785,2.294,8.799
8474697,D,ES,CNFI,109,9,667.05,9.804,8.05,11.827
8474697,D,ES,MNFI,147,15,667.05,13.222,11.171,15.541
8474697,D,ES,FNFI,78,0,667.05,7.016,5.546,8.756
8474697,D,ES,TNFI,334,24,667.05,30.043,26.907,33.444
8474697,D,PP,CNFI,40,2,102.95,23.312,16.655,31.745
8474697,D,PP,MNFI,53,1,102.95,30.889,23.138,40.403
8474697,D,PP,FNFI,18,0,102.95,10.491,6.217,16.58
8474697,D,PP,TNFI,111,3,102.95,64.692,53.218,77.905
8474697,D,PK,CNFI,0,0,14.98,0.0,0.0,14.772
8474697,D,PK,MNFI,0,0,14.98,0.0,0.0,14.772
8474697,D,PK,FNFI,0,0,14.98,0.0,0.0,14.772
8474697,D,PK,TNFI,0,0,14.98,0.0,0.0,14.772
8474716,D,ES,CNFI,884,80,5107.98,10.384,9.71,11.091
8474716,D,ES,MNFI,911,40,5107.98,10.701,10.017,11.419
8474716,D,ES,FNFI,528,11,5107.98,6.202,5.684,6.754
8474716,D,ES,TNFI,2323,131,5107.98,27.287,26.188,28.419
8474716,D,PP,CNFI,262,21,936.18,16.792,14.82,18.953
8474716,D,PP,MNFI,251,12,936.18,16.087,14.158,18.205
8474716,D,PP,FNFI,169,3,936.18,10.831,9.26,12.593
8474716,D,PP,TNFI,682,36,936.18,43.709,40.49,47.117
8474716,D,PK,CNFI,16,1,147.58,6.505,3.718,10.563
8474716,D,PK,MNFI,22,2,147.58,8.944,5.605,13.541
8474716,D,PK,FNFI,6,1,147.58,2.439,0.895,5.309
8474716,D,PK,TNFI,44,4,147.58,17.888,12.998,24.014
8474818,D,ES,CNFI,127,15,681.68,11.178,9.319,13.3
8474818,D,ES,MNFI,176,6,681.68,15.491,13.287,17.956
8474818,D,ES,FNFI,80,1,681.68,7.041,5.583,8.764
8474818,D,ES,TNFI,383,22,681.68,33.711,30.419,37.262
8474818,D,PP,CNFI,25,5,74.45,20.148,13.039,29.742
8474818,D,PP,MNFI,18,0,74.45,14.506,8.597,22.926
8474818,D,PP,FNFI,14,2,74.45,11.283,6.168,18.931
8474818,D,PP,TNFI,57,7,74.45,45.937,34.792,59.517
8474818,D,PK,CNFI,0,0,13.23,0.0,0.0,16.725
8474818,D,PK,MNFI,1,0,13.23,4.534,0.115,25.262
8474818,D,PK,FNFI,0,0,13.23,0.0,0.0,16.725
8474818,D,PK,TNFI,1,0,13.23,4.534,0.115,25.262
8475167,D,ES,CNFI,1211,88,6447.43,11.27,10.644,11.923
8475167,D,ES,MNFI,1136,63,6447.43,10.572,9.966,11.205
8475167,D,ES,FNFI,594,16,6447.43,5.528,5.092,5.991
8475167,D,ES,TNFI,2941,167,6447.43,27.369,26.389,28.376
8475167,D,PP,CNFI,311,36,1252.95,14.893,13.283,16.643
8475167,D,PP,MNFI,238,20,1252.95,11.397,9.995,12.941
8475167,D,PP,FNFI,135,6,1252.95,6.465,5.42,7.652
8475167,D,PP,TNFI,684,62,1252.95,32.755,30.346,35.304
8475167,D,PK,CNFI,45,2,262.55,10.284,7.501,13.76
8475167,D,PK,MNFI,60,5,262.55,13.712,10.463,17.65
8475167,D,PK,FNFI,10,0,262.55,2.285,1.096,4.203
8475167,D,PK,TNFI,115,7,262.55,26.281,21.697,31.546
8475171,D,ES,CNFI,1259,78,6176.52,12.23,11.564,12.925
8475171,D,ES,MNFI,1054,73,6176.52,10.239,9.63,10.876
8475171,D,ES,FNFI,557,12,6176.52,5.411,4.971,5.879
8475171,D,ES,TNFI,2870,163,6176.52,27.88,26.869,28.919
8475171,D,PP,CNFI,156,33,979.18,9.559,8.118,11.182
8475171,D,PP,MNFI,177,20,979.18,10.846,9.307,12.567
8475171,D,PP,FNFI,89,7,979.18,5.454,4.38,6.711
8475171,D,PP,TNFI,422,60,979.18,25.858,23.45,28.447
8475171,D,PK,CNFI,33,6,199.08,9.946,6.846,13.967
8475171,D,PK,MNFI,28,8,199.08,8.439,5.607,12.196
8475171,D,PK,FNFI,4,0,199.08,1.206,0.328,3.087
8475171,D,PK,TNFI,65,14,199.08,19.59,15.119,24.969
8475177,D,ES,CNFI,608,61,3258.52,11.195,10.323,12.122
8475177,D,ES,MNFI,606,35,3258.52,11.158,10.288,12.083
8475177,D,ES,FNFI,280,13,3258.52,5.156,4.569,5.796
8475177,D,ES,TNFI,1494,109,3258.52,27.509,26.132,28.941
8475177,D,PP,CNFI,104,14,350.2,17.818,14.559,21.59
8475177,D,PP,MNFI,120,6,350.2,20.56,17.046,24.584
8475177,D,PP,FNFI,78,5,350.2,13.364,10.564,16.679
8475177,D,PP,TNFI,302,25,350.2,51.742,46.07,57.919
8475177,D,PK,CNFI,0,0,68.27,0.0,0.0,3.242
8475177,D,PK,MNFI,0,0,68.27,0.0,0.0,3.242
8475177,D,PK,FNFI,1,0,68.27,0.879,0.022,4.897
8475177,D,PK,TNFI,1,0,68.27,0.879,0.022,4.897
8475179,D,ES,CNFI,937,99,4834.47,11.629,10.896,12.398
8475179,D,ES,MNFI,798,44,4834.47,9.904,9.229,10.616
8475179,D,ES,FNFI,512,11,4834.47,6.354,5.816,6.929
8475179,D,ES,TNFI,2247,154,4834.47,27.887,26.746,29.065
8475179,D,PP,CNFI,281,25,669.7,25.175,22.318,28.298
8475179,D,PP,MNFI,253,8,669.7,22.667,19.96,25.639
8475179,D,PP,FNFI,162,6,669.7,14.514,12.365,16.929
8475179,D,PP,TNFI,696,39,669.7,62.356,57.809,67.166
8475179,D,PK,CNFI,3,1,133.13,1.352,0.279,3.951
8475179,D,PK,MNFI,1,1,133.13,0.451,0.011,2.511
8475179,D,PK,FNFI,1,0,133.13,0.451,0.011,2.511
8475179,D,PK,TNFI,5,2,133.13,2.253,0.732,5.259
8475181,D,ES,CNFI,1177,95,5372.43,13.145,12.405,13.918
8475181,D,ES,MNFI,1089,60,5372.43,12.162,11.45,12.906
8475181,D,ES,FNFI,484,9,5372.43,5.405,4.934,5.909
8475181,D,ES,TNFI,2750,164,5372.43,30.712,29.575,31.882
8475181,D,PP,CNFI,193,23,606.82,19.083,16.486,21.974
8475181,D,PP,MNFI,163,20,606.82,16.117,13.738,18.79
8475181,D,PP,FNFI,83,5,606.82,8.207,6.537,10.174
8475181,D,PP,TNFI,439,48,606.82,43.407,39.441,47.664
8475181,D,PK,CNFI,7,2,130.2,3.226,1.297,6.646
8475181,D,PK,MNFI,8,1,130.2,3.687,1.592,7.264
8475181,D,PK,FNFI,2,0,130.2,0.922,0.112,3.329
8475181,D,PK,TNFI,17,3,130.2,7.834,4.564,12.543
8475188,D,ES,CNFI,1266,102,6560.1,11.579,10.95,12.235
8475188,D,ES,MNFI,1133,63,6560.1,10.363,9.768,10.984
8475188,D,ES,FNFI,562,12,6560.1,5.14,4.724,5.583
8475188,D,ES,TNFI,2961,177,6560.1,27.082,26.115,28.075
8475188,D,PP,CNFI,383,26,716.92,32.054,28.924,35.431
8475188,D,PP,MNFI,328,7,716.92,27.451,24.56,30.588
8475188,D,PP,FNFI,162,3,716.92,13.558,11.551,15.814
8475188,D,PP,TNFI,873,36,716.92,73.063,68.296,78.075
8475188,D,PK,CNFI,0,0,123.38,0.0,0.0,1.794
8475188,D,PK,MNFI,3,1,123.38,1.459,0.301,4.263
8475188,D,PK,FNFI,1,0,123.38,0.486,0.012,2.709
8475188,D,PK,TNFI,4,1,123.38,1.945,0.53,4.98
8475197,D,ES,CNFI,638,59,3320.73,11.528,10.65,12.458
8475197,D,ES,MNFI,653,36,3320.73,11.799,10.911,12.739
8475197,D,ES,FNFI,329,9,3320.73,5.944,5.319,6.623
8475197,D,ES,TNFI,1620,104,3320.73,29.271,27.862,30.732
8475197,D,PP,CNFI,59,22,548.32,6.456,4.915,8.328
8475197,D,PP,MNFI,40,11,548.32,4.377,3.127,5.96
8475197,D,PP,FNFI,21,4,548.32,2.298,1.422,3.513
8475197,D,PP,TNFI,120,37,548.32,13.131,10.887,15.702
8475197,D,PK,CNFI,29,3,98.83,17.605,11.791,25.284
8475197,D,PK,MNFI,25,2,98.83,15.177,9.822,22.404
8475197,D,PK,FNFI,4,0,98.83,2.428,0.662,6.217
8475197,D,PK,TNFI,58,5,98.83,35.211,26.737,45.518
8475200,D,ES,CNFI,1224,105,6482.93,11.328,10.702,11.981
8475200,D,ES,MNFI,999,54,6482.93,9.246,8.681,9.837
8475200,D,ES,FNFI,512,20,6482.93,4.739,4.337,5.167
8475200,D,ES,TNFI,2735,179,6482.93,25.313,24.373,26.279
8475200,D,PP,CNFI,204,27,885.5,13.823,11.991,15.855
8475200,D,PP,MNFI,141,10,885.5,9.554,8.042,11.267
8475200,D,PP,FNFI,115,5,885.5,7.792,6.433,9.353
8475200,D,PP,TNFI,460,42,885.5,31.169,28.385,34.152
8475200,D,PK,CNFI,26,7,198.83,7.846,5.125,11.496
8475200,D,PK,MNFI,29,7,198.83,8.751,5.861,12.568
8475200,D,PK,FNFI,3,0,198.83,0.905,0.187,2.646
8475200,D,PK,TNFI,58,14,198.83,17.502,13.29,22.626
8475208,D,ES,CNFI,1310,121,6595.8,11.917,11.28,12.58
8475208,D,ES,MNFI,1234,68,6595.8,11.225,10.608,11.87
8475208,D,ES,FNFI,700,17,6595.8,6.368,5.905,6.857
8475208,D,ES,TNFI,3244,206,6595.8,29.51,28.503,30.543
8475208,D,PP,CNFI,322,35,793.98,24.333,21.748,27.141
8475208,D,PP,MNFI,317,14,793.98,23.955,21.39,26.743
8475208,D,PP,FNFI,242,7,793.98,18.288,16.056,20.743
8475208,D,PP,TNFI,881,56,793.98,66.576,62.252,71.121
8475208,D,PK,CNFI,2,1,150.25,0.799,0.097,2.885
8475208,D,PK,MNFI,3,1,150.25,1.198,0.247,3.501
8475208,D,PK,FNFI,0,0,150.25,0.0,0.0,1.473
8475208,D,PK,TNFI,5,2,150.25,1.997,0.648,4.66
8475218,D,ES,CNFI,1160,101,6762.35,10.292,9.708,10.902
8475218,D,ES,MNFI,1122,68,6762.35,9.955,9.381,10.555
8475218,D,ES,FNFI,546,15,6762.35,4.844,4.447,5.268
8475218,D,ES,TNFI,2828,184,6762.35,25.092,24.176,26.034
8475218,D,PP,CNFI,371,31,1084.43,20.527,18.491,22.726
8475218,D,PP,MNFI,365,19,1084.43,20.195,18.176,22.377
8475218,D,PP,FNFI,129,5,1084.43,7.137,5.959,8.481
8475218,D,PP,TNFI,865,55,1084.43,47.859,44.722,51.158
8475218,D,PK,CNFI,19,6,240.72,4.736,2.851,7.396
8475218,D,PK,MNFI,16,2,240.72,3.988,2.28,6.476
8475218,D,PK,FNFI,5,1,240.72,1.246,0.405,2.908
8475218,D,PK,TNFI,40,9,240.72,9.97,7.123,13.577
8475227,D,ES,CNFI,330,50,1343.22,14.741,13.193,16.42
8475227,D,ES,MNFI,273,21,1343.22,12.195,10.791,13.73
8475227,D,ES,FNFI,113,6,1343.22,5.048,4.16,6.069
8475227,D,ES,TNFI,716,77,1343.22,31.983,29.683,34.414
8475227,D,PP,CNFI,20,17,189.13,6.345,3.876,9.799
8475227,D,PP,MNFI,12,10,189.13,3.807,1.967,6.65
8475227,D,PP,FNFI,2,2,189.13,0.634,0.077,2.292
8475227,D,PP,TNFI,34,29,189.13,10.786,7.47,15.072
8475227,D,PK,CNFI,11,0,30.23,21.83,10.898,39.06
8475227,D,PK,MNFI,12,1,30.23,23.815,12.305,41.6
8475227,D,PK,FNFI,2,0,30.23,3.969,0.481,14.338
8475227,D,PK,TNFI,25,1,30.23,49.614,32.108,73.24
8475233,D,ES,CNFI,1004,82,4228.7,14.246,13.378,15.155
8475233,D,ES,MNFI,929,43,4228.7,13.181,12.347,14.057
8475233,D,ES,FNFI,472,12,4228.7,6.697,6.106,7.329
8475233,D,ES,TNFI,2405,137,4228.7,34.124,32.774,35.516
8475233,D,PP,CNFI,422,10,670.57,37.759,34.242,41.539
8475233,D,PP,MNFI,310,6,670.57,27.738,24.736,31.004
8475233,D,PP,FNFI,180,2,670.57,16.106,13.839,18.638
8475233,D,PP,TNFI,912,18,670.57,81.603,76.392,87.075
8475233,D,PK,CNFI,3,2,106.07,1.697,0.35,4.959
8475233,D,PK,MNFI,0,0,106.07,0.0,0.0,2.087
8475233,D,PK,FNFI,2,0,106.07,1.131,0.137,4.087
8475233,D,PK,TNFI,5,2,106.07,2.828,0.918,6.601
8475246,D,ES,CNFI,86,9,466.2,11.068,8.853,13.669
8475246,D,ES,MNFI,110,3,466.2,14.157,11.635,17.063
8475246,D,ES,FNFI,50,0,466.2,6.435,4.776,8.484
8475246,D,ES,TNFI,246,12,466.2,31.66,27.827,35.874
8475246,D,PP,CNFI,10,1,31.98,18.76,8.996,34.5
8475246,D,PP,MNFI,8,1,31.98,15.008,6.479,29.571
8475246,D,PP,FNFI,3,0,31.98,5.628,1.161,16.447
8475246,D,PP,TNFI,21,2,31.98,39.396,24.386,60.22
8475246,D,PK,CNFI,0,0,8.47,0.0,0.0,26.142
8475246,D,PK,MNFI,0,0,8.47,0.0,0.0,26.142
8475246,D,PK,FNFI,0,0,8.47,0.0,0.0,26.142
8475246,D,PK,TNFI,0,0,8.47,0.0,0.0,26.142
8475279,D,ES,CNFI,1647,136,6886.22,14.35,13.666,15.061
8475279,D,ES,MNFI,1372,66,6886.22,11.954,11.33,12.604
8475279,D,ES,FNFI,762,18,6886.22,6.639,6.176,7.128
8475279,D,ES,TNFI,3781,220,6886.22,32.944,31.902,34.011
8475279,D,PP,CNFI,379,25,938.38,24.233,21.855,26.8
8475279,D,PP,MNFI,347,11,938.38,22.187,19.914,24.649
8475279,D,PP,FNFI,166,8,938.38,10.614,9.061,12.357
8475279,D,PP,TNFI,892,44,938.38,57.034,53.352,60.903
8475279,D,PK,CNFI,12,4,158.67,4.538,2.345,7.927
8475279,D,PK,MNFI,11,3,158.67,4.16,2.076,7.443
8475279,D,PK,FNFI,2,0,158.67,0.756,0.092,2.732
8475279,D,PK,TNFI,25,7,158.67,9.454,6.118,13.956
8475324,D,ES,CNFI,1234,106,6125.62,12.087,11.422,12.781
8475324,D,ES,MNFI,1069,52,6125.62,10.471,9.852,11.118
8475324,D,ES,FNFI,654,17,6125.62,6.406,5.924,6.916
8475324,D,ES,TNFI,2957,175,6125.62,28.964,27.929,30.027
8475324,D,PP,CNFI,364,20,722.97,30.209,27.185,33.477
8475324,D,PP,MNFI,271,9,722.97,22.491,19.892,25.334
8475324,D,PP,FNFI,190,4,722.97,15.768,13.606,18.177
8475324,D,PP,TNFI,825,33,722.97,68.468,63.875,73.304
8475324,D,PK,CNFI,1,0,128.62,0.467,0.012,2.599
8475324,D,PK,MNFI,1,0,128.62,0.467,0.012,2.599
8475324,D,PK,FNFI,1,0,128.62,0.467,0.012,2.599
8475324,D,PK,TNFI,3,0,128.62,1.4,0.289,4.09
8475455,D,ES,CNFI,1308,119,6480.43,12.11,11.463,12.785
8475455,D,ES,MNFI,1165,57,6480.43,10.786,10.176,11.424
8475455,D,ES,FNFI,694,15,6480.43,6.425,5.956,6.922
8475455,D,ES,TNFI,3167,191,6480.43,29.322,28.31,30.361
8475455,D,PP,CNFI,451,22,786.12,34.422,31.318,37.751
8475455,D,PP,MNFI,337,6,786.12,25.721,23.048,28.62
8475455,D,PP,FNFI,266,4,786.12,20.302,17.936,22.894
8475455,D,PP,TNFI,1054,32,786.12,80.446,75.662,85.453
8475455,D,PK,CNFI,2,1,143.9,0.834,0.101,3.012
8475455,D,PK,MNFI,2,1,143.9,0.834,0.101,3.012
8475455,D,PK,FNFI,0,0,143.9,0.0,0.0,1.538
8475455,D,PK,TNFI,4,2,143.9,1.668,0.454,4.27
8475462,D,ES,CNFI,1154,103,5389.47,12.847,12.117,13.61
8475462,D,ES,MNFI,987,55,5389.47,10.988,10.313,11.696
8475462,D,ES,FNFI,530,16,5389.47,5.9,5.409,6.425
8475462,D,ES,TNFI,2671,174,5389.47,29.736,28.619,30.885
8475462,D,PP,CNFI,363,39,785.23,27.737,24.957,30.742
8475462,D,PP,MNFI,296,17,785.23,22.617,20.114,25.346
8475462,D,PP,FNFI,180,6,785.23,13.754,11.818,15.916
8475462,D,PP,TNFI,839,62,785.23,64.108,59.843,68.597
8475462,D,PK,CNFI,5,3,151.15,1.985,0.644,4.632
8475462,D,PK,MNFI,4,0,151.15,1.588,0.433,4.065
8475462,D,PK,FNFI,0,0,151.15,0.0,0.0,1.464
8475462,D,PK,TNFI,9,3,151.15,3.573,1.634,6.782
8475625,D,ES,CNFI,163,18,922.18,10.605,9.04,12.364
8475625,D,ES,MNFI,202,8,922.18,13.143,11.393,15.086
8475625,D,ES,FNFI,85,2,922.18,5.53,4.417,6.838
8475625,D,ES,TNFI,450,28,922.18,29.278,26.635,32.113
8475625,D,PP,CNFI,27,7,70.85,22.865,15.068,33.268
8475625,D,PP,MNFI,25,0,70.85,21.171,13.701,31.253
8475625,D,PP,FNFI,9,0,70.85,7.622,3.485,14.468
8475625,D,PP,TNFI,61,7,70.85,51.658,39.515,66.357
8475625,D,PK,CNFI,0,0,14.98,0.0,0.0,14.772
8475625,D,PK,MNFI,0,0,14.98,0.0,0.0,14.772
8475625,D,PK,FNFI,0,0,14.98,0.0,0.0,14.772
8475625,D,PK,TNFI,0,0,14.98,0.0,0.0,14.772
8475690,D,ES,CNFI,893,89,5129.97,10.445,9.771,11.153
8475690,D,ES,MNFI,972,64,5129.97,11.368,10.665,12.106
8475690,D,ES,FNFI,474,21,5129.97,5.544,5.056,6.066
8475690,D,ES,TNFI,2339,174,5129.97,27.357,26.259,28.489
8475690,D,PP,CNFI,299,10,682.28,26.294,23.398,29.45
8475690,D,PP,MNFI,321,10,682.28,28.229,25.225,31.492
8475690,D,PP,FNFI,144,5,682.28,12.663,10.68,14.909
8475690,D,PP,TNFI,764,25,682.28,67.186,62.506,72.124
8475690,D,PK,CNFI,3,2,169.73,1.06,0.219,3.099
8475690,D,PK,MNFI,5,1,169.73,1.767,0.574,4.125
8475690,D,PK,FNFI,0,0,169.73,0.0,0.0,1.304
8475690,D,PK,TNFI,8,3,169.73,2.828,1.221,5.572
8475718,D,ES,CNFI,775,72,4087.7,11.376,10.589,12.205
8475718,D,ES,MNFI,795,32,4087.7,11.669,10.872,12.509
8475718,D,ES,FNFI,372,10,4087.7,5.46,4.919,6.044
8475718,D,ES,TNFI,1942,114,4087.7,28.505,27.251,29.802
8475718,D,PP,CNFI,201,21,492.23,24.501,21.23,28.132
8475718,D,PP,MNFI,205,9,492.23,24.988,21.684,28.653
8475718,D,PP,FNFI,102,4,492.23,12.433,10.138,15.093
8475718,D,PP,TNFI,508,34,492.23,61.922,56.654,67.548
8475718,D,PK,CNFI,0,0,109.67,0.0,0.0,2.018
8475718,D,PK,MNFI,0,0,109.67,0.0,0.0,2.018
8475718,D,PK,FNFI,0,0,109.67,0.0,0.0,2.018
8475718,D,PK,TNFI,0,0,109.67,0.0,0.0,2.018
8475747,D,ES,CNFI,469,57,1988.35,14.152,12.9,15.493
8475747,D,ES,MNFI,416,18,1988.35,12.553,11.376,13.819
8475747,D,ES,FNFI,205,6,1988.35,6.186,5.368,7.093
8475747,D,ES,TNFI,1090,81,1988.35,32.892,30.968,34.904
8475747,D,PP,CNFI,156,10,340.47,27.492,23.347,32.16
8475747,D,PP,MNFI,159,4,340.47,28.02,23.834,32.73
8475747,D,PP,FNFI,99,4,340.47,17.447,14.18,21.241
8475747,D,PP,TNFI,414,18,340.47,72.959,66.099,80.337
8475747,D,PK,CNFI,2,1,42.15,2.847,0.345,10.284
8475747,D,PK,MNFI,0,0,42.15,0.0,0.0,5.251
8475747,D,PK,FNFI,0,0,42.15,0.0,0.0,5.251
8475747,D,PK,TNFI,2,1,42.15,2.847,0.345,10.284
8475750,D,ES,CNFI,654,57,3637.08,10.789,9.978,11.648
8475750,D,ES,MNFI,670,41,3637.08,11.053,10.232,11.922
8475750,D,ES,FNFI,438,10,3637.08,7.226,6.565,7.935
8475750,D,ES,TNFI,1762,108,3637.08,29.067,27.726,30.457
8475750,D,PP,CNFI,118,26,350.72,20.187,16.71,24.175
8475750,D,PP,MNFI,115,19,350.72,19.674,16.243,23.616
8475750,D,PP,FNFI,75,7,350.72,12.831,10.092,16.084
8475750,D,PP,TNFI,308,52,350.72,52.692,46.971,58.918
8475750,D,PK,CNFI,1,0,63.52,0.945,0.024,5.263
8475750,D,PK,MNFI,1,0,63.52,0.945,0.024,5.263
8475750,D,PK,FNFI,0,0,63.52,0.0,0.0,3.485
8475750,D,PK,TNFI,2,0,63.52,1.889,0.229,6.825
8475753,D,ES,CNFI,1398,119,7019.58,11.949,11.331,12.593
8475753,D,ES,MNFI,1372,74,7019.58,11.727,11.115,12.365
8475753,D,ES,FNFI,655,24,7019.58,5.599,5.178,6.044
8475753,D,ES,TNFI,3425,217,7019.58,29.275,28.303,30.272
8475753,D,PP,CNFI,229,37,1064.75,12.904,11.287,14.689
8475753,D,PP,MNFI,233,20,1064.75,13.13,11.498,14.928
8475753,D,PP,FNFI,138,7,1064.75,7.776,6.533,9.187
8475753,D,PP,TNFI,600,64,1064.75,33.811,31.159,36.628
8475753,D,PK,CNFI,28,6,219.58,7.651,5.084,11.058
8475753,D,PK,MNFI,32,2,219.58,8.744,5.981,12.344
8475753,D,PK,FNFI,11,0,219.58,3.006,1.5,5.378
8475753,D,PK,TNFI,71,8,219.58,19.4,15.152,24.471
8475755,D,ES,CNFI,170,10,792.62,12.869,11.007,14.955
8475755,D,ES,MNFI,142,8,792.62,10.749,9.054,12.67
8475755,D,ES,FNFI,100,3,792.62,7.57,6.159,9.207
8475755,D,ES,TNFI,412,21,792.62,31.188,28.249,34.35
8475755,D,PP,CNFI,12,7,68.55,10.503,5.427,18.347
8475755,D,PP,MNFI,5,1,68.55,4.376,1.421,10.213
8475755,D,PP,FNFI,7,2,68.55,6.127,2.463,12.624
8475755,D,PP,TNFI,24,10,68.55,21.007,13.459,31.256
8475755,D,PK,CNFI,0,0,9.98,0.0,0.0,22.17
8475755,D,PK,MNFI,0,0,9.98,0.0,0.0,22.17
8475755,D,PK,FNFI,0,0,9.98,0.0,0.0,22.17
8475755,D,PK,TNFI,0,0,9.98,0.0,0.0,22.17
8475762,D,ES,CNFI,551,48,3260.7,10.139,9.31,11.022
8475762,D,ES,MNFI,633,25,3260.7,11.648,10.758,12.592
8475762,D,ES,FNFI,272,6,3260.7,5.005,4.428,5.637
8475762,D,ES,TNFI,1456,79,3260.7,26.792,25.433,28.204
8475762,D,PP,CNFI,218,7,452.5,28.906,25.196,33.009
8475762,D,PP,MNFI,229,3,452.5,30.365,26.559,34.563
8475762,D,PP,FNFI,127,2,452.5,16.84,14.039,20.036
8475762,D,PP,TNFI,574,12,452.5,76.11,70.011,82.6
8475762,D,PK,CNFI,0,0,99.9,0.0,0.0,2.216
8475762,D,PK,MNFI,1,1,99.9,0.601,0.015,3.346
8475762,D,PK,FNFI,0,0,99.9,0.0,0.0,2.216
8475762,D,PK,TNFI,1,1,99.9,0.601,0.015,3.346
8475764,D,ES,CNFI,1531,132,7226.45,12.712,12.083,13.365
8475764,D,ES,MNFI,1199,68,7226.45,9.955,9.4,10.535
8475764,D,ES,FNFI,795,16,7226.45,6.601,6.15,7.076
8475764,D,ES,TNFI,3525,216,7226.45,29.267,28.309,30.25
8475764,D,PP,CNFI,436,44,1263.53,20.704,18.806,22.742
8475764,D,PP,MNFI,339,26,1263.53,16.098,14.43,17.906
8475764,D,PP,FNFI,199,8,1263.53,9.45,8.182,10.858
8475764,D,PP,TNFI,974,78,1263.53,46.251,43.392,49.25
8475764,D,PK,CNFI,37,7,210.73,10.535,7.417,14.521
8475764,D,PK,MNFI,36,3,210.73,10.25,7.179,14.19
8475764,D,PK,FNFI,9,0,210.73,2.562,1.172,4.864
8475764,D,PK,TNFI,82,10,210.73,23.347,18.569,28.98
8475790,D,ES,CNFI,968,78,4531.73,12.816,12.022,13.65
8475790,D,ES,MNFI,886,45,4531.73,11.731,10.971,12.529
8475790,D,ES,FNFI,526,15,4531.73,6.964,6.382,7.586
8475790,D,ES,TNFI,2380,138,4531.73,31.511,30.258,32.803
8475790,D,PP,CNFI,312,18,592.8,31.579,28.172,35.285
8475790,D,PP,MNFI,315,5,592.8,31.883,28.459,35.605
8475790,D,PP,FNFI,163,7,592.8,16.498,14.062,19.234
8475790,D,PP,TNFI,790,30,592.8,79.96,74.48,85.735
8475790,D,PK,CNFI,4,1,121.17,1.981,0.54,5.071
8475790,D,PK,MNFI,1,0,121.17,0.495,0.013,2.759
8475790,D,PK,FNFI,1,0,121.17,0.495,0.013,2.759
8475790,D,PK,TNFI,6,1,121.17,2.971,1.09,6.467
8475796,D,ES,CNFI,215,35,1085.07,11.889,10.353,13.589
8475796,D,ES,MNFI,244,19,1085.07,13.492,11.852,15.296
8475796,D,ES,FNFI,105,5,1085.07,5.806,4.749,7.029
8475796,D,ES,TNFI,564,59,1085.07,31.187,28.666,33.87
8475796,D,PP,CNFI,40,3,119.25,20.126,14.378,27.406
8475796,D,PP,MNFI,70,1,119.25,35.22,27.456,44.499
8475796,D,PP,FNFI,34,2,119.25,17.107,11.847,23.905
8475796,D,PP,TNFI,144,6,119.25,72.453,61.103,85.3
8475796,D,PK,CNFI,0,0,26.2,0.0,0.0,8.448
8475796,D,PK,MNFI,0,0,26.2,0.0,0.0,8.448
8475796,D,PK,FNFI,0,0,26.2,0.0,0.0,8.448
8475796,D,PK,TNFI,0,0,26.2,0.0,0.0,8.448
8475797,D,ES,CNFI,344,35,1421.12,14.524,13.029,16.143
8475797,D,ES,MNFI,325,17,1421.12,13.722,12.27,15.297
8475797,D,ES,FNFI,130,8,1421.12,5.489,4.586,6.517
8475797,D,ES,TNFI,799,60,1421.12,33.734,31.435,36.157
8475797,D,PP,CNFI,75,11,157.02,28.659,22.542,35.925
8475797,D,PP,MNFI,69,1,157.02,26.367,20.515,33.369
8475797,D,PP,FNFI,24,2,157.02,9.171,5.876,13.646
8475797,D,PP,TNFI,168,14,157.02,64.197,54.856,74.672
8475797,D,PK,CNFI,1,1,37.0,1.622,0.041,9.035
8475797,D,PK,MNFI,0,0,37.0,0.0,0.0,5.982
8475797,D,PK,FNFI,0,0,37.0,0.0,0.0,5.982
8475797,D,PK,TNFI,1,1,37.0,1.622,0.041,9.035
8475825,D,ES,CNFI,669,67,3460.95,11.598,10.736,12.511
8475825,D,ES,MNFI,623,22,3460.95,10.801,9.969,11.683
8475825,D,ES,FNFI,348,4,3460.95,6.033,5.416,6.701
8475825,D,ES,TNFI,1640,93,3460.95,28.432,27.072,29.842
8475825,D,PP,CNFI,240,6,495.83,29.042,25.484,32.958
8475825,D,PP,MNFI,221,6,495.83,26.743,23.333,30.511
8475825,D,PP,FNFI,131,0,495.83,15.852,13.254,18.811
8475825,D,PP,TNFI,592,12,495.83,71.637,65.982,77.647
8475825,D,PK,CNFI,1,1,102.5,0.585,0.015,3.261
8475825,D,PK,MNFI,2,0,102.5,1.171,0.142,4.229
8475825,D,PK,FNFI,0,0,102.5,0.0,0.0,2.159
8475825,D,PK,TNFI,3,1,102.5,1.756,0.362,5.132
8475906,D,ES,CNFI,879,63,3847.52,13.708,12.816,14.645
8475906,D,ES,MNFI,719,34,3847.52,11.212,10.408,12.063
8475906,D,ES,FNFI,448,8,3847.52,6.986,6.354,7.664
8475906,D,ES,TNFI,2046,105,3847.52,31.906,30.539,33.319
8475906,D,PP,CNFI,31,25,555.75,3.347,2.274,4.751
8475906,D,PP,MNFI,24,16,555.75,2.591,1.66,3.855
8475906,D,PP,FNFI,12,9,555.75,1.296,0.669,2.263
8475906,D,PP,TNFI,67,50,555.75,7.233,5.606,9.186
8475906,D,PK,CNFI,29,3,99.2,17.54,11.747,25.191
8475906,D,PK,MNFI,31,1,99.2,18.75,12.74,26.614
8475906,D,PK,FNFI,4,0,99.2,2.419,0.659,6.195
8475906,D,PK,TNFI,64,4,99.2,38.71,29.811,49.431
8476312,D,ES,CNFI,915,88,4663.72,11.772,11.021,12.56
8476312,D,ES,MNFI,718,40,4663.72,9.237,8.574,9.938
8476312,D,ES,FNFI,427,9,4663.72,5.493,4.985,6.04
8476312,D,ES,TNFI,2060,137,4663.72,26.502,25.37,27.672
8476312,D,PP,CNFI,243,14,534.6,27.273,23.951,30.926
8476312,D,PP,MNFI,180,5,534.6,20.202,17.358,23.379
8476312,D,PP,FNFI,119,0,534.6,13.356,11.064,15.982
8476312,D,PP,TNFI,542,19,534.6,60.831,55.816,66.174
8476312,D,PK,CNFI,3,3,103.15,1.745,0.36,5.1
8476312,D,PK,MNFI,2,2,103.15,1.163,0.141,4.202
8476312,D,PK,FNFI,0,0,103.15,0.0,0.0,2.146
8476312,D,PK,TNFI,5,5,103.15,2.908,0.944,6.787
8476331,D,ES,CNFI,1299,107,7027.42,11.091,10.496,11.711
8476331,D,ES,MNFI,1189,62,7027.42,10.152,9.583,10.746
8476331,D,ES,FNFI,715,18,7027.42,6.105,5.665,6.569
8476331,D,ES,TNFI,3203,187,7027.42,27.347,26.408,28.311
8476331,D,PP,CNFI,438,32,831.92,31.59,28.7,34.691
8476331,D,PP,MNFI,358,13,831.92,25.82,23.214,28.638
8476331,D,PP,FNFI,260,8,831.92,18.752,16.542,21.175
8476331,D,PP,TNFI,1056,53,831.92,76.161,71.637,80.897
8476331,D,PK,CNFI,0,0,146.22,0.0,0.0,1.514
8476331,D,PK,MNFI,1,1,146.22,0.41,0.01,2.286
8476331,D,PK,FNFI,1,0,146.22,0.41,0.01,2.286
8476331,D,PK,TNFI,2,1,146.22,0.821,0.099,2.965
8476372,D,ES,CNFI,1011,85,4846.57,12.516,11.756,13.312
8476372,D,ES,MNFI,1106,61,4846.57,13.692,12.897,14.524
8476372,D,ES,FNFI,488,17,4846.57,6.041,5.517,6.602
8476372,D,ES,TNFI,2605,163,4846.57,32.25,31.023,33.512
8476372,D,PP,CNFI,211,25,550.45,22.999,20.001,26.321
8476372,D,PP,MNFI,191,20,550.45,20.819,17.971,23.99
8476372,D,PP,FNFI,96,3,550.45,10.464,8.476,12.779
8476372,D,PP,TNFI,498,48,550.45,54.283,49.619,59.267
8476372,D,PK,CNFI,1,1,115.92,0.518,0.013,2.884
8476372,D,PK,MNFI,2,0,115.92,1.035,0.125,3.74
8476372,D,PK,FNFI,1,1,115.92,0.518,0.013,2.884
8476372,D,PK,TNFI,4,2,115.92,2.07,0.564,5.301
8476422,D,ES,CNFI,532,54,2976.45,10.724,9.832,11.675
8476422,D,ES,MNFI,514,27,2976.45,10.361,9.485,11.297
8476422,D,ES,FNFI,249,9,2976.45,5.019,4.415,5.683
8476422,D,ES,TNFI,1295,90,2976.45,26.105,24.702,27.566
8476422,D,PP,CNFI,55,25,334.97,9.852,7.422,12.823
8476422,D,PP,MNFI,42,11,334.97,7.523,5.422,10.169
8476422,D,PP,FNFI,18,4,334.97,3.224,1.911,5.096
8476422,D,PP,TNFI,115,40,334.97,20.599,17.007,24.726
8476422,D,PK,CNFI,8,2,72.52,6.619,2.858,13.042
8476422,D,PK,MNFI,6,1,72.52,4.964,1.822,10.805
8476422,D,PK,FNFI,6,0,72.52,4.964,1.822,10.805
8476422,D,PK,TNFI,20,3,72.52,16.548,10.108,25.557
8476429,D,ES,CNFI,1154,75,5301.52,13.06,12.318,13.836
8476429,D,ES,MNFI,1006,58,5301.52,11.385,10.693,12.111
8476429,D,ES,FNFI,549,9,5301.52,6.213,5.704,6.755
8476429,D,ES,TNFI,2709,142,5301.52,30.659,29.515,31.836
8476429,D,PP,CNFI,330,12,593.45,33.364,29.861,37.165
8476429,D,PP,MNFI,306,5,593.45,30.938,27.568,34.606
8476429,D,PP,FNFI,171,3,593.45,17.289,14.795,20.083
8476429,D,PP,TNFI,807,20,593.45,81.591,76.058,87.42
8476429,D,PK,CNFI,0,0,106.12,0.0,0.0,2.086
8476429,D,PK,MNFI,1,1,106.12,0.565,0.014,3.15
8476429,D,PK,FNFI,0,0,106.12,0.0,0.0,2.086
8476429,D,PK,TNFI,1,1,106.12,0.565,0.014,3.15
8476441,D,ES,CNFI,1049,77,4749.25,13.253,12.463,14.08
8476441,D,ES,MNFI,877,43,4749.25,11.08,10.358,11.838
8476441,D,ES,FNFI,470,14,4749.25,5.938,5.413,6.5
8476441,D,ES,TNFI,2396,134,4749.25,30.27,29.07,31.507
8476441,D,PP,CNFI,327,20,618.9,31.701,28.358,35.33
8476441,D,PP,MNFI,244,10,618.9,23.655,20.78,26.817
8476441,D,PP,FNFI,129,3,618.9,12.506,10.441,14.86
8476441,D,PP,TNFI,700,33,618.9,67.862,62.928,73.081
8476441,D,PK,CNFI,4,3,113.8,2.109,0.575,5.4
8476441,D,PK,MNFI,1,0,113.8,0.527,0.013,2.938
8476441,D,PK,FNFI,1,0,113.8,0.527,0.013,2.938
8476441,D,PK,TNFI,6,3,113.8,3.163,1.161,6.885
8476449,D,ES,CNFI,169,14,766.9,13.222,11.304,15.373
8476449,D,ES,MNFI,195,16,766.9,15.256,13.19,17.554
8476449,D,ES,FNFI,88,2,766.9,6.885,5.522,8.482
8476449,D,ES,TNFI,452,32,766.9,35.363,32.178,38.779
8476449,D,PP,CNFI,11,5,54.32,12.151,6.066,21.741
8476449,D,PP,MNFI,16,2,54.32,17.674,10.102,28.702
8476449,D,PP,FNFI,1,0,54.32,1.105,0.028,6.155
8476449,D,PP,TNFI,28,7,54.32,30.93,20.553,44.702
8476449,D,PK,CNFI,0,0,12.75,0.0,0.0,17.359
8476449,D,PK,MNFI,1,0,12.75,4.706,0.119,26.219
8476449,D,PK,FNFI,1,0,12.75,4.706,0.119,26.219
8476449,D,PK,TNFI,2,0,12.75,9.412,1.14,33.999
8476457,D,ES,CNFI,1501,127,7724.53,11.659,11.077,12.264
8476457,D,ES,MNFI,1373,71,7724.53,10.665,10.108,11.244
8476457,D,ES,FNFI,674,8,7724.53,5.235,4.847,5.646
8476457,D,ES,TNFI,3548,206,7724.53,27.559,26.66,28.481
8476457,D,PP,CNFI,476,20,996.33,28.665,26.147,31.36
8476457,D,PP,MNFI,449,6,996.33,27.039,24.596,29.66
8476457,D,PP,FNFI,341,4,996.33,20.535,18.413,22.835
8476457,D,PP,TNFI,1266,30,996.33,76.24,72.097,80.558
8476457,D,PK,CNFI,4,4,164.47,1.459,0.398,3.736
8476457,D,PK,MNFI,2,0,164.47,0.73,0.088,2.636
8476457,D,PK,FNFI,2,0,164.47,0.73,0.088,2.636
8476457,D,PK,TNFI,8,4,164.47,2.919,1.26,5.751
8476462,D,ES,CNFI,971,92,5426.88,10.735,10.071,11.432
8476462,D,ES,MNFI,991,55,5426.88,10.957,10.285,11.661
8476462,D,ES,FNFI,512,13,5426.88,5.661,5.181,6.173
8476462,D,ES,TNFI,2474,160,5426.88,27.353,26.285,28.452
8476462,D,PP,CNFI,81,29,775.07,6.27,4.98,7.794
8476462,D,PP,MNFI,66,12,775.07,5.109,3.951,6.5
8476462,D,PP,FNFI,50,9,775.07,3.871,2.873,5.103
8476462,D,PP,TNFI,197,50,775.07,15.25,13.195,17.535
8476462,D,PK,CNFI,32,2,135.6,14.159,9.685,19.989
8476462,D,PK,MNFI,40,3,135.6,17.699,12.645,24.101
8476462,D,PK,FNFI,8,0,135.6,3.54,1.528,6.975
8476462,D,PK,TNFI,80,5,135.6,35.398,28.069,44.056
8476463,D,ES,CNFI,1007,100,5721.95,10.559,9.917,11.232
8476463,D,ES,MNFI,991,39,5721.95,10.392,9.755,11.059
8476463,D,ES,FNFI,588,17,5721.95,6.166,5.677,6.685
8476463,D,ES,TNFI,2586,156,5721.95,27.117,26.081,28.182
8476463,D,PP,CNFI,277,22,835.3,19.897,17.623,22.384
8476463,D,PP,MNFI,306,8,835.3,21.98,19.586,24.586
8476463,D,PP,FNFI,209,4,835.3,15.013,13.046,17.192
8476463,D,PP,TNFI,792,34,835.3,56.89,52.996,60.994
8476463,D,PK,CNFI,13,3,152.53,5.114,2.723,8.744
8476463,D,PK,MNFI,7,2,152.53,2.753,1.107,5.673
8476463,D,PK,FNFI,4,0,152.53,1.573,0.429,4.029
8476463,D,PK,TNFI,24,5,152.53,9.441,6.049,14.047
8476467,D,ES,CNFI,1201,133,6253.28,11.524,10.881,12.194
8476467,D,ES,MNFI,1138,63,6253.28,10.919,10.294,11.572
8476467,D,ES,FNFI,589,11,6253.28,5.651,5.204,6.127
8476467,D,ES,TNFI,2928,207,6253.28,28.094,27.086,29.13
8476467,D,PP,CNFI,427,29,813.13,31.508,28.59,34.643
8476467,D,PP,MNFI,380,8,813.13,28.04,25.291,31.006
8476467,D,PP,FNFI,297,8,813.13,21.915,19.493,24.555
8476467,D,PP,TNFI,1104,45,813.13,81.463,76.728,86.413
8476467,D,PK,CNFI,0,0,122.0,0.0,0.0,1.814
8476467,D,PK,MNFI,1,0,122.0,0.492,0.012,2.74
8476467,D,PK,FNFI,0,0,122.0,0.0,0.0,1.814
8476467,D,PK,TNFI,1,0,122.0,0.492,0.012,2.74
8476470,D,ES,CNFI,229,27,884.72,15.53,13.584,17.678
8476470,D,ES,MNFI,218,15,884.72,14.784,12.887,16.883
8476470,D,ES,FNFI,117,4,884.72,7.935,6.562,9.51
8476470,D,ES,TNFI,564,46,884.72,38.25,35.158,41.541
8476470,D,PP,CNFI,60,5,139.05,25.89,19.757,33.326
8476470,D,PP,MNFI,66,5,139.05,28.479,22.026,36.232
8476470,D,PP,FNFI,43,1,139.05,18.554,13.428,24.993
8476470,D,PP,TNFI,169,11,139.05,72.923,62.343,84.785
8476470,D,PK,CNFI,0,0,22.93,0.0,0.0,9.651
8476470,D,PK,MNFI,0,0,22.93,0.0,0.0,9.651
8476470,D,PK,FNFI,0,0,22.93,0.0,0.0,9.651
8476470,D,PK,TNFI,0,0,22.93,0.0,0.0,9.651
8476473,D,ES,CNFI,1177,121,5543.7,12.739,12.021,13.488
8476473,D,ES,MNFI,1177,66,5543.7,12.739,12.021,13.488
8476473,D,ES,FNFI,531,16,5543.7,5.747,5.269,6.257
8476473,D,ES,TNFI,2885,203,5543.7,31.225,30.096,32.385
8476473,D,PP,CNFI,346,24,698.6,29.717,26.668,33.019
8476473,D,PP,MNFI,294,5,698.6,25.251,22.446,28.308
8476473,D,PP,FNFI,150,2,698.6,12.883,10.904,15.117
8476473,D,PP,TNFI,790,31,698.6,67.85,63.201,72.751
8476473,D,PK,CNFI,0,0,134.82,0.0,0.0,1.642
8476473,D,PK,MNFI,5,2,134.82,2.225,0.723,5.193
8476473,D,PK,FNFI,0,0,134.82,0.0,0.0,1.642
8476473,D,PK,TNFI,5,2,134.82,2.225,0.723,5.193
8476525,D,ES,CNFI,679,65,3440.52,11.841,10.967,12.766
8476525,D,ES,MNFI,568,31,3440.52,9.905,9.108,10.755
8476525,D,ES,FNFI,323,8,3440.52,5.633,5.035,6.282
8476525,D,ES,TNFI,1570,104,3440.52,27.38,26.042,28.768
8476525,D,PP,CNFI,61,13,323.92,11.299,8.643,14.514
8476525,D,PP,MNFI,54,15,323.92,10.003,7.514,13.051
8476525,D,PP,FNFI,26,4,323.92,4.816,3.146,7.057
8476525,D,PP,TNFI,141,32,323.92,26.118,21.985,30.802
8476525,D,PK,CNFI,1,1,76.7,0.782,0.02,4.359
8476525,D,PK,MNFI,7,3,76.7,5.476,2.202,11.282
8476525,D,PK,FNFI,3,1,76.7,2.347,0.484,6.858
8476525,D,PK,TNFI,11,5,76.7,8.605,4.296,15.397
8476779,D,ES,CNFI,235,23,1168.98,12.062,10.569,13.707
8476779,D,ES,MNFI,248,11,1168.98,12.729,11.194,14.416
8476779,D,ES,FNFI,150,3,1168.98,7.699,6.516,9.034
8476779,D,ES,TNFI,633,37,1168.98,32.49,30.008,35.122
8476779,D,PP,CNFI,11,7,95.6,6.904,3.446,12.353
8476779,D,PP,MNFI,3,3,95.6,1.883,0.388,5.502
8476779,D,PP,FNFI,0,0,95.6,0.0,0.0,2.315
8476779,D,PP,TNFI,14,10,95.6,8.787,4.804,14.742
8476779,D,PK,CNFI,3,1,20.97,8.585,1.77,25.089
8476779,D,PK,MNFI,4,1,20.97,11.447,3.119,29.308
8476779,D,PK,FNFI,0,0,20.97,0.0,0.0,10.556
8476779,D,PK,TNFI,7,2,20.97,20.032,8.054,41.273
8476792,D,ES,CNFI,740,63,3488.02,12.729,11.829,13.68
8476792,D,ES,MNFI,745,43,3488.02,12.815,11.911,13.77
8476792,D,ES,FNFI,300,14,3488.02,5.161,4.593,5.779
8476792,D,ES,TNFI,1785,120,3488.02,30.705,29.297,32.163
8476792,D,PP,CNFI,59,20,532.83,6.644,5.058,8.57
8476792,D,PP,MNFI,44,14,532.83,4.955,3.6,6.651
8476792,D,PP,FNFI,23,4,532.83,2.59,1.642,3.886
8476792,D,PP,TNFI,126,38,532.83,14.188,11.819,16.893
8476792,D,PK,CNFI,30,2,89.38,20.138,13.587,28.748
8476792,D,PK,MNFI,35,1,89.38,23.494,16.365,32.675
8476792,D,PK,FNFI,7,0,89.38,4.699,1.889,9.681
8476792,D,PK,TNFI,72,3,89.38,48.331,37.816,60.865
8476850,D,ES,CNFI,111,15,620.9,10.726,8.824,12.917
8476850,D,ES,MNFI,148,4,620.9,14.302,12.091,16.8
8476850,D,ES,FNFI,53,2,620.9,5.122,3.836,6.699
8476850,D,ES,TNFI,312,21,620.9,30.15,26.897,33.688
8476850,D,PP,CNFI,17,3,69.22,14.736,8.584,23.594
8476850,D,PP,MNFI,21,2,69.22,18.204,11.268,27.826
8476850,D,PP,FNFI,6,1,69.22,5.201,1.909,11.321
8476850,D,PP,TNFI,44,6,69.22,38.141,27.713,51.203
8476850,D,PK,CNFI,0,0,12.38,0.0,0.0,17.873
8476850,D,PK,MNFI,0,0,12.38,0.0,0.0,17.873
8476850,D,PK,FNFI,0,0,12.38,0.0,0.0,17.873
8476850,D,PK,TNFI,0,0,12.38,0.0,0.0,17.873
8476853,D,ES,CNFI,1359,114,6950.43,11.732,11.116,12.372
8476853,D,ES,MNFI,1242,50,6950.43,10.722,10.134,11.335
8476853,D,ES,FNFI,619,9,6950.43,5.344,4.931,5.782
8476853,D,ES,TNFI,3220,173,6950.43,27.797,26.845,28.774
8476853,D,PP,CNFI,137,31,1012.1,8.122,6.819,9.601
8476853,D,PP,MNFI,119,14,1012.1,7.055,5.844,8.442
8476853,D,PP,FNFI,53,3,1012.1,3.142,2.354,4.11
8476853,D,PP,TNFI,309,48,1012.1,18.318,16.333,20.479
8476853,D,PK,CNFI,35,4,213.0,9.859,6.867,13.712
8476853,D,PK,MNFI,52,3,213.0,14.648,10.94,19.209
8476853,D,PK,FNFI,11,0,213.0,3.099,1.547,5.544
8476853,D,PK,TNFI,98,7,213.0,27.606,22.412,33.642
8476854,D,ES,CNFI,1050,74,5533.12,11.386,10.708,12.096
8476854,D,ES,MNFI,953,46,5533.12,10.334,9.688,11.012
8476854,D,ES,FNFI,501,9,5533.12,5.433,4.967,5.93
8476854,D,ES,TNFI,2504,129,5533.12,27.153,26.1,28.238
8476854,D,PP,CNFI,278,18,985.23,16.93,14.998,19.042
8476854,D,PP,MNFI,258,7,985.23,15.712,13.853,17.751
8476854,D,PP,FNFI,132,2,985.23,8.039,6.726,9.533
8476854,D,PP,TNFI,668,27,985.23,40.681,37.654,43.886
8476854,D,PK,CNFI,20,4,225.87,5.313,3.245,8.205
8476854,D,PK,MNFI,19,5,225.87,5.047,3.039,7.882
8476854,D,PK,FNFI,5,0,225.87,1.328,0.431,3.1
8476854,D,PK,TNFI,44,9,225.87,11.688,8.493,15.691
8476856,D,ES,CNFI,926,92,4700.47,11.82,11.071,12.607
8476856,D,ES,MNFI,836,40,4700.47,10.671,9.96,11.42
8476856,D,ES,FNFI,480,7,4700.47,6.127,5.591,6.7
8476856,D,ES,TNFI,2242,139,4700.47,28.618,27.446,29.828
8476856,D,PP,CNFI,213,16,648.32,19.713,17.154,22.545
8476856,D,PP,MNFI,195,6,648.32,18.047,15.603,20.765
8476856,D,PP,FNFI,113,3,648.32,10.458,8.619,12.573
8476856,D,PP,TNFI,521,25,648.32,48.217,44.165,52.541
8476856,D,PK,CNFI,6,0,123.38,2.918,1.071,6.351
8476856,D,PK,MNFI,13,1,123.38,6.322,3.366,10.81
8476856,D,PK,FNFI,3,0,123.38,1.459,0.301,4.263
8476856,D,PK,TNFI,22,1,123.38,10.698,6.705,16.197
8476869,D,ES,CNFI,1326,110,7202.82,11.046,10.459,11.657
8476869,D,ES,MNFI,1060,65,7202.82,8.83,8.306,9.378
8476869,D,ES,FNFI,600,20,7202.82,4.998,4.606,5.414
8476869,D,ES,TNFI,2986,195,7202.82,24.874,23.989,25.782
8476869,D,PP,CNFI,410,22,1091.92,22.529,20.401,24.819
8476869,D,PP,MNFI,263,8,1091.92,14.452,12.758,16.308
8476869,D,PP,FNFI,166,3,1091.92,9.122,7.787,10.62
8476869,D,PP,TNFI,839,33,1091.92,46.102,43.035,49.33
8476869,D,PK,CNFI,12,2,250.8,2.871,1.483,5.015
8476869,D,PK,MNFI,17,2,250.8,4.067,2.369,6.512
8476869,D,PK,FNFI,5,0,250.8,1.196,0.388,2.791
8476869,D,PK,TNFI,34,4,250.8,8.134,5.633,11.366
8476874,D,ES,CNFI,1072,99,5189.6,12.394,11.663,13.159
8476874,D,ES,MNFI,884,58,5189.6,10.22,9.558,10.917
8476874,D,ES,FNFI,513,9,5189.6,5.931,5.429,6.467
8476874,D,ES,TNFI,2469,166,5189.6,28.546,27.431,29.694
8476874,D,PP,CNFI,217,40,591.85,21.999,19.169,25.129
8476874,D,PP,MNFI,168,19,591.85,17.031,14.553,19.81
8476874,D,PP,FNFI,81,10,591.85,8.212,6.521,10.206
8476874,D,PP,TNFI,466,69,591.85,47.242,43.049,51.732
8476874,D,PK,CNFI,0,0,114.27,0.0,0.0,1.937
8476874,D,PK,MNFI,1,1,114.27,0.525,0.013,2.926
8476874,D,PK,FNFI,0,0,114.27,0.0,0.0,1.937
8476874,D,PK,TNFI,1,1,114.27,0.525,0.013,2.926
8476875,D,ES,CNFI,1506,139,6779.43,13.329,12.664,14.019
8476875,D,ES,MNFI,1213,63,6779.43,10.735,10.14,11.357
8476875,D,ES,FNFI,786,12,6779.43,6.956,6.478,7.46
8476875,D,ES,TNFI,3505,214,6779.43,31.02,30.002,32.065
8476875,D,PP,CNFI,512,29,1194.6,25.716,23.536,28.043
8476875,D,PP,MNFI,338,10,1194.6,16.976,15.215,18.886
8476875,D,PP,FNFI,211,1,1194.6,10.598,9.216,12.128
8476875,D,PP,TNFI,1061,40,1194.6,53.29,50.131,56.595
8476875,D,PK,CNFI,31,4,244.98,7.592,5.159,10.777
8476875,D,PK,MNFI,29,3,244.98,7.103,4.757,10.2
8476875,D,PK,FNFI,4,0,244.98,0.98,0.267,2.508
8476875,D,PK,TNFI,64,7,244.98,15.675,12.071,20.016
8476879,D,ES,CNFI,1397,119,6880.58,12.182,11.552,12.838
8476879,D,ES,MNFI,1302,80,6880.58,11.354,10.745,11.988
8476879,D,ES,FNFI,694,20,6880.58,6.052,5.61,6.519
8476879,D,ES,TNFI,3393,219,6880.58,29.588,28.6,30.6
8476879,D,PP,CNFI,422,18,858.15,29.505,26.757,32.459
8476879,D,PP,MNFI,375,8,858.15,26.219,23.632,29.012
8476879,D,PP,FNFI,187,7,858.15,13.075,11.268,15.089
8476879,D,PP,TNFI,984,33,858.15,68.799,64.567,73.236
8476879,D,PK,CNFI,1,0,184.95,0.324,0.008,1.808
8476879,D,PK,MNFI,2,2,184.95,0.649,0.079,2.344
8476879,D,PK,FNFI,1,0,184.95,0.324,0.008,1.808
8476879,D,PK,TNFI,4,2,184.95,1.298,0.354,3.322
8476885,D,ES,CNFI,1523,126,6924.47,13.197,12.542,13.877
8476885,D,ES,MNFI,1431,63,6924.47,12.4,11.765,13.059
8476885,D,ES,FNFI,662,10,6924.47,5.736,5.307,6.19
8476885,D,ES,TNFI,3616,199,6924.47,31.332,30.319,32.371
8476885,D,PP,CNFI,398,23,1090.37,21.901,19.802,24.162
8476885,D,PP,MNFI,355,9,1090.37,19.535,17.555,21.676
8476885,D,PP,FNFI,282,6,1090.37,15.518,13.759,17.439
8476885,D,PP,TNFI,1035,38,1090.37,56.953,53.536,60.532
8476885,D,PK,CNFI,9,2,229.22,2.356,1.077,4.472
8476885,D,PK,MNFI,18,5,229.22,4.712,2.792,7.447
8476885,D,PK,FNFI,8,1,229.22,2.094,0.904,4.126
8476885,D,PK,TNFI,35,8,229.22,9.162,6.381,12.742
8476891,D,ES,CNFI,1163,90,5670.2,12.306,11.609,13.035
8476891,D,ES,MNFI,1109,66,5670.2,11.735,11.054,12.447
8476891,D,ES,FNFI,521,10,5670.2,5.513,5.05,6.007
8476891,D,ES,TNFI,2793,166,5670.2,29.555,28.469,30.671
8476891,D,PP,CNFI,79,38,611.9,7.746,6.133,9.654
8476891,D,PP,MNFI,52,15,611.9,5.099,3.808,6.686
8476891,D,PP,FNFI,39,4,611.9,3.824,2.719,5.228
8476891,D,PP,TNFI,170,57,611.9,16.669,14.258,19.372
8476891,D,PK,CNFI,17,8,145.28,7.021,4.09,11.241
8476891,D,PK,MNFI,34,3,145.28,14.042,9.724,19.622
8476891,D,PK,FNFI,1,0,145.28,0.413,0.01,2.301
8476891,D,PK,TNFI,52,11,145.28,21.475,16.039,28.162
8476892,D,ES,CNFI,1515,127,7571.15,12.006,11.409,12.626
8476892,D,ES,MNFI,1456,77,7571.15,11.539,10.953,12.147
8476892,D,ES,FNFI,722,14,7571.15,5.722,5.312,6.155
8476892,D,ES,TNFI,3693,218,7571.15,29.266,28.33,30.226
8476892,D,PP,CNFI,344,19,937.78,22.009,19.745,24.463
8476892,D,PP,MNFI,303,10,937.78,19.386,17.265,21.696
8476892,D,PP,FNFI,203,4,937.78,12.988,11.263,14.903
8476892,D,PP,TNFI,850,33,937.78,54.384,50.789,58.166
8476892,D,PK,CNFI,12,4,196.7,3.66,1.891,6.394
8476892,D,PK,MNFI,4,1,196.7,1.22,0.332,3.124
8476892,D,PK,FNFI,2,0,196.7,0.61,0.074,2.204
8476892,D,PK,TNFI,18,5,196.7,5.491,3.254,8.678
8476902,D,ES,CNFI,1368,116,7121.08,11.526,10.924,12.154
8476902,D,ES,MNFI,1192,61,7121.08,10.043,9.481,10.63
8476902,D,ES,FNFI,761,13,7121.08,6.412,5.964,6.884
8476902,D,ES,TNFI,3321,190,7121.08,27.982,27.038,28.95
8476902,D,PP,CNFI,567,11,1123.37,30.284,27.842,32.882
8476902,D,PP,MNFI,429,8,1123.37,22.913,20.796,25.188
8476902,D,PP,FNFI,304,1,1123.37,16.237,14.463,18.169
8476902,D,PP,TNFI,1300,20,1123.37,69.434,65.711,73.314
8476902,D,PK,CNFI,5,3,222.65,1.347,0.437,3.144
8476902,D,PK,MNFI,6,3,222.65,1.617,0.593,3.519
8476902,D,PK,FNFI,0,0,222.65,0.0,0.0,0.994
8476902,D,PK,TNFI,11,6,222.65,2.964,1.48,5.304
8476906,D,ES,CNFI,1165,118,5946.27,11.755,11.09,12.45
8476906,D,ES,MNFI,1018,73,5946.27,10.272,9.651,10.923
8476906,D,ES,FNFI,508,15,5946.27,5.126,4.69,5.592
8476906,D,ES,TNFI,2691,206,5946.27,27.153,26.137,28.199
8476906,D,PP,CNFI,81,31,947.6,5.129,4.073,6.375
8476906,D,PP,MNFI,77,20,947.6,4.875,3.848,6.094
8476906,D,PP,FNFI,43,11,947.6,2.723,1.97,3.667
8476906,D,PP,TNFI,201,62,947.6,12.727,11.028,14.613
8476906,D,PK,CNFI,42,1,194.37,12.965,9.344,17.525
8476906,D,PK,MNFI,45,4,194.37,13.891,10.132,18.588
8476906,D,PK,FNFI,24,0,194.37,7.409,4.747,11.024
8476906,D,PK,TNFI,111,5,194.37,34.265,28.188,41.264
8476917,D,ES,CNFI,1275,99,6083.37,12.575,11.894,13.285
8476917,D,ES,MNFI,1059,66,6083.37,10.445,9.825,11.093
8476917,D,ES,FNFI,585,15,6083.37,5.77,5.312,6.257
8476917,D,ES,TNFI,2919,180,6083.37,28.79,27.755,29.854
8476917,D,PP,CNFI,401,16,724.6,33.205,30.034,36.619
8476917,D,PP,MNFI,327,8,724.6,27.077,24.221,30.177
8476917,D,PP,FNFI,165,2,724.6,13.663,11.658,15.914
8476917,D,PP,TNFI,893,26,724.6,73.944,69.173,78.958
8476917,D,PK,CNFI,2,1,134.42,0.893,0.108,3.225
8476917,D,PK,MNFI,1,0,134.42,0.446,0.011,2.487
8476917,D,PK,FNFI,0,0,134.42,0.0,0.0,1.647
8476917,D,PK,TNFI,3,1,134.42,1.339,0.276,3.913
8476923,D,ES,CNFI,1299,110,6572.92,11.858,11.222,12.521
8476923,D,ES,MNFI,1158,76,6572.92,10.571,9.971,11.197
8476923,D,ES,FNFI,616,14,6572.92,5.623,5.188,6.085
8476923,D,ES,TNFI,3073,200,6572.92,28.051,27.068,29.061
8476923,D,PP,CNFI,178,24,852.5,12.528,10.755,14.51
8476923,D,PP,MNFI,170,5,852.5,11.965,10.234,13.905
8476923,D,PP,FNFI,103,4,852.5,7.249,5.917,8.792
8476923,D,PP,TNFI,451,33,852.5,31.742,28.88,34.811
8476923,D,PK,CNFI,32,10,195.65,9.813,6.712,13.854
8476923,D,PK,MNFI,26,7,195.65,7.973,5.209,11.683
8476923,D,PK,FNFI,9,1,195.65,2.76,1.262,5.239
8476923,D,PK,TNFI,67,18,195.65,20.547,15.924,26.094
8476931,D,ES,CNFI,1326,113,6552.72,12.142,11.497,12.813
8476931,D,ES,MNFI,1279,79,6552.72,11.711,11.078,12.371
8476931,D,ES,FNFI,655,25,6552.72,5.998,5.547,6.475
8476931,D,ES,TNFI,3260,217,6552.72,29.85,28.834,30.893
8476931,D,PP,CNFI,375,16,852.63,26.389,23.785,29.2
8476931,D,PP,MNFI,342,9,852.63,24.067,21.583,26.757
8476931,D,PP,FNFI,178,5,852.63,12.526,10.753,14.507
8476931,D,PP,TNFI,895,30,852.63,62.981,58.922,67.246
8476931,D,PK,CNFI,7,4,152.33,2.757,1.109,5.681
8476931,D,PK,MNFI,6,2,152.33,2.363,0.867,5.144
8476931,D,PK,FNFI,0,0,152.33,0.0,0.0,1.453
8476931,D,PK,TNFI,13,6,152.33,5.12,2.726,8.756
8476958,D,ES,CNFI,1088,109,6373.18,10.243,9.643,10.87
8476958,D,ES,MNFI,896,54,6373.18,8.435,7.892,9.006
8476958,D,ES,FNFI,509,10,6373.18,4.792,4.385,5.227
8476958,D,ES,TNFI,2493,173,6373.18,23.47,22.558,24.41
8476958,D,PP,CNFI,327,25,896.0,21.897,19.588,24.404
8476958,D,PP,MNFI,282,4,896.0,18.884,16.744,21.222
8476958,D,PP,FNFI,145,3,896.0,9.71,8.194,11.425
8476958,D,PP,TNFI,754,32,896.0,50.491,46.951,54.227
8476958,D,PK,CNFI,4,3,246.9,0.972,0.265,2.489
8476958,D,PK,MNFI,13,2,246.9,3.159,1.682,5.402
8476958,D,PK,FNFI,1,0,246.9,0.243,0.006,1.354
8476958,D,PK,TNFI,18,5,246.9,4.374,2.592,6.913
8476967,D,ES,CNFI,1204,127,6231.97,11.592,10.946,12.266
8476967,D,ES,MNFI,1107,72,6231.97,10.658,10.039,11.305
8476967,D,ES,FNFI,538,9,6231.97,5.18,4.751,5.637
8476967,D,ES,TNFI,2849,208,6231.97,27.43,26.431,28.456
8476967,D,PP,CNFI,212,34,673.42,18.889,16.432,21.61
8476967,D,PP,MNFI,174,13,673.42,15.503,13.285,17.985
8476967,D,PP,FNFI,101,8,673.42,8.999,7.33,10.934
8476967,D,PP,TNFI,487,55,673.42,43.391,39.622,47.421
8476967,D,PK,CNFI,1,1,136.28,0.44,0.011,2.453
8476967,D,PK,MNFI,3,2,136.28,1.321,0.272,3.86
8476967,D,PK,FNFI,0,0,136.28,0.0,0.0,1.624
8476967,D,PK,TNFI,4,3,136.28,1.761,0.48,4.509
8476979,D,ES,CNFI,702,67,3973.1,10.601,9.831,11.415
8476979,D,ES,MNFI,709,40,3973.1,10.707,9.933,11.525
8476979,D,ES,FNFI,362,7,3973.1,5.467,4.918,6.06
8476979,D,ES,TNFI,1773,114,3973.1,26.775,25.543,28.051
8476979,D,PP,CNFI,43,31,488.73,5.279,3.82,7.111
8476979,D,PP,MNFI,21,12,488.73,2.578,1.596,3.941
8476979,D,PP,FNFI,14,7,488.73,1.719,0.94,2.884
8476979,D,PP,TNFI,78,50,488.73,9.576,7.569,11.951
8476979,D,PK,CNFI,22,2,114.25,11.554,7.241,17.492
8476979,D,PK,MNFI,25,5,114.25,13.129,8.496,19.381
8476979,D,PK,FNFI,5,0,114.25,2.626,0.853,6.128
8476979,D,PK,TNFI,52,7,114.25,27.309,20.395,35.812
8476988,D,ES,CNFI,460,43,2450.27,11.264,10.258,12.342
8476988,D,ES,MNFI,538,47,2450.27,13.174,12.084,14.336
8476988,D,ES,FNFI,278,4,2450.27,6.807,6.031,7.657
8476988,D,ES,TNFI,1276,94,2450.27,31.246,29.554,33.008
8476988,D,PP,CNFI,178,6,402.63,26.525,22.772,30.721
8476988,D,PP,MNFI,185,1,402.63,27.569,23.739,31.84
8476988,D,PP,FNFI,76,1,402.63,11.325,8.923,14.175
8476988,D,PP,TNFI,439,8,402.63,65.419,59.442,71.835
8476988,D,PK,CNFI,4,0,63.78,3.763,1.025,9.634
8476988,D,PK,MNFI,7,0,63.78,6.585,2.647,13.567
8476988,D,PK,FNFI,0,0,63.78,0.0,0.0,3.47
8476988,D,PK,TNFI,11,0,63.78,10.348,5.165,18.515
8477018,D,ES,CNFI,518,53,2719.85,11.427,10.464,12.455
8477018,D,ES,MNFI,518,26,2719.85,11.427,10.464,12.455
8477018,D,ES,FNFI,244,8,2719.85,5.383,4.728,6.102
8477018,D,ES,TNFI,1280,87,2719.85,28.237,26.711,29.827
8477018,D,PP,CNFI,36,14,192.45,11.224,7.861,15.538
8477018,D,PP,MNFI,33,8,192.45,10.288,7.082,14.449
8477018,D,PP,FNFI,8,2,192.45,2.494,1.077,4.914
8477018,D,PP,TNFI,77,24,192.45,24.006,18.945,30.004
8477018,D,PK,CNFI,5,3,40.35,7.435,2.414,17.351
8477018,D,PK,MNFI,3,1,40.35,4.461,0.92,13.037
8477018,D,PK,FNFI,1,0,40.35,1.487,0.038,8.285
8477018,D,PK,TNFI,9,4,40.35,13.383,6.12,25.405
8477034,D,ES,CNFI,496,38,2407.78,12.36,11.296,13.497
8477034,D,ES,MNFI,534,34,2407.78,13.307,12.202,14.485
8477034,D,ES,FNFI,239,5,2407.78,5.956,5.224,6.761
8477034,D,ES,TNFI,1269,77,2407.78,31.622,29.906,33.411
8477034,D,PP,CNFI,102,9,265.53,23.048,18.793,27.979
8477034,D,PP,MNFI,112,5,265.53,25.308,20.838,30.452
8477034,D,PP,FNFI,31,1,265.53,7.005,4.759,9.943
8477034,D,PP,TNFI,245,15,265.53,55.36,48.645,62.744
8477034,D,PK,CNFI,0,0,53.4,0.0,0.0,4.145
8477034,D,PK,MNFI,0,0,53.4,0.0,0.0,4.145
8477034,D,PK,FNFI,1,0,53.4,1.124,0.028,6.26
8477034,D,PK,TNFI,1,0,53.4,1.124,0.028,6.26
8477073,D,ES,CNFI,236,19,1172.75,12.074,10.583,13.717
8477073,D,ES,MNFI,213,8,1172.75,10.897,9.483,12.463
8477073,D,ES,FNFI,110,7,1172.75,5.628,4.625,6.783
8477073,D,ES,TNFI,559,34,1172.75,28.599,26.277,31.072
8477073,D,PP,CNFI,10,5,51.65,11.617,5.571,21.363
8477073,D,PP,MNFI,11,5,51.65,12.778,6.379,22.864
8477073,D,PP,FNFI,2,0,51.65,2.323,0.281,8.393
8477073,D,PP,TNFI,23,10,51.65,26.718,16.937,40.091
8477073,D,PK,CNFI,1,1,11.5,5.217,0.132,29.069
8477073,D,PK,MNFI,0,0,11.5,0.0,0.0,19.246
8477073,D,PK,FNFI,0,0,11.5,0.0,0.0,19.246
8477073,D,PK,TNFI,1,1,11.5,5.217,0.132,29.069
8477205,D,ES,CNFI,102,8,502.6,12.177,9.929,14.782
8477205,D,ES,MNFI,107,5,502.6,12.774,10.468,15.436
8477205,D,ES,FNFI,63,6,502.6,7.521,5.779,9.622
8477205,D,ES,TNFI,272,19,502.6,32.471,28.727,36.568
8477205,D,PP,CNFI,8,1,48.43,9.911,4.279,19.528
8477205,D,PP,MNFI,14,2,48.43,17.343,9.482,29.099
8477205,D,PP,FNFI,12,0,48.43,14.866,7.681,25.968
8477205,D,PP,TNFI,34,3,48.43,42.12,29.169,58.858
8477205,D,PK,CNFI,0,0,4.6,0.0,0.0,48.116
8477205,D,PK,MNFI,0,0,4.6,0.0,0.0,48.116
8477205,D,PK,FNFI,0,0,4.6,0.0,0.0,48.116
8477205,D,PK,TNFI,0,0,4.6,0.0,0.0,48.116
8477215,D,ES,CNFI,238,26,943.85,15.13,13.268,17.179
8477215,D,ES,MNFI,194,9,943.85,12.332,10.658,14.195
8477215,D,ES,FNFI,84,0,943.85,5.34,4.259,6.611
8477215,D,ES,TNFI,516,35,943.85,32.802,30.032,35.758
8477215,D,PP,CNFI,44,1,105.85,24.941,18.122,33.482
8477215,D,PP,MNFI,56,2,105.85,31.743,23.978,41.221
8477215,D,PP,FNFI,25,2,105.85,14.171,9.171,20.919
8477215,D,PP,TNFI,125,5,105.85,70.855,58.979,84.421
8477215,D,PK,CNFI,0,0,27.22,0.0,0.0,8.132
8477215,D,PK,MNFI,1,0,27.22,2.205,0.056,12.283
8477215,D,PK,FNFI,0,0,27.22,0.0,0.0,8.132
8477215,D,PK,TNFI,1,0,27.22,2.205,0.056,12.283
8477220,D,ES,CNFI,1061,106,5619.28,11.329,10.657,12.032
8477220,D,ES,MNFI,978,49,5619.28,10.443,9.798,11.118
8477220,D,ES,FNFI,556,14,5619.28,5.937,5.453,6.451
8477220,D,ES,TNFI,2595,169,5619.28,27.708,26.652,28.795
8477220,D,PP,CNFI,185,48,875.03,12.685,10.923,14.651
8477220,D,PP,MNFI,155,16,875.03,10.628,9.021,12.439
8477220,D,PP,FNFI,111,8,875.03,7.611,6.261,9.166
8477220,D,PP,TNFI,451,72,875.03,30.925,28.136,33.915
8477220,D,PK,CNFI,12,1,175.78,4.096,2.116,7.155
8477220,D,PK,MNFI,19,4,175.78,6.485,3.905,10.128
8477220,D,PK,FNFI,3,1,175.78,1.024,0.211,2.993
8477220,D,PK,TNFI,34,6,175.78,11.605,8.037,16.217
8477244,D,ES,CNFI,418,50,2265.93,11.068,10.033,12.182
8477244,D,ES,MNFI,451,32,2265.93,11.942,10.865,13.097
8477244,D,ES,FNFI,219,4,2265.93,5.799,5.056,6.62
8477244,D,ES,TNFI,1088,86,2265.93,28.809,27.123,30.573
8477244,D,PP,CNFI,112,5,290.37,23.143,19.056,27.847
8477244,D,PP,MNFI,125,3,290.37,25.829,21.5,30.775
8477244,D,PP,FNFI,85,0,290.37,17.564,14.029,21.718
8477244,D,PP,TNFI,322,8,290.37,66.537,59.467,74.216
8477244,D,PK,CNFI,0,0,63.55,0.0,0.0,3.483
8477244,D,PK,MNFI,0,0,63.55,0.0,0.0,3.483
8477244,D,PK,FNFI,0,0,63.55,0.0,0.0,3.483
8477244,D,PK,TNFI,0,0,63.55,0.0,0.0,3.483
8477335,D,ES,CNFI,605,44,2650.98,13.693,12.624,14.829
8477335,D,ES,MNFI,562,27,2650.98,12.72,11.69,13.816
8477335,D,ES,FNFI,266,9,2650.98,6.02,5.319,6.789
8477335,D,ES,TNFI,1433,80,2650.98,32.433,30.776,34.157
8477335,D,PP,CNFI,79,15,279.85,16.938,13.41,21.109
8477335,D,PP,MNFI,89,8,279.85,19.082,15.324,23.482
8477335,D,PP,FNFI,35,4,279.85,7.504,5.227,10.436
8477335,D,PP,TNFI,203,27,279.85,43.523,37.742,49.94
8477335,D,PK,CNFI,1,0,55.7,1.077,0.027,6.002
8477335,D,PK,MNFI,7,3,55.7,7.54,3.032,15.536
8477335,D,PK,FNFI,0,0,55.7,0.0,0.0,3.974
8477335,D,PK,TNFI,8,3,55.7,8.618,3.72,16.98
8477346,D,ES,CNFI,1526,116,7449.25,12.291,11.682,12.924
8477346,D,ES,MNFI,1266,90,7449.25,10.197,9.643,10.775
8477346,D,ES,FNFI,596,27,7449.25,4.8,4.423,5.202
8477346,D,ES,TNFI,3388,233,7449.25,27.289,26.377,28.223
8477346,D,PP,CNFI,324,35,1163.58,16.707,14.937,18.629
8477346,D,PP,MNFI,298,9,1163.58,15.366,13.671,17.214
8477346,D,PP,FNFI,131,3,1163.58,6.755,5.648,8.016
8477346,D,PP,TNFI,753,47,1163.58,38.828,36.104,41.704
8477346,D,PK,CNFI,27,7,273.15,5.931,3.908,8.629
8477346,D,PK,MNFI,33,10,273.15,7.249,4.99,10.18
8477346,D,PK,FNFI,11,0,273.15,2.416,1.206,4.323
8477346,D,PK,TNFI,71,17,273.15,15.596,12.18,19.672
8477355,D,ES,CNFI,83,12,579.9,8.588,6.84,10.646
8477355,D,ES,MNFI,125,8,579.9,12.933,10.766,15.409
8477355,D,ES,FNFI,62,2,579.9,6.415,4.918,8.224
8477355,D,ES,TNFI,270,22,579.9,27.936,24.703,31.475
8477355,D,PP,CNFI,7,6,40.62,10.341,4.157,21.306
8477355,D,PP,MNFI,0,0,40.62,0.0,0.0,5.449
8477355,D,PP,FNFI,4,3,40.62,5.909,1.61,15.129
8477355,D,PP,TNFI,11,9,40.62,16.249,8.112,29.075
8477355,D,PK,CNFI,2,2,9.52,12.609,1.527,45.55
8477355,D,PK,MNFI,5,0,9.52,31.524,10.236,73.566
8477355,D,PK,FNFI,2,1,9.52,12.609,1.527,45.55
8477355,D,PK,TNFI,9,3,9.52,56.743,25.946,107.715
8477359,D,ES,CNFI,124,9,622.08,11.96,9.948,14.26
8477359,D,ES,MNFI,135,4,622.08,13.021,10.917,15.412
8477359,D,ES,FNFI,57,3,622.08,5.498,4.164,7.123
8477359,D,ES,TNFI,316,16,622.08,30.478,27.21,34.031
8477359,D,PP,CNFI,26,4,77.42,20.151,13.163,29.525
8477359,D,PP,MNFI,31,2,77.42,24.026,16.324,34.103
8477359,D,PP,FNFI,10,0,77.42,7.75,3.717,14.253
8477359,D,PP,TNFI,67,6,77.42,51.927,40.243,65.945
8477359,D,PK,CNFI,2,1,11.43,10.496,1.271,37.914
8477359,D,PK,MNFI,0,0,11.43,0.0,0.0,19.359
8477359,D,PK,FNFI,0,0,11.43,0.0,0.0,19.359
8477359,D,PK,TNFI,2,1,11.43,10.496,1.271,37.914
8477365,D,ES,CNFI,952,83,4820.3,11.85,11.109,12.627
8477365,D,ES,MNFI,916,58,4820.3,11.402,10.675,12.165
8477365,D,ES,FNFI,431,16,4820.3,5.365,4.87,5.896
8477365,D,ES,TNFI,2299,157,4820.3,28.616,27.459,29.811
8477365,D,PP,CNFI,242,32,614.25,23.639,20.754,26.812
8477365,D,PP,MNFI,230,8,614.25,22.466,19.657,25.565
8477365,D,PP,FNFI,124,0,614.25,12.112,10.074,14.441
8477365,D,PP,TNFI,596,40,614.25,58.217,53.637,63.085
8477365,D,PK,CNFI,0,0,125.42,0.0,0.0,1.765
8477365,D,PK,MNFI,2,1,125.42,0.957,0.116,3.456
8477365,D,PK,FNFI,1,0,125.42,0.478,0.012,2.666
8477365,D,PK,TNFI,3,1,125.42,1.435,0.296,4.194
8477369,D,ES,CNFI,979,92,4795.23,12.25,11.494,13.042
8477369,D,ES,MNFI,797,56,4795.23,9.972,9.292,10.689
8477369,D,ES,FNFI,456,10,4795.23,5.706,5.194,6.254
8477369,D,ES,TNFI,2232,158,4795.23,27.928,26.781,29.111
8477369,D,PP,CNFI,247,31,646.45,22.925,20.155,25.97
8477369,D,PP,MNFI,179,17,646.45,16.614,14.269,19.234
8477369,D,PP,FNFI,111,8,646.45,10.302,8.475,12.407
8477369,D,PP,TNFI,537,56,646.45,49.841,45.715,54.241
8477369,D,PK,CNFI,4,1,122.67,1.957,0.533,5.009
8477369,D,PK,MNFI,4,0,122.67,1.957,0.533,5.009
8477369,D,PK,FNFI,1,0,122.67,0.489,0.012,2.725
8477369,D,PK,TNFI,9,1,122.67,4.402,2.013,8.357
8477384,D,ES,CNFI,524,43,2244.9,14.005,12.831,15.257
8477384,D,ES,MNFI,478,23,2244.9,12.776,11.656,13.974
8477384,D,ES,FNFI,227,6,2244.9,6.067,5.303,6.91
8477384,D,ES,TNFI,1229,72,2244.9,32.848,31.037,34.737
8477384,D,PP,CNFI,201,11,355.85,33.891,29.367,38.914
8477384,D,PP,MNFI,179,2,355.85,30.181,25.922,34.941
8477384,D,PP,FNFI,68,2,355.85,11.466,8.903,14.535
8477384,D,PP,TNFI,448,15,355.85,75.537,68.704,82.867
8477384,D,PK,CNFI,0,0,60.77,0.0,0.0,3.642
8477384,D,PK,MNFI,3,0,60.77,2.962,0.611,8.657
8477384,D,PK,FNFI,1,0,60.77,0.987,0.025,5.501
8477384,D,PK,TNFI,4,0,60.77,3.95,1.076,10.112
8477433,D,ES,CNFI,216,14,788.88,16.428,14.31,18.771
8477433,D,ES,MNFI,165,6,788.88,12.549,10.708,14.617
8477433,D,ES,FNFI,87,0,788.88,6.617,5.3,8.162
8477433,D,ES,TNFI,468,20,788.88,35.595,32.442,38.97
8477433,D,PP,CNFI,18,4,63.97,16.884,10.006,26.684
8477433,D,PP,MNFI,19,5,63.97,17.822,10.73,27.831
8477433,D,PP,FNFI,6,1,63.97,5.628,2.065,12.25
8477433,D,PP,TNFI,43,10,63.97,40.334,29.19,54.329
8477433,D,PK,CNFI,0,0,13.38,0.0,0.0,16.538
8477433,D,PK,MNFI,0,0,13.38,0.0,0.0,16.538
8477433,D,PK,FNFI,0,0,13.38,0.0,0.0,16.538
8477433,D,PK,TNFI,0,0,13.38,0.0,0.0,16.538
8477435,D,ES,CNFI,995,117,4902.05,12.179,11.434,12.959
8477435,D,ES,MNFI,994,54,4902.05,12.166,11.422,12.947
8477435,D,ES,FNFI,471,8,4902.05,5.765,5.256,6.31
8477435,D,ES,TNFI,2460,179,4902.05,30.11,28.932,31.324
8477435,D,PP,CNFI,236,16,561.47,25.22,22.104,28.651
8477435,D,PP,MNFI,235,5,561.47,25.113,22.004,28.537
8477435,D,PP,FNFI,134,2,561.47,14.32,11.998,16.96
8477435,D,PP,TNFI,605,23,561.47,64.652,59.602,70.015
8477435,D,PK,CNFI,4,2,110.32,2.176,0.593,5.57
8477435,D,PK,MNFI,5,2,110.32,2.719,0.883,6.346
8477435,D,PK,FNFI,1,0,110.32,0.544,0.014,3.03
8477435,D,PK,TNFI,10,4,110.32,5.439,2.608,10.002
8477447,D,ES,CNFI,1158,79,6004.8,11.571,10.914,12.257
8477447,D,ES,MNFI,1036,49,6004.8,10.352,9.731,11.002
8477447,D,ES,FNFI,480,11,6004.8,4.796,4.377,5.245
8477447,D,ES,TNFI,2674,139,6004.8,26.719,25.715,27.751
8477447,D,PP,CNFI,80,37,733.5,6.544,5.189,8.145
8477447,D,PP,MNFI,52,8,733.5,4.254,3.177,5.578
8477447,D,PP,FNFI,25,6,733.5,2.045,1.323,3.019
8477447,D,PP,TNFI,157,51,733.5,12.843,10.912,15.016
8477447,D,PK,CNFI,20,1,108.13,11.097,6.779,17.139
8477447,D,PK,MNFI,34,1,108.13,18.866,13.065,26.363
8477447,D,PK,FNFI,9,0,108.13,4.994,2.283,9.48
8477447,D,PK,TNFI,63,2,108.13,34.957,26.862,44.725
8477462,D,ES,CNFI,359,35,1497.28,14.386,12.936,15.954
8477462,D,ES,MNFI,265,16,1497.28,10.619,9.379,11.978
8477462,D,ES,FNFI,147,9,1497.28,5.891,4.977,6.924
8477462,D,ES,TNFI,771,60,1497.28,30.896,28.753,33.156
8477462,D,PP,CNFI,68,10,169.22,24.111,18.723,30.567
8477462,D,PP,MNFI,66,7,169.22,23.402,18.099,29.773
8477462,D,PP,FNFI,30,1,169.22,10.637,7.177,15.185
8477462,D,PP,TNFI,164,18,169.22,58.15,49.591,67.763
8477462,D,PK,CNFI,1,0,39.17,1.532,0.039,8.535
8477462,D,PK,MNFI,0,0,39.17,0.0,0.0,5.651
8477462,D,PK,FNFI,0,0,39.17,0.0,0.0,5.651
8477462,D,PK,TNFI,1,0,39.17,1.532,0.039,8.535
8477488,D,ES,CNFI,1084,81,5833.58,11.149,10.495,11.833
8477488,D,ES,MNFI,804,52,5833.58,8.269,7.708,8.861
8477488,D,ES,FNFI,490,15,5833.58,5.04,4.603,5.506
8477488,D,ES,TNFI,2378,148,5833.58,24.458,23.485,25.462
8477488,D,PP,CNFI,314,17,800.67,23.53,20.999,26.282
8477488,D,PP,MNFI,225,6,800.67,16.861,14.73,19.214
8477488,D,PP,FNFI,147,5,800.67,11.016,9.307,12.947
8477488,D,PP,TNFI,686,28,800.67,51.407,47.632,55.402
8477488,D,PK,CNFI,9,4,194.93,2.77,1.267,5.259
8477488,D,PK,MNFI,4,1,194.93,1.231,0.335,3.152
8477488,D,PK,FNFI,1,0,194.93,0.308,0.008,1.715
8477488,D,PK,TNFI,14,5,194.93,4.309,2.356,7.23
8477495,D,ES,CNFI,1308,140,6622.53,11.85,11.217,12.511
8477495,D,ES,MNFI,1183,62,6622.53,10.718,10.116,11.347
8477495,D,ES,FNFI,580,19,6622.53,5.255,4.836,5.7
8477495,D,ES,TNFI,3071,221,6622.53,27.823,26.848,28.825
8477495,D,PP,CNFI,251,19,1185.05,12.708,11.185,14.382
8477495,D,PP,MNFI,259,18,1185.05,13.113,11.565,14.812
8477495,D,PP,FNFI,166,6,1185.05,8.405,7.175,9.785
8477495,D,PP,TNFI,676,43,1185.05,34.226,31.695,36.907
8477495,D,PK,CNFI,35,5,210.82,9.961,6.938,13.854
8477495,D,PK,MNFI,52,3,210.82,14.8,11.053,19.408
8477495,D,PK,FNFI,11,2,210.82,3.131,1.563,5.602
8477495,D,PK,TNFI,98,10,210.82,27.892,22.644,33.991
8477498,D,ES,CNFI,1442,124,7291.65,11.866,11.261,12.494
8477498,D,ES,MNFI,1376,75,7291.65,11.323,10.732,11.937
8477498,D,ES,FNFI,640,25,7291.65,5.266,4.866,5.691
8477498,D,ES,TNFI,3458,224,7291.65,28.454,27.514,29.419
8477498,D,PP,CNFI,363,25,1089.68,19.987,17.984,22.153
8477498,D,PP,MNFI,317,4,1089.68,17.455,15.586,19.486
8477498,D,PP,FNFI,167,10,1089.68,9.195,7.854,10.701
8477498,D,PP,TNFI,847,39,1089.68,46.637,43.549,49.887
8477498,D,PK,CNFI,15,4,237.8,3.785,2.118,6.242
8477498,D,PK,MNFI,12,3,237.8,3.028,1.564,5.289
8477498,D,PK,FNFI,4,0,237.8,1.009,0.275,2.584
8477498,D,PK,TNFI,31,7,237.8,7.822,5.314,11.102
8477499,D,ES,CNFI,934,81,4698.23,11.928,11.175,12.718
8477499,D,ES,MNFI,930,61,4698.23,11.877,11.126,12.665
8477499,D,ES,FNFI,474,13,4698.23,6.053,5.521,6.624
8477499,D,ES,TNFI,2338,155,4698.23,29.858,28.66,31.093
8477499,D,PP,CNFI,207,17,628.85,19.75,17.151,22.632
8477499,D,PP,MNFI,199,9,628.85,18.987,16.441,21.816
8477499,D,PP,FNFI,116,6,628.85,11.068,9.146,13.275
8477499,D,PP,TNFI,522,32,628.85,49.805,45.624,54.267
8477499,D,PK,CNFI,11,0,151.13,4.367,2.18,7.814
8477499,D,PK,MNFI,21,4,151.13,8.337,5.161,12.744
8477499,D,PK,FNFI,5,1,151.13,1.985,0.645,4.632
8477499,D,PK,TNFI,37,5,151.13,14.689,10.342,20.247
8477504,D,ES,CNFI,1486,112,7954.85,11.208,10.646,11.793
8477504,D,ES,MNFI,1361,68,7954.85,10.265,9.727,10.826
8477504,D,ES,FNFI,773,15,7954.85,5.83,5.427,6.256
8477504,D,ES,TNFI,3620,195,7954.85,27.304,26.422,28.208
8477504,D,PP,CNFI,115,51,1148.2,6.009,4.961,7.213
8477504,D,PP,MNFI,83,15,1148.2,4.337,3.455,5.377
8477504,D,PP,FNFI,59,13,1148.2,3.083,2.347,3.977
8477504,D,PP,TNFI,257,79,1148.2,13.43,11.838,15.176
8477504,D,PK,CNFI,49,7,197.93,14.853,10.989,19.637
8477504,D,PK,MNFI,45,2,197.93,13.641,9.95,18.253
8477504,D,PK,FNFI,14,0,197.93,4.244,2.32,7.12
8477504,D,PK,TNFI,108,9,197.93,32.738,26.856,39.526
8477506,D,ES,CNFI,1471,103,6093.13,14.485,13.754,15.245
8477506,D,ES,MNFI,1177,60,6093.13,11.59,10.937,12.272
8477506,D,ES,FNFI,695,17,6093.13,6.844,6.344,7.372
8477506,D,ES,TNFI,3343,180,6093.13,32.919,31.812,34.054
8477506,D,PP,CNFI,356,16,867.73,24.616,22.125,27.31
8477506,D,PP,MNFI,271,10,867.73,18.738,16.574,21.107
8477506,D,PP,FNFI,137,5,867.73,9.473,7.953,11.199
8477506,D,PP,TNFI,764,31,867.73,52.827,49.147,56.71
8477506,D,PK,CNFI,17,6,177.85,5.735,3.341,9.183
8477506,D,PK,MNFI,18,2,177.85,6.073,3.599,9.597
8477506,D,PK,FNFI,5,0,177.85,1.687,0.548,3.936
8477506,D,PK,TNFI,40,8,177.85,13.495,9.641,18.376
8477507,D,ES,CNFI,1192,96,6339.6,11.281,10.65,11.941
8477507,D,ES,MNFI,1060,52,6339.6,10.032,9.437,10.655
8477507,D,ES,FNFI,589,15,6339.6,5.574,5.133,6.043
8477507,D,ES,TNFI,2841,163,6339.6,26.888,25.908,27.895
8477507,D,PP,CNFI,294,16,764.22,23.082,20.519,25.878
8477507,D,PP,MNFI,247,16,764.22,19.392,17.049,21.968
8477507,D,PP,FNFI,132,5,764.22,10.364,8.671,12.29
8477507,D,PP,TNFI,673,37,764.22,52.838,48.921,56.986
8477507,D,PK,CNFI,4,2,172.63,1.39,0.379,3.56
8477507,D,PK,MNFI,2,1,172.63,0.695,0.084,2.511
8477507,D,PK,FNFI,1,0,172.63,0.348,0.009,1.936
8477507,D,PK,TNFI,7,3,172.63,2.433,0.978,5.013
8477541,D,ES,CNFI,158,12,819.48,11.568,9.835,13.519
8477541,D,ES,MNFI,131,6,819.48,9.591,8.019,11.382
8477541,D,ES,FNFI,79,0,819.48,5.784,4.579,7.209
8477541,D,ES,TNFI,368,18,819.48,26.944,24.261,29.842
8477541,D,PP,CNFI,33,2,76.35,25.933,17.851,36.42
8477541,D,PP,MNFI,22,4,76.35,17.289,10.835,26.175
8477541,D,PP,FNFI,8,3,76.35,6.287,2.714,12.388
8477541,D,PP,TNFI,63,9,76.35,49.509,38.044,63.343
8477541,D,PK,CNFI,0,0,9.13,0.0,0.0,24.234
8477541,D,PK,MNFI,1,1,9.13,6.569,0.166,36.602
8477541,D,PK,FNFI,0,0,9.13,0.0,0.0,24.234
8477541,D,PK,TNFI,1,1,9.13,6.569,0.166,36.602
8477810,D,ES,CNFI,570,70,2998.8,11.405,10.487,12.38
8477810,D,ES,MNFI,512,27,2998.8,10.244,9.376,11.171
8477810,D,ES,FNFI,250,6,2998.8,5.002,4.401,5.662
8477810,D,ES,TNFI,1332,103,2998.8,26.651,25.238,28.121
8477810,D,PP,CNFI,86,19,241.72,21.347,17.075,26.364
8477810,D,PP,MNFI,75,11,241.72,18.617,14.643,23.336
8477810,D,PP,FNFI,37,1,241.72,9.184,6.467,12.659
8477810,D,PP,TNFI,198,31,241.72,49.148,42.541,56.492
8477810,D,PK,CNFI,1,1,55.1,1.089,0.028,6.067
8477810,D,PK,MNFI,1,1,55.1,1.089,0.028,6.067
8477810,D,PK,FNFI,0,0,55.1,0.0,0.0,4.017
8477810,D,PK,TNFI,2,2,55.1,2.178,0.264,7.867
8477845,D,ES,CNFI,1125,128,5594.75,12.065,11.37,12.791
8477845,D,ES,MNFI,996,53,5594.75,10.681,10.028,11.366
8477845,D,ES,FNFI,578,20,5594.75,6.199,5.704,6.725
8477845,D,ES,TNFI,2699,201,5594.75,28.945,27.863,30.058
8477845,D,PP,CNFI,282,29,721.8,23.441,20.785,26.343
8477845,D,PP,MNFI,280,13,721.8,23.275,20.628,26.167
8477845,D,PP,FNFI,175,8,721.8,14.547,12.471,16.869
8477845,D,PP,TNFI,737,50,721.8,61.264,56.92,65.851
8477845,D,PK,CNFI,6,2,140.42,2.564,0.941,5.58
8477845,D,PK,MNFI,3,2,140.42,1.282,0.264,3.746
8477845,D,PK,FNFI,2,0,140.42,0.855,0.103,3.087
8477845,D,PK,TNFI,11,4,140.42,4.7,2.346,8.41
8477851,D,ES,CNFI,477,36,2286.52,12.517,11.419,13.692
8477851,D,ES,MNFI,455,40,2286.52,11.94,10.868,13.089
8477851,D,ES,FNFI,196,8,2286.52,5.143,4.448,5.916
8477851,D,ES,TNFI,1128,84,2286.52,29.6,27.897,31.379
8477851,D,PP,CNFI,37,17,168.65,13.163,9.268,18.144
8477851,D,PP,MNFI,40,9,168.65,14.231,10.167,19.378
8477851,D,PP,FNFI,21,4,168.65,7.471,4.625,11.42
8477851,D,PP,TNFI,98,30,168.65,34.865,28.305,42.489
8477851,D,PK,CNFI,1,0,28.35,2.116,0.054,11.792
8477851,D,PK,MNFI,3,2,28.35,6.349,1.309,18.555
8477851,D,PK,FNFI,0,0,28.35,0.0,0.0,7.807
8477851,D,PK,TNFI,4,2,28.35,8.466,2.307,21.675
8477932,D,ES,CNFI,1049,84,5671.8,11.097,10.436,11.789
8477932,D,ES,MNFI,810,31,5671.8,8.569,7.989,9.18
8477932,D,ES,FNFI,469,12,5671.8,4.961,4.522,5.431
8477932,D,ES,TNFI,2328,127,5671.8,24.627,23.637,25.648
8477932,D,PP,CNFI,355,11,1146.52,18.578,16.695,20.615
8477932,D,PP,MNFI,290,13,1146.52,15.176,13.48,17.027
8477932,D,PP,FNFI,185,0,1146.52,9.681,8.337,11.182
8477932,D,PP,TNFI,830,24,1146.52,43.436,40.531,46.494
8477932,D,PK,CNFI,28,1,234.18,7.174,4.767,10.368
8477932,D,PK,MNFI,34,3,234.18,8.711,6.033,12.173
8477932,D,PK,FNFI,4,0,234.18,1.025,0.279,2.624
8477932,D,PK,TNFI,66,4,234.18,16.91,13.078,21.513
8477938,D,ES,CNFI,439,32,2137.43,12.323,11.197,13.532
8477938,D,ES,MNFI,419,21,2137.43,11.762,10.662,12.944
8477938,D,ES,FNFI,208,2,2137.43,5.839,5.072,6.688
8477938,D,ES,TNFI,1066,55,2137.43,29.924,28.154,31.775
8477938,D,PP,CNFI,79,17,241.12,19.659,15.564,24.5
8477938,D,PP,MNFI,69,6,241.12,17.17,13.359,21.73
8477938,D,PP,FNFI,44,5,241.12,10.949,7.956,14.699
8477938,D,PP,TNFI,192,28,241.12,47.778,41.258,55.035
8477938,D,PK,CNFI,1,0,45.08,1.331,0.034,7.415
8477938,D,PK,MNFI,0,0,45.08,0.0,0.0,4.909
8477938,D,PK,FNFI,0,0,45.08,0.0,0.0,4.909
8477938,D,PK,TNFI,1,0,45.08,1.331,0.034,7.415
8477948,D,ES,CNFI,1490,129,7648.55,11.688,11.102,12.297
8477948,D,ES,MNFI,1480,83,7648.55,11.61,11.026,12.217
8477948,D,ES,FNFI,690,20,7648.55,5.413,5.016,5.832
8477948,D,ES,TNFI,3660,232,7648.55,28.711,27.789,29.657
8477948,D,PP,CNFI,428,31,1141.58,22.495,20.414,24.731
8477948,D,PP,MNFI,375,10,1141.58,19.709,17.765,21.809
8477948,D,PP,FNFI,228,6,1141.58,11.983,10.478,13.644
8477948,D,PP,TNFI,1031,47,1141.58,54.188,50.93,57.599
8477948,D,PK,CNFI,10,1,260.72,2.301,1.104,4.232
8477948,D,PK,MNFI,23,3,260.72,5.293,3.355,7.942
8477948,D,PK,FNFI,5,0,260.72,1.151,0.374,2.685
8477948,D,PK,TNFI,38,4,260.72,8.745,6.189,12.003
8477950,D,ES,CNFI,1021,71,4537.67,13.5,12.685,14.355
8477950,D,ES,MNFI,828,54,4537.67,10.948,10.215,11.72
8477950,D,ES,FNFI,412,3,4537.67,5.448,4.934,6.0
8477950,D,ES,TNFI,2261,128,4537.67,29.896,28.677,31.155
8477950,D,PP,CNFI,75,24,633.22,7.107,5.59,8.908
8477950,D,PP,MNFI,53,8,633.22,5.022,3.762,6.569
8477950,D,PP,FNFI,22,4,633.22,2.085,1.306,3.156
8477950,D,PP,TNFI,150,36,633.22,14.213,12.03,16.678
8477950,D,PK,CNFI,28,3,138.38,12.14,8.067,17.546
8477950,D,PK,MNFI,30,3,138.38,13.007,8.776,18.569
8477950,D,PK,FNFI,6,0,138.38,2.601,0.955,5.662
8477950,D,PK,TNFI,64,6,138.38,27.749,21.37,35.435
8477969,D,ES,CNFI,1349,115,6690.62,12.098,11.461,12.761
8477969,D,ES,MNFI,1274,70,6690.62,11.425,10.806,12.07
8477969,D,ES,FNFI,720,17,6690.62,6.457,5.994,6.946
8477969,D,ES,TNFI,3343,202,6690.62,29.979,28.972,31.013
8477969,D,PP,CNFI,314,22,802.62,23.473,20.948,26.218
8477969,D,PP,MNFI,251,8,802.62,18.764,16.514,21.234
8477969,D,PP,FNFI,173,3,802.62,12.933,11.077,15.01
8477969,D,PP,TNFI,738,33,802.62,55.17,51.26,59.298
8477969,D,PK,CNFI,6,2,151.03,2.384,0.875,5.188
8477969,D,PK,MNFI,7,1,151.03,2.781,1.118,5.73
8477969,D,PK,FNFI,1,0,151.03,0.397,0.01,2.213
8477969,D,PK,TNFI,14,3,151.03,5.562,3.041,9.332
8477971,D,ES,CNFI,396,43,1886.5,12.595,11.385,13.898
8477971,D,ES,MNFI,297,14,1886.5,9.446,8.402,10.584
8477971,D,ES,FNFI,140,4,1886.5,4.453,3.746,5.254
8477971,D,ES,TNFI,833,61,1886.5,26.494,24.725,28.355
8477971,D,PP,CNFI,52,9,177.02,17.625,13.164,23.113
8477971,D,PP,MNFI,52,3,177.02,17.625,13.164,23.113
8477971,D,PP,FNFI,30,3,177.02,10.169,6.861,14.516
8477971,D,PP,TNFI,134,15,177.02,45.419,38.055,53.793
8477971,D,PK,CNFI,0,0,28.17,0.0,0.0,7.858
8477971,D,PK,MNFI,0,0,28.17,0.0,0.0,7.858
8477971,D,PK,FNFI,0,0,28.17,0.0,0.0,7.858
8477971,D,PK,TNFI,0,0,28.17,0.0,0.0,7.858
8477986,D,ES,CNFI,1294,96,6705.43,11.579,10.956,12.227
8477986,D,ES,MNFI,1103,64,6705.43,9.87,9.296,10.47
8477986,D,ES,FNFI,658,19,6705.43,5.888,5.446,6.355
8477986,D,ES,TNFI,3055,179,6705.43,27.336,26.375,28.323
8477986,D,PP,CNFI,102,52,1070.62,5.716,4.661,6.939
8477986,D,PP,MNFI,73,17,1070.62,4.091,3.207,5.144
8477986,D,PP,FNFI,40,9,1070.62,2.242,1.602,3.053
8477986,D,PP,TNFI,215,78,1070.62,12.049,10.492,13.772
8477986,D,PK,CNFI,34,9,199.68,10.216,7.075,14.276
8477986,D,PK,MNFI,45,7,199.68,13.521,9.863,18.093
8477986,D,PK,FNFI,12,0,199.68,3.606,1.863,6.298
8477986,D,PK,TNFI,91,16,199.68,27.343,22.015,33.572
8478013,D,ES,CNFI,1117,90,4715.62,14.212,13.391,15.071
8478013,D,ES,MNFI,974,47,4715.62,12.393,11.627,13.196
8478013,D,ES,FNFI,435,13,4715.62,5.535,5.027,6.08
8478013,D,ES,TNFI,2526,150,4715.62,32.14,30.899,33.418
8478013,D,PP,CNFI,267,16,699.2,22.912,20.246,25.831
8478013,D,PP,MNFI,193,5,699.2,16.562,14.308,19.07
8478013,D,PP,FNFI,93,3,699.2,7.981,6.441,9.777
8478013,D,PP,TNFI,553,24,699.2,47.454,43.581,51.579
8478013,D,PK,CNFI,16,3,142.57,6.734,3.849,10.935
8478013,D,PK,MNFI,10,2,142.57,4.209,2.018,7.74
8478013,D,PK,FNFI,7,1,142.57,2.946,1.184,6.07
8478013,D,PK,TNFI,33,6,142.57,13.888,9.56,19.504
8478017,D,ES,CNFI,181,19,926.73,11.719,10.074,13.556
8478017,D,ES,MNFI,182,9,926.73,11.783,10.134,13.625
8478017,D,ES,FNFI,101,3,926.73,6.539,5.326,7.946
8478017,D,ES,TNFI,464,31,926.73,30.041,27.369,32.903
8478017,D,PP,CNFI,29,3,76.0,22.895,15.333,32.881
8478017,D,PP,MNFI,23,3,76.0,18.158,11.511,27.246
8478017,D,PP,FNFI,18,0,76.0,14.211,8.422,22.459
8478017,D,PP,TNFI,70,6,76.0,55.263,43.08,69.822
8478017,D,PK,CNFI,1,0,18.85,3.183,0.081,17.735
8478017,D,PK,MNFI,1,0,18.85,3.183,0.081,17.735
8478017,D,PK,FNFI,0,0,18.85,0.0,0.0,11.742
8478017,D,PK,TNFI,2,0,18.85,6.366,0.771,22.996
8478021,D,ES,CNFI,193,15,977.33,11.849,10.236,13.643
8478021,D,ES,MNFI,170,11,977.33,10.437,8.927,12.129
8478021,D,ES,FNFI,84,6,977.33,5.157,4.113,6.385
8478021,D,ES,TNFI,447,32,977.33,27.442,24.957,30.108
8478021,D,PP,CNFI,35,8,91.75,22.888,15.943,31.832
8478021,D,PP,MNFI,36,0,91.75,23.542,16.489,32.592
8478021,D,PP,FNFI,20,0,91.75,13.079,7.989,20.199
8478021,D,PP,TNFI,91,8,91.75,59.51,47.913,73.065
8478021,D,PK,CNFI,0,0,18.18,0.0,0.0,12.172
8478021,D,PK,MNFI,0,0,18.18,0.0,0.0,12.172
8478021,D,PK,FNFI,0,0,18.18,0.0,0.0,12.172
8478021,D,PK,TNFI,0,0,18.18,0.0,0.0,12.172
8478038,D,ES,CNFI,1373,131,7188.78,11.46,10.861,12.082
8478038,D,ES,MNFI,1027,49,7188.78,8.572,8.055,9.112
8478038,D,ES,FNFI,630,12,7188.78,5.258,4.856,5.685
8478038,D,ES,TNFI,3030,192,7188.78,25.289,24.397,26.206
8478038,D,PP,CNFI,478,41,1290.68,22.221,20.273,24.305
8478038,D,PP,MNFI,311,13,1290.68,14.457,12.895,16.157
8478038,D,PP,FNFI,258,3,1290.68,11.994,10.575,13.55
8478038,D,PP,TNFI,1047,57,1290.68,48.672,45.768,51.712
8478038,D,PK,CNFI,21,9,270.25,4.662,2.886,7.127
8478038,D,PK,MNFI,23,4,270.25,5.106,3.237,7.662
8478038,D,PK,FNFI,10,1,270.25,2.22,1.065,4.083
8478038,D,PK,TNFI,54,14,270.25,11.989,9.006,15.643
8478055,D,ES,CNFI,1372,104,7131.25,11.544,10.941,12.171
8478055,D,ES,MNFI,1062,46,7131.25,8.935,8.406,9.489
8478055,D,ES,FNFI,616,17,7131.25,5.183,4.782,5.609
8478055,D,ES,TNFI,3050,167,7131.25,25.662,24.759,26.589
8478055,D,PP,CNFI,488,26,1152.7,25.401,23.197,27.758
8478055,D,PP,MNFI,362,10,1152.7,18.843,16.951,20.887
8478055,D,PP,FNFI,228,1,1152.7,11.868,10.377,13.512
8478055,D,PP,TNFI,1078,37,1152.7,56.112,52.812,59.564
8478055,D,PK,CNFI,20,3,256.7,4.675,2.855,7.22
8478055,D,PK,MNFI,18,6,256.7,4.207,2.493,6.649
8478055,D,PK,FNFI,2,0,256.7,0.467,0.057,1.689
8478055,D,PK,TNFI,40,9,256.7,9.349,6.679,12.731
8478062,D,ES,CNFI,336,33,1363.62,14.784,13.245,16.453
8478062,D,ES,MNFI,331,23,1363.62,14.564,13.037,16.221
8478062,D,ES,FNFI,143,5,1363.62,6.292,5.303,7.412
8478062,D,ES,TNFI,810,61,1363.62,35.641,33.228,38.182
8478062,D,PP,CNFI,84,2,188.5,26.737,21.327,33.103
8478062,D,PP,MNFI,100,3,188.5,31.83,25.898,38.714
8478062,D,PP,FNFI,68,2,188.5,21.645,16.808,27.44
8478062,D,PP,TNFI,252,7,188.5,80.212,70.614,90.752
8478062,D,PK,CNFI,1,0,28.45,2.109,0.053,11.75
8478062,D,PK,MNFI,0,0,28.45,0.0,0.0,7.78
8478062,D,PK,FNFI,0,0,28.45,0.0,0.0,7.78
8478062,D,PK,TNFI,1,0,28.45,2.109,0.053,11.75
8478136,D,ES,CNFI,1193,95,6153.98,11.631,10.981,12.311
8478136,D,ES,MNFI,1231,56,6153.98,12.002,11.341,12.692
8478136,D,ES,FNFI,783,13,6153.98,7.634,7.109,8.188
8478136,D,ES,TNFI,3207,164,6153.98,31.268,30.195,32.369
8478136,D,PP,CNFI,294,26,732.48,24.082,21.408,26.999
8478136,D,PP,MNFI,329,12,732.48,26.949,24.116,30.025
8478136,D,PP,FNFI,193,4,732.48,15.809,13.657,18.204
8478136,D,PP,TNFI,816,42,732.48,66.841,62.333,71.589
8478136,D,PK,CNFI,3,1,120.93,1.488,0.307,4.35
8478136,D,PK,MNFI,3,1,120.93,1.488,0.307,4.35
8478136,D,PK,FNFI,2,0,120.93,0.992,0.12,3.584
8478136,D,PK,TNFI,8,2,120.93,3.969,1.714,7.821
8478178,D,ES,CNFI,727,57,4072.18,10.712,9.947,11.519
8478178,D,ES,MNFI,649,44,4072.18,9.562,8.841,10.327
8478178,D,ES,FNFI,379,12,4072.18,5.584,5.036,6.176
8478178,D,ES,TNFI,1755,113,4072.18,25.858,24.663,27.097
8478178,D,PP,CNFI,69,20,497.85,8.316,6.47,10.524
8478178,D,PP,MNFI,53,12,497.85,6.387,4.785,8.355
8478178,D,PP,FNFI,22,4,497.85,2.651,1.662,4.014
8478178,D,PP,TNFI,144,36,497.85,17.355,14.636,20.432
8478178,D,PK,CNFI,11,3,118.77,5.557,2.774,9.943
8478178,D,PK,MNFI,19,2,118.77,9.599,5.779,14.989
8478178,D,PK,FNFI,3,0,118.77,1.516,0.313,4.429
8478178,D,PK,TNFI,33,5,118.77,16.671,11.476,23.413
8478396,D,ES,CNFI,1307,123,7205.83,10.883,10.301,11.489
8478396,D,ES,MNFI,1237,69,7205.83,10.3,9.734,10.89
8478396,D,ES,FNFI,641,21,7205.83,5.337,4.932,5.767
8478396,D,ES,TNFI,3185,213,7205.83,26.52,25.607,27.458
8478396,D,PP,CNFI,262,27,1108.75,14.178,12.513,16.003
8478396,D,PP,MNFI,262,10,1108.75,14.178,12.513,16.003
8478396,D,PP,FNFI,135,8,1108.75,7.306,6.125,8.647
8478396,D,PP,TNFI,659,45,1108.75,35.662,32.991,38.492
8478396,D,PK,CNFI,34,6,262.93,7.759,5.373,10.842
8478396,D,PK,MNFI,35,6,262.93,7.987,5.563,11.108
8478396,D,PK,FNFI,16,1,262.93,3.651,2.087,5.929
8478396,D,PK,TNFI,85,13,262.93,19.397,15.493,23.984
8478397,D,ES,CNFI,1425,113,7489.58,11.416,10.831,12.024
8478397,D,ES,MNFI,1403,94,7489.58,11.24,10.659,11.844
8478397,D,ES,FNFI,711,22,7489.58,5.696,5.285,6.13
8478397,D,ES,TNFI,3539,229,7489.58,28.351,27.425,29.301
8478397,D,PP,CNFI,373,29,1371.22,16.321,14.707,18.065
8478397,D,PP,MNFI,338,7,1371.22,14.79,13.255,16.454
8478397,D,PP,FNFI,170,0,1371.22,7.439,6.362,8.645
8478397,D,PP,TNFI,881,36,1371.22,38.55,36.046,41.182
8478397,D,PK,CNFI,40,4,290.32,8.267,5.906,11.257
8478397,D,PK,MNFI,54,1,290.32,11.16,8.384,14.562
8478397,D,PK,FNFI,9,0,290.32,1.86,0.851,3.531
8478397,D,PK,TNFI,103,5,290.32,21.287,17.375,25.817
8478399,D,ES,CNFI,1113,114,6013.0,11.106,10.463,11.778
8478399,D,ES,MNFI,1079,62,6013.0,10.767,10.134,11.429
8478399,D,ES,FNFI,580,8,6013.0,5.787,5.326,6.278
8478399,D,ES,TNFI,2772,184,6013.0,27.66,26.64,28.709
8478399,D,PP,CNFI,260,25,647.13,24.106,21.265,27.222
8478399,D,PP,MNFI,213,11,647.13,19.749,17.185,22.586
8478399,D,PP,FNFI,142,4,647.13,13.166,11.089,15.518
8478399,D,PP,TNFI,615,40,647.13,57.021,52.603,61.711
8478399,D,PK,CNFI,3,2,141.62,1.271,0.262,3.715
8478399,D,PK,MNFI,2,1,141.62,0.847,0.103,3.061
8478399,D,PK,FNFI,0,0,141.62,0.0,0.0,1.563
8478399,D,PK,TNFI,5,3,141.62,2.118,0.688,4.944
8478407,D,ES,CNFI,1329,119,6629.13,12.029,11.391,12.693
8478407,D,ES,MNFI,1127,55,6629.13,10.2,9.614,10.814
8478407,D,ES,FNFI,598,8,6629.13,5.412,4.987,5.864
8478407,D,ES,TNFI,3054,182,6629.13,27.642,26.67,28.64
8478407,D,PP,CNFI,59,28,853.02,4.15,3.159,5.353
8478407,D,PP,MNFI,35,14,853.02,2.462,1.715,3.424
8478407,D,PP,FNFI,25,5,853.02,1.758,1.138,2.596
8478407,D,PP,TNFI,119,47,853.02,8.37,6.934,10.016
8478407,D,PK,CNFI,28,6,165.35,10.16,6.751,14.684
8478407,D,PK,MNFI,16,0,165.35,5.806,3.319,9.428
8478407,D,PK,FNFI,13,0,165.35,4.717,2.512,8.067
8478407,D,PK,TNFI,57,6,165.35,20.683,15.665,26.798
8478408,D,ES,CNFI,364,34,1902.7,11.478,10.329,12.72
8478408,D,ES,MNFI,353,27,1902.7,11.132,10.0,12.356
8478408,D,ES,FNFI,184,6,1902.7,5.802,4.994,6.704
8478408,D,ES,TNFI,901,67,1902.7,28.412,26.587,30.33
8478408,D,PP,CNFI,87,5,199.28,26.194,20.98,32.31
8478408,D,PP,MNFI,67,5,199.28,20.172,15.633,25.618
8478408,D,PP,FNFI,35,1,199.28,10.538,7.34,14.655
8478408,D,PP,TNFI,189,11,199.28,56.904,49.08,65.62
8478408,D,PK,CNFI,0,0,43.38,0.0,0.0,5.102
8478408,D,PK,MNFI,2,0,43.38,2.766,0.335,9.992
8478408,D,PK,FNFI,0,0,43.38,0.0,0.0,5.102
8478408,D,PK,TNFI,2,0,43.38,2.766,0.335,9.992
8478416,D,ES,CNFI,994,96,5148.42,11.584,10.875,12.327
8478416,D,ES,MNFI,989,57,5148.42,11.526,10.819,12.267
8478416,D,ES,FNFI,532,12,5148.42,6.2,5.684,6.75
8478416,D,ES,TNFI,2515,165,5148.42,29.31,28.176,30.478
8478416,D,PP,CNFI,381,7,746.75,30.613,27.616,33.846
8478416,D,PP,MNFI,338,7,746.75,27.158,24.339,30.213
8478416,D,PP,FNFI,201,4,746.75,16.15,13.994,18.544
8478416,D,PP,TNFI,920,18,746.75,73.92,69.22,78.855
8478416,D,PK,CNFI,0,0,149.88,0.0,0.0,1.477
8478416,D,PK,MNFI,2,1,149.88,0.801,0.097,2.892
8478416,D,PK,FNFI,1,0,149.88,0.4,0.01,2.23
8478416,D,PK,TNFI,3,1,149.88,1.201,0.248,3.51
8478430,D,ES,CNFI,358,31,1860.02,11.548,10.383,12.809
8478430,D,ES,MNFI,407,16,1860.02,13.129,11.884,14.469
8478430,D,ES,FNFI,220,5,1860.02,7.097,6.19,8.099
8478430,D,ES,TNFI,985,52,1860.02,31.774,29.82,33.822
8478430,D,PP,CNFI,19,6,174.97,6.516,3.923,10.175
8478430,D,PP,MNFI,18,5,174.97,6.173,3.658,9.755
8478430,D,PP,FNFI,4,1,174.97,1.372,0.374,3.512
8478430,D,PP,TNFI,41,12,174.97,14.06,10.09,19.074
8478430,D,PK,CNFI,3,1,45.73,3.936,0.812,11.502
8478430,D,PK,MNFI,7,2,45.73,9.184,3.692,18.922
8478430,D,PK,FNFI,3,0,45.73,3.936,0.812,11.502
8478430,D,PK,TNFI,13,3,45.73,17.055,9.081,29.165
8478443,D,ES,CNFI,1139,90,5952.97,11.48,10.823,12.167
8478443,D,ES,MNFI,1154,56,5952.97,11.631,10.97,12.322
8478443,D,ES,FNFI,549,12,5952.97,5.533,5.08,6.016
8478443,D,ES,TNFI,2842,158,5952.97,28.645,27.601,29.717
8478443,D,PP,CNFI,382,14,805.6,28.451,25.669,31.452
8478443,D,PP,MNFI,377,6,805.6,28.078,25.315,31.061
8478443,D,PP,FNFI,228,2,805.6,16.981,14.848,19.334
8478443,D,PP,TNFI,987,22,805.6,73.51,68.995,78.243
8478443,D,PK,CNFI,2,1,171.68,0.699,0.085,2.525
8478443,D,PK,MNFI,3,0,171.68,1.048,0.216,3.064
8478443,D,PK,FNFI,0,0,171.68,0.0,0.0,1.289
8478443,D,PK,TNFI,5,1,171.68,1.747,0.567,4.078
8478450,D,ES,CNFI,619,49,3000.77,12.377,11.421,13.391
8478450,D,ES,MNFI,473,20,3000.77,9.458,8.624,10.35
8478450,D,ES,FNFI,289,11,3000.77,5.779,5.131,6.485
8478450,D,ES,TNFI,1381,80,3000.77,27.613,26.176,29.109
8478450,D,PP,CNFI,155,12,321.93,28.888,24.519,33.811
8478450,D,PP,MNFI,117,7,321.93,21.806,18.034,26.134
8478450,D,PP,FNFI,69,1,321.93,12.86,10.006,16.275
8478450,D,PP,TNFI,341,20,321.93,63.554,56.986,70.67
8478450,D,PK,CNFI,3,1,71.37,2.522,0.52,7.371
8478450,D,PK,MNFI,2,1,71.37,1.681,0.204,6.074
8478450,D,PK,FNFI,0,0,71.37,0.0,0.0,3.101
8478450,D,PK,TNFI,5,2,71.37,4.204,1.365,9.81
8478451,D,ES,CNFI,422,46,2101.73,12.047,10.925,13.253
8478451,D,ES,MNFI,380,23,2101.73,10.848,9.785,11.996
8478451,D,ES,FNFI,171,3,2101.73,4.882,4.177,5.671
8478451,D,ES,TNFI,973,72,2101.73,27.777,26.059,29.579
8478451,D,PP,CNFI,72,8,225.02,19.199,15.022,24.177
8478451,D,PP,MNFI,43,5,225.02,11.466,8.298,15.444
8478451,D,PP,FNFI,34,3,225.02,9.066,6.278,12.669
8478451,D,PP,TNFI,149,16,225.02,39.73,33.607,46.646
8478451,D,PK,CNFI,4,0,54.77,4.382,1.194,11.22
8478451,D,PK,MNFI,1,0,54.77,1.096,0.028,6.104
8478451,D,PK,FNFI,1,1,54.77,1.096,0.028,6.104
8478451,D,PK,TNFI,6,1,54.77,6.573,2.412,14.307
8478452,D,ES,CNFI,525,43,2399.87,13.126,12.027,14.298
8478452,D,ES,MNFI,488,25,2399.87,12.201,11.142,13.333
8478452,D,ES,FNFI,220,8,2399.87,5.5,4.797,6.277
8478452,D,ES,TNFI,1233,76,2399.87,30.827,29.13,32.597
8478452,D,PP,CNFI,42,16,253.28,9.949,7.171,13.449
8478452,D,PP,MNFI,30,4,253.28,7.107,4.795,10.145
8478452,D,PP,FNFI,21,6,253.28,4.975,3.079,7.604
8478452,D,PP,TNFI,93,26,253.28,22.031,17.782,26.989
8478452,D,PK,CNFI,4,1,65.48,3.665,0.999,9.384
8478452,D,PK,MNFI,19,3,65.48,17.409,10.481,27.186
8478452,D,PK,FNFI,1,1,65.48,0.916,0.023,5.105
8478452,D,PK,TNFI,24,5,65.48,21.99,14.09,32.72
8478454,D,ES,CNFI,435,46,2047.97,12.744,11.575,14.0
8478454,D,ES,MNFI,335,21,2047.97,9.815,8.792,10.924
8478454,D,ES,FNFI,200,5,2047.97,5.859,5.075,6.73
8478454,D,ES,TNFI,970,72,2047.97,28.418,26.658,30.265
8478454,D,PP,CNFI,114,13,285.17,23.986,19.785,28.814
8478454,D,PP,MNFI,115,8,285.17,24.196,19.977,29.044
8478454,D,PP,FNFI,57,1,285.17,11.993,9.083,15.538
8478454,D,PP,TNFI,286,22,285.17,60.175,53.403,67.569
8478454,D,PK,CNFI,0,0,42.77,0.0,0.0,5.175
8478454,D,PK,MNFI,0,0,42.77,0.0,0.0,5.175
8478454,D,PK,FNFI,1,0,42.77,1.403,0.036,7.817
8478454,D,PK,TNFI,1,0,42.77,1.403,0.036,7.817
8478460,D,ES,CNFI,1330,93,6470.08,12.334,11.68,13.015
8478460,D,ES,MNFI,1110,57,6470.08,10.294,9.697,10.917
8478460,D,ES,FNFI,627,14,6470.08,5.814,5.368,6.288
8478460,D,ES,TNFI,3067,164,6470.08,28.442,27.444,29.466
8478460,D,PP,CNFI,190,33,957.92,11.901,10.269,13.719
8478460,D,PP,MNFI,155,16,957.92,9.709,8.24,11.363
8478460,D,PP,FNFI,95,8,957.92,5.95,4.814,7.274
8478460,D,PP,TNFI,440,57,957.92,27.56,25.045,30.259
8478460,D,PK,CNFI,26,2,198.32,7.866,5.138,11.526
8478460,D,PK,MNFI,32,1,198.32,9.681,6.622,13.667
8478460,D,PK,FNFI,14,0,198.32,4.236,2.316,7.107
8478460,D,PK,TNFI,72,3,198.32,21.783,17.044,27.433
8478467,D,ES,CNFI,178,13,739.88,14.435,12.392,16.718
8478467,D,ES,MNFI,185,9,739.88,15.002,12.918,17.327
8478467,D,ES,FNFI,89,2,739.88,7.217,5.796,8.882
8478467,D,ES,TNFI,452,24,739.88,36.654,33.353,40.195
8478467,D,PP,CNFI,22,2,75.9,17.391,10.899,26.331
8478467,D,PP,MNFI,20,2,75.9,15.81,9.657,24.418
8478467,D,PP,FNFI,6,0,75.9,4.743,1.741,10.324
8478467,D,PP,TNFI,48,4,75.9,37.945,27.977,50.309
8478467,D,PK,CNFI,0,0,22.72,0.0,0.0,9.743
8478467,D,PK,MNFI,1,1,22.72,2.641,0.067,14.716
8478467,D,PK,FNFI,0,0,22.72,0.0,0.0,9.743
8478467,D,PK,TNFI,1,1,22.72,2.641,0.067,14.716
8478468,D,ES,CNFI,873,87,4677.28,11.199,10.468,11.967
8478468,D,ES,MNFI,916,56,4677.28,11.75,11.002,12.537
8478468,D,ES,FNFI,388,9,4677.28,4.977,4.494,5.498
8478468,D,ES,TNFI,2177,152,4677.28,27.926,26.766,29.125
8478468,D,PP,CNFI,301,15,598.27,30.187,26.873,33.797
8478468,D,PP,MNFI,259,11,598.27,25.975,22.908,29.339
8478468,D,PP,FNFI,108,3,598.27,10.831,8.885,13.077
8478468,D,PP,TNFI,668,29,598.27,66.994,62.009,72.272
8478468,D,PK,CNFI,3,1,103.42,1.741,0.359,5.087
8478468,D,PK,MNFI,0,0,103.42,0.0,0.0,2.14
8478468,D,PK,FNFI,3,0,103.42,1.741,0.359,5.087
8478468,D,PK,TNFI,6,1,103.42,3.481,1.277,7.577
8478469,D,ES,CNFI,1219,84,6040.6,12.108,11.438,12.807
8478469,D,ES,MNFI,1087,47,6040.6,10.797,10.165,11.458
8478469,D,ES,FNFI,546,10,6040.6,5.423,4.978,5.898
8478469,D,ES,TNFI,2852,141,6040.6,28.328,27.298,29.387
8478469,D,PP,CNFI,169,32,1046.02,9.694,8.287,11.271
8478469,D,PP,MNFI,98,20,1046.02,5.621,4.564,6.851
8478469,D,PP,FNFI,47,10,1046.02,2.696,1.981,3.585
8478469,D,PP,TNFI,314,62,1046.02,18.011,16.074,20.118
8478469,D,PK,CNFI,44,2,188.23,14.025,10.191,18.828
8478469,D,PK,MNFI,40,4,188.23,12.75,9.109,17.362
8478469,D,PK,FNFI,8,0,188.23,2.55,1.101,5.025
8478469,D,PK,TNFI,92,6,188.23,29.325,23.64,35.965
8478476,D,ES,CNFI,238,25,1170.57,12.199,10.698,13.852
8478476,D,ES,MNFI,247,13,1170.57,12.661,11.131,14.342
8478476,D,ES,FNFI,117,0,1170.57,5.997,4.96,7.187
8478476,D,ES,TNFI,602,38,1170.57,30.857,28.441,33.423
8478476,D,PP,CNFI,16,13,100.48,9.554,5.461,15.515
8478476,D,PP,MNFI,6,6,100.48,3.583,1.315,7.798
8478476,D,PP,FNFI,0,0,100.48,0.0,0.0,2.203
8478476,D,PP,TNFI,22,19,100.48,13.137,8.233,19.889
8478476,D,PK,CNFI,1,0,19.73,3.041,0.077,16.941
8478476,D,PK,MNFI,2,2,19.73,6.081,0.736,21.967
8478476,D,PK,FNFI,0,0,19.73,0.0,0.0,11.216
8478476,D,PK,TNFI,3,2,19.73,9.122,1.881,26.657
8478500,D,ES,CNFI,1629,117,7738.85,12.63,12.024,13.258
8478500,D,ES,MNFI,1415,84,7738.85,10.971,10.406,11.557
8478500,D,ES,FNFI,808,21,7738.85,6.264,5.84,6.712
8478500,D,ES,TNFI,3852,222,7738.85,29.865,28.929,30.823
8478500,D,PP,CNFI,488,19,1307.68,22.391,20.448,24.468
8478500,D,PP,MNFI,462,12,1307.68,21.198,19.309,23.222
8478500,D,PP,FNFI,284,9,1307.68,13.031,11.559,14.638
8478500,D,PP,TNFI,1234,40,1307.68,56.619,53.504,59.869
8478500,D,PK,CNFI,24,5,258.13,5.579,3.574,8.3
8478500,D,PK,MNFI,25,4,258.13,5.811,3.761,8.578
8478500,D,PK,FNFI,9,1,258.13,2.092,0.957,3.971
8478500,D,PK,TNFI,58,10,258.13,13.481,10.237,17.428
8478502,D,ES,CNFI,224,14,988.13,13.601,11.878,15.504
8478502,D,ES,MNFI,187,14,988.13,11.355,9.786,13.104
8478502,D,ES,FNFI,90,3,988.13,5.465,4.394,6.717
8478502,D,ES,TNFI,501,31,988.13,30.421,27.815,33.205
8478502,D,PP,CNFI,13,4,66.82,11.674,6.216,19.962
8478502,D,PP,MNFI,19,1,66.82,17.062,10.272,26.644
8478502,D,PP,FNFI,7,3,66.82,6.286,2.527,12.951
8478502,D,PP,TNFI,39,8,66.82,35.021,24.903,47.875
8478502,D,PK,CNFI,0,0,14.12,0.0,0.0,15.679
8478502,D,PK,MNFI,0,0,14.12,0.0,0.0,15.679
8478502,D,PK,FNFI,0,0,14.12,0.0,0.0,15.679
8478502,D,PK,TNFI,0,0,14.12,0.0,0.0,15.679
8478506,D,ES,CNFI,106,17,494.35,12.865,10.533,15.56
8478506,D,ES,MNFI,123,12,494.35,14.929,12.407,17.812
8478506,D,ES,FNFI,44,0,494.35,5.34,3.88,7.169
8478506,D,ES,TNFI,273,29,494.35,33.134,29.32,37.307
8478506,D,PP,CNFI,25,3,45.57,32.919,21.303,48.595
8478506,D,PP,MNFI,17,3,45.57,22.385,13.04,35.84
8478506,D,PP,FNFI,8,0,45.57,10.534,4.548,20.756
8478506,D,PP,TNFI,50,6,45.57,65.838,48.866,86.799
8478506,D,PK,CNFI,0,0,8.07,0.0,0.0,27.438
8478506,D,PK,MNFI,0,0,8.07,0.0,0.0,27.438
8478506,D,PK,FNFI,0,0,8.07,0.0,0.0,27.438
8478506,D,PK,TNFI,0,0,8.07,0.0,0.0,27.438
8478507,D,ES,CNFI,1064,110,5840.75,10.93,10.283,11.607
8478507,D,ES,MNFI,992,56,5840.75,10.19,9.566,10.845
8478507,D,ES,FNFI,530,8,5840.75,5.445,4.991,5.928
8478507,D,ES,TNFI,2586,174,5840.75,26.565,25.551,27.609
8478507,D,PP,CNFI,348,17,803.52,25.986,23.327,28.865
8478507,D,PP,MNFI,266,4,803.52,19.863,17.547,22.399
8478507,D,PP,FNFI,217,2,803.52,16.204,14.119,18.509
8478507,D,PP,TNFI,831,23,803.52,62.052,57.904,66.419
8478507,D,PK,CNFI,8,3,168.93,2.841,1.227,5.599
8478507,D,PK,MNFI,7,2,168.93,2.486,1.0,5.122
8478507,D,PK,FNFI,1,0,168.93,0.355,0.009,1.979
8478507,D,PK,TNFI,16,5,168.93,5.683,3.248,9.228
8478567,D,ES,CNFI,137,15,585.75,14.033,11.782,16.59
8478567,D,ES,MNFI,147,5,585.75,15.058,12.722,17.698
8478567,D,ES,FNFI,48,2,585.75,4.917,3.625,6.519
8478567,D,ES,TNFI,332,22,585.75,34.008,30.448,37.87
8478567,D,PP,CNFI,14,5,54.07,15.536,8.494,26.067
8478567,D,PP,MNFI,6,1,54.07,6.658,2.444,14.493
8478567,D,PP,FNFI,3,0,54.07,3.329,0.687,9.729
8478567,D,PP,TNFI,23,6,54.07,25.524,16.18,38.299
8478567,D,PK,CNFI,2,0,20.43,5.873,0.711,21.214
8478567,D,PK,MNFI,2,0,20.43,5.873,0.711,21.214
8478567,D,PK,FNFI,0,0,20.43,0.0,0.0,10.832
8478567,D,PK,TNFI,4,0,20.43,11.746,3.2,30.073
8478840,D,ES,CNFI,1115,108,5279.43,12.672,11.939,13.438
8478840,D,ES,MNFI,968,56,5279.43,11.001,10.319,11.717
8478840,D,ES,FNFI,528,9,5279.43,6.001,5.5,6.535
8478840,D,ES,TNFI,2611,173,5279.43,29.674,28.546,30.834
8478840,D,PP,CNFI,233,37,620.72,22.522,19.723,25.608
8478840,D,PP,MNFI,189,13,620.72,18.269,15.757,21.068
8478840,D,PP,FNFI,155,8,620.72,14.983,12.717,17.536
8478840,D,PP,TNFI,577,58,620.72,55.774,51.316,60.517
8478840,D,PK,CNFI,1,0,104.43,0.575,0.015,3.201
8478840,D,PK,MNFI,0,0,104.43,0.0,0.0,2.119
8478840,D,PK,FNFI,0,0,104.43,0.0,0.0,2.119
8478840,D,PK,TNFI,1,0,104.43,0.575,0.015,3.201
8478841,D,ES,CNFI,281,44,1201.23,14.036,12.442,15.776
8478841,D,ES,MNFI,232,19,1201.23,11.588,10.145,13.179
8478841,D,ES,FNFI,129,6,1201.23,6.443,5.38,7.656
8478841,D,ES,TNFI,642,69,1201.23,32.067,29.634,34.646
8478841,D,PP,CNFI,21,7,90.23,13.964,8.644,21.345
8478841,D,PP,MNFI,15,2,90.23,9.974,5.582,16.451
8478841,D,PP,FNFI,16,3,90.23,10.639,6.081,17.277
8478841,D,PP,TNFI,52,12,90.23,34.577,25.824,45.343
8478841,D,PK,CNFI,0,0,13.95,0.0,0.0,15.866
8478841,D,PK,MNFI,1,0,13.95,4.301,0.109,23.964
8478841,D,PK,FNFI,0,0,13.95,0.0,0.0,15.866
8478841,D,PK,TNFI,1,0,13.95,4.301,0.109,23.964
8478851,D,ES,CNFI,1092,94,5566.97,11.769,11.082,12.489
8478851,D,ES,MNFI,1004,51,5566.97,10.821,10.162,11.512
8478851,D,ES,FNFI,573,8,5566.97,6.176,5.68,6.703
8478851,D,ES,TNFI,2669,153,5566.97,28.766,27.685,29.879
8478851,D,PP,CNFI,376,16,851.72,26.488,23.878,29.305
8478851,D,PP,MNFI,333,12,851.72,23.459,21.006,26.118
8478851,D,PP,FNFI,156,7,851.72,10.99,9.333,12.856
8478851,D,PP,TNFI,865,35,851.72,60.936,56.942,65.136
8478851,D,PK,CNFI,10,3,164.63,3.644,1.748,6.702
8478851,D,PK,MNFI,7,2,164.63,2.551,1.026,5.256
8478851,D,PK,FNFI,3,2,164.63,1.093,0.225,3.195
8478851,D,PK,TNFI,20,7,164.63,7.289,4.452,11.257
8478854,D,ES,CNFI,461,40,2155.82,12.83,11.686,14.057
8478854,D,ES,MNFI,369,23,2155.82,10.27,9.249,11.373
8478854,D,ES,FNFI,235,7,2155.82,6.54,5.731,7.432
8478854,D,ES,TNFI,1065,70,2155.82,29.641,27.887,31.476
8478854,D,PP,CNFI,109,11,283.28,23.086,18.956,27.849
8478854,D,PP,MNFI,89,3,283.28,18.85,15.138,23.197
8478854,D,PP,FNFI,64,0,283.28,13.555,10.439,17.31
8478854,D,PP,TNFI,262,14,283.28,55.492,48.976,62.634
8478854,D,PK,CNFI,1,1,47.8,1.255,0.032,6.994
8478854,D,PK,MNFI,2,1,47.8,2.51,0.304,9.069
8478854,D,PK,FNFI,1,0,47.8,1.255,0.032,6.994
8478854,D,PK,TNFI,4,2,47.8,5.021,1.368,12.856
8478859,D,ES,CNFI,1148,104,5830.62,11.814,11.14,12.517
8478859,D,ES,MNFI,968,56,5830.62,9.961,9.344,10.609
8478859,D,ES,FNFI,583,11,5830.62,5.999,5.522,6.507
8478859,D,ES,TNFI,2699,171,5830.62,27.774,26.736,28.842
8478859,D,PP,CNFI,244,28,732.72,19.98,17.552,22.651
8478859,D,PP,MNFI,212,11,732.72,17.36,15.102,19.861
8478859,D,PP,FNFI,140,4,732.72,11.464,9.644,13.528
8478859,D,PP,TNFI,596,43,732.72,48.805,44.965,52.885
8478859,D,PK,CNFI,0,0,168.82,0.0,0.0,1.311
8478859,D,PK,MNFI,1,0,168.82,0.355,0.009,1.98
8478859,D,PK,FNFI,0,0,168.82,0.0,0.0,1.311
8478859,D,PK,TNFI,1,0,168.82,0.355,0.009,1.98
8478882,D,ES,CNFI,1318,117,7313.17,10.813,10.237,11.413
8478882,D,ES,MNFI,1331,68,7313.17,10.92,10.341,11.523
8478882,D,ES,FNFI,765,14,7313.17,6.276,5.839,6.737
8478882,D,ES,TNFI,3414,199,7313.17,28.01,27.078,28.965
8478882,D,PP,CNFI,441,23,1029.05,25.713,23.369,28.229
8478882,D,PP,MNFI,424,16,1029.05,24.722,22.424,27.191
8478882,D,PP,FNFI,264,2,1029.05,15.393,13.592,17.366
8478882,D,PP,TNFI,1129,41,1029.05,65.828,62.043,69.782
8478882,D,PK,CNFI,12,2,227.42,3.166,1.636,5.53
8478882,D,PK,MNFI,8,4,227.42,2.111,0.911,4.159
8478882,D,PK,FNFI,3,0,227.42,0.791,0.163,2.313
8478882,D,PK,TNFI,23,6,227.42,6.068,3.847,9.105
8478911,D,ES,CNFI,1265,106,6294.6,12.058,11.403,12.741
8478911,D,ES,MNFI,1189,59,6294.6,11.334,10.698,11.997
8478911,D,ES,FNFI,646,12,6294.6,6.158,5.692,6.651
8478911,D,ES,TNFI,3100,177,6294.6,29.549,28.518,30.608
8478911,D,PP,CNFI,367,31,947.78,23.233,20.917,25.736
8478911,D,PP,MNFI,320,17,947.78,20.258,18.099,22.603
8478911,D,PP,FNFI,184,9,947.78,11.648,10.026,13.458
8478911,D,PP,TNFI,871,57,947.78,55.139,51.538,58.926
8478911,D,PK,CNFI,3,2,155.3,1.159,0.239,3.387
8478911,D,PK,MNFI,4,2,155.3,1.545,0.421,3.957
8478911,D,PK,FNFI,0,0,155.3,0.0,0.0,1.425
8478911,D,PK,TNFI,7,4,155.3,2.704,1.087,5.572
8478970,D,ES,CNFI,862,86,4670.57,11.074,10.347,11.838
8478970,D,ES,MNFI,592,37,4670.57,7.605,7.005,8.243
8478970,D,ES,FNFI,297,18,4670.57,3.815,3.394,4.275
8478970,D,ES,TNFI,1751,141,4670.57,22.494,21.453,23.573
8478970,D,PP,CNFI,178,25,465.88,22.924,19.68,26.55
8478970,D,PP,MNFI,103,6,465.88,13.265,10.827,16.088
8478970,D,PP,FNFI,71,6,465.88,9.144,7.141,11.534
8478970,D,PP,TNFI,352,37,465.88,45.333,40.721,50.325
8478970,D,PK,CNFI,1,1,122.62,0.489,0.012,2.726
8478970,D,PK,MNFI,1,1,122.62,0.489,0.012,2.726
8478970,D,PK,FNFI,0,0,122.62,0.0,0.0,1.805
8478970,D,PK,TNFI,2,2,122.62,0.979,0.119,3.535
8479026,D,ES,CNFI,340,28,1520.82,13.414,12.026,14.918
8479026,D,ES,MNFI,244,16,1520.82,9.626,8.456,10.913
8479026,D,ES,FNFI,152,2,1520.82,5.997,5.081,7.029
8479026,D,ES,TNFI,736,46,1520.82,29.037,26.977,31.213
8479026,D,PP,CNFI,59,10,134.2,26.379,20.081,34.026
8479026,D,PP,MNFI,37,2,134.2,16.542,11.647,22.802
8479026,D,PP,FNFI,20,1,134.2,8.942,5.462,13.81
8479026,D,PP,TNFI,116,13,134.2,51.863,42.855,62.205
8479026,D,PK,CNFI,0,0,20.88,0.0,0.0,10.599
8479026,D,PK,MNFI,0,0,20.88,0.0,0.0,10.599
8479026,D,PK,FNFI,0,0,20.88,0.0,0.0,10.599
8479026,D,PK,TNFI,0,0,20.88,0.0,0.0,10.599
8479323,D,ES,CNFI,1185,119,6847.4,10.384,9.801,10.992
8479323,D,ES,MNFI,1079,64,6847.4,9.455,8.899,10.036
8479323,D,ES,FNFI,563,12,6847.4,4.933,4.534,5.358
8479323,D,ES,TNFI,2827,195,6847.4,24.771,23.867,25.702
8479323,D,PP,CNFI,271,24,1231.45,13.204,11.679,14.873
8479323,D,PP,MNFI,229,19,1231.45,11.158,9.759,12.7
8479323,D,PP,FNFI,180,5,1231.45,8.77,7.536,10.149
8479323,D,PP,TNFI,680,48,1231.45,33.132,30.688,35.718
8479323,D,PK,CNFI,44,3,234.93,11.237,8.165,15.085
8479323,D,PK,MNFI,53,0,234.93,13.536,10.139,17.705
8479323,D,PK,FNFI,14,0,234.93,3.575,1.955,5.999
8479323,D,PK,TNFI,111,3,234.93,28.348,23.321,34.139
8479324,D,ES,CNFI,1270,116,6120.97,12.449,11.774,13.153
8479324,D,ES,MNFI,1073,62,6120.97,10.518,9.898,11.167
8479324,D,ES,FNFI,547,13,6120.97,5.362,4.922,5.831
8479324,D,ES,TNFI,2890,191,6120.97,28.329,27.305,29.381
8479324,D,PP,CNFI,384,10,685.08,33.631,30.351,37.169
8479324,D,PP,MNFI,328,15,685.08,28.726,25.701,32.01
8479324,D,PP,FNFI,237,3,685.08,20.757,18.198,23.574
8479324,D,PP,TNFI,949,28,685.08,83.114,77.909,88.575
8479324,D,PK,CNFI,1,1,143.98,0.417,0.011,2.322
8479324,D,PK,MNFI,5,1,143.98,2.084,0.677,4.862
8479324,D,PK,FNFI,0,0,143.98,0.0,0.0,1.537
8479324,D,PK,TNFI,6,2,143.98,2.5,0.918,5.442
8479325,D,ES,CNFI,1153,72,6354.2,10.887,10.268,11.534
8479325,D,ES,MNFI,1100,51,6354.2,10.387,9.782,11.019
8479325,D,ES,FNFI,478,14,6354.2,4.514,4.118,4.937
8479325,D,ES,TNFI,2731,137,6354.2,25.788,24.829,26.773
8479325,D,PP,CNFI,342,38,1268.92,16.171,14.503,17.979
8479325,D,PP,MNFI,252,8,1268.92,11.916,10.49,13.481
8479325,D,PP,FNFI,148,4,1268.92,6.998,5.916,8.221
8479325,D,PP,TNFI,742,50,1268.92,35.085,32.606,37.703
8479325,D,PK,CNFI,52,3,269.13,11.593,8.658,15.202
8479325,D,PK,MNFI,66,5,269.13,14.714,11.38,18.72
8479325,D,PK,FNFI,9,0,269.13,2.006,0.917,3.809
8479325,D,PK,TNFI,127,8,269.13,28.313,23.603,33.687
8479341,D,ES,CNFI,110,19,492.7,13.396,11.01,16.145
8479341,D,ES,MNFI,126,4,492.7,15.344,12.782,18.269
8479341,D,ES,FNFI,55,2,492.7,6.698,5.046,8.718
8479341,D,ES,TNFI,291,25,492.7,35.437,31.482,39.752
8479341,D,PP,CNFI,11,2,56.48,11.685,5.833,20.907
8479341,D,PP,MNFI,21,2,56.48,22.307,13.809,34.099
8479341,D,PP,FNFI,9,0,56.48,9.56,4.372,18.149
8479341,D,PP,TNFI,41,4,56.48,43.553,31.254,59.084
8479341,D,PK,CNFI,0,0,11.43,0.0,0.0,19.359
8479341,D,PK,MNFI,0,0,11.43,0.0,0.0,19.359
8479341,D,PK,FNFI,0,0,11.43,0.0,0.0,19.359
8479341,D,PK,TNFI,0,0,11.43,0.0,0.0,19.359
8479345,D,ES,CNFI,1270,88,6125.37,12.44,11.765,13.144
8479345,D,ES,MNFI,1115,56,6125.37,10.922,10.29,11.582
8479345,D,ES,FNFI,584,18,6125.37,5.72,5.266,6.204
8479345,D,ES,TNFI,2969,162,6125.37,29.082,28.046,30.148
8479345,D,PP,CNFI,107,46,912.25,7.038,5.767,8.504
8479345,D,PP,MNFI,66,13,912.25,4.341,3.357,5.523
8479345,D,PP,FNFI,52,18,912.25,3.42,2.554,4.485
8479345,D,PP,TNFI,225,77,912.25,14.799,12.928,16.864
8479345,D,PK,CNFI,39,11,176.78,13.237,9.412,18.095
8479345,D,PK,MNFI,31,1,176.78,10.521,7.149,14.934
8479345,D,PK,FNFI,9,0,176.78,3.055,1.397,5.799
8479345,D,PK,TNFI,79,12,176.78,26.812,21.228,33.416
8479348,D,ES,CNFI,232,22,1010.38,13.777,12.061,15.668
8479348,D,ES,MNFI,200,10,1010.38,11.877,10.288,13.642
8479348,D,ES,FNFI,68,0,1010.38,4.038,3.136,5.119
8479348,D,ES,TNFI,500,32,1010.38,29.692,27.146,32.412
8479348,D,PP,CNFI,14,7,87.03,9.651,5.277,16.194
8479348,D,PP,MNFI,5,2,87.03,3.447,1.119,8.044
8479348,D,PP,FNFI,4,1,87.03,2.758,0.751,7.06
8479348,D,PP,TNFI,23,10,87.03,15.856,10.051,23.792
8479348,D,PK,CNFI,2,0,18.88,6.355,0.77,22.956
8479348,D,PK,MNFI,1,1,18.88,3.177,0.08,17.703
8479348,D,PK,FNFI,0,0,18.88,0.0,0.0,11.721
8479348,D,PK,TNFI,3,1,18.88,9.532,1.966,27.857
8479369,D,ES,CNFI,1288,99,5917.27,13.06,12.356,13.793
8479369,D,ES,MNFI,1224,77,5917.27,12.411,11.725,13.126
8479369,D,ES,FNFI,658,10,5917.27,6.672,6.172,7.202
8479369,D,ES,TNFI,3170,186,5917.27,32.143,31.034,33.282
8479369,D,PP,CNFI,345,36,738.48,28.03,25.15,31.15
8479369,D,PP,MNFI,364,17,738.48,29.574,26.614,32.774
8479369,D,PP,FNFI,150,4,738.48,12.187,10.315,14.301
8479369,D,PP,TNFI,859,57,738.48,69.792,65.202,74.619
8479369,D,PK,CNFI,2,1,174.63,0.687,0.083,2.482
8479369,D,PK,MNFI,4,1,174.63,1.374,0.374,3.519
8479369,D,PK,FNFI,0,0,174.63,0.0,0.0,1.267
8479369,D,PK,TNFI,6,2,174.63,2.061,0.757,4.487
8479371,D,ES,CNFI,1107,110,5361.83,12.388,11.668,13.139
8479371,D,ES,MNFI,1079,55,5361.83,12.074,11.364,12.817
8479371,D,ES,FNFI,578,18,5361.83,6.468,5.951,7.017
8479371,D,ES,TNFI,2764,183,5361.83,30.93,29.787,32.105
8479371,D,PP,CNFI,231,32,600.7,23.073,20.193,26.248
8479371,D,PP,MNFI,242,20,600.7,24.172,21.222,27.417
8479371,D,PP,FNFI,97,7,600.7,9.689,7.857,11.819
8479371,D,PP,TNFI,570,59,600.7,56.934,52.355,61.805
8479371,D,PK,CNFI,4,1,95.6,2.51,0.684,6.428
8479371,D,PK,MNFI,0,0,95.6,0.0,0.0,2.315
8479371,D,PK,FNFI,1,0,95.6,0.628,0.016,3.497
8479371,D,PK,TNFI,5,1,95.6,3.138,1.019,7.323
8479372,D,ES,CNFI,605,63,2955.32,12.283,11.324,13.302
8479372,D,ES,MNFI,533,27,2955.32,10.821,9.922,11.78
8479372,D,ES,FNFI,328,7,2955.32,6.659,5.958,7.42
8479372,D,ES,TNFI,1466,97,2955.32,29.763,28.259,31.327
8479372,D,PP,CNFI,61,17,237.42,15.416,11.792,19.802
8479372,D,PP,MNFI,48,12,237.42,12.131,8.944,16.083
8479372,D,PP,FNFI,23,5,237.42,5.813,3.685,8.722
8479372,D,PP,TNFI,132,34,237.42,33.359,27.911,39.56
8479372,D,PK,CNFI,1,1,38.75,1.548,0.039,8.627
8479372,D,PK,MNFI,3,1,38.75,4.645,0.958,13.575
8479372,D,PK,FNFI,0,0,38.75,0.0,0.0,5.712
8479372,D,PK,TNFI,4,2,38.75,6.194,1.688,15.858
8479376,D,ES,CNFI,121,12,589.12,12.324,10.226,14.725
8479376,D,ES,MNFI,156,6,589.12,15.888,13.493,18.586
8479376,D,ES,FNFI,49,0,589.12,4.991,3.692,6.598
8479376,D,ES,TNFI,326,18,589.12,33.202,29.695,37.009
8479376,D,PP,CNFI,27,4,81.07,19.984,13.169,29.075
8479376,D,PP,MNFI,27,0,81.07,19.984,13.169,29.075
8479376,D,PP,FNFI,15,1,81.07,11.102,6.214,18.311
8479376,D,PP,TNFI,69,5,81.07,51.069,39.735,64.631
8479376,D,PK,CNFI,0,0,16.37,0.0,0.0,13.523
8479376,D,PK,MNFI,0,0,16.37,0.0,0.0,13.523
8479376,D,PK,FNFI,1,0,16.37,3.666,0.093,20.426
8479376,D,PK,TNFI,1,0,16.37,3.666,0.093,20.426
8479378,D,ES,CNFI,690,54,3285.17,12.602,11.679,13.579
8479378,D,ES,MNFI,643,26,3285.17,11.744,10.853,12.688
8479378,D,ES,FNFI,353,7,3285.17,6.447,5.792,7.156
8479378,D,ES,TNFI,1686,87,3285.17,30.793,29.34,32.299
8479378,D,PP,CNFI,141,13,329.67,25.662,21.601,30.265
8479378,D,PP,MNFI,113,7,329.67,20.566,16.949,24.726
8479378,D,PP,FNFI,77,2,329.67,14.014,11.06,17.515
8479378,D,PP,TNFI,331,22,329.67,60.243,53.927,67.095
8479378,D,PK,CNFI,2,1,62.35,1.925,0.233,6.952
8479378,D,PK,MNFI,1,0,62.35,0.962,0.024,5.362
8479378,D,PK,FNFI,1,0,62.35,0.962,0.024,5.362
8479378,D,PK,TNFI,4,1,62.35,3.849,1.049,9.856
8479388,D,ES,CNFI,316,32,1427.4,13.283,11.859,14.831
8479388,D,ES,MNFI,338,24,1427.4,14.208,12.733,15.806
8479388,D,ES,FNFI,149,5,1427.4,6.263,5.298,7.353
8479388,D,ES,TNFI,803,61,1427.4,33.754,31.459,36.171
8479388,D,PP,CNFI,54,10,138.93,23.321,17.519,30.428
8479388,D,PP,MNFI,37,5,138.93,15.979,11.251,22.025
8479388,D,PP,FNFI,28,3,138.93,12.092,8.035,17.476
8479388,D,PP,TNFI,119,18,138.93,51.392,42.574,61.498
8479388,D,PK,CNFI,0,0,21.47,0.0,0.0,10.311
8479388,D,PK,MNFI,0,0,21.47,0.0,0.0,10.311
8479388,D,PK,FNFI,0,0,21.47,0.0,0.0,10.311
8479388,D,PK,TNFI,0,0,21.47,0.0,0.0,10.311
8479395,D,ES,CNFI,171,8,865.02,11.861,10.15,13.778
8479395,D,ES,MNFI,147,10,865.02,10.196,8.615,11.984
8479395,D,ES,FNFI,105,1,865.02,7.283,5.957,8.817
8479395,D,ES,TNFI,423,19,865.02,29.34,26.611,32.274
8479395,D,PP,CNFI,2,2,70.93,1.692,0.205,6.111
8479395,D,PP,MNFI,2,2,70.93,1.692,0.205,6.111
8479395,D,PP,FNFI,1,1,70.93,0.846,0.021,4.713
8479395,D,PP,TNFI,5,5,70.93,4.229,1.373,9.87
8479395,D,PK,CNFI,1,1,16.67,3.6,0.091,20.058
8479395,D,PK,MNFI,1,0,16.67,3.6,0.091,20.058
8479395,D,PK,FNFI,3,0,16.67,10.8,2.227,31.562
8479395,D,PK,TNFI,5,1,16.67,18.0,5.845,42.006
8479398,D,ES,CNFI,1142,99,5663.33,12.099,11.407,12.821
8479398,D,ES,MNFI,985,43,5663.33,10.436,9.794,11.108
8479398,D,ES,FNFI,530,10,5663.33,5.615,5.147,6.114
8479398,D,ES,TNFI,2657,152,5663.33,28.149,27.089,29.241
8479398,D,PP,CNFI,186,33,819.08,13.625,11.737,15.73
8479398,D,PP,MNFI,124,17,819.08,9.083,7.555,10.83
8479398,D,PP,FNFI,99,11,819.08,7.252,5.894,8.829
8479398,D,PP,TNFI,409,61,819.08,29.96,27.127,33.009
8479398,D,PK,CNFI,12,6,170.03,4.234,2.188,7.397
8479398,D,PK,MNFI,16,2,170.03,5.646,3.227,9.169
8479398,D,PK,FNFI,4,0,170.03,1.411,0.385,3.614
8479398,D,PK,TNFI,32,8,170.03,11.292,7.724,15.941
8479402,D,ES,CNFI,750,73,3475.85,12.946,12.036,13.907
8479402,D,ES,MNFI,719,50,3475.85,12.411,11.521,13.353
8479402,D,ES,FNFI,327,16,3475.85,5.645,5.049,6.291
8479402,D,ES,TNFI,1796,139,3475.85,31.002,29.585,32.47
8479402,D,PP,CNFI,97,25,340.62,17.087,13.856,20.844
8479402,D,PP,MNFI,77,8,340.62,13.564,10.704,16.952
8479402,D,PP,FNFI,28,1,340.62,4.932,3.277,7.128
8479402,D,PP,TNFI,202,34,340.62,35.583,30.845,40.842
8479402,D,PK,CNFI,7,0,74.78,5.616,2.258,11.572
8479402,D,PK,MNFI,7,1,74.78,5.616,2.258,11.572
8479402,D,PK,FNFI,1,0,74.78,0.802,0.02,4.47
8479402,D,PK,TNFI,15,1,74.78,12.035,6.736,19.85
8479410,D,ES,CNFI,1227,92,6470.62,11.378,10.75,12.032
8479410,D,ES,MNFI,1126,63,6470.62,10.441,9.84,11.069
8479410,D,ES,FNFI,554,11,6470.62,5.137,4.718,5.583
8479410,D,ES,TNFI,2907,166,6470.62,26.956,25.985,27.954
8479410,D,PP,CNFI,428,25,1200.87,21.385,19.406,23.51
8479410,D,PP,MNFI,315,11,1200.87,15.739,14.048,17.576
8479410,D,PP,FNFI,191,6,1200.87,9.543,8.238,10.997
8479410,D,PP,TNFI,934,42,1200.87,46.666,43.721,49.758
8479410,D,PK,CNFI,34,8,243.83,8.366,5.794,11.691
8479410,D,PK,MNFI,49,3,243.83,12.057,8.92,15.941
8479410,D,PK,FNFI,13,1,243.83,3.199,1.703,5.47
8479410,D,PK,TNFI,96,12,243.83,23.623,19.134,28.847
8479421,D,ES,CNFI,228,17,1180.53,11.588,10.133,13.194
8479421,D,ES,MNFI,191,9,1180.53,9.707,8.38,11.186
8479421,D,ES,FNFI,117,4,1180.53,5.946,4.918,7.127
8479421,D,ES,TNFI,536,30,1180.53,27.242,24.984,29.649
8479421,D,PP,CNFI,25,10,66.4,22.59,14.619,33.348
8479421,D,PP,MNFI,22,6,66.4,19.88,12.458,30.098
8479421,D,PP,FNFI,11,1,66.4,9.94,4.962,17.785
8479421,D,PP,TNFI,58,17,66.4,52.41,39.797,67.752
8479421,D,PK,CNFI,0,0,13.07,0.0,0.0,16.939
8479421,D,PK,MNFI,0,0,13.07,0.0,0.0,16.939
8479421,D,PK,FNFI,0,0,13.07,0.0,0.0,16.939
8479421,D,PK,TNFI,0,0,13.07,0.0,0.0,16.939
8479425,D,ES,CNFI,1431,107,6817.78,12.594,11.949,13.263
8479425,D,ES,MNFI,1042,60,6817.78,9.17,8.622,9.744
8479425,D,ES,FNFI,589,18,6817.78,5.184,4.773,5.62
8479425,D,ES,TNFI,3062,185,6817.78,26.947,26.001,27.919
8479425,D,PP,CNFI,292,26,1146.3,15.284,13.581,17.141
8479425,D,PP,MNFI,243,20,1146.3,12.719,11.17,14.423
8479425,D,PP,FNFI,122,9,1146.3,6.386,5.303,7.625
8479425,D,PP,TNFI,657,55,1146.3,34.389,31.809,37.122
8479425,D,PK,CNFI,29,8,239.43,7.267,4.867,10.437
8479425,D,PK,MNFI,21,4,239.43,5.262,3.258,8.044
8479425,D,PK,FNFI,13,2,239.43,3.258,1.735,5.571
8479425,D,PK,TNFI,63,14,239.43,15.787,12.131,20.199
8479439,D,ES,CNFI,203,23,1025.63,11.876,10.298,13.626
8479439,D,ES,MNFI,209,8,1025.63,12.227,10.625,14.001
8479439,D,ES,FNFI,108,3,1025.63,6.318,5.183,7.628
8479439,D,ES,TNFI,520,34,1025.63,30.42,27.861,33.151
8479439,D,PP,CNFI,7,5,121.38,3.46,1.391,7.129
8479439,D,PP,MNFI,7,5,121.38,3.46,1.391,7.129
8479439,D,PP,FNFI,1,0,121.38,0.494,0.013,2.754
8479439,D,PP,TNFI,15,10,121.38,7.415,4.15,12.229
8479439,D,PK,CNFI,7,3,26.85,15.642,6.289,32.229
8479439,D,PK,MNFI,8,0,26.85,17.877,7.718,35.225
8479439,D,PK,FNFI,2,0,26.85,4.469,0.541,16.145
8479439,D,PK,TNFI,17,3,26.85,37.989,22.13,60.824
8479442,D,ES,CNFI,946,93,4234.47,13.404,12.564,14.286
8479442,D,ES,MNFI,776,55,4234.47,10.995,10.235,11.797
8479442,D,ES,FNFI,414,12,4234.47,5.866,5.315,6.459
8479442,D,ES,TNFI,2136,160,4234.47,30.266,28.996,31.577
8479442,D,PP,CNFI,220,14,516.15,25.574,22.306,29.186
8479442,D,PP,MNFI,180,10,516.15,20.924,17.979,24.214
8479442,D,PP,FNFI,93,5,516.15,10.811,8.726,13.244
8479442,D,PP,TNFI,493,29,516.15,57.309,52.361,62.598
8479442,D,PK,CNFI,0,0,87.4,0.0,0.0,2.532
8479442,D,PK,MNFI,1,0,87.4,0.686,0.017,3.825
8479442,D,PK,FNFI,1,0,87.4,0.686,0.017,3.825
8479442,D,PK,TNFI,2,0,87.4,1.373,0.166,4.96
8479458,D,ES,CNFI,500,42,2153.7,13.93,12.735,15.206
8479458,D,ES,MNFI,500,30,2153.7,13.93,12.735,15.206
8479458,D,ES,FNFI,218,1,2153.7,6.073,5.294,6.935
8479458,D,ES,TNFI,1218,73,2153.7,33.932,32.053,35.893
8479458,D,PP,CNFI,133,20,293.25,27.212,22.784,32.25
8479458,D,PP,MNFI,104,2,293.25,21.279,17.386,25.783
8479458,D,PP,FNFI,66,4,293.25,13.504,10.444,17.18
8479458,D,PP,TNFI,303,26,293.25,61.995,55.21,69.383
8479458,D,PK,CNFI,0,0,66.33,0.0,0.0,3.337
8479458,D,PK,MNFI,1,0,66.33,0.905,0.023,5.04
8479458,D,PK,FNFI,0,0,66.33,0.0,0.0,3.337
8479458,D,PK,TNFI,1,0,66.33,0.905,0.023,5.04
8479523,D,ES,CNFI,124,17,651.92,11.413,9.492,13.607
8479523,D,ES,MNFI,124,6,651.92,11.413,9.492,13.607
8479523,D,ES,FNFI,51,2,651.92,4.694,3.495,6.172
8479523,D,ES,TNFI,299,25,651.92,27.519,24.488,30.822
8479523,D,PP,CNFI,18,8,46.7,23.126,13.706,36.55
8479523,D,PP,MNFI,9,3,46.7,11.563,5.287,21.95
8479523,D,PP,FNFI,8,1,46.7,10.278,4.437,20.252
8479523,D,PP,TNFI,35,12,46.7,44.968,31.322,62.539
8479523,D,PK,CNFI,1,0,8.08,7.423,0.188,41.357
8479523,D,PK,MNFI,0,0,8.08,0.0,0.0,27.381
8479523,D,PK,FNFI,0,0,8.08,0.0,0.0,27.381
8479523,D,PK,TNFI,1,0,8.08,7.423,0.188,41.357
8479576,D,ES,CNFI,581,60,2979.85,11.699,10.767,12.69
8479576,D,ES,MNFI,463,26,2979.85,9.323,8.493,10.212
8479576,D,ES,FNFI,231,6,2979.85,4.651,4.071,5.291
8479576,D,ES,TNFI,1275,92,2979.85,25.672,24.282,27.121
8479576,D,PP,CNFI,210,11,405.9,31.042,26.985,35.537
8479576,D,PP,MNFI,177,6,405.9,26.164,22.451,30.315
8479576,D,PP,FNFI,75,0,405.9,11.086,8.72,13.897
8479576,D,PP,TNFI,462,17,405.9,68.293,62.207,74.813
8479576,D,PK,CNFI,0,0,80.15,0.0,0.0,2.761
8479576,D,PK,MNFI,1,1,80.15,0.749,0.019,4.171
8479576,D,PK,FNFI,0,0,80.15,0.0,0.0,2.761
8479576,D,PK,TNFI,1,1,80.15,0.749,0.019,4.171
8479578,D,ES,CNFI,162,24,816.55,11.904,10.141,13.884
8479578,D,ES,MNFI,184,8,816.55,13.52,11.637,15.621
8479578,D,ES,FNFI,67,1,816.55,4.923,3.815,6.252
8479578,D,ES,TNFI,413,33,816.55,30.347,27.491,33.42
8479578,D,PP,CNFI,46,9,97.73,28.24,20.675,37.668
8479578,D,PP,MNFI,36,4,97.73,22.101,15.479,30.597
8479578,D,PP,FNFI,25,0,97.73,15.348,9.932,22.657
8479578,D,PP,TNFI,107,13,97.73,65.689,53.834,79.378
8479578,D,PK,CNFI,0,0,24.05,0.0,0.0,9.203
8479578,D,PK,MNFI,0,0,24.05,0.0,0.0,9.203
8479578,D,PK,FNFI,0,0,24.05,0.0,0.0,9.203
8479578,D,PK,TNFI,0,0,24.05,0.0,0.0,9.203
8479639,D,ES,CNFI,218,24,1058.67,12.355,10.769,14.109
8479639,D,ES,MNFI,237,13,1058.67,13.432,11.776,15.255
8479639,D,ES,FNFI,90,4,1058.67,5.101,4.102,6.27
8479639,D,ES,TNFI,545,41,1058.67,30.888,28.349,33.593
8479639,D,PP,CNFI,11,10,113.72,5.804,2.897,10.385
8479639,D,PP,MNFI,15,4,113.72,7.914,4.43,13.054
8479639,D,PP,FNFI,6,0,113.72,3.166,1.162,6.891
8479639,D,PP,TNFI,32,14,113.72,16.884,11.549,23.835
8479639,D,PK,CNFI,8,2,27.97,17.163,7.41,33.819
8479639,D,PK,MNFI,7,0,27.97,15.018,6.038,30.943
8479639,D,PK,FNFI,1,0,27.97,2.145,0.054,11.953
8479639,D,PK,TNFI,16,2,27.97,34.327,19.621,55.744
8479945,D,ES,CNFI,272,32,1238.9,13.173,11.654,14.835
8479945,D,ES,MNFI,328,19,1238.9,15.885,14.212,17.701
8479945,D,ES,FNFI,129,7,1238.9,6.247,5.216,7.423
8479945,D,ES,TNFI,729,58,1238.9,35.306,32.789,37.964
8479945,D,PP,CNFI,39,11,101.82,22.982,16.343,31.418
8479945,D,PP,MNFI,26,3,101.82,15.322,10.009,22.45
8479945,D,PP,FNFI,8,0,101.82,4.714,2.035,9.289
8479945,D,PP,TNFI,73,14,101.82,43.018,33.72,54.089
8479945,D,PK,CNFI,1,0,25.38,2.364,0.06,13.17
8479945,D,PK,MNFI,1,1,25.38,2.364,0.06,13.17
8479945,D,PK,FNFI,0,0,25.38,0.0,0.0,8.72
8479945,D,PK,TNFI,2,1,25.38,4.728,0.573,17.077
8479976,D,ES,CNFI,584,46,3023.4,11.59,10.669,12.569
8479976,D,ES,MNFI,581,37,3023.4,11.53,10.611,12.507
8479976,D,ES,FNFI,270,7,3023.4,5.358,4.738,6.037
8479976,D,ES,TNFI,1435,90,3023.4,28.478,27.023,29.99
8479976,D,PP,CNFI,86,27,405.1,12.738,10.188,15.731
8479976,D,PP,MNFI,60,13,405.1,8.887,6.781,11.439
8479976,D,PP,FNFI,26,3,405.1,3.851,2.516,5.642
8479976,D,PP,TNFI,172,43,405.1,25.475,21.81,29.58
8479976,D,PK,CNFI,12,3,70.82,10.167,5.253,17.76
8479976,D,PK,MNFI,17,2,70.82,14.403,8.391,23.061
8479976,D,PK,FNFI,4,0,70.82,3.389,0.923,8.677
8479976,D,PK,TNFI,33,5,70.82,27.96,19.246,39.266
8479980,D,ES,CNFI,1121,96,5479.77,12.274,11.566,13.014
8479980,D,ES,MNFI,1049,46,5479.77,11.486,10.801,12.203
8479980,D,ES,FNFI,508,12,5479.77,5.562,5.089,6.068
8479980,D,ES,TNFI,2678,154,5479.77,29.322,28.222,30.454
8479980,D,PP,CNFI,212,20,539.22,23.59,20.521,26.988
8479980,D,PP,MNFI,162,13,539.22,18.026,15.357,21.026
8479980,D,PP,FNFI,71,4,539.22,7.9,6.17,9.965
8479980,D,PP,TNFI,445,37,539.22,49.516,45.022,54.338
8479980,D,PK,CNFI,3,2,115.1,1.564,0.323,4.57
8479980,D,PK,MNFI,6,0,115.1,3.128,1.148,6.808
8479980,D,PK,FNFI,1,0,115.1,0.521,0.013,2.904
8479980,D,PK,TNFI,10,2,115.1,5.213,2.5,9.587
8479982,D,ES,CNFI,450,46,2316.88,11.654,10.602,12.782
8479982,D,ES,MNFI,454,29,2316.88,11.757,10.7,12.89
8479982,D,ES,FNFI,223,1,2316.88,5.775,5.042,6.585
8479982,D,ES,TNFI,1127,76,2316.88,29.186,27.506,30.941
8479982,D,PP,CNFI,107,11,319.18,20.114,16.484,24.306
8479982,D,PP,MNFI,91,5,319.18,17.106,13.773,21.003
8479982,D,PP,FNFI,60,1,319.18,11.279,8.607,14.518
8479982,D,PP,TNFI,258,17,319.18,48.499,42.761,54.792
8479982,D,PK,CNFI,6,0,67.3,5.349,1.963,11.643
8479982,D,PK,MNFI,9,1,67.3,8.024,3.669,15.232
8479982,D,PK,FNFI,1,0,67.3,0.892,0.023,4.967
8479982,D,PK,TNFI,16,1,67.3,14.264,8.153,23.165
8479983,D,ES,CNFI,1489,129,6895.27,12.957,12.307,13.632
8479983,D,ES,MNFI,1452,75,6895.27,12.635,11.993,13.302
8479983,D,ES,FNFI,780,23,6895.27,6.787,6.319,7.281
8479983,D,ES,TNFI,3721,227,6895.27,32.379,31.347,33.436
8479983,D,PP,CNFI,510,17,995.07,30.752,28.14,33.54
8479983,D,PP,MNFI,484,7,995.07,29.184,26.642,31.904
8479983,D,PP,FNFI,252,6,995.07,15.195,13.377,17.191
8479983,D,PP,TNFI,1246,30,995.07,75.131,71.016,79.421
8479983,D,PK,CNFI,4,2,163.25,1.47,0.401,3.764
8479983,D,PK,MNFI,10,3,163.25,3.675,1.762,6.759
8479983,D,PK,FNFI,2,0,163.25,0.735,0.089,2.655
8479983,D,PK,TNFI,16,5,163.25,5.881,3.361,9.55
8479984,D,ES,CNFI,283,18,1404.15,12.093,10.725,13.587
8479984,D,ES,MNFI,325,15,1404.15,13.887,12.418,15.482
8479984,D,ES,FNFI,130,3,1404.15,5.555,4.641,6.596
8479984,D,ES,TNFI,738,36,1404.15,31.535,29.301,33.895
8479984,D,PP,CNFI,30,8,112.95,15.936,10.752,22.75
8479984,D,PP,MNFI,29,3,112.95,15.405,10.317,22.124
8479984,D,PP,FNFI,13,2,112.95,6.906,3.677,11.809
8479984,D,PP,TNFI,72,13,112.95,38.247,29.926,48.166
8479984,D,PK,CNFI,0,0,23.72,0.0,0.0,9.332
8479984,D,PK,MNFI,1,0,23.72,2.53,0.064,14.096
8479984,D,PK,FNFI,0,0,23.72,0.0,0.0,9.332
8479984,D,PK,TNFI,1,0,23.72,2.53,0.064,14.096
8479985,D,ES,CNFI,164,16,763.25,12.892,10.995,15.023
8479985,D,ES,MNFI,152,11,763.25,11.949,10.125,14.007
8479985,D,ES,FNFI,68,1,763.25,5.346,4.151,6.777
8479985,D,ES,TNFI,384,28,763.25,30.187,27.243,33.362
8479985,D,PP,CNFI,18,3,60.05,17.985,10.659,28.424
8479985,D,PP,MNFI,7,2,60.05,6.994,2.812,14.411
8479985,D,PP,FNFI,8,0,60.05,7.993,3.451,15.75
8479985,D,PP,TNFI,33,5,60.05,32.973,22.697,46.306
8479985,D,PK,CNFI,1,0,14.58,4.114,0.104,22.923
8479985,D,PK,MNFI,0,0,14.58,0.0,0.0,15.177
8479985,D,PK,FNFI,1,0,14.58,4.114,0.104,22.923
8479985,D,PK,TNFI,2,0,14.58,8.229,0.997,29.724
8479998,D,ES,CNFI,1258,108,6648.53,11.353,10.734,11.998
8479998,D,ES,MNFI,1001,55,6648.53,9.034,8.483,9.611
8479998,D,ES,FNFI,640,15,6648.53,5.776,5.337,6.241
8479998,D,ES,TNFI,2899,178,6648.53,26.162,25.218,27.132
8479998,D,PP,CNFI,396,26,757.3,31.375,28.36,34.622
8479998,D,PP,MNFI,292,15,757.3,23.135,20.557,25.946
8479998,D,PP,FNFI,161,6,757.3,12.756,10.862,14.885
8479998,D,PP,TNFI,849,47,757.3,67.265,62.816,71.946
8479998,D,PK,CNFI,1,0,145.42,0.413,0.01,2.299
8479998,D,PK,MNFI,5,4,145.42,2.063,0.67,4.814
8479998,D,PK,FNFI,0,0,145.42,0.0,0.0,1.522
8479998,D,PK,TNFI,6,4,145.42,2.476,0.909,5.388
8480001,D,ES,CNFI,685,60,2989.47,13.748,12.738,14.818
8480001,D,ES,MNFI,519,37,2989.47,10.417,9.54,11.353
8480001,D,ES,FNFI,315,8,2989.47,6.322,5.643,7.06
8480001,D,ES,TNFI,1519,105,2989.47,30.487,28.973,32.06
8480001,D,PP,CNFI,118,19,320.07,22.12,18.31,26.49
8480001,D,PP,MNFI,86,5,320.07,16.122,12.895,19.91
8480001,D,PP,FNFI,73,7,320.07,13.685,10.727,17.206
8480001,D,PP,TNFI,277,31,320.07,51.927,45.991,58.416
8480001,D,PK,CNFI,0,0,44.75,0.0,0.0,4.946
8480001,D,PK,MNFI,0,0,44.75,0.0,0.0,4.946
8480001,D,PK,FNFI,0,0,44.75,0.0,0.0,4.946
8480001,D,PK,TNFI,0,0,44.75,0.0,0.0,4.946
8480035,D,ES,CNFI,1068,97,4953.67,12.936,12.172,13.736
8480035,D,ES,MNFI,914,48,4953.67,11.071,10.364,11.812
8480035,D,ES,FNFI,473,12,4953.67,5.729,5.224,6.269
8480035,D,ES,TNFI,2455,157,4953.67,29.736,28.571,30.936
8480035,D,PP,CNFI,161,21,577.63,16.723,14.24,19.515
8480035,D,PP,MNFI,168,13,577.63,17.451,14.911,20.298
8480035,D,PP,FNFI,91,5,577.63,9.452,7.61,11.605
8480035,D,PP,TNFI,420,39,577.63,43.626,39.553,48.005
8480035,D,PK,CNFI,11,7,115.58,5.71,2.85,10.217
8480035,D,PK,MNFI,2,0,115.58,1.038,0.126,3.75
8480035,D,PK,FNFI,2,0,115.58,1.038,0.126,3.75
8480035,D,PK,TNFI,15,7,115.58,7.787,4.358,12.843
8480036,D,ES,CNFI,1177,87,7032.52,10.042,9.476,10.632
8480036,D,ES,MNFI,985,53,7032.52,8.404,7.887,8.945
8480036,D,ES,FNFI,619,9,7032.52,5.281,4.873,5.714
8480036,D,ES,TNFI,2781,149,7032.52,23.727,22.853,24.626
8480036,D,PP,CNFI,243,25,1226.82,11.884,10.437,13.476
8480036,D,PP,MNFI,162,12,1226.82,7.923,6.75,9.241
8480036,D,PP,FNFI,138,5,1226.82,6.749,5.67,7.974
8480036,D,PP,TNFI,543,42,1226.82,26.557,24.37,28.887
8480036,D,PK,CNFI,44,2,230.43,11.457,8.324,15.38
8480036,D,PK,MNFI,40,0,230.43,10.415,7.441,14.182
8480036,D,PK,FNFI,11,0,230.43,2.864,1.43,5.125
8480036,D,PK,TNFI,95,2,230.43,24.736,20.013,30.238
8480043,D,ES,CNFI,953,82,4568.82,12.515,11.733,13.336
8480043,D,ES,MNFI,928,47,4568.82,12.187,11.415,12.997
8480043,D,ES,FNFI,450,9,4568.82,5.91,5.376,6.482
8480043,D,ES,TNFI,2331,138,4568.82,30.612,29.382,31.88
8480043,D,PP,CNFI,146,25,642.22,13.64,11.517,16.041
8480043,D,PP,MNFI,124,10,642.22,11.585,9.636,13.813
8480043,D,PP,FNFI,69,8,642.22,6.446,5.016,8.158
8480043,D,PP,TNFI,339,43,642.22,31.672,28.389,35.229
8480043,D,PK,CNFI,8,0,142.72,3.363,1.452,6.627
8480043,D,PK,MNFI,26,6,142.72,10.931,7.14,16.016
8480043,D,PK,FNFI,2,0,142.72,0.841,0.102,3.037
8480043,D,PK,TNFI,36,6,142.72,15.135,10.6,20.953
8480049,D,ES,CNFI,824,75,4346.85,11.374,10.61,12.178
8480049,D,ES,MNFI,662,30,4346.85,9.138,8.455,9.861
8480049,D,ES,FNFI,366,8,4346.85,5.052,4.548,5.597
8480049,D,ES,TNFI,1852,113,4346.85,25.563,24.412,26.755
8480049,D,PP,CNFI,258,14,522.98,29.599,26.097,33.44
8480049,D,PP,MNFI,221,9,522.98,25.355,22.122,28.927
8480049,D,PP,FNFI,154,3,522.98,17.668,14.988,20.689
8480049,D,PP,TNFI,633,26,522.98,72.622,67.074,78.506
8480049,D,PK,CNFI,0,0,86.73,0.0,0.0,2.552
8480049,D,PK,MNFI,0,0,86.73,0.0,0.0,2.552
8480049,D,PK,FNFI,0,0,86.73,0.0,0.0,2.552
8480049,D,PK,TNFI,0,0,86.73,0.0,0.0,2.552
8480058,D,ES,CNFI,592,58,2809.15,12.644,11.646,13.705
8480058,D,ES,MNFI,523,32,2809.15,11.171,10.234,12.17
8480058,D,ES,FNFI,295,6,2809.15,6.301,5.602,7.062
8480058,D,ES,TNFI,1410,96,2809.15,30.116,28.564,31.73
8480058,D,PP,CNFI,54,17,240.75,13.458,10.11,17.56
8480058,D,PP,MNFI,47,10,240.75,11.713,8.607,15.576
8480058,D,PP,FNFI,39,6,240.75,9.72,6.912,13.287
8480058,D,PP,TNFI,140,33,240.75,34.891,29.351,41.173
8480058,D,PK,CNFI,5,1,45.08,6.654,2.161,15.529
8480058,D,PK,MNFI,1,1,45.08,1.331,0.034,7.415
8480058,D,PK,FNFI,0,0,45.08,0.0,0.0,4.909
8480058,D,PK,TNFI,6,2,45.08,7.985,2.93,17.38
8480069,D,ES,CNFI,1307,118,7386.33,10.617,10.049,11.208
8480069,D,ES,MNFI,1028,49,7386.33,8.351,7.848,8.877
8480069,D,ES,FNFI,634,9,7386.33,5.15,4.757,5.567
8480069,D,ES,TNFI,2969,176,7386.33,24.118,23.258,25.001
8480069,D,PP,CNFI,393,48,1455.9,16.196,14.634,17.879
8480069,D,PP,MNFI,241,16,1455.9,9.932,8.718,11.268
8480069,D,PP,FNFI,206,7,1455.9,8.49,7.37,9.731
8480069,D,PP,TNFI,840,71,1455.9,34.618,32.316,37.04
8480069,D,PK,CNFI,54,3,259.2,12.5,9.39,16.31
8480069,D,PK,MNFI,54,3,259.2,12.5,9.39,16.31
8480069,D,PK,FNFI,9,0,259.2,2.083,0.953,3.955
8480069,D,PK,TNFI,117,6,259.2,27.083,22.399,32.459
8480070,D,ES,CNFI,234,17,935.37,15.01,13.148,17.062
8480070,D,ES,MNFI,215,11,935.37,13.791,12.009,15.763
8480070,D,ES,FNFI,102,1,935.37,6.543,5.335,7.943
8480070,D,ES,TNFI,551,29,935.37,35.344,32.454,38.423
8480070,D,PP,CNFI,16,7,101.45,9.463,5.409,15.367
8480070,D,PP,MNFI,11,2,101.45,6.506,3.248,11.64
8480070,D,PP,FNFI,3,1,101.45,1.774,0.366,5.185
8480070,D,PP,TNFI,30,10,101.45,17.743,11.971,25.329
8480070,D,PK,CNFI,5,1,25.58,11.726,3.808,27.365
8480070,D,PK,MNFI,12,1,25.58,28.143,14.542,49.161
8480070,D,PK,FNFI,0,0,25.58,0.0,0.0,8.651
8480070,D,PK,TNFI,17,2,25.58,39.87,23.226,63.835
8480071,D,ES,CNFI,99,6,449.97,13.201,10.729,16.072
8480071,D,ES,MNFI,111,3,449.97,14.801,12.176,17.824
8480071,D,ES,FNFI,42,0,449.97,5.6,4.036,7.57
8480071,D,ES,TNFI,252,9,449.97,33.602,29.581,38.018
8480071,D,PP,CNFI,3,2,47.98,3.751,0.774,10.963
8480071,D,PP,MNFI,0,0,47.98,0.0,0.0,4.613
8480071,D,PP,FNFI,1,1,47.98,1.25,0.032,6.967
8480071,D,PP,TNFI,4,3,47.98,5.002,1.363,12.806
8480071,D,PK,CNFI,5,2,10.02,29.95,9.725,69.894
8480071,D,PK,MNFI,4,0,10.02,23.96,6.528,61.347
8480071,D,PK,FNFI,1,0,10.02,5.99,0.152,33.374
8480071,D,PK,TNFI,10,2,10.02,59.9,28.724,110.159
8480073,D,ES,CNFI,699,63,3235.3,12.963,12.02,13.961
8480073,D,ES,MNFI,623,50,3235.3,11.554,10.664,12.498
8480073,D,ES,FNFI,273,7,3235.3,5.063,4.48,5.7
8480073,D,ES,TNFI,1595,120,3235.3,29.58,28.146,31.068
8480073,D,PP,CNFI,140,23,498.47,16.852,14.176,19.886
8480073,D,PP,MNFI,120,11,498.47,14.444,11.976,17.272
8480073,D,PP,FNFI,65,5,498.47,7.824,6.038,9.972
8480073,D,PP,TNFI,325,39,498.47,39.12,34.982,43.613
8480073,D,PK,CNFI,14,2,113.62,7.393,4.042,12.405
8480073,D,PK,MNFI,11,4,113.62,5.809,2.9,10.394
8480073,D,PK,FNFI,4,0,113.62,2.112,0.576,5.408
8480073,D,PK,TNFI,29,6,113.62,15.315,10.256,21.994
8480084,D,ES,CNFI,244,17,1221.42,11.986,10.529,13.588
8480084,D,ES,MNFI,201,15,1221.42,9.874,8.556,11.337
8480084,D,ES,FNFI,103,7,1221.42,5.06,4.13,6.136
8480084,D,ES,TNFI,548,39,1221.42,26.92,24.713,29.271
8480084,D,PP,CNFI,18,7,66.87,16.152,9.572,25.526
8480084,D,PP,MNFI,7,1,66.87,6.281,2.525,12.942
8480084,D,PP,FNFI,10,0,66.87,8.973,4.303,16.502
8480084,D,PP,TNFI,35,8,66.87,31.406,21.875,43.678
8480084,D,PK,CNFI,0,0,9.08,0.0,0.0,24.367
8480084,D,PK,MNFI,0,0,9.08,0.0,0.0,24.367
8480084,D,PK,FNFI,0,0,9.08,0.0,0.0,24.367
8480084,D,PK,TNFI,0,0,9.08,0.0,0.0,24.367
8480145,D,ES,CNFI,1352,109,6338.75,12.797,12.124,13.498
8480145,D,ES,MNFI,1176,39,6338.75,11.132,10.504,11.786
8480145,D,ES,FNFI,624,7,6338.75,5.907,5.452,6.389
8480145,D,ES,TNFI,3152,155,6338.75,29.836,28.803,30.896
8480145,D,PP,CNFI,259,24,1090.67,14.248,12.566,16.093
8480145,D,PP,MNFI,216,8,1090.67,11.883,10.351,13.577
8480145,D,PP,FNFI,133,5,1090.67,7.317,6.126,8.671
8480145,D,PP,TNFI,608,37,1090.67,33.447,30.841,36.215
8480145,D,PK,CNFI,26,4,209.25,7.455,4.87,10.924
8480145,D,PK,MNFI,24,3,209.25,6.882,4.409,10.239
8480145,D,PK,FNFI,7,1,209.25,2.007,0.807,4.136
8480145,D,PK,TNFI,57,8,209.25,16.344,12.379,21.176
8480157,D,ES,CNFI,224,23,997.48,13.474,11.767,15.359
8480157,D,ES,MNFI,235,15,997.48,14.136,12.386,16.063
8480157,D,ES,FNFI,85,1,997.48,5.113,4.084,6.322
8480157,D,ES,TNFI,544,39,997.48,32.722,30.03,35.591
8480157,D,PP,CNFI,15,5,88.57,10.162,5.688,16.76
8480157,D,PP,MNFI,21,4,88.57,14.227,8.806,21.747
8480157,D,PP,FNFI,15,1,88.57,10.162,5.688,16.76
8480157,D,PP,TNFI,51,10,88.57,34.55,25.725,45.427
8480157,D,PK,CNFI,1,0,19.97,3.005,0.076,16.743
8480157,D,PK,MNFI,5,2,19.97,15.025,4.879,35.063
8480157,D,PK,FNFI,0,0,19.97,0.0,0.0,11.085
8480157,D,PK,TNFI,6,2,19.97,18.03,6.617,39.244
8480160,D,ES,CNFI,199,26,1001.2,11.926,10.326,13.703
8480160,D,ES,MNFI,297,19,1001.2,17.799,15.832,19.942
8480160,D,ES,FNFI,105,4,1001.2,6.292,5.147,7.617
8480160,D,ES,TNFI,601,49,1001.2,36.017,33.194,39.015
8480160,D,PP,CNFI,23,7,92.72,14.884,9.435,22.333
8480160,D,PP,MNFI,23,2,92.72,14.884,9.435,22.333
8480160,D,PP,FNFI,17,3,92.72,11.001,6.409,17.614
8480160,D,PP,TNFI,63,12,92.72,40.769,31.328,52.162
8480160,D,PK,CNFI,0,0,16.47,0.0,0.0,13.441
8480160,D,PK,MNFI,1,1,16.47,3.644,0.092,20.302
8480160,D,PK,FNFI,0,0,16.47,0.0,0.0,13.441
8480160,D,PK,TNFI,1,1,16.47,3.644,0.092,20.302
8480172,D,ES,CNFI,845,78,3853.12,13.158,12.286,14.076
8480172,D,ES,MNFI,761,42,3853.12,11.85,11.023,12.723
8480172,D,ES,FNFI,407,9,3853.12,6.338,5.737,6.984
8480172,D,ES,TNFI,2013,129,3853.12,31.346,29.992,32.746
8480172,D,PP,CNFI,236,14,483.33,29.297,25.678,33.282
8480172,D,PP,MNFI,214,9,483.33,26.566,23.125,30.373
8480172,D,PP,FNFI,148,4,483.33,18.372,15.532,21.582
8480172,D,PP,TNFI,598,27,483.33,74.234,68.403,80.43
8480172,D,PK,CNFI,2,1,87.55,1.371,0.166,4.951
8480172,D,PK,MNFI,2,1,87.55,1.371,0.166,4.951
8480172,D,PK,FNFI,2,0,87.55,1.371,0.166,4.951
8480172,D,PK,TNFI,6,2,87.55,4.112,1.509,8.95
8480184,D,ES,CNFI,483,46,2019.12,14.353,13.101,15.692
8480184,D,ES,MNFI,402,37,2019.12,11.946,10.806,13.173
8480184,D,ES,FNFI,194,12,2019.12,5.765,4.982,6.636
8480184,D,ES,TNFI,1079,95,2019.12,32.064,30.179,34.035
8480184,D,PP,CNFI,45,11,165.37,16.327,11.909,21.847
8480184,D,PP,MNFI,31,7,165.37,11.248,7.642,15.965
8480184,D,PP,FNFI,32,7,165.37,11.611,7.942,16.391
8480184,D,PP,TNFI,108,25,165.37,39.186,32.145,47.31
8480184,D,PK,CNFI,0,0,37.5,0.0,0.0,5.902
8480184,D,PK,MNFI,1,0,37.5,1.6,0.041,8.915
8480184,D,PK,FNFI,0,0,37.5,0.0,0.0,5.902
8480184,D,PK,TNFI,1,0,37.5,1.6,0.041,8.915
8480192,D,ES,CNFI,820,66,3902.88,12.606,11.758,13.499
8480192,D,ES,MNFI,667,50,3902.88,10.254,9.49,11.063
8480192,D,ES,FNFI,390,9,3902.88,5.996,5.415,6.621
8480192,D,ES,TNFI,1877,125,3902.88,28.856,27.565,30.191
8480192,D,PP,CNFI,282,31,520.63,32.499,28.816,36.522
8480192,D,PP,MNFI,185,6,520.63,21.32,18.359,24.624
8480192,D,PP,FNFI,125,2,520.63,14.406,11.991,17.164
8480192,D,PP,TNFI,592,39,520.63,68.225,62.839,73.949
8480192,D,PK,CNFI,1,1,83.15,0.722,0.018,4.02
8480192,D,PK,MNFI,0,0,83.15,0.0,0.0,2.662
8480192,D,PK,FNFI,2,0,83.15,1.443,0.175,5.213
8480192,D,PK,TNFI,3,1,83.15,2.165,0.446,6.326
8480196,D,ES,CNFI,728,80,3490.27,12.515,11.622,13.458
8480196,D,ES,MNFI,649,46,3490.27,11.157,10.315,12.049
8480196,D,ES,FNFI,336,13,3490.27,5.776,5.175,6.428
8480196,D,ES,TNFI,1713,139,3490.27,29.448,28.069,30.876
8480196,D,PP,CNFI,118,24,337.43,20.982,17.367,25.127
8480196,D,PP,MNFI,91,16,337.43,16.181,13.028,19.867
8480196,D,PP,FNFI,38,3,337.43,6.757,4.782,9.274
8480196,D,PP,TNFI,247,43,337.43,43.92,38.613,49.752
8480196,D,PK,CNFI,3,3,83.67,2.151,0.444,6.287
8480196,D,PK,MNFI,3,0,83.67,2.151,0.444,6.287
8480196,D,PK,FNFI,2,0,83.67,1.434,0.174,5.181
8480196,D,PK,TNFI,8,3,83.67,5.737,2.477,11.304
8480222,D,ES,CNFI,502,34,2413.02,12.482,11.414,13.624
8480222,D,ES,MNFI,499,24,2413.02,12.408,11.343,13.546
8480222,D,ES,FNFI,260,5,2413.02,6.465,5.703,7.3
8480222,D,ES,TNFI,1261,63,2413.02,31.355,29.648,33.135
8480222,D,PP,CNFI,50,14,267.12,11.231,8.336,14.807
8480222,D,PP,MNFI,39,8,267.12,8.76,6.229,11.976
8480222,D,PP,FNFI,21,2,267.12,4.717,2.92,7.21
8480222,D,PP,TNFI,110,24,267.12,24.708,20.307,29.78
8480222,D,PK,CNFI,3,0,48.55,3.708,0.765,10.835
8480222,D,PK,MNFI,9,2,48.55,11.123,5.086,21.114
8480222,D,PK,FNFI,0,0,48.55,0.0,0.0,4.559
8480222,D,PK,TNFI,12,2,48.55,14.83,7.663,25.905
8480246,D,ES,CNFI,852,87,4401.58,11.614,10.847,12.421
8480246,D,ES,MNFI,796,47,4401.58,10.851,10.11,11.631
8480246,D,ES,FNFI,415,14,4401.58,5.657,5.126,6.228
8480246,D,ES,TNFI,2063,148,4401.58,28.122,26.921,29.362
8480246,D,PP,CNFI,155,16,354.57,26.229,22.263,30.699
8480246,D,PP,MNFI,107,9,354.57,18.107,14.839,21.88
8480246,D,PP,FNFI,57,6,354.57,9.646,7.305,12.497
8480246,D,PP,TNFI,319,31,354.57,53.981,48.22,60.242
8480246,D,PK,CNFI,2,0,79.6,1.508,0.183,5.446
8480246,D,PK,MNFI,8,1,79.6,6.03,2.603,11.882
8480246,D,PK,FNFI,1,0,79.6,0.754,0.019,4.2
8480246,D,PK,TNFI,11,1,79.6,8.291,4.139,14.836
8480336,D,ES,CNFI,985,82,4893.53,12.077,11.335,12.856
8480336,D,ES,MNFI,894,55,4893.53,10.961,10.255,11.704
8480336,D,ES,FNFI,358,12,4893.53,4.389,3.946,4.869
8480336,D,ES,TNFI,2237,149,4893.53,27.428,26.303,28.589
8480336,D,PP,CNFI,201,25,637.43,18.92,16.394,21.724
8480336,D,PP,MNFI,161,13,637.43,15.155,12.904,17.685
8480336,D,PP,FNFI,88,4,637.43,8.283,6.643,10.205
8480336,D,PP,TNFI,450,42,637.43,42.357,38.534,46.458
8480336,D,PK,CNFI,6,0,153.58,2.344,0.86,5.102
8480336,D,PK,MNFI,7,3,153.58,2.735,1.099,5.634
8480336,D,PK,FNFI,1,0,153.58,0.391,0.01,2.177
8480336,D,PK,TNFI,14,3,153.58,5.469,2.99,9.177
8480426,D,ES,CNFI,191,17,1128.55,10.155,8.766,11.701
8480426,D,ES,MNFI,162,10,1128.55,8.613,7.338,10.046
8480426,D,ES,FNFI,114,3,1128.55,6.061,4.999,7.281
8480426,D,ES,TNFI,467,30,1128.55,24.828,22.627,27.186
8480426,D,PP,CNFI,10,2,125.15,4.794,2.299,8.817
8480426,D,PP,MNFI,7,1,125.15,3.356,1.349,6.915
8480426,D,PP,FNFI,5,1,125.15,2.397,0.778,5.594
8480426,D,PP,TNFI,22,4,125.15,10.547,6.61,15.969
8480426,D,PK,CNFI,2,0,28.03,4.281,0.518,15.463
8480426,D,PK,MNFI,6,0,28.03,12.842,4.713,27.951
8480426,D,PK,FNFI,2,0,28.03,4.281,0.518,15.463
8480426,D,PK,TNFI,10,0,28.03,21.403,10.264,39.361
8480434,D,ES,CNFI,1053,83,4953.52,12.755,11.996,13.549
8480434,D,ES,MNFI,878,48,4953.52,10.635,9.943,11.362
8480434,D,ES,FNFI,390,10,4953.52,4.724,4.267,5.217
8480434,D,ES,TNFI,2321,141,4953.52,28.113,26.981,29.281
8480434,D,PP,CNFI,160,27,850.58,11.286,9.605,13.177
8480434,D,PP,MNFI,146,11,850.58,10.299,8.696,12.111
8480434,D,PP,FNFI,53,8,850.58,3.739,2.8,4.89
8480434,D,PP,TNFI,359,46,850.58,25.324,22.772,28.084
8480434,D,PK,CNFI,28,3,169.93,9.886,6.569,14.288
8480434,D,PK,MNFI,33,2,169.93,11.652,8.02,16.363
8480434,D,PK,FNFI,11,0,169.93,3.884,1.939,6.949
8480434,D,PK,TNFI,72,5,169.93,25.422,19.891,32.014
8480727,D,ES,CNFI,1089,105,5286.52,12.36,11.636,13.116
8480727,D,ES,MNFI,976,43,5286.52,11.077,10.393,11.795
8480727,D,ES,FNFI,433,15,5286.52,4.914,4.462,5.4
8480727,D,ES,TNFI,2498,163,5286.52,28.351,27.25,29.485
8480727,D,PP,CNFI,233,20,551.42,25.353,22.202,28.826
8480727,D,PP,MNFI,181,7,551.42,19.695,16.93,22.782
8480727,D,PP,FNFI,84,4,551.42,9.14,7.29,11.316
8480727,D,PP,TNFI,498,31,551.42,54.188,49.532,59.163
8480727,D,PK,CNFI,1,1,105.42,0.569,0.014,3.171
8480727,D,PK,MNFI,2,0,105.42,1.138,0.138,4.112
8480727,D,PK,FNFI,0,0,105.42,0.0,0.0,2.1
8480727,D,PK,TNFI,3,1,105.42,1.708,0.352,4.99
8480796,D,ES,CNFI,1326,120,6240.4,12.749,12.072,13.454
8480796,D,ES,MNFI,1184,51,6240.4,11.384,10.745,12.051
8480796,D,ES,FNFI,680,14,6240.4,6.538,6.056,7.048
8480796,D,ES,TNFI,3190,185,6240.4,30.671,29.616,31.754
8480796,D,PP,CNFI,338,22,770.73,26.313,23.582,29.273
8480796,D,PP,MNFI,283,5,770.73,22.031,19.539,24.753
8480796,D,PP,FNFI,192,3,770.73,14.947,12.907,17.217
8480796,D,PP,TNFI,813,30,770.73,63.29,59.014,67.795
8480796,D,PK,CNFI,1,1,144.03,0.417,0.011,2.321
8480796,D,PK,MNFI,2,0,144.03,0.833,0.101,3.01
8480796,D,PK,FNFI,1,0,144.03,0.417,0.011,2.321
8480796,D,PK,TNFI,4,1,144.03,1.666,0.454,4.266
8480800,D,ES,CNFI,1461,115,7755.72,11.303,10.73,11.897
8480800,D,ES,MNFI,1195,52,7755.72,9.245,8.728,9.784
8480800,D,ES,FNFI,628,22,7755.72,4.858,4.486,5.254
8480800,D,ES,TNFI,3284,189,7755.72,25.406,24.544,26.29
8480800,D,PP,CNFI,138,48,1360.48,6.086,5.113,7.19
8480800,D,PP,MNFI,104,26,1360.48,4.587,3.748,5.557
8480800,D,PP,FNFI,69,8,1360.48,3.043,2.368,3.851
8480800,D,PP,TNFI,311,82,1360.48,13.716,12.234,15.328
8480800,D,PK,CNFI,51,4,207.92,14.717,10.958,19.351
8480800,D,PK,MNFI,59,4,207.92,17.026,12.961,21.962
8480800,D,PK,FNFI,10,1,207.92,2.886,1.384,5.307
8480800,D,PK,TNFI,120,9,207.92,34.629,28.711,41.408
8480803,D,ES,CNFI,1259,105,7228.12,10.451,9.881,11.044
8480803,D,ES,MNFI,1132,57,7228.12,9.397,8.857,9.96
8480803,D,ES,FNFI,512,18,7228.12,4.25,3.89,4.635
8480803,D,ES,TNFI,2903,180,7228.12,24.098,23.229,24.99
8480803,D,PP,CNFI,193,54,1186.93,9.756,8.428,11.234
8480803,D,PP,MNFI,133,24,1186.93,6.723,5.629,7.968
8480803,D,PP,FNFI,67,8,1186.93,3.387,2.625,4.301
8480803,D,PP,TNFI,393,86,1186.93,19.866,17.951,21.931
8480803,D,PK,CNFI,40,4,217.43,11.038,7.886,15.03
8480803,D,PK,MNFI,42,2,217.43,11.59,8.353,15.666
8480803,D,PK,FNFI,12,0,217.43,3.311,1.711,5.784
8480803,D,PK,TNFI,94,6,217.43,25.939,20.961,31.743
8480807,D,ES,CNFI,975,84,4993.53,11.715,10.991,12.474
8480807,D,ES,MNFI,963,45,4993.53,11.571,10.852,12.325
8480807,D,ES,FNFI,465,7,4993.53,5.587,5.091,6.119
8480807,D,ES,TNFI,2403,136,4993.53,28.873,27.73,30.051
8480807,D,PP,CNFI,316,8,621.97,30.484,27.215,34.037
8480807,D,PP,MNFI,305,8,621.97,29.423,26.213,32.917
8480807,D,PP,FNFI,204,0,621.97,19.68,17.071,22.573
8480807,D,PP,TNFI,825,16,621.97,79.586,74.247,85.208
8480807,D,PK,CNFI,1,1,116.77,0.514,0.013,2.863
8480807,D,PK,MNFI,2,0,116.77,1.028,0.124,3.712
8480807,D,PK,FNFI,0,0,116.77,0.0,0.0,1.896
8480807,D,PK,TNFI,3,1,116.77,1.542,0.318,4.505
8480817,D,ES,CNFI,1402,111,7019.95,11.983,11.364,12.627
8480817,D,ES,MNFI,1270,60,7019.95,10.855,10.266,11.469
8480817,D,ES,FNFI,597,7,7019.95,5.103,4.701,5.529
8480817,D,ES,TNFI,3269,178,7019.95,27.94,26.991,28.915
8480817,D,PP,CNFI,262,26,912.98,17.218,15.196,19.434
8480817,D,PP,MNFI,221,13,912.98,14.524,12.672,16.57
8480817,D,PP,FNFI,157,4,912.98,10.318,8.767,12.064
8480817,D,PP,TNFI,640,43,912.98,42.06,38.864,45.449
8480817,D,PK,CNFI,9,1,229.37,2.354,1.077,4.469
8480817,D,PK,MNFI,12,3,229.37,3.139,1.622,5.483
8480817,D,PK,FNFI,2,0,229.37,0.523,0.063,1.89
8480817,D,PK,TNFI,23,4,229.37,6.017,3.814,9.028
8480823,D,ES,CNFI,206,13,1081.82,11.425,9.918,13.097
8480823,D,ES,MNFI,209,6,1081.82,11.592,10.073,13.274
8480823,D,ES,FNFI,106,4,1081.82,5.879,4.813,7.11
8480823,D,ES,TNFI,521,23,1081.82,28.896,26.468,31.487
8480823,D,PP,CNFI,25,1,76.65,19.569,12.664,28.888
8480823,D,PP,MNFI,19,2,76.65,14.873,8.954,23.226
8480823,D,PP,FNFI,19,1,76.65,14.873,8.954,23.226
8480823,D,PP,TNFI,63,4,76.65,49.315,37.895,63.095
8480823,D,PK,CNFI,0,0,13.93,0.0,0.0,15.885
8480823,D,PK,MNFI,1,1,13.93,4.306,0.109,23.993
8480823,D,PK,FNFI,0,0,13.93,0.0,0.0,15.885
8480823,D,PK,TNFI,1,1,13.93,4.306,0.109,23.993
8480831,D,ES,CNFI,140,12,659.57,12.736,10.713,15.029
8480831,D,ES,MNFI,131,8,659.57,11.917,9.964,14.141
8480831,D,ES,FNFI,59,1,659.57,5.367,4.086,6.923
8480831,D,ES,TNFI,330,21,659.57,30.02,26.868,33.44
8480831,D,PP,CNFI,23,8,76.77,17.977,11.396,26.974
8480831,D,PP,MNFI,16,2,76.77,12.505,7.148,20.308
8480831,D,PP,FNFI,12,2,76.77,9.379,4.846,16.383
8480831,D,PP,TNFI,51,12,76.77,39.861,29.679,52.41
8480831,D,PK,CNFI,0,0,12.18,0.0,0.0,18.167
8480831,D,PK,MNFI,3,0,12.18,14.774,3.047,43.177
8480831,D,PK,FNFI,0,0,12.18,0.0,0.0,18.167
8480831,D,PK,TNFI,3,0,12.18,14.774,3.047,43.177
8480834,D,ES,CNFI,499,44,2405.92,12.444,11.376,13.586
8480834,D,ES,MNFI,443,33,2405.92,11.048,10.043,12.126
8480834,D,ES,FNFI,232,7,2405.92,5.786,5.065,6.58
8480834,D,ES,TNFI,1174,84,2405.92,29.278,27.627,31.002
8480834,D,PP,CNFI,130,10,256.9,30.362,25.367,36.052
8480834,D,PP,MNFI,105,2,256.9,24.523,20.058,29.687
8480834,D,PP,FNFI,48,1,256.9,11.211,8.266,14.864
8480834,D,PP,TNFI,283,13,256.9,66.096,58.619,74.262
8480834,D,PK,CNFI,0,0,46.27,0.0,0.0,4.784
8480834,D,PK,MNFI,1,0,46.27,1.297,0.033,7.225
8480834,D,PK,FNFI,0,0,46.27,0.0,0.0,4.784
8480834,D,PK,TNFI,1,0,46.27,1.297,0.033,7.225
8480839,D,ES,CNFI,1420,131,7893.93,10.793,10.239,11.369
8480839,D,ES,MNFI,1384,79,7893.93,10.519,9.972,11.089
8480839,D,ES,FNFI,632,19,7893.93,4.804,4.436,5.193
8480839,D,ES,TNFI,3436,229,7893.93,26.116,25.25,27.004
8480839,D,PP,CNFI,154,35,1221.25,7.566,6.418,8.86
8480839,D,PP,MNFI,147,26,1221.25,7.222,6.102,8.489
8480839,D,PP,FNFI,88,7,1221.25,4.323,3.468,5.327
8480839,D,PP,TNFI,389,68,1221.25,19.112,17.259,21.108
8480839,D,PK,CNFI,52,5,249.25,12.518,9.349,16.415
8480839,D,PK,MNFI,63,0,249.25,15.165,11.654,19.403
8480839,D,PK,FNFI,7,0,249.25,1.685,0.677,3.472
8480839,D,PK,TNFI,122,5,249.25,29.368,24.388,35.066
8480847,D,ES,CNFI,97,8,527.75,11.028,8.943,13.453
8480847,D,ES,MNFI,142,12,527.75,16.144,13.598,19.028
8480847,D,ES,FNFI,69,0,527.75,7.845,6.104,9.928
8480847,D,ES,TNFI,308,20,527.75,35.017,31.215,39.154
8480847,D,PP,CNFI,5,4,52.75,5.687,1.847,13.272
8480847,D,PP,MNFI,2,2,52.75,2.275,0.275,8.218
8480847,D,PP,FNFI,1,0,52.75,1.137,0.029,6.337
8480847,D,PP,TNFI,8,6,52.75,9.1,3.929,17.93
8480847,D,PK,CNFI,3,0,18.08,9.954,2.053,29.09
8480847,D,PK,MNFI,6,2,18.08,19.908,7.306,43.331
8480847,D,PK,FNFI,3,0,18.08,9.954,2.053,29.09
8480847,D,PK,TNFI,12,2,18.08,39.816,20.573,69.55
8480860,D,ES,CNFI,964,71,4739.45,12.204,11.446,12.999
8480860,D,ES,MNFI,862,65,4739.45,10.913,10.196,11.666
8480860,D,ES,FNFI,401,10,4739.45,5.077,4.592,5.599
8480860,D,ES,TNFI,2227,146,4739.45,28.193,27.034,29.389
8480860,D,PP,CNFI,257,12,523.1,29.478,25.984,33.311
8480860,D,PP,MNFI,204,3,523.1,23.399,20.298,26.84
8480860,D,PP,FNFI,141,2,523.1,16.173,13.614,19.073
8480860,D,PP,TNFI,602,17,523.1,69.05,63.643,74.793
8480860,D,PK,CNFI,4,2,112.98,2.124,0.579,5.439
8480860,D,PK,MNFI,1,0,112.98,0.531,0.013,2.959
8480860,D,PK,FNFI,0,0,112.98,0.0,0.0,1.959
8480860,D,PK,TNFI,5,2,112.98,2.655,0.862,6.196
8480865,D,ES,CNFI,1496,102,7101.48,12.64,12.007,13.297
8480865,D,ES,MNFI,1287,68,7101.48,10.874,10.288,11.484
8480865,D,ES,FNFI,695,24,7101.48,5.872,5.444,6.325
8480865,D,ES,TNFI,3478,194,7101.48,29.385,28.417,30.379
8480865,D,PP,CNFI,205,36,1108.05,11.101,9.633,12.729
8480865,D,PP,MNFI,170,21,1108.05,9.205,7.874,10.698
8480865,D,PP,FNFI,82,15,1108.05,4.44,3.531,5.511
8480865,D,PP,TNFI,457,72,1108.05,24.746,22.529,27.122
8480865,D,PK,CNFI,49,5,221.12,13.296,9.837,17.578
8480865,D,PK,MNFI,51,1,221.12,13.839,10.304,18.196
8480865,D,PK,FNFI,8,0,221.12,2.171,0.937,4.277
8480865,D,PK,TNFI,108,6,221.12,29.306,24.04,35.382
8480871,D,ES,CNFI,672,64,2800.65,14.397,13.329,15.528
8480871,D,ES,MNFI,536,31,2800.65,11.483,10.531,12.498
8480871,D,ES,FNFI,259,10,2800.65,5.549,4.893,6.267
8480871,D,ES,TNFI,1467,105,2800.65,31.428,29.841,33.079
8480871,D,PP,CNFI,24,20,325.33,4.426,2.836,6.586
8480871,D,PP,MNFI,12,11,325.33,2.213,1.144,3.866
8480871,D,PP,FNFI,3,2,325.33,0.553,0.114,1.617
8480871,D,PP,TNFI,39,33,325.33,7.193,5.115,9.833
8480871,D,PK,CNFI,20,5,75.6,15.873,9.696,24.515
8480871,D,PK,MNFI,23,3,75.6,18.254,11.571,27.39
8480871,D,PK,FNFI,5,0,75.6,3.968,1.288,9.261
8480871,D,PK,TNFI,48,8,75.6,38.095,28.088,50.509
8480873,D,ES,CNFI,1175,102,5580.42,12.633,11.921,13.377
8480873,D,ES,MNFI,1037,58,5580.42,11.15,10.481,11.85
8480873,D,ES,FNFI,598,19,5580.42,6.43,5.925,6.966
8480873,D,ES,TNFI,2810,179,5580.42,30.213,29.106,31.351
8480873,D,PP,CNFI,88,25,698.47,7.559,6.063,9.313
8480873,D,PP,MNFI,72,12,698.47,6.185,4.839,7.789
8480873,D,PP,FNFI,39,4,698.47,3.35,2.382,4.58
8480873,D,PP,TNFI,199,41,698.47,17.095,14.802,19.642
8480873,D,PK,CNFI,21,7,156.43,8.055,4.986,12.312
8480873,D,PK,MNFI,19,4,156.43,7.287,4.388,11.38
8480873,D,PK,FNFI,6,2,156.43,2.301,0.845,5.009
8480873,D,PK,TNFI,46,13,156.43,17.643,12.917,23.534
8480878,D,ES,CNFI,684,58,3220.28,12.744,11.807,13.736
8480878,D,ES,MNFI,542,30,3220.28,10.098,9.266,10.986
8480878,D,ES,FNFI,338,10,3220.28,6.298,5.644,7.006
8480878,D,ES,TNFI,1564,98,3220.28,29.14,27.714,30.621
8480878,D,PP,CNFI,21,19,304.22,4.142,2.564,6.331
8480878,D,PP,MNFI,14,10,304.22,2.761,1.51,4.633
8480878,D,PP,FNFI,3,0,304.22,0.592,0.122,1.729
8480878,D,PP,TNFI,38,29,304.22,7.495,5.304,10.287
8480878,D,PK,CNFI,9,3,55.57,9.718,4.444,18.448
8480878,D,PK,MNFI,10,2,55.57,10.798,5.178,19.858
8480878,D,PK,FNFI,4,0,55.57,4.319,1.177,11.059
8480878,D,PK,TNFI,23,5,55.57,24.835,15.743,37.265
8480879,D,ES,CNFI,599,49,2656.37,13.53,12.468,14.658
8480879,D,ES,MNFI,537,34,2656.37,12.129,11.125,13.2
8480879,D,ES,FNFI,279,9,2656.37,6.302,5.584,7.086
8480879,D,ES,TNFI,1415,92,2656.37,31.961,30.317,33.671
8480879,D,PP,CNFI,109,17,251.57,25.997,21.346,31.36
8480879,D,PP,MNFI,76,8,251.57,18.126,14.282,22.688
8480879,D,PP,FNFI,56,4,251.57,13.356,10.089,17.344
8480879,D,PP,TNFI,241,29,251.57,57.48,50.451,65.213
8480879,D,PK,CNFI,0,0,40.88,0.0,0.0,5.414
8480879,D,PK,MNFI,0,0,40.88,0.0,0.0,5.414
8480879,D,PK,FNFI,0,0,40.88,0.0,0.0,5.414
8480879,D,PK,TNFI,0,0,40.88,0.0,0.0,5.414
8480883,D,ES,CNFI,233,26,1257.83,11.114,9.733,12.637
8480883,D,ES,MNFI,250,19,1257.83,11.925,10.493,13.499
8480883,D,ES,FNFI,101,5,1257.83,4.818,3.924,5.854
8480883,D,ES,TNFI,584,50,1257.83,27.857,25.644,30.211
8480883,D,PP,CNFI,18,16,147.68,7.313,4.334,11.558
8480883,D,PP,MNFI,8,8,147.68,3.25,1.403,6.404
8480883,D,PP,FNFI,4,2,147.68,1.625,0.443,4.161
8480883,D,PP,TNFI,30,26,147.68,12.188,8.223,17.399
8480883,D,PK,CNFI,12,4,34.48,20.88,10.789,36.473
8480883,D,PK,MNFI,9,1,34.48,15.66,7.161,29.727
8480883,D,PK,FNFI,1,0,34.48,1.74,0.044,9.694
8480883,D,PK,TNFI,22,5,34.48,38.279,23.989,57.955
8480884,D,ES,CNFI,442,42,2032.97,13.045,11.857,14.32
8480884,D,ES,MNFI,378,30,2032.97,11.156,10.06,12.339
8480884,D,ES,FNFI,211,3,2032.97,6.227,5.415,7.127
8480884,D,ES,TNFI,1031,75,2032.97,30.428,28.599,32.344
8480884,D,PP,CNFI,20,18,312.17,3.844,2.348,5.937
8480884,D,PP,MNFI,10,9,312.17,1.922,0.922,3.535
8480884,D,PP,FNFI,3,2,312.17,0.577,0.119,1.685
8480884,D,PP,TNFI,33,29,312.17,6.343,4.366,8.908
8480884,D,PK,CNFI,13,0,60.15,12.968,6.905,22.175
8480884,D,PK,MNFI,15,0,60.15,14.963,8.374,24.679
8480884,D,PK,FNFI,3,0,60.15,2.993,0.617,8.745
8480884,D,PK,TNFI,31,0,60.15,30.923,21.01,43.892
8480887,D,ES,CNFI,579,59,2457.28,14.138,13.009,15.337
8480887,D,ES,MNFI,475,37,2457.28,11.598,10.578,12.69
8480887,D,ES,FNFI,272,8,2457.28,6.641,5.876,7.479
8480887,D,ES,TNFI,1326,104,2457.28,32.377,30.658,34.168
8480887,D,PP,CNFI,109,19,277.53,23.565,19.349,28.426
8480887,D,PP,MNFI,74,5,277.53,15.998,12.562,20.084
8480887,D,PP,FNFI,37,5,277.53,7.999,5.632,11.026
8480887,D,PP,TNFI,220,29,277.53,47.562,41.484,54.279
8480887,D,PK,CNFI,3,2,44.18,4.074,0.84,11.906
8480887,D,PK,MNFI,0,0,44.18,0.0,0.0,5.009
8480887,D,PK,FNFI,1,1,44.18,1.358,0.034,7.566
8480887,D,PK,TNFI,4,3,44.18,5.432,1.48,13.908
8480891,D,ES,CNFI,577,57,2729.58,12.683,11.669,13.762
8480891,D,ES,MNFI,480,33,2729.58,10.551,9.628,11.539
8480891,D,ES,FNFI,240,3,2729.58,5.276,4.629,5.987
8480891,D,ES,TNFI,1297,93,2729.58,28.51,26.979,30.105
8480891,D,PP,CNFI,52,13,237.28,13.149,9.82,17.243
8480891,D,PP,MNFI,45,6,237.28,11.379,8.3,15.226
8480891,D,PP,FNFI,21,5,237.28,5.31,3.287,8.117
8480891,D,PP,TNFI,118,24,237.28,29.838,24.697,35.732
8480891,D,PK,CNFI,2,0,44.0,2.727,0.33,9.852
8480891,D,PK,MNFI,4,0,44.0,5.455,1.486,13.966
8480891,D,PK,FNFI,0,0,44.0,0.0,0.0,5.03
8480891,D,PK,TNFI,6,0,44.0,8.182,3.003,17.808
8480950,D,ES,CNFI,1048,128,4931.87,12.75,11.989,13.546
8480950,D,ES,MNFI,901,57,4931.87,10.961,10.257,11.701
8480950,D,ES,FNFI,459,9,4931.87,5.584,5.085,6.119
8480950,D,ES,TNFI,2408,194,4931.87,29.295,28.137,30.489
8480950,D,PP,CNFI,356,28,665.92,32.076,28.83,35.587
8480950,D,PP,MNFI,292,15,665.92,26.31,23.378,29.507
8480950,D,PP,FNFI,177,4,665.92,15.948,13.685,18.478
8480950,D,PP,TNFI,825,47,665.92,74.334,69.347,79.584
8480950,D,PK,CNFI,1,0,110.28,0.544,0.014,3.031
8480950,D,PK,MNFI,1,0,110.28,0.544,0.014,3.031
8480950,D,PK,FNFI,1,0,110.28,0.544,0.014,3.031
8480950,D,PK,TNFI,3,0,110.28,1.632,0.337,4.77
8480990,D,ES,CNFI,345,34,1736.27,11.922,10.697,13.249
8480990,D,ES,MNFI,274,14,1736.27,9.469,8.381,10.659
8480990,D,ES,FNFI,168,7,1736.27,5.806,4.961,6.753
8480990,D,ES,TNFI,787,55,1736.27,27.196,25.329,29.165
8480990,D,PP,CNFI,17,8,182.7,5.583,3.252,8.939
8480990,D,PP,MNFI,12,5,182.7,3.941,2.036,6.884
8480990,D,PP,FNFI,3,0,182.7,0.985,0.203,2.879
8480990,D,PP,TNFI,32,13,182.7,10.509,7.188,14.836
8480990,D,PK,CNFI,3,2,39.77,4.526,0.933,13.228
8480990,D,PK,MNFI,6,2,39.77,9.053,3.322,19.704
8480990,D,PK,FNFI,0,0,39.77,0.0,0.0,5.566
8480990,D,PK,TNFI,9,4,39.77,13.579,6.209,25.778
8481006,D,ES,CNFI,395,41,2017.97,11.744,10.615,12.962
8481006,D,ES,MNFI,329,22,2017.97,9.782,8.754,10.898
8481006,D,ES,FNFI,164,5,2017.97,4.876,4.158,5.682
8481006,D,ES,TNFI,888,68,2017.97,26.403,24.695,28.198
8481006,D,PP,CNFI,54,12,143.98,22.503,16.905,29.361
8481006,D,PP,MNFI,39,6,143.98,16.252,11.557,22.217
8481006,D,PP,FNFI,28,4,143.98,11.668,7.753,16.864
8481006,D,PP,TNFI,121,22,143.98,50.423,41.839,60.248
8481006,D,PK,CNFI,0,0,32.72,0.0,0.0,6.765
8481006,D,PK,MNFI,1,1,32.72,1.834,0.046,10.218
8481006,D,PK,FNFI,0,0,32.72,0.0,0.0,6.765
8481006,D,PK,TNFI,1,1,32.72,1.834,0.046,10.218
8481014,D,ES,CNFI,1333,87,5581.73,14.329,13.57,15.119
8481014,D,ES,MNFI,1145,62,5581.73,12.308,11.605,13.042
8481014,D,ES,FNFI,580,16,5581.73,6.235,5.737,6.763
8481014,D,ES,TNFI,3058,165,5581.73,32.872,31.717,34.058
8481014,D,PP,CNFI,299,20,639.9,28.036,24.948,31.4
8481014,D,PP,MNFI,285,15,639.9,26.723,23.71,30.012
8481014,D,PP,FNFI,143,7,639.9,13.408,11.301,15.795
8481014,D,PP,TNFI,727,42,639.9,68.167,63.301,73.307
8481014,D,PK,CNFI,2,1,134.67,0.891,0.108,3.219
8481014,D,PK,MNFI,1,0,134.67,0.446,0.011,2.482
8481014,D,PK,FNFI,0,0,134.67,0.0,0.0,1.644
8481014,D,PK,TNFI,3,1,134.67,1.337,0.276,3.906
8481030,D,ES,CNFI,153,14,722.07,12.714,10.779,14.895
8481030,D,ES,MNFI,127,8,722.07,10.553,8.798,12.556
8481030,D,ES,FNFI,80,1,722.07,6.648,5.271,8.273
8481030,D,ES,TNFI,360,23,722.07,29.914,26.903,33.17
8481030,D,PP,CNFI,44,1,83.6,31.579,22.945,42.393
8481030,D,PP,MNFI,34,0,83.6,24.402,16.899,34.099
8481030,D,PP,FNFI,25,2,83.6,17.943,11.611,26.487
8481030,D,PP,TNFI,103,3,83.6,73.923,60.339,89.654
8481030,D,PK,CNFI,0,0,17.38,0.0,0.0,12.732
8481030,D,PK,MNFI,0,0,17.38,0.0,0.0,12.732
8481030,D,PK,FNFI,0,0,17.38,0.0,0.0,12.732
8481030,D,PK,TNFI,0,0,17.38,0.0,0.0,12.732
8481056,D,ES,CNFI,356,30,1608.85,13.277,11.933,14.73
8481056,D,ES,MNFI,299,20,1608.85,11.151,9.923,12.489
8481056,D,ES,FNFI,114,8,1608.85,4.251,3.507,5.107
8481056,D,ES,TNFI,769,58,1608.85,28.679,26.687,30.78
8481056,D,PP,CNFI,83,10,180.48,27.593,21.977,34.205
8481056,D,PP,MNFI,53,3,180.48,17.619,13.198,23.047
8481056,D,PP,FNFI,21,2,180.48,6.981,4.322,10.672
8481056,D,PP,TNFI,157,15,180.48,52.193,44.348,61.026
8481056,D,PK,CNFI,0,0,39.07,0.0,0.0,5.666
8481056,D,PK,MNFI,0,0,39.07,0.0,0.0,5.666
8481056,D,PK,FNFI,0,0,39.07,0.0,0.0,5.666
8481056,D,PK,TNFI,0,0,39.07,0.0,0.0,5.666
8481059,D,ES,CNFI,296,28,1417.58,12.528,11.142,14.04
8481059,D,ES,MNFI,218,13,1417.58,9.227,8.043,10.537
8481059,D,ES,FNFI,115,4,1417.58,4.867,4.019,5.843
8481059,D,ES,TNFI,629,45,1417.58,26.623,24.583,28.787
8481059,D,PP,CNFI,12,12,196.03,3.673,1.898,6.416
8481059,D,PP,MNFI,6,5,196.03,1.836,0.674,3.997
8481059,D,PP,FNFI,3,3,196.03,0.918,0.189,2.683
8481059,D,PP,TNFI,21,20,196.03,6.427,3.979,9.825
8481059,D,PK,CNFI,12,5,39.75,18.113,9.359,31.64
8481059,D,PK,MNFI,9,1,39.75,13.585,6.212,25.788
8481059,D,PK,FNFI,2,0,39.75,3.019,0.366,10.905
8481059,D,PK,TNFI,23,6,39.75,34.717,22.008,52.093
8481072,D,ES,CNFI,230,31,916.12,15.064,13.18,17.141
8481072,D,ES,MNFI,207,13,916.12,13.557,11.773,15.535
8481072,D,ES,FNFI,87,1,916.12,5.698,4.564,7.028
8481072,D,ES,TNFI,524,45,916.12,34.319,31.443,37.387
8481072,D,PP,CNFI,18,5,58.07,18.599,11.023,29.395
8481072,D,PP,MNFI,5,1,58.07,5.166,1.678,12.057
8481072,D,PP,FNFI,2,2,58.07,2.067,0.25,7.465
8481072,D,PP,TNFI,25,8,58.07,25.832,16.717,38.134
8481072,D,PK,CNFI,1,0,13.85,4.332,0.11,24.137
8481072,D,PK,MNFI,0,0,13.85,0.0,0.0,15.981
8481072,D,PK,FNFI,1,0,13.85,4.332,0.11,24.137
8481072,D,PK,TNFI,2,0,13.85,8.664,1.049,31.298
8481122,D,ES,CNFI,1221,111,5047.07,14.515,13.713,15.353
8481122,D,ES,MNFI,991,60,5047.07,11.781,11.059,12.538
8481122,D,ES,FNFI,554,20,5047.07,6.586,6.049,7.158
8481122,D,ES,TNFI,2766,191,5047.07,32.882,31.668,34.131
8481122,D,PP,CNFI,306,18,633.77,28.97,25.814,32.404
8481122,D,PP,MNFI,261,10,633.77,24.709,21.802,27.896
8481122,D,PP,FNFI,130,4,633.77,12.307,10.283,14.614
8481122,D,PP,TNFI,697,32,633.77,65.986,61.178,71.072
8481122,D,PK,CNFI,1,1,111.65,0.537,0.014,2.994
8481122,D,PK,MNFI,1,1,111.65,0.537,0.014,2.994
8481122,D,PK,FNFI,0,0,111.65,0.0,0.0,1.982
8481122,D,PK,TNFI,2,2,111.65,1.075,0.13,3.883
8481161,D,ES,CNFI,402,34,1713.05,14.08,12.737,15.526
8481161,D,ES,MNFI,324,21,1713.05,11.348,10.146,12.654
8481161,D,ES,FNFI,207,4,1713.05,7.25,6.296,8.308
8481161,D,ES,TNFI,933,59,1713.05,32.679,30.615,34.845
8481161,D,PP,CNFI,36,14,87.3,24.742,17.329,34.254
8481161,D,PP,MNFI,14,4,87.3,9.622,5.26,16.144
8481161,D,PP,FNFI,4,1,87.3,2.749,0.749,7.039
8481161,D,PP,TNFI,54,19,87.3,37.113,27.881,48.425
8481161,D,PK,CNFI,1,1,20.37,2.946,0.075,16.414
8481161,D,PK,MNFI,1,0,20.37,2.946,0.075,16.414
8481161,D,PK,FNFI,1,0,20.37,2.946,0.075,16.414
8481161,D,PK,TNFI,3,1,20.37,8.838,1.823,25.828
8481167,D,ES,CNFI,424,38,2205.65,11.534,10.462,12.686
8481167,D,ES,MNFI,406,21,2205.65,11.044,9.996,12.173
8481167,D,ES,FNFI,207,8,2205.65,5.631,4.89,6.453
8481167,D,ES,TNFI,1037,67,2205.65,28.209,26.518,29.98
8481167,D,PP,CNFI,65,7,218.4,17.857,13.782,22.76
8481167,D,PP,MNFI,81,9,218.4,22.253,17.672,27.658
8481167,D,PP,FNFI,29,4,218.4,7.967,5.336,11.442
8481167,D,PP,TNFI,175,20,218.4,48.077,41.218,55.752
8481167,D,PK,CNFI,0,0,46.73,0.0,0.0,4.736
8481167,D,PK,MNFI,1,1,46.73,1.284,0.033,7.153
8481167,D,PK,FNFI,0,0,46.73,0.0,0.0,4.736
8481167,D,PK,TNFI,1,1,46.73,1.284,0.033,7.153
8481178,D,ES,CNFI,529,44,2516.47,12.613,11.561,13.735
8481178,D,ES,MNFI,440,32,2516.47,10.491,9.533,11.518
8481178,D,ES,FNFI,239,5,2516.47,5.698,4.999,6.469
8481178,D,ES,TNFI,1208,81,2516.47,28.802,27.201,30.473
8481178,D,PP,CNFI,44,15,236.58,11.159,8.108,14.98
8481178,D,PP,MNFI,27,7,236.58,6.847,4.513,9.963
8481178,D,PP,FNFI,15,3,236.58,3.804,2.129,6.274
8481178,D,PP,TNFI,86,25,236.58,21.81,17.446,26.936
8481178,D,PK,CNFI,4,1,53.03,4.525,1.233,11.587
8481178,D,PK,MNFI,4,0,53.03,4.525,1.233,11.587
8481178,D,PK,FNFI,3,0,53.03,3.394,0.7,9.919
8481178,D,PK,TNFI,11,1,53.03,12.445,6.213,22.268
8481219,D,ES,CNFI,224,18,919.28,14.62,12.768,16.665
8481219,D,ES,MNFI,149,11,919.28,9.725,8.226,11.418
8481219,D,ES,FNFI,108,6,919.28,7.049,5.782,8.511
8481219,D,ES,TNFI,481,35,919.28,31.394,28.651,34.329
8481219,D,PP,CNFI,37,4,73.18,30.335,21.358,41.812
8481219,D,PP,MNFI,28,0,73.18,22.956,15.254,33.178
8481219,D,PP,FNFI,12,0,73.18,9.838,5.084,17.186
8481219,D,PP,TNFI,77,4,73.18,63.129,49.821,78.901
8481219,D,PK,CNFI,0,0,18.07,0.0,0.0,12.251
8481219,D,PK,MNFI,0,0,18.07,0.0,0.0,12.251
8481219,D,PK,FNFI,0,0,18.07,0.0,0.0,12.251
8481219,D,PK,TNFI,0,0,18.07,0.0,0.0,12.251
8481461,D,ES,CNFI,131,12,491.67,15.986,13.366,18.97
8481461,D,ES,MNFI,120,17,491.67,14.644,12.141,17.511
8481461,D,ES,FNFI,48,2,491.67,5.858,4.319,7.766
8481461,D,ES,TNFI,299,31,491.67,36.488,32.469,40.867
8481461,D,PP,CNFI,15,8,46.15,19.502,10.915,32.165
8481461,D,PP,MNFI,14,3,46.15,18.202,9.951,30.539
8481461,D,PP,FNFI,4,1,46.15,5.2,1.417,13.315
8481461,D,PP,TNFI,33,12,46.15,42.904,29.533,60.253
8481461,D,PK,CNFI,1,1,9.3,6.452,0.163,35.946
8481461,D,PK,MNFI,0,0,9.3,0.0,0.0,23.799
8481461,D,PK,FNFI,0,0,9.3,0.0,0.0,23.799
8481461,D,PK,TNFI,1,1,9.3,6.452,0.163,35.946
8481524,D,ES,CNFI,1189,90,5445.78,13.1,12.366,13.866
8481524,D,ES,MNFI,948,59,5445.78,10.445,9.79,11.131
8481524,D,ES,FNFI,533,12,5445.78,5.872,5.384,6.393
8481524,D,ES,TNFI,2670,161,5445.78,29.417,28.312,30.555
8481524,D,PP,CNFI,197,28,832.2,14.203,12.289,16.331
8481524,D,PP,MNFI,147,15,832.2,10.598,8.954,12.457
8481524,D,PP,FNFI,95,6,832.2,6.849,5.542,8.373
8481524,D,PP,TNFI,439,49,832.2,31.651,28.759,34.755
8481524,D,PK,CNFI,20,10,169.9,7.063,4.314,10.908
8481524,D,PK,MNFI,16,2,169.9,5.65,3.23,9.176
8481524,D,PK,FNFI,5,0,169.9,1.766,0.573,4.121
8481524,D,PK,TNFI,41,12,169.9,14.479,10.39,19.643
8481525,D,ES,CNFI,201,20,1117.25,10.794,9.354,12.394
8481525,D,ES,MNFI,219,9,1117.25,11.761,10.255,13.426
8481525,D,ES,FNFI,102,5,1117.25,5.478,4.466,6.65
8481525,D,ES,TNFI,522,34,1117.25,28.033,25.68,30.544
8481525,D,PP,CNFI,51,5,121.0,25.289,18.83,33.251
8481525,D,PP,MNFI,56,5,121.0,27.769,20.976,36.06
8481525,D,PP,FNFI,29,3,121.0,14.38,9.631,20.652
8481525,D,PP,TNFI,136,13,121.0,67.438,56.581,79.772
8481525,D,PK,CNFI,0,0,21.43,0.0,0.0,10.327
8481525,D,PK,MNFI,1,0,21.43,2.799,0.071,15.597
8481525,D,PK,FNFI,0,0,21.43,0.0,0.0,10.327
8481525,D,PK,TNFI,1,0,21.43,2.799,0.071,15.597
8481527,D,ES,CNFI,442,38,2241.6,11.831,10.753,12.987
8481527,D,ES,MNFI,331,26,2241.6,8.86,7.931,9.867
8481527,D,ES,FNFI,217,9,2241.6,5.808,5.061,6.635
8481527,D,ES,TNFI,990,73,2241.6,26.499,24.874,28.202
8481527,D,PP,CNFI,19,6,135.48,8.414,5.066,13.14
8481527,D,PP,MNFI,22,9,135.48,9.743,6.106,14.751
8481527,D,PP,FNFI,9,2,135.48,3.986,1.823,7.566
8481527,D,PP,TNFI,50,17,135.48,22.143,16.435,29.193
8481527,D,PK,CNFI,2,0,22.55,5.322,0.644,19.223
8481527,D,PK,MNFI,1,1,22.55,2.661,0.067,14.825
8481527,D,PK,FNFI,0,0,22.55,0.0,0.0,9.815
8481527,D,PK,TNFI,3,1,22.55,7.982,1.646,23.328
8481537,D,ES,CNFI,215,15,928.07,13.9,12.104,15.887
8481537,D,ES,MNFI,205,17,928.07,13.253,11.501,15.197
8481537,D,ES,FNFI,110,3,928.07,7.112,5.845,8.571
8481537,D,ES,TNFI,530,35,928.07,34.265,31.409,37.31
8481537,D,PP,CNFI,23,8,73.02,18.9,11.981,28.359
8481537,D,PP,MNFI,20,4,73.02,16.435,10.039,25.382
8481537,D,PP,FNFI,9,1,73.02,7.396,3.382,14.039
8481537,D,PP,TNFI,52,13,73.02,42.73,31.913,56.035
8481537,D,PK,CNFI,0,0,12.38,0.0,0.0,17.873
8481537,D,PK,MNFI,1,0,12.38,4.845,0.123,26.996
8481537,D,PK,FNFI,1,0,12.38,4.845,0.123,26.996
8481537,D,PK,TNFI,2,0,12.38,9.69,1.174,35.005
8481541,D,ES,CNFI,144,10,635.42,13.597,11.467,16.008
8481541,D,ES,MNFI,143,8,635.42,13.503,11.381,15.906
8481541,D,ES,FNFI,68,1,635.42,6.421,4.986,8.14
8481541,D,ES,TNFI,355,19,635.42,33.521,30.125,37.196
8481541,D,PP,CNFI,5,5,47.87,6.267,2.035,14.626
8481541,D,PP,MNFI,4,2,47.87,5.014,1.366,12.838
8481541,D,PP,FNFI,2,2,47.87,2.507,0.304,9.056
8481541,D,PP,TNFI,11,9,47.87,13.788,6.883,24.671
8481541,D,PK,CNFI,4,1,10.4,23.077,6.288,59.086
8481541,D,PK,MNFI,0,0,10.4,0.0,0.0,21.282
8481541,D,PK,FNFI,2,0,10.4,11.538,1.397,41.681
8481541,D,PK,TNFI,6,1,10.4,34.615,12.703,75.343
8481542,D,ES,CNFI,1612,140,7758.9,12.466,11.865,13.089
8481542,D,ES,MNFI,1369,66,7758.9,10.587,10.033,11.163
8481542,D,ES,FNFI,750,25,7758.9,5.8,5.392,6.23
8481542,D,ES,TNFI,3731,231,7758.9,28.852,27.934,29.793
8481542,D,PP,CNFI,433,17,1421.47,18.277,16.596,20.082
8481542,D,PP,MNFI,346,16,1421.47,14.605,13.106,16.228
8481542,D,PP,FNFI,176,5,1421.47,7.429,6.372,8.611
8481542,D,PP,TNFI,955,38,1421.47,40.31,37.794,42.95
8481542,D,PK,CNFI,40,10,253.0,9.486,6.777,12.917
8481542,D,PK,MNFI,52,5,253.0,12.332,9.21,16.172
8481542,D,PK,FNFI,14,0,253.0,3.32,1.815,5.571
8481542,D,PK,TNFI,106,15,253.0,25.138,20.581,30.404
8481546,D,ES,CNFI,981,79,5368.57,10.964,10.288,11.672
8481546,D,ES,MNFI,964,49,5368.57,10.774,10.104,11.476
8481546,D,ES,FNFI,469,19,5368.57,5.242,4.778,5.738
8481546,D,ES,TNFI,2414,147,5368.57,26.979,25.914,28.077
8481546,D,PP,CNFI,246,21,777.67,18.98,16.682,21.506
8481546,D,PP,MNFI,239,6,777.67,18.44,16.176,20.932
8481546,D,PP,FNFI,136,5,777.67,10.493,8.804,12.412
8481546,D,PP,TNFI,621,32,777.67,47.913,44.218,51.834
8481546,D,PK,CNFI,13,1,176.73,4.413,2.35,7.547
8481546,D,PK,MNFI,25,4,176.73,8.487,5.493,12.529
8481546,D,PK,FNFI,6,0,176.73,2.037,0.748,4.434
8481546,D,PK,TNFI,44,5,176.73,14.938,10.854,20.053
8481563,D,ES,CNFI,426,30,1688.85,15.135,13.731,16.642
8481563,D,ES,MNFI,313,21,1688.85,11.12,9.922,12.423
8481563,D,ES,FNFI,194,6,1688.85,6.892,5.956,7.933
8481563,D,ES,TNFI,933,57,1688.85,33.147,31.054,35.344
8481563,D,PP,CNFI,50,12,170.08,17.638,13.092,23.254
8481563,D,PP,MNFI,51,9,170.08,17.991,13.396,23.655
8481563,D,PP,FNFI,33,4,170.08,11.641,8.013,16.349
8481563,D,PP,TNFI,134,25,170.08,47.271,39.606,55.986
8481563,D,PK,CNFI,0,0,29.33,0.0,0.0,7.545
8481563,D,PK,MNFI,0,0,29.33,0.0,0.0,7.545
8481563,D,PK,FNFI,0,0,29.33,0.0,0.0,7.545
8481563,D,PK,TNFI,0,0,29.33,0.0,0.0,7.545
8481564,D,ES,CNFI,122,12,604.38,12.112,10.058,14.461
8481564,D,ES,MNFI,102,3,604.38,10.126,8.257,12.292
8481564,D,ES,FNFI,48,1,604.38,4.765,3.513,6.318
8481564,D,ES,TNFI,272,16,604.38,27.003,23.889,30.41
8481564,D,PP,CNFI,8,6,33.15,14.48,6.251,28.531
8481564,D,PP,MNFI,3,0,33.15,5.43,1.12,15.868
8481564,D,PP,FNFI,1,1,33.15,1.81,0.046,10.084
8481564,D,PP,TNFI,12,7,33.15,21.719,11.223,37.94
8481564,D,PK,CNFI,0,0,0.97,0.0,0.0,228.965
8481564,D,PK,MNFI,0,0,0.97,0.0,0.0,228.965
8481564,D,PK,FNFI,0,0,0.97,0.0,0.0,228.965
8481564,D,PK,TNFI,0,0,0.97,0.0,0.0,228.965
8481567,D,ES,CNFI,491,47,1915.92,15.376,14.046,16.799
8481567,D,ES,MNFI,369,26,1915.92,11.556,10.407,12.797
8481567,D,ES,FNFI,211,4,1915.92,6.608,5.746,7.562
8481567,D,ES,TNFI,1071,77,1915.92,33.54,31.561,35.611
8481567,D,PP,CNFI,72,10,231.4,18.669,14.607,23.51
8481567,D,PP,MNFI,69,6,231.4,17.891,13.92,22.642
8481567,D,PP,FNFI,33,1,231.4,8.557,5.89,12.017
8481567,D,PP,TNFI,174,17,231.4,45.117,38.662,52.341
8481567,D,PK,CNFI,4,2,32.68,7.343,2.001,18.801
8481567,D,PK,MNFI,2,1,32.68,3.672,0.445,13.263
8481567,D,PK,FNFI,0,0,32.68,0.0,0.0,6.772
8481567,D,PK,TNFI,6,3,32.68,11.015,4.042,23.975
8481568,D,ES,CNFI,1013,103,4696.13,12.943,12.158,13.765
8481568,D,ES,MNFI,893,58,4696.13,11.409,10.673,12.183
8481568,D,ES,FNFI,420,16,4696.13,5.366,4.865,5.905
8481568,D,ES,TNFI,2326,177,4696.13,29.718,28.522,30.951
8481568,D,PP,CNFI,277,7,594.5,27.956,24.761,31.45
8481568,D,PP,MNFI,194,4,594.5,19.579,16.921,22.537
8481568,D,PP,FNFI,126,1,594.5,12.717,10.593,15.141
8481568,D,PP,TNFI,597,12,594.5,60.252,55.515,65.285
8481568,D,PK,CNFI,6,1,109.53,3.287,1.206,7.154
8481568,D,PK,MNFI,10,4,109.53,5.478,2.627,10.074
8481568,D,PK,FNFI,1,0,109.53,0.548,0.014,3.052
8481568,D,PK,TNFI,17,5,109.53,9.312,5.425,14.91
8481572,D,ES,CNFI,104,6,549.47,11.356,9.279,13.76
8481572,D,ES,MNFI,112,8,549.47,12.23,10.07,14.716
8481572,D,ES,FNFI,59,2,549.47,6.443,4.904,8.31
8481572,D,ES,TNFI,275,16,549.47,30.029,26.584,33.796
8481572,D,PP,CNFI,1,1,35.6,1.685,0.043,9.39
8481572,D,PP,MNFI,2,2,35.6,3.371,0.408,12.176
8481572,D,PP,FNFI,0,0,35.6,0.0,0.0,6.217
8481572,D,PP,TNFI,3,3,35.6,5.056,1.043,14.776
8481572,D,PK,CNFI,7,1,10.42,40.32,16.211,83.075
8481572,D,PK,MNFI,3,0,10.42,17.28,3.564,50.499
8481572,D,PK,FNFI,0,0,10.42,0.0,0.0,21.248
8481572,D,PK,TNFI,10,1,10.42,57.6,27.621,105.928
8481581,D,ES,CNFI,917,74,4688.77,11.734,10.987,12.519
8481581,D,ES,MNFI,762,32,4688.77,9.751,9.071,10.469
8481581,D,ES,FNFI,474,6,4688.77,6.066,5.532,6.637
8481581,D,ES,TNFI,2153,112,4688.77,27.551,26.399,28.74
8481581,D,PP,CNFI,106,18,684.68,9.289,7.605,11.235
8481581,D,PP,MNFI,93,13,684.68,8.15,6.578,9.984
8481581,D,PP,FNFI,70,3,684.68,6.134,4.782,7.75
8481581,D,PP,TNFI,269,34,684.68,23.573,20.84,26.565
8481581,D,PK,CNFI,13,4,127.88,6.099,3.248,10.43
8481581,D,PK,MNFI,20,4,127.88,9.384,5.732,14.492
8481581,D,PK,FNFI,6,0,127.88,2.815,1.033,6.127
8481581,D,PK,TNFI,39,8,127.88,18.298,13.012,25.014
8481593,D,ES,CNFI,524,39,2309.3,13.615,12.474,14.832
8481593,D,ES,MNFI,380,24,2309.3,9.873,8.905,10.917
8481593,D,ES,FNFI,234,9,2309.3,6.08,5.326,6.911
8481593,D,ES,TNFI,1138,72,2309.3,29.567,27.874,31.336
8481593,D,PP,CNFI,37,13,152.4,14.567,10.256,20.079
8481593,D,PP,MNFI,27,8,152.4,10.63,7.005,15.466
8481593,D,PP,FNFI,6,3,152.4,2.362,0.867,5.142
8481593,D,PP,TNFI,70,24,152.4,27.559,21.484,34.819
8481593,D,PK,CNFI,2,0,23.12,5.191,0.629,18.752
8481593,D,PK,MNFI,0,0,23.12,0.0,0.0,9.575
8481593,D,PK,FNFI,1,0,23.12,2.596,0.066,14.461
8481593,D,PK,TNFI,3,0,23.12,7.787,1.606,22.756
8481598,D,ES,CNFI,719,81,3635.4,11.867,11.015,12.767
8481598,D,ES,MNFI,560,23,3635.4,9.242,8.493,10.041
8481598,D,ES,FNFI,354,4,3635.4,5.843,5.25,6.484
8481598,D,ES,TNFI,1633,108,3635.4,26.952,25.66,28.291
8481598,D,PP,CNFI,119,16,459.97,15.523,12.859,18.575
8481598,D,PP,MNFI,132,6,459.97,17.219,14.407,20.419
8481598,D,PP,FNFI,88,3,459.97,11.479,9.207,14.143
8481598,D,PP,TNFI,339,25,459.97,44.221,39.638,49.188
8481598,D,PK,CNFI,8,0,96.87,4.955,2.139,9.764
8481598,D,PK,MNFI,3,0,96.87,1.858,0.383,5.431
8481598,D,PK,FNFI,0,0,96.87,0.0,0.0,2.285
8481598,D,PK,TNFI,11,0,96.87,6.813,3.401,12.191
8481599,D,ES,CNFI,191,16,776.97,14.75,12.732,16.996
8481599,D,ES,MNFI,160,14,776.97,12.356,10.515,14.426
8481599,D,ES,FNFI,85,2,776.97,6.564,5.243,8.116
8481599,D,ES,TNFI,436,32,776.97,33.669,30.583,36.983
8481599,D,PP,CNFI,14,10,95.33,8.811,4.817,14.784
8481599,D,PP,MNFI,12,8,95.33,7.552,3.902,13.193
8481599,D,PP,FNFI,5,4,95.33,3.147,1.022,7.344
8481599,D,PP,TNFI,31,22,95.33,19.51,13.256,27.694
8481599,D,PK,CNFI,0,0,18.03,0.0,0.0,12.274
8481599,D,PK,MNFI,2,0,18.03,6.654,0.806,24.038
8481599,D,PK,FNFI,2,2,18.03,6.654,0.806,24.038
8481599,D,PK,TNFI,4,2,18.03,13.309,3.626,34.076
8481600,D,ES,CNFI,366,28,1610.28,13.637,12.276,15.109
8481600,D,ES,MNFI,281,17,1610.28,10.47,9.282,11.769
8481600,D,ES,FNFI,141,4,1610.28,5.254,4.422,6.196
8481600,D,ES,TNFI,788,49,1610.28,29.361,27.347,31.485
8481600,D,PP,CNFI,45,11,144.77,18.651,13.604,24.956
8481600,D,PP,MNFI,32,3,144.77,13.263,9.072,18.723
8481600,D,PP,FNFI,16,2,144.77,6.631,3.79,10.769
8481600,D,PP,TNFI,93,16,144.77,38.545,31.111,47.22
8481600,D,PK,CNFI,0,0,36.88,0.0,0.0,6.001
8481600,D,PK,MNFI,1,1,36.88,1.627,0.041,9.064
8481600,D,PK,FNFI,0,0,36.88,0.0,0.0,6.001
8481600,D,PK,TNFI,1,1,36.88,1.627,0.041,9.064
8481605,D,ES,CNFI,881,71,3961.83,13.342,12.476,14.253
8481605,D,ES,MNFI,640,33,3961.83,9.692,8.956,10.473
8481605,D,ES,FNFI,383,8,3961.83,5.8,5.234,6.411
8481605,D,ES,TNFI,1904,112,3961.83,28.835,27.554,30.16
8481605,D,PP,CNFI,222,24,724.82,18.377,16.039,20.96
8481605,D,PP,MNFI,184,12,724.82,15.231,13.11,17.598
8481605,D,PP,FNFI,137,4,724.82,11.341,9.521,13.407
8481605,D,PP,TNFI,543,40,724.82,44.949,41.248,48.894
8481605,D,PK,CNFI,15,1,130.88,6.876,3.849,11.341
8481605,D,PK,MNFI,16,3,130.88,7.335,4.192,11.911
8481605,D,PK,FNFI,7,0,130.88,3.209,1.29,6.612
8481605,D,PK,TNFI,38,4,130.88,17.42,12.327,23.91
8481606,D,ES,CNFI,700,67,3631.33,11.566,10.725,12.455
8481606,D,ES,MNFI,502,32,3631.33,8.294,7.585,9.053
8481606,D,ES,FNFI,284,11,3631.33,4.692,4.163,5.271
8481606,D,ES,TNFI,1486,110,3631.33,24.553,23.32,25.834
8481606,D,PP,CNFI,33,17,439.9,4.501,3.098,6.321
8481606,D,PP,MNFI,26,7,439.9,3.546,2.317,5.196
8481606,D,PP,FNFI,15,5,439.9,2.046,1.145,3.374
8481606,D,PP,TNFI,74,29,439.9,10.093,7.925,12.671
8481606,D,PK,CNFI,15,7,79.88,11.266,6.306,18.582
8481606,D,PK,MNFI,14,2,79.88,10.515,5.749,17.643
8481606,D,PK,FNFI,6,1,79.88,4.507,1.654,9.809
8481606,D,PK,TNFI,35,10,79.88,26.288,18.311,36.561
8481607,D,ES,CNFI,465,28,1993.12,13.998,12.755,15.33
8481607,D,ES,MNFI,337,18,1993.12,10.145,9.091,11.288
8481607,D,ES,FNFI,229,7,1993.12,6.894,6.03,7.847
8481607,D,ES,TNFI,1031,53,1993.12,31.037,29.171,32.991
8481607,D,PP,CNFI,61,8,192.73,18.99,14.526,24.393
8481607,D,PP,MNFI,45,6,192.73,14.009,10.218,18.745
8481607,D,PP,FNFI,37,1,192.73,11.519,8.11,15.877
8481607,D,PP,TNFI,143,15,192.73,44.517,37.52,52.441
8481607,D,PK,CNFI,0,0,27.48,0.0,0.0,8.053
8481607,D,PK,MNFI,0,0,27.48,0.0,0.0,8.053
8481607,D,PK,FNFI,0,0,27.48,0.0,0.0,8.053
8481607,D,PK,TNFI,0,0,27.48,0.0,0.0,8.053
8481609,D,ES,CNFI,236,20,1120.65,12.636,11.075,14.355
8481609,D,ES,MNFI,232,16,1120.65,12.421,10.874,14.127
8481609,D,ES,FNFI,107,1,1120.65,5.729,4.695,6.923
8481609,D,ES,TNFI,575,37,1120.65,30.786,28.32,33.408
8481609,D,PP,CNFI,18,8,78.72,13.72,8.131,21.684
8481609,D,PP,MNFI,9,2,78.72,6.86,3.137,13.023
8481609,D,PP,FNFI,4,0,78.72,3.049,0.831,7.806
8481609,D,PP,TNFI,31,10,78.72,23.629,16.055,33.54
8481609,D,PK,CNFI,0,0,11.18,0.0,0.0,19.791
8481609,D,PK,MNFI,0,0,11.18,0.0,0.0,19.791
8481609,D,PK,FNFI,0,0,11.18,0.0,0.0,19.791
8481609,D,PK,TNFI,0,0,11.18,0.0,0.0,19.791
8481708,D,ES,CNFI,314,28,1461.0,12.895,11.508,14.403
8481708,D,ES,MNFI,253,17,1461.0,10.39,9.149,11.752
8481708,D,ES,FNFI,142,4,1461.0,5.832,4.912,6.874
8481708,D,ES,TNFI,709,49,1461.0,29.117,27.013,31.341
8481708,D,PP,CNFI,14,12,130.62,6.431,3.516,10.79
8481708,D,PP,MNFI,4,4,130.62,1.837,0.501,4.705
8481708,D,PP,FNFI,1,1,130.62,0.459,0.012,2.559
8481708,D,PP,TNFI,19,17,130.62,8.728,5.255,13.63
8481708,D,PK,CNFI,5,0,28.95,10.363,3.365,24.183
8481708,D,PK,MNFI,6,0,28.95,12.435,4.564,27.066
8481708,D,PK,FNFI,2,0,28.95,4.145,0.502,14.973
8481708,D,PK,TNFI,13,0,28.95,26.943,14.346,46.073
8481719,D,ES,CNFI,123,12,726.22,10.162,8.446,12.125
8481719,D,ES,MNFI,106,7,726.22,8.758,7.17,10.592
8481719,D,ES,FNFI,79,3,726.22,6.527,5.167,8.135
8481719,D,ES,TNFI,308,22,726.22,25.447,22.684,28.454
8481719,D,PP,CNFI,29,8,61.95,28.087,18.81,40.338
8481719,D,PP,MNFI,6,1,61.95,5.811,2.133,12.648
8481719,D,PP,FNFI,8,1,61.95,7.748,3.345,15.267
8481719,D,PP,TNFI,43,10,61.95,41.646,30.14,56.098
8481719,D,PK,CNFI,0,0,15.55,0.0,0.0,14.234
8481719,D,PK,MNFI,0,0,15.55,0.0,0.0,14.234
8481719,D,PK,FNFI,0,0,15.55,0.0,0.0,14.234
8481719,D,PK,TNFI,0,0,15.55,0.0,0.0,14.234
8481743,D,ES,CNFI,141,8,761.93,11.103,9.346,13.095
8481743,D,ES,MNFI,150,8,761.93,11.812,9.997,13.861
8481743,D,ES,FNFI,54,2,761.93,4.252,3.194,5.548
8481743,D,ES,TNFI,345,18,761.93,27.168,24.376,30.191
8481743,D,PP,CNFI,19,9,69.55,16.391,9.869,25.597
8481743,D,PP,MNFI,19,2,69.55,16.391,9.869,25.597
8481743,D,PP,FNFI,4,0,69.55,3.451,0.94,8.835
8481743,D,PP,TNFI,42,11,69.55,36.233,26.114,48.976
8481743,D,PK,CNFI,0,0,14.6,0.0,0.0,15.16
8481743,D,PK,MNFI,0,0,14.6,0.0,0.0,15.16
8481743,D,PK,FNFI,2,0,14.6,8.219,0.995,29.69
8481743,D,PK,TNFI,2,0,14.6,8.219,0.995,29.69
8481806,D,ES,CNFI,508,41,1958.4,15.564,14.24,16.978
8481806,D,ES,MNFI,375,27,1958.4,11.489,10.355,12.713
8481806,D,ES,FNFI,203,8,1958.4,6.219,5.393,7.136
8481806,D,ES,TNFI,1086,76,1958.4,33.272,31.322,35.311
8481806,D,PP,CNFI,115,9,225.73,30.567,25.236,36.691
8481806,D,PP,MNFI,68,3,225.73,18.074,14.035,22.914
8481806,D,PP,FNFI,37,0,225.73,9.835,6.924,13.556
8481806,D,PP,TNFI,220,12,225.73,58.476,51.004,66.735
8481806,D,PK,CNFI,0,0,40.97,0.0,0.0,5.403
8481806,D,PK,MNFI,1,1,40.97,1.465,0.037,8.16
8481806,D,PK,FNFI,1,0,40.97,1.465,0.037,8.16
8481806,D,PK,TNFI,2,1,40.97,2.929,0.355,10.581
8482067,D,ES,CNFI,103,11,478.5,12.915,10.542,15.664
8482067,D,ES,MNFI,112,12,478.5,14.044,11.564,16.898
8482067,D,ES,FNFI,60,4,478.5,7.524,5.741,9.684
8482067,D,ES,TNFI,275,27,478.5,34.483,30.527,38.809
8482067,D,PP,CNFI,19,3,58.48,19.493,11.736,30.44
8482067,D,PP,MNFI,24,7,58.48,24.622,15.776,36.636
8482067,D,PP,FNFI,9,0,58.48,9.233,4.222,17.528
8482067,D,PP,TNFI,52,10,58.48,53.349,39.843,69.96
8482067,D,PK,CNFI,1,0,9.22,6.51,0.165,36.271
8482067,D,PK,MNFI,0,0,9.22,0.0,0.0,24.014
8482067,D,PK,FNFI,0,0,9.22,0.0,0.0,24.014
8482067,D,PK,TNFI,1,0,9.22,6.51,0.165,36.271
8482073,D,ES,CNFI,1241,96,5502.03,13.533,12.791,14.308
8482073,D,ES,MNFI,1055,59,5502.03,11.505,10.821,12.221
8482073,D,ES,FNFI,564,12,5502.03,6.15,5.653,6.68
8482073,D,ES,TNFI,2860,167,5502.03,31.188,30.056,32.353
8482073,D,PP,CNFI,224,30,570.78,23.547,20.564,26.84
8482073,D,PP,MNFI,171,16,570.78,17.975,15.382,20.881
8482073,D,PP,FNFI,138,6,570.78,14.506,12.187,17.139
8482073,D,PP,TNFI,533,52,570.78,56.028,51.372,60.993
8482073,D,PK,CNFI,3,2,137.93,1.305,0.269,3.814
8482073,D,PK,MNFI,4,0,137.93,1.74,0.474,4.455
8482073,D,PK,FNFI,1,0,137.93,0.435,0.011,2.424
8482073,D,PK,TNFI,8,2,137.93,3.48,1.502,6.857
8482087,D,ES,CNFI,836,67,3507.13,14.302,13.349,15.306
8482087,D,ES,MNFI,681,35,3507.13,11.651,10.792,12.559
8482087,D,ES,FNFI,405,5,3507.13,6.929,6.27,7.638
8482087,D,ES,TNFI,1922,107,3507.13,32.882,31.428,34.385
8482087,D,PP,CNFI,217,20,521.1,24.986,21.772,28.54
8482087,D,PP,MNFI,179,9,521.1,20.61,17.701,23.861
8482087,D,PP,FNFI,86,8,521.1,9.902,7.92,12.229
8482087,D,PP,TNFI,482,37,521.1,55.498,50.653,60.681
8482087,D,PK,CNFI,8,2,87.17,5.507,2.377,10.85
8482087,D,PK,MNFI,1,0,87.17,0.688,0.017,3.835
8482087,D,PK,FNFI,1,1,87.17,0.688,0.017,3.835
8482087,D,PK,TNFI,10,3,87.17,6.883,3.301,12.659
8482094,D,ES,CNFI,123,9,467.85,15.774,13.11,18.821
8482094,D,ES,MNFI,90,2,467.85,11.542,9.281,14.187
8482094,D,ES,FNFI,65,2,467.85,8.336,6.434,10.625
8482094,D,ES,TNFI,278,13,467.85,35.652,31.584,40.099
8482094,D,PP,CNFI,30,6,61.95,29.056,19.604,41.479
8482094,D,PP,MNFI,14,1,61.95,13.559,7.413,22.75
8482094,D,PP,FNFI,8,2,61.95,7.748,3.345,15.267
8482094,D,PP,TNFI,52,9,61.95,50.363,37.614,66.045
8482094,D,PK,CNFI,0,0,10.9,0.0,0.0,20.306
8482094,D,PK,MNFI,0,0,10.9,0.0,0.0,20.306
8482094,D,PK,FNFI,0,0,10.9,0.0,0.0,20.306
8482094,D,PK,TNFI,0,0,10.9,0.0,0.0,20.306
8482095,D,ES,CNFI,418,45,2240.48,11.194,10.146,12.32
8482095,D,ES,MNFI,382,35,2240.48,10.23,9.23,11.309
8482095,D,ES,FNFI,219,10,2240.48,5.865,5.114,6.695
8482095,D,ES,TNFI,1019,90,2240.48,27.289,25.639,29.017
8482095,D,PP,CNFI,63,17,234.78,16.1,12.372,20.599
8482095,D,PP,MNFI,40,7,234.78,10.222,7.303,13.92
8482095,D,PP,FNFI,35,5,234.78,8.944,6.23,12.44
8482095,D,PP,TNFI,138,29,234.78,35.267,29.628,41.666
8482095,D,PK,CNFI,0,0,38.07,0.0,0.0,5.814
8482095,D,PK,MNFI,2,1,38.07,3.152,0.382,11.387
8482095,D,PK,FNFI,0,0,38.07,0.0,0.0,5.814
8482095,D,PK,TNFI,2,1,38.07,3.152,0.382,11.387
8482100,D,ES,CNFI,250,18,1218.03,12.315,10.836,13.94
8482100,D,ES,MNFI,183,9,1218.03,9.015,7.756,10.419
8482100,D,ES,FNFI,83,4,1218.03,4.089,3.257,5.068
8482100,D,ES,TNFI,516,31,1218.03,25.418,23.272,27.709
8482100,D,PP,CNFI,48,9,184.0,15.652,11.541,20.753
8482100,D,PP,MNFI,27,1,184.0,8.804,5.802,12.81
8482100,D,PP,FNFI,13,1,184.0,4.239,2.257,7.249
8482100,D,PP,TNFI,88,11,184.0,28.696,23.015,35.354
8482100,D,PK,CNFI,4,0,47.62,5.04,1.373,12.905
8482100,D,PK,MNFI,4,0,47.62,5.04,1.373,12.905
8482100,D,PK,FNFI,3,0,47.62,3.78,0.78,11.047
8482100,D,PK,TNFI,11,0,47.62,13.861,6.919,24.801
8482105,D,ES,CNFI,947,105,5454.72,10.417,9.764,11.102
8482105,D,ES,MNFI,866,50,5454.72,9.526,8.902,10.182
8482105,D,ES,FNFI,450,13,5454.72,4.95,4.503,5.429
8482105,D,ES,TNFI,2263,168,5454.72,24.892,23.877,25.939
8482105,D,PP,CNFI,370,14,1212.77,18.305,16.487,20.269
8482105,D,PP,MNFI,337,6,1212.77,16.673,14.94,18.551
8482105,D,PP,FNFI,179,4,1212.77,8.856,7.606,10.252
8482105,D,PP,TNFI,886,24,1212.77,43.834,40.995,46.818
8482105,D,PK,CNFI,25,4,208.3,7.201,4.66,10.63
8482105,D,PK,MNFI,32,2,208.3,9.217,6.305,13.012
8482105,D,PK,FNFI,9,0,208.3,2.592,1.185,4.921
8482105,D,PK,TNFI,66,6,208.3,19.011,14.703,24.187
8482111,D,ES,CNFI,677,72,2913.77,13.941,12.91,15.032
8482111,D,ES,MNFI,529,33,2913.77,10.893,9.985,11.862
8482111,D,ES,FNFI,277,6,2913.77,5.704,5.052,6.417
8482111,D,ES,TNFI,1483,111,2913.77,30.538,29.003,32.133
8482111,D,PP,CNFI,73,33,329.95,13.275,10.405,16.691
8482111,D,PP,MNFI,45,7,329.95,8.183,5.969,10.95
8482111,D,PP,FNFI,24,5,329.95,4.364,2.796,6.494
8482111,D,PP,TNFI,142,45,329.95,25.822,21.75,30.436
8482111,D,PK,CNFI,6,2,64.55,5.577,2.047,12.139
8482111,D,PK,MNFI,4,1,64.55,3.718,1.013,9.52
8482111,D,PK,FNFI,1,0,64.55,0.93,0.024,5.179
8482111,D,PK,TNFI,11,3,64.55,10.225,5.104,18.295
8482122,D,ES,CNFI,986,66,4836.62,12.232,11.48,13.02
8482122,D,ES,MNFI,792,44,4836.62,9.825,9.153,10.534
8482122,D,ES,FNFI,576,10,4836.62,7.145,6.574,7.754
8482122,D,ES,TNFI,2354,120,4836.62,29.202,28.034,30.406
8482122,D,PP,CNFI,256,22,840.88,18.267,16.097,20.647
8482122,D,PP,MNFI,240,13,840.88,17.125,15.027,19.434
8482122,D,PP,FNFI,191,6,840.88,13.629,11.764,15.704
8482122,D,PP,TNFI,687,41,840.88,49.02,45.422,52.827
8482122,D,PK,CNFI,14,2,135.87,6.183,3.38,10.373
8482122,D,PK,MNFI,22,1,135.87,9.715,6.089,14.709
8482122,D,PK,FNFI,4,0,135.87,1.766,0.481,4.523
8482122,D,PK,TNFI,40,3,135.87,17.664,12.62,24.054
8482126,D,ES,CNFI,301,26,1502.77,12.018,10.698,13.455
8482126,D,ES,MNFI,250,18,1502.77,9.982,8.783,11.299
8482126,D,ES,FNFI,134,4,1502.77,5.35,4.483,6.336
8482126,D,ES,TNFI,685,48,1502.77,27.35,25.34,29.477
8482126,D,PP,CNFI,19,7,128.97,8.839,5.322,13.804
8482126,D,PP,MNFI,12,7,128.97,5.583,2.885,9.752
8482126,D,PP,FNFI,7,2,128.97,3.257,1.309,6.71
8482126,D,PP,TNFI,38,16,128.97,17.679,12.511,24.266
8482126,D,PK,CNFI,3,0,26.38,6.822,1.407,19.938
8482126,D,PK,MNFI,3,0,26.38,6.822,1.407,19.938
8482126,D,PK,FNFI,0,0,26.38,0.0,0.0,8.389
8482126,D,PK,TNFI,6,0,26.38,13.645,5.007,29.699
8482131,D,ES,CNFI,137,14,590.12,13.929,11.695,16.467
8482131,D,ES,MNFI,93,10,590.12,9.456,7.632,11.584
8482131,D,ES,FNFI,51,2,590.12,5.185,3.861,6.818
8482131,D,ES,TNFI,281,26,590.12,28.571,25.327,32.114
8482131,D,PP,CNFI,21,8,51.17,24.625,15.244,37.643
8482131,D,PP,MNFI,12,3,51.17,14.072,7.271,24.58
8482131,D,PP,FNFI,5,1,51.17,5.863,1.904,13.683
8482131,D,PP,TNFI,38,12,51.17,44.56,31.533,61.162
8482131,D,PK,CNFI,0,0,12.23,0.0,0.0,18.093
8482131,D,PK,MNFI,0,0,12.23,0.0,0.0,18.093
8482131,D,PK,FNFI,0,0,12.23,0.0,0.0,18.093
8482131,D,PK,TNFI,0,0,12.23,0.0,0.0,18.093
8482142,D,ES,CNFI,958,92,4643.78,12.378,11.606,13.187
8482142,D,ES,MNFI,900,44,4643.78,11.628,10.881,12.414
8482142,D,ES,FNFI,460,15,4643.78,5.943,5.413,6.512
8482142,D,ES,TNFI,2318,151,4643.78,29.95,28.743,31.194
8482142,D,PP,CNFI,28,20,550.22,3.053,2.029,4.413
8482142,D,PP,MNFI,22,12,550.22,2.399,1.503,3.632
8482142,D,PP,FNFI,17,7,550.22,1.854,1.08,2.968
8482142,D,PP,TNFI,67,39,550.22,7.306,5.662,9.279
8482142,D,PK,CNFI,17,4,98.12,10.396,6.056,16.645
8482142,D,PK,MNFI,28,3,98.12,17.122,11.378,24.747
8482142,D,PK,FNFI,11,0,98.12,6.727,3.358,12.036
8482142,D,PK,TNFI,56,7,98.12,34.245,25.868,44.47
8482165,D,ES,CNFI,294,25,1010.68,17.454,15.515,19.567
8482165,D,ES,MNFI,199,9,1010.68,11.814,10.229,13.574
8482165,D,ES,FNFI,96,3,1010.68,5.699,4.616,6.96
8482165,D,ES,TNFI,589,37,1010.68,34.966,32.199,37.908
8482165,D,PP,CNFI,44,10,103.02,25.627,18.621,34.403
8482165,D,PP,MNFI,29,1,103.02,16.89,11.312,24.258
8482165,D,PP,FNFI,17,0,103.02,9.901,5.768,15.853
8482165,D,PP,TNFI,90,11,103.02,52.419,42.151,64.431
8482165,D,PK,CNFI,0,0,21.65,0.0,0.0,10.223
8482165,D,PK,MNFI,0,0,21.65,0.0,0.0,10.223
8482165,D,PK,FNFI,0,0,21.65,0.0,0.0,10.223
8482165,D,PK,TNFI,0,0,21.65,0.0,0.0,10.223
8482166,D,ES,CNFI,257,25,1271.13,12.131,10.693,13.708
8482166,D,ES,MNFI,251,13,1271.13,11.848,10.427,13.408
8482166,D,ES,FNFI,126,7,1271.13,5.947,4.954,7.081
8482166,D,ES,TNFI,634,45,1271.13,29.926,27.642,32.349
8482166,D,PP,CNFI,44,5,149.98,17.602,12.79,23.63
8482166,D,PP,MNFI,38,2,149.98,15.202,10.758,20.866
8482166,D,PP,FNFI,21,2,149.98,8.401,5.2,12.842
8482166,D,PP,TNFI,103,9,149.98,41.205,33.633,49.973
8482166,D,PK,CNFI,1,1,20.95,2.864,0.073,15.957
8482166,D,PK,MNFI,1,0,20.95,2.864,0.073,15.957
8482166,D,PK,FNFI,0,0,20.95,0.0,0.0,10.565
8482166,D,PK,TNFI,2,1,20.95,5.728,0.694,20.691
8482176,D,ES,CNFI,689,72,2780.92,14.866,13.776,16.018
8482176,D,ES,MNFI,467,38,2780.92,10.076,9.183,11.032
8482176,D,ES,FNFI,252,7,2780.92,5.437,4.786,6.151
8482176,D,ES,TNFI,1408,117,2780.92,30.378,28.812,32.008
8482176,D,PP,CNFI,153,11,321.85,28.523,24.182,33.417
8482176,D,PP,MNFI,79,6,321.85,14.727,11.66,18.355
8482176,D,PP,FNFI,44,4,321.85,8.203,5.96,11.012
8482176,D,PP,TNFI,276,21,321.85,51.453,45.561,57.895
8482176,D,PK,CNFI,0,0,65.13,0.0,0.0,3.398
8482176,D,PK,MNFI,1,1,65.13,0.921,0.023,5.133
8482176,D,PK,FNFI,0,0,65.13,0.0,0.0,3.398
8482176,D,PK,TNFI,1,1,65.13,0.921,0.023,5.133
8482178,D,ES,CNFI,174,17,839.45,12.437,10.657,14.428
8482178,D,ES,MNFI,167,16,839.45,11.936,10.195,13.89
8482178,D,ES,FNFI,84,3,839.45,6.004,4.789,7.433
8482178,D,ES,TNFI,425,36,839.45,30.377,27.557,33.407
8482178,D,PP,CNFI,21,6,70.33,17.915,11.089,27.385
8482178,D,PP,MNFI,10,0,70.33,8.531,4.091,15.688
8482178,D,PP,FNFI,10,1,70.33,8.531,4.091,15.688
8482178,D,PP,TNFI,41,7,70.33,34.976,25.1,47.449
8482178,D,PK,CNFI,0,0,7.42,0.0,0.0,29.843
8482178,D,PK,MNFI,1,1,7.42,8.09,0.205,45.074
8482178,D,PK,FNFI,0,0,7.42,0.0,0.0,29.843
8482178,D,PK,TNFI,1,1,7.42,8.09,0.205,45.074
8482192,D,ES,CNFI,217,26,822.13,15.837,13.8,18.09
8482192,D,ES,MNFI,169,8,822.13,12.334,10.544,14.34
8482192,D,ES,FNFI,74,1,822.13,5.401,4.241,6.78
8482192,D,ES,TNFI,460,35,822.13,33.571,30.573,36.784
8482192,D,PP,CNFI,28,0,76.18,22.052,14.653,31.871
8482192,D,PP,MNFI,12,1,76.18,9.451,4.883,16.509
8482192,D,PP,FNFI,11,0,76.18,8.663,4.325,15.501
8482192,D,PP,TNFI,51,1,76.18,40.166,29.906,52.811
8482192,D,PK,CNFI,0,0,18.25,0.0,0.0,12.128
8482192,D,PK,MNFI,0,0,18.25,0.0,0.0,12.128
8482192,D,PK,FNFI,0,0,18.25,0.0,0.0,12.128
8482192,D,PK,TNFI,0,0,18.25,0.0,0.0,12.128
8482245,D,ES,CNFI,1096,109,5989.7,10.979,10.338,11.649
8482245,D,ES,MNFI,1077,55,5989.7,10.789,10.154,11.453
8482245,D,ES,FNFI,503,14,5989.7,5.039,4.608,5.499
8482245,D,ES,TNFI,2676,178,5989.7,26.806,25.8,27.841
8482245,D,PP,CNFI,328,23,764.75,25.734,23.024,28.675
8482245,D,PP,MNFI,269,10,764.75,21.105,18.658,23.784
8482245,D,PP,FNFI,152,1,764.75,11.925,10.105,13.979
8482245,D,PP,TNFI,749,34,764.75,58.764,54.631,63.128
8482245,D,PK,CNFI,3,1,132.75,1.356,0.28,3.963
8482245,D,PK,MNFI,0,0,132.75,0.0,0.0,1.667
8482245,D,PK,FNFI,1,0,132.75,0.452,0.011,2.518
8482245,D,PK,TNFI,4,1,132.75,1.808,0.493,4.629
8482470,D,ES,CNFI,122,15,562.97,13.003,10.798,15.525
8482470,D,ES,MNFI,92,7,562.97,9.805,7.904,12.025
8482470,D,ES,FNFI,67,3,562.97,7.141,5.534,9.068
8482470,D,ES,TNFI,281,25,562.97,29.948,26.549,33.663
8482470,D,PP,CNFI,16,1,48.72,19.706,11.264,32.001
8482470,D,PP,MNFI,16,0,48.72,19.706,11.264,32.001
8482470,D,PP,FNFI,7,1,48.72,8.621,3.466,17.763
8482470,D,PP,TNFI,39,2,48.72,48.033,34.156,65.662
8482470,D,PK,CNFI,0,0,7.85,0.0,0.0,28.195
8482470,D,PK,MNFI,0,0,7.85,0.0,0.0,28.195
8482470,D,PK,FNFI,0,0,7.85,0.0,0.0,28.195
8482470,D,PK,TNFI,0,0,7.85,0.0,0.0,28.195
8482482,D,ES,CNFI,223,21,1214.35,11.018,9.619,12.563
8482482,D,ES,MNFI,217,17,1214.35,10.722,9.343,12.247
8482482,D,ES,FNFI,137,6,1214.35,6.769,5.683,8.002
8482482,D,ES,TNFI,577,44,1214.35,28.509,26.23,30.933
8482482,D,PP,CNFI,41,7,125.57,19.591,14.059,26.578
8482482,D,PP,MNFI,26,5,125.57,12.424,8.116,18.204
8482482,D,PP,FNFI,11,0,125.57,5.256,2.624,9.405
8482482,D,PP,TNFI,78,12,125.57,37.271,29.461,46.516
8482482,D,PK,CNFI,0,0,21.28,0.0,0.0,10.399
8482482,D,PK,MNFI,1,0,21.28,2.819,0.071,15.707
8482482,D,PK,FNFI,1,0,21.28,2.819,0.071,15.707
8482482,D,PK,TNFI,2,0,21.28,5.638,0.683,20.367
8482511,D,ES,CNFI,654,35,2851.42,13.762,12.727,14.858
8482511,D,ES,MNFI,532,29,2851.42,11.194,10.263,12.187
8482511,D,ES,FNFI,311,1,2851.42,6.544,5.837,7.313
8482511,D,ES,TNFI,1497,65,2851.42,31.5,29.924,33.137
8482511,D,PP,CNFI,50,29,337.43,8.891,6.599,11.721
8482511,D,PP,MNFI,31,16,337.43,5.512,3.745,7.824
8482511,D,PP,FNFI,9,1,337.43,1.6,0.732,3.038
8482511,D,PP,TNFI,90,46,337.43,16.003,12.868,19.671
8482511,D,PK,CNFI,15,5,79.45,11.328,6.34,18.684
8482511,D,PK,MNFI,18,3,79.45,13.593,8.056,21.484
8482511,D,PK,FNFI,1,0,79.45,0.755,0.019,4.208
8482511,D,PK,TNFI,34,8,79.45,25.677,17.782,35.88
8482516,D,ES,CNFI,288,23,1313.97,13.151,11.676,14.761
8482516,D,ES,MNFI,220,19,1313.97,10.046,8.762,11.465
8482516,D,ES,FNFI,102,2,1313.97,4.658,3.798,5.654
8482516,D,ES,TNFI,610,44,1313.97,27.855,25.688,30.155
8482516,D,PP,CNFI,35,10,87.17,24.092,16.781,33.506
8482516,D,PP,MNFI,16,4,87.17,11.013,6.295,17.885
8482516,D,PP,FNFI,9,1,87.17,6.195,2.833,11.76
8482516,D,PP,TNFI,60,15,87.17,41.3,31.516,53.162
8482516,D,PK,CNFI,0,0,14.58,0.0,0.0,15.177
8482516,D,PK,MNFI,0,0,14.58,0.0,0.0,15.177
8482516,D,PK,FNFI,0,0,14.58,0.0,0.0,15.177
8482516,D,PK,TNFI,0,0,14.58,0.0,0.0,15.177
8482624,D,ES,CNFI,332,27,1475.15,13.504,12.09,15.037
8482624,D,ES,MNFI,245,20,1475.15,9.965,8.756,11.294
8482624,D,ES,FNFI,118,4,1475.15,4.8,3.973,5.748
8482624,D,ES,TNFI,695,51,1475.15,28.268,26.205,30.45
8482624,D,PP,CNFI,20,10,120.88,9.927,6.064,15.331
8482624,D,PP,MNFI,11,4,120.88,5.46,2.726,9.769
8482624,D,PP,FNFI,4,1,120.88,1.985,0.541,5.083
8482624,D,PP,TNFI,35,15,120.88,17.372,12.1,24.16
8482624,D,PK,CNFI,5,2,17.88,16.775,5.447,39.148
8482624,D,PK,MNFI,0,0,17.88,0.0,0.0,12.376
8482624,D,PK,FNFI,2,0,17.88,6.71,0.813,24.239
8482624,D,PK,TNFI,7,2,17.88,23.486,9.442,48.389
8482655,D,ES,CNFI,1181,104,5604.33,12.644,11.933,13.386
8482655,D,ES,MNFI,959,45,5604.33,10.267,9.627,10.938
8482655,D,ES,FNFI,476,14,5604.33,5.096,4.648,5.575
8482655,D,ES,TNFI,2616,163,5604.33,28.007,26.944,29.101
8482655,D,PP,CNFI,391,18,917.22,25.577,23.105,28.243
8482655,D,PP,MNFI,323,12,917.22,21.129,18.887,23.564
8482655,D,PP,FNFI,173,8,917.22,11.317,9.693,13.135
8482655,D,PP,TNFI,887,38,917.22,58.023,54.267,61.971
8482655,D,PK,CNFI,17,4,181.43,5.622,3.275,9.001
8482655,D,PK,MNFI,19,0,181.43,6.283,3.783,9.812
8482655,D,PK,FNFI,10,2,181.43,3.307,1.586,6.082
8482655,D,PK,TNFI,46,6,181.43,15.212,11.137,20.291
8482666,D,ES,CNFI,116,8,586.18,11.873,9.811,14.241
8482666,D,ES,MNFI,112,8,586.18,11.464,9.439,13.794
8482666,D,ES,FNFI,55,2,586.18,5.63,4.241,7.328
8482666,D,ES,TNFI,283,18,586.18,28.967,25.69,32.546
8482666,D,PP,CNFI,6,6,60.23,5.977,2.193,13.009
8482666,D,PP,MNFI,7,6,60.23,6.973,2.803,14.367
8482666,D,PP,FNFI,1,1,60.23,0.996,0.025,5.55
8482666,D,PP,TNFI,14,13,60.23,13.946,7.624,23.399
8482666,D,PK,CNFI,3,1,9.72,18.525,3.82,54.138
8482666,D,PK,MNFI,1,0,9.72,6.175,0.156,34.405
8482666,D,PK,FNFI,1,0,9.72,6.175,0.156,34.405
8482666,D,PK,TNFI,5,1,9.72,30.875,10.025,72.051
8482671,D,ES,CNFI,1204,106,5875.25,12.296,11.611,13.01
8482671,D,ES,MNFI,1015,51,5875.25,10.366,9.738,11.023
8482671,D,ES,FNFI,493,10,5875.25,5.035,4.6,5.499
8482671,D,ES,TNFI,2712,167,5875.25,27.696,26.663,28.758
8482671,D,PP,CNFI,221,33,972.0,13.642,11.903,15.564
8482671,D,PP,MNFI,210,15,972.0,12.963,11.269,14.84
8482671,D,PP,FNFI,142,6,972.0,8.765,7.383,10.331
8482671,D,PP,TNFI,573,54,972.0,35.37,32.533,38.389
8482671,D,PK,CNFI,24,7,201.65,7.141,4.575,10.625
8482671,D,PK,MNFI,25,3,201.65,7.439,4.814,10.981
8482671,D,PK,FNFI,4,1,201.65,1.19,0.324,3.047
8482671,D,PK,TNFI,53,11,201.65,15.77,11.813,20.627
8482684,D,ES,CNFI,855,73,4008.17,12.799,11.955,13.686
8482684,D,ES,MNFI,612,37,4008.17,9.161,8.45,9.917
8482684,D,ES,FNFI,337,10,4008.17,5.045,4.52,5.613
8482684,D,ES,TNFI,1804,120,4008.17,27.005,25.773,28.28
8482684,D,PP,CNFI,70,18,591.65,7.099,5.534,8.969
8482684,D,PP,MNFI,38,14,591.65,3.854,2.727,5.289
8482684,D,PP,FNFI,38,7,591.65,3.854,2.727,5.289
8482684,D,PP,TNFI,146,39,591.65,14.806,12.502,17.412
8482684,D,PK,CNFI,19,1,92.7,12.298,7.404,19.204
8482684,D,PK,MNFI,26,1,92.7,16.828,10.993,24.658
8482684,D,PK,FNFI,7,1,92.7,4.531,1.822,9.335
8482684,D,PK,TNFI,52,3,92.7,33.657,25.137,44.137
8482700,D,ES,CNFI,150,9,583.92,15.413,13.045,18.087
8482700,D,ES,MNFI,103,4,583.92,10.584,8.639,12.836
8482700,D,ES,FNFI,63,0,583.92,6.474,4.974,8.282
8482700,D,ES,TNFI,316,13,583.92,32.47,28.989,36.255
8482700,D,PP,CNFI,25,5,53.72,27.924,18.071,41.222
8482700,D,PP,MNFI,12,1,53.72,13.404,6.926,23.413
8482700,D,PP,FNFI,8,0,53.72,8.936,3.858,17.607
8482700,D,PP,TNFI,45,6,53.72,50.264,36.663,67.257
8482700,D,PK,CNFI,0,0,11.35,0.0,0.0,19.501
8482700,D,PK,MNFI,0,0,11.35,0.0,0.0,19.501
8482700,D,PK,FNFI,0,0,11.35,0.0,0.0,19.501
8482700,D,PK,TNFI,0,0,11.35,0.0,0.0,19.501
8482730,D,ES,CNFI,523,26,2689.3,11.668,10.69,12.713
8482730,D,ES,MNFI,453,20,2689.3,10.107,9.197,11.082
8482730,D,ES,FNFI,236,9,2689.3,5.265,4.615,5.982
8482730,D,ES,TNFI,1212,55,2689.3,27.04,25.539,28.607
8482730,D,PP,CNFI,17,16,320.75,3.18,1.852,5.092
8482730,D,PP,MNFI,8,5,320.75,1.496,0.646,2.949
8482730,D,PP,FNFI,1,1,320.75,0.187,0.005,1.042
8482730,D,PP,TNFI,26,22,320.75,4.864,3.177,7.126
8482730,D,PK,CNFI,16,1,70.73,13.572,7.758,22.04
8482730,D,PK,MNFI,23,3,70.73,19.51,12.368,29.274
8482730,D,PK,FNFI,5,0,70.73,4.241,1.377,9.898
8482730,D,PK,TNFI,44,4,70.73,37.323,27.119,50.105
8482733,D,ES,CNFI,243,20,1096.07,13.302,11.682,15.084
8482733,D,ES,MNFI,167,6,1096.07,9.142,7.808,10.638
8482733,D,ES,FNFI,105,2,1096.07,5.748,4.701,6.958
8482733,D,ES,TNFI,515,28,1096.07,28.192,25.809,30.735
8482733,D,PP,CNFI,34,14,108.33,18.831,13.041,26.314
8482733,D,PP,MNFI,19,7,108.33,10.523,6.336,16.433
8482733,D,PP,FNFI,14,4,108.33,7.754,4.239,13.01
8482733,D,PP,TNFI,67,25,108.33,37.108,28.758,47.125
8482733,D,PK,CNFI,0,0,15.47,0.0,0.0,14.31
8482733,D,PK,MNFI,2,1,15.47,7.759,0.94,28.027
8482733,D,PK,FNFI,0,0,15.47,0.0,0.0,14.31
8482733,D,PK,TNFI,2,1,15.47,7.759,0.94,28.027
8482762,D,ES,CNFI,639,43,3157.88,12.141,11.218,13.12
8482762,D,ES,MNFI,557,31,3157.88,10.583,9.722,11.5
8482762,D,ES,FNFI,331,9,3157.88,6.289,5.63,7.004
8482762,D,ES,TNFI,1527,83,3157.88,29.013,27.576,30.506
8482762,D,PP,CNFI,121,12,338.48,21.449,17.797,25.628
8482762,D,PP,MNFI,90,6,338.48,15.954,12.829,19.61
8482762,D,PP,FNFI,64,1,338.48,11.345,8.737,14.487
8482762,D,PP,TNFI,275,19,338.48,48.747,43.155,54.862
8482762,D,PK,CNFI,3,0,48.78,3.69,0.761,10.783
8482762,D,PK,MNFI,3,2,48.78,3.69,0.761,10.783
8482762,D,PK,FNFI,0,0,48.78,0.0,0.0,4.537
8482762,D,PK,TNFI,6,2,48.78,7.38,2.708,16.062
8482803,D,ES,CNFI,582,45,2483.02,14.064,12.944,15.254
8482803,D,ES,MNFI,463,27,2483.02,11.188,10.192,12.255
8482803,D,ES,FNFI,268,6,2483.02,6.476,5.724,7.3
8482803,D,ES,TNFI,1313,78,2483.02,31.728,30.034,33.491
8482803,D,PP,CNFI,42,16,319.22,7.894,5.69,10.671
8482803,D,PP,MNFI,34,13,319.22,6.391,4.426,8.93
8482803,D,PP,FNFI,17,3,319.22,3.195,1.861,5.116
8482803,D,PP,TNFI,93,32,319.22,17.48,14.109,21.415
8482803,D,PK,CNFI,10,2,51.27,11.704,5.612,21.523
8482803,D,PK,MNFI,10,1,51.27,11.704,5.612,21.523
8482803,D,PK,FNFI,2,0,51.27,2.341,0.283,8.455
8482803,D,PK,TNFI,22,3,51.27,25.748,16.136,38.982
8482807,D,ES,CNFI,136,13,672.7,12.13,10.177,14.349
8482807,D,ES,MNFI,134,10,672.7,11.952,10.014,14.155
8482807,D,ES,FNFI,59,2,672.7,5.262,4.006,6.788
8482807,D,ES,TNFI,329,25,672.7,29.344,26.259,32.693
8482807,D,PP,CNFI,10,5,39.8,15.075,7.229,27.724
8482807,D,PP,MNFI,9,2,39.8,13.568,6.204,25.756
8482807,D,PP,FNFI,2,0,39.8,3.015,0.365,10.891
8482807,D,PP,TNFI,21,7,39.8,31.658,19.597,48.393
8482807,D,PK,CNFI,0,0,6.2,0.0,0.0,35.699
8482807,D,PK,MNFI,0,0,6.2,0.0,0.0,35.699
8482807,D,PK,FNFI,0,0,6.2,0.0,0.0,35.699
8482807,D,PK,TNFI,0,0,6.2,0.0,0.0,35.699
8482858,D,ES,CNFI,536,38,2785.75,11.544,10.588,12.564
8482858,D,ES,MNFI,474,25,2785.75,10.209,9.311,11.171
8482858,D,ES,FNFI,282,2,2785.75,6.074,5.385,6.826
8482858,D,ES,TNFI,1292,65,2785.75,27.827,26.33,29.387
8482858,D,PP,CNFI,87,18,322.57,16.183,12.962,19.961
8482858,D,PP,MNFI,46,8,322.57,8.556,6.264,11.413
8482858,D,PP,FNFI,35,4,322.57,6.51,4.535,9.054
8482858,D,PP,TNFI,168,30,322.57,31.249,26.703,36.348
8482858,D,PK,CNFI,3,1,61.5,2.927,0.604,8.553
8482858,D,PK,MNFI,3,1,61.5,2.927,0.604,8.553
8482858,D,PK,FNFI,2,0,61.5,1.951,0.236,7.048
8482858,D,PK,TNFI,8,2,61.5,7.805,3.37,15.379
8482861,D,ES,CNFI,130,8,459.97,16.958,14.168,20.136
8482861,D,ES,MNFI,74,3,459.97,9.653,7.58,12.118
8482861,D,ES,FNFI,45,3,459.97,5.87,4.282,7.855
8482861,D,ES,TNFI,249,14,459.97,32.481,28.571,36.776
8482861,D,PP,CNFI,15,2,57.28,15.711,8.794,25.914
8482861,D,PP,MNFI,18,2,57.28,18.854,11.174,29.797
8482861,D,PP,FNFI,10,2,57.28,10.474,5.023,19.263
8482861,D,PP,TNFI,43,6,57.28,45.039,32.595,60.668
8482861,D,PK,CNFI,0,0,4.35,0.0,0.0,50.881
8482861,D,PK,MNFI,0,0,4.35,0.0,0.0,50.881
8482861,D,PK,FNFI,0,0,4.35,0.0,0.0,50.881
8482861,D,PK,TNFI,0,0,4.35,0.0,0.0,50.881
8482911,D,ES,CNFI,87,9,503.62,10.365,8.302,12.785
8482911,D,ES,MNFI,78,4,503.62,9.293,7.346,11.598
8482911,D,ES,FNFI,32,0,503.62,3.812,2.608,5.382
8482911,D,ES,TNFI,197,13,503.62,23.47,20.307,26.986
8482911,D,PP,CNFI,21,5,55.35,22.764,14.091,34.798
8482911,D,PP,MNFI,16,2,55.35,17.344,9.914,28.166
8482911,D,PP,FNFI,7,0,55.35,7.588,3.051,15.634
8482911,D,PP,TNFI,44,7,55.35,47.696,34.656,64.03
8482911,D,PK,CNFI,0,0,10.2,0.0,0.0,21.699
8482911,D,PK,MNFI,0,0,10.2,0.0,0.0,21.699
8482911,D,PK,FNFI,0,0,10.2,0.0,0.0,21.699
8482911,D,PK,TNFI,0,0,10.2,0.0,0.0,21.699
8482929,D,ES,CNFI,424,38,2284.27,11.137,10.102,12.249
8482929,D,ES,MNFI,347,26,2284.27,9.115,8.181,10.126
8482929,D,ES,FNFI,225,2,2284.27,5.91,5.163,6.735
8482929,D,ES,TNFI,996,66,2284.27,26.162,24.562,27.838
8482929,D,PP,CNFI,78,13,218.0,21.468,16.969,26.793
8482929,D,PP,MNFI,59,3,218.0,16.239,12.362,20.947
8482929,D,PP,FNFI,33,4,218.0,9.083,6.252,12.755
8482929,D,PP,TNFI,170,20,218.0,46.789,40.02,54.375
8482929,D,PK,CNFI,1,0,53.55,1.12,0.028,6.243
8482929,D,PK,MNFI,0,0,53.55,0.0,0.0,4.133
8482929,D,PK,FNFI,0,0,53.55,0.0,0.0,4.133
8482929,D,PK,TNFI,1,0,53.55,1.12,0.028,6.243
8482964,D,ES,CNFI,693,63,2881.48,14.43,13.376,15.546
8482964,D,ES,MNFI,541,35,2881.48,11.265,10.336,12.256
8482964,D,ES,FNFI,301,6,2881.48,6.268,5.579,7.017
8482964,D,ES,TNFI,1535,104,2881.48,31.963,30.384,33.603
8482964,D,PP,CNFI,88,27,293.4,17.996,14.433,22.171
8482964,D,PP,MNFI,62,12,293.4,12.679,9.721,16.254
8482964,D,PP,FNFI,22,4,293.4,4.499,2.819,6.812
8482964,D,PP,TNFI,172,43,293.4,35.174,30.114,40.841
8482964,D,PK,CNFI,8,1,51.17,9.381,4.05,18.485
8482964,D,PK,MNFI,5,3,51.17,5.863,1.904,13.683
8482964,D,PK,FNFI,2,0,51.17,2.345,0.284,8.472
8482964,D,PK,TNFI,15,4,51.17,17.59,9.845,29.011
8483398,D,ES,CNFI,111,5,592.37,11.243,9.249,13.54
8483398,D,ES,MNFI,94,9,592.37,9.521,7.694,11.651
8483398,D,ES,FNFI,47,4,592.37,4.761,3.498,6.331
8483398,D,ES,TNFI,252,18,592.37,25.525,22.47,28.879
8483398,D,PP,CNFI,20,5,57.58,20.839,12.729,32.185
8483398,D,PP,MNFI,13,2,57.58,13.546,7.212,23.163
8483398,D,PP,FNFI,1,0,57.58,1.042,0.026,5.805
8483398,D,PP,TNFI,34,7,57.58,35.427,24.534,49.506
8483398,D,PK,CNFI,0,0,13.57,0.0,0.0,16.314
8483398,D,PK,MNFI,0,0,13.57,0.0,0.0,16.314
8483398,D,PK,FNFI,0,0,13.57,0.0,0.0,16.314
8483398,D,PK,TNFI,0,0,13.57,0.0,0.0,16.314
8483425,D,ES,CNFI,222,22,1141.85,11.665,10.181,13.305
8483425,D,ES,MNFI,179,8,1141.85,9.406,8.078,10.889
8483425,D,ES,FNFI,119,2,1141.85,6.253,5.18,7.483
8483425,D,ES,TNFI,520,32,1141.85,27.324,25.026,29.777
8483425,D,PP,CNFI,30,10,114.45,15.727,10.611,22.452
8483425,D,PP,MNFI,16,3,114.45,8.388,4.794,13.621
8483425,D,PP,FNFI,9,1,114.45,4.718,2.157,8.957
8483425,D,PP,TNFI,55,14,114.45,28.834,21.721,37.531
8483425,D,PK,CNFI,0,0,18.18,0.0,0.0,12.172
8483425,D,PK,MNFI,0,0,18.18,0.0,0.0,12.172
8483425,D,PK,FNFI,0,0,18.18,0.0,0.0,12.172
8483425,D,PK,TNFI,0,0,18.18,0.0,0.0,12.172
8483448,D,ES,CNFI,121,7,532.73,13.628,11.308,16.284
8483448,D,ES,MNFI,78,4,532.73,8.785,6.944,10.964
8483448,D,ES,FNFI,53,1,532.73,5.969,4.471,7.808
8483448,D,ES,TNFI,252,12,532.73,28.382,24.986,32.111
8483448,D,PP,CNFI,3,2,26.72,6.737,1.389,19.689
8483448,D,PP,MNFI,2,2,26.72,4.492,0.544,16.225
8483448,D,PP,FNFI,2,1,26.72,4.492,0.544,16.225
8483448,D,PP,TNFI,7,5,26.72,15.721,6.32,32.39
8483448,D,PK,CNFI,0,0,3.55,0.0,0.0,62.347
8483448,D,PK,MNFI,0,0,3.55,0.0,0.0,62.347
8483448,D,PK,FNFI,0,0,3.55,0.0,0.0,62.347
8483448,D,PK,TNFI,0,0,3.55,0.0,0.0,62.347
8483457,D,ES,CNFI,634,42,3131.62,12.147,11.22,13.131
8483457,D,ES,MNFI,464,29,3131.62,8.89,8.099,9.737
8483457,D,ES,FNFI,290,13,3131.62,5.556,4.935,6.234
8483457,D,ES,TNFI,1388,84,3131.62,26.593,25.213,28.03
8483457,D,PP,CNFI,45,20,417.72,6.464,4.715,8.649
8483457,D,PP,MNFI,29,12,417.72,4.166,2.79,5.982
8483457,D,PP,FNFI,14,8,417.72,2.011,1.099,3.374
8483457,D,PP,TNFI,88,40,417.72,12.64,10.138,15.573
8483457,D,PK,CNFI,9,1,72.42,7.457,3.41,14.155
8483457,D,PK,MNFI,15,2,72.42,12.428,6.956,20.498
8483457,D,PK,FNFI,8,0,72.42,6.628,2.862,13.06
8483457,D,PK,TNFI,32,3,72.42,26.513,18.135,37.429
8483460,D,ES,CNFI,255,25,1064.8,14.369,12.659,16.245
8483460,D,ES,MNFI,238,16,1064.8,13.411,11.761,15.227
8483460,D,ES,FNFI,106,3,1064.8,5.973,4.89,7.224
8483460,D,ES,TNFI,599,44,1064.8,33.753,31.104,36.567
8483460,D,PP,CNFI,20,7,66.92,17.933,10.954,27.696
8483460,D,PP,MNFI,9,3,66.92,8.07,3.69,15.319
8483460,D,PP,FNFI,2,0,66.92,1.793,0.217,6.478
8483460,D,PP,TNFI,31,10,66.92,27.796,18.886,39.454
8483460,D,PK,CNFI,1,0,12.02,4.993,0.126,27.82
8483460,D,PK,MNFI,2,2,12.02,9.986,1.209,36.073
8483460,D,PK,FNFI,0,0,12.02,0.0,0.0,18.419
8483460,D,PK,TNFI,3,2,12.02,14.979,3.089,43.776
8483466,D,ES,CNFI,431,32,1660.2,15.576,14.14,17.119
8483466,D,ES,MNFI,303,20,1660.2,10.95,9.752,12.256
8483466,D,ES,FNFI,170,2,1660.2,6.144,5.255,7.14
8483466,D,ES,TNFI,904,54,1660.2,32.671,30.575,34.872
8483466,D,PP,CNFI,23,19,187.28,7.369,4.671,11.056
8483466,D,PP,MNFI,15,8,187.28,4.806,2.69,7.926
8483466,D,PP,FNFI,3,0,187.28,0.961,0.198,2.809
8483466,D,PP,TNFI,41,27,187.28,13.135,9.426,17.819
8483466,D,PK,CNFI,8,2,33.02,14.538,6.277,28.646
8483466,D,PK,MNFI,9,2,33.02,16.355,7.479,31.048
8483466,D,PK,FNFI,3,0,33.02,5.452,1.124,15.932
8483466,D,PK,TNFI,20,4,33.02,36.345,22.201,56.132
8483485,D,ES,CNFI,419,35,1884.38,13.341,12.094,14.682
8483485,D,ES,MNFI,303,24,1884.38,9.648,8.592,10.797
8483485,D,ES,FNFI,219,8,1884.38,6.973,6.08,7.96
8483485,D,ES,TNFI,941,67,1884.38,29.962,28.078,31.939
8483485,D,PP,CNFI,75,9,210.73,21.354,16.796,26.767
8483485,D,PP,MNFI,62,2,210.73,17.653,13.534,22.63
8483485,D,PP,FNFI,45,3,210.73,12.812,9.345,17.144
8483485,D,PP,TNFI,182,14,210.73,51.819,44.564,59.919
8483485,D,PK,CNFI,5,1,33.15,9.05,2.938,21.119
8483485,D,PK,MNFI,0,0,33.15,0.0,0.0,6.677
8483485,D,PK,FNFI,1,0,33.15,1.81,0.046,10.084
8483485,D,PK,TNFI,6,1,33.15,10.86,3.985,23.637
8483490,D,ES,CNFI,749,65,3025.67,14.853,13.808,15.956
8483490,D,ES,MNFI,585,34,3025.67,11.601,10.68,12.58
8483490,D,ES,FNFI,364,7,3025.67,7.218,6.496,7.999
8483490,D,ES,TNFI,1698,106,3025.67,33.672,32.089,35.312
8483490,D,PP,CNFI,156,23,471.58,19.848,16.856,23.219
8483490,D,PP,MNFI,88,9,471.58,11.196,8.98,13.794
8483490,D,PP,FNFI,84,6,471.58,10.687,8.525,13.232
8483490,D,PP,TNFI,328,38,471.58,41.732,37.337,46.501
8483490,D,PK,CNFI,16,0,81.28,11.811,6.751,19.18
8483490,D,PK,MNFI,10,1,81.28,7.382,3.54,13.575
8483490,D,PK,FNFI,2,0,81.28,1.476,0.179,5.333
8483490,D,PK,TNFI,28,1,81.28,20.668,13.734,29.872
8483495,D,ES,CNFI,576,43,2489.38,13.883,12.772,15.064
8483495,D,ES,MNFI,441,24,2489.38,10.629,9.66,11.669
8483495,D,ES,FNFI,269,4,2489.38,6.484,5.732,7.306
8483495,D,ES,TNFI,1286,71,2489.38,30.996,29.325,32.737
8483495,D,PP,CNFI,47,11,303.68,9.286,6.823,12.348
8483495,D,PP,MNFI,27,8,303.68,5.335,3.515,7.761
8483495,D,PP,FNFI,30,3,303.68,5.927,3.999,8.461
8483495,D,PP,TNFI,104,22,303.68,20.548,16.789,24.897
8483495,D,PK,CNFI,10,3,64.2,9.346,4.482,17.187
8483495,D,PK,MNFI,14,3,64.2,13.084,7.153,21.953
8483495,D,PK,FNFI,0,0,64.2,0.0,0.0,3.448
8483495,D,PK,TNFI,24,6,64.2,22.43,14.371,33.374
8483506,D,ES,CNFI,245,22,933.12,15.754,13.843,17.855
8483506,D,ES,MNFI,192,12,933.12,12.346,10.661,14.221
8483506,D,ES,FNFI,90,1,933.12,5.787,4.653,7.113
8483506,D,ES,TNFI,527,35,933.12,33.886,31.055,36.907
8483506,D,PP,CNFI,20,11,123.95,9.681,5.914,14.952
8483506,D,PP,MNFI,10,6,123.95,4.841,2.321,8.902
8483506,D,PP,FNFI,3,0,123.95,1.452,0.299,4.244
8483506,D,PP,TNFI,33,17,123.95,15.974,10.996,22.434
8483506,D,PK,CNFI,3,0,22.4,8.036,1.657,23.484
8483506,D,PK,MNFI,3,0,22.4,8.036,1.657,23.484
8483506,D,PK,FNFI,0,0,22.4,0.0,0.0,9.881
8483506,D,PK,TNFI,6,0,22.4,16.071,5.898,34.981
8483510,D,ES,CNFI,103,11,512.52,12.058,9.842,14.624
8483510,D,ES,MNFI,77,7,512.52,9.014,7.114,11.266
8483510,D,ES,FNFI,59,2,512.52,6.907,5.258,8.91
8483510,D,ES,TNFI,239,20,512.52,27.98,24.544,31.761
8483510,D,PP,CNFI,17,5,50.32,20.272,11.809,32.457
8483510,D,PP,MNFI,9,1,50.32,10.732,4.907,20.373
8483510,D,PP,FNFI,5,1,50.32,5.962,1.936,13.914
8483510,D,PP,TNFI,31,7,50.32,36.966,25.117,52.47
8483510,D,PK,CNFI,0,0,4.32,0.0,0.0,51.274
8483510,D,PK,MNFI,0,0,4.32,0.0,0.0,51.274
8483510,D,PK,FNFI,0,0,4.32,0.0,0.0,51.274
8483510,D,PK,TNFI,0,0,4.32,0.0,0.0,51.274
8483565,D,ES,CNFI,543,46,2608.8,12.489,11.46,13.584
8483565,D,ES,MNFI,451,28,2608.8,10.373,9.437,11.376
8483565,D,ES,FNFI,238,9,2608.8,5.474,4.8,6.215
8483565,D,ES,TNFI,1232,83,2608.8,28.335,26.775,29.962
8483565,D,PP,CNFI,115,12,367.12,18.795,15.517,22.561
8483565,D,PP,MNFI,78,5,367.12,12.748,10.077,15.91
8483565,D,PP,FNFI,34,2,367.12,5.557,3.848,7.765
8483565,D,PP,TNFI,227,19,367.12,37.1,32.43,42.253
8483565,D,PK,CNFI,9,1,72.32,7.467,3.414,14.175
8483565,D,PK,MNFI,11,3,72.32,9.127,4.556,16.33
8483565,D,PK,FNFI,3,0,72.32,2.489,0.513,7.274
8483565,D,PK,TNFI,23,4,72.32,19.083,12.097,28.633
8483620,D,ES,CNFI,108,11,503.88,12.86,10.549,15.527
8483620,D,ES,MNFI,110,7,503.88,13.098,10.765,15.787
8483620,D,ES,FNFI,58,1,503.88,6.906,5.244,8.928
8483620,D,ES,TNFI,276,19,503.88,32.865,29.101,36.98
8483620,D,PP,CNFI,10,2,66.3,9.05,4.34,16.643
8483620,D,PP,MNFI,8,2,66.3,7.24,3.126,14.265
8483620,D,PP,FNFI,4,0,66.3,3.62,0.986,9.268
8483620,D,PP,TNFI,22,4,66.3,19.91,12.477,30.143
8483620,D,PK,CNFI,7,0,15.57,26.981,10.848,55.591
8483620,D,PK,MNFI,5,0,15.57,19.272,6.258,44.974
8483620,D,PK,FNFI,3,0,15.57,11.563,2.385,33.792
8483620,D,PK,TNFI,15,0,15.57,57.816,32.359,95.358
8483678,D,ES,CNFI,286,25,1200.92,14.289,12.681,16.045
8483678,D,ES,MNFI,233,11,1200.92,11.641,10.194,13.236
8483678,D,ES,FNFI,104,3,1200.92,5.196,4.246,6.296
8483678,D,ES,TNFI,623,39,1200.92,31.126,28.73,33.669
8483678,D,PP,CNFI,53,5,104.12,30.543,22.879,39.951
8483678,D,PP,MNFI,27,4,104.12,15.559,10.254,22.638
8483678,D,PP,FNFI,10,3,104.12,5.763,2.763,10.598
8483678,D,PP,TNFI,90,12,104.12,51.865,41.706,63.751
8483678,D,PK,CNFI,0,0,19.57,0.0,0.0,11.312
8483678,D,PK,MNFI,0,0,19.57,0.0,0.0,11.312
8483678,D,PK,FNFI,0,0,19.57,0.0,0.0,11.312
8483678,D,PK,TNFI,0,0,19.57,0.0,0.0,11.312
8483768,D,ES,CNFI,206,17,689.7,17.921,15.557,20.542
8483768,D,ES,MNFI,131,6,689.7,11.396,9.528,13.523
8483768,D,ES,FNFI,61,1,689.7,5.307,4.059,6.817
8483768,D,ES,TNFI,398,24,689.7,34.624,31.305,38.198
8483768,D,PP,CNFI,8,6,33.37,14.386,6.211,28.345
8483768,D,PP,MNFI,3,1,33.37,5.395,1.112,15.765
8483768,D,PP,FNFI,6,1,33.37,10.789,3.959,23.484
8483768,D,PP,TNFI,17,8,33.37,30.569,17.808,48.945
8483768,D,PK,CNFI,0,0,10.88,0.0,0.0,20.337
8483768,D,PK,MNFI,0,0,10.88,0.0,0.0,20.337
8483768,D,PK,FNFI,0,0,10.88,0.0,0.0,20.337
8483768,D,PK,TNFI,0,0,10.88,0.0,0.0,20.337
8484150,D,ES,CNFI,101,11,495.3,12.235,9.966,14.867
8484150,D,ES,MNFI,99,3,495.3,11.993,9.747,14.601
8484150,D,ES,FNFI,36,1,495.3,4.361,3.054,6.037
8484150,D,ES,TNFI,236,15,495.3,28.589,25.057,32.478
8484150,D,PP,CNFI,5,4,41.63,7.206,2.34,16.816
8484150,D,PP,MNFI,6,0,41.63,8.647,3.173,18.821
8484150,D,PP,FNFI,0,0,41.63,0.0,0.0,5.316
8484150,D,PP,TNFI,11,4,41.63,15.853,7.914,28.365
8484150,D,PK,CNFI,0,0,9.55,0.0,0.0,23.176
8484150,D,PK,MNFI,0,0,9.55,0.0,0.0,23.176
8484150,D,PK,FNFI,1,0,9.55,6.283,0.159,35.005
8484150,D,PK,TNFI,1,0,9.55,6.283,0.159,35.005
8484223,D,ES,CNFI,225,21,920.03,14.673,12.819,16.721
8484223,D,ES,MNFI,171,8,920.03,11.152,9.543,12.954
8484223,D,ES,FNFI,111,0,920.03,7.239,5.955,8.717
8484223,D,ES,TNFI,507,29,920.03,33.064,30.248,36.071
8484223,D,PP,CNFI,11,3,141.92,4.651,2.322,8.321
8484223,D,PP,MNFI,5,0,141.92,2.114,0.686,4.933
8484223,D,PP,FNFI,9,1,141.92,3.805,1.74,7.223
8484223,D,PP,TNFI,25,4,141.92,10.57,6.84,15.603
8484223,D,PK,CNFI,3,0,19.45,9.254,1.909,27.046
8484223,D,PK,MNFI,6,2,19.45,18.509,6.792,40.286
8484223,D,PK,FNFI,1,0,19.45,3.085,0.078,17.188
8484223,D,PK,TNFI,10,2,19.45,30.848,14.793,56.731
8484240,D,ES,CNFI,246,17,990.53,14.901,13.097,16.884
8484240,D,ES,MNFI,177,17,990.53,10.721,9.2,12.423
8484240,D,ES,FNFI,94,3,990.53,5.694,4.601,6.968
8484240,D,ES,TNFI,517,37,990.53,31.316,28.675,34.136
8484240,D,PP,CNFI,21,8,130.62,9.647,5.971,14.746
8484240,D,PP,MNFI,10,1,130.62,4.594,2.203,8.448
8484240,D,PP,FNFI,5,3,130.62,2.297,0.746,5.36
8484240,D,PP,TNFI,36,12,130.62,16.537,11.582,22.894
8484240,D,PK,CNFI,1,0,24.22,2.478,0.063,13.804
8484240,D,PK,MNFI,4,0,24.22,9.911,2.7,25.375
8484240,D,PK,FNFI,0,0,24.22,0.0,0.0,9.14
8484240,D,PK,TNFI,5,0,24.22,12.388,4.022,28.91
8484258,D,ES,CNFI,522,41,2588.18,12.101,11.085,13.185
8484258,D,ES,MNFI,370,17,2588.18,8.577,7.726,9.498
8484258,D,ES,FNFI,265,7,2588.18,6.143,5.426,6.929
8484258,D,ES,TNFI,1157,65,2588.18,26.822,25.298,28.413
8484258,D,PP,CNFI,37,10,206.55,10.748,7.568,14.815
8484258,D,PP,MNFI,20,6,206.55,5.81,3.549,8.973
8484258,D,PP,FNFI,22,6,206.55,6.391,4.005,9.676
8484258,D,PP,TNFI,79,22,206.55,22.948,18.168,28.601
8484258,D,PK,CNFI,3,1,46.42,3.878,0.8,11.333
8484258,D,PK,MNFI,2,1,46.42,2.585,0.313,9.339
8484258,D,PK,FNFI,2,0,46.42,2.585,0.313,9.339
8484258,D,PK,TNFI,7,2,46.42,9.048,3.638,18.643
8484304,D,ES,CNFI,381,38,1986.58,11.507,10.381,12.723
8484304,D,ES,MNFI,288,22,1986.58,8.698,7.723,9.763
8484304,D,ES,FNFI,180,7,1986.58,5.436,4.671,6.291
8484304,D,ES,TNFI,849,67,1986.58,25.642,23.946,27.426
8484304,D,PP,CNFI,33,21,248.92,7.954,5.475,11.171
8484304,D,PP,MNFI,30,8,248.92,7.231,4.879,10.323
8484304,D,PP,FNFI,17,3,248.92,4.098,2.387,6.561
8484304,D,PP,TNFI,80,32,248.92,19.284,15.291,24.0
8484304,D,PK,CNFI,7,0,41.1,10.219,4.109,21.055
8484304,D,PK,MNFI,4,1,41.1,5.839,1.591,14.951
8484304,D,PK,FNFI,0,0,41.1,0.0,0.0,5.385
8484304,D,PK,TNFI,11,1,41.1,16.058,8.016,28.733
8484321,D,ES,CNFI,248,27,1180.83,12.601,11.082,14.271
8484321,D,ES,MNFI,195,17,1180.83,9.908,8.566,11.401
8484321,D,ES,FNFI,118,8,1180.83,5.996,4.963,7.18
8484321,D,ES,TNFI,561,52,1180.83,28.505,26.195,30.965
8484321,D,PP,CNFI,31,6,95.38,19.5,13.249,27.679
8484321,D,PP,MNFI,32,3,95.38,20.129,13.768,28.417
8484321,D,PP,FNFI,23,2,95.38,14.468,9.171,21.709
8484321,D,PP,TNFI,86,11,95.38,54.098,43.271,66.81
8484321,D,PK,CNFI,0,0,14.17,0.0,0.0,15.623
8484321,D,PK,MNFI,0,0,14.17,0.0,0.0,15.623
8484321,D,PK,FNFI,0,0,14.17,0.0,0.0,15.623
8484321,D,PK,TNFI,0,0,14.17,0.0,0.0,15.623
8484768,D,ES,CNFI,100,5,534.05,11.235,9.141,13.665
8484768,D,ES,MNFI,102,3,534.05,11.46,9.344,13.911
8484768,D,ES,FNFI,57,0,534.05,6.404,4.85,8.297
8484768,D,ES,TNFI,259,8,534.05,29.098,25.662,32.867
8484768,D,PP,CNFI,2,2,71.43,1.68,0.203,6.068
8484768,D,PP,MNFI,0,0,71.43,0.0,0.0,3.098
8484768,D,PP,FNFI,0,0,71.43,0.0,0.0,3.098
8484768,D,PP,TNFI,2,2,71.43,1.68,0.203,6.068
8484768,D,PK,CNFI,7,0,17.03,24.658,9.914,50.804
8484768,D,PK,MNFI,6,0,17.03,21.135,7.756,46.002
8484768,D,PK,FNFI,2,0,17.03,7.045,0.853,25.449
8484768,D,PK,TNFI,15,0,17.03,52.838,29.573,87.148
8484783,D,ES,CNFI,353,24,1361.07,15.561,13.98,17.272
8484783,D,ES,MNFI,230,15,1361.07,10.139,8.871,11.538
8484783,D,ES,FNFI,122,1,1361.07,5.378,4.466,6.422
8484783,D,ES,TNFI,705,40,1361.07,31.079,28.826,33.46
8484783,D,PP,CNFI,24,6,185.83,7.749,4.965,11.53
8484783,D,PP,MNFI,10,2,185.83,3.229,1.548,5.938
8484783,D,PP,FNFI,7,2,185.83,2.26,0.909,4.657
8484783,D,PP,TNFI,41,10,185.83,13.238,9.5,17.958
8484783,D,PK,CNFI,7,0,33.5,12.537,5.041,25.832
8484783,D,PK,MNFI,6,0,33.5,10.746,3.944,23.39
8484783,D,PK,FNFI,2,0,33.5,3.582,0.434,12.94
8484783,D,PK,TNFI,15,0,33.5,26.866,15.037,44.311
8484798,D,ES,CNFI,307,33,1242.22,14.828,13.216,16.583
8484798,D,ES,MNFI,208,10,1242.22,10.047,8.728,11.509
8484798,D,ES,FNFI,97,2,1242.22,4.685,3.799,5.716
8484798,D,ES,TNFI,612,45,1242.22,29.56,27.264,31.998
8484798,D,PP,CNFI,7,7,166.65,2.52,1.013,5.193
8484798,D,PP,MNFI,2,2,166.65,0.72,0.087,2.601
8484798,D,PP,FNFI,3,3,166.65,1.08,0.223,3.157
8484798,D,PP,TNFI,12,12,166.65,4.32,2.232,7.547
8484798,D,PK,CNFI,9,1,32.32,16.71,7.641,31.72
8484798,D,PK,MNFI,7,0,32.32,12.996,5.225,26.778
8484798,D,PK,FNFI,2,1,32.32,3.713,0.45,13.414
8484798,D,PK,TNFI,18,2,32.32,33.419,19.806,52.817
8484806,D,ES,CNFI,269,20,1023.8,15.765,13.937,17.766
8484806,D,ES,MNFI,183,11,1023.8,10.725,9.227,12.396
8484806,D,ES,FNFI,88,2,1023.8,5.157,4.136,6.354
8484806,D,ES,TNFI,540,33,1023.8,31.647,29.034,34.432
8484806,D,PP,CNFI,32,7,117.6,16.327,11.167,23.048
8484806,D,PP,MNFI,19,6,117.6,9.694,5.836,15.138
8484806,D,PP,FNFI,18,3,117.6,9.184,5.443,14.514
8484806,D,PP,TNFI,69,16,117.6,35.204,27.391,44.553
8484806,D,PK,CNFI,1,0,17.3,3.468,0.088,19.324
8484806,D,PK,MNFI,1,1,17.3,3.468,0.088,19.324
8484806,D,PK,FNFI,0,0,17.3,0.0,0.0,12.794
8484806,D,PK,TNFI,2,1,17.3,6.936,0.84,25.057
8485366,D,ES,CNFI,366,23,1651.0,13.301,11.973,14.736
8485366,D,ES,MNFI,264,20,1651.0,9.594,8.472,10.824
8485366,D,ES,FNFI,175,4,1651.0,6.36,5.452,7.375
8485366,D,ES,TNFI,805,47,1651.0,29.255,27.269,31.348
8485366,D,PP,CNFI,48,3,256.78,11.216,8.27,14.87
8485366,D,PP,MNFI,38,2,256.78,8.879,6.283,12.187
8485366,D,PP,FNFI,20,2,256.78,4.673,2.855,7.217
8485366,D,PP,TNFI,106,7,256.78,24.768,20.278,29.956
8485366,D,PK,CNFI,9,0,54.03,9.994,4.57,18.971
8485366,D,PK,MNFI,7,1,54.03,7.773,3.125,16.015
8485366,D,PK,FNFI,2,0,54.03,2.221,0.269,8.022
8485366,D,PK,TNFI,18,1,54.03,19.988,11.846,31.589
8471724,D,ES,Wide,2849,50,7275.27,23.496,22.641,24.375
8471724,D,ES,lane_other,417,11,7275.27,3.439,3.117,3.786
8471724,D,PP,Wide,326,20,1206.6,16.211,14.499,18.07
8471724,D,PP,lane_other,42,6,1206.6,2.089,1.505,2.823
8471724,D,PK,Wide,101,1,247.92,24.444,19.91,29.701
8471724,D,PK,lane_other,35,0,247.92,8.471,5.9,11.781
8475208,D,ES,Wide,2627,43,6595.8,23.897,22.992,24.829
8475208,D,ES,lane_other,404,11,6595.8,3.675,3.325,4.052
8475208,D,PP,Wide,385,18,793.98,29.094,26.26,32.15
8475208,D,PP,lane_other,72,7,793.98,5.441,4.257,6.852
8475208,D,PK,Wide,4,0,150.25,1.597,0.435,4.09
8475208,D,PK,lane_other,1,0,150.25,0.399,0.01,2.225
8475167,D,ES,Wide,2337,43,6447.43,21.748,20.875,22.648
8475167,D,ES,lane_other,406,13,6447.43,3.778,3.42,4.164
8475167,D,PP,Wide,310,21,1252.95,14.845,13.238,16.593
8475167,D,PP,lane_other,51,2,1252.95,2.442,1.818,3.211
8475167,D,PK,Wide,100,1,262.55,22.853,18.594,27.795
8475167,D,PK,lane_other,35,0,262.55,7.998,5.571,11.124
8480172,D,ES,Wide,1614,35,3853.12,25.133,23.922,26.39
8480172,D,ES,lane_other,281,15,3853.12,4.376,3.879,4.918
8480172,D,PP,Wide,291,22,483.33,36.124,32.092,40.522
8480172,D,PP,lane_other,54,1,483.33,6.703,5.036,8.747
8480172,D,PK,Wide,4,0,87.55,2.741,0.747,7.019
8480172,D,PK,lane_other,0,0,87.55,0.0,0.0,2.528
8477244,D,ES,Wide,834,14,2265.93,22.084,20.61,23.635
8477244,D,ES,lane_other,142,6,2265.93,3.76,3.167,4.432
8477244,D,PP,Wide,153,5,290.37,31.615,26.804,37.04
8477244,D,PP,lane_other,21,2,290.37,4.339,2.686,6.633
8477244,D,PK,Wide,1,0,63.55,0.944,0.024,5.26
8477244,D,PK,lane_other,0,0,63.55,0.0,0.0,3.483
8478017,D,ES,Wide,381,8,926.73,24.667,22.252,27.273
8478017,D,ES,lane_other,52,4,926.73,3.367,2.514,4.415
8478017,D,PP,Wide,16,3,76.0,12.632,7.22,20.513
8478017,D,PP,lane_other,3,1,76.0,2.368,0.488,6.922
8478017,D,PK,Wide,0,0,18.85,0.0,0.0,11.742
8478017,D,PK,lane_other,0,0,18.85,0.0,0.0,11.742
8474151,D,ES,Wide,2403,40,5991.7,24.063,23.111,25.045
8474151,D,ES,lane_other,355,21,5991.7,3.555,3.195,3.945
8474151,D,PP,Wide,542,5,937.23,34.698,31.838,37.746
8474151,D,PP,lane_other,94,2,937.23,6.018,4.863,7.364
8474151,D,PK,Wide,15,1,181.77,4.951,2.771,8.167
8474151,D,PK,lane_other,5,0,181.77,1.65,0.536,3.852
8478416,D,ES,Wide,1881,47,5148.42,21.921,20.942,22.935
8478416,D,ES,lane_other,289,17,5148.42,3.368,2.991,3.78
8478416,D,PP,Wide,471,8,746.75,37.844,34.503,41.421
8478416,D,PP,lane_other,82,0,746.75,6.589,5.24,8.178
8478416,D,PK,Wide,4,1,149.88,1.601,0.436,4.1
8478416,D,PK,lane_other,0,0,149.88,0.0,0.0,1.477
8474567,D,ES,Wide,1787,37,3920.53,27.348,26.095,28.646
8474567,D,ES,lane_other,226,12,3920.53,3.459,3.022,3.94
8474567,D,PP,Wide,162,12,401.97,24.181,20.601,28.205
8474567,D,PP,lane_other,31,2,401.97,4.627,3.144,6.568
8474567,D,PK,Wide,7,1,66.25,6.34,2.549,13.062
8474567,D,PK,lane_other,1,1,66.25,0.906,0.023,5.046
8479410,D,ES,Wide,2219,46,6470.62,20.576,19.729,21.45
8479410,D,ES,lane_other,356,24,6470.62,3.301,2.967,3.662
8479410,D,PP,Wide,407,11,1200.87,20.335,18.407,22.41
8479410,D,PP,lane_other,79,5,1200.87,3.947,3.125,4.919
8479410,D,PK,Wide,97,1,243.83,23.869,19.356,29.118
8479410,D,PK,lane_other,28,0,243.83,6.89,4.578,9.958
8477969,D,ES,Wide,2697,54,6690.62,24.186,23.282,25.117
8477969,D,ES,lane_other,447,20,6690.62,4.009,3.646,4.398
8477969,D,PP,Wide,401,13,802.62,29.977,27.114,33.06
8477969,D,PP,lane_other,58,5,802.62,4.336,3.292,5.605
8477969,D,PK,Wide,10,1,151.03,3.973,1.905,7.306
8477969,D,PK,lane_other,5,1,151.03,1.986,0.645,4.635
8478507,D,ES,Wide,2090,51,5840.75,21.47,20.559,22.41
8478507,D,ES,lane_other,356,24,5840.75,3.657,3.287,4.057
8478507,D,PP,Wide,380,10,803.52,28.375,25.594,31.377
8478507,D,PP,lane_other,60,2,803.52,4.48,3.419,5.767
8478507,D,PK,Wide,21,4,168.93,7.459,4.617,11.401
8478507,D,PK,lane_other,2,1,168.93,0.71,0.086,2.566
8474166,D,ES,Wide,1611,26,3358.12,28.784,27.395,30.225
8474166,D,ES,lane_other,260,9,3358.12,4.645,4.098,5.246
8474166,D,PP,Wide,166,9,357.18,27.885,23.804,32.464
8474166,D,PP,lane_other,22,3,357.18,3.696,2.316,5.595
8474166,D,PK,Wide,16,0,75.98,12.634,7.222,20.517
8474166,D,PK,lane_other,2,0,75.98,1.579,0.191,5.705
8474565,D,ES,Wide,2280,36,5597.47,24.44,23.447,25.464
8474565,D,ES,lane_other,347,14,5597.47,3.72,3.338,4.132
8474565,D,PP,Wide,423,7,904.55,28.058,25.448,30.864
8474565,D,PP,lane_other,69,2,904.55,4.577,3.561,5.792
8474565,D,PK,Wide,75,1,189.97,23.688,18.632,29.694
8474565,D,PK,lane_other,19,1,189.97,6.001,3.613,9.371
8475188,D,ES,Wide,2704,57,6560.1,24.731,23.808,25.681
8475188,D,ES,lane_other,416,26,6560.1,3.805,3.448,4.189
8475188,D,PP,Wide,497,12,716.92,41.595,38.018,45.418
8475188,D,PP,lane_other,95,4,716.92,7.951,6.433,9.719
8475188,D,PK,Wide,2,0,123.38,0.973,0.118,3.513
8475188,D,PK,lane_other,1,0,123.38,0.486,0.012,2.709
8480727,D,ES,Wide,2280,61,5286.52,25.877,24.826,26.962
8480727,D,ES,lane_other,343,17,5286.52,3.893,3.492,4.327
8480727,D,PP,Wide,316,17,551.42,34.384,30.697,38.392
8480727,D,PP,lane_other,54,7,551.42,5.876,4.414,7.667
8480727,D,PK,Wide,2,0,105.42,1.138,0.138,4.112
8480727,D,PK,lane_other,1,1,105.42,0.569,0.014,3.171
8479980,D,ES,Wide,2465,44,5479.77,26.99,25.935,28.077
8479980,D,ES,lane_other,343,20,5479.77,3.756,3.369,4.175
8479980,D,PP,Wide,224,14,539.22,24.925,21.768,28.412
8479980,D,PP,lane_other,45,9,539.22,5.007,3.652,6.7
8479980,D,PK,Wide,7,0,115.1,3.649,1.467,7.518
8479980,D,PK,lane_other,0,0,115.1,0.0,0.0,1.923
8478407,D,ES,Wide,2618,50,6629.13,23.695,22.796,24.621
8478407,D,ES,lane_other,408,10,6629.13,3.693,3.343,4.069
8478407,D,PP,Wide,60,25,853.02,4.22,3.221,5.432
8478407,D,PP,lane_other,12,4,853.02,0.844,0.436,1.474
8478407,D,PK,Wide,103,2,165.35,37.375,30.507,45.328
8478407,D,PK,lane_other,28,2,165.35,10.16,6.751,14.684
8478468,D,ES,Wide,1900,41,4677.28,24.373,23.289,25.494
8478468,D,ES,lane_other,276,22,4677.28,3.541,3.135,3.984
8478468,D,PP,Wide,362,9,598.27,36.305,32.661,40.244
8478468,D,PP,lane_other,61,2,598.27,6.118,4.68,7.858
8478468,D,PK,Wide,0,0,103.42,0.0,0.0,2.14
8478468,D,PK,lane_other,0,0,103.42,0.0,0.0,2.14
8477447,D,ES,Wide,2322,48,6004.8,23.201,22.267,24.165
8477447,D,ES,lane_other,372,22,6004.8,3.717,3.349,4.115
8477447,D,PP,Wide,103,25,733.5,8.425,6.877,10.218
8477447,D,PP,lane_other,15,2,733.5,1.227,0.687,2.024
8477447,D,PK,Wide,47,0,108.13,26.079,19.162,34.679
8477447,D,PK,lane_other,22,0,108.13,12.207,7.65,18.482
8470966,D,ES,Wide,1109,26,3151.12,21.116,19.892,22.397
8470966,D,ES,lane_other,190,5,3151.12,3.618,3.122,4.17
8470966,D,PP,Wide,212,10,496.22,25.634,22.299,29.327
8470966,D,PP,lane_other,41,1,496.22,4.958,3.558,6.725
8470966,D,PK,Wide,26,1,103.38,15.089,9.857,22.11
8470966,D,PK,lane_other,10,1,103.38,5.804,2.783,10.673
8477938,D,ES,Wide,954,18,2137.43,26.78,25.107,28.535
8477938,D,ES,lane_other,138,9,2137.43,3.874,3.254,4.577
8477938,D,PP,Wide,91,9,241.12,22.645,18.232,27.803
8477938,D,PP,lane_other,17,2,241.12,4.23,2.464,6.773
8477938,D,PK,Wide,2,0,45.08,2.662,0.322,9.615
8477938,D,PK,lane_other,0,0,45.08,0.0,0.0,4.909
8479639,D,ES,Wide,359,5,1058.67,20.346,18.296,22.564
8479639,D,ES,lane_other,50,5,1058.67,2.834,2.103,3.736
8479639,D,PP,Wide,15,5,113.72,7.914,4.43,13.054
8479639,D,PP,lane_other,5,1,113.72,2.638,0.857,6.157
8479639,D,PK,Wide,11,0,27.97,23.6,11.781,42.226
8479639,D,PK,lane_other,5,0,27.97,10.727,3.483,25.033
8476457,D,ES,Wide,3067,56,7724.53,23.823,22.987,24.681
8476457,D,ES,lane_other,461,15,7724.53,3.581,3.261,3.923
8476457,D,PP,Wide,619,16,996.33,37.277,34.398,40.332
8476457,D,PP,lane_other,106,6,996.33,6.383,5.226,7.721
8476457,D,PK,Wide,10,0,164.47,3.648,1.749,6.709
8476457,D,PK,lane_other,1,0,164.47,0.365,0.009,2.033
8476467,D,ES,Wide,2645,53,6253.28,25.379,24.421,26.365
8476467,D,ES,lane_other,411,16,6253.28,3.944,3.571,4.344
8476467,D,PP,Wide,499,16,813.13,36.821,33.66,40.198
8476467,D,PP,lane_other,90,6,813.13,6.641,5.34,8.163
8476467,D,PK,Wide,5,0,122.0,2.459,0.798,5.739
8476467,D,PK,lane_other,0,0,122.0,0.0,0.0,1.814
8474162,D,ES,Wide,303,5,883.77,20.571,18.32,23.023
8474162,D,ES,lane_other,59,5,883.77,4.006,3.049,5.167
8474162,D,PP,Wide,61,2,112.37,32.572,24.915,41.84
8474162,D,PP,lane_other,10,0,112.37,5.34,2.561,9.82
8474162,D,PK,Wide,2,0,30.0,4.0,0.484,14.449
8474162,D,PK,lane_other,0,0,30.0,0.0,0.0,7.378
8475718,D,ES,Wide,1600,37,4087.7,23.485,22.348,24.665
8475718,D,ES,lane_other,223,6,4087.7,3.273,2.858,3.732
8475718,D,PP,Wide,284,13,492.23,34.618,30.708,38.887
8475718,D,PP,lane_other,58,2,492.23,7.07,5.368,9.139
8475718,D,PK,Wide,1,0,109.67,0.547,0.014,3.048
8475718,D,PK,lane_other,0,0,109.67,0.0,0.0,2.018
8474673,D,ES,Wide,1815,37,4756.28,22.896,21.855,23.974
8474673,D,ES,lane_other,310,13,4756.28,3.911,3.487,4.371
8474673,D,PP,Wide,333,12,550.23,36.312,32.516,40.429
8474673,D,PP,lane_other,50,6,550.23,5.452,4.047,7.188
8474673,D,PK,Wide,3,0,125.4,1.435,0.296,4.195
8474673,D,PK,lane_other,0,0,125.4,0.0,0.0,1.765
8476853,D,ES,Wide,2924,60,6950.43,25.242,24.335,26.173
8476853,D,ES,lane_other,405,17,6950.43,3.496,3.164,3.854
8476853,D,PP,Wide,166,37,1012.1,9.841,8.401,11.457
8476853,D,PP,lane_other,34,8,1012.1,2.016,1.396,2.817
8476853,D,PK,Wide,139,2,213.0,39.155,32.917,46.232
8476853,D,PK,lane_other,35,1,213.0,9.859,6.867,13.712
8475227,D,ES,Wide,506,15,1343.22,22.602,20.676,24.66
8475227,D,ES,lane_other,69,4,1343.22,3.082,2.398,3.901
8475227,D,PP,Wide,25,18,189.13,7.931,5.132,11.708
8475227,D,PP,lane_other,7,4,189.13,2.221,0.893,4.575
8475227,D,PK,Wide,22,0,30.23,43.66,27.362,66.102
8475227,D,PK,lane_other,8,0,30.23,15.877,6.854,31.283
8481014,D,ES,Wide,2413,29,5581.73,25.938,24.913,26.994
8481014,D,ES,lane_other,373,11,5581.73,4.01,3.613,4.438
8481014,D,PP,Wide,398,17,639.9,37.318,33.742,41.171
8481014,D,PP,lane_other,70,3,639.9,6.564,5.117,8.293
8481014,D,PK,Wide,1,0,134.67,0.446,0.011,2.482
8481014,D,PK,lane_other,1,0,134.67,0.446,0.011,2.482
8478408,D,ES,Wide,810,20,1902.7,25.543,23.814,27.364
8478408,D,ES,lane_other,110,6,1902.7,3.469,2.851,4.181
8478408,D,PP,Wide,102,9,199.28,30.71,25.04,37.28
8478408,D,PP,lane_other,22,1,199.28,6.624,4.151,10.028
8478408,D,PK,Wide,0,0,43.38,0.0,0.0,5.102
8478408,D,PK,lane_other,0,0,43.38,0.0,0.0,5.102
8480873,D,ES,Wide,2381,41,5580.42,25.6,24.582,26.65
8480873,D,ES,lane_other,343,15,5580.42,3.688,3.308,4.1
8480873,D,PP,Wide,121,33,698.47,10.394,8.625,12.42
8480873,D,PP,lane_other,21,6,698.47,1.804,1.117,2.758
8480873,D,PK,Wide,49,1,156.43,18.794,13.904,24.847
8480873,D,PK,lane_other,12,1,156.43,4.603,2.378,8.04
8475233,D,ES,Wide,1928,39,4228.7,27.356,26.148,28.605
8475233,D,ES,lane_other,312,18,4228.7,4.427,3.949,4.946
8475233,D,PP,Wide,492,9,670.57,44.022,40.218,48.09
8475233,D,PP,lane_other,100,2,670.57,8.948,7.28,10.883
8475233,D,PK,Wide,3,0,106.07,1.697,0.35,4.959
8475233,D,PK,lane_other,0,0,106.07,0.0,0.0,2.087
8475279,D,ES,Wide,3142,57,6886.22,27.376,26.427,28.351
8475279,D,ES,lane_other,464,25,6886.22,4.043,3.683,4.428
8475279,D,PP,Wide,565,20,938.38,36.126,33.208,39.231
8475279,D,PP,lane_other,96,2,938.38,6.138,4.972,7.496
8475279,D,PK,Wide,12,0,158.67,4.538,2.345,7.927
8475279,D,PK,lane_other,8,1,158.67,3.025,1.306,5.961
8473507,D,ES,Wide,2145,40,4937.92,26.064,24.972,27.19
8473507,D,ES,lane_other,336,13,4937.92,4.083,3.658,4.543
8473507,D,PP,Wide,317,17,792.53,23.999,21.43,26.792
8473507,D,PP,lane_other,49,6,792.53,3.71,2.744,4.904
8473507,D,PK,Wide,35,0,164.37,12.776,8.899,17.769
8473507,D,PK,lane_other,14,0,164.37,5.111,2.794,8.575
8476967,D,ES,Wide,2411,48,6231.97,23.213,22.295,24.158
8476967,D,ES,lane_other,410,13,6231.97,3.947,3.574,4.349
8476967,D,PP,Wide,281,20,673.42,25.037,22.194,28.142
8476967,D,PP,lane_other,54,8,673.42,4.811,3.614,6.278
8476967,D,PK,Wide,4,0,136.28,1.761,0.48,4.509
8476967,D,PK,lane_other,3,0,136.28,1.321,0.272,3.86
8474590,D,ES,Wide,2376,42,6657.5,21.413,20.561,22.292
8474590,D,ES,lane_other,376,14,6657.5,3.389,3.055,3.749
8474590,D,PP,Wide,520,16,1301.33,23.975,21.959,26.128
8474590,D,PP,lane_other,74,2,1301.33,3.412,2.679,4.283
8474590,D,PK,Wide,154,1,245.47,37.643,31.932,44.08
8474590,D,PK,lane_other,34,0,245.47,8.311,5.755,11.613
8480796,D,ES,Wide,2534,43,6240.4,24.364,23.424,25.331
8480796,D,ES,lane_other,378,13,6240.4,3.634,3.277,4.02
8480796,D,PP,Wide,529,9,770.73,41.182,37.747,44.845
8480796,D,PP,lane_other,85,3,770.73,6.617,5.285,8.182
8480796,D,PK,Wide,5,0,144.03,2.083,0.676,4.861
8480796,D,PK,lane_other,0,0,144.03,0.0,0.0,1.537
8476885,D,ES,Wide,2886,56,6924.47,25.007,24.103,25.936
8476885,D,ES,lane_other,454,12,6924.47,3.934,3.58,4.313
8476885,D,PP,Wide,460,18,1090.37,25.313,23.052,27.735
8476885,D,PP,lane_other,87,0,1090.37,4.787,3.834,5.905
8476885,D,PK,Wide,33,0,229.22,8.638,5.946,12.131
8476885,D,PK,lane_other,11,0,229.22,2.879,1.437,5.152
8480817,D,ES,Wide,2622,52,7019.95,22.41,21.561,23.285
8480817,D,ES,lane_other,476,18,7019.95,4.068,3.711,4.451
8480817,D,PP,Wide,283,15,912.98,18.598,16.494,20.896
8480817,D,PP,lane_other,44,2,912.98,2.892,2.101,3.882
8480817,D,PK,Wide,21,1,229.37,5.493,3.4,8.397
8480817,D,PK,lane_other,12,0,229.37,3.139,1.622,5.483
8475200,D,ES,Wide,2366,52,6482.93,21.897,21.024,22.798
8475200,D,ES,lane_other,370,9,6482.93,3.424,3.084,3.792
8475200,D,PP,Wide,210,26,885.5,14.229,12.37,16.289
8475200,D,PP,lane_other,33,3,885.5,2.236,1.539,3.14
8475200,D,PK,Wide,56,2,198.83,16.899,12.765,21.944
8475200,D,PK,lane_other,11,1,198.83,3.319,1.657,5.939
8475324,D,ES,Wide,2522,48,6125.62,24.703,23.748,25.686
8475324,D,ES,lane_other,372,14,6125.62,3.644,3.283,4.033
8475324,D,PP,Wide,427,15,722.97,35.437,32.155,38.963
8475324,D,PP,lane_other,72,4,722.97,5.975,4.675,7.525
8475324,D,PK,Wide,5,0,128.62,2.333,0.757,5.443
8475324,D,PK,lane_other,2,0,128.62,0.933,0.113,3.37
8475747,D,ES,Wide,819,16,1988.35,24.714,23.05,26.466
8475747,D,ES,lane_other,141,9,1988.35,4.255,3.581,5.018
8475747,D,PP,Wide,203,5,340.47,35.774,31.022,41.049
8475747,D,PP,lane_other,25,1,340.47,4.406,2.851,6.504
8475747,D,PK,Wide,1,0,42.15,1.423,0.036,7.931
8475747,D,PK,lane_other,0,0,42.15,0.0,0.0,5.251
8475797,D,ES,Wide,667,15,1421.12,28.161,26.064,30.382
8475797,D,ES,lane_other,117,5,1421.12,4.94,4.085,5.92
8475797,D,PP,Wide,79,2,157.02,30.188,23.9,37.623
8475797,D,PP,lane_other,20,2,157.02,7.643,4.668,11.803
8475797,D,PK,Wide,1,0,37.0,1.622,0.041,9.035
8475797,D,PK,lane_other,0,0,37.0,0.0,0.0,5.982
8474602,D,ES,Wide,1145,26,3176.95,21.625,20.39,22.914
8474602,D,ES,lane_other,176,8,3176.95,3.324,2.851,3.853
8474602,D,PP,Wide,16,16,435.62,2.204,1.26,3.579
8474602,D,PP,lane_other,5,4,435.62,0.689,0.224,1.607
8474602,D,PK,Wide,50,3,78.4,38.265,28.401,50.448
8474602,D,PK,lane_other,13,3,78.4,9.949,5.297,17.013
8479323,D,ES,Wide,2318,43,6847.4,20.311,19.493,21.155
8479323,D,ES,lane_other,374,14,6847.4,3.277,2.953,3.627
8479323,D,PP,Wide,256,10,1231.45,12.473,10.992,14.098
8479323,D,PP,lane_other,51,5,1231.45,2.485,1.85,3.267
8479323,D,PK,Wide,113,1,234.93,28.859,23.784,34.697
8479323,D,PK,lane_other,28,1,234.93,7.151,4.752,10.335
8479324,D,ES,Wide,2394,38,6120.97,23.467,22.536,24.426
8479324,D,ES,lane_other,366,15,6120.97,3.588,3.229,3.975
8479324,D,PP,Wide,405,10,685.08,35.47,32.099,39.099
8479324,D,PP,lane_other,91,7,685.08,7.97,6.417,9.785
8479324,D,PK,Wide,5,0,143.98,2.084,0.677,4.862
8479324,D,PK,lane_other,0,0,143.98,0.0,0.0,1.537
8477845,D,ES,Wide,2388,45,5594.75,25.61,24.593,26.658
8477845,D,ES,lane_other,345,12,5594.75,3.7,3.32,4.112
8477845,D,PP,Wide,402,15,721.8,33.416,30.229,36.848
8477845,D,PP,lane_other,64,4,721.8,5.32,4.097,6.794
8477845,D,PK,Wide,10,0,140.42,4.273,2.049,7.858
8477845,D,PK,lane_other,4,0,140.42,1.709,0.466,4.376
8471677,D,ES,Wide,1821,42,3972.73,27.502,26.254,28.795
8471677,D,ES,lane_other,290,15,3972.73,4.38,3.89,4.914
8471677,D,PP,Wide,217,9,453.77,28.693,25.002,32.775
8471677,D,PP,lane_other,38,2,453.77,5.025,3.556,6.897
8471677,D,PK,Wide,0,0,92.37,0.0,0.0,2.396
8471677,D,PK,lane_other,0,0,92.37,0.0,0.0,2.396
8476850,D,ES,Wide,249,10,620.9,24.062,21.166,27.244
8476850,D,ES,lane_other,39,2,620.9,3.769,2.68,5.152
8476850,D,PP,Wide,22,1,69.22,19.071,11.951,28.873
8476850,D,PP,lane_other,3,1,69.22,2.601,0.536,7.6
8476850,D,PK,Wide,0,0,12.38,0.0,0.0,17.873
8476850,D,PK,lane_other,0,0,12.38,0.0,0.0,17.873
8479398,D,ES,Wide,2337,29,5663.33,24.759,23.766,25.784
8479398,D,ES,lane_other,358,15,5663.33,3.793,3.41,4.207
8479398,D,PP,Wide,213,25,819.08,15.603,13.578,17.845
8479398,D,PP,lane_other,37,5,819.08,2.71,1.908,3.736
8479398,D,PK,Wide,31,0,170.03,10.939,7.433,15.527
8479398,D,PK,lane_other,10,0,170.03,3.529,1.692,6.489
8476473,D,ES,Wide,2327,55,5543.7,25.185,24.172,26.23
8476473,D,ES,lane_other,348,22,5543.7,3.766,3.381,4.184
8476473,D,PP,Wide,408,10,698.6,35.042,31.723,38.612
8476473,D,PP,lane_other,77,2,698.6,6.613,5.219,8.265
8476473,D,PK,Wide,7,1,134.82,3.115,1.253,6.419
8476473,D,PK,lane_other,3,0,134.82,1.335,0.275,3.902
8476931,D,ES,Wide,2820,55,6552.72,25.821,24.877,26.792
8476931,D,ES,lane_other,424,21,6552.72,3.882,3.522,4.27
8476931,D,PP,Wide,536,6,852.63,37.718,34.592,41.051
8476931,D,PP,lane_other,85,4,852.63,5.981,4.778,7.396
8476931,D,PK,Wide,9,0,152.33,3.545,1.621,6.729
8476931,D,PK,lane_other,2,0,152.33,0.788,0.095,2.846
8477495,D,ES,Wide,2438,39,6622.53,22.088,21.22,22.983
8477495,D,ES,lane_other,389,24,6622.53,3.524,3.183,3.893
8477495,D,PP,Wide,330,13,1185.05,16.708,14.954,18.612
8477495,D,PP,lane_other,49,3,1185.05,2.481,1.835,3.28
8477495,D,PK,Wide,88,1,210.82,25.045,20.087,30.857
8477495,D,PK,lane_other,25,1,210.82,7.115,4.605,10.503
8480069,D,ES,Wide,2702,46,7386.33,21.949,21.129,22.792
8480069,D,ES,lane_other,369,19,7386.33,2.997,2.699,3.319
8480069,D,PP,Wide,380,22,1455.9,15.66,14.125,17.317
8480069,D,PP,lane_other,80,7,1455.9,3.297,2.614,4.103
8480069,D,PK,Wide,138,1,259.2,31.944,26.837,37.741
8480069,D,PK,lane_other,38,0,259.2,8.796,6.225,12.074
8475177,D,ES,Wide,1229,35,3258.52,22.63,21.382,23.931
8475177,D,ES,lane_other,243,16,3258.52,4.474,3.929,5.074
8475177,D,PP,Wide,145,6,350.2,24.843,20.964,29.232
8475177,D,PP,lane_other,21,3,350.2,3.598,2.227,5.5
8475177,D,PK,Wide,3,1,68.27,2.637,0.544,7.706
8475177,D,PK,lane_other,0,0,68.27,0.0,0.0,3.242
8473446,D,ES,Wide,1353,29,3255.37,24.937,23.626,26.302
8473446,D,ES,lane_other,219,11,3255.37,4.036,3.519,4.608
8473446,D,PP,Wide,254,7,468.42,32.535,28.657,36.792
8473446,D,PP,lane_other,46,2,468.42,5.892,4.314,7.859
8473446,D,PK,Wide,2,0,78.43,1.53,0.185,5.527
8473446,D,PK,lane_other,0,0,78.43,0.0,0.0,2.822
8481524,D,ES,Wide,2230,36,5445.78,24.569,23.56,25.611
8481524,D,ES,lane_other,343,19,5445.78,3.779,3.39,4.201
8481524,D,PP,Wide,181,27,832.2,13.05,11.218,15.096
8481524,D,PP,lane_other,30,6,832.2,2.163,1.459,3.088
8481524,D,PK,Wide,32,1,169.9,11.301,7.73,15.953
8481524,D,PK,lane_other,13,0,169.9,4.591,2.444,7.851
8479388,D,ES,Wide,570,19,1427.4,23.96,22.033,26.01
8479388,D,ES,lane_other,109,4,1427.4,4.582,3.762,5.527
8479388,D,PP,Wide,61,11,138.93,26.344,20.151,33.839
8479388,D,PP,lane_other,14,1,138.93,6.046,3.305,10.144
8479388,D,PK,Wide,0,0,21.47,0.0,0.0,10.311
8479388,D,PK,lane_other,1,0,21.47,2.795,0.071,15.573
8480070,D,ES,Wide,424,10,935.37,27.198,24.67,29.914
8480070,D,ES,lane_other,59,4,935.37,3.785,2.881,4.882
8480070,D,PP,Wide,19,7,101.45,11.237,6.765,17.548
8480070,D,PP,lane_other,3,1,101.45,1.774,0.366,5.185
8480070,D,PK,Wide,12,1,25.58,28.143,14.542,49.161
8480070,D,PK,lane_other,3,0,25.58,7.036,1.451,20.562
8475197,D,ES,Wide,1361,29,3320.73,24.591,23.302,25.933
8475197,D,ES,lane_other,208,12,3320.73,3.758,3.265,4.305
8475197,D,PP,Wide,61,12,548.32,6.675,5.106,8.574
8475197,D,PP,lane_other,5,2,548.32,0.547,0.178,1.277
8475197,D,PK,Wide,64,1,98.83,38.853,29.922,49.615
8475197,D,PK,lane_other,14,0,98.83,8.499,4.647,14.26
8477498,D,ES,Wide,2931,52,7291.65,24.118,23.253,25.007
8477498,D,ES,lane_other,468,23,7291.65,3.851,3.51,4.216
8477498,D,PP,Wide,516,19,1089.68,28.412,26.013,30.973
8477498,D,PP,lane_other,108,5,1089.68,5.947,4.878,7.18
8477498,D,PK,Wide,40,1,237.8,10.093,7.21,13.743
8477498,D,PK,lane_other,9,1,237.8,2.271,1.038,4.311
8480803,D,ES,Wide,2430,58,7228.12,20.171,19.377,20.99
8480803,D,ES,lane_other,425,18,7228.12,3.528,3.2,3.88
8480803,D,PP,Wide,228,31,1186.93,11.525,10.078,13.123
8480803,D,PP,lane_other,40,6,1186.93,2.022,1.445,2.753
8480803,D,PK,Wide,94,1,217.43,25.939,20.961,31.743
8480803,D,PK,lane_other,29,1,217.43,8.002,5.359,11.493
8477335,D,ES,Wide,1119,22,2650.98,25.326,23.864,26.855
8477335,D,ES,lane_other,175,8,2650.98,3.961,3.396,4.593
8477335,D,PP,Wide,106,15,279.85,22.726,18.607,27.487
8477335,D,PP,lane_other,21,1,279.85,4.502,2.787,6.882
8477335,D,PK,Wide,2,0,55.7,2.154,0.261,7.782
8477335,D,PK,lane_other,3,1,55.7,3.232,0.666,9.444
8477359,D,ES,Wide,219,6,622.08,21.123,18.417,24.113
8477359,D,ES,lane_other,38,1,622.08,3.665,2.594,5.031
8477359,D,PP,Wide,46,1,77.42,35.651,26.101,47.554
8477359,D,PP,lane_other,12,1,77.42,9.3,4.806,16.246
8477359,D,PK,Wide,0,0,11.43,0.0,0.0,19.359
8477359,D,PK,lane_other,0,0,11.43,0.0,0.0,19.359
8480800,D,ES,Wide,2595,63,7755.72,20.076,19.31,20.863
8480800,D,ES,lane_other,396,19,7755.72,3.064,2.769,3.381
8480800,D,PP,Wide,164,29,1360.48,7.233,6.168,8.428
8480800,D,PP,lane_other,49,13,1360.48,2.161,1.599,2.857
8480800,D,PK,Wide,110,0,207.92,31.743,26.089,38.259
8480800,D,PK,lane_other,46,0,207.92,13.275,9.719,17.706
8474574,D,ES,Wide,2737,56,6541.17,25.106,24.174,26.064
8474574,D,ES,lane_other,404,13,6541.17,3.706,3.353,4.085
8474574,D,PP,Wide,470,20,964.05,29.252,26.666,32.02
8474574,D,PP,lane_other,92,8,964.05,5.726,4.616,7.022
8474574,D,PK,Wide,16,0,175.9,5.458,3.12,8.863
8474574,D,PK,lane_other,3,0,175.9,1.023,0.211,2.991
8475171,D,ES,Wide,2666,59,6176.52,25.898,24.924,26.9
8475171,D,ES,lane_other,386,12,6176.52,3.75,3.385,4.143
8475171,D,PP,Wide,240,33,979.18,14.706,12.904,16.689
8475171,D,PP,lane_other,47,7,979.18,2.88,2.116,3.83
8475171,D,PK,Wide,69,3,199.08,20.795,16.18,26.318
8475171,D,PK,lane_other,20,1,199.08,6.028,3.682,9.309
8470281,D,ES,Wide,390,10,1063.08,22.011,19.881,24.308
8470281,D,ES,lane_other,63,1,1063.08,3.556,2.732,4.549
8470281,D,PP,Wide,68,4,155.03,26.317,20.436,33.363
8470281,D,PP,lane_other,6,1,155.03,2.322,0.852,5.054
8470281,D,PK,Wide,4,0,38.35,6.258,1.705,16.023
8470281,D,PK,lane_other,3,0,38.35,4.694,0.968,13.717
8476879,D,ES,Wide,2778,58,6880.58,24.225,23.332,25.143
8476879,D,ES,lane_other,461,19,6880.58,4.02,3.661,4.404
8476879,D,PP,Wide,567,13,858.15,39.643,36.447,43.045
8476879,D,PP,lane_other,98,5,858.15,6.852,5.563,8.35
8476879,D,PK,Wide,1,0,184.95,0.324,0.008,1.808
8476879,D,PK,lane_other,3,1,184.95,0.973,0.201,2.844
8480035,D,ES,Wide,2000,49,4953.67,24.224,23.174,25.31
8480035,D,ES,lane_other,296,14,4953.67,3.585,3.188,4.018
8480035,D,PP,Wide,219,20,577.63,22.748,19.835,25.969
8480035,D,PP,lane_other,34,3,577.63,3.532,2.446,4.935
8480035,D,PK,Wide,16,1,115.58,8.306,4.747,13.488
8480035,D,PK,lane_other,3,0,115.58,1.557,0.321,4.551
8480839,D,ES,Wide,2873,59,7893.93,21.837,21.046,22.65
8480839,D,ES,lane_other,430,21,7893.93,3.268,2.967,3.592
8480839,D,PP,Wide,226,34,1221.25,11.103,9.703,12.649
8480839,D,PP,lane_other,33,6,1221.25,1.621,1.116,2.277
8480839,D,PK,Wide,123,2,249.25,29.609,24.608,35.328
8480839,D,PK,lane_other,49,0,249.25,11.795,8.726,15.594
8475796,D,ES,Wide,430,8,1085.07,23.777,21.583,26.135
8475796,D,ES,lane_other,49,5,1085.07,2.71,2.005,3.582
8475796,D,PP,Wide,72,6,119.25,36.226,28.345,45.621
8475796,D,PP,lane_other,10,0,119.25,5.031,2.413,9.253
8475796,D,PK,Wide,0,0,26.2,0.0,0.0,8.448
8475796,D,PK,lane_other,0,0,26.2,0.0,0.0,8.448
8477462,D,ES,Wide,647,11,1497.28,25.927,23.967,28.004
8477462,D,ES,lane_other,91,5,1497.28,3.647,2.936,4.477
8477462,D,PP,Wide,98,11,169.22,34.748,28.21,42.347
8477462,D,PP,lane_other,12,0,169.22,4.255,2.199,7.432
8477462,D,PK,Wide,0,0,39.17,0.0,0.0,5.651
8477462,D,PK,lane_other,1,0,39.17,1.532,0.039,8.535
8476525,D,ES,Wide,1397,20,3440.52,24.363,23.102,25.674
8476525,D,ES,lane_other,226,13,3440.52,3.941,3.444,4.49
8476525,D,PP,Wide,79,10,323.92,14.633,11.585,18.238
8476525,D,PP,lane_other,13,5,323.92,2.408,1.282,4.118
8476525,D,PK,Wide,21,0,76.7,16.428,10.169,25.111
8476525,D,PK,lane_other,8,0,76.7,6.258,2.702,12.331
8480196,D,ES,Wide,1362,36,3490.27,23.414,22.187,24.691
8480196,D,ES,lane_other,227,12,3490.27,3.902,3.411,4.444
8480196,D,PP,Wide,110,16,337.43,19.559,16.075,23.574
8480196,D,PP,lane_other,19,4,337.43,3.378,2.034,5.276
8480196,D,PK,Wide,7,0,83.67,5.02,2.018,10.343
8480196,D,PK,lane_other,4,0,83.67,2.869,0.782,7.345
8478469,D,ES,Wide,2396,41,6040.6,23.799,22.855,24.771
8478469,D,ES,lane_other,374,12,6040.6,3.715,3.348,4.111
8478469,D,PP,Wide,142,29,1046.02,8.145,6.861,9.6
8478469,D,PP,lane_other,25,8,1046.02,1.434,0.928,2.117
8478469,D,PK,Wide,90,1,188.23,28.688,23.068,35.262
8478469,D,PK,lane_other,24,0,188.23,7.65,4.902,11.383
8482245,D,ES,Wide,2329,44,5989.7,23.33,22.392,24.297
8482245,D,ES,lane_other,380,13,5989.7,3.807,3.433,4.209
8482245,D,PP,Wide,390,13,764.75,30.598,27.636,33.791
8482245,D,PP,lane_other,86,3,764.75,6.747,5.397,8.333
8482245,D,PK,Wide,10,0,132.75,4.52,2.167,8.312
8482245,D,PK,lane_other,1,0,132.75,0.452,0.011,2.518
8479376,D,ES,Wide,221,5,589.12,22.508,19.638,25.68
8479376,D,ES,lane_other,39,0,589.12,3.972,2.825,5.43
8479376,D,PP,Wide,43,1,81.07,31.826,23.032,42.869
8479376,D,PP,lane_other,8,1,81.07,5.921,2.556,11.667
8479376,D,PK,Wide,2,0,16.37,7.332,0.888,26.486
8479376,D,PK,lane_other,0,0,16.37,0.0,0.0,13.523
8479458,D,ES,Wide,1019,23,2153.7,28.388,26.672,30.186
8479458,D,ES,lane_other,152,4,2153.7,4.235,3.588,4.964
8479458,D,PP,Wide,187,8,293.25,38.261,32.973,44.155
8479458,D,PP,lane_other,24,0,293.25,4.91,3.146,7.306
8479458,D,PK,Wide,7,0,66.33,6.332,2.546,13.046
8479458,D,PK,lane_other,1,0,66.33,0.905,0.023,5.04
8477384,D,ES,Wide,1059,21,2244.9,28.304,26.625,30.062
8477384,D,ES,lane_other,172,5,2244.9,4.597,3.936,5.338
8477384,D,PP,Wide,272,9,355.85,45.862,40.573,51.649
8477384,D,PP,lane_other,35,1,355.85,5.901,4.111,8.207
8477384,D,PK,Wide,0,0,60.77,0.0,0.0,3.642
8477384,D,PK,lane_other,0,0,60.77,0.0,0.0,3.642
8474207,D,ES,Wide,759,16,2132.07,21.36,19.867,22.935
8474207,D,ES,lane_other,137,9,2132.07,3.855,3.237,4.558
8474207,D,PP,Wide,261,6,352.82,44.386,39.164,50.11
8474207,D,PP,lane_other,27,1,352.82,4.592,3.026,6.681
8474207,D,PK,Wide,1,1,76.02,0.789,0.02,4.398
8474207,D,PK,lane_other,0,0,76.02,0.0,0.0,2.912
8477215,D,ES,Wide,379,12,943.85,24.093,21.728,26.645
8477215,D,ES,lane_other,64,3,943.85,4.068,3.133,5.195
8477215,D,PP,Wide,59,2,105.85,33.444,25.459,43.14
8477215,D,PP,lane_other,16,0,105.85,9.069,5.184,14.728
8477215,D,PK,Wide,0,0,27.22,0.0,0.0,8.132
8477215,D,PK,lane_other,0,0,27.22,0.0,0.0,8.132
8479425,D,ES,Wide,2582,59,6817.78,22.723,21.855,23.617
8479425,D,ES,lane_other,417,22,6817.78,3.67,3.326,4.04
8479425,D,PP,Wide,358,27,1146.3,18.739,16.848,20.784
8479425,D,PP,lane_other,71,6,1146.3,3.716,2.902,4.688
8479425,D,PK,Wide,73,2,239.43,18.293,14.339,23.001
8479425,D,PK,lane_other,25,1,239.43,6.265,4.054,9.248
8477205,D,ES,Wide,196,5,502.6,23.398,20.237,26.913
8477205,D,ES,lane_other,32,3,502.6,3.82,2.613,5.393
8477205,D,PP,Wide,29,3,48.43,35.926,24.06,51.595
8477205,D,PP,lane_other,4,0,48.43,4.955,1.35,12.687
8477205,D,PK,Wide,0,0,4.6,0.0,0.0,48.116
8477205,D,PK,lane_other,0,0,4.6,0.0,0.0,48.116
8481542,D,ES,Wide,2885,58,7758.9,22.31,21.503,23.139
8481542,D,ES,lane_other,456,25,7758.9,3.526,3.21,3.865
8481542,D,PP,Wide,508,15,1421.47,21.443,19.618,23.391
8481542,D,PP,lane_other,125,2,1421.47,5.276,4.392,6.286
8481542,D,PK,Wide,127,3,253.0,30.119,25.109,35.835
8481542,D,PK,lane_other,40,4,253.0,9.486,6.777,12.917
8475181,D,ES,Wide,2232,38,5372.43,24.927,23.904,25.983
8475181,D,ES,lane_other,363,17,5372.43,4.054,3.648,4.493
8475181,D,PP,Wide,244,21,606.82,24.126,21.193,27.351
8475181,D,PP,lane_other,49,6,606.82,4.845,3.584,6.405
8475181,D,PK,Wide,18,3,130.2,8.295,4.916,13.11
8475181,D,PK,lane_other,10,0,130.2,4.608,2.21,8.475
8471686,D,ES,Wide,1112,30,2726.42,24.472,23.054,25.953
8471686,D,ES,lane_other,188,9,2726.42,4.137,3.567,4.773
8471686,D,PP,Wide,189,15,369.08,30.725,26.5,35.431
8471686,D,PP,lane_other,33,1,369.08,5.365,3.693,7.534
8471686,D,PK,Wide,1,0,83.18,0.721,0.018,4.019
8471686,D,PK,lane_other,0,0,83.18,0.0,0.0,2.661
8480184,D,ES,Wide,853,25,2019.12,25.348,23.675,27.107
8480184,D,ES,lane_other,134,12,2019.12,3.982,3.336,4.716
8480184,D,PP,Wide,51,12,165.37,18.504,13.778,24.33
8480184,D,PP,lane_other,10,2,165.37,3.628,1.74,6.673
8480184,D,PK,Wide,1,0,37.5,1.6,0.041,8.915
8480184,D,PK,lane_other,1,0,37.5,1.6,0.041,8.915
8475462,D,ES,Wide,2223,38,5389.47,24.748,23.73,25.799
8475462,D,ES,lane_other,364,18,5389.47,4.052,3.647,4.491
8475462,D,PP,Wide,482,20,785.23,36.83,33.615,40.269
8475462,D,PP,lane_other,76,1,785.23,5.807,4.575,7.269
8475462,D,PK,Wide,7,0,151.15,2.779,1.117,5.725
8475462,D,PK,lane_other,1,0,151.15,0.397,0.01,2.212
8478055,D,ES,Wide,2615,43,7131.25,22.002,21.166,22.862
8478055,D,ES,lane_other,427,20,7131.25,3.593,3.26,3.95
8478055,D,PP,Wide,558,9,1152.7,29.045,26.685,31.558
8478055,D,PP,lane_other,103,2,1152.7,5.361,4.376,6.502
8478055,D,PK,Wide,28,0,256.7,6.545,4.349,9.459
8478055,D,PK,lane_other,7,0,256.7,1.636,0.658,3.371
8477346,D,ES,Wide,2522,56,7449.25,20.313,19.528,21.122
8477346,D,ES,lane_other,490,22,7449.25,3.947,3.605,4.312
8477346,D,PP,Wide,451,31,1163.58,23.256,21.159,25.504
8477346,D,PP,lane_other,88,8,1163.58,4.538,3.639,5.591
8477346,D,PK,Wide,48,2,273.15,10.544,7.774,13.979
8477346,D,PK,lane_other,19,1,273.15,4.174,2.513,6.517
8477986,D,ES,Wide,2720,47,6705.43,24.338,23.432,25.271
8477986,D,ES,lane_other,448,24,6705.43,4.009,3.646,4.398
8477986,D,PP,Wide,133,35,1070.62,7.454,6.241,8.833
8477986,D,PP,lane_other,16,6,1070.62,0.897,0.513,1.456
8477986,D,PK,Wide,121,1,199.68,36.358,30.169,43.443
8477986,D,PK,lane_other,34,0,199.68,10.216,7.075,14.276
8477932,D,ES,Wide,1922,33,5671.8,20.332,19.433,21.262
8477932,D,ES,lane_other,331,15,5671.8,3.502,3.134,3.9
8477932,D,PP,Wide,396,6,1146.52,20.724,18.733,22.869
8477932,D,PP,lane_other,82,0,1146.52,4.291,3.413,5.327
8477932,D,PK,Wide,82,2,234.18,21.009,16.709,26.078
8477932,D,PK,lane_other,35,0,234.18,8.967,6.246,12.471
8480878,D,ES,Wide,1405,21,3220.28,26.178,24.827,27.583
8480878,D,ES,lane_other,240,16,3220.28,4.472,3.924,5.075
8480878,D,PP,Wide,19,17,304.22,3.747,2.256,5.852
8480878,D,PP,lane_other,3,3,304.22,0.592,0.122,1.729
8480878,D,PK,Wide,21,0,55.57,22.675,14.036,34.662
8480878,D,PK,lane_other,5,1,55.57,5.399,1.753,12.599
8476902,D,ES,Wide,2921,62,7121.08,24.611,23.727,25.52
8476902,D,ES,lane_other,427,18,7121.08,3.598,3.265,3.956
8476902,D,PP,Wide,654,11,1123.37,34.931,32.305,37.714
8476902,D,PP,lane_other,126,3,1123.37,6.73,5.606,8.013
8476902,D,PK,Wide,18,0,222.65,4.851,2.875,7.666
8476902,D,PK,lane_other,3,0,222.65,0.808,0.167,2.363
8480036,D,ES,Wide,2507,40,7032.52,21.389,20.56,22.243
8480036,D,ES,lane_other,394,26,7032.52,3.362,3.038,3.71
8480036,D,PP,Wide,241,17,1226.82,11.787,10.345,13.372
8480036,D,PP,lane_other,41,5,1226.82,2.005,1.439,2.72
8480036,D,PK,Wide,132,3,230.43,34.37,28.757,40.758
8480036,D,PK,lane_other,37,0,230.43,9.634,6.783,13.279
8475825,D,ES,Wide,1469,33,3460.95,25.467,24.181,26.803
8475825,D,ES,lane_other,193,9,3460.95,3.346,2.89,3.853
8475825,D,PP,Wide,345,9,495.83,41.748,37.458,46.394
8475825,D,PP,lane_other,69,0,495.83,8.35,6.496,10.567
8475825,D,PK,Wide,3,0,102.5,1.756,0.362,5.132
8475825,D,PK,lane_other,0,0,102.5,0.0,0.0,2.159
8470600,D,ES,Wide,2412,38,5746.8,25.183,24.188,26.208
8470600,D,ES,lane_other,332,18,5746.8,3.466,3.103,3.86
8470600,D,PP,Wide,242,13,733.72,19.79,17.375,22.446
8470600,D,PP,lane_other,50,9,733.72,4.089,3.035,5.391
8470600,D,PK,Wide,46,1,174.38,15.827,11.588,21.111
8470600,D,PK,lane_other,14,0,174.38,4.817,2.633,8.082
8475906,D,ES,Wide,1552,31,3847.52,24.203,23.013,25.437
8475906,D,ES,lane_other,286,12,3847.52,4.46,3.958,5.008
8475906,D,PP,Wide,45,35,555.75,4.858,3.544,6.501
8475906,D,PP,lane_other,5,5,555.75,0.54,0.175,1.26
8475906,D,PK,Wide,55,1,99.2,33.266,25.061,43.3
8475906,D,PK,lane_other,21,0,99.2,12.702,7.862,19.416
8476869,D,ES,Wide,2714,55,7202.82,22.608,21.765,23.475
8476869,D,ES,lane_other,452,21,7202.82,3.765,3.426,4.129
8476869,D,PP,Wide,362,8,1091.92,19.892,17.895,22.05
8476869,D,PP,lane_other,61,1,1091.92,3.352,2.564,4.306
8476869,D,PK,Wide,29,0,250.8,6.938,4.646,9.964
8476869,D,PK,lane_other,6,0,250.8,1.435,0.527,3.124
8477488,D,ES,Wide,2122,34,5833.58,21.825,20.907,22.774
8477488,D,ES,lane_other,373,14,5833.58,3.836,3.457,4.246
8477488,D,PP,Wide,301,4,800.67,22.556,20.08,25.254
8477488,D,PP,lane_other,52,3,800.67,3.897,2.91,5.11
8477488,D,PK,Wide,18,0,194.93,5.54,3.284,8.756
8477488,D,PK,lane_other,6,0,194.93,1.847,0.678,4.02
8476917,D,ES,Wide,2272,43,6083.37,22.409,21.497,23.349
8476917,D,ES,lane_other,367,12,6083.37,3.62,3.259,4.01
8476917,D,PP,Wide,413,10,724.6,34.198,30.979,37.661
8476917,D,PP,lane_other,81,1,724.6,6.707,5.326,8.336
8476917,D,PK,Wide,4,0,134.42,1.785,0.486,4.572
8476917,D,PK,lane_other,2,0,134.42,0.893,0.108,3.225
8480865,D,ES,Wide,2869,45,7101.48,24.24,23.361,25.144
8480865,D,ES,lane_other,452,13,7101.48,3.819,3.475,4.188
8480865,D,PP,Wide,203,23,1108.05,10.992,9.532,12.613
8480865,D,PP,lane_other,44,8,1108.05,2.383,1.731,3.198
8480865,D,PK,Wide,125,1,221.12,33.919,28.234,40.413
8480865,D,PK,lane_other,26,0,221.12,7.055,4.609,10.337
8465009,D,ES,Wide,488,14,1227.25,23.858,21.788,26.072
8465009,D,ES,lane_other,72,4,1227.25,3.52,2.754,4.433
8465009,D,PP,Wide,67,2,124.55,32.276,25.014,40.99
8465009,D,PP,lane_other,12,1,124.55,5.781,2.987,10.098
8465009,D,PK,Wide,0,0,25.87,0.0,0.0,8.557
8465009,D,PK,lane_other,0,0,25.87,0.0,0.0,8.557
8472382,D,ES,Wide,409,9,1066.6,23.008,20.832,25.349
8472382,D,ES,lane_other,53,5,1066.6,2.981,2.233,3.9
8472382,D,PP,Wide,66,3,127.8,30.986,23.965,39.422
8472382,D,PP,lane_other,8,1,127.8,3.756,1.622,7.401
8472382,D,PK,Wide,0,0,31.27,0.0,0.0,7.079
8472382,D,PK,lane_other,1,0,31.27,1.919,0.049,10.692
8476429,D,ES,Wide,2150,35,5301.52,24.333,23.315,25.383
8476429,D,ES,lane_other,329,16,5301.52,3.723,3.332,4.148
8476429,D,PP,Wide,324,9,593.45,32.758,29.287,36.526
8476429,D,PP,lane_other,66,5,593.45,6.673,5.161,8.489
8476429,D,PK,Wide,1,0,106.12,0.565,0.014,3.15
8476429,D,PK,lane_other,0,0,106.12,0.0,0.0,2.086
8476958,D,ES,Wide,2164,42,6373.18,20.373,19.523,21.25
8476958,D,ES,lane_other,322,14,6373.18,3.031,2.709,3.381
8476958,D,PP,Wide,364,9,896.0,24.375,21.935,27.012
8476958,D,PP,lane_other,74,4,896.0,4.955,3.891,6.221
8476958,D,PK,Wide,23,0,246.9,5.589,3.543,8.387
8476958,D,PK,lane_other,7,2,246.9,1.701,0.684,3.505
8478451,D,ES,Wide,734,18,2101.73,20.954,19.465,22.526
8478451,D,ES,lane_other,156,8,2101.73,4.453,3.782,5.21
8478451,D,PP,Wide,89,11,225.02,23.732,19.058,29.204
8478451,D,PP,lane_other,15,4,225.02,4.0,2.239,6.597
8478451,D,PK,Wide,8,0,54.77,8.764,3.784,17.269
8478451,D,PK,lane_other,1,0,54.77,1.096,0.028,6.104
8474013,D,ES,Wide,2329,43,6175.58,22.628,21.718,23.566
8474013,D,ES,lane_other,350,17,6175.58,3.4,3.054,3.776
8474013,D,PP,Wide,509,8,895.05,34.121,31.221,37.218
8474013,D,PP,lane_other,95,3,895.05,6.368,5.152,7.785
8474013,D,PK,Wide,4,1,166.02,1.446,0.394,3.701
8474013,D,PK,lane_other,0,0,166.02,0.0,0.0,1.333
8477950,D,ES,Wide,1699,28,4537.67,22.465,21.41,23.56
8477950,D,ES,lane_other,282,12,4537.67,3.729,3.306,4.19
8477950,D,PP,Wide,78,24,633.22,7.391,5.842,9.224
8477950,D,PP,lane_other,15,5,633.22,1.421,0.795,2.344
8477950,D,PK,Wide,80,2,138.38,34.686,27.504,43.17
8477950,D,PK,lane_other,21,0,138.38,9.105,5.636,13.918
8477506,D,ES,Wide,2558,42,6093.13,25.189,24.222,26.184
8477506,D,ES,lane_other,392,13,6093.13,3.86,3.487,4.262
8477506,D,PP,Wide,381,15,867.73,26.344,23.765,29.127
8477506,D,PP,lane_other,70,1,867.73,4.84,3.773,6.115
8477506,D,PK,Wide,36,2,177.85,12.145,8.506,16.814
8477506,D,PK,lane_other,8,2,177.85,2.699,1.165,5.318
8471873,D,ES,Wide,549,16,1435.55,22.946,21.066,24.948
8471873,D,ES,lane_other,87,6,1435.55,3.636,2.912,4.485
8471873,D,PP,Wide,114,5,204.9,33.382,27.536,40.102
8471873,D,PP,lane_other,25,1,204.9,7.321,4.738,10.807
8471873,D,PK,Wide,3,0,33.53,5.368,1.107,15.687
8471873,D,PK,lane_other,2,0,33.53,3.579,0.433,12.927
8476906,D,ES,Wide,2066,54,5946.27,20.847,19.957,21.765
8476906,D,ES,lane_other,334,20,5946.27,3.37,3.018,3.752
8476906,D,PP,Wide,101,31,947.6,6.395,5.209,7.771
8476906,D,PP,lane_other,11,4,947.6,0.696,0.348,1.246
8476906,D,PK,Wide,121,2,194.37,37.352,30.994,44.631
8476906,D,PK,lane_other,53,1,194.37,16.361,12.255,21.4
8479345,D,ES,Wide,2413,41,6125.37,23.636,22.702,24.598
8479345,D,ES,lane_other,372,12,6125.37,3.644,3.283,4.034
8479345,D,PP,Wide,120,38,912.25,7.893,6.544,9.438
8479345,D,PP,lane_other,21,4,912.25,1.381,0.855,2.111
8479345,D,PK,Wide,108,0,176.78,36.655,30.069,44.255
8479345,D,PK,lane_other,23,1,176.78,7.806,4.948,11.713
8479982,D,ES,Wide,967,28,2316.88,25.042,23.489,26.672
8479982,D,ES,lane_other,119,8,2316.88,3.082,2.553,3.688
8479982,D,PP,Wide,140,10,319.18,26.317,22.138,31.055
8479982,D,PP,lane_other,19,2,319.18,3.572,2.15,5.578
8479982,D,PK,Wide,14,0,67.3,12.481,6.824,20.942
8479982,D,PK,lane_other,4,0,67.3,3.566,0.972,9.131
8480950,D,ES,Wide,2095,54,4931.87,25.487,24.407,26.603
8480950,D,ES,lane_other,297,18,4931.87,3.613,3.214,4.048
8480950,D,PP,Wide,457,20,665.92,41.176,37.487,45.13
8480950,D,PP,lane_other,71,5,665.92,6.397,4.996,8.069
8480950,D,PK,Wide,2,0,110.28,1.088,0.132,3.931
8480950,D,PK,lane_other,0,0,110.28,0.0,0.0,2.007
8481599,D,ES,Wide,337,10,776.97,26.024,23.32,28.957
8481599,D,ES,lane_other,64,2,776.97,4.942,3.806,6.311
8481599,D,PP,Wide,16,11,95.33,10.07,5.756,16.353
8481599,D,PP,lane_other,5,3,95.33,3.147,1.022,7.344
8481599,D,PK,Wide,6,0,18.03,19.963,7.326,43.451
8481599,D,PK,lane_other,0,0,18.03,0.0,0.0,12.274
8478882,D,ES,Wide,2918,64,7313.17,23.94,23.08,24.825
8478882,D,ES,lane_other,430,15,7313.17,3.528,3.202,3.878
8478882,D,PP,Wide,562,13,1029.05,32.768,30.115,35.593
8478882,D,PP,lane_other,109,2,1029.05,6.355,5.218,7.666
8478882,D,PK,Wide,17,1,227.42,4.485,2.613,7.181
8478882,D,PK,lane_other,5,0,227.42,1.319,0.428,3.078
8480871,D,ES,Wide,1211,32,2800.65,25.944,24.503,27.447
8480871,D,ES,lane_other,168,7,2800.65,3.599,3.075,4.186
8480871,D,PP,Wide,12,10,325.33,2.213,1.144,3.866
8480871,D,PP,lane_other,3,2,325.33,0.553,0.114,1.617
8480871,D,PK,Wide,50,1,75.6,39.683,29.453,52.316
8480871,D,PK,lane_other,13,0,75.6,10.317,5.494,17.643
8478460,D,ES,Wide,2757,58,6470.08,25.567,24.621,26.539
8478460,D,ES,lane_other,374,17,6470.08,3.468,3.126,3.838
8478460,D,PP,Wide,227,31,957.92,14.218,12.429,16.193
8478460,D,PP,lane_other,40,3,957.92,2.505,1.79,3.412
8478460,D,PK,Wide,94,2,198.32,28.439,22.982,34.803
8478460,D,PK,lane_other,26,1,198.32,7.866,5.138,11.526
8478567,D,ES,Wide,221,4,585.75,22.638,19.751,25.827
8478567,D,ES,lane_other,29,1,585.75,2.971,1.989,4.266
8478567,D,PP,Wide,19,5,54.07,21.085,12.695,32.927
8478567,D,PP,lane_other,3,1,54.07,3.329,0.687,9.729
8478567,D,PK,Wide,1,0,20.43,2.936,0.074,16.36
8478567,D,PK,lane_other,0,0,20.43,0.0,0.0,10.832
8479369,D,ES,Wide,2601,56,5917.27,26.374,25.37,27.407
8479369,D,ES,lane_other,349,16,5917.27,3.539,3.177,3.93
8479369,D,PP,Wide,540,17,738.48,43.874,40.251,47.735
8479369,D,PP,lane_other,80,2,738.48,6.5,5.154,8.09
8479369,D,PK,Wide,3,0,174.63,1.031,0.213,3.012
8479369,D,PK,lane_other,0,0,174.63,0.0,0.0,1.267
8479402,D,ES,Wide,1586,43,3475.85,27.377,26.047,28.759
8479402,D,ES,lane_other,249,11,3475.85,4.298,3.781,4.867
8479402,D,PP,Wide,103,9,340.62,18.144,14.809,22.004
8479402,D,PP,lane_other,9,0,340.62,1.585,0.725,3.01
8479402,D,PK,Wide,12,0,74.78,9.628,4.975,16.818
8479402,D,PK,lane_other,3,0,74.78,2.407,0.496,7.034
8474600,D,ES,Wide,2659,55,7090.6,22.5,21.653,23.372
8474600,D,ES,lane_other,440,21,7090.6,3.723,3.383,4.088
8474600,D,PP,Wide,169,33,1224.52,8.281,7.079,9.628
8474600,D,PP,lane_other,27,7,1224.52,1.323,0.872,1.925
8474600,D,PK,Wide,138,0,212.6,38.946,32.72,46.013
8474600,D,PK,lane_other,44,1,212.6,12.418,9.023,16.67
8478851,D,ES,Wide,2319,52,5566.97,24.994,23.987,26.032
8478851,D,ES,lane_other,355,17,5566.97,3.826,3.438,4.246
8478851,D,PP,Wide,457,12,851.72,32.194,29.309,35.285
8478851,D,PP,lane_other,82,3,851.72,5.777,4.594,7.17
8478851,D,PK,Wide,17,2,164.63,6.196,3.609,9.92
8478851,D,PK,lane_other,5,0,164.63,1.822,0.592,4.252
8477369,D,ES,Wide,2020,55,4795.23,25.275,24.185,26.402
8477369,D,ES,lane_other,302,15,4795.23,3.779,3.365,4.23
8477369,D,PP,Wide,294,14,646.45,27.287,24.257,30.592
8477369,D,PP,lane_other,54,5,646.45,5.012,3.765,6.54
8477369,D,PK,Wide,9,0,122.67,4.402,2.013,8.357
8477369,D,PK,lane_other,5,1,122.67,2.446,0.794,5.707
8477433,D,ES,Wide,328,6,788.88,24.947,22.32,27.798
8477433,D,ES,lane_other,52,0,788.88,3.955,2.954,5.186
8477433,D,PP,Wide,25,2,63.97,23.45,15.175,34.616
8477433,D,PP,lane_other,2,1,63.97,1.876,0.227,6.777
8477433,D,PK,Wide,0,0,13.38,0.0,0.0,16.538
8477433,D,PK,lane_other,0,0,13.38,0.0,0.0,16.538
8479371,D,ES,Wide,2320,41,5361.83,25.961,24.916,27.04
8479371,D,ES,lane_other,327,14,5361.83,3.659,3.273,4.078
8479371,D,PP,Wide,268,30,600.7,26.769,23.66,30.173
8479371,D,PP,lane_other,44,2,600.7,4.395,3.193,5.9
8479371,D,PK,Wide,3,0,95.6,1.883,0.388,5.502
8479371,D,PK,lane_other,3,0,95.6,1.883,0.388,5.502
8475218,D,ES,Wide,2391,53,6762.35,21.215,20.373,22.082
8475218,D,ES,lane_other,392,17,6762.35,3.478,3.142,3.84
8475218,D,PP,Wide,498,27,1084.43,27.554,25.186,30.083
8475218,D,PP,lane_other,80,4,1084.43,4.426,3.51,5.509
8475218,D,PK,Wide,54,3,240.72,13.46,10.111,17.562
8475218,D,PK,lane_other,9,1,240.72,2.243,1.026,4.258
8479026,D,ES,Wide,676,10,1520.82,26.67,24.697,28.758
8479026,D,ES,lane_other,85,4,1520.82,3.353,2.679,4.147
8479026,D,PP,Wide,62,7,134.2,27.72,21.253,35.536
8479026,D,PP,lane_other,17,2,134.2,7.601,4.428,12.169
8479026,D,PK,Wide,0,0,20.88,0.0,0.0,10.599
8479026,D,PK,lane_other,0,0,20.88,0.0,0.0,10.599
8476854,D,ES,Wide,2043,34,5533.12,22.154,21.204,23.136
8476854,D,ES,lane_other,321,10,5533.12,3.481,3.11,3.883
8476854,D,PP,Wide,339,14,985.23,20.645,18.505,22.964
8476854,D,PP,lane_other,66,5,985.23,4.019,3.109,5.114
8476854,D,PK,Wide,63,1,225.87,16.736,12.86,21.412
8476854,D,PK,lane_other,25,0,225.87,6.641,4.298,9.804
8482142,D,ES,Wide,1888,43,4643.78,24.394,23.306,25.52
8482142,D,ES,lane_other,312,14,4643.78,4.031,3.596,4.504
8482142,D,PP,Wide,48,27,550.22,5.234,3.859,6.94
8482142,D,PP,lane_other,5,2,550.22,0.545,0.177,1.272
8482142,D,PK,Wide,56,1,98.12,34.245,25.868,44.47
8482142,D,PK,lane_other,23,0,98.12,14.065,8.916,21.104
8477220,D,ES,Wide,2108,55,5619.28,22.508,21.558,23.49
8477220,D,ES,lane_other,284,12,5619.28,3.032,2.69,3.406
8477220,D,PP,Wide,198,28,875.03,13.577,11.751,15.605
8477220,D,PP,lane_other,30,2,875.03,2.057,1.388,2.937
8477220,D,PK,Wide,47,2,175.78,16.042,11.787,21.333
8477220,D,PK,lane_other,12,0,175.78,4.096,2.116,7.155
8477504,D,ES,Wide,2992,49,7954.85,22.567,21.766,23.391
8477504,D,ES,lane_other,421,11,7954.85,3.175,2.879,3.494
8477504,D,PP,Wide,143,34,1148.2,7.473,6.298,8.803
8477504,D,PP,lane_other,21,7,1148.2,1.097,0.679,1.677
8477504,D,PK,Wide,158,0,197.93,47.895,40.718,55.973
8477504,D,PK,lane_other,39,2,197.93,11.822,8.407,16.161
8475764,D,ES,Wide,2811,53,7226.45,23.339,22.484,24.218
8475764,D,ES,lane_other,471,16,7226.45,3.911,3.565,4.28
8475764,D,PP,Wide,536,30,1263.53,25.452,23.343,27.701
8475764,D,PP,lane_other,94,2,1263.53,4.464,3.607,5.462
8475764,D,PK,Wide,62,0,210.73,17.653,13.534,22.63
8475764,D,PK,lane_other,31,4,210.73,8.826,5.997,12.528
8476312,D,ES,Wide,1800,28,4663.72,23.157,22.1,24.253
8476312,D,ES,lane_other,272,10,4663.72,3.499,3.096,3.941
8476312,D,PP,Wide,282,10,534.6,31.65,28.063,35.568
8476312,D,PP,lane_other,44,3,534.6,4.938,3.588,6.629
8476312,D,PK,Wide,1,0,103.15,0.582,0.015,3.241
8476312,D,PK,lane_other,0,0,103.15,0.0,0.0,2.146
8474031,D,ES,Wide,1399,27,3407.2,24.636,23.362,25.962
8474031,D,ES,lane_other,254,11,3407.2,4.473,3.94,5.058
8474031,D,PP,Wide,155,13,582.03,15.978,13.562,18.701
8474031,D,PP,lane_other,33,3,582.03,3.402,2.342,4.777
8474031,D,PK,Wide,47,0,120.17,23.467,17.243,31.207
8474031,D,PK,lane_other,20,0,120.17,9.986,6.1,15.423
8476331,D,ES,Wide,2769,40,7027.42,23.642,22.769,24.539
8476331,D,ES,lane_other,381,12,7027.42,3.253,2.934,3.597
8476331,D,PP,Wide,507,15,831.92,36.566,33.452,39.892
8476331,D,PP,lane_other,98,3,831.92,7.068,5.738,8.614
8476331,D,PK,Wide,3,0,146.22,1.231,0.254,3.598
8476331,D,PK,lane_other,1,0,146.22,0.41,0.01,2.286
8479378,D,ES,Wide,1407,19,3285.17,25.697,24.372,27.076
8479378,D,ES,lane_other,180,7,3285.17,3.288,2.825,3.804
8479378,D,PP,Wide,174,13,329.67,31.668,27.138,36.739
8479378,D,PP,lane_other,38,2,329.67,6.916,4.894,9.493
8479378,D,PK,Wide,3,0,62.35,2.887,0.595,8.437
8479378,D,PK,lane_other,1,0,62.35,0.962,0.024,5.362
8475455,D,ES,Wide,2572,43,6480.43,23.813,22.902,24.752
8475455,D,ES,lane_other,356,18,6480.43,3.296,2.963,3.657
8475455,D,PP,Wide,422,9,786.12,32.209,29.209,35.434
8475455,D,PP,lane_other,73,0,786.12,5.572,4.367,7.006
8475455,D,PK,Wide,5,1,143.9,2.085,0.677,4.865
8475455,D,PK,lane_other,1,0,143.9,0.417,0.011,2.323
8480145,D,ES,Wide,2563,43,6338.75,24.26,23.33,25.218
8480145,D,ES,lane_other,361,12,6338.75,3.417,3.074,3.788
8480145,D,PP,Wide,320,20,1090.67,17.604,15.728,19.642
8480145,D,PP,lane_other,70,5,1090.67,3.851,3.002,4.865
8480145,D,PK,Wide,55,2,209.25,15.771,11.881,20.528
8480145,D,PK,lane_other,17,1,209.25,4.875,2.84,7.805
8471303,D,ES,Wide,508,12,1468.98,20.749,18.984,22.634
8471303,D,ES,lane_other,85,2,1468.98,3.472,2.773,4.293
8471303,D,PP,Wide,105,12,181.05,34.797,28.461,42.124
8471303,D,PP,lane_other,11,0,181.05,3.645,1.82,6.523
8471303,D,PK,Wide,2,0,34.92,3.437,0.416,12.415
8471303,D,PK,lane_other,1,0,34.92,1.718,0.044,9.574
8480336,D,ES,Wide,1731,42,4893.53,21.224,20.236,22.248
8480336,D,ES,lane_other,333,16,4893.53,4.083,3.656,4.546
8480336,D,PP,Wide,205,20,637.43,19.296,16.745,22.126
8480336,D,PP,lane_other,37,1,637.43,3.483,2.452,4.8
8480336,D,PK,Wide,20,1,153.58,7.813,4.773,12.067
8480336,D,PK,lane_other,10,1,153.58,3.907,1.873,7.185
8478911,D,ES,Wide,2418,42,6294.6,23.048,22.139,23.986
8478911,D,ES,lane_other,421,16,6294.6,4.013,3.639,4.415
8478911,D,PP,Wide,481,23,947.78,30.45,27.789,33.297
8478911,D,PP,lane_other,93,3,947.78,5.887,4.752,7.212
8478911,D,PK,Wide,9,0,155.3,3.477,1.59,6.601
8478911,D,PK,lane_other,5,0,155.3,1.932,0.627,4.508
8481600,D,ES,Wide,600,11,1610.28,22.356,20.603,24.219
8481600,D,ES,lane_other,112,2,1610.28,4.173,3.436,5.021
8481600,D,PP,Wide,77,10,144.77,31.913,25.186,39.886
8481600,D,PP,lane_other,8,3,144.77,3.316,1.431,6.533
8481600,D,PK,Wide,1,0,36.88,1.627,0.041,9.064
8481600,D,PK,lane_other,0,0,36.88,0.0,0.0,6.001
8474563,D,ES,Wide,2055,45,6104.95,20.197,19.333,21.089
8474563,D,ES,lane_other,333,21,6104.95,3.273,2.931,3.644
8474563,D,PP,Wide,307,17,1071.93,17.184,15.315,19.218
8474563,D,PP,lane_other,56,2,1071.93,3.135,2.368,4.07
8474563,D,PK,Wide,91,1,197.43,27.655,22.266,33.954
8474563,D,PK,lane_other,22,0,197.43,6.686,4.19,10.122
8479998,D,ES,Wide,2433,42,6648.53,21.957,21.093,22.847
8479998,D,ES,lane_other,401,27,6648.53,3.619,3.273,3.991
8479998,D,PP,Wide,400,13,757.3,31.692,28.662,34.955
8479998,D,PP,lane_other,95,4,757.3,7.527,6.09,9.201
8479998,D,PK,Wide,5,0,145.42,2.063,0.67,4.814
8479998,D,PK,lane_other,2,1,145.42,0.825,0.1,2.981
8474056,D,ES,Wide,493,15,1253.93,23.59,21.553,25.767
8474056,D,ES,lane_other,83,4,1253.93,3.972,3.163,4.923
8474056,D,PP,Wide,27,5,122.17,13.261,8.739,19.293
8474056,D,PP,lane_other,5,2,122.17,2.456,0.797,5.731
8474056,D,PK,Wide,5,0,28.68,10.459,3.396,24.408
8474056,D,PK,lane_other,1,0,28.68,2.092,0.053,11.655
8478399,D,ES,Wide,2389,48,6013.0,23.838,22.892,24.814
8478399,D,ES,lane_other,345,14,6013.0,3.443,3.089,3.826
8478399,D,PP,Wide,298,11,647.13,27.63,24.581,30.951
8478399,D,PP,lane_other,63,3,647.13,5.841,4.488,7.473
8478399,D,PK,Wide,2,1,141.62,0.847,0.103,3.061
8478399,D,PK,lane_other,3,0,141.62,1.271,0.262,3.715
8478841,D,ES,Wide,545,14,1201.23,27.222,24.984,29.606
8478841,D,ES,lane_other,72,5,1201.23,3.596,2.814,4.529
8478841,D,PP,Wide,39,11,90.23,25.933,18.441,35.451
8478841,D,PP,lane_other,3,1,90.23,1.995,0.411,5.83
8478841,D,PK,Wide,0,0,13.95,0.0,0.0,15.866
8478841,D,PK,lane_other,0,0,13.95,0.0,0.0,15.866
8476979,D,ES,Wide,1502,22,3973.1,22.683,21.55,23.859
8476979,D,ES,lane_other,243,8,3973.1,3.67,3.223,4.161
8476979,D,PP,Wide,45,23,488.73,5.524,4.03,7.392
8476979,D,PP,lane_other,8,7,488.73,0.982,0.424,1.935
8476979,D,PK,Wide,55,1,114.25,28.884,21.759,37.597
8476979,D,PK,lane_other,17,0,114.25,8.928,5.201,14.294
8477435,D,ES,Wide,1989,56,4902.05,24.345,23.287,25.439
8477435,D,ES,lane_other,321,13,4902.05,3.929,3.511,4.383
8477435,D,PP,Wide,293,14,561.47,31.311,27.828,35.109
8477435,D,PP,lane_other,50,1,561.47,5.343,3.966,7.044
8477435,D,PK,Wide,4,0,110.32,2.176,0.593,5.57
8477435,D,PK,lane_other,1,0,110.32,0.544,0.014,3.03
8476462,D,ES,Wide,2071,39,5426.88,22.897,21.921,23.905
8476462,D,ES,lane_other,306,13,5426.88,3.383,3.015,3.784
8476462,D,PP,Wide,85,20,775.07,6.58,5.256,8.136
8476462,D,PP,lane_other,14,3,775.07,1.084,0.593,1.818
8476462,D,PK,Wide,76,0,135.6,33.628,26.495,42.091
8476462,D,PK,lane_other,27,1,135.6,11.947,7.873,17.382
8471735,D,ES,Wide,331,5,911.35,21.792,19.507,24.271
8471735,D,ES,lane_other,65,7,911.35,4.279,3.303,5.454
8471735,D,PP,Wide,7,6,127.27,3.3,1.327,6.8
8471735,D,PP,lane_other,3,3,127.27,1.414,0.292,4.133
8471735,D,PK,Wide,13,0,27.08,28.8,15.335,49.249
8471735,D,PK,lane_other,6,0,27.08,13.292,4.878,28.932
8476372,D,ES,Wide,2079,44,4846.57,25.738,24.643,26.868
8476372,D,ES,lane_other,381,15,4846.57,4.717,4.255,5.215
8476372,D,PP,Wide,272,24,550.45,29.648,26.229,33.389
8476372,D,PP,lane_other,46,4,550.45,5.014,3.671,6.688
8476372,D,PK,Wide,0,0,115.92,0.0,0.0,1.909
8476372,D,PK,lane_other,0,0,115.92,0.0,0.0,1.909
8474027,D,ES,Wide,771,18,1833.67,25.228,23.479,27.074
8474027,D,ES,lane_other,99,2,1833.67,3.239,2.633,3.944
8474027,D,PP,Wide,112,3,208.98,32.156,26.477,38.692
8474027,D,PP,lane_other,15,2,208.98,4.307,2.41,7.103
8474027,D,PK,Wide,1,0,42.62,1.408,0.036,7.844
8474027,D,PK,lane_other,0,0,42.62,0.0,0.0,5.194
8477948,D,ES,Wide,3135,67,7648.55,24.593,23.739,25.469
8477948,D,ES,lane_other,494,20,7648.55,3.875,3.541,4.233
8477948,D,PP,Wide,477,18,1141.58,25.07,22.871,27.425
8477948,D,PP,lane_other,94,3,1141.58,4.941,3.992,6.046
8477948,D,PK,Wide,52,2,260.72,11.967,8.938,15.693
8477948,D,PK,lane_other,11,2,260.72,2.531,1.264,4.53
8478500,D,ES,Wide,3095,70,7738.85,23.996,23.158,24.856
8478500,D,ES,lane_other,467,22,7738.85,3.621,3.3,3.964
8478500,D,PP,Wide,629,18,1307.68,28.86,26.649,31.206
8478500,D,PP,lane_other,117,5,1307.68,5.368,4.44,6.434
8478500,D,PK,Wide,62,7,258.13,14.411,11.049,18.474
8478500,D,PK,lane_other,9,1,258.13,2.092,0.957,3.971
8471274,D,ES,Wide,874,18,2318.52,22.618,21.143,24.168
8471274,D,ES,lane_other,123,5,2318.52,3.183,2.645,3.798
8471274,D,PP,Wide,92,15,288.75,19.117,15.411,23.445
8471274,D,PP,lane_other,10,2,288.75,2.078,0.996,3.821
8471274,D,PK,Wide,19,1,55.42,20.571,12.385,32.125
8471274,D,PK,lane_other,7,0,55.42,7.579,3.047,15.616
8474716,D,ES,Wide,1990,37,5107.98,23.375,22.359,24.425
8474716,D,ES,lane_other,258,6,5107.98,3.031,2.672,3.424
8474716,D,PP,Wide,351,13,936.18,22.496,20.203,24.977
8474716,D,PP,lane_other,68,0,936.18,4.358,3.384,5.525
8474716,D,PK,Wide,61,1,147.58,24.8,18.97,31.856
8474716,D,PK,lane_other,23,0,147.58,9.351,5.928,14.031
8476463,D,ES,Wide,2327,50,5721.95,24.401,23.419,25.413
8476463,D,ES,lane_other,317,16,5721.95,3.324,2.968,3.711
8476463,D,PP,Wide,467,21,835.3,33.545,30.571,36.73
8476463,D,PP,lane_other,63,1,835.3,4.525,3.477,5.79
8476463,D,PK,Wide,21,2,152.53,8.26,5.113,12.627
8476463,D,PK,lane_other,7,0,152.53,2.753,1.107,5.673
8476856,D,ES,Wide,1995,35,4700.47,25.466,24.36,26.608
8476856,D,ES,lane_other,297,14,4700.47,3.791,3.372,4.248
8476856,D,PP,Wide,313,8,648.32,28.967,25.847,32.361
8476856,D,PP,lane_other,42,1,648.32,3.887,2.801,5.254
8476856,D,PK,Wide,17,3,123.38,8.267,4.816,13.236
8476856,D,PK,lane_other,7,0,123.38,3.404,1.369,7.014
8475179,D,ES,Wide,1976,34,4834.47,24.524,23.454,25.63
8475179,D,ES,lane_other,301,8,4834.47,3.736,3.326,4.182
8475179,D,PP,Wide,381,21,669.7,34.135,30.793,37.74
8475179,D,PP,lane_other,62,3,669.7,5.555,4.259,7.121
8475179,D,PK,Wide,4,1,133.13,1.803,0.491,4.616
8475179,D,PK,lane_other,0,0,133.13,0.0,0.0,1.662
8475750,D,ES,Wide,1611,21,3637.08,26.576,25.294,27.906
8475750,D,ES,lane_other,198,8,3637.08,3.266,2.827,3.754
8475750,D,PP,Wide,168,18,350.72,28.741,24.559,33.431
8475750,D,PP,lane_other,30,4,350.72,5.132,3.463,7.327
8475750,D,PK,Wide,1,0,63.52,0.945,0.024,5.263
8475750,D,PK,lane_other,0,0,63.52,0.0,0.0,3.485
8476891,D,ES,Wide,2402,56,5670.2,25.417,24.411,26.454
8476891,D,ES,lane_other,338,18,5670.2,3.577,3.205,3.979
8476891,D,PP,Wide,81,21,611.9,7.942,6.307,9.872
8476891,D,PP,lane_other,18,8,611.9,1.765,1.046,2.789
8476891,D,PK,Wide,50,0,145.28,20.649,15.326,27.224
8476891,D,PK,lane_other,18,0,145.28,7.434,4.406,11.749
8477365,D,ES,Wide,1995,38,4820.3,24.832,23.755,25.947
8477365,D,ES,lane_other,301,14,4820.3,3.747,3.335,4.195
8477365,D,PP,Wide,332,17,614.25,32.43,29.035,36.113
8477365,D,PP,lane_other,62,6,614.25,6.056,4.643,7.764
8477365,D,PK,Wide,1,0,125.42,0.478,0.012,2.666
8477365,D,PK,lane_other,1,0,125.42,0.478,0.012,2.666
8476422,D,ES,Wide,1190,35,2976.45,23.988,22.645,25.391
8476422,D,ES,lane_other,179,9,2976.45,3.608,3.099,4.177
8476422,D,PP,Wide,72,23,334.97,12.897,10.091,16.241
8476422,D,PP,lane_other,12,7,334.97,2.149,1.111,3.755
8476422,D,PK,Wide,31,0,72.52,25.649,17.427,36.407
8476422,D,PK,lane_other,4,0,72.52,3.31,0.902,8.474
8479325,D,ES,Wide,2414,49,6354.2,22.794,21.894,23.722
8479325,D,ES,lane_other,340,15,6354.2,3.21,2.878,3.571
8479325,D,PP,Wide,338,17,1268.92,15.982,14.324,17.78
8479325,D,PP,lane_other,67,4,1268.92,3.168,2.455,4.023
8479325,D,PK,Wide,129,0,269.13,28.759,24.011,34.172
8479325,D,PK,lane_other,34,0,269.13,7.58,5.249,10.592
8478443,D,ES,Wide,2532,49,5952.97,25.52,24.536,26.534
8478443,D,ES,lane_other,345,12,5952.97,3.477,3.12,3.864
8478443,D,PP,Wide,495,9,805.6,36.867,33.69,40.262
8478443,D,PP,lane_other,81,3,805.6,6.033,4.791,7.498
8478443,D,PK,Wide,2,0,171.68,0.699,0.085,2.525
8478443,D,PK,lane_other,1,0,171.68,0.349,0.009,1.947
8475762,D,ES,Wide,1314,34,3260.7,24.179,22.889,25.522
8475762,D,ES,lane_other,208,6,3260.7,3.827,3.325,4.384
8475762,D,PP,Wide,263,2,452.5,34.873,30.785,39.352
8475762,D,PP,lane_other,50,2,452.5,6.63,4.921,8.741
8475762,D,PK,Wide,3,0,99.9,1.802,0.372,5.266
8475762,D,PK,lane_other,1,0,99.9,0.601,0.015,3.346
8477810,D,ES,Wide,1166,25,2998.8,23.329,22.009,24.708
8477810,D,ES,lane_other,173,8,2998.8,3.461,2.965,4.017
8477810,D,PP,Wide,86,7,241.72,21.347,17.075,26.364
8477810,D,PP,lane_other,18,1,241.72,4.468,2.648,7.061
8477810,D,PK,Wide,0,0,55.1,0.0,0.0,4.017
8477810,D,PK,lane_other,0,0,55.1,0.0,0.0,4.017
8477355,D,ES,Wide,213,4,579.9,22.038,19.178,25.205
8477355,D,ES,lane_other,28,0,579.9,2.897,1.925,4.187
8477355,D,PP,Wide,3,2,40.62,4.432,0.914,12.951
8477355,D,PP,lane_other,0,0,40.62,0.0,0.0,5.449
8477355,D,PK,Wide,7,0,9.52,44.133,17.744,90.931
8477355,D,PK,lane_other,2,0,9.52,12.609,1.527,45.55
8480043,D,ES,Wide,1985,39,4568.82,26.068,24.934,27.241
8480043,D,ES,lane_other,290,17,4568.82,3.808,3.383,4.273
8480043,D,PP,Wide,199,23,642.22,18.592,16.098,21.362
8480043,D,PP,lane_other,47,7,642.22,4.391,3.226,5.839
8480043,D,PK,Wide,49,1,142.72,20.6,15.24,27.235
8480043,D,PK,lane_other,8,1,142.72,3.363,1.452,6.627
8476449,D,ES,Wide,339,8,766.9,26.522,23.774,29.501
8476449,D,ES,lane_other,66,4,766.9,5.164,3.994,6.569
8476449,D,PP,Wide,17,6,54.32,18.779,10.939,30.067
8476449,D,PP,lane_other,4,1,54.32,4.419,1.204,11.313
8476449,D,PK,Wide,1,0,12.75,4.706,0.119,26.219
8476449,D,PK,lane_other,0,0,12.75,0.0,0.0,17.359
8474697,D,ES,Wide,238,5,667.05,21.408,18.774,24.307
8474697,D,ES,lane_other,49,3,667.05,4.407,3.261,5.827
8474697,D,PP,Wide,83,1,102.95,48.373,38.529,59.966
8474697,D,PP,lane_other,10,1,102.95,5.828,2.795,10.718
8474697,D,PK,Wide,0,0,14.98,0.0,0.0,14.772
8474697,D,PK,lane_other,0,0,14.98,0.0,0.0,14.772
8474618,D,ES,Wide,914,17,2137.17,25.66,24.023,27.379
8474618,D,ES,lane_other,151,9,2137.17,4.239,3.59,4.972
8474618,D,PP,Wide,136,4,241.17,33.836,28.388,40.024
8474618,D,PP,lane_other,14,1,241.17,3.483,1.904,5.844
8474618,D,PK,Wide,1,0,59.27,1.012,0.026,5.641
8474618,D,PK,lane_other,0,0,59.27,0.0,0.0,3.735
8476892,D,ES,Wide,3162,48,7571.15,25.058,24.192,25.947
8476892,D,ES,lane_other,469,18,7571.15,3.717,3.388,4.069
8476892,D,PP,Wide,445,8,937.78,28.471,25.887,31.244
8476892,D,PP,lane_other,88,4,937.78,5.63,4.516,6.937
8476892,D,PK,Wide,17,1,196.7,5.186,3.021,8.303
8476892,D,PK,lane_other,4,1,196.7,1.22,0.332,3.124
8477073,D,ES,Wide,491,8,1172.75,25.12,22.947,27.444
8477073,D,ES,lane_other,85,2,1172.75,4.349,3.474,5.377
8477073,D,PP,Wide,7,1,51.65,8.132,3.269,16.754
8477073,D,PP,lane_other,1,0,51.65,1.162,0.029,6.472
8477073,D,PK,Wide,0,0,11.5,0.0,0.0,19.246
8477073,D,PK,lane_other,0,0,11.5,0.0,0.0,19.246
8475753,D,ES,Wide,2943,63,7019.58,25.155,24.255,26.081
8475753,D,ES,lane_other,413,24,7019.58,3.53,3.198,3.888
8475753,D,PP,Wide,302,22,1064.75,17.018,15.153,19.05
8475753,D,PP,lane_other,60,6,1064.75,3.381,2.58,4.352
8475753,D,PK,Wide,89,5,219.58,24.319,19.53,29.926
8475753,D,PK,lane_other,23,0,219.58,6.285,3.984,9.43
8476792,D,ES,Wide,1400,26,3488.02,24.082,22.837,25.378
8476792,D,ES,lane_other,213,12,3488.02,3.664,3.188,4.19
8476792,D,PP,Wide,66,17,532.83,7.432,5.748,9.455
8476792,D,PP,lane_other,14,3,532.83,1.576,0.862,2.645
8476792,D,PK,Wide,54,1,89.38,36.248,27.231,47.296
8476792,D,PK,lane_other,19,0,89.38,12.754,7.679,19.917
8478013,D,ES,Wide,1827,43,4715.62,23.246,22.192,24.337
8478013,D,ES,lane_other,305,19,4715.62,3.881,3.457,4.342
8478013,D,PP,Wide,288,14,699.2,24.714,21.942,27.739
8478013,D,PP,lane_other,68,2,699.2,5.835,4.531,7.398
8478013,D,PK,Wide,42,2,142.57,17.676,12.739,23.893
8478013,D,PK,lane_other,8,1,142.57,3.367,1.454,6.634
8474145,D,ES,Wide,704,21,1817.88,23.236,21.551,25.017
8474145,D,ES,lane_other,129,7,1817.88,4.258,3.555,5.059
8474145,D,PP,Wide,146,5,236.15,37.095,31.322,43.624
8474145,D,PP,lane_other,21,1,236.15,5.336,3.303,8.156
8474145,D,PK,Wide,0,0,42.6,0.0,0.0,5.196
8474145,D,PK,lane_other,2,0,42.6,2.817,0.341,10.176
8475690,D,ES,Wide,1916,51,5129.97,22.41,21.417,23.436
8475690,D,ES,lane_other,305,13,5129.97,3.567,3.178,3.991
8475690,D,PP,Wide,430,14,682.28,37.814,34.324,41.563
8475690,D,PP,lane_other,78,4,682.28,6.859,5.422,8.561
8475690,D,PK,Wide,9,0,169.73,3.181,1.455,6.039
8475690,D,PK,lane_other,2,0,169.73,0.707,0.086,2.554
8477507,D,ES,Wide,2391,40,6339.6,22.629,21.731,23.555
8477507,D,ES,lane_other,362,17,6339.6,3.426,3.082,3.798
8477507,D,PP,Wide,359,20,764.22,28.186,25.345,31.258
8477507,D,PP,lane_other,66,4,764.22,5.182,4.008,6.592
8477507,D,PK,Wide,10,1,172.63,3.476,1.667,6.392
8477507,D,PK,lane_other,2,0,172.63,0.695,0.084,2.511
8475790,D,ES,Wide,1967,54,4531.73,26.043,24.905,27.22
8475790,D,ES,lane_other,293,13,4531.73,3.879,3.448,4.35
8475790,D,PP,Wide,448,18,592.8,45.344,41.242,49.744
8475790,D,PP,lane_other,74,1,592.8,7.49,5.881,9.403
8475790,D,PK,Wide,4,0,121.17,1.981,0.54,5.071
8475790,D,PK,lane_other,1,0,121.17,0.495,0.013,2.759
8478396,D,ES,Wide,2744,48,7205.83,22.848,22.001,23.719
8478396,D,ES,lane_other,454,23,7205.83,3.78,3.44,4.145
8478396,D,PP,Wide,371,27,1108.75,20.077,18.085,22.227
8478396,D,PP,lane_other,54,4,1108.75,2.922,2.195,3.813
8478396,D,PK,Wide,68,1,262.93,15.517,12.05,19.672
8478396,D,PK,lane_other,20,0,262.93,4.564,2.788,7.049
8478397,D,ES,Wide,2950,56,7489.58,23.633,22.788,24.501
8478397,D,ES,lane_other,425,23,7489.58,3.405,3.089,3.744
8478397,D,PP,Wide,436,28,1371.22,19.078,17.329,20.956
8478397,D,PP,lane_other,95,8,1371.22,4.157,3.363,5.082
8478397,D,PK,Wide,106,0,290.32,21.907,17.936,26.496
8478397,D,PK,lane_other,28,0,290.32,5.787,3.845,8.364
8479976,D,ES,Wide,1272,30,3023.4,25.243,23.875,26.669
8479976,D,ES,lane_other,175,7,3023.4,3.473,2.977,4.027
8479976,D,PP,Wide,102,21,405.1,15.107,12.318,18.339
8479976,D,PP,lane_other,22,7,405.1,3.258,2.042,4.933
8479976,D,PK,Wide,18,0,70.82,15.251,9.039,24.103
8479976,D,PK,lane_other,5,0,70.82,4.236,1.376,9.886
8478430,D,ES,Wide,786,26,1860.02,25.355,23.613,27.191
8478430,D,ES,lane_other,122,3,1860.02,3.935,3.268,4.699
8478430,D,PP,Wide,21,5,174.97,7.201,4.458,11.008
8478430,D,PP,lane_other,5,1,174.97,1.715,0.557,4.001
8478430,D,PK,Wide,12,0,45.73,15.743,8.135,27.501
8478430,D,PK,lane_other,5,0,45.73,6.56,2.13,15.308
8470613,D,ES,Wide,2565,50,7255.4,21.212,20.399,22.049
8470613,D,ES,lane_other,343,16,7255.4,2.837,2.544,3.153
8470613,D,PP,Wide,406,8,1269.62,19.187,17.366,21.147
8470613,D,PP,lane_other,71,1,1269.62,3.355,2.621,4.232
8470613,D,PK,Wide,111,1,300.92,22.132,18.207,26.653
8470613,D,PK,lane_other,34,1,300.92,6.779,4.695,9.473
8479983,D,ES,Wide,2955,71,6895.27,25.713,24.794,26.657
8479983,D,ES,lane_other,428,21,6895.27,3.724,3.38,4.094
8479983,D,PP,Wide,627,13,995.07,37.807,34.905,40.885
8479983,D,PP,lane_other,127,2,995.07,7.658,6.384,9.111
8479983,D,PK,Wide,13,1,163.25,4.778,2.544,8.17
8479983,D,PK,lane_other,3,0,163.25,1.103,0.227,3.222
8471709,D,ES,Wide,1392,39,3291.25,25.376,24.061,26.745
8471709,D,ES,lane_other,215,13,3291.25,3.919,3.413,4.48
8471709,D,PP,Wide,197,17,391.38,30.201,26.13,34.725
8471709,D,PP,lane_other,32,4,391.38,4.906,3.355,6.925
8471709,D,PK,Wide,2,1,54.85,2.188,0.265,7.903
8471709,D,PK,lane_other,1,0,54.85,1.094,0.028,6.095
8480160,D,ES,Wide,363,17,1001.2,21.754,19.573,24.111
8480160,D,ES,lane_other,69,4,1001.2,4.135,3.217,5.233
8480160,D,PP,Wide,23,3,92.72,14.884,9.435,22.333
8480160,D,PP,lane_other,3,1,92.72,1.941,0.4,5.674
8480160,D,PK,Wide,1,0,16.47,3.644,0.092,20.302
8480160,D,PK,lane_other,0,0,16.47,0.0,0.0,13.441
8474578,D,ES,Wide,2688,67,7303.93,22.081,21.254,22.932
8474578,D,ES,lane_other,455,21,7303.93,3.738,3.402,4.097
8474578,D,PP,Wide,194,35,1115.6,10.434,9.017,12.01
8474578,D,PP,lane_other,22,7,1115.6,1.183,0.742,1.791
8474578,D,PK,Wide,133,1,209.1,38.164,31.954,45.228
8474578,D,PK,lane_other,42,1,209.1,12.052,8.686,16.29
8478136,D,ES,Wide,2741,48,6153.98,26.724,25.733,27.744
8478136,D,ES,lane_other,380,12,6153.98,3.705,3.342,4.097
8478136,D,PP,Wide,417,23,732.48,34.158,30.958,37.599
8478136,D,PP,lane_other,78,1,732.48,6.389,5.05,7.974
8478136,D,PK,Wide,7,1,120.93,3.473,1.396,7.156
8478136,D,PK,lane_other,2,1,120.93,0.992,0.12,3.584
8479372,D,ES,Wide,1301,32,2955.32,26.413,24.997,27.889
8479372,D,ES,lane_other,219,12,2955.32,4.446,3.877,5.076
8479372,D,PP,Wide,72,12,237.42,18.196,14.237,22.915
8479372,D,PP,lane_other,16,2,237.42,4.044,2.311,6.566
8479372,D,PK,Wide,2,0,38.75,3.097,0.375,11.187
8479372,D,PK,lane_other,1,0,38.75,1.548,0.039,8.627
8476779,D,ES,Wide,383,13,1168.98,19.658,17.738,21.729
8476779,D,ES,lane_other,82,3,1168.98,4.209,3.347,5.224
8476779,D,PP,Wide,3,1,95.6,1.883,0.388,5.502
8476779,D,PP,lane_other,0,0,95.6,0.0,0.0,2.315
8476779,D,PK,Wide,8,0,20.97,22.893,9.884,45.109
8476779,D,PK,lane_other,4,0,20.97,11.447,3.119,29.308
8474568,D,ES,Wide,1944,49,4464.73,26.125,24.976,27.312
8474568,D,ES,lane_other,296,14,4464.73,3.978,3.538,4.458
8474568,D,PP,Wide,266,16,506.68,31.499,27.827,35.521
8474568,D,PP,lane_other,47,9,506.68,5.566,4.089,7.401
8474568,D,PK,Wide,3,0,104.15,1.728,0.356,5.051
8474568,D,PK,lane_other,2,0,104.15,1.152,0.14,4.162
8475246,D,ES,Wide,209,2,466.2,26.898,23.375,30.803
8475246,D,ES,lane_other,48,5,466.2,6.178,4.555,8.191
8475246,D,PP,Wide,16,4,31.98,30.016,17.157,48.744
8475246,D,PP,lane_other,6,2,31.98,11.256,4.131,24.499
8475246,D,PK,Wide,0,0,8.47,0.0,0.0,26.142
8475246,D,PK,lane_other,0,0,8.47,0.0,0.0,26.142
8476923,D,ES,Wide,2579,52,6572.92,23.542,22.642,24.469
8476923,D,ES,lane_other,381,10,6572.92,3.478,3.137,3.845
8476923,D,PP,Wide,265,20,852.5,18.651,16.473,21.037
8476923,D,PP,lane_other,51,8,852.5,3.589,2.673,4.719
8476923,D,PK,Wide,66,4,195.65,20.24,15.654,25.751
8476923,D,PK,lane_other,12,0,195.65,3.68,1.902,6.428
8476875,D,ES,Wide,2682,41,6779.43,23.736,22.847,24.652
8476875,D,ES,lane_other,461,24,6779.43,4.08,3.716,4.47
8476875,D,PP,Wide,497,13,1194.6,24.962,22.816,27.257
8476875,D,PP,lane_other,124,10,1194.6,6.228,5.18,7.426
8476875,D,PK,Wide,98,1,244.98,24.002,19.486,29.25
8476875,D,PK,lane_other,13,1,244.98,3.184,1.695,5.445
8476988,D,ES,Wide,944,21,2450.27,23.116,21.665,24.639
8476988,D,ES,lane_other,154,9,2450.27,3.771,3.199,4.416
8476988,D,PP,Wide,235,6,402.63,35.019,30.685,39.795
8476988,D,PP,lane_other,38,0,402.63,5.663,4.007,7.773
8476988,D,PK,Wide,7,0,63.78,6.585,2.647,13.567
8476988,D,PK,lane_other,3,0,63.78,2.822,0.582,8.247
8476470,D,ES,Wide,402,8,884.72,27.263,24.663,30.063
8476470,D,ES,lane_other,67,1,884.72,4.544,3.521,5.771
8476470,D,PP,Wide,105,6,139.05,45.307,37.057,54.847
8476470,D,PP,lane_other,9,1,139.05,3.883,1.776,7.372
8476470,D,PK,Wide,0,0,22.93,0.0,0.0,9.651
8476470,D,PK,lane_other,0,0,22.93,0.0,0.0,9.651
8477499,D,ES,Wide,1923,53,4698.23,24.558,23.473,25.681
8477499,D,ES,lane_other,324,12,4698.23,4.138,3.699,4.614
8477499,D,PP,Wide,260,13,628.85,24.807,21.883,28.013
8477499,D,PP,lane_other,47,3,628.85,4.484,3.295,5.963
8477499,D,PK,Wide,36,4,151.13,14.292,10.01,19.786
8477499,D,PK,lane_other,6,1,151.13,2.382,0.874,5.185
8478062,D,ES,Wide,562,14,1363.62,24.728,22.726,26.86
8478062,D,ES,lane_other,86,9,1363.62,3.784,3.027,4.673
8478062,D,PP,Wide,130,4,188.5,41.379,34.572,49.135
8478062,D,PP,lane_other,27,0,188.5,8.594,5.664,12.504
8478062,D,PK,Wide,2,0,28.45,4.218,0.511,15.237
8478062,D,PK,lane_other,1,0,28.45,2.109,0.053,11.75
8479442,D,ES,Wide,1855,34,4234.47,26.284,25.102,27.508
8479442,D,ES,lane_other,275,17,4234.47,3.897,3.45,4.385
8479442,D,PP,Wide,297,5,516.15,34.525,30.71,38.683
8479442,D,PP,lane_other,56,4,516.15,6.51,4.917,8.453
8479442,D,PK,Wide,4,0,87.4,2.746,0.748,7.031
8479442,D,PK,lane_other,2,0,87.4,1.373,0.166,4.96
8480883,D,ES,Wide,479,13,1257.83,22.849,20.848,24.99
8480883,D,ES,lane_other,86,3,1257.83,4.102,3.281,5.066
8480883,D,PP,Wide,7,5,147.68,2.844,1.143,5.86
8480883,D,PP,lane_other,1,1,147.68,0.406,0.01,2.264
8480883,D,PK,Wide,18,1,34.48,31.319,18.562,49.498
8480883,D,PK,lane_other,6,0,34.48,10.44,3.831,22.723
8476874,D,ES,Wide,2017,61,5189.6,23.32,22.313,24.36
8476874,D,ES,lane_other,343,26,5189.6,3.966,3.557,4.408
8476874,D,PP,Wide,280,27,591.85,28.386,25.158,31.913
8476874,D,PP,lane_other,52,3,591.85,5.272,3.937,6.913
8476874,D,PK,Wide,2,0,114.27,1.05,0.127,3.794
8476874,D,PK,lane_other,2,0,114.27,1.05,0.127,3.794
8482624,D,ES,Wide,583,13,1475.15,23.713,21.827,25.718
8482624,D,ES,lane_other,115,5,1475.15,4.677,3.862,5.615
8482624,D,PP,Wide,15,10,120.88,7.445,4.167,12.28
8482624,D,PP,lane_other,3,2,120.88,1.489,0.307,4.352
8482624,D,PK,Wide,10,0,17.88,33.551,16.089,61.701
8482624,D,PK,lane_other,2,0,17.88,6.71,0.813,24.239
8478506,D,ES,Wide,190,3,494.35,23.061,19.898,26.583
8478506,D,ES,lane_other,28,5,494.35,3.398,2.258,4.912
8478506,D,PP,Wide,22,4,45.57,28.969,18.154,43.859
8478506,D,PP,lane_other,4,1,45.57,5.267,1.435,13.486
8478506,D,PK,Wide,0,0,8.07,0.0,0.0,27.438
8478506,D,PK,lane_other,0,0,8.07,0.0,0.0,27.438
8481122,D,ES,Wide,2320,62,5047.07,27.58,26.469,28.726
8481122,D,ES,lane_other,347,21,5047.07,4.125,3.703,4.583
8481122,D,PP,Wide,411,12,633.77,38.91,35.239,42.86
8481122,D,PP,lane_other,76,2,633.77,7.195,5.669,9.006
8481122,D,PK,Wide,1,0,111.65,0.537,0.014,2.994
8481122,D,PK,lane_other,0,0,111.65,0.0,0.0,1.982
8474628,D,ES,Wide,267,3,746.78,21.452,18.956,24.186
8474628,D,ES,lane_other,50,0,746.78,4.017,2.982,5.296
8474628,D,PP,Wide,19,4,73.23,15.567,9.372,24.309
8474628,D,PP,lane_other,5,3,73.23,4.096,1.33,9.56
8474628,D,PK,Wide,3,0,23.58,7.633,1.574,22.305
8474628,D,PK,lane_other,1,0,23.58,2.544,0.064,14.175
8479439,D,ES,Wide,425,7,1025.63,24.863,22.555,27.343
8479439,D,ES,lane_other,72,4,1025.63,4.212,3.296,5.304
8479439,D,PP,Wide,12,6,121.38,5.932,3.065,10.361
8479439,D,PP,lane_other,3,2,121.38,1.483,0.306,4.334
8479439,D,PK,Wide,13,0,26.85,29.05,15.468,49.677
8479439,D,PK,lane_other,3,0,26.85,6.704,1.383,19.592
8474818,D,ES,Wide,302,5,681.68,26.581,23.668,29.755
8474818,D,ES,lane_other,29,2,681.68,2.553,1.709,3.666
8474818,D,PP,Wide,41,4,74.45,33.042,23.712,44.826
8474818,D,PP,lane_other,6,0,74.45,4.835,1.775,10.525
8474818,D,PK,Wide,0,0,13.23,0.0,0.0,16.725
8474818,D,PK,lane_other,0,0,13.23,0.0,0.0,16.725
8482192,D,ES,Wide,384,12,822.13,28.025,25.291,30.973
8482192,D,ES,lane_other,72,4,822.13,5.255,4.111,6.617
8482192,D,PP,Wide,30,4,76.18,23.627,15.941,33.729
8482192,D,PP,lane_other,12,4,76.18,9.451,4.883,16.509
8482192,D,PK,Wide,1,0,18.25,3.288,0.083,18.318
8482192,D,PK,lane_other,0,0,18.25,0.0,0.0,12.128
8477851,D,ES,Wide,939,26,2286.52,24.64,23.089,26.268
8477851,D,ES,lane_other,162,9,2286.52,4.251,3.622,4.958
8477851,D,PP,Wide,36,4,168.65,12.808,8.97,17.731
8477851,D,PP,lane_other,4,0,168.65,1.423,0.388,3.644
8477851,D,PK,Wide,3,0,28.35,6.349,1.309,18.555
8477851,D,PK,lane_other,1,0,28.35,2.116,0.054,11.792
8478859,D,ES,Wide,2301,34,5830.62,23.678,22.721,24.666
8478859,D,ES,lane_other,367,15,5830.62,3.777,3.4,4.183
8478859,D,PP,Wide,327,11,732.72,26.777,23.953,29.842
8478859,D,PP,lane_other,45,2,732.72,3.685,2.688,4.931
8478859,D,PK,Wide,4,0,168.82,1.422,0.387,3.64
8478859,D,PK,lane_other,0,0,168.82,0.0,0.0,1.311
8480884,D,ES,Wide,836,24,2032.97,24.673,23.029,26.404
8480884,D,ES,lane_other,120,2,2032.97,3.542,2.936,4.235
8480884,D,PP,Wide,18,13,312.17,3.46,2.05,5.468
8480884,D,PP,lane_other,3,3,312.17,0.577,0.119,1.685
8480884,D,PK,Wide,40,0,60.15,39.9,28.505,54.333
8480884,D,PK,lane_other,15,0,60.15,14.963,8.374,24.679
8479348,D,ES,Wide,343,11,1010.38,20.369,18.27,22.642
8479348,D,ES,lane_other,52,2,1010.38,3.088,2.306,4.049
8479348,D,PP,Wide,10,5,87.03,6.894,3.306,12.678
8479348,D,PP,lane_other,3,1,87.03,2.068,0.427,6.044
8479348,D,PK,Wide,8,0,18.88,25.419,10.974,50.086
8479348,D,PK,lane_other,2,0,18.88,6.355,0.77,22.956
8477034,D,ES,Wide,946,23,2407.78,23.574,22.095,25.125
8477034,D,ES,lane_other,141,6,2407.78,3.514,2.958,4.144
8477034,D,PP,Wide,122,8,265.53,27.567,22.893,32.915
8477034,D,PP,lane_other,17,5,265.53,3.841,2.238,6.15
8477034,D,PK,Wide,1,0,53.4,1.124,0.028,6.26
8477034,D,PK,lane_other,0,0,53.4,0.0,0.0,4.145
8480847,D,ES,Wide,193,7,527.75,21.942,18.956,25.266
8480847,D,ES,lane_other,23,1,527.75,2.615,1.658,3.924
8480847,D,PP,Wide,1,0,52.75,1.137,0.029,6.337
8480847,D,PP,lane_other,1,1,52.75,1.137,0.029,6.337
8480847,D,PK,Wide,7,0,18.08,23.226,9.338,47.854
8480847,D,PK,lane_other,1,0,18.08,3.318,0.084,18.487
8478467,D,ES,Wide,298,10,739.88,24.166,21.5,27.071
8478467,D,ES,lane_other,49,1,739.88,3.974,2.94,5.253
8478467,D,PP,Wide,25,3,75.9,19.763,12.789,29.174
8478467,D,PP,lane_other,1,1,75.9,0.791,0.02,4.404
8478467,D,PK,Wide,2,0,22.72,5.282,0.64,19.082
8478467,D,PK,lane_other,1,0,22.72,2.641,0.067,14.716
8479984,D,ES,Wide,510,15,1404.15,21.793,19.942,23.769
8479984,D,ES,lane_other,65,2,1404.15,2.777,2.144,3.54
8479984,D,PP,Wide,33,3,112.95,17.53,12.067,24.618
8479984,D,PP,lane_other,4,0,112.95,2.125,0.579,5.44
8479984,D,PK,Wide,2,0,23.72,5.06,0.613,18.277
8479984,D,PK,lane_other,0,0,23.72,0.0,0.0,9.332
8481581,D,ES,Wide,1862,26,4688.77,23.827,22.757,24.935
8481581,D,ES,lane_other,298,12,4688.77,3.813,3.393,4.272
8481581,D,PP,Wide,123,22,684.68,10.779,8.958,12.861
8481581,D,PP,lane_other,28,9,684.68,2.454,1.63,3.546
8481581,D,PK,Wide,52,1,127.88,24.397,18.221,31.994
8481581,D,PK,lane_other,9,0,127.88,4.223,1.931,8.016
8474612,D,ES,Wide,1597,33,3641.47,26.314,25.039,27.637
8474612,D,ES,lane_other,250,9,3641.47,4.119,3.624,4.663
8474612,D,PP,Wide,299,18,488.53,36.722,32.677,41.129
8474612,D,PP,lane_other,38,1,488.53,4.667,3.303,6.406
8474612,D,PK,Wide,5,0,99.57,3.013,0.978,7.031
8474612,D,PK,lane_other,0,0,99.57,0.0,0.0,2.223
8479945,D,ES,Wide,505,14,1238.9,24.457,22.37,26.686
8479945,D,ES,lane_other,72,7,1238.9,3.487,2.728,4.391
8479945,D,PP,Wide,41,6,101.82,24.161,17.338,32.777
8479945,D,PP,lane_other,6,2,101.82,3.536,1.298,7.696
8479945,D,PK,Wide,2,0,25.38,4.728,0.573,17.077
8479945,D,PK,lane_other,0,0,25.38,0.0,0.0,8.72
8480058,D,ES,Wide,1125,26,2809.15,24.029,22.645,25.475
8480058,D,ES,lane_other,195,8,2809.15,4.165,3.601,4.792
8480058,D,PP,Wide,66,17,240.75,16.449,12.721,20.927
8480058,D,PP,lane_other,6,0,240.75,1.495,0.549,3.255
8480058,D,PK,Wide,6,0,45.08,7.985,2.93,17.38
8480058,D,PK,lane_other,7,0,45.08,9.316,3.746,19.195
8479341,D,ES,Wide,187,4,492.7,22.772,19.625,26.281
8479341,D,ES,lane_other,29,2,492.7,3.532,2.365,5.072
8479341,D,PP,Wide,20,1,56.48,21.245,12.977,32.811
8479341,D,PP,lane_other,4,0,56.48,4.249,1.158,10.879
8479341,D,PK,Wide,1,0,11.43,5.248,0.133,29.239
8479341,D,PK,lane_other,1,0,11.43,5.248,0.133,29.239
8474090,D,ES,Wide,994,26,2729.0,21.854,20.517,23.256
8474090,D,ES,lane_other,175,9,2729.0,3.848,3.299,4.462
8474090,D,PP,Wide,134,9,316.58,25.396,21.278,30.078
8474090,D,PP,lane_other,34,3,316.58,6.444,4.463,9.005
8474090,D,PK,Wide,2,0,67.75,1.771,0.215,6.398
8474090,D,PK,lane_other,0,0,67.75,0.0,0.0,3.267
8478038,D,ES,Wide,2784,50,7188.78,23.236,22.381,24.116
8478038,D,ES,lane_other,362,19,7188.78,3.021,2.718,3.349
8478038,D,PP,Wide,443,17,1290.68,20.594,18.72,22.604
8478038,D,PP,lane_other,96,5,1290.68,4.463,3.615,5.45
8478038,D,PK,Wide,55,1,270.25,12.211,9.199,15.894
8478038,D,PK,lane_other,24,0,270.25,5.328,3.414,7.928
8480157,D,ES,Wide,390,12,997.48,23.459,21.188,25.907
8480157,D,ES,lane_other,62,1,997.48,3.729,2.859,4.781
8480157,D,PP,Wide,21,5,88.57,14.227,8.806,21.747
8480157,D,PP,lane_other,1,1,88.57,0.677,0.017,3.775
8480157,D,PK,Wide,3,0,19.97,9.015,1.859,26.346
8480157,D,PK,lane_other,1,0,19.97,3.005,0.076,16.743
8480073,D,ES,Wide,1208,30,3235.3,22.403,21.157,23.703
8480073,D,ES,lane_other,218,14,3235.3,4.043,3.524,4.617
8480073,D,PP,Wide,152,12,498.47,18.296,15.503,21.447
8480073,D,PP,lane_other,27,7,498.47,3.25,2.142,4.729
8480073,D,PK,Wide,25,1,113.62,13.202,8.544,19.489
8480073,D,PK,lane_other,6,1,113.62,3.169,1.163,6.897
8479523,D,ES,Wide,267,9,651.92,24.574,21.714,27.705
8479523,D,ES,lane_other,48,3,651.92,4.418,3.257,5.857
8479523,D,PP,Wide,15,2,46.7,19.272,10.786,31.786
8479523,D,PP,lane_other,1,1,46.7,1.285,0.033,7.158
8479523,D,PK,Wide,0,0,8.08,0.0,0.0,27.381
8479523,D,PK,lane_other,0,0,8.08,0.0,0.0,27.381
8478476,D,ES,Wide,463,13,1170.57,23.732,21.619,25.996
8478476,D,ES,lane_other,77,4,1170.57,3.947,3.115,4.933
8478476,D,PP,Wide,6,6,100.48,3.583,1.315,7.798
8478476,D,PP,lane_other,1,1,100.48,0.597,0.015,3.327
8478476,D,PK,Wide,8,0,19.73,24.324,10.502,47.929
8478476,D,PK,lane_other,2,0,19.73,6.081,0.736,21.967
8480879,D,ES,Wide,1156,20,2656.37,26.111,24.627,27.661
8480879,D,ES,lane_other,175,11,2656.37,3.953,3.389,4.584
8480879,D,PP,Wide,134,19,251.57,31.96,26.778,37.852
8480879,D,PP,lane_other,24,4,251.57,5.724,3.668,8.517
8480879,D,PK,Wide,0,0,40.88,0.0,0.0,5.414
8480879,D,PK,lane_other,0,0,40.88,0.0,0.0,5.414
8477018,D,ES,Wide,1149,27,2719.85,25.347,23.902,26.856
8477018,D,ES,lane_other,161,2,2719.85,3.552,3.024,4.145
8477018,D,PP,Wide,39,12,192.45,12.159,8.646,16.622
8477018,D,PP,lane_other,3,1,192.45,0.935,0.193,2.733
8477018,D,PK,Wide,11,0,40.35,16.357,8.165,29.267
8477018,D,PK,lane_other,3,1,40.35,4.461,0.92,13.037
8480222,D,ES,Wide,994,22,2413.02,24.716,23.203,26.302
8480222,D,ES,lane_other,144,4,2413.02,3.581,3.02,4.215
8480222,D,PP,Wide,48,14,267.12,10.782,7.95,14.295
8480222,D,PP,lane_other,11,3,267.12,2.471,1.233,4.421
8480222,D,PK,Wide,21,1,48.55,25.953,16.065,39.671
8480222,D,PK,lane_other,2,0,48.55,2.472,0.299,8.929
8481059,D,ES,Wide,607,13,1417.58,25.692,23.688,27.819
8481059,D,ES,lane_other,81,4,1417.58,3.428,2.723,4.261
8481059,D,PP,Wide,6,4,196.03,1.836,0.674,3.997
8481059,D,PP,lane_other,1,1,196.03,0.306,0.008,1.705
8481059,D,PK,Wide,26,0,39.75,39.245,25.636,57.503
8481059,D,PK,lane_other,5,0,39.75,7.547,2.451,17.613
8478452,D,ES,Wide,969,23,2399.87,24.226,22.725,25.801
8478452,D,ES,lane_other,152,8,2399.87,3.8,3.22,4.455
8478452,D,PP,Wide,45,16,253.28,10.66,7.775,14.264
8478452,D,PP,lane_other,7,0,253.28,1.658,0.667,3.417
8478452,D,PK,Wide,18,0,65.48,16.493,9.775,26.066
8478452,D,PK,lane_other,5,0,65.48,4.581,1.488,10.691
8482073,D,ES,Wide,2538,39,5502.03,27.677,26.611,28.775
8482073,D,ES,lane_other,366,12,5502.03,3.991,3.593,4.422
8482073,D,PP,Wide,200,10,570.78,21.024,18.211,24.148
8482073,D,PP,lane_other,38,4,570.78,3.995,2.827,5.483
8482073,D,PK,Wide,6,0,137.93,2.61,0.958,5.681
8482073,D,PK,lane_other,3,0,137.93,1.305,0.269,3.814
8480071,D,ES,Wide,147,5,449.97,19.601,16.561,23.039
8480071,D,ES,lane_other,22,0,449.97,2.934,1.838,4.441
8480071,D,PP,Wide,2,2,47.98,2.501,0.303,9.034
8480071,D,PP,lane_other,0,0,47.98,0.0,0.0,4.613
8480071,D,PK,Wide,3,0,10.02,17.97,3.706,52.516
8480071,D,PK,lane_other,0,0,10.02,0.0,0.0,22.096
8481598,D,ES,Wide,1495,39,3635.4,24.674,23.439,25.957
8481598,D,ES,lane_other,175,2,3635.4,2.888,2.476,3.349
8481598,D,PP,Wide,191,11,459.97,24.915,21.507,28.71
8481598,D,PP,lane_other,41,2,459.97,5.348,3.838,7.255
8481598,D,PK,Wide,13,0,96.87,8.052,4.288,13.77
8481598,D,PK,lane_other,8,2,96.87,4.955,2.139,9.764
8479395,D,ES,Wide,388,11,865.02,26.913,24.301,29.729
8479395,D,ES,lane_other,47,2,865.02,3.26,2.395,4.335
8479395,D,PP,Wide,4,3,70.93,3.383,0.922,8.663
8479395,D,PP,lane_other,0,0,70.93,0.0,0.0,3.12
8479395,D,PK,Wide,4,1,16.67,14.4,3.924,36.87
8479395,D,PK,lane_other,2,0,16.67,7.2,0.872,26.009
8478021,D,ES,Wide,389,12,977.33,23.881,21.567,26.377
8478021,D,ES,lane_other,68,3,977.33,4.175,3.242,5.292
8478021,D,PP,Wide,46,9,91.75,30.082,22.024,40.125
8478021,D,PP,lane_other,3,0,91.75,1.962,0.405,5.733
8478021,D,PK,Wide,0,0,18.18,0.0,0.0,12.172
8478021,D,PK,lane_other,0,0,18.18,0.0,0.0,12.172
8480434,D,ES,Wide,1809,35,4953.52,21.912,20.913,22.945
8480434,D,ES,lane_other,306,11,4953.52,3.706,3.303,4.146
8480434,D,PP,Wide,173,30,850.58,12.203,10.453,14.164
8480434,D,PP,lane_other,36,7,850.58,2.539,1.779,3.516
8480434,D,PK,Wide,79,1,169.93,27.893,22.083,34.763
8480434,D,PK,lane_other,22,0,169.93,7.768,4.868,11.76
8478840,D,ES,Wide,2312,51,5279.43,26.276,25.215,27.369
8478840,D,ES,lane_other,354,17,5279.43,4.023,3.615,4.465
8478840,D,PP,Wide,286,13,620.72,27.645,24.534,31.042
8478840,D,PP,lane_other,48,5,620.72,4.64,3.421,6.152
8478840,D,PK,Wide,1,0,104.43,0.575,0.015,3.201
8478840,D,PK,lane_other,0,0,104.43,0.0,0.0,2.119
8481546,D,ES,Wide,2064,36,5368.57,23.068,22.083,24.085
8481546,D,ES,lane_other,312,17,5368.57,3.487,3.111,3.896
8481546,D,PP,Wide,240,7,777.67,18.517,16.248,21.014
8481546,D,PP,lane_other,66,4,777.67,5.092,3.938,6.478
8481546,D,PK,Wide,57,1,176.73,19.351,14.656,25.072
8481546,D,PK,lane_other,15,1,176.73,5.092,2.85,8.399
8478970,D,ES,Wide,1599,40,4670.57,20.541,19.547,21.574
8478970,D,ES,lane_other,268,11,4670.57,3.443,3.043,3.881
8478970,D,PP,Wide,152,17,465.88,19.576,16.587,22.947
8478970,D,PP,lane_other,43,4,465.88,5.538,4.008,7.459
8478970,D,PK,Wide,1,0,122.62,0.489,0.012,2.726
8478970,D,PK,lane_other,0,0,122.62,0.0,0.0,1.805
8475625,D,ES,Wide,340,10,922.18,22.121,19.832,24.602
8475625,D,ES,lane_other,66,3,922.18,4.294,3.321,5.463
8475625,D,PP,Wide,43,2,70.85,36.415,26.354,49.051
8475625,D,PP,lane_other,7,0,70.85,5.928,2.383,12.214
8475625,D,PK,Wide,0,0,14.98,0.0,0.0,14.772
8475625,D,PK,lane_other,0,0,14.98,0.0,0.0,14.772
8481568,D,ES,Wide,2009,35,4696.13,25.668,24.558,26.815
8481568,D,ES,lane_other,296,20,4696.13,3.782,3.363,4.238
8481568,D,PP,Wide,274,4,594.5,27.653,24.476,31.129
8481568,D,PP,lane_other,53,2,594.5,5.349,4.007,6.997
8481568,D,PK,Wide,27,1,109.53,14.79,9.747,21.519
8481568,D,PK,lane_other,3,2,109.53,1.643,0.339,4.803
8480831,D,ES,Wide,292,7,659.57,26.563,23.603,29.791
8480831,D,ES,lane_other,51,3,659.57,4.639,3.454,6.1
8480831,D,PP,Wide,23,3,76.77,17.977,11.396,26.974
8480831,D,PP,lane_other,12,1,76.77,9.379,4.846,16.383
8480831,D,PK,Wide,2,0,12.18,9.85,1.193,35.58
8480831,D,PK,lane_other,1,0,12.18,4.925,0.125,27.439
8480860,D,ES,Wide,2051,39,4739.45,25.965,24.853,27.114
8480860,D,ES,lane_other,304,19,4739.45,3.849,3.428,4.306
8480860,D,PP,Wide,279,6,523.1,32.002,28.356,35.985
8480860,D,PP,lane_other,51,2,523.1,5.85,4.356,7.691
8480860,D,PK,Wide,2,0,112.98,1.062,0.129,3.837
8480860,D,PK,lane_other,2,0,112.98,1.062,0.129,3.837
8482111,D,ES,Wide,1203,23,2913.77,24.772,23.392,26.212
8482111,D,ES,lane_other,206,13,2913.77,4.242,3.682,4.862
8482111,D,PP,Wide,73,22,329.95,13.275,10.405,16.691
8482111,D,PP,lane_other,17,6,329.95,3.091,1.801,4.95
8482111,D,PK,Wide,17,1,64.55,15.802,9.205,25.3
8482111,D,PK,lane_other,5,1,64.55,4.648,1.509,10.846
8478454,D,ES,Wide,846,19,2047.97,24.786,23.143,26.514
8478454,D,ES,lane_other,137,5,2047.97,4.014,3.37,4.745
8478454,D,PP,Wide,149,6,285.17,31.35,26.518,36.807
8478454,D,PP,lane_other,34,2,285.17,7.154,4.954,9.997
8478454,D,PK,Wide,2,0,42.77,2.806,0.34,10.136
8478454,D,PK,lane_other,0,0,42.77,0.0,0.0,5.175
8482655,D,ES,Wide,2191,37,5604.33,23.457,22.485,24.46
8482655,D,ES,lane_other,344,21,5604.33,3.683,3.304,4.093
8482655,D,PP,Wide,458,19,917.22,29.96,27.279,32.834
8482655,D,PP,lane_other,82,4,917.22,5.364,4.266,6.658
8482655,D,PK,Wide,27,0,181.43,8.929,5.884,12.991
8482655,D,PK,lane_other,15,1,181.43,4.96,2.776,8.182
8479578,D,ES,Wide,276,4,816.55,20.28,17.958,22.82
8479578,D,ES,lane_other,44,3,816.55,3.233,2.349,4.34
8479578,D,PP,Wide,54,4,97.73,33.151,24.904,43.255
8479578,D,PP,lane_other,6,0,97.73,3.683,1.352,8.017
8479578,D,PK,Wide,0,0,24.05,0.0,0.0,9.203
8479578,D,PK,lane_other,0,0,24.05,0.0,0.0,9.203
8480887,D,ES,Wide,1053,20,2457.28,25.711,24.182,27.312
8480887,D,ES,lane_other,182,6,2457.28,4.444,3.822,5.139
8480887,D,PP,Wide,94,14,277.53,20.322,16.422,24.869
8480887,D,PP,lane_other,14,0,277.53,3.027,1.655,5.078
8480887,D,PK,Wide,2,0,44.18,2.716,0.329,9.811
8480887,D,PK,lane_other,0,0,44.18,0.0,0.0,5.009
8476441,D,ES,Wide,2052,23,4749.25,25.924,24.814,27.071
8476441,D,ES,lane_other,352,20,4749.25,4.447,3.995,4.937
8476441,D,PP,Wide,413,22,618.9,40.039,36.27,44.093
8476441,D,PP,lane_other,77,8,618.9,7.465,5.891,9.33
8476441,D,PK,Wide,5,0,113.8,2.636,0.856,6.152
8476441,D,PK,lane_other,1,0,113.8,0.527,0.013,2.938
8478178,D,ES,Wide,1626,40,4072.18,23.958,22.807,25.151
8478178,D,ES,lane_other,233,11,4072.18,3.433,3.006,3.903
8478178,D,PP,Wide,64,10,497.85,7.713,5.94,9.85
8478178,D,PP,lane_other,11,4,497.85,1.326,0.662,2.372
8478178,D,PK,Wide,53,1,118.77,26.775,20.056,35.023
8478178,D,PK,lane_other,14,2,118.77,7.073,3.867,11.867
8480001,D,ES,Wide,1298,28,2989.47,26.051,24.653,27.508
8480001,D,ES,lane_other,197,8,2989.47,3.954,3.421,4.546
8480001,D,PP,Wide,177,20,320.07,33.181,28.472,38.445
8480001,D,PP,lane_other,18,0,320.07,3.374,2.0,5.333
8480001,D,PK,Wide,1,0,44.75,1.341,0.034,7.47
8480001,D,PK,lane_other,0,0,44.75,0.0,0.0,4.946
8480807,D,ES,Wide,2017,46,4993.53,24.235,23.189,25.317
8480807,D,ES,lane_other,297,16,4993.53,3.569,3.174,3.998
8480807,D,PP,Wide,410,6,621.97,39.552,35.816,43.572
8480807,D,PP,lane_other,64,0,621.97,6.174,4.755,7.884
8480807,D,PK,Wide,2,0,116.77,1.028,0.124,3.712
8480807,D,PK,lane_other,0,0,116.77,0.0,0.0,1.896
8481572,D,ES,Wide,228,1,549.47,24.897,21.77,28.347
8481572,D,ES,lane_other,25,1,549.47,2.73,1.767,4.03
8481572,D,PP,Wide,5,2,35.6,8.427,2.736,19.666
8481572,D,PP,lane_other,1,1,35.6,1.685,0.043,9.39
8481572,D,PK,Wide,3,0,10.42,17.28,3.564,50.499
8481572,D,PK,lane_other,3,0,10.42,17.28,3.564,50.499
8481708,D,ES,Wide,659,14,1461.0,27.064,25.037,29.211
8481708,D,ES,lane_other,108,6,1461.0,4.435,3.638,5.355
8481708,D,PP,Wide,7,1,130.62,3.216,1.293,6.625
8481708,D,PP,lane_other,2,1,130.62,0.919,0.111,3.319
8481708,D,PK,Wide,11,0,28.95,22.798,11.381,40.792
8481708,D,PK,lane_other,5,0,28.95,10.363,3.365,24.183
8481461,D,ES,Wide,184,3,491.67,22.454,19.327,25.943
8481461,D,ES,lane_other,31,2,491.67,3.783,2.57,5.37
8481461,D,PP,Wide,16,5,46.15,20.802,11.89,33.781
8481461,D,PP,lane_other,7,3,46.15,9.101,3.659,18.751
8481461,D,PK,Wide,1,0,9.3,6.452,0.163,35.946
8481461,D,PK,lane_other,0,0,9.3,0.0,0.0,23.799
8480192,D,ES,Wide,1587,31,3902.88,24.397,23.212,25.628
8480192,D,ES,lane_other,229,10,3902.88,3.52,3.079,4.007
8480192,D,PP,Wide,217,12,520.63,25.008,21.791,28.566
8480192,D,PP,lane_other,61,2,520.63,7.03,5.377,9.03
8480192,D,PK,Wide,1,0,83.15,0.722,0.018,4.02
8480192,D,PK,lane_other,0,0,83.15,0.0,0.0,2.662
8480823,D,ES,Wide,476,12,1081.82,26.4,24.081,28.882
8480823,D,ES,lane_other,73,2,1081.82,4.049,3.174,5.091
8480823,D,PP,Wide,25,0,76.65,19.569,12.664,28.888
8480823,D,PP,lane_other,9,3,76.65,7.045,3.221,13.374
8480823,D,PK,Wide,1,0,13.93,4.306,0.109,23.993
8480823,D,PK,lane_other,0,0,13.93,0.0,0.0,15.885
8481161,D,ES,Wide,830,16,1713.05,29.071,27.127,31.118
8481161,D,ES,lane_other,108,4,1713.05,3.783,3.103,4.567
8481161,D,PP,Wide,34,9,87.3,23.368,16.183,32.654
8481161,D,PP,lane_other,5,1,87.3,3.436,1.116,8.019
8481161,D,PK,Wide,0,0,20.37,0.0,0.0,10.867
8481161,D,PK,lane_other,0,0,20.37,0.0,0.0,10.867
8481178,D,ES,Wide,987,29,2516.47,23.533,22.088,25.048
8481178,D,ES,lane_other,147,11,2516.47,3.505,2.961,4.12
8481178,D,PP,Wide,41,10,236.58,10.398,7.462,14.106
8481178,D,PP,lane_other,9,3,236.58,2.282,1.044,4.333
8481178,D,PK,Wide,16,0,53.03,18.102,10.347,29.396
8481178,D,PK,lane_other,4,0,53.03,4.525,1.233,11.587
8479421,D,ES,Wide,463,10,1180.53,23.532,21.437,25.776
8479421,D,ES,lane_other,68,5,1180.53,3.456,2.684,4.381
8479421,D,PP,Wide,22,3,66.4,19.88,12.458,30.098
8479421,D,PP,lane_other,8,2,66.4,7.229,3.121,14.244
8479421,D,PK,Wide,0,0,13.07,0.0,0.0,16.939
8479421,D,PK,lane_other,0,0,13.07,0.0,0.0,16.939
8477541,D,ES,Wide,386,13,819.48,28.262,25.512,31.227
8477541,D,ES,lane_other,59,0,819.48,4.32,3.288,5.572
8477541,D,PP,Wide,31,4,76.35,24.361,16.552,34.579
8477541,D,PP,lane_other,6,0,76.35,4.715,1.73,10.263
8477541,D,PK,Wide,2,0,9.13,13.139,1.591,47.461
8477541,D,PK,lane_other,0,0,9.13,0.0,0.0,24.234
8481609,D,ES,Wide,519,12,1120.65,27.787,25.448,30.284
8481609,D,ES,lane_other,65,3,1120.65,3.48,2.686,4.436
8481609,D,PP,Wide,29,8,78.72,22.105,14.804,31.746
8481609,D,PP,lane_other,4,1,78.72,3.049,0.831,7.806
8481609,D,PK,Wide,0,0,11.18,0.0,0.0,19.791
8481609,D,PK,lane_other,0,0,11.18,0.0,0.0,19.791
8480049,D,ES,Wide,1683,32,4346.85,23.231,22.134,24.368
8480049,D,ES,lane_other,249,10,4346.85,3.437,3.023,3.891
8480049,D,PP,Wide,323,4,522.98,37.057,33.125,41.326
8480049,D,PP,lane_other,56,2,522.98,6.425,4.853,8.343
8480049,D,PK,Wide,1,0,86.73,0.692,0.018,3.854
8480049,D,PK,lane_other,0,0,86.73,0.0,0.0,2.552
8480990,D,ES,Wide,781,7,1736.27,26.989,25.129,28.95
8480990,D,ES,lane_other,102,5,1736.27,3.525,2.874,4.279
8480990,D,PP,Wide,30,11,182.7,9.852,6.647,14.065
8480990,D,PP,lane_other,3,1,182.7,0.985,0.203,2.879
8480990,D,PK,Wide,9,1,39.77,13.579,6.209,25.778
8480990,D,PK,lane_other,6,1,39.77,9.053,3.322,19.704
8479985,D,ES,Wide,340,3,763.25,26.728,23.962,29.725
8479985,D,ES,lane_other,51,1,763.25,4.009,2.985,5.271
8479985,D,PP,Wide,20,6,60.05,19.983,12.206,30.863
8479985,D,PP,lane_other,5,2,60.05,4.996,1.622,11.659
8479985,D,PK,Wide,0,0,14.58,0.0,0.0,15.177
8479985,D,PK,lane_other,0,0,14.58,0.0,0.0,15.177
8481527,D,ES,Wide,997,26,2241.6,26.686,25.055,28.396
8481527,D,ES,lane_other,126,3,2241.6,3.373,2.809,4.015
8481527,D,PP,Wide,32,4,135.48,14.171,9.693,20.006
8481527,D,PP,lane_other,7,4,135.48,3.1,1.246,6.387
8481527,D,PK,Wide,3,0,22.55,7.982,1.646,23.328
8481527,D,PK,lane_other,0,0,22.55,0.0,0.0,9.815
8481606,D,ES,Wide,1277,26,3631.33,21.1,19.958,22.289
8481606,D,ES,lane_other,206,9,3631.33,3.404,2.955,3.902
8481606,D,PP,Wide,37,15,439.9,5.047,3.553,6.956
8481606,D,PP,lane_other,11,5,439.9,1.5,0.749,2.685
8481606,D,PK,Wide,31,1,79.88,23.284,15.82,33.05
8481606,D,PK,lane_other,6,0,79.88,4.507,1.654,9.809
8481167,D,ES,Wide,1112,20,2205.65,30.25,28.498,32.081
8481167,D,ES,lane_other,164,8,2205.65,4.461,3.805,5.199
8481167,D,PP,Wide,115,10,218.4,31.593,26.084,37.923
8481167,D,PP,lane_other,17,0,218.4,4.67,2.721,7.478
8481167,D,PK,Wide,1,0,46.73,1.284,0.033,7.153
8481167,D,PK,lane_other,0,0,46.73,0.0,0.0,4.736
8482067,D,ES,Wide,173,6,478.5,21.693,18.581,25.177
8482067,D,ES,lane_other,32,1,478.5,4.013,2.745,5.665
8482067,D,PP,Wide,30,4,58.48,30.778,20.766,43.938
8482067,D,PP,lane_other,4,0,58.48,4.104,1.118,10.507
8482067,D,PK,Wide,0,0,9.22,0.0,0.0,24.014
8482067,D,PK,lane_other,0,0,9.22,0.0,0.0,24.014
8482671,D,ES,Wide,2320,48,5875.25,23.693,22.738,24.677
8482671,D,ES,lane_other,334,13,5875.25,3.411,3.055,3.797
8482671,D,PP,Wide,293,25,972.0,18.086,16.075,20.28
8482671,D,PP,lane_other,45,3,972.0,2.778,2.026,3.717
8482671,D,PK,Wide,63,4,201.65,18.745,14.404,23.983
8482671,D,PK,lane_other,17,0,201.65,5.058,2.947,8.099
8483565,D,ES,Wide,1119,27,2608.8,25.736,24.25,27.289
8483565,D,ES,lane_other,178,16,2608.8,4.094,3.515,4.741
8483565,D,PP,Wide,115,6,367.12,18.795,15.517,22.561
8483565,D,PP,lane_other,17,2,367.12,2.778,1.619,4.449
8483565,D,PK,Wide,23,0,72.32,19.083,12.097,28.633
8483565,D,PK,lane_other,5,1,72.32,4.148,1.347,9.681
8481537,D,ES,Wide,450,16,928.07,29.093,26.467,31.909
8481537,D,ES,lane_other,62,5,928.07,4.008,3.073,5.139
8481537,D,PP,Wide,24,4,73.02,19.722,12.636,29.344
8481537,D,PP,lane_other,6,0,73.02,4.93,1.809,10.731
8481537,D,PK,Wide,1,0,12.38,4.845,0.123,26.996
8481537,D,PK,lane_other,3,1,12.38,14.536,2.998,42.479
8482087,D,ES,Wide,1523,25,3507.13,26.055,24.763,27.398
8482087,D,ES,lane_other,225,20,3507.13,3.849,3.363,4.386
8482087,D,PP,Wide,246,9,521.1,28.325,24.895,32.094
8482087,D,PP,lane_other,39,4,521.1,4.491,3.193,6.139
8482087,D,PK,Wide,4,1,87.17,2.753,0.75,7.05
8482087,D,PK,lane_other,2,0,87.17,1.377,0.167,4.973
8482964,D,ES,Wide,1265,29,2881.48,26.341,24.909,27.833
8482964,D,ES,lane_other,190,5,2881.48,3.956,3.414,4.561
8482964,D,PP,Wide,56,8,293.4,11.452,8.651,14.871
8482964,D,PP,lane_other,9,1,293.4,1.84,0.842,3.494
8482964,D,PK,Wide,13,1,51.17,15.244,8.117,26.068
8482964,D,PK,lane_other,1,0,51.17,1.173,0.03,6.534
8482105,D,ES,Wide,1980,44,5454.72,21.779,20.83,22.76
8482105,D,ES,lane_other,288,9,5454.72,3.168,2.813,3.556
8482105,D,PP,Wide,444,7,1212.77,21.966,19.97,24.108
8482105,D,PP,lane_other,94,1,1212.77,4.651,3.758,5.691
8482105,D,PK,Wide,79,0,208.3,22.756,18.016,28.36
8482105,D,PK,lane_other,29,1,208.3,8.353,5.594,11.997
8482730,D,ES,Wide,1110,14,2689.3,24.765,23.329,26.266
8482730,D,ES,lane_other,202,8,2689.3,4.507,3.907,5.173
8482730,D,PP,Wide,16,9,320.75,2.993,1.711,4.86
8482730,D,PP,lane_other,5,4,320.75,0.935,0.304,2.183
8482730,D,PK,Wide,46,0,70.73,39.02,28.567,52.047
8482730,D,PK,lane_other,14,0,70.73,11.876,6.492,19.925
8480246,D,ES,Wide,1837,38,4401.58,25.041,23.909,26.213
8480246,D,ES,lane_other,298,16,4401.58,4.062,3.614,4.551
8480246,D,PP,Wide,98,8,354.57,16.584,13.463,20.21
8480246,D,PP,lane_other,27,4,354.57,4.569,3.011,6.648
8480246,D,PK,Wide,3,0,79.6,2.261,0.466,6.608
8480246,D,PK,lane_other,0,0,79.6,0.0,0.0,2.781
8483460,D,ES,Wide,491,12,1064.8,27.667,25.274,30.226
8483460,D,ES,lane_other,79,8,1064.8,4.452,3.524,5.548
8483460,D,PP,Wide,20,7,66.92,17.933,10.954,27.696
8483460,D,PP,lane_other,3,0,66.92,2.69,0.555,7.861
8483460,D,PK,Wide,1,0,12.02,4.993,0.126,27.82
8483460,D,PK,lane_other,0,0,12.02,0.0,0.0,18.419
8480084,D,ES,Wide,551,6,1221.42,27.067,24.854,29.424
8480084,D,ES,lane_other,84,1,1221.42,4.126,3.291,5.109
8480084,D,PP,Wide,14,5,66.87,12.562,6.868,21.077
8480084,D,PP,lane_other,3,1,66.87,2.692,0.555,7.867
8480084,D,PK,Wide,1,0,9.08,6.606,0.167,36.804
8480084,D,PK,lane_other,0,0,9.08,0.0,0.0,24.367
8478502,D,ES,Wide,395,14,988.13,23.985,21.677,26.471
8478502,D,ES,lane_other,59,2,988.13,3.583,2.727,4.621
8478502,D,PP,Wide,16,1,66.82,14.368,8.212,23.332
8478502,D,PP,lane_other,2,0,66.82,1.796,0.217,6.488
8478502,D,PK,Wide,0,0,14.12,0.0,0.0,15.679
8478502,D,PK,lane_other,0,0,14.12,0.0,0.0,15.679
8483620,D,ES,Wide,230,4,503.88,27.387,23.962,31.165
8483620,D,ES,lane_other,35,1,503.88,4.168,2.903,5.796
8483620,D,PP,Wide,11,3,66.3,9.955,4.969,17.812
8483620,D,PP,lane_other,3,0,66.3,2.715,0.56,7.934
8483620,D,PK,Wide,8,0,15.57,30.835,13.312,60.757
8483620,D,PK,lane_other,2,0,15.57,7.709,0.934,27.847
8477971,D,ES,Wide,796,23,1886.5,25.317,23.588,27.138
8477971,D,ES,lane_other,128,7,1886.5,4.071,3.396,4.84
8477971,D,PP,Wide,55,6,177.02,18.642,14.044,24.266
8477971,D,PP,lane_other,23,2,177.02,7.796,4.942,11.698
8477971,D,PK,Wide,0,0,28.17,0.0,0.0,7.858
8477971,D,PK,lane_other,0,0,28.17,0.0,0.0,7.858
8481006,D,ES,Wide,795,18,2017.97,23.638,22.023,25.34
8481006,D,ES,lane_other,112,4,2017.97,3.33,2.742,4.007
8481006,D,PP,Wide,68,3,143.98,28.337,22.004,35.923
8481006,D,PP,lane_other,13,4,143.98,5.417,2.884,9.264
8481006,D,PK,Wide,0,0,32.72,0.0,0.0,6.765
8481006,D,PK,lane_other,0,0,32.72,0.0,0.0,6.765
8481056,D,ES,Wide,638,18,1608.85,23.793,21.983,25.713
8481056,D,ES,lane_other,100,6,1608.85,3.729,3.034,4.536
8481056,D,PP,Wide,71,7,180.48,23.603,18.434,29.772
8481056,D,PP,lane_other,10,1,180.48,3.324,1.594,6.114
8481056,D,PK,Wide,3,0,39.07,4.608,0.95,13.465
8481056,D,PK,lane_other,0,0,39.07,0.0,0.0,5.666
8481072,D,ES,Wide,406,13,916.12,26.59,24.067,29.307
8481072,D,ES,lane_other,64,6,916.12,4.192,3.228,5.353
8481072,D,PP,Wide,21,8,58.07,21.699,13.432,33.17
8481072,D,PP,lane_other,1,1,58.07,1.033,0.026,5.757
8481072,D,PK,Wide,1,0,13.85,4.332,0.11,24.137
8481072,D,PK,lane_other,0,0,13.85,0.0,0.0,15.981
8478450,D,ES,Wide,1241,32,3000.77,24.814,23.452,26.234
8478450,D,ES,lane_other,210,20,3000.77,4.199,3.65,4.807
8478450,D,PP,Wide,185,6,321.93,34.479,29.69,39.822
8478450,D,PP,lane_other,25,0,321.93,4.659,3.015,6.878
8478450,D,PK,Wide,1,0,71.37,0.841,0.021,4.684
8478450,D,PK,lane_other,1,0,71.37,0.841,0.021,4.684
8479576,D,ES,Wide,1203,27,2979.85,24.223,22.873,25.631
8479576,D,ES,lane_other,172,10,2979.85,3.463,2.965,4.021
8479576,D,PP,Wide,225,3,405.9,33.259,29.055,37.901
8479576,D,PP,lane_other,39,3,405.9,5.765,4.099,7.881
8479576,D,PK,Wide,1,0,80.15,0.749,0.019,4.171
8479576,D,PK,lane_other,0,0,80.15,0.0,0.0,2.761
8481541,D,ES,Wide,300,4,635.42,28.328,25.213,31.722
8481541,D,ES,lane_other,45,1,635.42,4.249,3.099,5.686
8481541,D,PP,Wide,6,3,47.87,7.521,2.76,16.37
8481541,D,PP,lane_other,0,0,47.87,0.0,0.0,4.624
8481541,D,PK,Wide,6,0,10.4,34.615,12.703,75.343
8481541,D,PK,lane_other,0,0,10.4,0.0,0.0,21.282
8480891,D,ES,Wide,1199,30,2729.58,26.356,24.885,27.891
8480891,D,ES,lane_other,174,11,2729.58,3.825,3.278,4.437
8480891,D,PP,Wide,59,13,237.28,14.919,11.357,19.244
8480891,D,PP,lane_other,10,1,237.28,2.529,1.213,4.65
8480891,D,PK,Wide,7,2,44.0,9.545,3.838,19.667
8480891,D,PK,lane_other,3,0,44.0,4.091,0.844,11.955
8482861,D,ES,Wide,215,8,459.97,28.046,24.422,32.055
8482861,D,ES,lane_other,32,1,459.97,4.174,2.855,5.893
8482861,D,PP,Wide,16,2,57.28,16.759,9.579,27.215
8482861,D,PP,lane_other,5,2,57.28,5.237,1.7,12.222
8482861,D,PK,Wide,0,0,4.35,0.0,0.0,50.881
8482861,D,PK,lane_other,0,0,4.35,0.0,0.0,50.881
8482762,D,ES,Wide,1270,27,3157.88,24.13,22.821,25.495
8482762,D,ES,lane_other,203,8,3157.88,3.857,3.345,4.426
8482762,D,PP,Wide,165,11,338.48,29.248,24.956,34.067
8482762,D,PP,lane_other,40,0,338.48,7.09,5.066,9.655
8482762,D,PK,Wide,2,1,48.78,2.46,0.298,8.886
8482762,D,PK,lane_other,0,0,48.78,0.0,0.0,4.537
8482176,D,ES,Wide,1191,26,2780.92,25.697,24.258,27.198
8482176,D,ES,lane_other,191,9,2780.92,4.121,3.557,4.749
8482176,D,PP,Wide,143,8,321.85,26.658,22.468,31.403
8482176,D,PP,lane_other,42,2,321.85,7.83,5.643,10.584
8482176,D,PK,Wide,2,0,65.13,1.842,0.223,6.655
8482176,D,PK,lane_other,0,0,65.13,0.0,0.0,3.398
8482095,D,ES,Wide,937,26,2240.48,25.093,23.512,26.752
8482095,D,ES,lane_other,143,8,2240.48,3.83,3.228,4.511
8482095,D,PP,Wide,64,19,234.78,16.356,12.596,20.886
8482095,D,PP,lane_other,16,3,234.78,4.089,2.337,6.64
8482095,D,PK,Wide,4,0,38.07,6.305,1.718,16.143
8482095,D,PK,lane_other,0,0,38.07,0.0,0.0,5.814
8481567,D,ES,Wide,962,21,1915.92,30.127,28.253,32.092
8481567,D,ES,lane_other,121,9,1915.92,3.789,3.144,4.528
8481567,D,PP,Wide,84,10,231.4,21.78,17.373,26.966
8481567,D,PP,lane_other,18,4,231.4,4.667,2.766,7.376
8481567,D,PK,Wide,10,0,32.68,18.358,8.803,33.761
8481567,D,PK,lane_other,5,0,32.68,9.179,2.98,21.421
8482516,D,ES,Wide,575,10,1313.97,26.256,24.154,28.493
8482516,D,ES,lane_other,82,4,1313.97,3.744,2.978,4.648
8482516,D,PP,Wide,27,7,87.17,18.585,12.248,27.04
8482516,D,PP,lane_other,3,0,87.17,2.065,0.426,6.035
8482516,D,PK,Wide,0,0,14.58,0.0,0.0,15.177
8482516,D,PK,lane_other,0,0,14.58,0.0,0.0,15.177
8481563,D,ES,Wide,768,12,1688.85,27.285,25.389,29.285
8481563,D,ES,lane_other,115,6,1688.85,4.086,3.373,4.904
8481563,D,PP,Wide,69,11,170.08,24.341,18.939,30.805
8481563,D,PP,lane_other,15,1,170.08,5.292,2.962,8.728
8481563,D,PK,Wide,1,0,29.33,2.045,0.052,11.397
8481563,D,PK,lane_other,0,0,29.33,0.0,0.0,7.545
8482122,D,ES,Wide,2106,33,4836.62,26.126,25.022,27.266
8482122,D,ES,lane_other,297,15,4836.62,3.684,3.277,4.128
8482122,D,PP,Wide,316,18,840.88,22.548,20.13,25.176
8482122,D,PP,lane_other,61,1,840.88,4.353,3.329,5.591
8482122,D,PK,Wide,52,0,135.87,22.964,17.15,30.114
8482122,D,PK,lane_other,15,1,135.87,6.624,3.707,10.926
8482684,D,ES,Wide,1500,29,4008.17,22.454,21.332,23.62
8482684,D,ES,lane_other,272,17,4008.17,4.072,3.602,4.585
8482684,D,PP,Wide,64,16,591.65,6.49,4.998,8.288
8482684,D,PP,lane_other,17,6,591.65,1.724,1.004,2.76
8482684,D,PK,Wide,47,0,92.7,30.421,22.352,40.453
8482684,D,PK,lane_other,15,0,92.7,9.709,5.434,16.013
8481605,D,ES,Wide,1566,30,3961.83,23.716,22.556,24.921
8481605,D,ES,lane_other,249,14,3961.83,3.771,3.317,4.27
8481605,D,PP,Wide,220,15,724.82,18.212,15.884,20.784
8481605,D,PP,lane_other,52,3,724.82,4.305,3.215,5.645
8481605,D,PK,Wide,44,0,130.88,20.171,14.656,27.078
8481605,D,PK,lane_other,8,0,130.88,3.667,1.583,7.226
8483466,D,ES,Wide,775,27,1660.2,28.009,26.071,30.052
8483466,D,ES,lane_other,135,5,1660.2,4.879,4.091,5.775
8483466,D,PP,Wide,6,3,187.28,1.922,0.705,4.184
8483466,D,PP,lane_other,3,2,187.28,0.961,0.198,2.809
8483466,D,PK,Wide,12,0,33.02,21.807,11.268,38.093
8483466,D,PK,lane_other,3,0,33.02,5.452,1.124,15.932
8484304,D,ES,Wide,796,22,1986.58,24.041,22.4,25.771
8484304,D,ES,lane_other,101,7,1986.58,3.05,2.485,3.707
8484304,D,PP,Wide,39,9,248.92,9.401,6.685,12.851
8484304,D,PP,lane_other,9,3,248.92,2.169,0.992,4.118
8484304,D,PK,Wide,5,0,41.1,7.299,2.37,17.034
8484304,D,PK,lane_other,3,0,41.1,4.38,0.903,12.799
8482126,D,ES,Wide,593,12,1502.77,23.676,21.809,25.661
8482126,D,ES,lane_other,83,5,1502.77,3.314,2.639,4.108
8482126,D,PP,Wide,18,9,128.97,8.374,4.963,13.235
8482126,D,PP,lane_other,4,0,128.97,1.861,0.507,4.765
8482126,D,PK,Wide,9,0,26.38,20.467,9.359,38.854
8482126,D,PK,lane_other,3,0,26.38,6.822,1.407,19.938
8483490,D,ES,Wide,1369,31,3025.67,27.148,25.729,28.625
8483490,D,ES,lane_other,200,11,3025.67,3.966,3.435,4.555
8483490,D,PP,Wide,149,22,471.58,18.957,16.036,22.257
8483490,D,PP,lane_other,34,1,471.58,4.326,2.996,6.045
8483490,D,PK,Wide,21,0,81.28,15.501,9.596,23.695
8483490,D,PK,lane_other,5,0,81.28,3.691,1.198,8.613
8480834,D,ES,Wide,1015,22,2405.92,25.313,23.779,26.919
8480834,D,ES,lane_other,151,9,2405.92,3.766,3.189,4.417
8480834,D,PP,Wide,128,1,256.9,29.895,24.941,35.545
8480834,D,PP,lane_other,18,2,256.9,4.204,2.492,6.644
8480834,D,PK,Wide,2,0,46.27,2.594,0.314,9.369
8480834,D,PK,lane_other,0,0,46.27,0.0,0.0,4.784
8478854,D,ES,Wide,932,19,2155.82,25.939,24.3,27.659
8478854,D,ES,lane_other,132,7,2155.82,3.674,3.074,4.357
8478854,D,PP,Wide,153,3,283.28,32.406,27.474,37.967
8478854,D,PP,lane_other,25,2,283.28,5.295,3.427,7.817
8478854,D,PK,Wide,3,0,47.8,3.766,0.777,11.005
8478854,D,PK,lane_other,1,0,47.8,1.255,0.032,6.994
8482470,D,ES,Wide,247,7,562.97,26.325,23.144,29.821
8482470,D,ES,lane_other,33,1,562.97,3.517,2.421,4.939
8482470,D,PP,Wide,19,2,48.72,23.401,14.089,36.543
8482470,D,PP,lane_other,1,1,48.72,1.232,0.031,6.862
8482470,D,PK,Wide,1,0,7.85,7.643,0.194,42.586
8482470,D,PK,lane_other,0,0,7.85,0.0,0.0,28.195
8482094,D,ES,Wide,246,7,467.85,31.549,27.729,35.747
8482094,D,ES,lane_other,32,0,467.85,4.104,2.807,5.793
8482094,D,PP,Wide,29,4,61.95,28.087,18.81,40.338
8482094,D,PP,lane_other,1,0,61.95,0.969,0.025,5.396
8482094,D,PK,Wide,1,0,10.9,5.505,0.139,30.67
8482094,D,PK,lane_other,0,0,10.9,0.0,0.0,20.306
8484321,D,ES,Wide,554,13,1180.83,28.15,25.854,30.594
8484321,D,ES,lane_other,81,3,1180.83,4.116,3.268,5.115
8484321,D,PP,Wide,35,6,95.38,22.016,15.335,30.62
8484321,D,PP,lane_other,11,0,95.38,6.919,3.454,12.381
8484321,D,PK,Wide,0,0,14.17,0.0,0.0,15.623
8484321,D,PK,lane_other,0,0,14.17,0.0,0.0,15.623
8482511,D,ES,Wide,1305,26,2851.42,27.46,25.99,28.991
8482511,D,ES,lane_other,185,8,2851.42,3.893,3.352,4.496
8482511,D,PP,Wide,40,17,337.43,7.113,5.081,9.685
8482511,D,PP,lane_other,9,3,337.43,1.6,0.732,3.038
8482511,D,PK,Wide,39,2,79.45,29.452,20.944,40.263
8482511,D,PK,lane_other,12,0,79.45,9.062,4.683,15.83
8481743,D,ES,Wide,385,9,761.93,30.318,27.364,33.503
8481743,D,ES,lane_other,50,4,761.93,3.937,2.922,5.191
8481743,D,PP,Wide,17,1,69.55,14.666,8.543,23.481
8481743,D,PP,lane_other,2,1,69.55,1.725,0.209,6.233
8481743,D,PK,Wide,0,0,14.6,0.0,0.0,15.16
8481743,D,PK,lane_other,0,0,14.6,0.0,0.0,15.16
8481564,D,ES,Wide,281,8,604.38,27.896,24.73,31.356
8481564,D,ES,lane_other,41,1,604.38,4.07,2.921,5.522
8481564,D,PP,Wide,8,6,33.15,14.48,6.251,28.531
8481564,D,PP,lane_other,0,0,33.15,0.0,0.0,6.677
8481564,D,PK,Wide,0,0,0.97,0.0,0.0,228.965
8481564,D,PK,lane_other,0,0,0.97,0.0,0.0,228.965
8484258,D,ES,Wide,1142,22,2588.18,26.474,24.961,28.055
8484258,D,ES,lane_other,166,10,2588.18,3.848,3.285,4.48
8484258,D,PP,Wide,41,8,206.55,11.91,8.547,16.157
8484258,D,PP,lane_other,8,1,206.55,2.324,1.003,4.579
8484258,D,PK,Wide,6,0,46.42,7.756,2.846,16.881
8484258,D,PK,lane_other,1,0,46.42,1.293,0.033,7.202
8481593,D,ES,Wide,1004,17,2309.3,26.086,24.497,27.751
8481593,D,ES,lane_other,162,7,2309.3,4.209,3.586,4.909
8481593,D,PP,Wide,42,11,152.4,16.535,11.917,22.351
8481593,D,PP,lane_other,5,1,152.4,1.969,0.639,4.594
8481593,D,PK,Wide,1,0,23.12,2.596,0.066,14.461
8481593,D,PK,lane_other,0,0,23.12,0.0,0.0,9.575
8483495,D,ES,Wide,1109,21,2489.38,26.73,25.179,28.35
8483495,D,ES,lane_other,191,11,2489.38,4.604,3.974,5.305
8483495,D,PP,Wide,54,7,303.68,10.669,8.015,13.921
8483495,D,PP,lane_other,9,0,303.68,1.778,0.813,3.376
8483495,D,PK,Wide,19,2,64.2,17.757,10.691,27.73
8483495,D,PK,lane_other,4,0,64.2,3.738,1.019,9.572
8481806,D,ES,Wide,871,21,1958.4,26.685,24.942,28.518
8481806,D,ES,lane_other,146,10,1958.4,4.473,3.777,5.26
8481806,D,PP,Wide,97,3,225.73,25.783,20.908,31.453
8481806,D,PP,lane_other,36,1,225.73,9.569,6.702,13.247
8481806,D,PK,Wide,5,0,40.97,7.323,2.378,17.09
8481806,D,PK,lane_other,0,0,40.97,0.0,0.0,5.403
8482858,D,ES,Wide,1255,31,2785.75,27.03,25.555,28.568
8482858,D,ES,lane_other,178,13,2785.75,3.834,3.291,4.44
8482858,D,PP,Wide,78,9,322.57,14.509,11.468,18.107
8482858,D,PP,lane_other,17,3,322.57,3.162,1.842,5.063
8482858,D,PK,Wide,13,1,61.5,12.683,6.753,21.688
8482858,D,PK,lane_other,3,0,61.5,2.927,0.604,8.553
8483398,D,ES,Wide,266,8,592.37,26.943,23.802,30.383
8483398,D,ES,lane_other,28,2,592.37,2.836,1.885,4.099
8483398,D,PP,Wide,16,2,57.58,16.671,9.529,27.073
8483398,D,PP,lane_other,5,2,57.58,5.21,1.692,12.158
8483398,D,PK,Wide,0,0,13.57,0.0,0.0,16.314
8483398,D,PK,lane_other,0,0,13.57,0.0,0.0,16.314
8482929,D,ES,Wide,932,26,2284.27,24.481,22.934,26.104
8482929,D,ES,lane_other,132,5,2284.27,3.467,2.901,4.112
8482929,D,PP,Wide,108,6,218.0,29.725,24.384,35.888
8482929,D,PP,lane_other,14,2,218.0,3.853,2.107,6.465
8482929,D,PK,Wide,2,0,53.55,2.241,0.271,8.095
8482929,D,PK,lane_other,0,0,53.55,0.0,0.0,4.133
8482165,D,ES,Wide,434,9,1010.68,25.765,23.397,28.307
8482165,D,ES,lane_other,80,4,1010.68,4.749,3.766,5.911
8482165,D,PP,Wide,45,0,103.02,26.209,19.117,35.07
8482165,D,PP,lane_other,10,2,103.02,5.824,2.793,10.711
8482165,D,PK,Wide,0,0,21.65,0.0,0.0,10.223
8482165,D,PK,lane_other,0,0,21.65,0.0,0.0,10.223
8481719,D,ES,Wide,277,4,726.22,22.886,20.27,25.746
8481719,D,ES,lane_other,28,2,726.22,2.313,1.537,3.343
8481719,D,PP,Wide,16,1,61.95,15.496,8.858,25.165
8481719,D,PP,lane_other,5,1,61.95,4.843,1.572,11.301
8481719,D,PK,Wide,1,0,15.55,3.859,0.098,21.498
8481719,D,PK,lane_other,0,0,15.55,0.0,0.0,14.234
8482803,D,ES,Wide,1065,16,2483.02,25.735,24.212,27.328
8482803,D,ES,lane_other,185,6,2483.02,4.47,3.849,5.163
8482803,D,PP,Wide,50,20,319.22,9.398,6.975,12.39
8482803,D,PP,lane_other,8,0,319.22,1.504,0.649,2.963
8482803,D,PK,Wide,24,0,51.27,28.088,17.997,41.793
8482803,D,PK,lane_other,9,0,51.27,10.533,4.816,19.995
8482166,D,ES,Wide,536,13,1271.13,25.3,23.203,27.536
8482166,D,ES,lane_other,95,5,1271.13,4.484,3.628,5.482
8482166,D,PP,Wide,64,5,149.98,25.603,19.717,32.694
8482166,D,PP,lane_other,12,0,149.98,4.801,2.481,8.386
8482166,D,PK,Wide,3,0,20.95,8.592,1.772,25.109
8482166,D,PK,lane_other,0,0,20.95,0.0,0.0,10.565
8475755,D,ES,Wide,363,9,792.62,27.479,24.724,30.456
8475755,D,ES,lane_other,62,0,792.62,4.693,3.598,6.017
8475755,D,PP,Wide,14,2,68.55,12.254,6.699,20.56
8475755,D,PP,lane_other,3,1,68.55,2.626,0.542,7.674
8475755,D,PK,Wide,0,0,9.98,0.0,0.0,22.17
8475755,D,PK,lane_other,0,0,9.98,0.0,0.0,22.17
8481030,D,ES,Wide,336,11,722.07,27.92,25.014,31.071
8481030,D,ES,lane_other,45,1,722.07,3.739,2.727,5.003
8481030,D,PP,Wide,48,1,83.6,34.45,25.401,45.675
8481030,D,PP,lane_other,5,0,83.6,3.589,1.165,8.374
8481030,D,PK,Wide,0,0,17.38,0.0,0.0,12.732
8481030,D,PK,lane_other,1,0,17.38,3.452,0.087,19.231
8482666,D,ES,Wide,254,8,586.18,25.999,22.899,29.4
8482666,D,ES,lane_other,42,3,586.18,4.299,3.098,5.811
8482666,D,PP,Wide,3,2,60.23,2.988,0.616,8.733
8482666,D,PP,lane_other,0,0,60.23,0.0,0.0,3.675
8482666,D,PK,Wide,5,0,9.72,30.875,10.025,72.051
8482666,D,PK,lane_other,1,1,9.72,6.175,0.156,34.405
8482807,D,ES,Wide,256,8,672.7,22.833,20.122,25.809
8482807,D,ES,lane_other,39,0,672.7,3.479,2.474,4.755
8482807,D,PP,Wide,11,3,39.8,16.583,8.278,29.671
8482807,D,PP,lane_other,1,0,39.8,1.508,0.038,8.399
8482807,D,PK,Wide,0,0,6.2,0.0,0.0,35.699
8482807,D,PK,lane_other,0,0,6.2,0.0,0.0,35.699
8483457,D,ES,Wide,1211,23,3131.62,23.202,21.914,24.547
8483457,D,ES,lane_other,171,11,3131.62,3.276,2.804,3.806
8483457,D,PP,Wide,41,14,417.72,5.889,4.226,7.989
8483457,D,PP,lane_other,10,5,417.72,1.436,0.689,2.642
8483457,D,PK,Wide,34,0,72.42,28.17,19.509,39.365
8483457,D,PK,lane_other,11,0,72.42,9.114,4.55,16.307
8482733,D,ES,Wide,444,11,1096.07,24.305,22.097,26.675
8482733,D,ES,lane_other,69,2,1096.07,3.777,2.939,4.78
8482733,D,PP,Wide,16,3,108.33,8.862,5.065,14.391
8482733,D,PP,lane_other,7,0,108.33,3.877,1.559,7.988
8482733,D,PK,Wide,2,0,15.47,7.759,0.94,28.027
8482733,D,PK,lane_other,0,0,15.47,0.0,0.0,14.31
8482700,D,ES,Wide,286,8,583.92,29.388,26.08,32.999
8482700,D,ES,lane_other,36,4,583.92,3.699,2.591,5.121
8482700,D,PP,Wide,21,1,53.72,23.456,14.52,35.856
8482700,D,PP,lane_other,6,2,53.72,6.702,2.459,14.587
8482700,D,PK,Wide,0,0,11.35,0.0,0.0,19.501
8482700,D,PK,lane_other,0,0,11.35,0.0,0.0,19.501
8483768,D,ES,Wide,394,11,689.7,34.276,30.974,37.833
8483768,D,ES,lane_other,52,0,689.7,4.524,3.379,5.932
8483768,D,PP,Wide,7,2,33.37,12.587,5.061,25.935
8483768,D,PP,lane_other,4,0,33.37,7.193,1.96,18.416
8483768,D,PK,Wide,0,0,10.88,0.0,0.0,20.337
8483768,D,PK,lane_other,1,0,10.88,5.513,0.14,30.717
8481607,D,ES,Wide,833,8,1993.12,25.076,23.402,26.839
8481607,D,ES,lane_other,140,3,1993.12,4.215,3.545,4.973
8481607,D,PP,Wide,78,10,192.73,24.282,19.194,30.305
8481607,D,PP,lane_other,8,1,192.73,2.49,1.075,4.907
8481607,D,PK,Wide,2,0,27.48,4.366,0.529,15.773
8481607,D,PK,lane_other,1,0,27.48,2.183,0.055,12.164
8483448,D,ES,Wide,275,5,532.73,30.972,27.42,34.858
8483448,D,ES,lane_other,38,1,532.73,4.28,3.029,5.874
8483448,D,PP,Wide,6,4,26.72,13.475,4.945,29.329
8483448,D,PP,lane_other,1,1,26.72,2.246,0.057,12.513
8483448,D,PK,Wide,0,0,3.55,0.0,0.0,62.347
8483448,D,PK,lane_other,0,0,3.55,0.0,0.0,62.347
8482482,D,ES,Wide,480,7,1214.35,23.716,21.642,25.936
8482482,D,ES,lane_other,67,7,1214.35,3.31,2.566,4.204
8482482,D,PP,Wide,25,3,125.57,11.946,7.731,17.634
8482482,D,PP,lane_other,11,4,125.57,5.256,2.624,9.405
8482482,D,PK,Wide,0,0,21.28,0.0,0.0,10.399
8482482,D,PK,lane_other,0,0,21.28,0.0,0.0,10.399
8483425,D,ES,Wide,513,8,1141.85,26.956,24.674,29.393
8483425,D,ES,lane_other,58,2,1141.85,3.048,2.314,3.94
8483425,D,PP,Wide,21,6,114.45,11.009,6.815,16.829
8483425,D,PP,lane_other,4,0,114.45,2.097,0.571,5.369
8483425,D,PK,Wide,1,0,18.18,3.3,0.084,18.385
8483425,D,PK,lane_other,0,0,18.18,0.0,0.0,12.172
8483485,D,ES,Wide,798,25,1884.38,25.409,23.676,27.235
8483485,D,ES,lane_other,99,7,1884.38,3.152,2.562,3.838
8483485,D,PP,Wide,68,2,210.73,19.361,15.035,24.545
8483485,D,PP,lane_other,17,1,210.73,4.84,2.82,7.75
8483485,D,PK,Wide,7,2,33.15,12.67,5.094,26.104
8483485,D,PK,lane_other,3,0,33.15,5.43,1.12,15.868
8484768,D,ES,Wide,215,2,534.05,24.155,21.034,27.609
8484768,D,ES,lane_other,23,0,534.05,2.584,1.638,3.877
8484768,D,PP,Wide,1,1,71.43,0.84,0.021,4.68
8484768,D,PP,lane_other,0,0,71.43,0.0,0.0,3.098
8484768,D,PK,Wide,15,0,17.03,52.838,29.573,87.148
8484768,D,PK,lane_other,3,0,17.03,10.568,2.179,30.883
8484150,D,ES,Wide,196,1,495.3,23.743,20.535,27.31
8484150,D,ES,lane_other,30,1,495.3,3.634,2.452,5.188
8484150,D,PP,Wide,4,3,41.63,5.765,1.571,14.76
8484150,D,PP,lane_other,0,0,41.63,0.0,0.0,5.316
8484150,D,PK,Wide,4,0,9.55,25.131,6.847,64.345
8484150,D,PK,lane_other,2,0,9.55,12.565,1.522,45.391
8482131,D,ES,Wide,270,11,590.12,27.452,24.275,30.93
8482131,D,ES,lane_other,44,0,590.12,4.474,3.251,6.006
8482131,D,PP,Wide,13,1,51.17,15.244,8.117,26.068
8482131,D,PP,lane_other,2,1,51.17,2.345,0.284,8.472
8482131,D,PK,Wide,0,0,12.23,0.0,0.0,18.093
8482131,D,PK,lane_other,0,0,12.23,0.0,0.0,18.093
8483678,D,ES,Wide,538,15,1200.92,26.879,24.656,29.25
8483678,D,ES,lane_other,87,6,1200.92,4.347,3.482,5.362
8483678,D,PP,Wide,42,6,104.12,24.204,17.444,32.716
8483678,D,PP,lane_other,5,0,104.12,2.881,0.936,6.724
8483678,D,PK,Wide,0,0,19.57,0.0,0.0,11.312
8483678,D,PK,lane_other,0,0,19.57,0.0,0.0,11.312
8484783,D,ES,Wide,544,9,1361.07,23.981,22.008,26.084
8484783,D,ES,lane_other,85,2,1361.07,3.747,2.993,4.633
8484783,D,PP,Wide,12,3,185.83,3.874,2.002,6.768
8484783,D,PP,lane_other,3,0,185.83,0.969,0.2,2.831
8484783,D,PK,Wide,27,0,33.5,48.358,31.868,70.359
8484783,D,PK,lane_other,6,0,33.5,10.746,3.944,23.39
8483506,D,ES,Wide,406,12,933.12,26.106,23.628,28.773
8483506,D,ES,lane_other,66,2,933.12,4.244,3.282,5.399
8483506,D,PP,Wide,7,3,123.95,3.388,1.362,6.982
8483506,D,PP,lane_other,8,2,123.95,3.873,1.672,7.63
8483506,D,PK,Wide,11,0,22.4,29.464,14.708,52.72
8483506,D,PK,lane_other,4,0,22.4,10.714,2.919,27.433
8482178,D,ES,Wide,309,12,839.45,22.086,19.692,24.691
8482178,D,ES,lane_other,75,3,839.45,5.361,4.216,6.72
8482178,D,PP,Wide,20,3,70.33,17.062,10.422,26.35
8482178,D,PP,lane_other,3,0,70.33,2.559,0.528,7.479
8482178,D,PK,Wide,1,0,7.42,8.09,0.205,45.074
8482178,D,PK,lane_other,0,0,7.42,0.0,0.0,29.843
8481525,D,ES,Wide,501,9,1117.25,26.905,24.601,29.368
8481525,D,ES,lane_other,68,3,1117.25,3.652,2.836,4.63
8481525,D,PP,Wide,48,3,121.0,23.802,17.549,31.558
8481525,D,PP,lane_other,4,0,121.0,1.983,0.54,5.078
8481525,D,PK,Wide,1,0,21.43,2.799,0.071,15.597
8481525,D,PK,lane_other,0,0,21.43,0.0,0.0,10.327
8484223,D,ES,Wide,344,4,920.03,22.434,20.126,24.934
8484223,D,ES,lane_other,50,5,920.03,3.261,2.42,4.299
8484223,D,PP,Wide,9,1,141.92,3.805,1.74,7.223
8484223,D,PP,lane_other,1,1,141.92,0.423,0.011,2.356
8484223,D,PK,Wide,8,0,19.45,24.679,10.654,48.627
8484223,D,PK,lane_other,5,0,19.45,15.424,5.008,35.995
8485366,D,ES,Wide,598,5,1651.0,21.732,20.025,23.546
8485366,D,ES,lane_other,92,2,1651.0,3.343,2.695,4.1
8485366,D,PP,Wide,50,7,256.78,11.683,8.671,15.403
8485366,D,PP,lane_other,9,0,256.78,2.103,0.962,3.992
8485366,D,PK,Wide,23,0,54.03,25.54,16.19,38.322
8485366,D,PK,lane_other,4,0,54.03,4.442,1.21,11.373
8482100,D,ES,Wide,402,7,1218.03,19.802,17.914,21.836
8482100,D,ES,lane_other,77,4,1218.03,3.793,2.993,4.741
8482100,D,PP,Wide,41,6,184.0,13.37,9.594,18.137
8482100,D,PP,lane_other,9,2,184.0,2.935,1.342,5.571
8482100,D,PK,Wide,16,1,47.62,20.161,11.524,32.74
8482100,D,PK,lane_other,1,0,47.62,1.26,0.032,7.021
8484798,D,ES,Wide,506,10,1242.22,24.44,22.357,26.665
8484798,D,ES,lane_other,91,3,1242.22,4.395,3.539,5.397
8484798,D,PP,Wide,2,2,166.65,0.72,0.087,2.601
8484798,D,PP,lane_other,3,1,166.65,1.08,0.223,3.157
8484798,D,PK,Wide,25,0,32.32,46.416,30.038,68.519
8484798,D,PK,lane_other,3,0,32.32,5.57,1.149,16.278
8484806,D,ES,Wide,446,15,1023.8,26.138,23.768,28.68
8484806,D,ES,lane_other,67,2,1023.8,3.927,3.043,4.987
8484806,D,PP,Wide,33,7,117.6,16.837,11.59,23.645
8484806,D,PP,lane_other,7,1,117.6,3.571,1.436,7.359
8484806,D,PK,Wide,3,0,17.3,10.405,2.146,30.407
8484806,D,PK,lane_other,1,0,17.3,3.468,0.088,19.324
8482911,D,ES,Wide,177,3,503.62,21.087,18.095,24.433
8482911,D,ES,lane_other,34,2,503.62,4.051,2.805,5.66
8482911,D,PP,Wide,14,3,55.35,15.176,8.297,25.463
8482911,D,PP,lane_other,3,2,55.35,3.252,0.671,9.504
8482911,D,PK,Wide,1,1,10.2,5.882,0.149,32.774
8482911,D,PK,lane_other,1,0,10.2,5.882,0.149,32.774
8480426,D,ES,Wide,430,12,1128.55,22.861,20.751,25.128
8480426,D,ES,lane_other,61,4,1128.55,3.243,2.481,4.166
8480426,D,PP,Wide,14,3,125.15,6.712,3.669,11.262
8480426,D,PP,lane_other,3,1,125.15,1.438,0.297,4.203
8480426,D,PK,Wide,6,1,28.03,12.842,4.713,27.951
8480426,D,PK,lane_other,2,0,28.03,4.281,0.518,15.463
8481219,D,ES,Wide,402,8,919.28,26.238,23.735,28.932
8481219,D,ES,lane_other,64,2,919.28,4.177,3.217,5.334
8481219,D,PP,Wide,30,4,73.18,24.596,16.595,35.112
8481219,D,PP,lane_other,9,1,73.18,7.379,3.374,14.007
8481219,D,PK,Wide,0,0,18.07,0.0,0.0,12.251
8481219,D,PK,lane_other,0,0,18.07,0.0,0.0,12.251
8484240,D,ES,Wide,457,11,990.53,27.682,25.202,30.34
8484240,D,ES,lane_other,62,8,990.53,3.756,2.879,4.814
8484240,D,PP,Wide,21,4,130.62,9.647,5.971,14.746
8484240,D,PP,lane_other,5,2,130.62,2.297,0.746,5.36
8484240,D,PK,Wide,5,0,24.22,12.388,4.022,28.91
8484240,D,PK,lane_other,3,0,24.22,7.433,1.533,21.722
8483510,D,ES,Wide,204,5,512.52,23.882,20.717,27.394
8483510,D,ES,lane_other,28,3,512.52,3.278,2.178,4.738
8483510,D,PP,Wide,15,0,50.32,17.887,10.011,29.501
8483510,D,PP,lane_other,4,0,50.32,4.77,1.3,12.213
8483510,D,PK,Wide,0,0,4.32,0.0,0.0,51.274
8483510,D,PK,lane_other,0,0,4.32,0.0,0.0,51.274
