season,team,CF,CF_adj,HD_CF,HD_CF_adj,TNFI_CF,TNFI_CF_adj,CNFI_CF,MNFI_CF,FNFI_CF,HD_FF,HD_FF_adj,TNFI_FF,TNFI_FF_adj,CNFI_FF,MNFI_FF,FNFI_FF,CA,CA_adj,HD_CA,HD_CA_adj,TNFI_CA,TNFI_CA_adj,CNFI_CA,MNFI_CA,FNFI_CA,HD_FA,HD_FA_adj,TNFI_FA,TNFI_FA_adj,CNFI_FA,MNFI_FA,FNFI_FA,CF_pct,CF_score_adj_pct,HD_CF_pct,HD_CF_score_adj_pct,HD_FF_pct,HD_FF_score_adj_pct,TNFI_pct,TNFI_score_adj_pct,CNFI_pct,MNFI_pct,FNFI_pct,CF_zone_adj_pct,CF_score_zone_adj_pct,HD_CF_score_zone_adj_pct,TNFI_zone_adj_pct,TNFI_score_zone_adj_pct,gp,points,points_pct,wins,reg_wins,goal_diff,NFI_composite,P1_NF_F,P2_DefF,P3_OffF,P4_DefD,P5_OffD,P6_SvPct,P7_SvPct
20212022,ANA,3550.0,3731.2,1437,1509.0,1878,1981.9,763,762,353,981,1035.45,1264,1337.05,567,407,290,3878.0,3931.6,1486,1499.25,2090,2115.5,811,816,463,1052,1048.6,1414,1422.7,606,434,374,0.4779213785675821,0.4869238398496633,0.49161820047896,0.5016205435053602,0.4825381210034432,0.49684508529066,0.4719940253920836,0.4844822900625056,0.4833759590792839,0.4839476813317479,0.4367469879518072,0.4779213785675821,0.4869238398496633,0.5016205435053602,0.4719940253920836,0.4844822900625056,82,76,0.4634,31,22,-39,-11.833041632626948,11.722560975609756,32.4390243902439,11.798780487804878,60.03048780487805,5.4573170731707314,0.9524174980813508,0.9030303030303032
20212022,ARI,3182.0,3606.85,1187,1330.95,1703,1928.9,636,742,325,828,921.9,1133,1283.95,479,393,261,4043.0,3851.75,1559,1490.6,2187,2075.15,879,922,386,1088,1033.1,1505,1409.6,644,521,340,0.4404152249134948,0.4835827098919368,0.4322651128914785,0.4717088125321189,0.4321503131524008,0.4715601023017903,0.4294920394238059,0.4766757624696033,0.4265360641139804,0.4299781181619256,0.4342762063227953,0.4404152249134948,0.4835827098919368,0.4717088125321189,0.4294920394238059,0.4766757624696033,82,57,0.3476,25,18,-106,-25.63316427971,9.86280487804878,33.93292682926829,11.52439024390244,62.45426829268293,5.015243902439025,0.9549887471867968,0.8857782754759238
20212022,BOS,3867.0,3882.65,1386,1394.1,1966,1970.5,649,943,374,958,955.0,1344,1336.0,486,526,332,3227.0,3451.65,1162,1244.5,1679,1796.95,551,803,325,729,777.55,1066,1134.1,362,418,286,0.5451085424302228,0.52938249048989,0.5439560439560439,0.5283483665580232,0.5678719620628334,0.5512106432714785,0.5576763485477179,0.5408687907372172,0.5731132075471698,0.5572033898305084,0.5372168284789643,0.5451085424302228,0.52938249048989,0.5283483665580232,0.5576763485477179,0.5408687907372172,82,107,0.6524,51,40,35,6.712721759572196,10.76219512195122,28.353658536585364,15.51829268292683,54.87804878048781,6.3567073170731705,0.9534081104400344,0.911190053285968
20212022,BUF,3423.0,3688.15,1215,1303.85,1858,2000.7,638,818,402,840,892.55,1259,1347.05,472,446,341,3639.0,3654.2,1411,1429.4,1952,1961.05,754,824,374,1006,1013.5,1396,1398.2,594,463,339,0.4847068819031436,0.502311930104122,0.4626808834729626,0.4770328363669623,0.4550379198266522,0.4682720810052202,0.4741996233521657,0.490683908569347,0.4427767354596623,0.4906490649064906,0.5014705882352941,0.4847068819031436,0.502311930104122,0.4770328363669623,0.4741996233521657,0.490683908569347,82,75,0.4573,32,25,-58,-20.992003204528764,9.847560975609756,30.04573170731707,12.606707317073171,56.00609756097561,6.189024390243903,0.9422442244224424,0.8866930171277998
20212022,CAR,4117.0,4112.8,1625,1617.75,2144,2144.1,937,804,403,1132,1122.55,1492,1486.2,669,489,334,3208.0,3482.35,1312,1421.75,1658,1792.1,692,654,312,978,1065.55,1183,1283.75,535,388,260,0.5620477815699658,0.541503459444514,0.5532856656452162,0.532242145089653,0.5364928909952607,0.5130249988574562,0.5577570093457944,0.5365439809382841,0.5556478405315615,0.5575826681870011,0.5622895622895623,0.5620477815699658,0.541503459444514,0.532242145089653,0.5577570093457944,0.5365439809382841,82,116,0.7073,54,47,76,19.991321313453906,16.73780487804878,29.984756097560975,14.679878048780488,59.14634146341463,7.423780487804878,0.9550102249488752,0.9014084507042254
20212022,CBJ,3633.0,3850.8,1248,1329.3,1911,2031.05,654,865,392,828,876.8,1234,1303.75,474,439,321,3971.0,3969.5,1503,1489.0,2170,2174.65,812,961,397,1093,1074.05,1501,1493.6,621,544,336,0.4777748553392951,0.4924107770801632,0.4536532170119956,0.4716673171770215,0.431025507548152,0.4494451136684009,0.4511882998171846,0.4660660982715784,0.4328767123287671,0.4465920651068158,0.4885844748858447,0.4777748553392951,0.4924107770801632,0.4716673171770215,0.4511882998171846,0.4660660982715784,82,81,0.4939,37,26,-38,-18.050547529262445,10.091463414634148,33.42987804878049,13.39939024390244,61.234756097560975,5.990853658536586,0.9481751824817518,0.8942891859052248
20212022,CGY,4197.0,4012.4,1464,1399.15,2277,2172.0499999999997,776,1056,445,1027,977.05,1535,1458.15,568,607,360,3356.0,3692.85,1171,1277.4,1818,1989.55,599,805,414,836,910.25,1238,1354.7,449,441,348,0.5556732424202304,0.5207358619123326,0.5555977229601518,0.5227438306775514,0.5512614063338701,0.5176972394425899,0.5535521096285612,0.5183888227242832,0.5585054080629301,0.5791984732824428,0.5084745762711864,0.5556732424202304,0.5207358619123326,0.5227438306775514,0.5535521096285612,0.5183888227242832,82,111,0.6768,50,44,85,27.24910510948339,13.826219512195122,32.04268292682927,19.02439024390244,59.359756097560975,8.277439024390244,0.9614147909967844,0.9111842105263158
20212022,CHI,3351.0,3614.7,1258,1350.35,1803,1944.1,596,851,356,815,866.5,1114,1191.15,403,422,289,3935.0,3905.85,1554,1540.1,2139,2120.1,701,987,451,991,980.35,1335,1323.1,481,493,361,0.459923140269009,0.4806430380756726,0.4473684210526316,0.4671763912193603,0.4512735326688815,0.4691772477461624,0.4548795426704777,0.4737595704484438,0.4558823529411764,0.4612021857923497,0.4446153846153846,0.459923140269009,0.4806430380756726,0.4671763912193603,0.4548795426704777,0.4737595704484438,82,68,0.4146,28,16,-72,-21.98782084286428,9.207317073170731,33.09451219512196,13.064024390243905,60.62500000000001,5.472560975609755,0.947909527073338,0.8946629213483146
20212022,COL,4006.0,3909.5,1484,1445.55,2270,2226.2999999999997,786,950,534,951,922.2,1437,1404.85,538,468,431,3576.0,3911.7,1294,1418.15,1800,1967.8,724,730,346,892,975.55,1210,1315.7,540,402,268,0.528356634133474,0.4998593566204674,0.5341972642188625,0.5047840206725565,0.5160065111231688,0.4859438809116058,0.5428787306384586,0.5163845545937402,0.4990723562152133,0.5379310344827586,0.6165951359084406,0.528356634133474,0.4998593566204674,0.5047840206725565,0.5428787306384586,0.5163845545937402,82,119,0.7256,56,46,78,30.496467786563453,15.091463414634148,34.20731707317073,18.8109756097561,67.9420731707317,10.685975609756095,0.9624885635864592,0.9090909090909092
20212022,DAL,3625.0,3758.85,1489,1542.65,2013,2097.45,821,838,354,1027,1063.0,1341,1398.1,601,481,259,3769.0,3955.3,1332,1393.25,1934,2024.05,711,794,429,957,999.55,1262,1319.3,528,425,309,0.4902623748985664,0.4872669056214878,0.5278270116979794,0.525443645900746,0.5176411290322581,0.5153814452982958,0.5151747983096427,0.5144991536027085,0.5323294951284322,0.5309050772626932,0.4559859154929577,0.4902623748985664,0.4872669056214878,0.525443645900746,0.5151747983096427,0.5144991536027085,82,98,0.5976,46,31,-8,7.652446710629077,13.460365853658535,33.50609756097561,13.78048780487805,64.89329268292683,6.112804878048781,0.968573730862208,0.905424200278164
20212022,DET,3330.0,3595.75,1383,1479.85,1743,1866.7,781,666,296,928,988.4,1146,1221.85,542,369,235,3887.0,3800.95,1638,1604.55,2071,2030.8,913,821,337,1163,1144.15,1412,1384.05,640,506,266,0.4614105584037689,0.4861289493963524,0.4577954319761668,0.4797853715471404,0.4438067910090865,0.4634826850484163,0.4480062548866302,0.4688783145938064,0.4585448392554991,0.4217142857142857,0.469061876247505,0.4614105584037689,0.4861289493963524,0.4797853715471404,0.4480062548866302,0.4688783145938064,82,74,0.4512,32,21,-82,-17.93938194998475,11.996951219512194,31.96646341463414,10.38109756097561,59.8780487804878,4.573170731707317,0.948849104859335,0.9004329004329005
20212022,EDM,3947.0,4025.2,1545,1563.4,2128,2164.85,848,845,435,1069,1065.55,1390,1395.45,616,438,336,3575.0,3760.05,1413,1481.45,1903,1989.65,742,817,344,964,1006.7,1309,1368.2,521,505,283,0.5247274660994417,0.5170289971420314,0.5223123732251521,0.5134571489564346,0.5258239055582883,0.514199541561105,0.5150055576139311,0.5049300743581857,0.5417766051011433,0.464475079533404,0.5428109854604201,0.5247274660994417,0.5170289971420314,0.5134571489564346,0.5150055576139311,0.5049300743581857,82,104,0.6341,49,38,38,13.93660791338963,16.21951219512195,35.91463414634147,15.442073170731708,68.32317073170731,7.911585365853659,0.9518987341772152,0.9123505976095616
20212022,FLA,4304.0,4280.7,1822,1808.9,2349,2336.7999999999997,954,1003,392,1201,1183.1,1592,1578.1,679,585,328,3336.0,3593.75,1402,1505.45,1740,1869.5,740,740,260,943,1013.9,1190,1273.05,534,420,236,0.5633507853403141,0.5436189194165941,0.565136476426799,0.5457782068882284,0.5601679104477612,0.5385070550751023,0.5722501797268152,0.5534959577714256,0.5597691673536686,0.582089552238806,0.5815602836879432,0.5633507853403141,0.5436189194165941,0.5457782068882284,0.5722501797268152,0.5534959577714256,82,122,0.7439,58,42,94,24.620646969793135,16.17378048780488,30.1219512195122,17.134146341463417,57.53048780487805,7.164634146341464,0.9487179487179488,0.910427807486631
20212022,LAK,4016.0,4149.65,1580,1633.55,1997,2066.2,813,827,357,1083,1123.9,1340,1385.55,592,457,291,3401.0,3507.6,1470,1520.0,1864,1914.7,831,735,298,975,1004.4,1210,1234.15,566,418,226,0.5414588108399623,0.5419243200888046,0.5180327868852459,0.5180035198427169,0.5262390670553936,0.528074049711037,0.5254901960784314,0.5288964385234951,0.5112262521588946,0.5222857142857142,0.562862669245648,0.5414588108399623,0.5419243200888046,0.5180035198427169,0.5254901960784314,0.5288964385234951,82,99,0.6037,44,35,3,9.45404457772712,13.78048780487805,32.34756097560976,13.871951219512194,58.795731707317074,5.838414634146341,0.9600760456273764,0.9167657550535078
20212022,MIN,3631.0,3646.75,1348,1353.8,1976,1983.35,703,856,417,917,914.15,1325,1322.3,513,477,335,3484.0,3735.9,1126,1210.45,1769,1891.4,603,752,414,768,826.9,1187,1270.65,446,404,337,0.5103302881236823,0.4939621951467292,0.5448666127728375,0.5279516427805401,0.544213649851632,0.5250567186467936,0.527468152866242,0.5099596984130045,0.5349322210636079,0.5414301929625426,0.4985119047619047,0.5103302881236823,0.4939621951467292,0.5279516427805401,0.527468152866242,0.5099596984130045,82,113,0.689,53,37,57,-0.3186232384474285,11.478658536585366,29.268292682926827,14.34451219512195,57.606707317073166,6.829268292682927,0.9588581024349286,0.8866995073891626
20212022,MTL,3423.0,3808.35,1397,1550.1,1737,1929.45,742,711,284,915,1015.8,1127,1250.75,499,403,225,3878.0,3723.0,1539,1465.0,2103,2013.6,874,876,353,1050,992.6,1424,1350.15,626,514,284,0.4688398849472674,0.5056663148041187,0.4758174386920981,0.5141123014162051,0.465648854961832,0.5057757418840868,0.4417875343002744,0.4808912299588604,0.4435555555555555,0.4394765539803708,0.4420432220039292,0.4688398849472674,0.5056663148041187,0.5141123014162051,0.4417875343002744,0.4808912299588604,82,55,0.3354,22,16,-98,-20.63933412542091,11.509146341463415,32.65243902439024,10.94512195121951,60.106707317073166,4.405487804878049,0.950479233226837,0.8932584269662921
20212022,NJD,3869.0,4204.9,1484,1602.8,2086,2251.0499999999997,749,976,361,978,1055.3,1364,1468.75,519,529,316,3783.0,3736.35,1345,1322.5,1974,1957.6,720,889,365,847,828.1,1318,1302.8,478,523,317,0.5056194458964977,0.5295010231386746,0.5245669848002827,0.5479096161077496,0.5358904109589041,0.5603164489752575,0.5085756897837435,0.5299381212678825,0.5205616850551655,0.502851711026616,0.4992101105845181,0.5056194458964977,0.5295010231386746,0.5479096161077496,0.5085756897837435,0.5299381212678825,82,63,0.3841,27,19,-59,-9.816988394070226,11.539634146341465,30.487804878048784,15.091463414634148,58.36890243902439,5.609756097560975,0.9440944881889765,0.8821917808219178
20212022,NSH,3496.0,3593.2,1282,1312.7,1836,1889.3,658,829,349,849,869.25,1236,1270.65,455,485,296,3538.0,3692.0,1274,1317.7,1824,1903.7,592,824,408,886,916.4,1202,1254.45,433,439,330,0.4970145009951663,0.4932191291934332,0.5015649452269171,0.4990495742092457,0.4893371757925072,0.4867975247108895,0.5069729286300246,0.5032077937507425,0.5123873873873874,0.5248917748917749,0.4728434504792332,0.4970145009951663,0.4932191291934332,0.4990495742092457,0.5069729286300246,0.5032077937507425,82,97,0.5915,45,35,14,-7.563298706146027,10.701219512195122,30.259146341463413,13.445121951219512,58.38414634146341,5.746951219512195,0.9554140127388536,0.8944723618090452
20212022,NYI,3400.0,3462.2,1451,1475.75,1955,1995.55,792,827,336,979,995.7,1267,1290.0,545,447,275,3984.0,4164.55,1615,1673.3,2290,2392.15,839,1033,418,1020,1051.3,1468,1528.15,552,564,352,0.4604550379198266,0.4539548300390074,0.4732550554468362,0.4686333973738111,0.4897448724362181,0.4864191499755739,0.463254113345521,0.457747103596331,0.4968094804010939,0.4421364985163205,0.4385964912280701,0.4604550379198266,0.4539548300390074,0.4686333973738111,0.463254113345521,0.457747103596331,82,84,0.5122,37,34,-6,-1.1000058040835454,12.271341463414634,35.53353658536586,12.926829268292684,61.67682926829268,5.228658536585366,0.9648885887913572,0.9188235294117648
20212022,NYR,3326.0,3412.5,1412,1448.4,1734,1777.25,779,647,308,956,980.3,1153,1187.85,547,356,250,3745.0,3923.8,1556,1620.6,2037,2131.85,858,822,357,1020,1062.55,1334,1393.8,595,449,290,0.4703719417338424,0.4651527336668348,0.4757412398921833,0.4719452590420332,0.4838056680161943,0.4798688107301074,0.463610776035384,0.4601127186101912,0.478984238178634,0.4422360248447205,0.4629629629629629,0.4703719417338424,0.4651527336668348,0.4719452590420332,0.463610776035384,0.4601127186101912,82,110,0.6707,52,44,47,-1.9802966487727196,14.679878048780488,40.5030487804878,12.545731707317074,74.1158536585366,6.082317073170732,0.9666666666666668,0.912037037037037
20212022,OTT,3555.0,3683.9,1336,1380.9,1837,1903.55,720,813,304,890,922.25,1201,1238.9,516,433,252,3866.0,3960.6,1547,1587.45,2084,2134.95,802,893,389,1061,1089.35,1371,1402.75,550,520,301,0.4790459506805012,0.4819020210608934,0.4634061741241762,0.4652079438071655,0.4561763198359815,0.4584658977928018,0.4669517884914463,0.4689871860390286,0.4840525328330206,0.4543546694648478,0.4556962025316455,0.4790459506805012,0.4819020210608934,0.4652079438071655,0.4669517884914463,0.4689871860390286,82,73,0.4451,33,26,-39,-12.74314173516972,11.11280487804878,32.37804878048781,12.698170731707318,59.84756097560975,4.7560975609756095,0.9539170506912442,0.8978102189781022
20212022,PHI,3499.0,3766.25,1248,1339.35,1774,1907.35,652,781,341,847,907.05,1153,1240.95,466,418,269,4010.0,3974.7,1504,1480.55,2153,2128.4,802,922,429,1008,988.95,1399,1374.75,573,489,337,0.46597416433613,0.4865358902977025,0.4534883720930232,0.4749636511933047,0.4566037735849056,0.4784018987341772,0.4518025078369906,0.4744236724395,0.4485081809432146,0.4608599779492833,0.4438943894389439,0.46597416433613,0.4865358902977025,0.4749636511933047,0.4518025078369906,0.4744236724395,82,61,0.372,25,20,-87,-16.96870403497781,10.091463414634148,33.46036585365853,12.08841463414634,61.99695121951219,5.2439024390243905,0.9587852494577006,0.896551724137931
20212022,PIT,3907.0,3914.75,1495,1490.55,2146,2148.2,794,917,435,1042,1038.85,1474,1469.05,583,526,365,3599.0,3833.4,1314,1391.65,1962,2089.75,698,818,446,868,922.35,1300,1385.55,494,434,372,0.5205169197974954,0.5052496402367017,0.5322178711285155,0.5171570328221498,0.5455497382198953,0.5297012033448909,0.5313626532083634,0.5146255167098718,0.5413184772516249,0.5479166666666667,0.4952510176390773,0.5205169197974954,0.5052496402367017,0.5171570328221498,0.5313626532083634,0.5146255167098718,82,103,0.628,46,37,43,6.123521538948169,13.567073170731708,32.83536585365854,15.27439024390244,60.990853658536594,7.1189024390243905,0.9581719597211464,0.8952513966480447
20212022,SEA,3538.0,3832.25,1301,1416.1,1873,2038.25,689,797,387,876,949.25,1214,1314.45,475,429,310,3453.0,3400.35,1341,1311.3,1784,1751.55,721,765,298,904,876.65,1155,1130.95,512,402,241,0.5060792447432413,0.5298578657744103,0.4924299772899319,0.5192124367529516,0.4921348314606741,0.5198806068240319,0.5124525116082735,0.5375194242250757,0.4812563323201621,0.516245487364621,0.5626134301270418,0.5060792447432413,0.5298578657744103,0.5192124367529516,0.5124525116082735,0.5375194242250757,82,60,0.3659,27,23,-69,-14.315839604905117,10.548780487804878,27.46951219512195,12.423780487804878,53.109756097560975,5.960365853658536,0.9479553903345724,0.8815426997245179
20212022,SJS,3451.0,3670.7,1284,1359.1,1913,2033.9,714,806,393,858,904.75,1286,1367.2,497,454,335,4118.0,4128.65,1487,1479.2,2357,2369.5499999999997,784,1072,501,941,931.35,1454,1446.5,530,521,403,0.4559386973180077,0.4706417842512517,0.4633706243233489,0.4788429693830813,0.4769316286826014,0.4927563858177659,0.4693430656934306,0.4859082347087465,0.483933787731256,0.4656410256410256,0.453929539295393,0.4559386973180077,0.4706417842512517,0.4788429693830813,0.4693430656934306,0.4859082347087465,82,77,0.4695,32,22,-50,-12.879405352927185,11.036585365853655,36.57012195121951,12.4390243902439,63.856707317073166,6.112804878048781,0.9588014981273408,0.9096612296110412
20212022,STL,3343.0,3298.65,1379,1366.85,1901,1871.55,617,922,362,964,954.85,1318,1291.85,464,551,303,3758.0,4029.7,1493,1590.0,2046,2183.5,741,930,375,1046,1119.0,1442,1543.15,548,573,321,0.4707787635544289,0.4501217873054643,0.4801532033426184,0.4622655866885368,0.4796019900497512,0.4604238493622972,0.4775362318840579,0.455679012345679,0.458498023715415,0.4902135231316726,0.4855769230769231,0.4707787635544289,0.4501217873054643,0.4622655866885368,0.4775362318840579,0.455679012345679,82,109,0.6646,49,43,69,-3.7534863464167025,10.472560975609756,36.52439024390244,16.295731707317074,67.4390243902439,6.295731707317073,0.9502262443438914,0.918774966711052
20212022,TBL,3552.0,3576.5499999999997,1452,1447.4,1995,1997.05,798,847,350,1010,1007.9,1367,1362.1,571,501,295,3433.0,3632.55,1376,1448.05,1904,2015.6,739,816,349,923,967.95,1242,1310.4,492,470,280,0.5085182534001431,0.4961160200302396,0.5134370579915134,0.4998877549258319,0.5225038799793068,0.5101095730951236,0.5239555385205059,0.5096725912067352,0.5371589840075258,0.5159629248197735,0.5130434782608696,0.5085182534001431,0.4961160200302396,0.4998877549258319,0.5239555385205059,0.5096725912067352,82,110,0.6707,51,39,54,12.450565847059334,15.807926829268292,38.9329268292683,16.73780487804878,69.60365853658537,7.027439024390244,0.9546218487394958,0.9145527369826436
20212022,TOR,4075.0,4078.5,1754,1740.9,2316,2296.75,957,967,392,1200,1195.85,1522,1499.85,647,555,320,3534.0,3853.2,1364,1475.75,1833,1999.6,677,824,332,933,1004.25,1220,1328.3,493,459,268,0.5355500065711657,0.5142025038768486,0.5625400898011546,0.5412152394571993,0.5625879043600562,0.5435434752965774,0.5550692924872356,0.5303290136661776,0.5675438596491228,0.5473372781065089,0.54421768707483,0.5355500065711657,0.5142025038768486,0.5412152394571993,0.5550692924872356,0.5303290136661776,82,115,0.7012,54,45,62,11.2832405191623,15.70121951219512,30.945121951219512,16.097560975609756,58.9939024390244,6.524390243902439,0.9582623509369677,0.8744588744588745
20212022,VAN,3749.0,3935.8,1350,1411.95,1987,2084.75,690,901,396,919,961.1,1281,1342.05,482,489,310,3771.0,3883.4,1495,1535.8,2140,2208.9,816,866,458,996,1021.45,1393,1426.8,542,498,353,0.4985372340425532,0.5033507264170247,0.4745166959578207,0.4789924518700704,0.4798955613577023,0.4847797029078712,0.4790575916230366,0.4846958123408635,0.470703125,0.4954407294832826,0.4675716440422323,0.4985372340425532,0.5033507264170247,0.4789924518700704,0.4790575916230366,0.4846958123408635,82,92,0.561,40,32,13,5.635623841932228,10.83841463414634,33.0030487804878,14.039634146341465,58.140243902439025,6.189024390243903,0.9664929262844378,0.9257907542579076
20212022,VGK,4147.0,4228.099999999999,1545,1573.85,2243,2274.85,885,883,475,1064,1085.35,1493,1510.7,628,497,368,3740.0,3958.0,1520,1611.0,2048,2171.75,830,916,302,967,1016.9,1280,1351.2,560,484,236,0.5258019525801952,0.5164974774312554,0.5040783034257749,0.4941677002056611,0.5238798621368784,0.5162801760019027,0.5384060584204833,0.5278661029386073,0.5286195286195287,0.5066258919469928,0.609271523178808,0.5258019525801952,0.5164974774312554,0.4941677002056611,0.5384060584204833,0.5278661029386073,82,94,0.5732,43,34,18,10.81639963362577,13.628048780487806,31.615853658536587,13.53658536585366,57.69817073170732,7.286585365853659,0.9619741100323624,0.9140811455847256
20212022,WPG,3701.0,3761.35,1424,1430.25,2195,2234.0499999999997,821,892,482,969,975.95,1508,1536.7,578,514,416,3792.0,3957.75,1501,1565.35,2209,2297.65,855,899,455,1032,1069.6,1495,1541.6,616,494,385,0.4939276658214333,0.4872783096474977,0.4868376068376068,0.4774502603818935,0.4842578710644677,0.4771088460316297,0.5021645021645021,0.4992041061624923,0.4840871021775544,0.5099206349206349,0.519350811485643,0.4939276658214333,0.4872783096474977,0.4774502603818935,0.5021645021645021,0.4992041061624923,82,89,0.5427,39,32,-5,4.517221956143381,12.71341463414634,34.28353658536585,13.871951219512194,58.6890243902439,7.454268292682927,0.9660159074475776,0.907621247113164
20212022,WSH,3671.0,3733.4,1411,1431.55,1884,1922.7,731,790,363,959,971.4,1275,1303.15,508,465,302,3594.0,3770.3,1372,1440.15,1906,2007.45,732,806,368,923,966.15,1270,1338.3,518,441,311,0.5052993805918788,0.4975412130015859,0.50700682716493,0.4985026291047115,0.5095642933049946,0.501354803747,0.5009823182711198,0.4933464574381495,0.4951267056530214,0.5132450331125827,0.4926590538336052,0.5052993805918788,0.4975412130015859,0.4985026291047115,0.5009823182711198,0.4933464574381495,82,100,0.6098,44,35,30,-2.4220798530308496,12.25609756097561,31.57012195121951,13.01829268292683,60.12195121951219,5.746951219512195,0.9606035205364628,0.8975741239892183
20222023,ANA,3300.0,3725.8,1252,1434.05,1685,1919.25,736,639,310,834,953.15,1090,1240.9,498,345,247,4433.0,4158.3,1822,1704.05,2407,2254.0,1096,837,474,1310,1217.0,1739,1614.65,809,534,396,0.4267425320056899,0.4725713778364048,0.4072869225764476,0.4569803384213377,0.3889925373134328,0.4392092712485311,0.385295157299399,0.4345572656756141,0.3810252486610558,0.3924914675767918,0.3841368584758942,0.4267425320056899,0.4725713778364048,0.4569803384213377,0.385295157299399,0.4345572656756141,82,58,0.3537,23,13,-129,-28.1091518339134,11.295731707317072,37.28658536585366,9.939024390243905,68.4908536585366,4.801829268292683,0.9534883720930232,0.8975741239892183
20222023,ARI,3150.0,3458.25,1214,1326.6,1684,1843.6,708,643,333,819,894.3,1124,1230.25,483,373,268,3831.0,3744.2,1483,1452.85,2056,2011.4,873,806,377,1017,996.1,1406,1371.75,603,488,315,0.4512247529007305,0.4801491159258308,0.450129773822766,0.477288672219324,0.446078431372549,0.4730744815911976,0.4442687747035573,0.4728093774019984,0.4447513812154696,0.4332171893147503,0.4596912521440823,0.4512247529007305,0.4801491159258308,0.477288672219324,0.4442687747035573,0.4728093774019984,82,70,0.4268,28,20,-71,-17.913228764659838,10.89939024390244,31.78353658536586,10.091463414634148,59.1310975609756,5.1067073170731705,0.9534497090606816,0.9047619047619048
20222023,BOS,3690.0,3552.5,1534,1476.65,2100,2020.55,838,891,371,1015,974.45,1385,1330.4,574,491,320,3519.0,3900.15,1379,1521.65,1843,2046.7,748,786,309,888,983.9,1150,1275.75,507,389,254,0.5118601747815231,0.4766760816622276,0.5266048746996224,0.4924957475903012,0.5333683657383079,0.4975872545765568,0.5463510848126233,0.5104848147650749,0.5309898242368177,0.5579545454545455,0.5574912891986062,0.5118601747815231,0.4766760816622276,0.4924957475903012,0.5463510848126233,0.5104848147650749,82,135,0.8232,65,54,128,24.357003477142296,14.024390243902438,31.250000000000004,14.801829268292684,59.5579268292683,6.25,0.9695067264573992,0.9306282722513088
20222023,BUF,3801.0,3964.65,1504,1574.1,2106,2185.75,798,925,383,1016,1056.2,1409,1449.2,556,546,307,3600.0,3764.1,1493,1539.65,1962,2052.4,869,796,297,1085,1113.35,1419,1477.3,640,537,242,0.5135792460478313,0.5129742843279961,0.5018351685018352,0.505531914893617,0.4835792479771537,0.4868290659353322,0.4982319660537482,0.4951990432256962,0.4648829431438127,0.5041551246537396,0.5591985428051002,0.5135792460478313,0.5129742843279961,0.505531914893617,0.4982319660537482,0.4951990432256962,81,89,0.5494,41,29,-7,-4.62388254608577,12.407407407407408,30.679012345679013,14.444444444444445,56.141975308641975,5.95679012345679,0.940754039497307,0.9016018306636157
20222023,CAR,4450.0,4378.099999999999,1664,1628.5,2236,2191.9,1040,788,408,1139,1106.55,1514,1477.2,745,457,312,2920.0,3204.75,1154,1265.25,1465,1611.7,668,521,276,854,939.45,1043,1151.1,516,328,199,0.6037991858887382,0.57736866745353,0.5904897090134847,0.5627645788336934,0.5715002508780732,0.5408357771260996,0.5921001173249902,0.562036297226344,0.5908009516256939,0.5821656050955414,0.6105675146771037,0.6037991858887382,0.57736866745353,0.5627645788336934,0.5921001173249902,0.562036297226344,82,113,0.689,52,39,53,27.504745704216056,19.115853658536587,27.439024390243905,13.99390243902439,54.8170731707317,7.103658536585366,0.949004975124378,0.9054652880354506
20222023,CBJ,3589.0,3998.8,1300,1455.5,1858,2067.95,691,828,339,875,974.8,1191,1317.95,478,470,243,4401.0,4211.25,1634,1567.25,2328,2220.7999999999997,943,949,436,1113,1061.1,1507,1440.15,651,525,331,0.4491864831038799,0.4870615891498834,0.4430811179277437,0.4815151765776197,0.4401408450704225,0.4788054423105261,0.4414381022979985,0.4778470686342047,0.4233835252435783,0.4723618090452261,0.4233449477351916,0.4491864831038799,0.4870615891498834,0.4815151765776197,0.4414381022979985,0.4778470686342047,81,59,0.3642,25,15,-113,-19.622977837005397,10.80246913580247,36.34259259259259,12.885802469135802,68.68827160493828,5.354938271604938,0.952074391988555,0.896551724137931
20222023,CGY,4348.0,4459.55,1512,1553.65,2321,2383.25,823,1010,488,1006,1030.85,1498,1524.1,566,559,373,3228.0,3365.0,1200,1239.05,1802,1870.2,659,784,359,845,870.0,1219,1260.9,477,457,285,0.5739176346356917,0.5699433194241202,0.5575221238938053,0.5563254198445948,0.5434900054024852,0.542310019201936,0.5513433934486566,0.5472531418312387,0.5426653883029722,0.5501968503937008,0.5668693009118541,0.5739176346356917,0.5699433194241202,0.5563254198445948,0.5513433934486566,0.5472531418312387,82,93,0.5671,38,31,8,2.9543378137227005,12.63719512195122,27.74390243902439,15.548780487804878,49.67987804878049,7.515243902439024,0.9428571428571428,0.8902255639097745
20222023,CHI,3223.0,3576.75,1192,1315.0,1554,1723.3,651,618,285,821,903.2,1055,1166.0,467,371,217,4120.0,3980.95,1665,1607.25,2164,2090.7,944,893,327,1112,1071.7,1437,1378.8,648,529,260,0.4389214217622225,0.4732590602961218,0.4172208610430521,0.4499957224741209,0.4247284014485256,0.4573396121322598,0.4233547351524879,0.4581892486639421,0.4188340807174888,0.4122222222222222,0.4549266247379455,0.4389214217622225,0.4732590602961218,0.4499957224741209,0.4233547351524879,0.4581892486639421,82,59,0.3598,26,18,-97,-28.859471094959304,10.03048780487805,33.1859756097561,9.527439024390244,63.20121951219513,4.405487804878049,0.9503257328990228,0.8977871443624869
20222023,COL,3942.0,3894.75,1442,1411.85,2308,2282.25,798,904,606,937,912.55,1482,1457.4,534,483,465,3610.0,3964.0,1334,1469.65,1859,2040.35,785,695,379,938,1029.85,1258,1377.9,572,397,289,0.5219809322033898,0.4955940830284714,0.5194524495677233,0.4899705014749262,0.4997333333333333,0.4698053953871499,0.5408759124087591,0.5140196804570945,0.4828209764918625,0.5488636363636363,0.616710875331565,0.5219809322033898,0.4955940830284714,0.4899705014749262,0.5408759124087591,0.5140196804570945,81,107,0.6605,50,35,53,20.117368869452633,13.59567901234568,31.6820987654321,15.354938271604938,61.75925925925926,10.416666666666666,0.9615384615384616,0.915
20222023,DAL,3884.0,3830.65,1543,1521.95,2072,2040.2,870,845,357,1012,995.15,1344,1319.05,583,491,270,3633.0,3912.1,1334,1425.55,1823,1961.8,773,665,385,924,985.75,1232,1321.15,547,390,295,0.5166954902221631,0.4947402408704918,0.5363225582203685,0.5163528413910093,0.5227272727272727,0.5023726588924226,0.5217391304347826,0.4996023028558443,0.515929203539823,0.5573212258796821,0.4778761061946903,0.5166954902221631,0.4947402408704918,0.5163528413910093,0.5217391304347826,0.4996023028558443,82,108,0.6585,47,39,67,20.62495778946956,16.128048780487806,34.58841463414634,15.457317073170731,69.17682926829268,6.9054878048780495,0.9652255639097744,0.9101412066752248
20222023,DET,3237.0,3484.9,1239,1318.4,1695,1825.2,687,665,343,833,882.25,1097,1177.35,476,362,259,3795.0,3875.8,1563,1602.25,1999,2038.95,927,693,379,1029,1044.3,1255,1271.65,598,381,276,0.4603242320819112,0.4734468189166791,0.4421841541755889,0.4514063650214849,0.4473684210526316,0.457942955023228,0.4664115646258503,0.4807472437729685,0.4432029795158286,0.4872139973082099,0.4841121495327102,0.4603242320819112,0.4734468189166791,0.4514063650214849,0.4664115646258503,0.4807472437729685,82,80,0.4878,35,28,-39,-14.462445251668427,10.579268292682928,30.89939024390244,10.365853658536585,58.65853658536585,5.426829268292684,0.9432234432234432,0.9262032085561498
20222023,EDM,3803.0,3741.9,1689,1649.85,2138,2095.25,994,802,342,1180,1141.5,1448,1413.25,707,484,257,3472.0,3763.75,1349,1455.4,1814,1969.9,755,704,355,930,1000.65,1234,1337.7,509,441,284,0.5227491408934708,0.4985444298628367,0.5559578670177748,0.5313098784316882,0.5592417061611374,0.5328758490301799,0.5398956002982849,0.5137316199858231,0.5814144736842105,0.5232432432432432,0.4750462107208872,0.5227491408934708,0.4985444298628367,0.5313098784316882,0.5398956002982849,0.5137316199858231,82,109,0.6646,50,45,65,13.10215401636825,17.57621951219512,32.37804878048781,14.51219512195122,61.661585365853654,5.960365853658536,0.9497674418604652,0.8980392156862745
20222023,FLA,4149.0,4233.2,1699,1729.9,2207,2263.0499999999997,981,802,424,1145,1163.8,1487,1525.35,683,462,342,3487.0,3697.65,1410,1496.0,1810,1910.6,800,640,370,1004,1058.45,1273,1331.5,592,386,295,0.5433473022524882,0.5337637201560992,0.5464779671920231,0.5362534486499891,0.532805956258725,0.5237034537068287,0.538768115942029,0.5339272275408229,0.5356862745098039,0.5448113207547169,0.5368916797488226,0.5433473022524882,0.5337637201560992,0.5362534486499891,0.538768115942029,0.5339272275408229,82,92,0.561,42,36,17,24.020036137190527,18.521341463414636,36.05182926829268,15.167682926829269,70.1219512195122,7.911585365853659,0.9545454545454546,0.9195544554455446
20222023,LAK,3845.0,3895.8,1453,1467.35,1991,2021.2,808,843,340,967,976.7,1320,1339.4,557,480,283,3502.0,3699.7,1385,1471.35,1936,2045.65,797,772,367,872,915.8,1191,1247.7,508,403,280,0.5233428610317137,0.5129089592521887,0.5119802677942212,0.4993194269574982,0.5258292550299075,0.5160898282694848,0.5256869772998806,0.5177225464806153,0.5230046948356808,0.5436013590033975,0.5026642984014209,0.5233428610317137,0.5129089592521887,0.4993194269574982,0.5256869772998806,0.5177225464806153,82,104,0.6341,47,37,23,9.58728247286287,13.567073170731708,32.91158536585366,14.23780487804878,58.85670731707317,5.533536585365853,0.962962962962963,0.9156327543424316
20222023,MIN,3678.0,3740.8,1325,1340.35,1849,1879.5,754,726,369,885,892.85,1204,1217.2,518,403,283,3757.0,3969.95,1338,1414.8,1940,2057.0499999999997,740,771,429,876,922.8,1243,1313.8,503,415,325,0.4946872898453262,0.4851408747527801,0.4975591438227563,0.4864889388962489,0.5025553662691652,0.4917522650290529,0.4920310584389047,0.4809166337416041,0.5073457394711067,0.4926650366748166,0.4654605263157895,0.4946872898453262,0.4851408747527801,0.4864889388962489,0.4920310584389047,0.4809166337416041,82,103,0.628,46,34,21,3.534151969768345,12.545731707317074,31.875,12.08841463414634,62.16463414634147,6.234756097560975,0.9713349713349714,0.9051383399209486
20222023,MTL,3359.0,3668.9,1293,1409.1,1746,1913.2,730,650,366,853,926.1,1109,1217.25,486,351,272,4022.0,3951.6,1664,1631.6,2207,2165.85,984,812,411,1126,1099.85,1419,1386.0,684,424,311,0.4550873865329901,0.4814513483367233,0.4372675008454514,0.4634130298944322,0.4310257705912076,0.4571188824995681,0.4386867088607595,0.4675885911840968,0.4153846153846154,0.4529032258064516,0.4665523156089194,0.4550873865329901,0.4814513483367233,0.4634130298944322,0.4386867088607595,0.4675885911840968,82,68,0.4146,31,21,-75,-22.577518316987973,11.310975609756095,34.28353658536585,10.091463414634148,62.24085365853659,5.670731707317073,0.9544728434504792,0.8946840521564694
20222023,NJD,4299.0,4334.2,1676,1698.45,2204,2231.65,948,887,369,1128,1135.15,1447,1457.4,654,496,297,3643.0,3860.45,1335,1417.6,1906,2024.2,754,782,370,860,908.75,1219,1284.25,495,450,274,0.5412994208008058,0.5289060545599873,0.5566257057455994,0.5450650663500265,0.5674044265593562,0.555384314301091,0.5427606901725431,0.5315776995604836,0.5691906005221932,0.5243128964059197,0.5201401050788091,0.5412994208008058,0.5289060545599873,0.5450650663500265,0.5427606901725431,0.5315776995604836,82,112,0.6829,52,39,65,18.694750966067836,17.01219512195122,33.0030487804878,14.96951219512195,64.20731707317073,6.2195121951219505,0.9620689655172414,0.9
20222023,NSH,3593.0,3697.4,1448,1490.5,1996,2042.85,825,774,397,947,968.1,1283,1304.7,527,443,313,3985.0,4143.099999999999,1556,1610.9,2172,2244.35,841,923,408,1063,1098.85,1416,1464.7,571,522,323,0.4741356558458696,0.471577067789044,0.4820239680426098,0.4805894112336364,0.4711442786069652,0.4683712716804954,0.4753612449055205,0.4711128764353289,0.4799635701275045,0.4590673575129533,0.4921383647798742,0.4741356558458696,0.471577067789044,0.4805894112336364,0.4753612449055205,0.4711128764353289,81,92,0.5679,42,29,-8,3.2296359291395507,12.87037037037037,34.01234567901235,12.20679012345679,62.33024691358025,6.327160493827161,0.9644707623982236,0.9214536928487692
20222023,NYI,3912.0,4057.1,1553,1604.65,2114,2184.4,881,857,376,1035,1062.75,1344,1375.75,614,444,286,3952.0,4071.25,1539,1573.65,2143,2202.85,879,841,423,1010,1034.35,1398,1438.15,590,475,333,0.4974567650050864,0.4991295896461151,0.5022639068564037,0.504876820942013,0.5061124694376528,0.5067712555433694,0.4901531728665207,0.4889121859341128,0.5099667774086378,0.4831338411316648,0.4620355411954766,0.4974567650050864,0.4991295896461151,0.504876820942013,0.4901531728665207,0.4889121859341128,82,93,0.5671,42,36,21,9.989199320225053,14.634146341463412,35.35060975609756,14.039634146341465,65.9298780487805,6.158536585365854,0.9525291828793774,0.9324324324324323
20222023,NYR,3670.0,3701.7,1577,1582.8,1880,1890.85,872,711,297,1067,1067.35,1228,1231.6,593,389,246,3698.0,3915.1,1526,1617.95,1966,2083.9,873,755,338,1025,1082.55,1281,1351.55,613,412,256,0.498099891422367,0.4859914924902846,0.5082178536899774,0.4945090994298211,0.510038240917782,0.496464951858226,0.4894380231167796,0.4767822232545536,0.4917081260364842,0.4856429463171036,0.4900398406374502,0.498099891422367,0.4859914924902846,0.4945090994298211,0.4894380231167796,0.4767822232545536,82,107,0.6524,47,37,58,4.991131392481408,14.207317073170731,32.91158536585366,11.676829268292682,62.17987804878049,4.86280487804878,0.9655797101449276,0.9160997732426304
20222023,OTT,3815.0,4032.5,1468,1542.5,1938,2046.4,816,784,338,980,1024.65,1276,1334.55,562,451,263,3588.0,3598.6,1406,1406.35,1914,1919.75,805,765,344,926,916.75,1236,1232.7,540,429,267,0.5153316223152776,0.528429715244198,0.510786360473208,0.5230852705291894,0.5141657922350472,0.5277892242711445,0.5079617834394905,0.5198364008179959,0.5099818511796733,0.5125,0.4962264150943396,0.5153316223152776,0.528429715244198,0.5230852705291894,0.5079617834394905,0.5198364008179959,82,86,0.5244,39,31,-10,-0.7874478351171966,12.606707317073171,29.64939024390244,12.332317073170731,55.59451219512196,5.182926829268292,0.952212389380531,0.9116564417177914
20222023,PHI,3602.0,3875.55,1345,1447.7,1851,1989.1,793,710,348,919,988.1,1232,1324.95,545,405,282,3998.0,3993.0,1541,1536.5,2169,2155.7999999999997,865,915,389,978,974.3,1346,1328.9,570,481,295,0.4739473684210526,0.4925367443811121,0.466042966042966,0.4851216406407078,0.4844491302055878,0.5035161027313494,0.4778898370830101,0.4992557981800026,0.4887892376681614,0.4571106094808126,0.4887348353552859,0.4739473684210526,0.4925367443811121,0.4851216406407078,0.4778898370830101,0.4992557981800026,82,75,0.4573,31,26,-55,-7.666263296971234,12.240853658536585,33.29268292682927,11.067073170731708,61.49390243902439,5.350609756097561,0.952054794520548,0.9229885057471264
20222023,PIT,4115.0,4223.0,1631,1661.95,2258,2310.35,964,868,426,1108,1123.8,1493,1515.95,665,497,331,3777.0,3955.35,1426,1474.4,2107,2196.6,830,835,442,963,989.35,1397,1453.2,584,470,343,0.5214140902179423,0.5163633251205928,0.5335296041871116,0.5298994053597335,0.5350072428778367,0.5318126966850436,0.5166089965397924,0.5105669972887864,0.5324259407526021,0.5139607032057911,0.4910979228486647,0.5214140902179423,0.5163633251205928,0.5298994053597335,0.5166089965397924,0.5105669972887864,82,91,0.5549,40,31,-2,5.956464507800774,14.832317073170731,32.60670731707317,13.460365853658535,58.23170731707317,6.6310975609756095,0.9629915188897455,0.8931116389548693
20222023,SEA,3846.0,3899.85,1342,1354.4,1945,1961.8,742,808,395,926,931.5,1318,1324.9,520,491,307,3445.0,3666.2,1336,1418.2,1853,1966.6,790,736,327,897,940.05,1193,1257.6,533,417,243,0.5274996571115074,0.5154406856946492,0.5011202389843167,0.4884945538483733,0.507953922106418,0.4977157970666025,0.5248904818797292,0.513030009680542,0.4938271604938271,0.5407488986784141,0.5581818181818182,0.5274996571115074,0.5154406856946492,0.4884945538483733,0.5248904818797292,0.513030009680542,82,100,0.6098,46,37,33,-1.6120626577464616,13.23170731707317,34.40548780487804,14.100609756097562,63.87195121951219,7.103658536585366,0.9553072625698324,0.8972431077694236
20222023,SJS,3710.0,3983.4,1510,1617.1,2115,2273.15,879,858,378,1020,1089.9,1374,1474.5,626,469,279,3923.0,3894.95,1502,1476.35,2202,2164.1,812,953,437,1030,1008.1,1423,1390.65,573,516,334,0.4860474256517751,0.5056134850571503,0.50132802124834,0.5227496807771259,0.4975609756097561,0.5194947569113441,0.4912406149445835,0.5146327417412702,0.5221017514595496,0.4761421319796954,0.4551386623164764,0.4860474256517751,0.5056134850571503,0.5227496807771259,0.4912406149445835,0.5146327417412702,82,60,0.3659,22,16,-87,-13.169839055430067,13.53658536585366,33.93292682926829,13.216463414634148,60.4420731707317,5.807926829268293,0.9366998577524892,0.8975609756097561
20222023,STL,3357.0,3576.0499999999997,1320,1398.65,1896,1998.2,661,879,356,916,965.8,1274,1337.05,469,524,281,3962.0,4050.5,1594,1639.0,2162,2199.9,849,954,359,1089,1115.55,1440,1457.5,592,571,277,0.458669217106162,0.4688948476047492,0.4529855868222375,0.4604381676625023,0.456857855361596,0.4640257525163956,0.4694178334561533,0.4784491241881519,0.4420358152686145,0.4785388127853881,0.503584229390681,0.458669217106162,0.4688948476047492,0.4604381676625023,0.4694178334561533,0.4784491241881519,82,81,0.4939,37,27,-38,-12.012781596552616,10.091463414634148,33.36890243902439,13.551829268292682,60.97560975609757,5.518292682926829,0.9564564564564564,0.9008168028004668
20222023,TBL,3804.0,3849.5,1500,1513.8,2177,2190.5,883,839,455,1029,1035.9,1452,1457.3,624,468,360,3590.0,3752.35,1396,1448.15,1968,2063.15,777,815,376,924,947.0,1304,1359.35,528,471,305,0.5144711928590749,0.5063898919342003,0.5179558011049724,0.5110822262360945,0.5268817204301075,0.5224166624640677,0.5268505079825835,0.517387676850159,0.5416666666666666,0.4984025559105431,0.5413533834586466,0.5144711928590749,0.5063898919342003,0.5110822262360945,0.5268505079825835,0.517387676850159,82,98,0.5976,46,38,29,11.68542292425497,14.634146341463412,32.80487804878049,14.13109756097561,59.60365853658536,7.439024390243902,0.9570602807597028,0.9137055837563453
20222023,TOR,3764.0,3719.2,1658,1639.9,2178,2145.0499999999997,984,857,337,1153,1131.85,1481,1449.75,678,519,284,3606.0,3940.5,1449,1563.65,1958,2117.0499999999997,785,845,328,937,1003.55,1231,1321.25,533,449,249,0.510719131614654,0.4855542645273313,0.53363373028645,0.5119008599834558,0.5516746411483253,0.5300412100777372,0.5460914454277286,0.5231865752435944,0.5598678777869529,0.5361570247933884,0.5328330206378987,0.510719131614654,0.4855542645273313,0.5119008599834558,0.5460914454277286,0.5231865752435944,82,111,0.6768,50,42,57,22.22683670039886,16.8140243902439,34.55792682926829,15.121951219512194,64.16158536585365,5.7926829268292686,0.9571068124474348,0.9293820933165196
20222023,VAN,3378.0,3627.45,1363,1472.75,1903,2054.5499999999997,768,754,381,954,1035.0,1252,1357.95,544,443,265,3715.0,3767.55,1528,1550.15,2050,2075.45,825,857,368,1070,1083.75,1346,1355.85,572,488,286,0.476244184407162,0.4905273833671399,0.4714631615358007,0.4871977240398293,0.4713438735177865,0.4884955752212389,0.4819091608929946,0.5003869113420296,0.4874551971326165,0.4758324382384533,0.4809437386569873,0.476244184407162,0.4905273833671399,0.4871977240398293,0.4819091608929946,0.5003869113420296,82,83,0.5061,38,24,-22,-13.804060957857994,11.844512195121952,31.585365853658537,11.539634146341465,57.19512195121951,5.853658536585366,0.9483870967741936,0.8990384615384616
20222023,VGK,3858.0,3835.0,1506,1480.25,2105,2082.7999999999997,883,824,398,1048,1016.95,1390,1364.9,613,483,294,4155.0,4474.5,1628,1757.3,2114,2293.0,892,853,369,972,1053.8,1240,1349.55,532,428,280,0.4814676151254212,0.4615199470485588,0.4805360561582642,0.4572130160151966,0.5188118811881188,0.4911022576361221,0.5285171102661597,0.5028274604431837,0.5353711790393013,0.5301866081229418,0.5121951219512195,0.4814676151254212,0.4615199470485588,0.4572130160151966,0.5285171102661597,0.5028274604431837,82,111,0.6768,51,38,43,20.364761477695023,16.951219512195124,40.5640243902439,15.640243902439025,81.28048780487805,7.74390243902439,0.9652665589660744,0.9244444444444444
20222023,WPG,3780.0,3917.95,1513,1577.1,2009,2088.4,817,814,378,1040,1081.45,1348,1393.45,590,465,293,3550.0,3748.2,1336,1416.4,1903,2010.15,744,764,395,935,991.7,1317,1389.85,550,445,322,0.5156889495225102,0.5110713982898848,0.5310635310635311,0.526841489894772,0.5265822784810127,0.5216458046933411,0.5058161350844278,0.5006467143319081,0.5175438596491229,0.510989010989011,0.4764227642276423,0.5156889495225102,0.5110713982898848,0.526841489894772,0.5058161350844278,0.5006467143319081,82,95,0.5793,46,36,22,8.131418053807211,13.39939024390244,31.250000000000004,13.26219512195122,58.39939024390244,6.082317073170732,0.9628691983122364,0.9112582781456954
20222023,WSH,3839.0,4042.1,1501,1577.5,1949,2043.6,873,737,339,979,1023.8,1243,1295.85,585,400,258,3873.0,3982.4,1461,1502.65,2066,2124.15,814,823,429,984,1008.0,1380,1409.95,580,467,333,0.497795643153527,0.5037198579350738,0.5067521944632005,0.512150382286577,0.4987264391237901,0.5038881779702726,0.4738848646587876,0.4789156626506023,0.5021459227467812,0.461361014994233,0.4365482233502538,0.497795643153527,0.5037198579350738,0.512150382286577,0.4738848646587876,0.4789156626506023,82,80,0.4878,35,27,-10,-3.132224405524501,13.53658536585366,31.9969512195122,11.49390243902439,60.07621951219512,5.2439024390243905,0.9638648860958366,0.8958837772397095
20232024,ANA,3344.0,3683.55,1247,1383.8,1541,1690.4,726,512,303,795,878.65,985,1072.2,469,282,234,3864.0,3753.9,1499,1453.8,1971,1920.25,884,652,435,992,958.55,1264,1222.9,584,366,314,0.4639289678135405,0.4952705564407155,0.4541150764748725,0.487665632929236,0.4448796866256295,0.4782549531896364,0.4379724321920853,0.4671691865278202,0.4453941120607787,0.4351851851851852,0.4270072992700729,0.4639289678135405,0.4952705564407155,0.487665632929236,0.4379724321920853,0.4671691865278202,82,59,0.3598,27,21,-91,-16.628325030567215,11.265243902439025,30.868902439024392,8.048780487804878,60.39634146341464,4.847560975609756,0.9588918677390528,0.911699779249448
20232024,ARI,3723.0,3973.95,1473,1572.6,1820,1952.75,808,683,329,928,992.5,1132,1213.3,513,374,245,3950.0,4011.6,1542,1583.85,1882,1917.45,902,652,328,999,1019.05,1181,1196.95,580,361,240,0.4852078717581128,0.4976426169769146,0.4885572139303482,0.4982179347051276,0.4815775817332641,0.4934006114687679,0.4894076956333765,0.5033917643397987,0.4693504117108875,0.508843537414966,0.5051546391752577,0.4852078717581128,0.4976426169769146,0.4982179347051276,0.4894076956333765,0.5033917643397987,82,77,0.4695,36,28,-18,-2.3074843585061955,12.46951219512195,29.115853658536587,10.503048780487806,61.00609756097561,5.121951219512195,0.9527638190954774,0.9202185792349726
20232024,BOS,3558.0,3508.35,1443,1415.15,1817,1802.0,851,641,325,944,924.4,1179,1165.7,577,353,249,4007.0,4369.95,1520,1660.7,1893,2064.9,851,688,354,938,1016.2,1173,1271.5,535,368,270,0.470323859881031,0.4453181523932828,0.4870064124198447,0.4600842043662727,0.5015940488841658,0.4763475213851386,0.5012755102040817,0.4782947644838339,0.5188848920863309,0.4895977808599168,0.4797687861271676,0.470323859881031,0.4453181523932828,0.4600842043662727,0.5012755102040817,0.4782947644838339,82,109,0.6646,47,36,43,12.225613687321726,15.182926829268292,33.50609756097561,11.28048780487805,71.82926829268294,5.914634146341463,0.9640151515151516,0.9313953488372092
20232024,BUF,3924.0,4198.65,1406,1497.5,1927,2063.35,760,761,406,889,942.45,1220,1297.65,510,409,301,3821.0,3847.3,1495,1502.95,1889,1901.05,847,712,330,982,976.5,1224,1221.75,577,398,249,0.5066494512588767,0.5218339661568864,0.4846604619096863,0.4990918028962323,0.4751469802244789,0.491127960603455,0.4991816693944353,0.5150631102643487,0.4691812327506899,0.506815365551425,0.5472727272727272,0.5066494512588767,0.5218339661568864,0.4990918028962323,0.4991816693944353,0.5150631102643487,82,84,0.5122,39,33,2,-0.5319750096733595,11.676829268292682,29.17682926829268,11.798780487804878,58.948170731707314,6.3567073170731705,0.9526963103122044,0.9183197199533256
20232024,CAR,4709.0,4720.95,1684,1690.75,2049,2050.0,952,724,373,1054,1054.75,1275,1267.05,597,393,285,3198.0,3454.6,1186,1280.2,1499,1618.35,685,523,291,813,872.8,1001,1074.05,470,317,214,0.5955482483875048,0.5774473888606882,0.5867595818815331,0.569094060822296,0.564542046063203,0.5471972192679827,0.5601933216168717,0.5412199393447524,0.5595126522961574,0.5535211267605634,0.5711422845691383,0.5955482483875048,0.5774473888606882,0.569094060822296,0.5601933216168717,0.5412199393447524,82,111,0.6768,52,44,63,13.981016979149327,16.554878048780488,26.76829268292683,12.865853658536585,57.1189024390244,6.585365853658536,0.9408926417370326,0.909221902017291
20232024,CBJ,4010.0,4232.599999999999,1452,1530.05,1847,1950.5,783,697,367,895,946.6,1124,1189.35,481,366,277,4385.0,4490.45,1753,1797.3,2180,2235.2,1014,759,407,1121,1146.65,1371,1403.8,632,424,315,0.4776652769505658,0.4852201924785482,0.4530421216848674,0.4598404135423084,0.4439484126984127,0.4522154544368804,0.450501002004008,0.4586506758189846,0.4321653189577717,0.4632911392405063,0.4679054054054054,0.4776652769505658,0.4852201924785482,0.4598404135423084,0.450501002004008,0.4586506758189846,82,66,0.4024,27,21,-63,-12.032617860047184,12.11890243902439,33.65853658536586,10.792682926829269,67.5609756097561,5.625,0.9443037974683544,0.9237536656891496
20232024,CGY,4126.0,4403.4,1504,1618.55,2002,2144.5499999999997,823,726,453,934,1006.05,1221,1308.8,501,396,324,3932.0,3999.95,1589,1617.65,1957,1983.75,866,743,348,947,959.95,1200,1207.7,531,402,267,0.5120377264829983,0.524005307407165,0.4862592951826705,0.500139051974538,0.4965443912812334,0.5117243133265513,0.5043370508054523,0.5200874230081463,0.4854651162790697,0.4962406015037593,0.5482233502538071,0.5120377264829983,0.524005307407165,0.500139051974538,0.5043370508054523,0.5200874230081463,82,81,0.4939,38,32,-18,-2.990748978456682,12.74390243902439,30.47256097560976,11.326219512195122,61.1890243902439,7.103658536585366,0.9342934293429342,0.9358108108108107
20232024,CHI,3385.0,3821.35,1182,1337.3,1592,1794.0,663,617,312,742,841.75,1005,1134.55,442,339,224,4360.0,4173.25,1789,1707.75,2157,2058.2999999999997,1019,782,356,1164,1102.5,1358,1290.6,663,430,265,0.4370561652679148,0.4779913941910789,0.3978458431504544,0.4391717705784798,0.3892969569779643,0.4329432943294329,0.4253068133728311,0.4678267323670701,0.4,0.4408322496749025,0.4580777096114519,0.4370561652679148,0.4779913941910789,0.4391717705784798,0.4253068133728311,0.4678267323670701,82,52,0.3171,23,17,-111,-19.14233537435022,10.24390243902439,33.338414634146346,9.527439024390244,67.17987804878048,4.817073170731708,0.9567847882454624,0.9145631067961164
20232024,COL,4202.0,4251.05,1626,1642.8,2245,2270.35,957,779,509,1024,1033.85,1389,1402.6,602,415,372,3773.0,4006.5,1395,1473.6,1781,1891.2,810,613,358,948,1002.35,1145,1213.4,545,346,254,0.526896551724138,0.5148076608679331,0.5382323733862959,0.5271467077396997,0.5192697768762677,0.5077349965622238,0.5481452249408051,0.5361620795107034,0.5248474280732345,0.545335085413929,0.5942492012779552,0.526896551724138,0.5148076608679331,0.5271467077396997,0.5481452249408051,0.5361620795107034,82,107,0.6524,50,42,50,16.421507168925327,16.859756097560975,31.29573170731707,13.704268292682926,66.21951219512195,8.948170731707318,0.9554655870445344,0.8965936739659367
20232024,DAL,4262.0,4317.2,1658,1676.1,2154,2176.45,875,846,433,1074,1081.05,1381,1386.85,575,474,332,3758.0,4037.85,1305,1396.85,1779,1901.5,778,601,400,829,882.15,1106,1173.95,490,326,290,0.5314214463840399,0.5167174343660421,0.5595680053999325,0.5454367952618819,0.5643720441408303,0.5506570904645477,0.5552874949738641,0.5415690409247109,0.539906103286385,0.5925,0.5337620578778135,0.5314214463840399,0.5167174343660421,0.5454367952618819,0.5552874949738641,0.5415690409247109,82,113,0.689,52,40,64,18.539936601099463,16.38719512195122,34.542682926829265,15.579268292682926,73.47560975609755,8.048780487804878,0.960552268244576,0.901015228426396
20232024,DET,3552.0,3779.8,1319,1396.35,1718,1838.25,713,613,392,827,868.1,1069,1139.35,437,324,308,4176.0,4244.099999999999,1543,1566.45,2124,2159.25,866,794,464,984,993.55,1312,1324.1,534,439,339,0.4596273291925465,0.4710676852901955,0.4608665269042628,0.4712940461725394,0.4566537824406405,0.4663067708752987,0.4489710205795884,0.4625017759646025,0.4500514933058702,0.4246395806028833,0.4760432766615147,0.4596273291925465,0.4710676852901955,0.4712940461725394,0.4489710205795884,0.4625017759646025,82,91,0.5549,41,27,4,-18.02218186172616,10.990853658536585,32.97256097560976,9.557926829268292,64.61890243902438,6.158536585365854,0.957779515246286,0.9027149321266968
20232024,EDM,4317.0,4425.2,1886,1932.25,2257,2316.1,1115,750,392,1236,1253.15,1459,1478.35,746,423,290,3506.0,3713.0,1379,1452.2,1671,1768.0,750,622,299,898,935.9,1066,1122.1,484,360,222,0.5518343346542247,0.543756604654592,0.5776416539050536,0.5709199426790174,0.5791940018744143,0.5724629405449853,0.5778217821782178,0.5684977600030764,0.6065040650406504,0.5402298850574713,0.56640625,0.5518343346542247,0.543756604654592,0.5709199426790174,0.5778217821782178,0.5684977600030764,82,104,0.6341,49,39,57,22.735857171434336,20.807926829268293,34.48170731707317,14.054878048780488,72.72865853658537,7.560975609756097,0.9479830148619958,0.9045751633986928
20232024,FLA,4218.0,4205.2,1569,1557.3,2043,2033.4,881,756,406,951,943.75,1205,1198.85,540,376,289,3354.0,3645.15,1204,1301.7,1553,1686.3,696,499,358,840,904.4,1056,1141.55,487,290,279,0.5570522979397782,0.5356703841230008,0.565813198701767,0.544700944386149,0.5309882747068677,0.5106457809160512,0.5329500221141088,0.5122414971799693,0.5258033106134372,0.5645645645645646,0.5088028169014085,0.5570522979397782,0.5356703841230008,0.544700944386149,0.5329500221141088,0.5122414971799693,82,110,0.6707,52,42,68,32.513558578984245,17.88109756097561,31.615853658536587,14.939024390243905,68.01829268292683,7.896341463414633,0.9627959413754228,0.9192634560906516
20232024,LAK,4172.0,4201.05,1565,1564.4,1907,1913.9,864,627,416,1002,990.15,1187,1176.8,543,331,313,3566.0,3854.2,1386,1496.85,1775,1911.45,788,603,384,872,934.25,1089,1166.45,496,310,283,0.5391574050142156,0.5215294373234847,0.5303287021348695,0.5110330747243772,0.5346851654215582,0.5145240074828518,0.5215289982425307,0.5022084711405099,0.5226179018286814,0.516380655226209,0.5251677852348994,0.5391574050142156,0.5215294373234847,0.5110330747243772,0.5215289982425307,0.5022084711405099,82,99,0.6037,44,37,41,5.673554124359473,14.23780487804878,28.78048780487805,10.121951219512194,58.2469512195122,6.7073170731707314,0.9600798403193612,0.9133165829145728
20232024,MIN,3713.0,3881.0,1385,1445.5,1775,1852.55,793,641,341,860,899.6,1088,1131.1,487,355,246,3767.0,3855.55,1331,1359.85,1843,1884.7,727,639,477,816,829.55,1122,1132.55,435,328,359,0.4963903743315508,0.5016447899903704,0.509941089837997,0.5152654748961806,0.513126491646778,0.5202556169216088,0.4923076923076923,0.4996797208048948,0.5281995661605207,0.5197657393850659,0.4066115702479339,0.4963903743315508,0.5016447899903704,0.5152654748961806,0.4923076923076923,0.4996797208048948,82,87,0.5305,39,32,-12,-3.6512093443638847,12.25609756097561,28.597560975609756,9.801829268292682,58.23170731707317,5.289634146341464,0.9578577699736612,0.9145183175033922
20232024,MTL,3587.0,3750.75,1398,1458.4,1782,1871.95,769,648,365,917,953.6,1141,1196.2,526,347,268,4272.0,4420.9,1674,1731.9,2191,2271.0,952,762,477,1057,1085.5,1383,1429.25,591,425,367,0.4564193917801247,0.4589954293196601,0.455078125,0.457135692568097,0.4645390070921986,0.4676572997891227,0.4520602218700475,0.4556171323011294,0.4709042076991943,0.4494818652849741,0.4220472440944882,0.4564193917801247,0.4589954293196601,0.457135692568097,0.4520602218700475,0.4556171323011294,82,76,0.4634,30,20,-53,-8.227665458483692,11.920731707317072,33.90243902439025,10.106707317073171,66.02134146341463,5.609756097560975,0.9587955625990492,0.924116424116424
20232024,NJD,4036.0,4232.95,1610,1689.0,1913,2012.75,885,675,353,1033,1075.5,1182,1233.5,577,339,266,3738.0,3845.9,1445,1473.65,1774,1824.95,838,595,341,950,969.15,1156,1183.7,546,351,259,0.5191664522768201,0.5239545232304103,0.5270049099836334,0.5340458160087269,0.5209278870398386,0.526006896045778,0.5055603079555175,0.5103011749131227,0.5138023152270703,0.4913043478260869,0.5066666666666667,0.5191664522768201,0.5239545232304103,0.5340458160087269,0.5055603079555175,0.5103011749131227,82,81,0.4939,38,33,-19,-2.95294882231691,13.658536585365852,27.5609756097561,10.472560975609756,57.88109756097561,5.472560975609755,0.95697796432319,0.8912280701754386
20232024,NSH,4058.0,4119.7,1585,1619.0,2071,2108.95,933,691,447,1040,1055.85,1317,1333.4,613,372,332,3825.0,4032.45,1464,1535.2,1808,1896.0,757,742,309,892,937.25,1106,1161.2,493,373,240,0.5147786375745275,0.5053513490306238,0.5198425713348639,0.5132838754676305,0.5383022774327122,0.5297526466308765,0.5435410647957079,0.5345145514310912,0.554249547920434,0.4993288590604027,0.5804195804195804,0.5147786375745275,0.5053513490306238,0.5132838754676305,0.5435410647957079,0.5345145514310912,82,99,0.6037,47,38,21,12.707394564979351,15.182926829268292,30.152439024390244,11.35670731707317,63.36890243902439,7.378048780487805,0.9606003752345216,0.9167750325097528
20232024,NYI,3915.0,4000.35,1552,1579.9,1880,1905.0,908,613,359,1008,1022.75,1204,1217.25,599,334,271,4430.0,4685.15,1669,1776.05,2119,2243.6,953,726,440,1006,1071.65,1255,1327.25,568,364,323,0.4691431995206711,0.4605779747855621,0.4818379385284073,0.4707757862900222,0.5004965243296922,0.4883260122230711,0.4896299308662057,0.4783847514246414,0.5132819194515853,0.4785100286532951,0.4562289562289562,0.4691431995206711,0.4605779747855621,0.4707757862900222,0.4896299308662057,0.4783847514246414,82,94,0.5732,39,29,-17,1.9628045887736496,14.710365853658535,34.60365853658537,9.908536585365852,73.01829268292683,5.86890243902439,0.9548936170212766,0.9363256784968684
20232024,NYR,3965.0,4089.85,1549,1585.9,1928,1988.75,877,658,393,982,996.65,1221,1247.35,543,374,304,3948.0,4206.849999999999,1493,1596.15,1912,2040.55,817,730,365,966,1023.75,1212,1283.35,544,389,279,0.5010741817262733,0.4929490038207962,0.5092044707429323,0.4983894030577772,0.5041067761806981,0.4932934072460898,0.5018495684340321,0.4928873434227684,0.499540018399264,0.4901703800786369,0.5214408233276158,0.5010741817262733,0.4929490038207962,0.4983894030577772,0.5018495684340321,0.4928873434227684,82,114,0.6951,55,43,53,0.3514311522650872,15.609756097560975,35.6859756097561,11.890243902439025,74.48170731707317,7.25609756097561,0.9531109107303878,0.9063260340632604
20232024,OTT,3982.0,4274.4,1411,1504.5,1834,1970.6,777,671,386,918,967.85,1159,1237.1,498,363,298,3912.0,3966.0,1541,1559.0,2001,2025.8,868,733,400,924,935.0,1200,1221.3,530,363,307,0.504433747149734,0.5187126838502986,0.4779810298102981,0.4911049453239758,0.498371335504886,0.5086317891583677,0.4913098770665536,0.5032134721770257,0.4844357976653696,0.5,0.4925619834710744,0.504433747149734,0.5187126838502986,0.4911049453239758,0.4913098770665536,0.5032134721770257,82,78,0.4756,37,25,-26,-12.561986731549036,12.149390243902438,30.89939024390244,10.41158536585366,60.33536585365854,5.990853658536586,0.9471861471861472,0.9071100917431192
20232024,PHI,4105.0,4382.9,1517,1631.3,1877,2013.8,863,651,363,990,1060.75,1192,1270.15,562,363,267,3853.0,3963.25,1498,1538.5,1924,1991.7,829,760,335,842,859.5,1071,1100.05,501,333,237,0.5158331239004775,0.5251403341660525,0.5031509121061359,0.5146381475171935,0.5403930131004366,0.5524020309855487,0.5267344233318604,0.5358830478440638,0.528692380056444,0.521551724137931,0.5297619047619048,0.5158331239004775,0.5251403341660525,0.5146381475171935,0.5267344233318604,0.5358830478440638,82,87,0.5305,38,30,-26,-9.705240077070298,13.277439024390244,29.89329268292683,10.076219512195122,59.801829268292686,5.670731707317073,0.9464285714285714,0.9048751486325802
20232024,PIT,4196.0,4341.099999999999,1633,1699.9,2075,2142.2999999999997,937,727,411,1043,1077.75,1325,1362.15,617,410,298,3993.0,4198.099999999999,1512,1579.9,1995,2090.45,836,736,423,1011,1045.3,1289,1336.05,569,406,314,0.5123946757845891,0.5083731497095747,0.5192368839427663,0.5182937984023416,0.5077896786757546,0.5076423070582416,0.5068859984697781,0.5048365577051367,0.5202360876897133,0.5024509803921569,0.4869281045751634,0.5123946757845891,0.5083731497095747,0.5182937984023416,0.5068859984697781,0.5048365577051367,82,88,0.5366,38,32,4,1.8125026595364264,14.451219512195122,30.868902439024392,11.295731707317072,61.57012195121951,6.280487804878049,0.961082910321489,0.8979833926453143
20232024,SEA,4037.0,4181.55,1512,1554.2,1992,2047.9,842,747,403,908,918.2,1193,1214.9,515,378,300,3830.0,3953.85,1357,1391.3,1788,1837.45,748,650,390,867,883.0,1156,1178.9,489,366,301,0.5131562221939748,0.5139943948668781,0.5270128964796096,0.5276523510439654,0.5115492957746479,0.5097712636020431,0.5078756917837378,0.5075194251817194,0.5129482071713147,0.5080645161290323,0.4991680532445923,0.5131562221939748,0.5139943948668781,0.5276523510439654,0.5078756917837378,0.5075194251817194,82,81,0.4939,34,28,-19,6.622796993162234,12.98780487804878,27.46951219512195,11.49390243902439,58.8109756097561,6.265243902439024,0.9571836346336822,0.914780292942743
20232024,SJS,3575.0,3974.1,1315,1464.25,1694,1886.35,734,641,319,802,896.4499999999999,1016,1129.05,456,337,223,4584.0,4362.75,1851,1739.7,2327,2208.6,1066,852,409,1187,1113.7,1445,1371.1,671,475,299,0.4381664419659272,0.4766908364670109,0.4153506001263424,0.4570139983457919,0.4032176973353444,0.4459617441484466,0.4128403088175538,0.4515929044257345,0.4046140195208518,0.4150246305418719,0.4272030651340996,0.4381664419659272,0.4766908364670109,0.4570139983457919,0.4128403088175538,0.4515929044257345,82,47,0.2866,19,14,-150,-19.88369289876777,11.371951219512196,36.021341463414636,9.923780487804878,70.83841463414635,4.908536585365853,0.9547581903276132,0.9130434782608696
20232024,STL,3475.0,3646.45,1261,1324.9,1713,1787.05,699,628,386,832,870.3,1093,1132.4,459,342,292,4201.0,4355.55,1687,1750.5,2047,2128.7999999999997,958,754,335,1108,1147.55,1328,1378.8,640,436,252,0.4527097446586764,0.4556923269182704,0.4277476255088195,0.4308057488456786,0.4288659793814433,0.4313006417721832,0.4514663362247005,0.450939789741956,0.4176524112829845,0.4395886889460154,0.5367647058823529,0.4527097446586764,0.4556923269182704,0.4308057488456786,0.4514663362247005,0.450939789741956,82,92,0.561,43,31,-11,-14.263974642729831,10.731707317073171,31.539634146341463,9.67987804878049,64.58841463414633,5.990853658536586,0.9510426110607434,0.9192546583850932
20232024,TBL,3857.0,3980.25,1521,1565.45,1974,2037.8,846,725,403,956,976.85,1209,1240.3,528,380,301,3775.0,3979.9,1448,1525.6,1815,1914.5,779,680,356,914,956.8,1115,1167.25,500,360,255,0.5053721174004193,0.5000219845103422,0.5122937015830246,0.5064460296662946,0.5112299465240642,0.505184495642955,0.520223752151463,0.5151710244854727,0.5136186770428015,0.5135135135135135,0.5413669064748201,0.5053721174004193,0.5000219845103422,0.5064460296662946,0.520223752151463,0.5151710244854727,82,98,0.5976,45,37,23,-1.6502440412552448,13.795731707317072,29.87804878048781,11.90548780487805,61.96646341463414,6.753048780487805,0.9470198675496688,0.9021601016518423
20232024,TOR,4103.0,4149.4,1669,1684.35,2008,2027.45,957,705,346,1088,1089.4,1279,1278.6,631,386,262,3948.0,4229.45,1557,1667.35,1903,2042.15,841,682,380,989,1050.2,1196,1275.35,545,355,296,0.5096261333995777,0.495223091474367,0.5173589584624922,0.502536026494018,0.523832450649976,0.5091605907646288,0.5167676767676768,0.5006362693083263,0.5365646258503401,0.5209176788124157,0.4695340501792114,0.5096261333995777,0.495223091474367,0.502536026494018,0.5167676767676768,0.5006362693083263,82,102,0.622,46,33,40,9.51306384970506,15.884146341463412,31.539634146341463,11.615853658536588,65.85365853658537,5.655487804878049,0.957169459962756,0.9151943462897526
20232024,VAN,3752.0,3678.6,1533,1493.85,2012,1976.3,918,666,428,987,952.3,1273,1240.25,596,369,308,3542.0,3930.6,1357,1503.9,1679,1868.0,791,547,341,877,969.05,1074,1188.3,528,290,256,0.5143953934740882,0.4834410976186721,0.5304498269896194,0.4983237428071053,0.5295064377682404,0.4956410856949541,0.5423945462292288,0.5106956826089641,0.5302491103202847,0.5599393019726859,0.5460992907801419,0.5143953934740882,0.4834410976186721,0.4983237428071053,0.5423945462292288,0.5106956826089641,82,109,0.6646,50,44,56,17.628529488884634,16.204268292682926,30.03048780487805,11.829268292682926,63.734756097560975,7.484756097560975,0.9621380846325168,0.9139650872817956
20232024,VGK,3985.0,4056.2,1553,1575.2,1988,2018.5,852,742,394,989,999.55,1232,1246.75,543,389,300,4223.0,4429.7,1588,1658.8,1965,2075.45,834,731,400,910,953.8,1144,1207.1,497,367,280,0.4855019493177387,0.4779929058791642,0.4944285259471506,0.4870748299319728,0.5208004212743549,0.5117106509330125,0.5185185185185185,0.5080791409417854,0.5221153846153846,0.5145502645502645,0.5172413793103449,0.4855019493177387,0.4779929058791642,0.4870748299319728,0.5185185185185185,0.5080791409417854,82,98,0.5976,45,34,22,9.302906448327196,14.13109756097561,33.0030487804878,12.225609756097562,70.68597560975608,6.7682926829268295,0.9606299212598424,0.9236276849642004
20232024,WPG,4001.0,4012.85,1528,1518.3,1904,1915.0,885,660,359,999,987.3,1243,1244.95,587,378,278,3830.0,4105.9,1435,1549.15,1851,2003.5,829,642,380,936,1005.9,1199,1291.0,567,347,285,0.510918145830673,0.4942694380292532,0.5156935538305771,0.4949713931767429,0.5162790697674419,0.4953341360626129,0.509009009009009,0.4909205623139258,0.5086655112651647,0.5213793103448275,0.4937833037300178,0.510918145830673,0.4942694380292532,0.4949713931767429,0.509009009009009,0.4909205623139258,82,110,0.6707,52,46,60,11.732678438475368,14.34451219512195,30.624999999999996,10.731707317073171,63.23170731707317,5.975609756097561,0.9689018464528668,0.9231692677070829
20232024,WSH,3644.0,3890.75,1448,1548.6,1779,1903.15,827,654,298,899,958.45,1102,1180.1,529,360,213,4167.0,4241.8,1502,1529.05,2065,2098.0,894,671,500,967,974.85,1303,1303.6,577,366,360,0.4665215721418512,0.4784169786844224,0.4908474576271186,0.5031761246405537,0.4817792068595927,0.4957585475611648,0.4582120582120582,0.475137899102146,0.4783001808318264,0.4958677685950413,0.3717277486910995,0.4665215721418512,0.4784169786844224,0.5031761246405537,0.4582120582120582,0.475137899102146,82,91,0.5549,40,32,-37,-11.035727151007316,13.353658536585366,32.98780487804878,10.472560975609756,66.64634146341464,4.801829268292683,0.9503367003367004,0.9077777777777778
20242025,ANA,3772.0,4051.8,1305,1410.65,1787,1912.0,735,621,431,867,937.85,1143,1222.05,485,347,311,4445.0,4441.05,1658,1654.2,2273,2266.0499999999997,969,779,525,1118,1113.1,1455,1440.05,655,425,375,0.4590483144700012,0.477083664494251,0.4404319946000675,0.4602672235182798,0.4367758186397985,0.4572758965357518,0.4399538106235566,0.4590548814845422,0.425438596491228,0.4494818652849741,0.4533527696793002,0.4590483144700012,0.477083664494251,0.4602672235182798,0.4399538106235566,0.4590548814845422,82,80,0.4878,35,24,-42,-15.123828368429246,11.341463414634148,35.28963414634146,9.710365853658535,68.71951219512195,6.676829268292683,0.9566227730441518,0.917981072555205
20242025,BOS,3600.0,3825.95,1294,1380.25,1687,1793.85,760,587,340,801,851.25,1042,1101.85,479,311,252,3946.0,4021.25,1420,1437.8,1870,1902.6,744,722,404,874,869.5,1178,1179.45,472,399,307,0.4770739464617015,0.4875560709552451,0.4767870302137067,0.4897890385195436,0.4782089552238805,0.4946970797617318,0.4693693693693693,0.4829921535966334,0.5036803364879074,0.4380281690140845,0.4508050089445438,0.4770739464617015,0.4875560709552451,0.4897890385195436,0.4693693693693693,0.4829921535966334,82,76,0.4634,33,26,-50,-7.305912376797233,11.692073170731708,28.856707317073173,9.161585365853655,60.80792682926829,5.213414634146341,0.9534246575342464,0.9223300970873788
20242025,BUF,3828.0,3986.7,1347,1405.55,1841,1920.75,738,693,410,854,883.55,1162,1197.1,470,377,315,3866.0,4066.5,1498,1572.15,1891,1983.9,826,686,379,943,982.8,1228,1279.55,531,394,303,0.4975305432804783,0.4950454477723141,0.4734622144112478,0.4720253887228398,0.4752365052865888,0.4734106678811584,0.4861924686192468,0.4833545313225527,0.4695304695304695,0.4889753566796368,0.5097087378640777,0.4975305432804783,0.4950454477723141,0.4720253887228398,0.4861924686192468,0.4833545313225527,82,79,0.4817,36,29,-20,-11.852564458824297,11.539634146341465,29.34451219512195,10.86890243902439,59.84756097560975,6.3567073170731705,0.9509143407122232,0.8959390862944162
20242025,CAR,4665.0,4784.7,1709,1740.55,2108,2146.2,945,778,385,1085,1095.3,1316,1327.7,609,412,295,3224.0,3419.9,1268,1338.5,1609,1697.6,764,549,296,893,940.8,1116,1174.5,549,343,224,0.591329699581696,0.5831728542524924,0.574067853543836,0.5652879946736817,0.5485338725985844,0.5379401797554147,0.5411184210526315,0.5306130605067542,0.5259067357512953,0.5456953642384106,0.5684007707129094,0.591329699581696,0.5831728542524924,0.5652879946736817,0.5411184210526315,0.5306130605067542,82,99,0.6037,47,42,33,14.95989495650274,17.118902439024392,29.222560975609756,13.78048780487805,59.29878048780488,7.484756097560975,0.9393564356435644,0.9095890410958904
20242025,CBJ,4009.0,4174.75,1453,1511.05,1840,1923.85,813,660,367,930,952.9,1176,1218.0,547,360,269,4241.0,4413.05,1538,1605.0,2068,2159.1,909,682,477,988,1031.9,1307,1353.95,592,373,342,0.4859393939393939,0.4861256666433778,0.4857907054496824,0.4849248246979348,0.4848800834202294,0.4800987505038291,0.4736206202174788,0.4735706370652618,0.4802458296751536,0.4911323328785811,0.4402618657937807,0.4859393939393939,0.4861256666433778,0.4849248246979348,0.4736206202174788,0.4735706370652618,82,89,0.5427,40,30,5,-5.4053735932254705,12.484756097560975,31.935975609756095,10.198170731707318,65.2439024390244,5.701219512195122,0.9522952295229524,0.9256292906178488
20242025,CGY,4211.0,4445.25,1407,1485.1,1960,2075.9,808,728,424,837,871.5,1166,1226.25,478,378,310,3928.0,3995.0,1452,1461.7,1835,1859.75,790,703,342,907,912.0,1113,1128.25,501,363,249,0.5173854281852808,0.5266727881283138,0.4921301154249737,0.5039704085787973,0.4799311926605504,0.488645920941968,0.5116279069767442,0.5208112125716713,0.4882533197139939,0.5101214574898786,0.554561717352415,0.5173854281852808,0.5266727881283138,0.5039704085787973,0.5116279069767442,0.5208112125716713,82,96,0.5854,41,31,-13,4.266391562220223,12.484756097560975,28.368902439024392,11.234756097560975,60.71646341463415,6.4939024390243905,0.95136186770428,0.9272030651340996
20242025,CHI,3352.0,3612.0,1162,1253.55,1557,1674.25,662,561,334,755,811.6,1000,1072.1,435,313,252,4250.0,4314.25,1676,1705.55,2081,2123.15,934,757,390,1090,1104.2,1356,1379.55,599,453,304,0.4409365956327282,0.4557009935341429,0.4094432699083862,0.4236254266499949,0.4092140921409214,0.4236350349723353,0.4244482173174873,0.4372973303693431,0.4206963249516441,0.4086161879895561,0.4532374100719424,0.4409365956327282,0.4557009935341429,0.4236254266499949,0.4244482173174873,0.4372973303693431,82,61,0.372,25,20,-70,-26.12821650230947,10.106707317073171,31.890243902439025,8.643292682926829,65.07621951219512,5.121951219512195,0.9484629294755876,0.906636670416198
20242025,COL,4240.0,4377.0,1563,1623.9,2211,2280.2999999999997,855,848,508,974,1011.9,1318,1364.3,514,440,364,3596.0,3773.1,1280,1349.15,1713,1792.45,773,565,375,827,868.75,1087,1134.0,502,311,274,0.5410923940786115,0.5370486251702433,0.5497713682729511,0.5462067573703773,0.5408106607440311,0.5380586499348629,0.548024948024948,0.5460913421126365,0.5059055118110236,0.5858854860186418,0.5705329153605015,0.5410923940786115,0.5370486251702433,0.5462067573703773,0.548024948024948,0.5460913421126365,82,102,0.622,49,40,43,18.931504034233697,14.496951219512194,28.50609756097561,14.283536585365852,59.96951219512195,8.597560975609756,0.9663299663299664,0.8948069241011984
20242025,DAL,3880.0,3925.45,1480,1485.6,1986,2006.85,831,733,422,951,957.8,1236,1252.0,552,385,299,3952.0,4273.25,1442,1568.7,1906,2063.7,810,665,431,966,1051.0,1224,1325.55,528,371,325,0.4954034729315628,0.4787893202580896,0.5065023956194388,0.4863962282683429,0.4960876369327073,0.4768020708880924,0.5024390243902439,0.4857325755077495,0.5111111111111111,0.5092592592592593,0.4791666666666667,0.4954034729315628,0.4787893202580896,0.4863962282683429,0.5024390243902439,0.4857325755077495,82,106,0.6463,50,41,53,9.365167321688684,15.59451219512195,36.05182926829268,13.460365853658535,74.71036585365853,7.63719512195122,0.9608030592734226,0.9089726918075424
20242025,DET,3737.0,3935.1,1341,1419.65,1725,1818.05,720,642,363,879,922.95,1082,1132.05,468,349,265,4055.0,4166.05,1496,1526.55,1983,2028.7,850,680,453,946,960.9,1267,1291.7,567,362,338,0.479594455852156,0.485745850897712,0.4726824109975326,0.4818579865589573,0.4816438356164383,0.4899275420017517,0.4606215410813112,0.467065497679216,0.4521739130434782,0.4908579465541491,0.439469320066335,0.479594455852156,0.485745850897712,0.4818579865589573,0.4606215410813112,0.467065497679216,82,86,0.5244,39,30,-21,-3.3151995105052565,11.036585365853655,30.42682926829268,9.878048780487806,62.22560975609756,5.670731707317073,0.9646511627906976,0.9241293532338308
20242025,EDM,4264.0,4375.849999999999,1696,1731.85,2113,2159.9,972,719,422,1097,1106.65,1339,1354.45,630,381,328,3620.0,3808.7,1344,1419.45,1708,1799.4,729,651,328,861,895.25,1085,1131.2,473,366,246,0.5408422120750888,0.5346475982185948,0.5578947368421052,0.5495668454288706,0.5602655771195098,0.5527998401518557,0.5523927392739274,0.5449077706032627,0.57116953762466,0.5100401606425703,0.5714285714285714,0.5408422120750888,0.5346475982185948,0.5495668454288706,0.5523927392739274,0.5449077706032627,82,101,0.6159,48,36,23,10.219336190457655,18.506097560975608,34.420731707317074,13.582317073170731,72.3170731707317,8.15548780487805,0.9369747899159664,0.9073033707865168
20242025,FLA,4266.0,4336.65,1513,1528.6,1981,2017.15,816,705,460,973,985.3,1259,1286.25,541,368,350,3415.0,3585.5,1184,1247.75,1609,1688.65,691,530,388,831,875.6999999999999,1076,1126.8,485,319,272,0.5553964327561516,0.5474082162039345,0.5609936967000371,0.5505789976047688,0.5393569844789357,0.52944653412144,0.539186295503212,0.5330390998943245,0.5272904483430799,0.5356622998544396,0.5627009646302251,0.5553964327561516,0.5474082162039345,0.5505789976047688,0.539186295503212,0.5330390998943245,82,98,0.5976,47,37,29,24.836662942887788,16.478658536585368,31.67682926829268,13.734756097560975,68.0030487804878,8.521341463414634,0.9732739420935412,0.9026946107784432
20242025,LAK,4151.0,4138.9,1468,1462.55,1930,1923.05,860,664,406,929,919.45,1228,1220.9,566,348,314,3644.0,3909.4,1276,1360.55,1657,1767.7,705,574,378,803,851.1999999999999,1011,1066.8,436,309,266,0.5325208466966004,0.5142576693214717,0.5349854227405247,0.5180652474230456,0.5363741339491916,0.5192725835145285,0.5484591335417597,0.5336801153997465,0.564870259481038,0.5296803652968036,0.5413793103448276,0.5325208466966004,0.5142576693214717,0.5180652474230456,0.5484591335417597,0.5336801153997465,82,105,0.6402,48,43,44,11.547316376577829,13.948170731707318,28.109756097560975,11.036585365853655,61.57012195121951,6.7073170731707314,0.9533898305084746,0.931686046511628
20242025,MIN,3794.0,3941.9,1355,1410.9,1757,1820.4,755,632,370,865,896.25,1115,1157.5,472,356,287,4143.0,4293.25,1388,1441.95,1963,2034.9,760,701,502,854,878.65,1204,1244.9,462,367,375,0.4780143631094872,0.4786676623983777,0.4939846882974845,0.4945580735054419,0.5031995346131471,0.5049580258042706,0.4808106942647693,0.4818098568098569,0.5053533190578159,0.4923928077455048,0.4335347432024169,0.4780143631094872,0.4786676623983777,0.4945580735054419,0.4808106942647693,0.4818098568098569,82,97,0.5915,45,33,-11,-1.35767055740218,12.591463414634148,32.97256097560976,10.320121951219512,69.39024390243902,6.0060975609756095,0.9601018675721562,0.9274193548387096
20242025,MTL,3692.0,3942.35,1347,1450.95,1892,2030.15,743,754,395,840,906.5,1197,1278.9,481,416,300,4083.0,4138.8,1538,1554.8,2024,2052.0,907,696,421,976,977.05,1272,1279.5,582,383,307,0.4748553054662379,0.487845170551221,0.466897746967071,0.4827247775097729,0.4625550660792951,0.4812720660454992,0.4848116646415553,0.4998827392120075,0.4524929444967074,0.5206508135168961,0.4942339373970346,0.4748553054662379,0.487845170551221,0.4827247775097729,0.4848116646415553,0.4998827392120075,82,91,0.5549,40,30,-20,-2.1993120676967184,12.317073170731708,33.140243902439025,12.301829268292682,66.85975609756098,6.692073170731708,0.9523373052245646,0.919908466819222
20242025,NJD,3950.0,4041.0,1537,1568.05,1901,1945.55,831,692,378,947,959.65,1159,1181.9,519,358,282,3748.0,3985.5,1319,1394.6,1785,1893.55,743,633,409,867,913.7,1144,1214.75,487,348,309,0.5131202909846714,0.5034572977013643,0.5381652661064426,0.5292727794373281,0.5220507166482911,0.5122641257640057,0.5032566217976552,0.4931466839129618,0.5159045725646123,0.5070821529745042,0.4771573604060913,0.5131202909846714,0.5034572977013643,0.5292727794373281,0.5032566217976552,0.4931466839129618,82,91,0.5549,42,36,20,5.305852195161907,13.61280487804878,29.48170731707317,11.173780487804878,62.24085365853659,6.1432926829268295,0.950884086444008,0.9270976616231088
20242025,NSH,3891.0,4183.65,1480,1602.5,1955,2114.85,871,663,421,936,1014.65,1186,1276.75,539,347,300,3796.0,3813.7,1463,1456.5,1830,1822.7,806,694,330,952,944.1,1150,1137.65,535,366,249,0.5061792636919474,0.5231295366590183,0.5028882093102277,0.5238640078457012,0.4957627118644068,0.5180089342693044,0.5077054794520548,0.5288063286944997,0.5018621973929237,0.4866760168302945,0.546448087431694,0.5061792636919474,0.5231295366590183,0.5238640078457012,0.5077054794520548,0.5288063286944997,82,68,0.4146,30,24,-60,-1.684584688364283,13.42987804878049,28.33841463414634,10.320121951219512,58.734756097560975,6.539634146341464,0.940755873340143,0.9238985313751668
20242025,NYI,4079.0,4292.599999999999,1572,1661.4,1917,2022.9,859,656,402,1043,1109.75,1229,1299.3,555,382,292,4090.0,4174.5,1586,1615.15,1964,2011.5,938,622,404,1004,1014.95,1232,1254.6,595,328,309,0.4993267229771085,0.5069740525091235,0.4977834072197593,0.5070577284033511,0.5095261358085003,0.5223090318633219,0.4993904916700528,0.5087513215082815,0.4826086956521739,0.5380281690140845,0.4858569051580699,0.4993267229771085,0.5069740525091235,0.5070577284033511,0.4993904916700528,0.5087513215082815,82,82,0.5,35,28,-36,3.293029999241301,13.23170731707317,30.289634146341463,10.106707317073171,62.94207317073171,6.25,0.9555106167846308,0.9314159292035398
20242025,NYR,3887.0,4029.55,1439,1489.2,1829,1884.5,808,645,376,940,970.15,1176,1205.1,527,368,281,4069.0,4251.45,1551,1609.95,1993,2077.0,866,706,421,1034,1067.75,1298,1348.6,586,393,319,0.4885620915032679,0.4866018596787827,0.4812709030100334,0.4805188519432747,0.4761904761904761,0.4760537808528386,0.475343573160873,0.471903512550417,0.4734950584007187,0.4835742444152431,0.4683333333333333,0.4885620915032679,0.4866018596787827,0.4805188519432747,0.475343573160873,0.471903512550417,82,85,0.5183,39,35,1,-11.5960002979666,12.454268292682928,30.80792682926829,9.969512195121952,62.74390243902439,5.86890243902439,0.943466172381835,0.9160671462829736
20242025,OTT,3819.0,3949.4,1373,1409.35,1737,1792.85,778,606,353,862,882.9499999999999,1076,1108.3,475,348,253,3807.0,3996.95,1342,1405.65,1784,1859.55,733,672,379,828,866.15,1086,1132.25,460,357,269,0.500786782061369,0.4970080603044164,0.5057090239410681,0.5006571936056838,0.5100591715976331,0.5048024698416328,0.4976873265494912,0.4946553301644685,0.5080213903743316,0.4936170212765957,0.4846743295019157,0.500786782061369,0.4970080603044164,0.5006571936056838,0.4976873265494912,0.4946553301644685,82,97,0.5915,45,35,9,-3.3927179834906167,13.033536585365852,29.314024390243905,10.24390243902439,62.68292682926829,5.960365853658536,0.9541463414634146,0.908835904628331
20242025,PHI,3705.0,3979.4,1373,1474.3,1774,1897.75,782,638,354,932,990.5,1178,1251.9,556,370,252,4021.0,4019.85,1487,1486.8,1950,1948.0,802,778,370,862,864.05,1096,1099.95,461,372,263,0.4795495728708258,0.4974716379660593,0.4800699300699301,0.4978892978960521,0.5195094760312151,0.5340918282063034,0.5180299032541776,0.5323043561451622,0.5467059980334317,0.4986522911051212,0.4893203883495146,0.4795495728708258,0.4974716379660593,0.4978892978960521,0.5180299032541776,0.5323043561451622,82,76,0.4634,33,21,-48,-16.61977593846821,12.11890243902439,30.411585365853657,9.939024390243905,62.39329268292683,5.609756097560975,0.9425795053003534,0.9040920716112532
20242025,PIT,4063.0,4275.2,1593,1668.85,1888,1972.25,899,634,355,1027,1072.75,1180,1231.65,583,343,254,3952.0,4038.75,1441,1460.85,1916,1953.45,825,708,383,966,972.4,1253,1267.0,557,407,289,0.5069245165315034,0.5142200758965353,0.525049439683586,0.5332300220468416,0.5153035624686403,0.524533652788304,0.4849979449239622,0.4929261801372741,0.5114035087719299,0.4573333333333333,0.4677716390423573,0.5069245165315034,0.5142200758965353,0.5332300220468416,0.4849979449239622,0.4929261801372741,82,80,0.4878,34,24,-50,-9.856761645417276,13.841463414634148,29.588414634146343,9.78658536585366,60.85365853658536,5.442073170731707,0.9455909943714822,0.9014778325123152
20242025,SEA,3842.0,4152.3,1246,1333.25,1728,1866.4,687,640,401,814,867.05,1113,1194.45,455,356,302,4179.0,4165.2,1519,1520.05,2007,1998.6,811,776,420,990,985.55,1256,1244.45,544,396,316,0.4789926443086897,0.499224526600541,0.4506329113924051,0.4672659727333263,0.4512195121951219,0.468017920760013,0.4698184888138455,0.4897494772233384,0.4554554554554554,0.4734042553191489,0.4886731391585761,0.4789926443086897,0.499224526600541,0.4672659727333263,0.4698184888138455,0.4897494772233384,82,76,0.4634,35,28,-18,-13.150146624683355,10.548780487804878,30.990853658536583,9.908536585365852,64.39024390243902,6.189024390243903,0.9648671808054842,0.8977272727272727
20242025,SJS,3635.0,4037.95,1274,1411.4,1665,1844.4,697,604,364,783,860.5,1033,1133.55,439,329,265,4346.0,4166.2,1595,1531.35,2122,2034.85,905,778,439,1009,964.1,1328,1275.1,584,421,323,0.455456709685503,0.4921838337914348,0.4440571627744858,0.4796194036190637,0.4369419642857143,0.4716102159377398,0.4375264718339686,0.4706163203454218,0.4291300097751711,0.4386666666666666,0.4506802721088435,0.455456709685503,0.4921838337914348,0.4796194036190637,0.4375264718339686,0.4706163203454218,82,52,0.3171,20,14,-105,-21.04461703685764,10.716463414634148,32.743902439024396,9.314024390243905,66.89024390243902,5.594512195121951,0.9498725573491928,0.9103448275862068
20242025,STL,3669.0,3815.45,1331,1378.25,1871,1940.65,748,738,385,806,824.65,1145,1181.5,465,391,289,3902.0,4104.849999999999,1458,1524.6,1776,1864.3,800,645,331,890,922.75,1048,1088.4,468,346,234,0.4846123365473517,0.4817304900066917,0.4772319827895303,0.4747920147441308,0.4752358490566037,0.4719297241616115,0.5221158230734154,0.5205075113441121,0.4983922829581994,0.5305291723202171,0.5525812619502868,0.4846123365473517,0.4817304900066917,0.4747920147441308,0.5221158230734154,0.5205075113441121,82,96,0.5854,44,32,21,8.995105497817423,12.347560975609756,29.588414634146343,12.164634146341465,64.95426829268293,6.432926829268292,0.9608247422680412,0.9257362355953904
20242025,TBL,3899.0,3842.75,1504,1466.7,1968,1926.7,847,681,440,996,964.45,1262,1227.4,562,372,328,3838.0,4224.95,1314,1461.4,1890,2089.0499999999997,739,696,455,866,955.25,1208,1319.55,486,382,340,0.5039420964198009,0.4763129516466899,0.5337118523775728,0.5009050237355281,0.5349087003222341,0.5023962077407929,0.5109311740890689,0.4819097351734427,0.5362595419847328,0.493368700265252,0.4910179640718562,0.5039420964198009,0.4763129516466899,0.5009050237355281,0.5109311740890689,0.4819097351734427,82,102,0.622,47,41,75,7.893170074227067,13.643292682926829,30.6859756097561,11.11280487804878,62.48475609756098,7.164634146341464,0.951828724353256,0.9368998628257889
20242025,TOR,3695.0,3794.45,1380,1409.6,1752,1789.95,789,600,363,919,926.3,1139,1153.2,537,331,271,4103.0,4367.5,1463,1563.3,1876,2003.45,811,682,383,878,922.8,1132,1192.45,490,350,292,0.4738394460117979,0.464895031211904,0.4854027435807246,0.4741498200410374,0.5114079020589872,0.5009464063598508,0.5015411712901805,0.4916334491505553,0.5228821811100293,0.4860499265785609,0.4813499111900532,0.4738394460117979,0.464895031211904,0.4741498200410374,0.5015411712901805,0.4916334491505553,82,108,0.6585,52,41,37,2.897430020129816,13.917682926829269,33.948170731707314,10.533536585365852,74.39024390243902,6.570121951219512,0.9628180039138944,0.9227748691099475
20242025,UTA,4182.0,4247.25,1541,1561.5,2030,2068.0,867,688,475,974,981.9,1296,1313.95,552,379,365,3676.0,3858.2,1333,1395.35,1753,1844.8,744,657,352,819,849.9499999999999,1074,1120.8,447,356,271,0.5321964876558921,0.5239992844320797,0.5361864996520529,0.5280957776011634,0.543223647518126,0.5360155034527936,0.5468354430379747,0.5396652633740631,0.5525525525525525,0.5156462585034014,0.5738993710691824,0.5321964876558921,0.5239992844320797,0.5280957776011634,0.5468354430379747,0.5396652633740631,82,89,0.5427,38,30,-10,3.194280188884065,13.384146341463415,27.164634146341463,10.701219512195122,56.90548780487804,7.271341463414634,0.9545913218970736,0.9066852367688022
20242025,VAN,3634.0,3757.9,1318,1372.65,1822,1895.0,735,635,452,812,842.8,1105,1148.15,449,330,326,3771.0,3952.2,1347,1396.65,1737,1810.05,752,598,387,883,908.15,1121,1163.7,497,335,289,0.4907494935854152,0.4873996446219893,0.4945590994371482,0.4956667749972917,0.4790560471976401,0.4813387018475685,0.4964061096136568,0.4966368925319548,0.474630021141649,0.4962406015037593,0.5300813008130081,0.4907494935854152,0.4873996446219893,0.4956667749972917,0.4964061096136568,0.4966368925319548,82,90,0.5488,38,28,-17,-1.713961431272521,11.38719512195122,26.783536585365855,9.86280487804878,58.20121951219512,6.9817073170731705,0.9597457627118644,0.9100968188105116
20242025,VGK,4193.0,4200.65,1519,1505.2,2070,2068.6,844,760,466,1026,1007.55,1344,1333.1,567,459,318,4000.0,4272.45,1471,1569.45,1820,1943.3,825,617,378,908,965.6,1127,1198.75,512,344,271,0.5117783473697058,0.4957630619253874,0.5080267558528428,0.4895516562860813,0.5305067218200621,0.5106302105769961,0.5439093484419264,0.5265319825424097,0.5254865616311399,0.5716064757160647,0.5398981324278438,0.5117783473697058,0.4957630619253874,0.4895516562860813,0.5439093484419264,0.5265319825424097,82,110,0.6707,50,46,56,15.020051473238766,14.573170731707318,31.66158536585366,13.39939024390244,69.375,8.15548780487805,0.9539748953974896,0.924433249370277
20242025,WPG,3956.0,3936.6,1461,1445.95,1872,1860.15,850,649,373,1007,992.85,1231,1206.25,584,356,291,3940.0,4269.65,1336,1446.35,1848,2001.15,736,669,443,873,938.3,1184,1270.8,486,373,325,0.5010131712259371,0.4797075399847677,0.5223453700393279,0.4999308508799225,0.5356382978723404,0.5141237086709991,0.5097308488612836,0.4869703881633394,0.5457943925233645,0.4883401920438957,0.4724025974025974,0.5010131712259371,0.4797075399847677,0.4999308508799225,0.5097308488612836,0.4869703881633394,82,116,0.7073,56,43,86,12.725708691650464,14.847560975609756,32.91158536585366,11.21951219512195,69.55792682926828,6.585365853658536,0.9656133828996284,0.9296551724137933
20242025,WSH,3943.0,3988.95,1507,1517.45,1989,1999.85,898,702,389,947,944.8,1264,1253.45,567,402,295,3857.0,4098.45,1405,1494.5,1902,2018.05,806,685,411,902,955.65,1179,1246.75,529,350,300,0.5055128205128205,0.4932302099562282,0.5175137362637363,0.503809824200269,0.5121687398593835,0.4971454129285169,0.517396643471142,0.5013398928085754,0.5173357664233577,0.5345744680851063,0.4957983193277311,0.5055128205128205,0.4932302099562282,0.503809824200269,0.517396643471142,0.5013398928085754,82,111,0.6768,51,43,56,7.665581143924383,15.533536585365855,33.75,12.057926829268292,68.55182926829269,6.509146341463415,0.960952380952381,0.910941475826972
20252026,ANA,4182.0,4480.55,1574,1684.35,1967,2117.35,920,656,391,1069,1142.3,1284,1377.7,634,375,275,3805.0,3815.85,1601,1594.2,1977,1973.4,923,714,340,1012,1008.6,1283,1278.2,631,374,278,0.5236008513834982,0.5400595438985585,0.495748031496063,0.5137484558722606,0.513695338779433,0.5310800130178065,0.5001947798987144,0.5187318799653602,0.5011857707509881,0.5006675567423231,0.4972875226039783,0.5236008513834982,0.5400595438985585,0.5137484558722606,0.5001947798987144,0.5187318799653602,82,92,0.561,43,26,-15,-4.264737511152762,14.222560975609756,30.457317073170728,10.167682926829269,58.62804878048781,6.128048780487805,0.9466882067851372,0.9130434782608696
20252026,BOS,3750.0,3832.85,1338,1361.4,1787,1827.45,800,620,367,872,884.35,1154,1176.0,523,348,283,3915.0,4135.75,1509,1596.65,2015,2142.5,924,660,431,1003,1062.1,1290,1375.95,605,369,316,0.4892367906066536,0.4809941520467836,0.4699683877766069,0.4602356282010107,0.4650666666666667,0.4543399522207095,0.4721767594108019,0.4608240757068125,0.4636524822695035,0.4853556485355648,0.4724540901502504,0.4892367906066536,0.4809941520467836,0.4602356282010107,0.4721767594108019,0.4608240757068125,82,100,0.6098,45,33,22,-1.9110867215628335,12.317073170731708,31.143292682926827,9.634146341463415,60.65548780487805,5.716463414634147,0.9591836734693876,0.9304511278195488
20252026,BUF,3716.0,3801.8,1408,1437.4,1806,1851.95,841,600,365,962,981.4,1218,1242.65,582,354,282,3823.0,4100.3,1392,1495.85,1881,2033.55,805,646,430,935,1003.95,1256,1350.35,574,357,325,0.4929035681124817,0.4811126156338188,0.5028571428571429,0.4900366487684309,0.5071164997364259,0.4943209005968721,0.49232012934519,0.4792325491708445,0.5034602076124568,0.4978902953586498,0.4645799011532125,0.4929035681124817,0.4811126156338188,0.4900366487684309,0.49232012934519,0.4792325491708445,82,109,0.6646,50,42,47,-4.969298517027552,12.98780487804878,29.192073170731707,9.329268292682928,59.08536585365854,5.731707317073171,0.951909476661952,0.9177820267686424
20252026,CAR,4619.0,4587.0,1676,1660.7,2263,2247.2,1038,778,447,1071,1056.3,1447,1429.5,677,434,336,3110.0,3387.1,1291,1396.15,1590,1730.8,760,566,264,940,1015.0,1083,1175.95,554,344,185,0.5976193556734377,0.5752373308586549,0.5648803505224133,0.543271668547688,0.5325708602685231,0.5099695843190266,0.5719367588932807,0.5486576215241129,0.5499593826157595,0.5578406169665809,0.6449136276391555,0.5976193556734377,0.5752373308586549,0.543271668547688,0.5719367588932807,0.5486576215241129,82,113,0.689,53,39,56,14.055140129271088,15.945121951219512,24.710365853658537,12.11890243902439,48.079268292682926,6.920731707317073,0.9487666034155596,0.9014084507042254
20252026,CBJ,4082.0,4045.5,1605,1595.5,2033,2031.2,893,767,373,1022,1014.7,1284,1277.95,579,426,279,3950.0,4239.349999999999,1415,1525.7,2010,2161.9,876,645,489,927,998.25,1309,1407.1,559,361,389,0.5082171314741036,0.4883009348388927,0.5314569536423841,0.5111815968217353,0.5243714725500257,0.5040860428724012,0.4951793289625916,0.4759501685257257,0.5087873462214412,0.5412960609911055,0.4176646706586826,0.5082171314741036,0.4883009348388927,0.5111815968217353,0.4951793289625916,0.4759501685257257,82,92,0.561,40,28,0,8.395682250679746,13.78048780487805,31.06707317073171,11.844512195121952,60.85365853658536,5.807926829268293,0.9526627218934912,0.9364161849710982
20252026,CGY,3849.0,4055.45,1362,1424.85,1901,1997.95,820,638,443,865,901.2,1195,1253.45,538,334,323,3972.0,4065.9,1613,1646.65,2050,2094.9,934,768,348,1012,1024.7,1296,1316.8,602,435,259,0.4921365554276947,0.4993566340571456,0.4578151260504202,0.4638938629334201,0.460841768779968,0.4679370683836128,0.4797270172621437,0.4876762960801478,0.4719298245614035,0.4343302990897269,0.5549828178694158,0.4921365554276947,0.4993566340571456,0.4638938629334201,0.4797270172621437,0.4876762960801478,82,77,0.4695,34,27,-47,-5.391345646622217,12.698170731707318,31.82926829268293,9.954268292682926,61.600609756097555,6.875,0.9573002754820936,0.914572864321608
20252026,CHI,3347.0,3538.5,1151,1210.65,1576,1664.45,676,617,283,775,818.9499999999999,1035,1094.25,464,358,213,3990.0,4034.85,1630,1640.75,2096,2116.75,1007,701,388,1126,1132.65,1446,1456.7,706,430,310,0.4561810004088865,0.4672304858484026,0.4138798993167925,0.4245809076243249,0.4076801683324566,0.4196300471408075,0.4171704957678355,0.4289578392363629,0.3965811965811965,0.4543147208121827,0.4072657743785851,0.4561810004088865,0.4672304858484026,0.4245809076243249,0.4171704957678355,0.4289578392363629,82,72,0.439,29,22,-62,-21.236664351064313,10.442073170731708,32.22560975609756,9.51219512195122,61.3719512195122,4.420731707317073,0.9451303155006858,0.9212121212121211
20252026,COL,4612.0,4499.75,1673,1638.1,2564,2502.15,981,993,590,1067,1040.45,1622,1574.3,633,541,448,3522.0,3895.45,1315,1462.95,1744,1946.9,805,574,365,872,963.6,1152,1274.4,547,341,264,0.5670027046963364,0.5359908042691061,0.5599062918340026,0.5282404346914754,0.5502836513666839,0.5191736733115441,0.5847152126892574,0.5526380454242286,0.5364406779661017,0.6133786848072562,0.6292134831460674,0.5670027046963364,0.5359908042691061,0.5282404346914754,0.5847152126892574,0.5526380454242286,82,121,0.7378,55,48,99,32.09943430119626,15.04573170731707,26.890243902439025,15.32012195121951,54.28353658536586,9.085365853658535,0.9709897610921502,0.9054325955734408
20252026,DAL,3259.0,3247.5,1363,1358.7,1792,1790.2,818,604,370,925,925.35,1184,1185.7,565,341,278,3608.0,3811.75,1338,1422.9,1827,1932.1,784,630,413,825,874.0,1135,1192.05,507,328,300,0.4745886122032911,0.4600347062364982,0.5046279155868197,0.4884598792062123,0.5285714285714286,0.514269041598355,0.5105648986632169,0.4986647040269162,0.5270522388059702,0.5097159940209267,0.4809688581314879,0.4745886122032911,0.4600347062364982,0.4884598792062123,0.5105648986632169,0.4986647040269162,82,112,0.6829,50,38,53,3.157657521186945,12.63719512195122,28.140243902439025,9.435975609756095,55.59451219512196,5.76219512195122,0.9640625,0.9229287090558768
20252026,DET,3776.0,4009.35,1359,1435.6,1806,1918.5,799,615,392,940,991.85,1186,1263.05,549,331,306,3956.0,4083.2,1555,1593.35,2092,2151.75,911,741,440,998,1016.0,1314,1350.1,576,422,316,0.4883600620796689,0.4954371613397508,0.4663692518874399,0.4739596229716568,0.4850361197110423,0.4939861045396818,0.4744,0.4833438570307866,0.488,0.4395750332005312,0.4919614147909968,0.4883600620796689,0.4954371613397508,0.4739596229716568,0.4744,0.4833438570307866,82,92,0.561,41,30,-17,-14.625346633159111,12.301829268292682,32.40853658536585,9.542682926829269,61.21951219512195,6.097560975609756,0.9464285714285714,0.9159212880143112
20252026,EDM,3835.0,3943.45,1569,1595.05,1944,1992.8,907,650,387,1082,1100.1,1298,1325.45,625,381,292,3795.0,3995.15,1484,1564.0,1978,2070.45,879,743,356,959,1013.55,1254,1309.7,563,415,276,0.5026212319790302,0.4967437583453001,0.5139207337045529,0.5049144521295958,0.5301322880940715,0.5204740614576681,0.5086206896551724,0.5029884446805685,0.5260942760942761,0.478643216080402,0.5140845070422535,0.5026212319790302,0.4967437583453001,0.5049144521295958,0.5086206896551724,0.5029884446805685,82,93,0.5671,41,32,13,-1.4222629339174837,13.948170731707318,30.65548780487805,10.182926829268292,58.704268292682926,5.929878048780488,0.953216374269006,0.9165120593692022
20252026,FLA,3755.0,3925.45,1420,1483.5,1824,1905.95,836,627,361,937,977.45,1193,1241.95,575,337,281,3504.0,3624.35,1332,1373.5,1778,1829.7,817,588,373,931,955.3,1232,1265.05,572,372,288,0.5172888827662212,0.5199409255874328,0.5159883720930233,0.5192509625481274,0.5016059957173448,0.5057301772086406,0.4919587628865979,0.4953928998803351,0.5013077593722755,0.4753173483779971,0.4938488576449912,0.5172888827662212,0.5199409255874328,0.5192509625481274,0.4919587628865979,0.4953928998803351,82,84,0.5122,40,32,-25,-19.091910918609752,12.911585365853655,27.54573170731707,9.817073170731708,54.22256097560975,5.625,0.93343653250774,0.8904347826086957
20252026,LAK,4114.0,4292.05,1585,1653.45,2052,2152.2,942,693,417,984,1024.9,1289,1352.1,586,388,315,3766.0,3869.05,1399,1431.05,1871,1922.3,802,648,421,894,907.25,1174,1205.05,517,342,315,0.5220812182741117,0.5259156241192976,0.5311662198391421,0.5360512238612417,0.5239616613418531,0.5304453587971948,0.5233455136012992,0.5287527129812487,0.5312783318223028,0.5315068493150685,0.5,0.5220812182741117,0.5259156241192976,0.5360512238612417,0.5233455136012992,0.5287527129812487,82,90,0.5488,35,22,-22,19.880479202020588,14.420731707317074,28.856707317073173,10.685975609756095,58.04878048780488,6.478658536585366,0.9617151607963248,0.95
20252026,MIN,3836.0,3862.45,1556,1563.3,1940,1959.5,912,632,396,1036,1035.45,1296,1301.7,610,381,305,4116.0,4375.45,1541,1628.05,2082,2215.15,925,732,425,960,1021.0,1317,1409.05,578,398,341,0.4823943661971831,0.4688634239308561,0.5024216984178237,0.4898553903520454,0.5190380761523046,0.5035133360888912,0.4959816303099885,0.4801992068615697,0.5134680134680135,0.4890885750962773,0.4721362229102167,0.4823943661971831,0.4688634239308561,0.4898553903520454,0.4959816303099885,0.4801992068615697,82,104,0.6341,46,31,32,-1.4516691236254493,13.99390243902439,32.05792682926829,9.75609756097561,63.2469512195122,6.097560975609756,0.956140350877193,0.9210019267822736
20252026,MTL,3570.0,3646.1,1395,1428.1,1826,1863.35,765,709,352,916,929.35,1174,1191.75,506,405,263,3769.0,3972.3,1481,1551.25,1929,2032.05,900,615,414,983,1029.7,1235,1297.65,610,330,295,0.4864422945905436,0.4785913052609472,0.485048678720445,0.4793327403628308,0.4823591363875724,0.4743880962711518,0.4873391448733914,0.4787298144131117,0.4534050179211469,0.5510204081632653,0.471326164874552,0.4864422945905436,0.4785913052609472,0.4793327403628308,0.4873391448733914,0.4787298144131117,82,106,0.6463,48,34,27,-4.92748721958854,11.798780487804878,30.07621951219512,10.960365853658535,58.5670731707317,5.518292682926829,0.9498567335243552,0.923469387755102
20252026,NJD,4013.0,4296.7,1476,1578.0,2000,2143.2,856,690,454,962,1027.2,1284,1374.7,563,378,343,3800.0,3834.35,1493,1511.5,1964,1982.1,891,682,391,975,979.75,1288,1288.8,605,381,302,0.5136311276078331,0.5284311374299753,0.4971370831929942,0.5107622592652533,0.4966442953020134,0.5118214205635417,0.4992223950233281,0.5161253989112071,0.4820205479452055,0.4980237154150198,0.5317829457364341,0.5136311276078331,0.5284311374299753,0.5107622592652533,0.4992223950233281,0.5161253989112071,82,87,0.5305,42,29,-24,-2.690341970452371,13.140243902439025,30.152439024390244,10.731707317073171,58.323170731707314,6.9817073170731705,0.941358024691358,0.9272388059701492
20252026,NSH,3793.0,4084.2,1509,1627.9,1923,2081.85,911,631,381,954,1029.0,1205,1310.3,602,329,274,3784.0,3805.75,1399,1398.15,1827,1821.75,762,697,368,998,990.1,1262,1249.3,558,408,296,0.5005939025999736,0.5176458659433837,0.5189133425034388,0.5379620297086961,0.4887295081967213,0.5096330048041207,0.488447507093636,0.5119159243631818,0.5189655172413793,0.44640434192673,0.4807017543859649,0.5005939025999736,0.5176458659433837,0.5379620297086961,0.488447507093636,0.5119159243631818,82,86,0.5244,38,28,-22,-0.1251762051642648,13.99390243902439,28.353658536585364,9.75609756097561,58.5670731707317,5.945121951219512,0.9592696629213484,0.902439024390244
20252026,NYI,3713.0,3946.35,1363,1452.65,1833,1960.65,808,626,399,909,972.3,1198,1282.75,548,347,303,3862.0,3938.95,1532,1551.8,2049,2090.6,962,660,427,1064,1079.25,1355,1377.05,668,365,322,0.4901650165016502,0.5004692275499981,0.4708117443868739,0.4834994757775965,0.4607197161682717,0.4739343423265335,0.4692518605562084,0.4822731032408451,0.4506578947368421,0.4873595505617977,0.4848,0.4901650165016502,0.5004692275499981,0.4834994757775965,0.4692518605562084,0.4822731032408451,82,91,0.5549,43,29,-8,-8.996131378391887,12.408536585365852,31.509146341463413,9.801829268292682,59.390243902439025,6.2195121951219505,0.9492753623188406,0.9211822660098522
20252026,NYR,3680.0,3908.7,1457,1543.35,1917,2042.55,874,651,392,910,958.5,1209,1279.5,544,359,306,3853.0,3903.9,1308,1326.1,1819,1854.55,731,691,397,872,887.55,1180,1204.5,496,393,291,0.4885171910261516,0.5003071960678903,0.5269439421338156,0.537855686629842,0.510662177328844,0.5192167059397091,0.506069485140226,0.5150966183574879,0.5230769230769231,0.4773936170212766,0.5125628140703518,0.4885171910261516,0.5003071960678903,0.537855686629842,0.506069485140226,0.5150966183574879,82,77,0.4695,34,25,-12,6.327317596673478,13.39939024390244,27.942073170731707,9.984756097560975,59.176829268292686,6.067073170731708,0.9598278335724534,0.9230769230769232
20252026,OTT,3798.0,3847.55,1485,1498.8,1941,1961.65,908,645,388,993,994.1,1284,1290.15,612,381,291,3386.0,3616.8,1254,1336.65,1659,1766.3,742,587,330,815,874.4499999999999,1055,1124.25,510,296,249,0.5286748329621381,0.5154568046782372,0.5421686746987951,0.5285933449716976,0.5492256637168141,0.5320168044740574,0.5489525438221462,0.5343563618290259,0.5454545454545454,0.5627769571639586,0.5388888888888889,0.5286748329621381,0.5154568046782372,0.5285933449716976,0.5489525438221462,0.5343563618290259,82,99,0.6037,44,38,32,-4.154745387703167,14.085365853658535,25.59451219512195,10.045731707317072,52.19512195121951,6.067073170731708,0.946236559139785,0.8926174496644296
20252026,PHI,3327.0,3490.25,1318,1378.2,1778,1860.75,792,631,355,896,940.4,1185,1240.85,548,367,270,3644.0,3761.4,1347,1383.7,1827,1882.0,775,658,394,822,843.05,1115,1146.4,477,354,284,0.4772629464926122,0.4813042548937138,0.4945590994371482,0.4990043086281183,0.5215366705471478,0.5272926070257087,0.5152173913043478,0.5197821761440988,0.5346341463414634,0.5090152565880721,0.4873646209386281,0.4772629464926122,0.4813042548937138,0.4990043086281183,0.5152173913043478,0.5197821761440988,82,98,0.5976,43,27,7,-3.301287674251327,12.240853658536585,28.384146341463417,9.740853658536588,56.40243902439025,5.518292682926829,0.9421364985163204,0.9390243902439024
20252026,PIT,3876.0,3885.75,1595,1595.55,2069,2078.75,942,734,393,1100,1088.55,1378,1367.15,659,436,283,3848.0,4147.05,1484,1590.25,2011,2162.75,893,697,421,987,1053.0,1328,1422.35,599,398,331,0.5018125323666494,0.4837354347176576,0.5180253329002923,0.5008318161843178,0.5270723526593196,0.5083000630384534,0.5092387287509239,0.4901057537193045,0.5238473767885533,0.5227817745803357,0.4609120521172638,0.5018125323666494,0.4837354347176576,0.5008318161843178,0.5092387287509239,0.4901057537193045,82,98,0.5976,41,34,25,-0.1588755497550407,14.481707317073171,30.868902439024392,11.265243902439025,59.10060975609756,6.051829268292683,0.9466089466089466,0.9154929577464788
20252026,SEA,3513.0,3744.5,1266,1340.35,1671,1769.4,693,626,352,852,903.65,1086,1150.3,471,336,279,4224.0,4242.95,1557,1567.45,2038,2044.2,903,687,448,1024,1030.8,1290,1292.75,605,368,317,0.4540519581233036,0.4687979267475853,0.4484590860786397,0.4609498589999312,0.4541577825159915,0.4671353614722531,0.457070707070707,0.4708458688933914,0.4377323420074349,0.4772727272727273,0.4681208053691275,0.4540519581233036,0.4687979267475853,0.4609498589999312,0.457070707070707,0.4708458688933914,82,79,0.4817,34,26,-37,-13.50800373563803,10.685975609756095,31.40243902439024,9.710365853658535,65.06097560975608,5.472560975609755,0.9593837535014006,0.91005291005291
20252026,SJS,3412.0,3578.5,1346,1412.95,1816,1905.6,805,675,336,872,912.6,1151,1201.5,552,343,256,3856.0,3965.3,1490,1524.85,1966,2020.05,881,676,409,1004,1020.55,1282,1314.1,605,378,299,0.4694551458447991,0.4743630531032106,0.4746121297602256,0.4809551364966982,0.464818763326226,0.4720792488942917,0.4730785039046444,0.4776196533630148,0.477095937770095,0.4757281553398058,0.4612612612612612,0.4694551458447991,0.4743630531032106,0.4809551364966982,0.4730785039046444,0.4776196533630148,82,86,0.5244,39,27,-41,-10.123533234516362,12.36280487804878,30.137195121951223,10.426829268292682,59.19207317073171,5.213414634146341,0.944055944055944,0.9163701067615658
20252026,STL,3498.0,3644.05,1328,1390.8,1853,1926.85,790,709,354,870,904.95,1206,1245.3,529,413,264,3760.0,3881.85,1379,1420.6,1843,1892.75,838,579,426,900,925.9,1211,1243.45,552,341,318,0.4819509506751171,0.4842012251026455,0.490579977835242,0.4947001493917621,0.4915254237288136,0.4942786137586367,0.498965659908978,0.5003716725263686,0.4893617021276595,0.5477453580901857,0.4536082474226804,0.4819509506751171,0.4842012251026455,0.4947001493917621,0.498965659908978,0.5003716725263686,82,86,0.5244,37,33,-27,-9.248819943637896,12.103658536585366,28.39939024390244,10.929878048780488,57.83536585365853,5.442073170731707,0.9420289855072465,0.9103053435114504
20252026,TBL,3846.0,3920.65,1491,1510.1,2074,2107.2999999999997,902,717,455,986,1000.45,1341,1367.05,616,378,347,3370.0,3569.9,1192,1273.8,1664,1772.7,687,607,370,805,850.4,1104,1165.35,472,347,285,0.5329822616407982,0.5234128335035478,0.555721207603429,0.5424404612234636,0.5505304299274149,0.54053542966745,0.5484662576687117,0.5398238824830202,0.5661764705882353,0.5213793103448275,0.5490506329113924,0.5329822616407982,0.5234128335035478,0.5424404612234636,0.5484662576687117,0.5398238824830202,82,106,0.6463,50,40,59,5.6391738654162555,13.88719512195122,26.006097560975608,11.189024390243905,52.36280487804878,7.027439024390244,0.9528158295281584,0.903529411764706
20252026,TOR,3469.0,3734.3,1307,1414.35,1686,1811.35,729,605,352,912,990.3,1148,1235.5,534,346,268,4275.0,4287.349999999999,1616,1634.1,2091,2102.2999999999997,936,764,391,1073,1086.6,1358,1360.95,617,425,316,0.4479597107438016,0.4655276657545517,0.4471433458775231,0.4639570929488756,0.4594458438287153,0.476816409071212,0.4581005586592179,0.4758420150590229,0.4639443961772372,0.4487678339818418,0.4589041095890411,0.4479597107438016,0.4655276657545517,0.4639570929488756,0.4581005586592179,0.4758420150590229,82,78,0.4756,32,23,-46,-19.957094838202707,11.204268292682928,32.423780487804876,9.390243902439025,66.02134146341463,5.503048780487805,0.9416553595658074,0.9195402298850576
20252026,UTA,4005.0,4092.15,1550,1585.65,1989,2042.15,921,685,383,1017,1030.7,1261,1285.15,621,370,270,3531.0,3727.05,1381,1455.9,1824,1926.7,811,661,352,901,947.35,1160,1222.2,530,363,267,0.5314490445859873,0.523346378146102,0.5288297509382464,0.5213295852443656,0.5302398331595412,0.5210687293041126,0.5208591491119372,0.5125530939039225,0.5395308427454387,0.504774897680764,0.5027932960893855,0.5314490445859873,0.523346378146102,0.5213295852443656,0.5208591491119372,0.5125530939039225,82,92,0.561,43,33,28,3.2356035875983413,14.192073170731708,28.216463414634145,10.548780487804878,54.46646341463414,5.929878048780488,0.9597315436241612,0.9035639412997905
20252026,VAN,3502.0,3900.05,1313,1469.1,1727,1931.55,811,555,361,864,964.7,1122,1254.85,534,307,281,4035.0,3922.5,1655,1592.9,2079,2022.5,982,721,376,1126,1078.65,1402,1356.55,690,417,295,0.4646411038874884,0.4985650459249222,0.4423854447439353,0.4797844546048334,0.4341708542713567,0.4721168669097315,0.4445324881141046,0.4805276862985372,0.4362745098039216,0.4240331491712707,0.4878472222222222,0.4646411038874884,0.4985650459249222,0.4797844546048334,0.4445324881141046,0.4805276862985372,82,58,0.3537,25,15,-100,-21.104946337528197,12.454268292682928,32.16463414634147,8.551829268292682,62.27134146341464,5.609756097560975,0.9469026548672568,0.902555910543131
20252026,VGK,3955.0,4224.25,1556,1661.55,2086,2218.65,950,678,458,1008,1067.8,1347,1425.0,625,373,349,3604.0,3655.75,1349,1365.3,1718,1745.55,755,651,312,827,830.85,1036,1046.45,478,333,225,0.5232173567932266,0.5360723350253808,0.5356282271944922,0.5489370137271421,0.5493188010899183,0.5623995997155874,0.5652538816617709,0.5765845960873172,0.5666364460562103,0.5283286118980169,0.60801393728223,0.5232173567932266,0.5360723350253808,0.5489370137271421,0.5652538816617709,0.5765845960873172,82,95,0.5793,39,30,15,5.968323740779038,14.51219512195122,26.646341463414632,10.48780487804878,55.82317073170732,7.027439024390244,0.9529616724738676,0.9069264069264068
20252026,WPG,3597.0,3732.05,1397,1447.6,1820,1893.25,829,636,355,917,948.0,1166,1205.5,534,357,275,3779.0,3956.9,1431,1501.9,1915,2004.15,869,676,370,973,1013.8,1276,1330.75,599,378,299,0.4876626898047722,0.4853783676574825,0.493988684582744,0.490795050008476,0.4851851851851851,0.4832296870221225,0.4774774774774775,0.4753080335140463,0.471315092674316,0.4857142857142857,0.4790940766550522,0.4876626898047722,0.4853783676574825,0.490795050008476,0.4774774774774775,0.4753080335140463,82,82,0.5,35,28,-29,-7.387094019397885,12.74390243902439,29.54268292682927,9.771341463414632,58.29268292682927,5.4573170731707314,0.955315870570108,0.906367041198502
20252026,WSH,3774.0,3883.8,1465,1493.2,1982,2031.4,910,670,402,967,980.35,1315,1341.6,609,389,317,3861.0,4058.0,1493,1572.8,2032,2143.95,909,698,425,969,1019.95,1267,1335.35,585,380,302,0.4943025540275049,0.4890327129869803,0.4952670723461798,0.4870189171559034,0.4994834710743802,0.4901014847772834,0.5092951200619674,0.5011673733166476,0.5100502512562815,0.505851755526658,0.5121163166397416,0.4943025540275049,0.4890327129869803,0.4870189171559034,0.5092951200619674,0.5011673733166476,82,95,0.5793,43,37,19,1.0613369487697737,14.146341463414634,31.463414634146343,10.41158536585366,59.81707317073171,6.234756097560975,0.956343792633015,0.9183333333333332
