metric,R2_raw,R2_DZ_only,R2_ZA_optimal,ZA_best_multiplier,R2_traditional_3.5,winner_methodology,N
V5,0.595494913634726,0.47048550922384214,0.6000192140277182,2.5,,ZA,126
Corsi_CF_pct,0.41874155963633686,0.23998767029246584,0.42212151094504485,1.5,0.4214389710393982,ZA,126
Fenwick_CF_pct,0.4065972139284485,0.30572453542631955,0.4395924786219279,3.0,0.41097918601568895,ZA,126
CNFI_MNFI_team,0.595494913634726,0.47048550922384214,0.6000192140277182,2.5,,ZA,126
