player_id,name,team,pos,season,toi_min,oz_ratio,raw,ZA,TRAD,CONV
8474578,Erik Karlsson,SJS,D,20222023,2100.4333333333334,0.6405172413793103,0.530940594059406,0.48073378371457837,0.03250883277817401,-0.6412553973181594
8474600,Roman Josi,NSH,D,20222023,1686.2,0.5927272727272728,0.5112130479102956,0.4780815933648411,0.02801665970441858,-0.05481528673319375
8475168,Matt Duchene,NSH,F,20222023,1300.5333333333333,0.5967741935483871,0.4915693904020752,0.4569919710472365,0.0008386745999327538,-0.7954338698949422
8475798,Mikael Granlund,NSH,F,20222023,1408.2,0.5143824027072758,0.4788823911630929,0.47374355867578327,-0.02019114140256295,-1.2009239913492946
8476449,Scott Harrington,SJS,D,20222023,739.7166666666667,0.4147465437788018,0.44145873320537427,0.47191979311320836,-0.011653926521012936,-0.4816678158963041
8476881,Tomas Hertl,SJS,F,20222023,1523.2166666666667,0.564935064935065,0.5026455026455027,0.47944420394420395,-0.00011575104080829846,-0.5932052847553015
8476887,Filip Forsberg,NSH,F,20222023,873.6,0.5925925925925926,0.5083415112855741,0.47525817795224085,0.01764036295999577,0.05274245678844684
8478414,Timo Meier,SJS,F,20222023,1512.2833333333333,0.5890227576974565,0.5381088825214899,0.5063010511961887,0.024594879565897565,0.6032440373578727
8478851,Alexandre Carrier,NSH,D,20222023,769.2,0.4305177111716621,0.486870897155361,0.5116969189537262,0.0006590526325201407,0.14472008983657922
8479316,Luke Kunin,SJS,F,20222023,478.3833333333333,0.4497816593886463,0.4673469387755102,0.48528995187594687,-0.012000589131897388,-1.035142515018646
8471709,Marc-Edouard Vlasic,SJS,D,20222023,1363.2666666666667,0.3577981651376147,0.4664981036662453,0.5173068192625756,-0.0036687313742706507,0.4638702947472118
8474053,Logan Couture,SJS,F,20222023,1568.7833333333333,0.44804318488529016,0.47989093387866394,0.49845510391914977,-0.007208925632634977,-0.2009598886541854
8474151,Ryan McDonagh,NSH,D,20222023,1529.1,0.43878954607977994,0.4469739033870072,0.4688443985727018,-0.025267515194511536,-1.1825454493740997
8475218,Mattias Ekholm,NSH,D,20222023,1675.05,0.49206349206349204,0.5264864864864864,0.5293222007722007,0.03631069985474694,1.0041441291389621
8475793,Ryan Johansen,NSH,F,20222023,865.7833333333333,0.539906103286385,0.5102669404517454,0.49600848974752,0.017217804501053702,0.737122229764267
8475799,Nino Niederreiter,NSH,F,20222023,1270.3666666666666,0.5684931506849316,0.5274576271186441,0.502985024378918,0.030250366945065388,0.5446548739527287
8478067,Oskar Lindblom,SJS,F,20222023,773.0833333333334,0.43131868131868134,0.44541484716157204,0.4699546823264072,-0.028103148918489695,-1.5456754844803748
8478099,Kevin Labanc,SJS,F,20222023,1032.0833333333333,0.511744966442953,0.5176194205168363,0.5134229440067692,0.027594173436182978,1.1137212507499386
8479983,Mario Ferraro,SJS,D,20222023,1556.9666666666667,0.45261845386533667,0.45439283715724677,0.47132226359116197,-0.022995625413268883,-1.6513279116417603
8480748,Kiefer Sherwood,NSH,F,20222023,434.93333333333334,0.5614973262032086,0.4600760456273764,0.43810305097497,-0.005610577421615304,0.5794480951531623
8474009,Nick Bonino,SJS,F,20222023,987.9,0.4121338912133891,0.49222797927461137,0.5236225399440675,0.018566707497293333,0.978592774385877
8476442,Matt Nieto,SJS,F,20222023,1095.5,0.4109347442680776,0.4910130718954248,0.5228360877684407,0.00485881009887984,0.33741312754036773
8476925,Colton Sissons,NSH,F,20222023,1297.85,0.3411978221415608,0.4346895074946467,0.49142952564346704,-0.033266560187884986,-0.8724834378231983
8476988,Matt Benning,SJS,D,20222023,1522.95,0.2936046511627907,0.43235117257967526,0.5060962307192102,-0.03923885953405748,-0.03697897450522486
8478508,Yakov Trenin,NSH,F,20222023,1166.3,0.3755186721991701,0.4611239414934565,0.505601119916693,-0.00207048168782642,0.3406850364225188
8479371,Dante Fabbro,NSH,D,20222023,1378.35,0.45896147403685095,0.4826555023923445,0.49731856771897764,0.013881956820447627,0.5749036489260687
8479393,Noah Gregor,SJS,F,20222023,739.5166666666667,0.41284403669724773,0.44706994328922495,0.4782107689772983,-0.025074015035707442,-1.0920826429399384
8479661,Tanner Jeannot,NSH,F,20222023,1084.0333333333333,0.4594594594594595,0.4837133550488599,0.49819849018399504,0.005932853499587887,-0.2803010245650423
8480160,Radim Simek,SJS,D,20222023,643.45,0.33707865168539325,0.47270471464019853,0.5309165123930075,-0.00012349795055466295,1.5739549141552645
8478904,Steven Lorentz,SJS,F,20222023,946.6666666666666,0.4348958333333333,0.4702222222222222,0.4934839409722222,-0.0005404618717450016,-0.16748108135650963
8479996,Cody Glass,NSH,F,20222023,1063.2333333333333,0.5158562367864693,0.48823529411764705,0.48256986071384156,0.009018013322781682,0.7328011979204395
8480009,Eeli Tolvanen,SEA,F,20222023,885.5,0.5088161209068011,0.5368314833501514,0.5336814833501514,4.251784373998646e-05,0.2714347497268756
8482062,Cole Smith,NSH,F,20222023,879.2333333333333,0.3397790055248619,0.46511627906976744,0.5223632403957342,0.0012006548497319747,0.6611263576466022
8479981,Jonah Gadjovich,SJS,F,20222023,314.7,0.4295774647887324,0.48448687350835323,0.5096488453393392,0.014251563341186824,0.881192775739368
8481477,Nico Sturm,SJS,F,20222023,1090.0333333333333,0.36925795053003535,0.47607461476074614,0.5227887490363645,0.007496049568081864,0.8574379461913527
8478468,Jeremy Lauzon,NSH,D,20222023,1128.4,0.38125,0.4518796992481203,0.4943090742481203,-0.015917868908810973,0.017613829189606488
8478431,Evgeny Svechnikov,SJS,F,20222023,634.1166666666667,0.42857142857142855,0.4686746987951807,0.4941961273666093,-0.005571228435313991,-0.38586220168895846
8477034,Jaycob Megna,SJS,D,20222023,1019.4166666666666,0.5798319327731093,0.5489878542510122,0.5204639046711802,0.04455401943903159,1.0842547626039032
8474564,Steven Stamkos,TBL,F,20222023,1541.0166666666667,0.5263835263835264,0.4882742032471437,0.47884736927030974,-0.026637831777598875,-0.8134210797247142
8475167,Victor Hedman,TBL,D,20222023,1802.9166666666667,0.5938271604938271,0.5193213949104618,0.4857969504660174,0.002327674000094815,-0.7250506477434643
8475184,Chris Kreider,NYR,F,20222023,1454.6333333333334,0.48055987558320373,0.5147679324894515,0.5217138889435728,0.010500442064686477,0.3575441048301414
8476453,Nikita Kucherov,TBL,F,20222023,1653.5333333333333,0.6374829001367989,0.5492505353319058,0.5001278951130276,0.027118416032666404,0.6924953531662614
8476459,Mika Zibanejad,NYR,F,20222023,1636.9,0.48246844319775595,0.4993464052287582,0.5056104304742,-0.009435001918730035,-0.6390995200884141
8476885,Jacob Trouba,NYR,D,20222023,1738.0666666666666,0.4767295597484277,0.511520737327189,0.5198352656290758,0.011168008216566161,0.5414024454821988
8478010,Brayden Point,TBL,F,20222023,1612.9166666666667,0.6290760869565217,0.5407772304324029,0.4946583445628377,0.016494152441815957,0.3689166866328695
8479984,Cal Foote,NSH,D,20222023,756.6,0.40893470790378006,0.45374449339207046,0.48628212225804984,-0.024996853986888556,0.5113372996760362
8480817,K'Andre Miller,NYR,D,20222023,1734.2166666666667,0.49687108886107634,0.5203007518796993,0.5214187118296367,0.019895628644950092,0.5446726604277333
8481554,Kaapo Kakko,NYR,F,20222023,1255.8666666666666,0.5359019264448336,0.5111111111111111,0.498283352792372,0.010800588483266926,0.4726939611104498
8476389,Vincent Trocheck,NYR,F,20222023,1583.9,0.5,0.5311004784688995,0.5311004784688995,0.02754126446968419,1.2664368395645158
8478550,Artemi Panarin,NYR,F,20222023,1608.1,0.5308641975308642,0.5303933253873659,0.5193655476095882,0.025317887275745687,0.5898900533571917
8479324,Ryan Lindgren,NYR,D,20222023,1190.75,0.5469953775038521,0.5344827586206896,0.5176913102385633,0.022289376679165307,-0.07266332828733149
8480833,Vitali Kravtsov,NYR,F,20222023,493.1333333333333,0.5691056910569106,0.5025125628140703,0.4778210993994362,0.0022652101933366975,-0.5287053383494849
8478416,Erik Cernak,TBL,D,20222023,1349.4333333333334,0.4658385093167702,0.507343124165554,0.5195490247866721,-0.0006115608520855798,-0.10620122087123679
8479323,Adam Fox,NYR,D,20222023,1998.9666666666667,0.5619930475086906,0.5445445445445446,0.5223944286696894,0.03897470777662493,0.4868354214798433
8479542,Brandon Hagel,TBL,F,20222023,1510.4,0.6042780748663101,0.5398886827458256,0.502630126596093,0.020428566597168407,0.02118268557194884
8477426,Nick Paul,TBL,F,20222023,1295.1166666666666,0.44849445324881143,0.4969029593943565,0.5153058912485562,-0.008916234350584529,0.25919599727485965
8473986,Alex Killorn,TBL,F,20222023,1412.0833333333333,0.4414976599063963,0.4714881780250348,0.4923910641404794,-0.03264984737696358,-0.9143523289824986
8479410,Mikhail Sergachev,TBL,D,20222023,1881.8,0.5731843575418994,0.5188904830224773,0.49274171207275663,0.004706159587929304,-0.2792406270788514
8476624,Barclay Goodrow,NYR,F,20222023,1163.05,0.4337979094076655,0.4764079147640791,0.5000619217327202,-0.019407583084290858,-0.17624877669985253
8480078,Filip Chytil,NYR,F,20222023,1086.6,0.562358276643991,0.49479583666933546,0.4725152244244375,-0.004120718351914909,-0.3276102196246925
8481708,Zac Jones,NYR,D,20222023,250.26666666666668,0.5444444444444444,0.4658385093167702,0.44995850931677017,-0.0326032737347669,-1.110030752380366
8476480,Vladislav Namestnikov,TBL,F,20222023,972.0666666666667,0.5694117647058824,0.5310531053105311,0.5062522817811193,0.016943352578325688,0.22444094241270351
8482073,Braden Schneider,NYR,D,20222023,1274.2166666666667,0.5077720207253886,0.44234404536862004,0.4395671023634387,-0.046678528223825955,-1.5807996452375759
8482109,Alexis Lafrenière,NYR,F,20222023,1232.7833333333333,0.5949612403100775,0.5017568517217147,0.467827200558924,-0.0016543723953388878,-0.9153738093155852
8479525,Ross Colton,TBL,F,20222023,1003.4333333333333,0.48148148148148145,0.5280632411067193,0.534679907773386,0.021943678999836735,1.527554822890503
8477938,Haydn Fleury,TBL,D,20222023,370.98333333333335,0.47560975609756095,0.47884187082405344,0.48755650497039493,-0.02463172093820648,0.05785584705947317
8474034,Patrick Maroon,TBL,F,20222023,832.6166666666667,0.5012987012987012,0.5072859744990893,0.5068219485250633,0.00010401512855073847,0.09379572615881464
8471817,Ryan Reaves,MIN,F,20222023,681.9666666666667,0.38271604938271603,0.46763392857142855,0.5095394841269841,-0.02083430152778082,-0.1556820381664518
8477930,Pierre-Edouard Bellemare,TBL,F,20222023,823.65,0.4827586206896552,0.47953216374269003,0.48569250857027624,-0.028814779171875082,-0.7611924474931279
8470621,Corey Perry,TBL,F,20222023,938.5833333333334,0.5446685878962536,0.520039100684262,0.5040790142289305,0.009856917401702248,0.5570666171459436
8477846,Ryan Carpenter,NYR,F,20222023,201.88333333333333,0.5609756097560976,0.4675925925925926,0.4458060072267389,-0.02352840295351355,-1.5416544032692965
8476918,Jimmy Vesey,NYR,F,20222023,1102.45,0.5139146567717996,0.5280728376327769,0.523101130768213,0.031546679282854206,0.7026389717946028
8474166,Alec Martinez,VGK,D,20222023,1480.7166666666667,0.46303501945525294,0.47211267605633805,0.48532026360497615,-0.014992282260092749,-0.9181635428830672
8474565,Alex Pietrangelo,VGK,D,20222023,1750.6333333333334,0.5092378752886836,0.4997355896351137,0.49643489679446706,0.012093642000834848,-0.3165003618653255
8478434,Keegan Kolesar,VGK,F,20222023,851.0833333333334,0.28640776699029125,0.45293569431500463,0.5292521991693736,-0.01350787739521181,1.0375593564279373
8478462,Nicolas Roy,VGK,F,20222023,1061.75,0.33568075117370894,0.4631956912028725,0.5219069588085063,-0.012602389830977945,0.7782079970603615
8478911,Matt Roy,LAK,D,20222023,1539.6166666666666,0.5319426336375489,0.5465673230441724,0.5351542200454762,0.008485604185935913,-0.12840985881776978
8479336,Carl Grundstrom,LAK,F,20222023,612.8666666666667,0.6097560975609756,0.5444162436548223,0.5052003899962858,0.007169533321900401,-0.008947421035262386
8480434,Sean Durzi,LAK,D,20222023,1424.7333333333333,0.5049668874172185,0.53515625,0.5333815811258278,-0.00805113110927036,-0.10274067585908642
8481032,Paul Cotter,VGK,F,20222023,708.4166666666666,0.4828571428571429,0.4340425531914894,0.4401676960486322,-0.05252986297498108,-2.516910812268994
8481481,Blake Lizotte,LAK,F,20222023,1051.0,0.5831578947368421,0.5479777954004759,0.5182654796110022,0.0073619812028425935,-0.07658466601003146
8481560,Arthur Kaliyev,LAK,F,20222023,655.95,0.6084142394822006,0.5487316421895861,0.5099952344225959,0.003647938295392006,-0.35988260378354786
8475191,Reilly Smith,VGK,F,20222023,1323.6333333333334,0.5317577548005908,0.5169315825846579,0.5055845367944067,0.02155702568289164,0.595347583137288
8473548,Phil Kessel,VGK,F,20222023,1051.3666666666666,0.5360623781676414,0.4745639534883721,0.46167886576907385,-0.011250741968905742,-1.4620053383684188
8475188,Brayden McNabb,VGK,D,20222023,1627.1833333333334,0.4459770114942529,0.5048198883815322,0.5241223021746357,0.017613388556432796,0.9496698456698714
8477447,Shea Theodore,VGK,D,20222023,1178.8166666666666,0.5061162079510704,0.5108924806746311,0.5087071595737137,0.01762995942656176,0.19450881486624472
8478403,Jack Eichel,VGK,F,20222023,1259.55,0.5454545454545454,0.5181753385602281,0.5019344294693191,0.024599647417204107,0.4173690599132184
8477960,Adrian Kempe,LAK,F,20222023,1538.15,0.48502139800285304,0.5277044854881267,0.5330563399817072,-0.001532815221717887,0.3733236448484582
8477942,Kevin Fiala,LAK,F,20222023,1214.0666666666666,0.5478424015009381,0.5207547169811321,0.5036606269248469,-0.01739187696814881,-0.8870102384044509
8471685,Anze Kopitar,LAK,F,20222023,1665.6666666666667,0.48194444444444445,0.5289052890528906,0.5353565390528906,8.636723990940176e-05,0.4303924018805929
8474563,Drew Doughty,LAK,D,20222023,2125.8,0.5016835016835017,0.5254318618042226,0.5248303466527074,-0.008875337803308181,-0.4705831992559759
8478042,Viktor Arvidsson,LAK,F,20222023,1317.3833333333334,0.47058823529411764,0.5489306545690213,0.5594394780984331,0.007150336339808883,0.3414800440192913
8476448,William Karlsson,VGK,F,20222023,1432.45,0.5145348837209303,0.5130656469088591,0.5078723329553707,0.021020936184101502,0.7858096922128739
8475913,Mark Stone,VGK,F,20222023,833.2,0.5512820512820513,0.5464982778415615,0.5281752009184846,0.05029989094902698,1.4633948439535847
8476905,Chandler Stephenson,VGK,F,20222023,1540.85,0.517814726840855,0.4993804213135068,0.49301521941326926,0.0035401743623630355,-0.3276482979408938
8480727,Zach Whitecloud,VGK,D,20222023,1010.0,0.40763052208835343,0.44279835390946504,0.4758019683672964,-0.039020342620345816,-0.8794672064814244
8476479,Phillip Danault,LAK,F,20222023,1502.65,0.46984126984126984,0.5556261919898283,0.5664019062755427,0.01615803756765699,0.605434709855775
8479675,Trevor Moore,LAK,F,20222023,1002.85,0.48358862144420134,0.5601469237832875,0.5660107093412743,0.01856169972673405,0.3959460173447216
8480014,Gabriel Vilardi,LAK,F,20222023,983.0166666666667,0.5411471321695761,0.5514563106796116,0.5367544403554221,0.01356292630125211,0.9533364868709155
8479353,Brett Howden,VGK,F,20222023,705.1833333333333,0.4124293785310734,0.45161290322580644,0.4829018862766539,-0.023560760992528296,-1.3894583602196142
8471303,Alexander Edler,LAK,D,20222023,945.5666666666667,0.5493562231759657,0.5327800829875519,0.5151451044467793,-0.010102904401233626,0.050768487041756384
8476539,Jonathan Marchessault,VGK,F,20222023,1303.8833333333334,0.5418569254185692,0.5118733509234829,0.4969178714714281,0.017871848223810216,0.4263529225926267
8482124,Quinton Byfield,LAK,F,20222023,745.3833333333333,0.45885286783042395,0.5080459770114942,0.5227478473356838,-0.022621476973423316,-0.3863835198911835
8477018,Ben Hutton,VGK,D,20222023,495.81666666666666,0.6271929824561403,0.5062305295950156,0.46078447696343666,0.015955261794260656,-0.7097672278705789
8480113,Alex Iafallo,LAK,F,20222023,963.5,0.5121951219512195,0.5475728155339806,0.5432154984608099,0.007723985091650287,0.0008871506326828275
8480336,Sean Walker,LAK,D,20222023,1040.6666666666667,0.5358565737051793,0.5416974169741697,0.5288858631893092,0.0010508996163478557,0.7984236886574686
8479998,Mikey Anderson,LAK,D,20222023,1668.7,0.4924812030075188,0.5201288244766505,0.5228152906420641,-0.01612507667128571,-0.7650427703394681
8478020,Michael Amadio,VGK,F,20222023,821.0,0.5098901098901099,0.5061963775023832,0.502662641238647,0.018401851599177677,0.7914568494691052
8471214,Alex Ovechkin,WSH,F,20222023,1474.9,0.7307060755336617,0.5009276437847866,0.41849636299660925,-0.003868189328355476,-1.491037488037253
8473422,Nick Foligno,BOS,F,20222023,744.5333333333333,0.20229007633587787,0.46326276463262767,0.5696345203578185,-0.02527856836475806,1.7474119360467266
8474590,John Carlson,WSH,D,20222023,935.5833333333334,0.6263048016701461,0.5302734375,0.4851447318632568,0.033219734932479095,1.131665056410774
8475744,Evgeny Kuznetsov,WSH,F,20222023,1463.1166666666666,0.6210691823899371,0.473753280839895,0.43049526197197047,-0.027026354553872034,-1.6831444632053134
8477365,Connor Clifton,BOS,D,20222023,1401.4833333333333,0.5036603221083455,0.4917095483133219,0.49040171522401005,-0.01677034754459039,-1.464653487344699
8477931,Tomas Nosek,BOS,F,20222023,830.2,0.12540192926045016,0.44678362573099417,0.5806275164062353,-0.03906101349815272,0.6152063471750955
8480796,Martin Fehérváry,WSH,D,20222023,1340.4833333333333,0.40135135135135136,0.4715496368038741,0.5067967989660362,-0.018782712929864387,-0.4596859658941165
8480880,Jakub Lauko,BOS,F,20222023,206.56666666666666,0.18055555555555555,0.45038167938931295,0.564519179389313,-0.031679312065344856,-0.026963368007088193
8476854,Hampus Lindholm,BOS,D,20222023,1857.5833333333333,0.4588500563697858,0.5306733167082295,0.545376191567305,0.013137084115537934,0.6104352100252433
8478443,Brandon Carlo,BOS,D,20222023,1412.35,0.3555194805194805,0.49601063829787234,0.5476335279082619,-0.013063462035082019,0.24795156324658615
8478498,Jake DeBrusk,BOS,F,20222023,1080.9,0.5883280757097792,0.5836873406966865,0.5521277192455823,0.04746193052128056,1.224345444362525
8470638,Patrice Bergeron,BOS,F,20222023,1361.4333333333334,0.5968645016797313,0.5770559778852798,0.5424462914351119,0.03737377276092746,0.7983113868756623
8475200,Dmitry Orlov,WSH,D,20222023,1489.0833333333333,0.47421203438395415,0.5122089721749006,0.5214230122895137,0.011603861571484408,0.0599693733592893
8475324,Nick Jensen,WSH,D,20222023,1587.4833333333333,0.39036144578313253,0.48138572905894517,0.5205595844806319,-0.007610387815974173,-0.19528042142751856
8475343,Nic Dowd,WSH,F,20222023,867.8166666666667,0.164079822616408,0.4989406779661017,0.6189649573452591,0.016718046809239162,2.3959703052777055
8475762,Derek Forbort,BOS,D,20222023,961.6666666666666,0.41044776119402987,0.46130952380952384,0.49330653873489694,-0.04142150342685108,-1.5415006586957791
8475791,Taylor Hall,BOS,F,20222023,979.8833333333333,0.5273972602739726,0.5300353356890459,0.5202462945931555,0.016139316799661296,0.9020367065062489
8477839,Conor Sheary,WSH,F,20222023,1293.0666666666666,0.5821596244131455,0.4859872611464968,0.4566316273436799,-0.013301244647369148,-1.1039547680921538
8477903,Garnet Hathaway,WSH,F,20222023,991.9666666666667,0.17857142857142858,0.4875962360992301,0.6024426646706587,0.0035412803473796606,1.2182202649797478
8478415,Jakub Zboril,BOS,D,20222023,294.9166666666667,0.5522388059701493,0.5206611570247934,0.5019962316516591,0.009194339206763824,-1.7962407120764974
8475745,Charlie Coyle,BOS,F,20222023,1396.9333333333334,0.35111876075731496,0.4810379241516966,0.534233190933108,-0.02171513058448299,-0.008085679666417465
8478421,A.J. Greer,BOS,F,20222023,555.7,0.22580645161290322,0.4977645305514158,0.5957338853901255,0.015841421395689836,2.225657688697897
8477511,Anthony Mantha,WSH,F,20222023,955.75,0.48997772828507796,0.5209380234505863,0.5245189811343279,0.02724979280284301,1.4877081312349658
8475225,Craig Smith,BOS,F,20222023,704.1333333333333,0.4935064935064935,0.5040733197556008,0.5063934496257306,0.0036633638078532593,-0.19913932339996218
8478440,Dylan Strome,WSH,F,20222023,1351.65,0.6420361247947455,0.49873737373737376,0.4479878663482112,-0.0015332782338118855,-0.07662395939477054
8481656,Aliaksei Protas,WSH,F,20222023,668.0,0.31805929919137466,0.5174013921113689,0.5824088045102908,0.03025200717187526,1.5886803383931787
8476979,Erik Gustafsson,WSH,D,20222023,1384.1,0.6562942008486563,0.5310304449648712,0.47518652700164626,0.029465364639734093,0.33607550936020736
8477845,Trevor van Riemsdyk,WSH,D,20222023,1429.9166666666667,0.5789473684210527,0.5011778563015312,0.4729699615646891,0.0031057777677281906,-1.2225089215678098
8471276,David Krejci,BOS,F,20222023,1204.9833333333333,0.5879120879120879,0.49814126394052044,0.46673027492953145,-0.027520117055848725,-1.2937752874487998
8477956,David Pastrnak,BOS,F,20222023,1611.6166666666666,0.6538969616908851,0.5407147041593439,0.48572731974719063,0.011538422202123644,-0.6812349147208845
8478401,Pavel Zacha,BOS,F,20222023,1320.4166666666667,0.5571895424836601,0.5070921985815603,0.48665837505214854,-0.011348892557412449,-0.8745362396676684
8471698,T.J. Oshie,WSH,F,20222023,969.9666666666667,0.5227272727272727,0.4604105571847507,0.4522901026392962,-0.037119475998953655,-0.46344112425225487
8474189,Lars Eller,WSH,F,20222023,1242.5166666666667,0.38961038961038963,0.5142857142857142,0.553727922077922,0.02352006069637086,1.0965601138250012
8475149,Marcus Johansson,WSH,F,20222023,1319.2,0.49834437086092714,0.5010423905489924,0.5016339468403831,0.004547960411246832,0.22212737042541386
8470613,Brent Burns,CAR,D,20222023,1906.35,0.5987654320987654,0.602375296912114,0.5670864080232251,-0.0026689681365738016,0.12102529503043252
8471669,Paul Stastny,CAR,F,20222023,866.5166666666667,0.6071428571428571,0.6025293586269196,0.5642472157697768,-0.007624756898481189,0.020437752184697237
8473533,Jordan Staal,CAR,F,20222023,1317.7166666666667,0.5267489711934157,0.6002896451846488,0.5907322377772414,-0.0019247542495998138,0.02958905506496033
8475855,Jesper Fast,CAR,F,20222023,1178.5166666666667,0.5222222222222223,0.6020482809070958,0.5941082809070958,-0.00015454892241995033,0.2644576610242788
8476346,Johnny Gaudreau,CBJ,F,20222023,1554.2666666666667,0.4933862433862434,0.4627777777777778,0.46514087301587304,0.007829785558556013,0.4970027382215032
8476432,Boone Jenner,CBJ,F,20222023,1374.1,0.44569816643159377,0.46825895663104966,0.48766100176504124,0.016511599204412752,1.4475968212907913
8476958,Jaccob Slavin,CAR,D,20222023,1672.1,0.5902702702702702,0.6023564064801178,0.5701028389125502,-0.0033627866383709737,-0.11663816636297179
8478460,Zach Werenski,CBJ,D,20222023,306.75,0.5806451612903226,0.5225225225225225,0.4937080063934902,0.0737680825794616,2.0351851004825994
8479339,Patrik Laine,CBJ,F,20222023,1051.65,0.5637450199203188,0.48157248157248156,0.45879638595495165,0.03047444174561903,0.49332433887840443
8480871,Adam Boqvist,CBJ,D,20222023,857.1333333333333,0.6469194312796208,0.479,0.42650568720379145,0.023156759904613855,-1.1334794361584204
8482475,Egor Chinakhov,CBJ,F,20222023,397.56666666666666,0.5497630331753555,0.4473684210526316,0.4295880892990771,0.0011382950732906072,0.06646073748715832
8478427,Sebastian Aho,CAR,F,20222023,1464.0666666666666,0.594855305466238,0.5912031047865459,0.5573113041434591,-0.004898335215831384,0.2646854031888968
8479369,Andrew Peeke,CBJ,D,20222023,1699.75,0.3946135831381733,0.432258064516129,0.4699126312608597,-0.007940630750580324,0.16809238174923716
8482093,Seth Jarvis,CAR,F,20222023,1331.3,0.5896656534954408,0.5829652996845426,0.5509277616906216,-0.01565071797986728,0.026855373573367328
8478458,Jack Roslovic,CBJ,F,20222023,1266.3833333333334,0.5719424460431655,0.4328249818445897,0.40711994587336664,-0.02005164012477212,-1.9637843462855258
8476869,Brady Skjei,CAR,D,20222023,1767.4833333333333,0.573404255319149,0.5845855550169656,0.5583582145914338,-0.014318983098008053,-0.5182889268491154
8476882,Teuvo Teravainen,CAR,F,20222023,1151.2166666666667,0.5996131528046421,0.5647899910634495,0.5291982115663509,-0.03468720507887124,-1.199126955163856
8478882,Vladislav Gavrikov,CBJ,D,20222023,1583.0,0.42385786802030456,0.4847837693539776,0.5119893531103228,0.021290706391758174,0.7844643665780024
8477488,Brett Pesce,CAR,D,20222023,1805.15,0.5778947368421052,0.5758010521281683,0.5479692626544841,-0.02532331048202341,-1.1185171649271588
8475790,Erik Gudbranson,CBJ,D,20222023,1490.9333333333334,0.46153846153846156,0.4128205128205128,0.42656282051282046,-0.02791989584659521,-1.7162817014156186
8479402,Jake Bean,CBJ,D,20222023,219.85,0.5107913669064749,0.40559440559440557,0.4017386501987221,-0.03305492418239442,-1.9166876644535882
8480830,Andrei Svechnikov,CAR,F,20222023,1157.2666666666667,0.5882352941176471,0.5953971789161099,0.5638707083278746,-0.006211840951571679,0.559366632991033
8482705,Cole Sillinger,CBJ,F,20222023,852.95,0.5581896551724138,0.45575642245480497,0.4349652586617015,0.009970694266676683,-0.3257446547235186
8480039,Martin Necas,CAR,F,20222023,1509.8,0.6108786610878661,0.5743043220840734,0.5346873764773789,-0.02891460549455338,-0.972516235833674
8474679,Gustav Nyquist,CBJ,F,20222023,899.2833333333333,0.5257510729613734,0.4623762376237624,0.4531753792546637,0.010570579776062294,-0.38132779324497246
8475177,Calvin de Haan,CAR,D,20222023,717.25,0.553921568627451,0.6037527593818984,0.5844865829113102,-0.003869790946043672,1.060314982234273
8480829,Jesperi Kotkaniemi,CAR,F,20222023,1209.7666666666667,0.6151419558359621,0.592375366568915,0.5512351457487257,-0.007994909715647536,-0.09017656258745094
8478970,Jalen Chatfield,CAR,D,20222023,1101.7333333333333,0.5641025641025641,0.5939794419970631,0.571075595843217,-0.010928822759767143,0.22975345722238813
8474613,Derek Stepan,CAR,F,20222023,662.8833333333333,0.6134831460674157,0.6449834619625138,0.6044359338726262,0.03223195589979633,1.8022433948124232
8476374,Sean Kuraly,CBJ,F,20222023,1070.2166666666667,0.24302134646962234,0.40567484662576686,0.4974933195321708,-0.016460366273751026,0.6944564698128219
8476921,Jordan Martinook,CAR,F,20222023,1281.8833333333334,0.5291723202170964,0.6081081081081081,0.5976848380945395,0.007150910885661221,0.4455812279659611
8479671,Mathieu Olivier,CBJ,F,20222023,767.6,0.27892561983471076,0.42031686859273065,0.4993067446257885,0.0005040194758175742,0.8168761747047895
8480762,Eric Robinson,CBJ,F,20222023,1004.25,0.3016759776536313,0.41267262388302195,0.4835337970673795,-0.011812552062293535,-0.09175296831851233
8474673,TJ Brodie,TOR,D,20222023,1234.75,0.545751633986928,0.5525114155251142,0.5361643567015848,0.036165391485413756,0.36116171967708666
8475233,David Savard,MTL,D,20222023,1388.0,0.3958664546899841,0.4309462915601023,0.46815320729937093,-0.015281992925177457,-0.17363666080193166
8476853,Morgan Rielly,TOR,D,20222023,1411.85,0.54375,0.5197201017811705,0.5040882267811705,-0.005302865101885934,-0.23860538912963652
8476981,Josh Anderson,MTL,F,20222023,1171.4666666666667,0.4781746031746032,0.4418604651162791,0.44965867940199333,-0.01033363333069992,-0.7069886947130647
8478047,Michael Bunting,TOR,F,20222023,1296.0833333333333,0.6236722306525038,0.5344105326152004,0.49022244460306086,0.0016247077141100519,-0.2789310505197964
8478483,Mitch Marner,TOR,F,20222023,1702.95,0.592032967032967,0.5292667898952557,0.49638341077437653,0.002921540334995365,-0.40896303480337637
8479318,Auston Matthews,TOR,F,20222023,1500.6833333333334,0.6530324400564175,0.5575014594279043,0.5028229685957464,0.02730936703895137,0.5748313682990281
8480018,Nick Suzuki,MTL,F,20222023,1730.55,0.5020632737276479,0.46149289099526064,0.46075568329237204,0.005489015913420381,0.03592589891414962
8481540,Cole Caufield,MTL,F,20222023,830.2833333333333,0.5885558583106267,0.4854260089686099,0.45378500079422296,0.019737737409985356,-0.35277076067732643
8482087,Kaiden Guhle,MTL,D,20222023,902.7,0.4444444444444444,0.4299163179916318,0.44976631799163186,-0.02052344032872977,-1.3348539222035627
8475718,Justin Holl,TOR,D,20222023,1620.35,0.44460028050490885,0.4977973568281938,0.5175916766037899,-0.017712706501035458,-0.7082320197241346
8478115,Pierre Engvall,TOR,F,20222023,1037.2833333333333,0.41294642857142855,0.5326433121019108,0.5637475531733395,0.028055576017731898,1.5995220884437762
8477021,Alexander Kerfoot,TOR,F,20222023,1202.5666666666666,0.4118895966029724,0.5264797507788161,0.557961597912574,0.015332095302514004,1.3440104506817512
8475714,Calle Jarnkrok,TOR,F,20222023,1050.5833333333333,0.468,0.5105448154657294,0.5219784154657294,-0.007054328584147895,-0.020283597025570158
8481523,Kirby Dach,MTL,F,20222023,1072.75,0.5652173913043478,0.4981751824817518,0.47487300856870834,0.03705156873046539,0.9018318134006774
8477497,Sean Monahan,MTL,F,20222023,434.18333333333334,0.5268817204301075,0.5259433962264151,0.5163385575167376,0.06367342711450796,2.2347890049685875
8474884,Mike Hoffman,MTL,F,20222023,1055.2166666666667,0.4796573875802998,0.4511415525114155,0.4584099679289744,-0.0023306721498209115,0.265553837656263
8475227,Chris Wideman,MTL,D,20222023,622.6833333333333,0.6160458452722063,0.44704433497536944,0.4055811544596101,-0.013960989498382648,-1.6076580451121354
8482964,Arber Xhekaj,MTL,D,20222023,778.8166666666667,0.5745192307692307,0.4706477732793522,0.44402205212550605,0.009518404090146204,-0.23304757997701442
8475166,John Tavares,TOR,F,20222023,1412.9666666666667,0.5591098748261474,0.5176470588235295,0.496527100548147,-0.010879923952100912,-0.2698153151427251
8475848,Brendan Gallagher,MTL,F,20222023,528.6,0.47368421052631576,0.5025728987993139,0.5119755303782613,0.05347288082199675,2.408347446247719
8477939,William Nylander,TOR,F,20222023,1521.6833333333334,0.6410614525139665,0.5448863636363637,0.49448510665312345,0.014873209529572717,-0.11550210228882916
8477989,Christian Dvorak,MTL,F,20222023,1079.0833333333333,0.3958333333333333,0.43026435733819507,0.4674831073381951,-0.020574180816695764,-0.1912555837073616
8478843,Denis Malgin,COL,F,20222023,709.7666666666667,0.49008498583569404,0.5501089324618736,0.5536515670227802,0.041174089568702055,1.5807512102144854
8480192,Johnathan Kovacevic,MTL,D,20222023,1342.1166666666666,0.453781512605042,0.4808777429467085,0.49739160849292696,0.02912447930000356,1.4462335216494178
8480887,Jordan Harris,MTL,D,20222023,1212.4,0.44507575757575757,0.4659474039109912,0.485571835729173,0.011916485860287651,0.6783101239794403
8483515,Juraj Slafkovský,MTL,F,20222023,476.4,0.47257383966244726,0.4644808743169399,0.4742802414055475,0.012250856462571402,0.02645179866225865
8480873,Rasmus Sandin,TOR,D,20222023,1372.3166666666666,0.5842349304482226,0.5168738898756661,0.48677674922651615,0.00041639177526742177,-0.3565836109324762
8470966,Mark Giordano,TOR,D,20222023,1478.1333333333334,0.4599092284417549,0.5129832660126947,0.5273076986904557,-0.0014950673809633885,0.030823407560707165
8474149,Evgenii Dadonov,MTL,F,20222023,1074.85,0.5078740157480315,0.48221343873517786,0.4794000529084062,0.01655172943076816,0.2239649259251842
8477979,Nicolas Aube-Kubel,WSH,F,20222023,601.65,0.31671554252199413,0.5134443021766966,0.578931838833588,0.02304339499276037,1.7859227863577747
8478133,Jake Evans,MTL,F,20222023,785.2166666666667,0.4166666666666667,0.45534591194968554,0.48512091194968554,0.011145708708290236,0.6150081161496506
8479514,Rem Pitlick,MTL,F,20222023,598.4,0.456,0.3876177658142665,0.4033389658142665,-0.05673730754306866,-2.1708946539279097
8479944,Zachary Aston-Reese,TOR,F,20222023,841.4333333333333,0.3670212765957447,0.48615384615384616,0.5336671440261865,-0.017505043732456815,-0.37750141412300736
8480144,David Kampf,TOR,F,20222023,1256.9166666666667,0.27307692307692305,0.4637462235649547,0.5448258389495702,-0.04342238783835617,-0.10923528478806475
8471677,Jack Johnson,CHI,D,20222023,1588.8833333333334,0.3856942496493689,0.42498665242925787,0.46582809702953837,-0.028630521864597802,-0.9455475967590177
8474141,Patrick Kane,CHI,F,20222023,1411.5166666666667,0.5323529411764706,0.43636363636363634,0.4248039304812834,-0.025672962557268142,-1.5284518544893557
8476960,Andreas Athanasiou,CHI,F,20222023,1296.2833333333333,0.5070422535211268,0.45031847133757963,0.44780227415448104,0.008131666887821853,-0.1346369705191021
8477476,Artturi Lehkonen,COL,F,20222023,1309.0,0.6044657097288676,0.5388489208633094,0.501523322777185,0.00930321706362347,0.4281932749767619
8477492,Nathan MacKinnon,COL,F,20222023,1585.05,0.6336746302616609,0.5454545454545454,0.49769260006205396,0.01267484380471151,0.3501937491139466
8477495,Seth Jones,CHI,D,20222023,1760.4833333333333,0.5315420560747663,0.4932975871313673,0.4820276104958533,0.04756726371022202,1.053694899164024
8477503,Max Domi,CHI,F,20222023,1423.3333333333333,0.5304964539007092,0.46088538508186777,0.44998900210314435,0.002044150097549602,-0.26857902658947086
8478038,Devon Toews,COL,D,20222023,2008.5,0.5784671532846716,0.5331230283911672,0.505086714522554,0.010047946918376627,-0.17005674874322685
8478420,Mikko Rantanen,COL,F,20222023,1822.3833333333334,0.6347075743048898,0.5314364387333639,0.48330542243422675,-0.0013943914028423654,-0.6234383575153214
8480069,Cale Makar,COL,D,20222023,1584.5,0.6400996264009963,0.5483476132190942,0.49829001670601825,0.018861509875677362,-0.1686683348034619
8473604,Jonathan Toews,CHI,F,20222023,939.4166666666666,0.48758465011286684,0.42295430393198724,0.42739030844665993,-0.018155395283852238,-0.6960113317304688
8476473,Connor Murphy,CHI,D,20222023,1551.4666666666667,0.35127478753541075,0.41400560224089633,0.4671451206544941,-0.014080693584659243,-0.253789849493989
8474870,Tyler Johnson,CHI,F,20222023,927.7166666666667,0.49190283400809715,0.44721115537848605,0.45010427278739296,-0.0012141175039490082,-0.07148069218649407
8475797,Jarred Tinordi,CHI,D,20222023,724.1333333333333,0.3083832335329341,0.39382716049382716,0.4622918311525098,-0.033094651643855055,-0.43525019536613474
8478542,Evan Rodrigues,COL,F,20222023,1232.5166666666667,0.5485519591141397,0.5509065550906556,0.5335589400991735,0.0312579026920905,1.5350691501990343
8479390,Taylor Raddysh,CHI,F,20222023,1292.9333333333334,0.4828125,0.45394736842105265,0.46008846217105265,0.013456017827602973,0.9573682546439777
8481524,Bowen Byram,COL,D,20222023,918.8666666666667,0.4950884086444008,0.5070422535211268,0.5087971651124823,-0.006353190638703432,-0.09209772257784261
8481618,Alex Newhook,COL,F,20222023,1144.9833333333333,0.49814126394052044,0.503793626707132,0.504457753101184,-0.005503023209155411,-0.6488488204257007
8476312,Josh Manson,COL,D,20222023,477.7,0.46122448979591835,0.5044091710758377,0.5182636608717561,0.005457179115402888,0.7828461579362005
8477501,Valeri Nichushkin,COL,F,20222023,1074.3666666666666,0.5449101796407185,0.5227272727272727,0.5066808655416439,-0.00042672125597165156,0.1782792870912849
8479398,Samuel Girard,COL,D,20222023,1633.6166666666666,0.5129032258064516,0.5153035624686403,0.5106932398879951,0.0017968872141200798,-0.19911000448233304
8473446,Erik Johnson,COL,D,20222023,1089.5833333333333,0.4222222222222222,0.4682713347921225,0.4960613347921225,-0.03454031029548654,-1.2566054855028097
8483619,Filip Roos,CHI,D,20222023,275.76666666666665,0.5343511450381679,0.45121951219512196,0.43894584807298453,0.013732428037751931,0.05959134635330964
8481186,Logan O'Connor,COL,F,20222023,1164.7666666666667,0.32037037037037036,0.4710087370929309,0.5351904037595976,-0.01771623134014777,0.3918303200818512
8477456,J.T. Compher,COL,F,20222023,1684.3333333333333,0.4913294797687861,0.5066129959746981,0.5097109728533108,-0.006302675946770031,-0.07191340468528458
8480798,Philipp Kurashev,CHI,F,20222023,1220.2333333333333,0.5009174311926605,0.425670775924583,0.4253429777594454,-0.016818565822809994,-1.163143327513643
8471699,Andrew Cogliano,COL,F,20222023,996.8,0.3265720081135903,0.45131086142322097,0.5132766829242351,-0.03993806068245098,-0.8068814849161271
8478043,Sam Lafferty,CHI,F,20222023,1023.2,0.36613272311212813,0.44858156028368795,0.49641233831572457,-0.0005363019286312998,0.7037016914085769
8480025,MacKenzie Entwistle,CHI,F,20222023,786.5166666666667,0.3538961038961039,0.41646778042959426,0.46867070250751636,-0.016515233056871137,0.024203006505265127
8477073,Kurtis MacDermid,COL,D,20222023,366.6166666666667,0.437125748502994,0.47578947368421054,0.4982544437440908,-0.027408112004420282,-1.2557525968915708
8476278,Colin Blackwell,CHI,F,20222023,625.45,0.3273542600896861,0.4174174174174174,0.47910374028737257,-0.015288531123822391,-0.29754280778336334
8476310,Lukas Sedlak,PHI,F,20222023,367.06666666666666,0.46308724832214765,0.5142118863049095,0.5274008124794062,0.03359315992651546,1.6592234649727438
8483570,Ben Meyers,COL,F,20222023,374.26666666666665,0.4,0.5,0.53573,0.0001443583540877702,0.3696304031496823
8476915,Jujhar Khaira,CHI,F,20222023,707.8166666666667,0.32653061224489793,0.46438746438746437,0.5263680766323623,0.025454321934290203,1.5588905596194724
8474683,Derek Grant,ANA,F,20222023,682.9,0.23607427055702918,0.37989556135770236,0.47419622448767584,-0.01598371790913955,0.8999285384032971
8475764,Cam Fowler,ANA,D,20222023,1982.2166666666667,0.48785046728971965,0.4231921266581087,0.42753315469549186,0.009752629061831386,-0.5454211411895077
8475768,Jaden Schwartz,SEA,F,20222023,1237.05,0.5233333333333333,0.5517774343122102,0.5434404343122101,0.01659309482510074,1.0871578921014993
8475906,John Klingberg,ANA,D,20222023,1382.6333333333334,0.5210674157303371,0.4334862385321101,0.42595885089166063,-0.0021980699873292986,-0.8431509069261373
8476457,Adam Larsson,SEA,D,20222023,1941.65,0.6247401247401247,0.5586897179253867,0.5141200713557401,0.015507829705895593,-0.5268292308069948
8477416,Oliver Bjorkstrand,SEA,F,20222023,1265.5,0.5410122164048866,0.5549488054607509,0.5402951405392848,0.013942464924598386,0.4016010417138793
8477505,Alexander Wennberg,SEA,F,20222023,1533.95,0.5072886297376094,0.5405777166437414,0.5379734892384936,0.0016016452924411118,0.21813863008549214
8478407,Vince Dunn,SEA,D,20222023,1917.2166666666667,0.6351209253417456,0.5511848341232227,0.5029061274986171,0.005277515471091898,-0.6822092888803958
8479368,Max Jones,ANA,F,20222023,877.2333333333333,0.39675174013921116,0.4197324414715719,0.4566230447198317,0.016321138432217108,0.6503052255287036
8474602,Justin Schultz,SEA,D,20222023,1298.6333333333334,0.547112462006079,0.5197853789403085,0.5029520962655365,-0.018953712571983083,-0.7162821474398218
8475179,Dmitry Kulikov,ANA,D,20222023,1305.7833333333333,0.42857142857142855,0.405625,0.4311464285714286,-0.00811351680468858,-0.6941490423780258
8476458,Ryan Strome,ANA,F,20222023,1398.6,0.532171581769437,0.4193011647254576,0.40780625855923774,-0.00038516960132817246,-1.05653683027252
8476467,Jamie Oleksiak,SEA,D,20222023,1445.8666666666666,0.39111111111111113,0.5276259866423801,0.5665319866423801,-0.0023099721007391327,1.446960411844588
8477444,Andre Burakovsky,SEA,F,20222023,811.1333333333333,0.5493333333333333,0.515881708652793,0.49825490865279304,-0.021027021713519223,-0.5009762426200819
8477955,Jared McCann,SEA,F,20222023,1290.8,0.5560975609756098,0.5385190725504861,0.5184754140139007,0.003386600043157828,0.38172782052887694
8478873,Troy Terry,ANA,F,20222023,1357.95,0.5618892508143323,0.4666234607906675,0.4445104314747066,0.04442405138351985,1.208466852751633
8482665,Matty Beniers,SEA,F,20222023,1367.3666666666666,0.5617088607594937,0.5104096709200806,0.4883610949707135,-0.027012640386990028,-0.7698992509357724
8482745,Mason McTavish,ANA,F,20222023,1229.5833333333333,0.4389380530973451,0.4185888738127544,0.44040630744107295,0.0033516017775181983,0.6426236751697797
8474031,Kevin Shattenkirk,ANA,D,20222023,1448.7166666666667,0.4405797101449275,0.4383872799545713,0.4596181495197887,0.0323706117707514,1.1629449129925158
8474586,Jordan Eberle,SEA,F,20222023,1368.1166666666666,0.5718799368088467,0.5167310167310167,0.4910483153092158,-0.019322739279171608,-0.5712791515527458
8474641,Adam Henrique,ANA,F,20222023,1127.1666666666667,0.5068762278978389,0.4370044052863436,0.43454752905844574,0.014126928747492662,0.4301269288318413
8476470,Nathan Beaulieu,ANA,D,20222023,792.1333333333333,0.353099730458221,0.3864306784660767,0.43891814477335434,-0.016921302530248872,-0.42414484591997853
8476826,Yanni Gourde,SEA,F,20222023,1387.8833333333334,0.5186991869918699,0.5523066926575698,0.5456254731453747,0.015357341854135842,0.6238134059506834
8477369,Carson Soucy,SEA,D,20222023,1272.6833333333334,0.5483870967741935,0.5221179624664879,0.5048292527890685,-0.012191720401411477,-0.8686556661246811
8478366,Frank Vatrano,ANA,F,20222023,1352.8166666666666,0.44764795144157815,0.41238938053097346,0.4310947674808976,0.0049098015800176364,-0.2773842709090833
8478840,Will Borgen,SEA,D,20222023,1343.0,0.3888888888888889,0.5025412960609911,0.542241296060991,-0.028946109659662378,0.5325348226979337
8479293,Brandon Tanev,SEA,F,20222023,1167.8833333333334,0.5137457044673539,0.5214465937762826,0.516535253570097,-0.017742625083347452,-0.8851214774073549
8481533,Trevor Zegras,ANA,F,20222023,1527.25,0.6625954198473283,0.4588431590656285,0.4007478155541781,0.033453707700903945,-1.120673436110701
8475164,Jakob Silfverberg,ANA,F,20222023,1229.7666666666667,0.2838915470494418,0.3888888888888889,0.4661044391281233,-0.009146632539141386,0.7341861926625549
8480031,Maxime Comtois,ANA,F,20222023,886.0666666666667,0.4165067178502879,0.42205638474295193,0.45188853445504407,0.018196990428620274,0.4142197972030651
8480806,Isac Lundeström,ANA,F,20222023,874.3666666666667,0.3165137614678899,0.391713747645951,0.45727338067347395,-0.006962191297249731,-0.191553657812313
8477987,Ryan Donato,SEA,F,20222023,799.8833333333333,0.5201149425287356,0.5255255255255256,0.5183384565600083,-0.014027508754723583,-0.09253188645862877
8480901,Karson Kuhlman,WPG,F,20222023,558.5333333333333,0.4883720930232558,0.5202492211838006,0.5244038723465912,0.005096772131821137,-0.5683863849323586
8474568,Luke Schenn,VAN,D,20222023,1151.25,0.46875,0.4411164057181756,0.45228203071817563,-0.040051349699835315,-1.84329417529614
8475169,Evander Kane,EDM,F,20222023,766.8333333333334,0.5012658227848101,0.5153846153846153,0.5149323369036026,-0.001578754317756892,-0.38514686488204414
8476468,J.T. Miller,VAN,F,20222023,1675.25,0.5034578146611342,0.5065420560747663,0.5053065788963431,0.020945870649101583,0.5981529318771102
8476879,Cody Ceci,EDM,D,20222023,1610.75,0.45724907063197023,0.49207188160676535,0.5073467886699624,-0.018033169754477607,-0.9767303005107557
8477498,Darnell Nurse,EDM,D,20222023,1928.05,0.4407894736842105,0.5022441651705566,0.5234000862231881,-0.007634627132060423,0.01501778639157754
8478402,Connor McDavid,EDM,F,20222023,1835.6166666666666,0.5541871921182266,0.5341488277268094,0.514787743982967,0.020271071983874456,0.3327153180759052
8478444,Brock Boeser,VAN,F,20222023,1279.4666666666667,0.5188356164383562,0.4850691915513474,0.47833922579792276,-0.0019566215731187664,-0.7009688049218332
8479344,Jesse Puljujarvi,EDM,F,20222023,917.3833333333333,0.5445920303605313,0.5559322033898305,0.5399994709420127,0.021508604654267627,0.9393903375253958
8480800,Quinn Hughes,VAN,D,20222023,2001.5666666666666,0.5203836930455635,0.5007898894154819,0.493506795890302,0.01728180700262627,0.2281375298422167
8475197,Tyson Barrie,EDM,D,20222023,1681.1666666666667,0.5078947368421053,0.47368421052631576,0.47086342105263157,-0.02475829110726213,-0.4898584945639743
8476967,Brett Kulak,EDM,D,20222023,1435.7666666666667,0.5277777777777778,0.5037420840529648,0.4938170840529648,-0.011272077635838929,-0.8774043100859086
8478856,Conor Garland,VAN,F,20222023,1225.1666666666667,0.47603305785123967,0.48029891304347827,0.48886230147323034,0.004250409094035346,0.4725727076927213
8481617,Vasily Podkolzin,VAN,F,20222023,461.6666666666667,0.5806451612903226,0.4942528735632184,0.4654383574341861,0.011152898393605504,-0.390496585559396
8475786,Zach Hyman,EDM,F,20222023,1591.9,0.5195681511470985,0.5137665198237885,0.5067748194189302,-0.0020767365634324353,-0.02114875238185201
8477500,Bo Horvat,VAN,F,20222023,1633.1833333333334,0.4959785522788204,0.5064705882352941,0.5079074515060716,0.01765527044465054,0.8621688748410038
8477934,Leon Draisaitl,EDM,F,20222023,1738.7166666666667,0.5083732057416268,0.5081621906266456,0.5051704442151623,-0.0079138923330353,-0.23101588355652464
8475171,Oliver Ekman-Larsson,VAN,D,20222023,1089.5,0.467687074829932,0.4656900539707016,0.47723546213396695,-0.004748473266412423,-0.05259438081439105
8482077,Dylan Holloway,EDM,F,20222023,488.85,0.5486725663716814,0.5180921052631579,0.5007013972985561,-0.00315557878939432,-0.9803463510498263
8476454,Ryan Nugent-Hopkins,EDM,F,20222023,1625.6333333333334,0.4597222222222222,0.5016015374759769,0.5159927874759769,-0.009387624386750781,0.29218640791451334
8478585,Derek Ryan,EDM,F,20222023,893.2833333333333,0.41779497098646035,0.5090390104662227,0.5384108673327604,-0.00020578442693186538,1.2501069694456837
8480802,Ryan McLeod,EDM,F,20222023,808.5833333333334,0.4972677595628415,0.5403587443946188,0.5413349739028156,0.023139989775730396,1.1783204821289015
8480803,Evan Bouchard,EDM,D,20222023,1518.35,0.5256410256410257,0.549175667993178,0.5400141295316395,0.028543953869762384,1.2984629275098896
8477335,Kyle Burroughs,VAN,D,20222023,833.4333333333333,0.5123287671232877,0.5035750766087844,0.4991700081156337,0.02567924817133027,0.7394686071209655
8479388,Riley Stillman,VAN,D,20222023,732.1333333333333,0.48441926345609065,0.4902597402597403,0.4958267374268791,0.011162363613429094,0.6700229110147617
8480012,Elias Pettersson,VAN,F,20222023,1644.3833333333334,0.5323854660347551,0.5089041095890411,0.4973327825748231,0.021442509376873753,0.500409350058581
8481535,Nils Hoglander,VAN,F,20222023,301.98333333333335,0.5223880597014925,0.4775,0.46950074626865673,-0.0003765498947898016,-0.36555953500618593
8483808,Andrei Kuzmenko,VAN,F,20222023,1315.5833333333333,0.5420393559928444,0.5143288084464555,0.49930814655021216,0.02841910741564846,0.8670102243422063
8477508,Curtis Lazar,VAN,F,20222023,584.5666666666667,0.3770491803278688,0.4351032448377581,0.47903357270661057,-0.025618556384782,-0.18465485062852688
8478057,Dakota Joshua,VAN,F,20222023,910.2,0.4079822616407982,0.4367924528301887,0.4696703907459315,-0.02299972492743907,-0.40317269847075365
8482496,Nils Aman,VAN,F,20222023,863.75,0.3531073446327684,0.4168466522678186,0.4693313980305304,-0.045560432325016276,-0.5146364992984112
8476913,Devin Shore,EDM,F,20222023,421.35,0.4899598393574297,0.4766187050359712,0.48020605443356157,-0.03628614663715046,-1.5345615819576115
8471675,Sidney Crosby,PIT,F,20222023,1651.7666666666667,0.6276715410573678,0.536,0.4903829583802025,0.004146096676338251,0.2449338461176553
8471724,Kris Letang,PIT,D,20222023,1590.8833333333334,0.5419664268585132,0.5254677754677755,0.5104731711512287,-0.0002095288785973759,0.5166310780789952
8475208,Brian Dumoulin,PIT,D,20222023,1692.55,0.49943374858437145,0.5152394775036284,0.5154417991344324,-0.00030172513615722707,-0.6022194881305001
8476329,Travis Boyd,UTA,F,20222023,1356.3666666666666,0.4442675159235669,0.44125874125874126,0.4611719578192508,-0.01721243190371008,-0.6516280109699948
8476483,Rickard Rakell,PIT,F,20222023,1511.9,0.6154910096818811,0.5273209549071618,0.4860560171478257,-0.00666997345932796,-0.28961406747097523
8477404,Jake Guentzel,PIT,F,20222023,1569.05,0.6199040767386091,0.5301701908200103,0.4873284642013052,-0.00287293327120286,0.15381232904653502
8477951,Nick Schmaltz,UTA,F,20222023,1243.4333333333334,0.4816112084063047,0.49102263856362216,0.4975929538000495,0.020419285197879333,0.32334257765859487
8479343,Clayton Keller,UTA,F,20222023,1702.6333333333334,0.48721071863581,0.4814391776127927,0.4860087878442178,0.014274123966627472,0.08070722618940172
8479442,Troy Stecher,UTA,D,20222023,1327.1833333333334,0.44858156028368795,0.4468770122343851,0.4652488207450234,-0.02395934622369561,-1.0101584133922072
8482655,J.J. Moser,UTA,D,20222023,1726.15,0.3803763440860215,0.4283121597096189,0.47105369196768343,-0.012470193265382845,-0.08194398798284103
8471215,Evgeni Malkin,PIT,F,20222023,1525.9666666666667,0.6672025723472669,0.5531050493325594,0.49336357023288097,0.01763160079832693,0.19143217660131007
8475722,Jason Zucker,PIT,F,20222023,1221.1666666666667,0.6940966010733453,0.5601965601965602,0.4908458446330539,0.02701381545974957,-0.5133791088643097
8475760,Nick Bjugstad,UTA,F,20222023,1266.0166666666667,0.39327731092436974,0.4611510791366906,0.4992830959434133,0.003298803006260953,0.5321109488197506
8475810,Bryan Rust,PIT,F,20222023,1449.8666666666666,0.6643741403026134,0.5413223140495868,0.48259143371946295,0.008963784468667413,-0.7390480767273049
8476906,Shayne Gostisbehere,UTA,D,20222023,1561.25,0.5166240409207161,0.5137507314218841,0.5078109616009122,0.015435110499002369,0.5561526641014051
8477384,Joshua Brown,UTA,D,20222023,1073.3333333333333,0.41025641025641024,0.4142502071251036,0.4463155917404882,-0.03299205788246018,-1.545341555958088
8477941,Nick Ritchie,UTA,F,20222023,1002.5666666666667,0.4839357429718876,0.4686192468619247,0.47435900589806923,-0.007955830411289666,-0.26534500577907255
8481711,Matias Maccelli,UTA,F,20222023,1004.0666666666667,0.4180522565320665,0.45977011494252873,0.48905004368362137,0.017186397023412292,0.7640255818769074
8473507,Jeff Petry,PIT,D,20222023,1364.65,0.47966101694915253,0.5202788339670469,0.5275459526111147,0.0017242197695906958,0.14193947678022706
8477969,Marcus Pettersson,PIT,D,20222023,1399.7,0.4881578947368421,0.520434557682359,0.5246657418928853,0.003703968866851537,0.15833295403811243
8478432,Christian Fischer,UTA,F,20222023,1188.4166666666667,0.41404805914972276,0.4401220442410374,0.4708326727068415,0.004338085738566255,0.3377166717787911
8480849,Barrett Hayton,UTA,F,20222023,1434.8166666666666,0.43829787234042555,0.48367346938775513,0.5057196396005211,0.024292457732869255,1.204064217232515
8478474,Lawson Crouse,UTA,F,20222023,1367.5666666666666,0.40747330960854095,0.4530791788856305,0.4861389653624988,0.009930232352333423,0.40020013874051413
8470604,Jeff Carter,PIT,F,20222023,1082.8,0.27710843373493976,0.4731182795698925,0.5527574361963985,-0.025770505083653694,0.6260417268352543
8475178,Zack Kassian,UTA,F,20222023,467.45,0.3445378151260504,0.37990580847723704,0.4354524471326992,-0.062340244762784436,-1.1891673965443355
8477070,Liam O'Brien,UTA,F,20222023,639.9,0.3935483870967742,0.4016506189821183,0.4396857802724409,-0.030747119371092424,-0.6113644085009964
8477953,Kasperi Kapanen,PIT,F,20222023,903.15,0.42316258351893093,0.46904315196998125,0.49649716087866724,-0.010906475812964889,-0.5811596942448715
8478046,Danton Heinen,PIT,F,20222023,699.2333333333333,0.39420289855072466,0.5072463768115942,0.5450476811594203,0.005161425485999072,0.19673082975796724
8479982,Conor Timmins,TOR,D,20222023,408.1,0.5879120879120879,0.5657620041753654,0.5343510151643763,0.03907423409630728,0.6750172358279317
8480058,Pierre-Olivier Joseph,PIT,D,20222023,1143.6833333333334,0.5526742301458671,0.5249841872232764,0.5061636847921581,0.005124242362400722,-0.6491426233208096
8480172,Jan Rutta,PIT,D,20222023,958.7333333333333,0.42548596112311016,0.48863636363636365,0.5152602297270764,-0.017718533357260036,-0.976328299652139
8480855,Jack McBain,UTA,F,20222023,1147.9,0.384321223709369,0.4035228182546037,0.4448548450232461,-0.033001100828954855,-1.1157221638706216
8476934,Brock McGinn,PIT,F,20222023,977.55,0.2865731462925852,0.45187901008249315,0.5281364249121525,-0.021007716896044082,-0.5721861864866734
8476326,Josh Archibald,PIT,F,20222023,618.5666666666667,0.28294573643410853,0.5242165242165242,0.6017700125886172,0.028439555641354475,1.556312743404922
8480068,Ryan Poehling,PIT,F,20222023,623.85,0.2585551330798479,0.4907801418439716,0.577048392794542,-0.008922837184963173,0.5713806761437257
8474027,Justin Braun,PHI,D,20222023,764.95,0.4823232323232323,0.4627492130115425,0.46906512210245155,-0.022694286154380017,-1.1857394146316658
8475763,Kevin Hayes,PHI,F,20222023,1422.8333333333333,0.5374823196605375,0.5127900059488399,0.4993975731341299,0.025206209132010993,0.8692598430223251
8476872,Scott Laughton,PHI,F,20222023,1429.35,0.45244956772334294,0.49402139710509757,0.5110111665575472,0.009331454420761665,0.9714545016714586
8476923,Damon Severson,NJD,D,20222023,1616.35,0.5286069651741293,0.5660282258064516,0.5558069571497353,0.02267603411505381,1.0696366901753565
8477425,Miles Wood,NJD,F,20222023,920.1333333333333,0.4294117647058823,0.5057565789473685,0.5309777554179567,-0.025350765089074745,-0.42467236366723166
8477435,Ryan Graves,NJD,D,20222023,1555.9333333333334,0.43253467843631777,0.5162644281217209,0.5403697875164246,-0.023210430809498805,-0.4675279141208357
8477948,Travis Sanheim,PHI,D,20222023,1652.6166666666666,0.46948941469489414,0.4697720515361744,0.48067348366568874,-0.01401256821052499,-0.5701206991312041
8478439,Travis Konecny,PHI,F,20222023,1209.5833333333333,0.5130890052356021,0.48717948717948717,0.48250278560880655,0.0017244972258403934,-0.181836764011227
8479414,Nathan Bastian,NJD,F,20222023,534.7333333333333,0.38275862068965516,0.5093167701863354,0.5512071150139216,-0.017842537229102673,0.16608779241830546
8479415,Michael McLeod,NJD,F,20222023,980.1333333333333,0.3563218390804598,0.4896988906497623,0.5410350975463141,-0.037187516121639286,0.1094784371539767
8481559,Jack Hughes,NJD,F,20222023,1557.35,0.6600910470409712,0.5817223198594025,0.5245217887516634,0.024079188437828303,-0.49667250644106176
8476292,Ondrej Palat,NJD,F,20222023,761.2333333333333,0.5323383084577115,0.5522388059701493,0.540684328358209,-0.004423696364012963,-0.18184761319894174
8476462,Dougie Hamilton,NJD,D,20222023,1786.1333333333334,0.5692963752665245,0.5586080586080586,0.5338484637253293,0.008676380339307288,0.1664665454121614
8478399,Jonas Siegenthaler,NJD,D,20222023,1613.2166666666667,0.5223880597014925,0.5346097201767305,0.5266104664453872,-0.012380298332018147,-0.5833453867708631
8482110,Dawson Mercer,NJD,F,20222023,1360.2,0.5112107623318386,0.5204835460040296,0.5164779406228637,-0.02736114813832846,-1.193712990441367
8478500,Ivan Provorov,PHI,D,20222023,1887.8666666666666,0.5170454545454546,0.48189280540801543,0.4758024644989245,-0.005481544572947528,-0.7466380054318126
8477950,Tony DeAngelo,PHI,D,20222023,1544.1,0.5511111111111111,0.5013912075681691,0.48312920756816913,0.011725719459465489,-0.11711068888836616
8480015,Owen Tippett,PHI,F,20222023,1341.9166666666667,0.5357142857142857,0.49077733860342554,0.47801662431771125,0.003534087715526324,-0.21489846033791052
8480220,Noah Cates,PHI,F,20222023,1458.9666666666667,0.4328767123287671,0.47050938337801607,0.4944925340629476,-0.011572649836264659,0.19612253543654584
8480797,Joel Farabee,PHI,F,20222023,1394.9333333333334,0.5305164319248826,0.4708860759493671,0.4599825548226065,-0.014955887297120052,-1.332083903049305
8476372,Nick Seeler,PHI,D,20222023,1115.7,0.511986301369863,0.5186513629842181,0.514368657504766,0.0328158712727748,1.1962609404771039
8479322,Wade Allison,PHI,F,20222023,775.7,0.46919431279620855,0.4982394366197183,0.509246308657633,0.009540487872386816,0.6822239332786915
8479407,Jesper Bratt,NJD,F,20222023,1424.1333333333334,0.5900709219858156,0.590988882387361,0.5588065419618291,0.03429814159663891,1.2490896790946484
8481068,Yegor Sharangovich,NJD,F,20222023,1081.8666666666666,0.5674518201284796,0.5350734094616639,0.5109728741297581,-0.009152198797799715,-1.334573310846555
8474037,James van Riemsdyk,PHI,F,20222023,936.5833333333334,0.5579868708971554,0.5153985507246377,0.4946798417530841,0.0242264164838063,0.5312265019669118
8480028,Morgan Frost,PHI,F,20222023,1323.8333333333333,0.5536028119507909,0.48871181938911024,0.46955953467909267,-0.0008693231039299532,-0.5862560589259613
8475287,Erik Haula,NJD,F,20222023,1333.8333333333333,0.5176991150442478,0.5594771241830065,0.5531532303776968,0.012384566541724151,0.6164250436119133
8474090,Brendan Smith,NJD,D,20222023,933.2,0.505091649694501,0.5611448395490026,0.5593255931131574,0.016775540126380717,1.0462981990966076
8478507,John Marino,NJD,D,20222023,1348.5333333333333,0.4703196347031963,0.5300400534045394,0.5406448479250874,-0.006675660847555109,-0.5414663316212055
8479550,Tanner Laczynski,PHI,F,20222023,304.75,0.48031496062992124,0.471976401179941,0.47900986574687016,-0.012949166160002634,-0.01443385195132581
8475193,Tomas Tatar,NJD,F,20222023,1240.4166666666667,0.521044992743106,0.5647504737839545,0.5572310978768427,0.01863761629355931,1.0076319548736383
8480003,Jesper Boqvist,NJD,F,20222023,815.1833333333333,0.5185185185185185,0.52015732546706,0.5135406588003933,-0.021192854085686275,-0.7635463742111569
8475235,Nicolas Deslauriers,PHI,F,20222023,810.75,0.5108359133126935,0.48478260869565215,0.48091093686902675,-0.0013683883123663532,-0.8227142119357544
8473449,Kyle Okposo,BUF,F,20222023,1100.0666666666666,0.43738656987295826,0.5068273092369477,0.5291990878213397,0.011246798144317394,0.8256974285694368
8473512,Claude Giroux,OTT,F,20222023,1541.2666666666667,0.5545556805399325,0.552396878483835,0.5329041338269171,0.02671802669856016,0.8601457820652301
8476878,Zemgus Girgensons,BUF,F,20222023,1038.15,0.4306049822064057,0.5075125208681135,0.5323073607257648,0.014646934799747102,0.6829777027489309
8478469,Thomas Chabot,OTT,D,20222023,1698.1166666666666,0.4724137931034483,0.5097063215530114,0.5195628732771493,-0.010862668592678593,0.24163118013066204
8479335,Rasmus Asplund,BUF,F,20222023,505.01666666666665,0.32684824902723736,0.44617784711388453,0.5080449677364526,-0.02532254392990929,0.3452033133366478
8479337,Alex DeBrincat,OTT,F,20222023,1558.5166666666667,0.5585464333781965,0.5196711685261304,0.49875252788010077,-0.011106556735691275,-0.6778045315227613
8480807,Mattias Samuelsson,BUF,D,20222023,1221.9,0.4618705035971223,0.47538860103626945,0.48901227010101767,-0.024694277166847856,-0.5270462007435923
8480839,Rasmus Dahlin,BUF,D,20222023,2017.7,0.559433962264151,0.5151648351648351,0.493929080447854,0.012381668971817694,0.27633692806214705
8482245,Artem Zub,OTT,D,20222023,1073.4166666666667,0.4438860971524288,0.5146831530139103,0.5347326505013476,-0.0017161675033525725,0.27640020998113396
8474612,Travis Hamonic,OTT,D,20222023,1392.0166666666667,0.47375690607734805,0.5048710601719197,0.5142477176304833,-0.009094329147306457,-0.9942298000258037
8482105,Jake Sanderson,OTT,D,20222023,1687.8666666666666,0.4620505992010652,0.5156599552572707,0.5292192761627301,0.0007347168248907909,0.005227636176733454
8478472,Mathieu Joseph,OTT,F,20222023,785.3666666666667,0.3411371237458194,0.4771395076201641,0.5339012133057829,-0.022585097310798885,0.17249495250795793
8481596,Shane Pinto,OTT,F,20222023,1310.7666666666667,0.5149606299212598,0.5335504885993485,0.5282050555284824,0.015743585138642158,0.6902472212472545
8478109,Victor Olofsson,BUF,F,20222023,1076.6333333333334,0.5209923664122137,0.49498327759197325,0.4874827050728893,-0.003783312899348079,-0.12343245672359554
8479420,Tage Thompson,BUF,F,20222023,1450.5666666666666,0.6395511921458625,0.5274592637296318,0.4775976227759151,0.014377387806037034,0.15088094790729015
8477353,Tyler Motte,OTT,F,20222023,779.5,0.3487654320987654,0.4517241379310345,0.5057602490421456,-0.04182920803272272,-0.959978203248794
8475784,Jeff Skinner,BUF,F,20222023,1375.0333333333333,0.6325966850828729,0.5276442307692307,0.48026743518912024,0.013302747504862822,0.31593813603035065
8480950,Ilya Lyubushkin,BUF,D,20222023,1021.9666666666667,0.44608879492600423,0.47235772357723577,0.49162019715017446,-0.024730553959128987,-0.4713494943497188
8480196,Jacob Bryson,BUF,D,20222023,863.9833333333333,0.5349887133182845,0.49547920433996384,0.4829777370713408,-0.002731648715431245,-0.5692344293577528
8480073,Erik Brannstrom,OTT,D,20222023,1193.4166666666667,0.5517826825127334,0.5612535612535613,0.5427516087917617,0.04778349399189552,0.8240449494377307
8480208,Drake Batherson,OTT,F,20222023,1526.0833333333333,0.5814917127071824,0.540303738317757,0.5111867493674808,0.01171195330978636,0.12840584730601995
8474207,Nick Holden,OTT,D,20222023,1085.9666666666667,0.4925373134328358,0.5235059760956176,0.5261723940060653,0.010366469109043819,-0.12440616682481778
8477949,Alex Tuch,BUF,F,20222023,1418.35,0.6008902077151336,0.5271317829457365,0.49108371172911924,0.01548934178242245,0.7805628223000743
8479999,Casey Mittelstadt,BUF,F,20222023,1289.7166666666667,0.5195618153364632,0.5071574642126789,0.5001680275929606,0.009511273489357819,0.6119750661590797
8482116,Tim Stützle,OTT,F,20222023,1658.6666666666667,0.5962732919254659,0.5477636664826063,0.5133652192776373,0.017207770513309684,0.09845431511208304
8480035,Henri Jokiharju,BUF,D,20222023,1261.4666666666667,0.5064562410329986,0.5003186743148502,0.4980118593937598,0.00010211036211849045,0.14851289770711568
8480801,Brady Tkachuk,OTT,F,20222023,1530.9833333333333,0.5978260869565217,0.557648401826484,0.5226951409569188,0.026608917710986613,0.7648754503522064
8482097,Jack Quinn,BUF,F,20222023,1039.25,0.5516528925619835,0.4958609271523179,0.4774053486399212,-0.002311942432999925,-0.39798533386160123
8480448,Parker Kelly,OTT,F,20222023,580.0,0.3170731707317073,0.4894366197183099,0.5547963758158708,-0.0019708190803837122,0.12327649336870883
8482671,Owen Power,BUF,D,20222023,1881.9,0.5625,0.5042128603104213,0.4818816103104213,0.000996884521350716,-0.476673191201994
8481522,Peyton Krebs,BUF,F,20222023,1026.6833333333334,0.47368421052631576,0.5043177892918825,0.5137204208708299,0.007165441022461638,0.20990609053361486
8475766,Austin Watson,OTT,F,20222023,767.4666666666667,0.2554347826086957,0.46733668341708545,0.5547198355909985,-0.027258799153754787,-0.016532574088296472
8482175,JJ Peterka,BUF,F,20222023,1051.5,0.5121951219512195,0.4822908816880181,0.4779335646148474,-0.014547473122510979,-0.46535642847273767
8480355,Mark Kastelic,OTT,F,20222023,579.8666666666667,0.24293785310734464,0.49014084507042255,0.5819891501551683,-0.0014784445171919791,1.660927663254178
8481528,Dylan Cozens,BUF,F,20222023,1336.25,0.49917627677100496,0.48705722070844687,0.4873515370181668,-0.011556949217569834,0.05537431026124712
8475314,Anders Lee,NYI,F,20222023,1413.45,0.5844748858447488,0.5437649880095923,0.5135821112972635,0.042568443292338054,1.8416623646400117
8475754,Brock Nelson,NYI,F,20222023,1511.7,0.5633187772925764,0.49649532710280375,0.4738715279761662,-0.008028618664169485,-0.4831183018218626
8476917,Adam Pelech,NYI,D,20222023,1324.6166666666666,0.40715268225584594,0.5046963055729493,0.5378706522029355,0.021232752485590978,0.8363047698270636
8477409,Carter Verhaeghe,FLA,F,20222023,1419.2666666666667,0.5177398160315374,0.5410810810810811,0.5347426448130128,-0.00477560474021288,-0.02529476372783571
8477493,Aleksander Barkov,FLA,F,20222023,1443.25,0.4717285945072698,0.5515759312320917,0.5616773044146443,0.010254361421965674,1.0750537656164494
8477506,Ryan Pulock,NYI,D,20222023,1718.35,0.4177215189873418,0.4712475633528265,0.5006456646186493,-0.017138639387734633,-0.23715348579028583
8477932,Aaron Ekblad,FLA,D,20222023,1660.9833333333333,0.5068836045056321,0.5342920353982301,0.5318325235083677,-0.005843858609214436,-0.29065073109236633
8477933,Sam Reinhart,FLA,F,20222023,1622.05,0.4767616191904048,0.5479535736102626,0.5562566470735311,0.007349789669113149,1.0046661294357904
8478055,Gustav Forsling,FLA,D,20222023,1924.7166666666667,0.5114107883817427,0.535064935064935,0.5309878603761383,-0.003167759114612978,-0.3841443471311664
8478463,Anthony Beauvillier,NYI,F,20222023,1333.8666666666666,0.5599343185550082,0.49551856594110116,0.4741040339213967,-0.003173975616574176,-0.5012536742239022
8470610,Zach Parise,NYI,F,20222023,1324.95,0.43086816720257237,0.46194225721784776,0.4866430610763687,-0.02059048030597882,-0.6994711174992745
8476419,Jean-Gabriel Pageau,NYI,F,20222023,1233.0666666666666,0.28391167192429023,0.45019305019305017,0.5274014098145012,-0.03209317339116302,1.5499622971257638
8476429,Scott Mayfield,NYI,D,20222023,1722.3,0.41415465268676277,0.48214285714285715,0.5128153997378768,-0.005342387358373724,-0.007004019789167584
8477986,Brandon Montour,FLA,D,20222023,1930.1,0.5285714285714286,0.5238523852385238,0.5136438138099524,-0.016385034321630743,-0.689929668315668
8479314,Matthew Tkachuk,FLA,F,20222023,1614.4333333333334,0.5744400527009222,0.6019469983775013,0.5753495675474618,0.06071658341842556,2.1491374944439077
8481014,Alexander Romanov,NYI,D,20222023,1479.7,0.4499252615844544,0.4773462783171521,0.4952379823530265,-0.011491112081868093,-0.22398439460695752
8474573,Josh Bailey,NYI,F,20222023,968.5,0.5845410628019324,0.4727435210008937,0.4425369992617632,-0.025204656415527826,-1.985615499280336
8475231,Casey Cizikas,NYI,F,20222023,1177.45,0.28929765886287623,0.473645137342242,0.5489290838305363,-0.007598079080259668,0.8656351280727222
8482113,Anton Lundell,FLA,F,20222023,1197.0666666666666,0.5325884543761639,0.5363086232980333,0.52466476854943,-0.003933579347667582,-0.8280526159308191
8477935,Sam Bennett,FLA,F,20222023,1096.6333333333334,0.5454545454545454,0.5558802045288532,0.5396392954379442,0.010754850288405171,0.34198848331187276
8471887,Patric Hornqvist,FLA,F,20222023,203.88333333333333,0.4691358024691358,0.5175438596491229,0.5285716374269006,-0.014836004227204103,0.9586553851250172
8479372,Joshua Mahura,FLA,D,20222023,1151.4166666666667,0.5500821018062397,0.5529981829194428,0.5351038479440734,0.014283216501896234,0.7612545675827336
8480865,Noah Dobson,NYI,D,20222023,1590.5166666666667,0.6347569955817378,0.5227637921799678,0.4746151176586129,0.019850438517373392,-0.21870502423140137
8475151,Kyle Palmieri,NYI,F,20222023,940.4166666666666,0.5655172413793104,0.487133984028394,0.4637246736835664,-0.012262168745205027,-1.47826262971035
8475462,Radko Gudas,FLA,D,20222023,1253.1833333333334,0.5202020202020202,0.5521433141394754,0.5449251323212936,0.015118749317500346,0.857312387752696
8478400,Colin White,FLA,F,20222023,655.2,0.520891364902507,0.4893350062735257,0.48187052159385996,-0.04302048836483274,-1.6065682663534522
8478445,Mathew Barzal,NYI,F,20222023,1085.5333333333333,0.7644110275689223,0.5442930153321976,0.4498189551818217,0.038626294751073986,-0.9891092829360103
8480185,Eetu Luostarinen,FLA,F,20222023,1313.1833333333334,0.5689655172413793,0.53550099535501,0.5108596160446651,-0.0005285184212532323,-1.0296948978149203
8474709,Matt Martin,NYI,F,20222023,903.0333333333333,0.31203931203931207,0.48614834673815904,0.5533067005465129,0.005837611968967427,1.0943094434762672
8479066,Ryan Lomberg,FLA,F,20222023,927.8166666666667,0.4907749077490775,0.5255212077641984,0.528817333225453,0.0004982780526202601,0.8127829830410379
8476393,Nick Cousins,FLA,F,20222023,871.1,0.5213675213675214,0.5149136577708007,0.5072790423861853,-0.013483099773188734,-0.2655602135660462
8479356,Kieffer Bellows,PHI,F,20222023,271.3333333333333,0.5,0.49085365853658536,0.49085365853658536,0.008393079440913553,0.7992368089551494
8471686,Marc Staal,FLA,D,20222023,1492.8333333333333,0.4968944099378882,0.5018666666666667,0.5029762939958592,-0.03303951678228623,-1.2155992052084519
8473994,Jamie Benn,DAL,F,20222023,1294.25,0.5498489425981873,0.46357615894039733,0.445765131750065,-0.044316743889727395,-2.4904225782067897
8476525,Colin Miller,DAL,D,20222023,1325.0,0.5880893300248139,0.5174585002862049,0.48598418266833887,0.0030484599710414173,-0.9744020317708303
8478495,Denis Gurianov,DAL,F,20222023,872.3,0.47586206896551725,0.4559082892416226,0.4645327720002433,-0.024725554934011074,-0.6343580804110492
8480036,Miro Heiskanen,DAL,D,20222023,2013.8,0.6063522617901829,0.5366190695532013,0.4986194064155689,0.021095269439256326,-0.325006832636511
8482740,Wyatt Johnston,DAL,F,20222023,1269.5,0.5354330708661418,0.4795134443021767,0.4668532080817042,-0.018853421575156848,-1.1989921516516915
8480027,Jason Robertson,DAL,F,20222023,1544.7833333333333,0.556657223796034,0.552757793764988,0.532514167702665,0.03294844937725794,1.5452723712273415
8470600,Ryan Suter,DAL,D,20222023,1671.1166666666666,0.5228365384615384,0.5210526315789473,0.5128931363866397,0.010667150705716222,0.48526466446226624
8470794,Joe Pavelski,DAL,F,20222023,1453.2666666666667,0.5472779369627507,0.5317200784826684,0.5148276716058776,0.006233574063805203,0.5721815539788154
8475825,Jani Hakanpää,DAL,D,20222023,1585.1333333333334,0.33591331269349844,0.4633314383172257,0.5219596116918387,-0.027291255772361356,-0.20246557900704595
8478449,Roope Hintz,DAL,F,20222023,1281.7166666666667,0.5577889447236181,0.5300380228136882,0.5093900328639395,0.004935283129265389,0.12802348136556405
8476902,Esa Lindell,DAL,D,20222023,1633.1833333333334,0.33781763826606875,0.4710185706246483,0.528966328472182,-0.01757139820889314,0.20579837044800425
8480848,Ty Dellandrea,DAL,F,20222023,1164.4333333333334,0.5137457044673539,0.49848714069591527,0.4935758004897297,0.0019067057133589915,-1.0883018953095458
8480878,Nils Lundkvist,DAL,D,20222023,978.5333333333333,0.5593803786574871,0.5232646834477498,0.5020480741534297,0.009482856620129265,0.2275346149126105
8475794,Tyler Seguin,DAL,F,20222023,1262.9333333333334,0.5263157894736842,0.5364095169430425,0.5270068853640951,0.03070846246452097,1.094024461341604
8478975,Mason Marchment,DAL,F,20222023,1067.9833333333333,0.5322862129144852,0.49891540130151846,0.4873795374271729,-0.006549369627915136,-0.6687193509060523
8476822,Luke Glendening,DAL,F,20222023,844.3666666666667,0.3447368421052632,0.47497089639115253,0.530446422706942,-0.01964635170709539,-0.2727094885004002
8476889,Radek Faksa,DAL,F,20222023,1111.3666666666666,0.39807692307692305,0.5153061224489796,0.551723237833595,0.018093275351441007,0.9288571075623168
8477446,Michael McCarron,NSH,F,20222023,337.35,0.1910828025477707,0.44028103044496486,0.5506571450946464,-0.009492686543964013,2.2222182370950363
8481641,Joel Kiviranta,DAL,F,20222023,850.8,0.37669376693766937,0.4952879581151832,0.539345275188354,0.0007149995734607728,0.3363955884407919
8475220,Marcus Foligno,MIN,F,20222023,976.2333333333333,0.4101010101010101,0.49689991142604073,0.5290208205169499,0.001639163406745081,0.7570342404567371
8476463,Jonas Brodin,MIN,D,20222023,1375.6333333333334,0.5291338582677165,0.5084525357607282,0.49804300820167313,0.006939933156865141,-0.6163800580803154
8476856,Mathew Dumba,MIN,D,20222023,1681.9833333333333,0.49812734082397003,0.4886138613861386,0.48928296250973413,-0.015345886875569481,-1.1818079974190088
8478493,Joel Eriksson Ek,MIN,F,20222023,1486.3,0.39195979899497485,0.505338078291815,0.5439408421109104,0.004950719116239233,1.6448727719649305
8479370,Tyson Jost,BUF,F,20222023,940.3,0.48034934497816595,0.4717488789237668,0.47877005796306815,-0.024960875151170292,-1.5079553496262355
8478136,Jake Middleton,MIN,D,20222023,1506.6666666666667,0.42627013630731103,0.48736664795058954,0.5137103282479873,-0.015378404687263203,-0.35115405359385266
8477451,Ryan Hartman,MIN,F,20222023,961.5833333333334,0.5294117647058824,0.5302287581699346,0.5197199346405229,0.02382087889084572,1.1380278493280538
8471274,Alex Goligoski,MIN,D,20222023,812.6666666666666,0.5187032418952618,0.5388397246804326,0.5321570563512555,0.03866178412200505,1.557771883092264
8474716,Jared Spurgeon,MIN,D,20222023,1726.2,0.4657375145180023,0.5172792100932528,0.5295211961559706,0.017493304576721713,0.6079393526977435
8478864,Kirill Kaprizov,MIN,F,20222023,1415.85,0.6741214057507987,0.5492476060191519,0.48703402774439153,0.032891814606125114,0.02007121435821157
8475692,Mats Zuccarello,MIN,F,20222023,1576.8,0.6424501424501424,0.526564344746163,0.4756669088487271,0.00777313672439961,-0.5926704316086296
8480884,Calen Addison,MIN,D,20222023,999.4333333333333,0.5916230366492147,0.5052034058656575,0.4724664948708931,-0.007413668893786363,-0.7283940167421744
8481557,Matt Boldy,MIN,F,20222023,1499.4833333333333,0.4849921011058452,0.5173089483997387,0.5226712706746203,0.013125607355996882,1.241082481428202
8477919,Frederick Gaudreau,MIN,F,20222023,1316.7333333333333,0.5252032520325203,0.4820775420629115,0.473072420111692,-0.021868487802426284,-1.8708541153736549
8479351,Sam Steel,MIN,F,20222023,976.9666666666667,0.5760649087221096,0.5190972222222222,0.4919192303358125,0.008654315318150307,-0.14419896548667985
8478211,Dryden Hunt,COL,F,20222023,298.71666666666664,0.4878048780487805,0.5284090909090909,0.5327664079822617,0.02965417112302482,1.4399969438360036
8482079,Marco Rossi,MIN,F,20222023,240.5,0.4339622641509434,0.4594594594594595,0.4830547424783274,-0.0393187240974196,-1.1430834455316918
8480980,Connor Dewar,MIN,F,20222023,888.7833333333333,0.3583815028901734,0.47558386411889597,0.526184153136237,-0.011266735013469309,0.47963451173494054
8479520,Brandon Duhaime,MIN,F,20222023,549.3666666666667,0.40797546012269936,0.4913294797687861,0.5242098478669456,0.00270064158073946,0.45889200222634813
8475726,Tyler Toffoli,CGY,F,20222023,1362.1,0.5666666666666667,0.5812709030100335,0.5574509030100335,0.012217346039777754,1.249223586991184
8476456,Jonathan Huberdeau,CGY,F,20222023,1332.2666666666667,0.5891364902506964,0.5593561368209256,0.5275076688543517,-0.017474352216614863,-0.3297195287817133
8477496,Elias Lindholm,CGY,F,20222023,1494.2833333333333,0.5483443708609271,0.5543836519446276,0.5371102082360183,-0.019935028930393228,-0.19548140251637203
8478396,Noah Hanifin,CGY,D,20222023,1835.3166666666666,0.5353319057815846,0.5340586565752129,0.5214345666394528,-0.03554167638100081,-1.0436570094749693
8478397,Rasmus Andersson,CGY,D,20222023,1902.9666666666667,0.5543933054393305,0.5292425695110259,0.5098078414775531,-0.042845522448461515,-1.5576384355148702
8479346,Dillon Dube,CGY,F,20222023,1244.5166666666667,0.590032154340836,0.5573426573426573,0.5251741685966766,-0.017316132487095404,-0.8711148838781522
8475172,Nazem Kadri,CGY,F,20222023,1411.1166666666666,0.6179941002949852,0.571157495256167,0.5289982032207687,-0.00022055421775246664,0.06263354709070784
8477346,MacKenzie Weegar,CGY,D,20222023,1709.75,0.5737373737373738,0.6009803921568627,0.574634028520499,0.023277779885796712,1.1265875045556906
8475690,Chris Tanev,CGY,D,20222023,1307.8166666666666,0.5359195402298851,0.5853658536585366,0.5725318019343986,0.008580213898824796,0.8847072163784535
8478233,Andrew Mangiapane,CGY,F,20222023,1379.3833333333334,0.5862573099415205,0.5762195121951219,0.5453997753530166,-0.002982413907971271,-0.2582637984324818
8474150,Mikael Backlund,CGY,F,20222023,1489.3666666666666,0.5418918918918919,0.5940353012781497,0.5790673283051767,0.016859099917717724,1.067815672512121
8477507,Nikita Zadorov,CGY,D,20222023,1534.4166666666667,0.6164383561643836,0.6056338028169014,0.5640303781593671,0.028527563240844045,1.0522834641284942
8474628,Michael Stone,CGY,D,20222023,639.0333333333333,0.617816091954023,0.584971098265896,0.5428754086107236,0.003938508084269876,0.3678112436248194
8476399,Blake Coleman,CGY,F,20222023,1246.65,0.552054794520548,0.5991458206223307,0.5805466425401389,0.022516702082263196,1.0310198819966903
8476439,Brett Ritchie,CGY,F,20222023,502.51666666666665,0.5338345864661654,0.5461538461538461,0.5340647484094851,0.020949766514598123,1.2660997697447913
8473473,Milan Lucic,CGY,F,20222023,870.6333333333333,0.5798319327731093,0.5312225153913809,0.5026985658115489,-0.04229555472748836,-1.6293253801578838
8473453,Trevor Lewis,CGY,F,20222023,994.1333333333333,0.5511482254697286,0.557570262919311,0.539295001958977,-0.01299362825940098,-0.2734623132589074
8477478,William Carrier,VGK,F,20222023,706.2666666666667,0.3442622950819672,0.48672566371681414,0.5423707456840272,0.015404429665169084,1.844136841528499
8479980,Nicolas Hague,VGK,D,20222023,1465.3666666666666,0.4968152866242038,0.47506561679790027,0.47620351488707224,-0.008437939372210324,-0.789040550482455
8478452,Caleb Jones,CHI,D,20222023,1403.2,0.5131782945736434,0.4815270935960591,0.4768184889448963,0.040600650765080626,1.1433351620544538
8481147,Reese Johnson,CHI,F,20222023,627.65,0.29694323144104806,0.40198863636363635,0.4745408197697499,-0.02629371358633542,-0.1429435580190639
8477962,Brendan Lemieux,LAK,F,20222023,458.1666666666667,0.5578947368421052,0.5365853658536586,0.5158995763799744,0.020330463754100303,1.163943788094272
8479987,Morgan Geekie,SEA,F,20222023,721.4,0.5255102040816326,0.5191256830601093,0.5100108871417419,-0.02094973405055789,-0.8958570528180324
8482660,Kent Johnson,CBJ,F,20222023,1147.2,0.5977653631284916,0.4444444444444444,0.40951288019863435,-0.007389839309823287,-1.5026081500019723
8475279,Ben Chiarot,DET,D,20222023,1567.95,0.42701227830832195,0.43887665198237885,0.4649551649428154,-0.022739401970226558,-1.170739876716694
8477479,Tyler Bertuzzi,DET,F,20222023,825.5,0.5173333333333333,0.5340314136125655,0.5278382136125654,0.044274348906941374,1.4328102075795763
8477946,Dylan Larkin,DET,F,20222023,1566.75,0.49261083743842365,0.49933862433862436,0.5019787721218756,0.03181747411078806,0.6759238774417297
8481542,Moritz Seider,DET,D,20222023,1899.65,0.42065491183879095,0.477408818726184,0.505758818726184,0.01456861377066565,0.49918690204452054
8482078,Lucas Raymond,DET,F,20222023,1285.8166666666666,0.44404973357015987,0.4587706146926537,0.4787616448880356,-0.009852205720005058,-0.3813612078117463
8474102,David Perron,DET,F,20222023,1389.75,0.4880546075085324,0.5006944444444444,0.5049625331816459,0.03783815958359216,1.4573665068843633
8476874,Olli Määttä,DET,D,20222023,1459.15,0.48525073746312686,0.46537059538274606,0.47064050688717085,0.0030186581632828946,-0.05575058449826773
8477429,Andrew Copp,DET,F,20222023,1488.7166666666667,0.41919191919191917,0.42767732962447846,0.45655005689720574,-0.033774114492567064,-1.558851732205666
8477944,Jakub Vrana,STL,F,20222023,363.75,0.4972375690607735,0.4388646288209607,0.43985164539554633,-0.022747545748056985,-0.8539604492151803
8479425,Filip Hronek,DET,D,20222023,1388.7833333333333,0.43844856661045534,0.46749654218533887,0.4894888693354232,0.00452207188159226,0.5761524774110146
8479992,Michael Rasmussen,DET,F,20222023,845.4666666666667,0.4928571428571429,0.45773874862788144,0.4602908914850243,-0.0038960225814980154,-1.196238601436736
8481725,Elmer Soderblom,DET,F,20222023,253.53333333333333,0.5454545454545454,0.5035460992907801,0.487305190199871,0.042047549114340055,1.7345190772099803
8476897,Oskar Sundqvist,DET,F,20222023,928.9666666666667,0.4900497512437811,0.46918918918918917,0.4727444130697862,0.0003513225256207564,-0.28292997405496456
8477462,Robert Hagg,DET,D,20222023,591.4666666666667,0.5581395348837209,0.46511627906976744,0.44434302325581393,-0.00035300554120087924,-0.6256080420720265
8480184,Gustav Lindstrom,DET,D,20222023,510.1,0.5567010309278351,0.4536741214057508,0.4334148430552353,-0.012414699593801648,-1.0046273835099377
8477330,Dominik Kubalik,DET,F,20222023,1210.35,0.478494623655914,0.45984848484848484,0.46753235581622676,-0.007563377115887726,-0.4524948821332758
8480813,Joe Veleno,DET,F,20222023,1034.85,0.4756637168141593,0.46001719690455717,0.46871255088685804,-0.005272217323796458,-0.07584742007497049
8477454,Adam Erne,DET,F,20222023,816.2333333333333,0.49222797927461137,0.44157303370786516,0.4443499767130465,-0.019026175881822205,-1.4679052609103975
8476331,Dylan DeMelo,WPG,D,20222023,1469.25,0.5013966480446927,0.5103611604499704,0.5098621381036017,-0.001989649097249302,-0.5726439592604211
8476460,Mark Scheifele,WPG,F,20222023,1658.7833333333333,0.6045627376425855,0.4957127545551983,0.4583524883955025,-0.026083809658257462,-1.2441706610753445
8477504,Josh Morrissey,WPG,D,20222023,1890.0333333333333,0.5578727841501564,0.5114364135407137,0.4907584677638628,-0.003754495056084828,-0.44636378364147883
8477940,Nikolaj Ehlers,WPG,F,20222023,707.1,0.6388059701492538,0.5546697038724373,0.5050743307381089,0.036326503457821624,1.2002807953005483
8478398,Kyle Connor,WPG,F,20222023,1683.4,0.6208718626155878,0.5183129855715871,0.4751254690590376,-0.00230414249067179,-0.38266565008588455
8478891,Mason Appleton,WPG,F,20222023,656.7833333333333,0.4875444839857651,0.5229244114002478,0.527374767272134,0.013647207354701374,0.06734615664844884
8476392,Adam Lowry,WPG,F,20222023,1283.0833333333333,0.3083475298126065,0.5018642803877703,0.570341707985726,-0.003908208663828794,1.454431776766277
8480289,Morgan Barron,WPG,F,20222023,928.0,0.3684210526315789,0.5167910447761194,0.5638042026708562,0.011870485055114233,0.5889196661745537
8475455,Brenden Dillon,WPG,D,20222023,1606.25,0.4523809523809524,0.5278372591006424,0.5448515448149281,0.019253178668333204,1.2083036604386848
8480145,Neal Pionk,WPG,D,20222023,1799.15,0.5011494252873563,0.5009596928982726,0.5005490032431001,-0.013028383431946011,-0.7592346421167088
8482149,Cole Perfetti,WPG,F,20222023,763.4333333333333,0.6155844155844156,0.5081610446137106,0.4668627329253989,-0.010349051088735073,-0.9017491962710238
8479333,Libor Hajek,NYR,D,20222023,212.15,0.49137931034482757,0.4444444444444444,0.4475246168582375,-0.0496305145999571,-1.421063757906398
8477220,Nate Schmidt,WPG,D,20222023,1311.1833333333334,0.5555555555555556,0.5035415325177076,0.4836915325177076,-0.012971514920835814,-1.130099718041113
8479378,Logan Stanley,WPG,D,20222023,260.56666666666666,0.45544554455445546,0.4503105590062112,0.46622986593690424,-0.05792862733960752,-1.5691341678902013
8479400,Pierre-Luc Dubois,WPG,F,20222023,1348.6,0.5987748851454824,0.5264969029593943,0.4912046364969135,0.005554705152557293,0.5712818528800307
8471218,Blake Wheeler,WPG,F,20222023,1227.1833333333334,0.5918032786885246,0.5108853410740203,0.47808402959861046,-0.008484449201918709,-0.19392144120866553
8477357,Saku Maenalanen,WPG,F,20222023,661.25,0.34944237918215615,0.43766937669376693,0.4914636146119825,-0.06620455938465275,-2.6274336090946258
8474040,Sam Gagner,WPG,F,20222023,584.25,0.5625,0.5324137931034483,0.5100825431034482,0.019206515320824624,0.37934254777754317
8481019,David Gustafsson,WPG,F,20222023,464.48333333333335,0.3878787878787879,0.47591522157996147,0.5159761306708706,-0.02955595107230019,-0.9919927488524031
8476474,Stefan Noesen,CAR,F,20222023,963.2166666666667,0.6388888888888888,0.625968992248062,0.576343992248062,0.01812785497686842,1.118801046848522
8479365,Trent Frederic,BOS,F,20222023,942.6166666666667,0.4117647058823529,0.5039232781168265,0.5354497487050618,0.004180212078231382,0.10102230408772811
8482699,Dylan Guenther,UTA,F,20222023,432.7,0.4368421052631579,0.4343220338983051,0.45688834968777875,-0.017000387602242206,-0.7908468284342633
8480002,Nico Hischier,NJD,F,20222023,1562.7833333333333,0.475765306122449,0.5511713933415536,0.5598304494640026,0.0032273978777616064,1.0042217543705099
8480188,Fabian Zetterlund,NJD,F,20222023,888.2166666666667,0.4690831556503198,0.49545078577336643,0.5064973742595071,-0.027989874628493616,-1.1037428363361992
8480459,Pius Suter,DET,F,20222023,1110.8833333333334,0.44324324324324327,0.4739057239057239,0.4941849130949131,0.015957997131870516,0.6729834357543333
8477494,Jonathan Drouin,MTL,F,20222023,866.45,0.550561797752809,0.48035363457760316,0.4622879042405245,0.025710072888905644,0.4727160979467074
8479458,Nikita Zaitsev,OTT,D,20222023,757.3333333333334,0.4146981627296588,0.4087912087912088,0.4392695552479017,-0.08147112338935769,-3.732389797644376
8473504,Cal Clutterbuck,NYI,F,20222023,598.9666666666667,0.2806451612903226,0.4827089337175792,0.561084417588547,0.005057917624206376,0.7485131438132434
8481122,Simon Benoit,ANA,D,20222023,1509.9333333333334,0.3686502177068215,0.4127408993576017,0.4596721765709544,0.006755928401105504,0.6803877500643579
8480789,Oliver Wahlstrom,NYI,F,20222023,425.8,0.8115183246073299,0.5241779497098646,0.4128724523276657,0.01364730311359702,-2.541485606640912
8475158,Ryan O'Reilly,STL,F,20222023,953.5166666666667,0.4411177644710579,0.49096098953377737,0.5119996122882684,0.021220385656492646,1.295448468543497
8475181,Nick Leddy,STL,D,20222023,1650.25,0.3953488372093023,0.4571135079609656,0.4945053684260819,0.001569121088257186,0.7427199096939773
8476438,Brandon Saad,STL,F,20222023,1184.6333333333334,0.45108695652173914,0.4639097744360902,0.4813864048708728,0.005767962247618219,0.5572089998798101
8476892,Colton Parayko,STL,D,20222023,1818.0,0.38488783943329397,0.4608272506082725,0.5019568255787565,0.007817214770816705,1.2000708420789243
8479385,Jordan Kyrou,STL,F,20222023,1422.2833333333333,0.5737951807228916,0.4731457800511509,0.4467787619788617,0.010393962944877377,-0.064788279032006
8480023,Robert Thomas,STL,F,20222023,1412.85,0.5555555555555556,0.47778537252221465,0.4579353725222146,0.01706290404925065,0.3494062358301931
8475765,Vladimir Tarasenko,STL,F,20222023,1159.2166666666667,0.5303514376996805,0.45541635961680177,0.4445717909267059,-0.025012405574163676,-1.4529493188622205
8477402,Pavel Buchnevich,STL,F,20222023,1225.5333333333333,0.5025817555938038,0.4666142969363708,0.4656918356627047,0.006984105466464441,0.3439367545682995
8475753,Justin Faulk,STL,D,20222023,1918.25,0.5865921787709497,0.454711802378774,0.42377241690391365,-0.009231459665950958,-1.6902600039139544
8476792,Torey Krug,STL,D,20222023,1170.7666666666667,0.7341772151898734,0.5,0.41632848101265824,0.03240658602045632,-1.2223823811876322
8475170,Brayden Schenn,STL,F,20222023,1511.2,0.4832869080779944,0.4413173652694611,0.44728895301319366,-0.01939186339845217,-0.5864939825685704
8474145,Robert Bortuzzo,STL,D,20222023,541.5833333333334,0.4528301886792453,0.44082332761578047,0.4576771012006861,-0.014447187426078423,-0.0974427946718228
8477964,Ivan Barbashev,STL,F,20222023,1375.2833333333333,0.5008665511265165,0.4580801944106926,0.45777057569318824,-0.01017166665309216,-0.7086438877861321
8478859,Niko Mikkola,STL,D,20222023,1411.9333333333334,0.40487804878048783,0.43646408839779005,0.47045116156852174,-0.03422684268852544,-0.802039510582963
8482089,Jake Neighbours,STL,F,20222023,535.15,0.5043478260869565,0.4491803278688525,0.44762684960798294,-0.01113456750045666,-0.3715680614250441
8477573,Nathan Walker,STL,F,20222023,579.7833333333333,0.4187192118226601,0.4256259204712813,0.45466754608704485,-0.0325497873596437,-0.9880983535842469
8478569,Noel Acciari,STL,F,20222023,1102.0833333333333,0.37831858407079644,0.49195596951735815,0.5354327394288626,0.028264970155173597,2.1488330920645953
8480281,Alexey Toropchenko,STL,F,20222023,833.2666666666667,0.43870967741935485,0.45376344086021503,0.4756624731182795,-0.0018546353336417187,0.18311981766449031
8477482,Zachary Sanford,NSH,F,20222023,215.83333333333334,0.42105263157894735,0.4489051094890511,0.4771130042258932,-0.01715523457671242,0.2947091326088628
8479977,Kailer Yamamoto,EDM,F,20222023,961.5333333333333,0.5107758620689655,0.5235646958011997,0.5197144802839583,0.01022263486881081,-0.009001624708056806
8477998,Warren Foegele,EDM,F,20222023,851.5833333333334,0.5121457489878543,0.5634703196347032,0.5591306435213429,0.049533284145195755,2.081853755332918
8477450,Jason Dickinson,CHI,F,20222023,1243.2333333333333,0.4315068493150685,0.45440956651718983,0.47888216925691585,0.015713269012389175,0.3164257514433052
8478104,Sammy Blais,STL,F,20222023,837.6333333333333,0.5295629820051414,0.4523076923076923,0.4417448388372553,-0.02146767816233608,-1.0149523477095832
8478841,Colton White,ANA,D,20222023,669.35,0.4198250728862974,0.3968636911942099,0.42551019265193585,-0.009169851459146894,-0.9071070091012126
8481517,Brett Leason,ANA,F,20222023,588.1666666666666,0.40268456375838924,0.3839080459770115,0.418678851346139,-0.021345250159547524,-1.1509385303142703
8479976,Juuso Välimäki,UTA,D,20222023,1417.6666666666667,0.42921013412816694,0.495754408883083,0.5210476279590889,0.04552074716904064,2.178726751692804
8480821,Filip Zadina,DET,F,20222023,392.9,0.46408839779005523,0.5051975051975052,0.5180287206671185,0.0435148032475981,1.9757987336841503
8479972,Mason Shaw,MIN,F,20222023,666.9666666666667,0.3684210526315789,0.4885290148448043,0.5355421727395412,0.003813949328320354,0.992489799497407
8479639,Dylan Coghlan,CAR,D,20222023,216.25,0.6371681415929203,0.6455223880597015,0.5965122110685511,0.03798126479345898,2.4314356850531036
8478466,Daniel Sprong,SEA,F,20222023,753.65,0.568561872909699,0.5685096153846154,0.54401245819398,0.03491058149177506,1.720072416708784
8474574,Tyler Myers,VAN,D,20222023,1632.8833333333334,0.4418604651162791,0.4555735056542811,0.4763467614682346,-0.018854084086547263,-0.6184303789879844
8483565,Nick Blankenburg,CBJ,D,20222023,690.2666666666667,0.5026595744680851,0.46231721034870643,0.46136694439125964,0.016856851825414132,-0.0738606700004675
8481624,Ilya Mikheyev,VAN,F,20222023,778.6333333333333,0.4815950920245399,0.461734693877551,0.4683107674971829,-0.016254789405389047,-0.7693182678499093
8482222,Alexander Barabanov,SJS,F,20222023,1227.6166666666666,0.4658385093167702,0.4940119760479042,0.5062178766690222,0.0037702337826766574,0.39774365418233176
8474013,Ian Cole,TBL,D,20222023,1515.65,0.4406015037593985,0.5051173991571343,0.5263404818639011,-0.0004931069024604051,0.48373236372409584
8480246,Nick Perbix,TBL,D,20222023,1063.5833333333333,0.5493630573248408,0.5150273224043715,0.4973899020222059,-0.0009741971395211824,0.05143211157186006
8479772,Zack MacEwen,PHI,F,20222023,648.8166666666667,0.4779874213836478,0.4846153846153846,0.49248047895500724,-0.006603398002031247,-0.13414182460102314
8476994,Vinnie Hinostroza,BUF,F,20222023,327.6166666666667,0.42473118279569894,0.48,0.5068935483870968,-0.013436865140621534,0.4316750054241321
8479338,Markus Niemelainen,EDM,D,20222023,230.95,0.5314685314685315,0.46540880503144655,0.45416509873774025,-0.05022357831894675,-2.07670208573626
8480822,Martin Kaut,COL,F,20222023,374.45,0.4517766497461929,0.49551569506726456,0.5127458981129498,-0.0005898877431806948,0.4768197820188713
8480049,Dylan Samberg,WPG,D,20222023,940.3333333333334,0.505,0.5402621722846442,0.5384756722846442,0.030338519698402067,1.2794439111944251
8477126,Jayson Megna,ANA,F,20222023,550.2333333333333,0.3811188811188811,0.39970717423133234,0.4421833980075561,-0.01507905878629634,-0.6493820004189883
8479536,Axel Jonsson-Fjallby,WPG,F,20222023,522.8,0.4372093023255814,0.5024311183144247,0.5248662345934945,0.0017193206856019883,-0.5913198664798246
8476410,Josh Leivo,STL,F,20222023,606.45,0.49140893470790376,0.5013850415512465,0.5044546291801125,0.04445459184384315,1.8324684520415846
8476891,Matt Grzelcyk,BOS,D,20222023,1295.8,0.6030341340075853,0.5300925925925926,0.4932784965116823,0.007151430934786984,-1.3203146332949003
8480021,Jack Studnicka,VAN,F,20222023,508.55,0.39330543933054396,0.435,0.4731219665271966,-0.026301956062616483,-0.024578584894081646
8480860,Kevin Bahl,NJD,D,20222023,588.85,0.5681159420289855,0.5392670157068062,0.5149291896198497,-0.008268577209552874,-0.6074420321696922
8478413,Jordan Greenway,MIN,F,20222023,838.5166666666667,0.47835497835497837,0.47591522157996147,0.48364898781372767,-0.02357034500946298,-1.4580346094073104
8482067,Connor Mackey,UTA,D,20222023,421.4166666666667,0.515,0.47387387387387386,0.46851437387387385,-0.009720383916134445,-0.9290231056537619
8479578,Casey Fitzgerald,BUF,D,20222023,321.73333333333335,0.5546875,0.49326145552560646,0.47372161177560645,-0.010935470383914847,-1.3325077692932175
8476931,Jake McCabe,CHI,D,20222023,1480.1,0.49379652605459057,0.48802228412256266,0.49023878536325743,0.02828404326872408,0.6800631505523776
8475750,Jon Merrill,MIN,D,20222023,1106.9333333333334,0.5049701789264414,0.47601744186046513,0.47424159693004764,-0.02626736067990043,-0.8974718518923266
8480157,Calle Rosen,STL,D,20222023,764.4666666666667,0.5648648648648649,0.4724245577523413,0.4492483415361251,0.00829345777799212,-0.26978113477624055
8480222,Sebastian Aho,NYI,D,20222023,1190.7,0.6116152450090744,0.5212483399734396,0.4813682129316973,0.024081410732674502,-0.22377715978296855
8477244,Chad Ruhwedel,PIT,D,20222023,684.7166666666667,0.5151515151515151,0.5310262529832935,0.5256126166196572,0.016791537084233532,0.06187395058567841
8479439,Jacob MacDonald,SJS,D,20222023,698.5833333333334,0.42038216560509556,0.49382716049382713,0.5222746127231265,0.010484110368254196,1.2769452275596256
8480853,Liam Foudy,CBJ,F,20222023,753.5333333333333,0.45118733509234826,0.43350785340314135,0.4509486185746453,-0.002099236424641604,-0.11550380554072932
8480216,Jacob Peterson,SJS,F,20222023,209.26666666666668,0.5175438596491229,0.46320346320346323,0.45693504215083164,-0.02105079865432563,-1.8080975189704194
8473544,Derick Brassard,OTT,F,20222023,755.1833333333333,0.41935483870967744,0.5005688282138794,0.5293833443429117,-0.00988405254347835,0.03922142824919436
8479366,Logan Brown,STL,F,20222023,312.1,0.6203703703703703,0.423728813559322,0.3807204802259887,-0.04200435645740003,-3.4616705624919217
8478465,Guillaume Brisebois,VAN,D,20222023,281.1666666666667,0.3815789473684211,0.436046511627907,0.47835835373317015,-0.033473251290701445,-0.524258495689519
8475747,Patrik Nemeth,UTA,D,20222023,1332.8166666666666,0.38380281690140844,0.4084411164057182,0.44995836992684496,-0.029099174396025718,-1.1383465104483679
8477810,Joel Hanley,DAL,D,20222023,302.56666666666666,0.4482758620689655,0.5299145299145299,0.5483955643972885,0.023715943381237725,1.549628434273889
8480935,Lawrence Pilut,BUF,D,20222023,218.05,0.4536082474226804,0.5338645418326693,0.5504403150285456,0.037127610001906564,2.1647982911286996
8479994,Jaret Anderson-Dolan,LAK,F,20222023,488.4,0.5836909871244635,0.5260504201680672,0.4961476304684964,-0.01308975850421612,-0.19296584731653704
8479328,Julien Gauthier,NYR,F,20222023,492.1666666666667,0.5129310344827587,0.46687211093990755,0.4622518523192179,-0.023369831460629653,-1.152206325696123
8475752,Tyler Pitlick,STL,F,20222023,614.6166666666667,0.4430379746835443,0.46296296296296297,0.48331549460853257,0.007062728023332354,0.7881503989563031
8473419,Brad Marchand,BOS,F,20222023,1355.0666666666666,0.5992555831265509,0.5606579849211789,0.5251939650700622,0.01843424683957462,-0.11941203080443397
8477499,Rasmus Ristolainen,PHI,D,20222023,1407.9833333333333,0.4264487369985141,0.4674479166666667,0.4937277829370976,-0.01655128401826278,-0.05608221085700108
8470595,Eric Staal,FLA,F,20222023,1026.9166666666667,0.470703125,0.49440894568690097,0.504876719124401,-0.0336505688339786,-0.6847134940944756
8480326,Sheldon Dries,VAN,F,20222023,726.45,0.47941176470588237,0.45532435740514077,0.462680533875729,-0.024854555771580633,-0.6899617883947655
8479991,Jake Leschyshyn,VGK,F,20222023,319.5,0.5032679738562091,0.43147208121827413,0.4303044341594506,-0.0517255313809456,-2.5269727200533576
8479945,Gavin Bayreuther,CBJ,D,20222023,814.6166666666667,0.5168269230769231,0.4433872502378687,0.43737499062248403,-0.00046111609016108446,-0.32539828742165205
8479348,Kale Clague,BUF,D,20222023,498.43333333333334,0.5823754789272031,0.5357142857142857,0.5062815270935961,0.031185156133455183,0.6608519330138399
8479383,Boris Katchouk,CHI,F,20222023,701.2,0.3546099290780142,0.4594594594594595,0.5114073317998851,0.019297065102118538,0.7461926915347413
8477851,Jordan Oesterle,DET,D,20222023,814.1,0.5601023017902813,0.45271629778672035,0.43124174535705284,-0.01676603615931843,-1.7029862831724654
8479379,Givani Smith,FLA,F,20222023,253.78333333333333,0.5094339622641509,0.49591280653950953,0.4925420518225284,-0.024419610214316823,-0.4047703652501174
8476469,Joel Armia,MTL,F,20222023,643.4333333333333,0.4624505928853755,0.45942028985507244,0.4728366930171278,0.008774523043354854,0.0008906075947782598
8479543,Michael Pezzetta,MTL,F,20222023,588.1666666666666,0.45634920634920634,0.4367816091954023,0.4523780377668309,-0.00462422321026712,-0.004945796749671516
8480845,Rasmus Kupari,LAK,F,20222023,666.2666666666667,0.6245733788395904,0.5235602094240838,0.47905014116469813,-0.017625111584636644,-1.6209535334422347
8475625,Matt Irwin,WSH,D,20222023,797.9166666666666,0.384180790960452,0.4902962206332993,0.5316784240231298,0.0015434024083990638,1.748195265266147
8482055,Drew O'Connor,PIT,F,20222023,451.51666666666665,0.3111111111111111,0.5214521452145214,0.5889421452145214,0.021310935557825483,1.4749889342892462
8479580,Dylan Gambrell,OTT,F,20222023,683.3333333333334,0.3023255813953488,0.4563662374821173,0.5269953072495591,-0.04041718776661557,-0.7380493592612999
8480008,Adam Ruzicka,CGY,F,20222023,509.8333333333333,0.5306859205776173,0.5669565217391305,0.5559924423167478,-0.00441145005835597,0.8949690924256537
8478451,Ethan Bear,VAN,D,20222023,1130.15,0.5136054421768708,0.5007739938080495,0.4959127693182536,0.02300701569831609,0.593383994481005
8480995,Pontus Holmberg,TOR,F,20222023,385.53333333333336,0.5492957746478874,0.497737556561086,0.4801241762793958,-0.02547823293088053,-2.5281542413799243
8476441,Joel Edmundson,MTL,D,20222023,1194.2666666666667,0.4742268041237113,0.43834586466165415,0.4475546275482521,-0.009374208261012928,-0.9300689648021773
8480913,Jordan Gross,NSH,D,20222023,281.7,0.6666666666666666,0.48169014084507045,0.42214014084507046,0.00031981718105306145,-1.994235516001975
8476873,Mark Jankowski,NSH,F,20222023,621.9833333333333,0.3107142857142857,0.4357142857142857,0.5033460714285715,-0.023149180752819853,0.1414148975050101
8478424,Jansen Harkins,WPG,F,20222023,239.15,0.34710743801652894,0.5418060200668896,0.5964345324635838,0.03337105972091925,2.321983115501413
8477947,Sonny Milano,WSH,F,20222023,826.05,0.5810185185185185,0.4938154138915319,0.4648674972248652,-0.0006305273520516019,-0.4973260615661922
8480043,Timothy Liljegren,TOR,D,20222023,1199.8666666666666,0.5233333333333333,0.5189445196211097,0.5106075196211096,0.0002945556074158695,-0.21727962391474262
8478512,Austin Czarnik,DET,F,20222023,324.0,0.5194805194805194,0.4689119170984456,0.461951527488056,0.004943591824171534,0.12325334142780962
8478502,Dennis Gilbert,CGY,D,20222023,270.0,0.6349206349206349,0.5683890577507599,0.520181914893617,-0.005673671563733218,-0.17875152885581214
8480879,Jacob Bernard-Docker,OTT,D,20222023,304.31666666666666,0.5078534031413613,0.5163551401869159,0.5135491192445075,-0.002835159838926571,-0.21999240421485847
8480835,Jack Drury,CAR,F,20222023,409.8333333333333,0.5879629629629629,0.6339622641509434,0.6025330974842767,0.02718239710135617,1.736110824576045
8480823,Alexander Alexeyev,WSH,D,20222023,526.5333333333333,0.35537190082644626,0.46676737160120846,0.5184429914359192,-0.02278260456111214,1.1002651976544842
8479325,Charlie McAvoy,BOS,D,20222023,1496.1666666666667,0.5672955974842767,0.5464414957780458,0.5223967787969137,0.02038314277104647,0.03140546695273494
8477406,Mattias Janmark,EDM,F,20222023,967.8166666666667,0.44421487603305787,0.48452611218568664,0.504458136979075,-0.025586416198235817,-0.9414521389683265
8480205,Emil Bemstrom,CBJ,F,20222023,669.3,0.5504322766570605,0.47244094488188976,0.45442149243232205,0.02600189160540317,0.7150756990534014
8481013,Jonatan Berggren,DET,F,20222023,901.8,0.4945652173913043,0.502053388090349,0.503995235916436,0.04253797172226481,1.6310240292583538
8481543,Nikita Alexandrov,STL,F,20222023,274.76666666666665,0.6521739130434783,0.49096385542168675,0.43659211629125194,0.02577042258266099,-1.4978038632428867
8480011,Klim Kostin,EDM,F,20222023,573.3833333333333,0.4709480122324159,0.47928176795580113,0.48966204318515894,-0.031385624086414265,-1.2569270160331623
8481161,Jake Christiansen,CBJ,D,20222023,365.31666666666666,0.6019900497512438,0.461864406779661,0.4254233620035416,0.017128246220959098,-0.8045097452859776
8483620,Marcus Bjork,CBJ,D,20222023,599.0333333333333,0.4201954397394137,0.4453227931488801,0.47383696252998764,0.0004363514088380205,0.7417131975243604
8481704,Juuso Parssinen,NSH,F,20222023,645.0,0.4674329501915709,0.483695652173913,0.49533185907046473,0.0037203958916811053,0.30726155299442176
8477460,Laurent Dauphin,UTA,F,20222023,219.65,0.4811320754716981,0.4666666666666667,0.47340817610062896,0.032788995345912175,0.9322021713961908
8479591,Michael Eyssimont,SJS,F,20222023,661.7,0.4877384196185286,0.5412541254125413,0.545635188082841,0.04196478966245565,2.0928432779545294
8477971,Andreas Englund,COL,D,20222023,569.2333333333333,0.2814070351758794,0.4743202416918429,0.5524235080235012,-0.008755548215021891,2.1473268809287047
8476927,Teddy Blueger,PIT,F,20222023,813.3166666666667,0.1908831908831909,0.4786418400876232,0.5890892759850591,-0.0029631892020459127,2.015651655427982
8478013,Jake Walman,DET,D,20222023,1243.0666666666666,0.4407079646017699,0.5033407572383074,0.524525801486095,0.04288826157716075,1.6334917023699547
8475842,Sam Carrick,ANA,F,20222023,549.4,0.3190883190883191,0.3766404199475066,0.4412801635372502,-0.020025807632752857,-0.5286195180283143
8482824,Nick Cicek,SJS,D,20222023,230.66666666666666,0.37383177570093457,0.42391304347826086,0.46899295002031693,-0.04940429461739526,-1.0109173625371688
8481006,Tyler Tucker,STL,D,20222023,380.68333333333334,0.5776699029126213,0.509009009009009,0.4812575526983294,0.04519706364528625,1.574272514538581
8477887,Patrick Brown,PHI,F,20222023,695.15,0.3088235294117647,0.4911392405063291,0.5594465934475056,0.009841953457613573,2.3919209781589768
8480070,Ian Mitchell,CHI,D,20222023,554.4166666666666,0.576271186440678,0.4115107913669065,0.38425909645165224,-0.03590884739803091,-3.3304932098783624
8476875,Mike Matheson,MTL,D,20222023,1173.7166666666667,0.4698544698544699,0.46266094420600856,0.47343194212700646,0.016855720916876538,0.7604456479220795
8474567,Zach Bogosian,TBL,D,20222023,690.2833333333333,0.5133333333333333,0.4947033898305085,0.4899393898305085,-0.021074666816956023,-0.6749377145868659
8479345,Jakob Chychrun,UTA,D,20222023,1089.7833333333333,0.5299295774647887,0.5067945643485212,0.4961007263203522,0.022789391814501847,0.04274471303747272
8481601,Simon Holmstrom,NYI,F,20222023,554.8666666666667,0.5234657039711191,0.5040431266846361,0.4956588306557553,0.008657819011711754,0.3199698513884596
8481577,Philip Tomasino,NSH,F,20222023,483.4166666666667,0.5409090909090909,0.44483985765124556,0.43022303946942736,-0.02839680051479382,-0.7643810630762173
8478438,Tommy Novak,NSH,F,20222023,747.3166666666667,0.6373239436619719,0.47339246119733924,0.4243266161269167,-0.002849833253410816,-0.7406122928627931
8482146,Luke Evangelista,NSH,F,20222023,397.75,0.6962025316455697,0.44954128440366975,0.3794381198467077,-0.020720960371271024,-1.597576014192398
8481598,Philip Broberg,EDM,D,20222023,580.25,0.5602409638554217,0.5682819383259912,0.546757841940449,0.042344165620584184,1.3405452177929282
8481072,Tim Berni,CBJ,D,20222023,1000.9,0.43636363636363634,0.45926459985580387,0.4820018725830766,0.025937621545588374,1.5815704892683662
8480893,Kirill Marchenko,CBJ,F,20222023,955.8,0.5140562248995983,0.4733893557422969,0.4683670665856704,0.02351496911086781,1.1385008643237684
8480001,Urho Vaakanainen,ANA,D,20222023,378.53333333333336,0.45410628019323673,0.4349442379182156,0.45134206400517213,0.02019448816852465,1.381327223047102
8478519,Anthony Cirelli,TBL,F,20222023,962.8,0.4291497975708502,0.4973404255319149,0.5226552028598501,-0.0048206616326337826,0.22562085288990816
8482624,Daniil Miromanov,VGK,D,20222023,238.48333333333332,0.5344827586206896,0.4690909090909091,0.4567702194357367,-0.026274292331165072,-1.719478665471416
8477392,Hudson Fasching,NYI,F,20222023,611.65,0.4117647058823529,0.5012820512820513,0.5328085218702866,0.01939367025784816,0.5438161639491896
8482117,Lukas Reichel,CHI,F,20222023,376.43333333333334,0.514792899408284,0.42857142857142855,0.42328592561284867,-0.012658393486848385,-1.2049491229981049
8476919,Chris Tierney,MTL,F,20222023,391.78333333333336,0.45614035087719296,0.4462242562929062,0.46189530892448516,-0.013406601634944892,0.05574854473804648
8476779,Brad Hunt,COL,D,20222023,527.75,0.4930875576036866,0.5180722891566265,0.5205421048248293,0.01707651614229433,0.08630285546796593
8481546,Cam York,PHI,D,20222023,1060.8666666666666,0.5137254901960784,0.5020850708924104,0.4971809532453516,0.013527751983854641,0.6798295727824181
8479315,Joey Anderson,CHI,F,20222023,444.5,0.45539906103286387,0.5364891518737672,0.5524250673667249,0.06903308313061163,1.2428836595530426
8475857,Kevin Gravel,NSH,D,20222023,328.18333333333334,0.47540983606557374,0.42462311557788945,0.43340918115165994,-0.04262646645691054,-2.0112709423168855
8478831,Kevin Stenlund,WPG,F,20222023,628.8333333333334,0.2777777777777778,0.5131375579598145,0.5925375579598146,0.015985366651749655,2.999443797561809
8477433,Ben Harpur,NYR,D,20222023,590.6833333333333,0.527972027972028,0.44,0.4300055944055944,-0.04762650179672584,-1.5377478535446827
8478967,Lane Pederson,CBJ,F,20222023,322.01666666666665,0.47058823529411764,0.44036697247706424,0.45087579600647604,-0.015620297189940069,-0.6396103687896264
8482192,Isaak Phillips,CHI,D,20222023,247.36666666666667,0.4351851851851852,0.4166666666666667,0.439825,-0.022242794538266664,-0.7876437399520371
8477952,Robby Fabbri,DET,F,20222023,448.65,0.35751295336787564,0.3739130434782609,0.4248236652399189,-0.08740664627053796,-2.8456180619553795
8478178,Darren Raddysh,TBL,D,20222023,280.75,0.6232876712328768,0.522911051212938,0.47886036628143114,0.005947828584920711,-0.22716056955225447
8481604,Pavel Dorofeyev,VGK,F,20222023,256.15,0.48854961832061067,0.46048109965635736,0.4645723210304032,-0.02970469657738406,-1.5572643552086696
8478028,Fredrik Olofsson,DAL,F,20222023,285.75,0.3860759493670886,0.5412087912087912,0.5819138544999304,0.04196064666374433,2.06026974469448
8482111,Justin Barron,MTL,D,20222023,636.9666666666667,0.6039603960396039,0.446693657219973,0.4095486077150225,-0.0047291940669566546,-1.755128357500582
8478017,Mark Friedman,PIT,D,20222023,332.35,0.5328947368421053,0.5431235431235432,0.5313702536498589,0.024993520357736942,0.3793163037176083
8473563,Nicklas Backstrom,WSH,F,20222023,658.25,0.5031847133757962,0.47291361639824303,0.47177571830907106,-0.023102803846135223,0.23162181006945678
8476880,Tom Wilson,WSH,F,20222023,582.2833333333333,0.5752895752895753,0.47962382445141066,0.4527228592004454,-0.016494232871284653,-0.10692110469409492
8482652,Walker Duehr,CGY,F,20222023,275.3,0.6068965517241379,0.5521126760563381,0.5139185381253036,-0.017388373407103974,-1.4006652421031005
8479576,Vincent Desharnais,EDM,D,20222023,487.65,0.49416342412451364,0.5363636363636364,0.5384490449239476,0.020827618820842497,0.6686504447254998
8481058,Jesse Ylonen,MTL,F,20222023,497.53333333333336,0.4870689655172414,0.44760213143872113,0.4522223900594108,0.0030632284752246663,0.15146915295131774
8481093,Rafael Harvey-Pinard,MTL,F,20222023,585.8,0.5100401606425703,0.44741235392320533,0.44382500452561496,0.0013320106639235219,-0.8622715572796009
8481592,Jakob Pelletier,CGY,F,20222023,340.43333333333334,0.659217877094972,0.6206896551724138,0.5638011076863803,0.04350809854030535,1.6939423483938891
8475968,Alex Belzile,MTL,F,20222023,376.15,0.40764331210191085,0.42093023255813955,0.4539292771441268,-0.01610781160912811,0.39841961815576293
8481541,Samuel Bolduc,NYI,D,20222023,244.83333333333334,0.648854961832061,0.5138461538461538,0.4606602759835584,0.01290617459992549,-1.896245460189848
8482092,Ridly Greig,OTT,F,20222023,258.03333333333336,0.5424836601307189,0.5526315789473685,0.5374521671826626,0.03584788341632583,0.94300330011158
8476858,Phillip Di Giuseppe,VAN,F,20222023,437.1333333333333,0.44,0.5296610169491526,0.5510990169491525,0.0493294475024989,2.1962004780870754
8481599,Victor Soderstrom,UTA,D,20222023,485.15,0.5221674876847291,0.46859903381642515,0.4606785904666714,0.01937364576176359,-0.49462940655034343
8480252,Cole Guttman,CHI,F,20222023,203.85,0.4636363636363636,0.4489795918367347,0.46197231910946196,0.0031256653460608463,0.7891023624296054
8478846,Christian Wolanin,VAN,D,20222023,252.1,0.6495726495726496,0.5159235668789809,0.4624812591866732,0.02065076697026369,-1.0757152282030358
8474618,Marco Scandella,STL,D,20222023,356.7,0.23076923076923078,0.3957345971563981,0.4919307510025519,-0.052308154254796624,1.2345860437740244
8477407,Anthony Duclair,FLA,F,20222023,297.03333333333336,0.5411764705882353,0.4822222222222222,0.46750986928104576,-0.056143345783248366,-3.1069443774712946
8475163,Alex Chiasson,DET,F,20222023,241.45,0.47959183673469385,0.45933014354066987,0.4666219802753638,-0.004935840823458826,0.3810592652784746
8474151,Ryan McDonagh,NSH,D,20232024,1614.6666666666667,0.5647208121827412,0.5303750660327522,0.5072503198398588,0.012200378890252606,-0.5816176113448872
8475158,Ryan O'Reilly,NSH,F,20232024,1621.65,0.607095926412615,0.5318761384335154,0.4936107639262881,0.0076538388624989295,-0.01730735443531153
8475167,Victor Hedman,TBL,D,20232024,1942.3166666666666,0.5865724381625441,0.5103857566765578,0.4794534245210808,0.004469610326506945,-0.7779402497365308
8476887,Filip Forsberg,NSH,F,20232024,1553.1833333333334,0.6105527638190955,0.5368063420158551,0.49730583950329227,0.012939712468524656,0.4076601017047285
8477353,Tyler Motte,TBL,F,20232024,858.9166666666666,0.40445859872611467,0.5023310023310024,0.5364679450061616,0.02367516665274838,0.5306156068379215
8478519,Anthony Cirelli,TBL,F,20232024,1465.65,0.42615384615384616,0.5205941931127617,0.5469794238819924,0.021795151397102863,1.007339564140097
8478851,Alexandre Carrier,NSH,D,20232024,1373.5333333333333,0.39087947882736157,0.5173940543959519,0.5563828166109356,0.006958991589030794,0.7391024836156248
8479542,Brandon Hagel,TBL,F,20232024,1580.0333333333333,0.509375,0.5306603773584906,0.5273106898584906,0.028717287573094663,0.4993866743944651
8480246,Nick Perbix,TBL,D,20232024,1325.3,0.4955223880597015,0.5110974106041923,0.512697261350461,0.01267998310800239,0.6693577843884135
8481704,Juuso Parssinen,NSH,F,20232024,643.75,0.487012987012987,0.4565499351491569,0.46119019488941665,-0.05969871349454248,-1.802386621082395
8474600,Roman Josi,NSH,D,20232024,2019.75,0.6325536062378168,0.5399239543726235,0.4925625508638516,0.01747139949625376,0.08771700628516932
8474568,Luke Schenn,NSH,D,20232024,959.1833333333333,0.5414012738853503,0.520259319286872,0.5054666441276363,0.0004928471929965816,-0.33945101629495406
8482062,Cole Smith,NSH,F,20232024,1096.45,0.36796536796536794,0.4934640522875817,0.5406400263135558,-0.014263957845447428,-0.4110445090841559
8476453,Nikita Kucherov,TBL,F,20232024,1759.0833333333333,0.6340136054421769,0.5329896907216495,0.48510662949715966,0.02508665624022477,0.09317220838240452
8478508,Yakov Trenin,NSH,F,20232024,1109.1666666666667,0.34530938123752497,0.507213363705391,0.5624843217892234,0.0029034401327986403,0.9149160977209658
8474564,Steven Stamkos,TBL,F,20232024,1440.05,0.545045045045045,0.49561699258260283,0.4795223979880082,-0.014057540039688121,-0.15701388248680098
8476925,Colton Sissons,NSH,F,20232024,1345.05,0.36938435940099834,0.5021676300578035,0.5488365984438268,-0.005521570125045283,0.7110049503365463
8478178,Darren Raddysh,TBL,D,20232024,1572.95,0.5628491620111732,0.5101214574898786,0.4876654519032864,0.00733145094108234,-0.20108444222841038
8478010,Brayden Point,TBL,F,20232024,1624.25,0.623229461756374,0.5175879396984925,0.4735580530129401,0.006582407437653703,-0.193914782222173
8479410,Mikhail Sergachev,TBL,D,20232024,769.45,0.5292397660818714,0.49570552147239266,0.48525815305134,-0.0035751886891606244,-0.364733562157901
8475197,Tyson Barrie,NSH,D,20232024,751.2,0.5352941176470588,0.452914798206278,0.4403042099709839,-0.06737861630133374,-1.6416093506972125
8478468,Jeremy Lauzon,NSH,D,20232024,1472.9333333333334,0.3712121212121212,0.5075231481481481,0.5535390572390573,-0.001045451999742042,0.6457060868416591
8479996,Cody Glass,NSH,F,20232024,550.7166666666667,0.5072463768115942,0.481089258698941,0.4785001282641584,-0.035619621695279324,-1.1098926356632155
8474679,Gustav Nyquist,NSH,F,20232024,1440.65,0.6169630642954856,0.5223880597014925,0.48059715682871545,-0.004424920346510097,-0.2935131459387748
8475177,Calvin de Haan,TBL,D,20232024,980.9,0.3973684210526316,0.5176579925650557,0.5543282557229505,0.026457635845968663,2.4799417674665225
8476822,Luke Glendening,TBL,F,20232024,940.9333333333333,0.3254437869822485,0.40476190476190477,0.4671308396731474,-0.08246401445776297,-1.9984841259223434
8478416,Erik Cernak,TBL,D,20232024,1329.9166666666667,0.4125560538116592,0.47075208913649025,0.5019958111095844,-0.022309342180460157,-1.089266062480357
8479661,Tanner Jeannot,TBL,F,20232024,661.0,0.4098360655737705,0.5025510204081632,0.534766594178655,0.014812078137145246,1.7418755036066362
8480748,Kiefer Sherwood,NSH,F,20232024,833.5,0.45454545454545453,0.5240641711229946,0.5403050802139038,0.012064503259479276,0.17171364337433617
8481577,Philip Tomasino,NSH,F,20232024,515.5333333333333,0.4637096774193548,0.5078125,0.5207790322580645,-0.000276649274360774,0.9991934197912372
8477839,Conor Sheary,TBL,F,20232024,634.65,0.49230769230769234,0.4973045822102426,0.5000530437487041,0.003186338142835754,-0.1289258144839236
8478438,Tommy Novak,NSH,F,20232024,1012.1333333333333,0.7167070217917676,0.5555555555555556,0.478126136669357,0.025311654622155677,-0.4184407970172593
8477426,Nick Paul,TBL,F,20232024,1415.7666666666667,0.46050420168067224,0.5042194092827004,0.5183312580221962,0.002971022073510632,0.829562919276201
8479591,Michael Eyssimont,TBL,F,20232024,963.9,0.44026548672566373,0.5124099279423538,0.5337530695352742,0.020116180582937515,1.022207573718044
8482146,Luke Evangelista,NSH,F,20232024,1117.5166666666667,0.6555323590814196,0.5531914893617021,0.49761977746191094,0.02578019239530105,-0.015435746852298735
8471675,Sidney Crosby,PIT,F,20232024,1648.3333333333333,0.6319290465631929,0.5397509578544061,0.49261270951737723,0.017185351566832097,0.496249893994102
8471724,Kris Letang,PIT,D,20232024,2035.2666666666667,0.5192850423330198,0.5010300782859497,0.49413953266036176,-0.005934967871604746,-1.145396390885749
8475810,Bryan Rust,PIT,F,20232024,1220.4166666666667,0.5878489326765188,0.5291039895356442,0.497715565890324,0.01018017849922015,0.2486766798164152
8477404,Jake Guentzel,PIT,F,20232024,1345.4666666666667,0.6424501424501424,0.5538461538461539,0.502948717948718,0.019140260341608095,0.5928608088050299
8477435,Ryan Graves,PIT,D,20232024,1294.55,0.4145234493192133,0.4903677758318739,0.5209085473901189,-0.008412426801711392,-0.19657208297609802
8477495,Seth Jones,CHI,D,20232024,1709.3333333333333,0.5060386473429952,0.45994236311239195,0.45778475441673977,0.02579233866080094,0.18203522904123
8477987,Ryan Donato,CHI,F,20232024,1094.6333333333334,0.45662100456621,0.44684129429892144,0.4623406093674146,0.017313370282609486,1.155670888280265
8481568,Alex Vlasic,CHI,D,20232024,1635.4333333333334,0.4429378531073446,0.448,0.46838830508474577,0.012400468304703871,0.3549480564570723
8484144,Connor Bedard,CHI,F,20232024,1347.6,0.5897832817337462,0.4202412868632708,0.3881617202998033,-0.012941518892386594,-1.0408139544434503
8476473,Connor Murphy,CHI,D,20232024,913.9833333333333,0.4402035623409669,0.4606741573033708,0.4820394244789433,0.03196371902198586,1.5075165814361087
8483466,Kevin Korchinski,CHI,D,20232024,1494.5833333333333,0.6097560975609756,0.43349231584525705,0.39427646218672047,-0.0007799130599461246,-1.0811431748183484
8474578,Erik Karlsson,PIT,D,20232024,1997.8833333333334,0.5391221374045801,0.5330955212049148,0.5191171815102583,0.021403449055116264,1.187045540433545
8477969,Marcus Pettersson,PIT,D,20232024,1869.65,0.4896957801766438,0.5196160267111853,0.5232977244540705,0.012727448781036599,0.3309113649168883
8482117,Lukas Reichel,CHI,F,20232024,918.8333333333334,0.5336225596529284,0.41080617495711835,0.39879283439312707,-0.017367323745706986,-0.9173876429971168
8471215,Evgeni Malkin,PIT,F,20232024,1527.9666666666667,0.6287625418060201,0.5078717201166181,0.4618648639293271,-0.008371741638523611,-1.3802454407962197
8475191,Reilly Smith,PIT,F,20232024,1231.45,0.5107084019769358,0.5037237643872715,0.4998976523609123,-0.0016215592053742123,-0.5770575180803648
8479390,Taylor Raddysh,CHI,F,20232024,1160.45,0.4949290060851927,0.4443579766536965,0.44616984277945715,0.01864085792579545,0.38585203479507435
8474870,Tyler Johnson,CHI,F,20232024,1041.5,0.46496815286624205,0.4065180102915952,0.4190348892724869,-0.023214156021931498,0.0009240894328766829
8476483,Rickard Rakell,PIT,F,20232024,1160.1833333333334,0.6923076923076923,0.5241477272727273,0.45543618881118886,0.003883971469037517,-1.423022330832278
8470604,Jeff Carter,PIT,F,20232024,905.0833333333334,0.14978902953586498,0.4488697524219591,0.5740001321687945,-0.027858046303433803,1.002593723722746
8476442,Matt Nieto,PIT,F,20232024,255.45,0.1693548387096774,0.42905405405405406,0.5471935701830863,-0.034404353653087305,-1.9921277768353316
8478569,Noel Acciari,PIT,F,20232024,715.8333333333334,0.14385150812064965,0.42398022249690975,0.5512320786454017,-0.049488153512435296,-0.7741678977041715
8477450,Jason Dickinson,CHI,F,20232024,1359.6333333333334,0.38354037267080743,0.45488441461595824,0.49649543946067876,0.021136482009319224,0.479880694206371
8470621,Corey Perry,EDM,F,20232024,723.9833333333333,0.5260115606936416,0.49017199017199015,0.480878059536152,-0.01696690176614868,-0.6641015820991885
8473422,Nick Foligno,CHI,F,20232024,1317.9666666666667,0.46864686468646866,0.4356206630686199,0.4468231383161447,0.007106296613947738,0.49995584164742635
8475797,Jarred Tinordi,CHI,D,20232024,813.5833333333334,0.2914285714285714,0.392,0.46652257142857145,-0.03208113630937026,1.0656736482253322
8482176,Wyatt Kaiser,CHI,D,20232024,554.0166666666667,0.5,0.42835820895522386,0.42835820895522386,0.00030893448120955513,-0.21489976574487402
8474189,Lars Eller,PIT,F,20232024,1315.85,0.2626728110599078,0.5091441111923921,0.5939411158006871,0.01700821037545297,2.3053667377096914
8478424,Jansen Harkins,PIT,F,20232024,373.6,0.15942028985507245,0.482,0.6036891304347826,0.01422524945489917,2.474540766958982
8482055,Drew O'Connor,PIT,F,20232024,1246.6666666666667,0.4956369982547993,0.5093283582089553,0.5108872587325155,0.004835821608946356,-0.5511399320868928
8479383,Boris Katchouk,CHI,F,20232024,677.35,0.46601941747572817,0.4745762711864407,0.486717533322363,0.02004232336594458,0.674832496036704
8477244,Chad Ruhwedel,PIT,D,20232024,666.05,0.2704626334519573,0.4685792349726776,0.5505929360402932,-0.014215118979410635,0.28982442387033497
8480058,Pierre-Olivier Joseph,PIT,D,20232024,786.1333333333333,0.46859903381642515,0.48438893844781444,0.49560850366520576,-0.018942173895350134,-1.3122541285253606
8476960,Andreas Athanasiou,CHI,F,20232024,367.6166666666667,0.4888888888888889,0.3890020366598778,0.39297203665987784,-0.03911529228387195,-1.0067267998849387
8480252,Cole Guttman,CHI,F,20232024,340.73333333333335,0.4866666666666667,0.42857142857142855,0.43333542857142854,0.0015155765299099122,0.6649477055769506
8474565,Alex Pietrangelo,VGK,D,20232024,1510.7333333333333,0.5419532324621733,0.5009009009009009,0.4859110109421664,0.010107839795136409,-0.013447387605054907
8476467,Jamie Oleksiak,SEA,D,20232024,1614.1666666666667,0.3461077844311377,0.48808290155440415,0.5430685901771587,0.004051982409615962,1.0531877943304522
8476826,Yanni Gourde,SEA,F,20232024,1396.8166666666666,0.49133858267716535,0.5052878965922444,0.5083826210016932,0.013107710865038869,0.15066652259807128
8477416,Oliver Bjorkstrand,SEA,F,20232024,1331.0,0.5254515599343186,0.5123652504755866,0.5032714081110545,0.016823366457611177,0.6865560958429481
8477478,William Carrier,VGK,F,20232024,435.6666666666667,0.4557522123893805,0.5523349436392915,0.5681446781525659,0.07004983349004384,2.765369040195279
8478434,Keegan Kolesar,VGK,F,20232024,858.55,0.325,0.4597069597069597,0.5222344597069597,-0.023459450595897657,0.5049157775910953
8478462,Nicolas Roy,VGK,F,20232024,1085.1,0.43507972665148065,0.4973404255319149,0.5205364391993409,0.009776867758311603,0.8643967921289757
8478840,Will Borgen,SEA,D,20232024,1442.2,0.3485221674876847,0.4783769353977576,0.5324999649544079,-0.00912037554430195,1.1515299808857409
8479980,Nicolas Hague,VGK,D,20232024,1354.6833333333334,0.46656760772659733,0.47802850356294535,0.4899738973222321,-0.011798898459405405,-0.2905665175215607
8480009,Eeli Tolvanen,SEA,F,20232024,1269.2833333333333,0.5100671140939598,0.4883720930232558,0.48477511315748395,-0.010508980585282823,-0.014582301912618171
8476539,Jonathan Marchessault,VGK,F,20232024,1468.4333333333334,0.5834464043419267,0.5125944584382871,0.4827790581669167,0.012544017048541745,0.35812405010712
8476457,Adam Larsson,SEA,D,20232024,1859.4333333333334,0.6019210245464247,0.48007501172058137,0.4436586296501438,-0.017415112493157026,-2.224556224915057
8477955,Jared McCann,SEA,F,20232024,1343.8,0.5137318255250404,0.49706314243759175,0.49215676117749485,0.0002604463063800577,-0.03840659075404118
8477964,Ivan Barbashev,VGK,F,20232024,1324.0666666666666,0.5720524017467249,0.4885954381752701,0.4628511150311653,-0.013557673700958284,-0.4572228858544839
8478403,Jack Eichel,VGK,F,20232024,1295.0,0.6108108108108108,0.5243600330305532,0.4847673303278505,0.02389958214059662,0.4300390415049401
8478407,Vince Dunn,SEA,D,20232024,1364.8333333333333,0.596045197740113,0.48914354644149577,0.4548265972889534,-0.006889840075065656,-1.1025678149827534
8474586,Jordan Eberle,SEA,F,20232024,1362.4666666666667,0.5257142857142857,0.5207253886010362,0.5115376743153219,0.026759936164453157,1.061977482125988
8475188,Brayden McNabb,VGK,D,20232024,1589.0333333333333,0.517814726840855,0.5036344755970924,0.49726927369685486,0.005721257092202836,0.02810629558388722
8475913,Mark Stone,VGK,F,20232024,1086.8,0.5596868884540117,0.4878487848784879,0.46652265963386946,-0.0066878427825916575,-0.4736463907451953
8476905,Chandler Stephenson,VGK,F,20232024,1389.0166666666667,0.562942008486563,0.47191780821917806,0.4494286285869291,-0.023906054095102103,-1.7957274058770107
8477447,Shea Theodore,VGK,D,20232024,1038.7666666666667,0.578397212543554,0.5278688524590164,0.49985752841720454,0.026391302380158743,0.516165439528158
8479353,Brett Howden,VGK,F,20232024,958.0333333333333,0.45905172413793105,0.4539249146757679,0.4685557336412851,-0.03249476118044037,-1.8281507456366346
8482665,Matty Beniers,SEA,F,20232024,1387.5166666666667,0.5174418604651163,0.4820478723404255,0.47581589559623944,-0.017344122417088548,-0.5217379094067486
8475768,Jaden Schwartz,SEA,F,20232024,1014.4666666666667,0.5028462998102466,0.5048975957257347,0.5038806128035336,0.010328860958906394,0.7245359803130891
8477444,Andre Burakovsky,SEA,F,20232024,713.6833333333333,0.5227963525835866,0.48477466504263095,0.47662952826451543,-0.013373319655972216,-0.9904637445590923
8474602,Justin Schultz,SEA,D,20232024,1153.1166666666666,0.5846153846153846,0.5244865718799369,0.49425349495685994,0.019448399953477025,0.9715712503950613
8475208,Brian Dumoulin,SEA,D,20232024,1361.25,0.5695266272189349,0.5319548872180451,0.5071130233127197,0.03205061231074513,0.6695672360731614
8477505,Alexander Wennberg,SEA,F,20232024,1423.3666666666666,0.45165945165945165,0.4882058613295211,0.505477939251599,-0.003520139058445615,0.06913877528708016
8477018,Ben Hutton,VGK,D,20232024,669.45,0.6269592476489029,0.5124069478908189,0.4670444087058659,0.015032346207024205,-0.29815325157425415
8479293,Brandon Tanev,SEA,F,20232024,965.25,0.4777327935222672,0.4528112449799197,0.4607673178544136,-0.04132664241161099,-2.7427280984678646
8481167,Brayden Pachal,CGY,D,20232024,737.0833333333334,0.49230769230769234,0.46045503791982667,0.4632034994582882,-0.040813332633559074,-0.7807381525916027
8477930,Pierre-Edouard Bellemare,SEA,F,20232024,394.05,0.4066666666666667,0.53125,0.564598,0.040196196282319296,2.9518499708979538
8478020,Michael Amadio,VGK,F,20232024,979.4666666666667,0.5101214574898786,0.49919871794871795,0.49558232118758433,0.0058798873516627825,-0.023606641890470716
8479977,Kailer Yamamoto,SEA,F,20232024,708.3166666666667,0.546875,0.5294117647058824,0.5126633272058824,0.033103387943926865,1.8673176177395343
8481032,Paul Cotter,VGK,F,20232024,969.4166666666666,0.47309833024118736,0.47878787878787876,0.48839984539270254,-0.011839448013844844,-0.14956099681691165
8476448,William Karlsson,VGK,F,20232024,1232.8333333333333,0.5092250922509225,0.532634971796938,0.5293388463356834,0.03665935156419897,1.8558413314941162
8473512,Claude Giroux,OTT,F,20232024,1655.4333333333334,0.5075445816186557,0.5484247374562428,0.5457290584438971,0.03288875368652089,0.9933732751691973
8473533,Jordan Staal,CAR,F,20232024,1236.3166666666666,0.43661971830985913,0.6240057845263919,0.6466515591742792,0.037535905867340125,1.3993727898893236
8475855,Jesper Fast,CAR,F,20232024,921.7666666666667,0.5178907721280602,0.6191732629727352,0.6127808900913793,0.02855931094292985,0.42427117965592903
8476869,Brady Skjei,CAR,D,20232024,1703.7666666666667,0.5410733844468785,0.5672981056829511,0.5526225854200815,-0.017290876418475043,-0.7834883659562771
8476921,Jordan Martinook,CAR,F,20232024,1203.5,0.4535367545076283,0.6073871409028728,0.6239884585172972,0.016443986447798098,0.7780548983955112
8477488,Brett Pesce,CAR,D,20232024,1421.2833333333333,0.5534591194968553,0.5766590389016019,0.5575580955053755,-0.007618844052397877,-1.0537293651053679
8478469,Thomas Chabot,OTT,D,20232024,1177.4833333333333,0.5906642728904847,0.5332850940665702,0.5008907493628,0.017089467151199744,0.0002479776219097994
8479345,Jakob Chychrun,OTT,D,20232024,1839.8666666666666,0.5338512763596004,0.5102678571428572,0.49817279609957194,0.00012714079238029807,0.16238458653345952
8480801,Brady Tkachuk,OTT,F,20232024,1557.2,0.5312084993359893,0.5632911392405063,0.5521403424277573,0.04501216921011286,1.5973579778789795
8482116,Tim Stützle,OTT,F,20232024,1587.0666666666666,0.5074850299401198,0.5224304372515616,0.5197560360539568,0.0049884836221462114,0.3344265901252353
8480208,Drake Batherson,OTT,F,20232024,1494.3333333333333,0.5718432510885341,0.5060588574725908,0.4803892638586576,-0.016001757077055756,-0.9024622095864043
8478472,Mathieu Joseph,OTT,F,20232024,1187.7333333333333,0.5027223230490018,0.4973221117061974,0.49634942568078905,-0.015172944165916524,-0.9606747778152173
8470613,Brent Burns,CAR,D,20232024,1770.4833333333333,0.5228365384615384,0.5827746260959258,0.5746151309036182,-0.0009859047135323262,0.18630855530092194
8475765,Vladimir Tarasenko,OTT,F,20232024,1198.6,0.5320197044334976,0.49624060150375937,0.4847999611096707,-0.02330138124755976,-0.9227074473238653
8476882,Teuvo Teravainen,CAR,F,20232024,1249.3,0.5695142378559463,0.579102281089036,0.5542648439031064,-0.0017189402146229327,-0.020227033584438874
8476958,Jaccob Slavin,CAR,D,20232024,1700.0833333333333,0.5408515535097813,0.589066918001885,0.5744706579328401,0.0037697952848809724,-0.01645896467920528
8477330,Dominik Kubalik,OTT,F,20232024,897.3666666666667,0.5223880597014925,0.46124031007751937,0.4532410563461761,-0.046498522642272944,-1.1220983484341367
8478427,Sebastian Aho,CAR,F,20232024,1539.4833333333333,0.5991316931982634,0.5548667079975201,0.5194469540177806,-0.027804223672622252,-1.4452127761237576
8482092,Ridly Greig,OTT,F,20232024,1061.7,0.5077821011673151,0.5073770491803279,0.5045965044332462,-0.00037870437624876185,-0.22143329160481004
8482105,Jake Sanderson,OTT,D,20232024,1836.6166666666666,0.49934469200524245,0.5414870689655172,0.5417212105120441,0.026082006126404433,0.4856937006440288
8478970,Jalen Chatfield,CAR,D,20232024,1099.9166666666667,0.5966386554621849,0.6068620443173696,0.5723330527207309,0.01894943563580964,1.2112480245024297
8482093,Seth Jarvis,CAR,F,20232024,1520.7833333333333,0.5497896213183731,0.5773333333333334,0.5595435016362786,-0.0052362540236170485,-0.3595559811798112
8475200,Dmitry Orlov,CAR,D,20232024,1425.1333333333334,0.5946704067321178,0.5974842767295597,0.5636585404041741,0.008806728873338776,0.6711464869513651
8477950,Tony DeAngelo,CAR,D,20232024,448.05,0.5938864628820961,0.5511669658886894,0.5176213327009165,-0.03339180295652322,-0.4189353380286957
8480829,Jesperi Kotkaniemi,CAR,F,20232024,1027.2666666666667,0.6029411764705882,0.5896877269426289,0.5529068445896878,0.002988699592526012,0.7391128136353581
8482245,Artem Zub,OTT,D,20232024,1458.3333333333333,0.5036179450072359,0.5322486926205694,0.530956000869484,0.01360434384626874,0.07141068343885754
8480039,Martin Necas,CAR,F,20232024,1341.2166666666667,0.6044905008635578,0.5769682726204466,0.5396338166618974,-0.004624840773544858,0.2958995675949121
8478078,Rourke Chartier,OTT,F,20232024,398.93333333333334,0.47435897435897434,0.491566265060241,0.5007278035217795,-0.007358704287370066,0.608493060012673
8480448,Parker Kelly,OTT,F,20232024,940.2666666666667,0.49606299212598426,0.49896265560165975,0.5003693485150456,-0.004419440383423234,0.28958004888838035
8476474,Stefan Noesen,CAR,F,20232024,964.7833333333333,0.5988372093023255,0.6059285091543156,0.5706139742705947,0.019102520755648555,1.300250698364301
8478047,Michael Bunting,CAR,F,20232024,1275.3333333333333,0.6523972602739726,0.5448051948051948,0.49035365370930445,-0.024834907708791154,-1.0890268807517458
8480355,Mark Kastelic,OTT,F,20232024,486.6333333333333,0.5019157088122606,0.488,0.4873155172413793,-0.013211886118094707,0.46145866661496593
8474612,Travis Hamonic,OTT,D,20232024,709.0833333333334,0.5149253731343284,0.4439746300211416,0.43864179420024607,-0.06632859389193996,-1.8784609320555785
8480073,Erik Brannstrom,OTT,D,20232024,1262.65,0.5403087478559176,0.514,0.49959768439108065,0.0070795079479963885,0.1883403118349541
8480835,Jack Drury,CAR,F,20232024,915.1,0.6153846153846154,0.5959780621572212,0.554751139080298,0.007167704213719817,0.34146085274996896
8474673,TJ Brodie,TOR,D,20232024,1695.4333333333334,0.5017301038062284,0.5097276264591439,0.5091094603691785,-0.0005914797561710206,-0.3936606198776293
8475233,David Savard,MTL,D,20232024,1219.1,0.48562300319488816,0.44192439862542954,0.447061299583896,-0.01658960476011334,-1.7734533398528474
8476853,Morgan Rielly,TOR,D,20232024,1717.7,0.5544662309368191,0.5039643211100099,0.4845035367962844,-0.011293828511032666,-0.6649953817010854
8476875,Mike Matheson,MTL,D,20232024,2103.7833333333333,0.4230769230769231,0.448910411622276,0.4763950270068914,-0.011089240167226733,-0.5728158117990167
8476981,Josh Anderson,MTL,F,20232024,1208.3666666666666,0.40436241610738255,0.4383934649421375,0.4725647736669697,-0.017898733667268185,-0.5155862507609843
8477479,Tyler Bertuzzi,TOR,F,20232024,1287.1666666666667,0.5816485225505443,0.5360333531864205,0.5068603360791111,0.01692911848390799,0.017990545600004286
8478483,Mitch Marner,TOR,F,20232024,1471.1166666666666,0.5612582781456954,0.5368938861560084,0.5150063033745514,0.015787056605969463,0.2694470065829419
8479318,Auston Matthews,TOR,F,20232024,1702.2333333333333,0.5888738127544098,0.5585135884636716,0.526758975166521,0.0414641963516017,0.7485540119815921
8480018,Nick Suzuki,MTL,F,20232024,1752.1833333333334,0.5224274406332454,0.4966996699669967,0.4886863454287381,0.032949051821352715,0.4642711454934922
8481540,Cole Caufield,MTL,F,20232024,1595.7,0.5542691751085383,0.4843664289632474,0.4649760526969666,0.015662464817480903,-0.07773862638870424
8480192,Johnathan Kovacevic,MTL,D,20232024,1024.1333333333334,0.38496583143507973,0.48026315789473684,0.5213648663229828,0.024912644084669533,1.8210059006137147
8482087,Kaiden Guhle,MTL,D,20232024,1468.1,0.39648173207036536,0.46233467510063253,0.499321752231891,0.006186301214803569,0.3975404133322397
8476931,Jake McCabe,TOR,D,20232024,1508.3166666666666,0.46326836581709147,0.5156335710367526,0.5287577839303058,0.00535523808335725,0.3362350764664673
8475166,John Tavares,TOR,F,20232024,1430.85,0.5298295454545454,0.5170387779083431,0.506380681317434,-0.00106202416023371,0.48045864368850427
8475906,John Klingberg,TOR,D,20232024,287.71666666666664,0.6585365853658537,0.5238095238095238,0.4671644018583043,0.0030735955238541113,-0.9118849076789749
8477939,William Nylander,TOR,F,20232024,1636.4,0.5691056910569106,0.511744966442953,0.48705350302831885,-0.008748607974915612,-0.5495372286259292
8481618,Alex Newhook,MTL,F,20232024,932.0333333333333,0.4607594936708861,0.44271844660194176,0.45673907951333415,-0.026565165307496252,-0.5732395000312795
8477503,Max Domi,TOR,F,20232024,1106.45,0.6068052930056711,0.5065562456866805,0.46839471449575415,-0.013515849835904814,-1.3312395588503103
8483515,Juraj Slafkovský,MTL,F,20232024,1481.2833333333333,0.5352517985611511,0.4838892029395139,0.47129373531361457,0.01696238834588143,0.12779550652906055
8480887,Jordan Harris,MTL,D,20232024,979.4,0.45799457994579945,0.4850555081127242,0.5000640446980901,0.02845731833308779,1.530458685022664
8482964,Arber Xhekaj,MTL,D,20232024,701.4333333333333,0.5581395348837209,0.48997772828507796,0.46920447247112446,0.029670902773407115,0.3222725762581018
8470966,Mark Giordano,TOR,D,20232024,768.5,0.5502793296089385,0.5397170837867247,0.5217522793174509,0.026397403054083002,0.6574212554372828
8475714,Calle Jarnkrok,TOR,F,20232024,795.4666666666667,0.5246753246753246,0.5137211855104281,0.5049046920039346,-0.0010079421126657495,-0.05258186605518867
8480043,Timothy Liljegren,TOR,D,20232024,1085.0333333333333,0.5920138888888888,0.517115804806992,0.48423924230699206,0.0019437534398131229,-1.0183559193694836
8482720,Matthew Knies,TOR,F,20232024,1095.6,0.5207296849087893,0.49894142554693016,0.49153470912901975,-0.02053888074442395,-0.7611516889351356
8475848,Brendan Gallagher,MTL,F,20232024,1063.4333333333334,0.48091603053435117,0.4996237772761475,0.5064424795662238,0.045254875662420035,1.2892324377750837
8477497,Sean Monahan,MTL,F,20232024,1502.8833333333334,0.4325452016689847,0.4869960988296489,0.5110976982733206,0.008695521325583933,1.3153731294760798
8476871,Tanner Pearson,MTL,F,20232024,698.6833333333333,0.4158730158730159,0.452970297029703,0.4830288684582744,-0.0031048004454500844,-0.11907458620521713
8481058,Jesse Ylonen,MTL,F,20232024,608.4166666666666,0.35177865612648224,0.39858156028368796,0.45154104644969584,-0.04764140837604236,-0.8912227955683645
8471817,Ryan Reaves,TOR,F,20232024,398.45,0.44808743169398907,0.49075975359342916,0.5093081142491669,-0.005415574225110242,-0.6042166068161741
8480144,David Kampf,TOR,F,20232024,1055.3666666666666,0.28604651162790695,0.46964285714285714,0.546088438538206,-0.024113544232959472,0.47785387946806795
8481093,Rafael Harvey-Pinard,MTL,F,20232024,569.3666666666667,0.38425925925925924,0.43261231281198004,0.47396647947864673,-0.01906137487641396,-0.2903830547051248
8478133,Jake Evans,MTL,F,20232024,1314.3333333333333,0.33488372093023255,0.43543758967001434,0.49443363618164227,-0.012806851100559624,-0.3242344470783607
8479393,Noah Gregor,TOR,F,20232024,718.1333333333333,0.3,0.45056179775280897,0.522021797752809,-0.045796525653172215,0.03907874358953271
8476854,Hampus Lindholm,BOS,D,20232024,1702.7166666666667,0.4082125603864734,0.5021978021978022,0.5349934543717152,0.03592001292402536,1.1543191979849
8478443,Brandon Carlo,BOS,D,20232024,1517.6333333333334,0.2261904761904762,0.4298957126303592,0.527727855487502,-0.03437980455786305,0.7641633747336569
8480880,Jakub Lauko,BOS,F,20232024,589.25,0.2698412698412698,0.4494720965309201,0.5317078108166343,-0.008414843856748178,0.23880490179100072
8481556,John Beecher,BOS,F,20232024,553.7,0.14772727272727273,0.396709323583181,0.5225763690377265,-0.06114798400787691,-0.8365785246397404
8478498,Jake DeBrusk,BOS,F,20232024,1346.9333333333334,0.48200312989045385,0.48783783783783785,0.49426811952797867,0.014519174610169883,-0.2427376048117666
8473419,Brad Marchand,BOS,F,20232024,1567.6333333333334,0.49728260869565216,0.4859625668449198,0.48693349075796327,0.010934294587541138,-0.034204692713743885
8475745,Charlie Coyle,BOS,F,20232024,1482.4166666666667,0.4076517150395778,0.44969615124915596,0.48269219346551484,-0.023887226390718663,-0.7735209318293018
8476891,Matt Grzelcyk,BOS,D,20232024,1111.1333333333334,0.5333333333333333,0.4475939353988134,0.43568393539881345,-0.02944720306863624,-2.3014527593955467
8479325,Charlie McAvoy,BOS,D,20232024,1844.4833333333333,0.5775681341719078,0.49638429752066116,0.4686692031810385,0.01875117833131873,-0.7349902887891187
8474037,James van Riemsdyk,BOS,F,20232024,959.5666666666667,0.495260663507109,0.4977856510186005,0.49947901594751043,0.02188215720308312,1.1958461733242014
8477956,David Pastrnak,BOS,F,20232024,1637.1666666666667,0.5862944162436549,0.5105438401775805,0.4797108452537226,0.030386382381081045,0.45479634786247125
8478401,Pavel Zacha,BOS,F,20232024,1419.2833333333333,0.5480916030534351,0.4846666666666667,0.46748353689567435,0.0004541230085015613,0.08051630051872961
8479365,Trent Frederic,BOS,F,20232024,1133.55,0.4355716878402904,0.4691270404542229,0.4921472763888871,-0.001615612906265551,-0.3726023473982886
8479987,Morgan Geekie,BOS,F,20232024,1171.3333333333333,0.42598684210526316,0.474468085106383,0.5009129864221724,-0.00032052829640444314,0.7384847851473989
8483505,Matthew Poitras,BOS,F,20232024,444.51666666666665,0.6183574879227053,0.49326599326599324,0.45097686283121063,0.008167824067648544,-2.5555995034626897
8474031,Kevin Shattenkirk,BOS,D,20232024,964.25,0.5657620041753654,0.5064822817631807,0.48298551767132264,0.02745799573763613,-0.3340630533008006
8475762,Derek Forbort,BOS,D,20232024,625.2,0.2873134328358209,0.48120300751879697,0.5571959179665582,0.01706163482201456,2.0824630864113076
8474150,Mikael Backlund,CGY,F,20232024,1578.6833333333334,0.38210399032648124,0.5396449704142012,0.5817692146705495,0.024136281694111195,0.913135311737786
8476392,Adam Lowry,WPG,F,20232024,1304.4333333333334,0.37209302325581395,0.5386125654450262,0.5843137282357239,0.02994252634397232,0.8236347912011643
8476399,Blake Coleman,CGY,F,20232024,1339.0333333333333,0.3965744400527009,0.5386018237082066,0.5755557762773766,0.020686777332546313,0.8158618312253513
8477346,MacKenzie Weegar,CGY,D,20232024,1890.0333333333333,0.5441329179646937,0.5345768880800728,0.5188081964912877,0.017463308659108168,0.04801719762109391
8477507,Nikita Zadorov,VAN,D,20232024,1314.0166666666667,0.46485623003194887,0.5051546391752577,0.5177115081848424,-0.0034528532378071963,0.0631601891369615
8478233,Andrew Mangiapane,CGY,F,20232024,1200.3833333333334,0.4491525423728814,0.5321522309711286,0.550320027581298,0.015809758075454594,-0.12275151823892855
8478891,Mason Appleton,WPG,F,20232024,1316.9666666666667,0.384,0.514792899408284,0.556239699408284,0.0009051216434150522,-0.07875685361692165
8480049,Dylan Samberg,WPG,D,20232024,1221.4166666666667,0.494140625,0.5345557122708039,0.536649266958304,0.01980957447779874,0.5933731503679502
8480113,Alex Iafallo,WPG,F,20232024,1256.7833333333333,0.5611888111888111,0.5104011887072808,0.48853842646951856,-0.0002119730459082536,0.016358912591659332
8480145,Neal Pionk,WPG,D,20232024,1712.0833333333333,0.4599745870393901,0.4945054945054945,0.5088065745563204,-0.01490091604656979,-0.22313779325530214
8476331,Dylan DeMelo,WPG,D,20232024,1786.8166666666666,0.5687984496124031,0.5069227333631086,0.48234104731659694,-0.008761644725128859,-0.8448902324587373
8478396,Noah Hanifin,CGY,D,20232024,1898.45,0.46750524109014674,0.52081362346263,0.5324240008211206,0.009923934858699912,0.042320889564404905
8478397,Rasmus Andersson,CGY,D,20232024,1874.3333333333333,0.560204081632653,0.5100548446069469,0.4885439262396,-0.007931135196366235,-1.0616925377300022
8477496,Elias Lindholm,CGY,F,20232024,1479.6666666666667,0.48745046235138706,0.4933239634574842,0.4978079132593336,-0.0230817134212547,-1.0499853589632557
8478398,Kyle Connor,WPG,F,20232024,1282.25,0.6177777777777778,0.4743243243243243,0.4322423243243243,-0.03210257795685956,-0.6963054756832334
8479346,Dillon Dube,CGY,F,20232024,481.6166666666667,0.5555555555555556,0.48925619834710743,0.4694061983471074,-0.017847784149714163,-1.2956738979043132
8476456,Jonathan Huberdeau,CGY,F,20232024,1412.1333333333334,0.6229729729729729,0.5260635110844817,0.48212526784123844,0.006487965963593689,-0.8714199438364458
8480014,Gabriel Vilardi,WPG,F,20232024,799.35,0.6293532338308457,0.47964796479647964,0.43343005434871845,-0.02953926818745628,-0.36474202661369354
8476460,Mark Scheifele,WPG,F,20232024,1496.2166666666667,0.6128625472887768,0.471815107102593,0.43148931895631304,-0.03700357814275873,-0.7596368834549109
8477504,Josh Morrissey,WPG,D,20232024,1960.6,0.6053853296193129,0.528010033444816,0.4903558551718355,0.01847444924320729,0.2961883154085081
8477220,Nate Schmidt,WPG,D,20232024,1060.0666666666666,0.5288683602771362,0.5360134003350083,0.5256987352079876,0.017919195275463817,0.6185960613110061
8475172,Nazem Kadri,CGY,F,20232024,1511.8,0.6154970760233918,0.5184331797235023,0.4771660744603445,-0.00024760108460841757,0.2634844195502535
8475455,Brenden Dillon,WPG,D,20232024,1443.1333333333334,0.4166666666666667,0.49291784702549574,0.5226928470254957,-0.013835832956407723,-0.39478499257879573
8475690,Chris Tanev,CGY,D,20232024,1488.35,0.4218942189421894,0.5337564916330063,0.5616636872049621,0.017879389812138324,0.916448423993464
8475799,Nino Niederreiter,WPG,F,20232024,1153.4,0.38086642599277976,0.5352900069881202,0.5778564329809001,0.0223808645414747,0.96245003481442
8477851,Jordan Oesterle,CGY,D,20232024,303.35,0.541095890410959,0.5012987012987012,0.4866151396548656,-0.010624602051439391,0.20648550617026837
8477940,Nikolaj Ehlers,WPG,F,20232024,1303.8666666666666,0.5954415954415955,0.5351043643263758,0.5010030822750937,0.023911120049793788,1.176731395406513
8481068,Yegor Sharangovich,CGY,F,20232024,1425.7333333333333,0.5782747603833865,0.5211835911230666,0.49321601923808256,0.006146761566001913,-0.5649642087412645
8482149,Cole Perfetti,WPG,F,20232024,967.0333333333333,0.6381418092909535,0.5441039925719592,0.4947459241123015,0.024610952726434876,0.10197515758264616
8482679,Matt Coronato,CGY,F,20232024,428.78333333333336,0.45495495495495497,0.5,0.5160945945945946,-0.009803989623538123,0.553985764272978
8478421,A.J. Greer,CGY,F,20232024,523.2333333333333,0.41968911917098445,0.4857142857142857,0.514409363434493,-0.009712031825489686,1.2239365429763884
8482652,Walker Duehr,CGY,F,20232024,328.0833333333333,0.3969465648854962,0.45584725536992843,0.49266824773634066,-0.040027500987478315,0.3873996259418362
8480008,Adam Ruzicka,CGY,F,20232024,422.3833333333333,0.50920245398773,0.4553014553014553,0.4520134184916394,-0.050652037790482995,-1.288249758797094
8476480,Vladislav Namestnikov,WPG,F,20232024,1128.7666666666667,0.5932914046121593,0.5342465753424658,0.5009135564745413,0.014926367602383195,-0.7108423885710403
8480289,Morgan Barron,WPG,F,20232024,840.6,0.48606811145510836,0.5133976420150054,0.5183755057920951,-0.0015043296256164185,-0.9333789780582747
8480845,Rasmus Kupari,WPG,F,20232024,255.95,0.49193548387096775,0.4910394265232975,0.4939208781362007,-0.023188867741714914,-1.7802592842347753
8471685,Anze Kopitar,LAK,F,20232024,1599.4,0.48777173913043476,0.5260347129506008,0.5304038705592964,-0.015615912728495829,-0.02743432423763237
8474563,Drew Doughty,LAK,D,20232024,2115.0666666666666,0.49398907103825135,0.5502101821578702,0.552357887075903,0.004975932697671381,0.1358637116368912
8477492,Nathan MacKinnon,COL,F,20232024,1875.4,0.6622516556291391,0.5573997233748271,0.4994272068185357,0.02104156321465067,0.6118384822364847
8477494,Jonathan Drouin,COL,F,20232024,1439.95,0.5997150997150997,0.5451770451770451,0.5095488400488399,0.013494839710701978,0.4940850412269709
8477960,Adrian Kempe,LAK,F,20232024,1464.1166666666666,0.5014577259475219,0.524328249818446,0.5238074043373964,-0.017753031869222613,-0.2757616951675754
8478038,Devon Toews,COL,D,20232024,1924.5333333333333,0.6130558183538316,0.5292740046838408,0.48887916078601673,-0.0013886136793285209,-0.9157818169188862
8478420,Mikko Rantanen,COL,F,20232024,1839.3833333333334,0.6432692307692308,0.5358508604206501,0.48466076426680393,-0.002750064113262618,-1.338933901947205e-05
8479998,Mikey Anderson,LAK,D,20232024,1529.3166666666666,0.492,0.54421768707483,0.54707608707483,-0.0034881250310164758,-0.3735964187914749
8480069,Cale Makar,COL,D,20232024,1913.8833333333334,0.648,0.524547803617571,0.47166740361757103,-0.012133401870482396,-0.7792492510716534
8482124,Quinton Byfield,LAK,F,20232024,1320.65,0.5120643431635389,0.5386702849389416,0.5343596951266092,-0.002240104740914073,0.37014117377842365
8477501,Valeri Nichushkin,COL,F,20232024,1157.1166666666666,0.5759717314487632,0.5372168284789643,0.5100721288323212,0.006099527738463673,0.5335016946506631
8479398,Samuel Girard,COL,D,20232024,1145.4333333333334,0.4642857142857143,0.5573997233748271,0.5701604376605414,0.04160928690983601,1.159657703315708
8481524,Bowen Byram,COL,D,20232024,1487.05,0.5072847682119205,0.48419925013390464,0.4815964024517854,-0.03062056203742558,-1.8650864747728908
8477476,Artturi Lehkonen,COL,F,20232024,831.2166666666667,0.59,0.5662368112543963,0.5340798112543963,0.036542793448284705,1.4653562081445983
8478882,Vladislav Gavrikov,LAK,D,20232024,1588.7333333333333,0.49619289340101524,0.5534813319878911,0.5548416111757083,0.005299643749830718,0.260666130944624
8475793,Ryan Johansen,COL,F,20232024,862.2833333333333,0.44549763033175355,0.4840764331210191,0.5035501298034836,-0.03169269587776441,-0.7120197577244648
8473453,Trevor Lewis,LAK,F,20232024,956.2833333333333,0.5415676959619953,0.5349487418452936,0.5200966040780727,-0.011071133405212485,-0.5092824263989488
8476479,Phillip Danault,LAK,F,20232024,1407.0166666666667,0.4957118353344768,0.574748743718593,0.5762809049535844,0.015542497401719424,0.13050334394159044
8479675,Trevor Moore,LAK,F,20232024,1475.7166666666667,0.499184339314845,0.5822707953855495,0.5825622309483554,0.025931203383891543,0.28488904827296957
8478911,Matt Roy,LAK,D,20232024,1694.85,0.49814585908529047,0.5508924264351182,0.5515549109839438,0.004239041814300459,0.14989295159244473
8477425,Miles Wood,COL,F,20232024,1013.9,0.36960985626283366,0.4960686204431737,0.5426570188004632,-0.020186698022017224,-0.6956719142455008
8471677,Jack Johnson,COL,D,20232024,1196.9166666666667,0.35658914728682173,0.4849044978434997,0.5361451955179183,-0.0208044860903403,-0.02480031141838073
8475193,Tomas Tatar,SEA,F,20232024,872.5166666666667,0.5,0.5,0.5,-0.0010783167584760278,0.06941008145097466
8476312,Josh Manson,COL,D,20232024,1356.0833333333333,0.42296511627906974,0.5448113207547169,0.5723358847082053,0.03273324871070038,1.218628685131862
8477942,Kevin Fiala,LAK,F,20232024,1478.9166666666667,0.5063492063492063,0.5734744707347447,0.5712058993061733,0.023404355047233705,0.7226912812718501
8479400,Pierre-Luc Dubois,LAK,F,20232024,1288.85,0.5507246376811594,0.5422853453841188,0.5241614323406405,-0.00524582947583041,-0.007075152355017781
8479525,Ross Colton,COL,F,20232024,1097.5333333333333,0.3916967509025271,0.533471359558316,0.5721681104608431,0.019233086314165426,0.8269593129910021
8482155,Alex Laferriere,LAK,F,20232024,1071.8,0.5286738351254481,0.5169491525423728,0.5067039912520502,-0.030991566463849707,-0.7473319339552991
8477073,Kurtis MacDermid,COL,D,20232024,219.1,0.4077669902912621,0.3888888888888889,0.4218437432578209,-0.09824141481389681,-3.573946103715355
8477971,Andreas Englund,LAK,D,20232024,1084.2333333333333,0.5766550522648084,0.5183585313174947,0.4909696811432786,-0.032637034625905836,-1.1735355070381266
8478028,Fredrik Olofsson,COL,F,20232024,557.6,0.3611111111111111,0.4407079646017699,0.4903329646017699,-0.05523105119773791,-2.0080441203446493
8479336,Carl Grundstrom,LAK,F,20232024,548.35,0.5510204081632653,0.5688311688311688,0.5506015769944341,0.026141700830373926,1.4121948898042072
8481186,Logan O'Connor,COL,F,20232024,852.1666666666666,0.3405994550408719,0.551142005958292,0.6080958206721885,0.04666867307218581,2.031861291791084
8481481,Blake Lizotte,LAK,F,20232024,732.9,0.5307443365695793,0.5286549707602339,0.5176700193039232,-0.018191012410961327,-0.4684744986776313
8475169,Evander Kane,EDM,F,20232024,1294.6666666666667,0.5399129172714079,0.5125076266015863,0.49824674126051227,-0.03187209333633256,-1.4965272319090939
8476468,J.T. Miller,VAN,F,20232024,1580.85,0.4958563535911602,0.5013262599469496,0.502806784808828,-0.006987360009010901,0.04301093737405467
8476858,Phillip Di Giuseppe,VAN,F,20232024,617.7333333333333,0.5132450331125827,0.4423841059602649,0.4376516556291391,-0.0627443198942888,-2.895425876704116
8477015,Connor Brown,EDM,F,20232024,910.1166666666667,0.4359673024523161,0.5090361445783133,0.5319150274121007,-0.02344428899819273,-0.08669653344679207
8477498,Darnell Nurse,EDM,D,20232024,1778.8666666666666,0.4975786924939467,0.5241635687732342,0.5250287019451471,-0.011100579766454954,-0.7248207536906213
8478402,Connor McDavid,EDM,F,20232024,1623.3,0.6236162361623616,0.5909574468085106,0.5467893656276988,0.021009767518472833,0.061036671050594855
8478444,Brock Boeser,VAN,F,20232024,1509.7,0.5078909612625538,0.4905778894472362,0.4877584489881257,-0.020329362845538324,-0.21361998043085
8479425,Filip Hronek,VAN,D,20232024,1913.3,0.5881720430107527,0.513695338779433,0.48219146781169103,-0.0039559854794726235,-0.7974993023039506
8480800,Quinn Hughes,VAN,D,20232024,2027.8666666666666,0.6166097838452788,0.5447193149381542,0.5030546391702361,0.032026592996550085,0.19324062968472241
8480803,Evan Bouchard,EDM,D,20232024,1870.9666666666667,0.6004228329809725,0.5936920222634509,0.5578109440393494,0.02583557922366797,0.7988307076712537
8474013,Ian Cole,VAN,D,20232024,1460.55,0.384,0.507228158390949,0.548674958390949,0.003365434825828295,0.8447843726589525
8474574,Tyler Myers,VAN,D,20232024,1466.3833333333334,0.3746268656716418,0.49911504424778763,0.54391086514331,-0.006750234956256929,0.5370792615349521
8475786,Zach Hyman,EDM,F,20232024,1562.0,0.610909090909091,0.5893048128342246,0.5496769946524065,0.019612766925100056,0.2424725693513019
8476454,Ryan Nugent-Hopkins,EDM,F,20232024,1570.3666666666666,0.5831099195710456,0.5729492798998121,0.5432541056370775,0.010226881072091465,-0.015551611714753793
8476879,Cody Ceci,EDM,D,20232024,1584.4666666666667,0.4954248366013072,0.5020120724346077,0.5036467783169606,-0.03681866625537489,-1.3116754595999398
8476967,Brett Kulak,EDM,D,20232024,1263.7833333333333,0.5022970903522205,0.544344473007712,0.5435237226248637,0.008903370072624317,0.3366062100587261
8477934,Leon Draisaitl,EDM,F,20232024,1676.3333333333333,0.5573394495412844,0.5451187335092348,0.5246313481881338,-0.014753935118944517,-0.6286381827999901
8478856,Conor Garland,VAN,F,20232024,1196.45,0.46243739565943237,0.564327485380117,0.5777486039110018,0.05081648371193925,1.912442529043168
8480012,Elias Pettersson,VAN,F,20232024,1615.2333333333333,0.533026113671275,0.5164835164835165,0.50468328606877,0.002634202372030381,0.3432069843628186
8483808,Andrei Kuzmenko,VAN,F,20232024,1076.85,0.6541850220264317,0.5274151436031331,0.4723248352330891,0.00805868611929772,-0.6836743328110034
8480459,Pius Suter,VAN,F,20232024,1038.1833333333334,0.4966139954853273,0.5258215962441315,0.527031415657224,0.016160246058492977,0.25526252190565696
8478454,Noah Juulsen,VAN,D,20232024,806.6333333333333,0.4549763033175355,0.48997772828507796,0.5060646951097225,-0.020110980571634463,-1.0431253760962191
8479576,Vincent Desharnais,EDM,D,20232024,1229.05,0.49916805324459235,0.5241581259150805,0.5244553804907877,-0.014891572389460928,-0.508428649071685
8480802,Ryan McLeod,EDM,F,20232024,1155.8666666666666,0.4873294346978557,0.5616438356164384,0.5661710285988946,0.024812885083587144,1.4469662367340412
8477998,Warren Foegele,EDM,F,20232024,1147.2,0.5120772946859904,0.5649902024820379,0.5606749850907335,0.023854558476947618,0.9797831429159227
8478463,Anthony Beauvillier,CHI,F,20232024,816.95,0.4823232323232323,0.4688995215311005,0.47521543062200955,-0.009407749596378912,-0.5495750184104213
8482077,Dylan Holloway,EDM,F,20232024,433.05,0.5362318840579711,0.5685557586837294,0.5556101065098163,0.027538153220548645,1.6149362890092183
8478057,Dakota Joshua,VAN,F,20232024,908.8333333333334,0.4331896551724138,0.530241935483871,0.5541132716907675,0.0131623267800145,0.3092443534349321
8477406,Mattias Janmark,EDM,F,20232024,844.6666666666666,0.436046511627907,0.5113759479956663,0.5342265293910151,-0.01992101899526877,0.021113551233760006
8478585,Derek Ryan,EDM,F,20232024,713.5333333333333,0.4197183098591549,0.5395973154362416,0.5682819633235655,0.008735932184597228,1.450015515418733
8478043,Sam Lafferty,VAN,F,20232024,940.9166666666666,0.5,0.47593097184377836,0.47593097184377836,-0.031950744015614096,-1.1465649427425266
8481535,Nils Hoglander,VAN,F,20232024,969.0,0.4861407249466951,0.5295095594347464,0.5344614784112923,0.025558501332586303,1.4596264455474848
8475184,Chris Kreider,NYR,F,20232024,1546.9,0.5710186513629842,0.5172189733593242,0.49184400922732996,0.0071877557883388565,0.33333524670249925
8475784,Jeff Skinner,BUF,F,20232024,1183.7166666666667,0.609375,0.510801393728223,0.47172170622822296,-0.005654826765135734,-0.48575979473540665
8476459,Mika Zibanejad,NYR,F,20232024,1601.05,0.5470914127423823,0.5051216389244558,0.48829587715160266,-0.006983516735947548,0.10042402381490158
8476885,Jacob Trouba,NYR,D,20232024,1470.3666666666666,0.4943661971830986,0.4873417721518987,0.4893547298983776,-0.0074012170794195975,-0.7969196309441544
8477949,Alex Tuch,BUF,F,20232024,1463.6666666666667,0.5448275862068965,0.5098039215686274,0.4937870250169033,-0.0036361432505356284,-0.14062445454319736
8479420,Tage Thompson,BUF,F,20232024,1291.2166666666667,0.5787781350482315,0.5369595536959554,0.5088121260432222,0.02568645681702142,0.3923184688330016
8480807,Mattias Samuelsson,BUF,D,20232024,842.3666666666667,0.49658314350797267,0.5238578680203045,0.5250787108449059,0.013690151681161056,0.021696920139395327
8480817,K'Andre Miller,NYR,D,20232024,1727.5833333333333,0.47508690614136734,0.49267139479905436,0.5015728432347438,-0.0024764796067706096,-0.19868634844130104
8480839,Rasmus Dahlin,BUF,D,20232024,2068.6833333333334,0.5715579710144928,0.5425395468148781,0.5169718837713999,0.03384931931746793,0.6532256881859811
8481554,Kaapo Kakko,NYR,F,20232024,811.1166666666667,0.5258855585831063,0.5118934348239772,0.5026445247422333,0.011334170520134745,0.8457152237847323
8478109,Victor Olofsson,BUF,F,20232024,590.0166666666667,0.5232558139534884,0.4713467048710602,0.46303740254547876,-0.031095647311814745,-0.8499736997767048
8478550,Artemi Panarin,NYR,F,20232024,1653.9166666666667,0.8003442340791739,0.5604338842975206,0.4531208894610318,0.032032112954003766,-0.708984354050123
8479323,Adam Fox,NYR,D,20232024,1687.9333333333334,0.5884476534296029,0.5392757660167131,0.5076734194463159,0.02863838809440855,0.7655979532927666
8479324,Ryan Lindgren,NYR,D,20232024,1474.0,0.5377942998760843,0.4920447849145551,0.4785408815688302,-0.016081379792988182,-0.7444277766430059
8480035,Henri Jokiharju,BUF,D,20232024,1410.4833333333333,0.5251533742331288,0.4893964110929853,0.4804091104794884,-0.020461090769462953,-0.6998038784966047
8481528,Dylan Cozens,BUF,F,20232024,1362.3333333333333,0.47840531561461797,0.5050505050505051,0.512766285781402,-0.002926508385693527,0.2903625630340218
8482109,Alexis Lafrenière,NYR,F,20232024,1422.2,0.7277397260273972,0.5425079702444209,0.46113656613483184,0.01449228570910821,-0.9028353507179674
8482175,JJ Peterka,BUF,F,20232024,1344.1833333333334,0.5367047308319739,0.5248924400737554,0.511777839747491,0.01499321927824493,0.9373235592282628
8482671,Owen Power,BUF,D,20232024,1745.5833333333333,0.5380047505938242,0.505852417302799,0.49227331991562556,-0.0007066534181905393,-0.08726635941619298
8471218,Blake Wheeler,NYR,F,20232024,686.75,0.5589041095890411,0.4702581369248036,0.44921169856863924,-0.034827301508882635,-1.4628597328799164
8479999,Casey Mittelstadt,BUF,F,20232024,1419.9833333333333,0.537292817679558,0.5267569310122502,0.5134322072553441,0.011867442378547977,0.38659320317241846
8476979,Erik Gustafsson,NYR,D,20232024,1322.05,0.5830324909747292,0.5379188712522046,0.5082513622269339,0.03249886087127174,0.8631310446718551
8484145,Zach Benson,BUF,F,20232024,1031.0166666666667,0.5315904139433552,0.5250809061488673,0.5137936512469065,0.016354626738013467,0.385355443324402
8476389,Vincent Trocheck,NYR,F,20232024,1761.6,0.5279805352798054,0.532952776336274,0.5229553310807996,0.013315748663442872,1.263588676380075
8482157,Will Cuylle,NYR,F,20232024,904.3833333333333,0.5382830626450116,0.49155405405405406,0.4778755157709914,-0.00369804066768481,-0.451818266726467
8473446,Erik Johnson,BUF,D,20232024,973.85,0.4830917874396135,0.49172794117647056,0.49776924552429663,-0.02263655163715761,-0.8754425408090013
8482073,Braden Schneider,NYR,D,20232024,1309.4,0.4793536804308797,0.492018244013683,0.4993951739957297,-0.010537979428883737,0.28694355154380574
8478413,Jordan Greenway,BUF,F,20232024,1156.5833333333333,0.4780114722753346,0.4864406779661017,0.49429717892212466,-0.021879806516516,-1.0373320282609508
8477365,Connor Clifton,BUF,D,20232024,1313.7166666666667,0.47735849056603774,0.4918778427550357,0.4999676540757904,-0.010854723761865748,0.013648647027028967
8474009,Nick Bonino,NYR,F,20232024,551.4333333333333,0.34701492537313433,0.4221105527638191,0.4767721199279982,-0.06314909225535004,-1.287452581719486
8475752,Tyler Pitlick,NYR,F,20232024,347.55,0.3881578947368421,0.44819819819819817,0.4881593824087245,-0.023877889432839472,-1.0608440662278966
8476624,Barclay Goodrow,NYR,F,20232024,1005.8166666666667,0.24125230202578268,0.4253393665158371,0.517789919002025,-0.05293975030470344,0.1331701733107354
8473449,Kyle Okposo,BUF,F,20232024,895.8833333333333,0.4954954954954955,0.5063788027477919,0.5079882622072514,0.0017371611827889932,0.8294356732873877
8481522,Peyton Krebs,BUF,F,20232024,1002.45,0.5154440154440154,0.5151757188498403,0.5096575721316936,0.012655479135471603,0.6558172808627116
8476878,Zemgus Girgensons,BUF,F,20232024,748.2,0.4804177545691906,0.4939091915836102,0.5009059278760384,-0.005609160699350302,0.22288749982609318
8475235,Nicolas Deslauriers,PHI,F,20232024,496.75,0.5586854460093896,0.47213622291021673,0.4511679130510618,-0.06626857908316097,-2.7377191630140794
8475790,Erik Gudbranson,CBJ,D,20232024,1534.85,0.45442536327608984,0.44640943193997856,0.46269324964143166,-0.0258619619233581,-0.9834154619740839
8476374,Sean Kuraly,CBJ,F,20232024,852.6666666666666,0.3287671232876712,0.4747859181731684,0.5359674250224835,0.010459190830850229,1.749901330325482
8477903,Garnet Hathaway,PHI,F,20232024,1028.9166666666667,0.44166666666666665,0.5466210436270317,0.5674635436270317,0.01605871982366691,0.8982475796642452
8477948,Travis Sanheim,PHI,D,20232024,1940.8833333333334,0.5329787234042553,0.534917555771096,0.5231342578987556,-0.003924120468314474,-0.5223717680038251
8478458,Jack Roslovic,CBJ,F,20232024,917.7166666666667,0.5739514348785872,0.5088607594936709,0.4824379118115517,0.021386941614513766,-0.050028887124885596
8478500,Ivan Provorov,CBJ,D,20232024,1817.65,0.4782608695652174,0.49534085335948996,0.5031082446638377,0.021784285669398495,0.840676282816865
8480068,Ryan Poehling,PHI,F,20232024,1158.1833333333334,0.4701348747591522,0.53353428786737,0.5442050971159249,-0.0029015855332358287,0.10974438770966177
8480762,Eric Robinson,BUF,F,20232024,534.5666666666667,0.4521072796934866,0.4803664921465969,0.49747856111211414,-0.013960108145266825,0.2177703957834131
8481546,Cam York,PHI,D,20232024,1867.95,0.5354416575790621,0.5346790890269151,0.5220157847739162,-0.005430989465466607,-0.443805289484336
8471686,Marc Staal,PHI,D,20232024,486.56666666666666,0.47580645161290325,0.5285053929121726,0.5371497477508822,-0.007495468830069574,0.7932417328044298
8476346,Johnny Gaudreau,CBJ,F,20232024,1528.6166666666666,0.5264550264550265,0.4897733554449972,0.48032097449261624,0.011585237977013108,0.5593005264573584
8476461,Sean Couturier,PHI,F,20232024,1323.1333333333334,0.5180180180180181,0.5831501831501832,0.5767123453123454,0.042613518672214634,2.3085191350684053
8478460,Zach Werenski,CBJ,D,20232024,1713.6666666666667,0.5362946912242686,0.48240262787423743,0.4694345346998062,0.004497209269646141,-0.3150782539555045
8479339,Patrik Laine,CBJ,F,20232024,273.93333333333334,0.5964912280701754,0.4819672131147541,0.4474908973252804,0.003997143811789394,-0.9433425612329172
8479369,Andrew Peeke,CBJ,D,20232024,624.9166666666666,0.42142857142857143,0.47941567065073043,0.5074892420793019,0.008967373350046215,0.8628525110899337
8480336,Sean Walker,PHI,D,20232024,1570.9833333333333,0.506631299734748,0.5554450522128295,0.553075688817604,0.02275821817130763,1.0397779063519794
8480797,Joel Farabee,PHI,F,20232024,1332.4166666666667,0.5460218408736349,0.5358942065491183,0.5194506028049686,-0.0005963048714479058,-0.3033035968273366
8481553,Bobby Brink,PHI,F,20232024,794.2833333333333,0.5299145299145299,0.49084668192219677,0.48015822038373523,-0.04841186833792083,-1.156238859831909
8482705,Cole Sillinger,CBJ,F,20232024,1243.6166666666666,0.5284280936454849,0.472715318869165,0.46255796100963326,-0.0035327109098347576,-0.7878800079623604
8481178,Egor Zamula,PHI,D,20232024,1067.6166666666666,0.5518672199170125,0.5336617405582923,0.5151295828819438,-0.004623366682958374,0.058521965269899195
8476372,Nick Seeler,PHI,D,20232024,1212.3166666666666,0.5441176470588235,0.5453416149068323,0.5295783796127147,0.004068040394969885,0.1056423236468498
8476872,Scott Laughton,PHI,F,20232024,1289.2833333333333,0.4878048780487805,0.4881615598885794,0.4925188769617501,-0.048444920157559745,-1.7451660911081452
8480205,Emil Bemstrom,CBJ,F,20232024,626.75,0.5344262295081967,0.5,0.4876995081967213,0.018124401517841726,0.22848677216323038
8480074,Alexandre Texier,CBJ,F,20232024,1184.1,0.4817391304347826,0.4735824742268041,0.4801070829224563,0.0016602658421968064,-0.5120715679518498
8476923,Damon Severson,CBJ,D,20232024,1420.35,0.5110803324099723,0.5033975084937712,0.4994385057236881,0.026668542361675762,1.0832155383356095
8480220,Noah Cates,PHI,F,20232024,817.1333333333333,0.4748201438848921,0.5892255892255892,0.5982223518155173,0.05681797410858336,2.30740587970063
8476432,Boone Jenner,CBJ,F,20232024,1169.25,0.4756554307116105,0.4847537138389367,0.49345202844567826,0.005558270419772804,0.5408279355972027
8478439,Travis Konecny,PHI,F,20232024,1511.0,0.6160220994475138,0.5613496932515337,0.519894997118937,0.016612396601809354,-0.18390116550718713
8480015,Owen Tippett,PHI,F,20232024,1298.3,0.5971014492753624,0.553479381443299,0.5187850336172121,0.012683563721799795,0.42652902677552657
8480893,Kirill Marchenko,CBJ,F,20232024,1284.3333333333333,0.5424836601307189,0.46488294314381273,0.44970353137910685,-0.01429900458175104,-0.6676461891770568
8474715,Cam Atkinson,PHI,F,20232024,1116.95,0.5593869731800766,0.5198380566801619,0.4986190911629206,-0.022465375168594703,-0.812195380097498
8480028,Morgan Frost,PHI,F,20232024,1129.4833333333333,0.6592741935483871,0.5402916346891788,0.4833829653343401,-0.0029756803346687732,-1.24171514988047
8479402,Jake Bean,CBJ,D,20232024,1176.8666666666666,0.48873483535528595,0.4588385449904276,0.4628635883179839,-0.012636390823189347,-0.5792886876327696
8479941,Justin Danforth,CBJ,F,20232024,1017.8333333333334,0.43052837573385516,0.4826224328593997,0.5074446442096933,0.013467100908771346,1.0148566422826866
8484166,Adam Fantilli,CBJ,F,20232024,772.0666666666667,0.6181318681318682,0.4569460390355913,0.4147375225520748,-0.025786834789918778,-2.1917393606518467
8474102,David Perron,DET,F,20232024,1190.4833333333333,0.4228295819935691,0.45174371451743717,0.4793167048711349,-0.0037953303721749987,0.06901609167967436
8477946,Dylan Larkin,DET,F,20232024,1375.4166666666667,0.4674657534246575,0.5169550173010381,0.528579503602408,0.05865322011219648,1.7647489816378137
8478013,Jake Walman,DET,D,20232024,1246.55,0.4121306376360809,0.453601108033241,0.4849968312058693,0.0027545068810156947,-0.44756040156058874
8478414,Timo Meier,NJD,F,20232024,1224.3333333333333,0.5134680134680135,0.49688581314878894,0.4920736919366677,-0.012409461757313833,-0.5607656547875947
8478507,John Marino,NJD,D,20232024,1575.9166666666667,0.4657142857142857,0.49298245614035086,0.5052327418546366,-0.011588746030606223,-0.4533620306922179
8479337,Alex DeBrincat,DET,F,20232024,1467.8333333333333,0.49841772151898733,0.48430232558139535,0.4848676736826612,0.023336465446411325,0.3805651790020011
8480002,Nico Hischier,NJD,F,20232024,1386.1666666666667,0.49395770392749244,0.5188743994509266,0.5210333118376336,0.005755506117173348,0.44708212386855123
8480860,Kevin Bahl,NJD,D,20232024,1433.9666666666667,0.43529411764705883,0.5011933174224343,0.5243127291871402,0.001121772335955895,0.5471993642672816
8481542,Moritz Seider,DET,D,20232024,1835.7666666666667,0.3874709976798144,0.4587246663371231,0.4989312788661254,0.009387016327626063,0.05147681632693157
8482110,Dawson Mercer,NJD,F,20232024,1419.9,0.5074875207986689,0.4952561669829222,0.4925808758015578,-0.00962751654680627,-0.6116035231206344
8475279,Ben Chiarot,DET,D,20232024,1526.0833333333333,0.41857506361323155,0.4439178515007899,0.47301098127178226,-0.005026140642190258,-0.4322662320850352
8473507,Jeff Petry,DET,D,20232024,1375.4666666666667,0.443342776203966,0.45105895821408126,0.4713025842764042,0.0011695611909069425,-0.34238756773112267
8477456,J.T. Compher,DET,F,20232024,1498.8833333333334,0.44251968503937006,0.4337265787647467,0.45426429530017975,-0.019249982580477554,-1.6427710818403483
8477952,Robby Fabbri,DET,F,20232024,876.0833333333334,0.4383561643835616,0.4199623352165725,0.44198767768232594,-0.03189913826327678,-0.8316892843749405
8482078,Lucas Raymond,DET,F,20232024,1460.2,0.4401114206128134,0.4871638141809291,0.5085620035959708,0.028737290107008484,0.8836601916184956
8475726,Tyler Toffoli,NJD,F,20232024,1339.8833333333334,0.6396551724137931,0.5449402891263356,0.4950414960228874,0.025612307300648784,-0.1332667426025712
8481559,Jack Hughes,NJD,F,20232024,1304.1166666666666,0.6611721611721612,0.5378432685867381,0.48025645539992495,0.018192602791063495,-0.7292305914191436
8475718,Justin Holl,DET,D,20232024,574.5666666666667,0.5259515570934256,0.4438202247191011,0.43454773336962016,-0.009195943848676835,-0.6217737219073343
8476462,Dougie Hamilton,NJD,D,20232024,419.7,0.5767441860465117,0.5612788632326821,0.5338581655582635,0.04801155429479076,0.5167052074522804
8476906,Shayne Gostisbehere,DET,D,20232024,1548.9666666666667,0.5283307810107197,0.47604608853850816,0.465923500483378,0.01861938457238943,0.7457934151187485
8477429,Andrew Copp,DET,F,20232024,1285.8333333333333,0.4170471841704718,0.4311111111111111,0.46075015220700155,-0.011759264028698424,-0.9017256094614586
8478399,Jonas Siegenthaler,NJD,D,20232024,1107.7666666666667,0.5252173913043479,0.4956896551724138,0.48667948125937033,-0.01540179805519537,-1.033019463539376
8478466,Daniel Sprong,DET,F,20232024,914.6833333333333,0.48525469168900803,0.45495093666369313,0.4602194353232106,0.006812241453239276,0.5216829202632624
8479407,Jesper Bratt,NJD,F,20232024,1586.1,0.546079779917469,0.5390399074609601,0.5225756020964484,0.023431595214511658,0.5778112437317169
8479992,Michael Rasmussen,DET,F,20232024,1144.2666666666667,0.4006514657980456,0.42945258288357746,0.46494981415393577,-0.015535279447347894,-0.41065171120747973
8476292,Ondrej Palat,NJD,F,20232024,1117.1166666666666,0.4908759124087591,0.5429602888086643,0.5462203253050146,0.03911944761591635,2.0141568018545377
8480011,Klim Kostin,DET,F,20232024,569.1666666666666,0.5198776758409785,0.454421768707483,0.4473194751295014,0.01505454821362806,0.07347820207850018
8480813,Joe Veleno,DET,F,20232024,1117.9666666666667,0.4526112185686654,0.461003861003861,0.47793587260927684,0.010977351583581485,0.7042951103921908
8474090,Brendan Smith,NJD,D,20232024,1015.75,0.4197802197802198,0.48951686417502277,0.5181793916475502,-0.010905594377915662,0.5186279625216297
8475287,Erik Haula,NJD,F,20232024,1287.35,0.4991922455573506,0.523197715917202,0.5234863265795606,0.02026814387411202,0.5217156851673614
8482684,Luke Hughes,NJD,D,20232024,1772.5166666666667,0.5911799761620977,0.5188264058679707,0.48624780038525317,0.005140901792398234,-0.1758064224017261
8482125,Alexander Holtz,NJD,F,20232024,958.8666666666667,0.5787139689578714,0.4771748492678725,0.44905034815922507,-0.028099923762451517,-1.4602087314226777
8478432,Christian Fischer,DET,F,20232024,904.35,0.46285714285714286,0.43847487001733104,0.4517460128744739,-0.005399636149476805,-0.32700683576346556
8477931,Tomas Nosek,NJD,F,20232024,425.1166666666667,0.44642857142857145,0.4621359223300971,0.4812769937586685,-0.031074251079636905,-0.31735626023574603
8479415,Michael McLeod,NJD,F,20232024,684.0166666666667,0.38786279683377306,0.5156626506024097,0.5557292732937026,0.016678004921586886,1.5838816661418482
8477508,Curtis Lazar,NJD,F,20232024,884.7333333333333,0.43115124153498874,0.4632495164410058,0.4878491778405543,-0.03376937304884542,-0.4462974676704236
8473994,Jamie Benn,DAL,F,20232024,1241.2166666666667,0.5146198830409356,0.5216450216450217,0.5164213374344954,-0.011989784617933652,-0.7482561985713702
8475170,Brayden Schenn,STL,F,20232024,1463.35,0.4378698224852071,0.4475032010243278,0.4697023134503633,-0.004329654099340663,-0.2440505594832639
8475181,Nick Leddy,STL,D,20232024,1841.6666666666667,0.4026915113871636,0.44742729306487694,0.4821956160462434,-6.85112466158877e-05,-0.23751113924595524
8475825,Jani Hakanpää,DAL,D,20232024,1193.3666666666666,0.34368932038834954,0.4877488514548239,0.5435986572800666,-0.03465215829887064,-0.534215521821376
8476438,Brandon Saad,STL,F,20232024,1277.6,0.43769968051118213,0.44299065420560746,0.46525055835896206,-0.006307217014710986,0.12746694856772164
8476892,Colton Parayko,STL,D,20232024,1968.35,0.4115884115884116,0.44532979194333777,0.4769192524827983,-0.003290762539049641,-0.41452034060931187
8477953,Kasperi Kapanen,STL,F,20232024,1060.8166666666666,0.41682242990654206,0.46106870229007635,0.49078804808446885,0.017698010375209183,1.0171613216489415
8480848,Ty Dellandrea,DAL,F,20232024,532.2,0.4603174603174603,0.55,0.5641785714285715,0.020387857820302058,-0.34010274030699933
8481581,Thomas Harley,DAL,D,20232024,1663.55,0.5684430512016719,0.5502439024390244,0.525789200244667,0.017875940082039743,0.023023086398387686
8482740,Wyatt Johnston,DAL,F,20232024,1397.75,0.5234042553191489,0.5433224755700325,0.5349601351445007,0.015582026090456558,0.30720244544579434
8475753,Justin Faulk,STL,D,20232024,1326.4666666666667,0.4757142857142857,0.4682115270350565,0.4768888127493422,0.014894534133378878,0.36029495997958416
8480023,Robert Thomas,STL,F,20232024,1726.9166666666667,0.5,0.48834628190899,0.48834628190899,0.0248618936617096,-0.04813710825721365
8470794,Joe Pavelski,DAL,F,20232024,1379.1666666666667,0.5153061224489796,0.5167310167310167,0.5112621391799963,-0.022293798291775135,-0.7206163429735241
8476792,Torey Krug,STL,D,20232024,1702.7666666666667,0.47030878859857483,0.4654822335025381,0.4760909033362673,0.010031630617694187,0.5308933387819481
8475794,Tyler Seguin,DAL,F,20232024,1125.25,0.5159128978224455,0.4841328413284133,0.4784471629364535,-0.03271605041742648,-0.4654497803807896
8477402,Pavel Buchnevich,STL,F,20232024,1599.1,0.49368863955119213,0.5039706780696396,0.5062257271579986,0.04251460880168362,0.5745796092955975
8480027,Jason Robertson,DAL,F,20232024,1503.4333333333334,0.5257861635220126,0.556969696969697,0.547756300743282,0.024999042459814658,0.7020497194478397
8470600,Ryan Suter,DAL,D,20232024,1556.15,0.49206349206349204,0.5117324013979031,0.5145681156836174,-0.01946539606733677,-0.5168009627988127
8479385,Jordan Kyrou,STL,F,20232024,1512.9833333333333,0.550354609929078,0.5052083333333334,0.48721663120567377,0.04258143855744123,0.5445743689220564
8480036,Miro Heiskanen,DAL,D,20232024,1745.7166666666667,0.5887662988966901,0.5622119815668203,0.530495782971033,0.03007093098574709,0.36740299091583456
8476902,Esa Lindell,DAL,D,20232024,1683.1166666666666,0.39135959339263027,0.5182481751824818,0.557065392463295,-0.002610077044639114,-0.0029733262155289247
8474149,Evgenii Dadonov,DAL,F,20232024,671.9666666666667,0.5065963060686016,0.5088757396449705,0.5065188794866591,-0.0195708744061196,-1.0625369291867035
8478975,Mason Marchment,DAL,F,20232024,1222.4166666666667,0.5254957507082153,0.5081761006289308,0.49906646890088546,-0.007151534932533066,0.2530730833161704
8480878,Nils Lundkvist,DAL,D,20232024,833.95,0.5976331360946746,0.5210662080825451,0.4861818885559179,-0.010251783267917314,-1.2183606040686945
8477944,Jakub Vrana,STL,F,20232024,254.65,0.5333333333333333,0.440625,0.428715,-0.006121867800712388,-0.17263390958879168
8475168,Matt Duchene,DAL,F,20232024,1341.3,0.5148514851485149,0.49017199017199015,0.4848655545284258,-0.028781429513426104,-0.2535641226592513
8478104,Sammy Blais,STL,F,20232024,517.55,0.5140562248995983,0.42857142857142855,0.42354913941480204,-0.010121376948011296,-0.4547601772246782
8475763,Kevin Hayes,STL,F,20232024,1148.0166666666667,0.3960720130932897,0.450469992769342,0.4876034624911096,0.009522919585521317,1.557469375571766
8480281,Alexey Toropchenko,STL,F,20232024,1033.0,0.39915966386554624,0.41218354430379744,0.44821379640463777,-0.028655738712254797,-0.16623857349690033
8479351,Sam Steel,DAL,F,20232024,1020.0333333333333,0.4139650872817955,0.5388007054673721,0.5695409797815866,0.007842693390031186,-0.3290346943734162
8475225,Craig Smith,DAL,F,20232024,766.25,0.39325842696629215,0.5781853281853282,0.616324092230272,0.04931478010027668,1.7383804761269415
8476889,Radek Faksa,DAL,F,20232024,927.3333333333334,0.37746478873239436,0.5548780487804879,0.5986598797664033,0.024569310783563947,0.6239522490143696
8476897,Oskar Sundqvist,STL,F,20232024,945.4666666666667,0.3627684964200477,0.40412979351032446,0.45316260973944145,-0.03494448139477602,-0.16214581276442894
8482089,Jake Neighbours,STL,F,20232024,1217.4166666666667,0.5036764705882353,0.42991329479768786,0.4285996918565114,-0.025483956055293244,-1.939683257878455
8481006,Tyler Tucker,STL,D,20232024,330.5,0.5,0.4263959390862944,0.4263959390862944,-0.016584243965026058,-0.3205165873275481
8474618,Marco Scandella,STL,D,20232024,817.1833333333333,0.5467836257309941,0.43232323232323233,0.41560744284954815,-0.014802790540152488,-0.8573272549185633
8475149,Marcus Johansson,MIN,F,20232024,1243.9166666666667,0.49745331069609505,0.5059068797776234,0.5068168118659087,0.007707672798553444,0.32286192796807656
8475171,Oliver Ekman-Larsson,FLA,D,20232024,1483.4666666666667,0.577683615819209,0.5483675937122128,0.5206112377800094,0.00481438836575554,-0.13157655130408671
8476463,Jonas Brodin,MIN,D,20232024,1451.75,0.5054054054054054,0.5110689437065149,0.5091375923551635,0.013781008399412764,0.02817349942028728
8477409,Carter Verhaeghe,FLA,F,20232024,1382.0666666666666,0.5778816199376947,0.5438271604938272,0.5160000576900888,-0.00424898169715171,-0.12022108596205047
8477493,Aleksander Barkov,FLA,F,20232024,1449.9333333333334,0.52,0.5608157319737801,0.5536697319737801,0.015609354517725715,0.19394454586427173
8478055,Gustav Forsling,FLA,D,20232024,1762.2666666666667,0.5024154589371981,0.5529411764705883,0.5520781329923274,0.011166178266018845,0.1977195306700152
8478493,Joel Eriksson Ek,MIN,F,20232024,1585.0333333333333,0.5036603221083455,0.5259515570934256,0.5246437240041137,0.02309183741025489,0.41312918217976036
8478542,Evan Rodrigues,FLA,F,20232024,1220.6166666666666,0.5403726708074534,0.5618279569892473,0.5474028017097441,0.016747158703431908,0.6688899159498429
8481557,Matt Boldy,MIN,F,20232024,1423.65,0.5502248875562219,0.5424403183023873,0.5244949659785492,0.03745052506500779,0.9831009502091174
8482122,Brock Faber,MIN,D,20232024,2056.4166666666665,0.47865853658536583,0.47519455252918286,0.48281985740723166,-0.025471138283240546,-1.125384980443675
8471274,Alex Goligoski,MIN,D,20232024,533.1,0.5060728744939271,0.4662668665667166,0.4640970285100365,-0.0342548383369593,-0.8161993614490062
8475179,Dmitry Kulikov,FLA,D,20232024,1265.95,0.5897435897435898,0.5428571428571428,0.5107917582417582,0.00448788337673911,-0.32102822112454066
8475220,Marcus Foligno,MIN,F,20232024,796.5166666666667,0.4373401534526854,0.5211442786069652,0.5435326417783207,0.03359202705444042,1.7249957852480655
8476393,Nick Cousins,FLA,F,20232024,852.0333333333333,0.549792531120332,0.5355612682090831,0.5177703968397885,-0.002913888909992113,0.17787065536260474
8477919,Frederick Gaudreau,MIN,F,20232024,940.6166666666667,0.43680709534368073,0.4815205913410771,0.5040994161747799,-0.0084762499504476,0.09293432701514409
8478136,Jake Middleton,MIN,D,20232024,1591.0166666666667,0.43986254295532645,0.4785827604442094,0.5000698738462712,-0.015752753157303234,-0.6909795022059835
8478859,Niko Mikkola,FLA,D,20232024,1654.4833333333333,0.5425531914893617,0.5250886974151039,0.509884442095955,-0.013713247213144153,-0.2794832970053997
8479314,Matthew Tkachuk,FLA,F,20232024,1505.7166666666667,0.6128526645768025,0.5493126120741183,0.5089903550208268,0.001475657144494491,-0.14774231551896205
8480185,Eetu Luostarinen,FLA,F,20232024,1319.1333333333334,0.5706896551724138,0.5562678062678063,0.5310103924747028,0.017610297927018514,0.03132676697651758
8482079,Marco Rossi,MIN,F,20232024,1372.25,0.5874587458745875,0.5118665811417575,0.4806175712407674,0.009792806563688028,-0.19828091650709384
8475750,Jon Merrill,MIN,D,20232024,834.0333333333333,0.5646067415730337,0.5009881422924901,0.4779041535284452,0.004292416568421442,0.27002186335124206
8480884,Calen Addison,SJS,D,20232024,1243.05,0.5182926829268293,0.43203230148048455,0.42549632587072844,-0.013502741578248767,-1.1262973216523011
8478864,Kirill Kaprizov,MIN,F,20232024,1620.45,0.6079779917469051,0.5275821596244131,0.4890016231732439,0.02067783866051509,-0.3501462376476596
8477933,Sam Reinhart,FLA,F,20232024,1678.1,0.5186170212765957,0.5576671035386632,0.5510152418365356,0.012246411736253404,0.16141691494568833
8477451,Ryan Hartman,MIN,F,20232024,1222.3666666666666,0.49835526315789475,0.5080091533180778,0.508596817791762,0.012661187090576898,0.5972437685660981
8475692,Mats Zuccarello,MIN,F,20232024,1308.5166666666667,0.6010830324909747,0.49923664122137407,0.4631196737123488,-0.008620633584078607,-0.8033015032511285
8482113,Anton Lundell,FLA,F,20232024,1208.0,0.5857142857142857,0.5438472418670438,0.5132215275813296,-0.001854081121946738,-0.5639791340601981
8474034,Patrick Maroon,MIN,F,20232024,655.3833333333333,0.4036144578313253,0.4539800995024876,0.48841865371935506,-0.03342562411356631,-0.3311191523799564
8478831,Kevin Stenlund,FLA,F,20232024,1035.3166666666666,0.4436781609195402,0.48953140578265203,0.5096551988861003,-0.037894796031604505,-0.03371969004552447
8478904,Steven Lorentz,FLA,F,20232024,340.1666666666667,0.5,0.5206812652068127,0.5206812652068127,-0.0024794371791249104,0.7688228258036193
8479066,Ryan Lomberg,FLA,F,20232024,721.7,0.4697406340057637,0.49612403100775193,0.5069357024774925,-0.027056542915437076,0.4500575694461319
8479372,Joshua Mahura,FLA,D,20232024,377.76666666666665,0.5965909090909091,0.502127659574468,0.46761572775628624,-0.034363988637847454,-0.4570136278023998
8479520,Brandon Duhaime,MIN,F,20232024,871.55,0.39951573849878935,0.456973293768546,0.49287632040292856,-0.03249139432485504,-1.3460624880184393
8480980,Connor Dewar,MIN,F,20232024,862.1,0.3548387096774194,0.4725274725274725,0.5243936015597306,-0.0049422522693224336,0.28339574300562437
8484304,Uvis Balinskis,FLA,D,20232024,367.0833333333333,0.5837837837837838,0.5189309576837416,0.4889950117377957,-0.016794494584814412,0.2591130268569508
8479371,Dante Fabbro,NSH,D,20232024,916.3166666666667,0.5614754098360656,0.5202312138728323,0.4982660499384061,-0.0021645649417223467,-0.14724148592004374
8481789,Tye Kartye,SEA,F,20232024,913.95,0.5182926829268293,0.48569023569023567,0.47915426008047957,-0.011181925808529947,-0.6416289062711924
8475798,Mikael Granlund,SJS,F,20232024,1448.5333333333333,0.4432515337423313,0.4223237597911227,0.44259998678498774,-0.007246623457353496,-0.4450787418188265
8477335,Kyle Burroughs,SJS,D,20232024,1397.9333333333334,0.40288713910761154,0.4530146659424226,0.487713091139273,0.02322957026436695,1.4927774209742983
8479316,Luke Kunin,SJS,F,20232024,1212.9666666666667,0.4232142857142857,0.3910891089108911,0.4185246446251768,-0.0382071937527757,-2.119589922626563
8479983,Mario Ferraro,SJS,D,20232024,1788.25,0.44493392070484583,0.44672897196261685,0.46640408209477546,0.016955283131149856,-0.04618689654899284
8482667,William Eklund,SJS,F,20232024,1493.2166666666667,0.4334763948497854,0.4427952999381571,0.4665641840583288,0.015029522423943509,0.7752338649082067
8474884,Mike Hoffman,SJS,F,20232024,908.2,0.4230769230769231,0.4250474383301708,0.45253205371478616,-0.0054907397568804694,-0.09745127699906801
8480821,Filip Zadina,SJS,F,20232024,960.7666666666667,0.44608879492600423,0.4197051978277735,0.4389676714007122,-0.010871097068947344,-1.0349619274452537
8476881,Tomas Hertl,SJS,F,20232024,1106.5,0.4479553903345725,0.473458904109589,0.49205444314304625,0.03982088910271836,1.2513129468897644
8476988,Matt Benning,SJS,D,20232024,262.53333333333336,0.4696969696969697,0.43812709030100333,0.44895436302827607,0.006801542381275005,-1.0459378041279614
8471709,Marc-Edouard Vlasic,SJS,D,20232024,930.2333333333333,0.3773987206823028,0.4311774461028192,0.47498288320303245,0.002945194497714243,0.42319717852508276
8477407,Anthony Duclair,SJS,F,20232024,1153.4166666666667,0.4815950920245399,0.4283727399165508,0.4349488135361827,-0.018810456573196577,-0.5755736646503496
8482133,Thomas Bordeleau,SJS,F,20232024,410.2,0.39408866995073893,0.47702407002188185,0.5148661882484828,0.05110809479496575,2.9224683786760504
8482222,Alexander Barabanov,SJS,F,20232024,730.7,0.47953216374269003,0.44124168514412415,0.448554843038861,0.010684329480841248,-0.29808129061657385
8480188,Fabian Zetterlund,SJS,F,20232024,1549.35,0.44387755102040816,0.4361283061339336,0.45618085715434176,0.0071260982431185504,0.37645116188340827
8480172,Jan Rutta,SJS,D,20232024,1360.7166666666667,0.4116766467065868,0.415625,0.44718293413173654,-0.012316458574631595,-0.6099440062165509
8481604,Pavel Dorofeyev,VGK,F,20232024,624.9,0.5406824146981627,0.5202453987730061,0.5057095720013526,0.02344610527567348,0.5148471073450702
8479379,Givani Smith,SJS,F,20232024,281.1333333333333,0.43870967741935485,0.4458128078817734,0.4677118401398379,0.00880727807843279,0.7430229673975165
8481477,Nico Sturm,SJS,F,20232024,923.5333333333333,0.3921200750469043,0.42843601895734595,0.466981516143087,-0.0009205194624311575,-0.273150084783818
8481567,Henry Thrun,SJS,D,20232024,1021.45,0.45321100917431195,0.4121510673234811,0.4288687737454995,-0.016595353442919403,-1.018482918704972
8480007,Jonas Rondbjerg,VGK,F,20232024,225.81666666666666,0.29213483146067415,0.44664031620553357,0.5209105409246347,-0.028423710383904233,0.030842638560719386
8476856,Mathew Dumba,UTA,D,20232024,1510.9333333333334,0.42,0.4639479905437352,0.4925319905437352,-0.012231373582129557,-0.7436319022630651
8477951,Nick Schmaltz,UTA,F,20232024,1521.85,0.5119047619047619,0.5038363171355499,0.49958274570697847,0.01565707586906706,0.4150275509372766
8479343,Clayton Keller,UTA,F,20232024,1506.5666666666666,0.5180180180180181,0.5012755102040817,0.4948376723662438,0.012753465937794028,0.4545572557885432
8480849,Barrett Hayton,UTA,F,20232024,562.2166666666667,0.5037878787878788,0.5285961871750433,0.5272427780841342,0.04006868467602437,1.0096438205016516
8482655,J.J. Moser,UTA,D,20232024,1657.1666666666667,0.4547707558859975,0.48717948717948717,0.5033398961014203,0.006947956065649907,-0.009890053126747038
8479976,Juuso Välimäki,UTA,D,20232024,1301.8666666666666,0.48982785602503914,0.48645320197044334,0.4900877090126968,0.005574557310263406,0.3597031633658142
8478408,Travis Dermott,UTA,D,20232024,868.8166666666667,0.407158836689038,0.4384765625,0.47164871015100673,-0.030396364287397948,-1.0084775483666943
8475760,Nick Bjugstad,UTA,F,20232024,1335.5666666666666,0.40458015267175573,0.4848901098901099,0.5189836213404916,0.010582616660057498,0.22983095585220722
8478474,Lawson Crouse,UTA,F,20232024,1365.5666666666666,0.4261006289308176,0.47834645669291337,0.5047507019759322,0.003320848471687843,-0.2717265066080516
8479414,Nathan Bastian,NJD,F,20232024,550.6833333333333,0.38016528925619836,0.4802065404475043,0.5230234825962646,-0.011894062278574147,1.198860031396695
8481711,Matias Maccelli,UTA,F,20232024,1334.1333333333334,0.4340490797546012,0.4762796504369538,0.4998439142406348,-4.262528383347508e-05,0.0666710744918775
8480855,Jack McBain,UTA,F,20232024,852.3666666666667,0.49528301886792453,0.47162426614481406,0.4733096435033046,-0.0007458741642849542,-0.539527175381355
8479619,Michael Carcone,UTA,F,20232024,835.2333333333333,0.5055928411633109,0.45311130587204207,0.45111298372439107,-0.020549326831709236,-1.1667638511244123
8477070,Liam O'Brien,UTA,F,20232024,736.5,0.44364508393285373,0.4477933261571582,0.4679289376679496,-0.02318622339668852,-0.26598140622103417
8475722,Jason Zucker,UTA,F,20232024,969.9,0.4569672131147541,0.4870967741935484,0.5024723889476468,0.0025835727590565183,0.31082559267669047
8477021,Alexander Kerfoot,UTA,F,20232024,1432.7,0.46687211093990755,0.47301136363636365,0.4848479583975347,-0.004708489460792331,-0.49722063595735455
8477384,Joshua Brown,UTA,D,20232024,759.3666666666667,0.43349753694581283,0.4201424211597152,0.44390375120897624,-0.0529402952035517,-2.012209040448049
8480434,Sean Durzi,UTA,D,20232024,1738.1166666666666,0.5044929396662388,0.5084838533114395,0.5068785259686924,0.024574386981177088,0.6612817305569331
8483431,Logan Cooley,UTA,F,20232024,1307.8,0.46296296296296297,0.4807692307692308,0.4940025641025641,0.0007915533188919133,0.31777511037775985
8471214,Alex Ovechkin,WSH,F,20232024,1526.75,0.7433751743375174,0.46861404599129897,0.381656096200504,-0.009079364765109676,-1.8101716476376828
8471698,T.J. Oshie,WSH,F,20232024,882.3,0.6230248306997742,0.43889479277364507,0.39493802076461576,-0.03287481246920482,-2.2234725574443868
8474590,John Carlson,WSH,D,20232024,2131.5666666666666,0.47985004686035615,0.4702678166137086,0.4774673948705033,0.011071377790630388,0.1852223823963539
8480873,Rasmus Sandin,WSH,D,20232024,1438.3,0.5188172043010753,0.46342825237297597,0.4567048652762018,0.0018093565716838511,0.0005817417141044419
8475744,Evgeny Kuznetsov,WSH,F,20232024,1105.9666666666667,0.5879629629629629,0.46252129471890974,0.43109212805224306,-0.03750184068236828,-1.8632746389362687
8481580,Connor McMichael,WSH,F,20232024,1279.8333333333333,0.552772808586762,0.4645669291338583,0.4457112046258082,-0.003037446676960709,-0.9279481278389158
8477845,Trevor van Riemsdyk,WSH,D,20232024,1309.9666666666667,0.45614035087719296,0.45852687458526875,0.4741979272168477,-0.00028015979591711204,0.17286500884170572
8476880,Tom Wilson,WSH,F,20232024,1343.45,0.5845410628019324,0.5029498525073747,0.4727433307682442,0.035603086823340124,1.0330941271614171
8480796,Martin Fehérváry,WSH,D,20232024,1297.6,0.4226267880364109,0.4635549872122762,0.4912004358468666,0.008989444759690768,0.3991653953333582
8475324,Nick Jensen,WSH,D,20232024,1537.25,0.41533546325878595,0.4402332361516035,0.4704838751292393,-0.015390243741444876,-0.7443574855642235
8475343,Nic Dowd,WSH,F,20232024,974.15,0.11091854419410745,0.41526263627353815,0.5542814404329836,-0.011801388724094475,0.09129405819435259
8477511,Anthony Mantha,WSH,F,20232024,1053.75,0.48130841121495327,0.5189058728881738,0.525584377561071,0.046644311969166685,2.1058645459079424
8479359,Beck Malenstyn,WSH,F,20232024,1157.3333333333333,0.10063897763578275,0.4011676396997498,0.5438593329904846,-0.030736623750948155,-0.09768711723963369
8478440,Dylan Strome,WSH,F,20232024,1473.0666666666666,0.6428571428571429,0.508833922261484,0.4577910651186269,0.039502993494783034,1.3725896054055982
8477947,Sonny Milano,WSH,F,20232024,614.1666666666666,0.5434782608695652,0.4731638418079096,0.457629059199214,0.0099460152245614,1.0819994541207913
8479547,Matthew Phillips,WSH,F,20232024,315.6666666666667,0.5384615384615384,0.4305555555555556,0.4168132478632479,-0.039063829214563695,-1.2616749278988688
8482159,Tyson Foerster,PHI,F,20232024,1337.15,0.5062305295950156,0.5584239130434783,0.5561977448191792,0.019669464578477625,1.320802759752006
8476918,Jimmy Vesey,NYR,F,20232024,991.2833333333333,0.31007751937984496,0.4739583333333333,0.5418176356589147,0.0007855208834151584,1.0588871376193802
8479671,Mathieu Olivier,CBJ,F,20232024,611.65,0.41544117647058826,0.45692883895131087,0.4871417065983697,-0.010590136569776254,0.111888393190294
8483460,David Jiricek,CBJ,D,20232024,628.6166666666667,0.5443786982248521,0.4695752009184845,0.45371869204274484,-0.007322568582579736,-0.17650968099251246
8480871,Adam Boqvist,CBJ,D,20232024,640.7833333333333,0.5844875346260388,0.47667804323094426,0.4464906471090606,-0.0050627055645799945,-1.2478494426233508
8481708,Zac Jones,NYR,D,20232024,457.1666666666667,0.5355191256830601,0.49921011058451814,0.48651912697796074,-0.004662748824942664,0.018157788355949975
8482660,Kent Johnson,CBJ,F,20232024,574.0833333333334,0.555956678700361,0.48200312989045385,0.46200980859081486,0.003384594155565135,-0.10854827749835305
8477938,Haydn Fleury,TBL,D,20232024,387.96666666666664,0.3894736842105263,0.4460285132382892,0.4855195658698681,-0.0438275799233076,-2.627388707235288
8476874,Olli Määttä,DET,D,20232024,1158.8166666666666,0.5210355987055016,0.4629498941425547,0.45543387472507896,0.008109758524536936,0.5675862140141176
8481147,Reese Johnson,CHI,F,20232024,459.18333333333334,0.4024390243902439,0.4740484429065744,0.5089069794919402,0.04283136244037433,1.8175822808544708
8478502,Dennis Gilbert,CGY,D,20232024,419.21666666666664,0.5505050505050505,0.4952919020715631,0.47724644752610856,-0.01441880133267398,0.06630281105284555
8476917,Adam Pelech,NYI,D,20232024,1180.4833333333333,0.4142194744976816,0.5028129395218003,0.5334623212837787,0.02902839131237528,1.0069124269693566
8477500,Bo Horvat,NYI,F,20232024,1596.0,0.5579078455790785,0.5320145757418011,0.5113241025163964,0.03802132540465003,0.5804529166270089
8478445,Mathew Barzal,NYI,F,20232024,1616.3666666666666,0.5935397039030955,0.5342671335667833,0.5008453973622073,0.03905813089172294,0.46306785868628886
8480865,Noah Dobson,NYI,D,20232024,1941.3,0.5096774193548387,0.4902301346070343,0.4867723926715504,0.005994499383622454,-0.2870701958066093
8481601,Simon Holmstrom,NYI,F,20232024,1002.5666666666667,0.46238532110091746,0.446843853820598,0.4602835785912402,-0.019911777387924323,-1.2730651557304695
8475151,Kyle Palmieri,NYI,F,20232024,1420.3166666666666,0.5445859872611465,0.49909145972138097,0.48316088647297334,0.008434385625665897,-0.08155170169216683
8475754,Brock Nelson,NYI,F,20232024,1489.35,0.5604229607250756,0.49000571102227297,0.46841658715520346,-0.005203725459346109,-0.5023679497507398
8477506,Ryan Pulock,NYI,D,20232024,1311.8833333333334,0.39078751857355126,0.48231511254019294,0.5213367321538631,0.006640609396790731,0.9225249288047349
8478115,Pierre Engvall,NYI,F,20232024,1135.4166666666667,0.5662878787878788,0.5171717171717172,0.49348705808080806,0.034044458645357434,0.6580424350014572
8481014,Alexander Romanov,NYI,D,20232024,1694.8833333333334,0.4584795321637427,0.4704821991888238,0.4853174623467185,-0.0040604910369972935,-0.42866521812342295
8475314,Anders Lee,NYI,F,20232024,1262.2833333333333,0.5501432664756447,0.5208946439081813,0.5029784547964334,0.03278230739541338,0.6779769374916278
8476419,Jean-Gabriel Pageau,NYI,F,20232024,1306.9,0.34873323397913564,0.4329971181556196,0.48704473365487444,-0.033500621973895695,-0.19929308602851886
8477392,Hudson Fasching,NYI,F,20232024,544.1166666666667,0.38188976377952755,0.44460028050490885,0.48680106790648364,-0.023213275314736215,0.4174284228293356
8476429,Scott Mayfield,NYI,D,20232024,772.7666666666667,0.37026239067055394,0.4039580908032596,0.45031333861667067,-0.06508039907470337,-0.9782984770341517
8480222,Sebastian Aho,NYI,D,20232024,953.4833333333333,0.6556291390728477,0.4955823293172691,0.4399760379265406,0.007576707402993932,-1.277466729597718
8473504,Cal Clutterbuck,NYI,F,20232024,974.2166666666667,0.34249471458773784,0.42379547689282204,0.48007211537062333,-0.03495382967949312,-0.188216426763397
8474709,Matt Martin,NYI,F,20232024,532.3333333333334,0.4136690647482014,0.44925373134328356,0.4800997745087512,-0.00966233589877874,0.3975667303894155
8475231,Casey Cizikas,NYI,F,20232024,976.6833333333333,0.31196581196581197,0.46289424860853434,0.5300788639931497,0.0026129660941060506,1.5226614585789813
8475218,Mattias Ekholm,EDM,D,20232024,1664.7,0.5920177383592018,0.5885545140601874,0.5556765761444447,0.02503711663948649,0.6241865065058538
8480021,Jack Studnicka,SJS,F,20232024,251.93333333333334,0.3706896551724138,0.4065573770491803,0.45275996325607687,-0.03651004865432034,0.07300006390436005
8471699,Andrew Cogliano,COL,F,20232024,796.8666666666667,0.3581081081081081,0.493116395494368,0.543814368467341,-0.006961074458067373,0.0258110282135839
8475764,Cam Fowler,ANA,D,20232024,1984.45,0.5034403669724771,0.45963673057517657,0.45840748745591053,-0.0013381267046433942,-0.7107684455675279
8476458,Ryan Strome,ANA,F,20232024,1248.1166666666666,0.4766666666666667,0.4541607898448519,0.4624977898448519,-0.004928170427973166,0.10288289957280533
8478366,Frank Vatrano,ANA,F,20232024,1506.4333333333334,0.4837340876944837,0.4428300694883133,0.4486418799550743,-0.017823114076918944,-0.9727348112587378
8481527,Kaedan Korczak,VGK,D,20232024,429.1333333333333,0.47465437788018433,0.49469964664310956,0.5037556374265197,0.0033963992900649664,0.4639302874858178
8482142,Jamie Drysdale,PHI,D,20232024,670.4666666666667,0.6187683284457478,0.5024154589371981,0.4599795351835324,-0.01670602560605783,-1.9705009475724193
8482745,Mason McTavish,ANA,F,20232024,1047.8666666666666,0.5122873345935728,0.45216680294358136,0.4477765382932978,-0.009521307826144076,-0.7730665446836725
8481533,Trevor Zegras,ANA,F,20232024,530.9,0.5492957746478874,0.47572815533980584,0.45811477505811565,0.009837672368989359,0.13896136922774874
8474641,Adam Henrique,ANA,F,20232024,1385.4333333333334,0.4405705229793978,0.46957766642806015,0.4908118185675213,-0.01012467246884352,-0.3491277393665592
8475462,Radko Gudas,ANA,D,20232024,1290.4666666666667,0.398576512455516,0.4849315068493151,0.5211701189489593,0.02828100163122932,1.6480261071973177
8478873,Troy Terry,ANA,F,20232024,1390.8833333333334,0.49745331069609505,0.49039692701664533,0.49130685910493055,0.02334390637324968,0.9964816742366233
8481605,Jackson LaCombe,ANA,D,20232024,1381.2333333333333,0.44631901840490795,0.4446693657219973,0.46384958044592367,-0.01646653829839856,-0.7367792498090212
8480950,Ilya Lyubushkin,ANA,D,20232024,1267.7,0.4844517184942717,0.46279863481228667,0.46835403579428336,-0.010689012477421211,-0.9276179475205937
8483490,Pavel Mintyukov,ANA,D,20232024,1189.7833333333333,0.48405253283302063,0.4685466377440347,0.47424466776279645,0.005157557002830271,-0.07187343590268327
8480870,Bo Groulx,ANA,F,20232024,548.4833333333333,0.3715415019762846,0.42320261437908496,0.46910083572295846,-0.0312535968541614,-0.604466516799684
8479368,Max Jones,ANA,F,20232024,628.85,0.41916167664670656,0.4419475655430712,0.47083109847720295,-0.01929453427343719,-0.3543969483986504
8475164,Jakob Silfverberg,ANA,F,20232024,1058.1166666666666,0.44956140350877194,0.5033428844317096,0.5213645949580253,0.05072737628126611,1.9570550438504999
8477527,Ross Johnston,ANA,F,20232024,563.1,0.47126436781609193,0.42428571428571427,0.4345529556650246,-0.03429057748970654,-1.676007252922352
8481517,Brett Leason,ANA,F,20232024,887.9,0.4609375,0.45535714285714285,0.4693141741071428,0.001631272509509507,-1.0561004278272696
8475842,Sam Carrick,ANA,F,20232024,947.7833333333333,0.3978779840848806,0.4734607218683652,0.5099489181548373,0.008259400059110023,0.5908203019754921
8481606,Jordan Spence,LAK,D,20232024,1028.7333333333333,0.5928853754940712,0.5554655870445344,0.5222776423805028,0.006970147640336655,0.013889859235067916
8477962,Brendan Lemieux,CAR,F,20232024,256.98333333333335,0.5968992248062015,0.513595166163142,0.47897307313988624,-0.0825564135807011,-3.341020971378061
8479994,Jaret Anderson-Dolan,LAK,F,20232024,343.1333333333333,0.56,0.47608695652173916,0.45464895652173914,-0.06857547081582216,-2.331651759647557
8475766,Austin Watson,TBL,F,20232024,239.73333333333332,0.4132231404958678,0.4131944444444444,0.44419981634527084,-0.06370235877570912,-2.0335932423065066
8479718,Alex Barré-Boulet,TBL,F,20232024,403.5833333333333,0.6144578313253012,0.47775628626692457,0.43686050313439445,-0.026490456898667414,-2.5839960058344373
8478512,Austin Czarnik,DET,F,20232024,286.9166666666667,0.44516129032258067,0.4477211796246649,0.46731505059240686,-0.0027808689762777727,1.489389430514803
8479442,Troy Stecher,UTA,D,20232024,991.7,0.4543478260869565,0.49705634987384356,0.513367871612974,0.014730830432648778,0.5099551051846091
8480025,MacKenzie Entwistle,CHI,F,20232024,764.9,0.4472934472934473,0.42994241842610365,0.44877446970815493,-9.200008656384817e-05,0.28516887529093043
8479458,Nikita Zaitsev,CHI,D,20232024,607.6833333333333,0.6144200626959248,0.42246642246642246,0.38158413406516856,-0.012797586876100053,-1.8326651361238313
8480823,Alexander Alexeyev,WSH,D,20232024,534.15,0.4942528735632184,0.48217317487266553,0.4842266231485276,0.02309867856182679,0.641248255079539
8481656,Aliaksei Protas,WSH,F,20232024,1075.95,0.39478957915831664,0.48514851485148514,0.5227401982182186,0.025731959132888227,1.7023602063776524
8474567,Zach Bogosian,MIN,D,20232024,1166.0333333333333,0.4882882882882883,0.5089531680440771,0.5131377626386717,0.01177508839000857,0.6677565270407433
8479370,Tyson Jost,BUF,F,20232024,455.6333333333333,0.4845814977973568,0.44320297951582865,0.44871201035283304,-0.05566010453862141,-2.0829316804734748
8477541,Dakota Mermis,MIN,D,20232024,664.75,0.5370370370370371,0.4963680387409201,0.48313470540758674,0.0016446407225279014,0.2796155981805634
8479543,Michael Pezzetta,MTL,F,20232024,476.6333333333333,0.39893617021276595,0.4191304347826087,0.45524054116558743,-0.026093479033816813,-0.45640464515002305
8477369,Carson Soucy,VAN,D,20232024,701.9333333333333,0.3895705521472393,0.49226804123711343,0.5317244829549048,-0.012557884886707227,0.25912394901541136
8481541,Samuel Bolduc,NYI,D,20232024,446.93333333333334,0.47520661157024796,0.4721311475409836,0.480989825226934,0.007759036307280143,1.1619362259165247
8481560,Arthur Kaliyev,LAK,F,20232024,604.1333333333333,0.5586206896551724,0.598978288633461,0.5780331162196679,0.04944741826697863,2.0658349300096583
8478449,Roope Hintz,DAL,F,20232024,1379.9166666666667,0.5287206266318538,0.5532646048109966,0.5430027249154352,0.020663781388824742,0.42203644668227086
8480064,Josh Norris,OTT,F,20232024,883.8833333333333,0.5303370786516854,0.5069075451647184,0.49606810696247117,-0.01352681650910248,-0.221061643342156
8477446,Michael McCarron,NSH,F,20232024,895.5,0.356234096692112,0.49682107175295187,0.5481886290048603,-0.012465554725386463,0.24263642553279954
8478017,Mark Friedman,VAN,D,20232024,284.9,0.6170212765957447,0.5176151761517616,0.475803474024102,0.004530842215027864,-1.9314838625521868
8474166,Alec Martinez,VGK,D,20232024,1047.4333333333334,0.48534798534798534,0.45149253731343286,0.4567277021485977,-0.03888749788811208,-1.3128633197439465
8481019,David Gustafsson,WPG,F,20232024,361.73333333333335,0.3850574712643678,0.5024509803921569,0.5435199459093982,-0.008685958536768679,-0.03648654192837169
8479378,Logan Stanley,WPG,D,20232024,344.18333333333334,0.4805194805194805,0.5077605321507761,0.5147209217611657,-0.00472213282095435,0.6672152827564037
8484153,Leo Carlsson,ANA,F,20232024,1001.7666666666667,0.4976635514018692,0.5012942191544435,0.5021290322385557,0.03187567536556818,1.3789833135782326
8478099,Kevin Labanc,SJS,F,20232024,535.75,0.40671641791044777,0.4603174603174603,0.4936476841980573,0.029369436898567636,1.1309971694250662
8476919,Chris Tierney,NJD,F,20232024,470.8,0.47342995169082125,0.4520547945205479,0.46154827278141747,-0.03917240329953037,-1.0260836753577638
8480879,Jacob Bernard-Docker,OTT,D,20232024,1131.6833333333334,0.4886164623467601,0.4759080800593032,0.4799754180628058,-0.03577027847161873,-0.7001506155684134
8479328,Julien Gauthier,NYI,F,20232024,275.06666666666666,0.34868421052631576,0.3601108033240997,0.4141759349030471,-0.09369881640017164,-2.2377783145487045
8480789,Oliver Wahlstrom,NYI,F,20232024,354.25,0.4918032786885246,0.4212678936605317,0.42419658218512185,-0.05155624876946491,-2.308185778910344
8481624,Ilya Mikheyev,VAN,F,20232024,1115.1,0.5123339658444023,0.5247208931419458,0.5203139671457409,0.01294226527944986,0.42819682178641766
8482111,Justin Barron,MTL,D,20232024,897.5666666666667,0.5220883534136547,0.46237533998186764,0.4544831713071688,0.00169350279933278,-1.1729761234538938
8480995,Pontus Holmberg,TOR,F,20232024,624.7,0.5302013422818792,0.5190217391304348,0.5082307995331193,0.011479887090171337,0.29322652518840775
8480834,Ty Emberson,SJS,D,20232024,557.2,0.42011834319526625,0.42670537010159654,0.4552470860779279,-0.004244787816207574,-0.3407452441955793
8478854,Ryan Shea,PIT,D,20232024,391.3833333333333,0.3821656050955414,0.47928994082840237,0.5213921701277654,-0.013701566244494534,-0.11111239455641934
8482241,Radim Zohorna,PIT,F,20232024,322.35,0.32903225806451614,0.5125284738041003,0.5736152479976486,0.018512607439039708,1.5143482397191304
8480001,Urho Vaakanainen,ANA,D,20232024,1192.4833333333333,0.4283154121863799,0.4799139167862267,0.5055268200120332,0.021418326989181835,1.2049962396828333
8480184,Gustav Lindstrom,ANA,D,20232024,716.6,0.3987915407854985,0.41939120631341603,0.4555529887907574,-0.0381366591870837,-0.46378696760159266
8481206,John Ludvig,PIT,D,20232024,390.01666666666665,0.33714285714285713,0.4959183673469388,0.5541072244897959,0.006710367677713325,0.7253353170804492
8479367,William Lockwood,FLA,F,20232024,219.36666666666667,0.48717948717948717,0.5275590551181102,0.5321398243488794,0.0029525582423004515,0.5805543741424701
8480798,Philipp Kurashev,CHI,F,20232024,1427.3,0.5628571428571428,0.4238628872775214,0.4014040301346643,-0.006501953459768672,-0.5472719767503771
8479968,Vinni Lettieri,MIN,F,20232024,441.1,0.30386740331491713,0.46167883211678834,0.5317570089123684,-0.014312689441319582,1.2947331702625393
8478211,Dryden Hunt,CGY,F,20232024,311.6166666666667,0.5476190476190477,0.5036319612590799,0.4866176755447942,-0.0014855952961049246,0.06743470887636838
8480003,Jesper Boqvist,BOS,F,20232024,525.9166666666666,0.35436893203883496,0.48598130841121495,0.5380152889937392,0.021006479546117063,1.2755419573682947
8481716,Dmitri Voronkov,CBJ,F,20232024,1010.7,0.5864527629233511,0.4923939151321057,0.4615043429395923,0.015826012989717253,-0.08425079339095021
8474145,Robert Bortuzzo,NYI,D,20232024,371.2,0.5490196078431373,0.4394904458598726,0.4219757399775197,-0.032404663293194136,-1.1863342591697958
8481059,Scott Perunovich,STL,D,20232024,824.6833333333333,0.6230529595015576,0.47914438502673795,0.43517756259683144,0.025999336355926828,-0.47714960801847334
8480830,Andrei Svechnikov,CAR,F,20232024,1004.5333333333333,0.5582706766917294,0.5743670886075949,0.5535469758256399,-0.006406435932529209,-0.011807353342249752
8477846,Ryan Carpenter,SJS,F,20232024,688.3833333333333,0.42443729903536975,0.4848116646415553,0.5118102176962177,0.053611672828105694,1.7997456681248076
8477482,Zachary Sanford,CHI,F,20232024,314.26666666666665,0.5584415584415584,0.4576271186440678,0.436745949812899,0.009322878220818787,-0.749270124727701
8479546,Oskar Steen,BOS,F,20232024,308.3833333333333,0.26277372262773724,0.45170454545454547,0.536465494359655,-0.0013558051768838841,0.46974459457173473
8476469,Joel Armia,MTL,F,20232024,1028.0666666666666,0.48201438848920863,0.48943985307621674,0.4958661120690225,0.033892944384675106,0.23746366926455378
8478021,William Lagesson,TOR,D,20232024,596.6166666666667,0.5094339622641509,0.49789621318373073,0.4945254584667496,-0.0009505551050313366,-0.3886495452092268
8480196,Jacob Bryson,BUF,D,20232024,528.3666666666667,0.4279835390946502,0.49149922720247297,0.5172307086839545,-0.006725519391639068,0.9191854778079771
8482148,Hendrix Lapierre,WSH,F,20232024,583.3,0.6153846153846154,0.44756277695716395,0.40633585388024085,-0.01951513276144623,-1.9674997752952892
8477935,Sam Bennett,FLA,F,20232024,1160.25,0.5934664246823956,0.5569877883310719,0.5235922347920519,0.012183043483045997,0.2476134025879163
8478046,Danton Heinen,BOS,F,20232024,1070.4333333333334,0.451171875,0.47473200612557426,0.49217829518807427,0.0035739441365655322,-0.2854968027021826
8482192,Isaak Phillips,CHI,D,20232024,564.9166666666666,0.44176706827309237,0.4156545209176788,0.4364611474237029,-0.01675951915951457,-0.9326139658356002
8482074,Connor Zary,CGY,F,20232024,962.6166666666667,0.6365638766519823,0.5204081632653061,0.47161389013755284,0.00045795023228378806,0.31172366376194727
8482511,Mason Lohrei,BOS,D,20232024,696.05,0.5868263473053892,0.4682352941176471,0.43721224022543154,-0.011693474845734242,-2.162785798575433
8478450,Parker Wotherspoon,BOS,D,20232024,729.35,0.3758620689655172,0.4791431792559188,0.5234976620145395,0.010589279888512493,1.1911532785464516
8474040,Sam Gagner,EDM,F,20232024,285.8833333333333,0.5234899328859061,0.5354107648725213,0.527017811852387,-0.004492684539335379,0.23047726714650868
8481537,Nikita Okhotiuk,SJS,D,20232024,827.45,0.43891402714932126,0.43800904977375565,0.4598350678733032,-0.004337755014433176,-0.1137058150102984
8479439,Jacob MacDonald,SJS,D,20232024,408.73333333333335,0.4926829268292683,0.4575569358178054,0.4601713260617078,0.023387332619190127,-0.16429578026896796
8477989,Christian Dvorak,MTL,F,20232024,467.3,0.38961038961038963,0.441340782122905,0.4807829899151128,-0.016047540838287855,-0.18955574387191132
8481564,Ryan Johnson,BUF,D,20232024,569.2833333333333,0.5900383141762452,0.5125164690382081,0.48034577938303574,0.0028784511459247764,-0.012174341215348133
8482475,Egor Chinakhov,CBJ,F,20232024,813.1833333333333,0.5048543689320388,0.48760330578512395,0.4858688397657065,0.012520786391889027,0.9234149517040592
8477380,Jonny Brodzinski,NYR,F,20232024,634.2666666666667,0.47633136094674555,0.5062814070351759,0.5147382117689037,0.012006278587670227,0.9795753470196005
8480084,Nick DeSimone,CGY,D,20232024,460.21666666666664,0.6094420600858369,0.49926578560939794,0.46016213754072843,-0.010917087330422237,-0.39377582417581475
8481028,Martin Pospisil,CGY,F,20232024,801.3333333333334,0.6229166666666667,0.5318777292576419,0.48795960425764184,0.013404526122508087,1.052604260087622
8473986,Alex Killorn,ANA,F,20232024,1180.65,0.5106796116504855,0.4972332015810277,0.49341737633830923,0.030771196391713773,0.869717002175865
8476422,Mike Reilly,NYI,D,20232024,1049.6,0.6177024482109228,0.5243722304283605,0.48231714568259776,0.04097200704224241,0.5525360997107531
8481122,Simon Benoit,TOR,D,20232024,1107.7833333333333,0.3813953488372093,0.5182427401340283,0.5606201819944934,0.010522861480897872,1.8531459649554052
8481582,Nicholas Robertson,TOR,F,20232024,639.0166666666667,0.5986159169550173,0.5239808153477218,0.4887453482196941,0.00894526535660134,-0.19153433610863888
8477810,Joel Hanley,DAL,D,20232024,583.6,0.4388059701492537,0.5121621621621621,0.5340267890278338,-0.009501389649383296,1.841534356938665
8480468,James Hamblin,EDM,F,20232024,246.6,0.4274193548387097,0.48717948717948717,0.5131125516956162,-0.046047873477170265,-1.061083843591242
8474716,Jared Spurgeon,MIN,D,20232024,373.23333333333335,0.47093023255813954,0.5267857142857143,0.537172342192691,0.030317328047326453,1.369740076009227
8477979,Nicolas Aube-Kubel,WSH,F,20232024,738.1333333333333,0.125531914893617,0.42350332594235035,0.557300772750861,-0.0023756158870757993,0.6175184892954899
8480727,Zach Whitecloud,VGK,D,20232024,1075.1666666666667,0.4507042253521127,0.48259860788863107,0.5002119881703212,-0.003631908244751181,0.1741964999816422
8482259,Bobby McMann,TOR,F,20232024,647.3166666666667,0.41964285714285715,0.5042117930204573,0.5329234001633144,0.0038403275252278934,0.9693252461650237
8476927,Teddy Blueger,VAN,F,20232024,1016.3333333333334,0.4124168514412417,0.5424187725631769,0.5737122315432213,0.031113268790995408,0.8585026652953183
8478452,Caleb Jones,COL,D,20232024,305.2,0.3629032258064516,0.4987146529562982,0.547699330375653,0.0019153542959164938,1.3279522688036618
8481641,Joel Kiviranta,COL,F,20232024,552.55,0.3605150214592275,0.4724025974025974,0.5222405802352154,-0.02149853561546944,-0.7837184182534761
8484258,Sam Malinski,COL,D,20232024,327.2,0.3237410071942446,0.47540983606557374,0.5383871741950701,-0.019114677488660803,0.45215000063104593
8476934,Brock McGinn,ANA,F,20232024,266.85,0.3474576271186441,0.4470198675496689,0.5015232573801773,-0.005209854360648081,1.2572368380914567
8480891,Michael Kesselring,UTA,D,20232024,1036.3333333333333,0.5396825396825397,0.5,0.48582142857142857,0.01860142446527674,0.24322561399930998
8476525,Colin Miller,NJD,D,20232024,725.0666666666667,0.6171284634760705,0.5311542390194075,0.4893042390194075,0.019903349455411057,0.37254258811850677
8479536,Axel Jonsson-Fjallby,WPG,F,20232024,211.96666666666667,0.36470588235294116,0.5454545454545454,0.5937951336898395,0.036655811796844295,2.958043882055744
8477986,Brandon Montour,FLA,D,20232024,1561.4333333333334,0.5412445730824892,0.5317820658342792,0.5170453798719058,-0.009090425308538985,0.12861459347845292
8477932,Aaron Ekblad,FLA,D,20232024,1077.4,0.4970414201183432,0.5462885738115096,0.5473456744032256,0.0013835465702340954,-0.0723701254691094
8479981,Jonah Gadjovich,FLA,F,20232024,289.8666666666667,0.5099337748344371,0.4649859943977591,0.46143665664941474,-0.054553916929611035,-0.23409673031327616
8481056,Spencer Stastney,NSH,D,20232024,319.6666666666667,0.49696969696969695,0.5344418052256532,0.5355245324983805,0.017581200548405174,0.1027665069687793
8476441,Joel Edmundson,WSH,D,20232024,884.2166666666667,0.4533678756476684,0.4658886894075404,0.4825503474386285,0.001808919145251442,-0.08737367288503328
8479423,Alex Nylander,CBJ,F,20232024,456.31666666666666,0.5215686274509804,0.4901315789473684,0.4824251083591331,0.009762223005717663,0.27754464993987227
8481593,Jayden Struble,MTL,D,20232024,905.3666666666667,0.4765625,0.4510433386837881,0.4594175574337881,-0.006855248859707508,-0.4770064220695435
8479315,Joey Anderson,CHI,F,20232024,745.9333333333333,0.3945945945945946,0.4589127686472819,0.49657411999863327,0.025598425296830096,0.05578697181031432
8479982,Conor Timmins,TOR,D,20232024,401.8,0.6329787234042553,0.5737051792828686,0.5261918814105282,0.05504534470126976,1.5419753075060392
8482496,Nils Aman,VAN,F,20232024,444.43333333333334,0.5562913907284768,0.47577092511013214,0.4556580112028474,-0.031818544849206765,-2.893089315229605
8477499,Rasmus Ristolainen,PHI,D,20232024,520.0666666666667,0.5551839464882943,0.5640648011782032,0.5443475770979357,0.02671134483454085,1.5995758677776235
8477473,Justin Bailey,SJS,F,20232024,667.1333333333333,0.47780678851174935,0.47005649717514125,0.47798613163989323,0.038277149428535884,0.772069496697544
8483495,Simon Nemec,NJD,D,20232024,1193.2333333333333,0.518918918918919,0.4959893048128342,0.4892295750831045,-0.007979772125928764,-0.06261362867792357
8480990,Declan Chisholm,MIN,D,20232024,512.4,0.547945205479452,0.5209790209790209,0.5038481990612127,0.01761876200415491,0.7557367357259176
8478477,Mitchell Stephens,MTL,F,20232024,208.8,0.43373493975903615,0.4152542372881356,0.438930743312232,-0.02658856886986599,-1.0294807371780934
8481806,Louis Crevier,CHI,D,20232024,377.03333333333336,0.3348623853211009,0.38144329896907214,0.4404469686938428,-0.04459055516349708,-0.11139774391861908
8476873,Mark Jankowski,NSH,F,20232024,405.4166666666667,0.6081081081081081,0.586073500967118,0.5474464739400909,0.0551939103068545,0.9776206625157459
8474141,Patrick Kane,DET,F,20232024,919.0666666666667,0.5339805825242718,0.46934865900383144,0.4572073968679091,0.007594095047290084,-0.7680449199175164
8482858,Ryker Evans,SEA,D,20232024,691.9,0.6459854014598541,0.5072847682119205,0.45512418427031465,0.00479404648262699,-1.2180976351794648
8481703,Valtteri Puustinen,PIT,F,20232024,613.95,0.4823529411764706,0.5162548764629389,0.5225601705805859,0.011303811763460514,0.12133695361518837
8483570,Ben Meyers,ANA,F,20232024,235.15,0.5172413793103449,0.42735042735042733,0.4211900825228411,-0.05012083457107408,-3.4039325661962274
8482070,Mitchell Chaffee,TBL,F,20232024,340.35,0.47540983606557374,0.47342995169082125,0.48221601726459173,-0.01835519870809177,-2.0947817443730568
8479421,Jacob Moverare,LAK,D,20232024,252.86666666666667,0.45390070921985815,0.5214723926380368,0.5379436692337815,-0.023559856382643796,0.30062726704722503
8482097,Jack Quinn,BUF,F,20232024,422.31666666666666,0.5773195876288659,0.5071868583162218,0.479560569656428,-0.004706135338432338,-1.493101596658792
8476867,Brendan Gaunce,CBJ,F,20232024,283.05,0.381294964028777,0.4650537634408602,0.5074670727933782,-0.0014977479141947692,1.0834027949314422
8476278,Colin Blackwell,CHI,F,20232024,639.5333333333333,0.414985590778098,0.4793388429752066,0.5097144913901922,0.04792337945293268,0.5339701015840927
8483491,Ivan Miroshnichenko,WSH,F,20232024,254.95,0.6507936507936508,0.46321525885558584,0.4093366874270144,-0.006649414917595575,-1.39178041540962
8481422,Jake Lucchini,MIN,F,20232024,387.6166666666667,0.35074626865671643,0.43073593073593075,0.48406428894488596,-0.05367595226161703,-0.4588494045560151
8482762,Simon Edvinsson,DET,D,20232024,292.45,0.4666666666666667,0.48055555555555557,0.49246555555555555,0.027806709546008945,0.0678672427061281
8482516,Matthew Kessel,STL,D,20232024,655.35,0.475,0.4593939393939394,0.4683264393939394,0.008777050343954484,0.4425082243367708
8478451,Ethan Bear,WSH,D,20232024,357.73333333333335,0.5454545454545454,0.47085201793721976,0.4546111088463107,0.00467572271555472,-0.028248002699466968
8474157,Max Pacioretty,WSH,F,20232024,678.3833333333333,0.563573883161512,0.4808454425363276,0.45813049408271933,0.014861896742971226,1.165415715712488
8480806,Isac Lundeström,ANA,F,20232024,660.8833333333333,0.4326241134751773,0.4538690476190476,0.47794245187436674,-0.007081198426933222,-0.09421789421644178
8477034,Jaycob Megna,CHI,D,20232024,773.25,0.45592705167173253,0.40981856990394877,0.42556583434163875,-0.020730854782484986,-0.5612373859971972
8477573,Nathan Walker,STL,F,20232024,486.5,0.41621621621621624,0.43500866551126516,0.4649446114572111,0.0008121286545496598,0.6539161073497409
8482929,Emil Lilleberg,TBL,D,20232024,604.7166666666667,0.449438202247191,0.512781954887218,0.5308476852242967,0.021230292937423456,0.9465589496950939
8478495,Denis Gurianov,NSH,F,20232024,219.81666666666666,0.4339622641509434,0.49624060150375937,0.5198358845226273,-0.01862076758350073,1.1702435136117237
8482730,Brandt Clarke,LAK,D,20232024,223.03333333333333,0.6016260162601627,0.5882352941176471,0.5519243185078909,0.03528656645914574,0.2752960401183716
8482699,Dylan Guenther,UTA,F,20232024,738.8666666666667,0.46258503401360546,0.505,0.5183683673469388,0.0261226899728203,1.2767618929091047
8478400,Colin White,MTL,F,20232024,266.6333333333333,0.4,0.45962732919254656,0.49535732919254655,-0.0011887016849658205,-0.06046264494899335
8482749,Joshua Roy,MTL,F,20232024,280.48333333333335,0.5112781954887218,0.5205479452054794,0.5165182459573592,0.059387337258161255,1.2980873479861366
8481237,Kyle MacLean,NYI,F,20232024,323.15,0.5604395604395604,0.45714285714285713,0.4355478021978022,-0.010015252310579204,-1.6760522331030745
8481596,Shane Pinto,OTT,F,20232024,742.4833333333333,0.5514285714285714,0.5422222222222223,0.5238467936507937,0.020472965267751997,0.2799820062933496
8482803,Olen Zellweger,ANA,D,20232024,501.48333333333335,0.555984555984556,0.45483870967741935,0.4348354278241375,-0.009836520069436194,-0.8841624190193283
8478430,Oliver Kylington,CGY,D,20232024,573.2833333333333,0.5751633986928104,0.4877450980392157,0.4608892156862745,-0.024862634686252216,-1.4165761503461967
8470610,Zach Parise,COL,F,20232024,389.9166666666667,0.4264705882352941,0.502,0.5282720588235295,-0.013470494010345613,-1.4166867661847506
8479291,Kevin Rooney,CGY,F,20232024,371.25,0.2847682119205298,0.45526315789473687,0.5321654757755315,-0.039035450802409166,0.8370282315982415
8479344,Jesse Puljujarvi,PIT,F,20232024,204.48333333333332,0.4406779661016949,0.5160142348754448,0.5372099975873093,0.022739550161541056,0.6588925929661469
8475958,Michael Sgarbossa,WSH,F,20232024,274.51666666666665,0.3333333333333333,0.47289156626506024,0.5324415662650602,0.024619554941864574,2.001654830440759
8482624,Daniil Miromanov,CGY,D,20232024,498.6333333333333,0.4708029197080292,0.5603864734299517,0.5708185902182729,0.044731629993159494,2.8641906679639297
8478042,Viktor Arvidsson,LAK,F,20232024,300.45,0.5714285714285714,0.5621301775147929,0.5366087489433643,0.00822533405498116,-1.247675096786333
8479638,Justin Brazeau,BOS,F,20232024,215.76666666666668,0.3333333333333333,0.5319148936170213,0.5914648936170213,0.07096250847391589,3.7210249546318495
8482737,Zachary Bolduc,STL,F,20232024,300.3833333333333,0.4888888888888889,0.43869209809264303,0.44266209809264306,-0.014429868622819642,-1.4140742152952983
8482702,Logan Stankoven,DAL,F,20232024,352.1333333333333,0.5067264573991032,0.5735607675906184,0.5711574043619188,0.04278230031434338,2.41472614042502
8481617,Vasily Podkolzin,VAN,F,20232024,205.38333333333333,0.5408163265306123,0.5328185328185329,0.518234859349145,0.020068645653876893,0.3015832479946544
8482451,Mikael Pyyhtia,CBJ,F,20232024,223.61666666666667,0.453125,0.436241610738255,0.452990048238255,-0.031923222837775767,-0.7220493083569199
8482177,Marat Khusnutdinov,MIN,F,20232024,209.76666666666668,0.46464646464646464,0.4909090909090909,0.5035409090909091,-0.006199733486608017,0.028962249938114876
8475193,Tomas Tatar,NJD,F,20242025,785.0,0.4489795918367347,0.503448275862069,0.5216778676988036,0.020088450701696958,1.9608094239031633
8476292,Ondrej Palat,NJD,F,20242025,1018.9166666666666,0.6113445378151261,0.4722010662604722,0.43241766289912764,-0.039026981207287315,-1.5702253929965295
8477979,Nicolas Aube-Kubel,BUF,F,20242025,207.26666666666668,0.3170731707317073,0.48627450980392156,0.5516342659014826,0.014391022138798615,1.11134710141766
8478043,Sam Lafferty,BUF,F,20242025,548.45,0.37549407114624506,0.46259541984732827,0.507081388226775,-0.017294388350775125,-0.4792536661426788
8478399,Jonas Siegenthaler,NJD,D,20242025,1079.3333333333333,0.3985102420856611,0.512013256006628,0.5482755465094212,0.011014077747676598,0.6305629767809684
8479359,Beck Malenstyn,BUF,F,20242025,755.05,0.35424354243542433,0.4744245524296675,0.5265033347174904,-0.0022457334988252864,0.40718033803667236
8480002,Nico Hischier,NJD,F,20242025,1449.25,0.4756554307116105,0.5384092454112849,0.5471075600180264,0.02914722209061671,1.0074447354615006
8480035,Henri Jokiharju,BUF,D,20242025,984.55,0.4839797639123103,0.4921135646687697,0.49783759502290126,0.0065240113003231515,0.42316233452196017
8480839,Rasmus Dahlin,BUF,D,20242025,1672.7,0.5646929824561403,0.5417112299465241,0.5185964273149452,0.048595505437276365,1.2553493225527765
8483495,Simon Nemec,NJD,D,20242025,371.31666666666666,0.6293706293706294,0.40987124463519314,0.36364711876106726,-0.08308286660561887,-3.687557240774163
8478414,Timo Meier,NJD,F,20242025,1349.1,0.45046235138705415,0.5264705882352941,0.5441703900846997,0.01977705695784704,0.9285483075805333
8481524,Bowen Byram,BUF,D,20242025,1776.1666666666667,0.5191709844559586,0.495752123938031,0.488902331191917,-0.00184221751968483,-0.7896966192105235
8482175,JJ Peterka,BUF,F,20242025,1334.8,0.562962962962963,0.4892367906066536,0.46674012393998693,-0.008593270636489847,-0.49831739359299276
8479407,Jesper Bratt,NJD,F,20242025,1454.5166666666667,0.6769983686786297,0.5083979328165374,0.44515641568766307,-0.00900339254539606,-1.7078486883243655
8477949,Alex Tuch,BUF,F,20242025,1503.9,0.5271084337349398,0.49666221628838453,0.48697637291489054,0.00019760245823879918,-0.4326924746398171
8481559,Jack Hughes,NJD,F,20242025,1295.85,0.7026476578411406,0.5435714285714286,0.47116542042478904,0.031552909758798986,0.3201703801346872
8476462,Dougie Hamilton,NJD,D,20242025,1270.95,0.6099173553719008,0.5218525766470972,0.482579105572717,0.014223685809713005,0.4473961401179291
8475455,Brenden Dillon,NJD,D,20242025,1443.5666666666666,0.563150074294205,0.49294980259447263,0.47038628104915314,-0.008006712216684697,-0.8371252589651565
8482671,Owen Power,BUF,D,20242025,1630.55,0.5087064676616916,0.5144694533762058,0.5113586324806834,0.022740985941074432,0.6177479941291182
8479420,Tage Thompson,BUF,F,20242025,1357.05,0.5262390670553936,0.5079051383399209,0.4985299196810288,0.008340109381636762,0.8096117431681893
8475287,Erik Haula,NJD,F,20242025,950.8333333333334,0.44969199178644764,0.4748134328358209,0.4927884841705231,-0.02224256041355971,-0.6712492086372024
8476474,Stefan Noesen,NJD,F,20242025,1193.4333333333334,0.4659090909090909,0.5250379362670713,0.5372186180852532,0.01940989548377836,1.058356831633422
8480192,Johnathan Kovacevic,NJD,D,20242025,1526.8666666666666,0.38274932614555257,0.5090470446320868,0.5509407104002809,0.013133518866926042,0.9921263889724234
8482097,Jack Quinn,BUF,F,20242025,1047.4166666666667,0.5514705882352942,0.4792358803986711,0.4608454392222005,-0.018506311919589014,-1.4677451313451955
8481528,Dylan Cozens,BUF,F,20242025,1349.1833333333334,0.5172955974842768,0.4895968790637191,0.483417162082587,-0.008010512454903584,-0.21110784479235392
8481032,Paul Cotter,NJD,F,20242025,1004.0666666666667,0.4541577825159915,0.48815566835871405,0.5045350926657503,-0.0025557662029716544,0.5265368900050491
8484145,Zach Benson,BUF,F,20242025,1048.2,0.5031185031185031,0.5487179487179488,0.5476037075537076,0.05920989627125173,1.9932236891584318
8479414,Nathan Bastian,NJD,F,20242025,613.4333333333333,0.4148148148148148,0.4532488114104596,0.48368547807712625,-0.018996056797785488,0.571491917818316
8478413,Jordan Greenway,BUF,F,20242025,517.2666666666667,0.4583333333333333,0.5244755244755245,0.5393630244755245,0.03749969216410659,1.8427049942263882
8482110,Dawson Mercer,NJD,F,20242025,1388.1,0.4265402843601896,0.4885290148448043,0.5147761712429085,-0.01370966804486251,-0.3325535950654892
8477508,Curtis Lazar,NJD,F,20242025,496.93333333333334,0.39748953974895396,0.38953488372093026,0.426161871168629,-0.08945136009288901,-2.3425732333703713
8475722,Jason Zucker,BUF,F,20242025,1100.35,0.4555984555984556,0.49439102564102566,0.5102556974556974,0.0006097294433348166,0.548802617214441
8480802,Ryan McLeod,BUF,F,20242025,1264.1666666666667,0.4431239388794567,0.48226950354609927,0.5025913201844694,-0.008498054458604742,-0.3873520930441785
8480807,Mattias Samuelsson,BUF,D,20242025,1111.5166666666667,0.39337474120082816,0.46877470355731227,0.5068719085262564,-0.02291180956407457,-0.4262593976435256
8477365,Connor Clifton,BUF,D,20242025,1099.4833333333333,0.342042755344418,0.4562248995983936,0.512663023113833,-0.02491337798974369,0.17901048988084003
8483468,Jiri Kulich,BUF,F,20242025,856.7166666666667,0.5265392781316348,0.5155677655677655,0.5060852814913324,0.018426023818031545,0.3723320427837264
8481522,Peyton Krebs,BUF,F,20242025,1060.7166666666667,0.40150093808630394,0.49019607843137253,0.5253897932531362,0.0032487672375961507,0.48448904416193556
8474586,Jordan Eberle,SEA,F,20242025,632.0166666666667,0.46745562130177515,0.47863247863247865,0.4902605851413544,0.0026109607487068698,0.4705136391040827
8475181,Nick Leddy,STL,D,20242025,538.45,0.5192307692307693,0.4928909952606635,0.4860198414145096,0.007975562469248465,-1.328683745102662
8476457,Adam Larsson,SEA,D,20242025,1681.5833333333333,0.4756380510440835,0.48735408560311283,0.4960586099650618,0.004945405121754509,-0.40627269374605807
8476892,Colton Parayko,STL,D,20242025,1498.6833333333334,0.41511771995043373,0.4891101431238332,0.5194385817855433,0.004648969366131239,0.24184135384710453
8477955,Jared McCann,SEA,F,20242025,1361.6833333333334,0.4945736434108527,0.47200566973777464,0.47394450694707696,-0.004972976762247505,-0.21159785112866245
8478407,Vince Dunn,SEA,D,20242025,1302.5166666666667,0.5129770992366413,0.503680981595092,0.4990442640378401,0.02171152961039935,0.7169886949452914
8480023,Robert Thomas,STL,F,20242025,1354.2166666666667,0.5165945165945166,0.5063469675599436,0.5004177467807228,0.02119155016341301,0.4141097030416404
8482077,Dylan Holloway,STL,F,20242025,1295.7833333333333,0.5145299145299145,0.5131860299358517,0.5079944914743133,0.02883465599597934,1.213390792630744
8482089,Jake Neighbours,STL,F,20242025,1267.25,0.5279878971255674,0.4736070381231672,0.46360696248020195,-0.01484704222946992,-0.9692923159676905
8482665,Matty Beniers,SEA,F,20242025,1476.0333333333333,0.5,0.5015309246785058,0.5015309246785058,0.018131659165514957,0.32699208566074794
8475768,Jaden Schwartz,SEA,F,20242025,1397.45,0.497841726618705,0.505256648113791,0.5060277991929277,0.02420957830519649,0.5523934336658657
8477402,Pavel Buchnevich,STL,F,20242025,1408.7333333333333,0.5378151260504201,0.49126344086021506,0.47775209632239996,0.0034992888686353196,-0.4291346263620598
8481598,Philip Broberg,STL,D,20242025,1372.6333333333334,0.4777158774373259,0.4849230769230769,0.49288519391472035,0.0033471684366679355,-0.2601214701256777
8477444,Andre Burakovsky,SEA,F,20242025,1093.8333333333333,0.5147826086956522,0.4719424460431655,0.46666061995620894,-0.004199157048324964,-0.5870574650350411
8476467,Jamie Oleksiak,SEA,D,20242025,1492.95,0.4174252275682705,0.46640755136035533,0.4959115175502123,-0.01156995482950779,-0.33842349689105417
8477986,Brandon Montour,SEA,D,20242025,1790.4666666666667,0.4692737430167598,0.48318181818181816,0.4941603098019299,0.005519993639046206,0.22280122464806842
8479385,Jordan Kyrou,STL,F,20242025,1396.7666666666667,0.5631349782293179,0.4979946524064171,0.4754365246850818,0.011067195355510762,-0.14678335595612743
8476905,Chandler Stephenson,SEA,F,20242025,1465.2,0.456490727532097,0.4523970290344362,0.4679428920872179,-0.029397710564145807,-1.12748139559096
8475753,Justin Faulk,STL,D,20242025,1705.95,0.4864864864864865,0.4581447963800905,0.46297317475846883,-0.028862972701803213,-1.3006235333551976
8480074,Alexandre Texier,STL,F,20242025,387.1166666666667,0.4968944099378882,0.443010752688172,0.4441203800173646,-0.04137321814565281,-1.6997613343520828
8470600,Ryan Suter,STL,D,20242025,1564.3166666666666,0.43561643835616437,0.4650507328072153,0.48805497938255776,-0.021205648548198508,-0.9933784484215951
8482858,Ryker Evans,SEA,D,20242025,1362.2166666666667,0.5091463414634146,0.48065296251511486,0.47738497471023683,0.00011735599122986162,-0.672132312368301
8477416,Oliver Bjorkstrand,SEA,F,20242025,1163.1666666666667,0.5027422303473492,0.5108191653786708,0.5098393664755629,0.03030245688411981,1.2370456802544803
8480009,Eeli Tolvanen,SEA,F,20242025,1115.9166666666667,0.5340314136125655,0.48103932584269665,0.468879901758927,0.0022059702167712136,-0.8185239337135478
8478840,Will Borgen,NYR,D,20242025,1364.15,0.42616033755274263,0.47772567409144195,0.504108585483847,-0.008120306069406558,-0.40868419908944525
8483524,Shane Wright,SEA,F,20242025,1066.1666666666667,0.5087719298245614,0.4628224582701062,0.4596882477437904,-0.017529993999701676,-0.8267970127239305
8477953,Kasperi Kapanen,EDM,F,20242025,743.8,0.521865889212828,0.5107102593010147,0.5028975770852713,-0.01925575801512125,-0.5093446856440619
8475170,Brayden Schenn,STL,F,20242025,1404.8333333333333,0.5028409090909091,0.4782016348773842,0.4771865780592024,-0.011241546258729418,-0.22724772691640072
8478472,Mathieu Joseph,STL,F,20242025,701.85,0.3848797250859107,0.5070422535211268,0.5481747277479309,0.028128228879265804,1.7176803185468656
8481789,Tye Kartye,SEA,F,20242025,590.6333333333333,0.44745762711864406,0.5013513513513513,0.5201247411818598,0.021466462307897727,0.998410076831207
8476826,Yanni Gourde,SEA,F,20242025,860.25,0.43209876543209874,0.5377358490566038,0.5619969601677148,0.05334171383865016,2.185700676398843
8479293,Brandon Tanev,SEA,F,20242025,1010.95,0.4276595744680851,0.47966101694915253,0.5055082509917057,-0.0051663599750401135,-0.8071624742177855
8476889,Radek Faksa,STL,F,20242025,890.0,0.29466357308584684,0.4844587352625938,0.5578254405990207,0.015197079518471879,1.5400823578386547
8477573,Nathan Walker,STL,F,20242025,863.3833333333333,0.3231552162849873,0.46976241900647947,0.5329490602278535,-0.001763025774635496,-0.02189521202595025
8480281,Alexey Toropchenko,STL,F,20242025,979.8833333333333,0.31777777777777777,0.46808510638297873,0.5331931063829787,-0.0036354259893058294,0.024427046744326688
8482516,Matthew Kessel,STL,D,20242025,381.06666666666666,0.5086705202312138,0.49435665914221216,0.4912586822635995,0.006589328167994402,-0.1306591959486594
8475179,Dmitry Kulikov,FLA,D,20242025,1330.2,0.5637583892617449,0.5154185022026432,0.4926376297194217,-0.034835203574910434,-1.2059007218968938
8477507,Nikita Zadorov,BOS,D,20242025,1591.3666666666666,0.4435840707964602,0.47529538131041893,0.4954527928148437,0.005339173367969019,-0.04442925209777121
8478859,Niko Mikkola,FLA,D,20242025,1475.05,0.5779141104294478,0.5479910714285714,0.5201523597721297,0.005597459657042059,0.3731715478472978
8479365,Trent Frederic,BOS,F,20242025,797.7333333333333,0.43783783783783786,0.4709480122324159,0.49315855277295645,0.004545607410095465,-0.009427064944147133
8479368,Max Jones,EDM,F,20242025,201.31666666666666,0.5051546391752577,0.4219409282700422,0.42009917569272265,-0.08103749443513542,-2.594943507781099
8479369,Andrew Peeke,BOS,D,20242025,1334.5333333333333,0.476123595505618,0.4549464398235665,0.4634774791494092,-0.014295806535390032,-0.6830398279901186
8479638,Justin Brazeau,BOS,F,20242025,884.5833333333334,0.4679334916864608,0.4700460829493088,0.4815034463697363,0.004880410158288828,-0.5697507416251665
8480185,Eetu Luostarinen,FLA,F,20242025,1177.8666666666666,0.5700483091787439,0.5269413629160064,0.5019131020464411,-0.014999809504116834,-0.42762482255098827
8482113,Anton Lundell,FLA,F,20242025,1275.1,0.57166392092257,0.5399534522885958,0.5143479333429616,0.00034689477545868375,0.45171652892689684
8482713,Mackie Samoskevich,FLA,F,20242025,908.9166666666666,0.602510460251046,0.5425531914893617,0.5059262040416629,0.0010900697317104413,0.2255975167002229
8477932,Aaron Ekblad,FLA,D,20242025,1319.7166666666667,0.5245641838351822,0.5538961038961039,0.5451193210117933,-0.0062060919579957075,-0.2429239454391218
8477935,Sam Bennett,FLA,F,20242025,1313.3333333333333,0.5792592592592593,0.5405405405405406,0.5122212072072072,-0.012314511327831124,-0.15001508406761668
8478055,Gustav Forsling,FLA,D,20242025,1749.2166666666667,0.5419501133786848,0.5491990846681922,0.5342103091579882,-0.003756666815627696,-0.7442987656539123
8478542,Evan Rodrigues,FLA,F,20242025,1180.6333333333334,0.5734870317002881,0.557398805573988,0.5311418891474751,0.00843749618245826,0.3178382611007042
8479314,Matthew Tkachuk,FLA,F,20242025,949.85,0.5763747454175153,0.5827272727272728,0.5554385761895946,0.027199989356860965,2.0599489565840257
8473419,Brad Marchand,BOS,F,20242025,1251.3166666666666,0.5060240963855421,0.4913522012578616,0.4891997916193074,0.009011341834756215,0.01128492608499859
8475745,Charlie Coyle,BOS,F,20242025,1336.6833333333334,0.3898305084745763,0.4776657060518732,0.517029265373907,-0.00011465900392620965,0.2413799455280666
8479987,Morgan Geekie,BOS,F,20242025,1235.6,0.6782178217821783,0.5,0.4363227722772277,0.020172812826944386,0.07416571523250381
8477933,Sam Reinhart,FLA,F,20242025,1571.2166666666667,0.5736994219653179,0.5772727272727273,0.5509399238045192,0.015493430861543533,0.15670258318258257
8477409,Carter Verhaeghe,FLA,F,20242025,1396.3833333333334,0.5687789799072643,0.5582785415421399,0.5337038120212743,0.000357448700189944,0.1582509847101567
8477493,Aleksander Barkov,FLA,F,20242025,1310.1833333333334,0.571912013536379,0.5961977186311787,0.5705035561946304,0.034832106088812265,0.9559420446951559
8479325,Charlie McAvoy,BOS,D,20242025,1183.5166666666667,0.608130081300813,0.4970464135021097,0.4584115354533292,0.01612799805110282,-1.0455742462752196
8476854,Hampus Lindholm,BOS,D,20242025,354.55,0.45454545454545453,0.5164179104477612,0.5326588195386703,0.04034036167688981,0.6576135437557815
8478421,A.J. Greer,FLA,F,20242025,733.8,0.5,0.5145945945945946,0.5145945945945946,-0.01307927277169263,0.5657034467274553
8479981,Jonah Gadjovich,FLA,F,20242025,310.1166666666667,0.503448275862069,0.4916467780429594,0.49041470907744217,-0.03322538230060612,-0.6775723458923012
8480003,Jesper Boqvist,FLA,F,20242025,988.9166666666666,0.575984990619137,0.4865568083261058,0.45940737117788816,-0.055622428940706625,-2.202969596593755
8480355,Mark Kastelic,BOS,F,20242025,655.0333333333333,0.1989795918367347,0.4496124031007752,0.5571669949375099,-0.0035983871420597335,0.7721342645175249
8480871,Adam Boqvist,NYI,D,20242025,495.55,0.5967078189300411,0.4975369458128079,0.4629832421091042,-0.03198244829152652,-0.844738338237324
8481043,Cole Koepke,BOS,F,20242025,771.5166666666667,0.30198019801980197,0.4594285714285714,0.5301810466760961,0.006305977413256669,0.04020022263061249
8481556,John Beecher,BOS,F,20242025,856.3833333333333,0.18045112781954886,0.4590347923681257,0.5732096043982009,0.010125400736769485,1.87121194347592
8484304,Uvis Balinskis,FLA,D,20242025,1064.9666666666667,0.6033519553072626,0.5351657235246564,0.4982380698933715,-0.010418594163125072,-0.4311083358703988
8478443,Brandon Carlo,BOS,D,20242025,1480.9333333333334,0.32829046898638425,0.4643908181283108,0.5257426335594757,-0.006362405928745596,0.3999047474425003
8482511,Mason Lohrei,BOS,D,20242025,1419.8666666666666,0.5958333333333333,0.4672489082969432,0.4330076582969432,-0.007196676958163506,-0.9057201702683265
8478401,Pavel Zacha,BOS,F,20242025,1496.2833333333333,0.6384839650145773,0.47651006711409394,0.42702974641438546,-0.008372415335156203,-1.0745319256191515
8477496,Elias Lindholm,BOS,F,20242025,1411.6,0.48533724340175954,0.48159057437407954,0.48682957730663085,0.007009737915082692,0.5226749118493917
8477956,David Pastrnak,BOS,F,20242025,1581.2833333333333,0.6772908366533864,0.5012033694344163,0.43785735349816135,0.019455439126020768,0.006772210476901711
8474166,Alec Martinez,CHI,D,20242025,807.0833333333334,0.5,0.40980392156862744,0.40980392156862744,-0.026719964434999133,-1.811896717432528
8476882,Teuvo Teravainen,CHI,F,20242025,1331.8666666666666,0.4014732965009208,0.4610927152317881,0.49629630639200906,0.03322541494340425,1.6846469298560567
8477495,Seth Jones,CHI,D,20242025,1460.3166666666666,0.5523255813953488,0.47010178117048346,0.45140585093792535,0.004326506992415657,-1.02084170027112
8477951,Nick Schmaltz,UTA,F,20242025,1459.0166666666667,0.5779944289693594,0.5224274406332454,0.4945600311624933,-0.01078708790845273,0.16174026921930185
8479343,Clayton Keller,UTA,F,20242025,1474.3166666666666,0.6056149732620321,0.5279255319148937,0.49018930196836963,-0.003233988948552202,0.18311136095566177
8479410,Mikhail Sergachev,UTA,D,20242025,1842.15,0.5095541401273885,0.5296976241900648,0.5262839299225489,0.0005045275703999819,0.37657972249794464
8480434,Sean Durzi,UTA,D,20242025,529.7166666666667,0.5652173913043478,0.5263157894736842,0.5030136155606407,-0.001007824659551626,-0.2815875664897025
8480849,Barrett Hayton,UTA,F,20242025,1252.1333333333334,0.5555555555555556,0.5709342560553633,0.5510842560553633,0.0406005745539858,2.044537240015716
8481624,Ilya Mikheyev,CHI,F,20242025,1182.4333333333334,0.39552238805970147,0.4682080924855491,0.5055379432318178,0.04052731146255134,1.0219828243907159
8484144,Connor Bedard,CHI,F,20242025,1577.2666666666667,0.5582901554404145,0.41795154185022027,0.39712446931136014,-0.017795778114046867,-1.690446739508315
8479315,Joey Anderson,CHI,F,20242025,223.08333333333334,0.32323232323232326,0.39662447257383965,0.45978356348293054,-0.027107480399938877,-1.1487047637448045
8481568,Alex Vlasic,CHI,D,20242025,1818.9333333333334,0.43425414364640885,0.43036649214659684,0.453857486621735,-0.0013590529162528786,-1.1065473724550026
8474673,TJ Brodie,CHI,D,20242025,844.15,0.4797979797979798,0.44935543278084716,0.456573614599029,0.020536980836305785,0.5309033474597719
8482659,Josh Doan,UTA,F,20242025,639.1833333333333,0.5625,0.5666235446313066,0.5442922946313066,0.03898397506166773,1.1314958459632103
8473422,Nick Foligno,CHI,F,20242025,1183.6166666666666,0.4022140221402214,0.4662828947368421,0.501221824626141,0.03853779593828183,1.3196271445026664
8477450,Jason Dickinson,CHI,F,20242025,926.25,0.3429844097995546,0.42063492063492064,0.47673659101353977,-0.012455809593791611,-1.1067051414383984
8478474,Lawson Crouse,UTA,F,20242025,1065.95,0.49375,0.5316253002401922,0.5338584252401921,0.003476853476204411,0.7832784063333271
8480891,Michael Kesselring,UTA,D,20242025,1382.4,0.5586297760210803,0.543155579989005,0.522207161016673,0.012562597076907878,0.7028714947620116
8481711,Matias Maccelli,UTA,F,20242025,755.0666666666667,0.5677233429394812,0.5477903391572456,0.523592788724969,0.016402076252256426,0.09812714034597232
8479976,Juuso Välimäki,UTA,D,20242025,711.7833333333333,0.6270270270270271,0.4960362400906002,0.45064948333384347,-0.03538501704406638,-1.9043853640605402
8476473,Connor Murphy,CHI,D,20242025,1347.6333333333334,0.3667205169628433,0.45146276595744683,0.4990835252466229,0.025223179886028402,1.2471201820767592
8482700,Nolan Allan,CHI,D,20242025,652.4833333333333,0.425,0.4007731958762887,0.4275706958762887,-0.029347028124900587,-1.1642862499322761
8474013,Ian Cole,UTA,D,20242025,1584.8333333333333,0.5148648648648648,0.5361859482303223,0.5308747320141061,0.00610511350467291,0.26857266514516986
8475791,Taylor Hall,CHI,F,20242025,1123.7833333333333,0.5181347150259067,0.4970414201183432,0.4905618864395867,0.011705805188963025,0.5541182293562537
8482699,Dylan Guenther,UTA,F,20242025,1113.85,0.65,0.5294117647058824,0.47581676470588236,-0.0007945951200186707,-0.8303725036317904
8483431,Logan Cooley,UTA,F,20242025,1271.4666666666667,0.6092943201376936,0.495398773006135,0.4563479124209371,-0.03504729306200871,-1.4417645345799606
8480855,Jack McBain,UTA,F,20242025,1057.2333333333333,0.48128342245989303,0.5080645161290323,0.5147519492841125,-0.018395337947519352,0.1472446228920052
8477479,Tyler Bertuzzi,CHI,F,20242025,1254.0666666666666,0.450261780104712,0.41660489251297256,0.434376358481559,-0.016884393336723647,-0.2816815666349727
8480798,Philipp Kurashev,CHI,F,20242025,663.7166666666667,0.49848024316109424,0.4527112232030265,0.45325423232156753,0.020237056432608702,0.24327306114643463
8481609,Vladislav Kolyachonok,UTA,D,20242025,455.6,0.5857740585774058,0.506514657980456,0.4758675868507489,-0.0074507750405903295,0.013894926651637484
8474034,Patrick Maroon,CHI,F,20242025,763.0666666666667,0.4676923076923077,0.4462311557788945,0.45777469424043293,0.02039418325756004,0.6376428867320298
8477021,Alexander Kerfoot,UTA,F,20242025,1191.9666666666667,0.4894366197183099,0.5400149588631264,0.5437892546377743,0.013473763448379583,0.3911858239885273
8475225,Craig Smith,CHI,F,20242025,627.5333333333333,0.45454545454545453,0.45126353790613716,0.46750444699704624,0.015563737752086082,1.010587450664066
8477070,Liam O'Brien,UTA,F,20242025,249.06666666666666,0.47468354430379744,0.5117647058823529,0.5208102755026061,-0.005166902751089553,-0.4907413708313854
8478831,Kevin Stenlund,UTA,F,20242025,1115.7,0.37151248164464024,0.5051107325383305,0.5510193228467005,-0.020760506576808835,0.5939693426908444
8477987,Ryan Donato,CHI,F,20242025,1231.4666666666667,0.47735191637630664,0.4396306818181818,0.4477228420969275,0.00800134233039751,0.05745583948884757
8475690,Chris Tanev,TOR,D,20242025,1397.8666666666666,0.33238231098430815,0.49547803617571057,0.5553678364610173,0.013684066312692256,1.5133505562522407
8476853,Morgan Rielly,TOR,D,20242025,1667.1166666666666,0.6031390134529148,0.4899951195705222,0.45314355006379575,0.001782403635706531,-1.1775856317499869
8476875,Mike Matheson,MTL,D,20242025,1904.8833333333334,0.436241610738255,0.46598984771573604,0.4887707201989575,-0.0073778510030922395,-0.5459397150769324
8478483,Mitch Marner,TOR,F,20242025,1636.8833333333334,0.49027777777777776,0.5043914680050188,0.5078652180050188,0.011471546165790714,0.14921335845201417
8479318,Auston Matthews,TOR,F,20242025,1287.6166666666666,0.5528596187175043,0.536923076923077,0.5180363351553127,0.0456617287024535,0.8372780379469964
8480018,Nick Suzuki,MTL,F,20242025,1557.3333333333333,0.553072625698324,0.508557457212714,0.48959460805070276,0.023977564327847034,0.9723143751844422
8481540,Cole Caufield,MTL,F,20242025,1407.5166666666667,0.5834586466165413,0.5033971587399629,0.4735773843038727,0.015238209984442364,0.1743086380700305
8482087,Kaiden Guhle,MTL,D,20242025,1081.1833333333334,0.43772893772893773,0.47330677290836654,0.4955562234578171,0.00250119245277719,-0.2696220234909421
8482720,Matthew Knies,TOR,F,20242025,1367.5166666666667,0.533011272141707,0.5087719298245614,0.49697700228832953,0.015621941098814818,0.11201884876648345
8483515,Juraj Slafkovský,MTL,F,20242025,1299.45,0.5466237942122186,0.4983096686950642,0.4816509870230385,0.011881961993205126,0.6222993273116483
8475166,John Tavares,TOR,F,20242025,1300.9666666666667,0.4602446483180428,0.4515235457063712,0.4657281328623345,-0.03501803633169481,-0.5314595652959673
8477503,Max Domi,TOR,F,20242025,995.0166666666667,0.5664621676891616,0.4830645161290323,0.45931758361369485,-0.004217111827511555,-0.5901089280384252
8476931,Jake McCabe,TOR,D,20242025,1419.8333333333333,0.39813374805598756,0.49501246882793015,0.5314092806475258,0.011185826838775337,0.058973738368706646
8475171,Oliver Ekman-Larsson,TOR,D,20242025,1575.1,0.5529556650246306,0.4892838473601673,0.4703627882468668,0.0016942907134689378,-0.9330335800950309
8477939,William Nylander,TOR,F,20242025,1531.0833333333333,0.5355263157894737,0.4762437115707099,0.46355015893913093,-0.008008030807000133,-0.1228413997685407
8481618,Alex Newhook,MTL,F,20242025,1178.2166666666667,0.5955473098330241,0.4727530077848549,0.4386139539815154,0.0015756829821466645,-0.15063192191477265
8476469,Joel Armia,MTL,F,20242025,1111.55,0.3253012048192771,0.4507177033492823,0.5131375828673546,-0.013257642391999724,0.021006502008565107
8481523,Kirby Dach,MTL,F,20242025,893.4166666666666,0.6279683377308707,0.45997973657548125,0.4142566495042411,-0.015172382739486456,-0.9997073404108046
8475233,David Savard,MTL,D,20242025,1195.2,0.43736263736263736,0.4257120862201694,0.44809241589049903,-0.03995871364073206,-1.56322711442609
8483457,Lane Hutson,MTL,D,20242025,1765.6,0.6624843161856964,0.5142031776600867,0.45614753148693743,0.03436702228156213,-0.465688673466313
8480995,Pontus Holmberg,TOR,F,20242025,817.1333333333333,0.44675324675324674,0.4744094488188976,0.4934345137539626,-0.004074187564584608,-0.15911859072412765
8479982,Conor Timmins,TOR,D,20242025,1088.8,0.5471698113207547,0.5155786350148368,0.49872486142993117,0.0370894409990139,0.592200562986941
8478904,Steven Lorentz,TOR,F,20242025,797.7,0.2684563758389262,0.49474912485414235,0.577479661766894,0.030297557390720598,2.34189763779187
8481122,Simon Benoit,TOR,D,20242025,1209.6166666666666,0.3646288209606987,0.44220055710306405,0.4905686793738064,-0.04006636471773206,-0.3762876268942817
8480144,David Kampf,TOR,F,20242025,731.1833333333333,0.25691699604743085,0.46565934065934067,0.5525128979715936,-0.006490503309230677,0.8259034244915228
8482964,Arber Xhekaj,MTL,D,20242025,1025.45,0.46464646464646464,0.45511811023622045,0.46774992841803864,-0.005699518115135305,0.21368907467573467
8475848,Brendan Gallagher,MTL,F,20242025,1083.3,0.4256198347107438,0.4839192221391174,0.5104952551969687,0.023210876608764808,1.5025294981833917
8481582,Nicholas Robertson,TOR,F,20242025,781.65,0.5921052631578947,0.5092322643343051,0.47632305380798934,0.0278671675144061,-0.3006200297184797
8482111,Justin Barron,NSH,D,20242025,991.2333333333333,0.5934489402697495,0.5225916453537937,0.48920233899541216,0.028793442784381784,-0.005706243615501845
8474157,Max Pacioretty,TOR,F,20242025,499.4166666666667,0.4962121212121212,0.5065502183406113,0.5079036274315204,0.03109504446249367,1.2232673163327354
8478133,Jake Evans,MTL,F,20242025,1212.0,0.305019305019305,0.47762408462164363,0.5472906869382459,0.01971341982803676,1.768235131575238
8482476,Emil Heineman,MTL,F,20242025,706.3166666666667,0.3948220064724919,0.4850455136540962,0.5226256107414748,0.021485261789067345,1.2451841955113632
8476981,Josh Anderson,MTL,F,20242025,1096.5833333333333,0.4246031746031746,0.45353159851301117,0.4804708842272969,-0.010839696972785251,-0.9012477006844907
8477989,Christian Dvorak,MTL,F,20242025,1180.45,0.37735849056603776,0.4553224553224553,0.49914226664321,-0.007265045061793596,0.22937338703136578
8471817,Ryan Reaves,TOR,F,20242025,273.01666666666665,0.23300970873786409,0.4281524926686217,0.5235481237365829,-0.03817586775289611,-0.4030728290487464
8471675,Sidney Crosby,PIT,F,20242025,1567.9333333333334,0.611353711790393,0.5176659528907923,0.4778792716680849,0.01613099382337413,0.6259779434879411
8471724,Kris Letang,PIT,D,20242025,1677.2,0.5171537484116899,0.491005291005291,0.4848762566977942,-0.007113951576035338,-0.6327702706306578
8475184,Chris Kreider,NYR,F,20242025,1087.0833333333333,0.48582995951417,0.4660633484162896,0.47112630388187665,-0.027266320043866366,-1.1857967217199141
8475191,Reilly Smith,NYR,F,20242025,1172.7,0.4844827586206897,0.5035612535612536,0.5091055639060812,0.007803879047175333,-0.023789250718734466
8476459,Mika Zibanejad,NYR,F,20242025,1462.25,0.4595419847328244,0.49657064471879286,0.5110262935737547,0.004704216733792399,0.8517694997577688
8476885,Jacob Trouba,ANA,D,20242025,1541.7333333333333,0.4090909090909091,0.4532994923857868,0.485781310567605,-0.011103532117529902,-0.060492963948869764
8476891,Matt Grzelcyk,PIT,D,20242025,1625.15,0.5580645161290323,0.48711470439615967,0.46636825278325644,-0.013678057062592675,-0.8084569752425472
8478463,Anthony Beauvillier,PIT,F,20242025,1001.9833333333333,0.47697974217311234,0.5066273932253313,0.5148525313468784,0.008252964867501489,-0.21849337650921374
8482055,Drew O'Connor,PIT,F,20242025,1157.35,0.4765625,0.5135135135135135,0.5218877322635135,0.022369871248931084,0.7911190890023251
8482073,Braden Schneider,NYR,D,20242025,1374.65,0.3821892393320965,0.45989904655075714,0.501992831337399,-0.02006798580758673,0.3606627692123123
8480817,K'Andre Miller,NYR,D,20242025,1560.85,0.45310435931307796,0.5010976948408342,0.5178535072582715,0.01169485399751713,0.1320119478456298
8471215,Evgeni Malkin,PIT,F,20242025,1164.0,0.655511811023622,0.48903508771929827,0.4334707176405581,-0.018247197249420866,-1.7057540646056175
8474578,Erik Karlsson,PIT,D,20242025,1835.8833333333334,0.558091286307054,0.5033527045149754,0.482596687917465,0.0032054875184686638,-0.04079263621095927
8477969,Marcus Pettersson,PIT,D,20242025,1603.3666666666666,0.4372801875732708,0.5030120481927711,0.5254218371728414,0.013043754114322681,0.4632572151173443
8478550,Artemi Panarin,NYR,F,20242025,1501.4666666666667,0.6683673469387755,0.5284552845528455,0.468297631491621,0.025255323956621667,0.022745126242162104
8476389,Vincent Trocheck,NYR,F,20242025,1658.4166666666667,0.5628571428571428,0.5091337654684738,0.48667490832561666,0.006073368427770509,0.5185534846919796
8482109,Alexis Lafrenière,NYR,F,20242025,1333.7,0.65,0.5146618791143028,0.46106687911430283,0.011373926741042317,-0.41194716103946727
8478047,Michael Bunting,PIT,F,20242025,1115.1666666666667,0.5908096280087527,0.5259146341463414,0.49346835405881406,0.027614786354158927,0.8130590564041789
8476483,Rickard Rakell,PIT,F,20242025,1510.95,0.6230859835100118,0.5136186770428015,0.46964005513467433,0.010681971002703072,0.12576683040751732
8479323,Adam Fox,NYR,D,20242025,1634.0666666666666,0.627039627039627,0.5449856733524355,0.4995944146111768,0.047318518318847924,0.723952503003321
8474189,Lars Eller,WSH,F,20242025,1023.1666666666666,0.4699570815450644,0.5249788314987299,0.5357131662626784,0.015821558247464118,0.15394702335898783
8477435,Ryan Graves,PIT,D,20242025,875.85,0.4241645244215938,0.4907497565725414,0.5178457719967059,0.003377221733669278,0.49911606707614614
8479344,Jesse Puljujarvi,PIT,F,20242025,328.4,0.460431654676259,0.4968944099378882,0.5110321797220608,-0.0010924495825676006,-0.5268343096112118
8481030,Jack St. Ivany,PIT,D,20242025,310.98333333333335,0.41496598639455784,0.45179063360881544,0.48217328667003995,-0.03897538622940888,-2.6905845685807854
8480078,Filip Chytil,NYR,F,20242025,840.7,0.6114285714285714,0.5018281535648994,0.46201472499347085,0.01193087989557412,-0.578558787407919
8481708,Zac Jones,NYR,D,20242025,756.5,0.5778546712802768,0.4862665310274669,0.45844905697902405,0.004018739039049035,-0.4415076087744109
8481554,Kaapo Kakko,SEA,F,20242025,1187.25,0.5272108843537415,0.49298597194388777,0.4832635229642959,0.005125285693710013,-0.10176383776345874
8483768,Victor Mancini,NYR,D,20242025,413.1666666666667,0.5409836065573771,0.4102112676056338,0.39556782498268295,-0.07587289159526622,-2.740938371128182
8482157,Will Cuylle,NYR,F,20242025,1173.9833333333333,0.5149384885764499,0.49283667621776506,0.48749915424939955,0.003536062160636233,-0.4125663909823428
8475763,Kevin Hayes,PIT,F,20242025,737.2166666666667,0.4668587896253602,0.5074285714285715,0.5192699258954303,0.016207014037773138,0.9719176033217707
8478569,Noel Acciari,PIT,F,20242025,1070.7166666666667,0.2111913357400722,0.4501347708894879,0.55332610662956,-0.026683567984473355,0.4526970267187762
8479996,Cody Glass,PIT,F,20242025,836.1666666666666,0.4912718204488778,0.5359001040582726,0.5390186826118886,0.0443248258013762,1.3582807246696036
8477380,Jonny Brodzinski,NYR,F,20242025,540.1666666666666,0.39855072463768115,0.4467496542185339,0.48299748030549045,-0.02912406632287451,-0.7901823880543816
8475842,Sam Carrick,NYR,F,20242025,915.35,0.22107438016528927,0.4641544117647059,0.5638145357316481,-0.0019789676203827433,2.373205468636788
8481726,Adam Edstrom,NYR,F,20242025,473.76666666666665,0.25177304964539005,0.46710526315789475,0.5557967525195969,0.0013955355110363832,1.2615337421749973
8474641,Adam Henrique,EDM,F,20242025,1121.4833333333333,0.4208566108007449,0.48758278145695366,0.5158607144178475,-0.03467903649415782,0.1960299899608847
8475799,Nino Niederreiter,WPG,F,20242025,1166.3166666666666,0.3540983606557377,0.5064846416382253,0.5586152973759302,0.0023257163779395462,0.2727921083435224
8476392,Adam Lowry,WPG,F,20242025,1095.0833333333333,0.3148148148148148,0.5106382978723404,0.5768049645390071,0.009865441676774611,0.2315222469246847
8477015,Connor Brown,EDM,F,20242025,1075.2166666666667,0.40408163265306124,0.4882400648824006,0.5225116975354619,-0.03436043464880295,0.03532506271798942
8477406,Mattias Janmark,EDM,F,20242025,1002.4333333333333,0.43023255813953487,0.4858962693357598,0.510824176312504,-0.03172556320500808,-0.4361163477855324
8477498,Darnell Nurse,EDM,D,20242025,1606.9666666666667,0.5311720698254364,0.5292026409344845,0.5180648603858561,-0.00409503632103525,-0.28270141337310023
8478891,Mason Appleton,WPG,F,20242025,1007.3333333333334,0.3016157989228007,0.4948071216617211,0.5656897967066044,-0.005730603319254568,-0.24796365870626602
8480049,Dylan Samberg,WPG,D,20242025,1211.5,0.42363636363636364,0.5345911949685535,0.5618759222412807,0.02779327012188093,1.0354678009713398
8480145,Neal Pionk,WPG,D,20242025,1480.1833333333334,0.4458689458689459,0.5106382978723404,0.5299793235133661,0.00206126478130364,0.16921896033756484
8480834,Ty Emberson,EDM,D,20242025,1076.45,0.47577092511013214,0.498330550918197,0.5069875993763467,-0.029182217559870716,-0.745746889145087
8478402,Connor McDavid,EDM,F,20242025,1411.9666666666667,0.6608695652173913,0.588603631809643,0.5311249361574691,0.01690297023871057,-0.012309182561592342
8476454,Ryan Nugent-Hopkins,EDM,F,20242025,1460.5333333333333,0.5154639175257731,0.5362215909090909,0.5306963331771322,-0.024441409467143238,-0.46488082030580424
8475786,Zach Hyman,EDM,F,20242025,1354.5666666666666,0.6416430594900849,0.5858778625954199,0.5352687974396125,0.019150344555344256,0.16685247646379275
8478398,Kyle Connor,WPG,F,20242025,1612.6666666666667,0.6391891891891892,0.4805852560495217,0.4308529587522244,-0.02104686007431067,-0.38829072025380174
8475218,Mattias Ekholm,EDM,D,20242025,1440.8833333333334,0.616643929058663,0.5870083432657927,0.5453314674131323,0.023611342881132646,0.3545363099513932
8480803,Evan Bouchard,EDM,D,20242025,1819.2833333333333,0.6183206106870229,0.581758034026465,0.5394820798279917,0.014403722231624672,0.3473911941277061
8476460,Mark Scheifele,WPG,F,20242025,1616.0333333333333,0.6241699867197875,0.47774798927613943,0.43338205302115934,-0.023539005542748015,-0.19081472326242763
8477504,Josh Morrissey,WPG,D,20242025,1901.5333333333333,0.6246524559777572,0.5176630434782609,0.4731247209574082,0.011000223521634767,-0.14318128606531283
8476331,Dylan DeMelo,WPG,D,20242025,1698.0833333333333,0.587192118226601,0.5050700144857557,0.4739162706433912,-0.007101882154231465,-1.739599388765833
8480014,Gabriel Vilardi,WPG,F,20242025,1287.6666666666667,0.6645161290322581,0.477561955793704,0.41878034289047816,-0.022053992913574127,-0.4676710650889158
8475784,Jeff Skinner,EDM,F,20242025,878.6,0.5893333333333334,0.5220848056537103,0.49016600565371027,-0.014545059852452802,-0.7978439866732575
8476480,Vladislav Namestnikov,WPG,F,20242025,1129.9,0.6626506024096386,0.5290566037735849,0.470941543532621,0.008026444687448175,-0.8267876920141249
8477934,Leon Draisaitl,EDM,F,20242025,1530.4833333333333,0.6145454545454545,0.5803769401330376,0.5394498492239468,0.01320856415781324,0.5195354456232087
8477940,Nikolaj Ehlers,WPG,F,20242025,1068.5666666666666,0.6263736263736264,0.5243198680956307,0.479166571392334,0.00794493293638221,0.608312115285947
8478042,Viktor Arvidsson,EDM,F,20242025,932.7166666666667,0.5487077534791253,0.5747588424437299,0.5573555621256384,0.021211294841242623,0.7324610881088189
8482149,Cole Perfetti,WPG,F,20242025,1194.6833333333334,0.720216606498195,0.536,0.45731660649819494,0.016605176985166836,-1.4052302660294729
8478408,Travis Dermott,EDM,D,20242025,233.18333333333334,0.46774193548387094,0.468013468013468,0.47953927446508093,-0.03419659091375865,-1.1363294982609398
8476967,Brett Kulak,EDM,D,20242025,1581.65,0.5219638242894057,0.5492443981240229,0.5413967237054182,0.01682120919070329,0.8169469654304327
8470621,Corey Perry,EDM,F,20242025,913.4666666666667,0.6351351351351351,0.5194922937443336,0.4712085099605498,-0.018098072530279175,-1.807249171810875
8480845,Rasmus Kupari,WPG,F,20242025,605.3,0.24324324324324326,0.5170876671619614,0.6088268563511506,0.010228763684671738,1.5746863337249588
8478585,Derek Ryan,EDM,F,20242025,327.6333333333333,0.4207650273224044,0.5,0.5283106557377049,-0.01823538680993253,1.4237770869864703
8480113,Alex Iafallo,WPG,F,20242025,1035.8666666666666,0.41959798994974873,0.5490981963927856,0.5778258345837404,0.04172510192810153,1.2880069406362236
8481617,Vasily Podkolzin,EDM,F,20242025,1029.3833333333334,0.5390334572490706,0.5875,0.5735533457249071,0.04191631846032351,1.4279790710850748
8480289,Morgan Barron,WPG,F,20242025,730.4833333333333,0.2986111111111111,0.5250917992656059,0.5970480492656058,0.018071163334408724,0.6255267906930903
8476525,Colin Miller,WPG,D,20242025,851.8166666666667,0.5081967213114754,0.5032558139534884,0.5003271254288982,-0.0015566328161422671,-0.09695046311612435
8477938,Haydn Fleury,WPG,D,20242025,601.6666666666666,0.37407407407407406,0.4868238557558946,0.5318171890892279,-0.013292521380411926,0.48256561145399984
8474150,Mikael Backlund,CGY,F,20242025,1367.9333333333334,0.38300653594771245,0.5223463687150838,0.5641481334209661,0.009192005236061673,0.6320974256516635
8476399,Blake Coleman,CGY,F,20242025,1397.0,0.417201540436457,0.5343811394891945,0.5639650290912485,0.022983923259162986,1.0762566795806148
8478397,Rasmus Andersson,CGY,D,20242025,1876.7333333333333,0.4943820224719101,0.5034578146611342,0.5054651180319206,-0.009306160824843479,-0.9079900476560059
8478466,Daniel Sprong,SEA,F,20242025,326.78333333333336,0.5447154471544715,0.4903047091412742,0.47432787987298153,0.007090671817783667,-0.34032246008956113
8478498,Jake DeBrusk,VAN,F,20242025,1299.9666666666667,0.49107142857142855,0.47356664184661207,0.4767568204180406,-0.017256248875695546,-0.21606400201092182
8479425,Filip Hronek,VAN,D,20242025,1356.6833333333334,0.561119293078056,0.52,0.4981620765832106,0.027745678358196912,0.2712312224974213
8480012,Elias Pettersson,VAN,F,20242025,1197.0166666666667,0.4928825622775801,0.4893805309734513,0.4919235914716719,-0.00028357559791480913,0.615045458083823
8480800,Quinn Hughes,VAN,D,20242025,1638.4,0.6459459459459459,0.5476730987514189,0.49552661226493244,0.057153308642644673,0.8886416652768461
8480860,Kevin Bahl,CGY,D,20242025,1497.5666666666666,0.47345132743362833,0.5018888289260658,0.5113746696340303,-0.008832411389614436,-0.6854754076726602
8482074,Connor Zary,CGY,F,20242025,868.6333333333333,0.5665137614678899,0.525390625,0.5016252580275229,0.009551026094563375,0.20146169372242104
8474574,Tyler Myers,VAN,D,20242025,1477.1833333333334,0.44677871148459386,0.4780999383096854,0.49711590469624,-0.007414866569283918,-0.06339571282995843
8477346,MacKenzie Weegar,CGY,D,20242025,1879.2,0.5067829457364341,0.5480314960629922,0.5456079495513643,0.03457693321428845,1.8185145109059677
8482624,Daniil Miromanov,CGY,D,20242025,777.9,0.484375,0.5112704918032787,0.5168533043032787,-0.007256757108384138,0.01993746351444028
8475172,Nazem Kadri,CGY,F,20242025,1528.45,0.6122222222222222,0.5184182015167931,0.4783212015167931,-0.003209099841402052,0.014932938722150704
8483808,Andrei Kuzmenko,CGY,F,20242025,975.9,0.6075388026607539,0.5053859964093357,0.46696238221864833,-0.013925318976956591,-0.5265789515926831
8476468,J.T. Miller,VAN,F,20242025,1237.05,0.49838709677419357,0.4975124378109453,0.49808872813352595,0.003258219167224685,0.06267279773212099
8477369,Carson Soucy,VAN,D,20242025,1276.0333333333333,0.4105754276827372,0.4573170731707317,0.4892684728596897,-0.02211879766611924,-0.577267966228467
8478046,Danton Heinen,VAN,F,20242025,1023.3166666666667,0.5273972602739726,0.4864864864864865,0.4766974453905961,-0.00043847132612367945,-0.5674853067653237
8481167,Brayden Pachal,CGY,D,20242025,1048.8333333333333,0.6168032786885246,0.48401486988847586,0.44228105841306603,-0.026744623121382427,-1.4463079106645562
8479402,Jake Bean,CGY,D,20242025,929.7666666666667,0.6194503171247357,0.4984447900466563,0.45576519173798824,-0.01042667769021538,-0.8870530765487852
8476456,Jonathan Huberdeau,CGY,F,20242025,1524.3833333333334,0.6224611708482676,0.5259537210756723,0.4821983447315863,0.0053182906809282615,-0.16352836841514834
8478444,Brock Boeser,VAN,F,20242025,1283.8,0.5631067961165048,0.48575712143928035,0.4632090631868532,-0.007571357341889295,-0.5586708473122505
8475762,Derek Forbort,VAN,D,20242025,881.5666666666667,0.391304347826087,0.4567627494456763,0.4955997059674154,-0.020480073456712877,0.39423137363473365
8481028,Martin Pospisil,CGY,F,20242025,1086.7833333333333,0.6145552560646901,0.534227240649259,0.4932966476573452,0.017790969502167853,0.6843732703075052
8479576,Vincent Desharnais,VAN,D,20242025,812.6833333333333,0.5168539325842697,0.47592385218365063,0.46990194207129105,-0.006056610868821144,-0.9390837900139113
8482691,Aatu Räty,VAN,F,20242025,302.15,0.5833333333333334,0.48324022346368717,0.4534652234636872,-0.0009442451764070658,-0.5358525169308378
8476927,Teddy Blueger,VAN,F,20242025,1119.1,0.41832669322709165,0.47811993517017826,0.5073018076801384,-0.0017830810185225365,0.3183387522635287
8482496,Nils Aman,VAN,F,20242025,200.08333333333334,0.48863636363636365,0.44150943396226416,0.4455696612349914,-0.04035195713878109,-1.01770190009337
8478856,Conor Garland,VAN,F,20242025,1436.7666666666667,0.5055467511885895,0.5132237312365976,0.5112418770369146,0.027203194828116117,1.0944065320905496
8480748,Kiefer Sherwood,VAN,F,20242025,1102.6166666666666,0.3877551020408163,0.4880952380952381,0.5282003401360544,0.010198188486695348,1.328628526142411
8479291,Kevin Rooney,CGY,F,20242025,630.8166666666667,0.38114754098360654,0.4762658227848101,0.5187318063913675,-0.013560618520074397,0.7553580843706551
8479066,Ryan Lomberg,CGY,F,20242025,664.3,0.3776435045317221,0.463905325443787,0.5076233012746026,-0.024080941391300847,0.7240423140528328
8483609,Adam Klapka,CGY,F,20242025,251.95,0.4765625,0.46865671641791046,0.47703093516791045,-0.026208148713937618,-0.07777392456014179
8481535,Nils Hoglander,VAN,F,20242025,813.2333333333333,0.5627802690582959,0.49748743718592964,0.4750560470514005,0.012972127923018606,-0.2774992738730018
8475913,Mark Stone,VGK,F,20242025,1217.7833333333333,0.6065292096219931,0.5317829457364341,0.49372005913849604,0.009694628236550651,0.3412414788972324
8477492,Nathan MacKinnon,COL,F,20242025,1773.8833333333334,0.647118301314459,0.5759717314487632,0.523406362389107,0.029857498082015876,1.2703660196207176
8477494,Jonathan Drouin,COL,F,20242025,781.85,0.6070528967254408,0.5682870370370371,0.5300370370370371,0.025012900650583814,1.6267933642603567
8477964,Ivan Barbashev,VGK,F,20242025,1124.0333333333333,0.5870967741935483,0.49592944369063774,0.4648097662712829,-0.03153724967989108,-1.1148639055418772
8478038,Devon Toews,COL,D,20242025,1817.7333333333333,0.5902255639097744,0.5450049455984174,0.512767351613455,-0.0004923825995605258,-0.632971266232294
8478396,Noah Hanifin,VGK,D,20242025,1656.1,0.5667060212514758,0.5383123181377304,0.514478256744578,0.016753072176465822,0.3845150480672115
8478403,Jack Eichel,VGK,F,20242025,1581.0833333333333,0.5879945429740792,0.5167580743449116,0.48531762414027313,-0.008976875101188275,-0.18305651200001244
8478420,Mikko Rantanen,COL,F,20242025,1665.1166666666666,0.6156542056074766,0.5326576576576577,0.4913344099941063,-0.010870445312705979,-0.17379118618928735
8479980,Nicolas Hague,VGK,D,20242025,1155.7333333333333,0.511864406779661,0.4877076411960133,0.4834684886536404,-0.03133828322310933,-0.9437026351361687
8480069,Cale Makar,COL,D,20242025,2004.8666666666666,0.6161524500907442,0.5434036292300147,0.5019023588125918,-0.005979784553035161,-0.6943604172808601
8479999,Casey Mittelstadt,COL,F,20242025,1316.75,0.5407166123778502,0.48067463106113845,0.4661265854585326,-0.04043259956819911,-1.7263945794510966
8477447,Shea Theodore,VGK,D,20242025,1400.1,0.5766129032258065,0.5167525773195877,0.48937878699700704,-0.007635914753825523,-0.12726888429629885
8481604,Pavel Dorofeyev,VGK,F,20242025,1304.25,0.6103286384976526,0.5493050959629384,0.5098846734277271,0.023099870305620662,0.5219908956859177
8474565,Alex Pietrangelo,VGK,D,20242025,1590.55,0.5544430538172715,0.5234619395203337,0.5040094363914226,0.0009867625404269553,-0.19443357904944353
8476312,Josh Manson,COL,D,20242025,865.9833333333333,0.4083129584352078,0.5157894736842106,0.5485492536353108,-0.008317858247770649,0.09329690967473177
8481042,Nikolai Kovalenko,COL,F,20242025,643.0666666666667,0.4695121951219512,0.4888304862023653,0.4997237788852921,-0.0027879937127687215,-0.03999879507903076
8476881,Tomas Hertl,VGK,F,20242025,1216.0,0.598116169544741,0.5487714072970961,0.5137144999187601,0.02197684938827682,0.8693912718974287
8479398,Samuel Girard,COL,D,20242025,1457.55,0.5150273224043715,0.534333525678015,0.528964263382933,0.005657080021563399,-0.46091170471338233
8482125,Alexander Holtz,VGK,F,20242025,590.9333333333333,0.5514705882352942,0.48152866242038217,0.4631382212439116,-0.036022780824491174,-1.1167494392966881
8479525,Ross Colton,COL,F,20242025,879.6666666666666,0.5074626865671642,0.5413891531874405,0.5387227352769928,0.017410823600074843,0.9044561432981602
8484258,Sam Malinski,COL,D,20242025,1133.35,0.42402826855123676,0.5213849287169042,0.5485296283635474,-0.0038756935900904343,0.4399100826036933
8481186,Logan O'Connor,COL,F,20242025,1069.1666666666667,0.33190578158458245,0.5383228133453561,0.5983828775851848,0.015454631303283173,1.172483779946274
8475188,Brayden McNabb,VGK,D,20242025,1584.95,0.546583850931677,0.5182164219684611,0.5015720120305729,-0.0018531120408140644,-0.19439593718520704
8477425,Miles Wood,COL,F,20242025,380.0,0.38421052631578945,0.48559670781893005,0.5269682867662985,-0.04167489204037894,-1.4419433760634845
8475177,Calvin de Haan,COL,D,20242025,705.0833333333334,0.34831460674157305,0.544405997693195,0.598603188704431,0.029398549187098277,2.390025072961713
8480727,Zach Whitecloud,VGK,D,20242025,1233.9333333333334,0.5607476635514018,0.5244974874371859,0.5027923472502701,0.005983762253862546,0.12174061554733781
8478109,Victor Olofsson,VGK,F,20242025,796.6,0.5728643216080402,0.528969957081545,0.5029355349709923,0.005393897928180569,0.12328471169557355
8478462,Nicolas Roy,VGK,F,20242025,1030.4166666666667,0.4305555555555556,0.5190641247833622,0.5438766247833622,0.004538842724536529,1.79390670977234
8476871,Tanner Pearson,VGK,F,20242025,887.7166666666667,0.4810126582278481,0.48114754098360657,0.48793171819879644,-0.03388452553230087,-0.772590508192495
8478434,Keegan Kolesar,VGK,F,20242025,1049.5333333333333,0.4854202401372213,0.5237037037037037,0.5289130519026745,0.01111477824084961,0.6521872680255093
8479353,Brett Howden,VGK,F,20242025,1145.05,0.5230769230769231,0.5128205128205128,0.5045751282051282,-0.00812624788187788,-0.26185690876902856
8480448,Parker Kelly,COL,F,20242025,963.55,0.3333333333333333,0.5354645354645354,0.5950145354645354,0.01107189634064698,0.9975890374519991
8481641,Joel Kiviranta,COL,F,20242025,933.4666666666667,0.35253456221198154,0.5145813734713076,0.5672707743929666,-0.011405612160201528,-0.12842108165383578
8483930,Ivan Ivan,COL,F,20242025,402.56666666666666,0.3026315789473684,0.5070093457943925,0.5775290826364977,-0.013126682250943933,1.8881345871896582
8478450,Parker Wotherspoon,BOS,D,20242025,921.7,0.4168618266978923,0.47438330170777987,0.5040885710286229,0.014230689764064886,0.8906862659667257
8471685,Anze Kopitar,LAK,F,20242025,1477.6333333333334,0.4796511627906977,0.5042511445389143,0.511521784073798,-0.02414627821270876,0.17434793190060713
8477960,Adrian Kempe,LAK,F,20242025,1494.8166666666666,0.4908062234794908,0.5006535947712418,0.5039385311220198,-0.029160753720083532,-0.40935901037244177
8479998,Mikey Anderson,LAK,D,20242025,1678.7,0.42503259452411996,0.5154525386313465,0.5422383926078785,-0.020220987127343326,-0.4015325164990533
8481606,Jordan Spence,LAK,D,20242025,1282.0166666666667,0.5221238938053098,0.5653923541247485,0.5574874868681113,0.029076218241111507,1.3598369096168486
8482155,Alex Laferriere,LAK,F,20242025,1227.15,0.5182724252491694,0.5465277777777777,0.5399990402362495,0.0035196633296440405,-0.01324883699377854
8476479,Phillip Danault,LAK,F,20242025,1364.3833333333334,0.496996996996997,0.5778661365142479,0.5789391094872208,0.03469833465512184,1.1083139128763224
8479661,Tanner Jeannot,LAK,F,20242025,738.1166666666667,0.5373563218390804,0.5047720042417816,0.49142459044867814,-0.027651611349404637,-0.9806644334514872
8478882,Vladislav Gavrikov,LAK,D,20242025,1828.25,0.4,0.5419354838709678,0.5776654838709678,0.010562441808305234,1.3230090661856067
8479675,Trevor Moore,LAK,F,20242025,1150.2666666666667,0.5,0.5603053435114503,0.5603053435114503,0.015869434392690507,0.2447898458777505
8477335,Kyle Burroughs,LAK,D,20242025,241.75,0.5343511450381679,0.5137931034482759,0.5015194393261385,-0.01787413943614158,-1.1233583512930423
8476441,Joel Edmundson,LAK,D,20242025,1508.6166666666666,0.5417142857142857,0.5133547008547008,0.49845018656898654,-0.02695136376923435,-0.835678209703456
8477942,Kevin Fiala,LAK,F,20242025,1442.5166666666667,0.5217391304347826,0.5743621655258245,0.5665947742214767,0.036417421625984825,1.7890735572704188
8482124,Quinton Byfield,LAK,F,20242025,1452.05,0.526395173453997,0.5465961665565102,0.537165171081397,0.006625979626901146,0.10446368989576205
8477998,Warren Foegele,LAK,F,20242025,1276.6833333333334,0.5100154083204931,0.5467479674796748,0.5431694620867626,0.006303409935663029,-0.21379267903587681
8482730,Brandt Clarke,LAK,D,20242025,1222.8166666666666,0.588597842835131,0.5504885993485342,0.518832590103542,0.01589136775614597,0.4744584894161556
8473453,Trevor Lewis,LAK,F,20242025,600.3166666666667,0.4962121212121212,0.5035663338088445,0.5049197428997536,-0.022796704783351163,-0.31419808139432054
8481532,Alex Turcotte,LAK,F,20242025,781.2833333333333,0.4777227722772277,0.5315682281059063,0.5395278815712529,0.006681518496951866,1.2681318639132857
8473512,Claude Giroux,OTT,F,20242025,1427.9,0.5434173669467787,0.5256317689530686,0.5101187437429846,0.014230649867767786,0.1786426935649608
8480801,Brady Tkachuk,OTT,F,20242025,1313.1,0.5358306188925082,0.5472467709041469,0.5344444907738537,0.03609038666205966,1.3607200104935415
8482105,Jake Sanderson,OTT,D,20242025,1883.6166666666666,0.42967884828349945,0.5150214592274678,0.5401472067357734,0.011120830586266894,0.3811432188482037
8482116,Tim Stützle,OTT,F,20242025,1571.0,0.6508172362555721,0.5497887748943875,0.49590177638027155,0.03717939762976363,0.13593334552637898
8482245,Artem Zub,OTT,D,20242025,1095.8666666666666,0.3686131386861314,0.5133111480865225,0.5602556736339677,0.015059875444478621,0.698441561839424
8475324,Nick Jensen,OTT,D,20242025,1400.5833333333333,0.5056657223796034,0.5105882352941177,0.5085638726878854,0.0022568014711549234,-0.35656007746707197
8478469,Thomas Chabot,OTT,D,20242025,1775.9166666666667,0.5488372093023256,0.5285784074255008,0.5111288725417799,0.023503706166352778,0.07599291725305082
8478020,Michael Amadio,OTT,F,20242025,971.9833333333333,0.366,0.4862778730703259,0.5341560730703259,-0.007110455984336184,0.3183057307860157
8474102,David Perron,OTT,F,20242025,575.5833333333334,0.4939271255060729,0.5142428785607196,0.5164127166173997,0.016135745997521656,0.7605058139401699
8481596,Shane Pinto,OTT,F,20242025,1177.7166666666667,0.3226837060702875,0.5012285012285013,0.5645836130495876,0.006074402596898065,0.9168915984383934
8474612,Travis Hamonic,OTT,D,20242025,990.8166666666667,0.43984220907297833,0.4791830322073841,0.5006774109056089,-0.021928776489832325,-0.4353224991664727
8480064,Josh Norris,OTT,F,20242025,1027.4,0.3983402489626556,0.49272349272349275,0.5290465217691359,-0.016662295611024613,0.20648689457044836
8480208,Drake Batherson,OTT,F,20242025,1434.1833333333334,0.4828125,0.5031525851197982,0.5092936788697983,-0.006464631550380684,-0.00478438021090563
8482092,Ridly Greig,OTT,F,20242025,1295.3,0.3683409436834094,0.4922164566345441,0.539258237456462,-0.007494843591885125,0.17902797754859204
8482095,Tyler Kleven,OTT,D,20242025,1095.7833333333333,0.5269230769230769,0.4718256949661908,0.46220607958157545,-0.023313367042782973,-0.5871816082036776
8476393,Nick Cousins,OTT,F,20242025,582.7833333333333,0.4192546583850932,0.5136986301369864,0.5425489406959926,0.020404754108533374,1.2054025426020503
8477220,Nate Schmidt,FLA,D,20242025,1246.9333333333334,0.5783521809369951,0.5502121640735502,0.5222169298247619,0.0078677646550398,0.8046114478172608
8478874,Adam Gaudette,OTT,F,20242025,809.1333333333333,0.6501457725947521,0.49134199134199136,0.4376949067938864,-0.00974723343868017,-1.4175620645868448
8479393,Noah Gregor,OTT,F,20242025,533.6,0.46116504854368934,0.44104134762633995,0.4549170757816797,-0.04209136850320361,-1.4637186155429929
8475279,Ben Chiarot,DET,D,20242025,1639.5833333333333,0.45905172413793105,0.4450415241817294,0.4596723431472466,-0.026121906203249445,-1.3067941757870094
8477429,Andrew Copp,DET,F,20242025,823.7833333333333,0.5115303983228512,0.47614107883817425,0.4720212675174195,0.009112556993366105,-0.3397088982784643
8478432,Christian Fischer,DET,F,20242025,511.25,0.3969465648854962,0.4129692832764505,0.4497902756428627,-0.048870033404312674,-0.9304985584416985
8479992,Michael Rasmussen,DET,F,20242025,982.4166666666666,0.4666666666666667,0.4439117929050815,0.45582179290508146,-0.024245269217542054,-1.044875261779293
8481542,Moritz Seider,DET,D,20242025,1959.1833333333334,0.4509594882729211,0.4927391086629945,0.5102612835030798,0.020972302907717733,0.6188050719129856
8473507,Jeff Petry,DET,D,20242025,776.1833333333333,0.4748201438848921,0.4236111111111111,0.43260787370103915,-0.040473187786856546,-1.4958345992567939
8477946,Dylan Larkin,DET,F,20242025,1572.0333333333333,0.4614285714285714,0.50726468730259,0.5210462587311614,0.024025779225023525,0.7623730887131942
8479337,Alex DeBrincat,DET,F,20242025,1397.2333333333333,0.5434131736526946,0.5088495575221239,0.4933380305760161,0.02642757344165758,0.5212371228118349
8482078,Lucas Raymond,DET,F,20242025,1474.25,0.4652173913043478,0.5097774780849629,0.5222053041719195,0.027813035277679865,0.8026771758992524
8482762,Simon Edvinsson,DET,D,20242025,1564.2333333333333,0.45721583652618136,0.4790647090810223,0.49435149069021767,0.005123215529420799,0.15539719568476693
8474141,Patrick Kane,DET,F,20242025,1222.7666666666667,0.5447897623400365,0.4820775420629115,0.4660741599788164,-0.0021630898576607827,-0.732954509375299
8475765,Vladimir Tarasenko,DET,F,20242025,1130.1166666666666,0.5086887835703001,0.4514455151964418,0.4483410128267736,-0.020150337030788334,-0.9675916700342378
8476874,Olli Määttä,UTA,D,20242025,1433.7,0.46657754010695185,0.5057332528666264,0.5176750977864125,-0.01792367345193213,0.127761487908978
8476979,Erik Gustafsson,DET,D,20242025,980.0166666666667,0.5753715498938429,0.5106007067137809,0.4836704519367108,0.03567689054225259,0.8341631102192466
8477456,J.T. Compher,DET,F,20242025,1208.75,0.4919093851132686,0.4375490966221524,0.44043987332118156,-0.03239783985155542,-1.356602079547024
8477353,Tyler Motte,DET,F,20242025,575.2,0.4977578475336323,0.4826446280991736,0.4834457491754068,0.018554763447476585,0.53751331269157
8480813,Joe Veleno,DET,F,20242025,852.45,0.4375,0.45799180327868855,0.48032305327868857,0.0026765800971327303,-0.13883634571376602
8481013,Jonatan Berggren,DET,F,20242025,916.6833333333333,0.5031185031185031,0.4581497797356828,0.45703553857144164,-0.008340556701785518,-0.4162836540829165
8482259,Bobby McMann,TOR,F,20242025,1021.85,0.5037453183520599,0.4950115118956255,0.4936733096484345,0.012808176278343353,0.9912044327016736
8476917,Adam Pelech,NYI,D,20242025,1198.7833333333333,0.4812239221140473,0.5672153635116598,0.5739240561403107,0.06465973196371355,2.6578240054402373
8477407,Anthony Duclair,NYI,F,20242025,661.8333333333334,0.5076923076923077,0.5041716328963052,0.5014231713578436,-0.010128241026696516,-0.5153177722611091
8477500,Bo Horvat,NYI,F,20242025,1556.9166666666667,0.5311143270622286,0.5087514585764294,0.49763430951709514,-0.004569872224244764,-0.4411547364125346
8477506,Ryan Pulock,NYI,D,20242025,1485.25,0.47129186602870815,0.462478184991274,0.4727356012592166,-0.047554499301243,-2.1578864509692894
8478445,Mathew Barzal,NYI,F,20242025,610.4833333333333,0.5523465703971119,0.575208913649025,0.556505484046137,0.061907783970309826,2.253488860848182
8479619,Michael Carcone,UTA,F,20242025,594.85,0.5058823529411764,0.546526867627785,0.5444251029219027,0.021218513027934094,0.8044041253516084
8480865,Noah Dobson,NYI,D,20242025,1568.6333333333334,0.5309973045822103,0.5382403680276021,0.5271650311003784,0.033676005976314594,1.251475188360364
8481014,Alexander Romanov,NYI,D,20242025,1351.3166666666666,0.48114630467571645,0.5113968439509059,0.5181332692902724,0.0038415204739413733,0.0879770783006544
8484958,Maxim Tsyplakov,NYI,F,20242025,1093.8166666666666,0.5437956204379562,0.5312035661218425,0.5155553909393608,0.03047996143498255,1.4144159830299328
8475754,Brock Nelson,NYI,F,20242025,1437.45,0.5254957507082153,0.49243379571248425,0.4833241639844389,-0.019221809935257517,-0.712830829471526
8475151,Kyle Palmieri,NYI,F,20242025,1443.6166666666666,0.5263157894736842,0.48227383863080686,0.4728712070518595,-0.02725903558092646,-1.1601814380814321
8481601,Simon Holmstrom,NYI,F,20242025,1200.8333333333333,0.4816753926701571,0.5015060240963856,0.5080534062953385,-0.006894569856492283,-0.2562291322361812
8476419,Jean-Gabriel Pageau,NYI,F,20242025,1276.6666666666667,0.4974958263772955,0.5307532826537664,0.5316480238891588,0.02296479394240314,0.884725534174048
8475314,Anders Lee,NYI,F,20242025,1333.1833333333334,0.524390243902439,0.5149664019547954,0.5062517678084539,0.0018536962931476886,0.19163439166301607
8476422,Mike Reilly,NYI,D,20242025,273.01666666666665,0.6551724137931034,0.5721784776902887,0.5167353742420129,0.06726238851413929,0.7834900287343418
8476429,Scott Mayfield,NYI,D,20242025,1048.1333333333334,0.5107296137339056,0.4757433489827856,0.47190965799566115,-0.02627242565112159,-0.8241609202471101
8481237,Kyle MacLean,NYI,F,20242025,762.65,0.4869109947643979,0.46033519553072627,0.4650118971014069,-0.03391800994598948,-0.31269285767943344
8480789,Oliver Wahlstrom,NYI,F,20242025,440.15,0.5023696682464455,0.4435946462715105,0.44274796380705556,-0.03389417229310432,-0.5155675658630149
8475231,Casey Cizikas,NYI,F,20242025,1015.3666666666667,0.44029850746268656,0.5093268450932684,0.5306581883768505,0.0049043825472129265,0.8193934870455335
8473994,Jamie Benn,DAL,F,20242025,1164.6,0.4943342776203966,0.4487767584097859,0.4508011210160182,-0.035178790187195,-1.421189611499376
8474149,Evgenii Dadonov,DAL,F,20242025,1029.2,0.494195688225539,0.47135217723453016,0.47342605783154507,-0.009795806080308667,-0.8881658701486487
8474600,Roman Josi,NSH,D,20242025,1328.45,0.6713483146067416,0.5355450236966824,0.4743222708876937,0.0329038835451857,-0.13153345631729527
8476856,Mathew Dumba,DAL,D,20242025,892.3166666666667,0.5447316103379721,0.4957841483979764,0.479801544024219,0.00941883139070293,-0.3572917883688888
8476869,Brady Skjei,NSH,D,20242025,1701.9666666666667,0.5256241787122208,0.49177800616649536,0.4826224871126189,-0.007198009085661594,-1.2023585900636389
8476873,Mark Jankowski,NSH,F,20242025,705.7666666666667,0.48024316109422494,0.5642946317103621,0.5713537502513956,0.04345558171613517,0.9453842863951188
8477446,Michael McCarron,NSH,F,20242025,957.7,0.2054794520547945,0.4826216484607746,0.5878538402415965,0.0014245789659176888,1.5124604982161798
8480036,Miro Heiskanen,DAL,D,20242025,1258.55,0.5656565656565656,0.5210022107590273,0.4975431198499364,0.034052578192037664,0.36021802081514503
8482062,Cole Smith,NSH,F,20242025,911.3833333333333,0.2400990099009901,0.4762886597938144,0.5691512835561906,-0.004884442841319947,0.9488381390686487
8482740,Wyatt Johnston,DAL,F,20242025,1482.2,0.46965699208443273,0.4682698730794923,0.4791114298077245,-0.013547799991318221,-0.3276661209600654
8481581,Thomas Harley,DAL,D,20242025,1775.5833333333333,0.5320796460176991,0.511177347242921,0.4997152897207971,0.025949723926014023,0.20162883437796267
8480027,Jason Robertson,DAL,F,20242025,1391.7166666666667,0.45064377682403434,0.49710982658959535,0.5147448051303679,0.015073919735773378,1.4650491442251645
8478851,Alexandre Carrier,MTL,D,20242025,1545.6,0.4026258205689278,0.461248654467169,0.4960404487778911,-0.018815231272342192,-0.7680763236093022
8482702,Logan Stankoven,DAL,F,20242025,1119.6333333333334,0.48148148148148145,0.5285610990600145,0.5351777657266812,0.02678647275589241,1.2487663224465069
8476887,Filip Forsberg,NSH,F,20242025,1455.05,0.631578947368421,0.49339735894357745,0.44638420104884063,-0.007554059308020333,-0.5231311858488128
8478468,Jeremy Lauzon,NSH,D,20242025,503.2,0.40772532188841204,0.48300536672629696,0.5159751092155673,-0.013565635584878444,-0.7342955579928083
8478449,Roope Hintz,DAL,F,20242025,1218.5166666666667,0.47334410339256866,0.485062893081761,0.4945870449395962,-0.0016359242925540474,0.1570921394030983
8474679,Gustav Nyquist,NSH,F,20242025,1300.75,0.5472312703583062,0.5172176308539945,0.5003418979549717,0.02005421062459045,0.22582628746339575
8475158,Ryan O'Reilly,NSH,F,20242025,1422.3666666666666,0.5741324921135647,0.5258562793821356,0.499368739949959,0.026660821675594137,1.0641579172885223
8480950,Ilya Lyubushkin,DAL,D,20242025,1312.2833333333333,0.37925925925925924,0.47678221059516024,0.519922877261827,-0.006379498993736743,0.4329090340433825
8476902,Esa Lindell,DAL,D,20242025,1728.2333333333333,0.3619489559164733,0.4588969823100936,0.5082226203611377,-0.019976451355694813,-0.008475436346953543
8475168,Matt Duchene,DAL,F,20242025,1336.5,0.5177514792899408,0.4943109987357775,0.48796839518548163,0.010228996953065617,0.6958513486785429
8478438,Tommy Novak,NSH,F,20242025,714.4833333333333,0.6166134185303515,0.5509049773755657,0.5092390029346711,0.04635303376038491,0.8229777095923457
8479371,Dante Fabbro,CBJ,D,20242025,1340.1833333333334,0.5302663438256658,0.5109735509285313,0.5001593862796209,0.011934079830373034,-0.6062176557188859
8480878,Nils Lundkvist,DAL,D,20242025,585.4333333333333,0.5014005602240896,0.5065398335315101,0.5060394133634429,0.023478937790812116,0.4357495209504682
8475794,Tyler Seguin,DAL,F,20242025,322.98333333333335,0.5888888888888889,0.5097493036211699,0.47798930362116987,0.017963804947261575,-0.4997153623819252
8476539,Jonathan Marchessault,NSH,F,20242025,1333.9833333333333,0.6286594761171033,0.47043010752688175,0.4244600767102408,-0.03226461798243946,-1.5920236588867085
8478975,Mason Marchment,DAL,F,20242025,922.0666666666667,0.5287846481876333,0.4956597222222222,0.48537496742478087,0.010505752934841128,0.32907634965839416
8474564,Steven Stamkos,NSH,F,20242025,1405.7833333333333,0.6460176991150443,0.479002624671916,0.4268305007781107,-0.02348023853796527,-1.1785614268097198
8476278,Colin Blackwell,DAL,F,20242025,693.15,0.4166666666666667,0.5117565698478561,0.5415315698478561,0.030367136158548802,0.6253671443521105
8479351,Sam Steel,DAL,F,20242025,1067.95,0.4298440979955457,0.5022301516503123,0.5272968554365038,0.019241207609743183,0.16708339366767364
8480840,Oskar Bäck,DAL,F,20242025,819.75,0.3908355795148248,0.48963133640552997,0.5286357838448831,0.005365508142645692,0.2564891103022656
8481577,Philip Tomasino,PIT,F,20242025,786.5,0.610062893081761,0.5031512605042017,0.4638257888060885,0.0022849236732384592,-0.6338281226103408
8482146,Luke Evangelista,NSH,F,20242025,884.3333333333334,0.5623409669211196,0.548604427333975,0.526329999853059,0.04280673286237324,1.5918980098193503
8474568,Luke Schenn,NSH,D,20242025,1180.6666666666667,0.3682170542635659,0.493234100135318,0.5403201466469459,-0.005563060248839402,1.1030109630569753
8476925,Colton Sissons,NSH,F,20242025,1034.6,0.3181818181818182,0.4863138686131387,0.5512775049767751,-0.002272150054774935,0.6482379717317835
8475149,Marcus Johansson,MIN,F,20242025,1134.65,0.45598591549295775,0.49097472924187724,0.5067009616362435,0.010644487332489572,0.6005793179292183
8476463,Jonas Brodin,MIN,D,20242025,1071.35,0.4972477064220184,0.49382716049382713,0.49481055498924,0.013155145011562897,0.06401812224371514
8477497,Sean Monahan,CBJ,F,20242025,958.1833333333333,0.5411334552102377,0.5457170356111646,0.5310200520645466,0.04451395347639048,1.0964417400518773
8478460,Zach Werenski,CBJ,D,20242025,2079.616666666667,0.5711775043936731,0.5340040241448692,0.5085723018250099,0.03880180988721499,0.6679751956303881
8478493,Joel Eriksson Ek,MIN,F,20242025,845.9333333333333,0.4281767955801105,0.5258724428399518,0.5515348737791783,0.044321265088186124,2.1189537071991156
8478500,Ivan Provorov,CBJ,D,20242025,1815.95,0.4679334916864608,0.4818498259572352,0.4933071893776627,-0.00312613289048419,-0.1152066133750828
8480893,Kirill Marchenko,CBJ,F,20242025,1401.3333333333333,0.584,0.5134660421545667,0.48345284215456674,0.010520138022808045,0.23723902354007276
8481557,Matt Boldy,MIN,F,20242025,1595.8166666666666,0.4715909090909091,0.5194654270772806,0.5296159952590987,0.03532145786655405,1.7047391931116809
8482122,Brock Faber,MIN,D,20242025,1907.3833333333334,0.4977578475336323,0.4617956064947469,0.4625967275709801,-0.018064313793480113,-1.2125419489996903
8482475,Egor Chinakhov,CBJ,F,20242025,472.4,0.5816733067729084,0.5173501577287066,0.48816828521874644,0.023075564050506703,0.24974456490624342
8478136,Jake Middleton,MIN,D,20242025,1469.5,0.46797385620915033,0.4546970539188438,0.4661399950953144,-0.019917234635986103,-1.0787717844018443
8474716,Jared Spurgeon,MIN,D,20242025,1316.65,0.5,0.5170340681362725,0.5170340681362725,0.03428362194241097,0.7279206304123386
8475692,Mats Zuccarello,MIN,F,20242025,1297.6833333333334,0.5673400673400674,0.47394366197183097,0.4498830559112249,-0.018017804198522225,-1.4689866273513295
8476923,Damon Severson,CBJ,D,20242025,1335.35,0.4947209653092006,0.49968808484092325,0.5015742839359458,0.018805279568478883,0.5200926256839894
8478864,Kirill Kaprizov,MIN,F,20242025,854.55,0.6233766233766234,0.5171270718232044,0.47304460429073686,0.02902501842250982,-0.4407007106372748
8481161,Jake Christiansen,CBJ,D,20242025,839.0833333333334,0.4603174603174603,0.44347063978965817,0.4576492112182296,-0.036442752389039934,-1.3358752903646973
8482079,Marco Rossi,MIN,F,20242025,1444.5833333333333,0.5406698564593302,0.5073349633251834,0.49280362361226465,0.020446445840600735,0.4101771577267425
8482451,Mikael Pyyhtia,CBJ,F,20242025,568.7,0.4332129963898917,0.43206106870229005,0.45592406509218175,-0.04887675132210534,-1.9719987800225467
8482660,Kent Johnson,CBJ,F,20242025,1115.5,0.5162523900573613,0.4953897736797988,0.4895827947123036,0.004058268506640206,0.25156107571126585
8482705,Cole Sillinger,CBJ,F,20242025,1051.0333333333333,0.5,0.4637305699481865,0.4637305699481865,-0.02138988974284317,-1.1862335149771233
8474567,Zach Bogosian,MIN,D,20242025,1234.1833333333334,0.4102112676056338,0.4591362126245847,0.49121772670909175,-0.005988672078565738,0.03853985792812063
8475750,Jon Merrill,MIN,D,20242025,945.4333333333333,0.4233576642335766,0.45345858240819814,0.48084288897754124,-0.01037274038564906,-0.18122830381830657
8478099,Kevin Labanc,CBJ,F,20242025,359.56666666666666,0.4226190476190476,0.5398230088495575,0.5674712231352718,0.06508094805473252,2.7446101092456887
8475790,Erik Gudbranson,CBJ,D,20242025,206.38333333333333,0.40425531914893614,0.47368421052631576,0.5078937849944009,-0.002811836355009978,0.5078612708862541
8484166,Adam Fantilli,CBJ,F,20242025,1378.6166666666666,0.5971107544141252,0.46357615894039733,0.4288784863882304,-0.03229570094056372,-2.0864183324305388
8471677,Jack Johnson,CBJ,D,20242025,528.35,0.4711111111111111,0.4491392801251956,0.4594612801251956,-0.025866823737070443,-0.9219775181595605
8477451,Ryan Hartman,MIN,F,20242025,999.3666666666667,0.48256880733944957,0.4945054945054945,0.5007336596431092,0.014621377721082907,0.13538906742836648
8474037,James van Riemsdyk,CBJ,F,20242025,830.0833333333334,0.472289156626506,0.5004766444232602,0.5103777287606096,0.020536447485442144,0.7717846480497379
8478508,Yakov Trenin,MIN,F,20242025,925.25,0.3911007025761124,0.4458955223880597,0.4848052413576147,-0.014480682301995174,-0.00804099009750441
8475220,Marcus Foligno,MIN,F,20242025,1070.9333333333334,0.466,0.5106202209005948,0.5227684209005947,0.04341043054134419,1.743936967553854
8476374,Sean Kuraly,CBJ,F,20242025,916.3666666666667,0.33658536585365856,0.4948630136986301,0.5532510624791179,0.021609861703378253,2.137398686821994
8479671,Mathieu Olivier,CBJ,F,20242025,1128.3333333333333,0.4244482173174873,0.4653537563822028,0.4923484083346646,-0.01181386541430729,-0.32347294430143075
8482177,Marat Khusnutdinov,MIN,F,20242025,845.8166666666667,0.41483516483516486,0.4288659793814433,0.4592953749858389,-0.023820380963493704,-0.4031826736215295
8477919,Frederick Gaudreau,MIN,F,20242025,1243.6666666666667,0.4672566371681416,0.44512663085188026,0.45682583439170327,-0.028815971300765353,-1.562425405625752
8480880,Jakub Lauko,MIN,F,20242025,552.4666666666667,0.3420074349442379,0.4120443740095087,0.4684951175039325,-0.03583589965344308,-0.693130777179795
8479944,Zachary Aston-Reese,CBJ,F,20242025,1013.85,0.4106090373280943,0.48315529991783074,0.5150946908805026,0.007890165005839223,0.4855598704642807
8475726,Tyler Toffoli,SJS,F,20242025,1252.0833333333333,0.5307086614173229,0.5098612125639153,0.4988890078395058,0.04382675410262532,1.2037252707671244
8476879,Cody Ceci,SJS,D,20242025,1727.1833333333334,0.4262114537444934,0.4182915506035283,0.4446561981806208,-0.04410795049410432,-1.7373462031633036
8478013,Jake Walman,SJS,D,20242025,1482.3666666666666,0.510840108401084,0.5006127450980392,0.4967395743663319,0.03034754877841217,0.7016393536325187
8482667,William Eklund,SJS,F,20242025,1435.9,0.5091210613598673,0.5070140280561122,0.5037550728322315,0.04359369092850662,1.2097716991107708
8484801,Macklin Celebrini,SJS,F,20242025,1310.3,0.5183333333333333,0.5013774104683195,0.4948269104683195,0.0329663997274145,1.0294296944908985
8476624,Barclay Goodrow,SJS,F,20242025,1005.85,0.4396039603960396,0.4302120141342756,0.45179151908477067,-0.014846812783842589,-0.6191962961674096
8479316,Luke Kunin,SJS,F,20242025,1101.7833333333333,0.43453510436432635,0.40923317683881066,0.43262378404943685,-0.04377872802541577,-1.6408376293901712
8480172,Jan Rutta,SJS,D,20242025,891.7166666666667,0.4462242562929062,0.435634328358209,0.4548484015847536,-0.015821540872209106,-0.19929810180477028
8477505,Alexander Wennberg,SJS,F,20242025,1360.35,0.46733668341708545,0.46615384615384614,0.47782444916892153,0.007122594401907434,0.32511213439387515
8479983,Mario Ferraro,SJS,D,20242025,1652.1333333333334,0.42424242424242425,0.46726190476190477,0.4943300865800866,0.01405635578758968,0.46447166073382457
8482737,Zachary Bolduc,STL,F,20242025,897.1,0.5223463687150838,0.5068493150684932,0.49886495752659377,0.022096421731544025,0.13217380110934937
8475798,Mikael Granlund,SJS,F,20242025,1546.7,0.4933920704845815,0.4422518862449216,0.44461289946078064,-0.025282597717504574,-1.2420615487892301
8480188,Fabian Zetterlund,SJS,F,20242025,1326.4666666666667,0.5318840579710145,0.4504391468005019,0.4390469728874584,-0.017282965909957426,-1.0289549614958462
8484227,Will Smith,SJS,F,20242025,1098.1666666666667,0.5156537753222836,0.4741185296324081,0.46852543570975613,0.01679542524983474,0.1606854920916958
8481567,Henry Thrun,SJS,D,20242025,959.4,0.487378640776699,0.41862348178137654,0.423133093431862,-0.03424295447672826,-1.3002236044833004
8480848,Ty Dellandrea,SJS,F,20242025,756.25,0.42134831460674155,0.41045606229143494,0.4385583094824462,-0.038746975685373775,-1.6953355214263317
8481477,Nico Sturm,SJS,F,20242025,600.8,0.39655172413793105,0.4562091503267974,0.4931712192923146,0.003187630971275557,1.2024489747433431
8474151,Ryan McDonagh,TBL,D,20242025,1614.7,0.3644752018454441,0.4933481152993348,0.5417711256799577,-0.003474701002482261,-0.6178560248259551
8475200,Dmitry Orlov,CAR,D,20242025,1430.0,0.5519203413940256,0.5758640890451083,0.557312951065023,-0.008869218122052325,-0.17230314809696998
8477426,Nick Paul,TBL,F,20242025,1201.85,0.41080196399345337,0.48840688107703817,0.5202773393421772,-0.006875962019311843,0.3764315799083897
8478416,Erik Cernak,TBL,D,20242025,1339.0166666666667,0.3758300132802125,0.4880952380952381,0.5324611743502181,-0.010719713724657187,-1.1472843341807268
8478427,Sebastian Aho,CAR,F,20242025,1511.15,0.6283582089552239,0.5921824104234528,0.5463200223637513,0.003897873549818409,0.028037967469388945
8478519,Anthony Cirelli,TBL,F,20242025,1439.55,0.42048517520215634,0.5428027901077996,0.5712134370080691,0.04350275501942269,1.0844438105169236
8478970,Jalen Chatfield,CAR,D,20242025,1413.2666666666667,0.5416666666666666,0.571103526734926,0.5562160267349261,-0.014768097576643213,-0.1266386324268074
8479542,Brandon Hagel,TBL,F,20242025,1650.3166666666666,0.4272959183673469,0.5248683440608543,0.5508455124282012,0.022971176116864722,0.4874951594437399
8480830,Andrei Svechnikov,CAR,F,20242025,1172.5,0.59,0.5610294117647059,0.5288724117647059,-0.027469200240878955,-0.5419240331523582
8482093,Seth Jarvis,CAR,F,20242025,1339.5,0.5615514333895447,0.5923016496465043,0.57030932249642,0.00461318283732981,0.3526627988130232
8475167,Victor Hedman,TBL,D,20242025,1753.8,0.5769656699889258,0.5102986611740473,0.48279882728700413,0.0068625833494369015,-0.23557007025470136
8470613,Brent Burns,CAR,D,20242025,1639.35,0.549263873159683,0.5664372683959767,0.548835286516022,-0.018327291882644925,-0.8907007740205461
8473533,Jordan Staal,CAR,F,20242025,1095.6333333333334,0.47368421052631576,0.5874613003095975,0.5968639318885449,0.0021594102707997997,0.355680773359857
8476453,Nikita Kucherov,TBL,F,20242025,1589.2666666666667,0.5794621026894865,0.5144124168514412,0.4860206075604877,0.011888063677310323,0.2216229674020314
8476921,Jordan Martinook,CAR,F,20242025,1162.4833333333333,0.47928994082840237,0.5898916967509025,0.5972914008929143,0.005421488007696151,0.2815646225679677
8476958,Jaccob Slavin,CAR,D,20242025,1641.6833333333334,0.5489773950484392,0.5660569105691057,0.5485572873182983,-0.020056329501286774,-1.351602526652305
8477404,Jake Guentzel,TBL,F,20242025,1562.9333333333334,0.5884665792922673,0.5031627372052904,0.47155362842416326,0.0008556200019252946,-0.1280809495923066
8477478,William Carrier,CAR,F,20242025,483.18333333333334,0.5431309904153354,0.5942684766214178,0.5788577737460184,0.002967766940730976,0.2665935016260877
8478010,Brayden Point,TBL,F,20242025,1445.15,0.5817941952506597,0.4806060606060606,0.4513809946429999,-0.026200771688409286,-0.9656467436295125
8482655,J.J. Moser,TBL,D,20242025,968.9333333333333,0.4564755838641189,0.5045620437956204,0.5201133176809707,0.004017875401863158,0.6095602405960883
8482929,Emil Lilleberg,TBL,D,20242025,1112.8666666666666,0.5018382352941176,0.48748159057437407,0.48682478910378585,-0.0063835683709070334,-0.10248258931402641
8480039,Martin Necas,CAR,F,20242025,1443.65,0.5984615384615385,0.5661442006269592,0.5309638929346515,-0.006889478401143401,0.4187242947681356
8482070,Mitchell Chaffee,TBL,F,20242025,761.1333333333333,0.46301369863013697,0.43636363636363634,0.4495788418430884,-0.05718130279939976,-2.135720069294002
8476878,Zemgus Girgensons,TBL,F,20242025,928.5666666666667,0.44541484716157204,0.5172064777327935,0.5367097528419638,0.031159872227012997,1.155617737242286
8476906,Shayne Gostisbehere,CAR,D,20242025,1282.15,0.6013864818024264,0.6099855282199711,0.5737601382719641,0.025916758368273785,1.7589391859019363
8478458,Jack Roslovic,CAR,F,20242025,1060.25,0.5749559082892416,0.5616956850870553,0.5349139390553093,-0.021974849831077448,-0.608191509351886
8480336,Sean Walker,CAR,D,20242025,1310.6,0.585499316005472,0.5926829268292683,0.5621340212205131,0.004800676970901252,0.5469945209421908
8480829,Jesperi Kotkaniemi,CAR,F,20242025,1097.25,0.5802238805970149,0.5566787003610109,0.5280147078236974,-0.0242636755104213,-0.14141757742597819
8476822,Luke Glendening,TBL,F,20242025,830.65,0.34363636363636363,0.45213379469434833,0.5080025219670756,-0.039416328156171965,-0.2032353767301207
8480246,Nick Perbix,TBL,D,20242025,1037.25,0.4972477064220184,0.505584512285927,0.5065679067813399,0.013632831809764046,0.8311079355705505
8474715,Cam Atkinson,TBL,F,20242025,350.71666666666664,0.5121951219512195,0.4515366430260047,0.447179325952834,-0.03634680448862099,-1.6295512922225968
8478178,Darren Raddysh,TBL,D,20242025,1229.6333333333334,0.620253164556962,0.5052356020942408,0.4622691463980383,0.00495887297759251,-0.6088756728045681
8480762,Eric Robinson,CAR,F,20242025,952.65,0.5944333996023857,0.5804081632653061,0.5466671095873736,-0.0045751716928816855,-0.1850929688992458
8480835,Jack Drury,CAR,F,20242025,866.3166666666667,0.4801864801864802,0.5901981230448383,0.5972774936742089,0.030195530923602942,2.203115456445106
8482809,Jackson Blake,CAR,F,20242025,1041.35,0.6026615969581749,0.6010318142734308,0.5643508256802748,0.01565204979238799,0.8846895842263984
8483447,Conor Geekie,TBL,F,20242025,629.05,0.46474358974358976,0.48891786179921776,0.5015149771838331,-0.007484473678976311,-1.0393609889409536
8482176,Wyatt Kaiser,CHI,D,20242025,975.65,0.4747252747252747,0.4653716216216216,0.47440228096228093,0.03487506319726247,0.46613014336918873
8476461,Sean Couturier,PHI,F,20242025,1314.3833333333334,0.5036075036075036,0.5161082474226805,0.5148192863837194,0.012121836556806431,1.3573149512075098
8477948,Travis Sanheim,PHI,D,20242025,1941.0,0.471,0.5089737689829729,0.5193354689829729,0.009328877999270735,-0.0687308142817934
8478439,Travis Konecny,PHI,F,20242025,1633.6166666666666,0.5785123966942148,0.5038302887448438,0.47577780940600084,-0.0037990577787362367,-0.6613001910077552
8481546,Cam York,PHI,D,20242025,1312.5333333333333,0.4473684210526316,0.5096277278562259,0.5284329910141207,0.01071356434701587,0.10692188075908142
8484387,Matvei Michkov,PHI,F,20242025,1280.0,0.6117850953206239,0.5163584637268848,0.47641764916882584,0.008978903554738293,-0.033427598434335286
8477499,Rasmus Ristolainen,PHI,D,20242025,1299.1166666666666,0.4105960264900662,0.5084269662921348,0.5403710060272341,0.00854991244633252,0.9379688511279402
8480015,Owen Tippett,PHI,F,20242025,1186.3833333333334,0.5836120401337793,0.5242290748898678,0.49435449295006845,0.017973528765544478,0.6216311160159647
8480028,Morgan Frost,PHI,F,20242025,1240.6833333333334,0.6358974358974359,0.5177304964539007,0.4691743426077468,0.003927608725223797,-0.5526390792180601
8481178,Egor Zamula,PHI,D,20242025,999.0,0.47183098591549294,0.5306980656013457,0.54076285433374,0.029465996397834093,1.3082404997900359
8482159,Tyson Foerster,PHI,F,20242025,1319.05,0.3935483870967742,0.4805491990846682,0.5185843603749908,-0.01651502545203798,-0.3563091374727722
8480797,Joel Farabee,PHI,F,20242025,1173.5333333333333,0.47966101694915253,0.5058910162002945,0.5131581348443623,1.2287130503274568e-05,0.24464832214290433
8481553,Bobby Brink,PHI,F,20242025,1129.1666666666667,0.3926605504587156,0.48856900931414055,0.5269213946352415,-0.005955356850542992,0.14425824298045087
8482142,Jamie Drysdale,PHI,D,20242025,1342.2833333333333,0.5829383886255924,0.4840153452685422,0.454381459012618,-0.018306100107294,-1.199508246488225
8480068,Ryan Poehling,PHI,F,20242025,894.2333333333333,0.3638676844783715,0.4959677419354839,0.5446078182713617,0.0005658947035880324,0.5951216633346573
8473446,Erik Johnson,PHI,D,20242025,449.85,0.4722222222222222,0.5087719298245614,0.5186969298245614,0.0008108416399643659,-0.25459323820939217
8476872,Scott Laughton,PHI,F,20242025,1115.35,0.43700787401574803,0.47752808988764045,0.5000351765018137,-0.01912587000252286,-0.6258652676681329
8477903,Garnet Hathaway,PHI,F,20242025,758.5,0.34226190476190477,0.49252013808975836,0.5488799595183298,-0.0010491236733004006,0.9025206121279175
8478454,Noah Juulsen,VAN,D,20242025,570.1666666666666,0.34459459459459457,0.44333333333333336,0.4988596846846847,-0.029208149678220108,0.15770947171652966
8480459,Pius Suter,VAN,F,20242025,1320.9333333333334,0.4411764705882353,0.48374613003095973,0.5047637770897833,-0.0010181907954276426,0.14565666122996918
8480058,Pierre-Olivier Joseph,PIT,D,20242025,718.2666666666667,0.5149700598802395,0.502903600464576,0.4975547980693665,0.011883121740018265,0.09921180716762272
8481655,Cole Schwindt,VGK,F,20242025,378.5,0.5246913580246914,0.46774193548387094,0.4589197132616487,-0.04334217306614757,-1.5916283345050264
8483505,Matthew Poitras,BOS,F,20242025,431.9,0.6272189349112426,0.48841698841698844,0.44296166297320144,0.015543429820130017,-1.6896400702076653
8478502,Dennis Gilbert,BUF,D,20242025,286.4,0.4621212121212121,0.45604395604395603,0.46957804695304695,-0.02810054697069747,-0.7701359173958404
8475810,Bryan Rust,PIT,F,20242025,1347.35,0.6002710027100271,0.48930654569021387,0.4534797164219212,-0.018483065143375887,-0.8004954965451189
8481607,Albert Johansson,DET,D,20242025,935.5833333333334,0.5353159851301115,0.4930795847750865,0.48046118328809767,0.017328565012906638,0.19993309908406
8475718,Justin Holl,DET,D,20242025,1026.4333333333334,0.558766859344894,0.5177584846093133,0.49676108576538264,0.04201745086248798,1.339153480406458
8479591,Michael Eyssimont,TBL,F,20242025,780.9833333333333,0.47164948453608246,0.521286660359508,0.5314162995347658,0.038791838618902674,1.3198500558126138
8482201,Gage Goncalves,TBL,F,20242025,718.3166666666667,0.5191256830601093,0.5017142857142857,0.4948806791569086,0.008007285877182357,0.0030696199069540292
8482460,Matt Rempe,NYR,F,20242025,312.5,0.38405797101449274,0.4665127020785219,0.5079387890350436,-0.001239560403569151,-0.360872506926917
8471214,Alex Ovechkin,WSH,F,20242025,1120.4,0.7924528301886793,0.4845890410958904,0.3800956448694753,-0.03987829598824788,-2.8998318515346875
8474590,John Carlson,WSH,D,20242025,1817.9833333333333,0.530562347188264,0.5506607929515418,0.5397408663011751,0.03690199971332697,1.2307238211861276
8478233,Andrew Mangiapane,WSH,F,20242025,1011.1333333333333,0.4724220623501199,0.5379250217959896,0.5477786189182917,0.0277696987224334,1.471710375321734
8478440,Dylan Strome,WSH,F,20242025,1373.7833333333333,0.7745098039215687,0.48743386243386244,0.38935150949268593,-0.03599326396562569,-2.8151718054633323
8479345,Jakob Chychrun,WSH,D,20242025,1537.9833333333333,0.5788770053475936,0.5125768585802124,0.4843941045695172,-0.0024591736171369893,-0.27258406684182984
8478911,Matt Roy,WSH,D,20242025,1306.0666666666666,0.4473229706390328,0.49189889825016203,0.5107204008408356,-0.021006187481794725,-1.2002595958359406
8481580,Connor McMichael,WSH,F,20242025,1326.0,0.5117004680187207,0.5063451776649747,0.5021646004418857,-0.011638416072723201,-0.09971080315609801
8476880,Tom Wilson,WSH,F,20242025,1464.0666666666666,0.5353383458646617,0.523312456506611,0.5106860655291673,0.006691840416570782,1.0688172413045691
8479400,Pierre-Luc Dubois,WSH,F,20242025,1367.1,0.4682651622002821,0.5357372826786864,0.5470761402245256,0.02162690467764894,2.1330654398453546
8480796,Martin Fehérváry,WSH,D,20242025,1476.0666666666666,0.44042232277526394,0.5216584158415841,0.5429455199139823,0.008814663241136556,-0.39319180760817685
8481656,Aliaksei Protas,WSH,F,20242025,1250.6666666666667,0.5926517571884984,0.5294520547945205,0.49634758195107004,0.013464811495635609,-0.223950772264802
8482148,Hendrix Lapierre,WSH,F,20242025,265.6666666666667,0.7192982456140351,0.5201238390092879,0.4417685758513932,-0.0025011641752243907,-1.9656353497447097
8475343,Nic Dowd,WSH,F,20242025,1201.9,0.1431261770244821,0.5073929961089494,0.634904013058102,0.005547791189845941,1.7163071811464508
8477845,Trevor van Riemsdyk,WSH,D,20242025,1393.6,0.4656934306569343,0.5017899761336515,0.5140477133599288,-0.009529078999661822,-0.29939230237655995
8479390,Taylor Raddysh,WSH,F,20242025,953.5166666666667,0.33771106941838647,0.5121359223300971,0.5701217572269076,0.004215060377601443,0.37735174396032856
8479520,Brandon Duhaime,WSH,F,20242025,1058.4333333333334,0.14807302231237324,0.5039508340649693,0.6296943431927584,0.0016674620723149403,1.1169619066236862
8480873,Rasmus Sandin,WSH,D,20242025,1507.9833333333333,0.4630606860158311,0.5116531165311653,0.5248515334177088,-0.002264332406500147,0.15872195166180958
8480220,Noah Cates,PHI,F,20242025,1191.1,0.3723228995057661,0.4972155926809865,0.5428346206875763,0.00587960622376027,0.5930418617988352
8477993,Justin Kirkland,CGY,F,20242025,203.71666666666667,0.2748091603053435,0.39748953974895396,0.4779502267718547,-0.09368049812089518,-1.4196810469687136
8475462,Radko Gudas,ANA,D,20242025,1545.8333333333333,0.4077306733167082,0.473305954825462,0.5062737852494021,0.013662528666552487,0.15508970161976468
8476458,Ryan Strome,ANA,F,20242025,1330.2333333333333,0.5185185185185185,0.4948328267477204,0.48821616008105373,0.023593649279875173,0.25862158380537587
8478366,Frank Vatrano,ANA,F,20242025,1375.5,0.5110821382007823,0.4868421052631579,0.4828824572840184,0.014410470183123525,-0.1499573105056852
8478873,Troy Terry,ANA,F,20242025,1394.4333333333334,0.5047489823609227,0.49009324009324007,0.4883964286956824,0.019480516724115104,0.3777058427905717
8480011,Klim Kostin,SJS,F,20242025,374.3833333333333,0.4540540540540541,0.4142857142857143,0.4307022007722008,-0.03458756589015988,-0.1297400947072085
8482803,Olen Zellweger,ANA,D,20242025,1139.1666666666667,0.5578231292517006,0.4820801124385102,0.4614199083568775,0.021067449142411543,-0.36888721834260196
8483490,Pavel Mintyukov,ANA,D,20242025,1144.8666666666666,0.42536115569823435,0.4396384764364106,0.46630693550543145,-0.009241187468464807,0.03469290520836285
8473986,Alex Killorn,ANA,F,20242025,1366.3333333333333,0.5361344537815126,0.5120440467997247,0.4991332064635903,0.05470758848117979,0.9710787127727283
8483445,Cutter Gauthier,ANA,F,20242025,1118.8666666666666,0.46485623003194887,0.46025384101536404,0.47281071002494873,0.009532242866690466,0.8081631241894817
8475208,Brian Dumoulin,ANA,D,20242025,1491.6166666666666,0.4472972972972973,0.4526840066408412,0.4715146823165169,-0.003471102446883756,-0.7357715485016173
8484153,Leo Carlsson,ANA,F,20242025,1186.05,0.5146520146520146,0.4739162380602498,0.46868107322508495,0.007470131663298629,-0.3406872813894176
8475764,Cam Fowler,STL,D,20242025,1422.4666666666667,0.4766483516483517,0.5028644175684277,0.5112079615244717,0.02424002965765415,0.3885496779233078
8477952,Robby Fabbri,ANA,F,20242025,713.0,0.43617021276595747,0.4178498985801217,0.4406562815588451,-0.03786097286757811,-0.8758793886701142
8482745,Mason McTavish,ANA,F,20242025,1232.2833333333333,0.49765258215962443,0.4416243654822335,0.4424630978765997,-0.01383699364277069,-0.40062010947305127
8481533,Trevor Zegras,ANA,F,20242025,928.8333333333334,0.49504950495049505,0.452863436123348,0.4546322480045361,-0.007752115109891766,-0.6770245310663456
8480806,Isac Lundeström,ANA,F,20242025,1032.5333333333333,0.2857142857142857,0.43091787439613527,0.507482160110421,-0.010565309777999299,0.13331378724387513
8481517,Brett Leason,ANA,F,20242025,807.2166666666667,0.29048843187660667,0.42290249433106575,0.4977609776215542,-0.021594202357376358,-0.10846077626898956
8476934,Brock McGinn,ANA,F,20242025,304.4166666666667,0.37579617834394907,0.43454038997214484,0.4789184154498518,-0.007908465638935325,-0.9076051151166853
8479336,Carl Grundstrom,SJS,F,20242025,493.68333333333334,0.43103448275862066,0.4963609898107715,0.5210023691211163,0.06022863418964802,2.9401023354123175
8480990,Declan Chisholm,MIN,D,20242025,1079.6166666666666,0.4715909090909091,0.5074074074074074,0.5175579755892256,0.029934746170668936,1.1037086420620204
8483499,Liam Ohgren,MIN,F,20242025,269.06666666666666,0.4596774193548387,0.43209876543209874,0.4465060234966149,-0.032831429173596716,-1.614093668149721
8474090,Brendan Smith,DAL,D,20242025,389.0,0.485,0.4885057471264368,0.4938652471264368,0.00493190316977854,0.5598778307964939
8479372,Joshua Mahura,SEA,D,20242025,835.3,0.5574162679425837,0.4817658349328215,0.46125100239693634,0.0012788908249102837,-0.8431604863405243
8475197,Tyson Barrie,CGY,D,20242025,206.0,0.5531914893617021,0.49615384615384617,0.47714852700491,-0.011527911610607622,0.7486198510718921
8479442,Troy Stecher,EDM,D,20242025,866.9,0.48711943793911006,0.48678213309024615,0.4913843579146021,-0.041541179211621815,-1.0668490381712161
8482679,Matt Coronato,CGY,F,20242025,1293.4166666666667,0.46946564885496184,0.5291327913279132,0.5400427149920354,0.014187465179660297,0.8810903828501657
8480001,Urho Vaakanainen,NYR,D,20242025,783.5333333333333,0.382262996941896,0.4696517412935323,0.5117191724861929,-0.006387645841874678,0.6726876584359516
8478854,Ryan Shea,PIT,D,20242025,601.9833333333333,0.3937007874015748,0.4894217207334274,0.5274024293948447,0.004680655381675225,0.10801665695617008
8478430,Oliver Kylington,COL,D,20242025,226.05,0.5555555555555556,0.5394321766561514,0.5195821766561514,0.02572642023193039,-0.036744660088698325
8477944,Jakub Vrana,WSH,F,20242025,363.53333333333336,0.6625766871165644,0.47333333333333333,0.4152446830265849,-0.041166424210658914,-3.3926037156143365
8480887,Jordan Harris,CBJ,D,20242025,347.23333333333335,0.3888888888888889,0.41448692152917505,0.45418692152917506,-0.06081138153547383,-0.9525820089162486
8476438,Brandon Saad,STL,F,20242025,1023.9,0.541958041958042,0.5174880763116058,0.5024964679199974,0.018062265335436756,-0.11321698313808182
8481704,Juuso Parssinen,COL,F,20242025,471.35,0.5281385281385281,0.44770642201834865,0.43765252591445253,-0.06467424054932258,-2.812762052838302
8482145,Mavrik Bourque,DAL,F,20242025,866.25,0.42430703624733473,0.4883248730964467,0.515369969045274,0.006596942191244626,0.5942083385419056
8477971,Andreas Englund,NSH,D,20242025,420.45,0.3735632183908046,0.49490835030549896,0.5400842123744645,-0.00867432799708967,1.6031520502861645
8480043,Timothy Liljegren,SJS,D,20242025,1211.05,0.502262443438914,0.4780902550686723,0.47728188402794836,0.01828322024668161,0.21040290764324548
8480879,Jacob Bernard-Docker,OTT,D,20242025,484.4166666666667,0.5294117647058824,0.5179738562091504,0.5074650326797386,0.025974179217397697,1.2267181556716567
8480073,Erik Brannstrom,VAN,D,20242025,418.9166666666667,0.6632653061224489,0.4968152866242038,0.4384805927466528,0.013389771182762689,-1.973631814988914
8479941,Justin Danforth,CBJ,F,20242025,822.45,0.43073047858942065,0.48459086078639746,0.5093408607863975,0.00801424311851362,-0.08389482619460571
8482117,Lukas Reichel,CHI,F,20242025,814.1,0.49127906976744184,0.4159113796576032,0.41902736802969626,-0.014286692645010368,-1.2048117334547719
8477527,Ross Johnston,ANA,F,20242025,374.03333333333336,0.34444444444444444,0.4144329896907217,0.4700129896907217,-0.019862226445423903,-0.11241897517320931
8478424,Jansen Harkins,ANA,F,20242025,643.1,0.26136363636363635,0.43546099290780144,0.5207257656350741,0.0026986181023561095,1.2394089555696237
8483464,Marco Kasper,DET,F,20242025,1121.1666666666667,0.5035971223021583,0.5088757396449705,0.5075904878464094,0.03401283638097791,1.262078375248717
8481743,Marc Del Gaizo,NSH,D,20242025,706.6833333333333,0.4716981132075472,0.4971687429218573,0.5072810070728007,-5.480082591602375e-07,0.2959621718289181
8481593,Jayden Struble,MTL,D,20242025,787.5666666666667,0.6224188790560472,0.5251798561151079,0.4814395906283822,0.04926080948690564,0.1329071734757724
8479378,Logan Stanley,WPG,D,20242025,934.4166666666666,0.3907103825136612,0.4802065404475043,0.5192557207753732,-0.02516182245655052,-0.01524395005503795
8481019,David Gustafsson,WPG,F,20242025,312.3666666666667,0.26506024096385544,0.5642317380352645,0.648175713938879,0.059825950153708285,2.539552938709218
8482144,Jack Thompson,SJS,D,20242025,440.31666666666666,0.583710407239819,0.4744525547445255,0.44454282623773816,0.01761972173476739,-0.48630577180924034
8481605,Jackson LaCombe,ANA,D,20242025,1600.7,0.45977011494252873,0.4983164983164983,0.5126906362475329,0.03969122808833281,0.9256857579515886
8476372,Nick Seeler,PHI,D,20242025,1262.65,0.5111821086261981,0.46757679180887374,0.46358142439673317,-0.032194121668922104,-1.5677366086578188
8475235,Nicolas Deslauriers,PHI,F,20242025,207.8,0.5,0.49615384615384617,0.49615384615384617,-0.005553198430685913,0.9538745453444821
8479324,Ryan Lindgren,NYR,D,20242025,1408.35,0.538558786346397,0.4969987995198079,0.4832217451582403,-0.009743345045607699,-1.5108926174921098
8482742,Zachary L'Heureux,NSH,F,20242025,691.6166666666667,0.36795252225519287,0.5017462165308498,0.5489267803290694,0.010840259576012312,0.8356480746196375
8481527,Kaedan Korczak,VGK,D,20242025,559.3,0.5369127516778524,0.5105189340813464,0.4973300079068498,-0.004850840534844969,-0.03685924965664256
8481059,Scott Perunovich,STL,D,20242025,560.25,0.6423611111111112,0.5135908440629471,0.46272521906294706,0.014332045810320604,-0.5929070889331751
8476897,Oskar Sundqvist,STL,F,20242025,861.6,0.36649214659685864,0.49280575539568344,0.5405081114166258,0.011396874292688597,2.056505588332156
8477488,Brett Pesce,NJD,D,20242025,1452.9333333333334,0.49870801033591733,0.5068330362448009,0.5072946641517777,0.006894133866620411,0.23397721501498842
8482684,Luke Hughes,NJD,D,20242025,1415.8833333333334,0.5308310991957105,0.5045427013930951,0.4935267496504677,0.002420979248626054,-0.1252566204290277
8483472,Maveric Lamoureux,UTA,D,20242025,243.0,0.5328467153284672,0.5575539568345323,0.545817825447671,0.024312888906651176,0.8394902804957274
8475760,Nick Bjugstad,UTA,F,20242025,768.3,0.48104265402843605,0.5143139190523198,0.5210873787679596,-0.013470869604676472,0.3984773560496272
8479026,Philippe Myers,TOR,D,20242025,536.6166666666667,0.5166051660516605,0.4962518740629685,0.4903188482327102,0.015538740127028328,0.8535528339374301
8481068,Yegor Sharangovich,CGY,F,20242025,1175.5666666666666,0.5616197183098591,0.5082956259426847,0.48627890059057205,-0.007719975022420833,-0.2744795362398634
8477810,Joel Hanley,CGY,D,20242025,920.35,0.5183333333333333,0.5207956600361664,0.5142451600361664,0.0018427065811107424,-0.1880262104978033
8479395,Dennis Cholowski,NYI,D,20242025,510.53333333333336,0.5778894472361809,0.4610051993067591,0.43317529980927166,-0.0378284214961353,-1.4815020668842658
8474709,Matt Martin,NYI,F,20242025,231.28333333333333,0.5,0.4,0.4,-0.08188803608961209,-1.7271450797589536
8478115,Pierre Engvall,NYI,F,20242025,674.4666666666667,0.47953216374269003,0.5256410256410257,0.5329541835357625,0.028128964420810587,1.5096600868433532
8476448,William Karlsson,VGK,F,20242025,849.1833333333333,0.583743842364532,0.5501583949313622,0.5202367200545149,0.029883737416330547,0.48038809864015986
8482126,Emil Andrae,PHI,D,20242025,693.7166666666667,0.5551839464882943,0.5315315315315315,0.511814307451264,0.026530097601512703,0.345590050292963
8482859,Zack Ostapchuk,OTT,F,20242025,495.5833333333333,0.48756218905472637,0.45264847512038525,0.4570925049711315,-0.023832099553343034,-0.5277651340534057
8477392,Hudson Fasching,NYI,F,20242025,417.43333333333334,0.4694835680751174,0.543010752688172,0.5539142738149325,0.04264274383488931,1.8833264594152808
8480851,Akil Thomas,LAK,F,20242025,247.85,0.4076923076923077,0.5147540983606558,0.5477356368221943,-0.011468411190519556,1.388111484607026
8475413,Justin Dowling,NJD,F,20242025,511.2,0.5046296296296297,0.49047619047619045,0.4888220238095238,-0.0026234984456303123,-0.6857223198654825
8481481,Blake Lizotte,PIT,F,20242025,750.6333333333333,0.23896103896103896,0.46125,0.5545192207792208,-0.013426078720221557,1.1022025505232411
8477931,Tomas Nosek,FLA,F,20242025,540.5,0.47244094488188976,0.53125,0.5410968503937008,0.005795913208613279,2.2284898930521737
8481716,Dmitri Voronkov,CBJ,F,20242025,1175.9166666666667,0.5990783410138248,0.5091649694501018,0.4737642782058622,0.009601369057541609,0.2249324388138715
8480196,Jacob Bryson,BUF,D,20242025,676.2333333333333,0.39590443686006827,0.4662721893491124,0.5034655340590101,-0.01695714242538654,-0.11201744740021714
8476918,Jimmy Vesey,NYR,F,20242025,416.78333333333336,0.2857142857142857,0.483695652173913,0.5602599378881987,0.010347987019188487,0.7409573503734327
8483448,Isaiah George,NYI,D,20242025,516.6666666666666,0.5076923076923077,0.4526627218934911,0.44991426035502957,-0.048982222254073726,-1.4387003145397146
8477476,Artturi Lehkonen,COL,F,20242025,1352.8166666666666,0.5869565217391305,0.54638515674984,0.5153155915324487,-0.002398138088145374,0.29864672632992284
8482726,Samuel Helenius,LAK,F,20242025,410.23333333333335,0.5080213903743316,0.48841698841698844,0.48555094563623974,-0.04115955863539339,-0.30560566676960454
8479370,Tyson Jost,CAR,F,20242025,348.7,0.5888324873096447,0.5891304347826087,0.5573905870668727,0.002551089442027532,0.03580416439806994
8480980,Connor Dewar,TOR,F,20242025,513.0833333333334,0.3157894736842105,0.4690265486725664,0.534844969725198,-0.007008092952870915,1.283546126315816
8483476,Jonathan Lekkerimäki,VAN,F,20242025,301.6,0.5873015873015873,0.49244712990936557,0.46125427276650843,0.00610147428649116,-0.27063982942959836
8477851,Jordan Oesterle,BOS,D,20242025,554.7333333333333,0.4944649446494465,0.49927849927849927,0.5012561745552521,0.02435732022402376,0.07791571308465725
8478057,Dakota Joshua,VAN,F,20242025,690.7833333333333,0.4849246231155779,0.46764346764346765,0.4730298998042717,-0.016002988405059038,-1.1332709991929686
8476442,Matt Nieto,PIT,F,20242025,379.45,0.18232044198895028,0.4474393530997305,0.5609462591770785,-0.018762985816581645,0.14291397603199202
8477501,Valeri Nichushkin,COL,F,20242025,785.6166666666667,0.5647668393782384,0.5283251231527094,0.5051839314428649,-0.011043537164624806,-0.37562217529550057
8481563,Drew Helleson,ANA,D,20242025,855.2833333333333,0.4672489082969432,0.4279661016949153,0.4396680667604175,-0.02133626272454081,-1.2211014428724678
8483503,Owen Pickering,PIT,D,20242025,370.3833333333333,0.43820224719101125,0.4845814977973568,0.5066618348760085,-0.008522447210477513,-0.947467862996779
8479421,Jacob Moverare,LAK,D,20242025,540.8833333333333,0.5076335877862596,0.5563689604685212,0.5536414795524907,0.016992980072899733,2.0020994644268777
8480259,Ben Jones,MIN,F,20242025,217.93333333333334,0.34,0.40189873417721517,0.45906673417721516,-0.046630758036232345,0.018509403110584945
8482118,Sam Colangelo,ANA,F,20242025,369.06666666666666,0.46190476190476193,0.40636704119850187,0.4199784697699304,-0.042094119937811314,-1.295707881582828
8483489,Fraser Minten,TOR,F,20242025,212.78333333333333,0.4148936170212766,0.42857142857142855,0.4589799392097264,-0.046538692676627524,0.1534444824322912
8476913,Devin Shore,MIN,F,20242025,477.43333333333334,0.40611353711790393,0.4259541984732824,0.45949983166105535,-0.02175039022111952,-0.37928114487050135
8481806,Louis Crevier,CHI,D,20242025,526.4833333333333,0.34558823529411764,0.4117647058823529,0.4669360294117647,-0.015054395613493698,-0.0057006506679378325
8484136,Max Sasson,VAN,F,20242025,278.8,0.5040650406504065,0.4559748427672956,0.45452240374290537,-0.02565256088323664,-0.24748434513957235
8482768,Fedor Svechkov,NSH,F,20242025,615.4833333333333,0.6850393700787402,0.5,0.43388543307086613,-0.004824958850838557,-3.1610334548302146
8482132,Brett Berard,NYR,F,20242025,337.81666666666666,0.5,0.4700854700854701,0.4700854700854701,-0.011395916963237607,-0.6433526403541446
8481572,Ville Heinola,WPG,D,20242025,238.51666666666668,0.4146341463414634,0.4967948717948718,0.5272960913070669,-0.0007873439464288201,0.4128513944866895
8482482,Adam Wilsby,NSH,D,20242025,416.26666666666665,0.41784037558685444,0.5020746887966805,0.5314303225994974,0.0047800749503028594,0.3781357379895189
8483565,Nick Blankenburg,NSH,D,20242025,1085.4166666666667,0.48295454545454547,0.4814509480626546,0.4875412889717455,-0.013824594632615372,-1.1317964959037978
8478477,Mitchell Stephens,SEA,F,20242025,258.31666666666666,0.5094339622641509,0.4405594405594406,0.43718868584245946,-0.04131229449963708,-2.1843134134022746
8479339,Patrik Laine,MTL,F,20242025,692.3,0.7203065134099617,0.430416068866571,0.3517005516251917,-0.053760604580696814,-3.6194901199452616
8482652,Walker Duehr,CGY,F,20242025,211.28333333333333,0.5263157894736842,0.4601449275362319,0.4507422959572845,-0.01901465797959495,-2.1833869884540613
8481592,Jakob Pelletier,CGY,F,20242025,528.4333333333333,0.536,0.5123076923076924,0.49944489230769235,0.008502134704354791,-0.06658986689564356
8482896,Tyson Kozak,BUF,F,20242025,220.95,0.3584905660377358,0.450354609929078,0.500915930683795,-0.029935385578691354,-0.9481188313301254
8479387,Keaton Middleton,COL,D,20242025,418.68333333333334,0.4140127388535032,0.5272373540856031,0.5579606024932464,0.005735414645685499,0.6974355359041293
8483466,Kevin Korchinski,CHI,D,20242025,239.96666666666667,0.5344827586206896,0.43934426229508194,0.42702357263990953,0.004651256464859865,-0.5610458181659659
8482166,Shakir Mukhamadullin,SJS,D,20242025,542.0166666666667,0.4562043795620438,0.47715736040609136,0.4928055355885731,0.02220301869521718,0.07062170982371539
8483425,Lian Bichsel,DAL,D,20242025,502.01666666666665,0.5266903914590747,0.4878048780487805,0.4782684011804531,0.006670209577814112,-0.5444557918341772
8483493,Frank Nazar,CHI,F,20242025,771.5333333333333,0.4740061162079511,0.41813898704358066,0.42742660172247976,-0.010304677410681973,-0.18772890495422834
8481006,Tyler Tucker,STL,D,20242025,519.3166666666667,0.4772727272727273,0.5220228384991843,0.5301432930446388,0.04621766647194758,1.1286570236045592
8476858,Phillip Di Giuseppe,VAN,F,20242025,231.3,0.4897959183673469,0.4856115107913669,0.48925742915871384,0.005459325217334832,-0.2252247451832105
8481024,Linus Karlsson,VAN,F,20242025,201.41666666666666,0.5172413793103449,0.44537815126050423,0.439217806432918,-0.040864595817504235,-0.5106133388373081
8480245,Olle Lycksell,PHI,F,20242025,226.7,0.5368421052631579,0.5503875968992248,0.5372239126886985,0.052315149971548736,0.9344016561006033
8483485,Denton Mateychuk,CBJ,D,20242025,738.1,0.4186666666666667,0.45620022753128553,0.4852606275312855,-0.021415835643116443,-0.13345425820656645
8484321,Nikolas Matinpalo,OTT,D,20242025,489.51666666666665,0.5447154471544715,0.46944858420268254,0.45347175493438985,-0.01744153390380243,0.7301995193519688
8476994,Vinnie Hinostroza,MIN,F,20242025,485.18333333333334,0.5019305019305019,0.49665551839464883,0.49596575005488047,0.007135679741069989,0.2765747126464125
8484911,Collin Graf,SJS,F,20242025,523.3666666666667,0.39330543933054396,0.44204322200392926,0.4801651885311259,-0.00891377470243554,-0.808538134895182
8471709,Marc-Edouard Vlasic,SJS,D,20242025,339.6666666666667,0.4666666666666667,0.47743467933491684,0.4893446793349168,0.022875203588739013,0.830365041292814
8482703,Colton Dach,CHI,F,20242025,303.2,0.5,0.4080604534005038,0.4080604534005038,-0.019369057103420295,-1.018742517416832
8481056,Spencer Stastney,NSH,D,20242025,372.05,0.463855421686747,0.5,0.5129144578313253,0.00957871170639113,-0.26728605758264606
8474563,Drew Doughty,LAK,D,20242025,702.8,0.5494505494505495,0.5012594458438288,0.48359076452514743,-0.03553471082564691,-1.5303359173845676
8483432,Luca Del Bel Belluz,CBJ,F,20242025,207.01666666666668,0.514018691588785,0.4189189189189189,0.41391004041424606,-0.06267143151704963,-1.9610859821640576
8483573,Ethen Frank,WSH,F,20242025,245.06666666666666,0.5304347826086957,0.5353535353535354,0.5244791875274484,0.018854257230554672,-1.254937111456234
8480084,Nick DeSimone,UTA,D,20242025,247.66666666666666,0.5547945205479452,0.5115606936416185,0.4919826114498377,-0.015194407016955847,-0.6085347030336591
8478146,Matthew Highmore,OTT,F,20242025,423.23333333333335,0.4946808510638298,0.4311377245508982,0.4330382564657918,-0.05875430752446453,-1.8731246316619867
8479968,Vinni Lettieri,BOS,F,20242025,310.0833333333333,0.44805194805194803,0.43832020997375326,0.4568812489347922,-0.020426012422763262,0.2884717118550101
8480828,Michael Callahan,BOS,D,20242025,206.93333333333334,0.2631578947368421,0.4045307443365696,0.4891544285470959,-0.0504688144906571,0.1646644796025125
8483553,Marc Gatcomb,NYI,F,20242025,335.5833333333333,0.5777777777777777,0.4759493670886076,0.4481593670886076,-0.025441983423913406,-1.4579762620277066
8478507,John Marino,UTA,D,20242025,740.85,0.4975728155339806,0.536117381489842,0.5369846144995507,0.00876636666682562,0.35138906150258886
8481725,Elmer Soderblom,DET,F,20242025,338.53333333333336,0.4305555555555556,0.4774193548387097,0.5022318548387097,0.0007054736949514973,1.731495853687242
8479022,Rodrigo Abols,PHI,F,20242025,202.18333333333334,0.6116504854368932,0.5,0.4601072815533981,-0.0066784829022420444,-1.250506726855985
8482807,Ethan Del Mastro,CHI,D,20242025,418.96666666666664,0.457286432160804,0.452431289640592,0.4676928474295367,0.024078914759683434,0.9177950769790999
8477950,Tony DeAngelo,NYI,D,20242025,724.55,0.5309734513274337,0.5203969128996693,0.5093300987403773,0.0075264687709031275,0.20929477200548668
8483678,Elias Pettersson,VAN,D,20242025,299.2,0.6753246753246753,0.4961636828644501,0.43352017637094364,0.011136822510763034,-1.3828006047704957
8482172,Landon Slaggert,CHI,F,20242025,361.85,0.43243243243243246,0.4078091106290672,0.4319510025209591,-0.022452265708583774,-0.649134964411334
8476432,Boone Jenner,CBJ,F,20242025,395.78333333333336,0.5098039215686274,0.5084745762711864,0.5049716350947159,0.016951461577903393,0.5600766982779007
8479356,Kieffer Bellows,NSH,F,20242025,202.81666666666666,0.35802469135802467,0.4595744680851064,0.5103022458628842,-0.027299503249993196,0.33339512417246
8480070,Ian Mitchell,BOS,D,20242025,218.95,0.4878048780487805,0.4,0.40435731707317074,-0.06286728271097969,-1.4708693192581441
8484783,Artyom Levshunov,CHI,D,20242025,285.85,0.6014492753623188,0.4310850439882698,0.39483721790131326,-0.0011776837801376616,-1.7827820754468766
8473419,Brad Marchand,FLA,F,20252026,921.55,0.5013333333333333,0.48272357723577236,0.4822471772357724,-0.02975157178466864,-1.2967372373687276
8476473,Connor Murphy,CHI,D,20252026,1391.8166666666666,0.3689655172413793,0.46557842441447833,0.5123970451041335,0.00789946109080747,1.1128825172624557
8477409,Carter Verhaeghe,FLA,F,20252026,1353.8666666666666,0.554140127388535,0.5210396039603961,0.5016953364444725,0.007732939900884195,0.24437608261184593
8477450,Jason Dickinson,CHI,F,20252026,995.0,0.27915869980879543,0.49388523047977423,0.5727918270380916,0.04478028106826343,1.880886725042047
8477495,Seth Jones,FLA,D,20252026,1229.05,0.4789579158316633,0.5056451612903226,0.5131634979636692,0.0003235759978644781,0.34328058496593633
8477935,Sam Bennett,FLA,F,20252026,1400.7166666666667,0.5689948892674617,0.5156562291805463,0.49100435524528224,0.0004825299839172903,-0.293433824385832
8478859,Niko Mikkola,FLA,D,20252026,1383.9333333333334,0.5014836795252225,0.5108695652173914,0.5103394465230293,0.0043411328162810126,0.13890147531682323
8481624,Ilya Mikheyev,CHI,F,20252026,1332.75,0.31475409836065577,0.44161073825503355,0.5077990989107712,-0.004193278222649532,-0.5615340764189007
8482703,Colton Dach,CHI,F,20252026,686.45,0.4586206896551724,0.4675,0.48228482758620694,0.015425500187049968,0.3374611078350577
8482807,Ethan Del Mastro,CHI,D,20252026,268.48333333333335,0.3643410852713178,0.46540880503144655,0.5138797352640047,0.018667958646818195,3.1109552463033805
8473507,Jeff Petry,FLA,D,20252026,990.7833333333333,0.5503355704697986,0.5172131147540984,0.4992282154252393,0.009056788406879623,0.49251650170348465
8475179,Dmitry Kulikov,FLA,D,20252026,342.9166666666667,0.5114942528735632,0.4942263279445728,0.49011943139284864,-0.012846952665136746,0.17414059862278217
8476882,Teuvo Teravainen,CHI,F,20252026,1325.9166666666667,0.45792563600782776,0.459546925566343,0.4745800958207462,0.011924306097990611,0.7603870682674214
8477479,Tyler Bertuzzi,CHI,F,20252026,1452.8,0.46417445482866043,0.47206875383670965,0.4848692211264293,0.028478285438360895,1.5472287040908759
8477933,Sam Reinhart,FLA,F,20252026,1356.35,0.5055555555555555,0.5062137531068766,0.5042287531068765,-0.006002388026280503,-0.6068498605124699
8480185,Eetu Luostarinen,FLA,F,20252026,1210.8833333333334,0.46774193548387094,0.5236947791164659,0.5352205855680788,0.016584272611084416,0.5244506504377446
8482113,Anton Lundell,FLA,F,20252026,1219.2,0.4835589941972921,0.5147679324894515,0.520642303862759,0.004647644459550904,-0.19615920581280827
8482176,Wyatt Kaiser,CHI,D,20252026,1503.2166666666667,0.5127840909090909,0.44829513694801565,0.44372738126619743,-0.0014652095005178722,-0.5640853733920504
8484783,Artyom Levshunov,CHI,D,20252026,1323.65,0.5943238731218697,0.43688037012557834,0.4031784502591343,-0.015666966494553014,-1.7168214168179086
8483493,Frank Nazar,CHI,F,20252026,1203.2166666666667,0.46741154562383613,0.4513776337115073,0.46302148846011065,0.0018943131011896486,0.7622735305149096
8476891,Matt Grzelcyk,CHI,D,20252026,1169.5833333333333,0.5366666666666666,0.46206425153793573,0.44896325153793576,0.009542335076451802,-0.04867035191823558
8477932,Aaron Ekblad,FLA,D,20252026,1616.1333333333334,0.5243243243243243,0.5208581644815257,0.5121670834004446,0.006033291730354495,-0.757111666967845
8478055,Gustav Forsling,FLA,D,20252026,1805.0166666666667,0.5341830822711472,0.5314057826520439,0.5191921673565629,0.02038199771816196,-0.3556671074248369
8482713,Mackie Samoskevich,FLA,F,20252026,1112.8333333333333,0.5211267605633803,0.5644080416976918,0.556859450148396,0.05146785776552987,2.451340449613507
8477987,Ryan Donato,CHI,F,20252026,1208.5,0.39705882352941174,0.46934604904632155,0.5061269313992627,0.021959064167554665,1.2270253504471085
8478542,Evan Rodrigues,FLA,F,20252026,1170.6333333333334,0.5153374233128835,0.5428348909657321,0.5373548296160389,0.028337903199968983,1.2214372867171222
8480003,Jesper Boqvist,FLA,F,20252026,864.45,0.5271867612293144,0.48906560636182905,0.479351776574595,-0.02100040038847878,-0.8637166564760961
8477444,Andre Burakovsky,CHI,F,20252026,1226.4166666666667,0.6202290076335878,0.4538866930171278,0.4109288685896469,0.005307004251059899,-0.6725910233207931
8483506,Sam Rinzel,CHI,D,20252026,987.85,0.5745614035087719,0.4421988682295877,0.4155580787559035,-0.0098991877867034,-0.9720584562618165
8484144,Connor Bedard,CHI,F,20252026,1422.75,0.5669781931464174,0.43173652694610776,0.4078052185348928,-0.016401972496128625,-0.741258613927522
8473422,Nick Foligno,CHI,F,20252026,683.35,0.3609271523178808,0.48343373493975905,0.5331244634165803,0.025740849878366667,1.2615397368273698
8478043,Sam Lafferty,CHI,F,20252026,252.3,0.5346534653465347,0.44086021505376344,0.4284785318854466,-0.012767278010925032,-1.3686232283578188
8478421,A.J. Greer,FLA,F,20252026,969.4666666666667,0.5666003976143141,0.5396163469557965,0.5158200248882021,0.02899244344745977,0.39548063446254894
8479316,Luke Kunin,FLA,F,20252026,617.5333333333333,0.49673202614379086,0.44138929088277856,0.4425569379416021,-0.054152902918578716,-1.0447233448773219
8483450,Ryan Greene,CHI,F,20252026,1354.9333333333334,0.4843304843304843,0.43036386449184444,0.4359625824405624,-0.016010209783223928,-0.3530277742498196
8471215,Evgeni Malkin,PIT,F,20252026,976.3,0.6802030456852792,0.494949494949495,0.4305629467261447,-0.016937583438542902,-1.6326190403832017
8471675,Sidney Crosby,PIT,F,20252026,1298.4666666666667,0.5851528384279476,0.5069060773480663,0.4764809681777606,0.0033188908380463733,1.0780609326158923
8471724,Kris Letang,PIT,D,20252026,1597.6,0.568988173455979,0.49757412398921835,0.4729246496133971,-0.009771049709911606,-0.8045778794064062
8476459,Mika Zibanejad,NYR,F,20252026,1685.3333333333333,0.5236167341430499,0.4857142857142857,0.477276026604974,-0.002349345074978193,-0.2975030398344349
8476468,J.T. Miller,NYR,F,20252026,1363.2166666666667,0.48861911987860396,0.4957854406130268,0.4998518290804016,0.014232524523246137,0.4657280733090985
8478882,Vladislav Gavrikov,NYR,D,20252026,1945.7,0.5299227799227799,0.4928571428571429,0.4821657335907336,0.009466217944797295,-0.8658084029548655
8479323,Adam Fox,NYR,D,20252026,1293.9,0.5601719197707736,0.5420560747663551,0.5205566478322576,0.055936577745354266,1.3644205073845712
8482157,Will Cuylle,NYR,F,20252026,1381.2333333333333,0.4896142433234421,0.47320169252468264,0.4769125233852168,-0.005157518635157732,-0.3729035892778425
8485414,Ben Kindel,PIT,F,20252026,1154.25,0.5516483516483517,0.5322455322455323,0.5137915762015762,0.020216576435838185,1.040169798992112
8478569,Noel Acciari,PIT,F,20252026,917.2833333333333,0.15098468271334792,0.4827586206896552,0.607461793556176,-0.006157760018877911,0.23228887561184236
8476389,Vincent Trocheck,NYR,F,20252026,1371.3666666666666,0.5050847457627119,0.47295208655332305,0.4711353068923061,-0.008788488782850268,-0.2331340269559226
8478550,Artemi Panarin,NYR,F,20252026,1601.6333333333334,0.6329442282749675,0.5385514018691588,0.4910504291065129,0.0408989728264999,0.6924654440765063
8481481,Blake Lizotte,PIT,F,20252026,760.6,0.15041782729805014,0.5251798561151079,0.6500855664215146,0.03572706373447909,1.4981828189313098
8482109,Alexis Lafrenière,NYR,F,20252026,1439.05,0.548621190130624,0.5145442792501616,0.4971719280164896,0.030260364245232263,0.9184440369958864
8478450,Parker Wotherspoon,PIT,D,20252026,1612.1666666666667,0.49815043156596794,0.5079197465681098,0.5085805973695895,0.0030912079816076687,-0.5830490495443599
8478854,Ryan Shea,PIT,D,20252026,1512.4333333333334,0.4752186588921283,0.5007932310946589,0.5096476042725014,-0.0016583873383988479,-0.5933358322918161
8480980,Connor Dewar,PIT,F,20252026,1086.1333333333334,0.18604651162790697,0.5004255319148936,0.6126011133102425,0.010292310371218472,0.15849842434895933
8482073,Braden Schneider,NYR,D,20252026,1675.5166666666667,0.42054794520547945,0.4524959742351047,0.4808841934131869,-0.02141511404583024,-0.920484931939127
8476483,Rickard Rakell,PIT,F,20252026,1137.0166666666667,0.5905096660808435,0.4945788156797331,0.46223971198904773,-0.00617702826910993,0.815844673186062
8482460,Matt Rempe,NYR,F,20252026,224.63333333333333,0.36666666666666664,0.4857142857142857,0.5333542857142857,0.02143062052179373,0.09664420518203032
8477839,Conor Sheary,NYR,F,20252026,874.1166666666667,0.4627906976744186,0.49032882011605416,0.5036237038369844,0.015603121541314435,-0.2377696950286044
8474578,Erik Karlsson,PIT,D,20252026,1758.1166666666666,0.55,0.5234113712374582,0.5055463712374582,0.02133285537380314,0.394726424265574
8475842,Sam Carrick,NYR,F,20252026,764.7333333333333,0.296969696969697,0.4669603524229075,0.5395030796956348,1.4297906793081516e-05,1.2209773929695027
8477369,Carson Soucy,NYR,D,20252026,1257.9333333333334,0.4910394265232975,0.46082337317397076,0.46402498607719656,-0.015970349172156117,-0.9556274593838754
8478840,Will Borgen,NYR,D,20252026,1353.9166666666667,0.44657097288676234,0.4567496723460026,0.4758398637335624,-0.016379836946520065,-0.7663527822320249
8479390,Taylor Raddysh,NYR,F,20252026,806.9666666666667,0.38011695906432746,0.4480932203389831,0.4909274308652989,-0.017939726241417486,-0.22855346528335826
8483690,Noah Laba,NYR,F,20252026,996.85,0.4413145539906103,0.4541284403669725,0.4750967502261274,-0.016381938726971634,-0.6339940279440803
8482758,Ville Koivunen,PIT,F,20252026,500.56666666666666,0.6513761467889908,0.5739268680445151,0.5198401707968087,0.053332745570910056,0.5979721730139814
8480001,Urho Vaakanainen,NYR,D,20252026,471.0833333333333,0.3556701030927835,0.48214285714285715,0.5337119293078056,0.0168995793140852,1.4563992826498315
8479638,Justin Brazeau,PIT,F,20252026,809.9,0.5922619047619048,0.5049603174603174,0.4719951388888889,-0.005787634785380025,-0.2378260548626364
8477511,Anthony Mantha,PIT,F,20252026,1233.1166666666666,0.6370192307692307,0.49030868628858576,0.44135171513473964,-0.022884096942565157,-1.7630998480265565
8481726,Adam Edstrom,NYR,F,20252026,331.1333333333333,0.35802469135802467,0.45964125560538116,0.510369033383159,-0.010638949775288675,-0.7849012075505333
8478438,Tommy Novak,PIT,F,20252026,1163.95,0.640926640926641,0.5256756756756756,0.4753225868725868,0.01665845202515326,-0.10506849527689605
8474563,Drew Doughty,LAK,D,20252026,1625.6166666666666,0.5058365758754864,0.5318559556786704,0.5297705471183591,0.018902072830739303,0.373987037329521
8476479,Phillip Danault,MTL,F,20252026,1164.7333333333333,0.4068965517241379,0.5016556291390728,0.5349214912080383,0.008319080684226654,0.6261052306523581
8477476,Artturi Lehkonen,COL,F,20252026,1270.75,0.583739837398374,0.5386138613861386,0.5086936174836996,-0.016067088360816495,-0.07337524139741743
8477492,Nathan MacKinnon,COL,F,20252026,1771.5666666666666,0.6566523605150214,0.5532319391634981,0.49726005075148094,0.00018189533651324918,0.38931008358736474
8477998,Warren Foegele,LAK,F,20252026,937.3333333333334,0.45625,0.4868189806678383,0.5024508556678383,-0.027634217847792575,-1.1875216119374628
8478038,Devon Toews,COL,D,20252026,1494.6833333333334,0.6051344743276283,0.5522803114571746,0.514715763779913,-0.0035437367438667655,-0.9083948002201347
8479675,Trevor Moore,LAK,F,20252026,1131.8166666666666,0.4562043795620438,0.5364543361473523,0.552102511329834,0.025051551310940723,0.4495656644353955
8479998,Mikey Anderson,LAK,D,20252026,1621.7166666666667,0.4216710182767624,0.48765107724645296,0.5156380224161657,-0.02764665625838869,-0.9513414702868279
8480039,Martin Necas,COL,F,20252026,1672.3,0.6213364595545134,0.5401422764227642,0.4967887594239366,-0.01391940245621437,0.27798082868922175
8480069,Cale Makar,COL,D,20252026,1834.7833333333333,0.623463687150838,0.5317460317460317,0.48763245632703733,-0.02475095170167929,-0.9670169127102127
8470613,Brent Burns,COL,D,20252026,1532.5166666666667,0.48062953995157387,0.5487867836861126,0.5557078490614152,-0.010668870539118358,-1.0050961937461984
8475754,Brock Nelson,COL,F,20252026,1568.4333333333334,0.5089163237311386,0.5724381625441696,0.5692523600750338,0.01876660230363769,0.6365548772181047
8477960,Adrian Kempe,LAK,F,20252026,1519.9,0.5888594164456233,0.5093008338678641,0.47755136437184287,-0.01250168687613451,-0.10710821795247576
8477501,Valeri Nichushkin,COL,F,20252026,1255.4833333333333,0.48845470692717585,0.5666897028334485,0.5708148360483686,0.013249863149360941,0.29871285059148794
8471685,Anze Kopitar,LAK,F,20252026,1249.1833333333334,0.5830721003134797,0.5111111111111111,0.4814294496691048,-0.010625755673811965,-0.05446455973128751
8476455,Gabriel Landeskog,COL,F,20252026,985.6333333333333,0.5314814814814814,0.5489711934156378,0.5377228600823045,-0.006470649184015853,-0.06307129621604325
8479398,Samuel Girard,COL,D,20252026,1082.5666666666666,0.4892086330935252,0.5433070866141733,0.5471628420098568,0.005007432267396972,0.6886074774481302
8483808,Andrei Kuzmenko,LAK,F,20252026,771.9,0.5613496932515337,0.5243445692883895,0.5024243238896164,0.0015736969412994961,0.7297506996255947
8475208,Brian Dumoulin,LAK,D,20252026,1438.8666666666666,0.4546762589928058,0.5152914021927294,0.5314855748545999,0.0023710994961692045,0.12973467573226483
8476879,Cody Ceci,LAK,D,20252026,1447.1,0.3942161339421613,0.5041176470588236,0.5419142224012893,-0.004156186660108974,0.42408706869968993
8477942,Kevin Fiala,LAK,F,20252026,1049.5333333333333,0.5553319919517102,0.5355839416058394,0.5158138208814934,0.015951268529237894,1.4928492315175181
8480835,Jack Drury,COL,F,20252026,1170.3333333333333,0.44964028776978415,0.573562359970127,0.591555885149983,0.017928572006529087,0.171077672227072
8479525,Ross Colton,COL,F,20252026,899.35,0.46494464944649444,0.5984848484848485,0.611010125237616,0.04267615689040638,1.506732373493711
8482124,Quinton Byfield,LAK,F,20252026,1543.8166666666666,0.4630969609261939,0.5301932367149759,0.5433786925760468,0.01678785255895876,1.1377526313651376
8482155,Alex Laferriere,LAK,F,20252026,1466.3,0.48040638606676345,0.5201219512195122,0.5271227494778576,0.004608700250509856,0.4808215723708139
8476441,Joel Edmundson,LAK,D,20252026,1497.1166666666666,0.5853658536585366,0.5061797752808989,0.47567855576870377,-0.01762197823250522,-1.6536581613672179
8482730,Brandt Clarke,LAK,D,20252026,1586.5166666666667,0.6159250585480094,0.5452653485952134,0.5038453251760096,0.02451467268854779,0.4572393024965479
8476312,Josh Manson,COL,D,20252026,1406.5333333333333,0.4563758389261745,0.5756395995550612,0.5912265123067391,0.021013335027550095,0.7936747891692
8478109,Victor Olofsson,COL,F,20252026,1063.6,0.5284090909090909,0.5421779141104295,0.5320273459286113,-4.0749723807298466e-05,0.40801737202753785
8484258,Sam Malinski,COL,D,20252026,1424.1666666666667,0.5128205128205128,0.5781170483460559,0.5735362791152867,0.023149259900550057,1.0010588146039612
8481641,Joel Kiviranta,COL,F,20252026,514.7166666666667,0.41832669322709165,0.5728314238952537,0.6020132964052138,0.016333293520726877,0.3125875342796749
8482408,Jeff Malott,LAK,F,20252026,512.2,0.4474885844748858,0.5453257790368272,0.5640881078039505,0.03494737667822845,1.0707157283307824
8476469,Joel Armia,LAK,F,20252026,926.7666666666667,0.46136363636363636,0.4960707269155206,0.5098754996427933,-0.017202323482421567,-1.4186274056477486
8480448,Parker Kelly,COL,F,20252026,1028.0,0.4314159292035398,0.5600350569675723,0.5845401454631475,0.004785963972555818,-0.13808452787269365
8481532,Alex Turcotte,LAK,F,20252026,669.3333333333334,0.5616438356164384,0.5580110497237569,0.5359857072580035,0.03920495100496102,0.4502135042505855
8484149,Gavin Brindley,COL,F,20252026,534.4666666666667,0.5019305019305019,0.5304212168486739,0.5297314485089056,-0.02768010395201126,-1.4714339472222504
8476875,Mike Matheson,MTL,D,20252026,1879.3333333333333,0.3891402714932127,0.4688255195746738,0.5084357005701489,-0.016231203780817494,-1.1935905619543399
8476931,Jake McCabe,TOR,D,20252026,1783.65,0.3502958579881657,0.44532409698169223,0.49881338692252064,0.010555398227219515,0.697097414928172
8479318,Auston Matthews,TOR,F,20252026,1232.6666666666667,0.5356576862123613,0.46511627906976744,0.4523757877860907,0.02008565092953596,0.2316559181590469
8480018,Nick Suzuki,MTL,F,20252026,1695.2,0.5234042553191489,0.5351190476190476,0.5267567071935157,0.0352762205237932,1.1340841390258831
8480865,Noah Dobson,MTL,D,20252026,1795.1333333333334,0.5043478260869565,0.49402985074626865,0.4924763724853991,0.00632195360540494,-1.0246860636253112
8481540,Cole Caufield,MTL,F,20252026,1463.8,0.5737179487179487,0.5385113268608415,0.5121719037839184,0.03505739181110101,0.43894353644667783
8481711,Matias Maccelli,TOR,F,20252026,1029.5166666666667,0.5734126984126984,0.4793388429752066,0.4531084858323495,0.03148195995612141,0.0745118140716339
8482720,Matthew Knies,TOR,F,20252026,1477.0333333333333,0.5085470085470085,0.42524271844660194,0.4221888722927558,-0.024041592740450257,-1.1677917252658365
8483515,Juraj Slafkovský,MTL,F,20252026,1516.8833333333334,0.5436447166921899,0.502127659574468,0.4865334023003486,0.003618614005591103,0.08287744552996795
8477939,William Nylander,TOR,F,20252026,1249.0333333333333,0.6108597285067874,0.47249647390691113,0.432886292911436,0.01951816835488218,-0.16659688437998885
8483457,Lane Hutson,MTL,D,20252026,1938.7833333333333,0.5925925925925926,0.5287643821910956,0.49568104885776226,0.0336039636395854,0.8473408360463343
8475166,John Tavares,TOR,F,20252026,1479.6166666666666,0.5358539765319427,0.4829239065308568,0.4701132807159937,0.0345752721880751,1.6004292448564579
8481618,Alex Newhook,MTL,F,20252026,610.9,0.5818181818181818,0.4325581395348837,0.40332450317124735,-0.048126399142645826,-1.1601102235614213
8482087,Kaiden Guhle,MTL,D,20252026,761.6166666666667,0.3880597014925373,0.47184684684684686,0.5118431155035633,-0.011613743960697032,0.4625366293756325
8482259,Bobby McMann,TOR,F,20252026,1222.0166666666667,0.4595419847328244,0.4654747225647349,0.4799303714196967,0.018709667531472296,0.6397391029307766
8484984,Ivan Demidov,MTL,F,20252026,1264.4833333333333,0.605427974947808,0.4658730158730159,0.4282036004241641,-0.024280178592279766,-1.200865892463469
8476853,Morgan Rielly,TOR,D,20252026,1631.5666666666666,0.6477777777777778,0.47855750487329435,0.42575650487329436,0.027616803113154065,-1.1191311297076496
8482775,Oliver Kapanen,MTL,F,20252026,1183.6666666666667,0.5793650793650794,0.44427363566487316,0.4159164928077303,-0.03899179826770732,-1.9877359275733575
8478443,Brandon Carlo,TOR,D,20252026,1065.8666666666666,0.43067226890756305,0.445440956651719,0.4702117549710467,0.005071238565505454,-0.023904962587259743
8475848,Brendan Gallagher,MTL,F,20252026,953.7666666666667,0.47453703703703703,0.5092838196286472,0.5183817362953139,0.023107813237442876,0.5651923959328303
8481523,Kirby Dach,MTL,F,20252026,504.3333333333333,0.48695652173913045,0.48148148148148145,0.48614191626409015,-0.013576459965240317,-0.36417033824838574
8482737,Zachary Bolduc,MTL,F,20252026,1064.0833333333333,0.4702258726899384,0.5066445182724253,0.5172828139603103,0.015578495702088413,0.5610002606596789
8475171,Oliver Ekman-Larsson,TOR,D,20252026,1597.9166666666667,0.5557830092118731,0.4657186389029964,0.44578736971159416,0.01798034716114949,-0.9634047687972634
8477503,Max Domi,TOR,F,20252026,1181.6333333333334,0.5037593984962406,0.44944553163731243,0.44810229855460565,0.004581702964561785,-0.38910486850140735
8478057,Dakota Joshua,TOR,F,20252026,673.65,0.3184713375796178,0.43367935409457903,0.4985395451773816,0.0018691072848820989,1.0661777611801564
8478851,Alexandre Carrier,MTL,D,20252026,1394.05,0.41278065630397237,0.4905042567125082,0.5216677282150989,0.008236054215212563,0.8238977358999092
8481122,Simon Benoit,TOR,D,20252026,1262.6166666666666,0.2872531418312388,0.40676841406768416,0.4827828664913825,-0.027625291768617943,0.5429592174264362
8481582,Nicholas Robertson,TOR,F,20252026,986.95,0.45154185022026433,0.45073700543056633,0.46805110234686587,0.009347855141805528,0.050600515632780625
8482964,Arber Xhekaj,MTL,D,20252026,742.4666666666667,0.5656565656565656,0.4805045871559633,0.4570454962468724,-0.009265394986727515,-0.5388446008121337
8475714,Calle Jarnkrok,TOR,F,20252026,663.8,0.26199261992619927,0.4185022026431718,0.5035422395435408,-0.01074348726002794,-0.3916520955035657
8476981,Josh Anderson,MTL,F,20252026,1009.6166666666667,0.3523809523809524,0.4742857142857143,0.52703,-0.006738317174818154,-0.12120768281314172
8478133,Jake Evans,MTL,F,20252026,1043.05,0.30184331797235026,0.47573739295908657,0.5465387754475658,-0.0015259886481245322,0.9305831955285414
8478462,Nicolas Roy,TOR,F,20252026,1052.8833333333334,0.3464052287581699,0.4502092050209205,0.5050886167856263,-0.005125361807791273,0.2285754028221969
8478904,Steven Lorentz,TOR,F,20252026,843.0833333333334,0.26409495548961426,0.4489795918367347,0.5332684642402955,0.021101055949883374,0.6638094381967563
8471214,Alex Ovechkin,WSH,F,20252026,1429.6333333333334,0.8576709796672828,0.4965564738292011,0.36876063279408094,-0.017681882342498234,-3.9608406849098703
8476854,Hampus Lindholm,BOS,D,20252026,1440.2166666666667,0.48183254344391785,0.5162359178263751,0.5227271500538633,0.03308106842640496,0.6212387001586811
8477845,Trevor van Riemsdyk,WSH,D,20252026,1104.3,0.42213114754098363,0.4896551724137931,0.5174777133973997,-0.00694497775470071,0.5322929067002216
8478440,Dylan Strome,WSH,F,20252026,1436.75,0.6742424242424242,0.4913151364764268,0.4290583182946086,-0.017599114172609398,-0.6333806418571611
8479345,Jakob Chychrun,WSH,D,20252026,1862.6333333333334,0.5836298932384342,0.5123543123543124,0.48247335150021986,0.0075476624300067074,-0.34087344837259026
8479369,Andrew Peeke,BOS,D,20252026,1493.4666666666667,0.4220689655172414,0.48742857142857143,0.5152733300492611,0.004823428237646976,0.2744295130979103
8479591,Michael Eyssimont,BOS,F,20252026,611.7166666666667,0.41946308724832215,0.5092592592592593,0.5380350981854338,0.02590654188083058,0.6845767360198871
8479661,Tanner Jeannot,BOS,F,20252026,973.5,0.4,0.49513776337115073,0.5308677633711507,0.00923619585660762,-0.05842566437306371
8481656,Aliaksei Protas,WSH,F,20252026,1382.95,0.4841040462427746,0.5481012658227848,0.5537808901002415,0.046275609114174276,1.0197351910658357
8483489,Fraser Minten,BOS,F,20252026,1268.7333333333333,0.562015503875969,0.5061898211829436,0.48403168164805993,0.019384621038136707,-0.543740569133565
8480796,Martin Fehérváry,WSH,D,20252026,1562.65,0.3597122302158273,0.49496080627099664,0.5450856264148816,-0.005721374512180688,-0.2143635247452662
8474590,John Carlson,WSH,D,20252026,1622.2833333333333,0.5382475660639777,0.5455059355568117,0.5318400802021525,0.034237120958368394,0.04136965609377644
8477956,David Pastrnak,BOS,F,20252026,1582.6666666666667,0.5649432534678437,0.4777031154551008,0.45449889099104024,-0.004278918599955772,-0.14610216320404415
8479400,Pierre-Luc Dubois,WSH,F,20252026,487.8333333333333,0.425,0.4970873786407767,0.5238848786407767,-0.0065212687543431125,-0.4228003609690156
8481580,Connor McMichael,WSH,F,20252026,1316.3833333333334,0.47058823529411764,0.4766690595836324,0.4871778831130442,-0.024838333698973036,-1.744418150994279
8476880,Tom Wilson,WSH,F,20252026,1402.45,0.4307178631051753,0.5515384615384615,0.5762929690509824,0.051685152778587096,2.6315289447760373
8479987,Morgan Geekie,BOS,F,20252026,1402.3333333333333,0.5359281437125748,0.47745358090185674,0.46461645515335376,-0.0047304225508869036,0.5133691827216508
8477496,Elias Lindholm,BOS,F,20252026,1230.9333333333334,0.510670731707317,0.46226415094339623,0.45845149850437183,-0.019824448258632166,-0.05851482141194491
8479325,Charlie McAvoy,BOS,D,20252026,1675.8666666666666,0.5066344993968637,0.48995271867612294,0.48758221204162355,0.007853888950053178,-0.5223195524645486
8482511,Mason Lohrei,BOS,D,20252026,1229.6333333333334,0.5283018867924528,0.46853146853146854,0.45841920438052514,-0.023357273007904633,-1.4080014343521954
8477507,Nikita Zadorov,BOS,D,20252026,1685.75,0.43504171632896305,0.48192174343734523,0.5051313381930067,-0.002133357908783884,-0.6043857232445022
8480035,Henri Jokiharju,BOS,D,20252026,731.1,0.4386422976501306,0.5080731969860065,0.5299963040356148,0.02448659144422105,1.0029491694548092
8478401,Pavel Zacha,BOS,F,20252026,1305.05,0.4426229508196721,0.48786039453717756,0.5083612142093087,0.003599044503106996,-0.3549633232417908
8476374,Sean Kuraly,BOS,F,20252026,1095.3666666666666,0.32679738562091504,0.5182481751824818,0.5801334693001289,0.03763042937186173,1.7553528629587394
8480873,Rasmus Sandin,WSH,D,20252026,1401.1666666666667,0.49363507779349364,0.49141104294478527,0.49368522964917,-0.008057711031178805,-0.7214784702245339
8484186,Ryan Leonard,WSH,F,20252026,1078.9666666666667,0.43707093821510296,0.47630522088353416,0.4987897746592779,-0.02311730949391022,-0.25182896024451235
8480355,Mark Kastelic,BOS,F,20252026,1033.7666666666667,0.3486973947895792,0.4818780889621087,0.5359385098037921,-0.006265766230133307,-0.49386261629640665
8482148,Hendrix Lapierre,WSH,F,20252026,653.7166666666667,0.5099601593625498,0.5504807692307693,0.5469220042905303,0.050819097779193356,0.8157676822749848
8479999,Casey Mittelstadt,BOS,F,20252026,1077.9,0.4408014571948998,0.502411575562701,0.5235632149069633,0.01817657480476592,0.0736094835671089
8478463,Anthony Beauvillier,WSH,F,20252026,1293.0833333333333,0.540268456375839,0.4957932692307692,0.48140534976768196,-0.002676934456015856,0.059162984031185216
8478042,Viktor Arvidsson,BOS,F,20252026,1006.8166666666667,0.44031311154598823,0.5,0.5213261252446184,0.01437255357523387,0.02062206011460207
8478911,Matt Roy,WSH,D,20252026,1628.1833333333334,0.47536617842876167,0.5061072756240043,0.5149089400714078,0.0067205112475744455,-0.24809969986113634
8479520,Brandon Duhaime,WSH,F,20252026,907.6333333333333,0.22008547008547008,0.47568093385214005,0.5756943953906016,-0.015109633321893134,1.6803268020571658
8482088,Justin Sourdif,WSH,F,20252026,1147.0333333333333,0.38489208633093525,0.5068296189791517,0.5479576765331086,0.008314453537661914,0.7989170958536173
8475343,Nic Dowd,WSH,F,20252026,1089.7666666666667,0.27593360995850624,0.4945332211942809,0.5745921423561067,0.0009194009295536709,1.044781355439616
8482177,Marat Khusnutdinov,BOS,F,20252026,1111.9833333333333,0.5242369838420108,0.4704968944099379,0.46183702008318744,-0.015449255455330102,-1.0158006675949012
8474150,Mikael Backlund,CGY,F,20252026,1451.7166666666667,0.3183098591549296,0.5006345177664975,0.5655524050904411,0.013049255395131243,1.3366788251465558
8475218,Mattias Ekholm,EDM,D,20252026,1673.0333333333333,0.6104060913705583,0.54833984375,0.5088917473032994,0.027547285111962805,0.6712688731826757
8476399,Blake Coleman,CGY,F,20252026,1180.1,0.35093696763202725,0.5169692186266772,0.5702294400917539,0.029428341255919865,1.7646691617839538
8477346,MacKenzie Weegar,CGY,D,20252026,1750.8833333333334,0.5309168443496801,0.5252373813093453,0.5141907928232046,0.018667768571053567,0.6011614847033904
8477810,Joel Hanley,CGY,D,20252026,997.0333333333333,0.6124497991967871,0.5336206896551724,0.4934423764021604,0.03331701438832391,1.0826446963397744
8477934,Leon Draisaitl,EDM,F,20252026,1386.05,0.6153846153846154,0.537146614069691,0.4959196909927679,0.017028601146449662,0.5348076404220403
8478402,Connor McDavid,EDM,F,20252026,1852.45,0.64,0.5345757724374693,0.48455377243746933,0.013718462793896768,0.40067670772706926
8479365,Trent Frederic,EDM,F,20252026,802.2833333333333,0.43444730077120824,0.4887295081967213,0.5121514876311686,-0.009096992881573451,0.3614065890474222
8480803,Evan Bouchard,EDM,D,20252026,1988.5333333333333,0.6217552533992583,0.5457997152349312,0.5022965631953762,0.02371725124450219,0.7139496503468838
8482074,Connor Zary,CGY,F,20252026,1063.0666666666666,0.5138888888888888,0.49073327961321517,0.4857707796132152,-0.006404492686336749,-0.21581153174679407
8478397,Rasmus Andersson,CGY,D,20252026,1874.25,0.5287128712871287,0.4975562072336266,0.4872970983227355,-0.009106419986811776,-1.3327887289244382
8480860,Kevin Bahl,CGY,D,20252026,1669.2333333333333,0.4334470989761092,0.45554445554445555,0.4793238070802917,-0.035342021839151694,-1.43950706568285
8483609,Adam Klapka,CGY,F,20252026,830.9833333333333,0.46348314606741575,0.4847890088321884,0.49783648074230075,-0.007568489227103903,0.6900285214240168
8477953,Kasperi Kapanen,EDM,F,20252026,584.2333333333333,0.5020242914979757,0.4970501474926254,0.49632686814039867,-0.0076499911689290045,-0.23981741681949942
8480797,Joel Farabee,CGY,F,20252026,1362.6,0.5972850678733032,0.5019505851755527,0.4671906304244215,0.00398042723899561,-0.9708456604932754
8480834,Ty Emberson,EDM,D,20252026,1098.5666666666666,0.4260355029585799,0.4765751211631664,0.5030026359560659,-0.022209264874246737,0.07466727681967839
8476967,Brett Kulak,EDM,D,20252026,1553.0333333333333,0.5007320644216691,0.49131378935939196,0.4910522227415296,-0.027640060030926672,-1.296193267197599
8475172,Nazem Kadri,CGY,F,20252026,1458.3166666666666,0.6363636363636364,0.5165562913907285,0.4678335641180012,0.002209262199654005,-0.31289717617690194
8481617,Vasily Podkolzin,EDM,F,20252026,1244.7166666666667,0.5892857142857143,0.5274509803921569,0.4955491946778712,0.013848132117621259,-0.13748964741158795
8476454,Ryan Nugent-Hopkins,EDM,F,20252026,1350.3833333333334,0.5657142857142857,0.4860813704496788,0.46260165616396454,-0.03463901553117593,-0.8943468143633634
8480831,Alec Regula,EDM,D,20252026,421.26666666666665,0.5435897435897435,0.5055970149253731,0.49002239954075777,0.0008258254641053675,-0.026144455341841788
8479402,Jake Bean,CGY,D,20252026,255.26666666666668,0.5462184873949579,0.5976331360946746,0.5811192705484561,0.08969607771955146,1.8721761637465806
8481167,Brayden Pachal,CGY,D,20252026,525.0166666666667,0.5568181818181818,0.4963609898107715,0.47605985344713514,-0.004591785478964272,0.6312727900383458
8478233,Andrew Mangiapane,EDM,F,20252026,773.6833333333333,0.49870801033591733,0.5005512679162073,0.5010128958231841,0.0018808438653766246,0.34860335976814033
8480028,Morgan Frost,CGY,F,20252026,1248.7333333333333,0.6651305683563749,0.4866425992779783,0.4276414472042456,-0.013253652966200402,-0.09693651136036027
8483512,Matt Savoie,EDM,F,20252026,1196.7166666666667,0.5954063604240283,0.5035816618911175,0.4694929693116122,-0.01023922598974214,-1.3655730020917503
8484860,Matvei Gridin,CGY,F,20252026,541.5333333333333,0.7058823529411765,0.44104134762633995,0.36747958292045757,-0.05609183460808859,-2.068498736502999
8477498,Darnell Nurse,EDM,D,20252026,1697.05,0.526378896882494,0.49487418452935694,0.48544900467324187,-0.007290356183050295,-0.4580703893428322
8482679,Matt Coronato,CGY,F,20252026,1309.8166666666666,0.5539143279172821,0.4840598568640208,0.4647962674991759,-0.011534937054557881,0.5829929962719965
8474641,Adam Henrique,EDM,F,20252026,850.95,0.36211031175059955,0.5047732696897375,0.5540412553012483,0.011204757457094094,2.5782904894833436
8481068,Yegor Sharangovich,CGY,F,20252026,1235.2,0.5241379310344828,0.4849122807017544,0.4762877979431337,-0.010502977748808207,0.03544693014169207
8479066,Ryan Lomberg,CGY,F,20252026,515.5333333333333,0.4,0.4918518518518519,0.5275818518518519,0.0008156229640588486,1.2555719460016848
8483455,Isaac Howard,EDM,F,20252026,299.01666666666665,0.5725806451612904,0.4751958224543081,0.44926275793817905,-0.03286014958365929,-1.7308135097865143
8485493,David Tomasek,EDM,F,20252026,236.68333333333334,0.5108695652173914,0.5,0.49611630434782605,-0.004422931973301181,1.1789300928686852
8475188,Brayden McNabb,VGK,D,20252026,1316.3833333333334,0.5037369207772795,0.5318302387267905,0.5304950369330685,0.011872915521899952,0.32161672634713256
8477447,Shea Theodore,VGK,D,20252026,1607.0,0.5203349282296651,0.5322404371584699,0.5249747673020105,0.008939282825959016,0.41913010387672806
8477964,Ivan Barbashev,VGK,F,20252026,1328.4666666666667,0.6118598382749326,0.5330188679245284,0.4930513477088949,0.005395881311478612,-0.38640831129070435
8478403,Jack Eichel,VGK,F,20252026,1575.4333333333334,0.6134800550206327,0.531629392971246,0.49108296931237394,-0.0007244088330169429,-0.15358859630361402
8478483,Mitch Marner,VGK,F,20252026,1606.15,0.6367583212735166,0.5426621160409556,0.49379836784992814,0.011176383656100408,-0.12374935364874202
8475913,Mark Stone,VGK,F,20252026,1166.4333333333334,0.5946969696969697,0.5500450856627592,0.516209858390032,0.016115677341995593,0.6348366499499408
8478396,Noah Hanifin,VGK,D,20252026,1613.3833333333334,0.5995145631067961,0.5242980561555075,0.48874150275744926,0.002581267414058619,-0.5434900808135527
8480727,Zach Whitecloud,VGK,D,20252026,1580.0166666666667,0.48551724137931035,0.4789333333333333,0.48410802298850575,-0.021046535064543292,-0.2563749936336413
8475191,Reilly Smith,VGK,F,20252026,942.6833333333333,0.5058823529411764,0.513986013986014,0.5118842492801317,-0.0018734287718527032,0.24440330380000866
8476448,William Karlsson,VGK,F,20252026,232.15,0.46875,0.5,0.511165625,-0.002056610212944121,2.1785192545243355
8478468,Jeremy Lauzon,VGK,D,20252026,1166.3,0.4966442953020134,0.5079365079365079,0.5091355012250985,-0.01105843801945905,-0.5121913247247368
8476438,Brandon Saad,VGK,F,20252026,653.6,0.5352941176470588,0.5197215777262181,0.5071109894909239,0.005513838728096299,0.6286687742959212
8481527,Kaedan Korczak,VGK,D,20252026,1243.0833333333333,0.5343642611683849,0.5227882037533512,0.5105098532378873,0.004436463444895344,0.5173473059252235
8476881,Tomas Hertl,VGK,F,20252026,1410.5333333333333,0.6037195994277539,0.5504789977892409,0.5134199849137044,0.024702497874364404,0.9844333549926784
8481604,Pavel Dorofeyev,VGK,F,20252026,1449.6666666666667,0.6289120715350224,0.536293164200141,0.49023288104067747,0.003850921213130132,0.02021441459946166
8476925,Colton Sissons,VGK,F,20252026,824.8166666666667,0.35714285714285715,0.48737650933040616,0.5384193664732633,-0.019081331194977846,0.9193080953689247
8479353,Brett Howden,VGK,F,20252026,870.9333333333333,0.5155875299760192,0.5140771637122002,0.5085077392517686,-0.00411154469887276,-0.39206209940082115
8478434,Keegan Kolesar,VGK,F,20252026,962.5666666666667,0.41239316239316237,0.4982638888888889,0.529565811965812,-0.008986962807700505,0.48166068070109935
8481568,Alex Vlasic,CHI,D,20252026,1699.8,0.36065573770491804,0.44133799301048426,0.49112569792851707,-0.0031058386323410403,-0.8648293519822015
8481806,Louis Crevier,CHI,D,20252026,1336.7166666666667,0.3183139534883721,0.459592843923504,0.5245092683421086,0.01828011327195095,0.6640796230061214
8479420,Tage Thompson,BUF,F,20252026,1571.9666666666667,0.564625850340136,0.5005760368663594,0.47748522053982884,-0.0009294445204706125,-0.36928321807665726
8480064,Josh Norris,BUF,F,20252026,712.9166666666666,0.46842105263157896,0.5401554404145078,0.5514385983092447,0.036235909508756325,2.0628073343583013
8480839,Rasmus Dahlin,BUF,D,20252026,1880.55,0.5061867266591676,0.5180722891566265,0.5158617717213059,0.023010457836693143,0.5387575937422451
8481522,Peyton Krebs,BUF,F,20252026,1146.0333333333333,0.4415156507413509,0.48790058862001306,0.5087970466101284,-0.003205745961627482,0.12848600301276644
8481524,Bowen Byram,BUF,D,20252026,1851.15,0.4577625570776256,0.5061494796594135,0.5212409180155778,0.013043091431940157,0.4162916216381852
8480802,Ryan McLeod,BUF,F,20252026,1437.55,0.47151898734177217,0.4950625411454905,0.5052388069682753,0.0037562359947943547,0.1273051945951984
8482097,Jack Quinn,BUF,F,20252026,1292.0166666666667,0.4882154882154882,0.4814573845152895,0.4856679905758956,-0.012939806217531769,-0.44853463375441793
8482659,Josh Doan,BUF,F,20252026,1316.3666666666666,0.5036818851251841,0.5225048923679061,0.5211893548126778,0.023303194017124773,1.0360710354211475
8475722,Jason Zucker,BUF,F,20252026,966.75,0.5206073752711496,0.49002849002849,0.48266547484410827,-0.00817252188714973,-0.2723591391963306
8479982,Conor Timmins,BUF,D,20252026,731.6666666666666,0.44692737430167595,0.4586728754365541,0.4776357245985653,-0.03178187037023866,-2.288591615926544
8480807,Mattias Samuelsson,BUF,D,20252026,1803.2833333333333,0.46300448430493274,0.47741321921065144,0.490631716968499,-0.016401351937958497,-1.3373762989682108
8477949,Alex Tuch,BUF,F,20252026,1518.0666666666666,0.5552325581395349,0.5093205051112447,0.4895859120879889,0.011685049298902572,-0.46670947203065904
8479359,Beck Malenstyn,BUF,F,20252026,923.6166666666667,0.2541436464088398,0.4797230464886251,0.5675675216267466,0.001718789143089261,0.5517582486491489
8480196,Jacob Bryson,BUF,D,20252026,543.9,0.484,0.46984572230014027,0.4755625223001403,-0.014139927994691937,0.07040637802583383
8475279,Ben Chiarot,DET,D,20252026,1708.1333333333334,0.48633879781420764,0.467246907924874,0.4721280554658576,-0.024036895002854997,-1.4600878760742708
8477946,Dylan Larkin,DET,F,20252026,1483.7333333333333,0.44,0.5006839945280438,0.5221219945280438,0.0027335649118901406,-0.2649457393303981
8481542,Moritz Seider,DET,D,20252026,2095.0666666666666,0.4284210526315789,0.543940795559667,0.5695159534544039,0.047163057083241644,1.5956318314043894
8482078,Lucas Raymond,DET,F,20252026,1499.15,0.468232044198895,0.5038910505836576,0.5152417411913924,0.0036957001020135882,-0.5125546615898887
8484471,Emmitt Finnie,DET,F,20252026,1270.0666666666666,0.4745762711864407,0.4962302947224126,0.5053141930274974,0.002027110513960373,-0.6092299015243828
8474141,Patrick Kane,DET,F,20252026,1182.3833333333334,0.5385964912280702,0.526818515797208,0.5130279894814185,0.021232771923067273,0.07081448112135189
8482762,Simon Edvinsson,DET,D,20252026,1607.7333333333333,0.43434343434343436,0.5303664921465968,0.5538255830556877,0.028305955880753908,0.4580307653110056
8483464,Marco Kasper,DET,F,20252026,1115.6,0.42337164750957856,0.516642547033285,0.5440218573781126,0.027265542367855722,1.616997590640341
8479337,Alex DeBrincat,DET,F,20252026,1506.25,0.504297994269341,0.5328947368421053,0.5313590634896698,0.030979248241405632,0.8885004320155855
8484223,Axel Sandin-Pellikka,DET,D,20252026,1098.45,0.5426621160409556,0.49735049205147613,0.4821073179900427,0.004289242910623159,-0.5811070069579011
8477456,J.T. Compher,DET,F,20252026,1284.4833333333333,0.43788819875776397,0.47593582887700536,0.4981283754608563,-0.014229519045083794,-0.2083446698719693
8481607,Albert Johansson,DET,D,20252026,1308.9,0.4807692307692308,0.4668769716088328,0.4737481254549866,-0.02084371599852769,-0.6813644052948147
8474612,Travis Hamonic,DET,D,20252026,372.28333333333336,0.4473684210526316,0.47770700636942676,0.49651226952732147,-0.008544772880624607,0.637033573076973
8477429,Andrew Copp,DET,F,20252026,1305.6833333333334,0.5046439628482973,0.5088214537755822,0.5071621658498856,0.010077535032777085,0.2579426080596309
8478891,Mason Appleton,DET,F,20252026,880.3666666666667,0.45169082125603865,0.4633911368015414,0.4806520063667588,-0.022060734692186168,-1.0011996151361877
8481725,Elmer Soderblom,DET,F,20252026,658.5666666666667,0.3827893175074184,0.4771084337349398,0.5189878105895391,-0.006298518163815936,-0.003181456107006034
8479992,Michael Rasmussen,DET,F,20252026,809.3166666666667,0.455,0.45695364238410596,0.47303214238410596,-0.02626475294857089,-1.3036783399600533
8473512,Claude Giroux,OTT,F,20252026,1331.7166666666667,0.4791666666666667,0.5553809897879026,0.5628247397879026,0.01603516201616939,0.18042146792760858
8475167,Victor Hedman,TBL,D,20252026,620.3666666666667,0.5550660792951542,0.48592592592592593,0.46625081579376737,-0.03928895243206898,-1.296945420322749
8476453,Nikita Kucherov,TBL,F,20252026,1540.5333333333333,0.6,0.5512137359384252,0.5154837359384251,0.021154535011614795,0.8164880195292665
8477404,Jake Guentzel,TBL,F,20252026,1634.4166666666667,0.5548872180451128,0.5146783260462211,0.4950671230387023,-0.011861905969738018,-0.05314577042212749
8478010,Brayden Point,TBL,F,20252026,1147.0166666666667,0.6061705989110708,0.5052888527257934,0.4673540977348678,-0.023075540062110766,-0.6197153592740572
8478178,Darren Raddysh,TBL,D,20252026,1652.6,0.5337837837837838,0.5622578859988931,0.5501869400529472,0.032658905515243974,0.9770286409934846
8481596,Shane Pinto,OTT,F,20252026,1333.45,0.30303030303030304,0.5305798252581414,0.6009570979854141,0.0008799259575896778,0.97839382401095
8482092,Ridly Greig,OTT,F,20252026,1283.9333333333334,0.43820224719101125,0.530920060331825,0.5530003974104767,-0.010793892206113709,0.16002593797339848
8482105,Jake Sanderson,OTT,D,20252026,1645.6333333333334,0.49687108886107634,0.5755968169761273,0.5767147769260648,0.03666103205046012,0.17609784955769642
8482245,Artem Zub,OTT,D,20252026,1684.4666666666667,0.38902439024390245,0.5311622683885457,0.5708138537543994,-0.007536315998138643,-0.5829088044202473
8475324,Nick Jensen,OTT,D,20252026,1036.2333333333333,0.5021645021645021,0.49008723235527357,0.48931385573189695,-0.047423251188162596,-1.2849204257780933
8482116,Tim Stützle,OTT,F,20252026,1603.8666666666666,0.6972318339100346,0.541005291005291,0.47053435674923566,-0.013604814957899669,-2.0274437923200175
8478416,Erik Cernak,TBL,D,20252026,1077.0666666666666,0.42884990253411304,0.4918918918918919,0.5173138217164533,-0.026517509534113748,-1.4166027036130466
8479542,Brandon Hagel,TBL,F,20252026,1397.4166666666667,0.5460750853242321,0.5699067909454061,0.553444162959058,0.04120907792415507,1.3313901028721136
8478469,Thomas Chabot,OTT,D,20252026,1279.4833333333333,0.5526838966202783,0.5325925925925926,0.5137686363301672,-0.007748572014753763,-0.5537203220464828
8480188,Fabian Zetterlund,OTT,F,20252026,1075.9666666666667,0.5675105485232067,0.5276073619631901,0.5034858429758484,-0.009590710796112178,0.012816408185177031
8480801,Brady Tkachuk,OTT,F,20252026,1017.7166666666667,0.6461232604373758,0.5925597874224978,0.5403499464682234,0.042084825640612555,1.3372126044189414
8478519,Anthony Cirelli,TBL,F,20252026,1224.2833333333333,0.5330882352941176,0.5435276305828918,0.5317052041123035,0.011198350501800847,0.06948718018548514
8474102,David Perron,OTT,F,20252026,883.7166666666667,0.5524079320113314,0.5319383259911894,0.5132129718835406,-0.0005051777581285277,0.568717494083046
8474151,Ryan McDonagh,TBL,D,20252026,922.05,0.4515366430260047,0.5117466802860061,0.5290626377328146,-0.002652749748945471,-0.7308819514496194
8476826,Yanni Gourde,TBL,F,20252026,1340.15,0.3953098827470687,0.524731182795699,0.5621369616901714,0.008636439847729771,-0.25703782658101987
8477416,Oliver Bjorkstrand,TBL,F,20252026,1090.95,0.5398009950248757,0.5023562676720076,0.4881353721496195,-0.01843988581948819,-0.16035471406276885
8478020,Michael Amadio,OTT,F,20252026,1305.1666666666667,0.3191489361702128,0.5301369863013699,0.5947550714077529,0.00017999700196991153,0.27598063272028067
8481528,Dylan Cozens,OTT,F,20252026,1388.7833333333333,0.5716510903426791,0.5743660041124058,0.5487650695329666,0.02653568743997492,1.819253811049303
8482131,Donovan Sebrango,FLA,D,20252026,634.3666666666667,0.5217391304347826,0.4891826923076923,0.48141530100334445,-0.016703774425120943,0.26588921450372827
8484321,Nikolas Matinpalo,OTT,D,20252026,782.5833333333334,0.4221556886227545,0.455531453362256,0.4833452258173458,-0.0748973883051251,-0.8481156673708167
8482201,Gage Goncalves,TBL,F,20252026,966.8,0.5905882352941176,0.5146252285191956,0.48225805204860733,-0.007891614178884843,-0.4170374022190425
8482929,Emil Lilleberg,TBL,D,20252026,865.4,0.5333333333333333,0.5075075075075075,0.49559750750750753,-0.017430758992235562,-0.7535597532161994
8480995,Pontus Holmberg,TBL,F,20252026,934.4166666666666,0.38811881188118813,0.5422222222222223,0.5821973707370738,0.027961304383296914,0.26882212896738394
8480876,Curtis Douglas,TBL,F,20252026,278.25,0.6015037593984962,0.5533707865168539,0.5171034932837713,0.06271098774445832,2.0584099248583434
8474189,Lars Eller,OTT,F,20252026,779.7833333333333,0.372960372960373,0.4755244755244755,0.5209157342657342,-0.05385942316858944,-0.02246810516047979
8476393,Nick Cousins,OTT,F,20252026,925.3,0.48450704225352115,0.5298701298701298,0.5354057636729467,-0.00196398396027031,-0.24900564837778116
8481719,Max Crozier,TBL,D,20252026,560.7833333333333,0.5900383141762452,0.5301391035548686,0.4979684138996962,0.013821108131776061,0.6316926053805226
8476372,Nick Seeler,PHI,D,20252026,1418.2666666666667,0.5235690235690236,0.503125,0.49470378787878794,0.023280801413099572,0.287616033761371
8476461,Sean Couturier,PHI,F,20252026,1290.5833333333333,0.39781591263650545,0.5092369477911647,0.5457473222061413,0.031009764529082884,1.9568695919592733
8477948,Travis Sanheim,PHI,D,20252026,1953.6333333333334,0.4228110599078341,0.49869041382922996,0.5262700221241609,0.02208775442684352,0.7769692901733706
8477989,Christian Dvorak,PHI,F,20252026,1472.4833333333333,0.5015479876160991,0.46164021164021163,0.4610871156649794,-0.018820328483156512,-0.9722421528570668
8484387,Matvei Michkov,PHI,F,20252026,1198.2833333333333,0.6556776556776557,0.507258064516129,0.4516344381425026,0.017004989989149843,-1.1349789770324472
8482142,Jamie Drysdale,PHI,D,20252026,1674.75,0.5311258278145695,0.4810810810810811,0.4699598228029354,-0.002720685563779912,-0.056314808393184805
8480220,Noah Cates,PHI,F,20252026,1327.3666666666666,0.5344202898550725,0.4814189189189189,0.4691205493537015,-0.004877101821419927,-0.9324848549678362
8482159,Tyson Foerster,PHI,F,20252026,495.8833333333333,0.4421052631578947,0.47921225382932164,0.49989804330300586,-0.0011498256025919695,-0.0939271639406033
8478439,Travis Konecny,PHI,F,20252026,1464.2166666666667,0.5088852988691438,0.4637203166226913,0.4605455993367462,-0.017227789143239303,-0.6733905416635547
8481533,Trevor Zegras,PHI,F,20252026,1502.9833333333333,0.5816326530612245,0.49841671944268523,0.46924937250390975,0.016074964310918427,-0.27618596456950445
8480015,Owen Tippett,PHI,F,20252026,1356.4,0.4626391096979332,0.5071428571428571,0.5204919032477856,0.023496321412477816,1.4126462303261214
8481553,Bobby Brink,PHI,F,20252026,1028.4666666666667,0.5506912442396313,0.502835538752363,0.4847235571855427,0.016007820150725383,-0.2623204470745031
8478454,Noah Juulsen,PHI,D,20252026,719.5833333333334,0.5771604938271605,0.4564369310793238,0.4288674866348794,-0.0279503215011645,-2.0922909890998165
8479022,Rodrigo Abols,PHI,F,20252026,441.03333333333336,0.43478260869565216,0.45161290322580644,0.47491507713884995,-0.029684217561984638,-1.2389498441369406
8481178,Egor Zamula,CBJ,D,20252026,432.0,0.5786516853932584,0.4836223506743738,0.4555201034833626,-0.0017621851917360432,-0.9470154223016274
8477903,Garnet Hathaway,PHI,F,20252026,688.2,0.40384615384615385,0.4822485207100592,0.5166042899408284,0.01004512530156404,0.6834220390280069
8475235,Nicolas Deslauriers,PHI,F,20252026,266.53333333333336,0.49166666666666664,0.5085324232081911,0.5115099232081911,0.0021363952650935714,0.5712539359309949
8476917,Adam Pelech,NYI,D,20252026,1709.3666666666666,0.4932279909706546,0.527027027027027,0.5294466658532121,0.03625241501491905,1.2006762384750045
8477494,Jonathan Drouin,NYI,F,20252026,1072.0833333333333,0.5224839400428265,0.5149957155098543,0.5069622037325524,0.02182196679374715,1.0122301084152951
8477500,Bo Horvat,NYI,F,20252026,1403.7166666666667,0.5317164179104478,0.5226093402520385,0.5112770641326355,0.030692444378616346,0.8190593556596959
8477506,Ryan Pulock,NYI,D,20252026,1582.05,0.4849279161205767,0.47400109469074986,0.4793863502608678,-0.01960426814835803,-1.9242140919596318
8482476,Emil Heineman,NYI,F,20252026,1356.4333333333334,0.5275590551181102,0.49714285714285716,0.4872960067491564,0.0011382878913778205,-0.2635277542500283
8475151,Kyle Palmieri,NYI,F,20252026,469.78333333333336,0.592391304347826,0.48086124401913877,0.4478498309756605,-0.015196563106214311,-0.4099065719382968
8475314,Anders Lee,NYI,F,20252026,1283.6166666666666,0.5402476780185759,0.5082382762991128,0.49385778094307564,0.01698556110969124,0.457116615116821
8478445,Mathew Barzal,NYI,F,20252026,1660.85,0.5740181268882175,0.5189664650907092,0.4925197883535491,0.0244860009589426,0.7058552189345522
8485366,Matthew Schaefer,NYI,D,20252026,2013.6333333333334,0.5244055068836045,0.5052344105598543,0.49651432295034237,0.015135280917029426,0.264752451007028
8476429,Scott Mayfield,NYI,D,20252026,1318.2166666666667,0.5244122965641953,0.47319034852546915,0.4644678349630822,-0.014330417326287426,-0.1116982472931049
8485702,Max Shabanov,NYI,F,20252026,597.75,0.4838709677419355,0.46875,0.47451290322580647,-0.018111809447015792,0.12929050122253874
8481601,Simon Holmstrom,NYI,F,20252026,1317.35,0.4937833037300178,0.4851341551849166,0.48735538076218127,-0.0016654522945488415,-0.21395445885568862
8476419,Jean-Gabriel Pageau,NYI,F,20252026,1155.9,0.4483985765124555,0.4666666666666667,0.4851038552787663,-0.020217669986322073,-0.49842860802292765
8481014,Alexander Romanov,NYI,D,20252026,291.6666666666667,0.5973154362416108,0.43333333333333335,0.3985625279642058,-0.05300786486293174,-2.6445338171398394
8477950,Tony DeAngelo,NYI,D,20252026,1451.8666666666666,0.562015503875969,0.5217627856365615,0.4996046461016778,0.025538624479417515,1.1170183776803193
8475231,Casey Cizikas,NYI,F,20252026,954.4333333333333,0.4728132387706856,0.5034965034965035,0.5132103332837376,0.01297361893915211,0.7346235818172444
8484958,Maxim Tsyplakov,NYI,F,20252026,446.9166666666667,0.541871921182266,0.5314814814814814,0.5165206440430578,0.04074951945719152,1.8417973421051692
8477407,Anthony Duclair,NYI,F,20252026,818.95,0.5549872122762148,0.4402332361516035,0.42058630520531193,-0.05510766337865497,-2.1759748831143937
8473533,Jordan Staal,CAR,F,20252026,1215.6666666666667,0.4796380090497738,0.5750773993808049,0.5823527387473207,-0.014239282885055826,-0.23897879221079377
8476462,Dougie Hamilton,NJD,D,20252026,1681.2166666666667,0.5365551425030979,0.536522633744856,0.5234614813284991,0.021309148337243733,0.23890393493056133
8476921,Jordan Martinook,CAR,F,20252026,1142.3666666666666,0.5099540581929556,0.5778816199376947,0.5743250349453517,-0.011229478381348135,-0.6755020338353632
8477478,William Carrier,CAR,F,20252026,752.7666666666667,0.5254901960784314,0.5874485596707819,0.5783409126119584,-0.000920734962725045,1.2564259929111228
8478399,Jonas Siegenthaler,NJD,D,20252026,1617.6833333333334,0.458128078817734,0.5075987841945289,0.5225596216329526,-0.005610589449893455,-0.014398331136968158
8478414,Timo Meier,NJD,F,20252026,1442.5833333333333,0.45454545454545453,0.5461801596351197,0.5624210687260288,0.026261320136075406,1.3035494372655336
8478970,Jalen Chatfield,CAR,D,20252026,1450.0166666666667,0.5627425614489003,0.5700619020821609,0.5476439848764688,-0.022781382244956072,-1.0278328393222114
8480002,Nico Hischier,NJD,F,20252026,1712.4833333333333,0.48429035752979416,0.5370265686828717,0.5426396239374762,0.014826405452106117,0.5232612850740679
8480817,K'Andre Miller,CAR,D,20252026,1609.6166666666666,0.5727923627684964,0.6185845488924906,0.5925758376753069,0.02194596755849043,0.6235787429596926
8482110,Dawson Mercer,NJD,F,20252026,1510.0333333333333,0.476775956284153,0.5268817204301075,0.5351796712497796,0.007928599895608568,-0.23235413793610957
8478427,Sebastian Aho,CAR,F,20252026,1542.95,0.6306569343065693,0.6060975609756097,0.5594138383478725,0.005207394657303577,-0.17519782639393824
8476958,Jaccob Slavin,CAR,D,20252026,827.95,0.5155440414507773,0.5905680600214362,0.5850141740110736,0.004268170990897935,0.26790903845400765
8477940,Nikolaj Ehlers,CAR,F,20252026,1356.8,0.5923664122137404,0.6093857832988268,0.5763832642148573,0.012647546770592433,0.6059707110761621
8480336,Sean Walker,CAR,D,20252026,1762.2,0.5590128755364807,0.6034985422740525,0.582413241844868,0.005251767849053346,0.17057462274938845
8482093,Seth Jarvis,CAR,F,20252026,1332.45,0.64,0.6014234875444839,0.5514014875444839,-0.0014058341691850496,-0.6768540133218386
8474149,Evgenii Dadonov,NJD,F,20252026,256.05,0.5116279069767442,0.41569767441860467,0.411543023255814,-0.08728033117951406,-3.044108098289328
8477488,Brett Pesce,NJD,D,20252026,772.8666666666667,0.5571776155717761,0.5238095238095238,0.5033799617657282,0.00874482314984304,-0.7850652688562114
8482684,Luke Hughes,NJD,D,20252026,1586.1,0.5634458672875436,0.5236284627919608,0.5009592544101215,0.006294385542822134,-0.40573553511089067
8479407,Jesper Bratt,NJD,F,20252026,1552.6333333333334,0.625,0.5526627218934911,0.508000221893491,0.028849024339991924,0.6025489432144933
8481559,Jack Hughes,NJD,F,20252026,1313.6833333333334,0.7270788912579957,0.5534114403859407,0.4722761525394588,0.024214538794915752,-1.0911476559246855
8480830,Andrei Svechnikov,CAR,F,20252026,1336.8,0.6023391812865497,0.5974025974025974,0.5608368079289132,-0.0035403218378055046,0.03508833465461834
8483495,Simon Nemec,NJD,D,20252026,1339.7333333333333,0.5283911671924291,0.4963855421686747,0.4862413781308198,-0.01872563923486753,-0.886583625506027
8477015,Connor Brown,NJD,F,20252026,1336.0666666666666,0.5317460317460317,0.5089734386216799,0.4976305814788227,-0.0064725931980859075,-0.42438189343428206
8482809,Jackson Blake,CAR,F,20252026,1333.2166666666667,0.6725978647686833,0.5961661341853035,0.5344969171034529,-0.006932179724950749,-0.0858525391686977
8479996,Cody Glass,NJD,F,20252026,971.9833333333333,0.47058823529411764,0.5062056737588653,0.516714497288277,-0.0036966832959478557,0.03361543639930432
8475455,Brenden Dillon,NJD,D,20252026,1494.8833333333334,0.5076923076923077,0.5107871720116618,0.5080387104732003,0.003240629882082402,0.20297606224977555
8476292,Ondrej Palat,NJD,F,20252026,1038.3,0.4904580152671756,0.492776886035313,0.49618623718035115,-0.012573565715246093,-0.5563565858995029
8482702,Logan Stankoven,CAR,F,20252026,1251.4666666666667,0.6750448833034112,0.6023166023166023,0.5397730655122935,0.0008903245625699885,0.04886618047747624
8482100,Alexander Nikishin,CAR,D,20252026,1472.15,0.6419098143236074,0.5700344431687715,0.5193300665109466,-0.029309018787156527,-0.41978829033104936
8476906,Shayne Gostisbehere,CAR,D,20252026,1053.6666666666667,0.6917293233082706,0.5901911886949294,0.5216863014768842,-0.010679702683659253,-0.5125064151175829
8475791,Taylor Hall,CAR,F,20252026,1160.1333333333334,0.6709090909090909,0.5835095137420718,0.5224436955602536,-0.0180419754725184,-0.5651310181413809
8476822,Luke Glendening,NJD,F,20252026,747.7166666666667,0.40389294403892945,0.4280442804428044,0.4623833315376949,-0.0563150491892731,-1.0529015620691995
8480762,Eric Robinson,CAR,F,20252026,766.6166666666667,0.5948275862068966,0.5724713242961418,0.5385894277444176,-0.021389063538980624,-0.1684760748174614
8481032,Paul Cotter,NJD,F,20252026,855.25,0.5179856115107914,0.43956043956043955,0.4331341805676338,-0.05741711119923271,-1.7795303184663636
8480829,Jesperi Kotkaniemi,CAR,F,20252026,476.73333333333335,0.6156351791530945,0.5379188712522046,0.49660242174080393,-0.05731268163440728,-1.539131182228877
8481721,Arseny Gritsyuk,NJD,F,20252026,1019.9666666666667,0.5268595041322314,0.56953125,0.5599343491735538,0.05764715739721815,1.8924989192203847
8475220,Marcus Foligno,MIN,F,20252026,719.3333333333334,0.38461538461538464,0.5107587768969423,0.5519856999738654,0.03904345355781863,1.8966397724167883
8475753,Justin Faulk,STL,D,20252026,1716.3333333333333,0.49290322580645163,0.46965699208443273,0.4721926695037876,-0.012463774132553396,-0.58025998945018
8475760,Nick Bjugstad,STL,F,20252026,669.4333333333333,0.43209876543209874,0.4683698296836983,0.4926309407948094,-0.014472627091114854,-0.21325980521202675
8475765,Vladimir Tarasenko,MIN,F,20252026,1119.9,0.4606741573033708,0.454336147352264,0.4683872709477696,-0.03520068995605674,-1.2305884254489519
8477573,Nathan Walker,STL,F,20252026,538.1833333333333,0.33755274261603374,0.4708994708994709,0.528941875962762,0.011902679615700962,0.8869330603305873
8478136,Jake Middleton,MIN,D,20252026,1311.9166666666667,0.4578125,0.47174447174447176,0.48681806549447176,-0.010603157245888617,-0.6972122769952458
8478493,Joel Eriksson Ek,MIN,F,20252026,1316.9833333333333,0.4581196581196581,0.5026217228464419,0.5175855690002881,0.009054424611745437,0.5296225365731948
8480281,Alexey Toropchenko,STL,F,20252026,765.1166666666667,0.2804878048780488,0.4336870026525199,0.5121187099695931,-0.027521861078324106,-0.3319820760405135
8481598,Philip Broberg,STL,D,20252026,1865.0,0.45127610208816704,0.4737389495579823,0.4911479982818802,-0.0021300217365429752,-0.17872738208048541
8482122,Brock Faber,MIN,D,20252026,1953.7833333333333,0.4793233082706767,0.5080101180438449,0.5153978999987321,0.01624374412588503,0.03837246382934601
8475764,Cam Fowler,STL,D,20252026,1704.2166666666667,0.5345838218053928,0.48100616016427106,0.4686493606332042,0.001433376054816471,-0.19513166077755612
8476892,Colton Parayko,STL,D,20252026,1690.0166666666667,0.4274193548387097,0.4771986970684039,0.5031317615845329,0.0029915481296162727,-0.1053263638063744
8477402,Pavel Buchnevich,STL,F,20252026,1436.2833333333333,0.5267558528428093,0.49127704117236565,0.48171717495162986,0.009002853166730829,-0.047515178009079354
8478864,Kirill Kaprizov,MIN,F,20252026,1701.25,0.5899280575539568,0.5125918153200419,0.48046052035601317,0.01474972285709858,0.08947363924027238
8480023,Robert Thomas,STL,F,20252026,1194.7333333333333,0.5405405405405406,0.5,0.48551486486486484,0.019751707253264472,0.7885449548794338
8481557,Matt Boldy,MIN,F,20252026,1544.45,0.4771341463414634,0.5119741100323625,0.5201440795445577,0.01874915031734853,0.5740167242823686
8484798,Zeev Buium,VAN,D,20252026,1461.6333333333334,0.580952380952381,0.45961650203370136,0.4306922163194156,-0.010850474724627968,-0.7059837685217032
8480459,Pius Suter,STL,F,20252026,1003.9,0.4312796208530806,0.48864668483197093,0.5132004763011653,0.011507504827319548,0.8733283309800893
8481006,Tyler Tucker,STL,D,20252026,972.0166666666667,0.49507389162561577,0.5078671328671329,0.5096272313893004,0.03229381663743086,1.3895089412277664
8477451,Ryan Hartman,MIN,F,20252026,1272.5166666666667,0.492176386913229,0.5021021021021022,0.5048974790580054,0.01014011316036495,0.621892829673361
8482079,Marco Rossi,VAN,F,20252026,855.9333333333333,0.5625,0.45071982281284606,0.42838857281284604,-0.015485808527986589,-0.4058980217256328
8475149,Marcus Johansson,MIN,F,20252026,1148.1,0.4853195164075993,0.5,0.5052453367875648,0.009045790359803352,-0.15111017904589968
8474716,Jared Spurgeon,MIN,D,20252026,1539.6166666666666,0.4712041884816754,0.4955207166853303,0.5058094601408277,0.01241231979209162,0.2583716965234941
8478472,Mathieu Joseph,STL,F,20252026,603.0833333333334,0.42435424354243545,0.4960505529225908,0.5230787817048786,0.01772070157262745,0.25111503135494195
8476994,Vinnie Hinostroza,MIN,F,20252026,711.9166666666666,0.39221556886227543,0.4206098843322818,0.45912126157779076,-0.05750509259958847,-0.8181599274405605
8479385,Jordan Kyrou,STL,F,20252026,1111.2666666666667,0.6442105263157895,0.5460526315789473,0.4945262105263158,0.06120173375223226,1.215207193483324
8482077,Dylan Holloway,STL,F,20252026,1055.95,0.5808510638297872,0.5004351610095735,0.47154707590319056,0.014715827363089684,0.093521085434415
8478508,Yakov Trenin,MIN,F,20252026,1091.3,0.37790697674418605,0.46889226100151743,0.5125160982108198,-0.004899899693472043,0.649753766642918
8475170,Brayden Schenn,STL,F,20252026,1337.4166666666667,0.5254491017964071,0.46862483311081443,0.45953186903895815,-0.01584204741149875,-0.28409085794742106
8483499,Liam Ohgren,VAN,F,20252026,893.6333333333333,0.4821852731591449,0.411190053285968,0.41755525518620557,-0.04303176942606657,-1.9576260204726734
8474567,Zach Bogosian,MIN,D,20252026,596.3166666666667,0.5134099616858238,0.45754119138149557,0.4527498120711507,-0.020557463074806492,-0.575877622538449
8482733,Logan Mailloux,STL,D,20252026,1101.3166666666666,0.5692599620493358,0.4781225139220366,0.4533759294818089,-0.003621452969511607,-0.8910926222108349
8483460,David Jiricek,MIN,D,20252026,312.4,0.4011299435028249,0.4617067833698031,0.49703305455624375,-0.007016818548498338,1.1901709882105596
8482089,Jake Neighbours,STL,F,20252026,1036.45,0.5412474849094567,0.48736462093862815,0.47262689458047924,0.0005200413434872098,0.26285973647026667
8483516,Jimmy Snuggerud,STL,F,20252026,1150.9166666666667,0.524822695035461,0.4573584905660377,0.44848934162986753,-0.024499467436721045,-0.43929434558096003
8474600,Roman Josi,NSH,D,20252026,1685.6833333333334,0.5177142857142857,0.49093816631130066,0.4846088520255864,0.007413742193921269,-0.5068204260530035
8475158,Ryan O'Reilly,NSH,F,20252026,1618.0833333333333,0.4635135135135135,0.4969660194174757,0.5100026410390973,0.01266170162348823,0.11182219070567864
8476887,Filip Forsberg,NSH,F,20252026,1522.85,0.5103359173126615,0.49315849486887114,0.4894654716130572,0.009502339956966255,0.16514489828797543
8477497,Sean Monahan,CBJ,F,20252026,1324.7166666666667,0.4817073170731707,0.5140750670241286,0.5206110426338847,0.014129617002776151,0.8903934037955201
8478460,Zach Werenski,CBJ,D,20252026,1978.4333333333334,0.5573159366262814,0.5335613510047028,0.5130823668481325,0.029405399811377242,0.32004261187276806
8479371,Dante Fabbro,CBJ,D,20252026,1228.0,0.4736,0.486748545572075,0.496181265572075,-0.011465527526597186,-0.9721998934756814
8480893,Kirill Marchenko,CBJ,F,20252026,1426.5166666666667,0.648068669527897,0.5207456404088996,0.467840704786582,0.009027572600574851,-0.028514956530695693
8481716,Dmitri Voronkov,CBJ,F,20252026,877.2,0.6271186440677966,0.5269516728624535,0.48153218133702974,0.014976557182226014,-0.09024734462314443
8482482,Adam Wilsby,NSH,D,20252026,966.4166666666666,0.4294234592445328,0.49510603588907015,0.5203230339009985,0.015173489031918563,1.0854658159499597
8475287,Erik Haula,NSH,F,20252026,1347.6666666666667,0.4932330827067669,0.4747871643745907,0.47720498392346283,-0.00793653274154793,-0.44760776186778023
8476432,Boone Jenner,CBJ,F,20252026,1078.15,0.4816955684007707,0.505019305019305,0.5115594784297096,0.007668943986503363,-0.35085905886840213
8476539,Jonathan Marchessault,NSH,F,20252026,1030.5333333333333,0.5040160642570282,0.44937238493723847,0.44793744517820233,-0.033698900028168444,-0.42342055498152315
8476869,Brady Skjei,NSH,D,20252026,1829.9833333333333,0.4136413641364136,0.46832358674463936,0.4991795273386988,-0.012126569084060734,-0.5524626796234241
8476923,Damon Severson,CBJ,D,20252026,1496.8166666666666,0.48531139835487663,0.5391899000526039,0.5444381374204065,0.03579614955008559,1.4130595772145824
8478047,Michael Bunting,NSH,F,20252026,1071.6166666666666,0.5725190839694656,0.5056689342403629,0.4797578655380728,0.02175010136365174,-0.317284325488988
8478500,Ivan Provorov,CBJ,D,20252026,2028.2833333333333,0.46509341199606685,0.49783362218370886,0.5103057460775142,-0.001034526669744129,-0.18524650145844285
8480246,Nick Perbix,NSH,D,20252026,1487.6833333333334,0.470976253298153,0.45203905801263644,0.46240924270920636,-0.029423277044502427,-2.030948256738006
8482705,Cole Sillinger,CBJ,F,20252026,1224.85,0.45068285280728376,0.5063938618925832,0.5240148785845407,0.0033109553096886124,-0.7541284011293153
8484166,Adam Fantilli,CBJ,F,20252026,1540.3,0.6498599439775911,0.5186629526462395,0.4651179946630462,0.007623813770283205,-0.3391695465044647
8474564,Steven Stamkos,NSH,F,20252026,1436.1166666666666,0.4992947813822285,0.4896774193548387,0.4899293939669685,0.004500454278891175,0.2778350114802345
8475745,Charlie Coyle,CBJ,F,20252026,1477.6333333333334,0.37889039242219213,0.5068049254698639,0.5500773882574146,0.008500774488138907,0.8094555297758177
8475790,Erik Gudbranson,CBJ,D,20252026,658.5833333333334,0.38461538461538464,0.41011984021304926,0.4513467632899723,-0.08592406244470296,-3.3206822242007066
8479671,Mathieu Olivier,CBJ,F,20252026,867.9333333333333,0.40670859538784065,0.5281195079086116,0.5614525267765361,0.02619481321623518,0.13711023448679063
8481056,Spencer Stastney,EDM,D,20252026,1022.7333333333333,0.4990476190476191,0.5117647058823529,0.5121049915966386,0.01691280433816028,0.5028126452936641
8482111,Justin Barron,NSH,D,20252026,722.4,0.47214854111405835,0.49837486457204766,0.5083261908319946,0.013529258875959072,1.7311766177235657
8482660,Kent Johnson,CBJ,F,20252026,999.1166666666667,0.5235042735042735,0.502116850127011,0.4937187732039341,3.206100704278292e-05,-0.3826420360916754
8482768,Fedor Svechkov,NSH,F,20252026,827.4,0.5609756097560976,0.47876447876447875,0.45697789339862505,-0.0017551987189656781,-0.4410530290827749
8483485,Denton Mateychuk,CBJ,D,20252026,1433.6666666666667,0.5110132158590308,0.5098149186763881,0.5058798966499564,0.008693046550851014,-0.008047056791084172
8477425,Miles Wood,CBJ,F,20252026,638.1666666666666,0.38591549295774646,0.4476744186046512,0.4884368129708484,-0.043795637407465116,-1.4313468019680176
8477446,Michael McCarron,NSH,F,20252026,1108.0,0.2878228782287823,0.5034305317324185,0.5792414173412745,0.029177390324841235,1.9125280848727197
8479370,Tyson Jost,NSH,F,20252026,841.35,0.45153061224489793,0.4868686868686869,0.5041867991135849,0.007612531862097094,0.8549087126481809
8479944,Zachary Aston-Reese,CBJ,F,20252026,262.8,0.26356589147286824,0.4565916398713826,0.5410695468481268,-0.030316453983933955,-0.29444805029427257
8480806,Isac Lundeström,CBJ,F,20252026,837.0666666666667,0.3469387755102041,0.45295404814004375,0.5076428236502478,-0.03563030454398597,-0.3340986048337095
8482062,Cole Smith,NSH,F,20252026,836.4,0.2779291553133515,0.5201793721973094,0.5995252850038488,0.040833414525385026,2.0222300636431036
8476331,Dylan DeMelo,WPG,D,20252026,1736.4333333333334,0.5679287305122495,0.5040526849037488,0.47978174949172203,0.016242706984800237,-0.1592243997336374
8476460,Mark Scheifele,WPG,F,20252026,1736.45,0.6540469973890339,0.48870967741935484,0.433668685252253,-0.0027644298333093786,0.20977558924569886
8477504,Josh Morrissey,WPG,D,20252026,1879.1166666666666,0.6211640211640211,0.4884653961885657,0.44517349142666096,-0.003254447746924183,-0.6219188379585325
8478398,Kyle Connor,WPG,F,20252026,1736.9,0.6587926509186351,0.48845070422535214,0.4317140900521238,-0.002802393052848018,0.07127108436382498
8478420,Mikko Rantanen,DAL,F,20252026,1285.85,0.5695142378559463,0.4593929450369155,0.4345555078509859,-0.021931539545958334,-0.9948042269420871
8478449,Roope Hintz,DAL,F,20252026,913.1333333333333,0.4582392776523702,0.5133565621370499,0.5282776682318581,0.03205539547544867,1.8044109276845197
8479351,Sam Steel,DAL,F,20252026,1167.2666666666667,0.5438931297709924,0.47332185886402756,0.457638843596852,-0.0009924688154102634,-0.5619965145946171
8480014,Gabriel Vilardi,WPG,F,20252026,1518.1166666666666,0.6382978723404256,0.49011384062312763,0.44070001083589355,-0.003290174211948327,-0.029693934282275743
8480878,Nils Lundkvist,DAL,D,20252026,858.9666666666667,0.4418103448275862,0.48895292987512007,0.5097440936682235,0.010572393128564728,1.1662241073566646
8481581,Thomas Harley,DAL,D,20252026,1609.5833333333333,0.5053763440860215,0.47910704064109905,0.47718607289916354,0.001373572586946703,-0.30038791680041954
8473604,Jonathan Toews,WPG,F,20252026,1169.9833333333333,0.5671902268760908,0.4804597701149425,0.4564527020521153,-0.007546703742235483,-0.6264217513226427
8474679,Gustav Nyquist,WPG,F,20252026,645.4166666666666,0.5611510791366906,0.4777777777777778,0.45592849720223827,-0.006056412803020161,-0.7323122362845823
8475168,Matt Duchene,DAL,F,20252026,937.7,0.5544303797468354,0.4472843450479233,0.427836370364379,-0.03416411735583147,-1.4169987101561567
8475794,Tyler Seguin,DAL,F,20252026,447.3666666666667,0.42920353982300885,0.4375,0.46279557522123893,-0.03903740622116414,-0.5658570689457765
8476278,Colin Blackwell,DAL,F,20252026,832.7166666666667,0.3806646525679758,0.47843137254901963,0.5210698921864818,0.006898092285911761,0.049753919990167796
8476902,Esa Lindell,DAL,D,20252026,1902.85,0.48020434227330777,0.4971131639722864,0.5041861524780336,0.01612824142237701,-0.019260863299653548
8477938,Haydn Fleury,WPG,D,20252026,509.51666666666665,0.4946808510638298,0.41765704584040747,0.41955757775530106,-0.06423246349944073,-1.4439496173263182
8480036,Miro Heiskanen,DAL,D,20252026,1950.2833333333333,0.5537190082644629,0.5052893590541382,0.4860955574012456,0.02347878478451959,-0.29071575237904396
8480145,Neal Pionk,WPG,D,20252026,1155.85,0.5402061855670103,0.4921383647798742,0.47777269467678146,0.003949925518197173,-0.9342082991693145
8475799,Nino Niederreiter,WPG,F,20252026,824.3,0.41954022988505746,0.515778019586507,0.544526295448576,0.03328279799183753,2.0061512191958464
8480027,Jason Robertson,DAL,F,20252026,1656.8166666666666,0.4796380090497738,0.5113230035756854,0.5185983429422012,0.03238425502896031,1.778237778345109
8474568,Luke Schenn,WPG,D,20252026,683.9,0.4228187919463087,0.43005181347150256,0.45762865910908646,-0.054169743888550836,-0.6835155832134806
8476480,Vladislav Namestnikov,WPG,F,20252026,825.4833333333333,0.5196629213483146,0.5056179775280899,0.4985924157303371,0.01760909289269197,0.41317131857542205
8479378,Logan Stanley,WPG,D,20252026,1266.9333333333334,0.44661921708185054,0.47529706066291433,0.4943700143995691,-0.009672860655467408,0.774650294406709
8480113,Alex Iafallo,WPG,F,20252026,1232.4666666666667,0.5612431444241316,0.48496530454895914,0.4630831290462169,-0.005475885300476047,-0.7970614286099551
8480950,Ilya Lyubushkin,DAL,D,20252026,835.2833333333333,0.3713450292397661,0.44324324324324327,0.4892116642958748,-0.02986780145161566,-0.11752903098149056
8482740,Wyatt Johnston,DAL,F,20252026,1641.3,0.5326704545454546,0.4596235579842137,0.4479504045751228,-0.022340014319717993,-0.8046210904397729
8483425,Lian Bichsel,DAL,D,20252026,782.3333333333334,0.39692307692307693,0.46064814814814814,0.49747753276353274,-0.010502034343760513,0.37815186054071104
8482145,Mavrik Bourque,DAL,F,20252026,1268.1,0.468,0.5250529287226535,0.5364865287226536,0.04338178662021325,1.3226313227781192
8480289,Morgan Barron,WPG,F,20252026,830.5,0.2814207650273224,0.48050579557428874,0.5586041562300265,0.00856382797159111,1.5681525546375812
8476871,Tanner Pearson,WPG,F,20252026,618.6666666666666,0.30272108843537415,0.45897435897435895,0.5294621140763998,-0.016756268282066056,0.7968632434589631
8479414,Nathan Bastian,DAL,F,20252026,311.2,0.42142857142857143,0.49175824175824173,0.5198318131868132,0.014599726133837254,-0.15051075427305424
8476889,Radek Faksa,DAL,F,20252026,682.7,0.29545454545454547,0.45714285714285713,0.530226948051948,-0.01811847076153328,-0.0012619166868926696
8481043,Cole Koepke,WPG,F,20252026,679.2666666666667,0.3686131386861314,0.46675191815856776,0.513696443706013,-0.0086808275966202,-0.320725861684206
8484829,Justin Hryckowian,DAL,F,20252026,1077.1166666666666,0.42997542997543,0.49808429118773945,0.5231040700575184,0.020293605606708454,0.6450436574699262
8478474,Lawson Crouse,UTA,F,20252026,1326.3666666666666,0.5204855842185129,0.5223443223443224,0.5150248231030478,-0.006258149251282541,-0.9079401871690561
8478507,John Marino,UTA,D,20252026,1595.65,0.48727272727272725,0.5169263836646965,0.521473838210151,-0.01189685670096352,-0.3517102334639886
8478831,Kevin Stenlund,UTA,F,20252026,1140.8833333333334,0.31443298969072164,0.479014598540146,0.5453176913236512,-0.03824160618998407,0.2011083071313954
8479410,Mikhail Sergachev,UTA,D,20252026,1867.9666666666667,0.5077559462254395,0.5230524642289348,0.5202812646425853,-0.005438532118940631,-0.36726553578310583
8479977,Kailer Yamamoto,UTA,F,20252026,682.9833333333333,0.470404984423676,0.5319410319410319,0.5425153310064524,0.01103918012378724,0.3070458266492158
8477220,Nate Schmidt,UTA,D,20252026,1598.6666666666667,0.5205655526992288,0.5310765815760267,0.5237285095965922,0.003985625743883392,-0.024756707388814258
8477951,Nick Schmaltz,UTA,F,20252026,1598.0666666666666,0.6074270557029178,0.55359565807327,0.5152119710706176,0.018824025783526488,0.6259939387618889
8479343,Clayton Keller,UTA,F,20252026,1542.2666666666667,0.6485013623978202,0.560179257362356,0.5071197205776148,0.025352959170421907,0.49843775376266564
8480434,Sean Durzi,UTA,D,20252026,1154.8166666666666,0.5639810426540285,0.5322909585316111,0.5094305319913267,0.00013915459791979945,-0.29617110516294254
8480855,Jack McBain,UTA,F,20252026,1039.05,0.4681647940074906,0.5166139240506329,0.5279886431517565,-0.01447135540310407,-0.28585224740719
8482699,Dylan Guenther,UTA,F,20252026,1371.6333333333334,0.5118483412322274,0.5289473684210526,0.5247139560987777,-0.001306052790724599,0.36950183775663104
8483431,Logan Cooley,UTA,F,20252026,920.5833333333334,0.5574572127139364,0.5014354066985646,0.4809059445958751,-0.02999771295935083,-1.3256576660956396
8474013,Ian Cole,UTA,D,20252026,1479.6166666666666,0.4712460063897764,0.526774595267746,0.5370483971846789,0.0019801372090986202,0.36682142854791244
8482175,JJ Peterka,UTA,F,20252026,1290.1666666666667,0.5889464594127807,0.522697795071336,0.4909172251231494,-0.011157750992048188,-1.1754380179526185
8484386,Dmitri Simashev,UTA,D,20252026,410.7,0.5114155251141552,0.5038022813688213,0.4997235142455337,-0.022618313226197784,-1.10012651334974
8479293,Brandon Tanev,UTA,F,20252026,512.2,0.39473684210526316,0.5047169811320755,0.542327507447865,-0.007387099858901625,0.20149213977818456
8476874,Olli Määttä,CGY,D,20252026,723.2166666666667,0.5075528700906344,0.4993909866017052,0.4966923461183215,0.0003047914003213581,1.0311857264968372
8478444,Brock Boeser,VAN,F,20252026,1405.2,0.5,0.4376321353065539,0.4376321353065539,-0.022263674042961423,-0.7042916901809754
8478498,Jake DeBrusk,VAN,F,20252026,1340.1,0.4686064318529862,0.46036363636363636,0.4715805582625644,0.0006499999446946125,0.4076627138984233
8479425,Filip Hronek,VAN,D,20252026,2009.9,0.5288461538461539,0.4814483683504694,0.4711416375812386,0.01757262669521209,-0.2689017544969156
8480012,Elias Pettersson,VAN,F,20252026,1377.9333333333334,0.5029761904761905,0.45614035087719296,0.4550769580200501,-0.005262093803212908,-0.34146811383210196
8480800,Quinn Hughes,MIN,D,20252026,2037.6666666666667,0.5433526011560693,0.5294117647058824,0.5139218803128188,0.04065682944386323,0.6448787515106454
8483395,Arshdeep Bains,VAN,F,20252026,256.68333333333334,0.6,0.48493975903614456,0.4492097590361446,0.0065024767244836745,-1.4628000175777565
8474574,Tyler Myers,VAN,D,20252026,1425.9333333333334,0.4098883572567783,0.47086521483225424,0.5030621047844074,0.004504053591637969,0.19573279764228504
8478856,Conor Garland,VAN,F,20252026,1216.8333333333333,0.42408376963350786,0.4739099356683345,0.5010348047782821,0.009373538620810806,0.5323492829455748
8477969,Marcus Pettersson,VAN,D,20252026,1741.0166666666667,0.3740831295843521,0.4415851775604735,0.4865752753599845,-0.013385179461962604,-0.09032648723895234
8480748,Kiefer Sherwood,VAN,F,20252026,1221.7166666666667,0.4669260700389105,0.538403041825095,0.5502203570001923,0.07294316279130958,2.172026848372011
8482055,Drew O'Connor,VAN,F,20252026,1184.1666666666667,0.5135135135135135,0.47592463363572923,0.4710962552573509,0.014481728783381442,0.13255314124410067
8482691,Aatu Räty,VAN,F,20252026,780.05,0.41030927835051545,0.4628099173553719,0.49485641220073273,0.0008889721991316435,1.2633999784918934
8483678,Elias Pettersson,VAN,D,20252026,1033.6333333333334,0.42,0.43942992874109266,0.46801392874109266,-0.022340986672717555,0.021201344716620482
8475169,Evander Kane,VAN,F,20252026,1163.9833333333333,0.5274193548387097,0.4622132253711201,0.4524162898872491,-0.0058166451256200236,-1.35273600626434
8471817,Ryan Reaves,SJS,F,20252026,392.01666666666665,0.40540540540540543,0.42244897959183675,0.45624762824048537,-0.01582824113788872,-0.7484470480258882
8475200,Dmitry Orlov,SJS,D,20252026,1717.1166666666666,0.4799054373522459,0.49704777241009124,0.5042275596441338,0.04295617151943787,1.3350561567147143
8476624,Barclay Goodrow,SJS,F,20252026,930.1833333333333,0.33175355450236965,0.4174553101997897,0.47756976517609306,-0.022547365484544946,-0.2619636420952581
8478874,Adam Gaudette,SJS,F,20252026,758.1333333333333,0.35353535353535354,0.4431687715269805,0.4955005897087987,-0.0031257053955247027,0.48662648449836743
8482166,Shakir Mukhamadullin,SJS,D,20252026,851.8333333333334,0.4305239179954442,0.4357656731757451,0.4605894772759729,-0.01928915422913785,-1.1021364395993818
8475726,Tyler Toffoli,SJS,F,20252026,1199.2833333333333,0.4934426229508197,0.46153846153846156,0.4638814123581337,0.0003557850699276721,-0.30869916866433433
8477505,Alexander Wennberg,SJS,F,20252026,1637.9666666666667,0.39737991266375544,0.47464788732394364,0.5113140445291838,0.017594602515206947,0.4922249786910012
8479983,Mario Ferraro,SJS,D,20252026,1718.3166666666666,0.41002570694087404,0.4492208490059108,0.4813686639159365,0.002896799437857145,-0.4030365013565194
8480043,Timothy Liljegren,SJS,D,20252026,947.65,0.3873684210526316,0.41821743388834476,0.4584606970462395,-0.03019164640595451,-0.9254798223823334
8482667,William Eklund,SJS,F,20252026,1420.85,0.45718901453957994,0.49211788896504455,0.5074142540700526,0.03177197289406719,0.8583217101542456
8475181,Nick Leddy,SJS,D,20252026,572.9666666666667,0.5487012987012987,0.4427710843373494,0.4253701103113754,-0.012817422960180402,-1.07921159530697
8475906,John Klingberg,SJS,D,20252026,1128.1666666666667,0.5238938053097345,0.47086614173228347,0.4623288850951153,0.009518940277394583,-0.16663150096025084
8480798,Philipp Kurashev,SJS,F,20252026,650.1333333333333,0.3492647058823529,0.4367469879518072,0.4906047085400425,-0.010085622704289643,0.283763857395371
8484227,Will Smith,SJS,F,20252026,1251.7833333333333,0.6019736842105263,0.46863468634686345,0.4321994889784424,0.0029624900683304367,-0.44546526449726853
8484801,Macklin Celebrini,SJS,F,20252026,1743.6166666666666,0.5876543209876544,0.4693080357142857,0.4379891468253968,0.003704005332247795,-0.24641755954695815
8477018,Ben Hutton,VGK,D,20252026,802.25,0.6414141414141414,0.5092682926829268,0.4587410199556541,-0.013914578369816133,-0.8479234068491283
8484911,Collin Graf,SJS,F,20252026,1313.5,0.47315436241610737,0.44278234854151083,0.45237429485023567,-0.008714378370962894,-0.9415286189235963
8475784,Jeff Skinner,SJS,F,20252026,394.95,0.391304347826087,0.43043478260869567,0.4692717391304348,-0.009844481162963048,0.5931310956490072
8480848,Ty Dellandrea,SJS,F,20252026,651.35,0.312280701754386,0.3805309734513274,0.4476030787144853,-0.053332397577034174,0.002827115898484405
8475184,Chris Kreider,ANA,F,20252026,1256.35,0.6101694915254238,0.5560283687943263,0.5166648094722923,0.0177446475986216,0.20403050995893673
8475462,Radko Gudas,ANA,D,20252026,907.0833333333334,0.49502487562189057,0.516680227827502,0.5184578397678005,-0.005887784279584585,0.3381080748407918
8476457,Adam Larsson,SEA,D,20252026,1729.5166666666667,0.4480932203389831,0.4539249146757679,0.47247120704864926,0.004274208758346165,-0.748788452939641
8476905,Chandler Stephenson,SEA,F,20252026,1517.4833333333333,0.3147914032869785,0.39775561097256856,0.46393064257813116,-0.048466092479945266,-0.8931289882572337
8478407,Vince Dunn,SEA,D,20252026,1720.2,0.48500517063081694,0.4592039800995025,0.46456163263311157,0.006202897253251682,-0.3027687942096972
8478873,Troy Terry,ANA,F,20252026,1104.1833333333334,0.5571428571428572,0.5456769983686787,0.5252598555115358,0.007681064153739703,0.2034537424912784
8478975,Mason Marchment,CBJ,F,20252026,1184.1,0.6155268022181146,0.5026615969581749,0.46138387052564256,0.011203095460251666,0.14338349730323394
8481605,Jackson LaCombe,ANA,D,20252026,1946.15,0.4772256728778468,0.5392202912165336,0.547357558297279,0.013664301512430255,0.8638661066675102
8482751,Ryan Winterton,SEA,F,20252026,802.4,0.3726027397260274,0.45194274028629855,0.49746178138218894,0.0005861952192893205,-0.18662080895471697
8484153,Leo Carlsson,ANA,F,20252026,1316.8166666666666,0.6365384615384615,0.5604395604395604,0.5116543681318682,0.02188147180384281,0.0755054043418418
8476885,Jacob Trouba,ANA,D,20252026,1819.3,0.4868559411146162,0.5253704535249214,0.530066825764669,0.0012446385699639295,-0.3316082842129067
8482803,Olen Zellweger,ANA,D,20252026,1283.5,0.5548172757475083,0.5324899367452559,0.5129037241206712,0.010282005000385452,0.47143240675621406
8477986,Brandon Montour,SEA,D,20252026,1417.3,0.5135908440629471,0.484186313973548,0.479330305389857,0.02902899986188595,1.023134026228417
8479324,Ryan Lindgren,SEA,D,20252026,1376.2333333333333,0.4454022988505747,0.4475347661188369,0.46704252473952657,-0.007264040661967119,-0.9787136560474099
8482665,Matty Beniers,SEA,F,20252026,1553.65,0.5227272727272727,0.4718352513628104,0.4637147968173559,0.00838433767323482,0.2475608626572862
8482745,Mason McTavish,ANA,F,20252026,1128.3833333333334,0.5824372759856631,0.5324324324324324,0.502977593722755,0.002937507502097647,-0.6063547093876029
8484762,Beckett Sennecke,ANA,F,20252026,1410.85,0.5585585585585585,0.5239955357142857,0.5030725627413127,-0.007118570367414034,-0.6524724482954994
8477955,Jared McCann,SEA,F,20252026,852.65,0.5790754257907542,0.5025906735751295,0.4743370239400931,0.04276436598454375,0.5347180064352787
8483445,Cutter Gauthier,ANA,F,20252026,1280.55,0.5695142378559463,0.544529262086514,0.5196918249005843,0.013875515291613016,0.47778373340337366
8474586,Jordan Eberle,SEA,F,20252026,1449.8833333333334,0.5390625,0.48488664987405544,0.47092961862405547,0.022995141650794138,0.636229598099325
8481563,Drew Helleson,ANA,D,20252026,1019.15,0.5377532228360957,0.49922360248447206,0.4857343759651351,-0.023003678225304858,-0.7829836409533113
8483490,Pavel Mintyukov,ANA,D,20252026,1329.7666666666667,0.5023847376788553,0.5015365703749232,0.5006845036022681,-0.01991219648914,-0.8990779868573
8479372,Joshua Mahura,SEA,D,20252026,358.8666666666667,0.40718562874251496,0.4176334106728538,0.4507959855231532,-0.03898345056729552,-0.4717425414685028
8475768,Jaden Schwartz,SEA,F,20252026,801.85,0.44696969696969696,0.43666666666666665,0.4556143939393939,-0.009292213805991822,0.11156219947824828
8473986,Alex Killorn,ANA,F,20252026,1342.4,0.48376068376068376,0.5312075983717774,0.5370099060640852,0.01384347829529431,0.6381431218765254
8475798,Mikael Granlund,ANA,F,20252026,1117.4333333333334,0.458984375,0.5203111495246326,0.5349660323371327,-0.006652637487122526,0.437842056213801
8476467,Jamie Oleksiak,SEA,D,20252026,1321.0833333333333,0.4509466437177281,0.4612944162436548,0.47882118044331057,0.005535022017471469,0.5538679699517324
8478366,Frank Vatrano,ANA,F,20252026,591.2666666666667,0.4395973154362416,0.47137150466045274,0.49295338385508364,-0.04547769034041366,-1.0475603767610513
8480009,Eeli Tolvanen,SEA,F,20252026,1230.6833333333334,0.3785488958990536,0.42867332382310985,0.472067803318378,-0.012213613199721252,0.039078697910023455
8483524,Shane Wright,SEA,F,20252026,1001.8,0.6695095948827292,0.4746887966804979,0.41412301842889876,0.006712371610841372,-0.8860779657045131
8477527,Ross Johnston,ANA,F,20252026,605.1166666666667,0.40406976744186046,0.4676165803108808,0.5018924524039041,-0.04005542812515961,-0.4219927162590037
8477919,Frederick Gaudreau,SEA,F,20252026,1080.8,0.2623762376237624,0.42323651452282157,0.5081394848198513,-0.01893247200096565,0.22747265809118714
8480068,Ryan Poehling,ANA,F,20252026,1111.2,0.3974358974358974,0.4811320754716981,0.517778229317852,-0.03747922556886091,-1.0775036283616573
8481789,Tye Kartye,SEA,F,20252026,766.8666666666667,0.34726688102893893,0.46682750301568154,0.5213990464240417,0.004110411917448431,0.6154108209899022
8483497,Jani Nyman,SEA,F,20252026,283.75,0.704,0.4794520547945205,0.40656285479452053,0.012305702350785486,-1.7543089900513777
8484180,Samuel Honzek,CGY,F,20252026,222.15,0.3466666666666667,0.5714285714285714,0.6262145714285714,0.06736482956644374,1.4136893250073452
8480074,Alexandre Texier,MTL,F,20252026,696.1,0.44904458598726116,0.5059808612440191,0.5241872306707707,0.022544347159803635,0.7674590657348751
8484768,Zayne Parekh,CGY,D,20252026,617.7833333333333,0.7744107744107744,0.4864091559370529,0.38836218624008323,-0.015392193618540773,-2.6970047557521735
8482671,Owen Power,BUF,D,20252026,1776.1166666666666,0.49241540256709454,0.5135514018691589,0.5162613785319361,0.01980311394675016,0.11500130780270365
8482896,Tyson Kozak,BUF,F,20252026,518.6666666666666,0.2706766917293233,0.43423137876386686,0.5161685968089796,-0.04226853530330532,-0.29056513927271893
8480879,Jacob Bernard-Docker,DET,D,20252026,933.7666666666667,0.45849802371541504,0.4570175438596491,0.4718461999861313,-0.02759155683632386,-0.7406608671746179
8481013,Jonatan Berggren,STL,F,20252026,690.5166666666667,0.5127478753541076,0.4957472660996355,0.49119245023561287,0.01592939583248254,0.8771436958875668
8482090,Jack Finley,STL,F,20252026,413.03333333333336,0.32510288065843623,0.46756152125279643,0.5300522619935372,-0.018895131542541577,0.9544504049553197
8484304,Uvis Balinskis,FLA,D,20252026,883.45,0.5687203791469194,0.4875478927203065,0.46299410125111223,-0.02768328157716171,-1.4255466069554288
8483553,Marc Gatcomb,NYI,F,20252026,495.75,0.5228215767634855,0.5155993431855501,0.5074451938079567,0.02061764627320184,0.17506803195748905
8475810,Bryan Rust,PIT,F,20252026,1424.7333333333333,0.5874822190611664,0.4906054279749478,0.4593480311043931,-0.013561491656047864,-0.11983422636627782
8483733,Nikita Grebenkin,PHI,F,20252026,620.7666666666667,0.43434343434343436,0.4829467939972715,0.5064058849063624,0.006220060425708385,0.8738726922943452
8482117,Lukas Reichel,VAN,F,20252026,359.0,0.5364238410596026,0.4444444444444444,0.4314302060338484,-0.029707124158215747,-1.989967646929179
8482146,Luke Evangelista,NSH,F,20252026,1331.0,0.51875,0.5430379746835443,0.5363385996835442,0.05985192868103084,1.631129186921716
8476463,Jonas Brodin,MIN,D,20252026,1254.4166666666667,0.47938931297709925,0.5086816720257235,0.5160458704990059,0.02242819841515753,0.31678319352419704
8482470,Ilya Solovyov,PIT,D,20252026,383.0833333333333,0.4725274725274725,0.5827205882352942,0.5925365223012282,0.05627321153622056,3.014977013349583
8484806,Sam Dickinson,SJS,D,20252026,1181.7166666666667,0.4686971235194585,0.46944444444444444,0.4806289622109419,0.015185067457681278,0.41597723982310253
8481754,Nikita Nesterenko,ANA,F,20252026,356.0833333333333,0.4550561797752809,0.5011037527593819,0.517162179725674,-0.006203298058447104,1.2944705512109993
8480990,Declan Chisholm,WSH,D,20252026,356.8666666666667,0.44966442953020136,0.47478991596638653,0.4927748152952456,-0.026664104599010197,-0.3472699033534394
8481525,Matthew Robertson,NYR,D,20252026,1255.6333333333334,0.4712230215827338,0.4870086608927382,0.4972906752812274,0.017376288237413884,0.7464254005839039
8477947,Sonny Milano,WSH,F,20252026,275.3833333333333,0.5913978494623656,0.5405405405405406,0.5078840889276374,0.027653639133372154,-0.6056340360942838
8477380,Jonny Brodzinski,NYR,F,20252026,614.45,0.4489795918367347,0.4690265486725664,0.48725614050930105,0.0019107467982096282,0.1267101360982235
8482623,Josh Dunne,BUF,F,20252026,335.31666666666666,0.20714285714285716,0.5146341463414634,0.6192720034843205,0.0430053738648159,2.904052417957161
8482655,J.J. Moser,TBL,D,20252026,1696.8333333333333,0.5347721822541966,0.5541125541125541,0.5416884533931297,0.02609247697178063,-0.02203935356596546
8481606,Jordan Spence,OTT,D,20252026,1365.35,0.6757532281205165,0.6051856216853271,0.5423889932778665,0.05881234518881384,1.1795956313034615
8482095,Tyler Kleven,OTT,D,20252026,1213.3666666666666,0.5306122448979592,0.5418410041841004,0.5309032490820595,-0.002971540937334538,0.35295145727523153
8476525,Colin Miller,WPG,D,20252026,238.31666666666666,0.49107142857142855,0.4592833876221498,0.4624735661935784,-0.018603363991591515,-0.3879945972553559
8484158,Easton Cowan,TOR,F,20252026,968.1333333333333,0.5326876513317191,0.43633414436334145,0.42465484654251817,-0.013357351157581632,-0.8849390039670069
8474037,James van Riemsdyk,DET,F,20252026,846.8666666666667,0.44801980198019803,0.47874493927125505,0.4973174640237303,-0.011019485203131063,0.344348109534117
8482126,Emil Andrae,PHI,D,20252026,940.7,0.5592841163310962,0.4875222816399287,0.46634006687482804,0.004502024648325054,0.24745079566705833
8481161,Jake Christiansen,CBJ,D,20252026,401.75,0.4583333333333333,0.5118829981718465,0.5267704981718465,0.01423691545412209,1.3243476851720082
8483768,Victor Mancini,VAN,D,20252026,330.6666666666667,0.5238095238095238,0.37349397590361444,0.36498683304647156,-0.09013491492759501,-2.942952611599464
8483525,Danila Yurov,MIN,F,20252026,970.7166666666667,0.5471311475409836,0.47908121410992616,0.4622412550935327,-0.007355021565084052,-0.9690052861329268
8480849,Barrett Hayton,UTA,F,20252026,1013.7833333333333,0.45901639344262296,0.5460346399270738,0.5606780825500246,0.01474698436455868,1.6824898531420698
8479619,Michael Carcone,UTA,F,20252026,989.1,0.47046843177189407,0.5615384615384615,0.5720900908663638,0.037139958355554614,1.7693403207319567
8482103,Ozzy Wiesblatt,NSH,F,20252026,397.56666666666666,0.27403846153846156,0.4572072072072072,0.5379432648995148,-0.021100992354893267,0.6426316696008043
8479442,Troy Stecher,TOR,D,20252026,1225.3166666666666,0.43018867924528303,0.4466145833333333,0.47155816823899366,0.005673571778637476,-0.11069881917217779
8478458,Jack Roslovic,EDM,F,20252026,1070.7666666666667,0.5825771324863884,0.5113475177304965,0.4818427082931099,0.002446091244510673,-0.7020391350912318
8481133,Cole Reinhardt,VGK,F,20252026,628.3,0.4489051094890511,0.4347258485639687,0.4529820529435307,-0.0645097396373201,-1.4664825216673412
8475755,Alexander Petrovic,DAL,D,20252026,829.2333333333333,0.391304347826087,0.45142296368989204,0.4902599202116312,-0.024181752443240556,-0.04567787012212793
8476422,Mike Reilly,CAR,D,20252026,628.55,0.6619318181818182,0.5809178743961353,0.5230596357597717,-0.016665650857094705,-0.5245888752142559
8485402,Michael Misa,SJS,F,20252026,562.1833333333333,0.48161764705882354,0.4724186704384724,0.4789866851443548,0.008783857183712107,-1.2512692116436706
8476873,Mark Jankowski,CAR,F,20252026,760.25,0.5938864628820961,0.5977142857142858,0.5641686525265128,0.008748354841280004,1.4963970735292873
8477365,Connor Clifton,PIT,D,20252026,838.8833333333333,0.37341772151898733,0.5029880478087649,0.5482158959100307,0.003665171062657624,0.7958065612456144
8484145,Zach Benson,BUF,F,20252026,1045.8166666666666,0.47629310344827586,0.524451939291737,0.532922413429668,0.02789360279639641,0.5471764848331793
8480208,Drake Batherson,OTT,F,20252026,1361.8333333333333,0.6797274275979557,0.5522074281709881,0.48799081829023855,-0.001576775352649884,-0.6632741550488449
8481593,Jayden Struble,MTL,D,20252026,829.9166666666666,0.5833333333333334,0.49706457925636005,0.46728957925636005,0.002115618096333316,-0.05485300023091133
8481237,Kyle MacLean,NYI,F,20252026,622.65,0.4897959183673469,0.495364238410596,0.49901015677794297,0.0006391062189870511,-0.0318155539958988
8481546,Cam York,PHI,D,20252026,1659.75,0.477088948787062,0.4852752880921895,0.49346140669057226,0.0021593392168339776,-0.2506309162412086
8482475,Egor Chinakhov,PIT,F,20252026,966.4666666666667,0.5995623632385121,0.4887029288702929,0.45312929648517253,-0.01495121753831663,-0.6588414226528477
8477454,Adam Erne,DAL,F,20252026,450.3,0.3972602739726027,0.4678714859437751,0.5045803900533641,-0.00411342982413726,-0.044792215577655954
8484136,Max Sasson,VAN,F,20252026,769.7333333333333,0.5387453874538746,0.48468848996832103,0.47084476303105166,0.019206949144369767,-0.23627667808247582
8481024,Linus Karlsson,VAN,F,20252026,972.3,0.47030878859857483,0.5153488372093024,0.5259575070430316,0.05867390084292767,2.8336666212788915
8479705,Jeffrey Viel,ANA,F,20252026,525.2833333333333,0.468013468013468,0.5533249686323714,0.5647537565111592,0.0366015698346388,0.5760363509157675
8482726,Samuel Helenius,LAK,F,20252026,414.81666666666666,0.3541666666666667,0.4942084942084942,0.5463147442084942,-0.015042335255529005,0.16651865829969598
8476927,Teddy Blueger,VAN,F,20252026,561.4833333333333,0.2883895131086142,0.4437299035369775,0.5193383305032696,-0.0016871392756715453,1.365481867156469
8482861,Vincent Iorio,SJS,D,20252026,424.9,0.5080213903743316,0.436399217221135,0.4335331744403863,-0.017538979958741874,-1.049011165229671
8479576,Vincent Desharnais,SJS,D,20252026,965.1166666666667,0.3905882352941176,0.465625,0.5047178235294117,0.011407219467486851,-0.19166474808452627
8477070,Liam O'Brien,UTA,F,20252026,335.51666666666665,0.4722222222222222,0.49770642201834864,0.5076314220183487,-0.014010659002196224,-0.9907063772768762
8480871,Adam Boqvist,NYI,D,20252026,367.3666666666667,0.6331360946745562,0.4396728016359918,0.3921032750087729,-0.05739393973905743,-2.6437043014084685
8477508,Curtis Lazar,EDM,F,20252026,391.15,0.3173913043478261,0.4602510460251046,0.5254971329816264,-0.030199102211362572,1.5558061724486343
8479985,Cale Fleury,SEA,D,20252026,358.98333333333335,0.3515151515151515,0.4337899543378995,0.4868435907015359,-0.01623649183616227,0.5995899578442724
8480813,Joe Veleno,MTL,F,20252026,738.0833333333334,0.438953488372093,0.4912751677852349,0.5130870863898861,0.005877376446786098,-0.2358808660901719
8475752,Tyler Pitlick,MIN,F,20252026,248.73333333333332,0.2706766917293233,0.4328767123287671,0.5148139303738799,-0.021912570040266588,0.9755007994950828
8482516,Matthew Kessel,STL,D,20252026,364.6166666666667,0.554140127388535,0.4646924829157175,0.44534821539979397,-0.015132141287907408,-0.17611368919431916
8483565,Nick Blankenburg,NSH,D,20252026,1006.6166666666667,0.4930232558139535,0.5178268251273345,0.5203196158250089,0.025706525168162075,0.8069557132262904
8481556,John Beecher,CGY,F,20252026,365.1333333333333,0.30985915492957744,0.4382284382284382,0.5061657621721002,-0.03797023113303277,0.4231590508798877
8482947,Zakhar Bardakov,COL,F,20252026,420.75,0.48826291079812206,0.5529197080291971,0.5571133700010281,-0.004302630605307889,-0.9187898412210145
8476456,Jonathan Huberdeau,CGY,F,20252026,902.9166666666666,0.6764091858037579,0.5164718384697131,0.4534408363820304,0.010675247920214792,0.04819064716308029
8482125,Alexander Holtz,VGK,F,20252026,332.46666666666664,0.52046783625731,0.4529262086513995,0.44561305075666263,-0.0581734380127506,-0.9835272675227273
8482178,Ian Moore,ANA,D,20252026,905.7,0.4569672131147541,0.5192472198460223,0.5346228346001206,0.0015255071419768562,0.7287657998029259
8482172,Landon Slaggert,CHI,F,20252026,561.0,0.40444444444444444,0.43211920529801323,0.46626120529801324,-0.019507469604588767,-1.4826304503966672
8480259,Ben Jones,MIN,F,20252026,247.28333333333333,0.2366412213740458,0.40974212034383956,0.503840211946893,-0.04049895565469103,0.7828194530096771
8484800,Berkly Catton,SEA,F,20252026,837.7333333333333,0.7034313725490197,0.4864359214218896,0.4137498920101249,0.020371613159273494,-1.4672008753610106
8484305,Zach Metsa,BUF,D,20252026,483.51666666666665,0.4691358024691358,0.46226415094339623,0.47329192872117404,-0.03344894636388834,-2.434603009035335
8483471,Brad Lambert,WPG,F,20252026,257.43333333333334,0.5106382978723404,0.46598639455782315,0.4621853307280359,-0.015915901452969505,0.00954906083633323
8478013,Jake Walman,EDM,D,20252026,972.7,0.5665322580645161,0.4873881204231082,0.46361614461665657,-0.017165599403527576,-0.9968453841372361
8480058,Pierre-Olivier Joseph,VAN,D,20252026,412.45,0.5333333333333333,0.5063520871143375,0.49444208711433757,0.04487426040370723,1.9724488372951068
8483573,Ethen Frank,WSH,F,20252026,757.1666666666666,0.32732732732732733,0.47811816192560175,0.5398141078715477,-0.017035022287146595,0.9577451402940327
8483570,Ben Meyers,SEA,F,20252026,606.2,0.2134387351778656,0.47717231222385864,0.5795606521448072,0.032650285426019776,2.533521563319763
8470621,Corey Perry,LAK,F,20252026,982.3666666666667,0.5938303341902313,0.4827586206896552,0.44923304228348554,-0.04065998417908612,-1.894514594317686
8476474,Stefan Noesen,NJD,F,20252026,458.26666666666665,0.4791666666666667,0.4555984555984556,0.46304220559845555,-0.03859327686317732,0.13436640463419347
8483500,Noah Ostlund,BUF,F,20252026,855.3,0.5833333333333334,0.5243296921549155,0.49455469215491554,0.022801280677006763,-0.5132541783104742
8483752,Dominic James,TBL,F,20252026,526.5666666666667,0.5630630630630631,0.5209677419354839,0.4984353095030515,0.004077599228760498,0.653043907828225
8476897,Oskar Sundqvist,STL,F,20252026,674.5666666666667,0.2823920265780731,0.4062992125984252,0.4840505415020797,-0.055834380320384736,-0.8072982622788192
8484241,Matthew Wood,NSH,F,20252026,863.3666666666667,0.6136363636363636,0.4618320610687023,0.42122978834142955,-0.02558979270092593,-1.489725482650727
8482911,Joel Nystrom,CAR,D,20252026,577.0666666666667,0.651685393258427,0.5804289544235925,0.5262317634123566,-0.017048899564243047,-0.5247187142678688
8479026,Philippe Myers,TOR,D,20252026,568.8833333333333,0.4085603112840467,0.4289655172413793,0.46163691801958945,-0.008775218201963975,-0.2569619753010417
8476878,Zemgus Girgensons,TBL,F,20252026,1092.8666666666666,0.3800383877159309,0.5081127241673783,0.5509750082364762,-0.011000761221412247,-1.1529281375495444
8480426,Charle-Edouard D'Astous,TBL,D,20252026,1311.4,0.5164473684210527,0.5218253968253969,0.5159487520885547,0.0011545086107603852,0.10492074882082773
8481655,Cole Schwindt,FLA,F,20252026,300.3333333333333,0.5116279069767442,0.48220064724919093,0.47804599608640025,-0.019879678866719153,-0.12990046219961665
8479980,Nicolas Hague,NSH,D,20252026,1233.45,0.4557165861513688,0.4762845849802372,0.4921070487483531,-0.007443582281397132,0.06379782969256653
8480840,Oskar Bäck,DAL,F,20252026,895.8,0.35202492211838005,0.5114795918367347,0.5643510871638375,0.035155867327590684,1.362397167252673
8480891,Michael Kesselring,BUF,D,20252026,471.1,0.5166666666666667,0.5130568356374808,0.5071018356374808,0.017779611017939623,0.2425156594217731
8478424,Jansen Harkins,ANA,F,20252026,421.98333333333335,0.4336283185840708,0.4892086330935252,0.5129232348634367,-0.01647707535343418,0.63566067276376
8479393,Noah Gregor,FLA,F,20252026,354.6,0.543010752688172,0.4722222222222222,0.45685448028673836,-0.02450269949497086,-0.38603302537548556
8481219,Jonathan Aspirot,BOS,D,20252026,1021.95,0.45373665480427045,0.4796686746987952,0.4961985679372294,-0.005802967869664277,-0.2892242768450006
8478476,Kyle Capobianco,DAL,D,20252026,400.8666666666667,0.5423728813559322,0.5102880658436214,0.49514823533514685,0.02728725310380392,-0.36594662579886483
8477996,Juho Lammikko,NJD,F,20252026,239.3,0.5086206896551724,0.40498442367601245,0.40190425126221935,-0.07649505178786026,-3.09564084634511
8484240,Tom Willander,VAN,D,20252026,1168.4333333333334,0.4714828897338403,0.42689199118295373,0.4370811546810526,-0.03186785484802512,-1.066552916197637
8478413,Jordan Greenway,BUF,F,20252026,497.1166666666667,0.3130434782608696,0.4632867132867133,0.5300862785041046,-0.01572515953915332,-1.1513811139686558
8484164,Dalibor Dvorsky,STL,F,20252026,1000.6833333333333,0.5699152542372882,0.480365296803653,0.4553845764646699,-0.003915077334188943,-0.8043495208065641
8484221,Calum Ritchie,NYI,F,20252026,875.3,0.601078167115903,0.4569672131147541,0.42085198400424195,-0.037865848590870055,-1.5544093471907943
8482765,Isak Rosen,WPG,F,20252026,425.1666666666667,0.553072625698324,0.4715447154471545,0.4525818662851433,-0.014272752470977534,-1.4428185946945493
8479395,Dennis Cholowski,NJD,D,20252026,248.66666666666666,0.4166666666666667,0.4666666666666667,0.49644166666666667,-0.02972939325105156,0.9332149013263432
8481554,Kaapo Kakko,SEA,F,20252026,914.4333333333333,0.6111111111111112,0.4626998223801066,0.4229998223801066,0.0016759435754286067,-0.8916721767195733
8484197,Oliver Moore,CHI,F,20252026,648.75,0.5471698113207547,0.47631241997439183,0.4594586463894862,0.022715213289529024,-0.3476478498279596
8476392,Adam Lowry,WPG,F,20252026,1028.5,0.3836363636363636,0.5048372911169745,0.5464140183897018,0.020060736244983668,0.48068423909317987
8476872,Scott Laughton,TOR,F,20252026,904.75,0.1895424836601307,0.4590952839268527,0.5700217545150881,0.0020834417295980123,0.6869491052629979
8482165,Yan Kuznetsov,CGY,D,20252026,1145.25,0.5392491467576792,0.48897795591182364,0.4749542357753049,-0.009753774495408873,-0.19288475486518636
8478046,Danton Heinen,CBJ,F,20252026,523.8166666666667,0.4,0.536547433903577,0.572277433903577,0.041873544398643714,1.9153735718639617
8477435,Ryan Graves,PIT,D,20252026,336.68333333333334,0.43506493506493504,0.5384615384615384,0.5616628371628372,0.022934683734514016,0.05396750564333544
8482094,Daemon Hunt,MIN,D,20252026,397.71666666666664,0.4083769633507853,0.4036144578313253,0.4363513688260897,-0.06817990162885795,-2.341546858083305
8482877,Jaroslav Chmelar,NYR,F,20252026,256.23333333333335,0.47706422018348627,0.49696969696969695,0.5051646510981374,0.019706711281771205,0.4442505077526661
8475692,Mats Zuccarello,MIN,F,20252026,1097.3166666666666,0.6029411764705882,0.5126382306477093,0.4758573482947681,0.00935752213679153,-0.12007362816601205
8478841,Colton White,NJD,D,20252026,293.93333333333334,0.5220588235294118,0.4672131147540984,0.4593314971070395,-0.03217311939739326,-1.2121626768637042
8475763,Kevin Hayes,PIT,F,20252026,350.1,0.5086705202312138,0.5281173594132029,0.5250193825345902,0.013540249100304047,0.3339018139837282
8479336,Carl Grundstrom,PHI,F,20252026,571.75,0.47410358565737054,0.4546925566343042,0.4639453454789257,-0.025333727411876172,-1.105875278647145
8482634,Alex Steeves,BOS,F,20252026,513.0833333333334,0.4743083003952569,0.5141430948419301,0.5233227391107048,0.027747342578377576,1.6466437359236443
8482858,Ryker Evans,SEA,D,20252026,1165.6666666666667,0.48131868131868133,0.46370683579985905,0.4703816709646942,0.005158824815233609,0.004091690796919172
8484160,Nate Danielson,DET,F,20252026,309.48333333333335,0.4748201438848921,0.493368700265252,0.50236546285518,-0.002454831491584708,-1.0134499811459288
8480084,Nick DeSimone,UTA,D,20252026,552.0666666666667,0.5212765957446809,0.5494978479196556,0.5418957202600811,0.020130306337920678,0.8215132455663354
8482149,Cole Perfetti,WPG,F,20252026,1041.1,0.5465587044534413,0.5103986135181976,0.493763188416983,0.02061950986895128,0.8950435072444132
8484210,Gabe Perreault,NYR,F,20252026,781.8833333333333,0.5177664974619289,0.45634095634095634,0.44999298679780914,-0.02666075554868952,-1.5005540632672631
8477406,Mattias Janmark,EDM,F,20252026,512.3,0.3783783783783784,0.4636363636363636,0.507091769041769,-0.03449084570067795,-0.8214000791327258
8477149,Scott Sabourin,TBL,F,20252026,206.76666666666668,0.4235294117647059,0.47330960854092524,0.5006325497173958,-0.04089155082707702,0.2530057597347894
8476458,Ryan Strome,ANA,F,20252026,677.7666666666667,0.5427728613569321,0.49480968858131485,0.479526945218483,-0.008826587313645384,0.4523619395663181
8483890,Braeden Bowman,VGK,F,20252026,763.7833333333333,0.6,0.5112612612612613,0.4755312612612613,-0.014129436235141624,-1.2374328527372322
8480049,Dylan Samberg,WPG,D,20252026,1415.9833333333333,0.45063694267515925,0.5202788339670469,0.5379162543492125,0.03685114937323836,1.1695348371722896
8475786,Zach Hyman,EDM,F,20252026,1143.2666666666667,0.6233766233766234,0.517655897821187,0.4735734302887195,-0.006285656910326787,-0.012316605484586263
8482859,Zack Ostapchuk,SJS,F,20252026,581.8666666666667,0.3543859649122807,0.45439469320066334,0.5064225879375055,0.01764920667873865,0.8503698260480897
8482666,Scott Morrow,NYR,D,20252026,454.4,0.5,0.4873096446700508,0.4873096446700508,0.012061843070388822,0.873994269970151
8480144,David Kampf,VAN,F,20252026,589.5333333333333,0.3953488372093023,0.4839650145772595,0.5213568750423758,0.023381412955729597,1.0323961495695197
8484901,Jacob Quillan,TOR,F,20252026,236.2,0.32967032967032966,0.3925619834710744,0.45342077467986563,-0.03528155972242214,-0.8287938907357264
8483398,Declan Carlile,TBL,D,20252026,620.7,0.5684210526315789,0.4724186704384724,0.44797182833320925,-0.0508307757971837,-1.5247132797982044
8473994,Jamie Benn,DAL,F,20252026,798.2666666666667,0.5343511450381679,0.458628841607565,0.4463551774854276,-0.022057297732687442,-1.0031779673480044
8477426,Nick Paul,TBL,F,20252026,697.7666666666667,0.47289156626506024,0.5013550135501355,0.5110408569236294,-0.01738285497391112,0.4524352525935665
8483676,Stephen Halliday,OTT,F,20252026,256.46666666666664,0.5922330097087378,0.5486381322957199,0.5156832779267879,0.0069200717361151964,-1.0805113922063396
8476867,Brendan Gaunce,CBJ,F,20252026,297.56666666666666,0.3028169014084507,0.5092592592592593,0.5797127803860198,0.025139228706029915,1.6628084525146705
8481477,Nico Sturm,MIN,F,20252026,547.7166666666667,0.32945736434108525,0.4622792937399679,0.5232141774608982,-0.006937723299314358,0.9422744592696503
8483510,Elias Salomonsson,WPG,D,20252026,574.8,0.49185667752442996,0.49726027397260275,0.5001698830931239,0.007728391723268613,0.15233066264503248
8483513,Reid Schaefer,NSH,F,20252026,444.8333333333333,0.39473684210526316,0.42248722316865417,0.46009774948444365,-0.0577710649636895,-2.2597721290540247
8483487,Rutger McGroarty,PIT,F,20252026,288.56666666666666,0.6111111111111112,0.5738636363636364,0.5341636363636363,0.0517213930367344,0.2667715159009112
8483630,Pavol Regenda,SJS,F,20252026,311.3666666666667,0.35036496350364965,0.47413793103448276,0.5276025295746287,0.02166885391635076,1.4194902780490788
8484388,Daniil But,UTA,F,20252026,361.6166666666667,0.5906432748538012,0.5495283018867925,0.5171414597815293,0.016753307825581598,-0.18618733550162278
8481535,Nils Hoglander,VAN,F,20252026,426.8,0.5747663551401869,0.4725274725274725,0.4458134538358837,0.012333542956570631,0.13268614649530555
8484150,Hunter Brzustewicz,CGY,D,20252026,531.1166666666667,0.5847457627118644,0.4758942457231726,0.44561458470622345,-0.0189695600798106,-0.013344746789364838
8477952,Robby Fabbri,STL,F,20252026,248.95,0.4166666666666667,0.4735099337748344,0.5032849337748344,0.0004084485125581683,0.6210878950997636
8484185,Nick Lardis,CHI,F,20252026,516.0833333333334,0.5848214285714286,0.4688581314878893,0.4385514350593179,0.017222478661263196,-0.16545319163575986
8482874,Jacob Melanson,SEA,F,20252026,337.2,0.3389830508474576,0.5127020785219399,0.5702334344541433,0.06481922293327846,2.8125348512523543
8477499,Rasmus Ristolainen,PHI,D,20252026,941.0833333333334,0.42954545454545456,0.4805327868852459,0.505706195976155,-0.0030033309714588285,-0.12427265179412557
8481030,Jack St. Ivany,PIT,D,20252026,326.51666666666665,0.4578313253012048,0.477751756440281,0.4928186239101605,-0.02711137107517303,-1.356490495135352
8484994,Igor Chernyshov,SJS,F,20252026,406.23333333333335,0.5796460176991151,0.5079051383399209,0.4794476162160271,0.03508303349952313,0.7021139796026865
8484230,Otto Stenberg,STL,F,20252026,437.28333333333336,0.43612334801762115,0.4567404426559356,0.4795635704092396,-0.01854712182781254,0.19710336564734074
8477021,Alexander Kerfoot,UTA,F,20252026,418.78333333333336,0.41379310344827586,0.5162037037037037,0.5470054278416348,-0.0024343430237314667,-0.09133621654979564
8484142,Denver Barkey,PHI,F,20252026,577.8166666666667,0.4889705882352941,0.5292153589315526,0.533156167755082,0.040581873605226026,1.3166659728360475
8483406,Taylor Ward,LAK,F,20252026,334.71666666666664,0.3274336283185841,0.5011764705882353,0.5628344351900052,-0.010569065106517006,0.923178786305924
8485512,Tim Washe,ANA,F,20252026,461.3333333333333,0.32793522267206476,0.49902534113060426,0.5605040860698756,-0.014173124309539653,0.09539521404163723
8480192,Johnathan Kovacevic,NJD,D,20252026,607.4666666666667,0.40460526315789475,0.5045632333767927,0.5386477728504768,-0.008877107117646887,1.59174272373637
8481600,Tobias Bjornfot,FLA,D,20252026,269.6666666666667,0.4700854700854701,0.5016835016835017,0.5123719632219633,-0.004250441500238122,0.9915602780395154
8479314,Matthew Tkachuk,FLA,F,20252026,565.05,0.5508474576271186,0.540495867768595,0.5223280711584255,0.020922409403727804,1.773299244222711
8484177,Lenni Hameenaho,NJD,F,20252026,401.98333333333335,0.41700404858299595,0.5056818181818182,0.5353362716231138,-0.008743129078619849,0.6523879666823807
8481028,Martin Pospisil,CGY,F,20252026,223.33333333333334,0.504950495049505,0.47735191637630664,0.47558310449511854,-0.009465262239537087,1.747888757243505
8483756,Jared Wright,LAK,F,20252026,252.28333333333333,0.2676056338028169,0.5307262569832403,0.6137607640254938,0.03054112760658545,1.2003296378871438
8484509,Josh Samanski,EDM,F,20252026,239.3,0.5299145299145299,0.4979919678714859,0.4873035063330244,0.0020436224479982723,-0.5395385247385912
8484938,Arttu Hyry,DAL,F,20252026,235.51666666666668,0.42452830188679247,0.5,0.526966037735849,0.0177262044842047,-0.19605651623570242
8482742,Zachary L'Heureux,NSH,F,20252026,318.0,0.38857142857142857,0.4708994708994709,0.5107128994708995,-0.0024121181409899606,1.877109964105576
8477931,Tomas Nosek,FLA,F,20252026,296.4,0.5491803278688525,0.45482866043613707,0.43725652928859604,-0.04565233488889131,-2.5082755388381055
8482715,Ryan Ufko,NSH,D,20252026,229.41666666666666,0.5887850467289719,0.42402826855123676,0.3923053713549751,-0.05957629918605589,-1.4140098347201486
8483731,Alex Bump,PHI,F,20252026,216.91666666666666,0.5925925925925926,0.43529411764705883,0.40221078431372553,-0.050343088614953346,-2.0921445294595977
8480870,Bo Groulx,TOR,F,20252026,204.0,0.3108108108108108,0.31277533039647576,0.38037262769377306,-0.11336873317495932,-3.7074594642535463
8484188,Theo Lindstein,STL,D,20252026,268.21666666666664,0.47183098591549294,0.5045317220543807,0.514596510786775,0.024259540108932387,0.672627971584258
8482107,Mike Benning,FLA,D,20252026,305.15,0.5099337748344371,0.4948717948717949,0.4913224571234505,-0.003898184913572189,1.0803159972567093
8484873,Cole Hutson,WSH,D,20252026,244.4,0.5454545454545454,0.5,0.4837590909090909,0.0022339225527207573,1.259744843472392
8485391,Anton Frondell,CHI,F,20252026,212.31666666666666,0.45714285714285713,0.3938223938223938,0.40913525096525094,-0.05469495530431695,-2.8712385784170937
